5.000000e+00 1.000000e-03 0.000000e+00
5.000000e+00 1.079801e-03 0.000000e+00
5.000000e+00 1.165970e-03 0.000000e+00
5.000000e+00 1.259016e-03 0.000000e+00
5.000000e+00 1.359487e-03 0.000000e+00
5.000000e+00 1.467975e-03 0.000000e+00
5.000000e+00 1.585121e-03 0.000000e+00
5.000000e+00 1.711615e-03 0.000000e+00
5.000000e+00 1.848204e-03 0.000000e+00
5.000000e+00 1.995693e-03 0.000000e+00
5.000000e+00 2.154951e-03 0.000000e+00
5.000000e+00 2.326918e-03 0.000000e+00
5.000000e+00 2.512609e-03 0.000000e+00
5.000000e+00 2.713117e-03 0.000000e+00
5.000000e+00 2.929627e-03 0.000000e+00
5.000000e+00 3.163414e-03 0.000000e+00
5.000000e+00 3.415858e-03 0.000000e+00
5.000000e+00 3.688447e-03 0.000000e+00
5.000000e+00 3.982789e-03 0.000000e+00
5.000000e+00 4.300619e-03 0.000000e+00
5.000000e+00 4.643813e-03 0.000000e+00
5.000000e+00 5.014394e-03 0.000000e+00
5.000000e+00 5.414548e-03 0.000000e+00
5.000000e+00 5.846635e-03 0.000000e+00
5.000000e+00 6.313202e-03 0.000000e+00
5.000000e+00 6.817002e-03 0.000000e+00
5.000000e+00 7.361006e-03 0.000000e+00
5.000000e+00 7.948422e-03 0.000000e+00
5.000000e+00 8.582714e-03 0.000000e+00
5.000000e+00 9.267624e-03 0.000000e+00
5.000000e+00 1.000719e-02 0.000000e+00
5.000000e+00 1.080577e-02 0.000000e+00
5.000000e+00 1.166809e-02 0.000000e+00
5.000000e+00 1.259921e-02 0.000000e+00
5.000000e+00 1.360464e-02 0.000000e+00
5.000000e+00 1.469030e-02 0.000000e+00
5.000000e+00 1.586261e-02 0.000000e+00
5.000000e+00 1.712846e-02 0.000000e+00
5.000000e+00 1.849533e-02 0.000000e+00
5.000000e+00 1.997127e-02 0.000000e+00
5.000000e+00 2.156500e-02 0.000000e+00
5.000000e+00 2.328591e-02 0.000000e+00
5.000000e+00 2.514415e-02 0.000000e+00
5.000000e+00 2.715068e-02 0.000000e+00
5.000000e+00 2.931733e-02 0.000000e+00
5.000000e+00 3.165689e-02 0.000000e+00
5.000000e+00 3.418314e-02 0.000000e+00
5.000000e+00 3.691099e-02 0.000000e+00
5.000000e+00 3.985652e-02 0.000000e+00
5.000000e+00 4.303711e-02 0.000000e+00
5.000000e+00 4.647152e-02 0.000000e+00
5.000000e+00 5.017999e-02 0.000000e+00
5.000000e+00 5.418441e-02 0.000000e+00
5.000000e+00 5.850838e-02 0.000000e+00
5.000000e+00 6.317741e-02 0.000000e+00
5.000000e+00 6.821903e-02 0.000000e+00
5.000000e+00 7.366298e-02 0.000000e+00
5.000000e+00 7.954136e-02 0.000000e+00
5.000000e+00 8.588885e-02 0.000000e+00
5.000000e+00 9.274286e-02 0.000000e+00
5.000000e+00 1.001438e-01 0.000000e+00
5.000000e+00 1.081354e-01 0.000000e+00
5.000000e+00 1.167647e-01 0.000000e+00
5.000000e+00 1.260827e-01 0.000000e+00
5.000000e+00 1.361442e-01 0.000000e+00
5.000000e+00 1.470087e-01 0.000000e+00
5.000000e+00 1.587401e-01 0.000000e+00
5.000000e+00 1.714077e-01 0.000000e+00
5.000000e+00 1.850862e-01 0.000000e+00
5.000000e+00 1.998563e-01 0.000000e+00
5.000000e+00 2.158051e-01 0.000000e+00
5.000000e+00 2.330265e-01 0.000000e+00
5.000000e+00 2.516223e-01 0.000000e+00
5.000000e+00 2.717020e-01 0.000000e+00
5.000000e+00 2.933841e-01 0.000000e+00
5.000000e+00 3.167964e-01 0.000000e+00
5.000000e+00 3.420771e-01 0.000000e+00
5.000000e+00 3.693752e-01 0.000000e+00
5.000000e+00 3.988518e-01 0.000000e+00
5.000000e+00 4.306805e-01 0.000000e+00
5.000000e+00 4.650493e-01 0.000000e+00
5.000000e+00 5.021607e-01 0.000000e+00
5.000000e+00 5.422336e-01 0.000000e+00
5.000000e+00 5.855044e-01 0.000000e+00
5.000000e+00 6.322283e-01 0.000000e+00
5.000000e+00 6.826808e-01 0.000000e+00
5.000000e+00 7.371594e-01 0.000000e+00
5.000000e+00 7.959855e-01 0.000000e+00
5.000000e+00 8.595059e-01 0.000000e+00
5.000000e+00 9.280954e-01 0.000000e+00
5.000000e+00 1.002158e+00 0.000000e+00
5.000000e+00 1.082132e+00 0.000000e+00
5.000000e+00 1.168487e+00 0.000000e+00
5.000000e+00 1.261733e+00 0.000000e+00
5.000000e+00 1.362421e+00 0.000000e+00
5.000000e+00 1.471144e+00 0.000000e+00
5.000000e+00 1.588542e+00 0.000000e+00
5.000000e+00 1.715310e+00 0.000000e+00
5.000000e+00 1.852193e+00 0.000000e+00
5.000000e+00 2.000000e+00 0.000000e+00
5.120000e+00 1.000000e-03 0.000000e+00
5.120000e+00 1.079801e-03 0.000000e+00
5.120000e+00 1.165970e-03 0.000000e+00
5.120000e+00 1.259016e-03 0.000000e+00
5.120000e+00 1.359487e-03 0.000000e+00
5.120000e+00 1.467975e-03 0.000000e+00
5.120000e+00 1.585121e-03 0.000000e+00
5.120000e+00 1.711615e-03 0.000000e+00
5.120000e+00 1.848204e-03 0.000000e+00
5.120000e+00 1.995693e-03 0.000000e+00
5.120000e+00 2.154951e-03 0.000000e+00
5.120000e+00 2.326918e-03 0.000000e+00
5.120000e+00 2.512609e-03 0.000000e+00
5.120000e+00 2.713117e-03 0.000000e+00
5.120000e+00 2.929627e-03 0.000000e+00
5.120000e+00 3.163414e-03 0.000000e+00
5.120000e+00 3.415858e-03 0.000000e+00
5.120000e+00 3.688447e-03 0.000000e+00
5.120000e+00 3.982789e-03 0.000000e+00
5.120000e+00 4.300619e-03 0.000000e+00
5.120000e+00 4.643813e-03 0.000000e+00
5.120000e+00 5.014394e-03 0.000000e+00
5.120000e+00 5.414548e-03 0.000000e+00
5.120000e+00 5.846635e-03 0.000000e+00
5.120000e+00 6.313202e-03 0.000000e+00
5.120000e+00 6.817002e-03 0.000000e+00
5.120000e+00 7.361006e-03 0.000000e+00
5.120000e+00 7.948422e-03 0.000000e+00
5.120000e+00 8.582714e-03 0.000000e+00
5.120000e+00 9.267624e-03 0.000000e+00
5.120000e+00 1.000719e-02 0.000000e+00
5.120000e+00 1.080577e-02 0.000000e+00
5.120000e+00 1.166809e-02 0.000000e+00
5.120000e+00 1.259921e-02 0.000000e+00
5.120000e+00 1.360464e-02 0.000000e+00
5.120000e+00 1.469030e-02 0.000000e+00
5.120000e+00 1.586261e-02 0.000000e+00
5.120000e+00 1.712846e-02 0.000000e+00
5.120000e+00 1.849533e-02 0.000000e+00
5.120000e+00 1.997127e-02 0.000000e+00
5.120000e+00 2.156500e-02 0.000000e+00
5.120000e+00 2.328591e-02 0.000000e+00
5.120000e+00 2.514415e-02 0.000000e+00
5.120000e+00 2.715068e-02 0.000000e+00
5.120000e+00 2.931733e-02 0.000000e+00
5.120000e+00 3.165689e-02 0.000000e+00
5.120000e+00 3.418314e-02 0.000000e+00
5.120000e+00 3.691099e-02 0.000000e+00
5.120000e+00 3.985652e-02 0.000000e+00
5.120000e+00 4.303711e-02 0.000000e+00
5.120000e+00 4.647152e-02 0.000000e+00
5.120000e+00 5.017999e-02 0.000000e+00
5.120000e+00 5.418441e-02 0.000000e+00
5.120000e+00 5.850838e-02 0.000000e+00
5.120000e+00 6.317741e-02 0.000000e+00
5.120000e+00 6.821903e-02 0.000000e+00
5.120000e+00 7.366298e-02 0.000000e+00
5.120000e+00 7.954136e-02 0.000000e+00
5.120000e+00 8.588885e-02 0.000000e+00
5.120000e+00 9.274286e-02 0.000000e+00
5.120000e+00 1.001438e-01 0.000000e+00
5.120000e+00 1.081354e-01 0.000000e+00
5.120000e+00 1.167647e-01 0.000000e+00
5.120000e+00 1.260827e-01 0.000000e+00
5.120000e+00 1.361442e-01 0.000000e+00
5.120000e+00 1.470087e-01 0.000000e+00
5.120000e+00 1.587401e-01 0.000000e+00
5.120000e+00 1.714077e-01 0.000000e+00
5.120000e+00 1.850862e-01 0.000000e+00
5.120000e+00 1.998563e-01 0.000000e+00
5.120000e+00 2.158051e-01 0.000000e+00
5.120000e+00 2.330265e-01 0.000000e+00
5.120000e+00 2.516223e-01 0.000000e+00
5.120000e+00 2.717020e-01 0.000000e+00
5.120000e+00 2.933841e-01 0.000000e+00
5.120000e+00 3.167964e-01 0.000000e+00
5.120000e+00 3.420771e-01 0.000000e+00
5.120000e+00 3.693752e-01 0.000000e+00
5.120000e+00 3.988518e-01 0.000000e+00
5.120000e+00 4.306805e-01 0.000000e+00
5.120000e+00 4.650493e-01 0.000000e+00
5.120000e+00 5.021607e-01 0.000000e+00
5.120000e+00 5.422336e-01 0.000000e+00
5.120000e+00 5.855044e-01 0.000000e+00
5.120000e+00 6.322283e-01 0.000000e+00
5.120000e+00 6.826808e-01 0.000000e+00
5.120000e+00 7.371594e-01 0.000000e+00
5.120000e+00 7.959855e-01 0.000000e+00
5.120000e+00 8.595059e-01 0.000000e+00
5.120000e+00 9.280954e-01 0.000000e+00
5.120000e+00 1.002158e+00 0.000000e+00
5.120000e+00 1.082132e+00 0.000000e+00
5.120000e+00 1.168487e+00 0.000000e+00
5.120000e+00 1.261733e+00 0.000000e+00
5.120000e+00 1.362421e+00 0.000000e+00
5.120000e+00 1.471144e+00 0.000000e+00
5.120000e+00 1.588542e+00 0.000000e+00
5.120000e+00 1.715310e+00 0.000000e+00
5.120000e+00 1.852193e+00 0.000000e+00
5.120000e+00 2.000000e+00 0.000000e+00
5.242400e+00 1.000000e-03 0.000000e+00
5.242400e+00 1.079801e-03 0.000000e+00
5.242400e+00 1.165970e-03 0.000000e+00
5.242400e+00 1.259016e-03 0.000000e+00
5.242400e+00 1.359487e-03 0.000000e+00
5.242400e+00 1.467975e-03 0.000000e+00
5.242400e+00 1.585121e-03 0.000000e+00
5.242400e+00 1.711615e-03 0.000000e+00
5.242400e+00 1.848204e-03 0.000000e+00
5.242400e+00 1.995693e-03 0.000000e+00
5.242400e+00 2.154951e-03 0.000000e+00
5.242400e+00 2.326918e-03 0.000000e+00
5.242400e+00 2.512609e-03 0.000000e+00
5.242400e+00 2.713117e-03 0.000000e+00
5.242400e+00 2.929627e-03 0.000000e+00
5.242400e+00 3.163414e-03 0.000000e+00
5.242400e+00 3.415858e-03 0.000000e+00
5.242400e+00 3.688447e-03 0.000000e+00
5.242400e+00 3.982789e-03 0.000000e+00
5.242400e+00 4.300619e-03 0.000000e+00
5.242400e+00 4.643813e-03 0.000000e+00
5.242400e+00 5.014394e-03 0.000000e+00
5.242400e+00 5.414548e-03 0.000000e+00
5.242400e+00 5.846635e-03 0.000000e+00
5.242400e+00 6.313202e-03 0.000000e+00
5.242400e+00 6.817002e-03 0.000000e+00
5.242400e+00 7.361006e-03 0.000000e+00
5.242400e+00 7.948422e-03 0.000000e+00
5.242400e+00 8.582714e-03 0.000000e+00
5.242400e+00 9.267624e-03 0.000000e+00
5.242400e+00 1.000719e-02 0.000000e+00
5.242400e+00 1.080577e-02 0.000000e+00
5.242400e+00 1.166809e-02 0.000000e+00
5.242400e+00 1.259921e-02 0.000000e+00
5.242400e+00 1.360464e-02 0.000000e+00
5.242400e+00 1.469030e-02 0.000000e+00
5.242400e+00 1.586261e-02 0.000000e+00
5.242400e+00 1.712846e-02 0.000000e+00
5.242400e+00 1.849533e-02 0.000000e+00
5.242400e+00 1.997127e-02 0.000000e+00
5.242400e+00 2.156500e-02 0.000000e+00
5.242400e+00 2.328591e-02 0.000000e+00
5.242400e+00 2.514415e-02 0.000000e+00
5.242400e+00 2.715068e-02 0.000000e+00
5.242400e+00 2.931733e-02 0.000000e+00
5.242400e+00 3.165689e-02 0.000000e+00
5.242400e+00 3.418314e-02 0.000000e+00
5.242400e+00 3.691099e-02 0.000000e+00
5.242400e+00 3.985652e-02 0.000000e+00
5.242400e+00 4.303711e-02 0.000000e+00
5.242400e+00 4.647152e-02 0.000000e+00
5.242400e+00 5.017999e-02 0.000000e+00
5.242400e+00 5.418441e-02 0.000000e+00
5.242400e+00 5.850838e-02 0.000000e+00
5.242400e+00 6.317741e-02 0.000000e+00
5.242400e+00 6.821903e-02 0.000000e+00
5.242400e+00 7.366298e-02 0.000000e+00
5.242400e+00 7.954136e-02 0.000000e+00
5.242400e+00 8.588885e-02 0.000000e+00
5.242400e+00 9.274286e-02 0.000000e+00
5.242400e+00 1.001438e-01 0.000000e+00
5.242400e+00 1.081354e-01 0.000000e+00
5.242400e+00 1.167647e-01 0.000000e+00
5.242400e+00 1.260827e-01 0.000000e+00
5.242400e+00 1.361442e-01 0.000000e+00
5.242400e+00 1.470087e-01 0.000000e+00
5.242400e+00 1.587401e-01 0.000000e+00
5.242400e+00 1.714077e-01 0.000000e+00
5.242400e+00 1.850862e-01 0.000000e+00
5.242400e+00 1.998563e-01 0.000000e+00
5.242400e+00 2.158051e-01 0.000000e+00
5.242400e+00 2.330265e-01 0.000000e+00
5.242400e+00 2.516223e-01 0.000000e+00
5.242400e+00 2.717020e-01 0.000000e+00
5.242400e+00 2.933841e-01 0.000000e+00
5.242400e+00 3.167964e-01 0.000000e+00
5.242400e+00 3.420771e-01 0.000000e+00
5.242400e+00 3.693752e-01 0.000000e+00
5.242400e+00 3.988518e-01 0.000000e+00
5.242400e+00 4.306805e-01 0.000000e+00
5.242400e+00 4.650493e-01 0.000000e+00
5.242400e+00 5.021607e-01 0.000000e+00
5.242400e+00 5.422336e-01 0.000000e+00
5.242400e+00 5.855044e-01 0.000000e+00
5.242400e+00 6.322283e-01 0.000000e+00
5.242400e+00 6.826808e-01 0.000000e+00
5.242400e+00 7.371594e-01 0.000000e+00
5.242400e+00 7.959855e-01 0.000000e+00
5.242400e+00 8.595059e-01 0.000000e+00
5.242400e+00 9.280954e-01 0.000000e+00
5.242400e+00 1.002158e+00 0.000000e+00
5.242400e+00 1.082132e+00 0.000000e+00
5.242400e+00 1.168487e+00 0.000000e+00
5.242400e+00 1.261733e+00 0.000000e+00
5.242400e+00 1.362421e+00 0.000000e+00
5.242400e+00 1.471144e+00 0.000000e+00
5.242400e+00 1.588542e+00 0.000000e+00
5.242400e+00 1.715310e+00 0.000000e+00
5.242400e+00 1.852193e+00 0.000000e+00
5.242400e+00 2.000000e+00 0.000000e+00
5.367248e+00 1.000000e-03 0.000000e+00
5.367248e+00 1.079801e-03 0.000000e+00
5.367248e+00 1.165970e-03 0.000000e+00
5.367248e+00 1.259016e-03 0.000000e+00
5.367248e+00 1.359487e-03 0.000000e+00
5.367248e+00 1.467975e-03 0.000000e+00
5.367248e+00 1.585121e-03 0.000000e+00
5.367248e+00 1.711615e-03 0.000000e+00
5.367248e+00 1.848204e-03 0.000000e+00
5.367248e+00 1.995693e-03 0.000000e+00
5.367248e+00 2.154951e-03 0.000000e+00
5.367248e+00 2.326918e-03 0.000000e+00
5.367248e+00 2.512609e-03 0.000000e+00
5.367248e+00 2.713117e-03 0.000000e+00
5.367248e+00 2.929627e-03 0.000000e+00
5.367248e+00 3.163414e-03 0.000000e+00
5.367248e+00 3.415858e-03 0.000000e+00
5.367248e+00 3.688447e-03 0.000000e+00
5.367248e+00 3.982789e-03 0.000000e+00
5.367248e+00 4.300619e-03 0.000000e+00
5.367248e+00 4.643813e-03 0.000000e+00
5.367248e+00 5.014394e-03 0.000000e+00
5.367248e+00 5.414548e-03 0.000000e+00
5.367248e+00 5.846635e-03 0.000000e+00
5.367248e+00 6.313202e-03 0.000000e+00
5.367248e+00 6.817002e-03 0.000000e+00
5.367248e+00 7.361006e-03 0.000000e+00
5.367248e+00 7.948422e-03 0.000000e+00
5.367248e+00 8.582714e-03 0.000000e+00
5.367248e+00 9.267624e-03 0.000000e+00
5.367248e+00 1.000719e-02 0.000000e+00
5.367248e+00 1.080577e-02 0.000000e+00
5.367248e+00 1.166809e-02 0.000000e+00
5.367248e+00 1.259921e-02 0.000000e+00
5.367248e+00 1.360464e-02 0.000000e+00
5.367248e+00 1.469030e-02 0.000000e+00
5.367248e+00 1.586261e-02 0.000000e+00
5.367248e+00 1.712846e-02 0.000000e+00
5.367248e+00 1.849533e-02 0.000000e+00
5.367248e+00 1.997127e-02 0.000000e+00
5.367248e+00 2.156500e-02 0.000000e+00
5.367248e+00 2.328591e-02 0.000000e+00
5.367248e+00 2.514415e-02 0.000000e+00
5.367248e+00 2.715068e-02 0.000000e+00
5.367248e+00 2.931733e-02 0.000000e+00
5.367248e+00 3.165689e-02 0.000000e+00
5.367248e+00 3.418314e-02 0.000000e+00
5.367248e+00 3.691099e-02 0.000000e+00
5.367248e+00 3.985652e-02 0.000000e+00
5.367248e+00 4.303711e-02 0.000000e+00
5.367248e+00 4.647152e-02 0.000000e+00
5.367248e+00 5.017999e-02 0.000000e+00
5.367248e+00 5.418441e-02 0.000000e+00
5.367248e+00 5.850838e-02 0.000000e+00
5.367248e+00 6.317741e-02 0.000000e+00
5.367248e+00 6.821903e-02 0.000000e+00
5.367248e+00 7.366298e-02 0.000000e+00
5.367248e+00 7.954136e-02 0.000000e+00
5.367248e+00 8.588885e-02 0.000000e+00
5.367248e+00 9.274286e-02 0.000000e+00
5.367248e+00 1.001438e-01 0.000000e+00
5.367248e+00 1.081354e-01 0.000000e+00
5.367248e+00 1.167647e-01 0.000000e+00
5.367248e+00 1.260827e-01 0.000000e+00
5.367248e+00 1.361442e-01 0.000000e+00
5.367248e+00 1.470087e-01 0.000000e+00
5.367248e+00 1.587401e-01 0.000000e+00
5.367248e+00 1.714077e-01 0.000000e+00
5.367248e+00 1.850862e-01 0.000000e+00
5.367248e+00 1.998563e-01 0.000000e+00
5.367248e+00 2.158051e-01 0.000000e+00
5.367248e+00 2.330265e-01 0.000000e+00
5.367248e+00 2.516223e-01 0.000000e+00
5.367248e+00 2.717020e-01 0.000000e+00
5.367248e+00 2.933841e-01 0.000000e+00
5.367248e+00 3.167964e-01 0.000000e+00
5.367248e+00 3.420771e-01 0.000000e+00
5.367248e+00 3.693752e-01 0.000000e+00
5.367248e+00 3.988518e-01 0.000000e+00
5.367248e+00 4.306805e-01 0.000000e+00
5.367248e+00 4.650493e-01 0.000000e+00
5.367248e+00 5.021607e-01 0.000000e+00
5.367248e+00 5.422336e-01 0.000000e+00
5.367248e+00 5.855044e-01 0.000000e+00
5.367248e+00 6.322283e-01 0.000000e+00
5.367248e+00 6.826808e-01 0.000000e+00
5.367248e+00 7.371594e-01 0.000000e+00
5.367248e+00 7.959855e-01 0.000000e+00
5.367248e+00 8.595059e-01 0.000000e+00
5.367248e+00 9.280954e-01 0.000000e+00
5.367248e+00 1.002158e+00 0.000000e+00
5.367248e+00 1.082132e+00 0.000000e+00
5.367248e+00 1.168487e+00 0.000000e+00
5.367248e+00 1.261733e+00 0.000000e+00
5.367248e+00 1.362421e+00 0.000000e+00
5.367248e+00 1.471144e+00 0.000000e+00
5.367248e+00 1.588542e+00 0.000000e+00
5.367248e+00 1.715310e+00 0.000000e+00
5.367248e+00 1.852193e+00 0.000000e+00
5.367248e+00 2.000000e+00 0.000000e+00
5.494593e+00 1.000000e-03 0.000000e+00
5.494593e+00 1.079801e-03 0.000000e+00
5.494593e+00 1.165970e-03 0.000000e+00
5.494593e+00 1.259016e-03 0.000000e+00
5.494593e+00 1.359487e-03 0.000000e+00
5.494593e+00 1.467975e-03 0.000000e+00
5.494593e+00 1.585121e-03 0.000000e+00
5.494593e+00 1.711615e-03 0.000000e+00
5.494593e+00 1.848204e-03 0.000000e+00
5.494593e+00 1.995693e-03 0.000000e+00
5.494593e+00 2.154951e-03 0.000000e+00
5.494593e+00 2.326918e-03 0.000000e+00
5.494593e+00 2.512609e-03 0.000000e+00
5.494593e+00 2.713117e-03 0.000000e+00
5.494593e+00 2.929627e-03 0.000000e+00
5.494593e+00 3.163414e-03 0.000000e+00
5.494593e+00 3.415858e-03 0.000000e+00
5.494593e+00 3.688447e-03 0.000000e+00
5.494593e+00 3.982789e-03 0.000000e+00
5.494593e+00 4.300619e-03 0.000000e+00
5.494593e+00 4.643813e-03 0.000000e+00
5.494593e+00 5.014394e-03 0.000000e+00
5.494593e+00 5.414548e-03 0.000000e+00
5.494593e+00 5.846635e-03 0.000000e+00
5.494593e+00 6.313202e-03 0.000000e+00
5.494593e+00 6.817002e-03 0.000000e+00
5.494593e+00 7.361006e-03 0.000000e+00
5.494593e+00 7.948422e-03 0.000000e+00
5.494593e+00 8.582714e-03 0.000000e+00
5.494593e+00 9.267624e-03 0.000000e+00
5.494593e+00 1.000719e-02 0.000000e+00
5.494593e+00 1.080577e-02 0.000000e+00
5.494593e+00 1.166809e-02 0.000000e+00
5.494593e+00 1.259921e-02 0.000000e+00
5.494593e+00 1.360464e-02 0.000000e+00
5.494593e+00 1.469030e-02 0.000000e+00
5.494593e+00 1.586261e-02 0.000000e+00
5.494593e+00 1.712846e-02 0.000000e+00
5.494593e+00 1.849533e-02 0.000000e+00
5.494593e+00 1.997127e-02 0.000000e+00
5.494593e+00 2.156500e-02 0.000000e+00
5.494593e+00 2.328591e-02 0.000000e+00
5.494593e+00 2.514415e-02 0.000000e+00
5.494593e+00 2.715068e-02 0.000000e+00
5.494593e+00 2.931733e-02 0.000000e+00
5.494593e+00 3.165689e-02 0.000000e+00
5.494593e+00 3.418314e-02 0.000000e+00
5.494593e+00 3.691099e-02 0.000000e+00
5.494593e+00 3.985652e-02 0.000000e+00
5.494593e+00 4.303711e-02 0.000000e+00
5.494593e+00 4.647152e-02 0.000000e+00
5.494593e+00 5.017999e-02 0.000000e+00
5.494593e+00 5.418441e-02 0.000000e+00
5.494593e+00 5.850838e-02 0.000000e+00
5.494593e+00 6.317741e-02 0.000000e+00
5.494593e+00 6.821903e-02 0.000000e+00
5.494593e+00 7.366298e-02 0.000000e+00
5.494593e+00 7.954136e-02 0.000000e+00
5.494593e+00 8.588885e-02 0.000000e+00
5.494593e+00 9.274286e-02 0.000000e+00
5.494593e+00 1.001438e-01 0.000000e+00
5.494593e+00 1.081354e-01 0.000000e+00
5.494593e+00 1.167647e-01 0.000000e+00
5.494593e+00 1.260827e-01 0.000000e+00
5.494593e+00 1.361442e-01 0.000000e+00
5.494593e+00 1.470087e-01 0.000000e+00
5.494593e+00 1.587401e-01 0.000000e+00
5.494593e+00 1.714077e-01 0.000000e+00
5.494593e+00 1.850862e-01 0.000000e+00
5.494593e+00 1.998563e-01 0.000000e+00
5.494593e+00 2.158051e-01 0.000000e+00
5.494593e+00 2.330265e-01 0.000000e+00
5.494593e+00 2.516223e-01 0.000000e+00
5.494593e+00 2.717020e-01 0.000000e+00
5.494593e+00 2.933841e-01 0.000000e+00
5.494593e+00 3.167964e-01 0.000000e+00
5.494593e+00 3.420771e-01 0.000000e+00
5.494593e+00 3.693752e-01 0.000000e+00
5.494593e+00 3.988518e-01 0.000000e+00
5.494593e+00 4.306805e-01 0.000000e+00
5.494593e+00 4.650493e-01 0.000000e+00
5.494593e+00 5.021607e-01 0.000000e+00
5.494593e+00 5.422336e-01 0.000000e+00
5.494593e+00 5.855044e-01 0.000000e+00
5.494593e+00 6.322283e-01 0.000000e+00
5.494593e+00 6.826808e-01 0.000000e+00
5.494593e+00 7.371594e-01 0.000000e+00
5.494593e+00 7.959855e-01 0.000000e+00
5.494593e+00 8.595059e-01 0.000000e+00
5.494593e+00 9.280954e-01 0.000000e+00
5.494593e+00 1.002158e+00 0.000000e+00
5.494593e+00 1.082132e+00 0.000000e+00
5.494593e+00 1.168487e+00 0.000000e+00
5.494593e+00 1.261733e+00 0.000000e+00
5.494593e+00 1.362421e+00 0.000000e+00
5.494593e+00 1.471144e+00 0.000000e+00
5.494593e+00 1.588542e+00 0.000000e+00
5.494593e+00 1.715310e+00 0.000000e+00
5.494593e+00 1.852193e+00 0.000000e+00
5.494593e+00 2.000000e+00 0.000000e+00
5.624485e+00 1.000000e-03 0.000000e+00
5.624485e+00 1.079801e-03 0.000000e+00
5.624485e+00 1.165970e-03 0.000000e+00
5.624485e+00 1.259016e-03 0.000000e+00
5.624485e+00 1.359487e-03 0.000000e+00
5.624485e+00 1.467975e-03 0.000000e+00
5.624485e+00 1.585121e-03 0.000000e+00
5.624485e+00 1.711615e-03 0.000000e+00
5.624485e+00 1.848204e-03 0.000000e+00
5.624485e+00 1.995693e-03 0.000000e+00
5.624485e+00 2.154951e-03 0.000000e+00
5.624485e+00 2.326918e-03 0.000000e+00
5.624485e+00 2.512609e-03 0.000000e+00
5.624485e+00 2.713117e-03 0.000000e+00
5.624485e+00 2.929627e-03 0.000000e+00
5.624485e+00 3.163414e-03 0.000000e+00
5.624485e+00 3.415858e-03 0.000000e+00
5.624485e+00 3.688447e-03 0.000000e+00
5.624485e+00 3.982789e-03 0.000000e+00
5.624485e+00 4.300619e-03 0.000000e+00
5.624485e+00 4.643813e-03 0.000000e+00
5.624485e+00 5.014394e-03 0.000000e+00
5.624485e+00 5.414548e-03 0.000000e+00
5.624485e+00 5.846635e-03 0.000000e+00
5.624485e+00 6.313202e-03 0.000000e+00
5.624485e+00 6.817002e-03 0.000000e+00
5.624485e+00 7.361006e-03 0.000000e+00
5.624485e+00 7.948422e-03 0.000000e+00
5.624485e+00 8.582714e-03 0.000000e+00
5.624485e+00 9.267624e-03 0.000000e+00
5.624485e+00 1.000719e-02 0.000000e+00
5.624485e+00 1.080577e-02 0.000000e+00
5.624485e+00 1.166809e-02 0.000000e+00
5.624485e+00 1.259921e-02 0.000000e+00
5.624485e+00 1.360464e-02 0.000000e+00
5.624485e+00 1.469030e-02 0.000000e+00
5.624485e+00 1.586261e-02 0.000000e+00
5.624485e+00 1.712846e-02 0.000000e+00
5.624485e+00 1.849533e-02 0.000000e+00
5.624485e+00 1.997127e-02 0.000000e+00
5.624485e+00 2.156500e-02 0.000000e+00
5.624485e+00 2.328591e-02 0.000000e+00
5.624485e+00 2.514415e-02 0.000000e+00
5.624485e+00 2.715068e-02 0.000000e+00
5.624485e+00 2.931733e-02 0.000000e+00
5.624485e+00 3.165689e-02 0.000000e+00
5.624485e+00 3.418314e-02 0.000000e+00
5.624485e+00 3.691099e-02 0.000000e+00
5.624485e+00 3.985652e-02 0.000000e+00
5.624485e+00 4.303711e-02 0.000000e+00
5.624485e+00 4.647152e-02 0.000000e+00
5.624485e+00 5.017999e-02 0.000000e+00
5.624485e+00 5.418441e-02 0.000000e+00
5.624485e+00 5.850838e-02 0.000000e+00
5.624485e+00 6.317741e-02 0.000000e+00
5.624485e+00 6.821903e-02 0.000000e+00
5.624485e+00 7.366298e-02 0.000000e+00
5.624485e+00 7.954136e-02 0.000000e+00
5.624485e+00 8.588885e-02 0.000000e+00
5.624485e+00 9.274286e-02 0.000000e+00
5.624485e+00 1.001438e-01 0.000000e+00
5.624485e+00 1.081354e-01 0.000000e+00
5.624485e+00 1.167647e-01 0.000000e+00
5.624485e+00 1.260827e-01 0.000000e+00
5.624485e+00 1.361442e-01 0.000000e+00
5.624485e+00 1.470087e-01 0.000000e+00
5.624485e+00 1.587401e-01 0.000000e+00
5.624485e+00 1.714077e-01 0.000000e+00
5.624485e+00 1.850862e-01 0.000000e+00
5.624485e+00 1.998563e-01 0.000000e+00
5.624485e+00 2.158051e-01 0.000000e+00
5.624485e+00 2.330265e-01 0.000000e+00
5.624485e+00 2.516223e-01 0.000000e+00
5.624485e+00 2.717020e-01 0.000000e+00
5.624485e+00 2.933841e-01 0.000000e+00
5.624485e+00 3.167964e-01 0.000000e+00
5.624485e+00 3.420771e-01 0.000000e+00
5.624485e+00 3.693752e-01 0.000000e+00
5.624485e+00 3.988518e-01 0.000000e+00
5.624485e+00 4.306805e-01 0.000000e+00
5.624485e+00 4.650493e-01 0.000000e+00
5.624485e+00 5.021607e-01 0.000000e+00
5.624485e+00 5.422336e-01 0.000000e+00
5.624485e+00 5.855044e-01 0.000000e+00
5.624485e+00 6.322283e-01 0.000000e+00
5.624485e+00 6.826808e-01 0.000000e+00
5.624485e+00 7.371594e-01 0.000000e+00
5.624485e+00 7.959855e-01 0.000000e+00
5.624485e+00 8.595059e-01 0.000000e+00
5.624485e+00 9.280954e-01 0.000000e+00
5.624485e+00 1.002158e+00 0.000000e+00
5.624485e+00 1.082132e+00 0.000000e+00
5.624485e+00 1.168487e+00 0.000000e+00
5.624485e+00 1.261733e+00 0.000000e+00
5.624485e+00 1.362421e+00 0.000000e+00
5.624485e+00 1.471144e+00 0.000000e+00
5.624485e+00 1.588542e+00 0.000000e+00
5.624485e+00 1.715310e+00 0.000000e+00
5.624485e+00 1.852193e+00 0.000000e+00
5.624485e+00 2.000000e+00 0.000000e+00
5.756975e+00 1.000000e-03 0.000000e+00
5.756975e+00 1.079801e-03 0.000000e+00
5.756975e+00 1.165970e-03 0.000000e+00
5.756975e+00 1.259016e-03 0.000000e+00
5.756975e+00 1.359487e-03 0.000000e+00
5.756975e+00 1.467975e-03 0.000000e+00
5.756975e+00 1.585121e-03 0.000000e+00
5.756975e+00 1.711615e-03 0.000000e+00
5.756975e+00 1.848204e-03 0.000000e+00
5.756975e+00 1.995693e-03 0.000000e+00
5.756975e+00 2.154951e-03 0.000000e+00
5.756975e+00 2.326918e-03 0.000000e+00
5.756975e+00 2.512609e-03 0.000000e+00
5.756975e+00 2.713117e-03 0.000000e+00
5.756975e+00 2.929627e-03 0.000000e+00
5.756975e+00 3.163414e-03 0.000000e+00
5.756975e+00 3.415858e-03 0.000000e+00
5.756975e+00 3.688447e-03 0.000000e+00
5.756975e+00 3.982789e-03 0.000000e+00
5.756975e+00 4.300619e-03 0.000000e+00
5.756975e+00 4.643813e-03 0.000000e+00
5.756975e+00 5.014394e-03 0.000000e+00
5.756975e+00 5.414548e-03 0.000000e+00
5.756975e+00 5.846635e-03 0.000000e+00
5.756975e+00 6.313202e-03 0.000000e+00
5.756975e+00 6.817002e-03 0.000000e+00
5.756975e+00 7.361006e-03 0.000000e+00
5.756975e+00 7.948422e-03 0.000000e+00
5.756975e+00 8.582714e-03 0.000000e+00
5.756975e+00 9.267624e-03 0.000000e+00
5.756975e+00 1.000719e-02 0.000000e+00
5.756975e+00 1.080577e-02 0.000000e+00
5.756975e+00 1.166809e-02 0.000000e+00
5.756975e+00 1.259921e-02 0.000000e+00
5.756975e+00 1.360464e-02 0.000000e+00
5.756975e+00 1.469030e-02 0.000000e+00
5.756975e+00 1.586261e-02 0.000000e+00
5.756975e+00 1.712846e-02 0.000000e+00
5.756975e+00 1.849533e-02 0.000000e+00
5.756975e+00 1.997127e-02 0.000000e+00
5.756975e+00 2.156500e-02 0.000000e+00
5.756975e+00 2.328591e-02 0.000000e+00
5.756975e+00 2.514415e-02 0.000000e+00
5.756975e+00 2.715068e-02 0.000000e+00
5.756975e+00 2.931733e-02 0.000000e+00
5.756975e+00 3.165689e-02 0.000000e+00
5.756975e+00 3.418314e-02 0.000000e+00
5.756975e+00 3.691099e-02 0.000000e+00
5.756975e+00 3.985652e-02 0.000000e+00
5.756975e+00 4.303711e-02 0.000000e+00
5.756975e+00 4.647152e-02 0.000000e+00
5.756975e+00 5.017999e-02 0.000000e+00
5.756975e+00 5.418441e-02 0.000000e+00
5.756975e+00 5.850838e-02 0.000000e+00
5.756975e+00 6.317741e-02 0.000000e+00
5.756975e+00 6.821903e-02 0.000000e+00
5.756975e+00 7.366298e-02 0.000000e+00
5.756975e+00 7.954136e-02 0.000000e+00
5.756975e+00 8.588885e-02 0.000000e+00
5.756975e+00 9.274286e-02 0.000000e+00
5.756975e+00 1.001438e-01 0.000000e+00
5.756975e+00 1.081354e-01 0.000000e+00
5.756975e+00 1.167647e-01 0.000000e+00
5.756975e+00 1.260827e-01 0.000000e+00
5.756975e+00 1.361442e-01 0.000000e+00
5.756975e+00 1.470087e-01 0.000000e+00
5.756975e+00 1.587401e-01 0.000000e+00
5.756975e+00 1.714077e-01 0.000000e+00
5.756975e+00 1.850862e-01 0.000000e+00
5.756975e+00 1.998563e-01 0.000000e+00
5.756975e+00 2.158051e-01 0.000000e+00
5.756975e+00 2.330265e-01 0.000000e+00
5.756975e+00 2.516223e-01 0.000000e+00
5.756975e+00 2.717020e-01 0.000000e+00
5.756975e+00 2.933841e-01 0.000000e+00
5.756975e+00 3.167964e-01 0.000000e+00
5.756975e+00 3.420771e-01 0.000000e+00
5.756975e+00 3.693752e-01 0.000000e+00
5.756975e+00 3.988518e-01 0.000000e+00
5.756975e+00 4.306805e-01 0.000000e+00
5.756975e+00 4.650493e-01 0.000000e+00
5.756975e+00 5.021607e-01 0.000000e+00
5.756975e+00 5.422336e-01 0.000000e+00
5.756975e+00 5.855044e-01 0.000000e+00
5.756975e+00 6.322283e-01 0.000000e+00
5.756975e+00 6.826808e-01 0.000000e+00
5.756975e+00 7.371594e-01 0.000000e+00
5.756975e+00 7.959855e-01 0.000000e+00
5.756975e+00 8.595059e-01 0.000000e+00
5.756975e+00 9.280954e-01 0.000000e+00
5.756975e+00 1.002158e+00 0.000000e+00
5.756975e+00 1.082132e+00 0.000000e+00
5.756975e+00 1.168487e+00 0.000000e+00
5.756975e+00 1.261733e+00 0.000000e+00
5.756975e+00 1.362421e+00 0.000000e+00
5.756975e+00 1.471144e+00 0.000000e+00
5.756975e+00 1.588542e+00 0.000000e+00
5.756975e+00 1.715310e+00 0.000000e+00
5.756975e+00 1.852193e+00 0.000000e+00
5.756975e+00 2.000000e+00 0.000000e+00
5.892114e+00 1.000000e-03 0.000000e+00
5.892114e+00 1.079801e-03 0.000000e+00
5.892114e+00 1.165970e-03 0.000000e+00
5.892114e+00 1.259016e-03 0.000000e+00
5.892114e+00 1.359487e-03 0.000000e+00
5.892114e+00 1.467975e-03 0.000000e+00
5.892114e+00 1.585121e-03 0.000000e+00
5.892114e+00 1.711615e-03 0.000000e+00
5.892114e+00 1.848204e-03 0.000000e+00
5.892114e+00 1.995693e-03 0.000000e+00
5.892114e+00 2.154951e-03 0.000000e+00
5.892114e+00 2.326918e-03 0.000000e+00
5.892114e+00 2.512609e-03 0.000000e+00
5.892114e+00 2.713117e-03 0.000000e+00
5.892114e+00 2.929627e-03 0.000000e+00
5.892114e+00 3.163414e-03 0.000000e+00
5.892114e+00 3.415858e-03 0.000000e+00
5.892114e+00 3.688447e-03 0.000000e+00
5.892114e+00 3.982789e-03 0.000000e+00
5.892114e+00 4.300619e-03 0.000000e+00
5.892114e+00 4.643813e-03 0.000000e+00
5.892114e+00 5.014394e-03 0.000000e+00
5.892114e+00 5.414548e-03 0.000000e+00
5.892114e+00 5.846635e-03 0.000000e+00
5.892114e+00 6.313202e-03 0.000000e+00
5.892114e+00 6.817002e-03 0.000000e+00
5.892114e+00 7.361006e-03 0.000000e+00
5.892114e+00 7.948422e-03 0.000000e+00
5.892114e+00 8.582714e-03 0.000000e+00
5.892114e+00 9.267624e-03 0.000000e+00
5.892114e+00 1.000719e-02 0.000000e+00
5.892114e+00 1.080577e-02 0.000000e+00
5.892114e+00 1.166809e-02 0.000000e+00
5.892114e+00 1.259921e-02 0.000000e+00
5.892114e+00 1.360464e-02 0.000000e+00
5.892114e+00 1.469030e-02 0.000000e+00
5.892114e+00 1.586261e-02 0.000000e+00
5.892114e+00 1.712846e-02 0.000000e+00
5.892114e+00 1.849533e-02 0.000000e+00
5.892114e+00 1.997127e-02 0.000000e+00
5.892114e+00 2.156500e-02 0.000000e+00
5.892114e+00 2.328591e-02 0.000000e+00
5.892114e+00 2.514415e-02 0.000000e+00
5.892114e+00 2.715068e-02 0.000000e+00
5.892114e+00 2.931733e-02 0.000000e+00
5.892114e+00 3.165689e-02 0.000000e+00
5.892114e+00 3.418314e-02 0.000000e+00
5.892114e+00 3.691099e-02 0.000000e+00
5.892114e+00 3.985652e-02 0.000000e+00
5.892114e+00 4.303711e-02 0.000000e+00
5.892114e+00 4.647152e-02 0.000000e+00
5.892114e+00 5.017999e-02 0.000000e+00
5.892114e+00 5.418441e-02 0.000000e+00
5.892114e+00 5.850838e-02 0.000000e+00
5.892114e+00 6.317741e-02 0.000000e+00
5.892114e+00 6.821903e-02 0.000000e+00
5.892114e+00 7.366298e-02 0.000000e+00
5.892114e+00 7.954136e-02 0.000000e+00
5.892114e+00 8.588885e-02 0.000000e+00
5.892114e+00 9.274286e-02 0.000000e+00
5.892114e+00 1.001438e-01 0.000000e+00
5.892114e+00 1.081354e-01 0.000000e+00
5.892114e+00 1.167647e-01 0.000000e+00
5.892114e+00 1.260827e-01 0.000000e+00
5.892114e+00 1.361442e-01 0.000000e+00
5.892114e+00 1.470087e-01 0.000000e+00
5.892114e+00 1.587401e-01 0.000000e+00
5.892114e+00 1.714077e-01 0.000000e+00
5.892114e+00 1.850862e-01 0.000000e+00
5.892114e+00 1.998563e-01 0.000000e+00
5.892114e+00 2.158051e-01 0.000000e+00
5.892114e+00 2.330265e-01 0.000000e+00
5.892114e+00 2.516223e-01 0.000000e+00
5.892114e+00 2.717020e-01 0.000000e+00
5.892114e+00 2.933841e-01 0.000000e+00
5.892114e+00 3.167964e-01 0.000000e+00
5.892114e+00 3.420771e-01 0.000000e+00
5.892114e+00 3.693752e-01 0.000000e+00
5.892114e+00 3.988518e-01 0.000000e+00
5.892114e+00 4.306805e-01 0.000000e+00
5.892114e+00 4.650493e-01 0.000000e+00
5.892114e+00 5.021607e-01 0.000000e+00
5.892114e+00 5.422336e-01 0.000000e+00
5.892114e+00 5.855044e-01 0.000000e+00
5.892114e+00 6.322283e-01 0.000000e+00
5.892114e+00 6.826808e-01 0.000000e+00
5.892114e+00 7.371594e-01 0.000000e+00
5.892114e+00 7.959855e-01 0.000000e+00
5.892114e+00 8.595059e-01 0.000000e+00
5.892114e+00 9.280954e-01 0.000000e+00
5.892114e+00 1.002158e+00 0.000000e+00
5.892114e+00 1.082132e+00 0.000000e+00
5.892114e+00 1.168487e+00 0.000000e+00
5.892114e+00 1.261733e+00 0.000000e+00
5.892114e+00 1.362421e+00 0.000000e+00
5.892114e+00 1.471144e+00 0.000000e+00
5.892114e+00 1.588542e+00 0.000000e+00
5.892114e+00 1.715310e+00 0.000000e+00
5.892114e+00 1.852193e+00 0.000000e+00
5.892114e+00 2.000000e+00 0.000000e+00
6.029956e+00 1.000000e-03 0.000000e+00
6.029956e+00 1.079801e-03 0.000000e+00
6.029956e+00 1.165970e-03 0.000000e+00
6.029956e+00 1.259016e-03 0.000000e+00
6.029956e+00 1.359487e-03 0.000000e+00
6.029956e+00 1.467975e-03 0.000000e+00
6.029956e+00 1.585121e-03 0.000000e+00
6.029956e+00 1.711615e-03 0.000000e+00
6.029956e+00 1.848204e-03 0.000000e+00
6.029956e+00 1.995693e-03 0.000000e+00
6.029956e+00 2.154951e-03 0.000000e+00
6.029956e+00 2.326918e-03 0.000000e+00
6.029956e+00 2.512609e-03 0.000000e+00
6.029956e+00 2.713117e-03 0.000000e+00
6.029956e+00 2.929627e-03 0.000000e+00
6.029956e+00 3.163414e-03 0.000000e+00
6.029956e+00 3.415858e-03 0.000000e+00
6.029956e+00 3.688447e-03 0.000000e+00
6.029956e+00 3.982789e-03 0.000000e+00
6.029956e+00 4.300619e-03 0.000000e+00
6.029956e+00 4.643813e-03 0.000000e+00
6.029956e+00 5.014394e-03 0.000000e+00
6.029956e+00 5.414548e-03 0.000000e+00
6.029956e+00 5.846635e-03 0.000000e+00
6.029956e+00 6.313202e-03 0.000000e+00
6.029956e+00 6.817002e-03 0.000000e+00
6.029956e+00 7.361006e-03 0.000000e+00
6.029956e+00 7.948422e-03 0.000000e+00
6.029956e+00 8.582714e-03 0.000000e+00
6.029956e+00 9.267624e-03 0.000000e+00
6.029956e+00 1.000719e-02 0.000000e+00
6.029956e+00 1.080577e-02 0.000000e+00
6.029956e+00 1.166809e-02 0.000000e+00
6.029956e+00 1.259921e-02 0.000000e+00
6.029956e+00 1.360464e-02 0.000000e+00
6.029956e+00 1.469030e-02 0.000000e+00
6.029956e+00 1.586261e-02 0.000000e+00
6.029956e+00 1.712846e-02 0.000000e+00
6.029956e+00 1.849533e-02 0.000000e+00
6.029956e+00 1.997127e-02 0.000000e+00
6.029956e+00 2.156500e-02 0.000000e+00
6.029956e+00 2.328591e-02 0.000000e+00
6.029956e+00 2.514415e-02 0.000000e+00
6.029956e+00 2.715068e-02 0.000000e+00
6.029956e+00 2.931733e-02 0.000000e+00
6.029956e+00 3.165689e-02 0.000000e+00
6.029956e+00 3.418314e-02 0.000000e+00
6.029956e+00 3.691099e-02 0.000000e+00
6.029956e+00 3.985652e-02 0.000000e+00
6.029956e+00 4.303711e-02 0.000000e+00
6.029956e+00 4.647152e-02 0.000000e+00
6.029956e+00 5.017999e-02 0.000000e+00
6.029956e+00 5.418441e-02 0.000000e+00
6.029956e+00 5.850838e-02 0.000000e+00
6.029956e+00 6.317741e-02 0.000000e+00
6.029956e+00 6.821903e-02 0.000000e+00
6.029956e+00 7.366298e-02 0.000000e+00
6.029956e+00 7.954136e-02 0.000000e+00
6.029956e+00 8.588885e-02 0.000000e+00
6.029956e+00 9.274286e-02 0.000000e+00
6.029956e+00 1.001438e-01 0.000000e+00
6.029956e+00 1.081354e-01 0.000000e+00
6.029956e+00 1.167647e-01 0.000000e+00
6.029956e+00 1.260827e-01 0.000000e+00
6.029956e+00 1.361442e-01 0.000000e+00
6.029956e+00 1.470087e-01 0.000000e+00
6.029956e+00 1.587401e-01 0.000000e+00
6.029956e+00 1.714077e-01 0.000000e+00
6.029956e+00 1.850862e-01 0.000000e+00
6.029956e+00 1.998563e-01 0.000000e+00
6.029956e+00 2.158051e-01 0.000000e+00
6.029956e+00 2.330265e-01 0.000000e+00
6.029956e+00 2.516223e-01 0.000000e+00
6.029956e+00 2.717020e-01 0.000000e+00
6.029956e+00 2.933841e-01 0.000000e+00
6.029956e+00 3.167964e-01 0.000000e+00
6.029956e+00 3.420771e-01 0.000000e+00
6.029956e+00 3.693752e-01 0.000000e+00
6.029956e+00 3.988518e-01 0.000000e+00
6.029956e+00 4.306805e-01 0.000000e+00
6.029956e+00 4.650493e-01 0.000000e+00
6.029956e+00 5.021607e-01 0.000000e+00
6.029956e+00 5.422336e-01 0.000000e+00
6.029956e+00 5.855044e-01 0.000000e+00
6.029956e+00 6.322283e-01 0.000000e+00
6.029956e+00 6.826808e-01 0.000000e+00
6.029956e+00 7.371594e-01 0.000000e+00
6.029956e+00 7.959855e-01 0.000000e+00
6.029956e+00 8.595059e-01 0.000000e+00
6.029956e+00 9.280954e-01 0.000000e+00
6.029956e+00 1.002158e+00 0.000000e+00
6.029956e+00 1.082132e+00 0.000000e+00
6.029956e+00 1.168487e+00 0.000000e+00
6.029956e+00 1.261733e+00 0.000000e+00
6.029956e+00 1.362421e+00 0.000000e+00
6.029956e+00 1.471144e+00 0.000000e+00
6.029956e+00 1.588542e+00 0.000000e+00
6.029956e+00 1.715310e+00 0.000000e+00
6.029956e+00 1.852193e+00 0.000000e+00
6.029956e+00 2.000000e+00 0.000000e+00
6.170555e+00 1.000000e-03 0.000000e+00
6.170555e+00 1.079801e-03 0.000000e+00
6.170555e+00 1.165970e-03 0.000000e+00
6.170555e+00 1.259016e-03 0.000000e+00
6.170555e+00 1.359487e-03 0.000000e+00
6.170555e+00 1.467975e-03 0.000000e+00
6.170555e+00 1.585121e-03 0.000000e+00
6.170555e+00 1.711615e-03 0.000000e+00
6.170555e+00 1.848204e-03 0.000000e+00
6.170555e+00 1.995693e-03 0.000000e+00
6.170555e+00 2.154951e-03 0.000000e+00
6.170555e+00 2.326918e-03 0.000000e+00
6.170555e+00 2.512609e-03 0.000000e+00
6.170555e+00 2.713117e-03 0.000000e+00
6.170555e+00 2.929627e-03 0.000000e+00
6.170555e+00 3.163414e-03 0.000000e+00
6.170555e+00 3.415858e-03 0.000000e+00
6.170555e+00 3.688447e-03 0.000000e+00
6.170555e+00 3.982789e-03 0.000000e+00
6.170555e+00 4.300619e-03 0.000000e+00
6.170555e+00 4.643813e-03 0.000000e+00
6.170555e+00 5.014394e-03 0.000000e+00
6.170555e+00 5.414548e-03 0.000000e+00
6.170555e+00 5.846635e-03 0.000000e+00
6.170555e+00 6.313202e-03 0.000000e+00
6.170555e+00 6.817002e-03 0.000000e+00
6.170555e+00 7.361006e-03 0.000000e+00
6.170555e+00 7.948422e-03 0.000000e+00
6.170555e+00 8.582714e-03 0.000000e+00
6.170555e+00 9.267624e-03 0.000000e+00
6.170555e+00 1.000719e-02 0.000000e+00
6.170555e+00 1.080577e-02 0.000000e+00
6.170555e+00 1.166809e-02 0.000000e+00
6.170555e+00 1.259921e-02 0.000000e+00
6.170555e+00 1.360464e-02 0.000000e+00
6.170555e+00 1.469030e-02 0.000000e+00
6.170555e+00 1.586261e-02 0.000000e+00
6.170555e+00 1.712846e-02 0.000000e+00
6.170555e+00 1.849533e-02 0.000000e+00
6.170555e+00 1.997127e-02 0.000000e+00
6.170555e+00 2.156500e-02 0.000000e+00
6.170555e+00 2.328591e-02 0.000000e+00
6.170555e+00 2.514415e-02 0.000000e+00
6.170555e+00 2.715068e-02 0.000000e+00
6.170555e+00 2.931733e-02 0.000000e+00
6.170555e+00 3.165689e-02 0.000000e+00
6.170555e+00 3.418314e-02 0.000000e+00
6.170555e+00 3.691099e-02 0.000000e+00
6.170555e+00 3.985652e-02 0.000000e+00
6.170555e+00 4.303711e-02 0.000000e+00
6.170555e+00 4.647152e-02 0.000000e+00
6.170555e+00 5.017999e-02 0.000000e+00
6.170555e+00 5.418441e-02 0.000000e+00
6.170555e+00 5.850838e-02 0.000000e+00
6.170555e+00 6.317741e-02 0.000000e+00
6.170555e+00 6.821903e-02 0.000000e+00
6.170555e+00 7.366298e-02 0.000000e+00
6.170555e+00 7.954136e-02 0.000000e+00
6.170555e+00 8.588885e-02 0.000000e+00
6.170555e+00 9.274286e-02 0.000000e+00
6.170555e+00 1.001438e-01 0.000000e+00
6.170555e+00 1.081354e-01 0.000000e+00
6.170555e+00 1.167647e-01 0.000000e+00
6.170555e+00 1.260827e-01 0.000000e+00
6.170555e+00 1.361442e-01 0.000000e+00
6.170555e+00 1.470087e-01 0.000000e+00
6.170555e+00 1.587401e-01 0.000000e+00
6.170555e+00 1.714077e-01 0.000000e+00
6.170555e+00 1.850862e-01 0.000000e+00
6.170555e+00 1.998563e-01 0.000000e+00
6.170555e+00 2.158051e-01 0.000000e+00
6.170555e+00 2.330265e-01 0.000000e+00
6.170555e+00 2.516223e-01 0.000000e+00
6.170555e+00 2.717020e-01 0.000000e+00
6.170555e+00 2.933841e-01 0.000000e+00
6.170555e+00 3.167964e-01 0.000000e+00
6.170555e+00 3.420771e-01 0.000000e+00
6.170555e+00 3.693752e-01 0.000000e+00
6.170555e+00 3.988518e-01 0.000000e+00
6.170555e+00 4.306805e-01 0.000000e+00
6.170555e+00 4.650493e-01 0.000000e+00
6.170555e+00 5.021607e-01 0.000000e+00
6.170555e+00 5.422336e-01 0.000000e+00
6.170555e+00 5.855044e-01 0.000000e+00
6.170555e+00 6.322283e-01 0.000000e+00
6.170555e+00 6.826808e-01 0.000000e+00
6.170555e+00 7.371594e-01 0.000000e+00
6.170555e+00 7.959855e-01 0.000000e+00
6.170555e+00 8.595059e-01 0.000000e+00
6.170555e+00 9.280954e-01 0.000000e+00
6.170555e+00 1.002158e+00 0.000000e+00
6.170555e+00 1.082132e+00 0.000000e+00
6.170555e+00 1.168487e+00 0.000000e+00
6.170555e+00 1.261733e+00 0.000000e+00
6.170555e+00 1.362421e+00 0.000000e+00
6.170555e+00 1.471144e+00 0.000000e+00
6.170555e+00 1.588542e+00 0.000000e+00
6.170555e+00 1.715310e+00 0.000000e+00
6.170555e+00 1.852193e+00 0.000000e+00
6.170555e+00 2.000000e+00 0.000000e+00
6.313967e+00 1.000000e-03 0.000000e+00
6.313967e+00 1.079801e-03 0.000000e+00
6.313967e+00 1.165970e-03 0.000000e+00
6.313967e+00 1.259016e-03 0.000000e+00
6.313967e+00 1.359487e-03 0.000000e+00
6.313967e+00 1.467975e-03 0.000000e+00
6.313967e+00 1.585121e-03 0.000000e+00
6.313967e+00 1.711615e-03 0.000000e+00
6.313967e+00 1.848204e-03 0.000000e+00
6.313967e+00 1.995693e-03 0.000000e+00
6.313967e+00 2.154951e-03 0.000000e+00
6.313967e+00 2.326918e-03 0.000000e+00
6.313967e+00 2.512609e-03 0.000000e+00
6.313967e+00 2.713117e-03 0.000000e+00
6.313967e+00 2.929627e-03 0.000000e+00
6.313967e+00 3.163414e-03 0.000000e+00
6.313967e+00 3.415858e-03 0.000000e+00
6.313967e+00 3.688447e-03 0.000000e+00
6.313967e+00 3.982789e-03 0.000000e+00
6.313967e+00 4.300619e-03 0.000000e+00
6.313967e+00 4.643813e-03 0.000000e+00
6.313967e+00 5.014394e-03 0.000000e+00
6.313967e+00 5.414548e-03 0.000000e+00
6.313967e+00 5.846635e-03 0.000000e+00
6.313967e+00 6.313202e-03 0.000000e+00
6.313967e+00 6.817002e-03 0.000000e+00
6.313967e+00 7.361006e-03 0.000000e+00
6.313967e+00 7.948422e-03 0.000000e+00
6.313967e+00 8.582714e-03 0.000000e+00
6.313967e+00 9.267624e-03 0.000000e+00
6.313967e+00 1.000719e-02 0.000000e+00
6.313967e+00 1.080577e-02 0.000000e+00
6.313967e+00 1.166809e-02 0.000000e+00
6.313967e+00 1.259921e-02 0.000000e+00
6.313967e+00 1.360464e-02 0.000000e+00
6.313967e+00 1.469030e-02 0.000000e+00
6.313967e+00 1.586261e-02 0.000000e+00
6.313967e+00 1.712846e-02 0.000000e+00
6.313967e+00 1.849533e-02 0.000000e+00
6.313967e+00 1.997127e-02 0.000000e+00
6.313967e+00 2.156500e-02 0.000000e+00
6.313967e+00 2.328591e-02 0.000000e+00
6.313967e+00 2.514415e-02 0.000000e+00
6.313967e+00 2.715068e-02 0.000000e+00
6.313967e+00 2.931733e-02 0.000000e+00
6.313967e+00 3.165689e-02 0.000000e+00
6.313967e+00 3.418314e-02 0.000000e+00
6.313967e+00 3.691099e-02 0.000000e+00
6.313967e+00 3.985652e-02 0.000000e+00
6.313967e+00 4.303711e-02 0.000000e+00
6.313967e+00 4.647152e-02 0.000000e+00
6.313967e+00 5.017999e-02 0.000000e+00
6.313967e+00 5.418441e-02 0.000000e+00
6.313967e+00 5.850838e-02 0.000000e+00
6.313967e+00 6.317741e-02 0.000000e+00
6.313967e+00 6.821903e-02 0.000000e+00
6.313967e+00 7.366298e-02 0.000000e+00
6.313967e+00 7.954136e-02 0.000000e+00
6.313967e+00 8.588885e-02 0.000000e+00
6.313967e+00 9.274286e-02 0.000000e+00
6.313967e+00 1.001438e-01 0.000000e+00
6.313967e+00 1.081354e-01 0.000000e+00
6.313967e+00 1.167647e-01 0.000000e+00
6.313967e+00 1.260827e-01 0.000000e+00
6.313967e+00 1.361442e-01 0.000000e+00
6.313967e+00 1.470087e-01 0.000000e+00
6.313967e+00 1.587401e-01 0.000000e+00
6.313967e+00 1.714077e-01 0.000000e+00
6.313967e+00 1.850862e-01 0.000000e+00
6.313967e+00 1.998563e-01 0.000000e+00
6.313967e+00 2.158051e-01 0.000000e+00
6.313967e+00 2.330265e-01 0.000000e+00
6.313967e+00 2.516223e-01 0.000000e+00
6.313967e+00 2.717020e-01 0.000000e+00
6.313967e+00 2.933841e-01 0.000000e+00
6.313967e+00 3.167964e-01 0.000000e+00
6.313967e+00 3.420771e-01 0.000000e+00
6.313967e+00 3.693752e-01 0.000000e+00
6.313967e+00 3.988518e-01 0.000000e+00
6.313967e+00 4.306805e-01 0.000000e+00
6.313967e+00 4.650493e-01 0.000000e+00
6.313967e+00 5.021607e-01 0.000000e+00
6.313967e+00 5.422336e-01 0.000000e+00
6.313967e+00 5.855044e-01 0.000000e+00
6.313967e+00 6.322283e-01 0.000000e+00
6.313967e+00 6.826808e-01 0.000000e+00
6.313967e+00 7.371594e-01 0.000000e+00
6.313967e+00 7.959855e-01 0.000000e+00
6.313967e+00 8.595059e-01 0.000000e+00
6.313967e+00 9.280954e-01 0.000000e+00
6.313967e+00 1.002158e+00 0.000000e+00
6.313967e+00 1.082132e+00 0.000000e+00
6.313967e+00 1.168487e+00 0.000000e+00
6.313967e+00 1.261733e+00 0.000000e+00
6.313967e+00 1.362421e+00 0.000000e+00
6.313967e+00 1.471144e+00 0.000000e+00
6.313967e+00 1.588542e+00 0.000000e+00
6.313967e+00 1.715310e+00 0.000000e+00
6.313967e+00 1.852193e+00 0.000000e+00
6.313967e+00 2.000000e+00 0.000000e+00
6.460246e+00 1.000000e-03 0.000000e+00
6.460246e+00 1.079801e-03 0.000000e+00
6.460246e+00 1.165970e-03 0.000000e+00
6.460246e+00 1.259016e-03 0.000000e+00
6.460246e+00 1.359487e-03 0.000000e+00
6.460246e+00 1.467975e-03 0.000000e+00
6.460246e+00 1.585121e-03 0.000000e+00
6.460246e+00 1.711615e-03 0.000000e+00
6.460246e+00 1.848204e-03 0.000000e+00
6.460246e+00 1.995693e-03 0.000000e+00
6.460246e+00 2.154951e-03 0.000000e+00
6.460246e+00 2.326918e-03 0.000000e+00
6.460246e+00 2.512609e-03 0.000000e+00
6.460246e+00 2.713117e-03 0.000000e+00
6.460246e+00 2.929627e-03 0.000000e+00
6.460246e+00 3.163414e-03 0.000000e+00
6.460246e+00 3.415858e-03 0.000000e+00
6.460246e+00 3.688447e-03 0.000000e+00
6.460246e+00 3.982789e-03 0.000000e+00
6.460246e+00 4.300619e-03 0.000000e+00
6.460246e+00 4.643813e-03 0.000000e+00
6.460246e+00 5.014394e-03 0.000000e+00
6.460246e+00 5.414548e-03 0.000000e+00
6.460246e+00 5.846635e-03 0.000000e+00
6.460246e+00 6.313202e-03 0.000000e+00
6.460246e+00 6.817002e-03 0.000000e+00
6.460246e+00 7.361006e-03 0.000000e+00
6.460246e+00 7.948422e-03 0.000000e+00
6.460246e+00 8.582714e-03 0.000000e+00
6.460246e+00 9.267624e-03 0.000000e+00
6.460246e+00 1.000719e-02 0.000000e+00
6.460246e+00 1.080577e-02 0.000000e+00
6.460246e+00 1.166809e-02 0.000000e+00
6.460246e+00 1.259921e-02 0.000000e+00
6.460246e+00 1.360464e-02 0.000000e+00
6.460246e+00 1.469030e-02 0.000000e+00
6.460246e+00 1.586261e-02 0.000000e+00
6.460246e+00 1.712846e-02 0.000000e+00
6.460246e+00 1.849533e-02 0.000000e+00
6.460246e+00 1.997127e-02 0.000000e+00
6.460246e+00 2.156500e-02 0.000000e+00
6.460246e+00 2.328591e-02 0.000000e+00
6.460246e+00 2.514415e-02 0.000000e+00
6.460246e+00 2.715068e-02 0.000000e+00
6.460246e+00 2.931733e-02 0.000000e+00
6.460246e+00 3.165689e-02 0.000000e+00
6.460246e+00 3.418314e-02 0.000000e+00
6.460246e+00 3.691099e-02 0.000000e+00
6.460246e+00 3.985652e-02 0.000000e+00
6.460246e+00 4.303711e-02 0.000000e+00
6.460246e+00 4.647152e-02 0.000000e+00
6.460246e+00 5.017999e-02 0.000000e+00
6.460246e+00 5.418441e-02 0.000000e+00
6.460246e+00 5.850838e-02 0.000000e+00
6.460246e+00 6.317741e-02 0.000000e+00
6.460246e+00 6.821903e-02 0.000000e+00
6.460246e+00 7.366298e-02 0.000000e+00
6.460246e+00 7.954136e-02 0.000000e+00
6.460246e+00 8.588885e-02 0.000000e+00
6.460246e+00 9.274286e-02 0.000000e+00
6.460246e+00 1.001438e-01 0.000000e+00
6.460246e+00 1.081354e-01 0.000000e+00
6.460246e+00 1.167647e-01 0.000000e+00
6.460246e+00 1.260827e-01 0.000000e+00
6.460246e+00 1.361442e-01 0.000000e+00
6.460246e+00 1.470087e-01 0.000000e+00
6.460246e+00 1.587401e-01 0.000000e+00
6.460246e+00 1.714077e-01 0.000000e+00
6.460246e+00 1.850862e-01 0.000000e+00
6.460246e+00 1.998563e-01 0.000000e+00
6.460246e+00 2.158051e-01 0.000000e+00
6.460246e+00 2.330265e-01 0.000000e+00
6.460246e+00 2.516223e-01 0.000000e+00
6.460246e+00 2.717020e-01 0.000000e+00
6.460246e+00 2.933841e-01 0.000000e+00
6.460246e+00 3.167964e-01 0.000000e+00
6.460246e+00 3.420771e-01 0.000000e+00
6.460246e+00 3.693752e-01 0.000000e+00
6.460246e+00 3.988518e-01 0.000000e+00
6.460246e+00 4.306805e-01 0.000000e+00
6.460246e+00 4.650493e-01 0.000000e+00
6.460246e+00 5.021607e-01 0.000000e+00
6.460246e+00 5.422336e-01 0.000000e+00
6.460246e+00 5.855044e-01 0.000000e+00
6.460246e+00 6.322283e-01 0.000000e+00
6.460246e+00 6.826808e-01 0.000000e+00
6.460246e+00 7.371594e-01 0.000000e+00
6.460246e+00 7.959855e-01 0.000000e+00
6.460246e+00 8.595059e-01 0.000000e+00
6.460246e+00 9.280954e-01 0.000000e+00
6.460246e+00 1.002158e+00 0.000000e+00
6.460246e+00 1.082132e+00 0.000000e+00
6.460246e+00 1.168487e+00 0.000000e+00
6.460246e+00 1.261733e+00 0.000000e+00
6.460246e+00 1.362421e+00 0.000000e+00
6.460246e+00 1.471144e+00 0.000000e+00
6.460246e+00 1.588542e+00 0.000000e+00
6.460246e+00 1.715310e+00 0.000000e+00
6.460246e+00 1.852193e+00 0.000000e+00
6.460246e+00 2.000000e+00 0.000000e+00
6.609451e+00 1.000000e-03 0.000000e+00
6.609451e+00 1.079801e-03 0.000000e+00
6.609451e+00 1.165970e-03 0.000000e+00
6.609451e+00 1.259016e-03 0.000000e+00
6.609451e+00 1.359487e-03 0.000000e+00
6.609451e+00 1.467975e-03 0.000000e+00
6.609451e+00 1.585121e-03 0.000000e+00
6.609451e+00 1.711615e-03 0.000000e+00
6.609451e+00 1.848204e-03 0.000000e+00
6.609451e+00 1.995693e-03 0.000000e+00
6.609451e+00 2.154951e-03 0.000000e+00
6.609451e+00 2.326918e-03 0.000000e+00
6.609451e+00 2.512609e-03 0.000000e+00
6.609451e+00 2.713117e-03 0.000000e+00
6.609451e+00 2.929627e-03 0.000000e+00
6.609451e+00 3.163414e-03 0.000000e+00
6.609451e+00 3.415858e-03 0.000000e+00
6.609451e+00 3.688447e-03 0.000000e+00
6.609451e+00 3.982789e-03 0.000000e+00
6.609451e+00 4.300619e-03 0.000000e+00
6.609451e+00 4.643813e-03 0.000000e+00
6.609451e+00 5.014394e-03 0.000000e+00
6.609451e+00 5.414548e-03 0.000000e+00
6.609451e+00 5.846635e-03 0.000000e+00
6.609451e+00 6.313202e-03 0.000000e+00
6.609451e+00 6.817002e-03 0.000000e+00
6.609451e+00 7.361006e-03 0.000000e+00
6.609451e+00 7.948422e-03 0.000000e+00
6.609451e+00 8.582714e-03 0.000000e+00
6.609451e+00 9.267624e-03 0.000000e+00
6.609451e+00 1.000719e-02 0.000000e+00
6.609451e+00 1.080577e-02 0.000000e+00
6.609451e+00 1.166809e-02 0.000000e+00
6.609451e+00 1.259921e-02 0.000000e+00
6.609451e+00 1.360464e-02 0.000000e+00
6.609451e+00 1.469030e-02 0.000000e+00
6.609451e+00 1.586261e-02 0.000000e+00
6.609451e+00 1.712846e-02 0.000000e+00
6.609451e+00 1.849533e-02 0.000000e+00
6.609451e+00 1.997127e-02 0.000000e+00
6.609451e+00 2.156500e-02 0.000000e+00
6.609451e+00 2.328591e-02 0.000000e+00
6.609451e+00 2.514415e-02 0.000000e+00
6.609451e+00 2.715068e-02 0.000000e+00
6.609451e+00 2.931733e-02 0.000000e+00
6.609451e+00 3.165689e-02 0.000000e+00
6.609451e+00 3.418314e-02 0.000000e+00
6.609451e+00 3.691099e-02 0.000000e+00
6.609451e+00 3.985652e-02 0.000000e+00
6.609451e+00 4.303711e-02 0.000000e+00
6.609451e+00 4.647152e-02 0.000000e+00
6.609451e+00 5.017999e-02 0.000000e+00
6.609451e+00 5.418441e-02 0.000000e+00
6.609451e+00 5.850838e-02 0.000000e+00
6.609451e+00 6.317741e-02 0.000000e+00
6.609451e+00 6.821903e-02 0.000000e+00
6.609451e+00 7.366298e-02 0.000000e+00
6.609451e+00 7.954136e-02 0.000000e+00
6.609451e+00 8.588885e-02 0.000000e+00
6.609451e+00 9.274286e-02 0.000000e+00
6.609451e+00 1.001438e-01 0.000000e+00
6.609451e+00 1.081354e-01 0.000000e+00
6.609451e+00 1.167647e-01 0.000000e+00
6.609451e+00 1.260827e-01 0.000000e+00
6.609451e+00 1.361442e-01 0.000000e+00
6.609451e+00 1.470087e-01 0.000000e+00
6.609451e+00 1.587401e-01 0.000000e+00
6.609451e+00 1.714077e-01 0.000000e+00
6.609451e+00 1.850862e-01 0.000000e+00
6.609451e+00 1.998563e-01 0.000000e+00
6.609451e+00 2.158051e-01 -1.515290e-18
6.609451e+00 2.330265e-01 -1.515290e-18
6.609451e+00 2.516223e-01 0.000000e+00
6.609451e+00 2.717020e-01 0.000000e+00
6.609451e+00 2.933841e-01 0.000000e+00
6.609451e+00 3.167964e-01 0.000000e+00
6.609451e+00 3.420771e-01 0.000000e+00
6.609451e+00 3.693752e-01 0.000000e+00
6.609451e+00 3.988518e-01 0.000000e+00
6.609451e+00 4.306805e-01 0.000000e+00
6.609451e+00 4.650493e-01 0.000000e+00
6.609451e+00 5.021607e-01 0.000000e+00
6.609451e+00 5.422336e-01 0.000000e+00
6.609451e+00 5.855044e-01 0.000000e+00
6.609451e+00 6.322283e-01 0.000000e+00
6.609451e+00 6.826808e-01 0.000000e+00
6.609451e+00 7.371594e-01 0.000000e+00
6.609451e+00 7.959855e-01 0.000000e+00
6.609451e+00 8.595059e-01 0.000000e+00
6.609451e+00 9.280954e-01 0.000000e+00
6.609451e+00 1.002158e+00 0.000000e+00
6.609451e+00 1.082132e+00 0.000000e+00
6.609451e+00 1.168487e+00 0.000000e+00
6.609451e+00 1.261733e+00 0.000000e+00
6.609451e+00 1.362421e+00 0.000000e+00
6.609451e+00 1.471144e+00 0.000000e+00
6.609451e+00 1.588542e+00 0.000000e+00
6.609451e+00 1.715310e+00 0.000000e+00
6.609451e+00 1.852193e+00 0.000000e+00
6.609451e+00 2.000000e+00 0.000000e+00
6.761640e+00 1.000000e-03 -2.446512e-01
6.761640e+00 1.079801e-03 -2.623163e-01
6.761640e+00 1.165970e-03 -2.810965e-01
6.761640e+00 1.259016e-03 -3.010341e-01
6.761640e+00 1.359487e-03 -3.221678e-01
6.761640e+00 1.467975e-03 -3.445332e-01
6.761640e+00 1.585121e-03 -3.681600e-01
6.761640e+00 1.711615e-03 -3.930714e-01
6.761640e+00 1.848204e-03 -4.192837e-01
6.761640e+00 1.995693e-03 -4.468012e-01
6.761640e+00 2.154951e-03 -4.756144e-01
6.761640e+00 2.326918e-03 -5.057014e-01
6.761640e+00 2.512609e-03 -5.370225e-01
6.761640e+00 2.713117e-03 -5.695180e-01
6.761640e+00 2.929627e-03 -6.031096e-01
6.761640e+00 3.163414e-03 -6.376926e-01
6.761640e+00 3.415858e-03 -6.731337e-01
6.761640e+00 3.688447e-03 -7.092742e-01
6.761640e+00 3.982789e-03 -7.459187e-01
6.761640e+00 4.300619e-03 -7.828335e-01
6.761640e+00 4.643813e-03 -8.197536e-01
6.761640e+00 5.014394e-03 -8.563651e-01
6.761640e+00 5.414548e-03 -8.923060e-01
6.761640e+00 5.846635e-03 -9.271804e-01
6.761640e+00 6.313202e-03 -9.605319e-01
6.761640e+00 6.817002e-03 -9.918484e-01
6.761640e+00 7.361006e-03 -1.020592e+00
6.761640e+00 7.948422e-03 -1.046158e+00
6.761640e+00 8.582714e-03 -1.067893e+00
6.761640e+00 9.267624e-03 -1.085146e+00
6.761640e+00 1.000719e-02 -1.097226e+00
6.761640e+00 1.080577e-02 -1.103433e+00
6.761640e+00 1.166809e-02 -1.103138e+00
6.761640e+00 1.259921e-02 -1.095785e+00
6.761640e+00 1.360464e-02 -1.080929e+00
6.761640e+00 1.469030e-02 -1.058305e+00
6.761640e+00 1.586261e-02 -1.027971e+00
6.761640e+00 1.712846e-02 -9.902825e-01
6.761640e+00 1.849533e-02 -9.458333e-01
6.761640e+00 1.997127e-02 -8.959042e-01
6.761640e+00 2.156500e-02 -8.422107e-01
6.761640e+00 2.328591e-02 -7.864088e-01
6.761640e+00 2.514415e-02 -7.307734e-01
6.761640e+00 2.715068e-02 -6.777330e-01
6.761640e+00 2.931733e-02 -6.291104e-01
6.761640e+00 3.165689e-02 -5.862420e-01
6.761640e+00 3.418314e-02 -5.499313e-01
6.761640e+00 3.691099e-02 -5.196171e-01
6.761640e+00 3.985652e-02 -4.934634e-01
6.761640e+00 4.303711e-02 -4.683898e-01
6.761640e+00 4.647152e-02 -4.406570e-01
6.761640e+00 5.017999e-02 -4.070860e-01
6.761640e+00 5.418441e-02 -4.248326e-01
6.761640e+00 5.850838e-02 -5.420526e-01
6.761640e+00 6.317741e-02 -6.686269e-01
6.761640e+00 6.821903e-02 -8.053019e-01
6.761640e+00 7.366298e-02 -9.248665e-01
6.761640e+00 7.954136e-02 -7.678865e-01
6.761640e+00 8.588885e-02 -5.983793e-01
6.761640e+00 9.274286e-02 -4.153452e-01
6.761640e+00 1.001438e-01 -2.177048e-01
6.761640e+00 1.081354e-01 -1.323334e-01
6.761640e+00 1.167647e-01 -1.012377e-01
6.761640e+00 1.260827e-01 -6.766061e-02
6.761640e+00 1.361442e-01 -3.140400e-02
6.761640e+00 1.470087e-01 -6.858187e-04
6.761640e+00 1.587401e-01 -3.433895e-03
6.761640e+00 1.714077e-01 -6.401270e-03
6.761640e+00 1.850862e-01 -9.605446e-03
6.761640e+00 1.998563e-01 -1.306532e-02
6.761640e+00 2.158051e-01 -1.108647e-02
6.761640e+00 2.330265e-01 -7.808203e-03
6.761640e+00 2.516223e-01 -4.268330e-03
6.761640e+00 2.717020e-01 -4.459709e-04
6.761640e+00 2.933841e-01 1.504028e-03
6.761640e+00 3.167964e-01 8.423234e-04
6.761640e+00 3.420771e-01 1.278144e-04
6.761640e+00 3.693752e-01 -6.437131e-04
6.761640e+00 3.988518e-01 -1.408292e-03
6.761640e+00 4.306805e-01 -1.272811e-03
6.761640e+00 4.650493e-01 -1.126519e-03
6.761640e+00 5.021607e-01 -9.685531e-04
6.761640e+00 5.422336e-01 -7.979809e-04
6.761640e+00 5.855044e-01 -6.566079e-04
6.761640e+00 6.322283e-01 -5.239033e-04
6.761640e+00 6.826808e-01 -3.806088e-04
6.761640e+00 7.371594e-01 -2.258793e-04
6.761640e+00 7.959855e-01 -1.080620e-04
6.761640e+00 8.595059e-01 -9.675501e-05
6.761640e+00 9.280954e-01 -8.454565e-05
6.761640e+00 1.002158e+00 -7.136198e-05
6.761640e+00 1.082132e+00 -5.712624e-05
6.761640e+00 1.168487e+00 -5.032247e-05
6.761640e+00 1.261733e+00 -4.370549e-05
6.761640e+00 1.362421e+00 -3.656047e-05
6.761640e+00 1.471144e+00 -2.884527e-05
6.761640e+00 1.588542e+00 -2.323934e-05
6.761640e+00 1.715310e+00 -1.957184e-05
6.761640e+00 1.852193e+00 -1.561168e-05
6.761640e+00 2.000000e+00 -1.133549e-05
6.916873e+00 1.000000e-03 -1.911347e+01
6.916873e+00 1.079801e-03 -2.049380e+01
6.916873e+00 1.165970e-03 -2.196129e+01
6.916873e+00 1.259016e-03 -2.351921e+01
6.916873e+00 1.359487e-03 -2.517060e+01
6.916873e+00 1.467975e-03 -2.691821e+01
6.916873e+00 1.585121e-03 -2.876437e+01
6.916873e+00 1.711615e-03 -3.071089e+01
6.916873e+00 1.848204e-03 -3.275903e+01
6.916873e+00 1.995693e-03 -3.490915e+01
6.916873e+00 2.154951e-03 -3.716051e+01
6.916873e+00 2.326918e-03 -3.951140e+01
6.916873e+00 2.512609e-03 -4.195871e+01
6.916873e+00 2.713117e-03 -4.449778e+01
6.916873e+00 2.929627e-03 -4.712249e+01
6.916873e+00 3.163414e-03 -4.982465e+01
6.916873e+00 3.415858e-03 -5.259384e+01
6.916873e+00 3.688447e-03 -5.541769e+01
6.916873e+00 3.982789e-03 -5.828091e+01
6.916873e+00 4.300619e-03 -6.116525e+01
6.916873e+00 4.643813e-03 -6.405000e+01
6.916873e+00 5.014394e-03 -6.691063e+01
6.916873e+00 5.414548e-03 -6.971886e+01
6.916873e+00 5.846635e-03 -7.244377e+01
6.916873e+00 6.313202e-03 -7.504968e+01
6.916873e+00 6.817002e-03 -7.749658e+01
6.916873e+00 7.361006e-03 -7.974241e+01
6.916873e+00 7.948422e-03 -8.174000e+01
6.916873e+00 8.582714e-03 -8.343826e+01
6.916873e+00 9.267624e-03 -8.478636e+01
6.916873e+00 1.000719e-02 -8.573026e+01
6.916873e+00 1.080577e-02 -8.621523e+01
6.916873e+00 1.166809e-02 -8.619223e+01
6.916873e+00 1.259921e-02 -8.561775e+01
6.916873e+00 1.360464e-02 -8.445694e+01
6.916873e+00 1.469030e-02 -8.268930e+01
6.916873e+00 1.586261e-02 -8.031915e+01
6.916873e+00 1.712846e-02 -7.737445e+01
6.916873e+00 1.849533e-02 -7.390148e+01
6.916873e+00 1.997127e-02 -7.000034e+01
6.916873e+00 2.156500e-02 -6.580507e+01
6.916873e+00 2.328591e-02 -6.144506e+01
6.916873e+00 2.514415e-02 -5.709806e+01
6.916873e+00 2.715068e-02 -5.295381e+01
6.916873e+00 2.931733e-02 -4.915475e+01
6.916873e+00 3.165689e-02 -4.580528e+01
6.916873e+00 3.418314e-02 -4.296819e+01
6.916873e+00 3.691099e-02 -4.059963e+01
6.916873e+00 3.985652e-02 -3.855615e+01
6.916873e+00 4.303711e-02 -3.659704e+01
6.916873e+00 4.647152e-02 -3.443018e+01
6.916873e+00 5.017999e-02 -3.180716e+01
6.916873e+00 5.418441e-02 -2.854880e+01
6.916873e+00 5.850838e-02 -2.477398e+01
6.916873e+00 6.317741e-02 -2.069792e+01
6.916873e+00 6.821903e-02 -1.629659e+01
6.916873e+00 7.366298e-02 -1.181304e+01
6.916873e+00 7.954136e-02 -9.718715e+00
6.916873e+00 8.588885e-02 -7.457254e+00
6.916873e+00 9.274286e-02 -5.015327e+00
6.916873e+00 1.001438e-01 -2.378532e+00
6.916873e+00 1.081354e-01 -1.494717e+00
6.916873e+00 1.167647e-01 -1.477113e+00
6.916873e+00 1.260827e-01 -1.458104e+00
6.916873e+00 1.361442e-01 -1.437578e+00
6.916873e+00 1.470087e-01 -1.375544e+00
6.916873e+00 1.587401e-01 -1.138719e+00
6.916873e+00 1.714077e-01 -8.829962e-01
6.916873e+00 1.850862e-01 -6.068659e-01
6.916873e+00 1.998563e-01 -3.087002e-01
6.916873e+00 2.158051e-01 -2.479547e-01
6.916873e+00 2.330265e-01 -2.345375e-01
6.916873e+00 2.516223e-01 -2.200497e-01
6.916873e+00 2.717020e-01 -2.044056e-01
6.916873e+00 2.933841e-01 -1.813091e-01
6.916873e+00 3.167964e-01 -1.484843e-01
6.916873e+00 3.420771e-01 -1.130400e-01
6.916873e+00 3.693752e-01 -7.476732e-02
6.916873e+00 3.988518e-01 -3.606153e-02
6.916873e+00 4.306805e-01 -3.103290e-02
6.916873e+00 4.650493e-01 -2.560298e-02
6.916873e+00 5.021607e-01 -1.973974e-02
6.916873e+00 5.422336e-01 -1.340861e-02
6.916873e+00 5.855044e-01 -1.034351e-02
6.916873e+00 6.322283e-01 -8.791247e-03
6.916873e+00 6.826808e-01 -7.115109e-03
6.916873e+00 7.371594e-01 -5.305215e-03
6.916873e+00 7.959855e-01 -3.805203e-03
6.916873e+00 8.595059e-01 -3.254526e-03
6.916873e+00 9.280954e-01 -2.659905e-03
6.916873e+00 1.002158e+00 -2.017832e-03
6.916873e+00 1.082132e+00 -1.324520e-03
6.916873e+00 1.168487e+00 -1.116034e-03
6.916873e+00 1.261733e+00 -9.369161e-04
6.916873e+00 1.362421e+00 -7.435038e-04
6.916873e+00 1.471144e+00 -5.346571e-04
6.916873e+00 1.588542e+00 -4.061649e-04
6.916873e+00 1.715310e+00 -3.523645e-04
6.916873e+00 1.852193e+00 -2.942708e-04
6.916873e+00 2.000000e+00 -2.315411e-04
7.075210e+00 1.000000e-03 -4.728786e+01
7.075210e+00 1.079801e-03 -5.070352e+01
7.075210e+00 1.165970e-03 -5.433486e+01
7.075210e+00 1.259016e-03 -5.818999e+01
7.075210e+00 1.359487e-03 -6.227640e+01
7.075210e+00 1.467975e-03 -6.660088e+01
7.075210e+00 1.585121e-03 -7.116918e+01
7.075210e+00 1.711615e-03 -7.598576e+01
7.075210e+00 1.848204e-03 -8.105378e+01
7.075210e+00 1.995693e-03 -8.637409e+01
7.075210e+00 2.154951e-03 -9.194488e+01
7.075210e+00 2.326918e-03 -9.776195e+01
7.075210e+00 2.512609e-03 -1.038176e+02
7.075210e+00 2.713117e-03 -1.101003e+02
7.075210e+00 2.929627e-03 -1.165949e+02
7.075210e+00 3.163414e-03 -1.232811e+02
7.075210e+00 3.415858e-03 -1.301332e+02
7.075210e+00 3.688447e-03 -1.371204e+02
7.075210e+00 3.982789e-03 -1.442051e+02
7.075210e+00 4.300619e-03 -1.513421e+02
7.075210e+00 4.643813e-03 -1.584800e+02
7.075210e+00 5.014394e-03 -1.655583e+02
7.075210e+00 5.414548e-03 -1.725069e+02
7.075210e+00 5.846635e-03 -1.792493e+02
7.075210e+00 6.313202e-03 -1.856973e+02
7.075210e+00 6.817002e-03 -1.917518e+02
7.075210e+00 7.361006e-03 -1.973088e+02
7.075210e+00 7.948422e-03 -2.022515e+02
7.075210e+00 8.582714e-03 -2.064536e+02
7.075210e+00 9.267624e-03 -2.097893e+02
7.075210e+00 1.000719e-02 -2.121249e+02
7.075210e+00 1.080577e-02 -2.133250e+02
7.075210e+00 1.166809e-02 -2.132682e+02
7.075210e+00 1.259921e-02 -2.118468e+02
7.075210e+00 1.360464e-02 -2.089745e+02
7.075210e+00 1.469030e-02 -2.046008e+02
7.075210e+00 1.586261e-02 -1.987363e+02
7.075210e+00 1.712846e-02 -1.914502e+02
7.075210e+00 1.849533e-02 -1.828569e+02
7.075210e+00 1.997127e-02 -1.732042e+02
7.075210e+00 2.156500e-02 -1.628237e+02
7.075210e+00 2.328591e-02 -1.520356e+02
7.075210e+00 2.514415e-02 -1.412797e+02
7.075210e+00 2.715068e-02 -1.310254e+02
7.075210e+00 2.931733e-02 -1.216253e+02
7.075210e+00 3.165689e-02 -1.133376e+02
7.075210e+00 3.418314e-02 -1.063177e+02
7.075210e+00 3.691099e-02 -1.004570e+02
7.075210e+00 3.985652e-02 -9.540078e+01
7.075210e+00 4.303711e-02 -9.055331e+01
7.075210e+00 4.647152e-02 -8.519176e+01
7.075210e+00 5.017999e-02 -7.870152e+01
7.075210e+00 5.418441e-02 -7.091872e+01
7.075210e+00 5.850838e-02 -6.235667e+01
7.075210e+00 6.317741e-02 -5.311136e+01
7.075210e+00 6.821903e-02 -4.312827e+01
7.075210e+00 7.366298e-02 -3.294712e+01
7.075210e+00 7.954136e-02 -2.806591e+01
7.075210e+00 8.588885e-02 -2.279517e+01
7.075210e+00 9.274286e-02 -1.710383e+01
7.075210e+00 1.001438e-01 -1.095831e+01
7.075210e+00 1.081354e-01 -8.272355e+00
7.075210e+00 1.167647e-01 -7.256601e+00
7.075210e+00 1.260827e-01 -6.159789e+00
7.075210e+00 1.361442e-01 -4.975451e+00
7.075210e+00 1.470087e-01 -3.853545e+00
7.075210e+00 1.587401e-01 -3.310661e+00
7.075210e+00 1.714077e-01 -2.724454e+00
7.075210e+00 1.850862e-01 -2.091468e+00
7.075210e+00 1.998563e-01 -1.407968e+00
7.075210e+00 2.158051e-01 -1.177468e+00
7.075210e+00 2.330265e-01 -1.029952e+00
7.075210e+00 2.516223e-01 -8.706642e-01
7.075210e+00 2.717020e-01 -6.986653e-01
7.075210e+00 2.933841e-01 -5.585618e-01
7.075210e+00 3.167964e-01 -4.652593e-01
7.075210e+00 3.420771e-01 -3.645112e-01
7.075210e+00 3.693752e-01 -2.557233e-01
7.075210e+00 3.988518e-01 -1.453390e-01
7.075210e+00 4.306805e-01 -1.255244e-01
7.075210e+00 4.650493e-01 -1.041286e-01
7.075210e+00 5.021607e-01 -8.102545e-02
7.075210e+00 5.422336e-01 -5.607860e-02
7.075210e+00 5.855044e-01 -4.354168e-02
7.075210e+00 6.322283e-01 -3.671515e-02
7.075210e+00 6.826808e-01 -2.934385e-02
7.075210e+00 7.371594e-01 -2.138431e-02
7.075210e+00 7.959855e-01 -1.485599e-02
7.075210e+00 8.595059e-01 -1.266904e-02
7.075210e+00 9.280954e-01 -1.030758e-02
7.075210e+00 1.002158e+00 -7.757669e-03
7.075210e+00 1.082132e+00 -5.004272e-03
7.075210e+00 1.168487e+00 -4.214916e-03
7.075210e+00 1.261733e+00 -3.548560e-03
7.075210e+00 1.362421e+00 -2.829028e-03
7.075210e+00 1.471144e+00 -2.052077e-03
7.075210e+00 1.588542e+00 -1.565383e-03
7.075210e+00 1.715310e+00 -1.348267e-03
7.075210e+00 1.852193e+00 -1.113825e-03
7.075210e+00 2.000000e+00 -8.606734e-04
7.236714e+00 1.000000e-03 -1.610746e+02
7.236714e+00 1.079801e-03 -1.727113e+02
7.236714e+00 1.165970e-03 -1.850830e+02
7.236714e+00 1.259016e-03 -1.982172e+02
7.236714e+00 1.359487e-03 -2.121393e+02
7.236714e+00 1.467975e-03 -2.268724e+02
7.236714e+00 1.585121e-03 -2.424360e+02
7.236714e+00 1.711615e-03 -2.588453e+02
7.236714e+00 1.848204e-03 -2.761110e+02
7.236714e+00 1.995693e-03 -2.942361e+02
7.236714e+00 2.154951e-03 -3.132145e+02
7.236714e+00 2.326918e-03 -3.330318e+02
7.236714e+00 2.512609e-03 -3.536621e+02
7.236714e+00 2.713117e-03 -3.750658e+02
7.236714e+00 2.929627e-03 -3.971911e+02
7.236714e+00 3.163414e-03 -4.199692e+02
7.236714e+00 3.415858e-03 -4.433122e+02
7.236714e+00 3.688447e-03 -4.671158e+02
7.236714e+00 3.982789e-03 -4.912513e+02
7.236714e+00 4.300619e-03 -5.155649e+02
7.236714e+00 4.643813e-03 -5.398817e+02
7.236714e+00 5.014394e-03 -5.639952e+02
7.236714e+00 5.414548e-03 -5.876670e+02
7.236714e+00 5.846635e-03 -6.106363e+02
7.236714e+00 6.313202e-03 -6.326026e+02
7.236714e+00 6.817002e-03 -6.532286e+02
7.236714e+00 7.361006e-03 -6.721594e+02
7.236714e+00 7.948422e-03 -6.889977e+02
7.236714e+00 8.582714e-03 -7.033130e+02
7.236714e+00 9.267624e-03 -7.146767e+02
7.236714e+00 1.000719e-02 -7.226337e+02
7.236714e+00 1.080577e-02 -7.267222e+02
7.236714e+00 1.166809e-02 -7.265288e+02
7.236714e+00 1.259921e-02 -7.216867e+02
7.236714e+00 1.360464e-02 -7.119021e+02
7.236714e+00 1.469030e-02 -6.970025e+02
7.236714e+00 1.586261e-02 -6.770243e+02
7.236714e+00 1.712846e-02 -6.522030e+02
7.236714e+00 1.849533e-02 -6.229288e+02
7.236714e+00 1.997127e-02 -5.900455e+02
7.236714e+00 2.156500e-02 -5.546828e+02
7.236714e+00 2.328591e-02 -5.179315e+02
7.236714e+00 2.514415e-02 -4.812899e+02
7.236714e+00 2.715068e-02 -4.463574e+02
7.236714e+00 2.931733e-02 -4.143344e+02
7.236714e+00 3.165689e-02 -3.861011e+02
7.236714e+00 3.418314e-02 -3.621868e+02
7.236714e+00 3.691099e-02 -3.422217e+02
7.236714e+00 3.985652e-02 -3.249968e+02
7.236714e+00 4.303711e-02 -3.084832e+02
7.236714e+00 4.647152e-02 -2.902183e+02
7.236714e+00 5.017999e-02 -2.681084e+02
7.236714e+00 5.418441e-02 -2.425759e+02
7.236714e+00 5.850838e-02 -2.161392e+02
7.236714e+00 6.317741e-02 -1.875927e+02
7.236714e+00 6.821903e-02 -1.567683e+02
7.236714e+00 7.366298e-02 -1.250592e+02
7.236714e+00 7.954136e-02 -1.069051e+02
7.236714e+00 8.588885e-02 -8.730218e+01
7.236714e+00 9.274286e-02 -6.613496e+01
7.236714e+00 1.001438e-01 -4.327857e+01
7.236714e+00 1.081354e-01 -3.317779e+01
7.236714e+00 1.167647e-01 -2.922689e+01
7.236714e+00 1.260827e-01 -2.496070e+01
7.236714e+00 1.361442e-01 -2.035406e+01
7.236714e+00 1.470087e-01 -1.595902e+01
7.236714e+00 1.587401e-01 -1.368057e+01
7.236714e+00 1.714077e-01 -1.122029e+01
7.236714e+00 1.850862e-01 -8.563679e+00
7.236714e+00 1.998563e-01 -5.695068e+00
7.236714e+00 2.158051e-01 -4.680748e+00
7.236714e+00 2.330265e-01 -4.001593e+00
7.236714e+00 2.516223e-01 -3.268240e+00
7.236714e+00 2.717020e-01 -2.476366e+00
7.236714e+00 2.933841e-01 -1.885120e+00
7.236714e+00 3.167964e-01 -1.581994e+00
7.236714e+00 3.420771e-01 -1.254677e+00
7.236714e+00 3.693752e-01 -9.012399e-01
7.236714e+00 3.988518e-01 -5.419946e-01
7.236714e+00 4.306805e-01 -4.682269e-01
7.236714e+00 4.650493e-01 -3.885725e-01
7.236714e+00 5.021607e-01 -3.025616e-01
7.236714e+00 5.422336e-01 -2.096868e-01
7.236714e+00 5.855044e-01 -1.627446e-01
7.236714e+00 6.322283e-01 -1.369151e-01
7.236714e+00 6.826808e-01 -1.090243e-01
7.236714e+00 7.371594e-01 -7.890786e-02
7.236714e+00 7.959855e-01 -5.427967e-02
7.236714e+00 8.595059e-01 -4.625563e-02
7.236714e+00 9.280954e-01 -3.759126e-02
7.236714e+00 1.002158e+00 -2.823547e-02
7.236714e+00 1.082132e+00 -1.813307e-02
7.236714e+00 1.168487e+00 -1.526584e-02
7.236714e+00 1.261733e+00 -1.285468e-02
7.236714e+00 1.362421e+00 -1.025111e-02
7.236714e+00 1.471144e+00 -7.439773e-03
7.236714e+00 1.588542e+00 -5.671449e-03
7.236714e+00 1.715310e+00 -4.871637e-03
7.236714e+00 1.852193e+00 -4.007999e-03
7.236714e+00 2.000000e+00 -3.075442e-03
7.401449e+00 1.000000e-03 -3.096711e+02
7.401449e+00 1.079801e-03 -3.320474e+02
7.401449e+00 1.165970e-03 -3.558372e+02
7.401449e+00 1.259016e-03 -3.810933e+02
7.401449e+00 1.359487e-03 -4.078644e+02
7.401449e+00 1.467975e-03 -4.361948e+02
7.401449e+00 1.585121e-03 -4.661219e+02
7.401449e+00 1.711615e-03 -4.976749e+02
7.401449e+00 1.848204e-03 -5.308743e+02
7.401449e+00 1.995693e-03 -5.657259e+02
7.401449e+00 2.154951e-03 -6.022180e+02
7.401449e+00 2.326918e-03 -6.403234e+02
7.401449e+00 2.512609e-03 -6.799919e+02
7.401449e+00 2.713117e-03 -7.211474e+02
7.401449e+00 2.929627e-03 -7.636904e+02
7.401449e+00 3.163414e-03 -8.074882e+02
7.401449e+00 3.415858e-03 -8.523723e+02
7.401449e+00 3.688447e-03 -8.981419e+02
7.401449e+00 3.982789e-03 -9.445497e+02
7.401449e+00 4.300619e-03 -9.912997e+02
7.401449e+00 4.643813e-03 -1.038056e+03
7.401449e+00 5.014394e-03 -1.084421e+03
7.401449e+00 5.414548e-03 -1.129937e+03
7.401449e+00 5.846635e-03 -1.174102e+03
7.401449e+00 6.313202e-03 -1.216339e+03
7.401449e+00 6.817002e-03 -1.255998e+03
7.401449e+00 7.361006e-03 -1.292398e+03
7.401449e+00 7.948422e-03 -1.324774e+03
7.401449e+00 8.582714e-03 -1.352299e+03
7.401449e+00 9.267624e-03 -1.374150e+03
7.401449e+00 1.000719e-02 -1.389449e+03
7.401449e+00 1.080577e-02 -1.397311e+03
7.401449e+00 1.166809e-02 -1.396940e+03
7.401449e+00 1.259921e-02 -1.387630e+03
7.401449e+00 1.360464e-02 -1.368817e+03
7.401449e+00 1.469030e-02 -1.340169e+03
7.401449e+00 1.586261e-02 -1.301755e+03
7.401449e+00 1.712846e-02 -1.254030e+03
7.401449e+00 1.849533e-02 -1.197743e+03
7.401449e+00 1.997127e-02 -1.134516e+03
7.401449e+00 2.156500e-02 -1.066522e+03
7.401449e+00 2.328591e-02 -9.958585e+02
7.401449e+00 2.514415e-02 -9.254056e+02
7.401449e+00 2.715068e-02 -8.582386e+02
7.401449e+00 2.931733e-02 -7.966660e+02
7.401449e+00 3.165689e-02 -7.423802e+02
7.401449e+00 3.418314e-02 -6.963987e+02
7.401449e+00 3.691099e-02 -6.580107e+02
7.401449e+00 3.985652e-02 -6.248913e+02
7.401449e+00 4.303711e-02 -5.931395e+02
7.401449e+00 4.647152e-02 -5.580205e+02
7.401449e+00 5.017999e-02 -5.155083e+02
7.401449e+00 5.418441e-02 -4.697059e+02
7.401449e+00 5.850838e-02 -4.280361e+02
7.401449e+00 6.317741e-02 -3.830410e+02
7.401449e+00 6.821903e-02 -3.344553e+02
7.401449e+00 7.366298e-02 -2.833201e+02
7.401449e+00 7.954136e-02 -2.416619e+02
7.401449e+00 8.588885e-02 -1.966792e+02
7.401449e+00 9.274286e-02 -1.481070e+02
7.401449e+00 1.001438e-01 -9.565856e+01
7.401449e+00 1.081354e-01 -7.237040e+01
7.401449e+00 1.167647e-01 -6.313308e+01
7.401449e+00 1.260827e-01 -5.315862e+01
7.401449e+00 1.361442e-01 -4.238818e+01
7.401449e+00 1.470087e-01 -3.231758e+01
7.401449e+00 1.587401e-01 -2.808581e+01
7.401449e+00 1.714077e-01 -2.351634e+01
7.401449e+00 1.850862e-01 -1.858221e+01
7.401449e+00 1.998563e-01 -1.325434e+01
7.401449e+00 2.158051e-01 -1.102591e+01
7.401449e+00 2.330265e-01 -9.323664e+00
7.401449e+00 2.516223e-01 -7.485578e+00
7.401449e+00 2.717020e-01 -5.500812e+00
7.401449e+00 2.933841e-01 -4.074465e+00
7.401449e+00 3.167964e-01 -3.445304e+00
7.401449e+00 3.420771e-01 -2.765935e+00
7.401449e+00 3.693752e-01 -2.032353e+00
7.401449e+00 3.988518e-01 -1.285310e+00
7.401449e+00 4.306805e-01 -1.110976e+00
7.401449e+00 4.650493e-01 -9.227309e-01
7.401449e+00 5.021607e-01 -7.194634e-01
7.401449e+00 5.422336e-01 -4.999749e-01
7.401449e+00 5.855044e-01 -3.881370e-01
7.401449e+00 6.322283e-01 -3.257028e-01
7.401449e+00 6.826808e-01 -2.582862e-01
7.401449e+00 7.371594e-01 -1.854897e-01
7.401449e+00 7.959855e-01 -1.261978e-01
7.401449e+00 8.595059e-01 -1.076215e-01
7.401449e+00 9.280954e-01 -8.756268e-02
7.401449e+00 1.002158e+00 -6.590318e-02
7.401449e+00 1.082132e+00 -4.251524e-02
7.401449e+00 1.168487e+00 -3.576014e-02
7.401449e+00 1.261733e+00 -3.004155e-02
7.401449e+00 1.362421e+00 -2.386661e-02
7.401449e+00 1.471144e+00 -1.719891e-02
7.401449e+00 1.588542e+00 -1.302754e-02
7.401449e+00 1.715310e+00 -1.117479e-02
7.401449e+00 1.852193e+00 -9.174192e-03
7.401449e+00 2.000000e+00 -7.013943e-03
7.569477e+00 1.000000e-03 -4.904904e+02
7.569477e+00 1.079801e-03 -5.259393e+02
7.569477e+00 1.165970e-03 -5.636278e+02
7.569477e+00 1.259016e-03 -6.036396e+02
7.569477e+00 1.359487e-03 -6.460515e+02
7.569477e+00 1.467975e-03 -6.909334e+02
7.569477e+00 1.585121e-03 -7.383443e+02
7.569477e+00 1.711615e-03 -7.883304e+02
7.569477e+00 1.848204e-03 -8.409244e+02
7.569477e+00 1.995693e-03 -8.961351e+02
7.569477e+00 2.154951e-03 -9.539444e+02
7.569477e+00 2.326918e-03 -1.014309e+03
7.569477e+00 2.512609e-03 -1.077151e+03
7.569477e+00 2.713117e-03 -1.142347e+03
7.569477e+00 2.929627e-03 -1.209742e+03
7.569477e+00 3.163414e-03 -1.279124e+03
7.569477e+00 3.415858e-03 -1.350227e+03
7.569477e+00 3.688447e-03 -1.422732e+03
7.569477e+00 3.982789e-03 -1.496248e+03
7.569477e+00 4.300619e-03 -1.570306e+03
7.569477e+00 4.643813e-03 -1.644374e+03
7.569477e+00 5.014394e-03 -1.717823e+03
7.569477e+00 5.414548e-03 -1.789926e+03
7.569477e+00 5.846635e-03 -1.859889e+03
7.569477e+00 6.313202e-03 -1.926797e+03
7.569477e+00 6.817002e-03 -1.989622e+03
7.569477e+00 7.361006e-03 -2.047284e+03
7.569477e+00 7.948422e-03 -2.098571e+03
7.569477e+00 8.582714e-03 -2.142174e+03
7.569477e+00 9.267624e-03 -2.176788e+03
7.569477e+00 1.000719e-02 -2.201026e+03
7.569477e+00 1.080577e-02 -2.213481e+03
7.569477e+00 1.166809e-02 -2.212894e+03
7.569477e+00 1.259921e-02 -2.198146e+03
7.569477e+00 1.360464e-02 -2.168344e+03
7.569477e+00 1.469030e-02 -2.122963e+03
7.569477e+00 1.586261e-02 -2.062113e+03
7.569477e+00 1.712846e-02 -1.986511e+03
7.569477e+00 1.849533e-02 -1.897347e+03
7.569477e+00 1.997127e-02 -1.797189e+03
7.569477e+00 2.156500e-02 -1.689480e+03
7.569477e+00 2.328591e-02 -1.577542e+03
7.569477e+00 2.514415e-02 -1.465937e+03
7.569477e+00 2.715068e-02 -1.359538e+03
7.569477e+00 2.931733e-02 -1.262000e+03
7.569477e+00 3.165689e-02 -1.176006e+03
7.569477e+00 3.418314e-02 -1.103167e+03
7.569477e+00 3.691099e-02 -1.042356e+03
7.569477e+00 3.985652e-02 -9.898917e+02
7.569477e+00 4.303711e-02 -9.395937e+02
7.569477e+00 4.647152e-02 -8.839615e+02
7.569477e+00 5.017999e-02 -8.166180e+02
7.569477e+00 5.418441e-02 -7.449733e+02
7.569477e+00 5.850838e-02 -6.815009e+02
7.569477e+00 6.317741e-02 -6.129633e+02
7.569477e+00 6.821903e-02 -5.389563e+02
7.569477e+00 7.366298e-02 -4.610229e+02
7.569477e+00 7.954136e-02 -3.970826e+02
7.569477e+00 8.588885e-02 -3.280397e+02
7.569477e+00 9.274286e-02 -2.534872e+02
7.569477e+00 1.001438e-01 -1.729854e+02
7.569477e+00 1.081354e-01 -1.349841e+02
7.569477e+00 1.167647e-01 -1.172922e+02
7.569477e+00 1.260827e-01 -9.818849e+01
7.569477e+00 1.361442e-01 -7.756030e+01
7.569477e+00 1.470087e-01 -5.836875e+01
7.569477e+00 1.587401e-01 -5.077782e+01
7.569477e+00 1.714077e-01 -4.258113e+01
7.569477e+00 1.850862e-01 -3.373033e+01
7.569477e+00 1.998563e-01 -2.417323e+01
7.569477e+00 2.158051e-01 -2.013025e+01
7.569477e+00 2.330265e-01 -1.701839e+01
7.569477e+00 2.516223e-01 -1.365820e+01
7.569477e+00 2.717020e-01 -1.002987e+01
7.569477e+00 2.933841e-01 -7.433048e+00
7.569477e+00 3.167964e-01 -6.307980e+00
7.569477e+00 3.420771e-01 -5.093130e+00
7.569477e+00 3.693752e-01 -3.781333e+00
7.569477e+00 3.988518e-01 -2.443911e+00
7.569477e+00 4.306805e-01 -2.108671e+00
7.569477e+00 4.650493e-01 -1.746679e+00
7.569477e+00 5.021607e-01 -1.355800e+00
7.569477e+00 5.422336e-01 -9.337275e-01
7.569477e+00 5.855044e-01 -7.216797e-01
7.569477e+00 6.322283e-01 -6.062792e-01
7.569477e+00 6.826808e-01 -4.816697e-01
7.569477e+00 7.371594e-01 -3.471162e-01
7.569477e+00 7.959855e-01 -2.372829e-01
7.569477e+00 8.595059e-01 -2.021193e-01
7.569477e+00 9.280954e-01 -1.641497e-01
7.569477e+00 1.002158e+00 -1.231500e-01
7.569477e+00 1.082132e+00 -7.887850e-02
7.569477e+00 1.168487e+00 -6.620214e-02
7.569477e+00 1.261733e+00 -5.550605e-02
7.569477e+00 1.362421e+00 -4.395640e-02
7.569477e+00 1.471144e+00 -3.148508e-02
7.569477e+00 1.588542e+00 -2.372534e-02
7.569477e+00 1.715310e+00 -2.034292e-02
7.569477e+00 1.852193e+00 -1.669057e-02
7.569477e+00 2.000000e+00 -1.274677e-02
7.740867e+00 1.000000e-03 -6.381572e+02
7.740867e+00 1.079801e-03 -6.842875e+02
7.740867e+00 1.165970e-03 -7.333327e+02
7.740867e+00 1.259016e-03 -7.854017e+02
7.740867e+00 1.359487e-03 -8.405941e+02
7.740867e+00 1.467975e-03 -8.990004e+02
7.740867e+00 1.585121e-03 -9.606972e+02
7.740867e+00 1.711615e-03 -1.025744e+03
7.740867e+00 1.848204e-03 -1.094185e+03
7.740867e+00 1.995693e-03 -1.166029e+03
7.740867e+00 2.154951e-03 -1.241255e+03
7.740867e+00 2.326918e-03 -1.319806e+03
7.740867e+00 2.512609e-03 -1.401580e+03
7.740867e+00 2.713117e-03 -1.486419e+03
7.740867e+00 2.929627e-03 -1.574117e+03
7.740867e+00 3.163414e-03 -1.664401e+03
7.740867e+00 3.415858e-03 -1.756924e+03
7.740867e+00 3.688447e-03 -1.851271e+03
7.740867e+00 3.982789e-03 -1.946935e+03
7.740867e+00 4.300619e-03 -2.043303e+03
7.740867e+00 4.643813e-03 -2.139684e+03
7.740867e+00 5.014394e-03 -2.235259e+03
7.740867e+00 5.414548e-03 -2.329082e+03
7.740867e+00 5.846635e-03 -2.420122e+03
7.740867e+00 6.313202e-03 -2.507185e+03
7.740867e+00 6.817002e-03 -2.588936e+03
7.740867e+00 7.361006e-03 -2.663968e+03
7.740867e+00 7.948422e-03 -2.730705e+03
7.740867e+00 8.582714e-03 -2.787443e+03
7.740867e+00 9.267624e-03 -2.832484e+03
7.740867e+00 1.000719e-02 -2.864024e+03
7.740867e+00 1.080577e-02 -2.880233e+03
7.740867e+00 1.166809e-02 -2.879469e+03
7.740867e+00 1.259921e-02 -2.860280e+03
7.740867e+00 1.360464e-02 -2.821502e+03
7.740867e+00 1.469030e-02 -2.762450e+03
7.740867e+00 1.586261e-02 -2.683271e+03
7.740867e+00 1.712846e-02 -2.584897e+03
7.740867e+00 1.849533e-02 -2.468874e+03
7.740867e+00 1.997127e-02 -2.338547e+03
7.740867e+00 2.156500e-02 -2.198394e+03
7.740867e+00 2.328591e-02 -2.052736e+03
7.740867e+00 2.514415e-02 -1.907514e+03
7.740867e+00 2.715068e-02 -1.769064e+03
7.740867e+00 2.931733e-02 -1.642146e+03
7.740867e+00 3.165689e-02 -1.530248e+03
7.740867e+00 3.418314e-02 -1.435468e+03
7.740867e+00 3.691099e-02 -1.356340e+03
7.740867e+00 3.985652e-02 -1.288072e+03
7.740867e+00 4.303711e-02 -1.222623e+03
7.740867e+00 4.647152e-02 -1.150233e+03
7.740867e+00 5.017999e-02 -1.062604e+03
7.740867e+00 5.418441e-02 -9.705754e+02
7.740867e+00 5.850838e-02 -8.913178e+02
7.740867e+00 6.317741e-02 -8.057354e+02
7.740867e+00 6.821903e-02 -7.133234e+02
7.740867e+00 7.366298e-02 -6.160198e+02
7.740867e+00 7.954136e-02 -5.363043e+02
7.740867e+00 8.588885e-02 -4.502274e+02
7.740867e+00 9.274286e-02 -3.572814e+02
7.740867e+00 1.001438e-01 -2.569183e+02
7.740867e+00 1.081354e-01 -2.067886e+02
7.740867e+00 1.167647e-01 -1.804460e+02
7.740867e+00 1.260827e-01 -1.520012e+02
7.740867e+00 1.361442e-01 -1.212865e+02
7.740867e+00 1.470087e-01 -9.256176e+01
7.740867e+00 1.587401e-01 -8.046272e+01
7.740867e+00 1.714077e-01 -6.739816e+01
7.740867e+00 1.850862e-01 -5.329103e+01
7.740867e+00 1.998563e-01 -3.805814e+01
7.740867e+00 2.158051e-01 -3.168229e+01
7.740867e+00 2.330265e-01 -2.680958e+01
7.740867e+00 2.516223e-01 -2.154803e+01
7.740867e+00 2.717020e-01 -1.586660e+01
7.740867e+00 2.933841e-01 -1.179000e+01
7.740867e+00 3.167964e-01 -1.000395e+01
7.740867e+00 3.420771e-01 -8.075372e+00
7.740867e+00 3.693752e-01 -5.992889e+00
7.740867e+00 3.988518e-01 -3.869964e+00
7.740867e+00 4.306805e-01 -3.341388e+00
7.740867e+00 4.650493e-01 -2.770632e+00
7.740867e+00 5.021607e-01 -2.154328e+00
7.740867e+00 5.422336e-01 -1.488843e+00
7.740867e+00 5.855044e-01 -1.152520e+00
7.740867e+00 6.322283e-01 -9.674973e-01
7.740867e+00 6.826808e-01 -7.677099e-01
7.740867e+00 7.371594e-01 -5.519792e-01
7.740867e+00 7.959855e-01 -3.760901e-01
7.740867e+00 8.595059e-01 -3.204247e-01
7.740867e+00 9.280954e-01 -2.603171e-01
7.740867e+00 1.002158e+00 -1.954129e-01
7.740867e+00 1.082132e+00 -1.253292e-01
7.740867e+00 1.168487e+00 -1.050823e-01
7.740867e+00 1.261733e+00 -8.794052e-02
7.740867e+00 1.362421e+00 -6.943082e-02
7.740867e+00 1.471144e+00 -4.944404e-02
7.740867e+00 1.588542e+00 -3.704556e-02
7.740867e+00 1.715310e+00 -3.169800e-02
7.740867e+00 1.852193e+00 -2.592370e-02
7.740867e+00 2.000000e+00 -1.968860e-02
7.915684e+00 1.000000e-03 -7.412941e+02
7.915684e+00 1.079801e-03 -7.948906e+02
7.915684e+00 1.165970e-03 -8.518746e+02
7.915684e+00 1.259016e-03 -9.123722e+02
7.915684e+00 1.359487e-03 -9.764988e+02
7.915684e+00 1.467975e-03 -1.044359e+03
7.915684e+00 1.585121e-03 -1.116042e+03
7.915684e+00 1.711615e-03 -1.191617e+03
7.915684e+00 1.848204e-03 -1.271133e+03
7.915684e+00 1.995693e-03 -1.354604e+03
7.915684e+00 2.154951e-03 -1.442002e+03
7.915684e+00 2.326918e-03 -1.533264e+03
7.915684e+00 2.512609e-03 -1.628270e+03
7.915684e+00 2.713117e-03 -1.726836e+03
7.915684e+00 2.929627e-03 -1.828725e+03
7.915684e+00 3.163414e-03 -1.933617e+03
7.915684e+00 3.415858e-03 -2.041110e+03
7.915684e+00 3.688447e-03 -2.150723e+03
7.915684e+00 3.982789e-03 -2.261864e+03
7.915684e+00 4.300619e-03 -2.373824e+03
7.915684e+00 4.643813e-03 -2.485799e+03
7.915684e+00 5.014394e-03 -2.596836e+03
7.915684e+00 5.414548e-03 -2.705839e+03
7.915684e+00 5.846635e-03 -2.811608e+03
7.915684e+00 6.313202e-03 -2.912757e+03
7.915684e+00 6.817002e-03 -3.007734e+03
7.915684e+00 7.361006e-03 -3.094904e+03
7.915684e+00 7.948422e-03 -3.172438e+03
7.915684e+00 8.582714e-03 -3.238355e+03
7.915684e+00 9.267624e-03 -3.290684e+03
7.915684e+00 1.000719e-02 -3.327328e+03
7.915684e+00 1.080577e-02 -3.346161e+03
7.915684e+00 1.166809e-02 -3.345275e+03
7.915684e+00 1.259921e-02 -3.322982e+03
7.915684e+00 1.360464e-02 -3.277931e+03
7.915684e+00 1.469030e-02 -3.209328e+03
7.915684e+00 1.586261e-02 -3.117340e+03
7.915684e+00 1.712846e-02 -3.003052e+03
7.915684e+00 1.849533e-02 -2.868261e+03
7.915684e+00 1.997127e-02 -2.716851e+03
7.915684e+00 2.156500e-02 -2.554026e+03
7.915684e+00 2.328591e-02 -2.384805e+03
7.915684e+00 2.514415e-02 -2.216090e+03
7.915684e+00 2.715068e-02 -2.055244e+03
7.915684e+00 2.931733e-02 -1.907795e+03
7.915684e+00 3.165689e-02 -1.777796e+03
7.915684e+00 3.418314e-02 -1.667683e+03
7.915684e+00 3.691099e-02 -1.575754e+03
7.915684e+00 3.985652e-02 -1.496442e+03
7.915684e+00 4.303711e-02 -1.420405e+03
7.915684e+00 4.647152e-02 -1.336305e+03
7.915684e+00 5.017999e-02 -1.234500e+03
7.915684e+00 5.418441e-02 -1.128277e+03
7.915684e+00 5.850838e-02 -1.038125e+03
7.915684e+00 6.317741e-02 -9.407790e+02
7.915684e+00 6.821903e-02 -8.356647e+02
7.915684e+00 7.366298e-02 -7.252572e+02
7.915684e+00 7.954136e-02 -6.376424e+02
7.915684e+00 8.588885e-02 -5.430359e+02
7.915684e+00 9.274286e-02 -4.408796e+02
7.915684e+00 1.001438e-01 -3.305712e+02
7.915684e+00 1.081354e-01 -2.721141e+02
7.915684e+00 1.167647e-01 -2.379300e+02
7.915684e+00 1.260827e-01 -2.010181e+02
7.915684e+00 1.361442e-01 -1.611606e+02
7.915684e+00 1.470087e-01 -1.238159e+02
7.915684e+00 1.587401e-01 -1.077448e+02
7.915684e+00 1.714077e-01 -9.039111e+01
7.915684e+00 1.850862e-01 -7.165260e+01
7.915684e+00 1.998563e-01 -5.141875e+01
7.915684e+00 2.158051e-01 -4.288119e+01
7.915684e+00 2.330265e-01 -3.632112e+01
7.915684e+00 2.516223e-01 -2.923755e+01
7.915684e+00 2.717020e-01 -2.158870e+01
7.915684e+00 2.933841e-01 -1.610224e+01
7.915684e+00 3.167964e-01 -1.370197e+01
7.915684e+00 3.420771e-01 -1.111015e+01
7.915684e+00 3.693752e-01 -8.311496e+00
7.915684e+00 3.988518e-01 -5.456255e+00
7.915684e+00 4.306805e-01 -4.712039e+00
7.915684e+00 4.650493e-01 -3.908434e+00
7.915684e+00 5.021607e-01 -3.040701e+00
7.915684e+00 5.422336e-01 -2.103722e+00
7.915684e+00 5.855044e-01 -1.629080e+00
7.915684e+00 6.322283e-01 -1.366858e+00
7.915684e+00 6.826808e-01 -1.083710e+00
7.915684e+00 7.371594e-01 -7.779676e-01
7.915684e+00 7.959855e-01 -5.288477e-01
7.915684e+00 8.595059e-01 -4.504973e-01
7.915684e+00 9.280954e-01 -3.658945e-01
7.915684e+00 1.002158e+00 -2.745402e-01
7.915684e+00 1.082132e+00 -1.758958e-01
7.915684e+00 1.168487e+00 -1.473265e-01
7.915684e+00 1.261733e+00 -1.231159e-01
7.915684e+00 1.362421e+00 -9.697340e-02
7.915684e+00 1.471144e+00 -6.874466e-02
7.915684e+00 1.588542e+00 -5.126760e-02
7.915684e+00 1.715310e+00 -4.378168e-02
7.915684e+00 1.852193e+00 -3.569838e-02
7.915684e+00 2.000000e+00 -2.697003e-02
8.093998e+00 1.000000e-03 -7.534782e+02
8.093998e+00 1.079801e-03 -8.079669e+02
8.093998e+00 1.165970e-03 -8.659001e+02
8.093998e+00 1.259016e-03 -9.274060e+02
8.093998e+00 1.359487e-03 -9.926016e+02
8.093998e+00 1.467975e-03 -1.061593e+03
8.093998e+00 1.585121e-03 -1.134470e+03
8.093998e+00 1.711615e-03 -1.211303e+03
8.093998e+00 1.848204e-03 -1.292141e+03
8.093998e+00 1.995693e-03 -1.376999e+03
8.093998e+00 2.154951e-03 -1.465850e+03
8.093998e+00 2.326918e-03 -1.558628e+03
8.093998e+00 2.512609e-03 -1.655212e+03
8.093998e+00 2.713117e-03 -1.755416e+03
8.093998e+00 2.929627e-03 -1.858997e+03
8.093998e+00 3.163414e-03 -1.965630e+03
8.093998e+00 3.415858e-03 -2.074907e+03
8.093998e+00 3.688447e-03 -2.186340e+03
8.093998e+00 3.982789e-03 -2.299325e+03
8.093998e+00 4.300619e-03 -2.413144e+03
8.093998e+00 4.643813e-03 -2.526977e+03
8.093998e+00 5.014394e-03 -2.639857e+03
8.093998e+00 5.414548e-03 -2.750668e+03
8.093998e+00 5.846635e-03 -2.858192e+03
8.093998e+00 6.313202e-03 -2.961019e+03
8.093998e+00 6.817002e-03 -3.057572e+03
8.093998e+00 7.361006e-03 -3.146188e+03
8.093998e+00 7.948422e-03 -3.225007e+03
8.093998e+00 8.582714e-03 -3.292018e+03
8.093998e+00 9.267624e-03 -3.345215e+03
8.093998e+00 1.000719e-02 -3.382468e+03
8.093998e+00 1.080577e-02 -3.401614e+03
8.093998e+00 1.166809e-02 -3.400716e+03
8.093998e+00 1.259921e-02 -3.378054e+03
8.093998e+00 1.360464e-02 -3.332257e+03
8.093998e+00 1.469030e-02 -3.262517e+03
8.093998e+00 1.586261e-02 -3.169005e+03
8.093998e+00 1.712846e-02 -3.052824e+03
8.093998e+00 1.849533e-02 -2.915799e+03
8.093998e+00 1.997127e-02 -2.761880e+03
8.093998e+00 2.156500e-02 -2.596356e+03
8.093998e+00 2.328591e-02 -2.424331e+03
8.093998e+00 2.514415e-02 -2.252820e+03
8.093998e+00 2.715068e-02 -2.089308e+03
8.093998e+00 2.931733e-02 -1.939415e+03
8.093998e+00 3.165689e-02 -1.807261e+03
8.093998e+00 3.418314e-02 -1.695323e+03
8.093998e+00 3.691099e-02 -1.601871e+03
8.093998e+00 3.985652e-02 -1.521244e+03
8.093998e+00 4.303711e-02 -1.443947e+03
8.093998e+00 4.647152e-02 -1.358453e+03
8.093998e+00 5.017999e-02 -1.254961e+03
8.093998e+00 5.418441e-02 -1.150092e+03
8.093998e+00 5.850838e-02 -1.067121e+03
8.093998e+00 6.317741e-02 -9.775278e+02
8.093998e+00 6.821903e-02 -8.807855e+02
8.093998e+00 7.366298e-02 -7.784636e+02
8.093998e+00 7.954136e-02 -6.898344e+02
8.093998e+00 8.588885e-02 -5.941325e+02
8.093998e+00 9.274286e-02 -4.907934e+02
8.093998e+00 1.001438e-01 -3.792078e+02
8.093998e+00 1.081354e-01 -3.179528e+02
8.093998e+00 1.167647e-01 -2.800707e+02
8.093998e+00 1.260827e-01 -2.391656e+02
8.093998e+00 1.361442e-01 -1.949961e+02
8.093998e+00 1.470087e-01 -1.532283e+02
8.093998e+00 1.587401e-01 -1.333723e+02
8.093998e+00 1.714077e-01 -1.119318e+02
8.093998e+00 1.850862e-01 -8.878034e+01
8.093998e+00 1.998563e-01 -6.378135e+01
8.093998e+00 2.158051e-01 -5.324292e+01
8.093998e+00 2.330265e-01 -4.515040e+01
8.093998e+00 2.516223e-01 -3.641210e+01
8.093998e+00 2.717020e-01 -2.697646e+01
8.093998e+00 2.933841e-01 -2.020464e+01
8.093998e+00 3.167964e-01 -1.723492e+01
8.093998e+00 3.420771e-01 -1.402822e+01
8.093998e+00 3.693752e-01 -1.056562e+01
8.093998e+00 3.988518e-01 -7.030387e+00
8.093998e+00 4.306805e-01 -6.070174e+00
8.093998e+00 4.650493e-01 -5.033335e+00
8.093998e+00 5.021607e-01 -3.913756e+00
8.093998e+00 5.422336e-01 -2.704832e+00
8.093998e+00 5.855044e-01 -2.094196e+00
8.093998e+00 6.322283e-01 -1.758593e+00
8.093998e+00 6.826808e-01 -1.396210e+00
8.093998e+00 7.371594e-01 -1.004908e+00
8.093998e+00 7.959855e-01 -6.855973e-01
8.093998e+00 8.595059e-01 -5.836843e-01
8.093998e+00 9.280954e-01 -4.736386e-01
8.093998e+00 1.002158e+00 -3.548111e-01
8.093998e+00 1.082132e+00 -2.265011e-01
8.093998e+00 1.168487e+00 -1.895575e-01
8.093998e+00 1.261733e+00 -1.583194e-01
8.093998e+00 1.362421e+00 -1.245885e-01
8.093998e+00 1.471144e+00 -8.816592e-02
8.093998e+00 1.588542e+00 -6.559914e-02
8.093998e+00 1.715310e+00 -5.590766e-02
8.093998e+00 1.852193e+00 -4.544280e-02
8.093998e+00 2.000000e+00 -3.414283e-02
8.275878e+00 1.000000e-03 -7.250782e+02
8.275878e+00 1.079801e-03 -7.775240e+02
8.275878e+00 1.165970e-03 -8.332861e+02
8.275878e+00 1.259016e-03 -8.924874e+02
8.275878e+00 1.359487e-03 -9.552405e+02
8.275878e+00 1.467975e-03 -1.021647e+03
8.275878e+00 1.585121e-03 -1.091792e+03
8.275878e+00 1.711615e-03 -1.165745e+03
8.275878e+00 1.848204e-03 -1.243552e+03
8.275878e+00 1.995693e-03 -1.325227e+03
8.275878e+00 2.154951e-03 -1.410744e+03
8.275878e+00 2.326918e-03 -1.500041e+03
8.275878e+00 2.512609e-03 -1.593002e+03
8.275878e+00 2.713117e-03 -1.689446e+03
8.275878e+00 2.929627e-03 -1.789140e+03
8.275878e+00 3.163414e-03 -1.891772e+03
8.275878e+00 3.415858e-03 -1.996948e+03
8.275878e+00 3.688447e-03 -2.104198e+03
8.275878e+00 3.982789e-03 -2.212943e+03
8.275878e+00 4.300619e-03 -2.322489e+03
8.275878e+00 4.643813e-03 -2.432049e+03
8.275878e+00 5.014394e-03 -2.540691e+03
8.275878e+00 5.414548e-03 -2.647343e+03
8.275878e+00 5.846635e-03 -2.750830e+03
8.275878e+00 6.313202e-03 -2.849797e+03
8.275878e+00 6.817002e-03 -2.942725e+03
8.275878e+00 7.361006e-03 -3.028014e+03
8.275878e+00 7.948422e-03 -3.103874e+03
8.275878e+00 8.582714e-03 -3.168368e+03
8.275878e+00 9.267624e-03 -3.219569e+03
8.275878e+00 1.000719e-02 -3.255425e+03
8.275878e+00 1.080577e-02 -3.273854e+03
8.275878e+00 1.166809e-02 -3.272990e+03
8.275878e+00 1.259921e-02 -3.251180e+03
8.275878e+00 1.360464e-02 -3.207104e+03
8.275878e+00 1.469030e-02 -3.139983e+03
8.275878e+00 1.586261e-02 -3.049984e+03
8.275878e+00 1.712846e-02 -2.938167e+03
8.275878e+00 1.849533e-02 -2.806288e+03
8.275878e+00 1.997127e-02 -2.658150e+03
8.275878e+00 2.156500e-02 -2.498843e+03
8.275878e+00 2.328591e-02 -2.333279e+03
8.275878e+00 2.514415e-02 -2.168210e+03
8.275878e+00 2.715068e-02 -2.010839e+03
8.275878e+00 2.931733e-02 -1.866576e+03
8.275878e+00 3.165689e-02 -1.739385e+03
8.275878e+00 3.418314e-02 -1.631651e+03
8.275878e+00 3.691099e-02 -1.541709e+03
8.275878e+00 3.985652e-02 -1.464110e+03
8.275878e+00 4.303711e-02 -1.389717e+03
8.275878e+00 4.647152e-02 -1.307433e+03
8.275878e+00 5.017999e-02 -1.207828e+03
8.275878e+00 5.418441e-02 -1.109231e+03
8.275878e+00 5.850838e-02 -1.035873e+03
8.275878e+00 6.317741e-02 -9.566611e+02
8.275878e+00 6.821903e-02 -8.711278e+02
8.275878e+00 7.366298e-02 -7.801719e+02
8.275878e+00 7.954136e-02 -6.962845e+02
8.275878e+00 8.588885e-02 -6.057027e+02
8.275878e+00 9.274286e-02 -5.078924e+02
8.275878e+00 1.001438e-01 -4.022767e+02
8.275878e+00 1.081354e-01 -3.420147e+02
8.275878e+00 1.167647e-01 -3.026032e+02
8.275878e+00 1.260827e-01 -2.600465e+02
8.275878e+00 1.361442e-01 -2.140938e+02
8.275878e+00 1.470087e-01 -1.704607e+02
8.275878e+00 1.587401e-01 -1.488475e+02
8.275878e+00 1.714077e-01 -1.255095e+02
8.275878e+00 1.850862e-01 -1.003091e+02
8.275878e+00 1.998563e-01 -7.309771e+01
8.275878e+00 2.158051e-01 -6.130631e+01
8.275878e+00 2.330265e-01 -5.208774e+01
8.275878e+00 2.516223e-01 -4.213353e+01
8.275878e+00 2.717020e-01 -3.138495e+01
8.275878e+00 2.933841e-01 -2.364777e+01
8.275878e+00 3.167964e-01 -2.021058e+01
8.275878e+00 3.420771e-01 -1.649909e+01
8.275878e+00 3.693752e-01 -1.249143e+01
8.275878e+00 3.988518e-01 -8.397576e+00
8.275878e+00 4.306805e-01 -7.254112e+00
8.275878e+00 4.650493e-01 -6.019397e+00
8.275878e+00 5.021607e-01 -4.686152e+00
8.275878e+00 5.422336e-01 -3.246512e+00
8.275878e+00 5.855044e-01 -2.516899e+00
8.275878e+00 6.322283e-01 -2.113479e+00
8.275878e+00 6.826808e-01 -1.677866e+00
8.275878e+00 7.371594e-01 -1.207490e+00
8.275878e+00 7.959855e-01 -8.237031e-01
8.275878e+00 8.595059e-01 -7.013666e-01
8.275878e+00 9.280954e-01 -5.692676e-01
8.275878e+00 1.002158e+00 -4.266269e-01
8.275878e+00 1.082132e+00 -2.726033e-01
8.275878e+00 1.168487e+00 -2.280320e-01
8.275878e+00 1.261733e+00 -1.902728e-01
8.275878e+00 1.362421e+00 -1.495003e-01
8.275878e+00 1.471144e+00 -1.054742e-01
8.275878e+00 1.588542e+00 -7.823623e-02
8.275878e+00 1.715310e+00 -6.659947e-02
8.275878e+00 1.852193e+00 -5.403409e-02
8.275878e+00 2.000000e+00 -4.046598e-02
8.461396e+00 1.000000e-03 -6.804503e+02
8.461396e+00 1.079801e-03 -7.296786e+02
8.461396e+00 1.165970e-03 -7.820204e+02
8.461396e+00 1.259016e-03 -8.375911e+02
8.461396e+00 1.359487e-03 -8.964960e+02
8.461396e+00 1.467975e-03 -9.588299e+02
8.461396e+00 1.585121e-03 -1.024673e+03
8.461396e+00 1.711615e-03 -1.094090e+03
8.461396e+00 1.848204e-03 -1.167123e+03
8.461396e+00 1.995693e-03 -1.243785e+03
8.461396e+00 2.154951e-03 -1.324054e+03
8.461396e+00 2.326918e-03 -1.407871e+03
8.461396e+00 2.512609e-03 -1.495126e+03
8.461396e+00 2.713117e-03 -1.585651e+03
8.461396e+00 2.929627e-03 -1.679225e+03
8.461396e+00 3.163414e-03 -1.775557e+03
8.461396e+00 3.415858e-03 -1.874277e+03
8.461396e+00 3.688447e-03 -1.974943e+03
8.461396e+00 3.982789e-03 -2.077012e+03
8.461396e+00 4.300619e-03 -2.179833e+03
8.461396e+00 4.643813e-03 -2.282666e+03
8.461396e+00 5.014394e-03 -2.384639e+03
8.461396e+00 5.414548e-03 -2.484742e+03
8.461396e+00 5.846635e-03 -2.581876e+03
8.461396e+00 6.313202e-03 -2.674767e+03
8.461396e+00 6.817002e-03 -2.761989e+03
8.461396e+00 7.361006e-03 -2.842041e+03
8.461396e+00 7.948422e-03 -2.913243e+03
8.461396e+00 8.582714e-03 -2.973778e+03
8.461396e+00 9.267624e-03 -3.021835e+03
8.461396e+00 1.000719e-02 -3.055491e+03
8.461396e+00 1.080577e-02 -3.072789e+03
8.461396e+00 1.166809e-02 -3.071979e+03
8.461396e+00 1.259921e-02 -3.051510e+03
8.461396e+00 1.360464e-02 -3.010141e+03
8.461396e+00 1.469030e-02 -2.947143e+03
8.461396e+00 1.586261e-02 -2.862671e+03
8.461396e+00 1.712846e-02 -2.757721e+03
8.461396e+00 1.849533e-02 -2.633943e+03
8.461396e+00 1.997127e-02 -2.494903e+03
8.461396e+00 2.156500e-02 -2.345379e+03
8.461396e+00 2.328591e-02 -2.189984e+03
8.461396e+00 2.514415e-02 -2.035052e+03
8.461396e+00 2.715068e-02 -1.887346e+03
8.461396e+00 2.931733e-02 -1.751942e+03
8.461396e+00 3.165689e-02 -1.632563e+03
8.461396e+00 3.418314e-02 -1.531445e+03
8.461396e+00 3.691099e-02 -1.447027e+03
8.461396e+00 3.985652e-02 -1.374194e+03
8.461396e+00 4.303711e-02 -1.304369e+03
8.461396e+00 4.647152e-02 -1.227139e+03
8.461396e+00 5.017999e-02 -1.133651e+03
8.461396e+00 5.418441e-02 -1.042171e+03
8.461396e+00 5.850838e-02 -9.762764e+02
8.461396e+00 6.317741e-02 -9.051228e+02
8.461396e+00 6.821903e-02 -8.282911e+02
8.461396e+00 7.366298e-02 -7.465127e+02
8.461396e+00 7.954136e-02 -6.703036e+02
8.461396e+00 8.588885e-02 -5.880130e+02
8.461396e+00 9.274286e-02 -4.991555e+02
8.461396e+00 1.001438e-01 -4.032071e+02
8.461396e+00 1.081354e-01 -3.466704e+02
8.461396e+00 1.167647e-01 -3.080785e+02
8.461396e+00 1.260827e-01 -2.664068e+02
8.461396e+00 1.361442e-01 -2.214097e+02
8.461396e+00 1.470087e-01 -1.785047e+02
8.461396e+00 1.587401e-01 -1.563841e+02
8.461396e+00 1.714077e-01 -1.324983e+02
8.461396e+00 1.850862e-01 -1.067063e+02
8.461396e+00 1.998563e-01 -7.885617e+01
8.461396e+00 2.158051e-01 -6.644847e+01
8.461396e+00 2.330265e-01 -5.657908e+01
8.461396e+00 2.516223e-01 -4.592210e+01
8.461396e+00 2.717020e-01 -3.441469e+01
8.461396e+00 2.933841e-01 -2.609865e+01
8.461396e+00 3.167964e-01 -2.234212e+01
8.461396e+00 3.420771e-01 -1.828581e+01
8.461396e+00 3.693752e-01 -1.390580e+01
8.461396e+00 3.988518e-01 -9.429880e+00
8.461396e+00 4.306805e-01 -8.154223e+00
8.461396e+00 4.650493e-01 -6.776767e+00
8.461396e+00 5.021607e-01 -5.289389e+00
8.461396e+00 5.422336e-01 -3.683317e+00
8.461396e+00 5.855044e-01 -2.864283e+00
8.461396e+00 6.322283e-01 -2.406382e+00
8.461396e+00 6.826808e-01 -1.911941e+00
8.461396e+00 7.371594e-01 -1.378043e+00
8.461396e+00 7.959855e-01 -9.420846e-01
8.461396e+00 8.595059e-01 -8.020519e-01
8.461396e+00 9.280954e-01 -6.508444e-01
8.461396e+00 1.002158e+00 -4.875704e-01
8.461396e+00 1.082132e+00 -3.112669e-01
8.461396e+00 1.168487e+00 -2.602062e-01
8.461396e+00 1.261733e+00 -2.169360e-01
8.461396e+00 1.362421e+00 -1.702127e-01
8.461396e+00 1.471144e+00 -1.197609e-01
8.461396e+00 1.588542e+00 -8.859254e-02
8.461396e+00 1.715310e+00 -7.534533e-02
8.461396e+00 1.852193e+00 -6.104097e-02
8.461396e+00 2.000000e+00 -4.559511e-02
8.650623e+00 1.000000e-03 -6.170216e+02
8.650623e+00 1.079801e-03 -6.616706e+02
8.650623e+00 1.165970e-03 -7.091443e+02
8.650623e+00 1.259016e-03 -7.595472e+02
8.650623e+00 1.359487e-03 -8.129744e+02
8.650623e+00 1.467975e-03 -8.695117e+02
8.650623e+00 1.585121e-03 -9.292317e+02
8.650623e+00 1.711615e-03 -9.921915e+02
8.650623e+00 1.848204e-03 -1.058431e+03
8.650623e+00 1.995693e-03 -1.127962e+03
8.650623e+00 2.154951e-03 -1.200762e+03
8.650623e+00 2.326918e-03 -1.276780e+03
8.650623e+00 2.512609e-03 -1.355917e+03
8.650623e+00 2.713117e-03 -1.438019e+03
8.650623e+00 2.929627e-03 -1.522887e+03
8.650623e+00 3.163414e-03 -1.610255e+03
8.650623e+00 3.415858e-03 -1.699788e+03
8.650623e+00 3.688447e-03 -1.791087e+03
8.650623e+00 3.982789e-03 -1.883657e+03
8.650623e+00 4.300619e-03 -1.976910e+03
8.650623e+00 4.643813e-03 -2.070174e+03
8.650623e+00 5.014394e-03 -2.162656e+03
8.650623e+00 5.414548e-03 -2.253444e+03
8.650623e+00 5.846635e-03 -2.341538e+03
8.650623e+00 6.313202e-03 -2.425784e+03
8.650623e+00 6.817002e-03 -2.504888e+03
8.650623e+00 7.361006e-03 -2.577490e+03
8.650623e+00 7.948422e-03 -2.642066e+03
8.650623e+00 8.582714e-03 -2.696967e+03
8.650623e+00 9.267624e-03 -2.740553e+03
8.650623e+00 1.000719e-02 -2.771077e+03
8.650623e+00 1.080577e-02 -2.786766e+03
8.650623e+00 1.166809e-02 -2.786033e+03
8.650623e+00 1.259921e-02 -2.767469e+03
8.650623e+00 1.360464e-02 -2.729951e+03
8.650623e+00 1.469030e-02 -2.672818e+03
8.650623e+00 1.586261e-02 -2.596209e+03
8.650623e+00 1.712846e-02 -2.501029e+03
8.650623e+00 1.849533e-02 -2.388772e+03
8.650623e+00 1.997127e-02 -2.262674e+03
8.650623e+00 2.156500e-02 -2.127068e+03
8.650623e+00 2.328591e-02 -1.986137e+03
8.650623e+00 2.514415e-02 -1.845627e+03
8.650623e+00 2.715068e-02 -1.711670e+03
8.650623e+00 2.931733e-02 -1.588870e+03
8.650623e+00 3.165689e-02 -1.480602e+03
8.650623e+00 3.418314e-02 -1.388897e+03
8.650623e+00 3.691099e-02 -1.312336e+03
8.650623e+00 3.985652e-02 -1.246283e+03
8.650623e+00 4.303711e-02 -1.182957e+03
8.650623e+00 4.647152e-02 -1.112915e+03
8.650623e+00 5.017999e-02 -1.028129e+03
8.650623e+00 5.418441e-02 -9.461802e+02
8.650623e+00 5.850838e-02 -8.892450e+02
8.650623e+00 6.317741e-02 -8.277662e+02
8.650623e+00 6.821903e-02 -7.613814e+02
8.650623e+00 7.366298e-02 -6.905822e+02
8.650623e+00 7.954136e-02 -6.231502e+02
8.650623e+00 8.588885e-02 -5.503371e+02
8.650623e+00 9.274286e-02 -4.717134e+02
8.650623e+00 1.001438e-01 -3.868155e+02
8.650623e+00 1.081354e-01 -3.356196e+02
8.650623e+00 1.167647e-01 -2.996496e+02
8.650623e+00 1.260827e-01 -2.608093e+02
8.650623e+00 1.361442e-01 -2.188694e+02
8.650623e+00 1.470087e-01 -1.786886e+02
8.650623e+00 1.587401e-01 -1.570517e+02
8.650623e+00 1.714077e-01 -1.336882e+02
8.650623e+00 1.850862e-01 -1.084601e+02
8.650623e+00 1.998563e-01 -8.121892e+01
8.650623e+00 2.158051e-01 -6.877395e+01
8.650623e+00 2.330265e-01 -5.872555e+01
8.650623e+00 2.516223e-01 -4.787528e+01
8.650623e+00 2.717020e-01 -3.615914e+01
8.650623e+00 2.933841e-01 -2.764926e+01
8.650623e+00 3.167964e-01 -2.372348e+01
8.650623e+00 3.420771e-01 -1.948442e+01
8.650623e+00 3.693752e-01 -1.490708e+01
8.650623e+00 3.988518e-01 -1.022667e+01
8.650623e+00 4.306805e-01 -8.850572e+00
8.650623e+00 4.650493e-01 -7.364659e+00
8.650623e+00 5.021607e-01 -5.760170e+00
8.650623e+00 5.422336e-01 -4.027640e+00
8.650623e+00 5.855044e-01 -3.140268e+00
8.650623e+00 6.322283e-01 -2.640361e+00
8.650623e+00 6.826808e-01 -2.100561e+00
8.650623e+00 7.371594e-01 -1.517685e+00
8.650623e+00 7.959855e-01 -1.041184e+00
8.650623e+00 8.595059e-01 -8.864162e-01
8.650623e+00 9.280954e-01 -7.192983e-01
8.650623e+00 1.002158e+00 -5.388443e-01
8.650623e+00 1.082132e+00 -3.439897e-01
8.650623e+00 1.168487e+00 -2.874657e-01
8.650623e+00 1.261733e+00 -2.395370e-01
8.650623e+00 1.362421e+00 -1.877835e-01
8.650623e+00 1.471144e+00 -1.319001e-01
8.650623e+00 1.588542e+00 -9.738433e-02
8.650623e+00 1.715310e+00 -8.272698e-02
8.650623e+00 1.852193e+00 -6.689995e-02
8.650623e+00 2.000000e+00 -4.980991e-02
8.843636e+00 1.000000e-03 -5.504870e+02
8.843636e+00 1.079801e-03 -5.903300e+02
8.843636e+00 1.165970e-03 -6.326945e+02
8.843636e+00 1.259016e-03 -6.776736e+02
8.843636e+00 1.359487e-03 -7.253517e+02
8.843636e+00 1.467975e-03 -7.758052e+02
8.843636e+00 1.585121e-03 -8.290986e+02
8.843636e+00 1.711615e-03 -8.852826e+02
8.843636e+00 1.848204e-03 -9.443925e+02
8.843636e+00 1.995693e-03 -1.006438e+03
8.843636e+00 2.154951e-03 -1.071402e+03
8.843636e+00 2.326918e-03 -1.139236e+03
8.843636e+00 2.512609e-03 -1.209853e+03
8.843636e+00 2.713117e-03 -1.283116e+03
8.843636e+00 2.929627e-03 -1.358847e+03
8.843636e+00 3.163414e-03 -1.436809e+03
8.843636e+00 3.415858e-03 -1.516702e+03
8.843636e+00 3.688447e-03 -1.598171e+03
8.843636e+00 3.982789e-03 -1.680774e+03
8.843636e+00 4.300619e-03 -1.763986e+03
8.843636e+00 4.643813e-03 -1.847208e+03
8.843636e+00 5.014394e-03 -1.929732e+03
8.843636e+00 5.414548e-03 -2.010744e+03
8.843636e+00 5.846635e-03 -2.089352e+03
8.843636e+00 6.313202e-03 -2.164527e+03
8.843636e+00 6.817002e-03 -2.235113e+03
8.843636e+00 7.361006e-03 -2.299897e+03
8.843636e+00 7.948422e-03 -2.357520e+03
8.843636e+00 8.582714e-03 -2.406509e+03
8.843636e+00 9.267624e-03 -2.445402e+03
8.843636e+00 1.000719e-02 -2.472640e+03
8.843636e+00 1.080577e-02 -2.486640e+03
8.843636e+00 1.166809e-02 -2.485987e+03
8.843636e+00 1.259921e-02 -2.469423e+03
8.843636e+00 1.360464e-02 -2.435946e+03
8.843636e+00 1.469030e-02 -2.384966e+03
8.843636e+00 1.586261e-02 -2.316609e+03
8.843636e+00 1.712846e-02 -2.231679e+03
8.843636e+00 1.849533e-02 -2.131512e+03
8.843636e+00 1.997127e-02 -2.018994e+03
8.843636e+00 2.156500e-02 -1.897993e+03
8.843636e+00 2.328591e-02 -1.772240e+03
8.843636e+00 2.514415e-02 -1.646862e+03
8.843636e+00 2.715068e-02 -1.527331e+03
8.843636e+00 2.931733e-02 -1.417756e+03
8.843636e+00 3.165689e-02 -1.321149e+03
8.843636e+00 3.418314e-02 -1.239319e+03
8.843636e+00 3.691099e-02 -1.171004e+03
8.843636e+00 3.985652e-02 -1.112064e+03
8.843636e+00 4.303711e-02 -1.055558e+03
8.843636e+00 4.647152e-02 -9.930599e+02
8.843636e+00 5.017999e-02 -9.174049e+02
8.843636e+00 5.418441e-02 -8.451823e+02
8.843636e+00 5.850838e-02 -7.968877e+02
8.843636e+00 6.317741e-02 -7.447392e+02
8.843636e+00 6.821903e-02 -6.884291e+02
8.843636e+00 7.366298e-02 -6.281478e+02
8.843636e+00 7.954136e-02 -5.683891e+02
8.843636e+00 8.588885e-02 -5.038616e+02
8.843636e+00 9.274286e-02 -4.341847e+02
8.843636e+00 1.001438e-01 -3.589476e+02
8.843636e+00 1.081354e-01 -3.134294e+02
8.843636e+00 1.167647e-01 -2.813222e+02
8.843636e+00 1.260827e-01 -2.466528e+02
8.843636e+00 1.361442e-01 -2.092167e+02
8.843636e+00 1.470087e-01 -1.731259e+02
8.843636e+00 1.587401e-01 -1.526111e+02
8.843636e+00 1.714077e-01 -1.304592e+02
8.843636e+00 1.850862e-01 -1.065396e+02
8.843636e+00 1.998563e-01 -8.071116e+01
8.843636e+00 2.158051e-01 -6.866997e+01
8.843636e+00 2.330265e-01 -5.883350e+01
8.843636e+00 2.516223e-01 -4.821206e+01
8.843636e+00 2.717020e-01 -3.674302e+01
8.843636e+00 2.933841e-01 -2.835744e+01
8.843636e+00 3.167964e-01 -2.438474e+01
8.843636e+00 3.420771e-01 -2.009502e+01
8.843636e+00 3.693752e-01 -1.546298e+01
8.843636e+00 3.988518e-01 -1.072382e+01
8.843636e+00 4.306805e-01 -9.288803e+00
8.843636e+00 4.650493e-01 -7.739275e+00
8.843636e+00 5.021607e-01 -6.066094e+00
8.843636e+00 5.422336e-01 -4.259390e+00
8.843636e+00 5.855044e-01 -3.329959e+00
8.843636e+00 6.322283e-01 -2.802363e+00
8.843636e+00 6.826808e-01 -2.232663e+00
8.843636e+00 7.371594e-01 -1.617501e+00
8.843636e+00 7.959855e-01 -1.114049e+00
8.843636e+00 8.595059e-01 -9.487957e-01
8.843636e+00 9.280954e-01 -7.703554e-01
8.843636e+00 1.002158e+00 -5.776753e-01
8.843636e+00 1.082132e+00 -3.696192e-01
8.843636e+00 1.168487e+00 -3.089271e-01
8.843636e+00 1.261733e+00 -2.573568e-01
8.843636e+00 1.362421e+00 -2.016712e-01
8.843636e+00 1.471144e+00 -1.415418e-01
8.843636e+00 1.588542e+00 -1.044277e-01
8.843636e+00 1.715310e+00 -8.870399e-02
8.843636e+00 1.852193e+00 -7.172548e-02
8.843636e+00 2.000000e+00 -5.339208e-02
9.040509e+00 1.000000e-03 -4.879651e+02
9.040509e+00 1.079801e-03 -5.232908e+02
9.040509e+00 1.165970e-03 -5.608528e+02
9.040509e+00 1.259016e-03 -6.007334e+02
9.040509e+00 1.359487e-03 -6.430075e+02
9.040509e+00 1.467975e-03 -6.877423e+02
9.040509e+00 1.585121e-03 -7.349949e+02
9.040509e+00 1.711615e-03 -7.848100e+02
9.040509e+00 1.848204e-03 -8.372185e+02
9.040509e+00 1.995693e-03 -8.922294e+02
9.040509e+00 2.154951e-03 -9.498263e+02
9.040509e+00 2.326918e-03 -1.009969e+03
9.040509e+00 2.512609e-03 -1.072578e+03
9.040509e+00 2.713117e-03 -1.137533e+03
9.040509e+00 2.929627e-03 -1.204676e+03
9.040509e+00 3.163414e-03 -1.273797e+03
9.040509e+00 3.415858e-03 -1.344630e+03
9.040509e+00 3.688447e-03 -1.416859e+03
9.040509e+00 3.982789e-03 -1.490095e+03
9.040509e+00 4.300619e-03 -1.563869e+03
9.040509e+00 4.643813e-03 -1.637652e+03
9.040509e+00 5.014394e-03 -1.710817e+03
9.040509e+00 5.414548e-03 -1.782641e+03
9.040509e+00 5.846635e-03 -1.852333e+03
9.040509e+00 6.313202e-03 -1.918982e+03
9.040509e+00 6.817002e-03 -1.981563e+03
9.040509e+00 7.361006e-03 -2.038999e+03
9.040509e+00 7.948422e-03 -2.090086e+03
9.040509e+00 8.582714e-03 -2.133519e+03
9.040509e+00 9.267624e-03 -2.168001e+03
9.040509e+00 1.000719e-02 -2.192150e+03
9.040509e+00 1.080577e-02 -2.204564e+03
9.040509e+00 1.166809e-02 -2.203985e+03
9.040509e+00 1.259921e-02 -2.189301e+03
9.040509e+00 1.360464e-02 -2.159622e+03
9.040509e+00 1.469030e-02 -2.114425e+03
9.040509e+00 1.586261e-02 -2.053822e+03
9.040509e+00 1.712846e-02 -1.978527e+03
9.040509e+00 1.849533e-02 -1.889722e+03
9.040509e+00 1.997127e-02 -1.789969e+03
9.040509e+00 2.156500e-02 -1.682693e+03
9.040509e+00 2.328591e-02 -1.571205e+03
9.040509e+00 2.514415e-02 -1.460049e+03
9.040509e+00 2.715068e-02 -1.354078e+03
9.040509e+00 2.931733e-02 -1.256933e+03
9.040509e+00 3.165689e-02 -1.171284e+03
9.040509e+00 3.418314e-02 -1.098737e+03
9.040509e+00 3.691099e-02 -1.038171e+03
9.040509e+00 3.985652e-02 -9.859168e+02
9.040509e+00 4.303711e-02 -9.358207e+02
9.040509e+00 4.647152e-02 -8.804119e+02
9.040509e+00 5.017999e-02 -8.133389e+02
9.040509e+00 5.418441e-02 -7.496125e+02
9.040509e+00 5.850838e-02 -7.076416e+02
9.040509e+00 6.317741e-02 -6.623214e+02
9.040509e+00 6.821903e-02 -6.133847e+02
9.040509e+00 7.366298e-02 -5.610060e+02
9.040509e+00 7.954136e-02 -5.091787e+02
9.040509e+00 8.588885e-02 -4.532156e+02
9.040509e+00 9.274286e-02 -3.927865e+02
9.040509e+00 1.001438e-01 -3.275351e+02
9.040509e+00 1.081354e-01 -2.876130e+02
9.040509e+00 1.167647e-01 -2.590740e+02
9.040509e+00 1.260827e-01 -2.282575e+02
9.040509e+00 1.361442e-01 -1.949819e+02
9.040509e+00 1.470087e-01 -1.627948e+02
9.040509e+00 1.587401e-01 -1.439876e+02
9.040509e+00 1.714077e-01 -1.236797e+02
9.040509e+00 1.850862e-01 -1.017511e+02
9.040509e+00 1.998563e-01 -7.807266e+01
9.040509e+00 2.158051e-01 -6.675990e+01
9.040509e+00 2.330265e-01 -5.739177e+01
9.040509e+00 2.516223e-01 -4.727605e+01
9.040509e+00 2.717020e-01 -3.635308e+01
9.040509e+00 2.933841e-01 -2.831081e+01
9.040509e+00 3.167964e-01 -2.439574e+01
9.040509e+00 3.420771e-01 -2.016825e+01
9.040509e+00 3.693752e-01 -1.560339e+01
9.040509e+00 3.988518e-01 -1.093052e+01
9.040509e+00 4.306805e-01 -9.479142e+00
9.040509e+00 4.650493e-01 -7.911947e+00
9.040509e+00 5.021607e-01 -6.219687e+00
9.040509e+00 5.422336e-01 -4.392384e+00
9.040509e+00 5.855044e-01 -3.446023e+00
9.040509e+00 6.322283e-01 -2.902620e+00
9.040509e+00 6.826808e-01 -2.315854e+00
9.040509e+00 7.371594e-01 -1.682263e+00
9.040509e+00 7.959855e-01 -1.163176e+00
9.040509e+00 8.595059e-01 -9.910776e-01
9.040509e+00 9.280954e-01 -8.052452e-01
9.040509e+00 1.002158e+00 -6.045831e-01
9.040509e+00 1.082132e+00 -3.879080e-01
9.040509e+00 1.168487e+00 -3.242511e-01
9.040509e+00 1.261733e+00 -2.700194e-01
9.040509e+00 1.362421e+00 -2.114601e-01
9.040509e+00 1.471144e+00 -1.482276e-01
9.040509e+00 1.588542e+00 -1.092342e-01
9.040509e+00 1.715310e+00 -9.276922e-02
9.040509e+00 1.852193e+00 -7.499036e-02
9.040509e+00 2.000000e+00 -5.579272e-02
9.241319e+00 1.000000e-03 -4.296279e+02
9.241319e+00 1.079801e-03 -4.607373e+02
9.241319e+00 1.165970e-03 -4.938167e+02
9.241319e+00 1.259016e-03 -5.289386e+02
9.241319e+00 1.359487e-03 -5.661687e+02
9.241319e+00 1.467975e-03 -6.055659e+02
9.241319e+00 1.585121e-03 -6.471803e+02
9.241319e+00 1.711615e-03 -6.910509e+02
9.241319e+00 1.848204e-03 -7.372049e+02
9.241319e+00 1.995693e-03 -7.856501e+02
9.241319e+00 2.154951e-03 -8.363720e+02
9.241319e+00 2.326918e-03 -8.893353e+02
9.241319e+00 2.512609e-03 -9.444710e+02
9.241319e+00 2.713117e-03 -1.001673e+03
9.241319e+00 2.929627e-03 -1.060801e+03
9.241319e+00 3.163414e-03 -1.121670e+03
9.241319e+00 3.415858e-03 -1.184047e+03
9.241319e+00 3.688447e-03 -1.247654e+03
9.241319e+00 3.982789e-03 -1.312146e+03
9.241319e+00 4.300619e-03 -1.377113e+03
9.241319e+00 4.643813e-03 -1.442088e+03
9.241319e+00 5.014394e-03 -1.506517e+03
9.241319e+00 5.414548e-03 -1.569766e+03
9.241319e+00 5.846635e-03 -1.631138e+03
9.241319e+00 6.313202e-03 -1.689829e+03
9.241319e+00 6.817002e-03 -1.744938e+03
9.241319e+00 7.361006e-03 -1.795517e+03
9.241319e+00 7.948422e-03 -1.840505e+03
9.241319e+00 8.582714e-03 -1.878753e+03
9.241319e+00 9.267624e-03 -1.909118e+03
9.241319e+00 1.000719e-02 -1.930385e+03
9.241319e+00 1.080577e-02 -1.941317e+03
9.241319e+00 1.166809e-02 -1.940808e+03
9.241319e+00 1.259921e-02 -1.927878e+03
9.241319e+00 1.360464e-02 -1.901743e+03
9.241319e+00 1.469030e-02 -1.861944e+03
9.241319e+00 1.586261e-02 -1.808577e+03
9.241319e+00 1.712846e-02 -1.742273e+03
9.241319e+00 1.849533e-02 -1.664073e+03
9.241319e+00 1.997127e-02 -1.576231e+03
9.241319e+00 2.156500e-02 -1.481765e+03
9.241319e+00 2.328591e-02 -1.383590e+03
9.241319e+00 2.514415e-02 -1.285707e+03
9.241319e+00 2.715068e-02 -1.192390e+03
9.241319e+00 2.931733e-02 -1.106844e+03
9.241319e+00 3.165689e-02 -1.031423e+03
9.241319e+00 3.418314e-02 -9.675386e+02
9.241319e+00 3.691099e-02 -9.142044e+02
9.241319e+00 3.985652e-02 -8.681901e+02
9.241319e+00 4.303711e-02 -8.240759e+02
9.241319e+00 4.647152e-02 -7.752834e+02
9.241319e+00 5.017999e-02 -7.162195e+02
9.241319e+00 5.418441e-02 -6.602943e+02
9.241319e+00 5.850838e-02 -6.238689e+02
9.241319e+00 6.317741e-02 -5.845368e+02
9.241319e+00 6.821903e-02 -5.420659e+02
9.241319e+00 7.366298e-02 -4.965952e+02
9.241319e+00 7.954136e-02 -4.514712e+02
9.241319e+00 8.588885e-02 -4.027464e+02
9.241319e+00 9.274286e-02 -3.501332e+02
9.241319e+00 1.001438e-01 -2.933215e+02
9.241319e+00 1.081354e-01 -2.585084e+02
9.241319e+00 1.167647e-01 -2.335757e+02
9.241319e+00 1.260827e-01 -2.066533e+02
9.241319e+00 1.361442e-01 -1.775825e+02
9.241319e+00 1.470087e-01 -1.493902e+02
9.241319e+00 1.587401e-01 -1.325720e+02
9.241319e+00 1.714077e-01 -1.144117e+02
9.241319e+00 1.850862e-01 -9.480221e+01
9.241319e+00 1.998563e-01 -7.362785e+01
9.241319e+00 2.158051e-01 -6.327717e+01
9.241319e+00 2.330265e-01 -5.459997e+01
9.241319e+00 2.516223e-01 -4.523033e+01
9.241319e+00 2.717020e-01 -3.511297e+01
9.241319e+00 2.933841e-01 -2.760605e+01
9.241319e+00 3.167964e-01 -2.384389e+01
9.241319e+00 3.420771e-01 -1.978151e+01
9.241319e+00 3.693752e-01 -1.539494e+01
9.241319e+00 3.988518e-01 -1.090186e+01
9.241319e+00 4.306805e-01 -9.466331e+00
9.241319e+00 4.650493e-01 -7.916248e+00
9.241319e+00 5.021607e-01 -6.242467e+00
9.241319e+00 5.422336e-01 -4.435116e+00
9.241319e+00 5.855044e-01 -3.492502e+00
9.241319e+00 6.322283e-01 -2.944852e+00
9.241319e+00 6.826808e-01 -2.353500e+00
9.241319e+00 7.371594e-01 -1.714956e+00
9.241319e+00 7.959855e-01 -1.191192e+00
9.241319e+00 8.595059e-01 -1.015616e+00
9.241319e+00 9.280954e-01 -8.260299e-01
9.241319e+00 1.002158e+00 -6.213143e-01
9.241319e+00 1.082132e+00 -4.002622e-01
9.241319e+00 1.168487e+00 -3.347540e-01
9.241319e+00 1.261733e+00 -2.787683e-01
9.241319e+00 1.362421e+00 -2.183148e-01
9.241319e+00 1.471144e+00 -1.530372e-01
9.241319e+00 1.588542e+00 -1.127542e-01
9.241319e+00 1.715310e+00 -9.570153e-02
9.241319e+00 1.852193e+00 -7.728799e-02
9.241319e+00 2.000000e+00 -5.740503e-02
9.446145e+00 1.000000e-03 -3.770336e+02
9.446145e+00 1.079801e-03 -4.043409e+02
9.446145e+00 1.165970e-03 -4.333781e+02
9.446145e+00 1.259016e-03 -4.642086e+02
9.446145e+00 1.359487e-03 -4.968899e+02
9.446145e+00 1.467975e-03 -5.314738e+02
9.446145e+00 1.585121e-03 -5.680037e+02
9.446145e+00 1.711615e-03 -6.065139e+02
9.446145e+00 1.848204e-03 -6.470278e+02
9.446145e+00 1.995693e-03 -6.895523e+02
9.446145e+00 2.154951e-03 -7.340748e+02
9.446145e+00 2.326918e-03 -7.805646e+02
9.446145e+00 2.512609e-03 -8.289611e+02
9.446145e+00 2.713117e-03 -8.791709e+02
9.446145e+00 2.929627e-03 -9.310715e+02
9.446145e+00 3.163414e-03 -9.845005e+02
9.446145e+00 3.415858e-03 -1.039253e+03
9.446145e+00 3.688447e-03 -1.095084e+03
9.446145e+00 3.982789e-03 -1.151693e+03
9.446145e+00 4.300619e-03 -1.208718e+03
9.446145e+00 4.643813e-03 -1.265749e+03
9.446145e+00 5.014394e-03 -1.322302e+03
9.446145e+00 5.414548e-03 -1.377819e+03
9.446145e+00 5.846635e-03 -1.431688e+03
9.446145e+00 6.313202e-03 -1.483204e+03
9.446145e+00 6.817002e-03 -1.531576e+03
9.446145e+00 7.361006e-03 -1.575972e+03
9.446145e+00 7.948422e-03 -1.615460e+03
9.446145e+00 8.582714e-03 -1.649032e+03
9.446145e+00 9.267624e-03 -1.675685e+03
9.446145e+00 1.000719e-02 -1.694352e+03
9.446145e+00 1.080577e-02 -1.703948e+03
9.446145e+00 1.166809e-02 -1.703502e+03
9.446145e+00 1.259921e-02 -1.692153e+03
9.446145e+00 1.360464e-02 -1.669215e+03
9.446145e+00 1.469030e-02 -1.634282e+03
9.446145e+00 1.586261e-02 -1.587441e+03
9.446145e+00 1.712846e-02 -1.529244e+03
9.446145e+00 1.849533e-02 -1.460606e+03
9.446145e+00 1.997127e-02 -1.383505e+03
9.446145e+00 2.156500e-02 -1.300589e+03
9.446145e+00 2.328591e-02 -1.214418e+03
9.446145e+00 2.514415e-02 -1.128503e+03
9.446145e+00 2.715068e-02 -1.046596e+03
9.446145e+00 2.931733e-02 -9.715103e+02
9.446145e+00 3.165689e-02 -9.053105e+02
9.446145e+00 3.418314e-02 -8.492375e+02
9.446145e+00 3.691099e-02 -8.024245e+02
9.446145e+00 3.985652e-02 -7.620364e+02
9.446145e+00 4.303711e-02 -7.233160e+02
9.446145e+00 4.647152e-02 -6.804894e+02
9.446145e+00 5.017999e-02 -6.286472e+02
9.446145e+00 5.418441e-02 -5.795490e+02
9.446145e+00 5.850838e-02 -5.475468e+02
9.446145e+00 6.317741e-02 -5.129907e+02
9.446145e+00 6.821903e-02 -4.756771e+02
9.446145e+00 7.366298e-02 -4.357620e+02
9.446145e+00 7.954136e-02 -3.965035e+02
9.446145e+00 8.588885e-02 -3.541122e+02
9.446145e+00 9.274286e-02 -3.083379e+02
9.446145e+00 1.001438e-01 -2.589109e+02
9.446145e+00 1.081354e-01 -2.287576e+02
9.446145e+00 1.167647e-01 -2.072754e+02
9.446145e+00 1.260827e-01 -1.840789e+02
9.446145e+00 1.361442e-01 -1.590313e+02
9.446145e+00 1.470087e-01 -1.346902e+02
9.446145e+00 1.587401e-01 -1.199303e+02
9.446145e+00 1.714077e-01 -1.039926e+02
9.446145e+00 1.850862e-01 -8.678299e+01
9.446145e+00 1.998563e-01 -6.820007e+01
9.446145e+00 2.158051e-01 -5.890568e+01
9.446145e+00 2.330265e-01 -5.102112e+01
9.446145e+00 2.516223e-01 -4.250736e+01
9.446145e+00 2.717020e-01 -3.331419e+01
9.446145e+00 2.933841e-01 -2.643778e+01
9.446145e+00 3.167964e-01 -2.288945e+01
9.446145e+00 3.420771e-01 -1.905796e+01
9.446145e+00 3.693752e-01 -1.492071e+01
9.446145e+00 3.988518e-01 -1.068034e+01
9.446145e+00 4.306805e-01 -9.286190e+00
9.446145e+00 4.650493e-01 -7.780784e+00
9.446145e+00 5.021607e-01 -6.155245e+00
9.446145e+00 5.422336e-01 -4.399986e+00
9.446145e+00 5.855044e-01 -3.478121e+00
9.446145e+00 6.322283e-01 -2.936333e+00
9.446145e+00 6.826808e-01 -2.351310e+00
9.446145e+00 7.371594e-01 -1.719602e+00
9.446145e+00 7.959855e-01 -1.200655e+00
9.446145e+00 8.595059e-01 -1.024251e+00
9.446145e+00 9.280954e-01 -8.337705e-01
9.446145e+00 1.002158e+00 -6.280892e-01
9.446145e+00 1.082132e+00 -4.059943e-01
9.446145e+00 1.168487e+00 -3.397941e-01
9.446145e+00 1.261733e+00 -2.830982e-01
9.446145e+00 1.362421e+00 -2.218779e-01
9.446145e+00 1.471144e+00 -1.557721e-01
9.446145e+00 1.588542e+00 -1.149060e-01
9.446145e+00 1.715310e+00 -9.749588e-02
9.446145e+00 1.852193e+00 -7.869640e-02
9.446145e+00 2.000000e+00 -5.839670e-02
9.655068e+00 1.000000e-03 -3.294204e+02
9.655068e+00 1.079801e-03 -3.532848e+02
9.655068e+00 1.165970e-03 -3.786615e+02
9.655068e+00 1.259016e-03 -4.056059e+02
9.655068e+00 1.359487e-03 -4.341682e+02
9.655068e+00 1.467975e-03 -4.643932e+02
9.655068e+00 1.585121e-03 -4.963190e+02
9.655068e+00 1.711615e-03 -5.299751e+02
9.655068e+00 1.848204e-03 -5.653819e+02
9.655068e+00 1.995693e-03 -6.025452e+02
9.655068e+00 2.154951e-03 -6.414542e+02
9.655068e+00 2.326918e-03 -6.820822e+02
9.655068e+00 2.512609e-03 -7.243764e+02
9.655068e+00 2.713117e-03 -7.682552e+02
9.655068e+00 2.929627e-03 -8.136114e+02
9.655068e+00 3.163414e-03 -8.603033e+02
9.655068e+00 3.415858e-03 -9.081515e+02
9.655068e+00 3.688447e-03 -9.569423e+02
9.655068e+00 3.982789e-03 -1.006412e+03
9.655068e+00 4.300619e-03 -1.056246e+03
9.655068e+00 4.643813e-03 -1.106085e+03
9.655068e+00 5.014394e-03 -1.155507e+03
9.655068e+00 5.414548e-03 -1.204022e+03
9.655068e+00 5.846635e-03 -1.251097e+03
9.655068e+00 6.313202e-03 -1.296117e+03
9.655068e+00 6.817002e-03 -1.338388e+03
9.655068e+00 7.361006e-03 -1.377185e+03
9.655068e+00 7.948422e-03 -1.411693e+03
9.655068e+00 8.582714e-03 -1.441032e+03
9.655068e+00 9.267624e-03 -1.464324e+03
9.655068e+00 1.000719e-02 -1.480637e+03
9.655068e+00 1.080577e-02 -1.489023e+03
9.655068e+00 1.166809e-02 -1.488634e+03
9.655068e+00 1.259921e-02 -1.478717e+03
9.655068e+00 1.360464e-02 -1.458672e+03
9.655068e+00 1.469030e-02 -1.428146e+03
9.655068e+00 1.586261e-02 -1.387214e+03
9.655068e+00 1.712846e-02 -1.336358e+03
9.655068e+00 1.849533e-02 -1.276377e+03
9.655068e+00 1.997127e-02 -1.209001e+03
9.655068e+00 2.156500e-02 -1.136544e+03
9.655068e+00 2.328591e-02 -1.061241e+03
9.655068e+00 2.514415e-02 -9.861635e+02
9.655068e+00 2.715068e-02 -9.145871e+02
9.655068e+00 2.931733e-02 -8.489722e+02
9.655068e+00 3.165689e-02 -7.911223e+02
9.655068e+00 3.418314e-02 -7.421220e+02
9.655068e+00 3.691099e-02 -7.012135e+02
9.655068e+00 3.985652e-02 -6.659196e+02
9.655068e+00 4.303711e-02 -6.320831e+02
9.655068e+00 4.647152e-02 -5.946583e+02
9.655068e+00 5.017999e-02 -5.493550e+02
9.655068e+00 5.418441e-02 -5.064410e+02
9.655068e+00 5.850838e-02 -4.784510e+02
9.655068e+00 6.317741e-02 -4.482274e+02
9.655068e+00 6.821903e-02 -4.155920e+02
9.655068e+00 7.366298e-02 -3.806935e+02
9.655068e+00 7.954136e-02 -3.464944e+02
9.655068e+00 8.588885e-02 -3.095662e+02
9.655068e+00 9.274286e-02 -2.696911e+02
9.655068e+00 1.001438e-01 -2.266340e+02
9.655068e+00 1.081354e-01 -2.005826e+02
9.655068e+00 1.167647e-01 -1.822051e+02
9.655068e+00 1.260827e-01 -1.623611e+02
9.655068e+00 1.361442e-01 -1.409335e+02
9.655068e+00 1.470087e-01 -1.200697e+02
9.655068e+00 1.587401e-01 -1.072262e+02
9.655068e+00 1.714077e-01 -9.335778e+01
9.655068e+00 1.850862e-01 -7.838267e+01
9.655068e+00 1.998563e-01 -6.221253e+01
9.655068e+00 2.158051e-01 -5.397810e+01
9.655068e+00 2.330265e-01 -4.692942e+01
9.655068e+00 2.516223e-01 -3.931825e+01
9.655068e+00 2.717020e-01 -3.109970e+01
9.655068e+00 2.933841e-01 -2.490137e+01
9.655068e+00 3.167964e-01 -2.160953e+01
9.655068e+00 3.420771e-01 -1.805499e+01
9.655068e+00 3.693752e-01 -1.421679e+01
9.655068e+00 3.988518e-01 -1.028054e+01
9.655068e+00 4.306805e-01 -8.951084e+00
9.655068e+00 4.650493e-01 -7.515532e+00
9.655068e+00 5.021607e-01 -5.965421e+00
9.655068e+00 5.422336e-01 -4.291609e+00
9.655068e+00 5.855044e-01 -3.406105e+00
9.655068e+00 6.322283e-01 -2.879540e+00
9.655068e+00 6.826808e-01 -2.310954e+00
9.655068e+00 7.371594e-01 -1.696995e+00
9.655068e+00 7.959855e-01 -1.191729e+00
9.655068e+00 8.595059e-01 -1.017194e+00
9.655068e+00 9.280954e-01 -8.287308e-01
9.655068e+00 1.002158e+00 -6.252280e-01
9.655068e+00 1.082132e+00 -4.054856e-01
9.655068e+00 1.168487e+00 -3.396777e-01
9.655068e+00 1.261733e+00 -2.832225e-01
9.655068e+00 1.362421e+00 -2.222620e-01
9.655068e+00 1.471144e+00 -1.564369e-01
9.655068e+00 1.588542e+00 -1.156496e-01
9.655068e+00 1.715310e+00 -9.812809e-02
9.655068e+00 1.852193e+00 -7.920839e-02
9.655068e+00 2.000000e+00 -5.877887e-02
9.868170e+00 1.000000e-03 -2.865064e+02
9.868170e+00 1.079801e-03 -3.072668e+02
9.868170e+00 1.165970e-03 -3.293434e+02
9.868170e+00 1.259016e-03 -3.527842e+02
9.868170e+00 1.359487e-03 -3.776328e+02
9.868170e+00 1.467975e-03 -4.039280e+02
9.868170e+00 1.585121e-03 -4.317028e+02
9.868170e+00 1.711615e-03 -4.609827e+02
9.868170e+00 1.848204e-03 -4.917852e+02
9.868170e+00 1.995693e-03 -5.241153e+02
9.868170e+00 2.154951e-03 -5.579637e+02
9.868170e+00 2.326918e-03 -5.933073e+02
9.868170e+00 2.512609e-03 -6.301002e+02
9.868170e+00 2.713117e-03 -6.682714e+02
9.868170e+00 2.929627e-03 -7.077279e+02
9.868170e+00 3.163414e-03 -7.483463e+02
9.868170e+00 3.415858e-03 -7.899704e+02
9.868170e+00 3.688447e-03 -8.324144e+02
9.868170e+00 3.982789e-03 -8.754489e+02
9.868170e+00 4.300619e-03 -9.187997e+02
9.868170e+00 4.643813e-03 -9.621553e+02
9.868170e+00 5.014394e-03 -1.005147e+03
9.868170e+00 5.414548e-03 -1.047351e+03
9.868170e+00 5.846635e-03 -1.088302e+03
9.868170e+00 6.313202e-03 -1.127465e+03
9.868170e+00 6.817002e-03 -1.164237e+03
9.868170e+00 7.361006e-03 -1.197987e+03
9.868170e+00 7.948422e-03 -1.228005e+03
9.868170e+00 8.582714e-03 -1.253527e+03
9.868170e+00 9.267624e-03 -1.273789e+03
9.868170e+00 1.000719e-02 -1.287980e+03
9.868170e+00 1.080577e-02 -1.295276e+03
9.868170e+00 1.166809e-02 -1.294938e+03
9.868170e+00 1.259921e-02 -1.286312e+03
9.868170e+00 1.360464e-02 -1.268876e+03
9.868170e+00 1.469030e-02 -1.242322e+03
9.868170e+00 1.586261e-02 -1.206716e+03
9.868170e+00 1.712846e-02 -1.162477e+03
9.868170e+00 1.849533e-02 -1.110301e+03
9.868170e+00 1.997127e-02 -1.051691e+03
9.868170e+00 2.156500e-02 -9.886622e+02
9.868170e+00 2.328591e-02 -9.231579e+02
9.868170e+00 2.514415e-02 -8.578488e+02
9.868170e+00 2.715068e-02 -7.955856e+02
9.868170e+00 2.931733e-02 -7.385082e+02
9.868170e+00 3.165689e-02 -6.881855e+02
9.868170e+00 3.418314e-02 -6.455608e+02
9.868170e+00 3.691099e-02 -6.099752e+02
9.868170e+00 3.985652e-02 -5.792735e+02
9.868170e+00 4.303711e-02 -5.498397e+02
9.868170e+00 4.647152e-02 -5.172844e+02
9.868170e+00 5.017999e-02 -4.778757e+02
9.868170e+00 5.418441e-02 -4.406190e+02
9.868170e+00 5.850838e-02 -4.164758e+02
9.868170e+00 6.317741e-02 -3.904059e+02
9.868170e+00 6.821903e-02 -3.622556e+02
9.868170e+00 7.366298e-02 -3.321198e+02
9.868170e+00 7.954136e-02 -3.022439e+02
9.868170e+00 8.588885e-02 -2.699838e+02
9.868170e+00 9.274286e-02 -2.351494e+02
9.868170e+00 1.001438e-01 -1.975351e+02
9.868170e+00 1.081354e-01 -1.749736e+02
9.868170e+00 1.167647e-01 -1.592255e+02
9.868170e+00 1.260827e-01 -1.422208e+02
9.868170e+00 1.361442e-01 -1.238590e+02
9.868170e+00 1.470087e-01 -1.059675e+02
9.868170e+00 1.587401e-01 -9.489309e+01
9.868170e+00 1.714077e-01 -8.293498e+01
9.868170e+00 1.850862e-01 -7.002261e+01
9.868170e+00 1.998563e-01 -5.607981e+01
9.868170e+00 2.158051e-01 -4.885555e+01
9.868170e+00 2.330265e-01 -4.261901e+01
9.868170e+00 2.516223e-01 -3.588479e+01
9.868170e+00 2.717020e-01 -2.861317e+01
9.868170e+00 2.933841e-01 -2.309036e+01
9.868170e+00 3.167964e-01 -2.008694e+01
9.868170e+00 3.420771e-01 -1.684384e+01
9.868170e+00 3.693752e-01 -1.334193e+01
9.868170e+00 3.988518e-01 -9.748251e+00
9.868170e+00 4.306805e-01 -8.500298e+00
9.868170e+00 4.650493e-01 -7.152756e+00
9.868170e+00 5.021607e-01 -5.697679e+00
9.868170e+00 5.422336e-01 -4.126485e+00
9.868170e+00 5.855044e-01 -3.288583e+00
9.868170e+00 6.322283e-01 -2.783965e+00
9.868170e+00 6.826808e-01 -2.239078e+00
9.868170e+00 7.371594e-01 -1.650709e+00
9.868170e+00 7.959855e-01 -1.165734e+00
9.868170e+00 8.595059e-01 -9.958332e-01
9.868170e+00 9.280954e-01 -8.123745e-01
9.868170e+00 1.002158e+00 -6.142757e-01
9.868170e+00 1.082132e+00 -4.003683e-01
9.868170e+00 1.168487e+00 -3.357004e-01
9.868170e+00 1.261733e+00 -2.800365e-01
9.868170e+00 1.362421e+00 -2.199306e-01
9.868170e+00 1.471144e+00 -1.550282e-01
9.868170e+00 1.588542e+00 -1.147698e-01
9.868170e+00 1.715310e+00 -9.741034e-02
9.868170e+00 1.852193e+00 -7.866556e-02
9.868170e+00 2.000000e+00 -5.842492e-02
1.008553e+01 1.000000e-03 -2.486663e+02
1.008553e+01 1.079801e-03 -2.666892e+02
1.008553e+01 1.165970e-03 -2.858551e+02
1.008553e+01 1.259016e-03 -3.062057e+02
1.008553e+01 1.359487e-03 -3.277788e+02
1.008553e+01 1.467975e-03 -3.506080e+02
1.008553e+01 1.585121e-03 -3.747216e+02
1.008553e+01 1.711615e-03 -4.001418e+02
1.008553e+01 1.848204e-03 -4.268835e+02
1.008553e+01 1.995693e-03 -4.549510e+02
1.008553e+01 2.154951e-03 -4.843362e+02
1.008553e+01 2.326918e-03 -5.150192e+02
1.008553e+01 2.512609e-03 -5.469602e+02
1.008553e+01 2.713117e-03 -5.800977e+02
1.008553e+01 2.929627e-03 -6.143510e+02
1.008553e+01 3.163414e-03 -6.496129e+02
1.008553e+01 3.415858e-03 -6.857478e+02
1.008553e+01 3.688447e-03 -7.225942e+02
1.008553e+01 3.982789e-03 -7.599532e+02
1.008553e+01 4.300619e-03 -7.975866e+02
1.008553e+01 4.643813e-03 -8.352241e+02
1.008553e+01 5.014394e-03 -8.725460e+02
1.008553e+01 5.414548e-03 -9.091835e+02
1.008553e+01 5.846635e-03 -9.447335e+02
1.008553e+01 6.313202e-03 -9.787308e+02
1.008553e+01 6.817002e-03 -1.010653e+03
1.008553e+01 7.361006e-03 -1.039951e+03
1.008553e+01 7.948422e-03 -1.066011e+03
1.008553e+01 8.582714e-03 -1.088166e+03
1.008553e+01 9.267624e-03 -1.105756e+03
1.008553e+01 1.000719e-02 -1.118076e+03
1.008553e+01 1.080577e-02 -1.124409e+03
1.008553e+01 1.166809e-02 -1.124116e+03
1.008553e+01 1.259921e-02 -1.116629e+03
1.008553e+01 1.360464e-02 -1.101493e+03
1.008553e+01 1.469030e-02 -1.078442e+03
1.008553e+01 1.586261e-02 -1.047533e+03
1.008553e+01 1.712846e-02 -1.009130e+03
1.008553e+01 1.849533e-02 -9.638372e+02
1.008553e+01 1.997127e-02 -9.129592e+02
1.008553e+01 2.156500e-02 -8.582447e+02
1.008553e+01 2.328591e-02 -8.013813e+02
1.008553e+01 2.514415e-02 -7.446874e+02
1.008553e+01 2.715068e-02 -6.906376e+02
1.008553e+01 2.931733e-02 -6.410895e+02
1.008553e+01 3.165689e-02 -5.974050e+02
1.008553e+01 3.418314e-02 -5.604031e+02
1.008553e+01 3.691099e-02 -5.295116e+02
1.008553e+01 3.985652e-02 -5.028599e+02
1.008553e+01 4.303711e-02 -4.773087e+02
1.008553e+01 4.647152e-02 -4.490479e+02
1.008553e+01 5.017999e-02 -4.148378e+02
1.008553e+01 5.418441e-02 -3.824861e+02
1.008553e+01 5.850838e-02 -3.615009e+02
1.008553e+01 6.317741e-02 -3.388411e+02
1.008553e+01 6.821903e-02 -3.143730e+02
1.008553e+01 7.366298e-02 -2.881817e+02
1.008553e+01 7.954136e-02 -2.622424e+02
1.008553e+01 8.588885e-02 -2.342331e+02
1.008553e+01 9.274286e-02 -2.039886e+02
1.008553e+01 1.001438e-01 -1.713306e+02
1.008553e+01 1.081354e-01 -1.518660e+02
1.008553e+01 1.167647e-01 -1.383862e+02
1.008553e+01 1.260827e-01 -1.238307e+02
1.008553e+01 1.361442e-01 -1.081136e+02
1.008553e+01 1.470087e-01 -9.279774e+01
1.008553e+01 1.587401e-01 -8.331129e+01
1.008553e+01 1.714077e-01 -7.306781e+01
1.008553e+01 1.850862e-01 -6.200689e+01
1.008553e+01 1.998563e-01 -5.006330e+01
1.008553e+01 2.158051e-01 -4.377204e+01
1.008553e+01 2.330265e-01 -3.829813e+01
1.008553e+01 2.516223e-01 -3.238739e+01
1.008553e+01 2.717020e-01 -2.600498e+01
1.008553e+01 2.933841e-01 -2.112805e+01
1.008553e+01 3.167964e-01 -1.842261e+01
1.008553e+01 3.420771e-01 -1.550128e+01
1.008553e+01 3.693752e-01 -1.234683e+01
1.008553e+01 3.988518e-01 -9.107817e+00
1.008553e+01 4.306805e-01 -7.955255e+00
1.008553e+01 4.650493e-01 -6.710717e+00
1.008553e+01 5.021607e-01 -5.366863e+00
1.008553e+01 5.422336e-01 -3.915769e+00
1.008553e+01 5.855044e-01 -3.134590e+00
1.008553e+01 6.322283e-01 -2.657222e+00
1.008553e+01 6.826808e-01 -2.141759e+00
1.008553e+01 7.371594e-01 -1.585162e+00
1.008553e+01 7.959855e-01 -1.125691e+00
1.008553e+01 8.595059e-01 -9.626152e-01
1.008553e+01 9.280954e-01 -7.865255e-01
1.008553e+01 1.002158e+00 -5.963836e-01
1.008553e+01 1.082132e+00 -3.910683e-01
1.008553e+01 1.168487e+00 -3.283561e-01
1.008553e+01 1.261733e+00 -2.741805e-01
1.008553e+01 1.362421e+00 -2.156815e-01
1.008553e+01 1.471144e+00 -1.525143e-01
1.008553e+01 1.588542e+00 -1.132095e-01
1.008553e+01 1.715310e+00 -9.607404e-02
1.008553e+01 1.852193e+00 -7.757117e-02
1.008553e+01 2.000000e+00 -5.759175e-02
1.030724e+01 1.000000e-03 -2.149946e+02
1.030724e+01 1.079801e-03 -2.305808e+02
1.030724e+01 1.165970e-03 -2.471559e+02
1.030724e+01 1.259016e-03 -2.647559e+02
1.030724e+01 1.359487e-03 -2.834134e+02
1.030724e+01 1.467975e-03 -3.031574e+02
1.030724e+01 1.585121e-03 -3.240123e+02
1.030724e+01 1.711615e-03 -3.459970e+02
1.030724e+01 1.848204e-03 -3.691242e+02
1.030724e+01 1.995693e-03 -3.933976e+02
1.030724e+01 2.154951e-03 -4.188104e+02
1.030724e+01 2.326918e-03 -4.453452e+02
1.030724e+01 2.512609e-03 -4.729678e+02
1.030724e+01 2.713117e-03 -5.016251e+02
1.030724e+01 2.929627e-03 -5.312473e+02
1.030724e+01 3.163414e-03 -5.617416e+02
1.030724e+01 3.415858e-03 -5.929909e+02
1.030724e+01 3.688447e-03 -6.248553e+02
1.030724e+01 3.982789e-03 -6.571629e+02
1.030724e+01 4.300619e-03 -6.897075e+02
1.030724e+01 4.643813e-03 -7.222557e+02
1.030724e+01 5.014394e-03 -7.545310e+02
1.030724e+01 5.414548e-03 -7.862144e+02
1.030724e+01 5.846635e-03 -8.169573e+02
1.030724e+01 6.313202e-03 -8.463573e+02
1.030724e+01 6.817002e-03 -8.739630e+02
1.030724e+01 7.361006e-03 -8.992994e+02
1.030724e+01 7.948422e-03 -9.218350e+02
1.030724e+01 8.582714e-03 -9.409948e+02
1.030724e+01 9.267624e-03 -9.562063e+02
1.030724e+01 1.000719e-02 -9.668601e+02
1.030724e+01 1.080577e-02 -9.723377e+02
1.030724e+01 1.166809e-02 -9.720848e+02
1.030724e+01 1.259921e-02 -9.656103e+02
1.030724e+01 1.360464e-02 -9.525218e+02
1.030724e+01 1.469030e-02 -9.325888e+02
1.030724e+01 1.586261e-02 -9.058602e+02
1.030724e+01 1.712846e-02 -8.726513e+02
1.030724e+01 1.849533e-02 -8.334838e+02
1.030724e+01 1.997127e-02 -7.894869e+02
1.030724e+01 2.156500e-02 -7.421723e+02
1.030724e+01 2.328591e-02 -6.929994e+02
1.030724e+01 2.514415e-02 -6.439730e+02
1.030724e+01 2.715068e-02 -5.972331e+02
1.030724e+01 2.931733e-02 -5.543862e+02
1.030724e+01 3.165689e-02 -5.166097e+02
1.030724e+01 3.418314e-02 -4.846121e+02
1.030724e+01 3.691099e-02 -4.578985e+02
1.030724e+01 3.985652e-02 -4.348513e+02
1.030724e+01 4.303711e-02 -4.127557e+02
1.030724e+01 4.647152e-02 -3.883170e+02
1.030724e+01 5.017999e-02 -3.587336e+02
1.030724e+01 5.418441e-02 -3.307644e+02
1.030724e+01 5.850838e-02 -3.126372e+02
1.030724e+01 6.317741e-02 -2.930634e+02
1.030724e+01 6.821903e-02 -2.719275e+02
1.030724e+01 7.366298e-02 -2.493058e+02
1.030724e+01 7.954136e-02 -2.269292e+02
1.030724e+01 8.588885e-02 -2.027668e+02
1.030724e+01 9.274286e-02 -1.766763e+02
1.030724e+01 1.001438e-01 -1.485037e+02
1.030724e+01 1.081354e-01 -1.317380e+02
1.030724e+01 1.167647e-01 -1.201492e+02
1.030724e+01 1.260827e-01 -1.076356e+02
1.030724e+01 1.361442e-01 -9.412344e+01
1.030724e+01 1.470087e-01 -8.095695e+01
1.030724e+01 1.587401e-01 -7.280557e+01
1.030724e+01 1.714077e-01 -6.400370e+01
1.030724e+01 1.850862e-01 -5.449944e+01
1.030724e+01 1.998563e-01 -4.423672e+01
1.030724e+01 2.158051e-01 -3.878705e+01
1.030724e+01 2.330265e-01 -3.402746e+01
1.030724e+01 2.516223e-01 -2.888805e+01
1.030724e+01 2.717020e-01 -2.333850e+01
1.030724e+01 2.933841e-01 -1.907653e+01
1.030724e+01 3.167964e-01 -1.667371e+01
1.030724e+01 3.420771e-01 -1.407914e+01
1.030724e+01 3.693752e-01 -1.127752e+01
1.030724e+01 3.988518e-01 -8.398988e+00
1.030724e+01 4.306805e-01 -7.347808e+00
1.030724e+01 4.650493e-01 -6.212743e+00
1.030724e+01 5.021607e-01 -4.987099e+00
1.030724e+01 5.422336e-01 -3.663647e+00
1.030724e+01 5.855044e-01 -2.945377e+00
1.030724e+01 6.322283e-01 -2.501024e+00
1.030724e+01 6.826808e-01 -2.021212e+00
1.030724e+01 7.371594e-01 -1.503110e+00
1.030724e+01 7.959855e-01 -1.074574e+00
1.030724e+01 8.595059e-01 -9.198818e-01
1.030724e+01 9.280954e-01 -7.528450e-01
1.030724e+01 1.002158e+00 -5.724785e-01
1.030724e+01 1.082132e+00 -3.777186e-01
1.030724e+01 1.168487e+00 -3.176165e-01
1.030724e+01 1.261733e+00 -2.655107e-01
1.030724e+01 1.362421e+00 -2.092468e-01
1.030724e+01 1.471144e+00 -1.484930e-01
1.030724e+01 1.588542e+00 -1.105687e-01
1.030724e+01 1.715310e+00 -9.385109e-02
1.030724e+01 1.852193e+00 -7.579936e-02
1.030724e+01 2.000000e+00 -5.630708e-02
1.053339e+01 1.000000e-03 -1.857958e+02
1.053339e+01 1.079801e-03 -1.992686e+02
1.053339e+01 1.165970e-03 -2.135965e+02
1.053339e+01 1.259016e-03 -2.288107e+02
1.053339e+01 1.359487e-03 -2.449393e+02
1.053339e+01 1.467975e-03 -2.620072e+02
1.053339e+01 1.585121e-03 -2.800355e+02
1.053339e+01 1.711615e-03 -2.990403e+02
1.053339e+01 1.848204e-03 -3.190325e+02
1.053339e+01 1.995693e-03 -3.400152e+02
1.053339e+01 2.154951e-03 -3.619824e+02
1.053339e+01 2.326918e-03 -3.849194e+02
1.053339e+01 2.512609e-03 -4.087966e+02
1.053339e+01 2.713117e-03 -4.335680e+02
1.053339e+01 2.929627e-03 -4.591734e+02
1.053339e+01 3.163414e-03 -4.855328e+02
1.053339e+01 3.415858e-03 -5.125446e+02
1.053339e+01 3.688447e-03 -5.400881e+02
1.053339e+01 3.982789e-03 -5.680144e+02
1.053339e+01 4.300619e-03 -5.961456e+02
1.053339e+01 4.643813e-03 -6.242797e+02
1.053339e+01 5.014394e-03 -6.521779e+02
1.053339e+01 5.414548e-03 -6.795646e+02
1.053339e+01 5.846635e-03 -7.061382e+02
1.053339e+01 6.313202e-03 -7.315511e+02
1.053339e+01 6.817002e-03 -7.554128e+02
1.053339e+01 7.361006e-03 -7.773131e+02
1.053339e+01 7.948422e-03 -7.967924e+02
1.053339e+01 8.582714e-03 -8.133538e+02
1.053339e+01 9.267624e-03 -8.265026e+02
1.053339e+01 1.000719e-02 -8.357120e+02
1.053339e+01 1.080577e-02 -8.404471e+02
1.053339e+01 1.166809e-02 -8.402289e+02
1.053339e+01 1.259921e-02 -8.346328e+02
1.053339e+01 1.360464e-02 -8.233198e+02
1.053339e+01 1.469030e-02 -8.060906e+02
1.053339e+01 1.586261e-02 -7.829878e+02
1.053339e+01 1.712846e-02 -7.542835e+02
1.053339e+01 1.849533e-02 -7.204289e+02
1.053339e+01 1.997127e-02 -6.823999e+02
1.053339e+01 2.156500e-02 -6.415032e+02
1.053339e+01 2.328591e-02 -5.990002e+02
1.053339e+01 2.514415e-02 -5.566239e+02
1.053339e+01 2.715068e-02 -5.162239e+02
1.053339e+01 2.931733e-02 -4.791887e+02
1.053339e+01 3.165689e-02 -4.465363e+02
1.053339e+01 3.418314e-02 -4.188789e+02
1.053339e+01 3.691099e-02 -3.957888e+02
1.053339e+01 3.985652e-02 -3.758677e+02
1.053339e+01 4.303711e-02 -3.567692e+02
1.053339e+01 4.647152e-02 -3.356454e+02
1.053339e+01 5.017999e-02 -3.100747e+02
1.053339e+01 5.418441e-02 -2.858975e+02
1.053339e+01 5.850838e-02 -2.702241e+02
1.053339e+01 6.317741e-02 -2.532999e+02
1.053339e+01 6.821903e-02 -2.350252e+02
1.053339e+01 7.366298e-02 -2.154773e+02
1.053339e+01 7.954136e-02 -1.962598e+02
1.053339e+01 8.588885e-02 -1.755087e+02
1.053339e+01 9.274286e-02 -1.531016e+02
1.053339e+01 1.001438e-01 -1.289064e+02
1.053339e+01 1.081354e-01 -1.144304e+02
1.053339e+01 1.167647e-01 -1.043574e+02
1.053339e+01 1.260827e-01 -9.348055e+01
1.053339e+01 1.361442e-01 -8.173574e+01
1.053339e+01 1.470087e-01 -7.030845e+01
1.053339e+01 1.587401e-01 -6.331437e+01
1.053339e+01 1.714077e-01 -5.576216e+01
1.053339e+01 1.850862e-01 -4.760727e+01
1.053339e+01 1.998563e-01 -3.880161e+01
1.053339e+01 2.158051e-01 -3.410212e+01
1.053339e+01 2.330265e-01 -2.998815e+01
1.053339e+01 2.516223e-01 -2.554587e+01
1.053339e+01 2.717020e-01 -2.074910e+01
1.053339e+01 2.933841e-01 -1.704902e+01
1.053339e+01 3.167964e-01 -1.493400e+01
1.053339e+01 3.420771e-01 -1.265019e+01
1.053339e+01 3.693752e-01 -1.018413e+01
1.053339e+01 3.988518e-01 -7.649010e+00
1.053339e+01 4.306805e-01 -6.703197e+00
1.053339e+01 4.650493e-01 -5.681908e+00
1.053339e+01 5.021607e-01 -4.579118e+00
1.053339e+01 5.422336e-01 -3.388325e+00
1.053339e+01 5.855044e-01 -2.736131e+00
1.053339e+01 6.322283e-01 -2.327166e+00
1.053339e+01 6.826808e-01 -1.885565e+00
1.053339e+01 7.371594e-01 -1.408725e+00
1.053339e+01 7.959855e-01 -1.013595e+00
1.053339e+01 8.595059e-01 -8.687467e-01
1.053339e+01 9.280954e-01 -7.123391e-01
1.053339e+01 1.002158e+00 -5.434499e-01
1.053339e+01 1.082132e+00 -3.610832e-01
1.053339e+01 1.168487e+00 -3.040792e-01
1.053339e+01 1.261733e+00 -2.544429e-01
1.053339e+01 1.362421e+00 -2.008455e-01
1.053339e+01 1.471144e+00 -1.429710e-01
1.053339e+01 1.588542e+00 -1.067513e-01
1.053339e+01 1.715310e+00 -9.064447e-02
1.053339e+01 1.852193e+00 -7.325232e-02
1.053339e+01 2.000000e+00 -5.447226e-02
1.076406e+01 1.000000e-03 -1.602780e+02
1.076406e+01 1.079801e-03 -1.719033e+02
1.076406e+01 1.165970e-03 -1.842667e+02
1.076406e+01 1.259016e-03 -1.973953e+02
1.076406e+01 1.359487e-03 -2.113132e+02
1.076406e+01 1.467975e-03 -2.260417e+02
1.076406e+01 1.585121e-03 -2.415990e+02
1.076406e+01 1.711615e-03 -2.579989e+02
1.076406e+01 1.848204e-03 -2.752506e+02
1.076406e+01 1.995693e-03 -2.933567e+02
1.076406e+01 2.154951e-03 -3.123122e+02
1.076406e+01 2.326918e-03 -3.321042e+02
1.076406e+01 2.512609e-03 -3.527073e+02
1.076406e+01 2.713117e-03 -3.740819e+02
1.076406e+01 2.929627e-03 -3.961763e+02
1.076406e+01 3.163414e-03 -4.189211e+02
1.076406e+01 3.415858e-03 -4.422290e+02
1.076406e+01 3.688447e-03 -4.659954e+02
1.076406e+01 3.982789e-03 -4.900920e+02
1.076406e+01 4.300619e-03 -5.143652e+02
1.076406e+01 4.643813e-03 -5.386410e+02
1.076406e+01 5.014394e-03 -5.627133e+02
1.076406e+01 5.414548e-03 -5.863440e+02
1.076406e+01 5.846635e-03 -6.092733e+02
1.076406e+01 6.313202e-03 -6.312009e+02
1.076406e+01 6.817002e-03 -6.517901e+02
1.076406e+01 7.361006e-03 -6.706868e+02
1.076406e+01 7.948422e-03 -6.874947e+02
1.076406e+01 8.582714e-03 -7.017848e+02
1.076406e+01 9.267624e-03 -7.131306e+02
1.076406e+01 1.000719e-02 -7.210773e+02
1.076406e+01 1.080577e-02 -7.251635e+02
1.076406e+01 1.166809e-02 -7.249755e+02
1.076406e+01 1.259921e-02 -7.201471e+02
1.076406e+01 1.360464e-02 -7.103859e+02
1.076406e+01 1.469030e-02 -6.955202e+02
1.076406e+01 1.586261e-02 -6.755865e+02
1.076406e+01 1.712846e-02 -6.508197e+02
1.076406e+01 1.849533e-02 -6.216090e+02
1.076406e+01 1.997127e-02 -5.887965e+02
1.076406e+01 2.156500e-02 -5.535096e+02
1.076406e+01 2.328591e-02 -5.168367e+02
1.076406e+01 2.514415e-02 -4.802731e+02
1.076406e+01 2.715068e-02 -4.454147e+02
1.076406e+01 2.931733e-02 -4.134596e+02
1.076406e+01 3.165689e-02 -3.852860e+02
1.076406e+01 3.418314e-02 -3.614223e+02
1.076406e+01 3.691099e-02 -3.414994e+02
1.076406e+01 3.985652e-02 -3.243108e+02
1.076406e+01 4.303711e-02 -3.078320e+02
1.076406e+01 4.647152e-02 -2.896057e+02
1.076406e+01 5.017999e-02 -2.675425e+02
1.076406e+01 5.418441e-02 -2.466848e+02
1.076406e+01 5.850838e-02 -2.331703e+02
1.076406e+01 6.317741e-02 -2.185773e+02
1.076406e+01 6.821903e-02 -2.028198e+02
1.076406e+01 7.366298e-02 -1.859687e+02
1.076406e+01 7.954136e-02 -1.694467e+02
1.076406e+01 8.588885e-02 -1.516063e+02
1.076406e+01 9.274286e-02 -1.323422e+02
1.076406e+01 1.001438e-01 -1.115408e+02
1.076406e+01 1.081354e-01 -9.906192e+01
1.076406e+01 1.167647e-01 -9.034991e+01
1.076406e+01 1.260827e-01 -8.094268e+01
1.076406e+01 1.361442e-01 -7.078475e+01
1.076406e+01 1.470087e-01 -6.090657e+01
1.076406e+01 1.587401e-01 -5.488489e+01
1.076406e+01 1.714077e-01 -4.838268e+01
1.076406e+01 1.850862e-01 -4.136158e+01
1.076406e+01 1.998563e-01 -3.378019e+01
1.076406e+01 2.158051e-01 -2.974402e+01
1.076406e+01 2.330265e-01 -2.621475e+01
1.076406e+01 2.516223e-01 -2.240384e+01
1.076406e+01 2.717020e-01 -1.828881e+01
1.076406e+01 2.933841e-01 -1.510134e+01
1.076406e+01 3.167964e-01 -1.325573e+01
1.076406e+01 3.420771e-01 -1.126283e+01
1.076406e+01 3.693752e-01 -9.110900e+00
1.076406e+01 3.988518e-01 -6.897613e+00
1.076406e+01 4.306805e-01 -6.055824e+00
1.076406e+01 4.650493e-01 -5.146860e+00
1.076406e+01 5.021607e-01 -4.165360e+00
1.076406e+01 5.422336e-01 -3.105534e+00
1.076406e+01 5.855044e-01 -2.519175e+00
1.076406e+01 6.322283e-01 -2.146074e+00
1.076406e+01 6.826808e-01 -1.743200e+00
1.076406e+01 7.371594e-01 -1.308176e+00
1.076406e+01 7.959855e-01 -9.470696e-01
1.076406e+01 8.595059e-01 -8.127694e-01
1.076406e+01 9.280954e-01 -6.677519e-01
1.076406e+01 1.002158e+00 -5.111618e-01
1.076406e+01 1.082132e+00 -3.420757e-01
1.076406e+01 1.168487e+00 -2.885137e-01
1.076406e+01 1.261733e+00 -2.416659e-01
1.076406e+01 1.362421e+00 -1.910796e-01
1.076406e+01 1.471144e+00 -1.364564e-01
1.076406e+01 1.588542e+00 -1.021693e-01
1.076406e+01 1.715310e+00 -8.676748e-02
1.076406e+01 1.852193e+00 -7.013657e-02
1.076406e+01 2.000000e+00 -5.217850e-02
1.099934e+01 1.000000e-03 -1.373451e+02
1.099934e+01 1.079801e-03 -1.473095e+02
1.099934e+01 1.165970e-03 -1.579070e+02
1.099934e+01 1.259016e-03 -1.691606e+02
1.099934e+01 1.359487e-03 -1.810909e+02
1.099934e+01 1.467975e-03 -1.937163e+02
1.099934e+01 1.585121e-03 -2.070520e+02
1.099934e+01 1.711615e-03 -2.211100e+02
1.099934e+01 1.848204e-03 -2.358980e+02
1.099934e+01 1.995693e-03 -2.514182e+02
1.099934e+01 2.154951e-03 -2.676661e+02
1.099934e+01 2.326918e-03 -2.846309e+02
1.099934e+01 2.512609e-03 -3.022908e+02
1.099934e+01 2.713117e-03 -3.206119e+02
1.099934e+01 2.929627e-03 -3.395499e+02
1.099934e+01 3.163414e-03 -3.590456e+02
1.099934e+01 3.415858e-03 -3.790237e+02
1.099934e+01 3.688447e-03 -3.993947e+02
1.099934e+01 3.982789e-03 -4.200487e+02
1.099934e+01 4.300619e-03 -4.408539e+02
1.099934e+01 4.643813e-03 -4.616613e+02
1.099934e+01 5.014394e-03 -4.822942e+02
1.099934e+01 5.414548e-03 -5.025488e+02
1.099934e+01 5.846635e-03 -5.222020e+02
1.099934e+01 6.313202e-03 -5.409966e+02
1.099934e+01 6.817002e-03 -5.586440e+02
1.099934e+01 7.361006e-03 -5.748408e+02
1.099934e+01 7.948422e-03 -5.892471e+02
1.099934e+01 8.582714e-03 -6.014956e+02
1.099934e+01 9.267624e-03 -6.112205e+02
1.099934e+01 1.000719e-02 -6.180321e+02
1.099934e+01 1.080577e-02 -6.215349e+02
1.099934e+01 1.166809e-02 -6.213740e+02
1.099934e+01 1.259921e-02 -6.172358e+02
1.099934e+01 1.360464e-02 -6.088695e+02
1.099934e+01 1.469030e-02 -5.961282e+02
1.099934e+01 1.586261e-02 -5.790432e+02
1.099934e+01 1.712846e-02 -5.578159e+02
1.099934e+01 1.849533e-02 -5.327796e+02
1.099934e+01 1.997127e-02 -5.046561e+02
1.099934e+01 2.156500e-02 -4.744118e+02
1.099934e+01 2.328591e-02 -4.429796e+02
1.099934e+01 2.514415e-02 -4.116411e+02
1.099934e+01 2.715068e-02 -3.817640e+02
1.099934e+01 2.931733e-02 -3.543754e+02
1.099934e+01 3.165689e-02 -3.302279e+02
1.099934e+01 3.418314e-02 -3.097744e+02
1.099934e+01 3.691099e-02 -2.926985e+02
1.099934e+01 3.985652e-02 -2.779662e+02
1.099934e+01 4.303711e-02 -2.638423e+02
1.099934e+01 4.647152e-02 -2.482205e+02
1.099934e+01 5.017999e-02 -2.293102e+02
1.099934e+01 5.418441e-02 -2.114517e+02
1.099934e+01 5.850838e-02 -1.999202e+02
1.099934e+01 6.317741e-02 -1.874685e+02
1.099934e+01 6.821903e-02 -1.740231e+02
1.099934e+01 7.366298e-02 -1.596418e+02
1.099934e+01 7.954136e-02 -1.455116e+02
1.099934e+01 8.588885e-02 -1.302539e+02
1.099934e+01 9.274286e-02 -1.137786e+02
1.099934e+01 1.001438e-01 -9.598849e+01
1.099934e+01 1.081354e-01 -8.527556e+01
1.099934e+01 1.167647e-01 -7.776156e+01
1.099934e+01 1.260827e-01 -6.964794e+01
1.099934e+01 1.361442e-01 -6.088685e+01
1.099934e+01 1.470087e-01 -5.237526e+01
1.099934e+01 1.587401e-01 -4.722553e+01
1.099934e+01 1.714077e-01 -4.166484e+01
1.099934e+01 1.850862e-01 -3.566040e+01
1.099934e+01 1.998563e-01 -2.917681e+01
1.099934e+01 2.158051e-01 -2.573241e+01
1.099934e+01 2.330265e-01 -2.272355e+01
1.099934e+01 2.516223e-01 -1.947459e+01
1.099934e+01 2.717020e-01 -1.596635e+01
1.099934e+01 2.933841e-01 -1.323980e+01
1.099934e+01 3.167964e-01 -1.164495e+01
1.099934e+01 3.420771e-01 -9.922831e+00
1.099934e+01 3.693752e-01 -8.063283e+00
1.099934e+01 3.988518e-01 -6.149774e+00
1.099934e+01 4.306805e-01 -5.408145e+00
1.099934e+01 4.650493e-01 -4.607334e+00
1.099934e+01 5.021607e-01 -3.742617e+00
1.099934e+01 5.422336e-01 -2.808894e+00
1.099934e+01 5.855044e-01 -2.288112e+00
1.099934e+01 6.322283e-01 -1.952927e+00
1.099934e+01 6.826808e-01 -1.590993e+00
1.099934e+01 7.371594e-01 -1.200178e+00
1.099934e+01 7.959855e-01 -8.750849e-01
1.099934e+01 8.595059e-01 -7.520866e-01
1.099934e+01 9.280954e-01 -6.192730e-01
1.099934e+01 1.002158e+00 -4.758607e-01
1.099934e+01 1.082132e+00 -3.210040e-01
1.099934e+01 1.168487e+00 -2.713024e-01
1.099934e+01 1.261733e+00 -2.276433e-01
1.099934e+01 1.362421e+00 -1.805001e-01
1.099934e+01 1.471144e+00 -1.295948e-01
1.099934e+01 1.588542e+00 -9.750587e-02
1.099934e+01 1.715310e+00 -8.288739e-02
1.099934e+01 1.852193e+00 -6.710233e-02
1.099934e+01 2.000000e+00 -5.005761e-02
1.123932e+01 1.000000e-03 -1.173226e+02
1.123932e+01 1.079801e-03 -1.258366e+02
1.123932e+01 1.165970e-03 -1.348917e+02
1.123932e+01 1.259016e-03 -1.445077e+02
1.123932e+01 1.359487e-03 -1.547022e+02
1.123932e+01 1.467975e-03 -1.654907e+02
1.123932e+01 1.585121e-03 -1.768863e+02
1.123932e+01 1.711615e-03 -1.888990e+02
1.123932e+01 1.848204e-03 -2.015353e+02
1.123932e+01 1.995693e-03 -2.147970e+02
1.123932e+01 2.154951e-03 -2.286804e+02
1.123932e+01 2.326918e-03 -2.431762e+02
1.123932e+01 2.512609e-03 -2.582657e+02
1.123932e+01 2.713117e-03 -2.739202e+02
1.123932e+01 2.929627e-03 -2.901017e+02
1.123932e+01 3.163414e-03 -3.067598e+02
1.123932e+01 3.415858e-03 -3.238300e+02
1.123932e+01 3.688447e-03 -3.412359e+02
1.123932e+01 3.982789e-03 -3.588834e+02
1.123932e+01 4.300619e-03 -3.766600e+02
1.123932e+01 4.643813e-03 -3.944385e+02
1.123932e+01 5.014394e-03 -4.120679e+02
1.123932e+01 5.414548e-03 -4.293740e+02
1.123932e+01 5.846635e-03 -4.461663e+02
1.123932e+01 6.313202e-03 -4.622249e+02
1.123932e+01 6.817002e-03 -4.773034e+02
1.123932e+01 7.361006e-03 -4.911423e+02
1.123932e+01 7.948422e-03 -5.034514e+02
1.123932e+01 8.582714e-03 -5.139169e+02
1.123932e+01 9.267624e-03 -5.222262e+02
1.123932e+01 1.000719e-02 -5.280465e+02
1.123932e+01 1.080577e-02 -5.310395e+02
1.123932e+01 1.166809e-02 -5.309024e+02
1.123932e+01 1.259921e-02 -5.273668e+02
1.123932e+01 1.360464e-02 -5.202189e+02
1.123932e+01 1.469030e-02 -5.093328e+02
1.123932e+01 1.586261e-02 -4.947355e+02
1.123932e+01 1.712846e-02 -4.765989e+02
1.123932e+01 1.849533e-02 -4.552080e+02
1.123932e+01 1.997127e-02 -4.311793e+02
1.123932e+01 2.156500e-02 -4.053386e+02
1.123932e+01 2.328591e-02 -3.784829e+02
1.123932e+01 2.514415e-02 -3.517072e+02
1.123932e+01 2.715068e-02 -3.261802e+02
1.123932e+01 2.931733e-02 -3.027793e+02
1.123932e+01 3.165689e-02 -2.821476e+02
1.123932e+01 3.418314e-02 -2.646721e+02
1.123932e+01 3.691099e-02 -2.500824e+02
1.123932e+01 3.985652e-02 -2.374951e+02
1.123932e+01 4.303711e-02 -2.254275e+02
1.123932e+01 4.647152e-02 -2.120803e+02
1.123932e+01 5.017999e-02 -1.959232e+02
1.123932e+01 5.418441e-02 -1.806925e+02
1.123932e+01 5.850838e-02 -1.709167e+02
1.123932e+01 6.317741e-02 -1.603609e+02
1.123932e+01 6.821903e-02 -1.489626e+02
1.123932e+01 7.366298e-02 -1.367598e+02
1.123932e+01 7.954136e-02 -1.246559e+02
1.123932e+01 8.588885e-02 -1.115861e+02
1.123932e+01 9.274286e-02 -9.747336e+01
1.123932e+01 1.001438e-01 -8.223437e+01
1.123932e+01 1.081354e-01 -7.304602e+01
1.123932e+01 1.167647e-01 -6.659139e+01
1.123932e+01 1.260827e-01 -5.962168e+01
1.123932e+01 1.361442e-01 -5.209577e+01
1.123932e+01 1.470087e-01 -4.479195e+01
1.123932e+01 1.587401e-01 -4.040965e+01
1.123932e+01 1.714077e-01 -3.567763e+01
1.123932e+01 1.850862e-01 -3.056799e+01
1.123932e+01 1.998563e-01 -2.505060e+01
1.123932e+01 2.158051e-01 -2.212698e+01
1.123932e+01 2.330265e-01 -1.957609e+01
1.123932e+01 2.516223e-01 -1.682164e+01
1.123932e+01 2.717020e-01 -1.384737e+01
1.123932e+01 2.933841e-01 -1.152814e+01
1.123932e+01 3.167964e-01 -1.015799e+01
1.123932e+01 3.420771e-01 -8.678504e+00
1.123932e+01 3.693752e-01 -7.080951e+00
1.123932e+01 3.988518e-01 -5.436328e+00
1.123932e+01 4.306805e-01 -4.788445e+00
1.123932e+01 4.650493e-01 -4.088862e+00
1.123932e+01 5.021607e-01 -3.333450e+00
1.123932e+01 5.422336e-01 -2.517756e+00
1.123932e+01 5.855044e-01 -2.059279e+00
1.123932e+01 6.322283e-01 -1.761014e+00
1.123932e+01 6.826808e-01 -1.438948e+00
1.123932e+01 7.371594e-01 -1.091180e+00
1.123932e+01 7.959855e-01 -8.012711e-01
1.123932e+01 8.595059e-01 -6.896744e-01
1.123932e+01 9.280954e-01 -5.691721e-01
1.123932e+01 1.002158e+00 -4.390537e-01
1.123932e+01 1.082132e+00 -2.985517e-01
1.123932e+01 1.168487e+00 -2.528590e-01
1.123932e+01 1.261733e+00 -2.125499e-01
1.123932e+01 1.362421e+00 -1.690241e-01
1.123932e+01 1.471144e+00 -1.220248e-01
1.123932e+01 1.588542e+00 -9.225590e-02
1.123932e+01 1.715310e+00 -7.848099e-02
1.123932e+01 1.852193e+00 -6.360682e-02
1.123932e+01 2.000000e+00 -4.754569e-02
1.148411e+01 1.000000e-03 -9.998536e+01
1.148411e+01 1.079801e-03 -1.072431e+02
1.148411e+01 1.165970e-03 -1.149623e+02
1.148411e+01 1.259016e-03 -1.231599e+02
1.148411e+01 1.359487e-03 -1.318508e+02
1.148411e+01 1.467975e-03 -1.410483e+02
1.148411e+01 1.585121e-03 -1.507634e+02
1.148411e+01 1.711615e-03 -1.610045e+02
1.148411e+01 1.848204e-03 -1.717772e+02
1.148411e+01 1.995693e-03 -1.830828e+02
1.148411e+01 2.154951e-03 -1.949182e+02
1.148411e+01 2.326918e-03 -2.072755e+02
1.148411e+01 2.512609e-03 -2.201389e+02
1.148411e+01 2.713117e-03 -2.334837e+02
1.148411e+01 2.929627e-03 -2.472779e+02
1.148411e+01 3.163414e-03 -2.614783e+02
1.148411e+01 3.415858e-03 -2.760301e+02
1.148411e+01 3.688447e-03 -2.908678e+02
1.148411e+01 3.982789e-03 -3.059114e+02
1.148411e+01 4.300619e-03 -3.210651e+02
1.148411e+01 4.643813e-03 -3.362203e+02
1.148411e+01 5.014394e-03 -3.512484e+02
1.148411e+01 5.414548e-03 -3.660009e+02
1.148411e+01 5.846635e-03 -3.803153e+02
1.148411e+01 6.313202e-03 -3.940044e+02
1.148411e+01 6.817002e-03 -4.068579e+02
1.148411e+01 7.361006e-03 -4.186547e+02
1.148411e+01 7.948422e-03 -4.291476e+02
1.148411e+01 8.582714e-03 -4.380688e+02
1.148411e+01 9.267624e-03 -4.451520e+02
1.148411e+01 1.000719e-02 -4.501134e+02
1.148411e+01 1.080577e-02 -4.526649e+02
1.148411e+01 1.166809e-02 -4.525482e+02
1.148411e+01 1.259921e-02 -4.495348e+02
1.148411e+01 1.360464e-02 -4.434421e+02
1.148411e+01 1.469030e-02 -4.341629e+02
1.148411e+01 1.586261e-02 -4.217200e+02
1.148411e+01 1.712846e-02 -4.062602e+02
1.148411e+01 1.849533e-02 -3.880263e+02
1.148411e+01 1.997127e-02 -3.675440e+02
1.148411e+01 2.156500e-02 -3.455170e+02
1.148411e+01 2.328591e-02 -3.226248e+02
1.148411e+01 2.514415e-02 -2.998008e+02
1.148411e+01 2.715068e-02 -2.780412e+02
1.148411e+01 2.931733e-02 -2.580939e+02
1.148411e+01 3.165689e-02 -2.405072e+02
1.148411e+01 3.418314e-02 -2.256107e+02
1.148411e+01 3.691099e-02 -2.131742e+02
1.148411e+01 3.985652e-02 -2.024446e+02
1.148411e+01 4.303711e-02 -1.921581e+02
1.148411e+01 4.647152e-02 -1.807806e+02
1.148411e+01 5.017999e-02 -1.670081e+02
1.148411e+01 5.418441e-02 -1.540362e+02
1.148411e+01 5.850838e-02 -1.457338e+02
1.148411e+01 6.317741e-02 -1.367688e+02
1.148411e+01 6.821903e-02 -1.270884e+02
1.148411e+01 7.366298e-02 -1.167171e+02
1.148411e+01 7.954136e-02 -1.063517e+02
1.148411e+01 8.588885e-02 -9.515903e+01
1.148411e+01 9.274286e-02 -8.307320e+01
1.148411e+01 1.001438e-01 -7.002291e+01
1.148411e+01 1.081354e-01 -6.217830e+01
1.148411e+01 1.167647e-01 -5.668819e+01
1.148411e+01 1.260827e-01 -5.075995e+01
1.148411e+01 1.361442e-01 -4.435864e+01
1.148411e+01 1.470087e-01 -3.814747e+01
1.148411e+01 1.587401e-01 -3.442662e+01
1.148411e+01 1.714077e-01 -3.040885e+01
1.148411e+01 1.850862e-01 -2.607046e+01
1.148411e+01 1.998563e-01 -2.138586e+01
1.148411e+01 2.158051e-01 -1.891284e+01
1.148411e+01 2.330265e-01 -1.675889e+01
1.148411e+01 2.516223e-01 -1.443306e+01
1.148411e+01 2.717020e-01 -1.192162e+01
1.148411e+01 2.933841e-01 -9.958637e+00
1.148411e+01 3.167964e-01 -8.790773e+00
1.148411e+01 3.420771e-01 -7.529712e+00
1.148411e+01 3.693752e-01 -6.168017e+00
1.148411e+01 3.988518e-01 -4.765618e+00
1.148411e+01 4.306805e-01 -4.204560e+00
1.148411e+01 4.650493e-01 -3.598729e+00
1.148411e+01 5.021607e-01 -2.944552e+00
1.148411e+01 5.422336e-01 -2.238170e+00
1.148411e+01 5.855044e-01 -1.837874e+00
1.148411e+01 6.322283e-01 -1.574539e+00
1.148411e+01 6.826808e-01 -1.290190e+00
1.148411e+01 7.371594e-01 -9.831502e-01
1.148411e+01 7.959855e-01 -7.266801e-01
1.148411e+01 8.595059e-01 -6.263940e-01
1.148411e+01 9.280954e-01 -5.181048e-01
1.148411e+01 1.002158e+00 -4.011741e-01
1.148411e+01 1.082132e+00 -2.749122e-01
1.148411e+01 1.168487e+00 -2.332696e-01
1.148411e+01 1.261733e+00 -1.963692e-01
1.148411e+01 1.362421e+00 -1.565240e-01
1.148411e+01 1.471144e+00 -1.134992e-01
1.148411e+01 1.588542e+00 -8.614074e-02
1.148411e+01 1.715310e+00 -7.332172e-02
1.148411e+01 1.852193e+00 -5.947972e-02
1.148411e+01 2.000000e+00 -4.453312e-02
1.173379e+01 1.000000e-03 -8.495318e+01
1.173379e+01 1.079801e-03 -9.112137e+01
1.173379e+01 1.165970e-03 -9.768203e+01
1.173379e+01 1.259016e-03 -1.046494e+02
1.173379e+01 1.359487e-03 -1.120362e+02
1.173379e+01 1.467975e-03 -1.198537e+02
1.173379e+01 1.585121e-03 -1.281112e+02
1.173379e+01 1.711615e-03 -1.368158e+02
1.173379e+01 1.848204e-03 -1.459721e+02
1.173379e+01 1.995693e-03 -1.555812e+02
1.173379e+01 2.154951e-03 -1.656405e+02
1.173379e+01 2.326918e-03 -1.761431e+02
1.173379e+01 2.512609e-03 -1.870757e+02
1.173379e+01 2.713117e-03 -1.984175e+02
1.173379e+01 2.929627e-03 -2.101412e+02
1.173379e+01 3.163414e-03 -2.222102e+02
1.173379e+01 3.415858e-03 -2.345777e+02
1.173379e+01 3.688447e-03 -2.471882e+02
1.173379e+01 3.982789e-03 -2.599736e+02
1.173379e+01 4.300619e-03 -2.728524e+02
1.173379e+01 4.643813e-03 -2.857326e+02
1.173379e+01 5.014394e-03 -2.985047e+02
1.173379e+01 5.414548e-03 -3.110426e+02
1.173379e+01 5.846635e-03 -3.232081e+02
1.173379e+01 6.313202e-03 -3.348422e+02
1.173379e+01 6.817002e-03 -3.457660e+02
1.173379e+01 7.361006e-03 -3.557920e+02
1.173379e+01 7.948422e-03 -3.647097e+02
1.173379e+01 8.582714e-03 -3.722916e+02
1.173379e+01 9.267624e-03 -3.783113e+02
1.173379e+01 1.000719e-02 -3.825278e+02
1.173379e+01 1.080577e-02 -3.846961e+02
1.173379e+01 1.166809e-02 -3.845972e+02
1.173379e+01 1.259921e-02 -3.820367e+02
1.173379e+01 1.360464e-02 -3.768592e+02
1.173379e+01 1.469030e-02 -3.689736e+02
1.173379e+01 1.586261e-02 -3.583991e+02
1.173379e+01 1.712846e-02 -3.452606e+02
1.173379e+01 1.849533e-02 -3.297646e+02
1.173379e+01 1.997127e-02 -3.123577e+02
1.173379e+01 2.156500e-02 -2.936381e+02
1.173379e+01 2.328591e-02 -2.741832e+02
1.173379e+01 2.514415e-02 -2.547862e+02
1.173379e+01 2.715068e-02 -2.362938e+02
1.173379e+01 2.931733e-02 -2.193415e+02
1.173379e+01 3.165689e-02 -2.043954e+02
1.173379e+01 3.418314e-02 -1.917357e+02
1.173379e+01 3.691099e-02 -1.811665e+02
1.173379e+01 3.985652e-02 -1.720479e+02
1.173379e+01 4.303711e-02 -1.633059e+02
1.173379e+01 4.647152e-02 -1.536367e+02
1.173379e+01 5.017999e-02 -1.419321e+02
1.173379e+01 5.418441e-02 -1.308927e+02
1.173379e+01 5.850838e-02 -1.237946e+02
1.173379e+01 6.317741e-02 -1.161300e+02
1.173379e+01 6.821903e-02 -1.078538e+02
1.173379e+01 7.366298e-02 -9.899168e+01
1.173379e+01 7.954136e-02 -9.018399e+01
1.173379e+01 8.588885e-02 -8.067344e+01
1.173379e+01 9.274286e-02 -7.040394e+01
1.173379e+01 1.001438e-01 -5.931493e+01
1.173379e+01 1.081354e-01 -5.265831e+01
1.173379e+01 1.167647e-01 -4.800739e+01
1.173379e+01 1.260827e-01 -4.298532e+01
1.173379e+01 1.361442e-01 -3.756248e+01
1.173379e+01 1.470087e-01 -3.230351e+01
1.173379e+01 1.587401e-01 -2.916635e+01
1.173379e+01 1.714077e-01 -2.577884e+01
1.173379e+01 1.850862e-01 -2.212100e+01
1.173379e+01 1.998563e-01 -1.817127e+01
1.173379e+01 2.158051e-01 -1.608588e+01
1.173379e+01 2.330265e-01 -1.426941e+01
1.173379e+01 2.516223e-01 -1.230800e+01
1.173379e+01 2.717020e-01 -1.019006e+01
1.173379e+01 2.933841e-01 -8.533548e+00
1.173379e+01 3.167964e-01 -7.546101e+00
1.173379e+01 3.420771e-01 -6.479854e+00
1.173379e+01 3.693752e-01 -5.328520e+00
1.173379e+01 3.988518e-01 -4.142271e+00
1.173379e+01 4.306805e-01 -3.660374e+00
1.173379e+01 4.650493e-01 -3.140020e+00
1.173379e+01 5.021607e-01 -2.578142e+00
1.173379e+01 5.422336e-01 -1.971425e+00
1.173379e+01 5.855044e-01 -1.625057e+00
1.173379e+01 6.322283e-01 -1.394935e+00
1.173379e+01 6.826808e-01 -1.146449e+00
1.173379e+01 7.371594e-01 -8.781339e-01
1.173379e+01 7.959855e-01 -6.534834e-01
1.173379e+01 8.595059e-01 -5.640353e-01
1.173379e+01 9.280954e-01 -4.674492e-01
1.173379e+01 1.002158e+00 -3.631555e-01
1.173379e+01 1.082132e+00 -2.505389e-01
1.173379e+01 1.168487e+00 -2.129583e-01
1.173379e+01 1.261733e+00 -1.795349e-01
1.173379e+01 1.362421e+00 -1.434442e-01
1.173379e+01 1.471144e+00 -1.044735e-01
1.173379e+01 1.588542e+00 -7.960648e-02
1.173379e+01 1.715310e+00 -6.782616e-02
1.173379e+01 1.852193e+00 -5.510576e-02
1.173379e+01 2.000000e+00 -4.137026e-02
1.198847e+01 1.000000e-03 -7.182598e+01
1.198847e+01 1.079801e-03 -7.704244e+01
1.198847e+01 1.165970e-03 -8.259099e+01
1.198847e+01 1.259016e-03 -8.848369e+01
1.198847e+01 1.359487e-03 -9.473127e+01
1.198847e+01 1.467975e-03 -1.013432e+02
1.198847e+01 1.585121e-03 -1.083273e+02
1.198847e+01 1.711615e-03 -1.156896e+02
1.198847e+01 1.848204e-03 -1.234338e+02
1.198847e+01 1.995693e-03 -1.315610e+02
1.198847e+01 2.154951e-03 -1.400687e+02
1.198847e+01 2.326918e-03 -1.489512e+02
1.198847e+01 2.512609e-03 -1.581973e+02
1.198847e+01 2.713117e-03 -1.677894e+02
1.198847e+01 2.929627e-03 -1.777044e+02
1.198847e+01 3.163414e-03 -1.879115e+02
1.198847e+01 3.415858e-03 -1.983710e+02
1.198847e+01 3.688447e-03 -2.090360e+02
1.198847e+01 3.982789e-03 -2.198488e+02
1.198847e+01 4.300619e-03 -2.307406e+02
1.198847e+01 4.643813e-03 -2.416335e+02
1.198847e+01 5.014394e-03 -2.524350e+02
1.198847e+01 5.414548e-03 -2.630384e+02
1.198847e+01 5.846635e-03 -2.733268e+02
1.198847e+01 6.313202e-03 -2.831658e+02
1.198847e+01 6.817002e-03 -2.924042e+02
1.198847e+01 7.361006e-03 -3.008832e+02
1.198847e+01 7.948422e-03 -3.084250e+02
1.198847e+01 8.582714e-03 -3.148371e+02
1.198847e+01 9.267624e-03 -3.199278e+02
1.198847e+01 1.000719e-02 -3.234933e+02
1.198847e+01 1.080577e-02 -3.253269e+02
1.198847e+01 1.166809e-02 -3.252435e+02
1.198847e+01 1.259921e-02 -3.230786e+02
1.198847e+01 1.360464e-02 -3.187007e+02
1.198847e+01 1.469030e-02 -3.120323e+02
1.198847e+01 1.586261e-02 -3.030899e+02
1.198847e+01 1.712846e-02 -2.919790e+02
1.198847e+01 1.849533e-02 -2.788743e+02
1.198847e+01 1.997127e-02 -2.641538e+02
1.198847e+01 2.156500e-02 -2.483231e+02
1.198847e+01 2.328591e-02 -2.318705e+02
1.198847e+01 2.514415e-02 -2.154670e+02
1.198847e+01 2.715068e-02 -1.998284e+02
1.198847e+01 2.931733e-02 -1.854923e+02
1.198847e+01 3.165689e-02 -1.728527e+02
1.198847e+01 3.418314e-02 -1.621466e+02
1.198847e+01 3.691099e-02 -1.532085e+02
1.198847e+01 3.985652e-02 -1.454971e+02
1.198847e+01 4.303711e-02 -1.381041e+02
1.198847e+01 4.647152e-02 -1.299272e+02
1.198847e+01 5.017999e-02 -1.200289e+02
1.198847e+01 5.418441e-02 -1.106804e+02
1.198847e+01 5.850838e-02 -1.046425e+02
1.198847e+01 6.317741e-02 -9.812266e+01
1.198847e+01 6.821903e-02 -9.108257e+01
1.198847e+01 7.366298e-02 -8.355000e+01
1.198847e+01 7.954136e-02 -7.612428e+01
1.198847e+01 8.588885e-02 -6.810598e+01
1.198847e+01 9.274286e-02 -5.944781e+01
1.198847e+01 1.001438e-01 -5.009871e+01
1.198847e+01 1.081354e-01 -4.446914e+01
1.198847e+01 1.167647e-01 -4.052087e+01
1.198847e+01 1.260827e-01 -3.625751e+01
1.198847e+01 1.361442e-01 -3.165394e+01
1.198847e+01 1.470087e-01 -2.719722e+01
1.198847e+01 1.587401e-01 -2.457533e+01
1.198847e+01 1.714077e-01 -2.174420e+01
1.198847e+01 1.850862e-01 -1.868714e+01
1.198847e+01 1.998563e-01 -1.538613e+01
1.198847e+01 2.158051e-01 -1.363384e+01
1.198847e+01 2.330265e-01 -1.210367e+01
1.198847e+01 2.516223e-01 -1.045140e+01
1.198847e+01 2.717020e-01 -8.667271e+00
1.198847e+01 2.933841e-01 -7.271666e+00
1.198847e+01 3.167964e-01 -6.439424e+00
1.198847e+01 3.420771e-01 -5.540769e+00
1.198847e+01 3.693752e-01 -4.570400e+00
1.198847e+01 3.988518e-01 -3.570302e+00
1.198847e+01 4.306805e-01 -3.159578e+00
1.198847e+01 4.650493e-01 -2.716077e+00
1.198847e+01 5.021607e-01 -2.237184e+00
1.198847e+01 5.422336e-01 -1.720075e+00
1.198847e+01 5.855044e-01 -1.422954e+00
1.198847e+01 6.322283e-01 -1.223870e+00
1.198847e+01 6.826808e-01 -1.008899e+00
1.198847e+01 7.371594e-01 -7.767722e-01
1.198847e+01 7.959855e-01 -5.819810e-01
1.198847e+01 8.595059e-01 -5.030855e-01
1.198847e+01 9.280954e-01 -4.178942e-01
1.198847e+01 1.002158e+00 -3.259044e-01
1.198847e+01 1.082132e+00 -2.265738e-01
1.198847e+01 1.168487e+00 -1.930065e-01
1.198847e+01 1.261733e+00 -1.630367e-01
1.198847e+01 1.362421e+00 -1.306752e-01
1.198847e+01 1.471144e+00 -9.573129e-02
1.198847e+01 1.588542e+00 -7.331974e-02
1.198847e+01 1.715310e+00 -6.253382e-02
1.198847e+01 1.852193e+00 -5.088718e-02
1.198847e+01 2.000000e+00 -3.831113e-02
1.224824e+01 1.000000e-03 -6.060704e+01
1.224824e+01 1.079801e-03 -6.500990e+01
1.224824e+01 1.165970e-03 -6.969321e+01
1.224824e+01 1.259016e-03 -7.466716e+01
1.224824e+01 1.359487e-03 -7.994077e+01
1.224824e+01 1.467975e-03 -8.552203e+01
1.224824e+01 1.585121e-03 -9.141753e+01
1.224824e+01 1.711615e-03 -9.763226e+01
1.224824e+01 1.848204e-03 -1.041693e+02
1.224824e+01 1.995693e-03 -1.110295e+02
1.224824e+01 2.154951e-03 -1.182108e+02
1.224824e+01 2.326918e-03 -1.257084e+02
1.224824e+01 2.512609e-03 -1.335127e+02
1.224824e+01 2.713117e-03 -1.416090e+02
1.224824e+01 2.929627e-03 -1.499779e+02
1.224824e+01 3.163414e-03 -1.585933e+02
1.224824e+01 3.415858e-03 -1.674218e+02
1.224824e+01 3.688447e-03 -1.764236e+02
1.224824e+01 3.982789e-03 -1.855501e+02
1.224824e+01 4.300619e-03 -1.947433e+02
1.224824e+01 4.643813e-03 -2.039373e+02
1.224824e+01 5.014394e-03 -2.130543e+02
1.224824e+01 5.414548e-03 -2.220040e+02
1.224824e+01 5.846635e-03 -2.306879e+02
1.224824e+01 6.313202e-03 -2.389923e+02
1.224824e+01 6.817002e-03 -2.467899e+02
1.224824e+01 7.361006e-03 -2.539465e+02
1.224824e+01 7.948422e-03 -2.603122e+02
1.224824e+01 8.582714e-03 -2.657242e+02
1.224824e+01 9.267624e-03 -2.700207e+02
1.224824e+01 1.000719e-02 -2.730298e+02
1.224824e+01 1.080577e-02 -2.745773e+02
1.224824e+01 1.166809e-02 -2.745070e+02
1.224824e+01 1.259921e-02 -2.726803e+02
1.224824e+01 1.360464e-02 -2.689859e+02
1.224824e+01 1.469030e-02 -2.633581e+02
1.224824e+01 1.586261e-02 -2.558107e+02
1.224824e+01 1.712846e-02 -2.464330e+02
1.224824e+01 1.849533e-02 -2.353725e+02
1.224824e+01 1.997127e-02 -2.229483e+02
1.224824e+01 2.156500e-02 -2.095871e+02
1.224824e+01 2.328591e-02 -1.957010e+02
1.224824e+01 2.514415e-02 -1.818563e+02
1.224824e+01 2.715068e-02 -1.686571e+02
1.224824e+01 2.931733e-02 -1.565573e+02
1.224824e+01 3.165689e-02 -1.458894e+02
1.224824e+01 3.418314e-02 -1.368534e+02
1.224824e+01 3.691099e-02 -1.293095e+02
1.224824e+01 3.985652e-02 -1.228010e+02
1.224824e+01 4.303711e-02 -1.165613e+02
1.224824e+01 4.647152e-02 -1.096598e+02
1.224824e+01 5.017999e-02 -1.013056e+02
1.224824e+01 5.418441e-02 -9.338645e+01
1.224824e+01 5.850838e-02 -8.820974e+01
1.224824e+01 6.317741e-02 -8.261992e+01
1.224824e+01 6.821903e-02 -7.658403e+01
1.224824e+01 7.366298e-02 -7.014084e+01
1.224824e+01 7.954136e-02 -6.394286e+01
1.224824e+01 8.588885e-02 -5.725027e+01
1.224824e+01 9.274286e-02 -5.002361e+01
1.224824e+01 1.001438e-01 -4.222025e+01
1.224824e+01 1.081354e-01 -3.749134e+01
1.224824e+01 1.167647e-01 -3.414899e+01
1.224824e+01 1.260827e-01 -3.053991e+01
1.224824e+01 1.361442e-01 -2.664283e+01
1.224824e+01 1.470087e-01 -2.287539e+01
1.224824e+01 1.587401e-01 -2.068435e+01
1.224824e+01 1.714077e-01 -1.831845e+01
1.224824e+01 1.850862e-01 -1.576375e+01
1.224824e+01 1.998563e-01 -1.300519e+01
1.224824e+01 2.158051e-01 -1.153186e+01
1.224824e+01 2.330265e-01 -1.024164e+01
1.224824e+01 2.516223e-01 -8.848468e+00
1.224824e+01 2.717020e-01 -7.344114e+00
1.224824e+01 2.933841e-01 -6.168478e+00
1.224824e+01 3.167964e-01 -5.469378e+00
1.224824e+01 3.420771e-01 -4.714489e+00
1.224824e+01 3.693752e-01 -3.899359e+00
1.224824e+01 3.988518e-01 -3.059041e+00
1.224824e+01 4.306805e-01 -2.710760e+00
1.224824e+01 4.650493e-01 -2.334686e+00
1.224824e+01 5.021607e-01 -1.928600e+00
1.224824e+01 5.422336e-01 -1.490109e+00
1.224824e+01 5.855044e-01 -1.236701e+00
1.224824e+01 6.322283e-01 -1.065628e+00
1.224824e+01 6.826808e-01 -8.809036e-01
1.224824e+01 7.371594e-01 -6.814376e-01
1.224824e+01 7.959855e-01 -5.137334e-01
1.224824e+01 8.595059e-01 -4.448392e-01
1.224824e+01 9.280954e-01 -3.704472e-01
1.224824e+01 1.002158e+00 -2.901187e-01
1.224824e+01 1.082132e+00 -2.033798e-01
1.224824e+01 1.168487e+00 -1.736186e-01
1.224824e+01 1.261733e+00 -1.469247e-01
1.224824e+01 1.362421e+00 -1.181006e-01
1.224824e+01 1.471144e+00 -8.697635e-02
1.224824e+01 1.588542e+00 -6.692573e-02
1.224824e+01 1.715310e+00 -5.714510e-02
1.224824e+01 1.852193e+00 -4.658396e-02
1.224824e+01 2.000000e+00 -3.518004e-02
1.251320e+01 1.000000e-03 -5.076140e+01
1.251320e+01 1.079801e-03 -5.445002e+01
1.251320e+01 1.165970e-03 -5.837374e+01
1.251320e+01 1.259016e-03 -6.254108e+01
1.251320e+01 1.359487e-03 -6.695961e+01
1.251320e+01 1.467975e-03 -7.163598e+01
1.251320e+01 1.585121e-03 -7.657571e+01
1.251320e+01 1.711615e-03 -8.178290e+01
1.251320e+01 1.848204e-03 -8.726014e+01
1.251320e+01 1.995693e-03 -9.300802e+01
1.251320e+01 2.154951e-03 -9.902486e+01
1.251320e+01 2.326918e-03 -1.053066e+02
1.251320e+01 2.512609e-03 -1.118452e+02
1.251320e+01 2.713117e-03 -1.186284e+02
1.251320e+01 2.929627e-03 -1.256399e+02
1.251320e+01 3.163414e-03 -1.328580e+02
1.251320e+01 3.415858e-03 -1.402547e+02
1.251320e+01 3.688447e-03 -1.477965e+02
1.251320e+01 3.982789e-03 -1.554427e+02
1.251320e+01 4.300619e-03 -1.631447e+02
1.251320e+01 4.643813e-03 -1.708474e+02
1.251320e+01 5.014394e-03 -1.784855e+02
1.251320e+01 5.414548e-03 -1.859835e+02
1.251320e+01 5.846635e-03 -1.932588e+02
1.251320e+01 6.313202e-03 -2.002162e+02
1.251320e+01 6.817002e-03 -2.067489e+02
1.251320e+01 7.361006e-03 -2.127447e+02
1.251320e+01 7.948422e-03 -2.180779e+02
1.251320e+01 8.582714e-03 -2.226120e+02
1.251320e+01 9.267624e-03 -2.262114e+02
1.251320e+01 1.000719e-02 -2.287320e+02
1.251320e+01 1.080577e-02 -2.300283e+02
1.251320e+01 1.166809e-02 -2.299696e+02
1.251320e+01 1.259921e-02 -2.284397e+02
1.251320e+01 1.360464e-02 -2.253451e+02
1.251320e+01 1.469030e-02 -2.206307e+02
1.251320e+01 1.586261e-02 -2.143079e+02
1.251320e+01 1.712846e-02 -2.064516e+02
1.251320e+01 1.849533e-02 -1.971856e+02
1.251320e+01 1.997127e-02 -1.867771e+02
1.251320e+01 2.156500e-02 -1.755837e+02
1.251320e+01 2.328591e-02 -1.639505e+02
1.251320e+01 2.514415e-02 -1.523519e+02
1.251320e+01 2.715068e-02 -1.412943e+02
1.251320e+01 2.931733e-02 -1.311575e+02
1.251320e+01 3.165689e-02 -1.222204e+02
1.251320e+01 3.418314e-02 -1.146503e+02
1.251320e+01 3.691099e-02 -1.083304e+02
1.251320e+01 3.985652e-02 -1.028778e+02
1.251320e+01 4.303711e-02 -9.765043e+01
1.251320e+01 4.647152e-02 -9.186868e+01
1.251320e+01 5.017999e-02 -8.486980e+01
1.251320e+01 5.418441e-02 -7.822933e+01
1.251320e+01 5.850838e-02 -7.387536e+01
1.251320e+01 6.317741e-02 -6.917394e+01
1.251320e+01 6.821903e-02 -6.409734e+01
1.251320e+01 7.366298e-02 -5.868203e+01
1.251320e+01 7.954136e-02 -5.351275e+01
1.251320e+01 8.588885e-02 -4.793096e+01
1.251320e+01 9.274286e-02 -4.190373e+01
1.251320e+01 1.001438e-01 -3.539553e+01
1.251320e+01 1.081354e-01 -3.143834e+01
1.251320e+01 1.167647e-01 -2.863024e+01
1.251320e+01 1.260827e-01 -2.559805e+01
1.251320e+01 1.361442e-01 -2.232389e+01
1.251320e+01 1.470087e-01 -1.916080e+01
1.251320e+01 1.587401e-01 -1.733143e+01
1.251320e+01 1.714077e-01 -1.535608e+01
1.251320e+01 1.850862e-01 -1.322309e+01
1.251320e+01 1.998563e-01 -1.091989e+01
1.251320e+01 2.158051e-01 -9.687261e+00
1.251320e+01 2.330265e-01 -8.606817e+00
1.251320e+01 2.516223e-01 -7.440153e+00
1.251320e+01 2.717020e-01 -6.180388e+00
1.251320e+01 2.933841e-01 -5.196632e+00
1.251320e+01 3.167964e-01 -4.612929e+00
1.251320e+01 3.420771e-01 -3.982645e+00
1.251320e+01 3.693752e-01 -3.302064e+00
1.251320e+01 3.988518e-01 -2.600288e+00
1.251320e+01 4.306805e-01 -2.307015e+00
1.251320e+01 4.650493e-01 -1.990338e+00
1.251320e+01 5.021607e-01 -1.648391e+00
1.251320e+01 5.422336e-01 -1.279155e+00
1.251320e+01 5.855044e-01 -1.064855e+00
1.251320e+01 6.322283e-01 -9.193868e-01
1.251320e+01 6.826808e-01 -7.623096e-01
1.251320e+01 7.371594e-01 -5.926975e-01
1.251320e+01 7.959855e-01 -4.497577e-01
1.251320e+01 8.595059e-01 -3.900226e-01
1.251320e+01 9.280954e-01 -3.255205e-01
1.251320e+01 1.002158e+00 -2.558710e-01
1.251320e+01 1.082132e+00 -1.806635e-01
1.251320e+01 1.168487e+00 -1.545468e-01
1.251320e+01 1.261733e+00 -1.310382e-01
1.251320e+01 1.362421e+00 -1.056536e-01
1.251320e+01 1.471144e+00 -7.824324e-02
1.251320e+01 1.588542e+00 -6.049589e-02
1.251320e+01 1.715310e+00 -5.170774e-02
1.251320e+01 1.852193e+00 -4.221829e-02
1.251320e+01 2.000000e+00 -3.197157e-02
1.278347e+01 1.000000e-03 -4.230102e+01
1.278347e+01 1.079801e-03 -4.537571e+01
1.278347e+01 1.165970e-03 -4.864649e+01
1.278347e+01 1.259016e-03 -5.212046e+01
1.278347e+01 1.359487e-03 -5.580392e+01
1.278347e+01 1.467975e-03 -5.970241e+01
1.278347e+01 1.585121e-03 -6.382050e+01
1.278347e+01 1.711615e-03 -6.816158e+01
1.278347e+01 1.848204e-03 -7.272776e+01
1.278347e+01 1.995693e-03 -7.751948e+01
1.278347e+01 2.154951e-03 -8.253535e+01
1.278347e+01 2.326918e-03 -8.777192e+01
1.278347e+01 2.512609e-03 -9.322256e+01
1.278347e+01 2.713117e-03 -9.887702e+01
1.278347e+01 2.929627e-03 -1.047219e+02
1.278347e+01 3.163414e-03 -1.107389e+02
1.278347e+01 3.415858e-03 -1.169047e+02
1.278347e+01 3.688447e-03 -1.231915e+02
1.278347e+01 3.982789e-03 -1.295653e+02
1.278347e+01 4.300619e-03 -1.359856e+02
1.278347e+01 4.643813e-03 -1.424064e+02
1.278347e+01 5.014394e-03 -1.487735e+02
1.278347e+01 5.414548e-03 -1.550236e+02
1.278347e+01 5.846635e-03 -1.610882e+02
1.278347e+01 6.313202e-03 -1.668876e+02
1.278347e+01 6.817002e-03 -1.723331e+02
1.278347e+01 7.361006e-03 -1.773311e+02
1.278347e+01 7.948422e-03 -1.817768e+02
1.278347e+01 8.582714e-03 -1.855563e+02
1.278347e+01 9.267624e-03 -1.885565e+02
1.278347e+01 1.000719e-02 -1.906575e+02
1.278347e+01 1.080577e-02 -1.917379e+02
1.278347e+01 1.166809e-02 -1.916891e+02
1.278347e+01 1.259921e-02 -1.904142e+02
1.278347e+01 1.360464e-02 -1.878351e+02
1.278347e+01 1.469030e-02 -1.839056e+02
1.278347e+01 1.586261e-02 -1.786353e+02
1.278347e+01 1.712846e-02 -1.720868e+02
1.278347e+01 1.849533e-02 -1.643632e+02
1.278347e+01 1.997127e-02 -1.556872e+02
1.278347e+01 2.156500e-02 -1.463571e+02
1.278347e+01 2.328591e-02 -1.366603e+02
1.278347e+01 2.514415e-02 -1.269924e+02
1.278347e+01 2.715068e-02 -1.177753e+02
1.278347e+01 2.931733e-02 -1.093259e+02
1.278347e+01 3.165689e-02 -1.018763e+02
1.278347e+01 3.418314e-02 -9.556637e+01
1.278347e+01 3.691099e-02 -9.029841e+01
1.278347e+01 3.985652e-02 -8.575345e+01
1.278347e+01 4.303711e-02 -8.139617e+01
1.278347e+01 4.647152e-02 -7.657681e+01
1.278347e+01 5.017999e-02 -7.074293e+01
1.278347e+01 5.418441e-02 -6.519624e+01
1.278347e+01 5.850838e-02 -6.153487e+01
1.278347e+01 6.317741e-02 -5.758132e+01
1.278347e+01 6.821903e-02 -5.331228e+01
1.278347e+01 7.366298e-02 -4.876510e+01
1.278347e+01 7.954136e-02 -4.449375e+01
1.278347e+01 8.588885e-02 -3.988153e+01
1.278347e+01 9.274286e-02 -3.490126e+01
1.278347e+01 1.001438e-01 -2.952355e+01
1.278347e+01 1.081354e-01 -2.623239e+01
1.278347e+01 1.167647e-01 -2.387882e+01
1.278347e+01 1.260827e-01 -2.133743e+01
1.278347e+01 1.361442e-01 -1.859323e+01
1.278347e+01 1.470087e-01 -1.594562e+01
1.278347e+01 1.587401e-01 -1.443097e+01
1.278347e+01 1.714077e-01 -1.279546e+01
1.278347e+01 1.850862e-01 -1.102943e+01
1.278347e+01 1.998563e-01 -9.122472e+00
1.278347e+01 2.158051e-01 -8.097350e+00
1.278347e+01 2.330265e-01 -7.196962e+00
1.278347e+01 2.516223e-01 -6.224721e+00
1.278347e+01 2.717020e-01 -5.174894e+00
1.278347e+01 2.933841e-01 -4.355297e+00
1.278347e+01 3.167964e-01 -3.869377e+00
1.278347e+01 3.420771e-01 -3.344680e+00
1.278347e+01 3.693752e-01 -2.778112e+00
1.278347e+01 3.988518e-01 -2.193827e+00
1.278347e+01 4.306805e-01 -1.948590e+00
1.278347e+01 4.650493e-01 -1.683782e+00
1.278347e+01 5.021607e-01 -1.397842e+00
1.278347e+01 5.422336e-01 -1.089084e+00
1.278347e+01 5.855044e-01 -9.091881e-01
1.278347e+01 6.322283e-01 -7.864685e-01
1.278347e+01 6.826808e-01 -6.539557e-01
1.278347e+01 7.371594e-01 -5.108683e-01
1.278347e+01 7.959855e-01 -3.900506e-01
1.278347e+01 8.595059e-01 -3.388624e-01
1.278347e+01 9.280954e-01 -2.835892e-01
1.278347e+01 1.002158e+00 -2.239052e-01
1.278347e+01 1.082132e+00 -1.594584e-01
1.278347e+01 1.168487e+00 -1.367227e-01
1.278347e+01 1.261733e+00 -1.161632e-01
1.278347e+01 1.362421e+00 -9.396311e-02
1.278347e+01 1.471144e+00 -6.999138e-02
1.278347e+01 1.588542e+00 -5.438834e-02
1.278347e+01 1.715310e+00 -4.654217e-02
1.278347e+01 1.852193e+00 -3.806987e-02
1.278347e+01 2.000000e+00 -2.892147e-02
1.305914e+01 1.000000e-03 -3.507558e+01
1.305914e+01 1.079801e-03 -3.762580e+01
1.305914e+01 1.165970e-03 -4.033875e+01
1.305914e+01 1.259016e-03 -4.322033e+01
1.305914e+01 1.359487e-03 -4.627578e+01
1.305914e+01 1.467975e-03 -4.950966e+01
1.305914e+01 1.585121e-03 -5.292576e+01
1.305914e+01 1.711615e-03 -5.652684e+01
1.305914e+01 1.848204e-03 -6.031463e+01
1.305914e+01 1.995693e-03 -6.428946e+01
1.305914e+01 2.154951e-03 -6.845015e+01
1.305914e+01 2.326918e-03 -7.279384e+01
1.305914e+01 2.512609e-03 -7.731501e+01
1.305914e+01 2.713117e-03 -8.200520e+01
1.305914e+01 2.929627e-03 -8.685331e+01
1.305914e+01 3.163414e-03 -9.184424e+01
1.305914e+01 3.415858e-03 -9.695858e+01
1.305914e+01 3.688447e-03 -1.021732e+02
1.305914e+01 3.982789e-03 -1.074600e+02
1.305914e+01 4.300619e-03 -1.127853e+02
1.305914e+01 4.643813e-03 -1.181111e+02
1.305914e+01 5.014394e-03 -1.233922e+02
1.305914e+01 5.414548e-03 -1.285764e+02
1.305914e+01 5.846635e-03 -1.336065e+02
1.305914e+01 6.313202e-03 -1.384169e+02
1.305914e+01 6.817002e-03 -1.429336e+02
1.305914e+01 7.361006e-03 -1.470792e+02
1.305914e+01 7.948422e-03 -1.507666e+02
1.305914e+01 8.582714e-03 -1.539015e+02
1.305914e+01 9.267624e-03 -1.563899e+02
1.305914e+01 1.000719e-02 -1.581325e+02
1.305914e+01 1.080577e-02 -1.590286e+02
1.305914e+01 1.166809e-02 -1.589882e+02
1.305914e+01 1.259921e-02 -1.579310e+02
1.305914e+01 1.360464e-02 -1.557921e+02
1.305914e+01 1.469030e-02 -1.525331e+02
1.305914e+01 1.586261e-02 -1.481620e+02
1.305914e+01 1.712846e-02 -1.427305e+02
1.305914e+01 1.849533e-02 -1.363245e+02
1.305914e+01 1.997127e-02 -1.291286e+02
1.305914e+01 2.156500e-02 -1.213901e+02
1.305914e+01 2.328591e-02 -1.133476e+02
1.305914e+01 2.514415e-02 -1.053289e+02
1.305914e+01 2.715068e-02 -9.768415e+01
1.305914e+01 2.931733e-02 -9.067610e+01
1.305914e+01 3.165689e-02 -8.449738e+01
1.305914e+01 3.418314e-02 -7.926382e+01
1.305914e+01 3.691099e-02 -7.489451e+01
1.305914e+01 3.985652e-02 -7.112487e+01
1.305914e+01 4.303711e-02 -6.751089e+01
1.305914e+01 4.647152e-02 -6.351366e+01
1.305914e+01 5.017999e-02 -5.867498e+01
1.305914e+01 5.418441e-02 -5.407096e+01
1.305914e+01 5.850838e-02 -5.102432e+01
1.305914e+01 6.317741e-02 -4.773455e+01
1.305914e+01 6.821903e-02 -4.418226e+01
1.305914e+01 7.366298e-02 -4.040048e+01
1.305914e+01 7.954136e-02 -3.686810e+01
1.305914e+01 8.588885e-02 -3.305384e+01
1.305914e+01 9.274286e-02 -2.893520e+01
1.305914e+01 1.001438e-01 -2.448789e+01
1.305914e+01 1.081354e-01 -2.175897e+01
1.305914e+01 1.167647e-01 -1.980145e+01
1.305914e+01 1.260827e-01 -1.768773e+01
1.305914e+01 1.361442e-01 -1.540532e+01
1.305914e+01 1.470087e-01 -1.320514e+01
1.305914e+01 1.587401e-01 -1.195552e+01
1.305914e+01 1.714077e-01 -1.060617e+01
1.305914e+01 1.850862e-01 -9.149137e+00
1.305914e+01 1.998563e-01 -7.575836e+00
1.305914e+01 2.158051e-01 -6.727398e+00
1.305914e+01 2.330265e-01 -5.981119e+00
1.305914e+01 2.516223e-01 -5.175287e+00
1.305914e+01 2.717020e-01 -4.305148e+00
1.305914e+01 2.933841e-01 -3.626080e+00
1.305914e+01 3.167964e-01 -3.223910e+00
1.305914e+01 3.420771e-01 -2.789647e+00
1.305914e+01 3.693752e-01 -2.320729e+00
1.305914e+01 3.988518e-01 -1.837121e+00
1.305914e+01 4.306805e-01 -1.633740e+00
1.305914e+01 4.650493e-01 -1.414130e+00
1.305914e+01 5.021607e-01 -1.176995e+00
1.305914e+01 5.422336e-01 -9.209359e-01
1.305914e+01 5.855044e-01 -7.711036e-01
1.305914e+01 6.322283e-01 -6.683394e-01
1.305914e+01 6.826808e-01 -5.573744e-01
1.305914e+01 7.371594e-01 -4.375543e-01
1.305914e+01 7.959855e-01 -3.361637e-01
1.305914e+01 8.595059e-01 -2.925475e-01
1.305914e+01 9.280954e-01 -2.454506e-01
1.305914e+01 1.002158e+00 -1.945954e-01
1.305914e+01 1.082132e+00 -1.396819e-01
1.305914e+01 1.168487e+00 -1.200254e-01
1.305914e+01 1.261733e+00 -1.021763e-01
1.305914e+01 1.362421e+00 -8.290281e-02
1.305914e+01 1.471144e+00 -6.209129e-02
1.305914e+01 1.588542e+00 -4.847939e-02
1.305914e+01 1.715310e+00 -4.153890e-02
1.305914e+01 1.852193e+00 -3.404454e-02
1.305914e+01 2.000000e+00 -2.595212e-02
1.334032e+01 1.000000e-03 -2.901694e+01
1.334032e+01 1.079801e-03 -3.112725e+01
1.334032e+01 1.165970e-03 -3.337231e+01
1.334032e+01 1.259016e-03 -3.575701e+01
1.334032e+01 1.359487e-03 -3.828565e+01
1.334032e+01 1.467975e-03 -4.096204e+01
1.334032e+01 1.585121e-03 -4.378926e+01
1.334032e+01 1.711615e-03 -4.676961e+01
1.334032e+01 1.848204e-03 -4.990446e+01
1.334032e+01 1.995693e-03 -5.319407e+01
1.334032e+01 2.154951e-03 -5.663744e+01
1.334032e+01 2.326918e-03 -6.023218e+01
1.334032e+01 2.512609e-03 -6.397374e+01
1.334032e+01 2.713117e-03 -6.785513e+01
1.334032e+01 2.929627e-03 -7.186719e+01
1.334032e+01 3.163414e-03 -7.599746e+01
1.334032e+01 3.415858e-03 -8.022985e+01
1.334032e+01 3.688447e-03 -8.454523e+01
1.334032e+01 3.982789e-03 -8.892023e+01
1.334032e+01 4.300619e-03 -9.332710e+01
1.334032e+01 4.643813e-03 -9.773438e+01
1.334032e+01 5.014394e-03 -1.021047e+02
1.334032e+01 5.414548e-03 -1.063948e+02
1.334032e+01 5.846635e-03 -1.105574e+02
1.334032e+01 6.313202e-03 -1.145381e+02
1.334032e+01 6.817002e-03 -1.182758e+02
1.334032e+01 7.361006e-03 -1.217064e+02
1.334032e+01 7.948422e-03 -1.247578e+02
1.334032e+01 8.582714e-03 -1.273521e+02
1.334032e+01 9.267624e-03 -1.294113e+02
1.334032e+01 1.000719e-02 -1.308533e+02
1.334032e+01 1.080577e-02 -1.315949e+02
1.334032e+01 1.166809e-02 -1.315616e+02
1.334032e+01 1.259921e-02 -1.306869e+02
1.334032e+01 1.360464e-02 -1.289170e+02
1.334032e+01 1.469030e-02 -1.262203e+02
1.334032e+01 1.586261e-02 -1.226033e+02
1.334032e+01 1.712846e-02 -1.181088e+02
1.334032e+01 1.849533e-02 -1.128079e+02
1.334032e+01 1.997127e-02 -1.068534e+02
1.334032e+01 2.156500e-02 -1.004498e+02
1.334032e+01 2.328591e-02 -9.379464e+01
1.334032e+01 2.514415e-02 -8.715924e+01
1.334032e+01 2.715068e-02 -8.083325e+01
1.334032e+01 2.931733e-02 -7.503413e+01
1.334032e+01 3.165689e-02 -6.992126e+01
1.334032e+01 3.418314e-02 -6.559051e+01
1.334032e+01 3.691099e-02 -6.197493e+01
1.334032e+01 3.985652e-02 -5.885556e+01
1.334032e+01 4.303711e-02 -5.586501e+01
1.334032e+01 4.647152e-02 -5.255732e+01
1.334032e+01 5.017999e-02 -4.855332e+01
1.334032e+01 5.418441e-02 -4.473949e+01
1.334032e+01 5.850838e-02 -4.220721e+01
1.334032e+01 6.317741e-02 -3.947285e+01
1.334032e+01 6.821903e-02 -3.652029e+01
1.334032e+01 7.366298e-02 -3.337859e+01
1.334032e+01 7.954136e-02 -3.046085e+01
1.334032e+01 8.588885e-02 -2.731027e+01
1.334032e+01 9.274286e-02 -2.390827e+01
1.334032e+01 1.001438e-01 -2.023479e+01
1.334032e+01 1.081354e-01 -1.797349e+01
1.334032e+01 1.167647e-01 -1.634536e+01
1.334032e+01 1.260827e-01 -1.458730e+01
1.334032e+01 1.361442e-01 -1.268895e+01
1.334032e+01 1.470087e-01 -1.086209e+01
1.334032e+01 1.587401e-01 -9.839312e+00
1.334032e+01 1.714077e-01 -8.734912e+00
1.334032e+01 1.850862e-01 -7.542381e+00
1.334032e+01 1.998563e-01 -6.254684e+00
1.334032e+01 2.158051e-01 -5.557903e+00
1.334032e+01 2.330265e-01 -4.944075e+00
1.334032e+01 2.516223e-01 -4.281264e+00
1.334032e+01 2.717020e-01 -3.565559e+00
1.334032e+01 2.933841e-01 -3.006413e+00
1.334032e+01 3.167964e-01 -2.674210e+00
1.334032e+01 3.420771e-01 -2.315496e+00
1.334032e+01 3.693752e-01 -1.928157e+00
1.334032e+01 3.988518e-01 -1.528682e+00
1.334032e+01 4.306805e-01 -1.360681e+00
1.334032e+01 4.650493e-01 -1.179273e+00
1.334032e+01 5.021607e-01 -9.833893e-01
1.334032e+01 5.422336e-01 -7.718734e-01
1.334032e+01 5.855044e-01 -6.480129e-01
1.334032e+01 6.322283e-01 -5.629823e-01
1.334032e+01 6.826808e-01 -4.711662e-01
1.334032e+01 7.371594e-01 -3.720231e-01
1.334032e+01 7.959855e-01 -2.878813e-01
1.334032e+01 8.595059e-01 -2.509412e-01
1.334032e+01 9.280954e-01 -2.110532e-01
1.334032e+01 1.002158e+00 -1.679822e-01
1.334032e+01 1.082132e+00 -1.214740e-01
1.334032e+01 1.168487e+00 -1.045936e-01
1.334032e+01 1.261733e+00 -8.920568e-02
1.334032e+01 1.362421e+00 -7.258978e-02
1.334032e+01 1.471144e+00 -5.464791e-02
1.334032e+01 1.588542e+00 -4.286124e-02
1.334032e+01 1.715310e+00 -3.677670e-02
1.334032e+01 1.852193e+00 -3.020660e-02
1.334032e+01 2.000000e+00 -2.311220e-02
1.362713e+01 1.000000e-03 -2.359589e+01
1.362713e+01 1.079801e-03 -2.531244e+01
1.362713e+01 1.165970e-03 -2.713866e+01
1.362713e+01 1.259016e-03 -2.907854e+01
1.362713e+01 1.359487e-03 -3.113558e+01
1.362713e+01 1.467975e-03 -3.331286e+01
1.362713e+01 1.585121e-03 -3.561289e+01
1.362713e+01 1.711615e-03 -3.803751e+01
1.362713e+01 1.848204e-03 -4.058781e+01
1.362713e+01 1.995693e-03 -4.326398e+01
1.362713e+01 2.154951e-03 -4.606519e+01
1.362713e+01 2.326918e-03 -4.898949e+01
1.362713e+01 2.512609e-03 -5.203315e+01
1.362713e+01 2.713117e-03 -5.519053e+01
1.362713e+01 2.929627e-03 -5.845420e+01
1.362713e+01 3.163414e-03 -6.181403e+01
1.362713e+01 3.415858e-03 -6.525692e+01
1.362713e+01 3.688447e-03 -6.876730e+01
1.362713e+01 3.982789e-03 -7.232616e+01
1.362713e+01 4.300619e-03 -7.591093e+01
1.362713e+01 4.643813e-03 -7.949601e+01
1.362713e+01 5.014394e-03 -8.305102e+01
1.362713e+01 5.414548e-03 -8.654077e+01
1.362713e+01 5.846635e-03 -8.992681e+01
1.362713e+01 6.313202e-03 -9.316485e+01
1.362713e+01 6.817002e-03 -9.620525e+01
1.362713e+01 7.361006e-03 -9.899583e+01
1.362713e+01 7.948422e-03 -1.014780e+02
1.362713e+01 8.582714e-03 -1.035883e+02
1.362713e+01 9.267624e-03 -1.052633e+02
1.362713e+01 1.000719e-02 -1.064364e+02
1.362713e+01 1.080577e-02 -1.070396e+02
1.362713e+01 1.166809e-02 -1.070126e+02
1.362713e+01 1.259921e-02 -1.063012e+02
1.362713e+01 1.360464e-02 -1.048617e+02
1.362713e+01 1.469030e-02 -1.026682e+02
1.362713e+01 1.586261e-02 -9.972611e+01
1.362713e+01 1.712846e-02 -9.607034e+01
1.362713e+01 1.849533e-02 -9.175857e+01
1.362713e+01 1.997127e-02 -8.691515e+01
1.362713e+01 2.156500e-02 -8.170646e+01
1.362713e+01 2.328591e-02 -7.629313e+01
1.362713e+01 2.514415e-02 -7.089587e+01
1.362713e+01 2.715068e-02 -6.575028e+01
1.362713e+01 2.931733e-02 -6.103324e+01
1.362713e+01 3.165689e-02 -5.687441e+01
1.362713e+01 3.418314e-02 -5.335175e+01
1.362713e+01 3.691099e-02 -5.041081e+01
1.362713e+01 3.985652e-02 -4.787349e+01
1.362713e+01 4.303711e-02 -4.544096e+01
1.362713e+01 4.647152e-02 -4.275046e+01
1.362713e+01 5.017999e-02 -3.949359e+01
1.362713e+01 5.418441e-02 -3.640320e+01
1.362713e+01 5.850838e-02 -3.437630e+01
1.362713e+01 6.317741e-02 -3.218766e+01
1.362713e+01 6.821903e-02 -2.982435e+01
1.362713e+01 7.366298e-02 -2.730508e+01
1.362713e+01 7.954136e-02 -2.491796e+01
1.362713e+01 8.588885e-02 -2.234034e+01
1.362713e+01 9.274286e-02 -1.955702e+01
1.362713e+01 1.001438e-01 -1.655159e+01
1.362713e+01 1.081354e-01 -1.470226e+01
1.362713e+01 1.167647e-01 -1.337135e+01
1.362713e+01 1.260827e-01 -1.193422e+01
1.362713e+01 1.361442e-01 -1.038242e+01
1.362713e+01 1.470087e-01 -8.889337e+00
1.362713e+01 1.587401e-01 -8.054763e+00
1.362713e+01 1.714077e-01 -7.153589e+00
1.362713e+01 1.850862e-01 -6.180501e+00
1.362713e+01 1.998563e-01 -5.129759e+00
1.362713e+01 2.158051e-01 -4.558733e+00
1.362713e+01 2.330265e-01 -4.054707e+00
1.362713e+01 2.516223e-01 -3.510460e+00
1.362713e+01 2.717020e-01 -2.922781e+00
1.362713e+01 2.933841e-01 -2.464426e+00
1.362713e+01 3.167964e-01 -2.193460e+00
1.362713e+01 3.420771e-01 -1.900870e+00
1.362713e+01 3.693752e-01 -1.584931e+00
1.362713e+01 3.988518e-01 -1.259092e+00
1.362713e+01 4.306805e-01 -1.122016e+00
1.362713e+01 4.650493e-01 -9.740008e-01
1.362713e+01 5.021607e-01 -8.141742e-01
1.362713e+01 5.422336e-01 -6.415933e-01
1.362713e+01 5.855044e-01 -5.401381e-01
1.362713e+01 6.322283e-01 -4.701498e-01
1.362713e+01 6.826808e-01 -3.945763e-01
1.362713e+01 7.371594e-01 -3.129720e-01
1.362713e+01 7.959855e-01 -2.435764e-01
1.362713e+01 8.595059e-01 -2.126942e-01
1.362713e+01 9.280954e-01 -1.793477e-01
1.362713e+01 1.002158e+00 -1.433400e-01
1.362713e+01 1.082132e+00 -1.044589e-01
1.362713e+01 1.168487e+00 -9.015017e-02
1.362713e+01 1.261733e+00 -7.705670e-02
1.362713e+01 1.362421e+00 -6.291835e-02
1.362713e+01 1.471144e+00 -4.765175e-02
1.362713e+01 1.588542e+00 -3.756701e-02
1.362713e+01 1.715310e+00 -3.228108e-02
1.362713e+01 1.852193e+00 -2.657333e-02
1.362713e+01 2.000000e+00 -2.041009e-02
1.391967e+01 1.000000e-03 -1.910562e+01
1.391967e+01 1.079801e-03 -2.049591e+01
1.391967e+01 1.165970e-03 -2.197509e+01
1.391967e+01 1.259016e-03 -2.354639e+01
1.391967e+01 1.359487e-03 -2.521265e+01
1.391967e+01 1.467975e-03 -2.697634e+01
1.391967e+01 1.585121e-03 -2.883951e+01
1.391967e+01 1.711615e-03 -3.080361e+01
1.391967e+01 1.848204e-03 -3.286952e+01
1.391967e+01 1.995693e-03 -3.503737e+01
1.391967e+01 2.154951e-03 -3.730648e+01
1.391967e+01 2.326918e-03 -3.967523e+01
1.391967e+01 2.512609e-03 -4.214063e+01
1.391967e+01 2.713117e-03 -4.469810e+01
1.391967e+01 2.929627e-03 -4.734166e+01
1.391967e+01 3.163414e-03 -5.006311e+01
1.391967e+01 3.415858e-03 -5.285183e+01
1.391967e+01 3.688447e-03 -5.569521e+01
1.391967e+01 3.982789e-03 -5.857783e+01
1.391967e+01 4.300619e-03 -6.148143e+01
1.391967e+01 4.643813e-03 -6.438528e+01
1.391967e+01 5.014394e-03 -6.726475e+01
1.391967e+01 5.414548e-03 -7.009136e+01
1.391967e+01 5.846635e-03 -7.283396e+01
1.391967e+01 6.313202e-03 -7.545668e+01
1.391967e+01 6.817002e-03 -7.791932e+01
1.391967e+01 7.361006e-03 -8.017960e+01
1.391967e+01 7.948422e-03 -8.219009e+01
1.391967e+01 8.582714e-03 -8.389933e+01
1.391967e+01 9.267624e-03 -8.525614e+01
1.391967e+01 1.000719e-02 -8.620629e+01
1.391967e+01 1.080577e-02 -8.669498e+01
1.391967e+01 1.166809e-02 -8.667316e+01
1.391967e+01 1.259921e-02 -8.609699e+01
1.391967e+01 1.360464e-02 -8.493110e+01
1.391967e+01 1.469030e-02 -8.315456e+01
1.391967e+01 1.586261e-02 -8.077170e+01
1.391967e+01 1.712846e-02 -7.781080e+01
1.391967e+01 1.849533e-02 -7.431857e+01
1.391967e+01 1.997127e-02 -7.039573e+01
1.391967e+01 2.156500e-02 -6.617704e+01
1.391967e+01 2.328591e-02 -6.179260e+01
1.391967e+01 2.514415e-02 -5.742116e+01
1.391967e+01 2.715068e-02 -5.325357e+01
1.391967e+01 2.931733e-02 -4.943307e+01
1.391967e+01 3.165689e-02 -4.606468e+01
1.391967e+01 3.418314e-02 -4.321155e+01
1.391967e+01 3.691099e-02 -4.082958e+01
1.391967e+01 3.985652e-02 -3.877451e+01
1.391967e+01 4.303711e-02 -3.680431e+01
1.391967e+01 4.647152e-02 -3.462518e+01
1.391967e+01 5.017999e-02 -3.198732e+01
1.391967e+01 5.418441e-02 -2.949424e+01
1.391967e+01 5.850838e-02 -2.788026e+01
1.391967e+01 6.317741e-02 -2.613749e+01
1.391967e+01 6.821903e-02 -2.425564e+01
1.391967e+01 7.366298e-02 -2.224491e+01
1.391967e+01 7.954136e-02 -2.029124e+01
1.391967e+01 8.588885e-02 -1.818167e+01
1.391967e+01 9.274286e-02 -1.590375e+01
1.391967e+01 1.001438e-01 -1.344404e+01
1.391967e+01 1.081354e-01 -1.193515e+01
1.391967e+01 1.167647e-01 -1.085314e+01
1.391967e+01 1.260827e-01 -9.684774e+00
1.391967e+01 1.361442e-01 -8.423174e+00
1.391967e+01 1.470087e-01 -7.210406e+00
1.391967e+01 1.587401e-01 -6.537734e+00
1.391967e+01 1.714077e-01 -5.811382e+00
1.391967e+01 1.850862e-01 -5.027066e+00
1.391967e+01 1.998563e-01 -4.180162e+00
1.391967e+01 2.158051e-01 -3.716847e+00
1.391967e+01 2.330265e-01 -3.306679e+00
1.391967e+01 2.516223e-01 -2.863779e+00
1.391967e+01 2.717020e-01 -2.385536e+00
1.391967e+01 2.933841e-01 -2.012578e+00
1.391967e+01 3.167964e-01 -1.792172e+00
1.391967e+01 3.420771e-01 -1.554178e+00
1.391967e+01 3.693752e-01 -1.297192e+00
1.391967e+01 3.988518e-01 -1.032147e+00
1.391967e+01 4.306805e-01 -9.205650e-01
1.391967e+01 4.650493e-01 -8.000788e-01
1.391967e+01 5.021607e-01 -6.699776e-01
1.391967e+01 5.422336e-01 -5.294943e-01
1.391967e+01 5.855044e-01 -4.468055e-01
1.391967e+01 6.322283e-01 -3.896751e-01
1.391967e+01 6.826808e-01 -3.279856e-01
1.391967e+01 7.371594e-01 -2.613733e-01
1.391967e+01 7.959855e-01 -2.046208e-01
1.391967e+01 8.595059e-01 -1.790485e-01
1.391967e+01 9.280954e-01 -1.514355e-01
1.391967e+01 1.002158e+00 -1.216189e-01
1.391967e+01 1.082132e+00 -8.942301e-02
1.391967e+01 1.168487e+00 -7.736187e-02
1.391967e+01 1.261733e+00 -6.627194e-02
1.391967e+01 1.362421e+00 -5.429703e-02
1.391967e+01 1.471144e+00 -4.136650e-02
1.391967e+01 1.588542e+00 -3.278439e-02
1.391967e+01 1.715310e+00 -2.822808e-02
1.391967e+01 1.852193e+00 -2.330816e-02
1.391967e+01 2.000000e+00 -1.799564e-02
1.421806e+01 1.000000e-03 -1.553994e+01
1.421806e+01 1.079801e-03 -1.667109e+01
1.421806e+01 1.165970e-03 -1.787461e+01
1.421806e+01 1.259016e-03 -1.915313e+01
1.421806e+01 1.359487e-03 -2.050896e+01
1.421806e+01 1.467975e-03 -2.194412e+01
1.421806e+01 1.585121e-03 -2.346025e+01
1.421806e+01 1.711615e-03 -2.505853e+01
1.421806e+01 1.848204e-03 -2.673966e+01
1.421806e+01 1.995693e-03 -2.850372e+01
1.421806e+01 2.154951e-03 -3.035015e+01
1.421806e+01 2.326918e-03 -3.227762e+01
1.421806e+01 2.512609e-03 -3.428369e+01
1.421806e+01 2.713117e-03 -3.636465e+01
1.421806e+01 2.929627e-03 -3.851565e+01
1.421806e+01 3.163414e-03 -4.073002e+01
1.421806e+01 3.415858e-03 -4.299913e+01
1.421806e+01 3.688447e-03 -4.531270e+01
1.421806e+01 3.982789e-03 -4.765819e+01
1.421806e+01 4.300619e-03 -5.002073e+01
1.421806e+01 4.643813e-03 -5.238347e+01
1.421806e+01 5.014394e-03 -5.472636e+01
1.421806e+01 5.414548e-03 -5.702624e+01
1.421806e+01 5.846635e-03 -5.925776e+01
1.421806e+01 6.313202e-03 -6.139174e+01
1.421806e+01 6.817002e-03 -6.339546e+01
1.421806e+01 7.361006e-03 -6.523453e+01
1.421806e+01 7.948422e-03 -6.687036e+01
1.421806e+01 8.582714e-03 -6.826109e+01
1.421806e+01 9.267624e-03 -6.936508e+01
1.421806e+01 1.000719e-02 -7.013822e+01
1.421806e+01 1.080577e-02 -7.053590e+01
1.421806e+01 1.166809e-02 -7.051819e+01
1.421806e+01 1.259921e-02 -7.004944e+01
1.421806e+01 1.360464e-02 -6.910088e+01
1.421806e+01 1.469030e-02 -6.765550e+01
1.421806e+01 1.586261e-02 -6.571680e+01
1.421806e+01 1.712846e-02 -6.330781e+01
1.421806e+01 1.849533e-02 -6.046651e+01
1.421806e+01 1.997127e-02 -5.727485e+01
1.421806e+01 2.156500e-02 -5.384249e+01
1.421806e+01 2.328591e-02 -5.027526e+01
1.421806e+01 2.514415e-02 -4.671861e+01
1.421806e+01 2.715068e-02 -4.332781e+01
1.421806e+01 2.931733e-02 -4.021941e+01
1.421806e+01 3.165689e-02 -3.747884e+01
1.421806e+01 3.418314e-02 -3.515749e+01
1.421806e+01 3.691099e-02 -3.321949e+01
1.421806e+01 3.985652e-02 -3.154746e+01
1.421806e+01 4.303711e-02 -2.994448e+01
1.421806e+01 4.647152e-02 -2.817151e+01
1.421806e+01 5.017999e-02 -2.602531e+01
1.421806e+01 5.418441e-02 -2.398600e+01
1.421806e+01 5.850838e-02 -2.264247e+01
1.421806e+01 6.317741e-02 -2.119173e+01
1.421806e+01 6.821903e-02 -1.962521e+01
1.421806e+01 7.366298e-02 -1.795646e+01
1.421806e+01 7.954136e-02 -1.638718e+01
1.421806e+01 8.588885e-02 -1.469266e+01
1.421806e+01 9.274286e-02 -1.286291e+01
1.421806e+01 1.001438e-01 -1.088716e+01
1.421806e+01 1.081354e-01 -9.672147e+00
1.421806e+01 1.167647e-01 -8.798357e+00
1.421806e+01 1.260827e-01 -7.854837e+00
1.421806e+01 1.361442e-01 -6.836023e+00
1.421806e+01 1.470087e-01 -5.856172e+00
1.421806e+01 1.587401e-01 -5.310438e+00
1.421806e+01 1.714077e-01 -4.721153e+00
1.421806e+01 1.850862e-01 -4.084843e+00
1.421806e+01 1.998563e-01 -3.397754e+00
1.421806e+01 2.158051e-01 -3.021843e+00
1.421806e+01 2.330265e-01 -2.689042e+00
1.421806e+01 2.516223e-01 -2.329682e+00
1.421806e+01 2.717020e-01 -1.941645e+00
1.421806e+01 2.933841e-01 -1.638905e+00
1.421806e+01 3.167964e-01 -1.459769e+00
1.421806e+01 3.420771e-01 -1.266337e+00
1.421806e+01 3.693752e-01 -1.057469e+00
1.421806e+01 3.988518e-01 -8.420810e-01
1.421806e+01 4.306805e-01 -7.518502e-01
1.421806e+01 4.650493e-01 -6.544189e-01
1.421806e+01 5.021607e-01 -5.492125e-01
1.421806e+01 5.422336e-01 -4.356105e-01
1.421806e+01 5.855044e-01 -3.685481e-01
1.421806e+01 6.322283e-01 -3.220466e-01
1.421806e+01 6.826808e-01 -2.718342e-01
1.421806e+01 7.371594e-01 -2.176148e-01
1.421806e+01 7.959855e-01 -1.713324e-01
1.421806e+01 8.595059e-01 -1.502145e-01
1.421806e+01 9.280954e-01 -1.274113e-01
1.421806e+01 1.002158e+00 -1.027884e-01
1.421806e+01 1.082132e+00 -7.620059e-02
1.421806e+01 1.168487e+00 -6.608885e-02
1.421806e+01 1.261733e+00 -5.675415e-02
1.421806e+01 1.362421e+00 -4.667453e-02
1.421806e+01 1.471144e+00 -3.579055e-02
1.421806e+01 1.588542e+00 -2.851787e-02
1.421806e+01 1.715310e+00 -2.458713e-02
1.421806e+01 1.852193e+00 -2.034271e-02
1.421806e+01 2.000000e+00 -1.575959e-02
1.452242e+01 1.000000e-03 -1.249017e+01
1.452242e+01 1.079801e-03 -1.339960e+01
1.452242e+01 1.165970e-03 -1.436725e+01
1.452242e+01 1.259016e-03 -1.539524e+01
1.452242e+01 1.359487e-03 -1.648543e+01
1.452242e+01 1.467975e-03 -1.763945e+01
1.452242e+01 1.585121e-03 -1.885860e+01
1.452242e+01 1.711615e-03 -2.014382e+01
1.452242e+01 1.848204e-03 -2.149567e+01
1.452242e+01 1.995693e-03 -2.291419e+01
1.452242e+01 2.154951e-03 -2.439892e+01
1.452242e+01 2.326918e-03 -2.594879e+01
1.452242e+01 2.512609e-03 -2.756181e+01
1.452242e+01 2.713117e-03 -2.923503e+01
1.452242e+01 2.929627e-03 -3.096456e+01
1.452242e+01 3.163414e-03 -3.274504e+01
1.452242e+01 3.415858e-03 -3.456952e+01
1.452242e+01 3.688447e-03 -3.642975e+01
1.452242e+01 3.982789e-03 -3.831564e+01
1.452242e+01 4.300619e-03 -4.021522e+01
1.452242e+01 4.643813e-03 -4.211496e+01
1.452242e+01 5.014394e-03 -4.399873e+01
1.452242e+01 5.414548e-03 -4.584791e+01
1.452242e+01 5.846635e-03 -4.764213e+01
1.452242e+01 6.313202e-03 -4.935791e+01
1.452242e+01 6.817002e-03 -5.096896e+01
1.452242e+01 7.361006e-03 -5.244763e+01
1.452242e+01 7.948422e-03 -5.376288e+01
1.452242e+01 8.582714e-03 -5.488108e+01
1.452242e+01 9.267624e-03 -5.576874e+01
1.452242e+01 1.000719e-02 -5.639040e+01
1.452242e+01 1.080577e-02 -5.671019e+01
1.452242e+01 1.166809e-02 -5.669600e+01
1.452242e+01 1.259921e-02 -5.631915e+01
1.452242e+01 1.360464e-02 -5.555654e+01
1.452242e+01 1.469030e-02 -5.439448e+01
1.452242e+01 1.586261e-02 -5.283582e+01
1.452242e+01 1.712846e-02 -5.089902e+01
1.452242e+01 1.849533e-02 -4.861466e+01
1.452242e+01 1.997127e-02 -4.604861e+01
1.452242e+01 2.156500e-02 -4.328902e+01
1.452242e+01 2.328591e-02 -4.042100e+01
1.452242e+01 2.514415e-02 -3.756148e+01
1.452242e+01 2.715068e-02 -3.483530e+01
1.452242e+01 2.931733e-02 -3.233617e+01
1.452242e+01 3.165689e-02 -3.013277e+01
1.452242e+01 3.418314e-02 -2.826642e+01
1.452242e+01 3.691099e-02 -2.670828e+01
1.452242e+01 3.985652e-02 -2.536397e+01
1.452242e+01 4.303711e-02 -2.407519e+01
1.452242e+01 4.647152e-02 -2.264973e+01
1.452242e+01 5.017999e-02 -2.092420e+01
1.452242e+01 5.418441e-02 -1.928060e+01
1.452242e+01 5.850838e-02 -1.818923e+01
1.452242e+01 6.317741e-02 -1.701077e+01
1.452242e+01 6.821903e-02 -1.573827e+01
1.452242e+01 7.366298e-02 -1.438434e+01
1.452242e+01 7.954136e-02 -1.312772e+01
1.452242e+01 8.588885e-02 -1.177083e+01
1.452242e+01 9.274286e-02 -1.030566e+01
1.452242e+01 1.001438e-01 -8.723562e+00
1.452242e+01 1.081354e-01 -7.751425e+00
1.452242e+01 1.167647e-01 -7.052958e+00
1.452242e+01 1.260827e-01 -6.298753e+00
1.452242e+01 1.361442e-01 -5.484361e+00
1.452242e+01 1.470087e-01 -4.701053e+00
1.452242e+01 1.587401e-01 -4.264483e+00
1.452242e+01 1.714077e-01 -3.793075e+00
1.452242e+01 1.850862e-01 -3.284048e+00
1.452242e+01 1.998563e-01 -2.734400e+00
1.452242e+01 2.158051e-01 -2.432717e+00
1.452242e+01 2.330265e-01 -2.165251e+00
1.452242e+01 2.516223e-01 -1.876440e+00
1.452242e+01 2.717020e-01 -1.564582e+00
1.452242e+01 2.933841e-01 -1.321445e+00
1.452242e+01 3.167964e-01 -1.177872e+00
1.452242e+01 3.420771e-01 -1.022842e+00
1.452242e+01 3.693752e-01 -8.554409e-01
1.452242e+01 3.988518e-01 -6.827907e-01
1.452242e+01 4.306805e-01 -6.101179e-01
1.452242e+01 4.650493e-01 -5.316458e-01
1.452242e+01 5.021607e-01 -4.469115e-01
1.452242e+01 5.422336e-01 -3.554154e-01
1.452242e+01 5.855044e-01 -3.013777e-01
1.452242e+01 6.322283e-01 -2.638864e-01
1.452242e+01 6.826808e-01 -2.234031e-01
1.452242e+01 7.371594e-01 -1.796893e-01
1.452242e+01 7.959855e-01 -1.422925e-01
1.452242e+01 8.595059e-01 -1.249844e-01
1.452242e+01 9.280954e-01 -1.062951e-01
1.452242e+01 1.002158e+00 -8.611440e-02
1.452242e+01 1.082132e+00 -6.432324e-02
1.452242e+01 1.168487e+00 -5.593701e-02
1.452242e+01 1.261733e+00 -4.817137e-02
1.452242e+01 1.362421e+00 -3.978602e-02
1.452242e+01 1.471144e+00 -3.073150e-02
1.452242e+01 1.588542e+00 -2.463362e-02
1.452242e+01 1.715310e+00 -2.127038e-02
1.452242e+01 1.852193e+00 -1.763876e-02
1.452242e+01 2.000000e+00 -1.371732e-02
1.483287e+01 1.000000e-03 -1.008336e+01
1.483287e+01 1.079801e-03 -1.081776e+01
1.483287e+01 1.165970e-03 -1.159921e+01
1.483287e+01 1.259016e-03 -1.242943e+01
1.483287e+01 1.359487e-03 -1.330991e+01
1.483287e+01 1.467975e-03 -1.424197e+01
1.483287e+01 1.585121e-03 -1.522666e+01
1.483287e+01 1.711615e-03 -1.626474e+01
1.483287e+01 1.848204e-03 -1.735662e+01
1.483287e+01 1.995693e-03 -1.850235e+01
1.483287e+01 2.154951e-03 -1.970154e+01
1.483287e+01 2.326918e-03 -2.095330e+01
1.483287e+01 2.512609e-03 -2.225605e+01
1.483287e+01 2.713117e-03 -2.360740e+01
1.483287e+01 2.929627e-03 -2.500421e+01
1.483287e+01 3.163414e-03 -2.644216e+01
1.483287e+01 3.415858e-03 -2.791566e+01
1.483287e+01 3.688447e-03 -2.941801e+01
1.483287e+01 3.982789e-03 -3.094108e+01
1.483287e+01 4.300619e-03 -3.247521e+01
1.483287e+01 4.643813e-03 -3.400945e+01
1.483287e+01 5.014394e-03 -3.553079e+01
1.483287e+01 5.414548e-03 -3.702419e+01
1.483287e+01 5.846635e-03 -3.847320e+01
1.483287e+01 6.313202e-03 -3.985886e+01
1.483287e+01 6.817002e-03 -4.115994e+01
1.483287e+01 7.361006e-03 -4.235410e+01
1.483287e+01 7.948422e-03 -4.341630e+01
1.483287e+01 8.582714e-03 -4.431936e+01
1.483287e+01 9.267624e-03 -4.503624e+01
1.483287e+01 1.000719e-02 -4.553831e+01
1.483287e+01 1.080577e-02 -4.579660e+01
1.483287e+01 1.166809e-02 -4.578518e+01
1.483287e+01 1.259921e-02 -4.548089e+01
1.483287e+01 1.360464e-02 -4.486506e+01
1.483287e+01 1.469030e-02 -4.392665e+01
1.483287e+01 1.586261e-02 -4.266796e+01
1.483287e+01 1.712846e-02 -4.110391e+01
1.483287e+01 1.849533e-02 -3.925917e+01
1.483287e+01 1.997127e-02 -3.718694e+01
1.483287e+01 2.156500e-02 -3.495842e+01
1.483287e+01 2.328591e-02 -3.264233e+01
1.483287e+01 2.514415e-02 -3.033311e+01
1.483287e+01 2.715068e-02 -2.813157e+01
1.483287e+01 2.931733e-02 -2.611337e+01
1.483287e+01 3.165689e-02 -2.433400e+01
1.483287e+01 3.418314e-02 -2.282681e+01
1.483287e+01 3.691099e-02 -2.156852e+01
1.483287e+01 3.985652e-02 -2.048291e+01
1.483287e+01 4.303711e-02 -1.944214e+01
1.483287e+01 4.647152e-02 -1.829100e+01
1.483287e+01 5.017999e-02 -1.689753e+01
1.483287e+01 5.418441e-02 -1.556418e+01
1.483287e+01 5.850838e-02 -1.466601e+01
1.483287e+01 6.317741e-02 -1.369617e+01
1.483287e+01 6.821903e-02 -1.264893e+01
1.483287e+01 7.366298e-02 -1.153688e+01
1.483287e+01 7.954136e-02 -1.052769e+01
1.483287e+01 8.588885e-02 -9.437953e+00
1.483287e+01 9.274286e-02 -8.261258e+00
1.483287e+01 1.001438e-01 -6.990661e+00
1.483287e+01 1.081354e-01 -6.211989e+00
1.483287e+01 1.167647e-01 -5.654250e+00
1.483287e+01 1.260827e-01 -5.052003e+00
1.483287e+01 1.361442e-01 -4.401697e+00
1.483287e+01 1.470087e-01 -3.775754e+00
1.483287e+01 1.587401e-01 -3.424709e+00
1.483287e+01 1.714077e-01 -3.045651e+00
1.483287e+01 1.850862e-01 -2.636344e+00
1.483287e+01 1.998563e-01 -2.194373e+00
1.483287e+01 2.158051e-01 -1.952232e+00
1.483287e+01 2.330265e-01 -1.737726e+00
1.483287e+01 2.516223e-01 -1.506103e+00
1.483287e+01 2.717020e-01 -1.255996e+00
1.483287e+01 2.933841e-01 -1.061204e+00
1.483287e+01 3.167964e-01 -9.465337e-01
1.483287e+01 3.420771e-01 -8.227129e-01
1.483287e+01 3.693752e-01 -6.890111e-01
1.483287e+01 3.988518e-01 -5.511163e-01
1.483287e+01 4.306805e-01 -4.930620e-01
1.483287e+01 4.650493e-01 -4.303749e-01
1.483287e+01 5.021607e-01 -3.626853e-01
1.483287e+01 5.422336e-01 -2.895940e-01
1.483287e+01 5.855044e-01 -2.461837e-01
1.483287e+01 6.322283e-01 -2.158589e-01
1.483287e+01 6.826808e-01 -1.831141e-01
1.483287e+01 7.371594e-01 -1.477563e-01
1.483287e+01 7.959855e-01 -1.174784e-01
1.483287e+01 8.595059e-01 -1.033770e-01
1.483287e+01 9.280954e-01 -8.815033e-02
1.483287e+01 1.002158e+00 -7.170853e-02
1.483287e+01 1.082132e+00 -5.395465e-02
1.483287e+01 1.168487e+00 -4.703688e-02
1.483287e+01 1.261733e+00 -4.061065e-02
1.483287e+01 1.362421e+00 -3.367159e-02
1.483287e+01 1.471144e+00 -2.617879e-02
1.483287e+01 1.588542e+00 -2.110004e-02
1.483287e+01 1.715310e+00 -1.825313e-02
1.483287e+01 1.852193e+00 -1.517903e-02
1.483287e+01 2.000000e+00 -1.185961e-02
1.514953e+01 1.000000e-03 -8.021849e+00
1.514953e+01 1.079801e-03 -8.606279e+00
1.514953e+01 1.165970e-03 -9.228181e+00
1.514953e+01 1.259016e-03 -9.888920e+00
1.514953e+01 1.359487e-03 -1.058969e+01
1.514953e+01 1.467975e-03 -1.133153e+01
1.514953e+01 1.585121e-03 -1.211528e+01
1.514953e+01 1.711615e-03 -1.294154e+01
1.514953e+01 1.848204e-03 -1.381063e+01
1.514953e+01 1.995693e-03 -1.472257e+01
1.514953e+01 2.154951e-03 -1.567705e+01
1.514953e+01 2.326918e-03 -1.667335e+01
1.514953e+01 2.512609e-03 -1.771021e+01
1.514953e+01 2.713117e-03 -1.878573e+01
1.514953e+01 2.929627e-03 -1.989742e+01
1.514953e+01 3.163414e-03 -2.104185e+01
1.514953e+01 3.415858e-03 -2.221457e+01
1.514953e+01 3.688447e-03 -2.341025e+01
1.514953e+01 3.982789e-03 -2.462242e+01
1.514953e+01 4.300619e-03 -2.584338e+01
1.514953e+01 4.643813e-03 -2.706442e+01
1.514953e+01 5.014394e-03 -2.827519e+01
1.514953e+01 5.414548e-03 -2.946372e+01
1.514953e+01 5.846635e-03 -3.061692e+01
1.514953e+01 6.313202e-03 -3.171970e+01
1.514953e+01 6.817002e-03 -3.275517e+01
1.514953e+01 7.361006e-03 -3.370555e+01
1.514953e+01 7.948422e-03 -3.455090e+01
1.514953e+01 8.582714e-03 -3.526960e+01
1.514953e+01 9.267624e-03 -3.584014e+01
1.514953e+01 1.000719e-02 -3.623973e+01
1.514953e+01 1.080577e-02 -3.644531e+01
1.514953e+01 1.166809e-02 -3.643625e+01
1.514953e+01 1.259921e-02 -3.619412e+01
1.514953e+01 1.360464e-02 -3.570406e+01
1.514953e+01 1.469030e-02 -3.495729e+01
1.514953e+01 1.586261e-02 -3.395562e+01
1.514953e+01 1.712846e-02 -3.271095e+01
1.514953e+01 1.849533e-02 -3.124290e+01
1.514953e+01 1.997127e-02 -2.959381e+01
1.514953e+01 2.156500e-02 -2.782033e+01
1.514953e+01 2.328591e-02 -2.597717e+01
1.514953e+01 2.514415e-02 -2.413947e+01
1.514953e+01 2.715068e-02 -2.238745e+01
1.514953e+01 2.931733e-02 -2.078135e+01
1.514953e+01 3.165689e-02 -1.936530e+01
1.514953e+01 3.418314e-02 -1.816587e+01
1.514953e+01 3.691099e-02 -1.716450e+01
1.514953e+01 3.985652e-02 -1.630056e+01
1.514953e+01 4.303711e-02 -1.547230e+01
1.514953e+01 4.647152e-02 -1.455621e+01
1.514953e+01 5.017999e-02 -1.344727e+01
1.514953e+01 5.418441e-02 -1.238625e+01
1.514953e+01 5.850838e-02 -1.167167e+01
1.514953e+01 6.317741e-02 -1.090008e+01
1.514953e+01 6.821903e-02 -1.006691e+01
1.514953e+01 7.366298e-02 -9.182069e+00
1.514953e+01 7.954136e-02 -8.377973e+00
1.514953e+01 8.588885e-02 -7.509709e+00
1.514953e+01 9.274286e-02 -6.572157e+00
1.514953e+01 1.001438e-01 -5.559787e+00
1.514953e+01 1.081354e-01 -4.940458e+00
1.514953e+01 1.167647e-01 -4.497769e+00
1.514953e+01 1.260827e-01 -4.019754e+00
1.514953e+01 1.361442e-01 -3.503592e+00
1.514953e+01 1.470087e-01 -3.006883e+00
1.514953e+01 1.587401e-01 -2.728864e+00
1.514953e+01 1.714077e-01 -2.428658e+00
1.514953e+01 1.850862e-01 -2.104496e+00
1.514953e+01 1.998563e-01 -1.754466e+00
1.514953e+01 2.158051e-01 -1.561406e+00
1.514953e+01 2.330265e-01 -1.389872e+00
1.514953e+01 2.516223e-01 -1.204650e+00
1.514953e+01 2.717020e-01 -1.004648e+00
1.514953e+01 2.933841e-01 -8.490067e-01
1.514953e+01 3.167964e-01 -7.576110e-01
1.514953e+01 3.420771e-01 -6.589218e-01
1.514953e+01 3.693752e-01 -5.523571e-01
1.514953e+01 3.988518e-01 -4.424482e-01
1.514953e+01 4.306805e-01 -3.961441e-01
1.514953e+01 4.650493e-01 -3.461449e-01
1.514953e+01 5.021607e-01 -2.921556e-01
1.514953e+01 5.422336e-01 -2.338580e-01
1.514953e+01 5.855044e-01 -1.991781e-01
1.514953e+01 6.322283e-01 -1.749048e-01
1.514953e+01 6.826808e-01 -1.486943e-01
1.514953e+01 7.371594e-01 -1.203923e-01
1.514953e+01 7.959855e-01 -9.613964e-02
1.514953e+01 8.595059e-01 -8.479448e-02
1.514953e+01 9.280954e-01 -7.254395e-02
1.514953e+01 1.002158e+00 -5.931583e-02
1.514953e+01 1.082132e+00 -4.503208e-02
1.514953e+01 1.168487e+00 -3.935566e-02
1.514953e+01 1.261733e+00 -3.405642e-02
1.514953e+01 1.362421e+00 -2.833429e-02
1.514953e+01 1.471144e+00 -2.215553e-02
1.514953e+01 1.588542e+00 -1.794381e-02
1.514953e+01 1.715310e+00 -1.554992e-02
1.514953e+01 1.852193e+00 -1.296499e-02
1.514953e+01 2.000000e+00 -1.017378e-02
1.547252e+01 1.000000e-03 -6.284035e+00
1.547252e+01 1.079801e-03 -6.741996e+00
1.547252e+01 1.165970e-03 -7.229342e+00
1.547252e+01 1.259016e-03 -7.747143e+00
1.547252e+01 1.359487e-03 -8.296337e+00
1.547252e+01 1.467975e-03 -8.877741e+00
1.547252e+01 1.585121e-03 -9.492008e+00
1.547252e+01 1.711615e-03 -1.013960e+01
1.547252e+01 1.848204e-03 -1.082076e+01
1.547252e+01 1.995693e-03 -1.153551e+01
1.547252e+01 2.154951e-03 -1.228359e+01
1.547252e+01 2.326918e-03 -1.306443e+01
1.547252e+01 2.512609e-03 -1.387703e+01
1.547252e+01 2.713117e-03 -1.471992e+01
1.547252e+01 2.929627e-03 -1.559115e+01
1.547252e+01 3.163414e-03 -1.648803e+01
1.547252e+01 3.415858e-03 -1.740708e+01
1.547252e+01 3.688447e-03 -1.834412e+01
1.547252e+01 3.982789e-03 -1.929408e+01
1.547252e+01 4.300619e-03 -2.025093e+01
1.547252e+01 4.643813e-03 -2.120783e+01
1.547252e+01 5.014394e-03 -2.215668e+01
1.547252e+01 5.414548e-03 -2.308809e+01
1.547252e+01 5.846635e-03 -2.399182e+01
1.547252e+01 6.313202e-03 -2.485603e+01
1.547252e+01 6.817002e-03 -2.566750e+01
1.547252e+01 7.361006e-03 -2.641228e+01
1.547252e+01 7.948422e-03 -2.707475e+01
1.547252e+01 8.582714e-03 -2.763798e+01
1.547252e+01 9.267624e-03 -2.808510e+01
1.547252e+01 1.000719e-02 -2.839825e+01
1.547252e+01 1.080577e-02 -2.855938e+01
1.547252e+01 1.166809e-02 -2.855230e+01
1.547252e+01 1.259921e-02 -2.836258e+01
1.547252e+01 1.360464e-02 -2.797858e+01
1.547252e+01 1.469030e-02 -2.739341e+01
1.547252e+01 1.586261e-02 -2.660850e+01
1.547252e+01 1.712846e-02 -2.563315e+01
1.547252e+01 1.849533e-02 -2.448276e+01
1.547252e+01 1.997127e-02 -2.319049e+01
1.547252e+01 2.156500e-02 -2.180076e+01
1.547252e+01 2.328591e-02 -2.035641e+01
1.547252e+01 2.514415e-02 -1.891634e+01
1.547252e+01 2.715068e-02 -1.754342e+01
1.547252e+01 2.931733e-02 -1.628483e+01
1.547252e+01 3.165689e-02 -1.517518e+01
1.547252e+01 3.418314e-02 -1.423527e+01
1.547252e+01 3.691099e-02 -1.345057e+01
1.547252e+01 3.985652e-02 -1.277357e+01
1.547252e+01 4.303711e-02 -1.212452e+01
1.547252e+01 4.647152e-02 -1.140664e+01
1.547252e+01 5.017999e-02 -1.053765e+01
1.547252e+01 5.418441e-02 -9.707345e+00
1.547252e+01 5.850838e-02 -9.150564e+00
1.547252e+01 6.317741e-02 -8.549351e+00
1.547252e+01 6.821903e-02 -7.900161e+00
1.547252e+01 7.366298e-02 -7.210603e+00
1.547252e+01 7.954136e-02 -6.582807e+00
1.547252e+01 8.588885e-02 -5.904913e+00
1.547252e+01 9.274286e-02 -5.172922e+00
1.547252e+01 1.001438e-01 -4.382518e+00
1.547252e+01 1.081354e-01 -3.896687e+00
1.547252e+01 1.167647e-01 -3.547493e+00
1.547252e+01 1.260827e-01 -3.170432e+00
1.547252e+01 1.361442e-01 -2.763281e+00
1.547252e+01 1.470087e-01 -2.371822e+00
1.547252e+01 1.587401e-01 -2.154372e+00
1.547252e+01 1.714077e-01 -1.919569e+00
1.547252e+01 1.850862e-01 -1.666029e+00
1.547252e+01 1.998563e-01 -1.392256e+00
1.547252e+01 2.158051e-01 -1.239035e+00
1.547252e+01 2.330265e-01 -1.102030e+00
1.547252e+01 2.516223e-01 -9.540911e-01
1.547252e+01 2.717020e-01 -7.943470e-01
1.547252e+01 2.933841e-01 -6.705164e-01
1.547252e+01 3.167964e-01 -5.986494e-01
1.547252e+01 3.420771e-01 -5.210472e-01
1.547252e+01 3.693752e-01 -4.372524e-01
1.547252e+01 3.988518e-01 -3.508260e-01
1.547252e+01 4.306805e-01 -3.143856e-01
1.547252e+01 4.650493e-01 -2.750374e-01
1.547252e+01 5.021607e-01 -2.325490e-01
1.547252e+01 5.422336e-01 -1.866701e-01
1.547252e+01 5.855044e-01 -1.593400e-01
1.547252e+01 6.322283e-01 -1.401790e-01
1.547252e+01 6.826808e-01 -1.194888e-01
1.547252e+01 7.371594e-01 -9.714765e-02
1.547252e+01 7.959855e-01 -7.797461e-02
1.547252e+01 8.595059e-01 -6.892165e-02
1.547252e+01 9.280954e-01 -5.914626e-02
1.547252e+01 1.002158e+00 -4.859078e-02
1.547252e+01 1.082132e+00 -3.719296e-02
1.547252e+01 1.168487e+00 -3.258125e-02
1.547252e+01 1.261733e+00 -2.825697e-02
1.547252e+01 1.362421e+00 -2.358760e-02
1.547252e+01 1.471144e+00 -1.854562e-02
1.547252e+01 1.588542e+00 -1.508908e-02
1.547252e+01 1.715310e+00 -1.309711e-02
1.547252e+01 1.852193e+00 -1.094619e-02
1.547252e+01 2.000000e+00 -8.623612e-03
1.580197e+01 1.000000e-03 -4.901450e+00
1.580197e+01 1.079801e-03 -5.258762e+00
1.580197e+01 1.165970e-03 -5.639017e+00
1.580197e+01 1.259016e-03 -6.043054e+00
1.580197e+01 1.359487e-03 -6.471605e+00
1.580197e+01 1.467975e-03 -6.925305e+00
1.580197e+01 1.585121e-03 -7.404665e+00
1.580197e+01 1.711615e-03 -7.910039e+00
1.580197e+01 1.848204e-03 -8.441618e+00
1.580197e+01 1.995693e-03 -8.999405e+00
1.580197e+01 2.154951e-03 -9.583194e+00
1.580197e+01 2.326918e-03 -1.019254e+01
1.580197e+01 2.512609e-03 -1.082665e+01
1.580197e+01 2.713117e-03 -1.148438e+01
1.580197e+01 2.929627e-03 -1.216422e+01
1.580197e+01 3.163414e-03 -1.286408e+01
1.580197e+01 3.415858e-03 -1.358123e+01
1.580197e+01 3.688447e-03 -1.431241e+01
1.580197e+01 3.982789e-03 -1.505368e+01
1.580197e+01 4.300619e-03 -1.580032e+01
1.580197e+01 4.643813e-03 -1.654700e+01
1.580197e+01 5.014394e-03 -1.728739e+01
1.580197e+01 5.414548e-03 -1.801417e+01
1.580197e+01 5.846635e-03 -1.871934e+01
1.580197e+01 6.313202e-03 -1.939368e+01
1.580197e+01 6.817002e-03 -2.002686e+01
1.580197e+01 7.361006e-03 -2.060801e+01
1.580197e+01 7.948422e-03 -2.112494e+01
1.580197e+01 8.582714e-03 -2.156442e+01
1.580197e+01 9.267624e-03 -2.191331e+01
1.580197e+01 1.000719e-02 -2.215767e+01
1.580197e+01 1.080577e-02 -2.228341e+01
1.580197e+01 1.166809e-02 -2.227791e+01
1.580197e+01 1.259921e-02 -2.212990e+01
1.580197e+01 1.360464e-02 -2.183030e+01
1.580197e+01 1.469030e-02 -2.137373e+01
1.580197e+01 1.586261e-02 -2.076131e+01
1.580197e+01 1.712846e-02 -2.000031e+01
1.580197e+01 1.849533e-02 -1.910272e+01
1.580197e+01 1.997127e-02 -1.809444e+01
1.580197e+01 2.156500e-02 -1.701010e+01
1.580197e+01 2.328591e-02 -1.588315e+01
1.580197e+01 2.514415e-02 -1.475953e+01
1.580197e+01 2.715068e-02 -1.368831e+01
1.580197e+01 2.931733e-02 -1.270629e+01
1.580197e+01 3.165689e-02 -1.184049e+01
1.580197e+01 3.418314e-02 -1.110712e+01
1.580197e+01 3.691099e-02 -1.049485e+01
1.580197e+01 3.985652e-02 -9.966619e+00
1.580197e+01 4.303711e-02 -9.460197e+00
1.580197e+01 4.647152e-02 -8.900072e+00
1.580197e+01 5.017999e-02 -8.222038e+00
1.580197e+01 5.418441e-02 -7.577617e+00
1.580197e+01 5.850838e-02 -7.152731e+00
1.580197e+01 6.317741e-02 -6.693939e+00
1.580197e+01 6.821903e-02 -6.198535e+00
1.580197e+01 7.366298e-02 -5.671395e+00
1.580197e+01 7.954136e-02 -5.181807e+00
1.580197e+01 8.588885e-02 -4.653150e+00
1.580197e+01 9.274286e-02 -4.082305e+00
1.580197e+01 1.001438e-01 -3.465906e+00
1.580197e+01 1.081354e-01 -3.083072e+00
1.580197e+01 1.167647e-01 -2.804590e+00
1.580197e+01 1.260827e-01 -2.503884e+00
1.580197e+01 1.361442e-01 -2.179182e+00
1.580197e+01 1.470087e-01 -1.867417e+00
1.580197e+01 1.587401e-01 -1.696261e+00
1.580197e+01 1.714077e-01 -1.511446e+00
1.580197e+01 1.850862e-01 -1.311884e+00
1.580197e+01 1.998563e-01 -1.096396e+00
1.580197e+01 2.158051e-01 -9.755066e-01
1.580197e+01 2.330265e-01 -8.673007e-01
1.580197e+01 2.516223e-01 -7.504598e-01
1.580197e+01 2.717020e-01 -6.242949e-01
1.580197e+01 2.933841e-01 -5.267979e-01
1.580197e+01 3.167964e-01 -4.707513e-01
1.580197e+01 3.420771e-01 -4.102321e-01
1.580197e+01 3.693752e-01 -3.448834e-01
1.580197e+01 3.988518e-01 -2.774695e-01
1.580197e+01 4.306805e-01 -2.488542e-01
1.580197e+01 4.650493e-01 -2.179555e-01
1.580197e+01 5.021607e-01 -1.845910e-01
1.580197e+01 5.422336e-01 -1.485640e-01
1.580197e+01 5.855044e-01 -1.270562e-01
1.580197e+01 6.322283e-01 -1.119379e-01
1.580197e+01 6.826808e-01 -9.561319e-02
1.580197e+01 7.371594e-01 -7.798573e-02
1.580197e+01 7.959855e-01 -6.284229e-02
1.580197e+01 8.595059e-01 -5.564548e-02
1.580197e+01 9.280954e-01 -4.787436e-02
1.580197e+01 1.002158e+00 -3.948310e-02
1.580197e+01 1.082132e+00 -3.042221e-02
1.580197e+01 1.168487e+00 -2.670977e-02
1.580197e+01 1.261733e+00 -2.321818e-02
1.580197e+01 1.362421e+00 -1.944797e-02
1.580197e+01 1.471144e+00 -1.537688e-02
1.580197e+01 1.588542e+00 -1.256670e-02
1.580197e+01 1.715310e+00 -1.092068e-02
1.580197e+01 1.852193e+00 -9.143307e-03
1.580197e+01 2.000000e+00 -7.224095e-03
1.613801e+01 1.000000e-03 -3.836933e+00
1.613801e+01 1.079801e-03 -4.116728e+00
1.613801e+01 1.165970e-03 -4.414504e+00
1.613801e+01 1.259016e-03 -4.730917e+00
1.613801e+01 1.359487e-03 -5.066542e+00
1.613801e+01 1.467975e-03 -5.421877e+00
1.613801e+01 1.585121e-03 -5.797320e+00
1.613801e+01 1.711615e-03 -6.193145e+00
1.613801e+01 1.848204e-03 -6.609500e+00
1.613801e+01 1.995693e-03 -7.046381e+00
1.613801e+01 2.154951e-03 -7.503623e+00
1.613801e+01 2.326918e-03 -7.980868e+00
1.613801e+01 2.512609e-03 -8.477500e+00
1.613801e+01 2.713117e-03 -8.992622e+00
1.613801e+01 2.929627e-03 -9.525052e+00
1.613801e+01 3.163414e-03 -1.007315e+01
1.613801e+01 3.415858e-03 -1.063479e+01
1.613801e+01 3.688447e-03 -1.120743e+01
1.613801e+01 3.982789e-03 -1.178796e+01
1.613801e+01 4.300619e-03 -1.237269e+01
1.613801e+01 4.643813e-03 -1.295745e+01
1.613801e+01 5.014394e-03 -1.353728e+01
1.613801e+01 5.414548e-03 -1.410645e+01
1.613801e+01 5.846635e-03 -1.465869e+01
1.613801e+01 6.313202e-03 -1.518680e+01
1.613801e+01 6.817002e-03 -1.568266e+01
1.613801e+01 7.361006e-03 -1.613778e+01
1.613801e+01 7.948422e-03 -1.654261e+01
1.613801e+01 8.582714e-03 -1.688678e+01
1.613801e+01 9.267624e-03 -1.716002e+01
1.613801e+01 1.000719e-02 -1.735139e+01
1.613801e+01 1.080577e-02 -1.744987e+01
1.613801e+01 1.166809e-02 -1.744558e+01
1.613801e+01 1.259921e-02 -1.732969e+01
1.613801e+01 1.360464e-02 -1.709508e+01
1.613801e+01 1.469030e-02 -1.673757e+01
1.613801e+01 1.586261e-02 -1.625800e+01
1.613801e+01 1.712846e-02 -1.566207e+01
1.613801e+01 1.849533e-02 -1.495919e+01
1.613801e+01 1.997127e-02 -1.416961e+01
1.613801e+01 2.156500e-02 -1.332048e+01
1.613801e+01 2.328591e-02 -1.243797e+01
1.613801e+01 2.514415e-02 -1.155808e+01
1.613801e+01 2.715068e-02 -1.071922e+01
1.613801e+01 2.931733e-02 -9.950210e+00
1.613801e+01 3.165689e-02 -9.272203e+00
1.613801e+01 3.418314e-02 -8.697908e+00
1.613801e+01 3.691099e-02 -8.218448e+00
1.613801e+01 3.985652e-02 -7.804790e+00
1.613801e+01 4.303711e-02 -7.408215e+00
1.613801e+01 4.647152e-02 -6.969585e+00
1.613801e+01 5.017999e-02 -6.438621e+00
1.613801e+01 5.418441e-02 -5.932674e+00
1.613801e+01 5.850838e-02 -5.596314e+00
1.613801e+01 6.317741e-02 -5.233111e+00
1.613801e+01 6.821903e-02 -4.840924e+00
1.613801e+01 7.366298e-02 -4.424035e+00
1.613801e+01 7.954136e-02 -4.041213e+00
1.613801e+01 8.588885e-02 -3.627841e+00
1.613801e+01 9.274286e-02 -3.181482e+00
1.613801e+01 1.001438e-01 -2.699503e+00
1.613801e+01 1.081354e-01 -2.402308e+00
1.613801e+01 1.167647e-01 -2.187909e+00
1.613801e+01 1.260827e-01 -1.956400e+00
1.613801e+01 1.361442e-01 -1.706416e+00
1.613801e+01 1.470087e-01 -1.465729e+00
1.613801e+01 1.587401e-01 -1.330419e+00
1.613801e+01 1.714077e-01 -1.184311e+00
1.613801e+01 1.850862e-01 -1.026542e+00
1.613801e+01 1.998563e-01 -8.561844e-01
1.613801e+01 2.158051e-01 -7.615575e-01
1.613801e+01 2.330265e-01 -6.772216e-01
1.613801e+01 2.516223e-01 -5.861555e-01
1.613801e+01 2.717020e-01 -4.878224e-01
1.613801e+01 2.933841e-01 -4.118317e-01
1.613801e+01 3.167964e-01 -3.681460e-01
1.613801e+01 3.420771e-01 -3.209741e-01
1.613801e+01 3.693752e-01 -2.700378e-01
1.613801e+01 3.988518e-01 -2.174936e-01
1.613801e+01 4.306805e-01 -1.952189e-01
1.613801e+01 4.650493e-01 -1.711666e-01
1.613801e+01 5.021607e-01 -1.451949e-01
1.613801e+01 5.422336e-01 -1.171507e-01
1.613801e+01 5.855044e-01 -1.003690e-01
1.613801e+01 6.322283e-01 -8.853946e-02
1.613801e+01 6.826808e-01 -7.576594e-02
1.613801e+01 7.371594e-01 -6.197308e-02
1.613801e+01 7.959855e-01 -5.012045e-02
1.613801e+01 8.595059e-01 -4.447746e-02
1.613801e+01 9.280954e-01 -3.838416e-02
1.613801e+01 1.002158e+00 -3.180461e-02
1.613801e+01 1.082132e+00 -2.470001e-02
1.613801e+01 1.168487e+00 -2.174328e-02
1.613801e+01 1.261733e+00 -1.895217e-02
1.613801e+01 1.362421e+00 -1.593833e-02
1.613801e+01 1.471144e+00 -1.268397e-02
1.613801e+01 1.588542e+00 -1.042142e-02
1.613801e+01 1.715310e+00 -9.074050e-03
1.613801e+01 1.852193e+00 -7.619158e-03
1.613801e+01 2.000000e+00 -6.048164e-03
1.648077e+01 1.000000e-03 -2.916422e+00
1.648077e+01 1.079801e-03 -3.129157e+00
1.648077e+01 1.165970e-03 -3.355575e+00
1.648077e+01 1.259016e-03 -3.596176e+00
1.648077e+01 1.359487e-03 -3.851396e+00
1.648077e+01 1.467975e-03 -4.121616e+00
1.648077e+01 1.585121e-03 -4.407136e+00
1.648077e+01 1.711615e-03 -4.708164e+00
1.648077e+01 1.848204e-03 -5.024808e+00
1.648077e+01 1.995693e-03 -5.357063e+00
1.648077e+01 2.154951e-03 -5.704798e+00
1.648077e+01 2.326918e-03 -6.067738e+00
1.648077e+01 2.512609e-03 -6.445413e+00
1.648077e+01 2.713117e-03 -6.837140e+00
1.648077e+01 2.929627e-03 -7.242023e+00
1.648077e+01 3.163414e-03 -7.658819e+00
1.648077e+01 3.415858e-03 -8.085907e+00
1.648077e+01 3.688447e-03 -8.521359e+00
1.648077e+01 3.982789e-03 -8.962813e+00
1.648077e+01 4.300619e-03 -9.407463e+00
1.648077e+01 4.643813e-03 -9.852130e+00
1.648077e+01 5.014394e-03 -1.029304e+01
1.648077e+01 5.414548e-03 -1.072584e+01
1.648077e+01 5.846635e-03 -1.114578e+01
1.648077e+01 6.313202e-03 -1.154735e+01
1.648077e+01 6.817002e-03 -1.192442e+01
1.648077e+01 7.361006e-03 -1.227050e+01
1.648077e+01 7.948422e-03 -1.257833e+01
1.648077e+01 8.582714e-03 -1.284005e+01
1.648077e+01 9.267624e-03 -1.304782e+01
1.648077e+01 1.000719e-02 -1.319335e+01
1.648077e+01 1.080577e-02 -1.326825e+01
1.648077e+01 1.166809e-02 -1.326499e+01
1.648077e+01 1.259921e-02 -1.317688e+01
1.648077e+01 1.360464e-02 -1.299851e+01
1.648077e+01 1.469030e-02 -1.272667e+01
1.648077e+01 1.586261e-02 -1.236203e+01
1.648077e+01 1.712846e-02 -1.190892e+01
1.648077e+01 1.849533e-02 -1.137447e+01
1.648077e+01 1.997127e-02 -1.077411e+01
1.648077e+01 2.156500e-02 -1.012846e+01
1.648077e+01 2.328591e-02 -9.457438e+00
1.648077e+01 2.514415e-02 -8.788399e+00
1.648077e+01 2.715068e-02 -8.150553e+00
1.648077e+01 2.931733e-02 -7.565826e+00
1.648077e+01 3.165689e-02 -7.050291e+00
1.648077e+01 3.418314e-02 -6.613616e+00
1.648077e+01 3.691099e-02 -6.249050e+00
1.648077e+01 3.985652e-02 -5.934517e+00
1.648077e+01 4.303711e-02 -5.632974e+00
1.648077e+01 4.647152e-02 -5.299454e+00
1.648077e+01 5.017999e-02 -4.895725e+00
1.648077e+01 5.418441e-02 -4.518708e+00
1.648077e+01 5.850838e-02 -4.284358e+00
1.648077e+01 6.317741e-02 -4.031307e+00
1.648077e+01 6.821903e-02 -3.758062e+00
1.648077e+01 7.366298e-02 -3.464428e+00
1.648077e+01 7.954136e-02 -3.161826e+00
1.648077e+01 8.588885e-02 -2.835076e+00
1.648077e+01 9.274286e-02 -2.482251e+00
1.648077e+01 1.001438e-01 -2.101271e+00
1.648077e+01 1.081354e-01 -1.867636e+00
1.648077e+01 1.167647e-01 -1.700162e+00
1.648077e+01 1.260827e-01 -1.519322e+00
1.648077e+01 1.361442e-01 -1.324052e+00
1.648077e+01 1.470087e-01 -1.136399e+00
1.648077e+01 1.587401e-01 -1.032600e+00
1.648077e+01 1.714077e-01 -9.205181e-01
1.648077e+01 1.850862e-01 -7.994918e-01
1.648077e+01 1.998563e-01 -6.688075e-01
1.648077e+01 2.158051e-01 -5.953393e-01
1.648077e+01 2.330265e-01 -5.295200e-01
1.648077e+01 2.516223e-01 -4.584482e-01
1.648077e+01 2.717020e-01 -3.817048e-01
1.648077e+01 2.933841e-01 -3.223716e-01
1.648077e+01 3.167964e-01 -2.882140e-01
1.648077e+01 3.420771e-01 -2.513306e-01
1.648077e+01 3.693752e-01 -2.115038e-01
1.648077e+01 3.988518e-01 -1.704255e-01
1.648077e+01 4.306805e-01 -1.530934e-01
1.648077e+01 4.650493e-01 -1.343783e-01
1.648077e+01 5.021607e-01 -1.141696e-01
1.648077e+01 5.422336e-01 -9.234830e-02
1.648077e+01 5.855044e-01 -7.924900e-02
1.648077e+01 6.322283e-01 -6.998039e-02
1.648077e+01 6.826808e-01 -5.997213e-02
1.648077e+01 7.371594e-01 -4.916520e-02
1.648077e+01 7.959855e-01 -3.987913e-02
1.648077e+01 8.595059e-01 -3.546005e-02
1.648077e+01 9.280954e-01 -3.068831e-02
1.648077e+01 1.002158e+00 -2.553579e-02
1.648077e+01 1.082132e+00 -1.997209e-02
1.648077e+01 1.168487e+00 -1.762588e-02
1.648077e+01 1.261733e+00 -1.540429e-02
1.648077e+01 1.362421e+00 -1.300541e-02
1.648077e+01 1.471144e+00 -1.041510e-02
1.648077e+01 1.588542e+00 -8.598414e-03
1.648077e+01 1.715310e+00 -7.495079e-03
1.648077e+01 1.852193e+00 -6.303696e-03
1.648077e+01 2.000000e+00 -5.017240e-03
1.683038e+01 1.000000e-03 -2.226725e+00
1.683038e+01 1.079801e-03 -2.389203e+00
1.683038e+01 1.165970e-03 -2.562138e+00
1.683038e+01 1.259016e-03 -2.745915e+00
1.683038e+01 1.359487e-03 -2.940867e+00
1.683038e+01 1.467975e-03 -3.147286e+00
1.683038e+01 1.585121e-03 -3.365400e+00
1.683038e+01 1.711615e-03 -3.595367e+00
1.683038e+01 1.848204e-03 -3.837267e+00
1.683038e+01 1.995693e-03 -4.091093e+00
1.683038e+01 2.154951e-03 -4.356743e+00
1.683038e+01 2.326918e-03 -4.634002e+00
1.683038e+01 2.512609e-03 -4.922510e+00
1.683038e+01 2.713117e-03 -5.221746e+00
1.683038e+01 2.929627e-03 -5.531027e+00
1.683038e+01 3.163414e-03 -5.849405e+00
1.683038e+01 3.415858e-03 -6.175643e+00
1.683038e+01 3.688447e-03 -6.508269e+00
1.683038e+01 3.982789e-03 -6.845481e+00
1.683038e+01 4.300619e-03 -7.185134e+00
1.683038e+01 4.643813e-03 -7.524795e+00
1.683038e+01 5.014394e-03 -7.861585e+00
1.683038e+01 5.414548e-03 -8.192179e+00
1.683038e+01 5.846635e-03 -8.512943e+00
1.683038e+01 6.313202e-03 -8.819686e+00
1.683038e+01 6.817002e-03 -9.107704e+00
1.683038e+01 7.361006e-03 -9.372055e+00
1.683038e+01 7.948422e-03 -9.607192e+00
1.683038e+01 8.582714e-03 -9.807106e+00
1.683038e+01 9.267624e-03 -9.965815e+00
1.683038e+01 1.000719e-02 -1.007698e+01
1.683038e+01 1.080577e-02 -1.013420e+01
1.683038e+01 1.166809e-02 -1.013172e+01
1.683038e+01 1.259921e-02 -1.006443e+01
1.683038e+01 1.360464e-02 -9.928196e+00
1.683038e+01 1.469030e-02 -9.720576e+00
1.683038e+01 1.586261e-02 -9.442074e+00
1.683038e+01 1.712846e-02 -9.095993e+00
1.683038e+01 1.849533e-02 -8.687790e+00
1.683038e+01 1.997127e-02 -8.229239e+00
1.683038e+01 2.156500e-02 -7.736096e+00
1.683038e+01 2.328591e-02 -7.223571e+00
1.683038e+01 2.514415e-02 -6.712562e+00
1.683038e+01 2.715068e-02 -6.225377e+00
1.683038e+01 2.931733e-02 -5.778765e+00
1.683038e+01 3.165689e-02 -5.385001e+00
1.683038e+01 3.418314e-02 -5.051469e+00
1.683038e+01 3.691099e-02 -4.773014e+00
1.683038e+01 3.985652e-02 -4.532775e+00
1.683038e+01 4.303711e-02 -4.302456e+00
1.683038e+01 4.647152e-02 -4.047714e+00
1.683038e+01 5.017999e-02 -3.739347e+00
1.683038e+01 5.418441e-02 -3.452213e+00
1.683038e+01 5.850838e-02 -3.275530e+00
1.683038e+01 6.317741e-02 -3.084747e+00
1.683038e+01 6.821903e-02 -2.878740e+00
1.683038e+01 7.366298e-02 -2.656975e+00
1.683038e+01 7.954136e-02 -2.424479e+00
1.683038e+01 8.588885e-02 -2.173429e+00
1.683038e+01 9.274286e-02 -1.902346e+00
1.683038e+01 1.001438e-01 -1.609629e+00
1.683038e+01 1.081354e-01 -1.430807e+00
1.683038e+01 1.167647e-01 -1.303199e+00
1.683038e+01 1.260827e-01 -1.165408e+00
1.683038e+01 1.361442e-01 -1.016620e+00
1.683038e+01 1.470087e-01 -8.735053e-01
1.683038e+01 1.587401e-01 -7.937107e-01
1.683038e+01 1.714077e-01 -7.075484e-01
1.683038e+01 1.850862e-01 -6.145104e-01
1.683038e+01 1.998563e-01 -5.140477e-01
1.683038e+01 2.158051e-01 -4.575621e-01
1.683038e+01 2.330265e-01 -4.069544e-01
1.683038e+01 2.516223e-01 -3.523081e-01
1.683038e+01 2.717020e-01 -2.933010e-01
1.683038e+01 2.933841e-01 -2.477204e-01
1.683038e+01 3.167964e-01 -2.215514e-01
1.683038e+01 3.420771e-01 -1.932941e-01
1.683038e+01 3.693752e-01 -1.627818e-01
1.683038e+01 3.988518e-01 -1.313127e-01
1.683038e+01 4.306805e-01 -1.180640e-01
1.683038e+01 4.650493e-01 -1.037581e-01
1.683038e+01 5.021607e-01 -8.831061e-02
1.683038e+01 5.422336e-01 -7.163036e-02
1.683038e+01 5.855044e-01 -6.158949e-02
1.683038e+01 6.322283e-01 -5.446167e-02
1.683038e+01 6.826808e-01 -4.676503e-02
1.683038e+01 7.371594e-01 -3.845419e-02
1.683038e+01 7.959855e-01 -3.130852e-02
1.683038e+01 8.595059e-01 -2.789492e-02
1.683038e+01 9.280954e-01 -2.420890e-02
1.683038e+01 1.002158e+00 -2.022874e-02
1.683038e+01 1.082132e+00 -1.593095e-02
1.683038e+01 1.168487e+00 -1.408980e-02
1.683038e+01 1.261733e+00 -1.234016e-02
1.683038e+01 1.362421e+00 -1.045090e-02
1.683038e+01 1.471144e+00 -8.410871e-03
1.683038e+01 1.588542e+00 -6.970546e-03
1.683038e+01 1.715310e+00 -6.082880e-03
1.683038e+01 1.852193e+00 -5.124377e-03
1.683038e+01 2.000000e+00 -4.089385e-03
1.718699e+01 1.000000e-03 -1.694548e+00
1.718699e+01 1.079801e-03 -1.818233e+00
1.718699e+01 1.165970e-03 -1.949885e+00
1.718699e+01 1.259016e-03 -2.089798e+00
1.718699e+01 1.359487e-03 -2.238226e+00
1.718699e+01 1.467975e-03 -2.395391e+00
1.718699e+01 1.585121e-03 -2.561467e+00
1.718699e+01 1.711615e-03 -2.736572e+00
1.718699e+01 1.848204e-03 -2.920766e+00
1.718699e+01 1.995693e-03 -3.114043e+00
1.718699e+01 2.154951e-03 -3.316321e+00
1.718699e+01 2.326918e-03 -3.527434e+00
1.718699e+01 2.512609e-03 -3.747107e+00
1.718699e+01 2.713117e-03 -3.974943e+00
1.718699e+01 2.929627e-03 -4.210423e+00
1.718699e+01 3.163414e-03 -4.452826e+00
1.718699e+01 3.415858e-03 -4.701212e+00
1.718699e+01 3.688447e-03 -4.954463e+00
1.718699e+01 3.982789e-03 -5.211205e+00
1.718699e+01 4.300619e-03 -5.469805e+00
1.718699e+01 4.643813e-03 -5.728409e+00
1.718699e+01 5.014394e-03 -5.984824e+00
1.718699e+01 5.414548e-03 -6.236520e+00
1.718699e+01 5.846635e-03 -6.480732e+00
1.718699e+01 6.313202e-03 -6.714269e+00
1.718699e+01 6.817002e-03 -6.933550e+00
1.718699e+01 7.361006e-03 -7.134813e+00
1.718699e+01 7.948422e-03 -7.313833e+00
1.718699e+01 8.582714e-03 -7.466037e+00
1.718699e+01 9.267624e-03 -7.586872e+00
1.718699e+01 1.000719e-02 -7.671512e+00
1.718699e+01 1.080577e-02 -7.715078e+00
1.718699e+01 1.166809e-02 -7.713201e+00
1.718699e+01 1.259921e-02 -7.661979e+00
1.718699e+01 1.360464e-02 -7.558271e+00
1.718699e+01 1.469030e-02 -7.400216e+00
1.718699e+01 1.586261e-02 -7.188199e+00
1.718699e+01 1.712846e-02 -6.924734e+00
1.718699e+01 1.849533e-02 -6.613975e+00
1.718699e+01 1.997127e-02 -6.264885e+00
1.718699e+01 2.156500e-02 -5.889460e+00
1.718699e+01 2.328591e-02 -5.499278e+00
1.718699e+01 2.514415e-02 -5.110250e+00
1.718699e+01 2.715068e-02 -4.739359e+00
1.718699e+01 2.931733e-02 -4.399355e+00
1.718699e+01 3.165689e-02 -4.099584e+00
1.718699e+01 3.418314e-02 -3.845668e+00
1.718699e+01 3.691099e-02 -3.633681e+00
1.718699e+01 3.985652e-02 -3.450787e+00
1.718699e+01 4.303711e-02 -3.275447e+00
1.718699e+01 4.647152e-02 -3.081512e+00
1.718699e+01 5.017999e-02 -2.846754e+00
1.718699e+01 5.418441e-02 -2.626189e+00
1.718699e+01 5.850838e-02 -2.486194e+00
1.718699e+01 6.317741e-02 -2.335027e+00
1.718699e+01 6.821903e-02 -2.171797e+00
1.718699e+01 7.366298e-02 -1.996910e+00
1.718699e+01 7.954136e-02 -1.822056e+00
1.718699e+01 8.588885e-02 -1.633247e+00
1.718699e+01 9.274286e-02 -1.429372e+00
1.718699e+01 1.001438e-01 -1.209227e+00
1.718699e+01 1.081354e-01 -1.076218e+00
1.718699e+01 1.167647e-01 -9.825486e-01
1.718699e+01 1.260827e-01 -8.814046e-01
1.718699e+01 1.361442e-01 -7.721891e-01
1.718699e+01 1.470087e-01 -6.666882e-01
1.718699e+01 1.587401e-01 -6.057172e-01
1.718699e+01 1.714077e-01 -5.398807e-01
1.718699e+01 1.850862e-01 -4.687904e-01
1.718699e+01 1.998563e-01 -3.920270e-01
1.718699e+01 2.158051e-01 -3.488304e-01
1.718699e+01 2.330265e-01 -3.101151e-01
1.718699e+01 2.516223e-01 -2.683102e-01
1.718699e+01 2.717020e-01 -2.231692e-01
1.718699e+01 2.933841e-01 -1.883921e-01
1.718699e+01 3.167964e-01 -1.685898e-01
1.718699e+01 3.420771e-01 -1.472072e-01
1.718699e+01 3.693752e-01 -1.241183e-01
1.718699e+01 3.988518e-01 -1.003018e-01
1.718699e+01 4.306805e-01 -9.022496e-02
1.718699e+01 4.650493e-01 -7.934396e-02
1.718699e+01 5.021607e-01 -6.759465e-02
1.718699e+01 5.422336e-01 -5.490773e-02
1.718699e+01 5.855044e-01 -4.727841e-02
1.718699e+01 6.322283e-01 -4.186894e-02
1.718699e+01 6.826808e-01 -3.602779e-02
1.718699e+01 7.371594e-01 -2.972051e-02
1.718699e+01 7.959855e-01 -2.429042e-02
1.718699e+01 8.595059e-01 -2.167545e-02
1.718699e+01 9.280954e-01 -1.885180e-02
1.718699e+01 1.002158e+00 -1.580283e-02
1.718699e+01 1.082132e+00 -1.251054e-02
1.718699e+01 1.168487e+00 -1.109054e-02
1.718699e+01 1.261733e+00 -9.739067e-03
1.718699e+01 1.362421e+00 -8.279744e-03
1.718699e+01 1.471144e+00 -6.703965e-03
1.718699e+01 1.588542e+00 -5.582807e-03
1.718699e+01 1.715310e+00 -4.880315e-03
1.718699e+01 1.852193e+00 -4.121765e-03
1.718699e+01 2.000000e+00 -3.302681e-03
1.755073e+01 1.000000e-03 -1.295884e+00
1.755073e+01 1.079801e-03 -1.390501e+00
1.755073e+01 1.165970e-03 -1.491218e+00
1.755073e+01 1.259016e-03 -1.598259e+00
1.755073e+01 1.359487e-03 -1.711821e+00
1.755073e+01 1.467975e-03 -1.832072e+00
1.755073e+01 1.585121e-03 -1.959146e+00
1.755073e+01 1.711615e-03 -2.093134e+00
1.755073e+01 1.848204e-03 -2.234078e+00
1.755073e+01 1.995693e-03 -2.381973e+00
1.755073e+01 2.154951e-03 -2.536755e+00
1.755073e+01 2.326918e-03 -2.698295e+00
1.755073e+01 2.512609e-03 -2.866379e+00
1.755073e+01 2.713117e-03 -3.040706e+00
1.755073e+01 2.929627e-03 -3.220878e+00
1.755073e+01 3.163414e-03 -3.406344e+00
1.755073e+01 3.415858e-03 -3.596386e+00
1.755073e+01 3.688447e-03 -3.790151e+00
1.755073e+01 3.982789e-03 -3.986588e+00
1.755073e+01 4.300619e-03 -4.184446e+00
1.755073e+01 4.643813e-03 -4.382304e+00
1.755073e+01 5.014394e-03 -4.578486e+00
1.755073e+01 5.414548e-03 -4.771056e+00
1.755073e+01 5.846635e-03 -4.957899e+00
1.755073e+01 6.313202e-03 -5.136576e+00
1.755073e+01 6.817002e-03 -5.304347e+00
1.755073e+01 7.361006e-03 -5.458331e+00
1.755073e+01 7.948422e-03 -5.595298e+00
1.755073e+01 8.582714e-03 -5.711748e+00
1.755073e+01 9.267624e-03 -5.804199e+00
1.755073e+01 1.000719e-02 -5.868960e+00
1.755073e+01 1.080577e-02 -5.902296e+00
1.755073e+01 1.166809e-02 -5.900866e+00
1.755073e+01 1.259921e-02 -5.861685e+00
1.755073e+01 1.360464e-02 -5.782349e+00
1.755073e+01 1.469030e-02 -5.661435e+00
1.755073e+01 1.586261e-02 -5.499239e+00
1.755073e+01 1.712846e-02 -5.297682e+00
1.755073e+01 1.849533e-02 -5.059942e+00
1.755073e+01 1.997127e-02 -4.792877e+00
1.755073e+01 2.156500e-02 -4.505664e+00
1.755073e+01 2.328591e-02 -4.207162e+00
1.755073e+01 2.514415e-02 -3.909541e+00
1.755073e+01 2.715068e-02 -3.625796e+00
1.755073e+01 2.931733e-02 -3.365680e+00
1.755073e+01 3.165689e-02 -3.136344e+00
1.755073e+01 3.418314e-02 -2.942088e+00
1.755073e+01 3.691099e-02 -2.779910e+00
1.755073e+01 3.985652e-02 -2.639989e+00
1.755073e+01 4.303711e-02 -2.505846e+00
1.755073e+01 4.647152e-02 -2.357479e+00
1.755073e+01 5.017999e-02 -2.177879e+00
1.755073e+01 5.418441e-02 -2.007060e+00
1.755073e+01 5.850838e-02 -1.894170e+00
1.755073e+01 6.317741e-02 -1.772272e+00
1.755073e+01 6.821903e-02 -1.640647e+00
1.755073e+01 7.366298e-02 -1.500571e+00
1.755073e+01 7.954136e-02 -1.370295e+00
1.755073e+01 8.588885e-02 -1.229623e+00
1.755073e+01 9.274286e-02 -1.077725e+00
1.755073e+01 1.001438e-01 -9.137053e-01
1.755073e+01 1.081354e-01 -8.142670e-01
1.755073e+01 1.167647e-01 -7.439500e-01
1.755073e+01 1.260827e-01 -6.680217e-01
1.755073e+01 1.361442e-01 -5.860341e-01
1.755073e+01 1.470087e-01 -5.067159e-01
1.755073e+01 1.587401e-01 -4.603089e-01
1.755073e+01 1.714077e-01 -4.101987e-01
1.755073e+01 1.850862e-01 -3.560896e-01
1.755073e+01 1.998563e-01 -2.976625e-01
1.755073e+01 2.158051e-01 -2.650257e-01
1.755073e+01 2.330265e-01 -2.358672e-01
1.755073e+01 2.516223e-01 -2.043819e-01
1.755073e+01 2.717020e-01 -1.703839e-01
1.755073e+01 2.933841e-01 -1.440790e-01
1.755073e+01 3.167964e-01 -1.289003e-01
1.755073e+01 3.420771e-01 -1.125103e-01
1.755073e+01 3.693752e-01 -9.481232e-02
1.755073e+01 3.988518e-01 -7.656083e-02
1.755073e+01 4.306805e-01 -6.889830e-02
1.755073e+01 4.650493e-01 -6.062431e-02
1.755073e+01 5.021607e-01 -5.169003e-02
1.755073e+01 5.422336e-01 -4.204280e-02
1.755073e+01 5.855044e-01 -3.624643e-02
1.755073e+01 6.322283e-01 -3.214080e-02
1.755073e+01 6.826808e-01 -2.770753e-02
1.755073e+01 7.371594e-01 -2.292049e-02
1.755073e+01 7.959855e-01 -1.879461e-02
1.755073e+01 8.595059e-01 -1.679415e-02
1.755073e+01 9.280954e-01 -1.463406e-02
1.755073e+01 1.002158e+00 -1.230158e-02
1.755073e+01 1.082132e+00 -9.782975e-03
1.755073e+01 1.168487e+00 -8.687957e-03
1.755073e+01 1.261733e+00 -7.643920e-03
1.755073e+01 1.362421e+00 -6.516568e-03
1.755073e+01 1.471144e+00 -5.299252e-03
1.755073e+01 1.588542e+00 -4.427792e-03
1.755073e+01 1.715310e+00 -3.874651e-03
1.755073e+01 1.852193e+00 -3.277369e-03
1.755073e+01 2.000000e+00 -2.632423e-03
1.792175e+01 1.000000e-03 -9.624567e-01
1.792175e+01 1.079801e-03 -1.032751e+00
1.792175e+01 1.165970e-03 -1.107581e+00
1.792175e+01 1.259016e-03 -1.187115e+00
1.792175e+01 1.359487e-03 -1.271497e+00
1.792175e+01 1.467975e-03 -1.360855e+00
1.792175e+01 1.585121e-03 -1.455286e+00
1.792175e+01 1.711615e-03 -1.554858e+00
1.792175e+01 1.848204e-03 -1.659601e+00
1.792175e+01 1.995693e-03 -1.769512e+00
1.792175e+01 2.154951e-03 -1.884539e+00
1.792175e+01 2.326918e-03 -2.004587e+00
1.792175e+01 2.512609e-03 -2.129494e+00
1.792175e+01 2.713117e-03 -2.259038e+00
1.792175e+01 2.929627e-03 -2.392922e+00
1.792175e+01 3.163414e-03 -2.530738e+00
1.792175e+01 3.415858e-03 -2.671954e+00
1.792175e+01 3.688447e-03 -2.815935e+00
1.792175e+01 3.982789e-03 -2.961904e+00
1.792175e+01 4.300619e-03 -3.108927e+00
1.792175e+01 4.643813e-03 -3.255949e+00
1.792175e+01 5.014394e-03 -3.401724e+00
1.792175e+01 5.414548e-03 -3.544813e+00
1.792175e+01 5.846635e-03 -3.683648e+00
1.792175e+01 6.313202e-03 -3.816415e+00
1.792175e+01 6.817002e-03 -3.941078e+00
1.792175e+01 7.361006e-03 -4.055497e+00
1.792175e+01 7.948422e-03 -4.157271e+00
1.792175e+01 8.582714e-03 -4.243801e+00
1.792175e+01 9.267624e-03 -4.312498e+00
1.792175e+01 1.000719e-02 -4.360621e+00
1.792175e+01 1.080577e-02 -4.385395e+00
1.792175e+01 1.166809e-02 -4.384337e+00
1.792175e+01 1.259921e-02 -4.355230e+00
1.792175e+01 1.360464e-02 -4.296288e+00
1.792175e+01 1.469030e-02 -4.206452e+00
1.792175e+01 1.586261e-02 -4.085942e+00
1.792175e+01 1.712846e-02 -3.936187e+00
1.792175e+01 1.849533e-02 -3.759548e+00
1.792175e+01 1.997127e-02 -3.561121e+00
1.792175e+01 2.156500e-02 -3.347722e+00
1.792175e+01 2.328591e-02 -3.125935e+00
1.792175e+01 2.514415e-02 -2.904803e+00
1.792175e+01 2.715068e-02 -2.693980e+00
1.792175e+01 2.931733e-02 -2.500713e+00
1.792175e+01 3.165689e-02 -2.330316e+00
1.792175e+01 3.418314e-02 -2.185983e+00
1.792175e+01 3.691099e-02 -2.065484e+00
1.792175e+01 3.985652e-02 -1.961522e+00
1.792175e+01 4.303711e-02 -1.861853e+00
1.792175e+01 4.647152e-02 -1.751616e+00
1.792175e+01 5.017999e-02 -1.618173e+00
1.792175e+01 5.418441e-02 -1.492351e+00
1.792175e+01 5.850838e-02 -1.411531e+00
1.792175e+01 6.317741e-02 -1.324261e+00
1.792175e+01 6.821903e-02 -1.230027e+00
1.792175e+01 7.366298e-02 -1.129162e+00
1.792175e+01 7.954136e-02 -1.029320e+00
1.792175e+01 8.588885e-02 -9.215108e-01
1.792175e+01 9.274286e-02 -8.050983e-01
1.792175e+01 1.001438e-01 -6.793959e-01
1.792175e+01 1.081354e-01 -6.043950e-01
1.792175e+01 1.167647e-01 -5.523847e-01
1.792175e+01 1.260827e-01 -4.962239e-01
1.792175e+01 1.361442e-01 -4.355815e-01
1.792175e+01 1.470087e-01 -3.769605e-01
1.792175e+01 1.587401e-01 -3.428876e-01
1.792175e+01 1.714077e-01 -3.060956e-01
1.792175e+01 1.850862e-01 -2.663676e-01
1.792175e+01 1.998563e-01 -2.234692e-01
1.792175e+01 2.158051e-01 -1.989901e-01
1.792175e+01 2.330265e-01 -1.769206e-01
1.792175e+01 2.516223e-01 -1.530898e-01
1.792175e+01 2.717020e-01 -1.273573e-01
1.792175e+01 2.933841e-01 -1.075489e-01
1.792175e+01 3.167964e-01 -9.629883e-02
1.792175e+01 3.420771e-01 -8.415096e-02
1.792175e+01 3.693752e-01 -7.103367e-02
1.792175e+01 3.988518e-01 -5.750185e-02
1.792175e+01 4.306805e-01 -5.175835e-02
1.792175e+01 4.650493e-01 -4.555652e-02
1.792175e+01 5.021607e-01 -3.885977e-02
1.792175e+01 5.422336e-01 -3.162862e-02
1.792175e+01 5.855044e-01 -2.729781e-02
1.792175e+01 6.322283e-01 -2.424188e-02
1.792175e+01 6.826808e-01 -2.094209e-02
1.792175e+01 7.371594e-01 -1.737897e-02
1.792175e+01 7.959855e-01 -1.430329e-02
1.792175e+01 8.595059e-01 -1.279818e-02
1.792175e+01 9.280954e-01 -1.117297e-02
1.792175e+01 1.002158e+00 -9.418062e-03
1.792175e+01 1.082132e+00 -7.523112e-03
1.792175e+01 1.168487e+00 -6.691135e-03
1.792175e+01 1.261733e+00 -5.896178e-03
1.792175e+01 1.362421e+00 -5.037783e-03
1.792175e+01 1.471144e+00 -4.110887e-03
1.792175e+01 1.588542e+00 -3.444930e-03
1.792175e+01 1.715310e+00 -3.019051e-03
1.792175e+01 1.852193e+00 -2.559187e-03
1.792175e+01 2.000000e+00 -2.062625e-03
1.830018e+01 1.000000e-03 -6.946529e-01
1.830018e+01 1.079801e-03 -7.454041e-01
1.830018e+01 1.165970e-03 -7.994331e-01
1.830018e+01 1.259016e-03 -8.568610e-01
1.830018e+01 1.359487e-03 -9.177930e-01
1.830018e+01 1.467975e-03 -9.823206e-01
1.830018e+01 1.585121e-03 -1.050515e+00
1.830018e+01 1.711615e-03 -1.122424e+00
1.830018e+01 1.848204e-03 -1.198070e+00
1.830018e+01 1.995693e-03 -1.277448e+00
1.830018e+01 2.154951e-03 -1.360522e+00
1.830018e+01 2.326918e-03 -1.447219e+00
1.830018e+01 2.512609e-03 -1.537425e+00
1.830018e+01 2.713117e-03 -1.630975e+00
1.830018e+01 2.929627e-03 -1.727658e+00
1.830018e+01 3.163414e-03 -1.827179e+00
1.830018e+01 3.415858e-03 -1.929154e+00
1.830018e+01 3.688447e-03 -2.033126e+00
1.830018e+01 3.982789e-03 -2.138533e+00
1.830018e+01 4.300619e-03 -2.244702e+00
1.830018e+01 4.643813e-03 -2.350869e+00
1.830018e+01 5.014394e-03 -2.456134e+00
1.830018e+01 5.414548e-03 -2.559459e+00
1.830018e+01 5.846635e-03 -2.659712e+00
1.830018e+01 6.313202e-03 -2.755583e+00
1.830018e+01 6.817002e-03 -2.845603e+00
1.830018e+01 7.361006e-03 -2.928225e+00
1.830018e+01 7.948422e-03 -3.001716e+00
1.830018e+01 8.582714e-03 -3.064200e+00
1.830018e+01 9.267624e-03 -3.113807e+00
1.830018e+01 1.000719e-02 -3.148558e+00
1.830018e+01 1.080577e-02 -3.166450e+00
1.830018e+01 1.166809e-02 -3.165690e+00
1.830018e+01 1.259921e-02 -3.144677e+00
1.830018e+01 1.360464e-02 -3.102121e+00
1.830018e+01 1.469030e-02 -3.037258e+00
1.830018e+01 1.586261e-02 -2.950246e+00
1.830018e+01 1.712846e-02 -2.842117e+00
1.830018e+01 1.849533e-02 -2.714577e+00
1.830018e+01 1.997127e-02 -2.571304e+00
1.830018e+01 2.156500e-02 -2.417221e+00
1.830018e+01 2.328591e-02 -2.257080e+00
1.830018e+01 2.514415e-02 -2.097412e+00
1.830018e+01 2.715068e-02 -1.945188e+00
1.830018e+01 2.931733e-02 -1.805640e+00
1.830018e+01 3.165689e-02 -1.682605e+00
1.830018e+01 3.418314e-02 -1.578389e+00
1.830018e+01 3.691099e-02 -1.491383e+00
1.830018e+01 3.985652e-02 -1.416317e+00
1.830018e+01 4.303711e-02 -1.344352e+00
1.830018e+01 4.647152e-02 -1.264755e+00
1.830018e+01 5.017999e-02 -1.168402e+00
1.830018e+01 5.418441e-02 -1.077819e+00
1.830018e+01 5.850838e-02 -1.020203e+00
1.830018e+01 6.317741e-02 -9.579895e-01
1.830018e+01 6.821903e-02 -8.908112e-01
1.830018e+01 7.366298e-02 -8.188636e-01
1.830018e+01 7.954136e-02 -7.472150e-01
1.830018e+01 8.588885e-02 -6.698488e-01
1.830018e+01 9.274286e-02 -5.863088e-01
1.830018e+01 1.001438e-01 -4.961021e-01
1.830018e+01 1.081354e-01 -4.419776e-01
1.830018e+01 1.167647e-01 -4.041832e-01
1.830018e+01 1.260827e-01 -3.633727e-01
1.830018e+01 1.361442e-01 -3.193055e-01
1.830018e+01 1.470087e-01 -2.766964e-01
1.830018e+01 1.587401e-01 -2.518781e-01
1.830018e+01 1.714077e-01 -2.250793e-01
1.830018e+01 1.850862e-01 -1.961420e-01
1.830018e+01 1.998563e-01 -1.648954e-01
1.830018e+01 2.158051e-01 -1.468393e-01
1.830018e+01 2.330265e-01 -1.304752e-01
1.830018e+01 2.516223e-01 -1.128051e-01
1.830018e+01 2.717020e-01 -9.372502e-02
1.830018e+01 2.933841e-01 -7.910218e-02
1.830018e+01 3.167964e-01 -7.091245e-02
1.830018e+01 3.420771e-01 -6.206918e-02
1.830018e+01 3.693752e-01 -5.252020e-02
1.830018e+01 3.988518e-01 -4.266471e-02
1.830018e+01 4.306805e-01 -3.841194e-02
1.830018e+01 4.650493e-01 -3.381980e-02
1.830018e+01 5.021607e-01 -2.886121e-02
1.830018e+01 5.422336e-01 -2.350691e-02
1.830018e+01 5.855044e-01 -2.031561e-02
1.830018e+01 6.322283e-01 -1.807673e-02
1.830018e+01 6.826808e-01 -1.565919e-02
1.830018e+01 7.371594e-01 -1.304873e-02
1.830018e+01 7.959855e-01 -1.078691e-02
1.830018e+01 8.595059e-01 -9.655174e-03
1.830018e+01 9.280954e-01 -8.433121e-03
1.830018e+01 1.002158e+00 -7.113546e-03
1.830018e+01 1.082132e+00 -5.688668e-03
1.830018e+01 1.168487e+00 -5.063500e-03
1.830018e+01 1.261733e+00 -4.466240e-03
1.830018e+01 1.362421e+00 -3.821318e-03
1.830018e+01 1.471144e+00 -3.124930e-03
1.830018e+01 1.588542e+00 -2.623711e-03
1.830018e+01 1.715310e+00 -2.302028e-03
1.830018e+01 1.852193e+00 -1.954675e-03
1.830018e+01 2.000000e+00 -1.579602e-03
1.868618e+01 1.000000e-03 -5.206375e-01
1.868618e+01 1.079801e-03 -5.586874e-01
1.868618e+01 1.165970e-03 -5.991971e-01
1.868618e+01 1.259016e-03 -6.422574e-01
1.868618e+01 1.359487e-03 -6.879476e-01
1.868618e+01 1.467975e-03 -7.363365e-01
1.868618e+01 1.585121e-03 -7.874775e-01
1.868618e+01 1.711615e-03 -8.414059e-01
1.868618e+01 1.848204e-03 -8.981383e-01
1.868618e+01 1.995693e-03 -9.576704e-01
1.868618e+01 2.154951e-03 -1.019974e+00
1.868618e+01 2.326918e-03 -1.084994e+00
1.868618e+01 2.512609e-03 -1.152643e+00
1.868618e+01 2.713117e-03 -1.222800e+00
1.868618e+01 2.929627e-03 -1.295303e+00
1.868618e+01 3.163414e-03 -1.369933e+00
1.868618e+01 3.415858e-03 -1.446403e+00
1.868618e+01 3.688447e-03 -1.524371e+00
1.868618e+01 3.982789e-03 -1.603415e+00
1.868618e+01 4.300619e-03 -1.683030e+00
1.868618e+01 4.643813e-03 -1.762643e+00
1.868618e+01 5.014394e-03 -1.841578e+00
1.868618e+01 5.414548e-03 -1.919059e+00
1.868618e+01 5.846635e-03 -1.994235e+00
1.868618e+01 6.313202e-03 -2.066126e+00
1.868618e+01 6.817002e-03 -2.133629e+00
1.868618e+01 7.361006e-03 -2.195585e+00
1.868618e+01 7.948422e-03 -2.250694e+00
1.868618e+01 8.582714e-03 -2.297549e+00
1.868618e+01 9.267624e-03 -2.334749e+00
1.868618e+01 1.000719e-02 -2.360809e+00
1.868618e+01 1.080577e-02 -2.374227e+00
1.868618e+01 1.166809e-02 -2.373660e+00
1.868618e+01 1.259921e-02 -2.357907e+00
1.868618e+01 1.360464e-02 -2.326000e+00
1.868618e+01 1.469030e-02 -2.277367e+00
1.868618e+01 1.586261e-02 -2.212126e+00
1.868618e+01 1.712846e-02 -2.131052e+00
1.868618e+01 1.849533e-02 -2.035422e+00
1.868618e+01 1.997127e-02 -1.927995e+00
1.868618e+01 2.156500e-02 -1.812462e+00
1.868618e+01 2.328591e-02 -1.692388e+00
1.868618e+01 2.514415e-02 -1.572667e+00
1.868618e+01 2.715068e-02 -1.458528e+00
1.868618e+01 2.931733e-02 -1.353893e+00
1.868618e+01 3.165689e-02 -1.261640e+00
1.868618e+01 3.418314e-02 -1.183498e+00
1.868618e+01 3.691099e-02 -1.118259e+00
1.868618e+01 3.985652e-02 -1.061974e+00
1.868618e+01 4.303711e-02 -1.008013e+00
1.868618e+01 4.647152e-02 -9.483302e-01
1.868618e+01 5.017999e-02 -8.760839e-01
1.868618e+01 5.418441e-02 -8.065868e-01
1.868618e+01 5.850838e-02 -7.589962e-01
1.868618e+01 6.317741e-02 -7.076078e-01
1.868618e+01 6.821903e-02 -6.521185e-01
1.868618e+01 7.366298e-02 -5.932734e-01
1.868618e+01 7.954136e-02 -5.406814e-01
1.868618e+01 8.588885e-02 -4.838924e-01
1.868618e+01 9.274286e-02 -4.225717e-01
1.868618e+01 1.001438e-01 -3.563575e-01
1.868618e+01 1.081354e-01 -3.171083e-01
1.868618e+01 1.167647e-01 -2.901129e-01
1.868618e+01 1.260827e-01 -2.609632e-01
1.868618e+01 1.361442e-01 -2.294874e-01
1.868618e+01 1.470087e-01 -1.990227e-01
1.868618e+01 1.587401e-01 -1.811339e-01
1.868618e+01 1.714077e-01 -1.618176e-01
1.868618e+01 1.850862e-01 -1.409598e-01
1.868618e+01 1.998563e-01 -1.184375e-01
1.868618e+01 2.158051e-01 -1.055479e-01
1.868618e+01 2.330265e-01 -9.391274e-02
1.868618e+01 2.516223e-01 -8.134910e-02
1.868618e+01 2.717020e-01 -6.778286e-02
1.868618e+01 2.933841e-01 -5.733666e-02
1.868618e+01 3.167964e-01 -5.139811e-02
1.868618e+01 3.420771e-01 -4.498565e-02
1.868618e+01 3.693752e-01 -3.806148e-02
1.868618e+01 3.988518e-01 -3.091713e-02
1.868618e+01 4.306805e-01 -2.786493e-02
1.868618e+01 4.650493e-01 -2.456917e-02
1.868618e+01 5.021607e-01 -2.101040e-02
1.868618e+01 5.422336e-01 -1.716764e-02
1.868618e+01 5.855044e-01 -1.486674e-02
1.868618e+01 6.322283e-01 -1.324367e-02
1.868618e+01 6.826808e-01 -1.149106e-02
1.868618e+01 7.371594e-01 -9.598602e-03
1.868618e+01 7.959855e-01 -7.955695e-03
1.868618e+01 8.595059e-01 -7.124263e-03
1.868618e+01 9.280954e-01 -6.226482e-03
1.868618e+01 1.002158e+00 -5.257057e-03
1.868618e+01 1.082132e+00 -4.210271e-03
1.868618e+01 1.168487e+00 -3.753258e-03
1.868618e+01 1.261733e+00 -3.317120e-03
1.868618e+01 1.362421e+00 -2.846178e-03
1.868618e+01 1.471144e+00 -2.337654e-03
1.868618e+01 1.588542e+00 -1.968278e-03
1.868618e+01 1.715310e+00 -1.726784e-03
1.868618e+01 1.852193e+00 -1.466019e-03
1.868618e+01 2.000000e+00 -1.184444e-03
1.907991e+01 1.000000e-03 -3.823445e-01
1.907991e+01 1.079801e-03 -4.102966e-01
1.907991e+01 1.165970e-03 -4.400573e-01
1.907991e+01 1.259016e-03 -4.716936e-01
1.907991e+01 1.359487e-03 -5.052639e-01
1.907991e+01 1.467975e-03 -5.408188e-01
1.907991e+01 1.585121e-03 -5.783977e-01
1.907991e+01 1.711615e-03 -6.180262e-01
1.907991e+01 1.848204e-03 -6.597165e-01
1.907991e+01 1.995693e-03 -7.034646e-01
1.907991e+01 2.154951e-03 -7.492495e-01
1.907991e+01 2.326918e-03 -7.970299e-01
1.907991e+01 2.512609e-03 -8.467412e-01
1.907991e+01 2.713117e-03 -8.982935e-01
1.907991e+01 2.929627e-03 -9.515692e-01
1.907991e+01 3.163414e-03 -1.006406e+00
1.907991e+01 3.415858e-03 -1.062594e+00
1.907991e+01 3.688447e-03 -1.119883e+00
1.907991e+01 3.982789e-03 -1.177963e+00
1.907991e+01 4.300619e-03 -1.236463e+00
1.907991e+01 4.643813e-03 -1.294960e+00
1.907991e+01 5.014394e-03 -1.352959e+00
1.907991e+01 5.414548e-03 -1.409888e+00
1.907991e+01 5.846635e-03 -1.465124e+00
1.907991e+01 6.313202e-03 -1.517947e+00
1.907991e+01 6.817002e-03 -1.567545e+00
1.907991e+01 7.361006e-03 -1.613068e+00
1.907991e+01 7.948422e-03 -1.653560e+00
1.907991e+01 8.582714e-03 -1.687987e+00
1.907991e+01 9.267624e-03 -1.715320e+00
1.907991e+01 1.000719e-02 -1.734469e+00
1.907991e+01 1.080577e-02 -1.744330e+00
1.907991e+01 1.166809e-02 -1.743915e+00
1.907991e+01 1.259921e-02 -1.732343e+00
1.907991e+01 1.360464e-02 -1.708902e+00
1.907991e+01 1.469030e-02 -1.673173e+00
1.907991e+01 1.586261e-02 -1.625243e+00
1.907991e+01 1.712846e-02 -1.565679e+00
1.907991e+01 1.849533e-02 -1.495421e+00
1.907991e+01 1.997127e-02 -1.416495e+00
1.907991e+01 2.156500e-02 -1.331614e+00
1.907991e+01 2.328591e-02 -1.243396e+00
1.907991e+01 2.514415e-02 -1.155438e+00
1.907991e+01 2.715068e-02 -1.071580e+00
1.907991e+01 2.931733e-02 -9.947053e-01
1.907991e+01 3.165689e-02 -9.269269e-01
1.907991e+01 3.418314e-02 -8.695158e-01
1.907991e+01 3.691099e-02 -8.215851e-01
1.907991e+01 3.985652e-02 -7.802323e-01
1.907991e+01 4.303711e-02 -7.405872e-01
1.907991e+01 4.647152e-02 -6.967382e-01
1.907991e+01 5.017999e-02 -6.436589e-01
1.907991e+01 5.418441e-02 -5.913793e-01
1.907991e+01 5.850838e-02 -5.530170e-01
1.907991e+01 6.317741e-02 -5.115933e-01
1.907991e+01 6.821903e-02 -4.668640e-01
1.907991e+01 7.366298e-02 -4.198385e-01
1.907991e+01 7.954136e-02 -3.820623e-01
1.907991e+01 8.588885e-02 -3.412714e-01
1.907991e+01 9.274286e-02 -2.972254e-01
1.907991e+01 1.001438e-01 -2.496645e-01
1.907991e+01 1.081354e-01 -2.221414e-01
1.907991e+01 1.167647e-01 -2.037927e-01
1.907991e+01 1.260827e-01 -1.839798e-01
1.907991e+01 1.361442e-01 -1.625859e-01
1.907991e+01 1.470087e-01 -1.417608e-01
1.907991e+01 1.587401e-01 -1.289695e-01
1.907991e+01 1.714077e-01 -1.151574e-01
1.907991e+01 1.850862e-01 -1.002432e-01
1.907991e+01 1.998563e-01 -8.413876e-02
1.907991e+01 2.158051e-01 -7.489274e-02
1.907991e+01 2.330265e-01 -6.653550e-02
1.907991e+01 2.516223e-01 -5.751134e-02
1.907991e+01 2.717020e-01 -4.776705e-02
1.907991e+01 2.933841e-01 -4.031252e-02
1.907991e+01 3.167964e-01 -3.616153e-02
1.907991e+01 3.420771e-01 -3.167928e-02
1.907991e+01 3.693752e-01 -2.683935e-02
1.907991e+01 3.988518e-01 -2.184522e-02
1.907991e+01 4.306805e-01 -1.970723e-02
1.907991e+01 4.650493e-01 -1.739862e-02
1.907991e+01 5.021607e-01 -1.490579e-02
1.907991e+01 5.422336e-01 -1.221402e-02
1.907991e+01 5.855044e-01 -1.060688e-02
1.907991e+01 6.322283e-01 -9.477036e-03
1.907991e+01 6.826808e-01 -8.257028e-03
1.907991e+01 7.371594e-01 -6.939662e-03
1.907991e+01 7.959855e-01 -5.788585e-03
1.907991e+01 8.595059e-01 -5.184312e-03
1.907991e+01 9.280954e-01 -4.531816e-03
1.907991e+01 1.002158e+00 -3.827252e-03
1.907991e+01 1.082132e+00 -3.066462e-03
1.907991e+01 1.168487e+00 -2.735902e-03
1.907991e+01 1.261733e+00 -2.420777e-03
1.907991e+01 1.362421e+00 -2.080505e-03
1.907991e+01 1.471144e+00 -1.713078e-03
1.907991e+01 1.588542e+00 -1.445387e-03
1.907991e+01 1.715310e+00 -1.269328e-03
1.907991e+01 1.852193e+00 -1.079220e-03
1.907991e+01 2.000000e+00 -8.739405e-04
1.948151e+01 1.000000e-03 -2.689459e-01
1.948151e+01 1.079801e-03 -2.886143e-01
1.948151e+01 1.165970e-03 -3.095563e-01
1.948151e+01 1.259016e-03 -3.318195e-01
1.948151e+01 1.359487e-03 -3.554449e-01
1.948151e+01 1.467975e-03 -3.804684e-01
1.948151e+01 1.585121e-03 -4.069176e-01
1.948151e+01 1.711615e-03 -4.348106e-01
1.948151e+01 1.848204e-03 -4.641556e-01
1.948151e+01 1.995693e-03 -4.949496e-01
1.948151e+01 2.154951e-03 -5.271774e-01
1.948151e+01 2.326918e-03 -5.608093e-01
1.948151e+01 2.512609e-03 -5.957995e-01
1.948151e+01 2.713117e-03 -6.320846e-01
1.948151e+01 2.929627e-03 -6.695816e-01
1.948151e+01 3.163414e-03 -7.081766e-01
1.948151e+01 3.415858e-03 -7.477220e-01
1.948151e+01 3.688447e-03 -7.880423e-01
1.948151e+01 3.982789e-03 -8.289197e-01
1.948151e+01 4.300619e-03 -8.700921e-01
1.948151e+01 4.643813e-03 -9.112626e-01
1.948151e+01 5.014394e-03 -9.520815e-01
1.948151e+01 5.414548e-03 -9.921475e-01
1.948151e+01 5.846635e-03 -1.031022e+00
1.948151e+01 6.313202e-03 -1.068198e+00
1.948151e+01 6.817002e-03 -1.103105e+00
1.948151e+01 7.361006e-03 -1.135143e+00
1.948151e+01 7.948422e-03 -1.163641e+00
1.948151e+01 8.582714e-03 -1.187870e+00
1.948151e+01 9.267624e-03 -1.207107e+00
1.948151e+01 1.000719e-02 -1.220585e+00
1.948151e+01 1.080577e-02 -1.227526e+00
1.948151e+01 1.166809e-02 -1.227235e+00
1.948151e+01 1.259921e-02 -1.219092e+00
1.948151e+01 1.360464e-02 -1.202597e+00
1.948151e+01 1.469030e-02 -1.177455e+00
1.948151e+01 1.586261e-02 -1.143726e+00
1.948151e+01 1.712846e-02 -1.101811e+00
1.948151e+01 1.849533e-02 -1.052370e+00
1.948151e+01 1.997127e-02 -9.968281e-01
1.948151e+01 2.156500e-02 -9.370953e-01
1.948151e+01 2.328591e-02 -8.750139e-01
1.948151e+01 2.514415e-02 -8.131155e-01
1.948151e+01 2.715068e-02 -7.541025e-01
1.948151e+01 2.931733e-02 -7.000036e-01
1.948151e+01 3.165689e-02 -6.523060e-01
1.948151e+01 3.418314e-02 -6.119042e-01
1.948151e+01 3.691099e-02 -5.781739e-01
1.948151e+01 3.985652e-02 -5.490727e-01
1.948151e+01 4.303711e-02 -5.211733e-01
1.948151e+01 4.647152e-02 -4.903154e-01
1.948151e+01 5.017999e-02 -4.529620e-01
1.948151e+01 5.418441e-02 -4.158230e-01
1.948151e+01 5.850838e-02 -3.878564e-01
1.948151e+01 6.317741e-02 -3.576581e-01
1.948151e+01 6.821903e-02 -3.250499e-01
1.948151e+01 7.366298e-02 -2.908824e-01
1.948151e+01 7.954136e-02 -2.646362e-01
1.948151e+01 8.588885e-02 -2.362955e-01
1.948151e+01 9.274286e-02 -2.056932e-01
1.948151e+01 1.001438e-01 -1.726488e-01
1.948151e+01 1.081354e-01 -1.537665e-01
1.948151e+01 1.167647e-01 -1.413921e-01
1.948151e+01 1.260827e-01 -1.280302e-01
1.948151e+01 1.361442e-01 -1.136020e-01
1.948151e+01 1.470087e-01 -9.951046e-02
1.948151e+01 1.587401e-01 -9.063279e-02
1.948151e+01 1.714077e-01 -8.104668e-02
1.948151e+01 1.850862e-01 -7.069559e-02
1.948151e+01 1.998563e-01 -5.951847e-02
1.948151e+01 2.158051e-01 -5.301520e-02
1.948151e+01 2.330265e-01 -4.710471e-02
1.948151e+01 2.516223e-01 -4.072255e-02
1.948151e+01 2.717020e-01 -3.383108e-02
1.948151e+01 2.933841e-01 -2.856363e-02
1.948151e+01 3.167964e-01 -2.563879e-02
1.948151e+01 3.420771e-01 -2.248054e-02
1.948151e+01 3.693752e-01 -1.907026e-02
1.948151e+01 3.988518e-01 -1.555070e-02
1.948151e+01 4.306805e-01 -1.403463e-02
1.948151e+01 4.650493e-01 -1.239759e-02
1.948151e+01 5.021607e-01 -1.062990e-02
1.948151e+01 5.422336e-01 -8.721156e-03
1.948151e+01 5.855044e-01 -7.582332e-03
1.948151e+01 6.322283e-01 -6.782403e-03
1.948151e+01 6.826808e-01 -5.918638e-03
1.948151e+01 7.371594e-01 -4.985943e-03
1.948151e+01 7.959855e-01 -4.169011e-03
1.948151e+01 8.595059e-01 -3.734425e-03
1.948151e+01 9.280954e-01 -3.265158e-03
1.948151e+01 1.002158e+00 -2.758443e-03
1.948151e+01 1.082132e+00 -2.211291e-03
1.948151e+01 1.168487e+00 -1.973927e-03
1.948151e+01 1.261733e+00 -1.747724e-03
1.948151e+01 1.362421e+00 -1.503471e-03
1.948151e+01 1.471144e+00 -1.239725e-03
1.948151e+01 1.588542e+00 -1.047231e-03
1.948151e+01 1.715310e+00 -9.201869e-04
1.948151e+01 1.852193e+00 -7.830042e-04
1.948151e+01 2.000000e+00 -6.348742e-04
1.989114e+01 1.000000e-03 -1.912040e-01
1.989114e+01 1.079801e-03 -2.051916e-01
1.989114e+01 1.165970e-03 -2.200858e-01
1.989114e+01 1.259016e-03 -2.359206e-01
1.989114e+01 1.359487e-03 -2.527252e-01
1.989114e+01 1.467975e-03 -2.705253e-01
1.989114e+01 1.585121e-03 -2.893404e-01
1.989114e+01 1.711615e-03 -3.091834e-01
1.989114e+01 1.848204e-03 -3.300601e-01
1.989114e+01 1.995693e-03 -3.519681e-01
1.989114e+01 2.154951e-03 -3.748961e-01
1.989114e+01 2.326918e-03 -3.988229e-01
1.989114e+01 2.512609e-03 -4.237154e-01
1.989114e+01 2.713117e-03 -4.495284e-01
1.989114e+01 2.929627e-03 -4.762028e-01
1.989114e+01 3.163414e-03 -5.036576e-01
1.989114e+01 3.415858e-03 -5.317881e-01
1.989114e+01 3.688447e-03 -5.604698e-01
1.989114e+01 3.982789e-03 -5.895479e-01
1.989114e+01 4.300619e-03 -6.188359e-01
1.989114e+01 4.643813e-03 -6.481221e-01
1.989114e+01 5.014394e-03 -6.771580e-01
1.989114e+01 5.414548e-03 -7.056580e-01
1.989114e+01 5.846635e-03 -7.333106e-01
1.989114e+01 6.313202e-03 -7.597549e-01
1.989114e+01 6.817002e-03 -7.845851e-01
1.989114e+01 7.361006e-03 -8.073748e-01
1.989114e+01 7.948422e-03 -8.276459e-01
1.989114e+01 8.582714e-03 -8.448810e-01
1.989114e+01 9.267624e-03 -8.585654e-01
1.989114e+01 1.000719e-02 -8.681529e-01
1.989114e+01 1.080577e-02 -8.730909e-01
1.989114e+01 1.166809e-02 -8.728845e-01
1.989114e+01 1.259921e-02 -8.670928e-01
1.989114e+01 1.360464e-02 -8.553608e-01
1.989114e+01 1.469030e-02 -8.374789e-01
1.989114e+01 1.586261e-02 -8.134906e-01
1.989114e+01 1.712846e-02 -7.836792e-01
1.989114e+01 1.849533e-02 -7.485143e-01
1.989114e+01 1.997127e-02 -7.090100e-01
1.989114e+01 2.156500e-02 -6.665244e-01
1.989114e+01 2.328591e-02 -6.223681e-01
1.989114e+01 2.514415e-02 -5.783421e-01
1.989114e+01 2.715068e-02 -5.363683e-01
1.989114e+01 2.931733e-02 -4.978897e-01
1.989114e+01 3.165689e-02 -4.639640e-01
1.989114e+01 3.418314e-02 -4.352275e-01
1.989114e+01 3.691099e-02 -4.112362e-01
1.989114e+01 3.985652e-02 -3.905375e-01
1.989114e+01 4.303711e-02 -3.706935e-01
1.989114e+01 4.647152e-02 -3.487454e-01
1.989114e+01 5.017999e-02 -3.221771e-01
1.989114e+01 5.418441e-02 -2.954850e-01
1.989114e+01 5.850838e-02 -2.748237e-01
1.989114e+01 6.317741e-02 -2.525136e-01
1.989114e+01 6.821903e-02 -2.284232e-01
1.989114e+01 7.366298e-02 -2.032067e-01
1.989114e+01 7.954136e-02 -1.841095e-01
1.989114e+01 8.588885e-02 -1.634883e-01
1.989114e+01 9.274286e-02 -1.412215e-01
1.989114e+01 1.001438e-01 -1.171779e-01
1.989114e+01 1.081354e-01 -1.041045e-01
1.989114e+01 1.167647e-01 -9.613718e-02
1.989114e+01 1.260827e-01 -8.753407e-02
1.989114e+01 1.361442e-01 -7.824443e-02
1.989114e+01 1.470087e-01 -6.909276e-02
1.989114e+01 1.587401e-01 -6.295642e-02
1.989114e+01 1.714077e-01 -5.633040e-02
1.989114e+01 1.850862e-01 -4.917561e-02
1.989114e+01 1.998563e-01 -4.144986e-02
1.989114e+01 2.158051e-01 -3.688806e-02
1.989114e+01 2.330265e-01 -3.271734e-02
1.989114e+01 2.516223e-01 -2.821380e-02
1.989114e+01 2.717020e-01 -2.335088e-02
1.989114e+01 2.933841e-01 -1.966786e-02
1.989114e+01 3.167964e-01 -1.768373e-02
1.989114e+01 3.420771e-01 -1.554127e-02
1.989114e+01 3.693752e-01 -1.322783e-02
1.989114e+01 3.988518e-01 -1.083844e-02
1.989114e+01 4.306805e-01 -9.782446e-03
1.989114e+01 4.650493e-01 -8.642185e-03
1.989114e+01 5.021607e-01 -7.410930e-03
1.989114e+01 5.422336e-01 -6.081419e-03
1.989114e+01 5.855044e-01 -5.293145e-03
1.989114e+01 6.322283e-01 -4.743628e-03
1.989114e+01 6.826808e-01 -4.150260e-03
1.989114e+01 7.371594e-01 -3.509540e-03
1.989114e+01 7.959855e-01 -2.945823e-03
1.989114e+01 8.595059e-01 -2.638627e-03
1.989114e+01 9.280954e-01 -2.306917e-03
1.989114e+01 1.002158e+00 -1.948737e-03
1.989114e+01 1.082132e+00 -1.561973e-03
1.989114e+01 1.168487e+00 -1.394244e-03
1.989114e+01 1.261733e+00 -1.234413e-03
1.989114e+01 1.362421e+00 -1.061829e-03
1.989114e+01 1.471144e+00 -8.754717e-04
1.989114e+01 1.588542e+00 -7.399596e-04
1.989114e+01 1.715310e+00 -6.511711e-04
1.989114e+01 1.852193e+00 -5.552972e-04
1.989114e+01 2.000000e+00 -4.517724e-04
2.030896e+01 1.000000e-03 -1.293825e-01
2.030896e+01 1.079801e-03 -1.388507e-01
2.030896e+01 1.165970e-03 -1.489331e-01
2.030896e+01 1.259016e-03 -1.596528e-01
2.030896e+01 1.359487e-03 -1.710298e-01
2.030896e+01 1.467975e-03 -1.830814e-01
2.030896e+01 1.585121e-03 -1.958209e-01
2.030896e+01 1.711615e-03 -2.092570e-01
2.030896e+01 1.848204e-03 -2.233934e-01
2.030896e+01 1.995693e-03 -2.382286e-01
2.030896e+01 2.154951e-03 -2.537545e-01
2.030896e+01 2.326918e-03 -2.699566e-01
2.030896e+01 2.512609e-03 -2.868124e-01
2.030896e+01 2.713117e-03 -3.042909e-01
2.030896e+01 2.929627e-03 -3.223522e-01
2.030896e+01 3.163414e-03 -3.409413e-01
2.030896e+01 3.415858e-03 -3.599876e-01
2.030896e+01 3.688447e-03 -3.794072e-01
2.030896e+01 3.982789e-03 -3.990953e-01
2.030896e+01 4.300619e-03 -4.189254e-01
2.030896e+01 4.643813e-03 -4.387542e-01
2.030896e+01 5.014394e-03 -4.584131e-01
2.030896e+01 5.414548e-03 -4.777092e-01
2.030896e+01 5.846635e-03 -4.964315e-01
2.030896e+01 6.313202e-03 -5.143357e-01
2.030896e+01 6.817002e-03 -5.311471e-01
2.030896e+01 7.361006e-03 -5.465769e-01
2.030896e+01 7.948422e-03 -5.603015e-01
2.030896e+01 8.582714e-03 -5.719707e-01
2.030896e+01 9.267624e-03 -5.812361e-01
2.030896e+01 1.000719e-02 -5.877278e-01
2.030896e+01 1.080577e-02 -5.910716e-01
2.030896e+01 1.166809e-02 -5.909321e-01
2.030896e+01 1.259921e-02 -5.870111e-01
2.030896e+01 1.360464e-02 -5.790687e-01
2.030896e+01 1.469030e-02 -5.669635e-01
2.030896e+01 1.586261e-02 -5.507248e-01
2.030896e+01 1.712846e-02 -5.305440e-01
2.030896e+01 1.849533e-02 -5.067384e-01
2.030896e+01 1.997127e-02 -4.799946e-01
2.030896e+01 2.156500e-02 -4.512323e-01
2.030896e+01 2.328591e-02 -4.213390e-01
2.030896e+01 2.514415e-02 -3.915338e-01
2.030896e+01 2.715068e-02 -3.631179e-01
2.030896e+01 2.931733e-02 -3.370682e-01
2.030896e+01 3.165689e-02 -3.141008e-01
2.030896e+01 3.418314e-02 -2.946464e-01
2.030896e+01 3.691099e-02 -2.784045e-01
2.030896e+01 3.985652e-02 -2.643915e-01
2.030896e+01 4.303711e-02 -2.509573e-01
2.030896e+01 4.647152e-02 -2.360985e-01
2.030896e+01 5.017999e-02 -2.181120e-01
2.030896e+01 5.418441e-02 -1.998106e-01
2.030896e+01 5.850838e-02 -1.851799e-01
2.030896e+01 6.317741e-02 -1.693816e-01
2.030896e+01 6.821903e-02 -1.523227e-01
2.030896e+01 7.366298e-02 -1.345327e-01
2.030896e+01 7.954136e-02 -1.217602e-01
2.030896e+01 8.588885e-02 -1.079684e-01
2.030896e+01 9.274286e-02 -9.307598e-02
2.030896e+01 1.001438e-01 -7.699514e-02
2.030896e+01 1.081354e-01 -6.855800e-02
2.030896e+01 1.167647e-01 -6.370663e-02
2.030896e+01 1.260827e-01 -5.846812e-02
2.030896e+01 1.361442e-01 -5.281157e-02
2.030896e+01 1.470087e-01 -4.716579e-02
2.030896e+01 1.587401e-01 -4.303821e-02
2.030896e+01 1.714077e-01 -3.858124e-02
2.030896e+01 1.850862e-01 -3.376860e-02
2.030896e+01 1.998563e-01 -2.857190e-02
2.030896e+01 2.158051e-01 -2.539636e-02
2.030896e+01 2.330265e-01 -2.245395e-02
2.030896e+01 2.516223e-01 -1.927674e-02
2.030896e+01 2.717020e-01 -1.584598e-02
2.030896e+01 2.933841e-01 -1.327800e-02
2.030896e+01 3.167964e-01 -1.194958e-02
2.030896e+01 3.420771e-01 -1.051515e-02
2.030896e+01 3.693752e-01 -8.966255e-03
2.030896e+01 3.988518e-01 -7.366344e-03
2.030896e+01 4.306805e-01 -6.656945e-03
2.030896e+01 4.650493e-01 -5.890935e-03
2.030896e+01 5.021607e-01 -5.063797e-03
2.030896e+01 5.422336e-01 -4.170652e-03
2.030896e+01 5.855044e-01 -3.635851e-03
2.030896e+01 6.322283e-01 -3.258578e-03
2.030896e+01 6.826808e-01 -2.851198e-03
2.030896e+01 7.371594e-01 -2.411309e-03
2.030896e+01 7.959855e-01 -2.024345e-03
2.030896e+01 8.595059e-01 -1.813642e-03
2.030896e+01 9.280954e-01 -1.586124e-03
2.030896e+01 1.002158e+00 -1.340450e-03
2.030896e+01 1.082132e+00 -1.075171e-03
2.030896e+01 1.168487e+00 -9.596540e-04
2.030896e+01 1.261733e+00 -8.494769e-04
2.030896e+01 1.362421e+00 -7.305075e-04
2.030896e+01 1.471144e+00 -6.020443e-04
2.030896e+01 1.588542e+00 -5.091799e-04
2.030896e+01 1.715310e+00 -4.490487e-04
2.030896e+01 1.852193e+00 -3.841189e-04
2.030896e+01 2.000000e+00 -3.140077e-04
2.073514e+01 1.000000e-03 -8.331037e-02
2.073514e+01 1.079801e-03 -8.940900e-02
2.073514e+01 1.165970e-03 -9.590370e-02
2.073514e+01 1.259016e-03 -1.028093e-01
2.073514e+01 1.359487e-03 -1.101388e-01
2.073514e+01 1.467975e-03 -1.179033e-01
2.073514e+01 1.585121e-03 -1.261115e-01
2.073514e+01 1.711615e-03 -1.347688e-01
2.073514e+01 1.848204e-03 -1.438778e-01
2.073514e+01 1.995693e-03 -1.534373e-01
2.073514e+01 2.154951e-03 -1.634419e-01
2.073514e+01 2.326918e-03 -1.738822e-01
2.073514e+01 2.512609e-03 -1.847435e-01
2.073514e+01 2.713117e-03 -1.960058e-01
2.073514e+01 2.929627e-03 -2.076431e-01
2.073514e+01 3.163414e-03 -2.196202e-01
2.073514e+01 3.415858e-03 -2.318918e-01
2.073514e+01 3.688447e-03 -2.444038e-01
2.073514e+01 3.982789e-03 -2.570888e-01
2.073514e+01 4.300619e-03 -2.698653e-01
2.073514e+01 4.643813e-03 -2.826408e-01
2.073514e+01 5.014394e-03 -2.953068e-01
2.073514e+01 5.414548e-03 -3.077390e-01
2.073514e+01 5.846635e-03 -3.198013e-01
2.073514e+01 6.313202e-03 -3.313367e-01
2.073514e+01 6.817002e-03 -3.421680e-01
2.073514e+01 7.361006e-03 -3.521091e-01
2.073514e+01 7.948422e-03 -3.609516e-01
2.073514e+01 8.582714e-03 -3.684698e-01
2.073514e+01 9.267624e-03 -3.744396e-01
2.073514e+01 1.000719e-02 -3.786224e-01
2.073514e+01 1.080577e-02 -3.807770e-01
2.073514e+01 1.166809e-02 -3.806873e-01
2.073514e+01 1.259921e-02 -3.781612e-01
2.073514e+01 1.360464e-02 -3.730445e-01
2.073514e+01 1.469030e-02 -3.652466e-01
2.073514e+01 1.586261e-02 -3.547862e-01
2.073514e+01 1.712846e-02 -3.417862e-01
2.073514e+01 1.849533e-02 -3.264507e-01
2.073514e+01 1.997127e-02 -3.092221e-01
2.073514e+01 2.156500e-02 -2.906929e-01
2.073514e+01 2.328591e-02 -2.714351e-01
2.073514e+01 2.514415e-02 -2.522341e-01
2.073514e+01 2.715068e-02 -2.339281e-01
2.073514e+01 2.931733e-02 -2.171464e-01
2.073514e+01 3.165689e-02 -2.023503e-01
2.073514e+01 3.418314e-02 -1.898174e-01
2.073514e+01 3.691099e-02 -1.793540e-01
2.073514e+01 3.985652e-02 -1.703266e-01
2.073514e+01 4.303711e-02 -1.616720e-01
2.073514e+01 4.647152e-02 -1.520997e-01
2.073514e+01 5.017999e-02 -1.405124e-01
2.073514e+01 5.418441e-02 -1.285810e-01
2.073514e+01 5.850838e-02 -1.187624e-01
2.073514e+01 6.317741e-02 -1.081603e-01
2.073514e+01 6.821903e-02 -9.671213e-02
2.073514e+01 7.366298e-02 -8.482770e-02
2.073514e+01 7.954136e-02 -7.686905e-02
2.073514e+01 8.588885e-02 -6.827528e-02
2.073514e+01 9.274286e-02 -5.899572e-02
2.073514e+01 1.001438e-01 -4.897565e-02
2.073514e+01 1.081354e-01 -4.382424e-02
2.073514e+01 1.167647e-01 -4.096610e-02
2.073514e+01 1.260827e-01 -3.787987e-02
2.073514e+01 1.361442e-01 -3.454736e-02
2.073514e+01 1.470087e-01 -3.118176e-02
2.073514e+01 1.587401e-01 -2.853945e-02
2.073514e+01 1.714077e-01 -2.568629e-02
2.073514e+01 1.850862e-01 -2.260544e-02
2.073514e+01 1.998563e-01 -1.927873e-02
2.073514e+01 2.158051e-01 -1.712378e-02
2.073514e+01 2.330265e-01 -1.508393e-02
2.073514e+01 2.516223e-01 -1.288131e-02
2.073514e+01 2.717020e-01 -1.050291e-02
2.073514e+01 2.933841e-01 -8.747497e-03
2.073514e+01 3.167964e-01 -7.885004e-03
2.073514e+01 3.420771e-01 -6.953684e-03
2.073514e+01 3.693752e-01 -5.948043e-03
2.073514e+01 3.988518e-01 -4.909056e-03
2.073514e+01 4.306805e-01 -4.445095e-03
2.073514e+01 4.650493e-01 -3.944109e-03
2.073514e+01 5.021607e-01 -3.403143e-03
2.073514e+01 5.422336e-01 -2.819008e-03
2.073514e+01 5.855044e-01 -2.464465e-03
2.073514e+01 6.322283e-01 -2.210342e-03
2.073514e+01 6.826808e-01 -1.935941e-03
2.073514e+01 7.371594e-01 -1.639641e-03
2.073514e+01 7.959855e-01 -1.377993e-03
2.073514e+01 8.595059e-01 -1.232638e-03
2.073514e+01 9.280954e-01 -1.075685e-03
2.073514e+01 1.002158e+00 -9.062055e-04
2.073514e+01 1.082132e+00 -7.232019e-04
2.073514e+01 1.168487e+00 -6.455921e-04
2.073514e+01 1.261733e+00 -5.720091e-04
2.073514e+01 1.362421e+00 -4.925542e-04
2.073514e+01 1.471144e+00 -4.067586e-04
2.073514e+01 1.588542e+00 -3.446181e-04
2.073514e+01 1.715310e+00 -3.042242e-04
2.073514e+01 1.852193e+00 -2.606067e-04
2.073514e+01 2.000000e+00 -2.135085e-04
2.116984e+01 1.000000e-03 -5.025355e-02
2.116984e+01 1.079801e-03 -5.393354e-02
2.116984e+01 1.165970e-03 -5.785273e-02
2.116984e+01 1.259016e-03 -6.202016e-02
2.116984e+01 1.359487e-03 -6.644362e-02
2.116984e+01 1.467975e-03 -7.112993e-02
2.116984e+01 1.585121e-03 -7.608430e-02
2.116984e+01 1.711615e-03 -8.131006e-02
2.116984e+01 1.848204e-03 -8.680864e-02
2.116984e+01 1.995693e-03 -9.257928e-02
2.116984e+01 2.154951e-03 -9.861878e-02
2.116984e+01 2.326918e-03 -1.049212e-01
2.116984e+01 2.512609e-03 -1.114776e-01
2.116984e+01 2.713117e-03 -1.182759e-01
2.116984e+01 2.929627e-03 -1.253004e-01
2.116984e+01 3.163414e-03 -1.325297e-01
2.116984e+01 3.415858e-03 -1.399367e-01
2.116984e+01 3.688447e-03 -1.474887e-01
2.116984e+01 3.982789e-03 -1.551452e-01
2.116984e+01 4.300619e-03 -1.628569e-01
2.116984e+01 4.643813e-03 -1.705680e-01
2.116984e+01 5.014394e-03 -1.782129e-01
2.116984e+01 5.414548e-03 -1.857165e-01
2.116984e+01 5.846635e-03 -1.929970e-01
2.116984e+01 6.313202e-03 -1.999594e-01
2.116984e+01 6.817002e-03 -2.064968e-01
2.116984e+01 7.361006e-03 -2.124969e-01
2.116984e+01 7.948422e-03 -2.178339e-01
2.116984e+01 8.582714e-03 -2.223718e-01
2.116984e+01 9.267624e-03 -2.259750e-01
2.116984e+01 1.000719e-02 -2.284998e-01
2.116984e+01 1.080577e-02 -2.298005e-01
2.116984e+01 1.166809e-02 -2.297465e-01
2.116984e+01 1.259921e-02 -2.282219e-01
2.116984e+01 1.360464e-02 -2.251340e-01
2.116984e+01 1.469030e-02 -2.204282e-01
2.116984e+01 1.586261e-02 -2.141157e-01
2.116984e+01 1.712846e-02 -2.062706e-01
2.116984e+01 1.849533e-02 -1.970158e-01
2.116984e+01 1.997127e-02 -1.866184e-01
2.116984e+01 2.156500e-02 -1.754359e-01
2.116984e+01 2.328591e-02 -1.638137e-01
2.116984e+01 2.514415e-02 -1.522258e-01
2.116984e+01 2.715068e-02 -1.411780e-01
2.116984e+01 2.931733e-02 -1.310501e-01
2.116984e+01 3.165689e-02 -1.221205e-01
2.116984e+01 3.418314e-02 -1.145568e-01
2.116984e+01 3.691099e-02 -1.082420e-01
2.116984e+01 3.985652e-02 -1.027939e-01
2.116984e+01 4.303711e-02 -9.757072e-02
2.116984e+01 4.647152e-02 -9.179373e-02
2.116984e+01 5.017999e-02 -8.480068e-02
2.116984e+01 5.418441e-02 -7.776806e-02
2.116984e+01 5.850838e-02 -7.231037e-02
2.116984e+01 6.317741e-02 -6.641714e-02
2.116984e+01 6.821903e-02 -6.005363e-02
2.116984e+01 7.366298e-02 -5.340531e-02
2.116984e+01 7.954136e-02 -4.850359e-02
2.116984e+01 8.588885e-02 -4.321070e-02
2.116984e+01 9.274286e-02 -3.749544e-02
2.116984e+01 1.001438e-01 -3.132409e-02
2.116984e+01 1.081354e-01 -2.812481e-02
2.116984e+01 1.167647e-01 -2.632315e-02
2.116984e+01 1.260827e-01 -2.437772e-02
2.116984e+01 1.361442e-01 -2.227704e-02
2.116984e+01 1.470087e-01 -2.014164e-02
2.116984e+01 1.587401e-01 -1.840198e-02
2.116984e+01 1.714077e-01 -1.652350e-02
2.116984e+01 1.850862e-01 -1.449511e-02
2.116984e+01 1.998563e-01 -1.230486e-02
2.116984e+01 2.158051e-01 -1.093566e-02
2.116984e+01 2.330265e-01 -9.656100e-03
2.116984e+01 2.516223e-01 -8.274435e-03
2.116984e+01 2.717020e-01 -6.782511e-03
2.116984e+01 2.933841e-01 -5.670540e-03
2.116984e+01 3.167964e-01 -5.104039e-03
2.116984e+01 3.420771e-01 -4.492330e-03
2.116984e+01 3.693752e-01 -3.831807e-03
2.116984e+01 3.988518e-01 -3.150268e-03
2.116984e+01 4.306805e-01 -2.858921e-03
2.116984e+01 4.650493e-01 -2.544324e-03
2.116984e+01 5.021607e-01 -2.204621e-03
2.116984e+01 5.422336e-01 -1.837810e-03
2.116984e+01 5.855044e-01 -1.610792e-03
2.116984e+01 6.322283e-01 -1.444442e-03
2.116984e+01 6.826808e-01 -1.264817e-03
2.116984e+01 7.371594e-01 -1.070858e-03
2.116984e+01 7.959855e-01 -8.997248e-04
2.116984e+01 8.595059e-01 -8.050689e-04
2.116984e+01 9.280954e-01 -7.028594e-04
2.116984e+01 1.002158e+00 -5.924935e-04
2.116984e+01 1.082132e+00 -4.733202e-04
2.116984e+01 1.168487e+00 -4.226403e-04
2.116984e+01 1.261733e+00 -3.745596e-04
2.116984e+01 1.362421e+00 -3.226420e-04
2.116984e+01 1.471144e+00 -2.665814e-04
2.116984e+01 1.588542e+00 -2.260763e-04
2.116984e+01 1.715310e+00 -1.998752e-04
2.116984e+01 1.852193e+00 -1.715833e-04
2.116984e+01 2.000000e+00 -1.410336e-04
2.161324e+01 1.000000e-03 -3.013330e-02
2.161324e+01 1.079801e-03 -3.234066e-02
2.161324e+01 1.165970e-03 -3.469164e-02
2.161324e+01 1.259016e-03 -3.719167e-02
2.161324e+01 1.359487e-03 -3.984547e-02
2.161324e+01 1.467975e-03 -4.265713e-02
2.161324e+01 1.585121e-03 -4.562980e-02
2.161324e+01 1.711615e-03 -4.876546e-02
2.161324e+01 1.848204e-03 -5.206496e-02
2.161324e+01 1.995693e-03 -5.552782e-02
2.161324e+01 2.154951e-03 -5.915207e-02
2.161324e+01 2.326918e-03 -6.293407e-02
2.161324e+01 2.512609e-03 -6.686844e-02
2.161324e+01 2.713117e-03 -7.094786e-02
2.161324e+01 2.929627e-03 -7.516284e-02
2.161324e+01 3.163414e-03 -7.950061e-02
2.161324e+01 3.415858e-03 -8.394485e-02
2.161324e+01 3.688447e-03 -8.847615e-02
2.161324e+01 3.982789e-03 -9.307014e-02
2.161324e+01 4.300619e-03 -9.769723e-02
2.161324e+01 4.643813e-03 -1.023239e-01
2.161324e+01 5.014394e-03 -1.069108e-01
2.161324e+01 5.414548e-03 -1.114130e-01
2.161324e+01 5.846635e-03 -1.157812e-01
2.161324e+01 6.313202e-03 -1.199586e-01
2.161324e+01 6.817002e-03 -1.238810e-01
2.161324e+01 7.361006e-03 -1.274810e-01
2.161324e+01 7.948422e-03 -1.306832e-01
2.161324e+01 8.582714e-03 -1.334059e-01
2.161324e+01 9.267624e-03 -1.355679e-01
2.161324e+01 1.000719e-02 -1.370828e-01
2.161324e+01 1.080577e-02 -1.378634e-01
2.161324e+01 1.166809e-02 -1.378311e-01
2.161324e+01 1.259921e-02 -1.369165e-01
2.161324e+01 1.360464e-02 -1.350640e-01
2.161324e+01 1.469030e-02 -1.322410e-01
2.161324e+01 1.586261e-02 -1.284542e-01
2.161324e+01 1.712846e-02 -1.237479e-01
2.161324e+01 1.849533e-02 -1.181959e-01
2.161324e+01 1.997127e-02 -1.119582e-01
2.161324e+01 2.156500e-02 -1.052496e-01
2.161324e+01 2.328591e-02 -9.827708e-02
2.161324e+01 2.514415e-02 -9.132516e-02
2.161324e+01 2.715068e-02 -8.469728e-02
2.161324e+01 2.931733e-02 -7.862125e-02
2.161324e+01 3.165689e-02 -7.326412e-02
2.161324e+01 3.418314e-02 -6.872639e-02
2.161324e+01 3.691099e-02 -6.493795e-02
2.161324e+01 3.985652e-02 -6.166942e-02
2.161324e+01 4.303711e-02 -5.853588e-02
2.161324e+01 4.647152e-02 -5.507007e-02
2.161324e+01 5.017999e-02 -5.087472e-02
2.161324e+01 5.418441e-02 -4.660617e-02
2.161324e+01 5.850838e-02 -4.319422e-02
2.161324e+01 6.317741e-02 -3.950999e-02
2.161324e+01 6.821903e-02 -3.553175e-02
2.161324e+01 7.366298e-02 -3.141054e-02
2.161324e+01 7.954136e-02 -2.874217e-02
2.161324e+01 8.588885e-02 -2.586087e-02
2.161324e+01 9.274286e-02 -2.274963e-02
2.161324e+01 1.001438e-01 -1.939012e-02
2.161324e+01 1.081354e-01 -1.754808e-02
2.161324e+01 1.167647e-01 -1.641094e-02
2.161324e+01 1.260827e-01 -1.518307e-02
2.161324e+01 1.361442e-01 -1.385720e-02
2.161324e+01 1.470087e-01 -1.251390e-02
2.161324e+01 1.587401e-01 -1.143985e-02
2.161324e+01 1.714077e-01 -1.028010e-02
2.161324e+01 1.850862e-01 -9.027789e-03
2.161324e+01 1.998563e-01 -7.675545e-03
2.161324e+01 2.158051e-01 -6.817199e-03
2.161324e+01 2.330265e-01 -6.010564e-03
2.161324e+01 2.516223e-01 -5.139558e-03
2.161324e+01 2.717020e-01 -4.199045e-03
2.161324e+01 2.933841e-01 -3.507142e-03
2.161324e+01 3.167964e-01 -3.171381e-03
2.161324e+01 3.420771e-01 -2.808825e-03
2.161324e+01 3.693752e-01 -2.417337e-03
2.161324e+01 3.988518e-01 -2.012315e-03
2.161324e+01 4.306805e-01 -1.823334e-03
2.161324e+01 4.650493e-01 -1.619272e-03
2.161324e+01 5.021607e-01 -1.398927e-03
2.161324e+01 5.422336e-01 -1.160997e-03
2.161324e+01 5.855044e-01 -1.016494e-03
2.161324e+01 6.322283e-01 -9.128465e-04
2.161324e+01 6.826808e-01 -8.009273e-04
2.161324e+01 7.371594e-01 -6.800769e-04
2.161324e+01 7.959855e-01 -5.730834e-04
2.161324e+01 8.595059e-01 -5.128506e-04
2.161324e+01 9.280954e-01 -4.478113e-04
2.161324e+01 1.002158e+00 -3.775817e-04
2.161324e+01 1.082132e+00 -3.017478e-04
2.161324e+01 1.168487e+00 -2.696698e-04
2.161324e+01 1.261733e+00 -2.392740e-04
2.161324e+01 1.362421e+00 -2.064526e-04
2.161324e+01 1.471144e+00 -1.710120e-04
2.161324e+01 1.588542e+00 -1.451981e-04
2.161324e+01 1.715310e+00 -1.282289e-04
2.161324e+01 1.852193e+00 -1.099055e-04
2.161324e+01 2.000000e+00 -9.011994e-05
2.206550e+01 1.000000e-03 -1.829484e-02
2.206550e+01 1.079801e-03 -1.963544e-02
2.206550e+01 1.165970e-03 -2.106336e-02
2.206550e+01 1.259016e-03 -2.258191e-02
2.206550e+01 1.359487e-03 -2.419395e-02
2.206550e+01 1.467975e-03 -2.590200e-02
2.206550e+01 1.585121e-03 -2.770797e-02
2.206550e+01 1.711615e-03 -2.961306e-02
2.206550e+01 1.848204e-03 -3.161778e-02
2.206550e+01 1.995693e-03 -3.372182e-02
2.206550e+01 2.154951e-03 -3.592396e-02
2.206550e+01 2.326918e-03 -3.822195e-02
2.206550e+01 2.512609e-03 -4.061248e-02
2.206550e+01 2.713117e-03 -4.309109e-02
2.206550e+01 2.929627e-03 -4.565197e-02
2.206550e+01 3.163414e-03 -4.828736e-02
2.206550e+01 3.415858e-03 -5.098738e-02
2.206550e+01 3.688447e-03 -5.374028e-02
2.206550e+01 3.982789e-03 -5.653126e-02
2.206550e+01 4.300619e-03 -5.934235e-02
2.206550e+01 4.643813e-03 -6.215317e-02
2.206550e+01 5.014394e-03 -6.493981e-02
2.206550e+01 5.414548e-03 -6.767494e-02
2.206550e+01 5.846635e-03 -7.032871e-02
2.206550e+01 6.313202e-03 -7.286652e-02
2.206550e+01 6.817002e-03 -7.524942e-02
2.206550e+01 7.361006e-03 -7.743646e-02
2.206550e+01 7.948422e-03 -7.938181e-02
2.206550e+01 8.582714e-03 -8.103590e-02
2.206550e+01 9.267624e-03 -8.234938e-02
2.206550e+01 1.000719e-02 -8.326983e-02
2.206550e+01 1.080577e-02 -8.374408e-02
2.206550e+01 1.166809e-02 -8.372455e-02
2.206550e+01 1.259921e-02 -8.316904e-02
2.206550e+01 1.360464e-02 -8.204384e-02
2.206550e+01 1.469030e-02 -8.032911e-02
2.206550e+01 1.586261e-02 -7.802898e-02
2.206550e+01 1.712846e-02 -7.517030e-02
2.206550e+01 1.849533e-02 -7.179782e-02
2.206550e+01 1.997127e-02 -6.800882e-02
2.206550e+01 2.156500e-02 -6.393369e-02
2.206550e+01 2.328591e-02 -5.969829e-02
2.206550e+01 2.514415e-02 -5.547538e-02
2.206550e+01 2.715068e-02 -5.144930e-02
2.206550e+01 2.931733e-02 -4.775843e-02
2.206550e+01 3.165689e-02 -4.450426e-02
2.206550e+01 3.418314e-02 -4.174782e-02
2.206550e+01 3.691099e-02 -3.944653e-02
2.206550e+01 3.985652e-02 -3.746107e-02
2.206550e+01 4.303711e-02 -3.555760e-02
2.206550e+01 4.647152e-02 -3.345229e-02
2.206550e+01 5.017999e-02 -3.090383e-02
2.206550e+01 5.418441e-02 -2.828993e-02
2.206550e+01 5.850838e-02 -2.615892e-02
2.206550e+01 6.317741e-02 -2.385787e-02
2.206550e+01 6.821903e-02 -2.137318e-02
2.206550e+01 7.366298e-02 -1.881207e-02
2.206550e+01 7.954136e-02 -1.729089e-02
2.206550e+01 8.588885e-02 -1.564831e-02
2.206550e+01 9.274286e-02 -1.387465e-02
2.206550e+01 1.001438e-01 -1.195945e-02
2.206550e+01 1.081354e-01 -1.089903e-02
2.206550e+01 1.167647e-01 -1.023472e-02
2.206550e+01 1.260827e-01 -9.517405e-03
2.206550e+01 1.361442e-01 -8.742844e-03
2.206550e+01 1.470087e-01 -7.942043e-03
2.206550e+01 1.587401e-01 -7.228864e-03
2.206550e+01 1.714077e-01 -6.458772e-03
2.206550e+01 1.850862e-01 -5.627227e-03
2.206550e+01 1.998563e-01 -4.729323e-03
2.206550e+01 2.158051e-01 -4.195174e-03
2.206550e+01 2.330265e-01 -3.705370e-03
2.206550e+01 2.516223e-01 -3.176479e-03
2.206550e+01 2.717020e-01 -2.605382e-03
2.206550e+01 2.933841e-01 -2.183731e-03
2.206550e+01 3.167964e-01 -1.976290e-03
2.206550e+01 3.420771e-01 -1.752294e-03
2.206550e+01 3.693752e-01 -1.510423e-03
2.206550e+01 3.988518e-01 -1.260170e-03
2.206550e+01 4.306805e-01 -1.143108e-03
2.206550e+01 4.650493e-01 -1.016705e-03
2.206550e+01 5.021607e-01 -8.802150e-04
2.206550e+01 5.422336e-01 -7.328328e-04
2.206550e+01 5.855044e-01 -6.426186e-04
2.206550e+01 6.322283e-01 -5.773270e-04
2.206550e+01 6.826808e-01 -5.068250e-04
2.206550e+01 7.371594e-01 -4.306968e-04
2.206550e+01 7.959855e-01 -3.632129e-04
2.206550e+01 8.595059e-01 -3.249791e-04
2.206550e+01 9.280954e-01 -2.836942e-04
2.206550e+01 1.002158e+00 -2.391147e-04
2.206550e+01 1.082132e+00 -1.909777e-04
2.206550e+01 1.168487e+00 -1.704330e-04
2.206550e+01 1.261733e+00 -1.509260e-04
2.206550e+01 1.362421e+00 -1.298624e-04
2.206550e+01 1.471144e+00 -1.071178e-04
2.206550e+01 1.588542e+00 -9.072787e-05
2.206550e+01 1.715310e+00 -8.018292e-05
2.206550e+01 1.852193e+00 -6.879647e-05
2.206550e+01 2.000000e+00 -5.650137e-05
2.252681e+01 1.000000e-03 -9.791141e-03
2.252681e+01 1.079801e-03 -1.050886e-02
2.252681e+01 1.165970e-03 -1.127337e-02
2.252681e+01 1.259016e-03 -1.208645e-02
2.252681e+01 1.359487e-03 -1.294965e-02
2.252681e+01 1.467975e-03 -1.386431e-02
2.252681e+01 1.585121e-03 -1.483147e-02
2.252681e+01 1.711615e-03 -1.585178e-02
2.252681e+01 1.848204e-03 -1.692549e-02
2.252681e+01 1.995693e-03 -1.805244e-02
2.252681e+01 2.154951e-03 -1.923195e-02
2.252681e+01 2.326918e-03 -2.046281e-02
2.252681e+01 2.512609e-03 -2.174321e-02
2.252681e+01 2.713117e-03 -2.307076e-02
2.252681e+01 2.929627e-03 -2.444232e-02
2.252681e+01 3.163414e-03 -2.585374e-02
2.252681e+01 3.415858e-03 -2.729974e-02
2.252681e+01 3.688447e-03 -2.877404e-02
2.252681e+01 3.982789e-03 -3.026875e-02
2.252681e+01 4.300619e-03 -3.177422e-02
2.252681e+01 4.643813e-03 -3.327953e-02
2.252681e+01 5.014394e-03 -3.477189e-02
2.252681e+01 5.414548e-03 -3.623665e-02
2.252681e+01 5.846635e-03 -3.765783e-02
2.252681e+01 6.313202e-03 -3.901691e-02
2.252681e+01 6.817002e-03 -4.029302e-02
2.252681e+01 7.361006e-03 -4.146425e-02
2.252681e+01 7.948422e-03 -4.250605e-02
2.252681e+01 8.582714e-03 -4.339188e-02
2.252681e+01 9.267624e-03 -4.409531e-02
2.252681e+01 1.000719e-02 -4.458827e-02
2.252681e+01 1.080577e-02 -4.484230e-02
2.252681e+01 1.166809e-02 -4.483191e-02
2.252681e+01 1.259921e-02 -4.453451e-02
2.252681e+01 1.360464e-02 -4.393204e-02
2.252681e+01 1.469030e-02 -4.301391e-02
2.252681e+01 1.586261e-02 -4.178231e-02
2.252681e+01 1.712846e-02 -4.025161e-02
2.252681e+01 1.849533e-02 -3.844578e-02
2.252681e+01 1.997127e-02 -3.641691e-02
2.252681e+01 2.156500e-02 -3.423480e-02
2.252681e+01 2.328591e-02 -3.196688e-02
2.252681e+01 2.514415e-02 -2.970564e-02
2.252681e+01 2.715068e-02 -2.754979e-02
2.252681e+01 2.931733e-02 -2.557343e-02
2.252681e+01 3.165689e-02 -2.383090e-02
2.252681e+01 3.418314e-02 -2.235490e-02
2.252681e+01 3.691099e-02 -2.112262e-02
2.252681e+01 3.985652e-02 -2.005945e-02
2.252681e+01 4.303711e-02 -1.904019e-02
2.252681e+01 4.647152e-02 -1.791286e-02
2.252681e+01 5.017999e-02 -1.654822e-02
2.252681e+01 5.418441e-02 -1.514868e-02
2.252681e+01 5.850838e-02 -1.400797e-02
2.252681e+01 6.317741e-02 -1.277624e-02
2.252681e+01 6.821903e-02 -1.144620e-02
2.252681e+01 7.366298e-02 -1.007991e-02
2.252681e+01 7.954136e-02 -9.318163e-03
2.252681e+01 8.588885e-02 -8.495625e-03
2.252681e+01 9.274286e-02 -7.607449e-03
2.252681e+01 1.001438e-01 -6.648394e-03
2.252681e+01 1.081354e-01 -6.087176e-03
2.252681e+01 1.167647e-01 -5.707494e-03
2.252681e+01 1.260827e-01 -5.297513e-03
2.252681e+01 1.361442e-01 -4.854815e-03
2.252681e+01 1.470087e-01 -4.400651e-03
2.252681e+01 1.587401e-01 -4.011888e-03
2.252681e+01 1.714077e-01 -3.592102e-03
2.252681e+01 1.850862e-01 -3.138816e-03
2.252681e+01 1.998563e-01 -2.649358e-03
2.252681e+01 2.158051e-01 -2.353416e-03
2.252681e+01 2.330265e-01 -2.080313e-03
2.252681e+01 2.516223e-01 -1.785417e-03
2.252681e+01 2.717020e-01 -1.466987e-03
2.252681e+01 2.933841e-01 -1.232005e-03
2.252681e+01 3.167964e-01 -1.116624e-03
2.252681e+01 3.420771e-01 -9.920353e-04
2.252681e+01 3.693752e-01 -8.575041e-04
2.252681e+01 3.988518e-01 -7.183324e-04
2.252681e+01 4.306805e-01 -6.535501e-04
2.252681e+01 4.650493e-01 -5.835981e-04
2.252681e+01 5.021607e-01 -5.080638e-04
2.252681e+01 5.422336e-01 -4.265019e-04
2.252681e+01 5.855044e-01 -3.752114e-04
2.252681e+01 6.322283e-01 -3.369677e-04
2.252681e+01 6.826808e-01 -2.956722e-04
2.252681e+01 7.371594e-01 -2.510812e-04
2.252681e+01 7.959855e-01 -2.116846e-04
2.252681e+01 8.595059e-01 -1.897401e-04
2.252681e+01 9.280954e-01 -1.660444e-04
2.252681e+01 1.002158e+00 -1.404577e-04
2.252681e+01 1.082132e+00 -1.128292e-04
2.252681e+01 1.168487e+00 -1.008236e-04
2.252681e+01 1.261733e+00 -8.937834e-05
2.252681e+01 1.362421e+00 -7.701974e-05
2.252681e+01 1.471144e+00 -6.367491e-05
2.252681e+01 1.588542e+00 -5.406864e-05
2.252681e+01 1.715310e+00 -4.790143e-05
2.252681e+01 1.852193e+00 -4.124206e-05
2.252681e+01 2.000000e+00 -3.405127e-05
2.299735e+01 1.000000e-03 4.459136e-04
2.299735e+01 1.079801e-03 4.786113e-04
2.299735e+01 1.165970e-03 5.134430e-04
2.299735e+01 1.259016e-03 5.504901e-04
2.299735e+01 1.359487e-03 5.898234e-04
2.299735e+01 1.467975e-03 6.315046e-04
2.299735e+01 1.585121e-03 6.755809e-04
2.299735e+01 1.711615e-03 7.220816e-04
2.299735e+01 1.848204e-03 7.710190e-04
2.299735e+01 1.995693e-03 8.223847e-04
2.299735e+01 2.154951e-03 8.761474e-04
2.299735e+01 2.326918e-03 9.322505e-04
2.299735e+01 2.512609e-03 9.906116e-04
2.299735e+01 2.713117e-03 1.051120e-03
2.299735e+01 2.929627e-03 1.113632e-03
2.299735e+01 3.163414e-03 1.177958e-03
2.299735e+01 3.415858e-03 1.243859e-03
2.299735e+01 3.688447e-03 1.311050e-03
2.299735e+01 3.982789e-03 1.379169e-03
2.299735e+01 4.300619e-03 1.447779e-03
2.299735e+01 4.643813e-03 1.516382e-03
2.299735e+01 5.014394e-03 1.584394e-03
2.299735e+01 5.414548e-03 1.651148e-03
2.299735e+01 5.846635e-03 1.715916e-03
2.299735e+01 6.313202e-03 1.777853e-03
2.299735e+01 6.817002e-03 1.836009e-03
2.299735e+01 7.361006e-03 1.889385e-03
2.299735e+01 7.948422e-03 1.936863e-03
2.299735e+01 8.582714e-03 1.977233e-03
2.299735e+01 9.267624e-03 2.009291e-03
2.299735e+01 1.000719e-02 2.031758e-03
2.299735e+01 1.080577e-02 2.043337e-03
2.299735e+01 1.166809e-02 2.042867e-03
2.299735e+01 1.259921e-02 2.029319e-03
2.299735e+01 1.360464e-02 2.001869e-03
2.299735e+01 1.469030e-02 1.960035e-03
2.299735e+01 1.586261e-02 1.903915e-03
2.299735e+01 1.712846e-02 1.834167e-03
2.299735e+01 1.849533e-02 1.751881e-03
2.299735e+01 1.997127e-02 1.659432e-03
2.299735e+01 2.156500e-02 1.560000e-03
2.299735e+01 2.328591e-02 1.456657e-03
2.299735e+01 2.514415e-02 1.353618e-03
2.299735e+01 2.715068e-02 1.255381e-03
2.299735e+01 2.931733e-02 1.165323e-03
2.299735e+01 3.165689e-02 1.085921e-03
2.299735e+01 3.418314e-02 1.018663e-03
2.299735e+01 3.691099e-02 9.625105e-04
2.299735e+01 3.985652e-02 9.140643e-04
2.299735e+01 4.303711e-02 8.676189e-04
2.299735e+01 4.647152e-02 8.162487e-04
2.299735e+01 5.017999e-02 7.540654e-04
2.299735e+01 5.418441e-02 6.969993e-04
2.299735e+01 5.850838e-02 6.636969e-04
2.299735e+01 6.317741e-02 6.277369e-04
2.299735e+01 6.821903e-02 5.889072e-04
2.299735e+01 7.366298e-02 5.465140e-04
2.299735e+01 7.954136e-02 4.959907e-04
2.299735e+01 8.588885e-02 4.414357e-04
2.299735e+01 9.274286e-02 3.825271e-04
2.299735e+01 1.001438e-01 3.189175e-04
2.299735e+01 1.081354e-01 2.823213e-04
2.299735e+01 1.167647e-01 2.581147e-04
2.299735e+01 1.260827e-01 2.319763e-04
2.299735e+01 1.361442e-01 2.037520e-04
2.299735e+01 1.470087e-01 1.762382e-04
2.299735e+01 1.587401e-01 1.591496e-04
2.299735e+01 1.714077e-01 1.406973e-04
2.299735e+01 1.850862e-01 1.207725e-04
2.299735e+01 1.998563e-01 9.925764e-05
2.299735e+01 2.158051e-01 8.808896e-05
2.299735e+01 2.330265e-01 7.843852e-05
2.299735e+01 2.516223e-01 6.801797e-05
2.299735e+01 2.717020e-01 5.676585e-05
2.299735e+01 2.933841e-01 4.803440e-05
2.299735e+01 3.167964e-01 4.295099e-05
2.299735e+01 3.420771e-01 3.746191e-05
2.299735e+01 3.693752e-01 3.153481e-05
2.299735e+01 3.988518e-01 2.542328e-05
2.299735e+01 4.306805e-01 2.287182e-05
2.299735e+01 4.650493e-01 2.011675e-05
2.299735e+01 5.021607e-01 1.714182e-05
2.299735e+01 5.422336e-01 1.392949e-05
2.299735e+01 5.855044e-01 1.195699e-05
2.299735e+01 6.322283e-01 1.052432e-05
2.299735e+01 6.826808e-01 8.977317e-06
2.299735e+01 7.371594e-01 7.306864e-06
2.299735e+01 7.959855e-01 5.855008e-06
2.299735e+01 8.595059e-01 5.115343e-06
2.299735e+01 9.280954e-01 4.316652e-06
2.299735e+01 1.002158e+00 3.454224e-06
2.299735e+01 1.082132e+00 2.522973e-06
2.299735e+01 1.168487e+00 2.141504e-06
2.299735e+01 1.261733e+00 1.782747e-06
2.299735e+01 1.362421e+00 1.395361e-06
2.299735e+01 1.471144e+00 9.770608e-07
2.299735e+01 1.588542e+00 7.084104e-07
2.299735e+01 1.715310e+00 5.785719e-07
2.299735e+01 1.852193e+00 4.383721e-07
2.299735e+01 2.000000e+00 2.869841e-07
2.347730e+01 1.000000e-03 4.180025e-04
2.347730e+01 1.079801e-03 4.486640e-04
2.347730e+01 1.165970e-03 4.813287e-04
2.347730e+01 1.259016e-03 5.160733e-04
2.347730e+01 1.359487e-03 5.529643e-04
2.347730e+01 1.467975e-03 5.920603e-04
2.347730e+01 1.585121e-03 6.334054e-04
2.347730e+01 1.711615e-03 6.770274e-04
2.347730e+01 1.848204e-03 7.229376e-04
2.347730e+01 1.995693e-03 7.711279e-04
2.347730e+01 2.154951e-03 8.215683e-04
2.347730e+01 2.326918e-03 8.742049e-04
2.347730e+01 2.512609e-03 9.289593e-04
2.347730e+01 2.713117e-03 9.857270e-04
2.347730e+01 2.929627e-03 1.044373e-03
2.347730e+01 3.163414e-03 1.104718e-03
2.347730e+01 3.415858e-03 1.166539e-03
2.347730e+01 3.688447e-03 1.229568e-03
2.347730e+01 3.982789e-03 1.293469e-03
2.347730e+01 4.300619e-03 1.357830e-03
2.347730e+01 4.643813e-03 1.422184e-03
2.347730e+01 5.014394e-03 1.485984e-03
2.347730e+01 5.414548e-03 1.548603e-03
2.347730e+01 5.846635e-03 1.609359e-03
2.347730e+01 6.313202e-03 1.667458e-03
2.347730e+01 6.817002e-03 1.722011e-03
2.347730e+01 7.361006e-03 1.772080e-03
2.347730e+01 7.948422e-03 1.816616e-03
2.347730e+01 8.582714e-03 1.854486e-03
2.347730e+01 9.267624e-03 1.884559e-03
2.347730e+01 1.000719e-02 1.905635e-03
2.347730e+01 1.080577e-02 1.916500e-03
2.347730e+01 1.166809e-02 1.916063e-03
2.347730e+01 1.259921e-02 1.903359e-03
2.347730e+01 1.360464e-02 1.877616e-03
2.347730e+01 1.469030e-02 1.838380e-03
2.347730e+01 1.586261e-02 1.785746e-03
2.347730e+01 1.712846e-02 1.720327e-03
2.347730e+01 1.849533e-02 1.643150e-03
2.347730e+01 1.997127e-02 1.556440e-03
2.347730e+01 2.156500e-02 1.463181e-03
2.347730e+01 2.328591e-02 1.366253e-03
2.347730e+01 2.514415e-02 1.269609e-03
2.347730e+01 2.715068e-02 1.177470e-03
2.347730e+01 2.931733e-02 1.093002e-03
2.347730e+01 3.165689e-02 1.018527e-03
2.347730e+01 3.418314e-02 9.554431e-04
2.347730e+01 3.691099e-02 9.027759e-04
2.347730e+01 3.985652e-02 8.573363e-04
2.347730e+01 4.303711e-02 8.137733e-04
2.347730e+01 4.647152e-02 7.655913e-04
2.347730e+01 5.017999e-02 7.072672e-04
2.347730e+01 5.418441e-02 6.537685e-04
2.347730e+01 5.850838e-02 6.226045e-04
2.347730e+01 6.317741e-02 5.889536e-04
2.347730e+01 6.821903e-02 5.526173e-04
2.347730e+01 7.366298e-02 5.129324e-04
2.347730e+01 7.954136e-02 4.654972e-04
2.347730e+01 8.588885e-02 4.142765e-04
2.347730e+01 9.274286e-02 3.589683e-04
2.347730e+01 1.001438e-01 2.992465e-04
2.347730e+01 1.081354e-01 2.649151e-04
2.347730e+01 1.167647e-01 2.422314e-04
2.347730e+01 1.260827e-01 2.177376e-04
2.347730e+01 1.361442e-01 1.912891e-04
2.347730e+01 1.470087e-01 1.655069e-04
2.347730e+01 1.587401e-01 1.494958e-04
2.347730e+01 1.714077e-01 1.322070e-04
2.347730e+01 1.850862e-01 1.135386e-04
2.347730e+01 1.998563e-01 9.338041e-05
2.347730e+01 2.158051e-01 8.292130e-05
2.347730e+01 2.330265e-01 7.388618e-05
2.347730e+01 2.516223e-01 6.413006e-05
2.347730e+01 2.717020e-01 5.359538e-05
2.347730e+01 2.933841e-01 4.541564e-05
2.347730e+01 3.167964e-01 4.064456e-05
2.347730e+01 3.420771e-01 3.549274e-05
2.347730e+01 3.693752e-01 2.992980e-05
2.347730e+01 3.988518e-01 2.419282e-05
2.347730e+01 4.306805e-01 2.178371e-05
2.347730e+01 4.650493e-01 1.918235e-05
2.347730e+01 5.021607e-01 1.637340e-05
2.347730e+01 5.422336e-01 1.334030e-05
2.347730e+01 5.855044e-01 1.146920e-05
2.347730e+01 6.322283e-01 1.010308e-05
2.347730e+01 6.826808e-01 8.627949e-06
2.347730e+01 7.371594e-01 7.035099e-06
2.347730e+01 7.959855e-01 5.649315e-06
2.347730e+01 8.595059e-01 4.939285e-06
2.347730e+01 9.280954e-01 4.172593e-06
2.347730e+01 1.002158e+00 3.344720e-06
2.347730e+01 1.082132e+00 2.450780e-06
2.347730e+01 1.168487e+00 2.082584e-06
2.347730e+01 1.261733e+00 1.735858e-06
2.347730e+01 1.362421e+00 1.361463e-06
2.347730e+01 1.471144e+00 9.571913e-07
2.347730e+01 1.588542e+00 6.967951e-07
2.347730e+01 1.715310e+00 5.698339e-07
2.347730e+01 1.852193e+00 4.327411e-07
2.347730e+01 2.000000e+00 2.847082e-07
2.396684e+01 1.000000e-03 3.905883e-04
2.396684e+01 1.079801e-03 4.192489e-04
2.396684e+01 1.165970e-03 4.497837e-04
2.396684e+01 1.259016e-03 4.822649e-04
2.396684e+01 1.359487e-03 5.167552e-04
2.396684e+01 1.467975e-03 5.533094e-04
2.396684e+01 1.585121e-03 5.919692e-04
2.396684e+01 1.711615e-03 6.327605e-04
2.396684e+01 1.848204e-03 6.756939e-04
2.396684e+01 1.995693e-03 7.207616e-04
2.396684e+01 2.154951e-03 7.679349e-04
2.396684e+01 2.326918e-03 8.171626e-04
2.396684e+01 2.512609e-03 8.683706e-04
2.396684e+01 2.713117e-03 9.214604e-04
2.396684e+01 2.929627e-03 9.763045e-04
2.396684e+01 3.163414e-03 1.032736e-03
2.396684e+01 3.415858e-03 1.090545e-03
2.396684e+01 3.688447e-03 1.149484e-03
2.396684e+01 3.982789e-03 1.209238e-03
2.396684e+01 4.300619e-03 1.269421e-03
2.396684e+01 4.643813e-03 1.329598e-03
2.396684e+01 5.014394e-03 1.389257e-03
2.396684e+01 5.414548e-03 1.447811e-03
2.396684e+01 5.846635e-03 1.504622e-03
2.396684e+01 6.313202e-03 1.558949e-03
2.396684e+01 6.817002e-03 1.609960e-03
2.396684e+01 7.361006e-03 1.656777e-03
2.396684e+01 7.948422e-03 1.698423e-03
2.396684e+01 8.582714e-03 1.733834e-03
2.396684e+01 9.267624e-03 1.761955e-03
2.396684e+01 1.000719e-02 1.781664e-03
2.396684e+01 1.080577e-02 1.791825e-03
2.396684e+01 1.166809e-02 1.791421e-03
2.396684e+01 1.259921e-02 1.779547e-03
2.396684e+01 1.360464e-02 1.755481e-03
2.396684e+01 1.469030e-02 1.718800e-03
2.396684e+01 1.586261e-02 1.669590e-03
2.396684e+01 1.712846e-02 1.608429e-03
2.396684e+01 1.849533e-02 1.536273e-03
2.396684e+01 1.997127e-02 1.455204e-03
2.396684e+01 2.156500e-02 1.368012e-03
2.396684e+01 2.328591e-02 1.277389e-03
2.396684e+01 2.514415e-02 1.187032e-03
2.396684e+01 2.715068e-02 1.100886e-03
2.396684e+01 2.931733e-02 1.021912e-03
2.396684e+01 3.165689e-02 9.522816e-04
2.396684e+01 3.418314e-02 8.933010e-04
2.396684e+01 3.691099e-02 8.440592e-04
2.396684e+01 3.985652e-02 8.015750e-04
2.396684e+01 4.303711e-02 7.608453e-04
2.396684e+01 4.647152e-02 7.157971e-04
2.396684e+01 5.017999e-02 6.612665e-04
2.396684e+01 5.418441e-02 6.112734e-04
2.396684e+01 5.850838e-02 5.822087e-04
2.396684e+01 6.317741e-02 5.508245e-04
2.396684e+01 6.821903e-02 5.169359e-04
2.396684e+01 7.366298e-02 4.799110e-04
2.396684e+01 7.954136e-02 4.355217e-04
2.396684e+01 8.588885e-02 3.875902e-04
2.396684e+01 9.274286e-02 3.358336e-04
2.396684e+01 1.001438e-01 2.799468e-04
2.396684e+01 1.081354e-01 2.478448e-04
2.396684e+01 1.167647e-01 2.266565e-04
2.396684e+01 1.260827e-01 2.037774e-04
2.396684e+01 1.361442e-01 1.790725e-04
2.396684e+01 1.470087e-01 1.549901e-04
2.396684e+01 1.587401e-01 1.400361e-04
2.396684e+01 1.714077e-01 1.238888e-04
2.396684e+01 1.850862e-01 1.064528e-04
2.396684e+01 1.998563e-01 8.762549e-05
2.396684e+01 2.158051e-01 7.786042e-05
2.396684e+01 2.330265e-01 6.942633e-05
2.396684e+01 2.516223e-01 6.031918e-05
2.396684e+01 2.717020e-01 5.048528e-05
2.396684e+01 2.933841e-01 4.284344e-05
2.396684e+01 3.167964e-01 3.837512e-05
2.396684e+01 3.420771e-01 3.355022e-05
2.396684e+01 3.693752e-01 2.834028e-05
2.396684e+01 3.988518e-01 2.296653e-05
2.396684e+01 4.306805e-01 2.069781e-05
2.396684e+01 4.650493e-01 1.824803e-05
2.396684e+01 5.021607e-01 1.560277e-05
2.396684e+01 5.422336e-01 1.274640e-05
2.396684e+01 5.855044e-01 1.097576e-05
2.396684e+01 6.322283e-01 9.676003e-06
2.396684e+01 6.826808e-01 8.272519e-06
2.396684e+01 7.371594e-01 6.757037e-06
2.396684e+01 7.959855e-01 5.437330e-06
2.396684e+01 8.595059e-01 4.757560e-06
2.396684e+01 9.280954e-01 4.023543e-06
2.396684e+01 1.002158e+00 3.230951e-06
2.396684e+01 1.082132e+00 2.375109e-06
2.396684e+01 1.168487e+00 2.020698e-06
2.396684e+01 1.261733e+00 1.686528e-06
2.396684e+01 1.362421e+00 1.325692e-06
2.396684e+01 1.471144e+00 9.360599e-07
2.396684e+01 1.588542e+00 6.843213e-07
2.396684e+01 1.715310e+00 5.604479e-07
2.396684e+01 1.852193e+00 4.266892e-07
2.396684e+01 2.000000e+00 2.822565e-07
2.446618e+01 1.000000e-03 3.637987e-04
2.446618e+01 1.079801e-03 3.905026e-04
2.446618e+01 1.165970e-03 4.189548e-04
2.446618e+01 1.259016e-03 4.492226e-04
2.446618e+01 1.359487e-03 4.813647e-04
2.446618e+01 1.467975e-03 5.154328e-04
2.446618e+01 1.585121e-03 5.514657e-04
2.446618e+01 1.711615e-03 5.894878e-04
2.446618e+01 1.848204e-03 6.295088e-04
2.446618e+01 1.995693e-03 6.715214e-04
2.446618e+01 2.154951e-03 7.154981e-04
2.446618e+01 2.326918e-03 7.613906e-04
2.446618e+01 2.512609e-03 8.091292e-04
2.446618e+01 2.713117e-03 8.586210e-04
2.446618e+01 2.929627e-03 9.097463e-04
2.446618e+01 3.163414e-03 9.623492e-04
2.446618e+01 3.415858e-03 1.016235e-03
2.446618e+01 3.688447e-03 1.071173e-03
2.446618e+01 3.982789e-03 1.126870e-03
2.446618e+01 4.300619e-03 1.182967e-03
2.446618e+01 4.643813e-03 1.239058e-03
2.446618e+01 5.014394e-03 1.294666e-03
2.446618e+01 5.414548e-03 1.349245e-03
2.446618e+01 5.846635e-03 1.402197e-03
2.446618e+01 6.313202e-03 1.452835e-03
2.446618e+01 6.817002e-03 1.500380e-03
2.446618e+01 7.361006e-03 1.544018e-03
2.446618e+01 7.948422e-03 1.582835e-03
2.446618e+01 8.582714e-03 1.615841e-03
2.446618e+01 9.267624e-03 1.642053e-03
2.446618e+01 1.000719e-02 1.660426e-03
2.446618e+01 1.080577e-02 1.669899e-03
2.446618e+01 1.166809e-02 1.669525e-03
2.446618e+01 1.259921e-02 1.658462e-03
2.446618e+01 1.360464e-02 1.636037e-03
2.446618e+01 1.469030e-02 1.601854e-03
2.446618e+01 1.586261e-02 1.555994e-03
2.446618e+01 1.712846e-02 1.498995e-03
2.446618e+01 1.849533e-02 1.431749e-03
2.446618e+01 1.997127e-02 1.356198e-03
2.446618e+01 2.156500e-02 1.274939e-03
2.446618e+01 2.328591e-02 1.190483e-03
2.446618e+01 2.514415e-02 1.106274e-03
2.446618e+01 2.715068e-02 1.025989e-03
2.446618e+01 2.931733e-02 9.523885e-04
2.446618e+01 3.165689e-02 8.874953e-04
2.446618e+01 3.418314e-02 8.325274e-04
2.446618e+01 3.691099e-02 7.866356e-04
2.446618e+01 3.985652e-02 7.470417e-04
2.446618e+01 4.303711e-02 7.090830e-04
2.446618e+01 4.647152e-02 6.670995e-04
2.446618e+01 5.017999e-02 6.162789e-04
2.446618e+01 5.418441e-02 5.697170e-04
2.446618e+01 5.850838e-02 5.427130e-04
2.446618e+01 6.317741e-02 5.135541e-04
2.446618e+01 6.821903e-02 4.820683e-04
2.446618e+01 7.366298e-02 4.476525e-04
2.446618e+01 7.954136e-02 4.062296e-04
2.446618e+01 8.588885e-02 3.615010e-04
2.446618e+01 9.274286e-02 3.132031e-04
2.446618e+01 1.001438e-01 2.610509e-04
2.446618e+01 1.081354e-01 2.311281e-04
2.446618e+01 1.167647e-01 2.114085e-04
2.446618e+01 1.260827e-01 1.901153e-04
2.446618e+01 1.361442e-01 1.671229e-04
2.446618e+01 1.470087e-01 1.447096e-04
2.446618e+01 1.587401e-01 1.307903e-04
2.446618e+01 1.714077e-01 1.157603e-04
2.446618e+01 1.850862e-01 9.953080e-05
2.446618e+01 1.998563e-01 8.200620e-05
2.446618e+01 2.158051e-01 7.291793e-05
2.446618e+01 2.330265e-01 6.506885e-05
2.446618e+01 2.516223e-01 5.659341e-05
2.446618e+01 2.717020e-01 4.744162e-05
2.446618e+01 2.933841e-01 4.032387e-05
2.446618e+01 3.167964e-01 3.615144e-05
2.446618e+01 3.420771e-01 3.164606e-05
2.446618e+01 3.693752e-01 2.678113e-05
2.446618e+01 3.988518e-01 2.176222e-05
2.446618e+01 4.306805e-01 1.962835e-05
2.446618e+01 4.650493e-01 1.732419e-05
2.446618e+01 5.021607e-01 1.483616e-05
2.446618e+01 5.422336e-01 1.214959e-05
2.446618e+01 5.855044e-01 1.047704e-05
2.446618e+01 6.322283e-01 9.243477e-06
2.446618e+01 6.826808e-01 7.911474e-06
2.446618e+01 7.371594e-01 6.473175e-06
2.446618e+01 7.959855e-01 5.219526e-06
2.446618e+01 8.595059e-01 4.570410e-06
2.446618e+01 9.280954e-01 3.869493e-06
2.446618e+01 1.002158e+00 3.112642e-06
2.446618e+01 1.082132e+00 2.295393e-06
2.446618e+01 1.168487e+00 1.955460e-06
2.446618e+01 1.261733e+00 1.634608e-06
2.446618e+01 1.362421e+00 1.288151e-06
2.446618e+01 1.471144e+00 9.140461e-07
2.446618e+01 1.588542e+00 6.714413e-07
2.446618e+01 1.715310e+00 5.507481e-07
2.446618e+01 1.852193e+00 4.204234e-07
2.446618e+01 2.000000e+00 2.796987e-07
2.497550e+01 1.000000e-03 3.377231e-04
2.497550e+01 1.079801e-03 3.625216e-04
2.497550e+01 1.165970e-03 3.889452e-04
2.497550e+01 1.259016e-03 4.170570e-04
2.497550e+01 1.359487e-03 4.469118e-04
2.497550e+01 1.467975e-03 4.785576e-04
2.497550e+01 1.585121e-03 5.120311e-04
2.497550e+01 1.711615e-03 5.473547e-04
2.497550e+01 1.848204e-03 5.845378e-04
2.497550e+01 1.995693e-03 6.235730e-04
2.497550e+01 2.154951e-03 6.644347e-04
2.497550e+01 2.326918e-03 7.070770e-04
2.497550e+01 2.512609e-03 7.514347e-04
2.497550e+01 2.713117e-03 7.974206e-04
2.497550e+01 2.929627e-03 8.449226e-04
2.497550e+01 3.163414e-03 8.937954e-04
2.497550e+01 3.415858e-03 9.438587e-04
2.497550e+01 3.688447e-03 9.948983e-04
2.497550e+01 3.982789e-03 1.046642e-03
2.497550e+01 4.300619e-03 1.098758e-03
2.497550e+01 4.643813e-03 1.150869e-03
2.497550e+01 5.014394e-03 1.202530e-03
2.497550e+01 5.414548e-03 1.253236e-03
2.497550e+01 5.846635e-03 1.302430e-03
2.497550e+01 6.313202e-03 1.349472e-03
2.497550e+01 6.817002e-03 1.393642e-03
2.497550e+01 7.361006e-03 1.434182e-03
2.497550e+01 7.948422e-03 1.470243e-03
2.497550e+01 8.582714e-03 1.500907e-03
2.497550e+01 9.267624e-03 1.525260e-03
2.497550e+01 1.000719e-02 1.542329e-03
2.497550e+01 1.080577e-02 1.551132e-03
2.497550e+01 1.166809e-02 1.550788e-03
2.497550e+01 1.259921e-02 1.540515e-03
2.497550e+01 1.360464e-02 1.519687e-03
2.497550e+01 1.469030e-02 1.487937e-03
2.497550e+01 1.586261e-02 1.445339e-03
2.497550e+01 1.712846e-02 1.392395e-03
2.497550e+01 1.849533e-02 1.329933e-03
2.497550e+01 1.997127e-02 1.259756e-03
2.497550e+01 2.156500e-02 1.184277e-03
2.497550e+01 2.328591e-02 1.105827e-03
2.497550e+01 2.514415e-02 1.027608e-03
2.497550e+01 2.715068e-02 9.530322e-04
2.497550e+01 2.931733e-02 8.846652e-04
2.497550e+01 3.165689e-02 8.243867e-04
2.497550e+01 3.418314e-02 7.733276e-04
2.497550e+01 3.691099e-02 7.306992e-04
2.497550e+01 3.985652e-02 6.939207e-04
2.497550e+01 4.303711e-02 6.586611e-04
2.497550e+01 4.647152e-02 6.196631e-04
2.497550e+01 5.017999e-02 5.724563e-04
2.497550e+01 5.418441e-02 5.292309e-04
2.497550e+01 5.850838e-02 5.042182e-04
2.497550e+01 6.317741e-02 4.772094e-04
2.497550e+01 6.821903e-02 4.480452e-04
2.497550e+01 7.366298e-02 4.161542e-04
2.497550e+01 7.954136e-02 3.776388e-04
2.497550e+01 8.588885e-02 3.360497e-04
2.497550e+01 9.274286e-02 2.911419e-04
2.497550e+01 1.001438e-01 2.426503e-04
2.497550e+01 1.081354e-01 2.148554e-04
2.497550e+01 1.167647e-01 1.965632e-04
2.497550e+01 1.260827e-01 1.768111e-04
2.497550e+01 1.361442e-01 1.554829e-04
2.497550e+01 1.470087e-01 1.346918e-04
2.497550e+01 1.587401e-01 1.217805e-04
2.497550e+01 1.714077e-01 1.078389e-04
2.497550e+01 1.850862e-01 9.278465e-05
2.497550e+01 1.998563e-01 7.652910e-05
2.497550e+01 2.158051e-01 6.809805e-05
2.497550e+01 2.330265e-01 6.081621e-05
2.497550e+01 2.516223e-01 5.295328e-05
2.497550e+01 2.717020e-01 4.446287e-05
2.497550e+01 2.933841e-01 3.785309e-05
2.497550e+01 3.167964e-01 3.396711e-05
2.497550e+01 3.420771e-01 2.977102e-05
2.497550e+01 3.693752e-01 2.524008e-05
2.497550e+01 3.988518e-01 2.056478e-05
2.497550e+01 4.306805e-01 1.856305e-05
2.497550e+01 4.650493e-01 1.640158e-05
2.497550e+01 5.021607e-01 1.406762e-05
2.497550e+01 5.422336e-01 1.154741e-05
2.497550e+01 5.855044e-01 9.971483e-06
2.497550e+01 6.322283e-01 8.803567e-06
2.497550e+01 6.826808e-01 7.542450e-06
2.497550e+01 7.371594e-01 6.180695e-06
2.497550e+01 7.959855e-01 4.992946e-06
2.497550e+01 8.595059e-01 4.375573e-06
2.497550e+01 9.280954e-01 3.708932e-06
2.497550e+01 1.002158e+00 2.989093e-06
2.497550e+01 1.082132e+00 2.211810e-06
2.497550e+01 1.168487e+00 1.886860e-06
2.497550e+01 1.261733e+00 1.579786e-06
2.497550e+01 1.362421e+00 1.248207e-06
2.497550e+01 1.471144e+00 8.901682e-07
2.497550e+01 1.588542e+00 6.571759e-07
2.497550e+01 1.715310e+00 5.400897e-07
2.497550e+01 1.852193e+00 4.136599e-07
2.497550e+01 2.000000e+00 2.771408e-07
2.549501e+01 1.000000e-03 3.123365e-04
2.549501e+01 1.079801e-03 3.352789e-04
2.549501e+01 1.165970e-03 3.597263e-04
2.549501e+01 1.259016e-03 3.857374e-04
2.549501e+01 1.359487e-03 4.133633e-04
2.549501e+01 1.467975e-03 4.426487e-04
2.549501e+01 1.585121e-03 4.736277e-04
2.549501e+01 1.711615e-03 5.063212e-04
2.549501e+01 1.848204e-03 5.407379e-04
2.549501e+01 1.995693e-03 5.768708e-04
2.549501e+01 2.154951e-03 6.146958e-04
2.549501e+01 2.326918e-03 6.541700e-04
2.549501e+01 2.512609e-03 6.952320e-04
2.549501e+01 2.713117e-03 7.378007e-04
2.549501e+01 2.929627e-03 7.817712e-04
2.549501e+01 3.163414e-03 8.270088e-04
2.549501e+01 3.415858e-03 8.733467e-04
2.549501e+01 3.688447e-03 9.205873e-04
2.549501e+01 3.982789e-03 9.684793e-04
2.549501e+01 4.300619e-03 1.016715e-03
2.549501e+01 4.643813e-03 1.064946e-03
2.549501e+01 5.014394e-03 1.112762e-03
2.549501e+01 5.414548e-03 1.159692e-03
2.549501e+01 5.846635e-03 1.205224e-03
2.549501e+01 6.313202e-03 1.248763e-03
2.549501e+01 6.817002e-03 1.289643e-03
2.549501e+01 7.361006e-03 1.327164e-03
2.549501e+01 7.948422e-03 1.360540e-03
2.549501e+01 8.582714e-03 1.388921e-03
2.549501e+01 9.267624e-03 1.411461e-03
2.549501e+01 1.000719e-02 1.427260e-03
2.549501e+01 1.080577e-02 1.435410e-03
2.549501e+01 1.166809e-02 1.435095e-03
2.549501e+01 1.259921e-02 1.425591e-03
2.549501e+01 1.360464e-02 1.406319e-03
2.549501e+01 1.469030e-02 1.376939e-03
2.549501e+01 1.586261e-02 1.337521e-03
2.549501e+01 1.712846e-02 1.288527e-03
2.549501e+01 1.849533e-02 1.230726e-03
2.549501e+01 1.997127e-02 1.165785e-03
2.549501e+01 2.156500e-02 1.095938e-03
2.549501e+01 2.328591e-02 1.023341e-03
2.549501e+01 2.514415e-02 9.509565e-04
2.549501e+01 2.715068e-02 8.819443e-04
2.549501e+01 2.931733e-02 8.186772e-04
2.549501e+01 3.165689e-02 7.628951e-04
2.549501e+01 3.418314e-02 7.156446e-04
2.549501e+01 3.691099e-02 6.761959e-04
2.549501e+01 3.985652e-02 6.421607e-04
2.549501e+01 4.303711e-02 6.095312e-04
2.549501e+01 4.647152e-02 5.734420e-04
2.549501e+01 5.017999e-02 5.297565e-04
2.549501e+01 5.418441e-02 4.897884e-04
2.549501e+01 5.850838e-02 4.667333e-04
2.549501e+01 6.317741e-02 4.418383e-04
2.549501e+01 6.821903e-02 4.149567e-04
2.549501e+01 7.366298e-02 3.855447e-04
2.549501e+01 7.954136e-02 3.498524e-04
2.549501e+01 8.588885e-02 3.113119e-04
2.549501e+01 9.274286e-02 2.696958e-04
2.549501e+01 1.001438e-01 2.247586e-04
2.549501e+01 1.081354e-01 1.990314e-04
2.549501e+01 1.167647e-01 1.821272e-04
2.549501e+01 1.260827e-01 1.638739e-04
2.549501e+01 1.361442e-01 1.441640e-04
2.549501e+01 1.470087e-01 1.249495e-04
2.549501e+01 1.587401e-01 1.130120e-04
2.549501e+01 1.714077e-01 1.001218e-04
2.549501e+01 1.850862e-01 8.620302e-05
2.549501e+01 1.998563e-01 7.117346e-05
2.549501e+01 2.158051e-01 6.338132e-05
2.549501e+01 2.330265e-01 5.665256e-05
2.549501e+01 2.516223e-01 4.938684e-05
2.549501e+01 2.717020e-01 4.154130e-05
2.549501e+01 2.933841e-01 3.542632e-05
2.549501e+01 3.167964e-01 3.181849e-05
2.549501e+01 3.420771e-01 2.792275e-05
2.549501e+01 3.693752e-01 2.371612e-05
2.549501e+01 3.988518e-01 1.937450e-05
2.549501e+01 4.306805e-01 1.750152e-05
2.549501e+01 4.650493e-01 1.547907e-05
2.549501e+01 5.021607e-01 1.329522e-05
2.549501e+01 5.422336e-01 1.093710e-05
2.549501e+01 5.855044e-01 9.456884e-06
2.549501e+01 6.322283e-01 8.355340e-06
2.549501e+01 6.826808e-01 7.165892e-06
2.549501e+01 7.371594e-01 5.881524e-06
2.549501e+01 7.959855e-01 4.760398e-06
2.549501e+01 8.595059e-01 4.175098e-06
2.549501e+01 9.280954e-01 3.543092e-06
2.549501e+01 1.002158e+00 2.860650e-06
2.549501e+01 1.082132e+00 2.123749e-06
2.549501e+01 1.168487e+00 1.814513e-06
2.549501e+01 1.261733e+00 1.522033e-06
2.549501e+01 1.362421e+00 1.206212e-06
2.549501e+01 1.471144e+00 8.651888e-07
2.549501e+01 1.588542e+00 6.423294e-07
2.549501e+01 1.715310e+00 5.289699e-07
2.549501e+01 1.852193e+00 4.065641e-07
2.549501e+01 2.000000e+00 2.743903e-07
2.602491e+01 1.000000e-03 2.876990e-04
2.602491e+01 1.079801e-03 3.088390e-04
2.602491e+01 1.165970e-03 3.313673e-04
2.602491e+01 1.259016e-03 3.553383e-04
2.602491e+01 1.359487e-03 3.807991e-04
2.602491e+01 1.467975e-03 4.077915e-04
2.602491e+01 1.585121e-03 4.363471e-04
2.602491e+01 1.711615e-03 4.664851e-04
2.602491e+01 1.848204e-03 4.982138e-04
2.602491e+01 1.995693e-03 5.315265e-04
2.602491e+01 2.154951e-03 5.664006e-04
2.602491e+01 2.326918e-03 6.027961e-04
2.602491e+01 2.512609e-03 6.406558e-04
2.602491e+01 2.713117e-03 6.799040e-04
2.602491e+01 2.929627e-03 7.204434e-04
2.602491e+01 3.163414e-03 7.621492e-04
2.602491e+01 3.415858e-03 8.048680e-04
2.602491e+01 3.688447e-03 8.484180e-04
2.602491e+01 3.982789e-03 8.925676e-04
2.602491e+01 4.300619e-03 9.370340e-04
2.602491e+01 4.643813e-03 9.814959e-04
2.602491e+01 5.014394e-03 1.025576e-03
2.602491e+01 5.414548e-03 1.068839e-03
2.602491e+01 5.846635e-03 1.110812e-03
2.602491e+01 6.313202e-03 1.150948e-03
2.602491e+01 6.817002e-03 1.188632e-03
2.602491e+01 7.361006e-03 1.223220e-03
2.602491e+01 7.948422e-03 1.253988e-03
2.602491e+01 8.582714e-03 1.280151e-03
2.602491e+01 9.267624e-03 1.300930e-03
2.602491e+01 1.000719e-02 1.315496e-03
2.602491e+01 1.080577e-02 1.323011e-03
2.602491e+01 1.166809e-02 1.322723e-03
2.602491e+01 1.259921e-02 1.313965e-03
2.602491e+01 1.360464e-02 1.296205e-03
2.602491e+01 1.469030e-02 1.269127e-03
2.602491e+01 1.586261e-02 1.232797e-03
2.602491e+01 1.712846e-02 1.187641e-03
2.602491e+01 1.849533e-02 1.134367e-03
2.602491e+01 1.997127e-02 1.074512e-03
2.602491e+01 2.156500e-02 1.010134e-03
2.602491e+01 2.328591e-02 9.432218e-04
2.602491e+01 2.514415e-02 8.765049e-04
2.602491e+01 2.715068e-02 8.128962e-04
2.602491e+01 2.931733e-02 7.545827e-04
2.602491e+01 3.165689e-02 7.031680e-04
2.602491e+01 3.418314e-02 6.596168e-04
2.602491e+01 3.691099e-02 6.232565e-04
2.602491e+01 3.985652e-02 5.918859e-04
2.602491e+01 4.303711e-02 5.618109e-04
2.602491e+01 4.647152e-02 5.285472e-04
2.602491e+01 5.017999e-02 4.882819e-04
2.602491e+01 5.418441e-02 4.514688e-04
2.602491e+01 5.850838e-02 4.302904e-04
2.602491e+01 6.317741e-02 4.074219e-04
2.602491e+01 6.821903e-02 3.827285e-04
2.602491e+01 7.366298e-02 3.556966e-04
2.602491e+01 7.954136e-02 3.227507e-04
2.602491e+01 8.588885e-02 2.871757e-04
2.602491e+01 9.274286e-02 2.487617e-04
2.602491e+01 1.001438e-01 2.072823e-04
2.602491e+01 1.081354e-01 1.835712e-04
2.602491e+01 1.167647e-01 1.680245e-04
2.602491e+01 1.260827e-01 1.512372e-04
2.602491e+01 1.361442e-01 1.331103e-04
2.602491e+01 1.470087e-01 1.154375e-04
2.602491e+01 1.587401e-01 1.044511e-04
2.602491e+01 1.714077e-01 9.258793e-05
2.602491e+01 1.850862e-01 7.977811e-05
2.602491e+01 1.998563e-01 6.594605e-05
2.602491e+01 2.158051e-01 5.877367e-05
2.602491e+01 2.330265e-01 5.257964e-05
2.602491e+01 2.516223e-01 4.589132e-05
2.602491e+01 2.717020e-01 3.866926e-05
2.602491e+01 2.933841e-01 3.303334e-05
2.602491e+01 3.167964e-01 2.969600e-05
2.602491e+01 3.420771e-01 2.609234e-05
2.602491e+01 3.693752e-01 2.220110e-05
2.602491e+01 3.988518e-01 1.818406e-05
2.602491e+01 4.306805e-01 1.643736e-05
2.602491e+01 4.650493e-01 1.455128e-05
2.602491e+01 5.021607e-01 1.251469e-05
2.602491e+01 5.422336e-01 1.031557e-05
2.602491e+01 5.855044e-01 8.930319e-06
2.602491e+01 6.322283e-01 7.895564e-06
2.602491e+01 6.826808e-01 6.778235e-06
2.602491e+01 7.371594e-01 5.571741e-06
2.602491e+01 7.959855e-01 4.517972e-06
2.602491e+01 8.595059e-01 3.966036e-06
2.602491e+01 9.280954e-01 3.370054e-06
2.602491e+01 1.002158e+00 2.726513e-06
2.602491e+01 1.082132e+00 2.031616e-06
2.602491e+01 1.168487e+00 1.738685e-06
2.602491e+01 1.261733e+00 1.461336e-06
2.602491e+01 1.362421e+00 1.161855e-06
2.602491e+01 1.471144e+00 8.384742e-07
2.602491e+01 1.588542e+00 6.262084e-07
2.602491e+01 1.715310e+00 5.168830e-07
2.602491e+01 1.852193e+00 3.988332e-07
2.602491e+01 2.000000e+00 2.713631e-07
2.656541e+01 1.000000e-03 2.637703e-04
2.656541e+01 1.079801e-03 2.831588e-04
2.656541e+01 1.165970e-03 3.038220e-04
2.656541e+01 1.259016e-03 3.258099e-04
2.656541e+01 1.359487e-03 3.491662e-04
2.656541e+01 1.467975e-03 3.739294e-04
2.656541e+01 1.585121e-03 4.001285e-04
2.656541e+01 1.711615e-03 4.277817e-04
2.656541e+01 1.848204e-03 4.568963e-04
2.656541e+01 1.995693e-03 4.874663e-04
2.656541e+01 2.154951e-03 5.194706e-04
2.656541e+01 2.326918e-03 5.528718e-04
2.656541e+01 2.512609e-03 5.876171e-04
2.656541e+01 2.713117e-03 6.236363e-04
2.656541e+01 2.929627e-03 6.608392e-04
2.656541e+01 3.163414e-03 6.991110e-04
2.656541e+01 3.415858e-03 7.383109e-04
2.656541e+01 3.688447e-03 7.782724e-04
2.656541e+01 3.982789e-03 8.187834e-04
2.656541e+01 4.300619e-03 8.595846e-04
2.656541e+01 4.643813e-03 9.003821e-04
2.656541e+01 5.014394e-03 9.408291e-04
2.656541e+01 5.414548e-03 9.805269e-04
2.656541e+01 5.846635e-03 1.019040e-03
2.656541e+01 6.313202e-03 1.055867e-03
2.656541e+01 6.817002e-03 1.090444e-03
2.656541e+01 7.361006e-03 1.122181e-03
2.656541e+01 7.948422e-03 1.150412e-03
2.656541e+01 8.582714e-03 1.174419e-03
2.656541e+01 9.267624e-03 1.193486e-03
2.656541e+01 1.000719e-02 1.206853e-03
2.656541e+01 1.080577e-02 1.213750e-03
2.656541e+01 1.166809e-02 1.213488e-03
2.656541e+01 1.259921e-02 1.205457e-03
2.656541e+01 1.360464e-02 1.189165e-03
2.656541e+01 1.469030e-02 1.164325e-03
2.656541e+01 1.586261e-02 1.130997e-03
2.656541e+01 1.712846e-02 1.089571e-03
2.656541e+01 1.849533e-02 1.040697e-03
2.656541e+01 1.997127e-02 9.857855e-04
2.656541e+01 2.156500e-02 9.267247e-04
2.656541e+01 2.328591e-02 8.653385e-04
2.656541e+01 2.514415e-02 8.041311e-04
2.656541e+01 2.715068e-02 7.457750e-04
2.656541e+01 2.931733e-02 6.922768e-04
2.656541e+01 3.165689e-02 6.451076e-04
2.656541e+01 3.418314e-02 6.051525e-04
2.656541e+01 3.691099e-02 5.717945e-04
2.656541e+01 3.985652e-02 5.430141e-04
2.656541e+01 4.303711e-02 5.154224e-04
2.656541e+01 4.647152e-02 4.849053e-04
2.656541e+01 5.017999e-02 4.479647e-04
2.656541e+01 5.418441e-02 4.142135e-04
2.656541e+01 5.850838e-02 3.948455e-04
2.656541e+01 6.317741e-02 3.739320e-04
2.656541e+01 6.821903e-02 3.513495e-04
2.656541e+01 7.366298e-02 3.266166e-04
2.656541e+01 7.954136e-02 2.963537e-04
2.656541e+01 8.588885e-02 2.636757e-04
2.656541e+01 9.274286e-02 2.283900e-04
2.656541e+01 1.001438e-01 1.902885e-04
2.656541e+01 1.081354e-01 1.685400e-04
2.656541e+01 1.167647e-01 1.543087e-04
2.656541e+01 1.260827e-01 1.389417e-04
2.656541e+01 1.361442e-01 1.223485e-04
2.656541e+01 1.470087e-01 1.061704e-04
2.656541e+01 1.587401e-01 9.611043e-05
2.656541e+01 1.714077e-01 8.524771e-05
2.656541e+01 1.850862e-01 7.351813e-05
2.656541e+01 1.998563e-01 6.085251e-05
2.656541e+01 2.158051e-01 5.427858e-05
2.656541e+01 2.330265e-01 4.859870e-05
2.656541e+01 2.516223e-01 4.246556e-05
2.656541e+01 2.717020e-01 3.584299e-05
2.656541e+01 2.933841e-01 3.066933e-05
2.656541e+01 3.167964e-01 2.759596e-05
2.656541e+01 3.420771e-01 2.427732e-05
2.656541e+01 3.693752e-01 2.069385e-05
2.656541e+01 3.988518e-01 1.699360e-05
2.656541e+01 4.306805e-01 1.537114e-05
2.656541e+01 4.650493e-01 1.361919e-05
2.656541e+01 5.021607e-01 1.172745e-05
2.656541e+01 5.422336e-01 9.684735e-06
2.656541e+01 5.855044e-01 8.393821e-06
2.656541e+01 6.322283e-01 7.426200e-06
2.656541e+01 6.826808e-01 6.381361e-06
2.656541e+01 7.371594e-01 5.253143e-06
2.656541e+01 7.959855e-01 4.267269e-06
2.656541e+01 8.595059e-01 3.749518e-06
2.656541e+01 9.280954e-01 3.190451e-06
2.656541e+01 1.002158e+00 2.586769e-06
2.656541e+01 1.082132e+00 1.934913e-06
2.656541e+01 1.168487e+00 1.658878e-06
2.656541e+01 1.261733e+00 1.397255e-06
2.656541e+01 1.362421e+00 1.114754e-06
2.656541e+01 1.471144e+00 8.097091e-07
2.656541e+01 1.588542e+00 6.085396e-07
2.656541e+01 1.715310e+00 5.035768e-07
2.656541e+01 1.852193e+00 3.902379e-07
2.656541e+01 2.000000e+00 2.678544e-07
2.711672e+01 1.000000e-03 2.406068e-04
2.711672e+01 1.079801e-03 2.582989e-04
2.711672e+01 1.165970e-03 2.771553e-04
2.711672e+01 1.259016e-03 2.972221e-04
2.711672e+01 1.359487e-03 3.185393e-04
2.711672e+01 1.467975e-03 3.411424e-04
2.711672e+01 1.585121e-03 3.650581e-04
2.711672e+01 1.711615e-03 3.903030e-04
2.711672e+01 1.848204e-03 4.168839e-04
2.711672e+01 1.995693e-03 4.447953e-04
2.711672e+01 2.154951e-03 4.740175e-04
2.711672e+01 2.326918e-03 5.045163e-04
2.711672e+01 2.512609e-03 5.362426e-04
2.711672e+01 2.713117e-03 5.691319e-04
2.711672e+01 2.929627e-03 6.031009e-04
2.711672e+01 3.163414e-03 6.380445e-04
2.711672e+01 3.415858e-03 6.738342e-04
2.711672e+01 3.688447e-03 7.103180e-04
2.711672e+01 3.982789e-03 7.473027e-04
2.711672e+01 4.300619e-03 7.845521e-04
2.711672e+01 4.643813e-03 8.217983e-04
2.711672e+01 5.014394e-03 8.587248e-04
2.711672e+01 5.414548e-03 8.949673e-04
2.711672e+01 5.846635e-03 9.301278e-04
2.711672e+01 6.313202e-03 9.637480e-04
2.711672e+01 6.817002e-03 9.953144e-04
2.711672e+01 7.361006e-03 1.024287e-03
2.711672e+01 7.948422e-03 1.050061e-03
2.711672e+01 8.582714e-03 1.071979e-03
2.711672e+01 9.267624e-03 1.089387e-03
2.711672e+01 1.000719e-02 1.101591e-03
2.711672e+01 1.080577e-02 1.107889e-03
2.711672e+01 1.166809e-02 1.107653e-03
2.711672e+01 1.259921e-02 1.100324e-03
2.711672e+01 1.360464e-02 1.085455e-03
2.711672e+01 1.469030e-02 1.062783e-03
2.711672e+01 1.586261e-02 1.032363e-03
2.711672e+01 1.712846e-02 9.945514e-04
2.711672e+01 1.849533e-02 9.499411e-04
2.711672e+01 1.997127e-02 8.998190e-04
2.711672e+01 2.156500e-02 8.459095e-04
2.711672e+01 2.328591e-02 7.898772e-04
2.711672e+01 2.514415e-02 7.340079e-04
2.711672e+01 2.715068e-02 6.807412e-04
2.711672e+01 2.931733e-02 6.319084e-04
2.711672e+01 3.165689e-02 5.888527e-04
2.711672e+01 3.418314e-02 5.523818e-04
2.711672e+01 3.691099e-02 5.219327e-04
2.711672e+01 3.985652e-02 4.956621e-04
2.711672e+01 4.303711e-02 4.704764e-04
2.711672e+01 4.647152e-02 4.426205e-04
2.711672e+01 5.017999e-02 4.089013e-04
2.711672e+01 5.418441e-02 3.781058e-04
2.711672e+01 5.850838e-02 3.604617e-04
2.711672e+01 6.317741e-02 3.414095e-04
2.711672e+01 6.821903e-02 3.208369e-04
2.711672e+01 7.366298e-02 2.982995e-04
2.711672e+01 7.954136e-02 2.706635e-04
2.711672e+01 8.588885e-02 2.408222e-04
2.711672e+01 9.274286e-02 2.085994e-04
2.711672e+01 1.001438e-01 1.738053e-04
2.711672e+01 1.081354e-01 1.539625e-04
2.711672e+01 1.167647e-01 1.409942e-04
2.711672e+01 1.260827e-01 1.269910e-04
2.711672e+01 1.361442e-01 1.118704e-04
2.711672e+01 1.470087e-01 9.712970e-05
2.711672e+01 1.587401e-01 8.797108e-05
2.711672e+01 1.714077e-01 7.808160e-05
2.711672e+01 1.850862e-01 6.740292e-05
2.711672e+01 1.998563e-01 5.587207e-05
2.711672e+01 2.158051e-01 4.988014e-05
2.711672e+01 2.330265e-01 4.470020e-05
2.711672e+01 2.516223e-01 3.910690e-05
2.711672e+01 2.717020e-01 3.306726e-05
2.711672e+01 2.933841e-01 2.834178e-05
2.711672e+01 3.167964e-01 2.552198e-05
2.711672e+01 3.420771e-01 2.247716e-05
2.711672e+01 3.693752e-01 1.918936e-05
2.711672e+01 3.988518e-01 1.579372e-05
2.711672e+01 4.306805e-01 1.429474e-05
2.711672e+01 4.650493e-01 1.267613e-05
2.711672e+01 5.021607e-01 1.092836e-05
2.711672e+01 5.422336e-01 9.041108e-06
2.711672e+01 5.855044e-01 7.844740e-06
2.711672e+01 6.322283e-01 6.945038e-06
2.711672e+01 6.826808e-01 5.973539e-06
2.711672e+01 7.371594e-01 4.924513e-06
2.711672e+01 7.959855e-01 4.007485e-06
2.711672e+01 8.595059e-01 3.524860e-06
2.711672e+01 9.280954e-01 3.003720e-06
2.711672e+01 1.002158e+00 2.440993e-06
2.711672e+01 1.082132e+00 1.833361e-06
2.711672e+01 1.168487e+00 1.574868e-06
2.711672e+01 1.261733e+00 1.329613e-06
2.711672e+01 1.362421e+00 1.064786e-06
2.711672e+01 1.471144e+00 7.788266e-07
2.711672e+01 1.588542e+00 5.892491e-07
2.711672e+01 1.715310e+00 4.889093e-07
2.711672e+01 1.852193e+00 3.805623e-07
2.711672e+01 2.000000e+00 2.635691e-07
2.767905e+01 1.000000e-03 2.181098e-04
2.767905e+01 1.079801e-03 2.341533e-04
2.767905e+01 1.165970e-03 2.512538e-04
2.767905e+01 1.259016e-03 2.694532e-04
2.767905e+01 1.359487e-03 2.887882e-04
2.767905e+01 1.467975e-03 3.092911e-04
2.767905e+01 1.585121e-03 3.309865e-04
2.767905e+01 1.711615e-03 3.538893e-04
2.767905e+01 1.848204e-03 3.780061e-04
2.767905e+01 1.995693e-03 4.033317e-04
2.767905e+01 2.154951e-03 4.298480e-04
2.767905e+01 2.326918e-03 4.575235e-04
2.767905e+01 2.512609e-03 4.863134e-04
2.767905e+01 2.713117e-03 5.161584e-04
2.767905e+01 2.929627e-03 5.469823e-04
2.767905e+01 3.163414e-03 5.786892e-04
2.767905e+01 3.415858e-03 6.111627e-04
2.767905e+01 3.688447e-03 6.442648e-04
2.767905e+01 3.982789e-03 6.778205e-04
2.767905e+01 4.300619e-03 7.116160e-04
2.767905e+01 4.643813e-03 7.454088e-04
2.767905e+01 5.014394e-03 7.789120e-04
2.767905e+01 5.414548e-03 8.117945e-04
2.767905e+01 5.846635e-03 8.436948e-04
2.767905e+01 6.313202e-03 8.741971e-04
2.767905e+01 6.817002e-03 9.028358e-04
2.767905e+01 7.361006e-03 9.291219e-04
2.767905e+01 7.948422e-03 9.525058e-04
2.767905e+01 8.582714e-03 9.723915e-04
2.767905e+01 9.267624e-03 9.881858e-04
2.767905e+01 1.000719e-02 9.992595e-04
2.767905e+01 1.080577e-02 1.004975e-03
2.767905e+01 1.166809e-02 1.004764e-03
2.767905e+01 1.259921e-02 9.981175e-04
2.767905e+01 1.360464e-02 9.846315e-04
2.767905e+01 1.469030e-02 9.640673e-04
2.767905e+01 1.586261e-02 9.364742e-04
2.767905e+01 1.712846e-02 9.021759e-04
2.767905e+01 1.849533e-02 8.617102e-04
2.767905e+01 1.997127e-02 8.162444e-04
2.767905e+01 2.156500e-02 7.673428e-04
2.767905e+01 2.328591e-02 7.165153e-04
2.767905e+01 2.514415e-02 6.658356e-04
2.767905e+01 2.715068e-02 6.175165e-04
2.767905e+01 2.931733e-02 5.732195e-04
2.767905e+01 3.165689e-02 5.341627e-04
2.767905e+01 3.418314e-02 5.010792e-04
2.767905e+01 3.691099e-02 4.734580e-04
2.767905e+01 3.985652e-02 4.496273e-04
2.767905e+01 4.303711e-02 4.267807e-04
2.767905e+01 4.647152e-02 4.015119e-04
2.767905e+01 5.017999e-02 3.709245e-04
2.767905e+01 5.418441e-02 3.430075e-04
2.767905e+01 5.850838e-02 3.270531e-04
2.767905e+01 6.317741e-02 3.098254e-04
2.767905e+01 6.821903e-02 2.912230e-04
2.767905e+01 7.366298e-02 2.708340e-04
2.767905e+01 7.954136e-02 2.457338e-04
2.767905e+01 8.588885e-02 2.186306e-04
2.767905e+01 9.274286e-02 1.893645e-04
2.767905e+01 1.001438e-01 1.577630e-04
2.767905e+01 1.081354e-01 1.397682e-04
2.767905e+01 1.167647e-01 1.280324e-04
2.767905e+01 1.260827e-01 1.153601e-04
2.767905e+01 1.361442e-01 1.016766e-04
2.767905e+01 1.470087e-01 8.833705e-05
2.767905e+01 1.587401e-01 8.005009e-05
2.767905e+01 1.714077e-01 7.110183e-05
2.767905e+01 1.850862e-01 6.143948e-05
2.767905e+01 1.998563e-01 5.100607e-05
2.767905e+01 2.158051e-01 4.557626e-05
2.767905e+01 2.330265e-01 4.087888e-05
2.767905e+01 2.516223e-01 3.580665e-05
2.767905e+01 2.717020e-01 3.032965e-05
2.767905e+01 2.933841e-01 2.603775e-05
2.767905e+01 3.167964e-01 2.346501e-05
2.767905e+01 3.420771e-01 2.068698e-05
2.767905e+01 3.693752e-01 1.768725e-05
2.767905e+01 3.988518e-01 1.458850e-05
2.767905e+01 4.306805e-01 1.321134e-05
2.767905e+01 4.650493e-01 1.172427e-05
2.767905e+01 5.021607e-01 1.011853e-05
2.767905e+01 5.422336e-01 8.384659e-06
2.767905e+01 5.855044e-01 7.282704e-06
2.767905e+01 6.322283e-01 6.451771e-06
2.767905e+01 6.826808e-01 5.554529e-06
2.767905e+01 7.371594e-01 4.585686e-06
2.767905e+01 7.959855e-01 3.738493e-06
2.767905e+01 8.595059e-01 3.291874e-06
2.767905e+01 9.280954e-01 2.809614e-06
2.767905e+01 1.002158e+00 2.288869e-06
2.767905e+01 1.082132e+00 1.726568e-06
2.767905e+01 1.168487e+00 1.486183e-06
2.767905e+01 1.261733e+00 1.257855e-06
2.767905e+01 1.362421e+00 1.011305e-06
2.767905e+01 1.471144e+00 7.450808e-07
2.767905e+01 1.588542e+00 5.676747e-07
2.767905e+01 1.715310e+00 4.724762e-07
2.767905e+01 1.852193e+00 3.696808e-07
2.767905e+01 2.000000e+00 2.586822e-07
2.825263e+01 1.000000e-03 1.962077e-04
2.825263e+01 1.079801e-03 2.106452e-04
2.825263e+01 1.165970e-03 2.260350e-04
2.825263e+01 1.259016e-03 2.424150e-04
2.825263e+01 1.359487e-03 2.598183e-04
2.825263e+01 1.467975e-03 2.782744e-04
2.825263e+01 1.585121e-03 2.978055e-04
2.825263e+01 1.711615e-03 3.184253e-04
2.825263e+01 1.848204e-03 3.401396e-04
2.825263e+01 1.995693e-03 3.629439e-04
2.825263e+01 2.154951e-03 3.868216e-04
2.825263e+01 2.326918e-03 4.117442e-04
2.825263e+01 2.512609e-03 4.376708e-04
2.825263e+01 2.713117e-03 4.645474e-04
2.825263e+01 2.929627e-03 4.923048e-04
2.825263e+01 3.163414e-03 5.208562e-04
2.825263e+01 3.415858e-03 5.500968e-04
2.825263e+01 3.688447e-03 5.799022e-04
2.825263e+01 3.982789e-03 6.101153e-04
2.825263e+01 4.300619e-03 6.405439e-04
2.825263e+01 4.643813e-03 6.709703e-04
2.825263e+01 5.014394e-03 7.011362e-04
2.825263e+01 5.414548e-03 7.307433e-04
2.825263e+01 5.846635e-03 7.594656e-04
2.825263e+01 6.313202e-03 7.869286e-04
2.825263e+01 6.817002e-03 8.127135e-04
2.825263e+01 7.361006e-03 8.363803e-04
2.825263e+01 7.948422e-03 8.574346e-04
2.825263e+01 8.582714e-03 8.753396e-04
2.825263e+01 9.267624e-03 8.895610e-04
2.825263e+01 1.000719e-02 8.995325e-04
2.825263e+01 1.080577e-02 9.046806e-04
2.825263e+01 1.166809e-02 9.044921e-04
2.825263e+01 1.259921e-02 8.985112e-04
2.825263e+01 1.360464e-02 8.863728e-04
2.825263e+01 1.469030e-02 8.678622e-04
2.825263e+01 1.586261e-02 8.430239e-04
2.825263e+01 1.712846e-02 8.121493e-04
2.825263e+01 1.849533e-02 7.757227e-04
2.825263e+01 1.997127e-02 7.347948e-04
2.825263e+01 2.156500e-02 6.907736e-04
2.825263e+01 2.328591e-02 6.450187e-04
2.825263e+01 2.514415e-02 5.993965e-04
2.825263e+01 2.715068e-02 5.558992e-04
2.825263e+01 2.931733e-02 5.160225e-04
2.825263e+01 3.165689e-02 4.808630e-04
2.825263e+01 3.418314e-02 4.510807e-04
2.825263e+01 3.691099e-02 4.262157e-04
2.825263e+01 3.985652e-02 4.047627e-04
2.825263e+01 4.303711e-02 3.841958e-04
2.825263e+01 4.647152e-02 3.614484e-04
2.825263e+01 5.017999e-02 3.339131e-04
2.825263e+01 5.418441e-02 3.088007e-04
2.825263e+01 5.850838e-02 2.944908e-04
2.825263e+01 6.317741e-02 2.790390e-04
2.825263e+01 6.821903e-02 2.623541e-04
2.825263e+01 7.366298e-02 2.440581e-04
2.825263e+01 7.954136e-02 2.214477e-04
2.825263e+01 8.588885e-02 1.970330e-04
2.825263e+01 9.274286e-02 1.706699e-04
2.825263e+01 1.001438e-01 1.422031e-04
2.825263e+01 1.081354e-01 1.260017e-04
2.825263e+01 1.167647e-01 1.154431e-04
2.825263e+01 1.260827e-01 1.040419e-04
2.825263e+01 1.361442e-01 9.173086e-05
2.825263e+01 1.470087e-01 7.973309e-05
2.825263e+01 1.587401e-01 7.229726e-05
2.825263e+01 1.714077e-01 6.426805e-05
2.825263e+01 1.850862e-01 5.559810e-05
2.825263e+01 1.998563e-01 4.623628e-05
2.825263e+01 2.158051e-01 4.135110e-05
2.825263e+01 2.330265e-01 3.711949e-05
2.825263e+01 2.516223e-01 3.255020e-05
2.825263e+01 2.717020e-01 2.761627e-05
2.825263e+01 2.933841e-01 2.374430e-05
2.825263e+01 3.167964e-01 2.141343e-05
2.825263e+01 3.420771e-01 1.889656e-05
2.825263e+01 3.693752e-01 1.617884e-05
2.825263e+01 3.988518e-01 1.337087e-05
2.825263e+01 4.306805e-01 1.211500e-05
2.825263e+01 4.650493e-01 1.075890e-05
2.825263e+01 5.021607e-01 9.294592e-06
2.825263e+01 5.422336e-01 7.713425e-06
2.825263e+01 5.855044e-01 6.706618e-06
2.825263e+01 6.322283e-01 5.945922e-06
2.825263e+01 6.826808e-01 5.124523e-06
2.825263e+01 7.371594e-01 4.237575e-06
2.825263e+01 7.959855e-01 3.461650e-06
2.825263e+01 8.595059e-01 3.051600e-06
2.825263e+01 9.280954e-01 2.608829e-06
2.825263e+01 1.002158e+00 2.130723e-06
2.825263e+01 1.082132e+00 1.614464e-06
2.825263e+01 1.168487e+00 1.392785e-06
2.825263e+01 1.261733e+00 1.182013e-06
2.825263e+01 1.362421e+00 9.544218e-07
2.825263e+01 1.471144e+00 7.086683e-07
2.825263e+01 1.588542e+00 5.439572e-07
2.825263e+01 1.715310e+00 4.542284e-07
2.825263e+01 1.852193e+00 3.573391e-07
2.825263e+01 2.000000e+00 2.527180e-07
2.883769e+01 1.000000e-03 1.749658e-04
2.883769e+01 1.079801e-03 1.878448e-04
2.883769e+01 1.165970e-03 2.015743e-04
2.883769e+01 1.259016e-03 2.161882e-04
2.883769e+01 1.359487e-03 2.317163e-04
2.883769e+01 1.467975e-03 2.481851e-04
2.883769e+01 1.585121e-03 2.656145e-04
2.883769e+01 1.711615e-03 2.840171e-04
2.883769e+01 1.848204e-03 3.033981e-04
2.883769e+01 1.995693e-03 3.237533e-04
2.883769e+01 2.154951e-03 3.450679e-04
2.883769e+01 2.326918e-03 3.673161e-04
2.883769e+01 2.512609e-03 3.904611e-04
2.883769e+01 2.713117e-03 4.144542e-04
2.883769e+01 2.929627e-03 4.392329e-04
2.883769e+01 3.163414e-03 4.647195e-04
2.883769e+01 3.415858e-03 4.908202e-04
2.883769e+01 3.688447e-03 5.174240e-04
2.883769e+01 3.982789e-03 5.443908e-04
2.883769e+01 4.300619e-03 5.715496e-04
2.883769e+01 4.643813e-03 5.987067e-04
2.883769e+01 5.014394e-03 6.256316e-04
2.883769e+01 5.414548e-03 6.520577e-04
2.883769e+01 5.846635e-03 6.776936e-04
2.883769e+01 6.313202e-03 7.022051e-04
2.883769e+01 6.817002e-03 7.252187e-04
2.883769e+01 7.361006e-03 7.463421e-04
2.883769e+01 7.948422e-03 7.651340e-04
2.883769e+01 8.582714e-03 7.811153e-04
2.883769e+01 9.267624e-03 7.938092e-04
2.883769e+01 1.000719e-02 8.027101e-04
2.883769e+01 1.080577e-02 8.073064e-04
2.883769e+01 1.166809e-02 8.071404e-04
2.883769e+01 1.259921e-02 8.018051e-04
2.883769e+01 1.360464e-02 7.909748e-04
2.883769e+01 1.469030e-02 7.744576e-04
2.883769e+01 1.586261e-02 7.522935e-04
2.883769e+01 1.712846e-02 7.247426e-04
2.883769e+01 1.849533e-02 6.922373e-04
2.883769e+01 1.997127e-02 6.557152e-04
2.883769e+01 2.156500e-02 6.164327e-04
2.883769e+01 2.328591e-02 5.756026e-04
2.883769e+01 2.514415e-02 5.348907e-04
2.883769e+01 2.715068e-02 4.960748e-04
2.883769e+01 2.931733e-02 4.604898e-04
2.883769e+01 3.165689e-02 4.291142e-04
2.883769e+01 3.418314e-02 4.025370e-04
2.883769e+01 3.691099e-02 3.803479e-04
2.883769e+01 3.985652e-02 3.612036e-04
2.883769e+01 4.303711e-02 3.428500e-04
2.883769e+01 4.647152e-02 3.225507e-04
2.883769e+01 5.017999e-02 2.979786e-04
2.883769e+01 5.418441e-02 2.755799e-04
2.883769e+01 5.850838e-02 2.628408e-04
2.883769e+01 6.317741e-02 2.490851e-04
2.883769e+01 6.821903e-02 2.342316e-04
2.883769e+01 7.366298e-02 2.179394e-04
2.883769e+01 7.954136e-02 1.977581e-04
2.883769e+01 8.588885e-02 1.759664e-04
2.883769e+01 9.274286e-02 1.524357e-04
2.883769e+01 1.001438e-01 1.270272e-04
2.883769e+01 1.081354e-01 1.125754e-04
2.883769e+01 1.167647e-01 1.031650e-04
2.883769e+01 1.260827e-01 9.300376e-05
2.883769e+01 1.361442e-01 8.203158e-05
2.883769e+01 1.470087e-01 7.134097e-05
2.883769e+01 1.587401e-01 6.472646e-05
2.883769e+01 1.714077e-01 5.758410e-05
2.883769e+01 1.850862e-01 4.987178e-05
2.883769e+01 1.998563e-01 4.154400e-05
2.883769e+01 2.158051e-01 3.718756e-05
2.883769e+01 2.330265e-01 3.340947e-05
2.883769e+01 2.516223e-01 2.932989e-05
2.883769e+01 2.717020e-01 2.492474e-05
2.883769e+01 2.933841e-01 2.146208e-05
2.883769e+01 3.167964e-01 1.936771e-05
2.883769e+01 3.420771e-01 1.710620e-05
2.883769e+01 3.693752e-01 1.466423e-05
2.883769e+01 3.988518e-01 1.214076e-05
2.883769e+01 4.306805e-01 1.100627e-05
2.883769e+01 4.650493e-01 9.781250e-06
2.883769e+01 5.021607e-01 8.458472e-06
2.883769e+01 5.422336e-01 7.030135e-06
2.883769e+01 5.855044e-01 6.118902e-06
2.883769e+01 6.322283e-01 5.429043e-06
2.883769e+01 6.826808e-01 4.684134e-06
2.883769e+01 7.371594e-01 3.879780e-06
2.883769e+01 7.959855e-01 3.175808e-06
2.883769e+01 8.595059e-01 2.802904e-06
2.883769e+01 9.280954e-01 2.400242e-06
2.883769e+01 1.002158e+00 1.965448e-06
2.883769e+01 1.082132e+00 1.495957e-06
2.883769e+01 1.168487e+00 1.293484e-06
2.883769e+01 1.261733e+00 1.100787e-06
2.883769e+01 1.362421e+00 8.927126e-07
2.883769e+01 1.471144e+00 6.680335e-07
2.883769e+01 1.588542e+00 5.166496e-07
2.883769e+01 1.715310e+00 4.330560e-07
2.883769e+01 1.852193e+00 3.427915e-07
2.883769e+01 2.000000e+00 2.453239e-07
2.943444e+01 1.000000e-03 1.542997e-04
2.943444e+01 1.079801e-03 1.656615e-04
2.943444e+01 1.165970e-03 1.777744e-04
2.943444e+01 1.259016e-03 1.906686e-04
2.943444e+01 1.359487e-03 2.043705e-04
2.943444e+01 1.467975e-03 2.189037e-04
2.943444e+01 1.585121e-03 2.342859e-04
2.943444e+01 1.711615e-03 2.505284e-04
2.943444e+01 1.848204e-03 2.676357e-04
2.943444e+01 1.995693e-03 2.856044e-04
2.943444e+01 2.154951e-03 3.044212e-04
2.943444e+01 2.326918e-03 3.240629e-04
2.943444e+01 2.512609e-03 3.444970e-04
2.943444e+01 2.713117e-03 3.656799e-04
2.943444e+01 2.929627e-03 3.875558e-04
2.943444e+01 3.163414e-03 4.100559e-04
2.943444e+01 3.415858e-03 4.330971e-04
2.943444e+01 3.688447e-03 4.565816e-04
2.943444e+01 3.982789e-03 4.803855e-04
2.943444e+01 4.300619e-03 5.043586e-04
2.943444e+01 4.643813e-03 5.283304e-04
2.943444e+01 5.014394e-03 5.520975e-04
2.943444e+01 5.414548e-03 5.754243e-04
2.943444e+01 5.846635e-03 5.980533e-04
2.943444e+01 6.313202e-03 6.196893e-04
2.943444e+01 6.817002e-03 6.400029e-04
2.943444e+01 7.361006e-03 6.586483e-04
2.943444e+01 7.948422e-03 6.752360e-04
2.943444e+01 8.582714e-03 6.893431e-04
2.943444e+01 9.267624e-03 7.005486e-04
2.943444e+01 1.000719e-02 7.084063e-04
2.943444e+01 1.080577e-02 7.124649e-04
2.943444e+01 1.166809e-02 7.123203e-04
2.943444e+01 1.259921e-02 7.076136e-04
2.943444e+01 1.360464e-02 6.980570e-04
2.943444e+01 1.469030e-02 6.834810e-04
2.943444e+01 1.586261e-02 6.639212e-04
2.943444e+01 1.712846e-02 6.396073e-04
2.943444e+01 1.849533e-02 6.109213e-04
2.943444e+01 1.997127e-02 5.786906e-04
2.943444e+01 2.156500e-02 5.440235e-04
2.943444e+01 2.328591e-02 5.079903e-04
2.943444e+01 2.514415e-02 4.720610e-04
2.943444e+01 2.715068e-02 4.378048e-04
2.943444e+01 2.931733e-02 4.063998e-04
2.943444e+01 3.165689e-02 3.787099e-04
2.943444e+01 3.418314e-02 3.552545e-04
2.943444e+01 3.691099e-02 3.356718e-04
2.943444e+01 3.985652e-02 3.187762e-04
2.943444e+01 4.303711e-02 3.025784e-04
2.943444e+01 4.647152e-02 2.846635e-04
2.943444e+01 5.017999e-02 2.629778e-04
2.943444e+01 5.418441e-02 2.432201e-04
2.943444e+01 5.850838e-02 2.320055e-04
2.943444e+01 6.317741e-02 2.198959e-04
2.943444e+01 6.821903e-02 2.068200e-04
2.943444e+01 7.366298e-02 1.924734e-04
2.943444e+01 7.954136e-02 1.746619e-04
2.943444e+01 8.588885e-02 1.554291e-04
2.943444e+01 9.274286e-02 1.346614e-04
2.943444e+01 1.001438e-01 1.122365e-04
2.943444e+01 1.081354e-01 9.948676e-05
2.943444e+01 1.167647e-01 9.118940e-05
2.943444e+01 1.260827e-01 8.222992e-05
2.943444e+01 1.361442e-01 7.255545e-05
2.943444e+01 1.470087e-01 6.313202e-05
2.943444e+01 1.587401e-01 5.731469e-05
2.943444e+01 1.714077e-01 5.103312e-05
2.943444e+01 1.850862e-01 4.425028e-05
2.943444e+01 1.998563e-01 3.692616e-05
2.943444e+01 2.158051e-01 3.308305e-05
2.943444e+01 2.330265e-01 2.974531e-05
2.943444e+01 2.516223e-01 2.614122e-05
2.943444e+01 2.717020e-01 2.224952e-05
2.943444e+01 2.933841e-01 1.918549e-05
2.943444e+01 3.167964e-01 1.732357e-05
2.943444e+01 3.420771e-01 1.531307e-05
2.943444e+01 3.693752e-01 1.314213e-05
2.943444e+01 3.988518e-01 1.089841e-05
2.943444e+01 4.306805e-01 9.884844e-06
2.943444e+01 4.650493e-01 8.790397e-06
2.943444e+01 5.021607e-01 7.608613e-06
2.943444e+01 5.422336e-01 6.332521e-06
2.943444e+01 5.855044e-01 5.517181e-06
2.943444e+01 6.322283e-01 4.898944e-06
2.943444e+01 6.826808e-01 4.231372e-06
2.943444e+01 7.371594e-01 3.510526e-06
2.943444e+01 7.959855e-01 2.879441e-06
2.943444e+01 8.595059e-01 2.544564e-06
2.943444e+01 9.280954e-01 2.182964e-06
2.943444e+01 1.002158e+00 1.792508e-06
2.943444e+01 1.082132e+00 1.370893e-06
2.943444e+01 1.168487e+00 1.188274e-06
2.943444e+01 1.261733e+00 1.014303e-06
2.943444e+01 1.362421e+00 8.264493e-07
2.943444e+01 1.471144e+00 6.236042e-07
2.943444e+01 1.588542e+00 4.861531e-07
2.943444e+01 1.715310e+00 4.091609e-07
2.943444e+01 1.852193e+00 3.260247e-07
2.943444e+01 2.000000e+00 2.362540e-07
3.004313e+01 1.000000e-03 1.342378e-04
3.004313e+01 1.079801e-03 1.441259e-04
3.004313e+01 1.165970e-03 1.546684e-04
3.004313e+01 1.259016e-03 1.658917e-04
3.004313e+01 1.359487e-03 1.778190e-04
3.004313e+01 1.467975e-03 1.904709e-04
3.004313e+01 1.585121e-03 2.038633e-04
3.004313e+01 1.711615e-03 2.180057e-04
3.004313e+01 1.848204e-03 2.329026e-04
3.004313e+01 1.995693e-03 2.485506e-04
3.004313e+01 2.154951e-03 2.649383e-04
3.004313e+01 2.326918e-03 2.820453e-04
3.004313e+01 2.512609e-03 2.998428e-04
3.004313e+01 2.713117e-03 3.182927e-04
3.004313e+01 2.929627e-03 3.373459e-04
3.004313e+01 3.163414e-03 3.569419e-04
3.004313e+01 3.415858e-03 3.770084e-04
3.004313e+01 3.688447e-03 3.974600e-04
3.004313e+01 3.982789e-03 4.181890e-04
3.004313e+01 4.300619e-03 4.390649e-04
3.004313e+01 4.643813e-03 4.599398e-04
3.004313e+01 5.014394e-03 4.806368e-04
3.004313e+01 5.414548e-03 5.009504e-04
3.004313e+01 5.846635e-03 5.206559e-04
3.004313e+01 6.313202e-03 5.394965e-04
3.004313e+01 6.817002e-03 5.571854e-04
3.004313e+01 7.361006e-03 5.734217e-04
3.004313e+01 7.948422e-03 5.878665e-04
3.004313e+01 8.582714e-03 6.001514e-04
3.004313e+01 9.267624e-03 6.099097e-04
3.004313e+01 1.000719e-02 6.167531e-04
3.004313e+01 1.080577e-02 6.202886e-04
3.004313e+01 1.166809e-02 6.201646e-04
3.004313e+01 1.259921e-02 6.160685e-04
3.004313e+01 1.360464e-02 6.077494e-04
3.004313e+01 1.469030e-02 5.950598e-04
3.004313e+01 1.586261e-02 5.780306e-04
3.004313e+01 1.712846e-02 5.568626e-04
3.004313e+01 1.849533e-02 5.318885e-04
3.004313e+01 1.997127e-02 5.038286e-04
3.004313e+01 2.156500e-02 4.736474e-04
3.004313e+01 2.328591e-02 4.422763e-04
3.004313e+01 2.514415e-02 4.109953e-04
3.004313e+01 2.715068e-02 3.811707e-04
3.004313e+01 2.931733e-02 3.538284e-04
3.004313e+01 3.165689e-02 3.297205e-04
3.004313e+01 3.418314e-02 3.092994e-04
3.004313e+01 3.691099e-02 2.922498e-04
3.004313e+01 3.985652e-02 2.775398e-04
3.004313e+01 4.303711e-02 2.634374e-04
3.004313e+01 4.647152e-02 2.478399e-04
3.004313e+01 5.017999e-02 2.289594e-04
3.004313e+01 5.418441e-02 2.117654e-04
3.004313e+01 5.850838e-02 2.020230e-04
3.004313e+01 6.317741e-02 1.915031e-04
3.004313e+01 6.821903e-02 1.801438e-04
3.004313e+01 7.366298e-02 1.676776e-04
3.004313e+01 7.954136e-02 1.521704e-04
3.004313e+01 8.588885e-02 1.354257e-04
3.004313e+01 9.274286e-02 1.173447e-04
3.004313e+01 1.001438e-01 9.782086e-05
3.004313e+01 1.081354e-01 8.672585e-05
3.004313e+01 1.167647e-01 7.951016e-05
3.004313e+01 1.260827e-01 7.171866e-05
3.004313e+01 1.361442e-01 6.330540e-05
3.004313e+01 1.470087e-01 5.511241e-05
3.004313e+01 1.587401e-01 5.006398e-05
3.004313e+01 1.714077e-01 4.461267e-05
3.004313e+01 1.850862e-01 3.872634e-05
3.004313e+01 1.998563e-01 3.237028e-05
3.004313e+01 2.158051e-01 2.902499e-05
3.004313e+01 2.330265e-01 2.611545e-05
3.004313e+01 2.516223e-01 2.297372e-05
3.004313e+01 2.717020e-01 1.958128e-05
3.004313e+01 2.933841e-01 1.690669e-05
3.004313e+01 3.167964e-01 1.527509e-05
3.004313e+01 3.420771e-01 1.351328e-05
3.004313e+01 3.693752e-01 1.161088e-05
3.004313e+01 3.988518e-01 9.644387e-06
3.004313e+01 4.306805e-01 8.751340e-06
3.004313e+01 4.650493e-01 7.787026e-06
3.004313e+01 5.021607e-01 6.745759e-06
3.004313e+01 5.422336e-01 5.621398e-06
3.004313e+01 5.855044e-01 4.902206e-06
3.004313e+01 6.322283e-01 4.356246e-06
3.004313e+01 6.826808e-01 3.766717e-06
3.004313e+01 7.371594e-01 3.130144e-06
3.004313e+01 7.959855e-01 2.572745e-06
3.004313e+01 8.595059e-01 2.276704e-06
3.004313e+01 9.280954e-01 1.957039e-06
3.004313e+01 1.002158e+00 1.611864e-06
3.004313e+01 1.082132e+00 1.239144e-06
3.004313e+01 1.168487e+00 1.076840e-06
3.004313e+01 1.261733e+00 9.220389e-07
3.004313e+01 1.362421e+00 7.548843e-07
3.004313e+01 1.471144e+00 5.743906e-07
3.004313e+01 1.588542e+00 4.514464e-07
3.004313e+01 1.715310e+00 3.816889e-07
3.004313e+01 1.852193e+00 3.063647e-07
3.004313e+01 2.000000e+00 2.250295e-07
3.066399e+01 1.000000e-03 1.146670e-04
3.066399e+01 1.079801e-03 1.231165e-04
3.066399e+01 1.165970e-03 1.321258e-04
3.066399e+01 1.259016e-03 1.417176e-04
3.066399e+01 1.359487e-03 1.519119e-04
3.066399e+01 1.467975e-03 1.627265e-04
3.066399e+01 1.585121e-03 1.741750e-04
3.066399e+01 1.711615e-03 1.862659e-04
3.066399e+01 1.848204e-03 1.990027e-04
3.066399e+01 1.995693e-03 2.123830e-04
3.066399e+01 2.154951e-03 2.263965e-04
3.066399e+01 2.326918e-03 2.410261e-04
3.066399e+01 2.512609e-03 2.562466e-04
3.066399e+01 2.713117e-03 2.720252e-04
3.066399e+01 2.929627e-03 2.883195e-04
3.066399e+01 3.163414e-03 3.050774e-04
3.066399e+01 3.415858e-03 3.222370e-04
3.066399e+01 3.688447e-03 3.397249e-04
3.066399e+01 3.982789e-03 3.574494e-04
3.066399e+01 4.300619e-03 3.752992e-04
3.066399e+01 4.643813e-03 3.931482e-04
3.066399e+01 5.014394e-03 4.108452e-04
3.066399e+01 5.414548e-03 4.282145e-04
3.066399e+01 5.846635e-03 4.450636e-04
3.066399e+01 6.313202e-03 4.611728e-04
3.066399e+01 6.817002e-03 4.762973e-04
3.066399e+01 7.361006e-03 4.901799e-04
3.066399e+01 7.948422e-03 5.025308e-04
3.066399e+01 8.582714e-03 5.130352e-04
3.066399e+01 9.267624e-03 5.213795e-04
3.066399e+01 1.000719e-02 5.272315e-04
3.066399e+01 1.080577e-02 5.302556e-04
3.066399e+01 1.166809e-02 5.301513e-04
3.066399e+01 1.259921e-02 5.266512e-04
3.066399e+01 1.360464e-02 5.195406e-04
3.066399e+01 1.469030e-02 5.086933e-04
3.066399e+01 1.586261e-02 4.941358e-04
3.066399e+01 1.712846e-02 4.760403e-04
3.066399e+01 1.849533e-02 4.546916e-04
3.066399e+01 1.997127e-02 4.307055e-04
3.066399e+01 2.156500e-02 4.049058e-04
3.066399e+01 2.328591e-02 3.780885e-04
3.066399e+01 2.514415e-02 3.513477e-04
3.066399e+01 2.715068e-02 3.258517e-04
3.066399e+01 2.931733e-02 3.024777e-04
3.066399e+01 3.165689e-02 2.818687e-04
3.066399e+01 3.418314e-02 2.644113e-04
3.066399e+01 3.691099e-02 2.498361e-04
3.066399e+01 3.985652e-02 2.372610e-04
3.066399e+01 4.303711e-02 2.252052e-04
3.066399e+01 4.647152e-02 2.118713e-04
3.066399e+01 5.017999e-02 1.957310e-04
3.066399e+01 5.418441e-02 1.810448e-04
3.066399e+01 5.850838e-02 1.727509e-04
3.066399e+01 6.317741e-02 1.637952e-04
3.066399e+01 6.821903e-02 1.541248e-04
3.066399e+01 7.366298e-02 1.435066e-04
3.066399e+01 7.954136e-02 1.302425e-04
3.066399e+01 8.588885e-02 1.159199e-04
3.066399e+01 9.274286e-02 1.004543e-04
3.066399e+01 1.001438e-01 8.375463e-05
3.066399e+01 1.081354e-01 7.426697e-05
3.066399e+01 1.167647e-01 6.809888e-05
3.066399e+01 1.260827e-01 6.143856e-05
3.066399e+01 1.361442e-01 5.424675e-05
3.066399e+01 1.470087e-01 4.724644e-05
3.066399e+01 1.587401e-01 4.294802e-05
3.066399e+01 1.714077e-01 3.830659e-05
3.066399e+01 1.850862e-01 3.329476e-05
3.066399e+01 1.998563e-01 2.788298e-05
3.066399e+01 2.158051e-01 2.502295e-05
3.066399e+01 2.330265e-01 2.253065e-05
3.066399e+01 2.516223e-01 1.983946e-05
3.066399e+01 2.717020e-01 1.693352e-05
3.066399e+01 2.933841e-01 1.463858e-05
3.066399e+01 3.167964e-01 1.323177e-05
3.066399e+01 3.420771e-01 1.171270e-05
3.066399e+01 3.693752e-01 1.007241e-05
3.066399e+01 3.988518e-01 8.376707e-06
3.066399e+01 4.306805e-01 7.604609e-06
3.066399e+01 4.650493e-01 6.770897e-06
3.066399e+01 5.021607e-01 5.870653e-06
3.066399e+01 5.422336e-01 4.898569e-06
3.066399e+01 5.855044e-01 4.275857e-06
3.066399e+01 6.322283e-01 3.802411e-06
3.066399e+01 6.826808e-01 3.291183e-06
3.066399e+01 7.371594e-01 2.739159e-06
3.066399e+01 7.959855e-01 2.255788e-06
3.066399e+01 8.595059e-01 1.999049e-06
3.066399e+01 9.280954e-01 1.721822e-06
3.066399e+01 1.002158e+00 1.422471e-06
3.066399e+01 1.082132e+00 1.099232e-06
3.066399e+01 1.168487e+00 9.578249e-07
3.066399e+01 1.261733e+00 8.228168e-07
3.066399e+01 1.362421e+00 6.770350e-07
3.066399e+01 1.471144e+00 5.196195e-07
3.066399e+01 1.588542e+00 4.118457e-07
3.066399e+01 1.715310e+00 3.499332e-07
3.066399e+01 1.852193e+00 2.830800e-07
3.066399e+01 2.000000e+00 2.108918e-07
3.129727e+01 1.000000e-03 9.564501e-05
3.129727e+01 1.079801e-03 1.026953e-04
3.129727e+01 1.165970e-03 1.102133e-04
3.129727e+01 1.259016e-03 1.182179e-04
3.129727e+01 1.359487e-03 1.267261e-04
3.129727e+01 1.467975e-03 1.357528e-04
3.129727e+01 1.585121e-03 1.453094e-04
3.129727e+01 1.711615e-03 1.554031e-04
3.129727e+01 1.848204e-03 1.660370e-04
3.129727e+01 1.995693e-03 1.772091e-04
3.129727e+01 2.154951e-03 1.889108e-04
3.129727e+01 2.326918e-03 2.011276e-04
3.129727e+01 2.512609e-03 2.138383e-04
3.129727e+01 2.713117e-03 2.270153e-04
3.129727e+01 2.929627e-03 2.406227e-04
3.129727e+01 3.163414e-03 2.546169e-04
3.129727e+01 3.415858e-03 2.689459e-04
3.129727e+01 3.688447e-03 2.835484e-04
3.129727e+01 3.982789e-03 2.983477e-04
3.129727e+01 4.300619e-03 3.132513e-04
3.129727e+01 4.643813e-03 3.281543e-04
3.129727e+01 5.014394e-03 3.429306e-04
3.129727e+01 5.414548e-03 3.574333e-04
3.129727e+01 5.846635e-03 3.715015e-04
3.129727e+01 6.313202e-03 3.849517e-04
3.129727e+01 6.817002e-03 3.975796e-04
3.129727e+01 7.361006e-03 4.091706e-04
3.129727e+01 7.948422e-03 4.194831e-04
3.129727e+01 8.582714e-03 4.282539e-04
3.129727e+01 9.267624e-03 4.352213e-04
3.129727e+01 1.000719e-02 4.401081e-04
3.129727e+01 1.080577e-02 4.426340e-04
3.129727e+01 1.166809e-02 4.425484e-04
3.129727e+01 1.259921e-02 4.396280e-04
3.129727e+01 1.360464e-02 4.336933e-04
3.129727e+01 1.469030e-02 4.246387e-04
3.129727e+01 1.586261e-02 4.124867e-04
3.129727e+01 1.712846e-02 3.973814e-04
3.129727e+01 1.849533e-02 3.795610e-04
3.129727e+01 1.997127e-02 3.595392e-04
3.129727e+01 2.156500e-02 3.380036e-04
3.129727e+01 2.328591e-02 3.156179e-04
3.129727e+01 2.514415e-02 2.932957e-04
3.129727e+01 2.715068e-02 2.720125e-04
3.129727e+01 2.931733e-02 2.525007e-04
3.129727e+01 3.165689e-02 2.352969e-04
3.129727e+01 3.418314e-02 2.207239e-04
3.129727e+01 3.691099e-02 2.085569e-04
3.129727e+01 3.985652e-02 1.980595e-04
3.129727e+01 4.303711e-02 1.879956e-04
3.129727e+01 4.647152e-02 1.768649e-04
3.129727e+01 5.017999e-02 1.633914e-04
3.129727e+01 5.418441e-02 1.511381e-04
3.129727e+01 5.850838e-02 1.442324e-04
3.129727e+01 6.317741e-02 1.367757e-04
3.129727e+01 6.821903e-02 1.287239e-04
3.129727e+01 7.366298e-02 1.198809e-04
3.129727e+01 7.954136e-02 1.088154e-04
3.129727e+01 8.588885e-02 9.686680e-05
3.129727e+01 9.274286e-02 8.396471e-05
3.129727e+01 1.001438e-01 7.003301e-05
3.129727e+01 1.081354e-01 6.211500e-05
3.129727e+01 1.167647e-01 5.696467e-05
3.129727e+01 1.260827e-01 5.140333e-05
3.129727e+01 1.361442e-01 4.539820e-05
3.129727e+01 1.470087e-01 3.955518e-05
3.129727e+01 1.587401e-01 3.597780e-05
3.129727e+01 1.714077e-01 3.211494e-05
3.129727e+01 1.850862e-01 2.794381e-05
3.129727e+01 1.998563e-01 2.343983e-05
3.129727e+01 2.158051e-01 2.105215e-05
3.129727e+01 2.330265e-01 1.896845e-05
3.129727e+01 2.516223e-01 1.671846e-05
3.129727e+01 2.717020e-01 1.428891e-05
3.129727e+01 2.933841e-01 1.236698e-05
3.129727e+01 3.167964e-01 1.118323e-05
3.129727e+01 3.420771e-01 9.905005e-06
3.129727e+01 3.693752e-01 8.524780e-06
3.129727e+01 3.988518e-01 7.097811e-06
3.129727e+01 4.306805e-01 6.446249e-06
3.129727e+01 4.650493e-01 5.742693e-06
3.129727e+01 5.021607e-01 4.982991e-06
3.129727e+01 5.422336e-01 4.162665e-06
3.129727e+01 5.855044e-01 3.636714e-06
3.129727e+01 6.322283e-01 3.236479e-06
3.129727e+01 6.826808e-01 2.804305e-06
3.129727e+01 7.371594e-01 2.337643e-06
3.129727e+01 7.959855e-01 1.928992e-06
3.129727e+01 8.595059e-01 1.711864e-06
3.129727e+01 9.280954e-01 1.477409e-06
3.129727e+01 1.002158e+00 1.224244e-06
3.129727e+01 1.082132e+00 9.508756e-07
3.129727e+01 1.168487e+00 8.308842e-07
3.129727e+01 1.261733e+00 7.162384e-07
3.129727e+01 1.362421e+00 5.924438e-07
3.129727e+01 1.471144e+00 4.587702e-07
3.129727e+01 1.588542e+00 3.668172e-07
3.129727e+01 1.715310e+00 3.133940e-07
3.129727e+01 1.852193e+00 2.557077e-07
3.129727e+01 2.000000e+00 1.934178e-07
3.194322e+01 1.000000e-03 7.712528e-05
3.194322e+01 1.079801e-03 8.281245e-05
3.194322e+01 1.165970e-03 8.887728e-05
3.194322e+01 1.259016e-03 9.533525e-05
3.194322e+01 1.359487e-03 1.022000e-04
3.194322e+01 1.467975e-03 1.094838e-04
3.194322e+01 1.585121e-03 1.171959e-04
3.194322e+01 1.711615e-03 1.253421e-04
3.194322e+01 1.848204e-03 1.339252e-04
3.194322e+01 1.995693e-03 1.429434e-04
3.194322e+01 2.154951e-03 1.523898e-04
3.194322e+01 2.326918e-03 1.622526e-04
3.194322e+01 2.512609e-03 1.725147e-04
3.194322e+01 2.713117e-03 1.831533e-04
3.194322e+01 2.929627e-03 1.941393e-04
3.194322e+01 3.163414e-03 2.054373e-04
3.194322e+01 3.415858e-03 2.170051e-04
3.194322e+01 3.688447e-03 2.287931e-04
3.194322e+01 3.982789e-03 2.407394e-04
3.194322e+01 4.300619e-03 2.527696e-04
3.194322e+01 4.643813e-03 2.647993e-04
3.194322e+01 5.014394e-03 2.767269e-04
3.194322e+01 5.414548e-03 2.884336e-04
3.194322e+01 5.846635e-03 2.997895e-04
3.194322e+01 6.313202e-03 3.106464e-04
3.194322e+01 6.817002e-03 3.208395e-04
3.194322e+01 7.361006e-03 3.301957e-04
3.194322e+01 7.948422e-03 3.385200e-04
3.194322e+01 8.582714e-03 3.456000e-04
3.194322e+01 9.267624e-03 3.512244e-04
3.194322e+01 1.000719e-02 3.551695e-04
3.194322e+01 1.080577e-02 3.572093e-04
3.194322e+01 1.166809e-02 3.571414e-04
3.194322e+01 1.259921e-02 3.547856e-04
3.194322e+01 1.360464e-02 3.499971e-04
3.194322e+01 1.469030e-02 3.426903e-04
3.194322e+01 1.586261e-02 3.328835e-04
3.194322e+01 1.712846e-02 3.206935e-04
3.194322e+01 1.849533e-02 3.063127e-04
3.194322e+01 1.997127e-02 2.901556e-04
3.194322e+01 2.156500e-02 2.727767e-04
3.194322e+01 2.328591e-02 2.547115e-04
3.194322e+01 2.514415e-02 2.366972e-04
3.194322e+01 2.715068e-02 2.195213e-04
3.194322e+01 2.931733e-02 2.037748e-04
3.194322e+01 3.165689e-02 1.898910e-04
3.194322e+01 3.418314e-02 1.781303e-04
3.194322e+01 3.691099e-02 1.683112e-04
3.194322e+01 3.985652e-02 1.598394e-04
3.194322e+01 4.303711e-02 1.517176e-04
3.194322e+01 4.647152e-02 1.427348e-04
3.194322e+01 5.017999e-02 1.318613e-04
3.194322e+01 5.418441e-02 1.219796e-04
3.194322e+01 5.850838e-02 1.164258e-04
3.194322e+01 6.317741e-02 1.104288e-04
3.194322e+01 6.821903e-02 1.039532e-04
3.194322e+01 7.366298e-02 9.683887e-05
3.194322e+01 7.954136e-02 8.791053e-05
3.194322e+01 8.588885e-02 7.826969e-05
3.194322e+01 9.274286e-02 6.785951e-05
3.194322e+01 1.001438e-01 5.661859e-05
3.194322e+01 1.081354e-01 5.022901e-05
3.194322e+01 1.167647e-01 4.607210e-05
3.194322e+01 1.260827e-01 4.158346e-05
3.194322e+01 1.361442e-01 3.673663e-05
3.194322e+01 1.470087e-01 3.202221e-05
3.194322e+01 1.587401e-01 2.914328e-05
3.194322e+01 1.714077e-01 2.603460e-05
3.194322e+01 1.850862e-01 2.267784e-05
3.194322e+01 1.998563e-01 1.905322e-05
3.194322e+01 2.158051e-01 1.712487e-05
3.194322e+01 2.330265e-01 1.543923e-05
3.194322e+01 2.516223e-01 1.361907e-05
3.194322e+01 2.717020e-01 1.165367e-05
3.194322e+01 2.933841e-01 1.009666e-05
3.194322e+01 3.167964e-01 9.133782e-06
3.194322e+01 3.420771e-01 8.094063e-06
3.194322e+01 3.693752e-01 6.971375e-06
3.194322e+01 3.988518e-01 5.810555e-06
3.194322e+01 4.306805e-01 5.278924e-06
3.194322e+01 4.650493e-01 4.704869e-06
3.194322e+01 5.021607e-01 4.085003e-06
3.194322e+01 5.422336e-01 3.415671e-06
3.194322e+01 5.855044e-01 2.986462e-06
3.194322e+01 6.322283e-01 2.659790e-06
3.194322e+01 6.826808e-01 2.307050e-06
3.194322e+01 7.371594e-01 1.926161e-06
3.194322e+01 7.959855e-01 1.592636e-06
3.194322e+01 8.595059e-01 1.415471e-06
3.194322e+01 9.280954e-01 1.224168e-06
3.194322e+01 1.002158e+00 1.017599e-06
3.194322e+01 1.082132e+00 7.945449e-07
3.194322e+01 1.168487e+00 6.963232e-07
3.194322e+01 1.261733e+00 6.024112e-07
3.194322e+01 1.362421e+00 5.010050e-07
3.194322e+01 1.471144e+00 3.915064e-07
3.194322e+01 1.588542e+00 3.158664e-07
3.194322e+01 1.715310e+00 2.714851e-07
3.194322e+01 1.852193e+00 2.235622e-07
3.194322e+01 2.000000e+00 1.718151e-07
3.260208e+01 1.000000e-03 5.910086e-05
3.260208e+01 1.079801e-03 6.346047e-05
3.260208e+01 1.165970e-03 6.810992e-05
3.260208e+01 1.259016e-03 7.306114e-05
3.260208e+01 1.359487e-03 7.832468e-05
3.260208e+01 1.467975e-03 8.391000e-05
3.260208e+01 1.585121e-03 8.982430e-05
3.260208e+01 1.711615e-03 9.607216e-05
3.260208e+01 1.848204e-03 1.026557e-04
3.260208e+01 1.995693e-03 1.095736e-04
3.260208e+01 2.154951e-03 1.168205e-04
3.260208e+01 2.326918e-03 1.243874e-04
3.260208e+01 2.512609e-03 1.322609e-04
3.260208e+01 2.713117e-03 1.404235e-04
3.260208e+01 2.929627e-03 1.488527e-04
3.260208e+01 3.163414e-03 1.575210e-04
3.260208e+01 3.415858e-03 1.663959e-04
3.260208e+01 3.688447e-03 1.754393e-04
3.260208e+01 3.982789e-03 1.846036e-04
3.260208e+01 4.300619e-03 1.938321e-04
3.260208e+01 4.643813e-03 2.030602e-04
3.260208e+01 5.014394e-03 2.122100e-04
3.260208e+01 5.414548e-03 2.211904e-04
3.260208e+01 5.846635e-03 2.299016e-04
3.260208e+01 6.313202e-03 2.382299e-04
3.260208e+01 6.817002e-03 2.460490e-04
3.260208e+01 7.361006e-03 2.532262e-04
3.260208e+01 7.948422e-03 2.596119e-04
3.260208e+01 8.582714e-03 2.650431e-04
3.260208e+01 9.267624e-03 2.693579e-04
3.260208e+01 1.000719e-02 2.723846e-04
3.260208e+01 1.080577e-02 2.739500e-04
3.260208e+01 1.166809e-02 2.738989e-04
3.260208e+01 1.259921e-02 2.720931e-04
3.260208e+01 1.360464e-02 2.684213e-04
3.260208e+01 1.469030e-02 2.628179e-04
3.260208e+01 1.586261e-02 2.552971e-04
3.260208e+01 1.712846e-02 2.459484e-04
3.260208e+01 1.849533e-02 2.349198e-04
3.260208e+01 1.997127e-02 2.225291e-04
3.260208e+01 2.156500e-02 2.092013e-04
3.260208e+01 2.328591e-02 1.953469e-04
3.260208e+01 2.514415e-02 1.815313e-04
3.260208e+01 2.715068e-02 1.683586e-04
3.260208e+01 2.931733e-02 1.562822e-04
3.260208e+01 3.165689e-02 1.456343e-04
3.260208e+01 3.418314e-02 1.366146e-04
3.260208e+01 3.691099e-02 1.290840e-04
3.260208e+01 3.985652e-02 1.225867e-04
3.260208e+01 4.303711e-02 1.163577e-04
3.260208e+01 4.647152e-02 1.094685e-04
3.260208e+01 5.017999e-02 1.011293e-04
3.260208e+01 5.418441e-02 9.355573e-05
3.260208e+01 5.850838e-02 8.931050e-05
3.260208e+01 6.317741e-02 8.472650e-05
3.260208e+01 6.821903e-02 7.977670e-05
3.260208e+01 7.366298e-02 7.433673e-05
3.260208e+01 7.954136e-02 6.749095e-05
3.260208e+01 8.588885e-02 6.009886e-05
3.260208e+01 9.274286e-02 5.211688e-05
3.260208e+01 1.001438e-01 4.349793e-05
3.260208e+01 1.081354e-01 3.859863e-05
3.260208e+01 1.167647e-01 3.541118e-05
3.260208e+01 1.260827e-01 3.196935e-05
3.260208e+01 1.361442e-01 2.825287e-05
3.260208e+01 1.470087e-01 2.463877e-05
3.260208e+01 1.587401e-01 2.243572e-05
3.260208e+01 1.714077e-01 2.005686e-05
3.260208e+01 1.850862e-01 1.748817e-05
3.260208e+01 1.998563e-01 1.471450e-05
3.260208e+01 2.158051e-01 1.323411e-05
3.260208e+01 2.330265e-01 1.193813e-05
3.260208e+01 2.516223e-01 1.053872e-05
3.260208e+01 2.717020e-01 9.027637e-06
3.260208e+01 2.933841e-01 7.828698e-06
3.260208e+01 3.167964e-01 7.084052e-06
3.260208e+01 3.420771e-01 6.279982e-06
3.260208e+01 3.693752e-01 5.411746e-06
3.260208e+01 3.988518e-01 4.514001e-06
3.260208e+01 4.306805e-01 4.102555e-06
3.260208e+01 4.650493e-01 3.658276e-06
3.260208e+01 5.021607e-01 3.178543e-06
3.260208e+01 5.422336e-01 2.660526e-06
3.260208e+01 5.855044e-01 2.328099e-06
3.260208e+01 6.322283e-01 2.074895e-06
3.260208e+01 6.826808e-01 1.801485e-06
3.260208e+01 7.371594e-01 1.506257e-06
3.260208e+01 7.959855e-01 1.247775e-06
3.260208e+01 8.595059e-01 1.110569e-06
3.260208e+01 9.280954e-01 9.624144e-07
3.260208e+01 1.002158e+00 8.024367e-07
3.260208e+01 1.082132e+00 6.296926e-07
3.260208e+01 1.168487e+00 5.535097e-07
3.260208e+01 1.261733e+00 4.806455e-07
3.260208e+01 1.362421e+00 4.019667e-07
3.260208e+01 1.471144e+00 3.170092e-07
3.260208e+01 1.588542e+00 2.581324e-07
3.260208e+01 1.715310e+00 2.233277e-07
3.260208e+01 1.852193e+00 1.857455e-07
3.260208e+01 2.000000e+00 1.451642e-07
3.327412e+01 1.000000e-03 4.151380e-05
3.327412e+01 1.079801e-03 4.457719e-05
3.327412e+01 1.165970e-03 4.784447e-05
3.327412e+01 1.259016e-03 5.132408e-05
3.327412e+01 1.359487e-03 5.502350e-05
3.327412e+01 1.467975e-03 5.894943e-05
3.327412e+01 1.585121e-03 6.310700e-05
3.327412e+01 1.711615e-03 6.749948e-05
3.327412e+01 1.848204e-03 7.212839e-05
3.327412e+01 1.995693e-03 7.699282e-05
3.327412e+01 2.154951e-03 8.208907e-05
3.327412e+01 2.326918e-03 8.741066e-05
3.327412e+01 2.512609e-03 9.294822e-05
3.327412e+01 2.713117e-03 9.868925e-05
3.327412e+01 2.929627e-03 1.046177e-04
3.327412e+01 3.163414e-03 1.107142e-04
3.327412e+01 3.415858e-03 1.169558e-04
3.327412e+01 3.688447e-03 1.233155e-04
3.327412e+01 3.982789e-03 1.297600e-04
3.327412e+01 4.300619e-03 1.362494e-04
3.327412e+01 4.643813e-03 1.427384e-04
3.327412e+01 5.014394e-03 1.491725e-04
3.327412e+01 5.414548e-03 1.554875e-04
3.327412e+01 5.846635e-03 1.616131e-04
3.327412e+01 6.313202e-03 1.674694e-04
3.327412e+01 6.817002e-03 1.729676e-04
3.327412e+01 7.361006e-03 1.780145e-04
3.327412e+01 7.948422e-03 1.825048e-04
3.327412e+01 8.582714e-03 1.863241e-04
3.327412e+01 9.267624e-03 1.893584e-04
3.327412e+01 1.000719e-02 1.914871e-04
3.327412e+01 1.080577e-02 1.925883e-04
3.327412e+01 1.166809e-02 1.925531e-04
3.327412e+01 1.259921e-02 1.912841e-04
3.327412e+01 1.360464e-02 1.887033e-04
3.327412e+01 1.469030e-02 1.847644e-04
3.327412e+01 1.586261e-02 1.794774e-04
3.327412e+01 1.712846e-02 1.729055e-04
3.327412e+01 1.849533e-02 1.651525e-04
3.327412e+01 1.997127e-02 1.564420e-04
3.327412e+01 2.156500e-02 1.470726e-04
3.327412e+01 2.328591e-02 1.373329e-04
3.327412e+01 2.514415e-02 1.276205e-04
3.327412e+01 2.715068e-02 1.183599e-04
3.327412e+01 2.931733e-02 1.098700e-04
3.327412e+01 3.165689e-02 1.023843e-04
3.327412e+01 3.418314e-02 9.604324e-05
3.327412e+01 3.691099e-02 9.074904e-05
3.327412e+01 3.985652e-02 8.618129e-05
3.327412e+01 4.303711e-02 8.180220e-05
3.327412e+01 4.647152e-02 7.695891e-05
3.327412e+01 5.017999e-02 7.109628e-05
3.327412e+01 5.418441e-02 6.577421e-05
3.327412e+01 5.850838e-02 6.279617e-05
3.327412e+01 6.317741e-02 5.958048e-05
3.327412e+01 6.821903e-02 5.610816e-05
3.327412e+01 7.366298e-02 5.229166e-05
3.327412e+01 7.954136e-02 4.748539e-05
3.327412e+01 8.588885e-02 4.229558e-05
3.327412e+01 9.274286e-02 3.669162e-05
3.327412e+01 1.001438e-01 3.064046e-05
3.327412e+01 1.081354e-01 2.719761e-05
3.327412e+01 1.167647e-01 2.495482e-05
3.327412e+01 1.260827e-01 2.253306e-05
3.327412e+01 1.361442e-01 1.991803e-05
3.327412e+01 1.470087e-01 1.737609e-05
3.327412e+01 1.587401e-01 1.583157e-05
3.327412e+01 1.714077e-01 1.416379e-05
3.327412e+01 1.850862e-01 1.236292e-05
3.327412e+01 1.998563e-01 1.041833e-05
3.327412e+01 2.158051e-01 9.376498e-06
3.327412e+01 2.330265e-01 8.462838e-06
3.327412e+01 2.516223e-01 7.476266e-06
3.327412e+01 2.717020e-01 6.410966e-06
3.327412e+01 2.933841e-01 5.564417e-06
3.327412e+01 3.167964e-01 5.036375e-06
3.327412e+01 3.420771e-01 4.466195e-06
3.327412e+01 3.693752e-01 3.850515e-06
3.327412e+01 3.988518e-01 3.213895e-06
3.327412e+01 4.306805e-01 2.921925e-06
3.327412e+01 4.650493e-01 2.606657e-06
3.327412e+01 5.021607e-01 2.266229e-06
3.327412e+01 5.422336e-01 1.898635e-06
3.327412e+01 5.855044e-01 1.662562e-06
3.327412e+01 6.322283e-01 1.482609e-06
3.327412e+01 6.826808e-01 1.288297e-06
3.327412e+01 7.371594e-01 1.078478e-06
3.327412e+01 7.959855e-01 8.948685e-07
3.327412e+01 8.595059e-01 7.976801e-07
3.327412e+01 9.280954e-01 6.927361e-07
3.327412e+01 1.002158e+00 5.794173e-07
3.327412e+01 1.082132e+00 4.570557e-07
3.327412e+01 1.168487e+00 4.029891e-07
3.327412e+01 1.261733e+00 3.512564e-07
3.327412e+01 1.362421e+00 2.953953e-07
3.327412e+01 1.471144e+00 2.350765e-07
3.327412e+01 1.588542e+00 1.932083e-07
3.327412e+01 1.715310e+00 1.683678e-07
3.327412e+01 1.852193e+00 1.415449e-07
3.327412e+01 2.000000e+00 1.125816e-07
3.395961e+01 1.000000e-03 2.501599e-05
3.395961e+01 1.079801e-03 2.686263e-05
3.395961e+01 1.165970e-03 2.883232e-05
3.395961e+01 1.259016e-03 3.093018e-05
3.395961e+01 1.359487e-03 3.316075e-05
3.395961e+01 1.467975e-03 3.552812e-05
3.395961e+01 1.585121e-03 3.803541e-05
3.395961e+01 1.711615e-03 4.068462e-05
3.395961e+01 1.848204e-03 4.347671e-05
3.395961e+01 1.995693e-03 4.641114e-05
3.395961e+01 2.154951e-03 4.948568e-05
3.395961e+01 2.326918e-03 5.269640e-05
3.395961e+01 2.512609e-03 5.603761e-05
3.395961e+01 2.713117e-03 5.950169e-05
3.395961e+01 2.929627e-03 6.307887e-05
3.395961e+01 3.163414e-03 6.675738e-05
3.395961e+01 3.415858e-03 7.052329e-05
3.395961e+01 3.688447e-03 7.436026e-05
3.395961e+01 3.982789e-03 7.824815e-05
3.395961e+01 4.300619e-03 8.216298e-05
3.395961e+01 4.643813e-03 8.607761e-05
3.395961e+01 5.014394e-03 8.995909e-05
3.395961e+01 5.414548e-03 9.376869e-05
3.395961e+01 5.846635e-03 9.746408e-05
3.395961e+01 6.313202e-03 1.009970e-04
3.395961e+01 6.817002e-03 1.043139e-04
3.395961e+01 7.361006e-03 1.073585e-04
3.395961e+01 7.948422e-03 1.100673e-04
3.395961e+01 8.582714e-03 1.123714e-04
3.395961e+01 9.267624e-03 1.142020e-04
3.395961e+01 1.000719e-02 1.154864e-04
3.395961e+01 1.080577e-02 1.161511e-04
3.395961e+01 1.166809e-02 1.161302e-04
3.395961e+01 1.259921e-02 1.153653e-04
3.395961e+01 1.360464e-02 1.138091e-04
3.395961e+01 1.469030e-02 1.114337e-04
3.395961e+01 1.586261e-02 1.082453e-04
3.395961e+01 1.712846e-02 1.042819e-04
3.395961e+01 1.849533e-02 9.960613e-05
3.395961e+01 1.997127e-02 9.435284e-05
3.395961e+01 2.156500e-02 8.870216e-05
3.395961e+01 2.328591e-02 8.282813e-05
3.395961e+01 2.514415e-02 7.697047e-05
3.395961e+01 2.715068e-02 7.138529e-05
3.395961e+01 2.931733e-02 6.626490e-05
3.395961e+01 3.165689e-02 6.175015e-05
3.395961e+01 3.418314e-02 5.792576e-05
3.395961e+01 3.691099e-02 5.473271e-05
3.395961e+01 3.985652e-02 5.197780e-05
3.395961e+01 4.303711e-02 4.933667e-05
3.395961e+01 4.647152e-02 4.641558e-05
3.395961e+01 5.017999e-02 4.287971e-05
3.395961e+01 5.418441e-02 3.967177e-05
3.395961e+01 5.850838e-02 3.788091e-05
3.395961e+01 6.317741e-02 3.594714e-05
3.395961e+01 6.821903e-02 3.385906e-05
3.395961e+01 7.366298e-02 3.156336e-05
3.395961e+01 7.954136e-02 2.866592e-05
3.395961e+01 8.588885e-02 2.553727e-05
3.395961e+01 9.274286e-02 2.215895e-05
3.395961e+01 1.001438e-01 1.851104e-05
3.395961e+01 1.081354e-01 1.643280e-05
3.395961e+01 1.167647e-01 1.507649e-05
3.395961e+01 1.260827e-01 1.361194e-05
3.395961e+01 1.361442e-01 1.203052e-05
3.395961e+01 1.470087e-01 1.049378e-05
3.395961e+01 1.587401e-01 9.562283e-06
3.395961e+01 1.714077e-01 8.556454e-06
3.395961e+01 1.850862e-01 7.470358e-06
3.395961e+01 1.998563e-01 6.297591e-06
3.395961e+01 2.158051e-01 5.667824e-06
3.395961e+01 2.330265e-01 5.114954e-06
3.395961e+01 2.516223e-01 4.517966e-06
3.395961e+01 2.717020e-01 3.873337e-06
3.395961e+01 2.933841e-01 3.360705e-06
3.395961e+01 3.167964e-01 3.040305e-06
3.395961e+01 3.420771e-01 2.694336e-06
3.395961e+01 3.693752e-01 2.320758e-06
3.395961e+01 3.988518e-01 1.934544e-06
3.395961e+01 4.306805e-01 1.758428e-06
3.395961e+01 4.650493e-01 1.568258e-06
3.395961e+01 5.021607e-01 1.362912e-06
3.395961e+01 5.422336e-01 1.141179e-06
3.395961e+01 5.855044e-01 9.990394e-07
3.395961e+01 6.322283e-01 8.908943e-07
3.395961e+01 6.826808e-01 7.741190e-07
3.395961e+01 7.371594e-01 6.480250e-07
3.395961e+01 7.959855e-01 5.378334e-07
3.395961e+01 8.595059e-01 4.799457e-07
3.395961e+01 9.280954e-01 4.174385e-07
3.395961e+01 1.002158e+00 3.499431e-07
3.395961e+01 1.082132e+00 2.770616e-07
3.395961e+01 1.168487e+00 2.449729e-07
3.395961e+01 1.261733e+00 2.142932e-07
3.395961e+01 1.362421e+00 1.811652e-07
3.395961e+01 1.471144e+00 1.453936e-07
3.395961e+01 1.588542e+00 1.205542e-07
3.395961e+01 1.715310e+00 1.058035e-07
3.395961e+01 1.852193e+00 8.987579e-08
3.395961e+01 2.000000e+00 7.267698e-08
3.465880e+01 1.000000e-03 7.747880e-06
3.465880e+01 1.079801e-03 8.320020e-06
3.465880e+01 1.165970e-03 8.930328e-06
3.465880e+01 1.259016e-03 9.580402e-06
3.465880e+01 1.359487e-03 1.027166e-05
3.465880e+01 1.467975e-03 1.100538e-05
3.465880e+01 1.585121e-03 1.178254e-05
3.465880e+01 1.711615e-03 1.260377e-05
3.465880e+01 1.848204e-03 1.346939e-05
3.465880e+01 1.995693e-03 1.437922e-05
3.465880e+01 2.154951e-03 1.533257e-05
3.465880e+01 2.326918e-03 1.632824e-05
3.465880e+01 2.512609e-03 1.736442e-05
3.465880e+01 2.713117e-03 1.843876e-05
3.465880e+01 2.929627e-03 1.954817e-05
3.465880e+01 3.163414e-03 2.068899e-05
3.465880e+01 3.415858e-03 2.185688e-05
3.465880e+01 3.688447e-03 2.304673e-05
3.465880e+01 3.982789e-03 2.425231e-05
3.465880e+01 4.300619e-03 2.546620e-05
3.465880e+01 4.643813e-03 2.668001e-05
3.465880e+01 5.014394e-03 2.788354e-05
3.465880e+01 5.414548e-03 2.906479e-05
3.465880e+01 5.846635e-03 3.021063e-05
3.465880e+01 6.313202e-03 3.130608e-05
3.465880e+01 6.817002e-03 3.233455e-05
3.465880e+01 7.361006e-03 3.327859e-05
3.465880e+01 7.948422e-03 3.411853e-05
3.465880e+01 8.582714e-03 3.483298e-05
3.465880e+01 9.267624e-03 3.540063e-05
3.465880e+01 1.000719e-02 3.579895e-05
3.465880e+01 1.080577e-02 3.600514e-05
3.465880e+01 1.166809e-02 3.599881e-05
3.465880e+01 1.259921e-02 3.576181e-05
3.465880e+01 1.360464e-02 3.527950e-05
3.465880e+01 1.469030e-02 3.454327e-05
3.465880e+01 1.586261e-02 3.355498e-05
3.465880e+01 1.712846e-02 3.232643e-05
3.465880e+01 1.849533e-02 3.087705e-05
3.465880e+01 1.997127e-02 2.924862e-05
3.465880e+01 2.156500e-02 2.749699e-05
3.465880e+01 2.328591e-02 2.567612e-05
3.465880e+01 2.514415e-02 2.386032e-05
3.465880e+01 2.715068e-02 2.212898e-05
3.465880e+01 2.931733e-02 2.054171e-05
3.465880e+01 3.165689e-02 1.914218e-05
3.465880e+01 3.418314e-02 1.795664e-05
3.465880e+01 3.691099e-02 1.696682e-05
3.465880e+01 3.985652e-02 1.611281e-05
3.465880e+01 4.303711e-02 1.529408e-05
3.465880e+01 4.647152e-02 1.438856e-05
3.465880e+01 5.017999e-02 1.329246e-05
3.465880e+01 5.418441e-02 1.231967e-05
3.465880e+01 5.850838e-02 1.182479e-05
3.465880e+01 6.317741e-02 1.129042e-05
3.465880e+01 6.821903e-02 1.071341e-05
3.465880e+01 7.366298e-02 1.006731e-05
3.465880e+01 7.954136e-02 9.134351e-06
3.465880e+01 8.588885e-02 8.126944e-06
3.465880e+01 9.274286e-02 7.039145e-06
3.465880e+01 1.001438e-01 5.864539e-06
3.465880e+01 1.081354e-01 5.199768e-06
3.465880e+01 1.167647e-01 4.769911e-06
3.465880e+01 1.260827e-01 4.305750e-06
3.465880e+01 1.361442e-01 3.804550e-06
3.465880e+01 1.470087e-01 3.318674e-06
3.465880e+01 1.587401e-01 3.029683e-06
3.465880e+01 1.714077e-01 2.717630e-06
3.465880e+01 1.850862e-01 2.380675e-06
3.465880e+01 1.998563e-01 2.016831e-06
3.465880e+01 2.158051e-01 1.818667e-06
3.465880e+01 2.330265e-01 1.643582e-06
3.465880e+01 2.516223e-01 1.454525e-06
3.465880e+01 2.717020e-01 1.250382e-06
3.465880e+01 2.933841e-01 1.087442e-06
3.465880e+01 3.167964e-01 9.845719e-07
3.465880e+01 3.420771e-01 8.734926e-07
3.465880e+01 3.693752e-01 7.535489e-07
3.465880e+01 3.988518e-01 6.295133e-07
3.465880e+01 4.306805e-01 5.724399e-07
3.465880e+01 4.650493e-01 5.108121e-07
3.465880e+01 5.021607e-01 4.442662e-07
3.465880e+01 5.422336e-01 3.724100e-07
3.465880e+01 5.855044e-01 3.263097e-07
3.465880e+01 6.322283e-01 2.912053e-07
3.465880e+01 6.826808e-01 2.532995e-07
3.465880e+01 7.371594e-01 2.123688e-07
3.465880e+01 7.959855e-01 1.765924e-07
3.465880e+01 8.595059e-01 1.577751e-07
3.465880e+01 9.280954e-01 1.374562e-07
3.465880e+01 1.002158e+00 1.155158e-07
3.465880e+01 1.082132e+00 9.182459e-08
3.465880e+01 1.168487e+00 8.139730e-08
3.465880e+01 1.261733e+00 7.142862e-08
3.465880e+01 1.362421e+00 6.066442e-08
3.465880e+01 1.471144e+00 4.904123e-08
3.465880e+01 1.588542e+00 4.097831e-08
3.465880e+01 1.715310e+00 3.620121e-08
3.465880e+01 1.852193e+00 3.104289e-08
3.465880e+01 2.000000e+00 2.547294e-08
3.537197e+01 1.000000e-03 0.000000e+00
3.537197e+01 1.079801e-03 0.000000e+00
3.537197e+01 1.165970e-03 0.000000e+00
3.537197e+01 1.259016e-03 0.000000e+00
3.537197e+01 1.359487e-03 0.000000e+00
3.537197e+01 1.467975e-03 0.000000e+00
3.537197e+01 1.585121e-03 0.000000e+00
3.537197e+01 1.711615e-03 0.000000e+00
3.537197e+01 1.848204e-03 0.000000e+00
3.537197e+01 1.995693e-03 0.000000e+00
3.537197e+01 2.154951e-03 0.000000e+00
3.537197e+01 2.326918e-03 0.000000e+00
3.537197e+01 2.512609e-03 0.000000e+00
3.537197e+01 2.713117e-03 0.000000e+00
3.537197e+01 2.929627e-03 0.000000e+00
3.537197e+01 3.163414e-03 0.000000e+00
3.537197e+01 3.415858e-03 0.000000e+00
3.537197e+01 3.688447e-03 0.000000e+00
3.537197e+01 3.982789e-03 0.000000e+00
3.537197e+01 4.300619e-03 0.000000e+00
3.537197e+01 4.643813e-03 0.000000e+00
3.537197e+01 5.014394e-03 0.000000e+00
3.537197e+01 5.414548e-03 0.000000e+00
3.537197e+01 5.846635e-03 0.000000e+00
3.537197e+01 6.313202e-03 0.000000e+00
3.537197e+01 6.817002e-03 0.000000e+00
3.537197e+01 7.361006e-03 0.000000e+00
3.537197e+01 7.948422e-03 0.000000e+00
3.537197e+01 8.582714e-03 0.000000e+00
3.537197e+01 9.267624e-03 0.000000e+00
3.537197e+01 1.000719e-02 0.000000e+00
3.537197e+01 1.080577e-02 0.000000e+00
3.537197e+01 1.166809e-02 0.000000e+00
3.537197e+01 1.259921e-02 0.000000e+00
3.537197e+01 1.360464e-02 0.000000e+00
3.537197e+01 1.469030e-02 0.000000e+00
3.537197e+01 1.586261e-02 0.000000e+00
3.537197e+01 1.712846e-02 0.000000e+00
3.537197e+01 1.849533e-02 0.000000e+00
3.537197e+01 1.997127e-02 0.000000e+00
3.537197e+01 2.156500e-02 0.000000e+00
3.537197e+01 2.328591e-02 0.000000e+00
3.537197e+01 2.514415e-02 0.000000e+00
3.537197e+01 2.715068e-02 0.000000e+00
3.537197e+01 2.931733e-02 0.000000e+00
3.537197e+01 3.165689e-02 0.000000e+00
3.537197e+01 3.418314e-02 0.000000e+00
3.537197e+01 3.691099e-02 0.000000e+00
3.537197e+01 3.985652e-02 0.000000e+00
3.537197e+01 4.303711e-02 0.000000e+00
3.537197e+01 4.647152e-02 0.000000e+00
3.537197e+01 5.017999e-02 0.000000e+00
3.537197e+01 5.418441e-02 0.000000e+00
3.537197e+01 5.850838e-02 0.000000e+00
3.537197e+01 6.317741e-02 0.000000e+00
3.537197e+01 6.821903e-02 0.000000e+00
3.537197e+01 7.366298e-02 0.000000e+00
3.537197e+01 7.954136e-02 0.000000e+00
3.537197e+01 8.588885e-02 0.000000e+00
3.537197e+01 9.274286e-02 0.000000e+00
3.537197e+01 1.001438e-01 0.000000e+00
3.537197e+01 1.081354e-01 0.000000e+00
3.537197e+01 1.167647e-01 0.000000e+00
3.537197e+01 1.260827e-01 0.000000e+00
3.537197e+01 1.361442e-01 0.000000e+00
3.537197e+01 1.470087e-01 0.000000e+00
3.537197e+01 1.587401e-01 0.000000e+00
3.537197e+01 1.714077e-01 0.000000e+00
3.537197e+01 1.850862e-01 0.000000e+00
3.537197e+01 1.998563e-01 0.000000e+00
3.537197e+01 2.158051e-01 0.000000e+00
3.537197e+01 2.330265e-01 0.000000e+00
3.537197e+01 2.516223e-01 0.000000e+00
3.537197e+01 2.717020e-01 0.000000e+00
3.537197e+01 2.933841e-01 0.000000e+00
3.537197e+01 3.167964e-01 0.000000e+00
3.537197e+01 3.420771e-01 0.000000e+00
3.537197e+01 3.693752e-01 0.000000e+00
3.537197e+01 3.988518e-01 0.000000e+00
3.537197e+01 4.306805e-01 0.000000e+00
3.537197e+01 4.650493e-01 0.000000e+00
3.537197e+01 5.021607e-01 0.000000e+00
3.537197e+01 5.422336e-01 0.000000e+00
3.537197e+01 5.855044e-01 0.000000e+00
3.537197e+01 6.322283e-01 0.000000e+00
3.537197e+01 6.826808e-01 0.000000e+00
3.537197e+01 7.371594e-01 0.000000e+00
3.537197e+01 7.959855e-01 -7.580347e-24
3.537197e+01 8.595059e-01 1.010713e-23
3.537197e+01 9.280954e-01 0.000000e+00
3.537197e+01 1.002158e+00 0.000000e+00
3.537197e+01 1.082132e+00 0.000000e+00
3.537197e+01 1.168487e+00 0.000000e+00
3.537197e+01 1.261733e+00 0.000000e+00
3.537197e+01 1.362421e+00 0.000000e+00
3.537197e+01 1.471144e+00 0.000000e+00
3.537197e+01 1.588542e+00 0.000000e+00
3.537197e+01 1.715310e+00 0.000000e+00
3.537197e+01 1.852193e+00 0.000000e+00
3.537197e+01 2.000000e+00 0.000000e+00
