5.000000e+00 1.000000e-03 0.000000e+00
5.000000e+00 1.079801e-03 0.000000e+00
5.000000e+00 1.165970e-03 0.000000e+00
5.000000e+00 1.259016e-03 0.000000e+00
5.000000e+00 1.359487e-03 0.000000e+00
5.000000e+00 1.467975e-03 0.000000e+00
5.000000e+00 1.585121e-03 0.000000e+00
5.000000e+00 1.711615e-03 0.000000e+00
5.000000e+00 1.848204e-03 0.000000e+00
5.000000e+00 1.995693e-03 0.000000e+00
5.000000e+00 2.154951e-03 0.000000e+00
5.000000e+00 2.326918e-03 0.000000e+00
5.000000e+00 2.512609e-03 0.000000e+00
5.000000e+00 2.713117e-03 0.000000e+00
5.000000e+00 2.929627e-03 0.000000e+00
5.000000e+00 3.163414e-03 0.000000e+00
5.000000e+00 3.415858e-03 0.000000e+00
5.000000e+00 3.688447e-03 0.000000e+00
5.000000e+00 3.982789e-03 0.000000e+00
5.000000e+00 4.300619e-03 0.000000e+00
5.000000e+00 4.643813e-03 0.000000e+00
5.000000e+00 5.014394e-03 0.000000e+00
5.000000e+00 5.414548e-03 0.000000e+00
5.000000e+00 5.846635e-03 0.000000e+00
5.000000e+00 6.313202e-03 0.000000e+00
5.000000e+00 6.817002e-03 0.000000e+00
5.000000e+00 7.361006e-03 0.000000e+00
5.000000e+00 7.948422e-03 0.000000e+00
5.000000e+00 8.582714e-03 0.000000e+00
5.000000e+00 9.267624e-03 0.000000e+00
5.000000e+00 1.000719e-02 0.000000e+00
5.000000e+00 1.080577e-02 0.000000e+00
5.000000e+00 1.166809e-02 0.000000e+00
5.000000e+00 1.259921e-02 0.000000e+00
5.000000e+00 1.360464e-02 0.000000e+00
5.000000e+00 1.469030e-02 0.000000e+00
5.000000e+00 1.586261e-02 0.000000e+00
5.000000e+00 1.712846e-02 0.000000e+00
5.000000e+00 1.849533e-02 0.000000e+00
5.000000e+00 1.997127e-02 0.000000e+00
5.000000e+00 2.156500e-02 0.000000e+00
5.000000e+00 2.328591e-02 0.000000e+00
5.000000e+00 2.514415e-02 0.000000e+00
5.000000e+00 2.715068e-02 0.000000e+00
5.000000e+00 2.931733e-02 0.000000e+00
5.000000e+00 3.165689e-02 0.000000e+00
5.000000e+00 3.418314e-02 0.000000e+00
5.000000e+00 3.691099e-02 0.000000e+00
5.000000e+00 3.985652e-02 0.000000e+00
5.000000e+00 4.303711e-02 0.000000e+00
5.000000e+00 4.647152e-02 0.000000e+00
5.000000e+00 5.017999e-02 0.000000e+00
5.000000e+00 5.418441e-02 0.000000e+00
5.000000e+00 5.850838e-02 0.000000e+00
5.000000e+00 6.317741e-02 0.000000e+00
5.000000e+00 6.821903e-02 0.000000e+00
5.000000e+00 7.366298e-02 0.000000e+00
5.000000e+00 7.954136e-02 0.000000e+00
5.000000e+00 8.588885e-02 0.000000e+00
5.000000e+00 9.274286e-02 0.000000e+00
5.000000e+00 1.001438e-01 0.000000e+00
5.000000e+00 1.081354e-01 0.000000e+00
5.000000e+00 1.167647e-01 0.000000e+00
5.000000e+00 1.260827e-01 0.000000e+00
5.000000e+00 1.361442e-01 0.000000e+00
5.000000e+00 1.470087e-01 0.000000e+00
5.000000e+00 1.587401e-01 0.000000e+00
5.000000e+00 1.714077e-01 0.000000e+00
5.000000e+00 1.850862e-01 0.000000e+00
5.000000e+00 1.998563e-01 0.000000e+00
5.000000e+00 2.158051e-01 0.000000e+00
5.000000e+00 2.330265e-01 0.000000e+00
5.000000e+00 2.516223e-01 0.000000e+00
5.000000e+00 2.717020e-01 0.000000e+00
5.000000e+00 2.933841e-01 0.000000e+00
5.000000e+00 3.167964e-01 0.000000e+00
5.000000e+00 3.420771e-01 0.000000e+00
5.000000e+00 3.693752e-01 0.000000e+00
5.000000e+00 3.988518e-01 0.000000e+00
5.000000e+00 4.306805e-01 0.000000e+00
5.000000e+00 4.650493e-01 0.000000e+00
5.000000e+00 5.021607e-01 0.000000e+00
5.000000e+00 5.422336e-01 0.000000e+00
5.000000e+00 5.855044e-01 0.000000e+00
5.000000e+00 6.322283e-01 0.000000e+00
5.000000e+00 6.826808e-01 0.000000e+00
5.000000e+00 7.371594e-01 0.000000e+00
5.000000e+00 7.959855e-01 0.000000e+00
5.000000e+00 8.595059e-01 0.000000e+00
5.000000e+00 9.280954e-01 0.000000e+00
5.000000e+00 1.002158e+00 0.000000e+00
5.000000e+00 1.082132e+00 0.000000e+00
5.000000e+00 1.168487e+00 0.000000e+00
5.000000e+00 1.261733e+00 0.000000e+00
5.000000e+00 1.362421e+00 0.000000e+00
5.000000e+00 1.471144e+00 0.000000e+00
5.000000e+00 1.588542e+00 0.000000e+00
5.000000e+00 1.715310e+00 0.000000e+00
5.000000e+00 1.852193e+00 0.000000e+00
5.000000e+00 2.000000e+00 0.000000e+00
5.120000e+00 1.000000e-03 0.000000e+00
5.120000e+00 1.079801e-03 0.000000e+00
5.120000e+00 1.165970e-03 0.000000e+00
5.120000e+00 1.259016e-03 0.000000e+00
5.120000e+00 1.359487e-03 0.000000e+00
5.120000e+00 1.467975e-03 0.000000e+00
5.120000e+00 1.585121e-03 0.000000e+00
5.120000e+00 1.711615e-03 0.000000e+00
5.120000e+00 1.848204e-03 0.000000e+00
5.120000e+00 1.995693e-03 0.000000e+00
5.120000e+00 2.154951e-03 0.000000e+00
5.120000e+00 2.326918e-03 0.000000e+00
5.120000e+00 2.512609e-03 0.000000e+00
5.120000e+00 2.713117e-03 0.000000e+00
5.120000e+00 2.929627e-03 0.000000e+00
5.120000e+00 3.163414e-03 0.000000e+00
5.120000e+00 3.415858e-03 0.000000e+00
5.120000e+00 3.688447e-03 0.000000e+00
5.120000e+00 3.982789e-03 0.000000e+00
5.120000e+00 4.300619e-03 0.000000e+00
5.120000e+00 4.643813e-03 0.000000e+00
5.120000e+00 5.014394e-03 0.000000e+00
5.120000e+00 5.414548e-03 0.000000e+00
5.120000e+00 5.846635e-03 0.000000e+00
5.120000e+00 6.313202e-03 0.000000e+00
5.120000e+00 6.817002e-03 0.000000e+00
5.120000e+00 7.361006e-03 0.000000e+00
5.120000e+00 7.948422e-03 0.000000e+00
5.120000e+00 8.582714e-03 0.000000e+00
5.120000e+00 9.267624e-03 0.000000e+00
5.120000e+00 1.000719e-02 0.000000e+00
5.120000e+00 1.080577e-02 0.000000e+00
5.120000e+00 1.166809e-02 0.000000e+00
5.120000e+00 1.259921e-02 0.000000e+00
5.120000e+00 1.360464e-02 0.000000e+00
5.120000e+00 1.469030e-02 0.000000e+00
5.120000e+00 1.586261e-02 0.000000e+00
5.120000e+00 1.712846e-02 0.000000e+00
5.120000e+00 1.849533e-02 0.000000e+00
5.120000e+00 1.997127e-02 0.000000e+00
5.120000e+00 2.156500e-02 0.000000e+00
5.120000e+00 2.328591e-02 0.000000e+00
5.120000e+00 2.514415e-02 0.000000e+00
5.120000e+00 2.715068e-02 0.000000e+00
5.120000e+00 2.931733e-02 0.000000e+00
5.120000e+00 3.165689e-02 0.000000e+00
5.120000e+00 3.418314e-02 0.000000e+00
5.120000e+00 3.691099e-02 0.000000e+00
5.120000e+00 3.985652e-02 0.000000e+00
5.120000e+00 4.303711e-02 0.000000e+00
5.120000e+00 4.647152e-02 0.000000e+00
5.120000e+00 5.017999e-02 0.000000e+00
5.120000e+00 5.418441e-02 0.000000e+00
5.120000e+00 5.850838e-02 0.000000e+00
5.120000e+00 6.317741e-02 0.000000e+00
5.120000e+00 6.821903e-02 0.000000e+00
5.120000e+00 7.366298e-02 0.000000e+00
5.120000e+00 7.954136e-02 0.000000e+00
5.120000e+00 8.588885e-02 0.000000e+00
5.120000e+00 9.274286e-02 0.000000e+00
5.120000e+00 1.001438e-01 0.000000e+00
5.120000e+00 1.081354e-01 0.000000e+00
5.120000e+00 1.167647e-01 0.000000e+00
5.120000e+00 1.260827e-01 0.000000e+00
5.120000e+00 1.361442e-01 0.000000e+00
5.120000e+00 1.470087e-01 0.000000e+00
5.120000e+00 1.587401e-01 0.000000e+00
5.120000e+00 1.714077e-01 0.000000e+00
5.120000e+00 1.850862e-01 0.000000e+00
5.120000e+00 1.998563e-01 0.000000e+00
5.120000e+00 2.158051e-01 0.000000e+00
5.120000e+00 2.330265e-01 0.000000e+00
5.120000e+00 2.516223e-01 0.000000e+00
5.120000e+00 2.717020e-01 0.000000e+00
5.120000e+00 2.933841e-01 0.000000e+00
5.120000e+00 3.167964e-01 0.000000e+00
5.120000e+00 3.420771e-01 0.000000e+00
5.120000e+00 3.693752e-01 0.000000e+00
5.120000e+00 3.988518e-01 0.000000e+00
5.120000e+00 4.306805e-01 0.000000e+00
5.120000e+00 4.650493e-01 0.000000e+00
5.120000e+00 5.021607e-01 0.000000e+00
5.120000e+00 5.422336e-01 0.000000e+00
5.120000e+00 5.855044e-01 0.000000e+00
5.120000e+00 6.322283e-01 0.000000e+00
5.120000e+00 6.826808e-01 0.000000e+00
5.120000e+00 7.371594e-01 0.000000e+00
5.120000e+00 7.959855e-01 0.000000e+00
5.120000e+00 8.595059e-01 0.000000e+00
5.120000e+00 9.280954e-01 0.000000e+00
5.120000e+00 1.002158e+00 0.000000e+00
5.120000e+00 1.082132e+00 0.000000e+00
5.120000e+00 1.168487e+00 0.000000e+00
5.120000e+00 1.261733e+00 0.000000e+00
5.120000e+00 1.362421e+00 0.000000e+00
5.120000e+00 1.471144e+00 0.000000e+00
5.120000e+00 1.588542e+00 0.000000e+00
5.120000e+00 1.715310e+00 0.000000e+00
5.120000e+00 1.852193e+00 0.000000e+00
5.120000e+00 2.000000e+00 0.000000e+00
5.242400e+00 1.000000e-03 0.000000e+00
5.242400e+00 1.079801e-03 0.000000e+00
5.242400e+00 1.165970e-03 0.000000e+00
5.242400e+00 1.259016e-03 0.000000e+00
5.242400e+00 1.359487e-03 0.000000e+00
5.242400e+00 1.467975e-03 0.000000e+00
5.242400e+00 1.585121e-03 0.000000e+00
5.242400e+00 1.711615e-03 0.000000e+00
5.242400e+00 1.848204e-03 0.000000e+00
5.242400e+00 1.995693e-03 0.000000e+00
5.242400e+00 2.154951e-03 0.000000e+00
5.242400e+00 2.326918e-03 0.000000e+00
5.242400e+00 2.512609e-03 0.000000e+00
5.242400e+00 2.713117e-03 0.000000e+00
5.242400e+00 2.929627e-03 0.000000e+00
5.242400e+00 3.163414e-03 0.000000e+00
5.242400e+00 3.415858e-03 0.000000e+00
5.242400e+00 3.688447e-03 0.000000e+00
5.242400e+00 3.982789e-03 0.000000e+00
5.242400e+00 4.300619e-03 0.000000e+00
5.242400e+00 4.643813e-03 0.000000e+00
5.242400e+00 5.014394e-03 0.000000e+00
5.242400e+00 5.414548e-03 0.000000e+00
5.242400e+00 5.846635e-03 0.000000e+00
5.242400e+00 6.313202e-03 0.000000e+00
5.242400e+00 6.817002e-03 0.000000e+00
5.242400e+00 7.361006e-03 0.000000e+00
5.242400e+00 7.948422e-03 0.000000e+00
5.242400e+00 8.582714e-03 0.000000e+00
5.242400e+00 9.267624e-03 0.000000e+00
5.242400e+00 1.000719e-02 0.000000e+00
5.242400e+00 1.080577e-02 0.000000e+00
5.242400e+00 1.166809e-02 0.000000e+00
5.242400e+00 1.259921e-02 0.000000e+00
5.242400e+00 1.360464e-02 0.000000e+00
5.242400e+00 1.469030e-02 0.000000e+00
5.242400e+00 1.586261e-02 0.000000e+00
5.242400e+00 1.712846e-02 0.000000e+00
5.242400e+00 1.849533e-02 0.000000e+00
5.242400e+00 1.997127e-02 0.000000e+00
5.242400e+00 2.156500e-02 0.000000e+00
5.242400e+00 2.328591e-02 0.000000e+00
5.242400e+00 2.514415e-02 0.000000e+00
5.242400e+00 2.715068e-02 0.000000e+00
5.242400e+00 2.931733e-02 0.000000e+00
5.242400e+00 3.165689e-02 0.000000e+00
5.242400e+00 3.418314e-02 0.000000e+00
5.242400e+00 3.691099e-02 0.000000e+00
5.242400e+00 3.985652e-02 0.000000e+00
5.242400e+00 4.303711e-02 0.000000e+00
5.242400e+00 4.647152e-02 0.000000e+00
5.242400e+00 5.017999e-02 0.000000e+00
5.242400e+00 5.418441e-02 0.000000e+00
5.242400e+00 5.850838e-02 0.000000e+00
5.242400e+00 6.317741e-02 0.000000e+00
5.242400e+00 6.821903e-02 0.000000e+00
5.242400e+00 7.366298e-02 0.000000e+00
5.242400e+00 7.954136e-02 0.000000e+00
5.242400e+00 8.588885e-02 0.000000e+00
5.242400e+00 9.274286e-02 0.000000e+00
5.242400e+00 1.001438e-01 0.000000e+00
5.242400e+00 1.081354e-01 0.000000e+00
5.242400e+00 1.167647e-01 0.000000e+00
5.242400e+00 1.260827e-01 0.000000e+00
5.242400e+00 1.361442e-01 0.000000e+00
5.242400e+00 1.470087e-01 0.000000e+00
5.242400e+00 1.587401e-01 0.000000e+00
5.242400e+00 1.714077e-01 0.000000e+00
5.242400e+00 1.850862e-01 0.000000e+00
5.242400e+00 1.998563e-01 0.000000e+00
5.242400e+00 2.158051e-01 0.000000e+00
5.242400e+00 2.330265e-01 0.000000e+00
5.242400e+00 2.516223e-01 0.000000e+00
5.242400e+00 2.717020e-01 0.000000e+00
5.242400e+00 2.933841e-01 0.000000e+00
5.242400e+00 3.167964e-01 0.000000e+00
5.242400e+00 3.420771e-01 0.000000e+00
5.242400e+00 3.693752e-01 0.000000e+00
5.242400e+00 3.988518e-01 0.000000e+00
5.242400e+00 4.306805e-01 0.000000e+00
5.242400e+00 4.650493e-01 0.000000e+00
5.242400e+00 5.021607e-01 0.000000e+00
5.242400e+00 5.422336e-01 0.000000e+00
5.242400e+00 5.855044e-01 0.000000e+00
5.242400e+00 6.322283e-01 0.000000e+00
5.242400e+00 6.826808e-01 0.000000e+00
5.242400e+00 7.371594e-01 0.000000e+00
5.242400e+00 7.959855e-01 0.000000e+00
5.242400e+00 8.595059e-01 0.000000e+00
5.242400e+00 9.280954e-01 0.000000e+00
5.242400e+00 1.002158e+00 0.000000e+00
5.242400e+00 1.082132e+00 0.000000e+00
5.242400e+00 1.168487e+00 0.000000e+00
5.242400e+00 1.261733e+00 0.000000e+00
5.242400e+00 1.362421e+00 0.000000e+00
5.242400e+00 1.471144e+00 0.000000e+00
5.242400e+00 1.588542e+00 0.000000e+00
5.242400e+00 1.715310e+00 0.000000e+00
5.242400e+00 1.852193e+00 0.000000e+00
5.242400e+00 2.000000e+00 0.000000e+00
5.367248e+00 1.000000e-03 0.000000e+00
5.367248e+00 1.079801e-03 0.000000e+00
5.367248e+00 1.165970e-03 0.000000e+00
5.367248e+00 1.259016e-03 0.000000e+00
5.367248e+00 1.359487e-03 0.000000e+00
5.367248e+00 1.467975e-03 0.000000e+00
5.367248e+00 1.585121e-03 0.000000e+00
5.367248e+00 1.711615e-03 0.000000e+00
5.367248e+00 1.848204e-03 0.000000e+00
5.367248e+00 1.995693e-03 0.000000e+00
5.367248e+00 2.154951e-03 0.000000e+00
5.367248e+00 2.326918e-03 0.000000e+00
5.367248e+00 2.512609e-03 0.000000e+00
5.367248e+00 2.713117e-03 0.000000e+00
5.367248e+00 2.929627e-03 0.000000e+00
5.367248e+00 3.163414e-03 0.000000e+00
5.367248e+00 3.415858e-03 0.000000e+00
5.367248e+00 3.688447e-03 0.000000e+00
5.367248e+00 3.982789e-03 0.000000e+00
5.367248e+00 4.300619e-03 0.000000e+00
5.367248e+00 4.643813e-03 0.000000e+00
5.367248e+00 5.014394e-03 0.000000e+00
5.367248e+00 5.414548e-03 0.000000e+00
5.367248e+00 5.846635e-03 0.000000e+00
5.367248e+00 6.313202e-03 0.000000e+00
5.367248e+00 6.817002e-03 0.000000e+00
5.367248e+00 7.361006e-03 0.000000e+00
5.367248e+00 7.948422e-03 0.000000e+00
5.367248e+00 8.582714e-03 0.000000e+00
5.367248e+00 9.267624e-03 0.000000e+00
5.367248e+00 1.000719e-02 0.000000e+00
5.367248e+00 1.080577e-02 0.000000e+00
5.367248e+00 1.166809e-02 0.000000e+00
5.367248e+00 1.259921e-02 0.000000e+00
5.367248e+00 1.360464e-02 0.000000e+00
5.367248e+00 1.469030e-02 0.000000e+00
5.367248e+00 1.586261e-02 0.000000e+00
5.367248e+00 1.712846e-02 0.000000e+00
5.367248e+00 1.849533e-02 0.000000e+00
5.367248e+00 1.997127e-02 0.000000e+00
5.367248e+00 2.156500e-02 0.000000e+00
5.367248e+00 2.328591e-02 0.000000e+00
5.367248e+00 2.514415e-02 0.000000e+00
5.367248e+00 2.715068e-02 0.000000e+00
5.367248e+00 2.931733e-02 0.000000e+00
5.367248e+00 3.165689e-02 0.000000e+00
5.367248e+00 3.418314e-02 0.000000e+00
5.367248e+00 3.691099e-02 0.000000e+00
5.367248e+00 3.985652e-02 0.000000e+00
5.367248e+00 4.303711e-02 0.000000e+00
5.367248e+00 4.647152e-02 0.000000e+00
5.367248e+00 5.017999e-02 0.000000e+00
5.367248e+00 5.418441e-02 0.000000e+00
5.367248e+00 5.850838e-02 0.000000e+00
5.367248e+00 6.317741e-02 0.000000e+00
5.367248e+00 6.821903e-02 0.000000e+00
5.367248e+00 7.366298e-02 0.000000e+00
5.367248e+00 7.954136e-02 0.000000e+00
5.367248e+00 8.588885e-02 0.000000e+00
5.367248e+00 9.274286e-02 0.000000e+00
5.367248e+00 1.001438e-01 0.000000e+00
5.367248e+00 1.081354e-01 0.000000e+00
5.367248e+00 1.167647e-01 0.000000e+00
5.367248e+00 1.260827e-01 0.000000e+00
5.367248e+00 1.361442e-01 0.000000e+00
5.367248e+00 1.470087e-01 0.000000e+00
5.367248e+00 1.587401e-01 0.000000e+00
5.367248e+00 1.714077e-01 0.000000e+00
5.367248e+00 1.850862e-01 0.000000e+00
5.367248e+00 1.998563e-01 0.000000e+00
5.367248e+00 2.158051e-01 0.000000e+00
5.367248e+00 2.330265e-01 0.000000e+00
5.367248e+00 2.516223e-01 0.000000e+00
5.367248e+00 2.717020e-01 0.000000e+00
5.367248e+00 2.933841e-01 0.000000e+00
5.367248e+00 3.167964e-01 0.000000e+00
5.367248e+00 3.420771e-01 0.000000e+00
5.367248e+00 3.693752e-01 0.000000e+00
5.367248e+00 3.988518e-01 0.000000e+00
5.367248e+00 4.306805e-01 0.000000e+00
5.367248e+00 4.650493e-01 0.000000e+00
5.367248e+00 5.021607e-01 0.000000e+00
5.367248e+00 5.422336e-01 0.000000e+00
5.367248e+00 5.855044e-01 0.000000e+00
5.367248e+00 6.322283e-01 0.000000e+00
5.367248e+00 6.826808e-01 0.000000e+00
5.367248e+00 7.371594e-01 0.000000e+00
5.367248e+00 7.959855e-01 0.000000e+00
5.367248e+00 8.595059e-01 0.000000e+00
5.367248e+00 9.280954e-01 0.000000e+00
5.367248e+00 1.002158e+00 0.000000e+00
5.367248e+00 1.082132e+00 0.000000e+00
5.367248e+00 1.168487e+00 0.000000e+00
5.367248e+00 1.261733e+00 0.000000e+00
5.367248e+00 1.362421e+00 0.000000e+00
5.367248e+00 1.471144e+00 0.000000e+00
5.367248e+00 1.588542e+00 0.000000e+00
5.367248e+00 1.715310e+00 0.000000e+00
5.367248e+00 1.852193e+00 0.000000e+00
5.367248e+00 2.000000e+00 0.000000e+00
5.494593e+00 1.000000e-03 0.000000e+00
5.494593e+00 1.079801e-03 0.000000e+00
5.494593e+00 1.165970e-03 0.000000e+00
5.494593e+00 1.259016e-03 0.000000e+00
5.494593e+00 1.359487e-03 0.000000e+00
5.494593e+00 1.467975e-03 0.000000e+00
5.494593e+00 1.585121e-03 0.000000e+00
5.494593e+00 1.711615e-03 0.000000e+00
5.494593e+00 1.848204e-03 0.000000e+00
5.494593e+00 1.995693e-03 0.000000e+00
5.494593e+00 2.154951e-03 0.000000e+00
5.494593e+00 2.326918e-03 0.000000e+00
5.494593e+00 2.512609e-03 0.000000e+00
5.494593e+00 2.713117e-03 0.000000e+00
5.494593e+00 2.929627e-03 0.000000e+00
5.494593e+00 3.163414e-03 0.000000e+00
5.494593e+00 3.415858e-03 0.000000e+00
5.494593e+00 3.688447e-03 0.000000e+00
5.494593e+00 3.982789e-03 0.000000e+00
5.494593e+00 4.300619e-03 0.000000e+00
5.494593e+00 4.643813e-03 0.000000e+00
5.494593e+00 5.014394e-03 0.000000e+00
5.494593e+00 5.414548e-03 0.000000e+00
5.494593e+00 5.846635e-03 0.000000e+00
5.494593e+00 6.313202e-03 0.000000e+00
5.494593e+00 6.817002e-03 0.000000e+00
5.494593e+00 7.361006e-03 0.000000e+00
5.494593e+00 7.948422e-03 0.000000e+00
5.494593e+00 8.582714e-03 0.000000e+00
5.494593e+00 9.267624e-03 0.000000e+00
5.494593e+00 1.000719e-02 0.000000e+00
5.494593e+00 1.080577e-02 0.000000e+00
5.494593e+00 1.166809e-02 0.000000e+00
5.494593e+00 1.259921e-02 0.000000e+00
5.494593e+00 1.360464e-02 0.000000e+00
5.494593e+00 1.469030e-02 0.000000e+00
5.494593e+00 1.586261e-02 0.000000e+00
5.494593e+00 1.712846e-02 0.000000e+00
5.494593e+00 1.849533e-02 0.000000e+00
5.494593e+00 1.997127e-02 0.000000e+00
5.494593e+00 2.156500e-02 0.000000e+00
5.494593e+00 2.328591e-02 0.000000e+00
5.494593e+00 2.514415e-02 0.000000e+00
5.494593e+00 2.715068e-02 0.000000e+00
5.494593e+00 2.931733e-02 0.000000e+00
5.494593e+00 3.165689e-02 0.000000e+00
5.494593e+00 3.418314e-02 0.000000e+00
5.494593e+00 3.691099e-02 0.000000e+00
5.494593e+00 3.985652e-02 0.000000e+00
5.494593e+00 4.303711e-02 0.000000e+00
5.494593e+00 4.647152e-02 0.000000e+00
5.494593e+00 5.017999e-02 0.000000e+00
5.494593e+00 5.418441e-02 0.000000e+00
5.494593e+00 5.850838e-02 0.000000e+00
5.494593e+00 6.317741e-02 0.000000e+00
5.494593e+00 6.821903e-02 0.000000e+00
5.494593e+00 7.366298e-02 0.000000e+00
5.494593e+00 7.954136e-02 0.000000e+00
5.494593e+00 8.588885e-02 0.000000e+00
5.494593e+00 9.274286e-02 0.000000e+00
5.494593e+00 1.001438e-01 0.000000e+00
5.494593e+00 1.081354e-01 0.000000e+00
5.494593e+00 1.167647e-01 0.000000e+00
5.494593e+00 1.260827e-01 0.000000e+00
5.494593e+00 1.361442e-01 0.000000e+00
5.494593e+00 1.470087e-01 0.000000e+00
5.494593e+00 1.587401e-01 0.000000e+00
5.494593e+00 1.714077e-01 0.000000e+00
5.494593e+00 1.850862e-01 0.000000e+00
5.494593e+00 1.998563e-01 0.000000e+00
5.494593e+00 2.158051e-01 0.000000e+00
5.494593e+00 2.330265e-01 0.000000e+00
5.494593e+00 2.516223e-01 0.000000e+00
5.494593e+00 2.717020e-01 0.000000e+00
5.494593e+00 2.933841e-01 0.000000e+00
5.494593e+00 3.167964e-01 0.000000e+00
5.494593e+00 3.420771e-01 0.000000e+00
5.494593e+00 3.693752e-01 0.000000e+00
5.494593e+00 3.988518e-01 0.000000e+00
5.494593e+00 4.306805e-01 0.000000e+00
5.494593e+00 4.650493e-01 0.000000e+00
5.494593e+00 5.021607e-01 0.000000e+00
5.494593e+00 5.422336e-01 0.000000e+00
5.494593e+00 5.855044e-01 0.000000e+00
5.494593e+00 6.322283e-01 0.000000e+00
5.494593e+00 6.826808e-01 0.000000e+00
5.494593e+00 7.371594e-01 0.000000e+00
5.494593e+00 7.959855e-01 0.000000e+00
5.494593e+00 8.595059e-01 0.000000e+00
5.494593e+00 9.280954e-01 0.000000e+00
5.494593e+00 1.002158e+00 0.000000e+00
5.494593e+00 1.082132e+00 0.000000e+00
5.494593e+00 1.168487e+00 0.000000e+00
5.494593e+00 1.261733e+00 0.000000e+00
5.494593e+00 1.362421e+00 0.000000e+00
5.494593e+00 1.471144e+00 0.000000e+00
5.494593e+00 1.588542e+00 0.000000e+00
5.494593e+00 1.715310e+00 0.000000e+00
5.494593e+00 1.852193e+00 0.000000e+00
5.494593e+00 2.000000e+00 0.000000e+00
5.624485e+00 1.000000e-03 0.000000e+00
5.624485e+00 1.079801e-03 0.000000e+00
5.624485e+00 1.165970e-03 0.000000e+00
5.624485e+00 1.259016e-03 0.000000e+00
5.624485e+00 1.359487e-03 0.000000e+00
5.624485e+00 1.467975e-03 0.000000e+00
5.624485e+00 1.585121e-03 0.000000e+00
5.624485e+00 1.711615e-03 0.000000e+00
5.624485e+00 1.848204e-03 0.000000e+00
5.624485e+00 1.995693e-03 0.000000e+00
5.624485e+00 2.154951e-03 0.000000e+00
5.624485e+00 2.326918e-03 0.000000e+00
5.624485e+00 2.512609e-03 0.000000e+00
5.624485e+00 2.713117e-03 0.000000e+00
5.624485e+00 2.929627e-03 0.000000e+00
5.624485e+00 3.163414e-03 0.000000e+00
5.624485e+00 3.415858e-03 0.000000e+00
5.624485e+00 3.688447e-03 0.000000e+00
5.624485e+00 3.982789e-03 0.000000e+00
5.624485e+00 4.300619e-03 0.000000e+00
5.624485e+00 4.643813e-03 0.000000e+00
5.624485e+00 5.014394e-03 0.000000e+00
5.624485e+00 5.414548e-03 0.000000e+00
5.624485e+00 5.846635e-03 0.000000e+00
5.624485e+00 6.313202e-03 0.000000e+00
5.624485e+00 6.817002e-03 0.000000e+00
5.624485e+00 7.361006e-03 0.000000e+00
5.624485e+00 7.948422e-03 0.000000e+00
5.624485e+00 8.582714e-03 0.000000e+00
5.624485e+00 9.267624e-03 0.000000e+00
5.624485e+00 1.000719e-02 0.000000e+00
5.624485e+00 1.080577e-02 0.000000e+00
5.624485e+00 1.166809e-02 0.000000e+00
5.624485e+00 1.259921e-02 0.000000e+00
5.624485e+00 1.360464e-02 0.000000e+00
5.624485e+00 1.469030e-02 0.000000e+00
5.624485e+00 1.586261e-02 0.000000e+00
5.624485e+00 1.712846e-02 0.000000e+00
5.624485e+00 1.849533e-02 0.000000e+00
5.624485e+00 1.997127e-02 0.000000e+00
5.624485e+00 2.156500e-02 0.000000e+00
5.624485e+00 2.328591e-02 0.000000e+00
5.624485e+00 2.514415e-02 0.000000e+00
5.624485e+00 2.715068e-02 0.000000e+00
5.624485e+00 2.931733e-02 0.000000e+00
5.624485e+00 3.165689e-02 0.000000e+00
5.624485e+00 3.418314e-02 0.000000e+00
5.624485e+00 3.691099e-02 0.000000e+00
5.624485e+00 3.985652e-02 0.000000e+00
5.624485e+00 4.303711e-02 0.000000e+00
5.624485e+00 4.647152e-02 0.000000e+00
5.624485e+00 5.017999e-02 0.000000e+00
5.624485e+00 5.418441e-02 0.000000e+00
5.624485e+00 5.850838e-02 0.000000e+00
5.624485e+00 6.317741e-02 0.000000e+00
5.624485e+00 6.821903e-02 0.000000e+00
5.624485e+00 7.366298e-02 0.000000e+00
5.624485e+00 7.954136e-02 0.000000e+00
5.624485e+00 8.588885e-02 0.000000e+00
5.624485e+00 9.274286e-02 0.000000e+00
5.624485e+00 1.001438e-01 -5.361790e-18
5.624485e+00 1.081354e-01 0.000000e+00
5.624485e+00 1.167647e-01 0.000000e+00
5.624485e+00 1.260827e-01 0.000000e+00
5.624485e+00 1.361442e-01 0.000000e+00
5.624485e+00 1.470087e-01 0.000000e+00
5.624485e+00 1.587401e-01 0.000000e+00
5.624485e+00 1.714077e-01 0.000000e+00
5.624485e+00 1.850862e-01 0.000000e+00
5.624485e+00 1.998563e-01 0.000000e+00
5.624485e+00 2.158051e-01 0.000000e+00
5.624485e+00 2.330265e-01 0.000000e+00
5.624485e+00 2.516223e-01 0.000000e+00
5.624485e+00 2.717020e-01 0.000000e+00
5.624485e+00 2.933841e-01 0.000000e+00
5.624485e+00 3.167964e-01 0.000000e+00
5.624485e+00 3.420771e-01 0.000000e+00
5.624485e+00 3.693752e-01 0.000000e+00
5.624485e+00 3.988518e-01 0.000000e+00
5.624485e+00 4.306805e-01 0.000000e+00
5.624485e+00 4.650493e-01 0.000000e+00
5.624485e+00 5.021607e-01 0.000000e+00
5.624485e+00 5.422336e-01 0.000000e+00
5.624485e+00 5.855044e-01 0.000000e+00
5.624485e+00 6.322283e-01 0.000000e+00
5.624485e+00 6.826808e-01 0.000000e+00
5.624485e+00 7.371594e-01 0.000000e+00
5.624485e+00 7.959855e-01 0.000000e+00
5.624485e+00 8.595059e-01 0.000000e+00
5.624485e+00 9.280954e-01 0.000000e+00
5.624485e+00 1.002158e+00 0.000000e+00
5.624485e+00 1.082132e+00 0.000000e+00
5.624485e+00 1.168487e+00 0.000000e+00
5.624485e+00 1.261733e+00 0.000000e+00
5.624485e+00 1.362421e+00 0.000000e+00
5.624485e+00 1.471144e+00 0.000000e+00
5.624485e+00 1.588542e+00 0.000000e+00
5.624485e+00 1.715310e+00 0.000000e+00
5.624485e+00 1.852193e+00 0.000000e+00
5.624485e+00 2.000000e+00 0.000000e+00
5.756975e+00 1.000000e-03 -1.367855e-01
5.756975e+00 1.079801e-03 -1.466510e-01
5.756975e+00 1.165970e-03 -1.571390e-01
5.756975e+00 1.259016e-03 -1.682734e-01
5.756975e+00 1.359487e-03 -1.800762e-01
5.756975e+00 1.467975e-03 -1.925676e-01
5.756975e+00 1.585121e-03 -2.057645e-01
5.756975e+00 1.711615e-03 -2.196797e-01
5.756975e+00 1.848204e-03 -2.343220e-01
5.756975e+00 1.995693e-03 -2.496939e-01
5.756975e+00 2.154951e-03 -2.657898e-01
5.756975e+00 2.326918e-03 -2.825974e-01
5.756975e+00 2.512609e-03 -3.000945e-01
5.756975e+00 2.713117e-03 -3.182479e-01
5.756975e+00 2.929627e-03 -3.370141e-01
5.756975e+00 3.163414e-03 -3.563345e-01
5.756975e+00 3.415858e-03 -3.761346e-01
5.756975e+00 3.688447e-03 -3.963256e-01
5.756975e+00 3.982789e-03 -4.167983e-01
5.756975e+00 4.300619e-03 -4.374222e-01
5.756975e+00 4.643813e-03 -4.580491e-01
5.756975e+00 5.014394e-03 -4.785038e-01
5.756975e+00 5.414548e-03 -4.985840e-01
5.756975e+00 5.846635e-03 -5.180683e-01
5.756975e+00 6.313202e-03 -5.367018e-01
5.756975e+00 6.817002e-03 -5.541985e-01
5.756975e+00 7.361006e-03 -5.702575e-01
5.756975e+00 7.948422e-03 -5.845415e-01
5.756975e+00 8.582714e-03 -5.966850e-01
5.756975e+00 9.267624e-03 -6.063240e-01
5.756975e+00 1.000719e-02 -6.130723e-01
5.756975e+00 1.080577e-02 -6.165388e-01
5.756975e+00 1.166809e-02 -6.163732e-01
5.756975e+00 1.259921e-02 -6.122644e-01
5.756975e+00 1.360464e-02 -6.039629e-01
5.756975e+00 1.469030e-02 -5.913219e-01
5.756975e+00 1.586261e-02 -5.743723e-01
5.756975e+00 1.712846e-02 -5.533141e-01
5.756975e+00 1.849533e-02 -5.284781e-01
5.756975e+00 1.997127e-02 -5.005804e-01
5.756975e+00 2.156500e-02 -4.705794e-01
5.756975e+00 2.328591e-02 -4.394004e-01
5.756975e+00 2.514415e-02 -4.083145e-01
5.756975e+00 2.715068e-02 -3.786785e-01
5.756975e+00 2.931733e-02 -3.515110e-01
5.756975e+00 3.165689e-02 -3.275586e-01
5.756975e+00 3.418314e-02 -3.072703e-01
5.756975e+00 3.691099e-02 -2.903325e-01
5.756975e+00 3.985652e-02 -2.757193e-01
5.756975e+00 4.303711e-02 -2.617096e-01
5.756975e+00 4.647152e-02 -2.462142e-01
5.756975e+00 5.017999e-02 -2.274567e-01
5.756975e+00 5.418441e-02 -2.470232e-01
5.756975e+00 5.850838e-02 -3.393911e-01
5.756975e+00 6.317741e-02 -4.391301e-01
5.756975e+00 6.821903e-02 -5.468283e-01
5.756975e+00 7.366298e-02 -6.427499e-01
5.756975e+00 7.954136e-02 -5.383152e-01
5.756975e+00 8.588885e-02 -4.255465e-01
5.756975e+00 9.274286e-02 -3.037788e-01
5.756975e+00 1.001438e-01 -1.722939e-01
5.756975e+00 1.081354e-01 -1.059015e-01
5.756975e+00 1.167647e-01 -7.027278e-02
5.756975e+00 1.260827e-01 -3.180083e-02
5.756975e+00 1.361442e-01 9.741215e-03
5.756975e+00 1.470087e-01 4.350976e-02
5.756975e+00 1.587401e-01 3.273785e-02
5.756975e+00 1.714077e-01 2.110633e-02
5.756975e+00 1.850862e-01 8.546599e-03
5.756975e+00 1.998563e-01 -5.015410e-03
5.756975e+00 2.158051e-01 -5.856681e-03
5.756975e+00 2.330265e-01 -4.008020e-03
5.756975e+00 2.516223e-01 -2.011834e-03
5.756975e+00 2.717020e-01 1.436502e-04
5.756975e+00 2.933841e-01 1.100609e-03
5.756975e+00 3.167964e-01 3.920778e-04
5.756975e+00 3.420771e-01 -3.729955e-04
5.756975e+00 3.693752e-01 -1.199122e-03
5.756975e+00 3.988518e-01 -2.003196e-03
5.756975e+00 4.306805e-01 -1.637385e-03
5.756975e+00 4.650493e-01 -1.242381e-03
5.756975e+00 5.021607e-01 -8.158560e-04
5.756975e+00 5.422336e-01 -3.552935e-04
5.756975e+00 5.855044e-01 -1.931868e-04
5.756975e+00 6.322283e-01 -1.743540e-04
5.756975e+00 6.826808e-01 -1.540184e-04
5.756975e+00 7.371594e-01 -1.320599e-04
5.756975e+00 7.959855e-01 -1.113857e-04
5.756975e+00 8.595059e-01 -9.620704e-05
5.756975e+00 9.280954e-01 -7.981707e-05
5.756975e+00 1.002158e+00 -6.211917e-05
5.756975e+00 1.082132e+00 -4.300895e-05
5.756975e+00 1.168487e+00 -3.583006e-05
5.756975e+00 1.261733e+00 -2.922438e-05
5.756975e+00 1.362421e+00 -2.209155e-05
5.756975e+00 1.471144e+00 -1.438951e-05
5.756975e+00 1.588542e+00 -1.014175e-05
5.756975e+00 1.715310e+00 -9.117511e-06
5.756975e+00 1.852193e+00 -8.011536e-06
5.756975e+00 2.000000e+00 -6.817302e-06
5.892114e+00 1.000000e-03 -1.897563e+01
5.892114e+00 1.079801e-03 -2.034442e+01
5.892114e+00 1.165970e-03 -2.179959e+01
5.892114e+00 1.259016e-03 -2.334444e+01
5.892114e+00 1.359487e-03 -2.498202e+01
5.892114e+00 1.467975e-03 -2.671513e+01
5.892114e+00 1.585121e-03 -2.854610e+01
5.892114e+00 1.711615e-03 -3.047671e+01
5.892114e+00 1.848204e-03 -3.250821e+01
5.892114e+00 1.995693e-03 -3.464091e+01
5.892114e+00 2.154951e-03 -3.687406e+01
5.892114e+00 2.326918e-03 -3.920596e+01
5.892114e+00 2.512609e-03 -4.163351e+01
5.892114e+00 2.713117e-03 -4.415211e+01
5.892114e+00 2.929627e-03 -4.675572e+01
5.892114e+00 3.163414e-03 -4.943621e+01
5.892114e+00 3.415858e-03 -5.218326e+01
5.892114e+00 3.688447e-03 -5.498454e+01
5.892114e+00 3.982789e-03 -5.782490e+01
5.892114e+00 4.300619e-03 -6.068622e+01
5.892114e+00 4.643813e-03 -6.354797e+01
5.892114e+00 5.014394e-03 -6.638582e+01
5.892114e+00 5.414548e-03 -6.917171e+01
5.892114e+00 5.846635e-03 -7.187493e+01
5.892114e+00 6.313202e-03 -7.446010e+01
5.892114e+00 6.817002e-03 -7.688755e+01
5.892114e+00 7.361006e-03 -7.911555e+01
5.892114e+00 7.948422e-03 -8.109729e+01
5.892114e+00 8.582714e-03 -8.278206e+01
5.892114e+00 9.267624e-03 -8.411937e+01
5.892114e+00 1.000719e-02 -8.505563e+01
5.892114e+00 1.080577e-02 -8.553658e+01
5.892114e+00 1.166809e-02 -8.551362e+01
5.892114e+00 1.259921e-02 -8.494358e+01
5.892114e+00 1.360464e-02 -8.379186e+01
5.892114e+00 1.469030e-02 -8.203810e+01
5.892114e+00 1.586261e-02 -7.968658e+01
5.892114e+00 1.712846e-02 -7.676503e+01
5.892114e+00 1.849533e-02 -7.331937e+01
5.892114e+00 1.997127e-02 -6.944893e+01
5.892114e+00 2.156500e-02 -6.528669e+01
5.892114e+00 2.328591e-02 -6.096101e+01
5.892114e+00 2.514415e-02 -5.664826e+01
5.892114e+00 2.715068e-02 -5.253666e+01
5.892114e+00 2.931733e-02 -4.876752e+01
5.892114e+00 3.165689e-02 -4.544444e+01
5.892114e+00 3.418314e-02 -4.262971e+01
5.892114e+00 3.691099e-02 -4.027981e+01
5.892114e+00 3.985652e-02 -3.825243e+01
5.892114e+00 4.303711e-02 -3.630877e+01
5.892114e+00 4.647152e-02 -3.415898e+01
5.892114e+00 5.017999e-02 -3.155662e+01
5.892114e+00 5.418441e-02 -2.830955e+01
5.892114e+00 5.850838e-02 -2.452440e+01
5.892114e+00 6.317741e-02 -2.043720e+01
5.892114e+00 6.821903e-02 -1.602382e+01
5.892114e+00 7.366298e-02 -1.153240e+01
5.892114e+00 7.954136e-02 -9.481778e+00
5.892114e+00 8.588885e-02 -7.267517e+00
5.892114e+00 9.274286e-02 -4.876555e+00
5.892114e+00 1.001438e-01 -2.294792e+00
5.892114e+00 1.081354e-01 -1.436117e+00
5.892114e+00 1.167647e-01 -1.429300e+00
5.892114e+00 1.260827e-01 -1.421940e+00
5.892114e+00 1.361442e-01 -1.413992e+00
5.892114e+00 1.470087e-01 -1.362628e+00
5.892114e+00 1.587401e-01 -1.124923e+00
5.892114e+00 1.714077e-01 -8.682490e-01
5.892114e+00 1.850862e-01 -5.910919e-01
5.892114e+00 1.998563e-01 -2.918174e-01
5.892114e+00 2.158051e-01 -2.326122e-01
5.892114e+00 2.330265e-01 -2.214050e-01
5.892114e+00 2.516223e-01 -2.093035e-01
5.892114e+00 2.717020e-01 -1.962363e-01
5.892114e+00 2.933841e-01 -1.750924e-01
5.892114e+00 3.167964e-01 -1.433218e-01
5.892114e+00 3.420771e-01 -1.090158e-01
5.892114e+00 3.693752e-01 -7.197214e-02
5.892114e+00 3.988518e-01 -3.450994e-02
5.892114e+00 4.306805e-01 -2.965194e-02
5.892114e+00 4.650493e-01 -2.440627e-02
5.892114e+00 5.021607e-01 -1.874198e-02
5.892114e+00 5.422336e-01 -1.262568e-02
5.892114e+00 5.855044e-01 -9.686365e-03
5.892114e+00 6.322283e-01 -8.220434e-03
5.892114e+00 6.826808e-01 -6.637521e-03
5.892114e+00 7.371594e-01 -4.928290e-03
5.892114e+00 7.959855e-01 -3.518096e-03
5.892114e+00 8.595059e-01 -3.019976e-03
5.892114e+00 9.280954e-01 -2.482107e-03
5.892114e+00 1.002158e+00 -1.901315e-03
5.892114e+00 1.082132e+00 -1.274175e-03
5.892114e+00 1.168487e+00 -1.075097e-03
5.892114e+00 1.261733e+00 -9.008526e-04
5.892114e+00 1.362421e+00 -7.127035e-04
5.892114e+00 1.471144e+00 -5.095398e-04
5.892114e+00 1.588542e+00 -3.849497e-04
5.892114e+00 1.715310e+00 -3.334063e-04
5.892114e+00 1.852193e+00 -2.777497e-04
5.892114e+00 2.000000e+00 -2.176517e-04
6.029956e+00 1.000000e-03 -4.679230e+01
6.029956e+00 1.079801e-03 -5.016815e+01
6.029956e+00 1.165970e-03 -5.375704e+01
6.029956e+00 1.259016e-03 -5.756709e+01
6.029956e+00 1.359487e-03 -6.160582e+01
6.029956e+00 1.467975e-03 -6.588011e+01
6.029956e+00 1.585121e-03 -7.039571e+01
6.029956e+00 1.711615e-03 -7.515701e+01
6.029956e+00 1.848204e-03 -8.016710e+01
6.029956e+00 1.995693e-03 -8.542676e+01
6.029956e+00 2.154951e-03 -9.093416e+01
6.029956e+00 2.326918e-03 -9.668506e+01
6.029956e+00 2.512609e-03 -1.026719e+02
6.029956e+00 2.713117e-03 -1.088832e+02
6.029956e+00 2.929627e-03 -1.153041e+02
6.029956e+00 3.163414e-03 -1.219147e+02
6.029956e+00 3.415858e-03 -1.286894e+02
6.029956e+00 3.688447e-03 -1.355978e+02
6.029956e+00 3.982789e-03 -1.426026e+02
6.029956e+00 4.300619e-03 -1.496590e+02
6.029956e+00 4.643813e-03 -1.567166e+02
6.029956e+00 5.014394e-03 -1.637152e+02
6.029956e+00 5.414548e-03 -1.705856e+02
6.029956e+00 5.846635e-03 -1.772521e+02
6.029956e+00 6.313202e-03 -1.836275e+02
6.029956e+00 6.817002e-03 -1.896140e+02
6.029956e+00 7.361006e-03 -1.951086e+02
6.029956e+00 7.948422e-03 -1.999958e+02
6.029956e+00 8.582714e-03 -2.041507e+02
6.029956e+00 9.267624e-03 -2.074488e+02
6.029956e+00 1.000719e-02 -2.097578e+02
6.029956e+00 1.080577e-02 -2.109439e+02
6.029956e+00 1.166809e-02 -2.108873e+02
6.029956e+00 1.259921e-02 -2.094816e+02
6.029956e+00 1.360464e-02 -2.066413e+02
6.029956e+00 1.469030e-02 -2.023163e+02
6.029956e+00 1.586261e-02 -1.965172e+02
6.029956e+00 1.712846e-02 -1.893123e+02
6.029956e+00 1.849533e-02 -1.808149e+02
6.029956e+00 1.997127e-02 -1.712699e+02
6.029956e+00 2.156500e-02 -1.610053e+02
6.029956e+00 2.328591e-02 -1.503376e+02
6.029956e+00 2.514415e-02 -1.397018e+02
6.029956e+00 2.715068e-02 -1.295621e+02
6.029956e+00 2.931733e-02 -1.202669e+02
6.029956e+00 3.165689e-02 -1.120718e+02
6.029956e+00 3.418314e-02 -1.051303e+02
6.029956e+00 3.691099e-02 -9.933513e+01
6.029956e+00 3.985652e-02 -9.433535e+01
6.029956e+00 4.303711e-02 -8.954203e+01
6.029956e+00 4.647152e-02 -8.424038e+01
6.029956e+00 5.017999e-02 -7.782264e+01
6.029956e+00 5.418441e-02 -7.009190e+01
6.029956e+00 5.850838e-02 -6.152840e+01
6.029956e+00 6.317741e-02 -5.228152e+01
6.029956e+00 6.821903e-02 -4.229672e+01
6.029956e+00 7.366298e-02 -3.212294e+01
6.029956e+00 7.954136e-02 -2.734362e+01
6.029956e+00 8.588885e-02 -2.218291e+01
6.029956e+00 9.274286e-02 -1.661036e+01
6.029956e+00 1.001438e-01 -1.059312e+01
6.029956e+00 1.081354e-01 -7.967275e+00
6.029956e+00 1.167647e-01 -6.979014e+00
6.029956e+00 1.260827e-01 -5.911889e+00
6.029956e+00 1.361442e-01 -4.759605e+00
6.029956e+00 1.470087e-01 -3.669841e+00
6.029956e+00 1.587401e-01 -3.151133e+00
6.029956e+00 1.714077e-01 -2.591031e+00
6.029956e+00 1.850862e-01 -1.986233e+00
6.029956e+00 1.998563e-01 -1.333172e+00
6.029956e+00 2.158051e-01 -1.116016e+00
6.029956e+00 2.330265e-01 -9.790111e-01
6.029956e+00 2.516223e-01 -8.310725e-01
6.029956e+00 2.717020e-01 -6.713282e-01
6.029956e+00 2.933841e-01 -5.393325e-01
6.029956e+00 3.167964e-01 -4.482713e-01
6.029956e+00 3.420771e-01 -3.499434e-01
6.029956e+00 3.693752e-01 -2.437689e-01
6.029956e+00 3.988518e-01 -1.360916e-01
6.029956e+00 4.306805e-01 -1.175892e-01
6.029956e+00 4.650493e-01 -9.761028e-02
6.029956e+00 5.021607e-01 -7.603705e-02
6.029956e+00 5.422336e-01 -5.274224e-02
6.029956e+00 5.855044e-01 -4.101579e-02
6.029956e+00 6.322283e-01 -3.461079e-02
6.029956e+00 6.826808e-01 -2.769466e-02
6.029956e+00 7.371594e-01 -2.022662e-02
6.029956e+00 7.959855e-01 -1.409271e-02
6.029956e+00 8.595059e-01 -1.201096e-02
6.029956e+00 9.280954e-01 -9.763080e-03
6.029956e+00 1.002158e+00 -7.335818e-03
6.029956e+00 1.082132e+00 -4.714858e-03
6.029956e+00 1.168487e+00 -3.970481e-03
6.029956e+00 1.261733e+00 -3.344343e-03
6.029956e+00 1.362421e+00 -2.668239e-03
6.029956e+00 1.471144e+00 -1.938181e-03
6.029956e+00 1.588542e+00 -1.480357e-03
6.029956e+00 1.715310e+00 -1.275358e-03
6.029956e+00 1.852193e+00 -1.054001e-03
6.029956e+00 2.000000e+00 -8.149783e-04
6.170555e+00 1.000000e-03 -1.588253e+02
6.170555e+00 1.079801e-03 -1.702856e+02
6.170555e+00 1.165970e-03 -1.824691e+02
6.170555e+00 1.259016e-03 -1.954035e+02
6.170555e+00 1.359487e-03 -2.091141e+02
6.170555e+00 1.467975e-03 -2.236242e+02
6.170555e+00 1.585121e-03 -2.389534e+02
6.170555e+00 1.711615e-03 -2.551165e+02
6.170555e+00 1.848204e-03 -2.721242e+02
6.170555e+00 1.995693e-03 -2.899789e+02
6.170555e+00 2.154951e-03 -3.086747e+02
6.170555e+00 2.326918e-03 -3.281970e+02
6.170555e+00 2.512609e-03 -3.485201e+02
6.170555e+00 2.713117e-03 -3.696053e+02
6.170555e+00 2.929627e-03 -3.914021e+02
6.170555e+00 3.163414e-03 -4.138425e+02
6.170555e+00 3.415858e-03 -4.368399e+02
6.170555e+00 3.688447e-03 -4.602913e+02
6.170555e+00 3.982789e-03 -4.840698e+02
6.170555e+00 4.300619e-03 -5.080237e+02
6.170555e+00 4.643813e-03 -5.319812e+02
6.170555e+00 5.014394e-03 -5.557386e+02
6.170555e+00 5.414548e-03 -5.790609e+02
6.170555e+00 5.846635e-03 -6.016912e+02
6.170555e+00 6.313202e-03 -6.233332e+02
6.170555e+00 6.817002e-03 -6.436547e+02
6.170555e+00 7.361006e-03 -6.623065e+02
6.170555e+00 7.948422e-03 -6.788968e+02
6.170555e+00 8.582714e-03 -6.930010e+02
6.170555e+00 9.267624e-03 -7.041966e+02
6.170555e+00 1.000719e-02 -7.120348e+02
6.170555e+00 1.080577e-02 -7.160615e+02
6.170555e+00 1.166809e-02 -7.158696e+02
6.170555e+00 1.259921e-02 -7.110977e+02
6.170555e+00 1.360464e-02 -7.014563e+02
6.170555e+00 1.469030e-02 -6.867749e+02
6.170555e+00 1.586261e-02 -6.670895e+02
6.170555e+00 1.712846e-02 -6.426320e+02
6.170555e+00 1.849533e-02 -6.137871e+02
6.170555e+00 1.997127e-02 -5.813861e+02
6.170555e+00 2.156500e-02 -5.465423e+02
6.170555e+00 2.328591e-02 -5.103303e+02
6.170555e+00 2.514415e-02 -4.742264e+02
6.170555e+00 2.715068e-02 -4.398064e+02
6.170555e+00 2.931733e-02 -4.082534e+02
6.170555e+00 3.165689e-02 -3.804345e+02
6.170555e+00 3.418314e-02 -3.568712e+02
6.170555e+00 3.691099e-02 -3.371992e+02
6.170555e+00 3.985652e-02 -3.202272e+02
6.170555e+00 4.303711e-02 -3.039560e+02
6.170555e+00 4.647152e-02 -2.859592e+02
6.170555e+00 5.017999e-02 -2.641738e+02
6.170555e+00 5.418441e-02 -2.388393e+02
6.170555e+00 5.850838e-02 -2.122983e+02
6.170555e+00 6.317741e-02 -1.836392e+02
6.170555e+00 6.821903e-02 -1.526932e+02
6.170555e+00 7.366298e-02 -1.209246e+02
6.170555e+00 7.954136e-02 -1.034391e+02
6.170555e+00 8.588885e-02 -8.455812e+01
6.170555e+00 9.274286e-02 -6.417047e+01
6.170555e+00 1.001438e-01 -4.215587e+01
6.170555e+00 1.081354e-01 -3.237601e+01
6.170555e+00 1.167647e-01 -2.849107e+01
6.170555e+00 1.260827e-01 -2.429610e+01
6.170555e+00 1.361442e-01 -1.976638e+01
6.170555e+00 1.470087e-01 -1.544909e+01
6.170555e+00 1.587401e-01 -1.323200e+01
6.170555e+00 1.714077e-01 -1.083800e+01
6.170555e+00 1.850862e-01 -8.252946e+00
6.170555e+00 1.998563e-01 -5.461605e+00
6.170555e+00 2.158051e-01 -4.484630e+00
6.170555e+00 2.330265e-01 -3.836593e+00
6.170555e+00 2.516223e-01 -3.136842e+00
6.170555e+00 2.717020e-01 -2.381250e+00
6.170555e+00 2.933841e-01 -1.815191e+00
6.170555e+00 3.167964e-01 -1.521478e+00
6.170555e+00 3.420771e-01 -1.204326e+00
6.170555e+00 3.693752e-01 -8.618656e-01
6.170555e+00 3.988518e-01 -5.138520e-01
6.170555e+00 4.306805e-01 -4.435091e-01
6.170555e+00 4.650493e-01 -3.675528e-01
6.170555e+00 5.021607e-01 -2.855351e-01
6.170555e+00 5.422336e-01 -1.969723e-01
6.170555e+00 5.855044e-01 -1.525741e-01
6.170555e+00 6.322283e-01 -1.285074e-01
6.170555e+00 6.826808e-01 -1.025201e-01
6.170555e+00 7.371594e-01 -7.445898e-02
6.170555e+00 7.959855e-01 -5.147925e-02
6.170555e+00 8.595059e-01 -4.389178e-02
6.170555e+00 9.280954e-01 -3.569882e-02
6.170555e+00 1.002158e+00 -2.685205e-02
6.170555e+00 1.082132e+00 -1.729930e-02
6.170555e+00 1.168487e+00 -1.455801e-02
6.170555e+00 1.261733e+00 -1.224302e-02
6.170555e+00 1.362421e+00 -9.743287e-03
6.170555e+00 1.471144e+00 -7.044078e-03
6.170555e+00 1.588542e+00 -5.356058e-03
6.170555e+00 1.715310e+00 -4.607260e-03
6.170555e+00 1.852193e+00 -3.798708e-03
6.170555e+00 2.000000e+00 -2.925633e-03
6.313967e+00 1.000000e-03 -3.099117e+02
6.313967e+00 1.079801e-03 -3.322775e+02
6.313967e+00 1.165970e-03 -3.560549e+02
6.313967e+00 1.259016e-03 -3.812975e+02
6.313967e+00 1.359487e-03 -4.080549e+02
6.313967e+00 1.467975e-03 -4.363724e+02
6.313967e+00 1.585121e-03 -4.662880e+02
6.313967e+00 1.711615e-03 -4.978309e+02
6.313967e+00 1.848204e-03 -5.310216e+02
6.313967e+00 1.995693e-03 -5.658655e+02
6.313967e+00 2.154951e-03 -6.023504e+02
6.313967e+00 2.326918e-03 -6.404484e+02
6.313967e+00 2.512609e-03 -6.801090e+02
6.313967e+00 2.713117e-03 -7.212570e+02
6.313967e+00 2.929627e-03 -7.637934e+02
6.313967e+00 3.163414e-03 -8.075856e+02
6.313967e+00 3.415858e-03 -8.524648e+02
6.313967e+00 3.688447e-03 -8.982298e+02
6.313967e+00 3.982789e-03 -9.446331e+02
6.313967e+00 4.300619e-03 -9.913788e+02
6.313967e+00 4.643813e-03 -1.038131e+03
6.313967e+00 5.014394e-03 -1.084493e+03
6.313967e+00 5.414548e-03 -1.130006e+03
6.313967e+00 5.846635e-03 -1.174169e+03
6.313967e+00 6.313202e-03 -1.216402e+03
6.313967e+00 6.817002e-03 -1.256059e+03
6.313967e+00 7.361006e-03 -1.292458e+03
6.313967e+00 7.948422e-03 -1.324833e+03
6.313967e+00 8.582714e-03 -1.352357e+03
6.313967e+00 9.267624e-03 -1.374205e+03
6.313967e+00 1.000719e-02 -1.389502e+03
6.313967e+00 1.080577e-02 -1.397360e+03
6.313967e+00 1.166809e-02 -1.396986e+03
6.313967e+00 1.259921e-02 -1.387674e+03
6.313967e+00 1.360464e-02 -1.368859e+03
6.313967e+00 1.469030e-02 -1.340209e+03
6.313967e+00 1.586261e-02 -1.301794e+03
6.313967e+00 1.712846e-02 -1.254067e+03
6.313967e+00 1.849533e-02 -1.197777e+03
6.313967e+00 1.997127e-02 -1.134548e+03
6.313967e+00 2.156500e-02 -1.066552e+03
6.313967e+00 2.328591e-02 -9.958862e+02
6.313967e+00 2.514415e-02 -9.254311e+02
6.313967e+00 2.715068e-02 -8.582622e+02
6.313967e+00 2.931733e-02 -7.966880e+02
6.313967e+00 3.165689e-02 -7.424006e+02
6.313967e+00 3.418314e-02 -6.964179e+02
6.313967e+00 3.691099e-02 -6.580289e+02
6.313967e+00 3.985652e-02 -6.249087e+02
6.313967e+00 4.303711e-02 -5.931562e+02
6.313967e+00 4.647152e-02 -5.580363e+02
6.313967e+00 5.017999e-02 -5.155231e+02
6.313967e+00 5.418441e-02 -4.695897e+02
6.313967e+00 5.850838e-02 -4.275575e+02
6.313967e+00 6.317741e-02 -3.821710e+02
6.313967e+00 6.821903e-02 -3.331627e+02
6.313967e+00 7.366298e-02 -2.816252e+02
6.313967e+00 7.954136e-02 -2.400845e+02
6.313967e+00 8.588885e-02 -1.952287e+02
6.313967e+00 9.274286e-02 -1.467933e+02
6.313967e+00 1.001438e-01 -9.449282e+01
6.313967e+00 1.081354e-01 -7.132879e+01
6.313967e+00 1.167647e-01 -6.220854e+01
6.313967e+00 1.260827e-01 -5.236048e+01
6.313967e+00 1.361442e-01 -4.172654e+01
6.313967e+00 1.470087e-01 -3.178263e+01
6.313967e+00 1.587401e-01 -2.759942e+01
6.313967e+00 1.714077e-01 -2.308239e+01
6.313967e+00 1.850862e-01 -1.820490e+01
6.313967e+00 1.998563e-01 -1.293817e+01
6.313967e+00 2.158051e-01 -1.075043e+01
6.313967e+00 2.330265e-01 -9.087067e+00
6.313967e+00 2.516223e-01 -7.290961e+00
6.313967e+00 2.717020e-01 -5.351525e+00
6.313967e+00 2.933841e-01 -3.958366e+00
6.313967e+00 3.167964e-01 -3.345015e+00
6.313967e+00 3.420771e-01 -2.682718e+00
6.313967e+00 3.693752e-01 -1.967569e+00
6.313967e+00 3.988518e-01 -1.239394e+00
6.313967e+00 4.306805e-01 -1.070885e+00
6.313967e+00 4.650493e-01 -8.889297e-01
6.313967e+00 5.021607e-01 -6.924539e-01
6.313967e+00 5.422336e-01 -4.802992e-01
6.313967e+00 5.855044e-01 -3.724106e-01
6.313967e+00 6.322283e-01 -3.123909e-01
6.313967e+00 6.826808e-01 -2.475817e-01
6.313967e+00 7.371594e-01 -1.776005e-01
6.313967e+00 7.959855e-01 -1.206390e-01
6.313967e+00 8.595059e-01 -1.029091e-01
6.313967e+00 9.280954e-01 -8.376426e-02
6.313967e+00 1.002158e+00 -6.309167e-02
6.313967e+00 1.082132e+00 -4.076938e-02
6.313967e+00 1.168487e+00 -3.430767e-02
6.313967e+00 1.261733e+00 -2.883287e-02
6.313967e+00 1.362421e+00 -2.292118e-02
6.313967e+00 1.471144e+00 -1.653772e-02
6.313967e+00 1.588542e+00 -1.254562e-02
6.313967e+00 1.715310e+00 -1.077467e-02
6.313967e+00 1.852193e+00 -8.862402e-03
6.313967e+00 2.000000e+00 -6.797531e-03
6.460246e+00 1.000000e-03 -4.920219e+02
6.460246e+00 1.079801e-03 -5.275362e+02
6.460246e+00 1.165970e-03 -5.652920e+02
6.460246e+00 1.259016e-03 -6.053745e+02
6.460246e+00 1.359487e-03 -6.478621e+02
6.460246e+00 1.467975e-03 -6.928265e+02
6.460246e+00 1.585121e-03 -7.403280e+02
6.460246e+00 1.711615e-03 -7.904131e+02
6.460246e+00 1.848204e-03 -8.431143e+02
6.460246e+00 1.995693e-03 -8.984402e+02
6.460246e+00 2.154951e-03 -9.563716e+02
6.460246e+00 2.326918e-03 -1.016864e+03
6.460246e+00 2.512609e-03 -1.079838e+03
6.460246e+00 2.713117e-03 -1.145173e+03
6.460246e+00 2.929627e-03 -1.212713e+03
6.460246e+00 3.163414e-03 -1.282246e+03
6.460246e+00 3.415858e-03 -1.353506e+03
6.460246e+00 3.688447e-03 -1.426171e+03
6.460246e+00 3.982789e-03 -1.499850e+03
6.460246e+00 4.300619e-03 -1.574073e+03
6.460246e+00 4.643813e-03 -1.648306e+03
6.460246e+00 5.014394e-03 -1.721919e+03
6.460246e+00 5.414548e-03 -1.794184e+03
6.460246e+00 5.846635e-03 -1.864305e+03
6.460246e+00 6.313202e-03 -1.931363e+03
6.460246e+00 6.817002e-03 -1.994330e+03
6.460246e+00 7.361006e-03 -2.052123e+03
6.460246e+00 7.948422e-03 -2.103528e+03
6.460246e+00 8.582714e-03 -2.147231e+03
6.460246e+00 9.267624e-03 -2.181921e+03
6.460246e+00 1.000719e-02 -2.206209e+03
6.460246e+00 1.080577e-02 -2.218687e+03
6.460246e+00 1.166809e-02 -2.218093e+03
6.460246e+00 1.259921e-02 -2.203308e+03
6.460246e+00 1.360464e-02 -2.173435e+03
6.460246e+00 1.469030e-02 -2.127946e+03
6.460246e+00 1.586261e-02 -2.066951e+03
6.460246e+00 1.712846e-02 -1.991171e+03
6.460246e+00 1.849533e-02 -1.901797e+03
6.460246e+00 1.997127e-02 -1.801404e+03
6.460246e+00 2.156500e-02 -1.693441e+03
6.460246e+00 2.328591e-02 -1.581240e+03
6.460246e+00 2.514415e-02 -1.469373e+03
6.460246e+00 2.715068e-02 -1.362724e+03
6.460246e+00 2.931733e-02 -1.264959e+03
6.460246e+00 3.165689e-02 -1.178763e+03
6.460246e+00 3.418314e-02 -1.105753e+03
6.460246e+00 3.691099e-02 -1.044800e+03
6.460246e+00 3.985652e-02 -9.922124e+02
6.460246e+00 4.303711e-02 -9.417967e+02
6.460246e+00 4.647152e-02 -8.860342e+02
6.460246e+00 5.017999e-02 -8.185330e+02
6.460246e+00 5.418441e-02 -7.465805e+02
6.460246e+00 5.850838e-02 -6.825696e+02
6.460246e+00 6.317741e-02 -6.134506e+02
6.460246e+00 6.821903e-02 -5.388157e+02
6.460246e+00 7.366298e-02 -4.602560e+02
6.460246e+00 7.954136e-02 -3.961663e+02
6.460246e+00 8.588885e-02 -3.269621e+02
6.460246e+00 9.274286e-02 -2.522354e+02
6.460246e+00 1.001438e-01 -1.715454e+02
6.460246e+00 1.081354e-01 -1.335593e+02
6.460246e+00 1.167647e-01 -1.159880e+02
6.460246e+00 1.260827e-01 -9.701453e+01
6.460246e+00 1.361442e-01 -7.652692e+01
6.460246e+00 1.470087e-01 -5.747370e+01
6.460246e+00 1.587401e-01 -4.997464e+01
6.460246e+00 1.714077e-01 -4.187715e+01
6.460246e+00 1.850862e-01 -3.313347e+01
6.460246e+00 1.998563e-01 -2.369203e+01
6.460246e+00 2.158051e-01 -1.970930e+01
6.460246e+00 2.330265e-01 -1.664958e+01
6.460246e+00 2.516223e-01 -1.334569e+01
6.460246e+00 2.717020e-01 -9.778153e+00
6.460246e+00 2.933841e-01 -7.228519e+00
6.460246e+00 3.167964e-01 -6.130940e+00
6.460246e+00 3.420771e-01 -4.945774e+00
6.460246e+00 3.693752e-01 -3.666030e+00
6.460246e+00 3.988518e-01 -2.361468e+00
6.460246e+00 4.306805e-01 -2.037158e+00
6.460246e+00 4.650493e-01 -1.686968e+00
6.460246e+00 5.021607e-01 -1.308833e+00
6.460246e+00 5.422336e-01 -9.005218e-01
6.460246e+00 5.855044e-01 -6.954007e-01
6.460246e+00 6.322283e-01 -5.837830e-01
6.460246e+00 6.826808e-01 -4.632582e-01
6.460246e+00 7.371594e-01 -3.331154e-01
6.460246e+00 7.959855e-01 -2.270059e-01
6.460246e+00 8.595059e-01 -1.934188e-01
6.460246e+00 9.280954e-01 -1.571515e-01
6.460246e+00 1.002158e+00 -1.179901e-01
6.460246e+00 1.082132e+00 -7.570346e-02
6.460246e+00 1.168487e+00 -6.353688e-02
6.460246e+00 1.261733e+00 -5.325211e-02
6.460246e+00 1.362421e+00 -4.214662e-02
6.460246e+00 1.471144e+00 -3.015489e-02
6.460246e+00 1.588542e+00 -2.270190e-02
6.460246e+00 1.715310e+00 -1.946586e-02
6.460246e+00 1.852193e+00 -1.597158e-02
6.460246e+00 2.000000e+00 -1.219846e-02
6.609451e+00 1.000000e-03 -6.442343e+02
6.609451e+00 1.079801e-03 -6.907431e+02
6.609451e+00 1.165970e-03 -7.401878e+02
6.609451e+00 1.259016e-03 -7.926795e+02
6.609451e+00 1.359487e-03 -8.483206e+02
6.609451e+00 1.467975e-03 -9.072048e+02
6.609451e+00 1.585121e-03 -9.694109e+02
6.609451e+00 1.711615e-03 -1.035000e+03
6.609451e+00 1.848204e-03 -1.104014e+03
6.609451e+00 1.995693e-03 -1.176465e+03
6.609451e+00 2.154951e-03 -1.252328e+03
6.609451e+00 2.326918e-03 -1.331545e+03
6.609451e+00 2.512609e-03 -1.414011e+03
6.609451e+00 2.713117e-03 -1.499569e+03
6.609451e+00 2.929627e-03 -1.588014e+03
6.609451e+00 3.163414e-03 -1.679069e+03
6.609451e+00 3.415858e-03 -1.772384e+03
6.609451e+00 3.688447e-03 -1.867541e+03
6.609451e+00 3.982789e-03 -1.964024e+03
6.609451e+00 4.300619e-03 -2.061220e+03
6.609451e+00 4.643813e-03 -2.158429e+03
6.609451e+00 5.014394e-03 -2.254826e+03
6.609451e+00 5.414548e-03 -2.349457e+03
6.609451e+00 5.846635e-03 -2.441281e+03
6.609451e+00 6.313202e-03 -2.529094e+03
6.609451e+00 6.817002e-03 -2.611550e+03
6.609451e+00 7.361006e-03 -2.687230e+03
6.609451e+00 7.948422e-03 -2.754545e+03
6.609451e+00 8.582714e-03 -2.811773e+03
6.609451e+00 9.267624e-03 -2.857200e+03
6.609451e+00 1.000719e-02 -2.889006e+03
6.609451e+00 1.080577e-02 -2.905347e+03
6.609451e+00 1.166809e-02 -2.904570e+03
6.609451e+00 1.259921e-02 -2.885210e+03
6.609451e+00 1.360464e-02 -2.846092e+03
6.609451e+00 1.469030e-02 -2.786524e+03
6.609451e+00 1.586261e-02 -2.706653e+03
6.609451e+00 1.712846e-02 -2.607420e+03
6.609451e+00 1.849533e-02 -2.490385e+03
6.609451e+00 1.997127e-02 -2.358921e+03
6.609451e+00 2.156500e-02 -2.217546e+03
6.609451e+00 2.328591e-02 -2.070619e+03
6.609451e+00 2.514415e-02 -1.924131e+03
6.609451e+00 2.715068e-02 -1.784475e+03
6.609451e+00 2.931733e-02 -1.656452e+03
6.609451e+00 3.165689e-02 -1.543579e+03
6.609451e+00 3.418314e-02 -1.447973e+03
6.609451e+00 3.691099e-02 -1.368156e+03
6.609451e+00 3.985652e-02 -1.299293e+03
6.609451e+00 4.303711e-02 -1.233274e+03
6.609451e+00 4.647152e-02 -1.160254e+03
6.609451e+00 5.017999e-02 -1.071862e+03
6.609451e+00 5.418441e-02 -9.787914e+02
6.609451e+00 5.850838e-02 -8.981744e+02
6.609451e+00 6.317741e-02 -8.111241e+02
6.609451e+00 6.821903e-02 -7.171272e+02
6.609451e+00 7.366298e-02 -6.182142e+02
6.609451e+00 7.954136e-02 -5.378041e+02
6.609451e+00 8.588885e-02 -4.509773e+02
6.609451e+00 9.274286e-02 -3.572215e+02
6.609451e+00 1.001438e-01 -2.559840e+02
6.609451e+00 1.081354e-01 -2.056108e+02
6.609451e+00 1.167647e-01 -1.793395e+02
6.609451e+00 1.260827e-01 -1.509718e+02
6.609451e+00 1.361442e-01 -1.203403e+02
6.609451e+00 1.470087e-01 -9.169994e+01
6.609451e+00 1.587401e-01 -7.966869e+01
6.609451e+00 1.714077e-01 -6.667733e+01
6.609451e+00 1.850862e-01 -5.264926e+01
6.609451e+00 1.998563e-01 -3.750172e+01
6.609451e+00 2.158051e-01 -3.118867e+01
6.609451e+00 2.330265e-01 -2.637791e+01
6.609451e+00 2.516223e-01 -2.118325e+01
6.609451e+00 2.717020e-01 -1.557405e+01
6.609451e+00 2.933841e-01 -1.155221e+01
6.609451e+00 3.167964e-01 -9.795758e+00
6.609451e+00 3.420771e-01 -7.899135e+00
6.609451e+00 3.693752e-01 -5.851159e+00
6.609451e+00 3.988518e-01 -3.763761e+00
6.609451e+00 4.306805e-01 -3.249225e+00
6.609451e+00 4.650493e-01 -2.693628e+00
6.609451e+00 5.021607e-01 -2.093694e+00
6.609451e+00 5.422336e-01 -1.445885e+00
6.609451e+00 5.855044e-01 -1.118440e+00
6.609451e+00 6.322283e-01 -9.382485e-01
6.609451e+00 6.826808e-01 -7.436772e-01
6.609451e+00 7.371594e-01 -5.335790e-01
6.609451e+00 7.959855e-01 -3.624470e-01
6.609451e+00 8.595059e-01 -3.088006e-01
6.609451e+00 9.280954e-01 -2.508732e-01
6.609451e+00 1.002158e+00 -1.883230e-01
6.609451e+00 1.082132e+00 -1.207814e-01
6.609451e+00 1.168487e+00 -1.012494e-01
6.609451e+00 1.261733e+00 -8.470679e-02
6.609451e+00 1.362421e+00 -6.684407e-02
6.609451e+00 1.471144e+00 -4.755588e-02
6.609451e+00 1.588542e+00 -3.560640e-02
6.609451e+00 1.715310e+00 -3.047633e-02
6.609451e+00 1.852193e+00 -2.493686e-02
6.609451e+00 2.000000e+00 -1.895534e-02
6.761640e+00 1.000000e-03 -7.516554e+02
6.761640e+00 1.079801e-03 -8.059287e+02
6.761640e+00 1.165970e-03 -8.636283e+02
6.761640e+00 1.259016e-03 -9.248836e+02
6.761640e+00 1.359487e-03 -9.898140e+02
6.761640e+00 1.467975e-03 -1.058528e+03
6.761640e+00 1.585121e-03 -1.131118e+03
6.761640e+00 1.711615e-03 -1.207655e+03
6.761640e+00 1.848204e-03 -1.288188e+03
6.761640e+00 1.995693e-03 -1.372732e+03
6.761640e+00 2.154951e-03 -1.461256e+03
6.761640e+00 2.326918e-03 -1.553694e+03
6.761640e+00 2.512609e-03 -1.649924e+03
6.761640e+00 2.713117e-03 -1.749762e+03
6.761640e+00 2.929627e-03 -1.852967e+03
6.761640e+00 3.163414e-03 -1.959218e+03
6.761640e+00 3.415858e-03 -2.068106e+03
6.761640e+00 3.688447e-03 -2.179142e+03
6.761640e+00 3.982789e-03 -2.291727e+03
6.761640e+00 4.300619e-03 -2.405143e+03
6.761640e+00 4.643813e-03 -2.518574e+03
6.761640e+00 5.014394e-03 -2.631058e+03
6.761640e+00 5.414548e-03 -2.741481e+03
6.761640e+00 5.846635e-03 -2.848628e+03
6.761640e+00 6.313202e-03 -2.951095e+03
6.761640e+00 6.817002e-03 -3.047311e+03
6.761640e+00 7.361006e-03 -3.135620e+03
6.761640e+00 7.948422e-03 -3.214168e+03
6.761640e+00 8.582714e-03 -3.280946e+03
6.761640e+00 9.267624e-03 -3.333954e+03
6.761640e+00 1.000719e-02 -3.371069e+03
6.761640e+00 1.080577e-02 -3.390137e+03
6.761640e+00 1.166809e-02 -3.389232e+03
6.761640e+00 1.259921e-02 -3.366642e+03
6.761640e+00 1.360464e-02 -3.320997e+03
6.761640e+00 1.469030e-02 -3.251489e+03
6.761640e+00 1.586261e-02 -3.158291e+03
6.761640e+00 1.712846e-02 -3.042500e+03
6.761640e+00 1.849533e-02 -2.905936e+03
6.761640e+00 1.997127e-02 -2.752537e+03
6.761640e+00 2.156500e-02 -2.587571e+03
6.761640e+00 2.328591e-02 -2.416128e+03
6.761640e+00 2.514415e-02 -2.245196e+03
6.761640e+00 2.715068e-02 -2.082237e+03
6.761640e+00 2.931733e-02 -1.932852e+03
6.761640e+00 3.165689e-02 -1.801145e+03
6.761640e+00 3.418314e-02 -1.689586e+03
6.761640e+00 3.691099e-02 -1.596450e+03
6.761640e+00 3.985652e-02 -1.516097e+03
6.761640e+00 4.303711e-02 -1.439062e+03
6.761640e+00 4.647152e-02 -1.353857e+03
6.761640e+00 5.017999e-02 -1.250715e+03
6.761640e+00 5.418441e-02 -1.142931e+03
6.761640e+00 5.850838e-02 -1.051135e+03
6.761640e+00 6.317741e-02 -9.520140e+02
6.761640e+00 6.821903e-02 -8.449826e+02
6.761640e+00 7.366298e-02 -7.325852e+02
6.761640e+00 7.954136e-02 -6.436412e+02
6.761640e+00 8.588885e-02 -5.475993e+02
6.761640e+00 9.274286e-02 -4.438932e+02
6.761640e+00 1.001438e-01 -3.319112e+02
6.761640e+00 1.081354e-01 -2.727231e+02
6.761640e+00 1.167647e-01 -2.382633e+02
6.761640e+00 1.260827e-01 -2.010536e+02
6.761640e+00 1.361442e-01 -1.608745e+02
6.761640e+00 1.470087e-01 -1.232563e+02
6.761640e+00 1.587401e-01 -1.072035e+02
6.761640e+00 1.714077e-01 -8.986962e+01
6.761640e+00 1.850862e-01 -7.115252e+01
6.761640e+00 1.998563e-01 -5.094177e+01
6.761640e+00 2.158051e-01 -4.244210e+01
6.761640e+00 2.330265e-01 -3.592552e+01
6.761640e+00 2.516223e-01 -2.888892e+01
6.761640e+00 2.717020e-01 -2.129078e+01
6.761640e+00 2.933841e-01 -1.584653e+01
6.761640e+00 3.167964e-01 -1.347587e+01
6.761640e+00 3.420771e-01 -1.091604e+01
6.761640e+00 3.693752e-01 -8.151922e+00
6.761640e+00 3.988518e-01 -5.332338e+00
6.761640e+00 4.306805e-01 -4.603666e+00
6.761640e+00 4.650493e-01 -3.816846e+00
6.761640e+00 5.021607e-01 -2.967236e+00
6.761640e+00 5.422336e-01 -2.049827e+00
6.761640e+00 5.855044e-01 -1.585895e+00
6.761640e+00 6.322283e-01 -1.330381e+00
6.761640e+00 6.826808e-01 -1.054477e+00
6.761640e+00 7.371594e-01 -7.565552e-01
6.761640e+00 7.959855e-01 -5.138273e-01
6.761640e+00 8.595059e-01 -4.375473e-01
6.761640e+00 9.280954e-01 -3.551801e-01
6.761640e+00 1.002158e+00 -2.662399e-01
6.761640e+00 1.082132e+00 -1.702022e-01
6.761640e+00 1.168487e+00 -1.425060e-01
6.761640e+00 1.261733e+00 -1.190730e-01
6.761640e+00 1.362421e+00 -9.376997e-02
6.761640e+00 1.471144e+00 -6.644775e-02
6.761640e+00 1.588542e+00 -4.954334e-02
6.761640e+00 1.715310e+00 -4.232013e-02
6.761640e+00 1.852193e+00 -3.452051e-02
6.761640e+00 2.000000e+00 -2.609847e-02
6.916873e+00 1.000000e-03 -7.676731e+02
6.916873e+00 1.079801e-03 -8.231129e+02
6.916873e+00 1.165970e-03 -8.820529e+02
6.916873e+00 1.259016e-03 -9.446253e+02
6.916873e+00 1.359487e-03 -1.010952e+03
6.916873e+00 1.467975e-03 -1.081143e+03
6.916873e+00 1.585121e-03 -1.155292e+03
6.916873e+00 1.711615e-03 -1.233472e+03
6.916873e+00 1.848204e-03 -1.315733e+03
6.916873e+00 1.995693e-03 -1.402091e+03
6.916873e+00 2.154951e-03 -1.492514e+03
6.916873e+00 2.326918e-03 -1.586935e+03
6.916873e+00 2.512609e-03 -1.685229e+03
6.916873e+00 2.713117e-03 -1.787208e+03
6.916873e+00 2.929627e-03 -1.892627e+03
6.916873e+00 3.163414e-03 -2.001156e+03
6.916873e+00 3.415858e-03 -2.112378e+03
6.916873e+00 3.688447e-03 -2.225795e+03
6.916873e+00 3.982789e-03 -2.340794e+03
6.916873e+00 4.300619e-03 -2.456640e+03
6.916873e+00 4.643813e-03 -2.572503e+03
6.916873e+00 5.014394e-03 -2.687398e+03
6.916873e+00 5.414548e-03 -2.800187e+03
6.916873e+00 5.846635e-03 -2.909631e+03
6.916873e+00 6.313202e-03 -3.014294e+03
6.916873e+00 6.817002e-03 -3.112572e+03
6.916873e+00 7.361006e-03 -3.202773e+03
6.916873e+00 7.948422e-03 -3.283004e+03
6.916873e+00 8.582714e-03 -3.351213e+03
6.916873e+00 9.267624e-03 -3.405358e+03
6.916873e+00 1.000719e-02 -3.443269e+03
6.916873e+00 1.080577e-02 -3.462747e+03
6.916873e+00 1.166809e-02 -3.461824e+03
6.916873e+00 1.259921e-02 -3.438750e+03
6.916873e+00 1.360464e-02 -3.392128e+03
6.916873e+00 1.469030e-02 -3.321132e+03
6.916873e+00 1.586261e-02 -3.225938e+03
6.916873e+00 1.712846e-02 -3.107667e+03
6.916873e+00 1.849533e-02 -2.968178e+03
6.916873e+00 1.997127e-02 -2.811493e+03
6.916873e+00 2.156500e-02 -2.642994e+03
6.916873e+00 2.328591e-02 -2.467879e+03
6.916873e+00 2.514415e-02 -2.293286e+03
6.916873e+00 2.715068e-02 -2.126837e+03
6.916873e+00 2.931733e-02 -1.974252e+03
6.916873e+00 3.165689e-02 -1.839724e+03
6.916873e+00 3.418314e-02 -1.725775e+03
6.916873e+00 3.691099e-02 -1.630644e+03
6.916873e+00 3.985652e-02 -1.548570e+03
6.916873e+00 4.303711e-02 -1.469885e+03
6.916873e+00 4.647152e-02 -1.382855e+03
6.916873e+00 5.017999e-02 -1.277504e+03
6.916873e+00 5.418441e-02 -1.170523e+03
6.916873e+00 5.850838e-02 -1.085421e+03
6.916873e+00 6.317741e-02 -9.935289e+02
6.916873e+00 6.821903e-02 -8.943033e+02
6.916873e+00 7.366298e-02 -7.894028e+02
6.916873e+00 7.954136e-02 -6.990373e+02
6.916873e+00 8.588885e-02 -6.014605e+02
6.916873e+00 9.274286e-02 -4.960970e+02
6.916873e+00 1.001438e-01 -3.823253e+02
6.916873e+00 1.081354e-01 -3.200443e+02
6.916873e+00 1.167647e-01 -2.816910e+02
6.916873e+00 1.260827e-01 -2.402771e+02
6.916873e+00 1.361442e-01 -1.955583e+02
6.916873e+00 1.470087e-01 -1.533028e+02
6.916873e+00 1.587401e-01 -1.333698e+02
6.916873e+00 1.714077e-01 -1.118460e+02
6.916873e+00 1.850862e-01 -8.860471e+01
6.916873e+00 1.998563e-01 -6.350869e+01
6.916873e+00 2.158051e-01 -5.296655e+01
6.916873e+00 2.330265e-01 -4.489021e+01
6.916873e+00 2.516223e-01 -3.616937e+01
6.916873e+00 2.717020e-01 -2.675260e+01
6.916873e+00 2.933841e-01 -1.999973e+01
6.916873e+00 3.167964e-01 -1.704869e+01
6.916873e+00 3.420771e-01 -1.386215e+01
6.916873e+00 3.693752e-01 -1.042132e+01
6.916873e+00 3.988518e-01 -6.908868e+00
6.916873e+00 4.306805e-01 -5.962843e+00
6.916873e+00 4.650493e-01 -4.941324e+00
6.916873e+00 5.021607e-01 -3.838287e+00
6.916873e+00 5.422336e-01 -2.647226e+00
6.916873e+00 5.855044e-01 -2.047054e+00
6.916873e+00 6.322283e-01 -1.718640e+00
6.916873e+00 6.826808e-01 -1.364018e+00
6.916873e+00 7.371594e-01 -9.810974e-01
6.916873e+00 7.959855e-01 -6.686872e-01
6.916873e+00 8.595059e-01 -5.691673e-01
6.916873e+00 9.280954e-01 -4.617056e-01
6.916873e+00 1.002158e+00 -3.456684e-01
6.916873e+00 1.082132e+00 -2.203713e-01
6.916873e+00 1.168487e+00 -1.843898e-01
6.916873e+00 1.261733e+00 -1.539954e-01
6.916873e+00 1.362421e+00 -1.211756e-01
6.916873e+00 1.471144e+00 -8.573667e-02
6.916873e+00 1.588542e+00 -6.379411e-02
6.916873e+00 1.715310e+00 -5.439318e-02
6.916873e+00 1.852193e+00 -4.424204e-02
6.916873e+00 2.000000e+00 -3.328084e-02
7.075210e+00 1.000000e-03 -7.397425e+02
7.075210e+00 1.079801e-03 -7.931749e+02
7.075210e+00 1.165970e-03 -8.499814e+02
7.075210e+00 1.259016e-03 -9.102888e+02
7.075210e+00 1.359487e-03 -9.742141e+02
7.075210e+00 1.467975e-03 -1.041864e+03
7.075210e+00 1.585121e-03 -1.113327e+03
7.075210e+00 1.711615e-03 -1.188675e+03
7.075210e+00 1.848204e-03 -1.267956e+03
7.075210e+00 1.995693e-03 -1.351184e+03
7.075210e+00 2.154951e-03 -1.438330e+03
7.075210e+00 2.326918e-03 -1.529328e+03
7.075210e+00 2.512609e-03 -1.624060e+03
7.075210e+00 2.713117e-03 -1.722342e+03
7.075210e+00 2.929627e-03 -1.823940e+03
7.075210e+00 3.163414e-03 -1.928534e+03
7.075210e+00 3.415858e-03 -2.035724e+03
7.075210e+00 3.688447e-03 -2.145028e+03
7.075210e+00 3.982789e-03 -2.255857e+03
7.075210e+00 4.300619e-03 -2.367503e+03
7.075210e+00 4.643813e-03 -2.479165e+03
7.075210e+00 5.014394e-03 -2.589893e+03
7.075210e+00 5.414548e-03 -2.698592e+03
7.075210e+00 5.846635e-03 -2.804067e+03
7.075210e+00 6.313202e-03 -2.904935e+03
7.075210e+00 6.817002e-03 -2.999648e+03
7.075210e+00 7.361006e-03 -3.086578e+03
7.075210e+00 7.948422e-03 -3.163900e+03
7.075210e+00 8.582714e-03 -3.229635e+03
7.075210e+00 9.267624e-03 -3.281817e+03
7.075210e+00 1.000719e-02 -3.318354e+03
7.075210e+00 1.080577e-02 -3.337127e+03
7.075210e+00 1.166809e-02 -3.336238e+03
7.075210e+00 1.259921e-02 -3.314002e+03
7.075210e+00 1.360464e-02 -3.269071e+03
7.075210e+00 1.469030e-02 -3.200651e+03
7.075210e+00 1.586261e-02 -3.108910e+03
7.075210e+00 1.712846e-02 -2.994930e+03
7.075210e+00 1.849533e-02 -2.860502e+03
7.075210e+00 1.997127e-02 -2.709501e+03
7.075210e+00 2.156500e-02 -2.547115e+03
7.075210e+00 2.328591e-02 -2.378353e+03
7.075210e+00 2.514415e-02 -2.210094e+03
7.075210e+00 2.715068e-02 -2.049683e+03
7.075210e+00 2.931733e-02 -1.902633e+03
7.075210e+00 3.165689e-02 -1.772985e+03
7.075210e+00 3.418314e-02 -1.663170e+03
7.075210e+00 3.691099e-02 -1.571490e+03
7.075210e+00 3.985652e-02 -1.492393e+03
7.075210e+00 4.303711e-02 -1.416563e+03
7.075210e+00 4.647152e-02 -1.332690e+03
7.075210e+00 5.017999e-02 -1.231161e+03
7.075210e+00 5.418441e-02 -1.130483e+03
7.075210e+00 5.850838e-02 -1.055214e+03
7.075210e+00 6.317741e-02 -9.739386e+02
7.075210e+00 6.821903e-02 -8.861775e+02
7.075210e+00 7.366298e-02 -7.928852e+02
7.075210e+00 7.954136e-02 -7.071807e+02
7.075210e+00 8.588885e-02 -6.146369e+02
7.075210e+00 9.274286e-02 -5.147080e+02
7.075210e+00 1.001438e-01 -4.068047e+02
7.075210e+00 1.081354e-01 -3.454242e+02
7.075210e+00 1.167647e-01 -3.054497e+02
7.075210e+00 1.260827e-01 -2.622853e+02
7.075210e+00 1.361442e-01 -2.156762e+02
7.075210e+00 1.470087e-01 -1.714377e+02
7.075210e+00 1.587401e-01 -1.496107e+02
7.075210e+00 1.714077e-01 -1.260420e+02
7.075210e+00 1.850862e-01 -1.005924e+02
7.075210e+00 1.998563e-01 -7.311190e+01
7.075210e+00 2.158051e-01 -6.125543e+01
7.075210e+00 2.330265e-01 -5.201163e+01
7.075210e+00 2.516223e-01 -4.203016e+01
7.075210e+00 2.717020e-01 -3.125216e+01
7.075210e+00 2.933841e-01 -2.350200e+01
7.075210e+00 3.167964e-01 -2.007467e+01
7.075210e+00 3.420771e-01 -1.637383e+01
7.075210e+00 3.693752e-01 -1.237766e+01
7.075210e+00 3.988518e-01 -8.296041e+00
7.075210e+00 4.306805e-01 -7.163160e+00
7.075210e+00 4.650493e-01 -5.939874e+00
7.075210e+00 5.021607e-01 -4.618968e+00
7.075210e+00 5.422336e-01 -3.192653e+00
7.075210e+00 5.855044e-01 -2.471657e+00
7.075210e+00 6.322283e-01 -2.074850e+00
7.075210e+00 6.826808e-01 -1.646378e+00
7.075210e+00 7.371594e-01 -1.183713e+00
7.075210e+00 7.959855e-01 -8.063605e-01
7.075210e+00 8.595059e-01 -6.865171e-01
7.075210e+00 9.280954e-01 -5.571101e-01
7.075210e+00 1.002158e+00 -4.173762e-01
7.075210e+00 1.082132e+00 -2.664914e-01
7.075210e+00 1.168487e+00 -2.228672e-01
7.075210e+00 1.261733e+00 -1.859225e-01
7.075210e+00 1.362421e+00 -1.460296e-01
7.075210e+00 1.471144e+00 -1.029533e-01
7.075210e+00 1.588542e+00 -7.632729e-02
7.075210e+00 1.715310e+00 -6.498923e-02
7.075210e+00 1.852193e+00 -5.274639e-02
7.075210e+00 2.000000e+00 -3.952655e-02
7.236714e+00 1.000000e-03 -6.954409e+02
7.236714e+00 1.079801e-03 -7.456828e+02
7.236714e+00 1.165970e-03 -7.990976e+02
7.236714e+00 1.259016e-03 -8.558047e+02
7.236714e+00 1.359487e-03 -9.159135e+02
7.236714e+00 1.467975e-03 -9.795237e+02
7.236714e+00 1.585121e-03 -1.046720e+03
7.236714e+00 1.711615e-03 -1.117567e+03
7.236714e+00 1.848204e-03 -1.192112e+03
7.236714e+00 1.995693e-03 -1.270367e+03
7.236714e+00 2.154951e-03 -1.352306e+03
7.236714e+00 2.326918e-03 -1.437868e+03
7.236714e+00 2.512609e-03 -1.526939e+03
7.236714e+00 2.713117e-03 -1.619350e+03
7.236714e+00 2.929627e-03 -1.714876e+03
7.236714e+00 3.163414e-03 -1.813221e+03
7.236714e+00 3.415858e-03 -1.914004e+03
7.236714e+00 3.688447e-03 -2.016777e+03
7.236714e+00 3.982789e-03 -2.120982e+03
7.236714e+00 4.300619e-03 -2.225956e+03
7.236714e+00 4.643813e-03 -2.330944e+03
7.236714e+00 5.014394e-03 -2.435054e+03
7.236714e+00 5.414548e-03 -2.537258e+03
7.236714e+00 5.846635e-03 -2.636428e+03
7.236714e+00 6.313202e-03 -2.731268e+03
7.236714e+00 6.817002e-03 -2.820320e+03
7.236714e+00 7.361006e-03 -2.902054e+03
7.236714e+00 7.948422e-03 -2.974754e+03
7.236714e+00 8.582714e-03 -3.036560e+03
7.236714e+00 9.267624e-03 -3.085623e+03
7.236714e+00 1.000719e-02 -3.119978e+03
7.236714e+00 1.080577e-02 -3.137630e+03
7.236714e+00 1.166809e-02 -3.136795e+03
7.236714e+00 1.259921e-02 -3.115889e+03
7.236714e+00 1.360464e-02 -3.073644e+03
7.236714e+00 1.469030e-02 -3.009315e+03
7.236714e+00 1.586261e-02 -2.923059e+03
7.236714e+00 1.712846e-02 -2.815893e+03
7.236714e+00 1.849533e-02 -2.689501e+03
7.236714e+00 1.997127e-02 -2.547527e+03
7.236714e+00 2.156500e-02 -2.394849e+03
7.236714e+00 2.328591e-02 -2.236175e+03
7.236714e+00 2.514415e-02 -2.077975e+03
7.236714e+00 2.715068e-02 -1.927153e+03
7.236714e+00 2.931733e-02 -1.788893e+03
7.236714e+00 3.165689e-02 -1.666996e+03
7.236714e+00 3.418314e-02 -1.563746e+03
7.236714e+00 3.691099e-02 -1.477547e+03
7.236714e+00 3.985652e-02 -1.403178e+03
7.236714e+00 4.303711e-02 -1.331881e+03
7.236714e+00 4.647152e-02 -1.253022e+03
7.236714e+00 5.017999e-02 -1.157562e+03
7.236714e+00 5.418441e-02 -1.063975e+03
7.236714e+00 5.850838e-02 -9.961906e+02
7.236714e+00 6.317741e-02 -9.229973e+02
7.236714e+00 6.821903e-02 -8.439632e+02
7.236714e+00 7.366298e-02 -7.598871e+02
7.236714e+00 7.954136e-02 -6.820177e+02
7.236714e+00 8.588885e-02 -5.979343e+02
7.236714e+00 9.274286e-02 -5.071409e+02
7.236714e+00 1.001438e-01 -4.091021e+02
7.236714e+00 1.081354e-01 -3.514117e+02
7.236714e+00 1.167647e-01 -3.121005e+02
7.236714e+00 1.260827e-01 -2.696522e+02
7.236714e+00 1.361442e-01 -2.238164e+02
7.236714e+00 1.470087e-01 -1.801364e+02
7.236714e+00 1.587401e-01 -1.577346e+02
7.236714e+00 1.714077e-01 -1.335452e+02
7.236714e+00 1.850862e-01 -1.074255e+02
7.236714e+00 1.998563e-01 -7.922133e+01
7.236714e+00 2.158051e-01 -6.669467e+01
7.236714e+00 2.330265e-01 -5.674942e+01
7.236714e+00 2.516223e-01 -4.601052e+01
7.236714e+00 2.717020e-01 -3.441465e+01
7.236714e+00 2.933841e-01 -2.604519e+01
7.236714e+00 3.167964e-01 -2.228444e+01
7.236714e+00 3.420771e-01 -1.822358e+01
7.236714e+00 3.693752e-01 -1.383866e+01
7.236714e+00 3.988518e-01 -9.358241e+00
7.236714e+00 4.306805e-01 -8.088939e+00
7.236714e+00 4.650493e-01 -6.718345e+00
7.236714e+00 5.021607e-01 -5.238377e+00
7.236714e+00 5.422336e-01 -3.640306e+00
7.236714e+00 5.855044e-01 -2.827107e+00
7.236714e+00 6.322283e-01 -2.374201e+00
7.236714e+00 6.826808e-01 -1.885152e+00
7.236714e+00 7.371594e-01 -1.357076e+00
7.236714e+00 7.959855e-01 -9.260732e-01
7.236714e+00 8.595059e-01 -7.882545e-01
7.236714e+00 9.280954e-01 -6.394377e-01
7.236714e+00 1.002158e+00 -4.787451e-01
7.236714e+00 1.082132e+00 -3.052292e-01
7.236714e+00 1.168487e+00 -2.551125e-01
7.236714e+00 1.261733e+00 -2.126857e-01
7.236714e+00 1.362421e+00 -1.668732e-01
7.236714e+00 1.471144e+00 -1.174048e-01
7.236714e+00 1.588542e+00 -8.685857e-02
7.236714e+00 1.715310e+00 -7.389824e-02
7.236714e+00 1.852193e+00 -5.990366e-02
7.236714e+00 2.000000e+00 -4.479230e-02
7.401449e+00 1.000000e-03 -6.306041e+02
7.401449e+00 1.079801e-03 -6.761706e+02
7.401449e+00 1.165970e-03 -7.246152e+02
7.401449e+00 1.259016e-03 -7.760460e+02
7.401449e+00 1.359487e-03 -8.305618e+02
7.401449e+00 1.467975e-03 -8.882530e+02
7.401449e+00 1.585121e-03 -9.491955e+02
7.401449e+00 1.711615e-03 -1.013449e+03
7.401449e+00 1.848204e-03 -1.081055e+03
7.401449e+00 1.995693e-03 -1.152026e+03
7.401449e+00 2.154951e-03 -1.226337e+03
7.401449e+00 2.326918e-03 -1.303934e+03
7.401449e+00 2.512609e-03 -1.384713e+03
7.401449e+00 2.713117e-03 -1.468521e+03
7.401449e+00 2.929627e-03 -1.555154e+03
7.401449e+00 3.163414e-03 -1.644343e+03
7.401449e+00 3.415858e-03 -1.735743e+03
7.401449e+00 3.688447e-03 -1.828947e+03
7.401449e+00 3.982789e-03 -1.923450e+03
7.401449e+00 4.300619e-03 -2.018650e+03
7.401449e+00 4.643813e-03 -2.113863e+03
7.401449e+00 5.014394e-03 -2.208280e+03
7.401449e+00 5.414548e-03 -2.300967e+03
7.401449e+00 5.846635e-03 -2.390904e+03
7.401449e+00 6.313202e-03 -2.476913e+03
7.401449e+00 6.817002e-03 -2.557674e+03
7.401449e+00 7.361006e-03 -2.631797e+03
7.401449e+00 7.948422e-03 -2.697727e+03
7.401449e+00 8.582714e-03 -2.753778e+03
7.401449e+00 9.267624e-03 -2.798274e+03
7.401449e+00 1.000719e-02 -2.829430e+03
7.401449e+00 1.080577e-02 -2.845440e+03
7.401449e+00 1.166809e-02 -2.844683e+03
7.401449e+00 1.259921e-02 -2.825725e+03
7.401449e+00 1.360464e-02 -2.787414e+03
7.401449e+00 1.469030e-02 -2.729076e+03
7.401449e+00 1.586261e-02 -2.650853e+03
7.401449e+00 1.712846e-02 -2.553667e+03
7.401449e+00 1.849533e-02 -2.439045e+03
7.401449e+00 1.997127e-02 -2.310293e+03
7.401449e+00 2.156500e-02 -2.171832e+03
7.401449e+00 2.328591e-02 -2.027935e+03
7.401449e+00 2.514415e-02 -1.884466e+03
7.401449e+00 2.715068e-02 -1.747690e+03
7.401449e+00 2.931733e-02 -1.622306e+03
7.401449e+00 3.165689e-02 -1.511760e+03
7.401449e+00 3.418314e-02 -1.418125e+03
7.401449e+00 3.691099e-02 -1.339953e+03
7.401449e+00 3.985652e-02 -1.272510e+03
7.401449e+00 4.303711e-02 -1.207852e+03
7.401449e+00 4.647152e-02 -1.136336e+03
7.401449e+00 5.017999e-02 -1.049766e+03
7.401449e+00 5.418441e-02 -9.659523e+02
7.401449e+00 5.850838e-02 -9.074281e+02
7.401449e+00 6.317741e-02 -8.442337e+02
7.401449e+00 6.821903e-02 -7.759962e+02
7.401449e+00 7.366298e-02 -7.032605e+02
7.401449e+00 7.954136e-02 -6.343912e+02
7.401449e+00 8.588885e-02 -5.600260e+02
7.401449e+00 9.274286e-02 -4.797264e+02
7.401449e+00 1.001438e-01 -3.930189e+02
7.401449e+00 1.081354e-01 -3.407427e+02
7.401449e+00 1.167647e-01 -3.040233e+02
7.401449e+00 1.260827e-01 -2.643737e+02
7.401449e+00 1.361442e-01 -2.215600e+02
7.401449e+00 1.470087e-01 -1.805702e+02
7.401449e+00 1.587401e-01 -1.586327e+02
7.401449e+00 1.714077e-01 -1.349446e+02
7.401449e+00 1.850862e-01 -1.093662e+02
7.401449e+00 1.998563e-01 -8.174661e+01
7.401449e+00 2.158051e-01 -6.916196e+01
7.401449e+00 2.330265e-01 -5.901643e+01
7.401449e+00 2.516223e-01 -4.806128e+01
7.401449e+00 2.717020e-01 -3.623190e+01
7.401449e+00 2.933841e-01 -2.764969e+01
7.401449e+00 3.167964e-01 -2.370931e+01
7.401449e+00 3.420771e-01 -1.945448e+01
7.401449e+00 3.693752e-01 -1.486011e+01
7.401449e+00 3.988518e-01 -1.016297e+01
7.401449e+00 4.306805e-01 -8.792099e+00
7.401449e+00 4.650493e-01 -7.311832e+00
7.401449e+00 5.021607e-01 -5.713439e+00
7.401449e+00 5.422336e-01 -3.987492e+00
7.401449e+00 5.855044e-01 -3.105141e+00
7.401449e+00 6.322283e-01 -2.609686e+00
7.401449e+00 6.826808e-01 -2.074692e+00
7.401449e+00 7.371594e-01 -1.497005e+00
7.401449e+00 7.959855e-01 -1.025006e+00
7.401449e+00 8.595059e-01 -8.725057e-01
7.401449e+00 9.280954e-01 -7.078363e-01
7.401449e+00 1.002158e+00 -5.300261e-01
7.401449e+00 1.082132e+00 -3.380264e-01
7.401449e+00 1.168487e+00 -2.824189e-01
7.401449e+00 1.261733e+00 -2.352954e-01
7.401449e+00 1.362421e+00 -1.844113e-01
7.401449e+00 1.471144e+00 -1.294666e-01
7.401449e+00 1.588542e+00 -9.558610e-02
7.401449e+00 1.715310e+00 -8.128329e-02
7.401449e+00 1.852193e+00 -6.583911e-02
7.401449e+00 2.000000e+00 -4.916247e-02
7.569477e+00 1.000000e-03 -5.623716e+02
7.569477e+00 1.079801e-03 -6.030155e+02
7.569477e+00 1.165970e-03 -6.462272e+02
7.569477e+00 1.259016e-03 -6.921027e+02
7.569477e+00 1.359487e-03 -7.407301e+02
7.569477e+00 1.467975e-03 -7.921894e+02
7.569477e+00 1.585121e-03 -8.465483e+02
7.569477e+00 1.711615e-03 -9.038599e+02
7.569477e+00 1.848204e-03 -9.641615e+02
7.569477e+00 1.995693e-03 -1.027463e+03
7.569477e+00 2.154951e-03 -1.093745e+03
7.569477e+00 2.326918e-03 -1.162956e+03
7.569477e+00 2.512609e-03 -1.235007e+03
7.569477e+00 2.713117e-03 -1.309758e+03
7.569477e+00 2.929627e-03 -1.387029e+03
7.569477e+00 3.163414e-03 -1.466579e+03
7.569477e+00 3.415858e-03 -1.548102e+03
7.569477e+00 3.688447e-03 -1.631233e+03
7.569477e+00 3.982789e-03 -1.715523e+03
7.569477e+00 4.300619e-03 -1.800434e+03
7.569477e+00 4.643813e-03 -1.885357e+03
7.569477e+00 5.014394e-03 -1.969569e+03
7.569477e+00 5.414548e-03 -2.052239e+03
7.569477e+00 5.846635e-03 -2.132455e+03
7.569477e+00 6.313202e-03 -2.209168e+03
7.569477e+00 6.817002e-03 -2.281201e+03
7.569477e+00 7.361006e-03 -2.347313e+03
7.569477e+00 7.948422e-03 -2.406116e+03
7.569477e+00 8.582714e-03 -2.456109e+03
7.569477e+00 9.267624e-03 -2.495796e+03
7.569477e+00 1.000719e-02 -2.523586e+03
7.569477e+00 1.080577e-02 -2.537866e+03
7.569477e+00 1.166809e-02 -2.537193e+03
7.569477e+00 1.259921e-02 -2.520284e+03
7.569477e+00 1.360464e-02 -2.486115e+03
7.569477e+00 1.469030e-02 -2.434083e+03
7.569477e+00 1.586261e-02 -2.364315e+03
7.569477e+00 1.712846e-02 -2.277634e+03
7.569477e+00 1.849533e-02 -2.175403e+03
7.569477e+00 1.997127e-02 -2.060567e+03
7.569477e+00 2.156500e-02 -1.937074e+03
7.569477e+00 2.328591e-02 -1.808730e+03
7.569477e+00 2.514415e-02 -1.680770e+03
7.569477e+00 2.715068e-02 -1.558778e+03
7.569477e+00 2.931733e-02 -1.446947e+03
7.569477e+00 3.165689e-02 -1.348350e+03
7.569477e+00 3.418314e-02 -1.264836e+03
7.569477e+00 3.691099e-02 -1.195114e+03
7.569477e+00 3.985652e-02 -1.134961e+03
7.569477e+00 4.303711e-02 -1.077292e+03
7.569477e+00 4.647152e-02 -1.013507e+03
7.569477e+00 5.017999e-02 -9.362948e+02
7.569477e+00 5.418441e-02 -8.624925e+02
7.569477e+00 5.850838e-02 -8.129454e+02
7.569477e+00 6.317741e-02 -7.594445e+02
7.569477e+00 6.821903e-02 -7.016741e+02
7.569477e+00 7.366298e-02 -6.398539e+02
7.569477e+00 7.954136e-02 -5.788222e+02
7.569477e+00 8.588885e-02 -5.129201e+02
7.569477e+00 9.274286e-02 -4.417589e+02
7.569477e+00 1.001438e-01 -3.649190e+02
7.569477e+00 1.081354e-01 -3.184428e+02
7.569477e+00 1.167647e-01 -2.856698e+02
7.569477e+00 1.260827e-01 -2.502815e+02
7.569477e+00 1.361442e-01 -2.120692e+02
7.569477e+00 1.470087e-01 -1.752501e+02
7.569477e+00 1.587401e-01 -1.544176e+02
7.569477e+00 1.714077e-01 -1.319226e+02
7.569477e+00 1.850862e-01 -1.076325e+02
7.569477e+00 1.998563e-01 -8.140402e+01
7.569477e+00 2.158051e-01 -6.920380e+01
7.569477e+00 2.330265e-01 -5.925013e+01
7.569477e+00 2.516223e-01 -4.850215e+01
7.569477e+00 2.717020e-01 -3.689647e+01
7.569477e+00 2.933841e-01 -2.842168e+01
7.569477e+00 3.167964e-01 -2.442683e+01
7.569477e+00 3.420771e-01 -2.011319e+01
7.569477e+00 3.693752e-01 -1.545531e+01
7.569477e+00 3.988518e-01 -1.069034e+01
7.569477e+00 4.306805e-01 -9.256746e+00
7.569477e+00 4.650493e-01 -7.708744e+00
7.569477e+00 5.021607e-01 -6.037211e+00
7.569477e+00 5.422336e-01 -4.232287e+00
7.569477e+00 5.855044e-01 -3.305392e+00
7.569477e+00 6.322283e-01 -2.780821e+00
7.569477e+00 6.826808e-01 -2.214388e+00
7.569477e+00 7.371594e-01 -1.602753e+00
7.569477e+00 7.959855e-01 -1.102322e+00
7.569477e+00 8.595059e-01 -9.384752e-01
7.569477e+00 9.280954e-01 -7.615536e-01
7.569477e+00 1.002158e+00 -5.705133e-01
7.569477e+00 1.082132e+00 -3.642279e-01
7.569477e+00 1.168487e+00 -3.043005e-01
7.569477e+00 1.261733e+00 -2.534581e-01
7.569477e+00 1.362421e+00 -1.985585e-01
7.569477e+00 1.471144e+00 -1.392779e-01
7.569477e+00 1.588542e+00 -1.027240e-01
7.569477e+00 1.715310e+00 -8.729302e-02
7.569477e+00 1.852193e+00 -7.063068e-02
7.569477e+00 2.000000e+00 -5.263868e-02
7.740867e+00 1.000000e-03 -4.987706e+02
7.740867e+00 1.079801e-03 -5.348251e+02
7.740867e+00 1.165970e-03 -5.731578e+02
7.740867e+00 1.259016e-03 -6.138539e+02
7.740867e+00 1.359487e-03 -6.569911e+02
7.740867e+00 1.467975e-03 -7.026403e+02
7.740867e+00 1.585121e-03 -7.508612e+02
7.740867e+00 1.711615e-03 -8.017009e+02
7.740867e+00 1.848204e-03 -8.551923e+02
7.740867e+00 1.995693e-03 -9.113446e+02
7.740867e+00 2.154951e-03 -9.701395e+02
7.740867e+00 2.326918e-03 -1.031534e+03
7.740867e+00 2.512609e-03 -1.095446e+03
7.740867e+00 2.713117e-03 -1.161754e+03
7.740867e+00 2.929627e-03 -1.230298e+03
7.740867e+00 3.163414e-03 -1.300862e+03
7.740867e+00 3.415858e-03 -1.373175e+03
7.740867e+00 3.688447e-03 -1.446916e+03
7.740867e+00 3.982789e-03 -1.521684e+03
7.740867e+00 4.300619e-03 -1.597004e+03
7.740867e+00 4.643813e-03 -1.672333e+03
7.740867e+00 5.014394e-03 -1.747032e+03
7.740867e+00 5.414548e-03 -1.820363e+03
7.740867e+00 5.846635e-03 -1.891517e+03
7.740867e+00 6.313202e-03 -1.959565e+03
7.740867e+00 6.817002e-03 -2.023459e+03
7.740867e+00 7.361006e-03 -2.082103e+03
7.740867e+00 7.948422e-03 -2.134263e+03
7.740867e+00 8.582714e-03 -2.178608e+03
7.740867e+00 9.267624e-03 -2.213812e+03
7.740867e+00 1.000719e-02 -2.238463e+03
7.740867e+00 1.080577e-02 -2.251131e+03
7.740867e+00 1.166809e-02 -2.250534e+03
7.740867e+00 1.259921e-02 -2.235536e+03
7.740867e+00 1.360464e-02 -2.205228e+03
7.740867e+00 1.469030e-02 -2.159075e+03
7.740867e+00 1.586261e-02 -2.097190e+03
7.740867e+00 1.712846e-02 -2.020303e+03
7.740867e+00 1.849533e-02 -1.929622e+03
7.740867e+00 1.997127e-02 -1.827761e+03
7.740867e+00 2.156500e-02 -1.718220e+03
7.740867e+00 2.328591e-02 -1.604377e+03
7.740867e+00 2.514415e-02 -1.490874e+03
7.740867e+00 2.715068e-02 -1.382665e+03
7.740867e+00 2.931733e-02 -1.283469e+03
7.740867e+00 3.165689e-02 -1.196012e+03
7.740867e+00 3.418314e-02 -1.121933e+03
7.740867e+00 3.691099e-02 -1.060088e+03
7.740867e+00 3.985652e-02 -1.006732e+03
7.740867e+00 4.303711e-02 -9.555781e+02
7.740867e+00 4.647152e-02 -8.989998e+02
7.740867e+00 5.017999e-02 -8.305108e+02
7.740867e+00 5.418441e-02 -7.653844e+02
7.740867e+00 5.850838e-02 -7.223754e+02
7.740867e+00 6.317741e-02 -6.759341e+02
7.740867e+00 6.821903e-02 -6.257869e+02
7.740867e+00 7.366298e-02 -5.721230e+02
7.740867e+00 7.954136e-02 -5.191318e+02
7.740867e+00 8.588885e-02 -4.619119e+02
7.740867e+00 9.274286e-02 -4.001257e+02
7.740867e+00 1.001438e-01 -3.334090e+02
7.740867e+00 1.081354e-01 -2.926098e+02
7.740867e+00 1.167647e-01 -2.634601e+02
7.740867e+00 1.260827e-01 -2.319843e+02
7.740867e+00 1.361442e-01 -1.979967e+02
7.740867e+00 1.470087e-01 -1.651329e+02
7.740867e+00 1.587401e-01 -1.459872e+02
7.740867e+00 1.714077e-01 -1.253137e+02
7.740867e+00 1.850862e-01 -1.029904e+02
7.740867e+00 1.998563e-01 -7.888566e+01
7.740867e+00 2.158051e-01 -6.740594e+01
7.740867e+00 2.330265e-01 -5.791611e+01
7.740867e+00 2.516223e-01 -4.766898e+01
7.740867e+00 2.717020e-01 -3.660412e+01
7.740867e+00 2.933841e-01 -2.846458e+01
7.740867e+00 3.167964e-01 -2.451559e+01
7.740867e+00 3.420771e-01 -2.025146e+01
7.740867e+00 3.693752e-01 -1.564705e+01
7.740867e+00 3.988518e-01 -1.093424e+01
7.740867e+00 4.306805e-01 -9.478689e+00
7.740867e+00 4.650493e-01 -7.906986e+00
7.740867e+00 5.021607e-01 -6.209858e+00
7.740867e+00 5.422336e-01 -4.377298e+00
7.740867e+00 5.855044e-01 -3.430180e+00
7.740867e+00 6.322283e-01 -2.888253e+00
7.740867e+00 6.826808e-01 -2.303080e+00
7.740867e+00 7.371594e-01 -1.671210e+00
7.740867e+00 7.959855e-01 -1.153738e+00
7.740867e+00 8.595059e-01 -9.828118e-01
7.740867e+00 9.280954e-01 -7.982454e-01
7.740867e+00 1.002158e+00 -5.989505e-01
7.740867e+00 1.082132e+00 -3.837516e-01
7.740867e+00 1.168487e+00 -3.207021e-01
7.740867e+00 1.261733e+00 -2.670423e-01
7.740867e+00 1.362421e+00 -2.091005e-01
7.740867e+00 1.471144e+00 -1.465348e-01
7.740867e+00 1.588542e+00 -1.079733e-01
7.740867e+00 1.715310e+00 -9.172256e-02
7.740867e+00 1.852193e+00 -7.417504e-02
7.740867e+00 2.000000e+00 -5.522720e-02
7.915684e+00 1.000000e-03 -4.389732e+02
7.915684e+00 1.079801e-03 -4.707115e+02
7.915684e+00 1.165970e-03 -5.044558e+02
7.915684e+00 1.259016e-03 -5.402808e+02
7.915684e+00 1.359487e-03 -5.782548e+02
7.915684e+00 1.467975e-03 -6.184398e+02
7.915684e+00 1.585121e-03 -6.608884e+02
7.915684e+00 1.711615e-03 -7.056417e+02
7.915684e+00 1.848204e-03 -7.527288e+02
7.915684e+00 1.995693e-03 -8.021577e+02
7.915684e+00 2.154951e-03 -8.539125e+02
7.915684e+00 2.326918e-03 -9.079553e+02
7.915684e+00 2.512609e-03 -9.642149e+02
7.915684e+00 2.713117e-03 -1.022583e+03
7.915684e+00 2.929627e-03 -1.082919e+03
7.915684e+00 3.163414e-03 -1.145033e+03
7.915684e+00 3.415858e-03 -1.208687e+03
7.915684e+00 3.688447e-03 -1.273597e+03
7.915684e+00 3.982789e-03 -1.339411e+03
7.915684e+00 4.300619e-03 -1.405711e+03
7.915684e+00 4.643813e-03 -1.472019e+03
7.915684e+00 5.014394e-03 -1.537772e+03
7.915684e+00 5.414548e-03 -1.602321e+03
7.915684e+00 5.846635e-03 -1.664954e+03
7.915684e+00 6.313202e-03 -1.724852e+03
7.915684e+00 6.817002e-03 -1.781094e+03
7.915684e+00 7.361006e-03 -1.832714e+03
7.915684e+00 7.948422e-03 -1.878627e+03
7.915684e+00 8.582714e-03 -1.917662e+03
7.915684e+00 9.267624e-03 -1.948649e+03
7.915684e+00 1.000719e-02 -1.970349e+03
7.915684e+00 1.080577e-02 -1.981501e+03
7.915684e+00 1.166809e-02 -1.980977e+03
7.915684e+00 1.259921e-02 -1.967775e+03
7.915684e+00 1.360464e-02 -1.941098e+03
7.915684e+00 1.469030e-02 -1.900472e+03
7.915684e+00 1.586261e-02 -1.846000e+03
7.915684e+00 1.712846e-02 -1.778322e+03
7.915684e+00 1.849533e-02 -1.698503e+03
7.915684e+00 1.997127e-02 -1.608842e+03
7.915684e+00 2.156500e-02 -1.512421e+03
7.915684e+00 2.328591e-02 -1.412214e+03
7.915684e+00 2.514415e-02 -1.312306e+03
7.915684e+00 2.715068e-02 -1.217058e+03
7.915684e+00 2.931733e-02 -1.129742e+03
7.915684e+00 3.165689e-02 -1.052761e+03
7.915684e+00 3.418314e-02 -9.875549e+02
7.915684e+00 3.691099e-02 -9.331174e+02
7.915684e+00 3.985652e-02 -8.861513e+02
7.915684e+00 4.303711e-02 -8.411247e+02
7.915684e+00 4.647152e-02 -7.913229e+02
7.915684e+00 5.017999e-02 -7.310372e+02
7.915684e+00 5.418441e-02 -6.739553e+02
7.915684e+00 5.850838e-02 -6.367773e+02
7.915684e+00 6.317741e-02 -5.966324e+02
7.915684e+00 6.821903e-02 -5.532839e+02
7.915684e+00 7.366298e-02 -5.068647e+02
7.915684e+00 7.954136e-02 -4.607091e+02
7.915684e+00 8.588885e-02 -4.108702e+02
7.915684e+00 9.274286e-02 -3.570542e+02
7.915684e+00 1.001438e-01 -2.989436e+02
7.915684e+00 1.081354e-01 -2.633323e+02
7.915684e+00 1.167647e-01 -2.378262e+02
7.915684e+00 1.260827e-01 -2.102847e+02
7.915684e+00 1.361442e-01 -1.805453e+02
7.915684e+00 1.470087e-01 -1.517196e+02
7.915684e+00 1.587401e-01 -1.345951e+02
7.915684e+00 1.714077e-01 -1.161041e+02
7.915684e+00 1.850862e-01 -9.613743e+01
7.915684e+00 1.998563e-01 -7.457742e+01
7.915684e+00 2.158051e-01 -6.405603e+01
7.915684e+00 2.330265e-01 -5.524360e+01
7.915684e+00 2.516223e-01 -4.572792e+01
7.915684e+00 2.717020e-01 -3.545288e+01
7.915684e+00 2.933841e-01 -2.783567e+01
7.915684e+00 3.167964e-01 -2.403064e+01
7.915684e+00 3.420771e-01 -1.992195e+01
7.915684e+00 3.693752e-01 -1.548540e+01
7.915684e+00 3.988518e-01 -1.094160e+01
7.915684e+00 4.306805e-01 -9.497117e+00
7.915684e+00 4.650493e-01 -7.937360e+00
7.915684e+00 5.021607e-01 -6.253134e+00
7.915684e+00 5.422336e-01 -4.434504e+00
7.915684e+00 5.855044e-01 -3.487908e+00
7.915684e+00 6.322283e-01 -2.939780e+00
7.915684e+00 6.826808e-01 -2.347911e+00
7.915684e+00 7.371594e-01 -1.708809e+00
7.915684e+00 7.959855e-01 -1.184815e+00
7.915684e+00 8.595059e-01 -1.009871e+00
7.915684e+00 9.280954e-01 -8.209650e-01
7.915684e+00 1.002158e+00 -6.169846e-01
7.915684e+00 1.082132e+00 -3.967263e-01
7.915684e+00 1.168487e+00 -3.316878e-01
7.915684e+00 1.261733e+00 -2.761762e-01
7.915684e+00 1.362421e+00 -2.162348e-01
7.915684e+00 1.471144e+00 -1.515099e-01
7.915684e+00 1.588542e+00 -1.116116e-01
7.915684e+00 1.715310e+00 -9.478824e-02
7.915684e+00 1.852193e+00 -7.662234e-02
7.915684e+00 2.000000e+00 -5.700679e-02
8.093998e+00 1.000000e-03 -3.852860e+02
8.093998e+00 1.079801e-03 -4.131484e+02
8.093998e+00 1.165970e-03 -4.427722e+02
8.093998e+00 1.259016e-03 -4.742228e+02
8.093998e+00 1.359487e-03 -5.075601e+02
8.093998e+00 1.467975e-03 -5.428384e+02
8.093998e+00 1.585121e-03 -5.801035e+02
8.093998e+00 1.711615e-03 -6.193915e+02
8.093998e+00 1.848204e-03 -6.607277e+02
8.093998e+00 1.995693e-03 -7.041192e+02
8.093998e+00 2.154951e-03 -7.495523e+02
8.093998e+00 2.326918e-03 -7.969938e+02
8.093998e+00 2.512609e-03 -8.463814e+02
8.093998e+00 2.713117e-03 -8.976201e+02
8.093998e+00 2.929627e-03 -9.505854e+02
8.093998e+00 3.163414e-03 -1.005112e+03
8.093998e+00 3.415858e-03 -1.060990e+03
8.093998e+00 3.688447e-03 -1.117970e+03
8.093998e+00 3.982789e-03 -1.175745e+03
8.093998e+00 4.300619e-03 -1.233945e+03
8.093998e+00 4.643813e-03 -1.292153e+03
8.093998e+00 5.014394e-03 -1.349873e+03
8.093998e+00 5.414548e-03 -1.406536e+03
8.093998e+00 5.846635e-03 -1.461517e+03
8.093998e+00 6.313202e-03 -1.514097e+03
8.093998e+00 6.817002e-03 -1.563469e+03
8.093998e+00 7.361006e-03 -1.608782e+03
8.093998e+00 7.948422e-03 -1.649086e+03
8.093998e+00 8.582714e-03 -1.683351e+03
8.093998e+00 9.267624e-03 -1.710553e+03
8.093998e+00 1.000719e-02 -1.729603e+03
8.093998e+00 1.080577e-02 -1.739393e+03
8.093998e+00 1.166809e-02 -1.738933e+03
8.093998e+00 1.259921e-02 -1.727345e+03
8.093998e+00 1.360464e-02 -1.703927e+03
8.093998e+00 1.469030e-02 -1.668266e+03
8.093998e+00 1.586261e-02 -1.620450e+03
8.093998e+00 1.712846e-02 -1.561041e+03
8.093998e+00 1.849533e-02 -1.490974e+03
8.093998e+00 1.997127e-02 -1.412269e+03
8.093998e+00 2.156500e-02 -1.327629e+03
8.093998e+00 2.328591e-02 -1.239666e+03
8.093998e+00 2.514415e-02 -1.151965e+03
8.093998e+00 2.715068e-02 -1.068354e+03
8.093998e+00 2.931733e-02 -9.917073e+02
8.093998e+00 3.165689e-02 -9.241312e+02
8.093998e+00 3.418314e-02 -8.668926e+02
8.093998e+00 3.691099e-02 -8.191065e+02
8.093998e+00 3.985652e-02 -7.778788e+02
8.093998e+00 4.303711e-02 -7.383537e+02
8.093998e+00 4.647152e-02 -6.946368e+02
8.093998e+00 5.017999e-02 -6.417170e+02
8.093998e+00 5.418441e-02 -5.915838e+02
8.093998e+00 5.850838e-02 -5.588766e+02
8.093998e+00 6.317741e-02 -5.235594e+02
8.093998e+00 6.821903e-02 -4.854237e+02
8.093998e+00 7.366298e-02 -4.446329e+02
8.093998e+00 7.954136e-02 -4.045491e+02
8.093998e+00 8.588885e-02 -3.612665e+02
8.093998e+00 9.274286e-02 -3.145300e+02
8.093998e+00 1.001438e-01 -2.640639e+02
8.093998e+00 1.081354e-01 -2.332432e+02
8.093998e+00 1.167647e-01 -2.112572e+02
8.093998e+00 1.260827e-01 -1.875168e+02
8.093998e+00 1.361442e-01 -1.618818e+02
8.093998e+00 1.470087e-01 -1.369796e+02
8.093998e+00 1.587401e-01 -1.219257e+02
8.093998e+00 1.714077e-01 -1.056705e+02
8.093998e+00 1.850862e-01 -8.811819e+01
8.093998e+00 1.998563e-01 -6.916515e+01
8.093998e+00 2.158051e-01 -5.970544e+01
8.093998e+00 2.330265e-01 -5.168917e+01
8.093998e+00 2.516223e-01 -4.303321e+01
8.093998e+00 2.717020e-01 -3.368648e+01
8.093998e+00 2.933841e-01 -2.670148e+01
8.093998e+00 3.167964e-01 -2.310860e+01
8.093998e+00 3.420771e-01 -1.922901e+01
8.093998e+00 3.693752e-01 -1.503983e+01
8.093998e+00 3.988518e-01 -1.074661e+01
8.093998e+00 4.306805e-01 -9.340621e+00
8.093998e+00 4.650493e-01 -7.822436e+00
8.093998e+00 5.021607e-01 -6.183097e+00
8.093998e+00 5.422336e-01 -4.412938e+00
8.093998e+00 5.855044e-01 -3.484755e+00
8.093998e+00 6.322283e-01 -2.940700e+00
8.093998e+00 6.826808e-01 -2.353228e+00
8.093998e+00 7.371594e-01 -1.718876e+00
8.093998e+00 7.959855e-01 -1.198003e+00
8.093998e+00 8.595059e-01 -1.021708e+00
8.093998e+00 9.280954e-01 -8.313445e-01
8.093998e+00 1.002158e+00 -6.257896e-01
8.093998e+00 1.082132e+00 -4.038312e-01
8.093998e+00 1.168487e+00 -3.378697e-01
8.093998e+00 1.261733e+00 -2.814393e-01
8.093998e+00 1.362421e+00 -2.205056e-01
8.093998e+00 1.471144e+00 -1.547093e-01
8.093998e+00 1.588542e+00 -1.140758e-01
8.093998e+00 1.715310e+00 -9.682779e-02
8.093998e+00 1.852193e+00 -7.820334e-02
8.093998e+00 2.000000e+00 -5.809264e-02
8.275878e+00 1.000000e-03 -3.367991e+02
8.275878e+00 1.079801e-03 -3.611602e+02
8.275878e+00 1.165970e-03 -3.870617e+02
8.275878e+00 1.259016e-03 -4.145608e+02
8.275878e+00 1.359487e-03 -4.437096e+02
8.275878e+00 1.467975e-03 -4.745553e+02
8.275878e+00 1.585121e-03 -5.071380e+02
8.275878e+00 1.711615e-03 -5.414890e+02
8.275878e+00 1.848204e-03 -5.776304e+02
8.275878e+00 1.995693e-03 -6.155684e+02
8.275878e+00 2.154951e-03 -6.552911e+02
8.275878e+00 2.326918e-03 -6.967697e+02
8.275878e+00 2.512609e-03 -7.399498e+02
8.275878e+00 2.713117e-03 -7.847483e+02
8.275878e+00 2.929627e-03 -8.310562e+02
8.275878e+00 3.163414e-03 -8.787288e+02
8.275878e+00 3.415858e-03 -9.275829e+02
8.275878e+00 3.688447e-03 -9.774006e+02
8.275878e+00 3.982789e-03 -1.027913e+03
8.275878e+00 4.300619e-03 -1.078797e+03
8.275878e+00 4.643813e-03 -1.129688e+03
8.275878e+00 5.014394e-03 -1.180152e+03
8.275878e+00 5.414548e-03 -1.229692e+03
8.275878e+00 5.846635e-03 -1.277762e+03
8.275878e+00 6.313202e-03 -1.323732e+03
8.275878e+00 6.817002e-03 -1.366897e+03
8.275878e+00 7.361006e-03 -1.406514e+03
8.275878e+00 7.948422e-03 -1.441751e+03
8.275878e+00 8.582714e-03 -1.471708e+03
8.275878e+00 9.267624e-03 -1.495491e+03
8.275878e+00 1.000719e-02 -1.512146e+03
8.275878e+00 1.080577e-02 -1.520706e+03
8.275878e+00 1.166809e-02 -1.520305e+03
8.275878e+00 1.259921e-02 -1.510175e+03
8.275878e+00 1.360464e-02 -1.489701e+03
8.275878e+00 1.469030e-02 -1.458524e+03
8.275878e+00 1.586261e-02 -1.416719e+03
8.275878e+00 1.712846e-02 -1.364780e+03
8.275878e+00 1.849533e-02 -1.303522e+03
8.275878e+00 1.997127e-02 -1.234712e+03
8.275878e+00 2.156500e-02 -1.160714e+03
8.275878e+00 2.328591e-02 -1.083809e+03
8.275878e+00 2.514415e-02 -1.007135e+03
8.275878e+00 2.715068e-02 -9.340359e+02
8.275878e+00 2.931733e-02 -8.670256e+02
8.275878e+00 3.165689e-02 -8.079455e+02
8.275878e+00 3.418314e-02 -7.579032e+02
8.275878e+00 3.691099e-02 -7.161249e+02
8.275878e+00 3.985652e-02 -6.800806e+02
8.275878e+00 4.303711e-02 -6.455247e+02
8.275878e+00 4.647152e-02 -6.073041e+02
8.275878e+00 5.017999e-02 -5.610376e+02
8.275878e+00 5.418441e-02 -5.171974e+02
8.275878e+00 5.850838e-02 -4.885743e+02
8.275878e+00 6.317741e-02 -4.576670e+02
8.275878e+00 6.821903e-02 -4.242934e+02
8.275878e+00 7.366298e-02 -3.886067e+02
8.275878e+00 7.954136e-02 -3.536487e+02
8.275878e+00 8.588885e-02 -3.159011e+02
8.275878e+00 9.274286e-02 -2.751411e+02
8.275878e+00 1.001438e-01 -2.311284e+02
8.275878e+00 1.081354e-01 -2.045072e+02
8.275878e+00 1.167647e-01 -1.857348e+02
8.275878e+00 1.260827e-01 -1.654644e+02
8.275878e+00 1.361442e-01 -1.435763e+02
8.275878e+00 1.470087e-01 -1.222658e+02
8.275878e+00 1.587401e-01 -1.091559e+02
8.275878e+00 1.714077e-01 -9.499967e+01
8.275878e+00 1.850862e-01 -7.971380e+01
8.275878e+00 1.998563e-01 -6.320811e+01
8.275878e+00 2.158051e-01 -5.481530e+01
8.275878e+00 2.330265e-01 -4.763633e+01
8.275878e+00 2.516223e-01 -3.988448e+01
8.275878e+00 2.717020e-01 -3.151401e+01
8.275878e+00 2.933841e-01 -2.520703e+01
8.275878e+00 3.167964e-01 -2.186823e+01
8.275878e+00 3.420771e-01 -1.826300e+01
8.275878e+00 3.693752e-01 -1.437006e+01
8.275878e+00 3.988518e-01 -1.037785e+01
8.275878e+00 4.306805e-01 -9.032063e+00
8.275878e+00 4.650493e-01 -7.578882e+00
8.275878e+00 5.021607e-01 -6.009734e+00
8.275878e+00 5.422336e-01 -4.315368e+00
8.275878e+00 5.855044e-01 -3.420905e+00
8.275878e+00 6.322283e-01 -2.890834e+00
8.275878e+00 6.826808e-01 -2.318463e+00
8.275878e+00 7.371594e-01 -1.700416e+00
8.275878e+00 7.959855e-01 -1.192069e+00
8.275878e+00 8.595059e-01 -1.017342e+00
8.275878e+00 9.280954e-01 -8.286714e-01
8.275878e+00 1.002158e+00 -6.249446e-01
8.275878e+00 1.082132e+00 -4.049603e-01
8.275878e+00 1.168487e+00 -3.391164e-01
8.275878e+00 1.261733e+00 -2.826413e-01
8.275878e+00 1.362421e+00 -2.216595e-01
8.275878e+00 1.471144e+00 -1.558113e-01
8.275878e+00 1.588542e+00 -1.150754e-01
8.275878e+00 1.715310e+00 -9.767641e-02
8.275878e+00 1.852193e+00 -7.888894e-02
8.275878e+00 2.000000e+00 -5.860222e-02
8.461396e+00 1.000000e-03 -2.926798e+02
8.461396e+00 1.079801e-03 -3.138542e+02
8.461396e+00 1.165970e-03 -3.363678e+02
8.461396e+00 1.259016e-03 -3.602702e+02
8.461396e+00 1.359487e-03 -3.856068e+02
8.461396e+00 1.467975e-03 -4.124182e+02
8.461396e+00 1.585121e-03 -4.407393e+02
8.461396e+00 1.711615e-03 -4.705970e+02
8.461396e+00 1.848204e-03 -5.020105e+02
8.461396e+00 1.995693e-03 -5.349852e+02
8.461396e+00 2.154951e-03 -5.695108e+02
8.461396e+00 2.326918e-03 -6.055626e+02
8.461396e+00 2.512609e-03 -6.430933e+02
8.461396e+00 2.713117e-03 -6.820305e+02
8.461396e+00 2.929627e-03 -7.222795e+02
8.461396e+00 3.163414e-03 -7.637144e+02
8.461396e+00 3.415858e-03 -8.061762e+02
8.461396e+00 3.688447e-03 -8.494754e+02
8.461396e+00 3.982789e-03 -8.933781e+02
8.461396e+00 4.300619e-03 -9.376041e+02
8.461396e+00 4.643813e-03 -9.818356e+02
8.461396e+00 5.014394e-03 -1.025697e+03
8.461396e+00 5.414548e-03 -1.068754e+03
8.461396e+00 5.846635e-03 -1.110533e+03
8.461396e+00 6.313202e-03 -1.150488e+03
8.461396e+00 6.817002e-03 -1.188005e+03
8.461396e+00 7.361006e-03 -1.222437e+03
8.461396e+00 7.948422e-03 -1.253063e+03
8.461396e+00 8.582714e-03 -1.279101e+03
8.461396e+00 9.267624e-03 -1.299772e+03
8.461396e+00 1.000719e-02 -1.314248e+03
8.461396e+00 1.080577e-02 -1.321688e+03
8.461396e+00 1.166809e-02 -1.321340e+03
8.461396e+00 1.259921e-02 -1.312536e+03
8.461396e+00 1.360464e-02 -1.294742e+03
8.461396e+00 1.469030e-02 -1.267645e+03
8.461396e+00 1.586261e-02 -1.231311e+03
8.461396e+00 1.712846e-02 -1.186170e+03
8.461396e+00 1.849533e-02 -1.132929e+03
8.461396e+00 1.997127e-02 -1.073124e+03
8.461396e+00 2.156500e-02 -1.008810e+03
8.461396e+00 2.328591e-02 -9.419705e+02
8.461396e+00 2.514415e-02 -8.753302e+02
8.461396e+00 2.715068e-02 -8.117979e+02
8.461396e+00 2.931733e-02 -7.535574e+02
8.461396e+00 3.165689e-02 -7.022091e+02
8.461396e+00 3.418314e-02 -6.587159e+02
8.461396e+00 3.691099e-02 -6.224052e+02
8.461396e+00 3.985652e-02 -5.910780e+02
8.461396e+00 4.303711e-02 -5.610445e+02
8.461396e+00 4.647152e-02 -5.278258e+02
8.461396e+00 5.017999e-02 -4.876142e+02
8.461396e+00 5.418441e-02 -4.495831e+02
8.461396e+00 5.850838e-02 -4.249056e+02
8.461396e+00 6.317741e-02 -3.982589e+02
8.461396e+00 6.821903e-02 -3.694857e+02
8.461396e+00 7.366298e-02 -3.386912e+02
8.461396e+00 7.954136e-02 -3.082455e+02
8.461396e+00 8.588885e-02 -2.753703e+02
8.461396e+00 9.274286e-02 -2.398715e+02
8.461396e+00 1.001438e-01 -2.015399e+02
8.461396e+00 1.081354e-01 -1.785269e+02
8.461396e+00 1.167647e-01 -1.624452e+02
8.461396e+00 1.260827e-01 -1.450802e+02
8.461396e+00 1.361442e-01 -1.263294e+02
8.461396e+00 1.470087e-01 -1.080570e+02
8.461396e+00 1.587401e-01 -9.673813e+01
8.461396e+00 1.714077e-01 -8.451600e+01
8.461396e+00 1.850862e-01 -7.131853e+01
8.461396e+00 1.998563e-01 -5.706789e+01
8.461396e+00 2.158051e-01 -4.969804e+01
8.461396e+00 2.330265e-01 -4.334162e+01
8.461396e+00 2.516223e-01 -3.647795e+01
8.461396e+00 2.717020e-01 -2.906655e+01
8.461396e+00 2.933841e-01 -2.343964e+01
8.461396e+00 3.167964e-01 -2.038332e+01
8.461396e+00 3.420771e-01 -1.708310e+01
8.461396e+00 3.693752e-01 -1.351952e+01
8.461396e+00 3.988518e-01 -9.862818e+00
8.461396e+00 4.306805e-01 -8.597020e+00
8.461396e+00 4.650493e-01 -7.230210e+00
8.461396e+00 5.021607e-01 -5.754328e+00
8.461396e+00 5.422336e-01 -4.160668e+00
8.461396e+00 5.855044e-01 -3.312477e+00
8.461396e+00 6.322283e-01 -2.803259e+00
8.461396e+00 6.826808e-01 -2.253404e+00
8.461396e+00 7.371594e-01 -1.659671e+00
8.461396e+00 7.959855e-01 -1.170435e+00
8.461396e+00 8.595059e-01 -9.995381e-01
8.461396e+00 9.280954e-01 -8.150030e-01
8.461396e+00 1.002158e+00 -6.157418e-01
8.461396e+00 1.082132e+00 -4.005793e-01
8.461396e+00 1.168487e+00 -3.357893e-01
8.461396e+00 1.261733e+00 -2.800986e-01
8.461396e+00 1.362421e+00 -2.199638e-01
8.461396e+00 1.471144e+00 -1.550301e-01
8.461396e+00 1.588542e+00 -1.147738e-01
8.461396e+00 1.715310e+00 -9.744808e-02
8.461396e+00 1.852193e+00 -7.873971e-02
8.461396e+00 2.000000e+00 -5.853838e-02
8.650623e+00 1.000000e-03 -2.542409e+02
8.650623e+00 1.079801e-03 -2.726383e+02
8.650623e+00 1.165970e-03 -2.921997e+02
8.650623e+00 1.259016e-03 -3.129680e+02
8.650623e+00 1.359487e-03 -3.349824e+02
8.650623e+00 1.467975e-03 -3.582783e+02
8.650623e+00 1.585121e-03 -3.828857e+02
8.650623e+00 1.711615e-03 -4.088280e+02
8.650623e+00 1.848204e-03 -4.361217e+02
8.650623e+00 1.995693e-03 -4.647714e+02
8.650623e+00 2.154951e-03 -4.947685e+02
8.650623e+00 2.326918e-03 -5.260914e+02
8.650623e+00 2.512609e-03 -5.586993e+02
8.650623e+00 2.713117e-03 -5.925291e+02
8.650623e+00 2.929627e-03 -6.274985e+02
8.650623e+00 3.163414e-03 -6.634982e+02
8.650623e+00 3.415858e-03 -7.003899e+02
8.650623e+00 3.688447e-03 -7.380091e+02
8.650623e+00 3.982789e-03 -7.761525e+02
8.650623e+00 4.300619e-03 -8.145767e+02
8.650623e+00 4.643813e-03 -8.530057e+02
8.650623e+00 5.014394e-03 -8.911127e+02
8.650623e+00 5.414548e-03 -9.285213e+02
8.650623e+00 5.846635e-03 -9.648199e+02
8.650623e+00 6.313202e-03 -9.995332e+02
8.650623e+00 6.817002e-03 -1.032128e+03
8.650623e+00 7.361006e-03 -1.062043e+03
8.650623e+00 7.948422e-03 -1.088651e+03
8.650623e+00 8.582714e-03 -1.111273e+03
8.650623e+00 9.267624e-03 -1.129232e+03
8.650623e+00 1.000719e-02 -1.141809e+03
8.650623e+00 1.080577e-02 -1.148274e+03
8.650623e+00 1.166809e-02 -1.147972e+03
8.650623e+00 1.259921e-02 -1.140323e+03
8.650623e+00 1.360464e-02 -1.124864e+03
8.650623e+00 1.469030e-02 -1.101322e+03
8.650623e+00 1.586261e-02 -1.069756e+03
8.650623e+00 1.712846e-02 -1.030538e+03
8.650623e+00 1.849533e-02 -9.842826e+02
8.650623e+00 1.997127e-02 -9.323247e+02
8.650623e+00 2.156500e-02 -8.764491e+02
8.650623e+00 2.328591e-02 -8.183791e+02
8.650623e+00 2.514415e-02 -7.604824e+02
8.650623e+00 2.715068e-02 -7.052859e+02
8.650623e+00 2.931733e-02 -6.546869e+02
8.650623e+00 3.165689e-02 -6.100758e+02
8.650623e+00 3.418314e-02 -5.722891e+02
8.650623e+00 3.691099e-02 -5.407425e+02
8.650623e+00 3.985652e-02 -5.135256e+02
8.650623e+00 4.303711e-02 -4.874326e+02
8.650623e+00 4.647152e-02 -4.585725e+02
8.650623e+00 5.017999e-02 -4.236368e+02
8.650623e+00 5.418441e-02 -3.905965e+02
8.650623e+00 5.850838e-02 -3.691593e+02
8.650623e+00 6.317741e-02 -3.460115e+02
8.650623e+00 6.821903e-02 -3.210164e+02
8.650623e+00 7.366298e-02 -2.942604e+02
8.650623e+00 7.954136e-02 -2.677554e+02
8.650623e+00 8.588885e-02 -2.391354e+02
8.650623e+00 9.274286e-02 -2.082314e+02
8.650623e+00 1.001438e-01 -1.748612e+02
8.650623e+00 1.081354e-01 -1.549782e+02
8.650623e+00 1.167647e-01 -1.412137e+02
8.650623e+00 1.260827e-01 -1.263509e+02
8.650623e+00 1.361442e-01 -1.103020e+02
8.650623e+00 1.470087e-01 -9.466178e+01
8.650623e+00 1.587401e-01 -8.497026e+01
8.650623e+00 1.714077e-01 -7.450535e+01
8.650623e+00 1.850862e-01 -6.320532e+01
8.650623e+00 1.998563e-01 -5.100354e+01
8.650623e+00 2.158051e-01 -4.458147e+01
8.650623e+00 2.330265e-01 -3.899587e+01
8.650623e+00 2.516223e-01 -3.296453e+01
8.650623e+00 2.717020e-01 -2.645188e+01
8.650623e+00 2.933841e-01 -2.147763e+01
8.650623e+00 3.167964e-01 -1.872215e+01
8.650623e+00 3.420771e-01 -1.574679e+01
8.650623e+00 3.693752e-01 -1.253399e+01
8.650623e+00 3.988518e-01 -9.235234e+00
8.650623e+00 4.306805e-01 -8.063841e+00
8.650623e+00 4.650493e-01 -6.798971e+00
8.650623e+00 5.021607e-01 -5.433162e+00
8.650623e+00 5.422336e-01 -3.958360e+00
8.650623e+00 5.855044e-01 -3.165926e+00
8.650623e+00 6.322283e-01 -2.683088e+00
8.650623e+00 6.826808e-01 -2.161720e+00
8.650623e+00 7.371594e-01 -1.598746e+00
8.650623e+00 7.959855e-01 -1.134089e+00
8.650623e+00 8.595059e-01 -9.694128e-01
8.650623e+00 9.280954e-01 -7.915952e-01
8.650623e+00 1.002158e+00 -5.995875e-01
8.650623e+00 1.082132e+00 -3.922575e-01
8.650623e+00 1.168487e+00 -3.292272e-01
8.650623e+00 1.261733e+00 -2.748662e-01
8.650623e+00 1.362421e+00 -2.161672e-01
8.650623e+00 1.471144e+00 -1.527839e-01
8.650623e+00 1.588542e+00 -1.133791e-01
8.650623e+00 1.715310e+00 -9.625256e-02
8.650623e+00 1.852193e+00 -7.775927e-02
8.650623e+00 2.000000e+00 -5.779019e-02
8.843636e+00 1.000000e-03 -2.202193e+02
8.843636e+00 1.079801e-03 -2.361583e+02
8.843636e+00 1.165970e-03 -2.531060e+02
8.843636e+00 1.259016e-03 -2.710997e+02
8.843636e+00 1.359487e-03 -2.901730e+02
8.843636e+00 1.467975e-03 -3.103567e+02
8.843636e+00 1.585121e-03 -3.316764e+02
8.843636e+00 1.711615e-03 -3.541525e+02
8.843636e+00 1.848204e-03 -3.777991e+02
8.843636e+00 1.995693e-03 -4.026203e+02
8.843636e+00 2.154951e-03 -4.286084e+02
8.843636e+00 2.326918e-03 -4.557452e+02
8.843636e+00 2.512609e-03 -4.839951e+02
8.843636e+00 2.713117e-03 -5.133037e+02
8.843636e+00 2.929627e-03 -5.435994e+02
8.843636e+00 3.163414e-03 -5.747876e+02
8.843636e+00 3.415858e-03 -6.067485e+02
8.843636e+00 3.688447e-03 -6.393396e+02
8.843636e+00 3.982789e-03 -6.723847e+02
8.843636e+00 4.300619e-03 -7.056731e+02
8.843636e+00 4.643813e-03 -7.389655e+02
8.843636e+00 5.014394e-03 -7.719790e+02
8.843636e+00 5.414548e-03 -8.043873e+02
8.843636e+00 5.846635e-03 -8.358339e+02
8.843636e+00 6.313202e-03 -8.659072e+02
8.843636e+00 6.817002e-03 -8.941450e+02
8.843636e+00 7.361006e-03 -9.200616e+02
8.843636e+00 7.948422e-03 -9.431130e+02
8.843636e+00 8.582714e-03 -9.627110e+02
8.843636e+00 9.267624e-03 -9.782698e+02
8.843636e+00 1.000719e-02 -9.891662e+02
8.843636e+00 1.080577e-02 -9.947672e+02
8.843636e+00 1.166809e-02 -9.945058e+02
8.843636e+00 1.259921e-02 -9.878796e+02
8.843636e+00 1.360464e-02 -9.744873e+02
8.843636e+00 1.469030e-02 -9.540930e+02
8.843636e+00 1.586261e-02 -9.267469e+02
8.843636e+00 1.712846e-02 -8.927712e+02
8.843636e+00 1.849533e-02 -8.526999e+02
8.843636e+00 1.997127e-02 -8.076880e+02
8.843636e+00 2.156500e-02 -7.592821e+02
8.843636e+00 2.328591e-02 -7.089752e+02
8.843636e+00 2.514415e-02 -6.588183e+02
8.843636e+00 2.715068e-02 -6.110008e+02
8.843636e+00 2.931733e-02 -5.671660e+02
8.843636e+00 3.165689e-02 -5.285187e+02
8.843636e+00 3.418314e-02 -4.957834e+02
8.843636e+00 3.691099e-02 -4.684541e+02
8.843636e+00 3.985652e-02 -4.448757e+02
8.843636e+00 4.303711e-02 -4.222709e+02
8.843636e+00 4.647152e-02 -3.972689e+02
8.843636e+00 5.017999e-02 -3.670036e+02
8.843636e+00 5.418441e-02 -3.383776e+02
8.843636e+00 5.850838e-02 -3.197991e+02
8.843636e+00 6.317741e-02 -2.997381e+02
8.843636e+00 6.821903e-02 -2.780761e+02
8.843636e+00 7.366298e-02 -2.548955e+02
8.843636e+00 7.954136e-02 -2.320093e+02
8.843636e+00 8.588885e-02 -2.072967e+02
8.843636e+00 9.274286e-02 -1.806121e+02
8.843636e+00 1.001438e-01 -1.517979e+02
8.843636e+00 1.081354e-01 -1.346437e+02
8.843636e+00 1.167647e-01 -1.227804e+02
8.843636e+00 1.260827e-01 -1.099704e+02
8.843636e+00 1.361442e-01 -9.613823e+01
8.843636e+00 1.470087e-01 -8.266237e+01
8.843636e+00 1.587401e-01 -7.433115e+01
8.843636e+00 1.714077e-01 -6.533509e+01
8.843636e+00 1.850862e-01 -5.562113e+01
8.843636e+00 1.998563e-01 -4.513199e+01
8.843636e+00 2.158051e-01 -3.956430e+01
8.843636e+00 2.330265e-01 -3.470253e+01
8.843636e+00 2.516223e-01 -2.945278e+01
8.843636e+00 2.717020e-01 -2.378409e+01
8.843636e+00 2.933841e-01 -1.943139e+01
8.843636e+00 3.167964e-01 -1.697878e+01
8.843636e+00 3.420771e-01 -1.433046e+01
8.843636e+00 3.693752e-01 -1.147080e+01
8.843636e+00 3.988518e-01 -8.532840e+00
8.843636e+00 4.306805e-01 -7.463208e+00
8.843636e+00 4.650493e-01 -6.308219e+00
8.843636e+00 5.021607e-01 -5.061061e+00
8.843636e+00 5.422336e-01 -3.714377e+00
8.843636e+00 5.855044e-01 -2.984066e+00
8.843636e+00 6.322283e-01 -2.532790e+00
8.843636e+00 6.826808e-01 -2.045501e+00
8.843636e+00 7.371594e-01 -1.519327e+00
8.843636e+00 7.959855e-01 -1.084324e+00
8.843636e+00 8.595059e-01 -9.279442e-01
8.843636e+00 9.280954e-01 -7.590856e-01
8.843636e+00 1.002158e+00 -5.767520e-01
8.843636e+00 1.082132e+00 -3.798679e-01
8.843636e+00 1.168487e+00 -3.193029e-01
8.843636e+00 1.261733e+00 -2.668532e-01
8.843636e+00 1.362421e+00 -2.102179e-01
8.843636e+00 1.471144e+00 -1.490631e-01
8.843636e+00 1.588542e+00 -1.109331e-01
8.843636e+00 1.715310e+00 -9.419217e-02
8.843636e+00 1.852193e+00 -7.611535e-02
8.843636e+00 2.000000e+00 -5.659599e-02
9.040509e+00 1.000000e-03 -1.906655e+02
9.040509e+00 1.079801e-03 -2.044685e+02
9.040509e+00 1.165970e-03 -2.191453e+02
9.040509e+00 1.259016e-03 -2.347281e+02
9.040509e+00 1.359487e-03 -2.512461e+02
9.040509e+00 1.467975e-03 -2.687256e+02
9.040509e+00 1.585121e-03 -2.871889e+02
9.040509e+00 1.711615e-03 -3.066534e+02
9.040509e+00 1.848204e-03 -3.271313e+02
9.040509e+00 1.995693e-03 -3.486261e+02
9.040509e+00 2.154951e-03 -3.711312e+02
9.040509e+00 2.326918e-03 -3.946310e+02
9.040509e+00 2.512609e-03 -4.190947e+02
9.040509e+00 2.713117e-03 -4.444751e+02
9.040509e+00 2.929627e-03 -4.707103e+02
9.040509e+00 3.163414e-03 -4.977182e+02
9.040509e+00 3.415858e-03 -5.253952e+02
9.040509e+00 3.688447e-03 -5.536178e+02
9.040509e+00 3.982789e-03 -5.822335e+02
9.040509e+00 4.300619e-03 -6.110599e+02
9.040509e+00 4.643813e-03 -6.398896e+02
9.040509e+00 5.014394e-03 -6.684778e+02
9.040509e+00 5.414548e-03 -6.965419e+02
9.040509e+00 5.846635e-03 -7.237731e+02
9.040509e+00 6.313202e-03 -7.498151e+02
9.040509e+00 6.817002e-03 -7.742677e+02
9.040509e+00 7.361006e-03 -7.967102e+02
9.040509e+00 7.948422e-03 -8.166716e+02
9.040509e+00 8.582714e-03 -8.336426e+02
9.040509e+00 9.267624e-03 -8.471159e+02
9.040509e+00 1.000719e-02 -8.565518e+02
9.040509e+00 1.080577e-02 -8.614023e+02
9.040509e+00 1.166809e-02 -8.611762e+02
9.040509e+00 1.259921e-02 -8.554386e+02
9.040509e+00 1.360464e-02 -8.438420e+02
9.040509e+00 1.469030e-02 -8.261820e+02
9.040509e+00 1.586261e-02 -8.025022e+02
9.040509e+00 1.712846e-02 -7.730816e+02
9.040509e+00 1.849533e-02 -7.383826e+02
9.040509e+00 1.997127e-02 -6.994053e+02
9.040509e+00 2.156500e-02 -6.574889e+02
9.040509e+00 2.328591e-02 -6.139265e+02
9.040509e+00 2.514415e-02 -5.704939e+02
9.040509e+00 2.715068e-02 -5.290870e+02
9.040509e+00 2.931733e-02 -4.911290e+02
9.040509e+00 3.165689e-02 -4.576629e+02
9.040509e+00 3.418314e-02 -4.293163e+02
9.040509e+00 3.691099e-02 -4.056509e+02
9.040509e+00 3.985652e-02 -3.852335e+02
9.040509e+00 4.303711e-02 -3.656592e+02
9.040509e+00 4.647152e-02 -3.440091e+02
9.040509e+00 5.017999e-02 -3.178013e+02
9.040509e+00 5.418441e-02 -2.929987e+02
9.040509e+00 5.850838e-02 -2.768708e+02
9.040509e+00 6.317741e-02 -2.594559e+02
9.040509e+00 6.821903e-02 -2.406512e+02
9.040509e+00 7.366298e-02 -2.205429e+02
9.040509e+00 7.954136e-02 -2.008415e+02
9.040509e+00 8.588885e-02 -1.795678e+02
9.040509e+00 9.274286e-02 -1.565965e+02
9.040509e+00 1.001438e-01 -1.317921e+02
9.040509e+00 1.081354e-01 -1.169715e+02
9.040509e+00 1.167647e-01 -1.066759e+02
9.040509e+00 1.260827e-01 -9.555879e+01
9.040509e+00 1.361442e-01 -8.355447e+01
9.040509e+00 1.470087e-01 -7.187220e+01
9.040509e+00 1.587401e-01 -6.471025e+01
9.040509e+00 1.714077e-01 -5.697676e+01
9.040509e+00 1.850862e-01 -4.862614e+01
9.040509e+00 1.998563e-01 -3.960912e+01
9.040509e+00 2.158051e-01 -3.480652e+01
9.040509e+00 2.330265e-01 -3.060620e+01
9.040509e+00 2.516223e-01 -2.607070e+01
9.040509e+00 2.717020e-01 -2.117325e+01
9.040509e+00 2.933841e-01 -1.739486e+01
9.040509e+00 3.167964e-01 -1.523389e+01
9.040509e+00 3.420771e-01 -1.290047e+01
9.040509e+00 3.693752e-01 -1.038085e+01
9.040509e+00 3.988518e-01 -7.790777e+00
9.040509e+00 4.306805e-01 -6.826182e+00
9.040509e+00 4.650493e-01 -5.784612e+00
9.040509e+00 5.021607e-01 -4.659923e+00
9.040509e+00 5.422336e-01 -3.445482e+00
9.040509e+00 5.855044e-01 -2.780773e+00
9.040509e+00 6.322283e-01 -2.364361e+00
9.040509e+00 6.826808e-01 -1.914718e+00
9.040509e+00 7.371594e-01 -1.429194e+00
9.040509e+00 7.959855e-01 -1.026985e+00
9.040509e+00 8.595059e-01 -8.798989e-01
9.040509e+00 9.280954e-01 -7.210750e-01
9.040509e+00 1.002158e+00 -5.495767e-01
9.040509e+00 1.082132e+00 -3.643928e-01
9.040509e+00 1.168487e+00 -3.067718e-01
9.040509e+00 1.261733e+00 -2.566759e-01
9.040509e+00 1.362421e+00 -2.025822e-01
9.040509e+00 1.471144e+00 -1.441718e-01
9.040509e+00 1.588542e+00 -1.076448e-01
9.040509e+00 1.715310e+00 -9.144370e-02
9.040509e+00 1.852193e+00 -7.394976e-02
9.040509e+00 2.000000e+00 -5.505979e-02
9.241319e+00 1.000000e-03 -1.644881e+02
9.241319e+00 1.079801e-03 -1.763987e+02
9.241319e+00 1.165970e-03 -1.890635e+02
9.241319e+00 1.259016e-03 -2.025104e+02
9.241319e+00 1.359487e-03 -2.167643e+02
9.241319e+00 1.467975e-03 -2.318480e+02
9.241319e+00 1.585121e-03 -2.477806e+02
9.241319e+00 1.711615e-03 -2.645770e+02
9.241319e+00 1.848204e-03 -2.822476e+02
9.241319e+00 1.995693e-03 -3.007954e+02
9.241319e+00 2.154951e-03 -3.202149e+02
9.241319e+00 2.326918e-03 -3.404925e+02
9.241319e+00 2.512609e-03 -3.616018e+02
9.241319e+00 2.713117e-03 -3.835021e+02
9.241319e+00 2.929627e-03 -4.061400e+02
9.241319e+00 3.163414e-03 -4.294446e+02
9.241319e+00 3.415858e-03 -4.533264e+02
9.241319e+00 3.688447e-03 -4.776789e+02
9.241319e+00 3.982789e-03 -5.023706e+02
9.241319e+00 4.300619e-03 -5.272439e+02
9.241319e+00 4.643813e-03 -5.521202e+02
9.241319e+00 5.014394e-03 -5.767879e+02
9.241319e+00 5.414548e-03 -6.010034e+02
9.241319e+00 5.846635e-03 -6.245003e+02
9.241319e+00 6.313202e-03 -6.469710e+02
9.241319e+00 6.817002e-03 -6.680702e+02
9.241319e+00 7.361006e-03 -6.874350e+02
9.241319e+00 7.948422e-03 -7.046590e+02
9.241319e+00 8.582714e-03 -7.193027e+02
9.241319e+00 9.267624e-03 -7.309284e+02
9.241319e+00 1.000719e-02 -7.390705e+02
9.241319e+00 1.080577e-02 -7.432559e+02
9.241319e+00 1.166809e-02 -7.430611e+02
9.241319e+00 1.259921e-02 -7.381107e+02
9.241319e+00 1.360464e-02 -7.281048e+02
9.241319e+00 1.469030e-02 -7.128671e+02
9.241319e+00 1.586261e-02 -6.924352e+02
9.241319e+00 1.712846e-02 -6.670499e+02
9.241319e+00 1.849533e-02 -6.371101e+02
9.241319e+00 1.997127e-02 -6.034787e+02
9.241319e+00 2.156500e-02 -5.673115e+02
9.241319e+00 2.328591e-02 -5.297238e+02
9.241319e+00 2.514415e-02 -4.922483e+02
9.241319e+00 2.715068e-02 -4.565206e+02
9.241319e+00 2.931733e-02 -4.237686e+02
9.241319e+00 3.165689e-02 -3.948926e+02
9.241319e+00 3.418314e-02 -3.704338e+02
9.241319e+00 3.691099e-02 -3.500142e+02
9.241319e+00 3.985652e-02 -3.323971e+02
9.241319e+00 4.303711e-02 -3.155076e+02
9.241319e+00 4.647152e-02 -2.968268e+02
9.241319e+00 5.017999e-02 -2.742135e+02
9.241319e+00 5.418441e-02 -2.528237e+02
9.241319e+00 5.850838e-02 -2.389383e+02
9.241319e+00 6.317741e-02 -2.239449e+02
9.241319e+00 6.821903e-02 -2.077550e+02
9.241319e+00 7.366298e-02 -1.904460e+02
9.241319e+00 7.954136e-02 -1.735205e+02
9.241319e+00 8.588885e-02 -1.552444e+02
9.241319e+00 9.274286e-02 -1.355098e+02
9.241319e+00 1.001438e-01 -1.142003e+02
9.241319e+00 1.081354e-01 -1.014141e+02
9.241319e+00 1.167647e-01 -9.248530e+01
9.241319e+00 1.260827e-01 -8.284397e+01
9.241319e+00 1.361442e-01 -7.243325e+01
9.241319e+00 1.470087e-01 -6.231150e+01
9.241319e+00 1.587401e-01 -5.615193e+01
9.241319e+00 1.714077e-01 -4.950083e+01
9.241319e+00 1.850862e-01 -4.231896e+01
9.241319e+00 1.998563e-01 -3.456396e+01
9.241319e+00 2.158051e-01 -3.042988e+01
9.241319e+00 2.330265e-01 -2.681275e+01
9.241319e+00 2.516223e-01 -2.290698e+01
9.241319e+00 2.717020e-01 -1.868952e+01
9.241319e+00 2.933841e-01 -1.542452e+01
9.241319e+00 3.167964e-01 -1.353721e+01
9.241319e+00 3.420771e-01 -1.149930e+01
9.241319e+00 3.693752e-01 -9.298757e+00
9.241319e+00 3.988518e-01 -7.035548e+00
9.241319e+00 4.306805e-01 -6.175883e+00
9.241319e+00 4.650493e-01 -5.247615e+00
9.241319e+00 5.021607e-01 -4.245270e+00
9.241319e+00 5.422336e-01 -3.162937e+00
9.241319e+00 5.855044e-01 -2.564594e+00
9.241319e+00 6.322283e-01 -2.184296e+00
9.241319e+00 6.826808e-01 -1.773649e+00
9.241319e+00 7.371594e-01 -1.330232e+00
9.241319e+00 7.959855e-01 -9.622219e-01
9.241319e+00 8.595059e-01 -8.255442e-01
9.241319e+00 9.280954e-01 -6.779594e-01
9.241319e+00 1.002158e+00 -5.185972e-01
9.241319e+00 1.082132e+00 -3.465178e-01
9.241319e+00 1.168487e+00 -2.922223e-01
9.241319e+00 1.261733e+00 -2.447952e-01
9.241319e+00 1.362421e+00 -1.935835e-01
9.241319e+00 1.471144e+00 -1.382849e-01
9.241319e+00 1.588542e+00 -1.036000e-01
9.241319e+00 1.715310e+00 -8.805897e-02
9.241319e+00 1.852193e+00 -7.127772e-02
9.241319e+00 2.000000e+00 -5.315732e-02
9.446145e+00 1.000000e-03 -1.411759e+02
9.446145e+00 1.079801e-03 -1.514009e+02
9.446145e+00 1.165970e-03 -1.622735e+02
9.446145e+00 1.259016e-03 -1.738176e+02
9.446145e+00 1.359487e-03 -1.860548e+02
9.446145e+00 1.467975e-03 -1.990043e+02
9.446145e+00 1.585121e-03 -2.126825e+02
9.446145e+00 1.711615e-03 -2.271022e+02
9.446145e+00 1.848204e-03 -2.422722e+02
9.446145e+00 1.995693e-03 -2.581950e+02
9.446145e+00 2.154951e-03 -2.748660e+02
9.446145e+00 2.326918e-03 -2.922735e+02
9.446145e+00 2.512609e-03 -3.103951e+02
9.446145e+00 2.713117e-03 -3.291956e+02
9.446145e+00 2.929627e-03 -3.486291e+02
9.446145e+00 3.163414e-03 -3.686350e+02
9.446145e+00 3.415858e-03 -3.891364e+02
9.446145e+00 3.688447e-03 -4.100418e+02
9.446145e+00 3.982789e-03 -4.312382e+02
9.446145e+00 4.300619e-03 -4.525906e+02
9.446145e+00 4.643813e-03 -4.739453e+02
9.446145e+00 5.014394e-03 -4.951211e+02
9.446145e+00 5.414548e-03 -5.159087e+02
9.446145e+00 5.846635e-03 -5.360793e+02
9.446145e+00 6.313202e-03 -5.553689e+02
9.446145e+00 6.817002e-03 -5.734813e+02
9.446145e+00 7.361006e-03 -5.901047e+02
9.446145e+00 7.948422e-03 -6.048905e+02
9.446145e+00 8.582714e-03 -6.174612e+02
9.446145e+00 9.267624e-03 -6.274413e+02
9.446145e+00 1.000719e-02 -6.344308e+02
9.446145e+00 1.080577e-02 -6.380239e+02
9.446145e+00 1.166809e-02 -6.378569e+02
9.446145e+00 1.259921e-02 -6.336076e+02
9.446145e+00 1.360464e-02 -6.250185e+02
9.446145e+00 1.469030e-02 -6.119384e+02
9.446145e+00 1.586261e-02 -5.943994e+02
9.446145e+00 1.712846e-02 -5.726082e+02
9.446145e+00 1.849533e-02 -5.469074e+02
9.446145e+00 1.997127e-02 -5.180377e+02
9.446145e+00 2.156500e-02 -4.869911e+02
9.446145e+00 2.328591e-02 -4.547251e+02
9.446145e+00 2.514415e-02 -4.225554e+02
9.446145e+00 2.715068e-02 -3.918861e+02
9.446145e+00 2.931733e-02 -3.637712e+02
9.446145e+00 3.165689e-02 -3.389835e+02
9.446145e+00 3.418314e-02 -3.179876e+02
9.446145e+00 3.691099e-02 -3.004590e+02
9.446145e+00 3.985652e-02 -2.853362e+02
9.446145e+00 4.303711e-02 -2.708378e+02
9.446145e+00 4.647152e-02 -2.548019e+02
9.446145e+00 5.017999e-02 -2.353902e+02
9.446145e+00 5.418441e-02 -2.170610e+02
9.446145e+00 5.850838e-02 -2.052314e+02
9.446145e+00 6.317741e-02 -1.924578e+02
9.446145e+00 6.821903e-02 -1.786648e+02
9.446145e+00 7.366298e-02 -1.639082e+02
9.446145e+00 7.954136e-02 -1.493738e+02
9.446145e+00 8.588885e-02 -1.336795e+02
9.446145e+00 9.274286e-02 -1.167328e+02
9.446145e+00 1.001438e-01 -9.843377e+01
9.446145e+00 1.081354e-01 -8.743277e+01
9.446145e+00 1.167647e-01 -7.973250e+01
9.446145e+00 1.260827e-01 -7.141773e+01
9.446145e+00 1.361442e-01 -6.243944e+01
9.446145e+00 1.470087e-01 -5.371643e+01
9.446145e+00 1.587401e-01 -4.843681e+01
9.446145e+00 1.714077e-01 -4.273588e+01
9.446145e+00 1.850862e-01 -3.658001e+01
9.446145e+00 1.998563e-01 -2.993289e+01
9.446145e+00 2.158051e-01 -2.639806e+01
9.446145e+00 2.330265e-01 -2.330877e+01
9.446145e+00 2.516223e-01 -1.997295e+01
9.446145e+00 2.717020e-01 -1.637093e+01
9.446145e+00 2.933841e-01 -1.357163e+01
9.446145e+00 3.167964e-01 -1.193447e+01
9.446145e+00 3.420771e-01 -1.016666e+01
9.446145e+00 3.693752e-01 -8.257776e+00
9.446145e+00 3.988518e-01 -6.293627e+00
9.446145e+00 4.306805e-01 -5.534221e+00
9.446145e+00 4.650493e-01 -4.714214e+00
9.446145e+00 5.021607e-01 -3.828770e+00
9.446145e+00 5.422336e-01 -2.872666e+00
9.446145e+00 5.855044e-01 -2.339478e+00
9.446145e+00 6.322283e-01 -1.996380e+00
9.446145e+00 6.826808e-01 -1.625902e+00
9.446145e+00 7.371594e-01 -1.225860e+00
9.446145e+00 7.959855e-01 -8.931237e-01
9.446145e+00 8.595059e-01 -7.673290e-01
9.446145e+00 9.280954e-01 -6.314958e-01
9.446145e+00 1.002158e+00 -4.848230e-01
9.446145e+00 1.082132e+00 -3.264455e-01
9.446145e+00 1.168487e+00 -2.758085e-01
9.446145e+00 1.261733e+00 -2.313833e-01
9.446145e+00 1.362421e+00 -1.834130e-01
9.446145e+00 1.471144e+00 -1.316146e-01
9.446145e+00 1.588542e+00 -9.900082e-02
9.446145e+00 1.715310e+00 -8.420055e-02
9.446145e+00 1.852193e+00 -6.821921e-02
9.446145e+00 2.000000e+00 -5.096254e-02
9.655068e+00 1.000000e-03 -1.209815e+02
9.655068e+00 1.079801e-03 -1.297458e+02
9.655068e+00 1.165970e-03 -1.390655e+02
9.655068e+00 1.259016e-03 -1.489610e+02
9.655068e+00 1.359487e-03 -1.594507e+02
9.655068e+00 1.467975e-03 -1.705510e+02
9.655068e+00 1.585121e-03 -1.822759e+02
9.655068e+00 1.711615e-03 -1.946363e+02
9.655068e+00 1.848204e-03 -2.076396e+02
9.655068e+00 1.995693e-03 -2.212880e+02
9.655068e+00 2.154951e-03 -2.355776e+02
9.655068e+00 2.326918e-03 -2.504985e+02
9.655068e+00 2.512609e-03 -2.660312e+02
9.655068e+00 2.713117e-03 -2.821459e+02
9.655068e+00 2.929627e-03 -2.988033e+02
9.655068e+00 3.163414e-03 -3.159511e+02
9.655068e+00 3.415858e-03 -3.335236e+02
9.655068e+00 3.688447e-03 -3.514423e+02
9.655068e+00 3.982789e-03 -3.696105e+02
9.655068e+00 4.300619e-03 -3.879122e+02
9.655068e+00 4.643813e-03 -4.062159e+02
9.655068e+00 5.014394e-03 -4.243662e+02
9.655068e+00 5.414548e-03 -4.421837e+02
9.655068e+00 5.846635e-03 -4.594724e+02
9.655068e+00 6.313202e-03 -4.760060e+02
9.655068e+00 6.817002e-03 -4.915305e+02
9.655068e+00 7.361006e-03 -5.057789e+02
9.655068e+00 7.948422e-03 -5.184521e+02
9.655068e+00 8.582714e-03 -5.292268e+02
9.655068e+00 9.267624e-03 -5.377810e+02
9.655068e+00 1.000719e-02 -5.437720e+02
9.655068e+00 1.080577e-02 -5.468519e+02
9.655068e+00 1.166809e-02 -5.467090e+02
9.655068e+00 1.259921e-02 -5.430671e+02
9.655068e+00 1.360464e-02 -5.357055e+02
9.655068e+00 1.469030e-02 -5.244946e+02
9.655068e+00 1.586261e-02 -5.094620e+02
9.655068e+00 1.712846e-02 -4.907848e+02
9.655068e+00 1.849533e-02 -4.687565e+02
9.655068e+00 1.997127e-02 -4.440122e+02
9.655068e+00 2.156500e-02 -4.174021e+02
9.655068e+00 2.328591e-02 -3.897469e+02
9.655068e+00 2.514415e-02 -3.621741e+02
9.655068e+00 2.715068e-02 -3.358873e+02
9.655068e+00 2.931733e-02 -3.117899e+02
9.655068e+00 3.165689e-02 -2.905442e+02
9.655068e+00 3.418314e-02 -2.725486e+02
9.655068e+00 3.691099e-02 -2.575248e+02
9.655068e+00 3.985652e-02 -2.445629e+02
9.655068e+00 4.303711e-02 -2.321363e+02
9.655068e+00 4.647152e-02 -2.183919e+02
9.655068e+00 5.017999e-02 -2.017540e+02
9.655068e+00 5.418441e-02 -1.860680e+02
9.655068e+00 5.850838e-02 -1.759958e+02
9.655068e+00 6.317741e-02 -1.651198e+02
9.655068e+00 6.821903e-02 -1.533758e+02
9.655068e+00 7.366298e-02 -1.408033e+02
9.655068e+00 7.954136e-02 -1.283362e+02
9.655068e+00 8.588885e-02 -1.148742e+02
9.655068e+00 9.274286e-02 -1.003379e+02
9.655068e+00 1.001438e-01 -8.464167e+01
9.655068e+00 1.081354e-01 -7.518550e+01
9.655068e+00 1.167647e-01 -6.854948e+01
9.655068e+00 1.260827e-01 -6.138390e+01
9.655068e+00 1.361442e-01 -5.364650e+01
9.655068e+00 1.470087e-01 -4.613468e+01
9.655068e+00 1.587401e-01 -4.161452e+01
9.655068e+00 1.714077e-01 -3.673366e+01
9.655068e+00 1.850862e-01 -3.146330e+01
9.655068e+00 1.998563e-01 -2.577235e+01
9.655068e+00 2.158051e-01 -2.276011e+01
9.655068e+00 2.330265e-01 -2.013326e+01
9.655068e+00 2.516223e-01 -1.729678e+01
9.655068e+00 2.717020e-01 -1.423394e+01
9.655068e+00 2.933841e-01 -1.184663e+01
9.655068e+00 3.167964e-01 -1.043800e+01
9.655068e+00 3.420771e-01 -8.916957e+00
9.655068e+00 3.693752e-01 -7.274533e+00
9.655068e+00 3.988518e-01 -5.583741e+00
9.655068e+00 4.306805e-01 -4.918011e+00
9.655068e+00 4.650493e-01 -4.199156e+00
9.655068e+00 5.021607e-01 -3.422935e+00
9.655068e+00 5.422336e-01 -2.584770e+00
9.655068e+00 5.855044e-01 -2.113552e+00
9.655068e+00 6.322283e-01 -1.806901e+00
9.655068e+00 6.826808e-01 -1.475779e+00
9.655068e+00 7.371594e-01 -1.118232e+00
9.655068e+00 7.959855e-01 -8.202430e-01
9.655068e+00 8.595059e-01 -7.057558e-01
9.655068e+00 9.280954e-01 -5.821325e-01
9.655068e+00 1.002158e+00 -4.486438e-01
9.655068e+00 1.082132e+00 -3.045027e-01
9.655068e+00 1.168487e+00 -2.577831e-01
9.655068e+00 1.261733e+00 -2.166123e-01
9.655068e+00 1.362421e+00 -1.721560e-01
9.655068e+00 1.471144e+00 -1.241520e-01
9.655068e+00 1.588542e+00 -9.378281e-02
9.655068e+00 1.715310e+00 -7.978398e-02
9.655068e+00 1.852193e+00 -6.466804e-02
9.655068e+00 2.000000e+00 -4.834582e-02
9.868170e+00 1.000000e-03 -1.034399e+02
9.868170e+00 1.079801e-03 -1.109353e+02
9.868170e+00 1.165970e-03 -1.189058e+02
9.868170e+00 1.259016e-03 -1.273688e+02
9.868170e+00 1.359487e-03 -1.363401e+02
9.868170e+00 1.467975e-03 -1.458337e+02
9.868170e+00 1.585121e-03 -1.558615e+02
9.868170e+00 1.711615e-03 -1.664327e+02
9.868170e+00 1.848204e-03 -1.775536e+02
9.868170e+00 1.995693e-03 -1.892260e+02
9.868170e+00 2.154951e-03 -2.014466e+02
9.868170e+00 2.326918e-03 -2.142070e+02
9.868170e+00 2.512609e-03 -2.274907e+02
9.868170e+00 2.713117e-03 -2.412720e+02
9.868170e+00 2.929627e-03 -2.555173e+02
9.868170e+00 3.163414e-03 -2.701821e+02
9.868170e+00 3.415858e-03 -2.852100e+02
9.868170e+00 3.688447e-03 -3.005339e+02
9.868170e+00 3.982789e-03 -3.160711e+02
9.868170e+00 4.300619e-03 -3.317224e+02
9.868170e+00 4.643813e-03 -3.473755e+02
9.868170e+00 5.014394e-03 -3.628973e+02
9.868170e+00 5.414548e-03 -3.781345e+02
9.868170e+00 5.846635e-03 -3.929195e+02
9.868170e+00 6.313202e-03 -4.070587e+02
9.868170e+00 6.817002e-03 -4.203349e+02
9.868170e+00 7.361006e-03 -4.325198e+02
9.868170e+00 7.948422e-03 -4.433577e+02
9.868170e+00 8.582714e-03 -4.525720e+02
9.868170e+00 9.267624e-03 -4.598874e+02
9.868170e+00 1.000719e-02 -4.650109e+02
9.868170e+00 1.080577e-02 -4.676449e+02
9.868170e+00 1.166809e-02 -4.675228e+02
9.868170e+00 1.259921e-02 -4.644086e+02
9.868170e+00 1.360464e-02 -4.581135e+02
9.868170e+00 1.469030e-02 -4.485265e+02
9.868170e+00 1.586261e-02 -4.356713e+02
9.868170e+00 1.712846e-02 -4.196994e+02
9.868170e+00 1.849533e-02 -4.008618e+02
9.868170e+00 1.997127e-02 -3.797015e+02
9.868170e+00 2.156500e-02 -3.569456e+02
9.868170e+00 2.328591e-02 -3.332960e+02
9.868170e+00 2.514415e-02 -3.097169e+02
9.868170e+00 2.715068e-02 -2.872374e+02
9.868170e+00 2.931733e-02 -2.666303e+02
9.868170e+00 3.165689e-02 -2.484619e+02
9.868170e+00 3.418314e-02 -2.330727e+02
9.868170e+00 3.691099e-02 -2.202250e+02
9.868170e+00 3.985652e-02 -2.091405e+02
9.868170e+00 4.303711e-02 -1.985137e+02
9.868170e+00 4.647152e-02 -1.867600e+02
9.868170e+00 5.017999e-02 -1.725320e+02
9.868170e+00 5.418441e-02 -1.591286e+02
9.868170e+00 5.850838e-02 -1.505446e+02
9.868170e+00 6.317741e-02 -1.412757e+02
9.868170e+00 6.821903e-02 -1.312670e+02
9.868170e+00 7.366298e-02 -1.205436e+02
9.868170e+00 7.954136e-02 -1.098211e+02
9.868170e+00 8.588885e-02 -9.824302e+01
9.868170e+00 9.274286e-02 -8.574096e+01
9.868170e+00 1.001438e-01 -7.224122e+01
9.868170e+00 1.081354e-01 -6.414297e+01
9.868170e+00 1.167647e-01 -5.848950e+01
9.868170e+00 1.260827e-01 -5.238489e+01
9.868170e+00 1.361442e-01 -4.579312e+01
9.868170e+00 1.470087e-01 -3.939436e+01
9.868170e+00 1.587401e-01 -3.554792e+01
9.868170e+00 1.714077e-01 -3.139454e+01
9.868170e+00 1.850862e-01 -2.690971e+01
9.868170e+00 1.998563e-01 -2.206698e+01
9.868170e+00 2.158051e-01 -1.951189e+01
9.868170e+00 2.330265e-01 -1.728702e+01
9.868170e+00 2.516223e-01 -1.488461e+01
9.868170e+00 2.717020e-01 -1.229049e+01
9.868170e+00 2.933841e-01 -1.026387e+01
9.868170e+00 3.167964e-01 -9.059869e+00
9.868170e+00 3.420771e-01 -7.759793e+00
9.868170e+00 3.693752e-01 -6.355969e+00
9.868170e+00 3.988518e-01 -4.910192e+00
9.868170e+00 4.306805e-01 -4.331937e+00
9.868170e+00 4.650493e-01 -3.707537e+00
9.868170e+00 5.021607e-01 -3.033309e+00
9.868170e+00 5.422336e-01 -2.305277e+00
9.868170e+00 5.855044e-01 -1.892651e+00
9.868170e+00 6.322283e-01 -1.621153e+00
9.868170e+00 6.826808e-01 -1.327990e+00
9.868170e+00 7.371594e-01 -1.011431e+00
9.868170e+00 7.959855e-01 -7.470275e-01
9.868170e+00 8.595059e-01 -6.436920e-01
9.868170e+00 9.280954e-01 -5.321103e-01
9.868170e+00 1.002158e+00 -4.116241e-01
9.868170e+00 1.082132e+00 -2.815231e-01
9.868170e+00 1.168487e+00 -2.387817e-01
9.868170e+00 1.261733e+00 -2.009542e-01
9.868170e+00 1.362421e+00 -1.601080e-01
9.868170e+00 1.471144e+00 -1.160022e-01
9.868170e+00 1.588542e+00 -8.798234e-02
9.868170e+00 1.715310e+00 -7.489194e-02
9.868170e+00 1.852193e+00 -6.075690e-02
9.868170e+00 2.000000e+00 -4.549388e-02
1.008553e+01 1.000000e-03 -8.801987e+01
1.008553e+01 1.079801e-03 -9.439939e+01
1.008553e+01 1.165970e-03 -1.011835e+02
1.008553e+01 1.259016e-03 -1.083870e+02
1.008553e+01 1.359487e-03 -1.160231e+02
1.008553e+01 1.467975e-03 -1.241039e+02
1.008553e+01 1.585121e-03 -1.326394e+02
1.008553e+01 1.711615e-03 -1.416373e+02
1.008553e+01 1.848204e-03 -1.511030e+02
1.008553e+01 1.995693e-03 -1.610380e+02
1.008553e+01 2.154951e-03 -1.714394e+02
1.008553e+01 2.326918e-03 -1.823002e+02
1.008553e+01 2.512609e-03 -1.936063e+02
1.008553e+01 2.713117e-03 -2.053359e+02
1.008553e+01 2.929627e-03 -2.174605e+02
1.008553e+01 3.163414e-03 -2.299420e+02
1.008553e+01 3.415858e-03 -2.427326e+02
1.008553e+01 3.688447e-03 -2.557751e+02
1.008553e+01 3.982789e-03 -2.689990e+02
1.008553e+01 4.300619e-03 -2.823200e+02
1.008553e+01 4.643813e-03 -2.956424e+02
1.008553e+01 5.014394e-03 -3.088532e+02
1.008553e+01 5.414548e-03 -3.218217e+02
1.008553e+01 5.846635e-03 -3.344052e+02
1.008553e+01 6.313202e-03 -3.464392e+02
1.008553e+01 6.817002e-03 -3.577386e+02
1.008553e+01 7.361006e-03 -3.681092e+02
1.008553e+01 7.948422e-03 -3.773335e+02
1.008553e+01 8.582714e-03 -3.851758e+02
1.008553e+01 9.267624e-03 -3.914021e+02
1.008553e+01 1.000719e-02 -3.957628e+02
1.008553e+01 1.080577e-02 -3.980047e+02
1.008553e+01 1.166809e-02 -3.979010e+02
1.008553e+01 1.259921e-02 -3.952507e+02
1.008553e+01 1.360464e-02 -3.898931e+02
1.008553e+01 1.469030e-02 -3.817339e+02
1.008553e+01 1.586261e-02 -3.707931e+02
1.008553e+01 1.712846e-02 -3.571997e+02
1.008553e+01 1.849533e-02 -3.411674e+02
1.008553e+01 1.997127e-02 -3.231582e+02
1.008553e+01 2.156500e-02 -3.037911e+02
1.008553e+01 2.328591e-02 -2.836633e+02
1.008553e+01 2.514415e-02 -2.635954e+02
1.008553e+01 2.715068e-02 -2.444636e+02
1.008553e+01 2.931733e-02 -2.269252e+02
1.008553e+01 3.165689e-02 -2.114623e+02
1.008553e+01 3.418314e-02 -1.983648e+02
1.008553e+01 3.691099e-02 -1.874302e+02
1.008553e+01 3.985652e-02 -1.779964e+02
1.008553e+01 4.303711e-02 -1.689521e+02
1.008553e+01 4.647152e-02 -1.589487e+02
1.008553e+01 5.017999e-02 -1.468395e+02
1.008553e+01 5.418441e-02 -1.354455e+02
1.008553e+01 5.850838e-02 -1.281772e+02
1.008553e+01 6.317741e-02 -1.203290e+02
1.008553e+01 6.821903e-02 -1.118545e+02
1.008553e+01 7.366298e-02 -1.027668e+02
1.008553e+01 7.954136e-02 -9.359772e+01
1.008553e+01 8.588885e-02 -8.369694e+01
1.008553e+01 9.274286e-02 -7.300607e+01
1.008553e+01 1.001438e-01 -6.146206e+01
1.008553e+01 1.081354e-01 -5.455195e+01
1.008553e+01 1.167647e-01 -4.974078e+01
1.008553e+01 1.260827e-01 -4.454566e+01
1.008553e+01 1.361442e-01 -3.893597e+01
1.008553e+01 1.470087e-01 -3.349407e+01
1.008553e+01 1.587401e-01 -3.023958e+01
1.008553e+01 1.714077e-01 -2.672537e+01
1.008553e+01 1.850862e-01 -2.293072e+01
1.008553e+01 1.998563e-01 -1.883326e+01
1.008553e+01 2.158051e-01 -1.666900e+01
1.008553e+01 2.330265e-01 -1.478348e+01
1.008553e+01 2.516223e-01 -1.274749e+01
1.008553e+01 2.717020e-01 -1.054903e+01
1.008553e+01 2.933841e-01 -8.830649e+00
1.008553e+01 3.167964e-01 -7.808264e+00
1.008553e+01 3.420771e-01 -6.704291e+00
1.008553e+01 3.693752e-01 -5.512221e+00
1.008553e+01 3.988518e-01 -4.284025e+00
1.008553e+01 4.306805e-01 -3.785438e+00
1.008553e+01 4.650493e-01 -3.247063e+00
1.008553e+01 5.021607e-01 -2.665725e+00
1.008553e+01 5.422336e-01 -2.037996e+00
1.008553e+01 5.855044e-01 -1.679511e+00
1.008553e+01 6.322283e-01 -1.441232e+00
1.008553e+01 6.826808e-01 -1.183937e+00
1.008553e+01 7.371594e-01 -9.061108e-01
1.008553e+01 7.959855e-01 -6.735818e-01
1.008553e+01 8.595059e-01 -5.812550e-01
1.008553e+01 9.280954e-01 -4.815603e-01
1.008553e+01 1.002158e+00 -3.739100e-01
1.008553e+01 1.082132e+00 -2.576690e-01
1.008553e+01 1.168487e+00 -2.189787e-01
1.008553e+01 1.261733e+00 -1.845960e-01
1.008553e+01 1.362421e+00 -1.474695e-01
1.008553e+01 1.471144e+00 -1.073802e-01
1.008553e+01 1.588542e+00 -8.180026e-02
1.008553e+01 1.715310e+00 -6.968349e-02
1.008553e+01 1.852193e+00 -5.659979e-02
1.008553e+01 2.000000e+00 -4.247199e-02
1.030724e+01 1.000000e-03 -7.484579e+01
1.030724e+01 1.079801e-03 -8.027179e+01
1.030724e+01 1.165970e-03 -8.604205e+01
1.030724e+01 1.259016e-03 -9.216913e+01
1.030724e+01 1.359487e-03 -9.866435e+01
1.030724e+01 1.467975e-03 -1.055378e+02
1.030724e+01 1.585121e-03 -1.127980e+02
1.030724e+01 1.711615e-03 -1.204515e+02
1.030724e+01 1.848204e-03 -1.285027e+02
1.030724e+01 1.995693e-03 -1.369530e+02
1.030724e+01 2.154951e-03 -1.457999e+02
1.030724e+01 2.326918e-03 -1.550374e+02
1.030724e+01 2.512609e-03 -1.646537e+02
1.030724e+01 2.713117e-03 -1.746301e+02
1.030724e+01 2.929627e-03 -1.849424e+02
1.030724e+01 3.163414e-03 -1.955584e+02
1.030724e+01 3.415858e-03 -2.064371e+02
1.030724e+01 3.688447e-03 -2.175301e+02
1.030724e+01 3.982789e-03 -2.287772e+02
1.030724e+01 4.300619e-03 -2.401070e+02
1.030724e+01 4.643813e-03 -2.514379e+02
1.030724e+01 5.014394e-03 -2.626739e+02
1.030724e+01 5.414548e-03 -2.737038e+02
1.030724e+01 5.846635e-03 -2.844063e+02
1.030724e+01 6.313202e-03 -2.946413e+02
1.030724e+01 6.817002e-03 -3.042516e+02
1.030724e+01 7.361006e-03 -3.130719e+02
1.030724e+01 7.948422e-03 -3.209172e+02
1.030724e+01 8.582714e-03 -3.275873e+02
1.030724e+01 9.267624e-03 -3.328829e+02
1.030724e+01 1.000719e-02 -3.365918e+02
1.030724e+01 1.080577e-02 -3.384987e+02
1.030724e+01 1.166809e-02 -3.384106e+02
1.030724e+01 1.259921e-02 -3.361567e+02
1.030724e+01 1.360464e-02 -3.316002e+02
1.030724e+01 1.469030e-02 -3.246609e+02
1.030724e+01 1.586261e-02 -3.153560e+02
1.030724e+01 1.712846e-02 -3.037950e+02
1.030724e+01 1.849533e-02 -2.901597e+02
1.030724e+01 1.997127e-02 -2.748431e+02
1.030724e+01 2.156500e-02 -2.583715e+02
1.030724e+01 2.328591e-02 -2.412531e+02
1.030724e+01 2.514415e-02 -2.241856e+02
1.030724e+01 2.715068e-02 -2.079141e+02
1.030724e+01 2.931733e-02 -1.929978e+02
1.030724e+01 3.165689e-02 -1.798468e+02
1.030724e+01 3.418314e-02 -1.687075e+02
1.030724e+01 3.691099e-02 -1.594078e+02
1.030724e+01 3.985652e-02 -1.513844e+02
1.030724e+01 4.303711e-02 -1.436923e+02
1.030724e+01 4.647152e-02 -1.351845e+02
1.030724e+01 5.017999e-02 -1.248857e+02
1.030724e+01 5.418441e-02 -1.151636e+02
1.030724e+01 5.850838e-02 -1.088940e+02
1.030724e+01 6.317741e-02 -1.021242e+02
1.030724e+01 6.821903e-02 -9.481407e+01
1.030724e+01 7.366298e-02 -8.698951e+01
1.030724e+01 7.954136e-02 -7.924398e+01
1.030724e+01 8.588885e-02 -7.088035e+01
1.030724e+01 9.274286e-02 -6.184930e+01
1.030724e+01 1.001438e-01 -5.209756e+01
1.030724e+01 1.081354e-01 -4.623632e+01
1.030724e+01 1.167647e-01 -4.213480e+01
1.030724e+01 1.260827e-01 -3.770597e+01
1.030724e+01 1.361442e-01 -3.292372e+01
1.030724e+01 1.470087e-01 -2.829312e+01
1.030724e+01 1.587401e-01 -2.556467e+01
1.030724e+01 1.714077e-01 -2.261849e+01
1.030724e+01 1.850862e-01 -1.943720e+01
1.030724e+01 1.998563e-01 -1.600204e+01
1.030724e+01 2.158051e-01 -1.417768e+01
1.030724e+01 2.330265e-01 -1.258423e+01
1.030724e+01 2.516223e-01 -1.086363e+01
1.030724e+01 2.717020e-01 -9.005721e+00
1.030724e+01 2.933841e-01 -7.553320e+00
1.030724e+01 3.167964e-01 -6.688821e+00
1.030724e+01 3.420771e-01 -5.755333e+00
1.030724e+01 3.693752e-01 -4.747353e+00
1.030724e+01 3.988518e-01 -3.708497e+00
1.030724e+01 4.306805e-01 -3.281937e+00
1.030724e+01 4.650493e-01 -2.821338e+00
1.030724e+01 5.021607e-01 -2.323983e+00
1.030724e+01 5.422336e-01 -1.786938e+00
1.030724e+01 5.855044e-01 -1.478191e+00
1.030724e+01 6.322283e-01 -1.271167e+00
1.030724e+01 6.826808e-01 -1.047621e+00
1.030724e+01 7.371594e-01 -8.062364e-01
1.030724e+01 7.959855e-01 -6.036751e-01
1.030724e+01 8.595059e-01 -5.216301e-01
1.030724e+01 9.280954e-01 -4.330379e-01
1.030724e+01 1.002158e+00 -3.373759e-01
1.030724e+01 1.082132e+00 -2.340800e-01
1.030724e+01 1.168487e+00 -1.992742e-01
1.030724e+01 1.261733e+00 -1.682262e-01
1.030724e+01 1.362421e+00 -1.347006e-01
1.030724e+01 1.471144e+00 -9.849959e-02
1.030724e+01 1.588542e+00 -7.532945e-02
1.030724e+01 1.715310e+00 -6.424866e-02
1.030724e+01 1.852193e+00 -5.228362e-02
1.030724e+01 2.000000e+00 -3.936375e-02
1.053339e+01 1.000000e-03 -6.323463e+01
1.053339e+01 1.079801e-03 -6.782001e+01
1.053339e+01 1.165970e-03 -7.269643e+01
1.053339e+01 1.259016e-03 -7.787451e+01
1.053339e+01 1.359487e-03 -8.336380e+01
1.053339e+01 1.467975e-03 -8.917278e+01
1.053339e+01 1.585121e-03 -9.530860e+01
1.053339e+01 1.711615e-03 -1.017768e+02
1.053339e+01 1.848204e-03 -1.085810e+02
1.053339e+01 1.995693e-03 -1.157224e+02
1.053339e+01 2.154951e-03 -1.231988e+02
1.053339e+01 2.326918e-03 -1.310053e+02
1.053339e+01 2.512609e-03 -1.391318e+02
1.053339e+01 2.713117e-03 -1.475626e+02
1.053339e+01 2.929627e-03 -1.562773e+02
1.053339e+01 3.163414e-03 -1.652485e+02
1.053339e+01 3.415858e-03 -1.744419e+02
1.053339e+01 3.688447e-03 -1.838161e+02
1.053339e+01 3.982789e-03 -1.933207e+02
1.053339e+01 4.300619e-03 -2.028950e+02
1.053339e+01 4.643813e-03 -2.124703e+02
1.053339e+01 5.014394e-03 -2.219653e+02
1.053339e+01 5.414548e-03 -2.312862e+02
1.053339e+01 5.846635e-03 -2.403304e+02
1.053339e+01 6.313202e-03 -2.489795e+02
1.053339e+01 6.817002e-03 -2.571008e+02
1.053339e+01 7.361006e-03 -2.645544e+02
1.053339e+01 7.948422e-03 -2.711841e+02
1.053339e+01 8.582714e-03 -2.768207e+02
1.053339e+01 9.267624e-03 -2.812958e+02
1.053339e+01 1.000719e-02 -2.844302e+02
1.053339e+01 1.080577e-02 -2.860418e+02
1.053339e+01 1.166809e-02 -2.859675e+02
1.053339e+01 1.259921e-02 -2.840629e+02
1.053339e+01 1.360464e-02 -2.802126e+02
1.053339e+01 1.469030e-02 -2.743487e+02
1.053339e+01 1.586261e-02 -2.664858e+02
1.053339e+01 1.712846e-02 -2.567165e+02
1.053339e+01 1.849533e-02 -2.451942e+02
1.053339e+01 1.997127e-02 -2.322513e+02
1.053339e+01 2.156500e-02 -2.183323e+02
1.053339e+01 2.328591e-02 -2.038666e+02
1.053339e+01 2.514415e-02 -1.894441e+02
1.053339e+01 2.715068e-02 -1.756942e+02
1.053339e+01 2.931733e-02 -1.630894e+02
1.053339e+01 3.165689e-02 -1.519764e+02
1.053339e+01 3.418314e-02 -1.425633e+02
1.053339e+01 3.691099e-02 -1.347047e+02
1.053339e+01 3.985652e-02 -1.279247e+02
1.053339e+01 4.303711e-02 -1.214247e+02
1.053339e+01 4.647152e-02 -1.142353e+02
1.053339e+01 5.017999e-02 -1.055325e+02
1.053339e+01 5.418441e-02 -9.730598e+01
1.053339e+01 5.850838e-02 -9.197743e+01
1.053339e+01 6.317741e-02 -8.622365e+01
1.053339e+01 6.821903e-02 -8.001071e+01
1.053339e+01 7.366298e-02 -7.336757e+01
1.053339e+01 7.954136e-02 -6.686407e+01
1.053339e+01 8.588885e-02 -5.984158e+01
1.053339e+01 9.274286e-02 -5.225868e+01
1.053339e+01 1.001438e-01 -4.407067e+01
1.053339e+01 1.081354e-01 -3.912367e+01
1.053339e+01 1.167647e-01 -3.563993e+01
1.053339e+01 1.260827e-01 -3.187819e+01
1.053339e+01 1.361442e-01 -2.781625e+01
1.053339e+01 1.470087e-01 -2.388756e+01
1.053339e+01 1.587401e-01 -2.159379e+01
1.053339e+01 1.714077e-01 -1.911696e+01
1.053339e+01 1.850862e-01 -1.644249e+01
1.053339e+01 1.998563e-01 -1.355459e+01
1.053339e+01 2.158051e-01 -1.201797e+01
1.053339e+01 2.330265e-01 -1.067467e+01
1.053339e+01 2.516223e-01 -9.224172e+00
1.053339e+01 2.717020e-01 -7.657924e+00
1.053339e+01 2.933841e-01 -6.433244e+00
1.053339e+01 3.167964e-01 -5.703797e+00
1.053339e+01 3.420771e-01 -4.916138e+00
1.053339e+01 3.693752e-01 -4.065623e+00
1.053339e+01 3.988518e-01 -3.188846e+00
1.053339e+01 4.306805e-01 -2.825734e+00
1.053339e+01 4.650493e-01 -2.433646e+00
1.053339e+01 5.021607e-01 -2.010268e+00
1.053339e+01 5.422336e-01 -1.553104e+00
1.053339e+01 5.855044e-01 -1.288872e+00
1.053339e+01 6.322283e-01 -1.110461e+00
1.053339e+01 6.826808e-01 -9.178135e-01
1.053339e+01 7.371594e-01 -7.097922e-01
1.053339e+01 7.959855e-01 -5.348754e-01
1.053339e+01 8.595059e-01 -4.629589e-01
1.053339e+01 9.280954e-01 -3.853034e-01
1.053339e+01 1.002158e+00 -3.014509e-01
1.053339e+01 1.082132e+00 -2.109070e-01
1.053339e+01 1.168487e+00 -1.799571e-01
1.053339e+01 1.261733e+00 -1.522284e-01
1.053339e+01 1.362421e+00 -1.222870e-01
1.053339e+01 1.471144e+00 -8.995615e-02
1.053339e+01 1.588542e+00 -6.914870e-02
1.053339e+01 1.715310e+00 -5.902890e-02
1.053339e+01 1.852193e+00 -4.810152e-02
1.053339e+01 2.000000e+00 -3.630213e-02
1.076406e+01 1.000000e-03 -5.340275e+01
1.076406e+01 1.079801e-03 -5.727615e+01
1.076406e+01 1.165970e-03 -6.139552e+01
1.076406e+01 1.259016e-03 -6.576981e+01
1.076406e+01 1.359487e-03 -7.040707e+01
1.076406e+01 1.467975e-03 -7.531446e+01
1.076406e+01 1.585121e-03 -8.049795e+01
1.076406e+01 1.711615e-03 -8.596220e+01
1.076406e+01 1.848204e-03 -9.171027e+01
1.076406e+01 1.995693e-03 -9.774301e+01
1.076406e+01 2.154951e-03 -1.040587e+02
1.076406e+01 2.326918e-03 -1.106532e+02
1.076406e+01 2.512609e-03 -1.175179e+02
1.076406e+01 2.713117e-03 -1.246397e+02
1.076406e+01 2.929627e-03 -1.320013e+02
1.076406e+01 3.163414e-03 -1.395796e+02
1.076406e+01 3.415858e-03 -1.473455e+02
1.076406e+01 3.688447e-03 -1.552642e+02
1.076406e+01 3.982789e-03 -1.632929e+02
1.076406e+01 4.300619e-03 -1.713805e+02
1.076406e+01 4.643813e-03 -1.794689e+02
1.076406e+01 5.014394e-03 -1.874895e+02
1.076406e+01 5.414548e-03 -1.953630e+02
1.076406e+01 5.846635e-03 -2.030027e+02
1.076406e+01 6.313202e-03 -2.103087e+02
1.076406e+01 6.817002e-03 -2.171688e+02
1.076406e+01 7.361006e-03 -2.234650e+02
1.076406e+01 7.948422e-03 -2.290652e+02
1.076406e+01 8.582714e-03 -2.338265e+02
1.076406e+01 9.267624e-03 -2.376067e+02
1.076406e+01 1.000719e-02 -2.402545e+02
1.076406e+01 1.080577e-02 -2.416160e+02
1.076406e+01 1.166809e-02 -2.415534e+02
1.076406e+01 1.259921e-02 -2.399446e+02
1.076406e+01 1.360464e-02 -2.366923e+02
1.076406e+01 1.469030e-02 -2.317392e+02
1.076406e+01 1.586261e-02 -2.250975e+02
1.076406e+01 1.712846e-02 -2.168455e+02
1.076406e+01 1.849533e-02 -2.071129e+02
1.076406e+01 1.997127e-02 -1.961801e+02
1.076406e+01 2.156500e-02 -1.844229e+02
1.076406e+01 2.328591e-02 -1.722040e+02
1.076406e+01 2.514415e-02 -1.600214e+02
1.076406e+01 2.715068e-02 -1.484070e+02
1.076406e+01 2.931733e-02 -1.377600e+02
1.076406e+01 3.165689e-02 -1.283729e+02
1.076406e+01 3.418314e-02 -1.204218e+02
1.076406e+01 3.691099e-02 -1.137837e+02
1.076406e+01 3.985652e-02 -1.080567e+02
1.076406e+01 4.303711e-02 -1.025662e+02
1.076406e+01 4.647152e-02 -9.649337e+01
1.076406e+01 5.017999e-02 -8.914218e+01
1.076406e+01 5.418441e-02 -8.216203e+01
1.076406e+01 5.850838e-02 -7.757383e+01
1.076406e+01 6.317741e-02 -7.261949e+01
1.076406e+01 6.821903e-02 -6.726979e+01
1.076406e+01 7.366298e-02 -6.156450e+01
1.076406e+01 7.954136e-02 -5.613218e+01
1.076406e+01 8.588885e-02 -5.026635e+01
1.076406e+01 9.274286e-02 -4.393243e+01
1.076406e+01 1.001438e-01 -3.709305e+01
1.076406e+01 1.081354e-01 -3.294357e+01
1.076406e+01 1.167647e-01 -3.000672e+01
1.076406e+01 1.260827e-01 -2.683550e+01
1.076406e+01 1.361442e-01 -2.341121e+01
1.076406e+01 1.470087e-01 -2.010179e+01
1.076406e+01 1.587401e-01 -1.818159e+01
1.076406e+01 1.714077e-01 -1.610816e+01
1.076406e+01 1.850862e-01 -1.386927e+01
1.076406e+01 1.998563e-01 -1.145171e+01
1.076406e+01 2.158051e-01 -1.015876e+01
1.076406e+01 2.330265e-01 -9.025797e+00
1.076406e+01 2.516223e-01 -7.802423e+00
1.076406e+01 2.717020e-01 -6.481422e+00
1.076406e+01 2.933841e-01 -5.449466e+00
1.076406e+01 3.167964e-01 -4.836492e+00
1.076406e+01 3.420771e-01 -4.174603e+00
1.076406e+01 3.693752e-01 -3.459894e+00
1.076406e+01 3.988518e-01 -2.722999e+00
1.076406e+01 4.306805e-01 -2.416108e+00
1.076406e+01 4.650493e-01 -2.084726e+00
1.076406e+01 5.021607e-01 -1.726900e+00
1.076406e+01 5.422336e-01 -1.340519e+00
1.076406e+01 5.855044e-01 -1.115927e+00
1.076406e+01 6.322283e-01 -9.631765e-01
1.076406e+01 6.826808e-01 -7.982361e-01
1.076406e+01 7.371594e-01 -6.201332e-01
1.076406e+01 7.959855e-01 -4.701052e-01
1.076406e+01 8.595059e-01 -4.076108e-01
1.076406e+01 9.280954e-01 -3.401292e-01
1.076406e+01 1.002158e+00 -2.672625e-01
1.076406e+01 1.082132e+00 -1.885810e-01
1.076406e+01 1.168487e+00 -1.612655e-01
1.076406e+01 1.261733e+00 -1.366799e-01
1.076406e+01 1.362421e+00 -1.101323e-01
1.076406e+01 1.471144e+00 -8.146610e-02
1.076406e+01 1.588542e+00 -6.292695e-02
1.076406e+01 1.715310e+00 -5.377784e-02
1.076406e+01 1.852193e+00 -4.389863e-02
1.076406e+01 2.000000e+00 -3.323104e-02
1.099934e+01 1.000000e-03 -4.467684e+01
1.099934e+01 1.079801e-03 -4.791816e+01
1.099934e+01 1.165970e-03 -5.136540e+01
1.099934e+01 1.259016e-03 -5.502606e+01
1.099934e+01 1.359487e-03 -5.890686e+01
1.099934e+01 1.467975e-03 -6.301375e+01
1.099934e+01 1.585121e-03 -6.735173e+01
1.099934e+01 1.711615e-03 -7.192464e+01
1.099934e+01 1.848204e-03 -7.673501e+01
1.099934e+01 1.995693e-03 -8.178354e+01
1.099934e+01 2.154951e-03 -8.706882e+01
1.099934e+01 2.326918e-03 -9.258727e+01
1.099934e+01 2.512609e-03 -9.833184e+01
1.099934e+01 2.713117e-03 -1.042915e+02
1.099934e+01 2.929627e-03 -1.104518e+02
1.099934e+01 3.163414e-03 -1.167935e+02
1.099934e+01 3.415858e-03 -1.232922e+02
1.099934e+01 3.688447e-03 -1.299187e+02
1.099934e+01 3.982789e-03 -1.366372e+02
1.099934e+01 4.300619e-03 -1.434049e+02
1.099934e+01 4.643813e-03 -1.501733e+02
1.099934e+01 5.014394e-03 -1.568850e+02
1.099934e+01 5.414548e-03 -1.634735e+02
1.099934e+01 5.846635e-03 -1.698665e+02
1.099934e+01 6.313202e-03 -1.759802e+02
1.099934e+01 6.817002e-03 -1.817207e+02
1.099934e+01 7.361006e-03 -1.869893e+02
1.099934e+01 7.948422e-03 -1.916755e+02
1.099934e+01 8.582714e-03 -1.956598e+02
1.099934e+01 9.267624e-03 -1.988232e+02
1.099934e+01 1.000719e-02 -2.010390e+02
1.099934e+01 1.080577e-02 -2.021784e+02
1.099934e+01 1.166809e-02 -2.021261e+02
1.099934e+01 1.259921e-02 -2.007799e+02
1.099934e+01 1.360464e-02 -1.980585e+02
1.099934e+01 1.469030e-02 -1.939139e+02
1.099934e+01 1.586261e-02 -1.883564e+02
1.099934e+01 1.712846e-02 -1.814513e+02
1.099934e+01 1.849533e-02 -1.733073e+02
1.099934e+01 1.997127e-02 -1.641591e+02
1.099934e+01 2.156500e-02 -1.543209e+02
1.099934e+01 2.328591e-02 -1.440964e+02
1.099934e+01 2.514415e-02 -1.339023e+02
1.099934e+01 2.715068e-02 -1.241837e+02
1.099934e+01 2.931733e-02 -1.152744e+02
1.099934e+01 3.165689e-02 -1.074195e+02
1.099934e+01 3.418314e-02 -1.007662e+02
1.099934e+01 3.691099e-02 -9.521166e+01
1.099934e+01 3.985652e-02 -9.041941e+01
1.099934e+01 4.303711e-02 -8.582507e+01
1.099934e+01 4.647152e-02 -8.074350e+01
1.099934e+01 5.017999e-02 -7.459219e+01
1.099934e+01 5.418441e-02 -6.876078e+01
1.099934e+01 5.850838e-02 -6.494773e+01
1.099934e+01 6.317741e-02 -6.083040e+01
1.099934e+01 6.821903e-02 -5.638450e+01
1.099934e+01 7.366298e-02 -5.163971e+01
1.099934e+01 7.954136e-02 -4.708701e+01
1.099934e+01 8.588885e-02 -4.217100e+01
1.099934e+01 9.274286e-02 -3.686269e+01
1.099934e+01 1.001438e-01 -3.113078e+01
1.099934e+01 1.081354e-01 -2.764626e+01
1.099934e+01 1.167647e-01 -2.517415e+01
1.099934e+01 1.260827e-01 -2.250476e+01
1.099934e+01 1.361442e-01 -1.962235e+01
1.099934e+01 1.470087e-01 -1.683923e+01
1.099934e+01 1.587401e-01 -1.523678e+01
1.099934e+01 1.714077e-01 -1.350645e+01
1.099934e+01 1.850862e-01 -1.163804e+01
1.099934e+01 1.998563e-01 -9.620537e+00
1.099934e+01 2.158051e-01 -8.538032e+00
1.099934e+01 2.330265e-01 -7.588062e+00
1.099934e+01 2.516223e-01 -6.562284e+00
1.099934e+01 2.717020e-01 -5.454647e+00
1.099934e+01 2.933841e-01 -4.590112e+00
1.099934e+01 3.167964e-01 -4.077891e+00
1.099934e+01 3.420771e-01 -3.524793e+00
1.099934e+01 3.693752e-01 -2.927558e+00
1.099934e+01 3.988518e-01 -2.311656e+00
1.099934e+01 4.306805e-01 -2.053272e+00
1.099934e+01 4.650493e-01 -1.774270e+00
1.099934e+01 5.021607e-01 -1.473002e+00
1.099934e+01 5.422336e-01 -1.147694e+00
1.099934e+01 5.855044e-01 -9.580404e-01
1.099934e+01 6.322283e-01 -8.285667e-01
1.099934e+01 6.826808e-01 -6.887608e-01
1.099934e+01 7.371594e-01 -5.377982e-01
1.099934e+01 7.959855e-01 -4.103439e-01
1.099934e+01 8.595059e-01 -3.563827e-01
1.099934e+01 9.280954e-01 -2.981154e-01
1.099934e+01 1.002158e+00 -2.351982e-01
1.099934e+01 1.082132e+00 -1.672602e-01
1.099934e+01 1.168487e+00 -1.433394e-01
1.099934e+01 1.261733e+00 -1.217205e-01
1.099934e+01 1.362421e+00 -9.837631e-02
1.099934e+01 1.471144e+00 -7.316924e-02
1.099934e+01 1.588542e+00 -5.678942e-02
1.099934e+01 1.715310e+00 -4.859229e-02
1.099934e+01 1.852193e+00 -3.974101e-02
1.099934e+01 2.000000e+00 -3.018340e-02
1.123932e+01 1.000000e-03 -3.729973e+01
1.123932e+01 1.079801e-03 -4.000653e+01
1.123932e+01 1.165970e-03 -4.288538e+01
1.123932e+01 1.259016e-03 -4.594254e+01
1.123932e+01 1.359487e-03 -4.918361e+01
1.123932e+01 1.467975e-03 -5.261353e+01
1.123932e+01 1.585121e-03 -5.623647e+01
1.123932e+01 1.711615e-03 -6.005560e+01
1.123932e+01 1.848204e-03 -6.407300e+01
1.123932e+01 1.995693e-03 -6.828922e+01
1.123932e+01 2.154951e-03 -7.270310e+01
1.123932e+01 2.326918e-03 -7.731165e+01
1.123932e+01 2.512609e-03 -8.210899e+01
1.123932e+01 2.713117e-03 -8.708593e+01
1.123932e+01 2.929627e-03 -9.223044e+01
1.123932e+01 3.163414e-03 -9.752644e+01
1.123932e+01 3.415858e-03 -1.029535e+02
1.123932e+01 3.688447e-03 -1.084872e+02
1.123932e+01 3.982789e-03 -1.140978e+02
1.123932e+01 4.300619e-03 -1.197494e+02
1.123932e+01 4.643813e-03 -1.254017e+02
1.123932e+01 5.014394e-03 -1.310065e+02
1.123932e+01 5.414548e-03 -1.365085e+02
1.123932e+01 5.846635e-03 -1.418472e+02
1.123932e+01 6.313202e-03 -1.469526e+02
1.123932e+01 6.817002e-03 -1.517464e+02
1.123932e+01 7.361006e-03 -1.561462e+02
1.123932e+01 7.948422e-03 -1.600595e+02
1.123932e+01 8.582714e-03 -1.633868e+02
1.123932e+01 9.267624e-03 -1.660285e+02
1.123932e+01 1.000719e-02 -1.678789e+02
1.123932e+01 1.080577e-02 -1.688305e+02
1.123932e+01 1.166809e-02 -1.687869e+02
1.123932e+01 1.259921e-02 -1.676628e+02
1.123932e+01 1.360464e-02 -1.653903e+02
1.123932e+01 1.469030e-02 -1.619294e+02
1.123932e+01 1.586261e-02 -1.572886e+02
1.123932e+01 1.712846e-02 -1.515225e+02
1.123932e+01 1.849533e-02 -1.447218e+02
1.123932e+01 1.997127e-02 -1.370825e+02
1.123932e+01 2.156500e-02 -1.288671e+02
1.123932e+01 2.328591e-02 -1.203290e+02
1.123932e+01 2.514415e-02 -1.118164e+02
1.123932e+01 2.715068e-02 -1.037007e+02
1.123932e+01 2.931733e-02 -9.626100e+01
1.123932e+01 3.165689e-02 -8.970170e+01
1.123932e+01 3.418314e-02 -8.414579e+01
1.123932e+01 3.691099e-02 -7.950738e+01
1.123932e+01 3.985652e-02 -7.550557e+01
1.123932e+01 4.303711e-02 -7.166902e+01
1.123932e+01 4.647152e-02 -6.742561e+01
1.123932e+01 5.017999e-02 -6.228891e+01
1.123932e+01 5.418441e-02 -5.739866e+01
1.123932e+01 5.850838e-02 -5.415697e+01
1.123932e+01 6.317741e-02 -5.065659e+01
1.123932e+01 6.821903e-02 -4.687688e+01
1.123932e+01 7.366298e-02 -4.285448e+01
1.123932e+01 7.954136e-02 -3.911285e+01
1.123932e+01 8.588885e-02 -3.507265e+01
1.123932e+01 9.274286e-02 -3.071003e+01
1.123932e+01 1.001438e-01 -2.599926e+01
1.123932e+01 1.081354e-01 -2.310780e+01
1.123932e+01 1.167647e-01 -2.103293e+01
1.123932e+01 1.260827e-01 -1.879248e+01
1.123932e+01 1.361442e-01 -1.637325e+01
1.123932e+01 1.470087e-01 -1.403981e+01
1.123932e+01 1.587401e-01 -1.270807e+01
1.123932e+01 1.714077e-01 -1.127004e+01
1.123932e+01 1.850862e-01 -9.717264e+00
1.123932e+01 1.998563e-01 -8.040572e+00
1.123932e+01 2.158051e-01 -7.138446e+00
1.123932e+01 2.330265e-01 -6.345770e+00
1.123932e+01 2.516223e-01 -5.489838e+00
1.123932e+01 2.717020e-01 -4.565602e+00
1.123932e+01 2.933841e-01 -3.844746e+00
1.123932e+01 3.167964e-01 -3.418588e+00
1.123932e+01 3.420771e-01 -2.958421e+00
1.123932e+01 3.693752e-01 -2.461533e+00
1.123932e+01 3.988518e-01 -1.949040e+00
1.123932e+01 4.306805e-01 -1.732950e+00
1.123932e+01 4.650493e-01 -1.499615e+00
1.123932e+01 5.021607e-01 -1.247661e+00
1.123932e+01 5.422336e-01 -9.755995e-01
1.123932e+01 5.855044e-01 -8.165790e-01
1.123932e+01 6.322283e-01 -7.076637e-01
1.123932e+01 6.826808e-01 -5.900568e-01
1.123932e+01 7.371594e-01 -4.630648e-01
1.123932e+01 7.959855e-01 -3.556017e-01
1.123932e+01 8.595059e-01 -3.093624e-01
1.123932e+01 9.280954e-01 -2.594331e-01
1.123932e+01 1.002158e+00 -2.055194e-01
1.123932e+01 1.082132e+00 -1.473033e-01
1.123932e+01 1.168487e+00 -1.265226e-01
1.123932e+01 1.261733e+00 -1.076677e-01
1.123932e+01 1.362421e+00 -8.730811e-02
1.123932e+01 1.471144e+00 -6.532381e-02
1.123932e+01 1.588542e+00 -5.095895e-02
1.123932e+01 1.715310e+00 -4.365491e-02
1.123932e+01 1.852193e+00 -3.576800e-02
1.123932e+01 2.000000e+00 -2.725170e-02
1.148411e+01 1.000000e-03 -3.092571e+01
1.148411e+01 1.079801e-03 -3.317054e+01
1.148411e+01 1.165970e-03 -3.555813e+01
1.148411e+01 1.259016e-03 -3.809366e+01
1.148411e+01 1.359487e-03 -4.078178e+01
1.148411e+01 1.467975e-03 -4.362657e+01
1.148411e+01 1.585121e-03 -4.663147e+01
1.148411e+01 1.711615e-03 -4.979907e+01
1.148411e+01 1.848204e-03 -5.313109e+01
1.148411e+01 1.995693e-03 -5.662795e+01
1.148411e+01 2.154951e-03 -6.028868e+01
1.148411e+01 2.326918e-03 -6.411082e+01
1.148411e+01 2.512609e-03 -6.808948e+01
1.148411e+01 2.713117e-03 -7.221708e+01
1.148411e+01 2.929627e-03 -7.648365e+01
1.148411e+01 3.163414e-03 -8.087587e+01
1.148411e+01 3.415858e-03 -8.537676e+01
1.148411e+01 3.688447e-03 -8.996612e+01
1.148411e+01 3.982789e-03 -9.461913e+01
1.148411e+01 4.300619e-03 -9.930620e+01
1.148411e+01 4.643813e-03 -1.039937e+02
1.148411e+01 5.014394e-03 -1.086420e+02
1.148411e+01 5.414548e-03 -1.132049e+02
1.148411e+01 5.846635e-03 -1.176324e+02
1.148411e+01 6.313202e-03 -1.218665e+02
1.148411e+01 6.817002e-03 -1.258421e+02
1.148411e+01 7.361006e-03 -1.294909e+02
1.148411e+01 7.948422e-03 -1.327364e+02
1.148411e+01 8.582714e-03 -1.354957e+02
1.148411e+01 9.267624e-03 -1.376866e+02
1.148411e+01 1.000719e-02 -1.392212e+02
1.148411e+01 1.080577e-02 -1.400103e+02
1.148411e+01 1.166809e-02 -1.399743e+02
1.148411e+01 1.259921e-02 -1.390422e+02
1.148411e+01 1.360464e-02 -1.371577e+02
1.148411e+01 1.469030e-02 -1.342876e+02
1.148411e+01 1.586261e-02 -1.304390e+02
1.148411e+01 1.712846e-02 -1.256573e+02
1.148411e+01 1.849533e-02 -1.200175e+02
1.148411e+01 1.997127e-02 -1.136823e+02
1.148411e+01 2.156500e-02 -1.068693e+02
1.148411e+01 2.328591e-02 -9.978866e+01
1.148411e+01 2.514415e-02 -9.272914e+01
1.148411e+01 2.715068e-02 -8.599885e+01
1.148411e+01 2.931733e-02 -7.982911e+01
1.148411e+01 3.165689e-02 -7.438949e+01
1.148411e+01 3.418314e-02 -6.978199e+01
1.148411e+01 3.691099e-02 -6.593536e+01
1.148411e+01 3.985652e-02 -6.261667e+01
1.148411e+01 4.303711e-02 -5.943502e+01
1.148411e+01 4.647152e-02 -5.591597e+01
1.148411e+01 5.017999e-02 -5.165611e+01
1.148411e+01 5.418441e-02 -4.760487e+01
1.148411e+01 5.850838e-02 -4.492834e+01
1.148411e+01 6.317741e-02 -4.203821e+01
1.148411e+01 6.821903e-02 -3.891746e+01
1.148411e+01 7.366298e-02 -3.559463e+01
1.148411e+01 7.954136e-02 -3.248622e+01
1.148411e+01 8.588885e-02 -2.912976e+01
1.148411e+01 9.274286e-02 -2.550544e+01
1.148411e+01 1.001438e-01 -2.159191e+01
1.148411e+01 1.081354e-01 -1.918148e+01
1.148411e+01 1.167647e-01 -1.744483e+01
1.148411e+01 1.260827e-01 -1.556960e+01
1.148411e+01 1.361442e-01 -1.354472e+01
1.148411e+01 1.470087e-01 -1.159574e+01
1.148411e+01 1.587401e-01 -1.050289e+01
1.148411e+01 1.714077e-01 -9.322818e+00
1.148411e+01 1.850862e-01 -8.048579e+00
1.148411e+01 1.998563e-01 -6.672653e+00
1.148411e+01 2.158051e-01 -5.927544e+00
1.148411e+01 2.330265e-01 -5.270907e+00
1.148411e+01 2.516223e-01 -4.561871e+00
1.148411e+01 2.717020e-01 -3.796252e+00
1.148411e+01 2.933841e-01 -3.199033e+00
1.148411e+01 3.167964e-01 -2.845828e+00
1.148411e+01 3.420771e-01 -2.464438e+00
1.148411e+01 3.693752e-01 -2.052612e+00
1.148411e+01 3.988518e-01 -1.627875e+00
1.148411e+01 4.306805e-01 -1.449107e+00
1.148411e+01 4.650493e-01 -1.256073e+00
1.148411e+01 5.021607e-01 -1.047634e+00
1.148411e+01 5.422336e-01 -8.225626e-01
1.148411e+01 5.855044e-01 -6.905153e-01
1.148411e+01 6.322283e-01 -5.996506e-01
1.148411e+01 6.826808e-01 -5.015349e-01
1.148411e+01 7.371594e-01 -3.955895e-01
1.148411e+01 7.959855e-01 -3.057306e-01
1.148411e+01 8.595059e-01 -2.664481e-01
1.148411e+01 9.280954e-01 -2.240307e-01
1.148411e+01 1.002158e+00 -1.782285e-01
1.148411e+01 1.082132e+00 -1.287711e-01
1.148411e+01 1.168487e+00 -1.108525e-01
1.148411e+01 1.261733e+00 -9.452614e-02
1.148411e+01 1.362421e+00 -7.689696e-02
1.148411e+01 1.471144e+00 -5.786096e-02
1.148411e+01 1.588542e+00 -4.536200e-02
1.148411e+01 1.715310e+00 -3.891909e-02
1.148411e+01 1.852193e+00 -3.196203e-02
1.148411e+01 2.000000e+00 -2.444979e-02
1.173379e+01 1.000000e-03 -2.554769e+01
1.173379e+01 1.079801e-03 -2.740264e+01
1.173379e+01 1.165970e-03 -2.937560e+01
1.173379e+01 1.259016e-03 -3.147088e+01
1.173379e+01 1.359487e-03 -3.369229e+01
1.173379e+01 1.467975e-03 -3.604322e+01
1.173379e+01 1.585121e-03 -3.852646e+01
1.173379e+01 1.711615e-03 -4.114417e+01
1.173379e+01 1.848204e-03 -4.389771e+01
1.173379e+01 1.995693e-03 -4.678743e+01
1.173379e+01 2.154951e-03 -4.981253e+01
1.173379e+01 2.326918e-03 -5.297096e+01
1.173379e+01 2.512609e-03 -5.625869e+01
1.173379e+01 2.713117e-03 -5.966947e+01
1.173379e+01 2.929627e-03 -6.319509e+01
1.173379e+01 3.163414e-03 -6.682455e+01
1.173379e+01 3.415858e-03 -7.054379e+01
1.173379e+01 3.688447e-03 -7.433612e+01
1.173379e+01 3.982789e-03 -7.818102e+01
1.173379e+01 4.300619e-03 -8.205403e+01
1.173379e+01 4.643813e-03 -8.592744e+01
1.173379e+01 5.014394e-03 -8.976836e+01
1.173379e+01 5.414548e-03 -9.353883e+01
1.173379e+01 5.846635e-03 -9.719734e+01
1.173379e+01 6.313202e-03 -1.006960e+02
1.173379e+01 6.817002e-03 -1.039811e+02
1.173379e+01 7.361006e-03 -1.069962e+02
1.173379e+01 7.948422e-03 -1.096780e+02
1.173379e+01 8.582714e-03 -1.119581e+02
1.173379e+01 9.267624e-03 -1.137684e+02
1.173379e+01 1.000719e-02 -1.150363e+02
1.173379e+01 1.080577e-02 -1.156884e+02
1.173379e+01 1.166809e-02 -1.156587e+02
1.173379e+01 1.259921e-02 -1.148887e+02
1.173379e+01 1.360464e-02 -1.133317e+02
1.173379e+01 1.469030e-02 -1.109602e+02
1.173379e+01 1.586261e-02 -1.077802e+02
1.173379e+01 1.712846e-02 -1.038291e+02
1.173379e+01 1.849533e-02 -9.916906e+01
1.173379e+01 1.997127e-02 -9.393434e+01
1.173379e+01 2.156500e-02 -8.830486e+01
1.173379e+01 2.328591e-02 -8.245425e+01
1.173379e+01 2.514415e-02 -7.662106e+01
1.173379e+01 2.715068e-02 -7.105990e+01
1.173379e+01 2.931733e-02 -6.596191e+01
1.173379e+01 3.165689e-02 -6.146722e+01
1.173379e+01 3.418314e-02 -5.766009e+01
1.173379e+01 3.691099e-02 -5.448167e+01
1.173379e+01 3.985652e-02 -5.173947e+01
1.173379e+01 4.303711e-02 -4.911051e+01
1.173379e+01 4.647152e-02 -4.620275e+01
1.173379e+01 5.017999e-02 -4.268287e+01
1.173379e+01 5.418441e-02 -3.933709e+01
1.173379e+01 5.850838e-02 -3.713027e+01
1.173379e+01 6.317741e-02 -3.474734e+01
1.173379e+01 6.821903e-02 -3.217425e+01
1.173379e+01 7.366298e-02 -2.943319e+01
1.173379e+01 7.954136e-02 -2.685487e+01
1.173379e+01 8.588885e-02 -2.407079e+01
1.173379e+01 9.274286e-02 -2.106455e+01
1.173379e+01 1.001438e-01 -1.781840e+01
1.173379e+01 1.081354e-01 -1.582521e+01
1.173379e+01 1.167647e-01 -1.439434e+01
1.173379e+01 1.260827e-01 -1.284929e+01
1.173379e+01 1.361442e-01 -1.118094e+01
1.173379e+01 1.470087e-01 -9.574936e+00
1.173379e+01 1.587401e-01 -8.673452e+00
1.173379e+01 1.714077e-01 -7.700029e+00
1.173379e+01 1.850862e-01 -6.648926e+00
1.173379e+01 1.998563e-01 -5.513944e+00
1.173379e+01 2.158051e-01 -4.900191e+00
1.173379e+01 2.330265e-01 -4.359665e+00
1.173379e+01 2.516223e-01 -3.776003e+00
1.173379e+01 2.717020e-01 -3.145765e+00
1.173379e+01 2.933841e-01 -2.653481e+00
1.173379e+01 3.167964e-01 -2.361161e+00
1.173379e+01 3.420771e-01 -2.045515e+00
1.173379e+01 3.693752e-01 -1.704679e+00
1.173379e+01 3.988518e-01 -1.353190e+00
1.173379e+01 4.306805e-01 -1.205739e+00
1.173379e+01 4.650493e-01 -1.046520e+00
1.173379e+01 5.021607e-01 -8.745954e-01
1.173379e+01 5.422336e-01 -6.889511e-01
1.173379e+01 5.855044e-01 -5.798621e-01
1.173379e+01 6.322283e-01 -5.046467e-01
1.173379e+01 6.826808e-01 -4.234291e-01
1.173379e+01 7.371594e-01 -3.357302e-01
1.173379e+01 7.959855e-01 -2.611628e-01
1.173379e+01 8.595059e-01 -2.280119e-01
1.173379e+01 9.280954e-01 -1.922156e-01
1.173379e+01 1.002158e+00 -1.535627e-01
1.173379e+01 1.082132e+00 -1.118252e-01
1.173379e+01 1.168487e+00 -9.648925e-02
1.173379e+01 1.261733e+00 -8.246172e-02
1.173379e+01 1.362421e+00 -6.731478e-02
1.173379e+01 1.471144e+00 -5.095909e-02
1.173379e+01 1.588542e+00 -4.015834e-02
1.173379e+01 1.715310e+00 -3.450199e-02
1.173379e+01 1.852193e+00 -2.839425e-02
1.173379e+01 2.000000e+00 -2.179912e-02
1.198847e+01 1.000000e-03 -2.084586e+01
1.198847e+01 1.079801e-03 -2.235982e+01
1.198847e+01 1.165970e-03 -2.397016e+01
1.198847e+01 1.259016e-03 -2.568038e+01
1.198847e+01 1.359487e-03 -2.749360e+01
1.198847e+01 1.467975e-03 -2.941256e+01
1.198847e+01 1.585121e-03 -3.143954e+01
1.198847e+01 1.711615e-03 -3.357628e+01
1.198847e+01 1.848204e-03 -3.582387e+01
1.198847e+01 1.995693e-03 -3.818258e+01
1.198847e+01 2.154951e-03 -4.065175e+01
1.198847e+01 2.326918e-03 -4.322971e+01
1.198847e+01 2.512609e-03 -4.591318e+01
1.198847e+01 2.713117e-03 -4.869705e+01
1.198847e+01 2.929627e-03 -5.157467e+01
1.198847e+01 3.163414e-03 -5.453704e+01
1.198847e+01 3.415858e-03 -5.757268e+01
1.198847e+01 3.688447e-03 -6.066796e+01
1.198847e+01 3.982789e-03 -6.380612e+01
1.198847e+01 4.300619e-03 -6.696721e+01
1.198847e+01 4.643813e-03 -7.012862e+01
1.198847e+01 5.014394e-03 -7.326351e+01
1.198847e+01 5.414548e-03 -7.634090e+01
1.198847e+01 5.846635e-03 -7.932690e+01
1.198847e+01 6.313202e-03 -8.218243e+01
1.198847e+01 6.817002e-03 -8.486366e+01
1.198847e+01 7.361006e-03 -8.732451e+01
1.198847e+01 7.948422e-03 -8.951335e+01
1.198847e+01 8.582714e-03 -9.137431e+01
1.198847e+01 9.267624e-03 -9.285177e+01
1.198847e+01 1.000719e-02 -9.388658e+01
1.198847e+01 1.080577e-02 -9.441875e+01
1.198847e+01 1.166809e-02 -9.439453e+01
1.198847e+01 1.259921e-02 -9.376622e+01
1.198847e+01 1.360464e-02 -9.249564e+01
1.198847e+01 1.469030e-02 -9.056030e+01
1.198847e+01 1.586261e-02 -8.796496e+01
1.198847e+01 1.712846e-02 -8.474027e+01
1.198847e+01 1.849533e-02 -8.093695e+01
1.198847e+01 1.997127e-02 -7.666464e+01
1.198847e+01 2.156500e-02 -7.207015e+01
1.198847e+01 2.328591e-02 -6.729518e+01
1.198847e+01 2.514415e-02 -6.253441e+01
1.198847e+01 2.715068e-02 -5.799567e+01
1.198847e+01 2.931733e-02 -5.383494e+01
1.198847e+01 3.165689e-02 -5.016659e+01
1.198847e+01 3.418314e-02 -4.705940e+01
1.198847e+01 3.691099e-02 -4.446532e+01
1.198847e+01 3.985652e-02 -4.222727e+01
1.198847e+01 4.303711e-02 -4.008164e+01
1.198847e+01 4.647152e-02 -3.770847e+01
1.198847e+01 5.017999e-02 -3.483571e+01
1.198847e+01 5.418441e-02 -3.211634e+01
1.198847e+01 5.850838e-02 -3.034669e+01
1.198847e+01 6.317741e-02 -2.843582e+01
1.198847e+01 6.821903e-02 -2.637246e+01
1.198847e+01 7.366298e-02 -2.416985e+01
1.198847e+01 7.954136e-02 -2.205097e+01
1.198847e+01 8.588885e-02 -1.976300e+01
1.198847e+01 9.274286e-02 -1.729244e+01
1.198847e+01 1.001438e-01 -1.462474e+01
1.198847e+01 1.081354e-01 -1.298721e+01
1.198847e+01 1.167647e-01 -1.181207e+01
1.198847e+01 1.260827e-01 -1.054316e+01
1.198847e+01 1.361442e-01 -9.172982e+00
1.198847e+01 1.470087e-01 -7.854533e+00
1.198847e+01 1.587401e-01 -7.116990e+00
1.198847e+01 1.714077e-01 -6.320590e+00
1.198847e+01 1.850862e-01 -5.460637e+00
1.198847e+01 1.998563e-01 -4.532058e+00
1.198847e+01 2.158051e-01 -4.028151e+00
1.198847e+01 2.330265e-01 -3.583659e+00
1.198847e+01 2.516223e-01 -3.103695e+00
1.198847e+01 2.717020e-01 -2.585430e+00
1.198847e+01 2.933841e-01 -2.181080e+00
1.198847e+01 3.167964e-01 -1.941806e+00
1.198847e+01 3.420771e-01 -1.683437e+00
1.198847e+01 3.693752e-01 -1.404450e+00
1.198847e+01 3.988518e-01 -1.116743e+00
1.198847e+01 4.306805e-01 -9.960470e-01
1.198847e+01 4.650493e-01 -8.657189e-01
1.198847e+01 5.021607e-01 -7.249906e-01
1.198847e+01 5.422336e-01 -5.730320e-01
1.198847e+01 5.855044e-01 -4.835157e-01
1.198847e+01 6.322283e-01 -4.216056e-01
1.198847e+01 6.826808e-01 -3.547549e-01
1.198847e+01 7.371594e-01 -2.825696e-01
1.198847e+01 7.959855e-01 -2.210682e-01
1.198847e+01 8.595059e-01 -1.933541e-01
1.198847e+01 9.280954e-01 -1.634284e-01
1.198847e+01 1.002158e+00 -1.311145e-01
1.198847e+01 1.082132e+00 -9.622201e-02
1.198847e+01 1.168487e+00 -8.322074e-02
1.198847e+01 1.261733e+00 -7.128360e-02
1.198847e+01 1.362421e+00 -5.839385e-02
1.198847e+01 1.471144e+00 -4.447549e-02
1.198847e+01 1.588542e+00 -3.523441e-02
1.198847e+01 1.715310e+00 -3.032350e-02
1.198847e+01 1.852193e+00 -2.502069e-02
1.198847e+01 2.000000e+00 -1.929471e-02
1.224824e+01 1.000000e-03 -1.690569e+01
1.224824e+01 1.079801e-03 -1.813382e+01
1.224824e+01 1.165970e-03 -1.944018e+01
1.224824e+01 1.259016e-03 -2.082761e+01
1.224824e+01 1.359487e-03 -2.229863e+01
1.224824e+01 1.467975e-03 -2.385546e+01
1.224824e+01 1.585121e-03 -2.549995e+01
1.224824e+01 1.711615e-03 -2.723348e+01
1.224824e+01 1.848204e-03 -2.905693e+01
1.224824e+01 1.995693e-03 -3.097050e+01
1.224824e+01 2.154951e-03 -3.297365e+01
1.224824e+01 2.326918e-03 -3.506502e+01
1.224824e+01 2.512609e-03 -3.724195e+01
1.224824e+01 2.713117e-03 -3.950032e+01
1.224824e+01 2.929627e-03 -4.183474e+01
1.224824e+01 3.163414e-03 -4.423791e+01
1.224824e+01 3.415858e-03 -4.670053e+01
1.224824e+01 3.688447e-03 -4.921150e+01
1.224824e+01 3.982789e-03 -5.175724e+01
1.224824e+01 4.300619e-03 -5.432157e+01
1.224824e+01 4.643813e-03 -5.688616e+01
1.224824e+01 5.014394e-03 -5.942924e+01
1.224824e+01 5.414548e-03 -6.192566e+01
1.224824e+01 5.846635e-03 -6.434794e+01
1.224824e+01 6.313202e-03 -6.666437e+01
1.224824e+01 6.817002e-03 -6.883941e+01
1.224824e+01 7.361006e-03 -7.083569e+01
1.224824e+01 7.948422e-03 -7.261133e+01
1.224824e+01 8.582714e-03 -7.412095e+01
1.224824e+01 9.267624e-03 -7.531942e+01
1.224824e+01 1.000719e-02 -7.615878e+01
1.224824e+01 1.080577e-02 -7.659042e+01
1.224824e+01 1.166809e-02 -7.657083e+01
1.224824e+01 1.259921e-02 -7.606129e+01
1.224824e+01 1.360464e-02 -7.503077e+01
1.224824e+01 1.469030e-02 -7.346095e+01
1.224824e+01 1.586261e-02 -7.135569e+01
1.224824e+01 1.712846e-02 -6.873987e+01
1.224824e+01 1.849533e-02 -6.565468e+01
1.224824e+01 1.997127e-02 -6.218907e+01
1.224824e+01 2.156500e-02 -5.846211e+01
1.224824e+01 2.328591e-02 -5.458874e+01
1.224824e+01 2.514415e-02 -5.072689e+01
1.224824e+01 2.715068e-02 -4.704514e+01
1.224824e+01 2.931733e-02 -4.367003e+01
1.224824e+01 3.165689e-02 -4.069433e+01
1.224824e+01 3.418314e-02 -3.817382e+01
1.224824e+01 3.691099e-02 -3.606955e+01
1.224824e+01 3.985652e-02 -3.425407e+01
1.224824e+01 4.303711e-02 -3.251357e+01
1.224824e+01 4.647152e-02 -3.058850e+01
1.224824e+01 5.017999e-02 -2.825817e+01
1.224824e+01 5.418441e-02 -2.605907e+01
1.224824e+01 5.850838e-02 -2.464251e+01
1.224824e+01 6.317741e-02 -2.311290e+01
1.224824e+01 6.821903e-02 -2.146124e+01
1.224824e+01 7.366298e-02 -1.969496e+01
1.224824e+01 7.954136e-02 -1.796332e+01
1.224824e+01 8.588885e-02 -1.609349e+01
1.224824e+01 9.274286e-02 -1.407444e+01
1.224824e+01 1.001438e-01 -1.189428e+01
1.224824e+01 1.081354e-01 -1.056026e+01
1.224824e+01 1.167647e-01 -9.606497e+00
1.224824e+01 1.260827e-01 -8.576621e+00
1.224824e+01 1.361442e-01 -7.464560e+00
1.224824e+01 1.470087e-01 -6.394780e+00
1.224824e+01 1.587401e-01 -5.797765e+00
1.224824e+01 1.714077e-01 -5.153108e+00
1.224824e+01 1.850862e-01 -4.457006e+00
1.224824e+01 1.998563e-01 -3.705356e+00
1.224824e+01 2.158051e-01 -3.294702e+00
1.224824e+01 2.330265e-01 -2.931370e+00
1.224824e+01 2.516223e-01 -2.539045e+00
1.224824e+01 2.717020e-01 -2.115411e+00
1.224824e+01 2.933841e-01 -1.785130e+00
1.224824e+01 3.167964e-01 -1.590101e+00
1.224824e+01 3.420771e-01 -1.379508e+00
1.224824e+01 3.693752e-01 -1.152110e+00
1.224824e+01 3.988518e-01 -9.175924e-01
1.224824e+01 4.306805e-01 -8.190405e-01
1.224824e+01 4.650493e-01 -7.126241e-01
1.224824e+01 5.021607e-01 -5.977156e-01
1.224824e+01 5.422336e-01 -4.736372e-01
1.224824e+01 5.855044e-01 -4.004943e-01
1.224824e+01 6.322283e-01 -3.498650e-01
1.224824e+01 6.826808e-01 -2.951955e-01
1.224824e+01 7.371594e-01 -2.361632e-01
1.224824e+01 7.959855e-01 -1.857842e-01
1.224824e+01 8.595059e-01 -1.628313e-01
1.224824e+01 9.280954e-01 -1.380467e-01
1.224824e+01 1.002158e+00 -1.112843e-01
1.224824e+01 1.082132e+00 -8.238626e-02
1.224824e+01 1.168487e+00 -7.142036e-02
1.224824e+01 1.261733e+00 -6.130307e-02
1.224824e+01 1.362421e+00 -5.037841e-02
1.224824e+01 1.471144e+00 -3.858195e-02
1.224824e+01 1.588542e+00 -3.071308e-02
1.224824e+01 1.715310e+00 -2.647923e-02
1.224824e+01 1.852193e+00 -2.190751e-02
1.224824e+01 2.000000e+00 -1.697097e-02
1.251320e+01 1.000000e-03 -1.376352e+01
1.251320e+01 1.079801e-03 -1.476366e+01
1.251320e+01 1.165970e-03 -1.582754e+01
1.251320e+01 1.259016e-03 -1.695748e+01
1.251320e+01 1.359487e-03 -1.815553e+01
1.251320e+01 1.467975e-03 -1.942349e+01
1.251320e+01 1.585121e-03 -2.076285e+01
1.251320e+01 1.711615e-03 -2.217474e+01
1.251320e+01 1.848204e-03 -2.365985e+01
1.251320e+01 1.995693e-03 -2.521833e+01
1.251320e+01 2.154951e-03 -2.684975e+01
1.251320e+01 2.326918e-03 -2.855298e+01
1.251320e+01 2.512609e-03 -3.032587e+01
1.251320e+01 2.713117e-03 -3.216507e+01
1.251320e+01 2.929627e-03 -3.406620e+01
1.251320e+01 3.163414e-03 -3.602333e+01
1.251320e+01 3.415858e-03 -3.802886e+01
1.251320e+01 3.688447e-03 -4.007376e+01
1.251320e+01 3.982789e-03 -4.214696e+01
1.251320e+01 4.300619e-03 -4.423529e+01
1.251320e+01 4.643813e-03 -4.632382e+01
1.251320e+01 5.014394e-03 -4.839484e+01
1.251320e+01 5.414548e-03 -5.042786e+01
1.251320e+01 5.846635e-03 -5.240049e+01
1.251320e+01 6.313202e-03 -5.428691e+01
1.251320e+01 6.817002e-03 -5.605820e+01
1.251320e+01 7.361006e-03 -5.768392e+01
1.251320e+01 7.948422e-03 -5.912996e+01
1.251320e+01 8.582714e-03 -6.035935e+01
1.251320e+01 9.267624e-03 -6.133529e+01
1.251320e+01 1.000719e-02 -6.201875e+01
1.251320e+01 1.080577e-02 -6.237022e+01
1.251320e+01 1.166809e-02 -6.235431e+01
1.251320e+01 1.259921e-02 -6.193949e+01
1.251320e+01 1.360464e-02 -6.110042e+01
1.251320e+01 1.469030e-02 -5.982214e+01
1.251320e+01 1.586261e-02 -5.810776e+01
1.251320e+01 1.712846e-02 -5.597760e+01
1.251320e+01 1.849533e-02 -5.346520e+01
1.251320e+01 1.997127e-02 -5.064303e+01
1.251320e+01 2.156500e-02 -4.760803e+01
1.251320e+01 2.328591e-02 -4.445380e+01
1.251320e+01 2.514415e-02 -4.130895e+01
1.251320e+01 2.715068e-02 -3.831076e+01
1.251320e+01 2.931733e-02 -3.556227e+01
1.251320e+01 3.165689e-02 -3.313903e+01
1.251320e+01 3.418314e-02 -3.108649e+01
1.251320e+01 3.691099e-02 -2.937289e+01
1.251320e+01 3.985652e-02 -2.789448e+01
1.251320e+01 4.303711e-02 -2.647712e+01
1.251320e+01 4.647152e-02 -2.490945e+01
1.251320e+01 5.017999e-02 -2.301177e+01
1.251320e+01 5.418441e-02 -2.120759e+01
1.251320e+01 5.850838e-02 -2.001681e+01
1.251320e+01 6.317741e-02 -1.873101e+01
1.251320e+01 6.821903e-02 -1.734260e+01
1.251320e+01 7.366298e-02 -1.586427e+01
1.251320e+01 7.954136e-02 -1.448102e+01
1.251320e+01 8.588885e-02 -1.298740e+01
1.251320e+01 9.274286e-02 -1.137458e+01
1.251320e+01 1.001438e-01 -9.633054e+00
1.251320e+01 1.081354e-01 -8.561728e+00
1.251320e+01 1.167647e-01 -7.790965e+00
1.251320e+01 1.260827e-01 -6.958694e+00
1.251320e+01 1.361442e-01 -6.060007e+00
1.251320e+01 1.470087e-01 -5.195054e+00
1.251320e+01 1.587401e-01 -4.710273e+00
1.251320e+01 1.714077e-01 -4.186805e+00
1.251320e+01 1.850862e-01 -3.621565e+00
1.251320e+01 1.998563e-01 -3.011217e+00
1.251320e+01 2.158051e-01 -2.677794e+00
1.251320e+01 2.330265e-01 -2.382806e+00
1.251320e+01 2.516223e-01 -2.064277e+00
1.251320e+01 2.717020e-01 -1.720330e+00
1.251320e+01 2.933841e-01 -1.452282e+00
1.251320e+01 3.167964e-01 -1.294193e+00
1.251320e+01 3.420771e-01 -1.123488e+00
1.251320e+01 3.693752e-01 -9.391604e-01
1.251320e+01 3.988518e-01 -7.490649e-01
1.251320e+01 4.306805e-01 -6.692207e-01
1.251320e+01 4.650493e-01 -5.830048e-01
1.251320e+01 5.021607e-01 -4.899088e-01
1.251320e+01 5.422336e-01 -3.893836e-01
1.251320e+01 5.855044e-01 -3.300303e-01
1.251320e+01 6.322283e-01 -2.888653e-01
1.251320e+01 6.826808e-01 -2.444153e-01
1.251320e+01 7.371594e-01 -1.964181e-01
1.251320e+01 7.959855e-01 -1.553829e-01
1.251320e+01 8.595059e-01 -1.364679e-01
1.251320e+01 9.280954e-01 -1.160435e-01
1.251320e+01 1.002158e+00 -9.398916e-02
1.251320e+01 1.082132e+00 -7.017486e-02
1.251320e+01 1.168487e+00 -6.099685e-02
1.251320e+01 1.261733e+00 -5.249485e-02
1.251320e+01 1.362421e+00 -4.331438e-02
1.251320e+01 1.471144e+00 -3.340131e-02
1.251320e+01 1.588542e+00 -2.673711e-02
1.251320e+01 1.715310e+00 -2.307825e-02
1.251320e+01 1.852193e+00 -1.912741e-02
1.251320e+01 2.000000e+00 -1.486129e-02
1.278347e+01 1.000000e-03 -1.114290e+01
1.278347e+01 1.079801e-03 -1.195283e+01
1.278347e+01 1.165970e-03 -1.281442e+01
1.278347e+01 1.259016e-03 -1.372953e+01
1.278347e+01 1.359487e-03 -1.469982e+01
1.278347e+01 1.467975e-03 -1.572676e+01
1.278347e+01 1.585121e-03 -1.681155e+01
1.278347e+01 1.711615e-03 -1.795507e+01
1.278347e+01 1.848204e-03 -1.915789e+01
1.278347e+01 1.995693e-03 -2.042012e+01
1.278347e+01 2.154951e-03 -2.174140e+01
1.278347e+01 2.326918e-03 -2.312081e+01
1.278347e+01 2.512609e-03 -2.455661e+01
1.278347e+01 2.713117e-03 -2.604611e+01
1.278347e+01 2.929627e-03 -2.758575e+01
1.278347e+01 3.163414e-03 -2.917075e+01
1.278347e+01 3.415858e-03 -3.079495e+01
1.278347e+01 3.688447e-03 -3.245102e+01
1.278347e+01 3.982789e-03 -3.412999e+01
1.278347e+01 4.300619e-03 -3.582121e+01
1.278347e+01 4.643813e-03 -3.751259e+01
1.278347e+01 5.014394e-03 -3.918979e+01
1.278347e+01 5.414548e-03 -4.083621e+01
1.278347e+01 5.846635e-03 -4.243371e+01
1.278347e+01 6.313202e-03 -4.396141e+01
1.278347e+01 6.817002e-03 -4.539586e+01
1.278347e+01 7.361006e-03 -4.671243e+01
1.278347e+01 7.948422e-03 -4.788350e+01
1.278347e+01 8.582714e-03 -4.887910e+01
1.278347e+01 9.267624e-03 -4.966942e+01
1.278347e+01 1.000719e-02 -5.022285e+01
1.278347e+01 1.080577e-02 -5.050746e+01
1.278347e+01 1.166809e-02 -5.049461e+01
1.278347e+01 1.259921e-02 -5.015877e+01
1.278347e+01 1.360464e-02 -4.947938e+01
1.278347e+01 1.469030e-02 -4.844428e+01
1.278347e+01 1.586261e-02 -4.705599e+01
1.278347e+01 1.712846e-02 -4.533097e+01
1.278347e+01 1.849533e-02 -4.329642e+01
1.278347e+01 1.997127e-02 -4.101102e+01
1.278347e+01 2.156500e-02 -3.855327e+01
1.278347e+01 2.328591e-02 -3.599897e+01
1.278347e+01 2.514415e-02 -3.345225e+01
1.278347e+01 2.715068e-02 -3.102429e+01
1.278347e+01 2.931733e-02 -2.879855e+01
1.278347e+01 3.165689e-02 -2.683621e+01
1.278347e+01 3.418314e-02 -2.517404e+01
1.278347e+01 3.691099e-02 -2.378636e+01
1.278347e+01 3.985652e-02 -2.258913e+01
1.278347e+01 4.303711e-02 -2.144134e+01
1.278347e+01 4.647152e-02 -2.017183e+01
1.278347e+01 5.017999e-02 -1.863508e+01
1.278347e+01 5.418441e-02 -1.716820e+01
1.278347e+01 5.850838e-02 -1.618762e+01
1.278347e+01 6.317741e-02 -1.512879e+01
1.278347e+01 6.821903e-02 -1.398546e+01
1.278347e+01 7.366298e-02 -1.277016e+01
1.278347e+01 7.954136e-02 -1.165463e+01
1.278347e+01 8.588885e-02 -1.045008e+01
1.278347e+01 9.274286e-02 -9.149406e+00
1.278347e+01 1.001438e-01 -7.744936e+00
1.278347e+01 1.081354e-01 -6.883817e+00
1.278347e+01 1.167647e-01 -6.266686e+00
1.278347e+01 1.260827e-01 -5.600307e+00
1.278347e+01 1.361442e-01 -4.880750e+00
1.278347e+01 1.470087e-01 -4.188031e+00
1.278347e+01 1.587401e-01 -3.798960e+00
1.278347e+01 1.714077e-01 -3.378840e+00
1.278347e+01 1.850862e-01 -2.925194e+00
1.278347e+01 1.998563e-01 -2.435347e+00
1.278347e+01 2.158051e-01 -2.166126e+00
1.278347e+01 2.330265e-01 -1.927299e+00
1.278347e+01 2.516223e-01 -1.669412e+00
1.278347e+01 2.717020e-01 -1.390946e+00
1.278347e+01 2.933841e-01 -1.174302e+00
1.278347e+01 3.167964e-01 -1.047185e+00
1.278347e+01 3.420771e-01 -9.099245e-01
1.278347e+01 3.693752e-01 -7.617100e-01
1.278347e+01 3.988518e-01 -6.088463e-01
1.278347e+01 4.306805e-01 -5.444739e-01
1.278347e+01 4.650493e-01 -4.749645e-01
1.278347e+01 5.021607e-01 -3.999082e-01
1.278347e+01 5.422336e-01 -3.188623e-01
1.278347e+01 5.855044e-01 -2.708819e-01
1.278347e+01 6.322283e-01 -2.374954e-01
1.278347e+01 6.826808e-01 -2.014447e-01
1.278347e+01 7.371594e-01 -1.625170e-01
1.278347e+01 7.959855e-01 -1.291793e-01
1.278347e+01 8.595059e-01 -1.136445e-01
1.278347e+01 9.280954e-01 -9.687001e-02
1.278347e+01 1.002158e+00 -7.875691e-02
1.278347e+01 1.082132e+00 -5.919837e-02
1.278347e+01 1.168487e+00 -5.158642e-02
1.278347e+01 1.261733e+00 -4.451744e-02
1.278347e+01 1.362421e+00 -3.688436e-02
1.278347e+01 1.471144e+00 -2.864215e-02
1.278347e+01 1.588542e+00 -2.305853e-02
1.278347e+01 1.715310e+00 -1.993291e-02
1.278347e+01 1.852193e+00 -1.655786e-02
1.278347e+01 2.000000e+00 -1.291349e-02
1.305914e+01 1.000000e-03 -9.023189e+00
1.305914e+01 1.079801e-03 -9.679232e+00
1.305914e+01 1.165970e-03 -1.037714e+01
1.305914e+01 1.259016e-03 -1.111843e+01
1.305914e+01 1.359487e-03 -1.190444e+01
1.305914e+01 1.467975e-03 -1.273636e+01
1.305914e+01 1.585121e-03 -1.361515e+01
1.305914e+01 1.711615e-03 -1.454153e+01
1.305914e+01 1.848204e-03 -1.551593e+01
1.305914e+01 1.995693e-03 -1.653846e+01
1.305914e+01 2.154951e-03 -1.760880e+01
1.305914e+01 2.326918e-03 -1.872621e+01
1.305914e+01 2.512609e-03 -1.988928e+01
1.305914e+01 2.713117e-03 -2.109583e+01
1.305914e+01 2.929627e-03 -2.234301e+01
1.305914e+01 3.163414e-03 -2.362692e+01
1.305914e+01 3.415858e-03 -2.494259e+01
1.305914e+01 3.688447e-03 -2.628406e+01
1.305914e+01 3.982789e-03 -2.764407e+01
1.305914e+01 4.300619e-03 -2.901400e+01
1.305914e+01 4.643813e-03 -3.038406e+01
1.305914e+01 5.014394e-03 -3.174263e+01
1.305914e+01 5.414548e-03 -3.307626e+01
1.305914e+01 5.846635e-03 -3.437027e+01
1.305914e+01 6.313202e-03 -3.560773e+01
1.305914e+01 6.817002e-03 -3.676965e+01
1.305914e+01 7.361006e-03 -3.783611e+01
1.305914e+01 7.948422e-03 -3.878470e+01
1.305914e+01 8.582714e-03 -3.959115e+01
1.305914e+01 9.267624e-03 -4.023130e+01
1.305914e+01 1.000719e-02 -4.067957e+01
1.305914e+01 1.080577e-02 -4.091009e+01
1.305914e+01 1.166809e-02 -4.089971e+01
1.305914e+01 1.259921e-02 -4.062775e+01
1.305914e+01 1.360464e-02 -4.007751e+01
1.305914e+01 1.469030e-02 -3.923913e+01
1.305914e+01 1.586261e-02 -3.811465e+01
1.305914e+01 1.712846e-02 -3.671742e+01
1.305914e+01 1.849533e-02 -3.506947e+01
1.305914e+01 1.997127e-02 -3.321834e+01
1.305914e+01 2.156500e-02 -3.122760e+01
1.305914e+01 2.328591e-02 -2.915866e+01
1.305914e+01 2.514415e-02 -2.709586e+01
1.305914e+01 2.715068e-02 -2.512925e+01
1.305914e+01 2.931733e-02 -2.332643e+01
1.305914e+01 3.165689e-02 -2.173696e+01
1.305914e+01 3.418314e-02 -2.039063e+01
1.305914e+01 3.691099e-02 -1.926662e+01
1.305914e+01 3.985652e-02 -1.829689e+01
1.305914e+01 4.303711e-02 -1.736719e+01
1.305914e+01 4.647152e-02 -1.633891e+01
1.305914e+01 5.017999e-02 -1.509416e+01
1.305914e+01 5.418441e-02 -1.390045e+01
1.305914e+01 5.850838e-02 -1.309073e+01
1.305914e+01 6.317741e-02 -1.221640e+01
1.305914e+01 6.821903e-02 -1.127229e+01
1.305914e+01 7.366298e-02 -1.027085e+01
1.305914e+01 7.954136e-02 -9.373361e+00
1.305914e+01 8.588885e-02 -8.404253e+00
1.305914e+01 9.274286e-02 -7.357810e+00
1.305914e+01 1.001438e-01 -6.227859e+00
1.305914e+01 1.081354e-01 -5.534708e+00
1.305914e+01 1.167647e-01 -5.037660e+00
1.305914e+01 1.260827e-01 -4.500948e+00
1.305914e+01 1.361442e-01 -3.921405e+00
1.305914e+01 1.470087e-01 -3.363788e+00
1.305914e+01 1.587401e-01 -3.052079e+00
1.305914e+01 1.714077e-01 -2.715495e+00
1.305914e+01 1.850862e-01 -2.352051e+00
1.305914e+01 1.998563e-01 -1.959605e+00
1.305914e+01 2.158051e-01 -1.743451e+00
1.305914e+01 2.330265e-01 -1.551518e+00
1.305914e+01 2.516223e-01 -1.344268e+00
1.305914e+01 2.717020e-01 -1.120479e+00
1.305914e+01 2.933841e-01 -9.463001e-01
1.305914e+01 3.167964e-01 -8.439697e-01
1.305914e+01 3.420771e-01 -7.334733e-01
1.305914e+01 3.693752e-01 -6.141591e-01
1.305914e+01 3.988518e-01 -4.911282e-01
1.305914e+01 4.306805e-01 -4.397002e-01
1.305914e+01 4.650493e-01 -3.841681e-01
1.305914e+01 5.021607e-01 -3.242045e-01
1.305914e+01 5.422336e-01 -2.594558e-01
1.305914e+01 5.855044e-01 -2.209373e-01
1.305914e+01 6.322283e-01 -1.939763e-01
1.305914e+01 6.826808e-01 -1.648638e-01
1.305914e+01 7.371594e-01 -1.334281e-01
1.305914e+01 7.959855e-01 -1.064851e-01
1.305914e+01 8.595059e-01 -9.386655e-02
1.305914e+01 9.280954e-01 -8.024104e-02
1.305914e+01 1.002158e+00 -6.552821e-02
1.305914e+01 1.082132e+00 -4.964128e-02
1.305914e+01 1.168487e+00 -4.336745e-02
1.305914e+01 1.261733e+00 -3.751970e-02
1.305914e+01 1.362421e+00 -3.120528e-02
1.305914e+01 1.471144e+00 -2.438697e-02
1.305914e+01 1.588542e+00 -1.973578e-02
1.305914e+01 1.715310e+00 -1.708719e-02
1.305914e+01 1.852193e+00 -1.422725e-02
1.305914e+01 2.000000e+00 -1.113908e-02
1.334032e+01 1.000000e-03 -7.163168e+00
1.334032e+01 1.079801e-03 -7.684123e+00
1.334032e+01 1.165970e-03 -8.238342e+00
1.334032e+01 1.259016e-03 -8.827032e+00
1.334032e+01 1.359487e-03 -9.451258e+00
1.334032e+01 1.467975e-03 -1.011196e+01
1.334032e+01 1.585121e-03 -1.080989e+01
1.334032e+01 1.711615e-03 -1.154562e+01
1.334032e+01 1.848204e-03 -1.231950e+01
1.334032e+01 1.995693e-03 -1.313157e+01
1.334032e+01 2.154951e-03 -1.398161e+01
1.334032e+01 2.326918e-03 -1.486901e+01
1.334032e+01 2.512609e-03 -1.579266e+01
1.334032e+01 2.713117e-03 -1.675083e+01
1.334032e+01 2.929627e-03 -1.774125e+01
1.334032e+01 3.163414e-03 -1.876086e+01
1.334032e+01 3.415858e-03 -1.980567e+01
1.334032e+01 3.688447e-03 -2.087097e+01
1.334032e+01 3.982789e-03 -2.195099e+01
1.334032e+01 4.300619e-03 -2.303888e+01
1.334032e+01 4.643813e-03 -2.412687e+01
1.334032e+01 5.014394e-03 -2.520573e+01
1.334032e+01 5.414548e-03 -2.626479e+01
1.334032e+01 5.846635e-03 -2.729238e+01
1.334032e+01 6.313202e-03 -2.827506e+01
1.334032e+01 6.817002e-03 -2.919775e+01
1.334032e+01 7.361006e-03 -3.004464e+01
1.334032e+01 7.948422e-03 -3.079792e+01
1.334032e+01 8.582714e-03 -3.143834e+01
1.334032e+01 9.267624e-03 -3.194669e+01
1.334032e+01 1.000719e-02 -3.230266e+01
1.334032e+01 1.080577e-02 -3.248573e+01
1.334032e+01 1.166809e-02 -3.247751e+01
1.334032e+01 1.259921e-02 -3.226157e+01
1.334032e+01 1.360464e-02 -3.182467e+01
1.334032e+01 1.469030e-02 -3.115896e+01
1.334032e+01 1.586261e-02 -3.026605e+01
1.334032e+01 1.712846e-02 -2.915654e+01
1.334032e+01 1.849533e-02 -2.784795e+01
1.334032e+01 1.997127e-02 -2.637800e+01
1.334032e+01 2.156500e-02 -2.479721e+01
1.334032e+01 2.328591e-02 -2.315430e+01
1.334032e+01 2.514415e-02 -2.151628e+01
1.334032e+01 2.715068e-02 -1.995464e+01
1.334032e+01 2.931733e-02 -1.852306e+01
1.334032e+01 3.165689e-02 -1.726089e+01
1.334032e+01 3.418314e-02 -1.619179e+01
1.334032e+01 3.691099e-02 -1.529925e+01
1.334032e+01 3.985652e-02 -1.452920e+01
1.334032e+01 4.303711e-02 -1.379094e+01
1.334032e+01 4.647152e-02 -1.297441e+01
1.334032e+01 5.017999e-02 -1.198597e+01
1.334032e+01 5.418441e-02 -1.103918e+01
1.334032e+01 5.850838e-02 -1.039930e+01
1.334032e+01 6.317741e-02 -9.708344e+00
1.334032e+01 6.821903e-02 -8.962253e+00
1.334032e+01 7.366298e-02 -8.170515e+00
1.334032e+01 7.954136e-02 -7.457444e+00
1.334032e+01 8.588885e-02 -6.687470e+00
1.334032e+01 9.274286e-02 -5.856050e+00
1.334032e+01 1.001438e-01 -4.958282e+00
1.334032e+01 1.081354e-01 -4.407771e+00
1.334032e+01 1.167647e-01 -4.013186e+00
1.334032e+01 1.260827e-01 -3.587113e+00
1.334032e+01 1.361442e-01 -3.127038e+00
1.334032e+01 1.470087e-01 -2.684391e+00
1.334032e+01 1.587401e-01 -2.437051e+00
1.334032e+01 1.714077e-01 -2.169973e+00
1.334032e+01 1.850862e-01 -1.881582e+00
1.334032e+01 1.998563e-01 -1.570176e+00
1.334032e+01 2.158051e-01 -1.396953e+00
1.334032e+01 2.330265e-01 -1.242470e+00
1.334032e+01 2.516223e-01 -1.075659e+00
1.334032e+01 2.717020e-01 -8.955370e-01
1.334032e+01 2.933841e-01 -7.558747e-01
1.334032e+01 3.167964e-01 -6.747575e-01
1.334032e+01 3.420771e-01 -5.871670e-01
1.334032e+01 3.693752e-01 -4.925867e-01
1.334032e+01 3.988518e-01 -3.950328e-01
1.334032e+01 4.306805e-01 -3.538519e-01
1.334032e+01 4.650493e-01 -3.093846e-01
1.334032e+01 5.021607e-01 -2.613689e-01
1.334032e+01 5.422336e-01 -2.095214e-01
1.334032e+01 5.855044e-01 -1.787104e-01
1.334032e+01 6.322283e-01 -1.571721e-01
1.334032e+01 6.826808e-01 -1.339149e-01
1.334032e+01 7.371594e-01 -1.088019e-01
1.334032e+01 7.959855e-01 -8.725078e-02
1.334032e+01 8.595059e-01 -7.707728e-02
1.334032e+01 9.280954e-01 -6.609192e-02
1.334032e+01 1.002158e+00 -5.422991e-02
1.334032e+01 1.082132e+00 -4.142131e-02
1.334032e+01 1.168487e+00 -3.627115e-02
1.334032e+01 1.261733e+00 -3.144933e-02
1.334032e+01 1.362421e+00 -2.624272e-02
1.334032e+01 1.471144e+00 -2.062062e-02
1.334032e+01 1.588542e+00 -1.676332e-02
1.334032e+01 1.715310e+00 -1.453617e-02
1.334032e+01 1.852193e+00 -1.213129e-02
1.334032e+01 2.000000e+00 -9.534500e-03
1.362713e+01 1.000000e-03 -5.634519e+00
1.362713e+01 1.079801e-03 -6.044417e+00
1.362713e+01 1.165970e-03 -6.480505e+00
1.362713e+01 1.259016e-03 -6.943733e+00
1.362713e+01 1.359487e-03 -7.434939e+00
1.362713e+01 1.467975e-03 -7.954858e+00
1.362713e+01 1.585121e-03 -8.504088e+00
1.362713e+01 1.711615e-03 -9.083068e+00
1.362713e+01 1.848204e-03 -9.692060e+00
1.362713e+01 1.995693e-03 -1.033111e+01
1.362713e+01 2.154951e-03 -1.100002e+01
1.362713e+01 2.326918e-03 -1.169832e+01
1.362713e+01 2.512609e-03 -1.242512e+01
1.362713e+01 2.713117e-03 -1.317908e+01
1.362713e+01 2.929627e-03 -1.395842e+01
1.362713e+01 3.163414e-03 -1.476072e+01
1.362713e+01 3.415858e-03 -1.558286e+01
1.362713e+01 3.688447e-03 -1.642111e+01
1.362713e+01 3.982789e-03 -1.727094e+01
1.362713e+01 4.300619e-03 -1.812695e+01
1.362713e+01 4.643813e-03 -1.898304e+01
1.362713e+01 5.014394e-03 -1.983195e+01
1.362713e+01 5.414548e-03 -2.066528e+01
1.362713e+01 5.846635e-03 -2.147384e+01
1.362713e+01 6.313202e-03 -2.224706e+01
1.362713e+01 6.817002e-03 -2.297308e+01
1.362713e+01 7.361006e-03 -2.363945e+01
1.362713e+01 7.948422e-03 -2.423218e+01
1.362713e+01 8.582714e-03 -2.473609e+01
1.362713e+01 9.267624e-03 -2.513609e+01
1.362713e+01 1.000719e-02 -2.541619e+01
1.362713e+01 1.080577e-02 -2.556025e+01
1.362713e+01 1.166809e-02 -2.555380e+01
1.362713e+01 1.259921e-02 -2.538392e+01
1.362713e+01 1.360464e-02 -2.504017e+01
1.362713e+01 1.469030e-02 -2.451639e+01
1.362713e+01 1.586261e-02 -2.381384e+01
1.362713e+01 1.712846e-02 -2.294087e+01
1.362713e+01 1.849533e-02 -2.191125e+01
1.362713e+01 1.997127e-02 -2.075468e+01
1.362713e+01 2.156500e-02 -1.951089e+01
1.362713e+01 2.328591e-02 -1.821822e+01
1.362713e+01 2.514415e-02 -1.692940e+01
1.362713e+01 2.715068e-02 -1.570067e+01
1.362713e+01 2.931733e-02 -1.457428e+01
1.362713e+01 3.165689e-02 -1.358118e+01
1.362713e+01 3.418314e-02 -1.274000e+01
1.362713e+01 3.691099e-02 -1.203773e+01
1.362713e+01 3.985652e-02 -1.143184e+01
1.362713e+01 4.303711e-02 -1.085097e+01
1.362713e+01 4.647152e-02 -1.020850e+01
1.362713e+01 5.017999e-02 -9.430785e+00
1.362713e+01 5.418441e-02 -8.688463e+00
1.362713e+01 5.850838e-02 -8.192308e+00
1.362713e+01 6.317741e-02 -7.656558e+00
1.362713e+01 6.821903e-02 -7.078056e+00
1.362713e+01 7.366298e-02 -6.463345e+00
1.362713e+01 7.954136e-02 -5.901249e+00
1.362713e+01 8.588885e-02 -5.294296e+00
1.362713e+01 9.274286e-02 -4.638909e+00
1.362713e+01 1.001438e-01 -3.931221e+00
1.362713e+01 1.081354e-01 -3.495868e+00
1.362713e+01 1.167647e-01 -3.182649e+00
1.362713e+01 1.260827e-01 -2.844436e+00
1.362713e+01 1.361442e-01 -2.479232e+00
1.362713e+01 1.470087e-01 -2.128029e+00
1.362713e+01 1.587401e-01 -1.932583e+00
1.362713e+01 1.714077e-01 -1.721540e+00
1.362713e+01 1.850862e-01 -1.493656e+00
1.362713e+01 1.998563e-01 -1.247587e+00
1.362713e+01 2.158051e-01 -1.109990e+00
1.362713e+01 2.330265e-01 -9.870022e-01
1.362713e+01 2.516223e-01 -8.541996e-01
1.362713e+01 2.717020e-01 -7.107992e-01
1.362713e+01 2.933841e-01 -5.998011e-01
1.362713e+01 3.167964e-01 -5.356703e-01
1.362713e+01 3.420771e-01 -4.664217e-01
1.362713e+01 3.693752e-01 -3.916471e-01
1.362713e+01 3.988518e-01 -3.145233e-01
1.362713e+01 4.306805e-01 -2.819932e-01
1.362713e+01 4.650493e-01 -2.468672e-01
1.362713e+01 5.021607e-01 -2.089380e-01
1.362713e+01 5.422336e-01 -1.679821e-01
1.362713e+01 5.855044e-01 -1.435667e-01
1.362713e+01 6.322283e-01 -1.264339e-01
1.362713e+01 6.826808e-01 -1.079338e-01
1.362713e+01 7.371594e-01 -8.795747e-02
1.362713e+01 7.959855e-01 -7.080925e-02
1.362713e+01 8.595059e-01 -6.269850e-02
1.362713e+01 9.280954e-01 -5.394051e-02
1.362713e+01 1.002158e+00 -4.448362e-02
1.362713e+01 1.082132e+00 -3.427207e-02
1.362713e+01 1.168487e+00 -3.007630e-02
1.362713e+01 1.261733e+00 -2.612748e-02
1.362713e+01 1.362421e+00 -2.186353e-02
1.362713e+01 1.471144e+00 -1.725932e-02
1.362713e+01 1.588542e+00 -1.408753e-02
1.362713e+01 1.715310e+00 -1.223845e-02
1.362713e+01 1.852193e+00 -1.024182e-02
1.362713e+01 2.000000e+00 -8.085848e-03
1.391967e+01 1.000000e-03 -4.422614e+00
1.391967e+01 1.079801e-03 -4.744441e+00
1.391967e+01 1.165970e-03 -5.086846e+00
1.391967e+01 1.259016e-03 -5.450573e+00
1.391967e+01 1.359487e-03 -5.836281e+00
1.391967e+01 1.467975e-03 -6.244546e+00
1.391967e+01 1.585121e-03 -6.675836e+00
1.391967e+01 1.711615e-03 -7.130491e+00
1.391967e+01 1.848204e-03 -7.608713e+00
1.391967e+01 1.995693e-03 -8.110532e+00
1.391967e+01 2.154951e-03 -8.635790e+00
1.391967e+01 2.326918e-03 -9.184115e+00
1.391967e+01 2.512609e-03 -9.754810e+00
1.391967e+01 2.713117e-03 -1.034682e+01
1.391967e+01 2.929627e-03 -1.095876e+01
1.391967e+01 3.163414e-03 -1.158872e+01
1.391967e+01 3.415858e-03 -1.223426e+01
1.391967e+01 3.688447e-03 -1.289246e+01
1.391967e+01 3.982789e-03 -1.355973e+01
1.391967e+01 4.300619e-03 -1.423186e+01
1.391967e+01 4.643813e-03 -1.490405e+01
1.391967e+01 5.014394e-03 -1.557060e+01
1.391967e+01 5.414548e-03 -1.622491e+01
1.391967e+01 5.846635e-03 -1.685977e+01
1.391967e+01 6.313202e-03 -1.746689e+01
1.391967e+01 6.817002e-03 -1.803694e+01
1.391967e+01 7.361006e-03 -1.856016e+01
1.391967e+01 7.948422e-03 -1.902555e+01
1.391967e+01 8.582714e-03 -1.942121e+01
1.391967e+01 9.267624e-03 -1.973529e+01
1.391967e+01 1.000719e-02 -1.995523e+01
1.391967e+01 1.080577e-02 -2.006836e+01
1.391967e+01 1.166809e-02 -2.006331e+01
1.391967e+01 1.259921e-02 -1.992993e+01
1.391967e+01 1.360464e-02 -1.966005e+01
1.391967e+01 1.469030e-02 -1.924881e+01
1.391967e+01 1.586261e-02 -1.869722e+01
1.391967e+01 1.712846e-02 -1.801183e+01
1.391967e+01 1.849533e-02 -1.720344e+01
1.391967e+01 1.997127e-02 -1.629537e+01
1.391967e+01 2.156500e-02 -1.531882e+01
1.391967e+01 2.328591e-02 -1.430390e+01
1.391967e+01 2.514415e-02 -1.329199e+01
1.391967e+01 2.715068e-02 -1.232727e+01
1.391967e+01 2.931733e-02 -1.144289e+01
1.391967e+01 3.165689e-02 -1.066317e+01
1.391967e+01 3.418314e-02 -1.000272e+01
1.391967e+01 3.691099e-02 -9.451333e+00
1.391967e+01 3.985652e-02 -8.975623e+00
1.391967e+01 4.303711e-02 -8.519558e+00
1.391967e+01 4.647152e-02 -8.015129e+00
1.391967e+01 5.017999e-02 -7.404512e+00
1.391967e+01 5.418441e-02 -6.822866e+00
1.391967e+01 5.850838e-02 -6.436607e+00
1.391967e+01 6.317741e-02 -6.019525e+00
1.391967e+01 6.821903e-02 -5.569159e+00
1.391967e+01 7.366298e-02 -5.090594e+00
1.391967e+01 7.954136e-02 -4.652877e+00
1.391967e+01 8.588885e-02 -4.180231e+00
1.391967e+01 9.274286e-02 -3.669866e+00
1.391967e+01 1.001438e-01 -3.118775e+00
1.391967e+01 1.081354e-01 -2.775565e+00
1.391967e+01 1.167647e-01 -2.525128e+00
1.391967e+01 1.260827e-01 -2.254707e+00
1.391967e+01 1.361442e-01 -1.962705e+00
1.391967e+01 1.470087e-01 -1.682188e+00
1.391967e+01 1.587401e-01 -1.527468e+00
1.391967e+01 1.714077e-01 -1.360400e+00
1.391967e+01 1.850862e-01 -1.180001e+00
1.391967e+01 1.998563e-01 -9.852050e-01
1.391967e+01 2.158051e-01 -8.763605e-01
1.391967e+01 2.330265e-01 -7.791034e-01
1.391967e+01 2.516223e-01 -6.740851e-01
1.391967e+01 2.717020e-01 -5.606863e-01
1.391967e+01 2.933841e-01 -4.730997e-01
1.391967e+01 3.167964e-01 -4.228306e-01
1.391967e+01 3.420771e-01 -3.685500e-01
1.391967e+01 3.693752e-01 -3.099377e-01
1.391967e+01 3.988518e-01 -2.494716e-01
1.391967e+01 4.306805e-01 -2.237842e-01
1.391967e+01 4.650493e-01 -1.960470e-01
1.391967e+01 5.021607e-01 -1.660963e-01
1.391967e+01 5.422336e-01 -1.337555e-01
1.391967e+01 5.855044e-01 -1.144846e-01
1.391967e+01 6.322283e-01 -1.009692e-01
1.391967e+01 6.826808e-01 -8.637528e-02
1.391967e+01 7.371594e-01 -7.061676e-02
1.391967e+01 7.959855e-01 -5.707464e-02
1.391967e+01 8.595059e-01 -5.062631e-02
1.391967e+01 9.280954e-01 -4.366339e-02
1.391967e+01 1.002158e+00 -3.614482e-02
1.391967e+01 1.082132e+00 -2.802626e-02
1.391967e+01 1.168487e+00 -2.465377e-02
1.391967e+01 1.261733e+00 -2.147156e-02
1.391967e+01 1.362421e+00 -1.803540e-02
1.391967e+01 1.471144e+00 -1.432503e-02
1.391967e+01 1.588542e+00 -1.174904e-02
1.391967e+01 1.715310e+00 -1.021992e-02
1.391967e+01 1.852193e+00 -8.568772e-03
1.391967e+01 2.000000e+00 -6.785863e-03
1.421806e+01 1.000000e-03 -3.457143e+00
1.421806e+01 1.079801e-03 -3.708788e+00
1.421806e+01 1.165970e-03 -3.976534e+00
1.421806e+01 1.259016e-03 -4.260964e+00
1.421806e+01 1.359487e-03 -4.562593e+00
1.421806e+01 1.467975e-03 -4.881870e+00
1.421806e+01 1.585121e-03 -5.219161e+00
1.421806e+01 1.711615e-03 -5.574729e+00
1.421806e+01 1.848204e-03 -5.948727e+00
1.421806e+01 1.995693e-03 -6.341175e+00
1.421806e+01 2.154951e-03 -6.751947e+00
1.421806e+01 2.326918e-03 -7.180748e+00
1.421806e+01 2.512609e-03 -7.627034e+00
1.421806e+01 2.713117e-03 -8.089983e+00
1.421806e+01 2.929627e-03 -8.568512e+00
1.421806e+01 3.163414e-03 -9.061139e+00
1.421806e+01 3.415858e-03 -9.565944e+00
1.421806e+01 3.688447e-03 -1.008064e+01
1.421806e+01 3.982789e-03 -1.060244e+01
1.421806e+01 4.300619e-03 -1.112803e+01
1.421806e+01 4.643813e-03 -1.165366e+01
1.421806e+01 5.014394e-03 -1.217488e+01
1.421806e+01 5.414548e-03 -1.268653e+01
1.421806e+01 5.846635e-03 -1.318297e+01
1.421806e+01 6.313202e-03 -1.365772e+01
1.421806e+01 6.817002e-03 -1.410348e+01
1.421806e+01 7.361006e-03 -1.451262e+01
1.421806e+01 7.948422e-03 -1.487654e+01
1.421806e+01 8.582714e-03 -1.518593e+01
1.421806e+01 9.267624e-03 -1.543153e+01
1.421806e+01 1.000719e-02 -1.560353e+01
1.421806e+01 1.080577e-02 -1.569200e+01
1.421806e+01 1.166809e-02 -1.568806e+01
1.421806e+01 1.259921e-02 -1.558378e+01
1.421806e+01 1.360464e-02 -1.537276e+01
1.421806e+01 1.469030e-02 -1.505121e+01
1.421806e+01 1.586261e-02 -1.461991e+01
1.421806e+01 1.712846e-02 -1.408398e+01
1.421806e+01 1.849533e-02 -1.345188e+01
1.421806e+01 1.997127e-02 -1.274184e+01
1.421806e+01 2.156500e-02 -1.197825e+01
1.421806e+01 2.328591e-02 -1.118466e+01
1.421806e+01 2.514415e-02 -1.039341e+01
1.421806e+01 2.715068e-02 -9.639069e+00
1.421806e+01 2.931733e-02 -8.947548e+00
1.421806e+01 3.165689e-02 -8.337860e+00
1.421806e+01 3.418314e-02 -7.821434e+00
1.421806e+01 3.691099e-02 -7.390290e+00
1.421806e+01 3.985652e-02 -7.018318e+00
1.421806e+01 4.303711e-02 -6.661706e+00
1.421806e+01 4.647152e-02 -6.267277e+00
1.421806e+01 5.017999e-02 -5.789817e+00
1.421806e+01 5.418441e-02 -5.337221e+00
1.421806e+01 5.850838e-02 -5.041347e+00
1.421806e+01 6.317741e-02 -4.721863e+00
1.421806e+01 6.821903e-02 -4.376883e+00
1.421806e+01 7.366298e-02 -4.009215e+00
1.421806e+01 7.954136e-02 -3.661642e+00
1.421806e+01 8.588885e-02 -3.286333e+00
1.421806e+01 9.274286e-02 -2.881073e+00
1.421806e+01 1.001438e-01 -2.443473e+00
1.421806e+01 1.081354e-01 -2.174543e+00
1.421806e+01 1.167647e-01 -1.981286e+00
1.421806e+01 1.260827e-01 -1.772607e+00
1.421806e+01 1.361442e-01 -1.547276e+00
1.421806e+01 1.470087e-01 -1.330116e+00
1.421806e+01 1.587401e-01 -1.207039e+00
1.421806e+01 1.714077e-01 -1.074139e+00
1.421806e+01 1.850862e-01 -9.306341e-01
1.421806e+01 1.998563e-01 -7.756773e-01
1.421806e+01 2.158051e-01 -6.898294e-01
1.421806e+01 2.330265e-01 -6.134048e-01
1.421806e+01 2.516223e-01 -5.308814e-01
1.421806e+01 2.717020e-01 -4.417725e-01
1.421806e+01 2.933841e-01 -3.729062e-01
1.421806e+01 3.167964e-01 -3.333088e-01
1.421806e+01 3.420771e-01 -2.905514e-01
1.421806e+01 3.693752e-01 -2.443819e-01
1.421806e+01 3.988518e-01 -1.967629e-01
1.421806e+01 4.306805e-01 -1.766914e-01
1.421806e+01 4.650493e-01 -1.550181e-01
1.421806e+01 5.021607e-01 -1.316152e-01
1.421806e+01 5.422336e-01 -1.063448e-01
1.421806e+01 5.855044e-01 -9.120147e-02
1.421806e+01 6.322283e-01 -8.050876e-02
1.421806e+01 6.826808e-01 -6.896275e-02
1.421806e+01 7.371594e-01 -5.649536e-02
1.421806e+01 7.959855e-01 -4.578498e-02
1.421806e+01 8.595059e-01 -4.069536e-02
1.421806e+01 9.280954e-01 -3.519959e-02
1.421806e+01 1.002158e+00 -2.926525e-02
1.421806e+01 1.082132e+00 -2.285734e-02
1.421806e+01 1.168487e+00 -2.015780e-02
1.421806e+01 1.261733e+00 -1.760223e-02
1.421806e+01 1.362421e+00 -1.484273e-02
1.421806e+01 1.471144e+00 -1.186301e-02
1.421806e+01 1.588542e+00 -9.778570e-03
1.421806e+01 1.715310e+00 -8.519830e-03
1.421806e+01 1.852193e+00 -7.160642e-03
1.421806e+01 2.000000e+00 -5.692988e-03
1.452242e+01 1.000000e-03 -2.661246e+00
1.452242e+01 1.079801e-03 -2.855015e+00
1.452242e+01 1.165970e-03 -3.061189e+00
1.452242e+01 1.259016e-03 -3.280221e+00
1.452242e+01 1.359487e-03 -3.512505e+00
1.452242e+01 1.467975e-03 -3.758388e+00
1.452242e+01 1.585121e-03 -4.018148e+00
1.452242e+01 1.711615e-03 -4.291988e+00
1.452242e+01 1.848204e-03 -4.580022e+00
1.452242e+01 1.995693e-03 -4.882262e+00
1.452242e+01 2.154951e-03 -5.198610e+00
1.452242e+01 2.326918e-03 -5.528835e+00
1.452242e+01 2.512609e-03 -5.872518e+00
1.452242e+01 2.713117e-03 -6.229027e+00
1.452242e+01 2.929627e-03 -6.597533e+00
1.452242e+01 3.163414e-03 -6.976894e+00
1.452242e+01 3.415858e-03 -7.365632e+00
1.452242e+01 3.688447e-03 -7.761985e+00
1.452242e+01 3.982789e-03 -8.163805e+00
1.452242e+01 4.300619e-03 -8.568545e+00
1.452242e+01 4.643813e-03 -8.973316e+00
1.452242e+01 5.014394e-03 -9.374687e+00
1.452242e+01 5.414548e-03 -9.768687e+00
1.452242e+01 5.846635e-03 -1.015098e+01
1.452242e+01 6.313202e-03 -1.051655e+01
1.452242e+01 6.817002e-03 -1.085981e+01
1.452242e+01 7.361006e-03 -1.117487e+01
1.452242e+01 7.948422e-03 -1.145511e+01
1.452242e+01 8.582714e-03 -1.169336e+01
1.452242e+01 9.267624e-03 -1.188249e+01
1.452242e+01 1.000719e-02 -1.201495e+01
1.452242e+01 1.080577e-02 -1.208308e+01
1.452242e+01 1.166809e-02 -1.208006e+01
1.452242e+01 1.259921e-02 -1.199977e+01
1.452242e+01 1.360464e-02 -1.183728e+01
1.452242e+01 1.469030e-02 -1.158968e+01
1.452242e+01 1.586261e-02 -1.125758e+01
1.452242e+01 1.712846e-02 -1.084491e+01
1.452242e+01 1.849533e-02 -1.035819e+01
1.452242e+01 1.997127e-02 -9.811450e+00
1.452242e+01 2.156500e-02 -9.223473e+00
1.452242e+01 2.328591e-02 -8.612392e+00
1.452242e+01 2.514415e-02 -8.003123e+00
1.452242e+01 2.715068e-02 -7.422264e+00
1.452242e+01 2.931733e-02 -6.889780e+00
1.452242e+01 3.165689e-02 -6.420309e+00
1.452242e+01 3.418314e-02 -6.022652e+00
1.452242e+01 3.691099e-02 -5.690663e+00
1.452242e+01 3.985652e-02 -5.404237e+00
1.452242e+01 4.303711e-02 -5.129639e+00
1.452242e+01 4.647152e-02 -4.825922e+00
1.452242e+01 5.017999e-02 -4.458269e+00
1.452242e+01 5.418441e-02 -4.114217e+00
1.452242e+01 5.850838e-02 -3.898797e+00
1.452242e+01 6.317741e-02 -3.666186e+00
1.452242e+01 6.821903e-02 -3.415012e+00
1.452242e+01 7.366298e-02 -3.145357e+00
1.452242e+01 7.954136e-02 -2.870143e+00
1.452242e+01 8.588885e-02 -2.572966e+00
1.452242e+01 9.274286e-02 -2.252074e+00
1.452242e+01 1.001438e-01 -1.905575e+00
1.452242e+01 1.081354e-01 -1.693635e+00
1.452242e+01 1.167647e-01 -1.542171e+00
1.452242e+01 1.260827e-01 -1.378621e+00
1.452242e+01 1.361442e-01 -1.202019e+00
1.452242e+01 1.470087e-01 -1.032222e+00
1.452242e+01 1.587401e-01 -9.378968e-01
1.452242e+01 1.714077e-01 -8.360442e-01
1.452242e+01 1.850862e-01 -7.260635e-01
1.452242e+01 1.998563e-01 -6.073063e-01
1.452242e+01 2.158051e-01 -5.404680e-01
1.452242e+01 2.330265e-01 -4.805594e-01
1.452242e+01 2.516223e-01 -4.158700e-01
1.452242e+01 2.717020e-01 -3.460183e-01
1.452242e+01 2.933841e-01 -2.920893e-01
1.452242e+01 3.167964e-01 -2.611777e-01
1.452242e+01 3.420771e-01 -2.277993e-01
1.452242e+01 3.693752e-01 -1.917573e-01
1.452242e+01 3.988518e-01 -1.545821e-01
1.452242e+01 4.306805e-01 -1.388893e-01
1.452242e+01 4.650493e-01 -1.219441e-01
1.452242e+01 5.021607e-01 -1.036467e-01
1.452242e+01 5.422336e-01 -8.388922e-02
1.452242e+01 5.855044e-01 -7.203781e-02
1.452242e+01 6.322283e-01 -6.365970e-02
1.452242e+01 6.826808e-01 -5.461301e-02
1.452242e+01 7.371594e-01 -4.484439e-02
1.452242e+01 7.959855e-01 -3.645181e-02
1.452242e+01 8.595059e-01 -3.246177e-02
1.452242e+01 9.280954e-01 -2.815332e-02
1.452242e+01 1.002158e+00 -2.350105e-02
1.452242e+01 1.082132e+00 -1.847752e-02
1.452242e+01 1.168487e+00 -1.633544e-02
1.452242e+01 1.261733e+00 -1.430198e-02
1.452242e+01 1.362421e+00 -1.210624e-02
1.452242e+01 1.471144e+00 -9.735279e-03
1.452242e+01 1.588542e+00 -8.061999e-03
1.452242e+01 1.715310e+00 -7.031692e-03
1.452242e+01 1.852193e+00 -5.919166e-03
1.452242e+01 2.000000e+00 -4.717860e-03
1.483287e+01 1.000000e-03 -2.047233e+00
1.483287e+01 1.079801e-03 -2.196339e+00
1.483287e+01 1.165970e-03 -2.354998e+00
1.483287e+01 1.259016e-03 -2.523558e+00
1.483287e+01 1.359487e-03 -2.702324e+00
1.483287e+01 1.467975e-03 -2.891560e+00
1.483287e+01 1.585121e-03 -3.091483e+00
1.483287e+01 1.711615e-03 -3.302244e+00
1.483287e+01 1.848204e-03 -3.523930e+00
1.483287e+01 1.995693e-03 -3.756548e+00
1.483287e+01 2.154951e-03 -4.000021e+00
1.483287e+01 2.326918e-03 -4.254168e+00
1.483287e+01 2.512609e-03 -4.518666e+00
1.483287e+01 2.713117e-03 -4.793031e+00
1.483287e+01 2.929627e-03 -5.076627e+00
1.483287e+01 3.163414e-03 -5.368576e+00
1.483287e+01 3.415858e-03 -5.667740e+00
1.483287e+01 3.688447e-03 -5.972764e+00
1.483287e+01 3.982789e-03 -6.281994e+00
1.483287e+01 4.300619e-03 -6.593470e+00
1.483287e+01 4.643813e-03 -6.904968e+00
1.483287e+01 5.014394e-03 -7.213848e+00
1.483287e+01 5.414548e-03 -7.517054e+00
1.483287e+01 5.846635e-03 -7.811247e+00
1.483287e+01 6.313202e-03 -8.092579e+00
1.483287e+01 6.817002e-03 -8.356739e+00
1.483287e+01 7.361006e-03 -8.599191e+00
1.483287e+01 7.948422e-03 -8.814850e+00
1.483287e+01 8.582714e-03 -8.998198e+00
1.483287e+01 9.267624e-03 -9.143748e+00
1.483287e+01 1.000719e-02 -9.245684e+00
1.483287e+01 1.080577e-02 -9.298125e+00
1.483287e+01 1.166809e-02 -9.295806e+00
1.483287e+01 1.259921e-02 -9.234025e+00
1.483287e+01 1.360464e-02 -9.108993e+00
1.483287e+01 1.469030e-02 -8.918468e+00
1.483287e+01 1.586261e-02 -8.662915e+00
1.483287e+01 1.712846e-02 -8.345364e+00
1.483287e+01 1.849533e-02 -7.970825e+00
1.483287e+01 1.997127e-02 -7.550099e+00
1.483287e+01 2.156500e-02 -7.097641e+00
1.483287e+01 2.328591e-02 -6.627404e+00
1.483287e+01 2.514415e-02 -6.158561e+00
1.483287e+01 2.715068e-02 -5.711579e+00
1.483287e+01 2.931733e-02 -5.301823e+00
1.483287e+01 3.165689e-02 -4.940556e+00
1.483287e+01 3.418314e-02 -4.634551e+00
1.483287e+01 3.691099e-02 -4.379079e+00
1.483287e+01 3.985652e-02 -4.158669e+00
1.483287e+01 4.303711e-02 -3.947360e+00
1.483287e+01 4.647152e-02 -3.713643e+00
1.483287e+01 5.017999e-02 -3.430727e+00
1.483287e+01 5.418441e-02 -3.167006e+00
1.483287e+01 5.850838e-02 -3.004114e+00
1.483287e+01 6.317741e-02 -2.828223e+00
1.483287e+01 6.821903e-02 -2.638295e+00
1.483287e+01 7.366298e-02 -2.433893e+00
1.483287e+01 7.954136e-02 -2.220147e+00
1.483287e+01 8.588885e-02 -1.989344e+00
1.483287e+01 9.274286e-02 -1.740122e+00
1.483287e+01 1.001438e-01 -1.471013e+00
1.483287e+01 1.081354e-01 -1.307332e+00
1.483287e+01 1.167647e-01 -1.191135e+00
1.483287e+01 1.260827e-01 -1.065666e+00
1.483287e+01 1.361442e-01 -9.301838e-01
1.483287e+01 1.470087e-01 -7.998078e-01
1.483287e+01 1.587401e-01 -7.268328e-01
1.483287e+01 1.714077e-01 -6.480343e-01
1.483287e+01 1.850862e-01 -5.629477e-01
1.483287e+01 1.998563e-01 -4.710710e-01
1.483287e+01 2.158051e-01 -4.191640e-01
1.483287e+01 2.330265e-01 -3.725630e-01
1.483287e+01 2.516223e-01 -3.222431e-01
1.483287e+01 2.717020e-01 -2.679077e-01
1.483287e+01 2.933841e-01 -2.260293e-01
1.483287e+01 3.167964e-01 -2.021519e-01
1.483287e+01 3.420771e-01 -1.763690e-01
1.483287e+01 3.693752e-01 -1.485286e-01
1.483287e+01 3.988518e-01 -1.198173e-01
1.483287e+01 4.306805e-01 -1.077613e-01
1.483287e+01 4.650493e-01 -9.474321e-02
1.483287e+01 5.021607e-01 -8.068625e-02
1.483287e+01 5.422336e-01 -6.550752e-02
1.483287e+01 5.855044e-01 -5.636874e-02
1.483287e+01 6.322283e-01 -4.987981e-02
1.483287e+01 6.826808e-01 -4.287305e-02
1.483287e+01 7.371594e-01 -3.530715e-02
1.483287e+01 7.959855e-01 -2.880286e-02
1.483287e+01 8.595059e-01 -2.569830e-02
1.483287e+01 9.280954e-01 -2.234599e-02
1.483287e+01 1.002158e+00 -1.872616e-02
1.483287e+01 1.082132e+00 -1.481746e-02
1.483287e+01 1.168487e+00 -1.312588e-02
1.483287e+01 1.261733e+00 -1.151471e-02
1.483287e+01 1.362421e+00 -9.774964e-03
1.483287e+01 1.471144e+00 -7.896384e-03
1.483287e+01 1.588542e+00 -6.563615e-03
1.483287e+01 1.715310e+00 -5.733623e-03
1.483287e+01 1.852193e+00 -4.837397e-03
1.483287e+01 2.000000e+00 -3.869652e-03
1.514953e+01 1.000000e-03 -1.586010e+00
1.514953e+01 1.079801e-03 -1.701559e+00
1.514953e+01 1.165970e-03 -1.824516e+00
1.514953e+01 1.259016e-03 -1.955151e+00
1.514953e+01 1.359487e-03 -2.093701e+00
1.514953e+01 1.467975e-03 -2.240372e+00
1.514953e+01 1.585121e-03 -2.395328e+00
1.514953e+01 1.711615e-03 -2.558688e+00
1.514953e+01 1.848204e-03 -2.730517e+00
1.514953e+01 1.995693e-03 -2.910818e+00
1.514953e+01 2.154951e-03 -3.099530e+00
1.514953e+01 2.326918e-03 -3.296510e+00
1.514953e+01 2.512609e-03 -3.501508e+00
1.514953e+01 2.713117e-03 -3.714150e+00
1.514953e+01 2.929627e-03 -3.933945e+00
1.514953e+01 3.163414e-03 -4.160213e+00
1.514953e+01 3.415858e-03 -4.392072e+00
1.514953e+01 3.688447e-03 -4.628471e+00
1.514953e+01 3.982789e-03 -4.868130e+00
1.514953e+01 4.300619e-03 -5.109528e+00
1.514953e+01 4.643813e-03 -5.350942e+00
1.514953e+01 5.014394e-03 -5.590326e+00
1.514953e+01 5.414548e-03 -5.825311e+00
1.514953e+01 5.846635e-03 -6.053311e+00
1.514953e+01 6.313202e-03 -6.271344e+00
1.514953e+01 6.817002e-03 -6.476067e+00
1.514953e+01 7.361006e-03 -6.663968e+00
1.514953e+01 7.948422e-03 -6.831103e+00
1.514953e+01 8.582714e-03 -6.973199e+00
1.514953e+01 9.267624e-03 -7.086002e+00
1.514953e+01 1.000719e-02 -7.165005e+00
1.514953e+01 1.080577e-02 -7.205651e+00
1.514953e+01 1.166809e-02 -7.203859e+00
1.514953e+01 1.259921e-02 -7.155987e+00
1.514953e+01 1.360464e-02 -7.059097e+00
1.514953e+01 1.469030e-02 -6.911452e+00
1.514953e+01 1.586261e-02 -6.713412e+00
1.514953e+01 1.712846e-02 -6.467326e+00
1.514953e+01 1.849533e-02 -6.177075e+00
1.514953e+01 1.997127e-02 -5.851032e+00
1.514953e+01 2.156500e-02 -5.500396e+00
1.514953e+01 2.328591e-02 -5.135982e+00
1.514953e+01 2.514415e-02 -4.772647e+00
1.514953e+01 2.715068e-02 -4.426254e+00
1.514953e+01 2.931733e-02 -4.108710e+00
1.514953e+01 3.165689e-02 -3.828742e+00
1.514953e+01 3.418314e-02 -3.591600e+00
1.514953e+01 3.691099e-02 -3.393619e+00
1.514953e+01 3.985652e-02 -3.222809e+00
1.514953e+01 4.303711e-02 -3.059053e+00
1.514953e+01 4.647152e-02 -2.877932e+00
1.514953e+01 5.017999e-02 -2.658682e+00
1.514953e+01 5.418441e-02 -2.451269e+00
1.514953e+01 5.850838e-02 -2.316570e+00
1.514953e+01 6.317741e-02 -2.171121e+00
1.514953e+01 6.821903e-02 -2.014065e+00
1.514953e+01 7.366298e-02 -1.846331e+00
1.514953e+01 7.954136e-02 -1.684152e+00
1.514953e+01 8.588885e-02 -1.509030e+00
1.514953e+01 9.274286e-02 -1.319934e+00
1.514953e+01 1.001438e-01 -1.115748e+00
1.514953e+01 1.081354e-01 -9.930554e-01
1.514953e+01 1.167647e-01 -9.072272e-01
1.514953e+01 1.260827e-01 -8.145499e-01
1.514953e+01 1.361442e-01 -7.144768e-01
1.514953e+01 1.470087e-01 -6.176888e-01
1.514953e+01 1.587401e-01 -5.611898e-01
1.514953e+01 1.714077e-01 -5.001820e-01
1.514953e+01 1.850862e-01 -4.343058e-01
1.514953e+01 1.998563e-01 -3.631726e-01
1.514953e+01 2.158051e-01 -3.231518e-01
1.514953e+01 2.330265e-01 -2.872857e-01
1.514953e+01 2.516223e-01 -2.485574e-01
1.514953e+01 2.717020e-01 -2.067386e-01
1.514953e+01 2.933841e-01 -1.744930e-01
1.514953e+01 3.167964e-01 -1.560823e-01
1.514953e+01 3.420771e-01 -1.362024e-01
1.514953e+01 3.693752e-01 -1.147361e-01
1.514953e+01 3.988518e-01 -9.259807e-02
1.514953e+01 4.306805e-01 -8.330034e-02
1.514953e+01 4.650493e-01 -7.326065e-02
1.514953e+01 5.021607e-01 -6.241978e-02
1.514953e+01 5.422336e-01 -5.071380e-02
1.514953e+01 5.855044e-01 -4.369680e-02
1.514953e+01 6.322283e-01 -3.874027e-02
1.514953e+01 6.826808e-01 -3.338820e-02
1.514953e+01 7.371594e-01 -2.760903e-02
1.514953e+01 7.959855e-01 -2.262720e-02
1.514953e+01 8.595059e-01 -2.020918e-02
1.514953e+01 9.280954e-01 -1.759821e-02
1.514953e+01 1.002158e+00 -1.477888e-02
1.514953e+01 1.082132e+00 -1.173456e-02
1.514953e+01 1.168487e+00 -1.041615e-02
1.514953e+01 1.261733e+00 -9.160213e-03
1.514953e+01 1.362421e+00 -7.804053e-03
1.514953e+01 1.471144e+00 -6.339670e-03
1.514953e+01 1.588542e+00 -5.292369e-03
1.514953e+01 1.715310e+00 -4.628980e-03
1.514953e+01 1.852193e+00 -3.912651e-03
1.514953e+01 2.000000e+00 -3.139158e-03
1.547252e+01 1.000000e-03 -1.218905e+00
1.547252e+01 1.079801e-03 -1.307735e+00
1.547252e+01 1.165970e-03 -1.402265e+00
1.547252e+01 1.259016e-03 -1.502702e+00
1.547252e+01 1.359487e-03 -1.609229e+00
1.547252e+01 1.467975e-03 -1.722003e+00
1.547252e+01 1.585121e-03 -1.841151e+00
1.547252e+01 1.711615e-03 -1.966763e+00
1.547252e+01 1.848204e-03 -2.098888e+00
1.547252e+01 1.995693e-03 -2.237527e+00
1.547252e+01 2.154951e-03 -2.382630e+00
1.547252e+01 2.326918e-03 -2.534089e+00
1.547252e+01 2.512609e-03 -2.691708e+00
1.547252e+01 2.713117e-03 -2.855202e+00
1.547252e+01 2.929627e-03 -3.024193e+00
1.547252e+01 3.163414e-03 -3.198161e+00
1.547252e+01 3.415858e-03 -3.376427e+00
1.547252e+01 3.688447e-03 -3.558183e+00
1.547252e+01 3.982789e-03 -3.742445e+00
1.547252e+01 4.300619e-03 -3.928044e+00
1.547252e+01 4.643813e-03 -4.113653e+00
1.547252e+01 5.014394e-03 -4.297700e+00
1.547252e+01 5.414548e-03 -4.478365e+00
1.547252e+01 5.846635e-03 -4.653659e+00
1.547252e+01 6.313202e-03 -4.821290e+00
1.547252e+01 6.817002e-03 -4.978688e+00
1.547252e+01 7.361006e-03 -5.123152e+00
1.547252e+01 7.948422e-03 -5.251651e+00
1.547252e+01 8.582714e-03 -5.360900e+00
1.547252e+01 9.267624e-03 -5.447627e+00
1.547252e+01 1.000719e-02 -5.508369e+00
1.547252e+01 1.080577e-02 -5.539622e+00
1.547252e+01 1.166809e-02 -5.538250e+00
1.547252e+01 1.259921e-02 -5.501450e+00
1.547252e+01 1.360464e-02 -5.426966e+00
1.547252e+01 1.469030e-02 -5.313462e+00
1.547252e+01 1.586261e-02 -5.161213e+00
1.547252e+01 1.712846e-02 -4.972027e+00
1.547252e+01 1.849533e-02 -4.748887e+00
1.547252e+01 1.997127e-02 -4.498228e+00
1.547252e+01 2.156500e-02 -4.228663e+00
1.547252e+01 2.328591e-02 -3.948505e+00
1.547252e+01 2.514415e-02 -3.669178e+00
1.547252e+01 2.715068e-02 -3.402874e+00
1.547252e+01 2.931733e-02 -3.158748e+00
1.547252e+01 3.165689e-02 -2.943511e+00
1.547252e+01 3.418314e-02 -2.761198e+00
1.547252e+01 3.691099e-02 -2.608991e+00
1.547252e+01 3.985652e-02 -2.477674e+00
1.547252e+01 4.303711e-02 -2.351779e+00
1.547252e+01 4.647152e-02 -2.212534e+00
1.547252e+01 5.017999e-02 -2.043977e+00
1.547252e+01 5.418441e-02 -1.883854e+00
1.547252e+01 5.850838e-02 -1.778447e+00
1.547252e+01 6.317741e-02 -1.664627e+00
1.547252e+01 6.821903e-02 -1.541725e+00
1.547252e+01 7.366298e-02 -1.410704e+00
1.547252e+01 7.954136e-02 -1.286475e+00
1.547252e+01 8.588885e-02 -1.152331e+00
1.547252e+01 9.274286e-02 -1.007483e+00
1.547252e+01 1.001438e-01 -8.510763e-01
1.547252e+01 1.081354e-01 -7.576911e-01
1.547252e+01 1.167647e-01 -6.928763e-01
1.547252e+01 1.260827e-01 -6.228892e-01
1.547252e+01 1.361442e-01 -5.473171e-01
1.547252e+01 1.470087e-01 -4.740997e-01
1.547252e+01 1.587401e-01 -4.307603e-01
1.547252e+01 1.714077e-01 -3.839623e-01
1.547252e+01 1.850862e-01 -3.334297e-01
1.547252e+01 1.998563e-01 -2.788647e-01
1.547252e+01 2.158051e-01 -2.481904e-01
1.547252e+01 2.330265e-01 -2.207101e-01
1.547252e+01 2.516223e-01 -1.910369e-01
1.547252e+01 2.717020e-01 -1.589957e-01
1.547252e+01 2.933841e-01 -1.342816e-01
1.547252e+01 3.167964e-01 -1.201571e-01
1.547252e+01 3.420771e-01 -1.049055e-01
1.547252e+01 3.693752e-01 -8.843688e-02
1.547252e+01 3.988518e-01 -7.145180e-02
1.547252e+01 4.306805e-01 -6.430190e-02
1.547252e+01 4.650493e-01 -5.658143e-02
1.547252e+01 5.021607e-01 -4.824486e-02
1.547252e+01 5.422336e-01 -3.924302e-02
1.547252e+01 5.855044e-01 -3.384157e-02
1.547252e+01 6.322283e-01 -3.002165e-02
1.547252e+01 6.826808e-01 -2.589690e-02
1.547252e+01 7.371594e-01 -2.144299e-02
1.547252e+01 7.959855e-01 -1.760538e-02
1.547252e+01 8.595059e-01 -1.574804e-02
1.547252e+01 9.280954e-01 -1.374248e-02
1.547252e+01 1.002158e+00 -1.157688e-02
1.547252e+01 1.082132e+00 -9.238459e-03
1.547252e+01 1.168487e+00 -8.212906e-03
1.547252e+01 1.261733e+00 -7.233223e-03
1.547252e+01 1.362421e+00 -6.175361e-03
1.547252e+01 1.471144e+00 -5.033080e-03
1.547252e+01 1.588542e+00 -4.213052e-03
1.547252e+01 1.715310e+00 -3.689542e-03
1.547252e+01 1.852193e+00 -3.124255e-03
1.547252e+01 2.000000e+00 -2.513857e-03
1.580197e+01 1.000000e-03 -9.049837e-01
1.580197e+01 1.079801e-03 -9.709561e-01
1.580197e+01 1.165970e-03 -1.041165e+00
1.580197e+01 1.259016e-03 -1.115765e+00
1.580197e+01 1.359487e-03 -1.194890e+00
1.580197e+01 1.467975e-03 -1.278660e+00
1.580197e+01 1.585121e-03 -1.367167e+00
1.580197e+01 1.711615e-03 -1.460477e+00
1.580197e+01 1.848204e-03 -1.558626e+00
1.580197e+01 1.995693e-03 -1.661613e+00
1.580197e+01 2.154951e-03 -1.769402e+00
1.580197e+01 2.326918e-03 -1.881908e+00
1.580197e+01 2.512609e-03 -1.998988e+00
1.580197e+01 2.713117e-03 -2.120429e+00
1.580197e+01 2.929627e-03 -2.245952e+00
1.580197e+01 3.163414e-03 -2.375171e+00
1.580197e+01 3.415858e-03 -2.507582e+00
1.580197e+01 3.688447e-03 -2.642585e+00
1.580197e+01 3.982789e-03 -2.779450e+00
1.580197e+01 4.300619e-03 -2.917307e+00
1.580197e+01 4.643813e-03 -3.055170e+00
1.580197e+01 5.014394e-03 -3.191872e+00
1.580197e+01 5.414548e-03 -3.326062e+00
1.580197e+01 5.846635e-03 -3.456262e+00
1.580197e+01 6.313202e-03 -3.580770e+00
1.580197e+01 6.817002e-03 -3.697678e+00
1.580197e+01 7.361006e-03 -3.804979e+00
1.580197e+01 7.948422e-03 -3.900422e+00
1.580197e+01 8.582714e-03 -3.981566e+00
1.580197e+01 9.267624e-03 -4.045984e+00
1.580197e+01 1.000719e-02 -4.091102e+00
1.580197e+01 1.080577e-02 -4.114318e+00
1.580197e+01 1.166809e-02 -4.113302e+00
1.580197e+01 1.259921e-02 -4.085974e+00
1.580197e+01 1.360464e-02 -4.030657e+00
1.580197e+01 1.469030e-02 -3.946358e+00
1.580197e+01 1.586261e-02 -3.833284e+00
1.580197e+01 1.712846e-02 -3.692776e+00
1.580197e+01 1.849533e-02 -3.527049e+00
1.580197e+01 1.997127e-02 -3.340883e+00
1.580197e+01 2.156500e-02 -3.140676e+00
1.580197e+01 2.328591e-02 -2.932600e+00
1.580197e+01 2.514415e-02 -2.725140e+00
1.580197e+01 2.715068e-02 -2.527354e+00
1.580197e+01 2.931733e-02 -2.346039e+00
1.580197e+01 3.165689e-02 -2.186180e+00
1.580197e+01 3.418314e-02 -2.050774e+00
1.580197e+01 3.691099e-02 -1.937729e+00
1.580197e+01 3.985652e-02 -1.840198e+00
1.580197e+01 4.303711e-02 -1.746694e+00
1.580197e+01 4.647152e-02 -1.643275e+00
1.580197e+01 5.017999e-02 -1.518086e+00
1.580197e+01 5.418441e-02 -1.399773e+00
1.580197e+01 5.850838e-02 -1.323188e+00
1.580197e+01 6.317741e-02 -1.240491e+00
1.580197e+01 6.821903e-02 -1.151196e+00
1.580197e+01 7.366298e-02 -1.055695e+00
1.580197e+01 7.954136e-02 -9.619719e-01
1.580197e+01 8.588885e-02 -8.607701e-01
1.580197e+01 9.274286e-02 -7.514922e-01
1.580197e+01 1.001438e-01 -6.334938e-01
1.580197e+01 1.081354e-01 -5.637524e-01
1.580197e+01 1.167647e-01 -5.159615e-01
1.580197e+01 1.260827e-01 -4.643569e-01
1.580197e+01 1.361442e-01 -4.086341e-01
1.580197e+01 1.470087e-01 -3.545971e-01
1.580197e+01 1.587401e-01 -3.223712e-01
1.580197e+01 1.714077e-01 -2.875736e-01
1.580197e+01 1.850862e-01 -2.499991e-01
1.580197e+01 1.998563e-01 -2.094262e-01
1.580197e+01 2.158051e-01 -1.864005e-01
1.580197e+01 2.330265e-01 -1.656891e-01
1.580197e+01 2.516223e-01 -1.433249e-01
1.580197e+01 2.717020e-01 -1.191760e-01
1.580197e+01 2.933841e-01 -1.005929e-01
1.580197e+01 3.167964e-01 -9.004990e-02
1.580197e+01 3.420771e-01 -7.866558e-02
1.580197e+01 3.693752e-01 -6.637277e-02
1.580197e+01 3.988518e-01 -5.369428e-02
1.580197e+01 4.306805e-01 -4.835405e-02
1.580197e+01 4.650493e-01 -4.258767e-02
1.580197e+01 5.021607e-01 -3.636112e-02
1.580197e+01 5.422336e-01 -2.963769e-02
1.580197e+01 5.855044e-01 -2.560243e-02
1.580197e+01 6.322283e-01 -2.274789e-02
1.580197e+01 6.826808e-01 -1.966555e-02
1.580197e+01 7.371594e-01 -1.633724e-02
1.580197e+01 7.959855e-01 -1.346454e-02
1.580197e+01 8.595059e-01 -1.205965e-02
1.580197e+01 9.280954e-01 -1.054265e-02
1.580197e+01 1.002158e+00 -8.904597e-03
1.580197e+01 1.082132e+00 -7.135824e-03
1.580197e+01 1.168487e+00 -6.355410e-03
1.580197e+01 1.261733e+00 -5.608918e-03
1.580197e+01 1.362421e+00 -4.802856e-03
1.580197e+01 1.471144e+00 -3.932470e-03
1.580197e+01 1.588542e+00 -3.304103e-03
1.580197e+01 1.715310e+00 -2.898303e-03
1.580197e+01 1.852193e+00 -2.460120e-03
1.580197e+01 2.000000e+00 -1.986969e-03
1.613801e+01 1.000000e-03 -6.683937e-01
1.613801e+01 1.079801e-03 -7.171340e-01
1.613801e+01 1.165970e-03 -7.690065e-01
1.613801e+01 1.259016e-03 -8.241257e-01
1.613801e+01 1.359487e-03 -8.825915e-01
1.613801e+01 1.467975e-03 -9.444909e-01
1.613801e+01 1.585121e-03 -1.009893e+00
1.613801e+01 1.711615e-03 -1.078846e+00
1.613801e+01 1.848204e-03 -1.151375e+00
1.613801e+01 1.995693e-03 -1.227480e+00
1.613801e+01 2.154951e-03 -1.307131e+00
1.613801e+01 2.326918e-03 -1.390267e+00
1.613801e+01 2.512609e-03 -1.476781e+00
1.613801e+01 2.713117e-03 -1.566515e+00
1.613801e+01 2.929627e-03 -1.659264e+00
1.613801e+01 3.163414e-03 -1.754743e+00
1.613801e+01 3.415858e-03 -1.852581e+00
1.613801e+01 3.688447e-03 -1.952334e+00
1.613801e+01 3.982789e-03 -2.053462e+00
1.613801e+01 4.300619e-03 -2.155323e+00
1.613801e+01 4.643813e-03 -2.257188e+00
1.613801e+01 5.014394e-03 -2.358194e+00
1.613801e+01 5.414548e-03 -2.457343e+00
1.613801e+01 5.846635e-03 -2.553544e+00
1.613801e+01 6.313202e-03 -2.645540e+00
1.613801e+01 6.817002e-03 -2.731920e+00
1.613801e+01 7.361006e-03 -2.811202e+00
1.613801e+01 7.948422e-03 -2.881722e+00
1.613801e+01 8.582714e-03 -2.941678e+00
1.613801e+01 9.267624e-03 -2.989275e+00
1.613801e+01 1.000719e-02 -3.022613e+00
1.613801e+01 1.080577e-02 -3.039768e+00
1.613801e+01 1.166809e-02 -3.039020e+00
1.613801e+01 1.259921e-02 -3.018832e+00
1.613801e+01 1.360464e-02 -2.977964e+00
1.613801e+01 1.469030e-02 -2.915684e+00
1.613801e+01 1.586261e-02 -2.832144e+00
1.613801e+01 1.712846e-02 -2.728333e+00
1.613801e+01 1.849533e-02 -2.605890e+00
1.613801e+01 1.997127e-02 -2.468347e+00
1.613801e+01 2.156500e-02 -2.320428e+00
1.613801e+01 2.328591e-02 -2.166696e+00
1.613801e+01 2.514415e-02 -2.013419e+00
1.613801e+01 2.715068e-02 -1.867288e+00
1.613801e+01 2.931733e-02 -1.733327e+00
1.613801e+01 3.165689e-02 -1.615219e+00
1.613801e+01 3.418314e-02 -1.515177e+00
1.613801e+01 3.691099e-02 -1.431655e+00
1.613801e+01 3.985652e-02 -1.359596e+00
1.613801e+01 4.303711e-02 -1.290513e+00
1.613801e+01 4.647152e-02 -1.214104e+00
1.613801e+01 5.017999e-02 -1.121610e+00
1.613801e+01 5.418441e-02 -1.034254e+00
1.613801e+01 5.850838e-02 -9.778307e-01
1.613801e+01 6.317741e-02 -9.169051e-01
1.613801e+01 6.821903e-02 -8.511175e-01
1.613801e+01 7.366298e-02 -7.808219e-01
1.613801e+01 7.954136e-02 -7.124921e-01
1.613801e+01 8.588885e-02 -6.387095e-01
1.613801e+01 9.274286e-02 -5.590389e-01
1.613801e+01 1.001438e-01 -4.730106e-01
1.613801e+01 1.081354e-01 -4.215464e-01
1.613801e+01 1.167647e-01 -3.857413e-01
1.613801e+01 1.260827e-01 -3.470789e-01
1.613801e+01 1.361442e-01 -3.053312e-01
1.613801e+01 1.470087e-01 -2.648788e-01
1.613801e+01 1.587401e-01 -2.409080e-01
1.613801e+01 1.714077e-01 -2.150243e-01
1.613801e+01 1.850862e-01 -1.870751e-01
1.613801e+01 1.998563e-01 -1.568954e-01
1.613801e+01 2.158051e-01 -1.396628e-01
1.613801e+01 2.330265e-01 -1.241222e-01
1.613801e+01 2.516223e-01 -1.073414e-01
1.613801e+01 2.717020e-01 -8.922149e-02
1.613801e+01 2.933841e-01 -7.532114e-02
1.613801e+01 3.167964e-01 -6.751206e-02
1.613801e+01 3.420771e-01 -5.907982e-02
1.613801e+01 3.693752e-01 -4.997467e-02
1.613801e+01 3.988518e-01 -4.057904e-02
1.613801e+01 4.306805e-01 -3.655082e-02
1.613801e+01 4.650493e-01 -3.220114e-02
1.613801e+01 5.021607e-01 -2.750435e-02
1.613801e+01 5.422336e-01 -2.243276e-02
1.613801e+01 5.855044e-01 -1.939914e-02
1.613801e+01 6.322283e-01 -1.726174e-02
1.613801e+01 6.826808e-01 -1.495378e-02
1.613801e+01 7.371594e-01 -1.246164e-02
1.613801e+01 7.959855e-01 -1.030487e-02
1.613801e+01 8.595059e-01 -9.233071e-03
1.613801e+01 9.280954e-01 -8.075744e-03
1.613801e+01 1.002158e+00 -6.826061e-03
1.613801e+01 1.082132e+00 -5.476653e-03
1.613801e+01 1.168487e+00 -4.880759e-03
1.613801e+01 1.261733e+00 -4.310661e-03
1.613801e+01 1.362421e+00 -3.695069e-03
1.613801e+01 1.471144e+00 -3.030352e-03
1.613801e+01 1.588542e+00 -2.549565e-03
1.613801e+01 1.715310e+00 -2.237891e-03
1.613801e+01 1.852193e+00 -1.901346e-03
1.613801e+01 2.000000e+00 -1.537944e-03
1.648077e+01 1.000000e-03 -5.090540e-01
1.648077e+01 1.079801e-03 -5.461865e-01
1.648077e+01 1.165970e-03 -5.857072e-01
1.648077e+01 1.259016e-03 -6.277034e-01
1.648077e+01 1.359487e-03 -6.722514e-01
1.648077e+01 1.467975e-03 -7.194175e-01
1.648077e+01 1.585121e-03 -7.692544e-01
1.648077e+01 1.711615e-03 -8.217981e-01
1.648077e+01 1.848204e-03 -8.770674e-01
1.648077e+01 1.995693e-03 -9.350617e-01
1.648077e+01 2.154951e-03 -9.957581e-01
1.648077e+01 2.326918e-03 -1.059108e+00
1.648077e+01 2.512609e-03 -1.125030e+00
1.648077e+01 2.713117e-03 -1.193405e+00
1.648077e+01 2.929627e-03 -1.264077e+00
1.648077e+01 3.163414e-03 -1.336827e+00
1.648077e+01 3.415858e-03 -1.411375e+00
1.648077e+01 3.688447e-03 -1.487382e+00
1.648077e+01 3.982789e-03 -1.564436e+00
1.648077e+01 4.300619e-03 -1.642049e+00
1.648077e+01 4.643813e-03 -1.719664e+00
1.648077e+01 5.014394e-03 -1.796624e+00
1.648077e+01 5.414548e-03 -1.872169e+00
1.648077e+01 5.846635e-03 -1.945467e+00
1.648077e+01 6.313202e-03 -2.015562e+00
1.648077e+01 6.817002e-03 -2.081377e+00
1.648077e+01 7.361006e-03 -2.141784e+00
1.648077e+01 7.948422e-03 -2.195516e+00
1.648077e+01 8.582714e-03 -2.241198e+00
1.648077e+01 9.267624e-03 -2.277464e+00
1.648077e+01 1.000719e-02 -2.302866e+00
1.648077e+01 1.080577e-02 -2.315939e+00
1.648077e+01 1.166809e-02 -2.315371e+00
1.648077e+01 1.259921e-02 -2.299992e+00
1.648077e+01 1.360464e-02 -2.268857e+00
1.648077e+01 1.469030e-02 -2.221409e+00
1.648077e+01 1.586261e-02 -2.157762e+00
1.648077e+01 1.712846e-02 -2.078672e+00
1.648077e+01 1.849533e-02 -1.985386e+00
1.648077e+01 1.997127e-02 -1.880595e+00
1.648077e+01 2.156500e-02 -1.767898e+00
1.648077e+01 2.328591e-02 -1.650772e+00
1.648077e+01 2.514415e-02 -1.533993e+00
1.648077e+01 2.715068e-02 -1.422659e+00
1.648077e+01 2.931733e-02 -1.320596e+00
1.648077e+01 3.165689e-02 -1.230611e+00
1.648077e+01 3.418314e-02 -1.154391e+00
1.648077e+01 3.691099e-02 -1.090757e+00
1.648077e+01 3.985652e-02 -1.035856e+00
1.648077e+01 4.303711e-02 -9.832225e-01
1.648077e+01 4.647152e-02 -9.250076e-01
1.648077e+01 5.017999e-02 -8.545380e-01
1.648077e+01 5.418441e-02 -7.859859e-01
1.648077e+01 5.850838e-02 -7.374382e-01
1.648077e+01 6.317741e-02 -6.850164e-01
1.648077e+01 6.821903e-02 -6.284112e-01
1.648077e+01 7.366298e-02 -5.687021e-01
1.648077e+01 7.954136e-02 -5.186582e-01
1.648077e+01 8.588885e-02 -4.646208e-01
1.648077e+01 9.274286e-02 -4.062712e-01
1.648077e+01 1.001438e-01 -3.432652e-01
1.648077e+01 1.081354e-01 -3.058334e-01
1.648077e+01 1.167647e-01 -2.800147e-01
1.648077e+01 1.260827e-01 -2.521356e-01
1.648077e+01 1.361442e-01 -2.220318e-01
1.648077e+01 1.470087e-01 -1.928378e-01
1.648077e+01 1.587401e-01 -1.754234e-01
1.648077e+01 1.714077e-01 -1.566193e-01
1.648077e+01 1.850862e-01 -1.363146e-01
1.648077e+01 1.998563e-01 -1.143895e-01
1.648077e+01 2.158051e-01 -1.018985e-01
1.648077e+01 2.330265e-01 -9.064444e-02
1.648077e+01 2.516223e-01 -7.849234e-02
1.648077e+01 2.717020e-01 -6.537050e-02
1.648077e+01 2.933841e-01 -5.527384e-02
1.648077e+01 3.167964e-01 -4.954712e-02
1.648077e+01 3.420771e-01 -4.336339e-02
1.648077e+01 3.693752e-01 -3.668620e-02
1.648077e+01 3.988518e-01 -2.979743e-02
1.648077e+01 4.306805e-01 -2.686520e-02
1.648077e+01 4.650493e-01 -2.369898e-02
1.648077e+01 5.021607e-01 -2.028009e-02
1.648077e+01 5.422336e-01 -1.658837e-02
1.648077e+01 5.855044e-01 -1.437649e-02
1.648077e+01 6.322283e-01 -1.281500e-02
1.648077e+01 6.826808e-01 -1.112890e-02
1.648077e+01 7.371594e-01 -9.308251e-03
1.648077e+01 7.959855e-01 -7.727090e-03
1.648077e+01 8.595059e-01 -6.925164e-03
1.648077e+01 9.280954e-01 -6.059244e-03
1.648077e+01 1.002158e+00 -5.124223e-03
1.648077e+01 1.082132e+00 -4.114586e-03
1.648077e+01 1.168487e+00 -3.672200e-03
1.648077e+01 1.261733e+00 -3.249686e-03
1.648077e+01 1.362421e+00 -2.793455e-03
1.648077e+01 1.471144e+00 -2.300817e-03
1.648077e+01 1.588542e+00 -1.941371e-03
1.648077e+01 1.715310e+00 -1.704276e-03
1.648077e+01 1.852193e+00 -1.448261e-03
1.648077e+01 2.000000e+00 -1.171816e-03
1.683038e+01 1.000000e-03 -3.760586e-01
1.683038e+01 1.079801e-03 -4.034985e-01
1.683038e+01 1.165970e-03 -4.327045e-01
1.683038e+01 1.259016e-03 -4.637416e-01
1.683038e+01 1.359487e-03 -4.966660e-01
1.683038e+01 1.467975e-03 -5.315268e-01
1.683038e+01 1.585121e-03 -5.683628e-01
1.683038e+01 1.711615e-03 -6.072006e-01
1.683038e+01 1.848204e-03 -6.480536e-01
1.683038e+01 1.995693e-03 -6.909208e-01
1.683038e+01 2.154951e-03 -7.357849e-01
1.683038e+01 2.326918e-03 -7.826096e-01
1.683038e+01 2.512609e-03 -8.313341e-01
1.683038e+01 2.713117e-03 -8.818703e-01
1.683038e+01 2.929627e-03 -9.341029e-01
1.683038e+01 3.163414e-03 -9.878719e-01
1.683038e+01 3.415858e-03 -1.042968e+00
1.683038e+01 3.688447e-03 -1.099144e+00
1.683038e+01 3.982789e-03 -1.156093e+00
1.683038e+01 4.300619e-03 -1.213455e+00
1.683038e+01 4.643813e-03 -1.270819e+00
1.683038e+01 5.014394e-03 -1.327697e+00
1.683038e+01 5.414548e-03 -1.383529e+00
1.683038e+01 5.846635e-03 -1.437701e+00
1.683038e+01 6.313202e-03 -1.489505e+00
1.683038e+01 6.817002e-03 -1.538147e+00
1.683038e+01 7.361006e-03 -1.582792e+00
1.683038e+01 7.948422e-03 -1.622503e+00
1.683038e+01 8.582714e-03 -1.656265e+00
1.683038e+01 9.267624e-03 -1.683068e+00
1.683038e+01 1.000719e-02 -1.701843e+00
1.683038e+01 1.080577e-02 -1.711506e+00
1.683038e+01 1.166809e-02 -1.711087e+00
1.683038e+01 1.259921e-02 -1.699723e+00
1.683038e+01 1.360464e-02 -1.676715e+00
1.683038e+01 1.469030e-02 -1.641652e+00
1.683038e+01 1.586261e-02 -1.594617e+00
1.683038e+01 1.712846e-02 -1.536169e+00
1.683038e+01 1.849533e-02 -1.467230e+00
1.683038e+01 1.997127e-02 -1.389789e+00
1.683038e+01 2.156500e-02 -1.306505e+00
1.683038e+01 2.328591e-02 -1.219947e+00
1.683038e+01 2.514415e-02 -1.133646e+00
1.683038e+01 2.715068e-02 -1.051368e+00
1.683038e+01 2.931733e-02 -9.759425e-01
1.683038e+01 3.165689e-02 -9.094420e-01
1.683038e+01 3.418314e-02 -8.531138e-01
1.683038e+01 3.691099e-02 -8.060873e-01
1.683038e+01 3.985652e-02 -7.655147e-01
1.683038e+01 4.303711e-02 -7.266177e-01
1.683038e+01 4.647152e-02 -6.835959e-01
1.683038e+01 5.017999e-02 -6.315177e-01
1.683038e+01 5.418441e-02 -5.801900e-01
1.683038e+01 5.850838e-02 -5.424563e-01
1.683038e+01 6.317741e-02 -5.017113e-01
1.683038e+01 6.821903e-02 -4.577149e-01
1.683038e+01 7.366298e-02 -4.115117e-01
1.683038e+01 7.954136e-02 -3.749390e-01
1.683038e+01 8.588885e-02 -3.354477e-01
1.683038e+01 9.274286e-02 -2.928049e-01
1.683038e+01 1.001438e-01 -2.467592e-01
1.683038e+01 1.081354e-01 -2.198691e-01
1.683038e+01 1.167647e-01 -2.017253e-01
1.683038e+01 1.260827e-01 -1.821336e-01
1.683038e+01 1.361442e-01 -1.609784e-01
1.683038e+01 1.470087e-01 -1.403661e-01
1.683038e+01 1.587401e-01 -1.276129e-01
1.683038e+01 1.714077e-01 -1.138420e-01
1.683038e+01 1.850862e-01 -9.897214e-02
1.683038e+01 1.998563e-01 -8.291564e-02
1.683038e+01 2.158051e-01 -7.379256e-02
1.683038e+01 2.330265e-01 -6.558230e-02
1.683038e+01 2.516223e-01 -5.671685e-02
1.683038e+01 2.717020e-01 -4.714393e-02
1.683038e+01 2.933841e-01 -3.980367e-02
1.683038e+01 3.167964e-01 -3.568614e-02
1.683038e+01 3.420771e-01 -3.124003e-02
1.683038e+01 3.693752e-01 -2.643911e-02
1.683038e+01 3.988518e-01 -2.148681e-02
1.683038e+01 4.306805e-01 -1.938983e-02
1.683038e+01 4.650493e-01 -1.712551e-02
1.683038e+01 5.021607e-01 -1.468049e-02
1.683038e+01 5.422336e-01 -1.204036e-02
1.683038e+01 5.855044e-01 -1.046102e-02
1.683038e+01 6.322283e-01 -9.348165e-03
1.683038e+01 6.826808e-01 -8.146507e-03
1.683038e+01 7.371594e-01 -6.848954e-03
1.683038e+01 7.959855e-01 -5.715740e-03
1.683038e+01 8.595059e-01 -5.122443e-03
1.683038e+01 9.280954e-01 -4.481801e-03
1.683038e+01 1.002158e+00 -3.790034e-03
1.683038e+01 1.082132e+00 -3.043064e-03
1.683038e+01 1.168487e+00 -2.717124e-03
1.683038e+01 1.261733e+00 -2.406109e-03
1.683038e+01 1.362421e+00 -2.070274e-03
1.683038e+01 1.471144e+00 -1.707640e-03
1.683038e+01 1.588542e+00 -1.442659e-03
1.683038e+01 1.715310e+00 -1.267367e-03
1.683038e+01 1.852193e+00 -1.078087e-03
1.683038e+01 2.000000e+00 -8.737017e-04
1.718699e+01 1.000000e-03 -2.664296e-01
1.718699e+01 1.079801e-03 -2.858762e-01
1.718699e+01 1.165970e-03 -3.065757e-01
1.718699e+01 1.259016e-03 -3.285738e-01
1.718699e+01 1.359487e-03 -3.519108e-01
1.718699e+01 1.467975e-03 -3.766214e-01
1.718699e+01 1.585121e-03 -4.027331e-01
1.718699e+01 1.711615e-03 -4.302645e-01
1.718699e+01 1.848204e-03 -4.592249e-01
1.718699e+01 1.995693e-03 -4.896133e-01
1.718699e+01 2.154951e-03 -5.214170e-01
1.718699e+01 2.326918e-03 -5.546098e-01
1.718699e+01 2.512609e-03 -5.891484e-01
1.718699e+01 2.713117e-03 -6.249705e-01
1.718699e+01 2.929627e-03 -6.619945e-01
1.718699e+01 3.163414e-03 -7.001069e-01
1.718699e+01 3.415858e-03 -7.391601e-01
1.718699e+01 3.688447e-03 -7.789780e-01
1.718699e+01 3.982789e-03 -8.193449e-01
1.718699e+01 4.300619e-03 -8.600040e-01
1.718699e+01 4.643813e-03 -9.006636e-01
1.718699e+01 5.014394e-03 -9.409791e-01
1.718699e+01 5.414548e-03 -9.805526e-01
1.718699e+01 5.846635e-03 -1.018949e+00
1.718699e+01 6.313202e-03 -1.055668e+00
1.718699e+01 6.817002e-03 -1.090145e+00
1.718699e+01 7.361006e-03 -1.121789e+00
1.718699e+01 7.948422e-03 -1.149936e+00
1.718699e+01 8.582714e-03 -1.173867e+00
1.718699e+01 9.267624e-03 -1.192865e+00
1.718699e+01 1.000719e-02 -1.206173e+00
1.718699e+01 1.080577e-02 -1.213023e+00
1.718699e+01 1.166809e-02 -1.212728e+00
1.718699e+01 1.259921e-02 -1.204674e+00
1.718699e+01 1.360464e-02 -1.188368e+00
1.718699e+01 1.469030e-02 -1.163518e+00
1.718699e+01 1.586261e-02 -1.130183e+00
1.718699e+01 1.712846e-02 -1.088759e+00
1.718699e+01 1.849533e-02 -1.039899e+00
1.718699e+01 1.997127e-02 -9.850127e-01
1.718699e+01 2.156500e-02 -9.259855e-01
1.718699e+01 2.328591e-02 -8.646382e-01
1.718699e+01 2.514415e-02 -8.034723e-01
1.718699e+01 2.715068e-02 -7.451581e-01
1.718699e+01 2.931733e-02 -6.917002e-01
1.718699e+01 3.165689e-02 -6.445680e-01
1.718699e+01 3.418314e-02 -6.046453e-01
1.718699e+01 3.691099e-02 -5.713152e-01
1.718699e+01 3.985652e-02 -5.425594e-01
1.718699e+01 4.303711e-02 -5.149911e-01
1.718699e+01 4.647152e-02 -4.844993e-01
1.718699e+01 5.017999e-02 -4.475889e-01
1.718699e+01 5.418441e-02 -4.112626e-01
1.718699e+01 5.850838e-02 -3.846642e-01
1.718699e+01 6.317741e-02 -3.559432e-01
1.718699e+01 6.821903e-02 -3.249302e-01
1.718699e+01 7.366298e-02 -2.922785e-01
1.718699e+01 7.954136e-02 -2.655591e-01
1.718699e+01 8.588885e-02 -2.367075e-01
1.718699e+01 9.274286e-02 -2.055534e-01
1.718699e+01 1.001438e-01 -1.719133e-01
1.718699e+01 1.081354e-01 -1.529170e-01
1.718699e+01 1.167647e-01 -1.406722e-01
1.718699e+01 1.260827e-01 -1.274503e-01
1.718699e+01 1.361442e-01 -1.131732e-01
1.718699e+01 1.470087e-01 -9.918848e-02
1.718699e+01 1.587401e-01 -9.018644e-02
1.718699e+01 1.714077e-01 -8.046601e-02
1.718699e+01 1.850862e-01 -6.996989e-02
1.718699e+01 1.998563e-01 -5.863617e-02
1.718699e+01 2.158051e-01 -5.222778e-02
1.718699e+01 2.330265e-01 -4.647246e-02
1.718699e+01 2.516223e-01 -4.025785e-02
1.718699e+01 2.717020e-01 -3.354732e-02
1.718699e+01 2.933841e-01 -2.838459e-02
1.718699e+01 3.167964e-01 -2.545763e-02
1.718699e+01 3.420771e-01 -2.229709e-02
1.718699e+01 3.693752e-01 -1.888433e-02
1.718699e+01 3.988518e-01 -1.536352e-02
1.718699e+01 4.306805e-01 -1.386605e-02
1.718699e+01 4.650493e-01 -1.224907e-02
1.718699e+01 5.021607e-01 -1.050306e-02
1.718699e+01 5.422336e-01 -8.617714e-03
1.718699e+01 5.855044e-01 -7.496369e-03
1.718699e+01 6.322283e-01 -6.711683e-03
1.718699e+01 6.826808e-01 -5.864378e-03
1.718699e+01 7.371594e-01 -4.949457e-03
1.718699e+01 7.959855e-01 -4.147038e-03
1.718699e+01 8.595059e-01 -3.717112e-03
1.718699e+01 9.280954e-01 -3.252878e-03
1.718699e+01 1.002158e+00 -2.751598e-03
1.718699e+01 1.082132e+00 -2.210315e-03
1.718699e+01 1.168487e+00 -1.975020e-03
1.718699e+01 1.261733e+00 -1.750689e-03
1.718699e+01 1.362421e+00 -1.508456e-03
1.718699e+01 1.471144e+00 -1.246892e-03
1.718699e+01 1.588542e+00 -1.055203e-03
1.718699e+01 1.715310e+00 -9.276702e-04
1.718699e+01 1.852193e+00 -7.899603e-04
1.718699e+01 2.000000e+00 -6.412609e-04
1.755073e+01 1.000000e-03 -1.955874e-01
1.755073e+01 1.079801e-03 -2.098679e-01
1.755073e+01 1.165970e-03 -2.250690e-01
1.755073e+01 1.259016e-03 -2.412248e-01
1.755073e+01 1.359487e-03 -2.583646e-01
1.755073e+01 1.467975e-03 -2.765141e-01
1.755073e+01 1.585121e-03 -2.956934e-01
1.755073e+01 1.711615e-03 -3.159160e-01
1.755073e+01 1.848204e-03 -3.371887e-01
1.755073e+01 1.995693e-03 -3.595105e-01
1.755073e+01 2.154951e-03 -3.828717e-01
1.755073e+01 2.326918e-03 -4.072528e-01
1.755073e+01 2.512609e-03 -4.326218e-01
1.755073e+01 2.713117e-03 -4.589328e-01
1.755073e+01 2.929627e-03 -4.861261e-01
1.755073e+01 3.163414e-03 -5.141184e-01
1.755073e+01 3.415858e-03 -5.428015e-01
1.755073e+01 3.688447e-03 -5.720464e-01
1.755073e+01 3.982789e-03 -6.016945e-01
1.755073e+01 4.300619e-03 -6.315571e-01
1.755073e+01 4.643813e-03 -6.614199e-01
1.755073e+01 5.014394e-03 -6.910295e-01
1.755073e+01 5.414548e-03 -7.200940e-01
1.755073e+01 5.846635e-03 -7.482943e-01
1.755073e+01 6.313202e-03 -7.752620e-01
1.755073e+01 6.817002e-03 -8.005835e-01
1.755073e+01 7.361006e-03 -8.238243e-01
1.755073e+01 7.948422e-03 -8.444967e-01
1.755073e+01 8.582714e-03 -8.620725e-01
1.755073e+01 9.267624e-03 -8.760261e-01
1.755073e+01 1.000719e-02 -8.858004e-01
1.755073e+01 1.080577e-02 -8.908318e-01
1.755073e+01 1.166809e-02 -8.906160e-01
1.755073e+01 1.259921e-02 -8.847024e-01
1.755073e+01 1.360464e-02 -8.727283e-01
1.755073e+01 1.469030e-02 -8.544788e-01
1.755073e+01 1.586261e-02 -8.299986e-01
1.755073e+01 1.712846e-02 -7.995776e-01
1.755073e+01 1.849533e-02 -7.636957e-01
1.755073e+01 1.997127e-02 -7.233877e-01
1.755073e+01 2.156500e-02 -6.800388e-01
1.755073e+01 2.328591e-02 -6.349859e-01
1.755073e+01 2.514415e-02 -5.900661e-01
1.755073e+01 2.715068e-02 -5.472406e-01
1.755073e+01 2.931733e-02 -5.079814e-01
1.755073e+01 3.165689e-02 -4.733678e-01
1.755073e+01 3.418314e-02 -4.440488e-01
1.755073e+01 3.691099e-02 -4.195713e-01
1.755073e+01 3.985652e-02 -3.984531e-01
1.755073e+01 4.303711e-02 -3.782071e-01
1.755073e+01 4.647152e-02 -3.558141e-01
1.755073e+01 5.017999e-02 -3.287073e-01
1.755073e+01 5.418441e-02 -3.015478e-01
1.755073e+01 5.850838e-02 -2.806731e-01
1.755073e+01 6.317741e-02 -2.581326e-01
1.755073e+01 6.821903e-02 -2.337933e-01
1.755073e+01 7.366298e-02 -2.082939e-01
1.755073e+01 7.954136e-02 -1.887463e-01
1.755073e+01 8.588885e-02 -1.676387e-01
1.755073e+01 9.274286e-02 -1.448467e-01
1.755073e+01 1.001438e-01 -1.202359e-01
1.755073e+01 1.081354e-01 -1.067985e-01
1.755073e+01 1.167647e-01 -9.855651e-02
1.755073e+01 1.260827e-01 -8.965684e-02
1.755073e+01 1.361442e-01 -8.004696e-02
1.755073e+01 1.470087e-01 -7.059404e-02
1.755073e+01 1.587401e-01 -6.432209e-02
1.755073e+01 1.714077e-01 -5.754964e-02
1.755073e+01 1.850862e-01 -5.023673e-02
1.755073e+01 1.998563e-01 -4.234025e-02
1.755073e+01 2.158051e-01 -3.765839e-02
1.755073e+01 2.330265e-01 -3.337089e-02
1.755073e+01 2.516223e-01 -2.874124e-02
1.755073e+01 2.717020e-01 -2.374214e-02
1.755073e+01 2.933841e-01 -1.996437e-02
1.755073e+01 3.167964e-01 -1.794439e-02
1.755073e+01 3.420771e-01 -1.576321e-02
1.755073e+01 3.693752e-01 -1.340797e-02
1.755073e+01 3.988518e-01 -1.097603e-02
1.755073e+01 4.306805e-01 -9.910560e-03
1.755073e+01 4.650493e-01 -8.760062e-03
1.755073e+01 5.021607e-01 -7.517754e-03
1.755073e+01 5.422336e-01 -6.176308e-03
1.755073e+01 5.855044e-01 -5.378891e-03
1.755073e+01 6.322283e-01 -4.821247e-03
1.755073e+01 6.826808e-01 -4.219102e-03
1.755073e+01 7.371594e-01 -3.568906e-03
1.755073e+01 7.959855e-01 -2.997397e-03
1.755073e+01 8.595059e-01 -2.687531e-03
1.755073e+01 9.280954e-01 -2.352937e-03
1.755073e+01 1.002158e+00 -1.991642e-03
1.755073e+01 1.082132e+00 -1.601516e-03
1.755073e+01 1.168487e+00 -1.430745e-03
1.755073e+01 1.261733e+00 -1.267680e-03
1.755073e+01 1.362421e+00 -1.091602e-03
1.755073e+01 1.471144e+00 -9.014733e-04
1.755073e+01 1.588542e+00 -7.628544e-04
1.755073e+01 1.715310e+00 -6.715565e-04
1.755073e+01 1.852193e+00 -5.729731e-04
1.755073e+01 2.000000e+00 -4.665226e-04
1.792175e+01 1.000000e-03 -1.323621e-01
1.792175e+01 1.079801e-03 -1.420294e-01
1.792175e+01 1.165970e-03 -1.523204e-01
1.792175e+01 1.259016e-03 -1.632583e-01
1.792175e+01 1.359487e-03 -1.748630e-01
1.792175e+01 1.467975e-03 -1.871519e-01
1.792175e+01 1.585121e-03 -2.001386e-01
1.792175e+01 1.711615e-03 -2.138322e-01
1.792175e+01 1.848204e-03 -2.282371e-01
1.792175e+01 1.995693e-03 -2.433526e-01
1.792175e+01 2.154951e-03 -2.591718e-01
1.792175e+01 2.326918e-03 -2.756813e-01
1.792175e+01 2.512609e-03 -2.928593e-01
1.792175e+01 2.713117e-03 -3.106748e-01
1.792175e+01 2.929627e-03 -3.290873e-01
1.792175e+01 3.163414e-03 -3.480404e-01
1.792175e+01 3.415858e-03 -3.674612e-01
1.792175e+01 3.688447e-03 -3.872623e-01
1.792175e+01 3.982789e-03 -4.073366e-01
1.792175e+01 4.300619e-03 -4.275560e-01
1.792175e+01 4.643813e-03 -4.477753e-01
1.792175e+01 5.014394e-03 -4.678230e-01
1.792175e+01 5.414548e-03 -4.875014e-01
1.792175e+01 5.846635e-03 -5.065948e-01
1.792175e+01 6.313202e-03 -5.248536e-01
1.792175e+01 6.817002e-03 -5.419979e-01
1.792175e+01 7.361006e-03 -5.577334e-01
1.792175e+01 7.948422e-03 -5.717299e-01
1.792175e+01 8.582714e-03 -5.836299e-01
1.792175e+01 9.267624e-03 -5.930775e-01
1.792175e+01 1.000719e-02 -5.996956e-01
1.792175e+01 1.080577e-02 -6.031027e-01
1.792175e+01 1.166809e-02 -6.029572e-01
1.792175e+01 1.259921e-02 -5.989543e-01
1.792175e+01 1.360464e-02 -5.908482e-01
1.792175e+01 1.469030e-02 -5.784935e-01
1.792175e+01 1.586261e-02 -5.619204e-01
1.792175e+01 1.712846e-02 -5.413253e-01
1.792175e+01 1.849533e-02 -5.170330e-01
1.792175e+01 1.997127e-02 -4.897442e-01
1.792175e+01 2.156500e-02 -4.603965e-01
1.792175e+01 2.328591e-02 -4.298952e-01
1.792175e+01 2.514415e-02 -3.994839e-01
1.792175e+01 2.715068e-02 -3.704904e-01
1.792175e+01 2.931733e-02 -3.439114e-01
1.792175e+01 3.165689e-02 -3.204775e-01
1.792175e+01 3.418314e-02 -3.006281e-01
1.792175e+01 3.691099e-02 -2.840564e-01
1.792175e+01 3.985652e-02 -2.697591e-01
1.792175e+01 4.303711e-02 -2.560522e-01
1.792175e+01 4.647152e-02 -2.408918e-01
1.792175e+01 5.017999e-02 -2.225401e-01
1.792175e+01 5.418441e-02 -2.041855e-01
1.792175e+01 5.850838e-02 -1.901442e-01
1.792175e+01 6.317741e-02 -1.749825e-01
1.792175e+01 6.821903e-02 -1.586108e-01
1.792175e+01 7.366298e-02 -1.414354e-01
1.792175e+01 7.954136e-02 -1.280225e-01
1.792175e+01 8.588885e-02 -1.135393e-01
1.792175e+01 9.274286e-02 -9.790030e-02
1.792175e+01 1.001438e-01 -8.101330e-02
1.792175e+01 1.081354e-01 -7.210275e-02
1.792175e+01 1.167647e-01 -6.692963e-02
1.792175e+01 1.260827e-01 -6.134369e-02
1.792175e+01 1.361442e-01 -5.531199e-02
1.792175e+01 1.470087e-01 -4.929657e-02
1.792175e+01 1.587401e-01 -4.492085e-02
1.792175e+01 1.714077e-01 -4.019594e-02
1.792175e+01 1.850862e-01 -3.509399e-02
1.792175e+01 1.998563e-01 -2.958488e-02
1.792175e+01 2.158051e-01 -2.629261e-02
1.792175e+01 2.330265e-01 -2.326823e-02
1.792175e+01 2.516223e-01 -2.000249e-02
1.792175e+01 2.717020e-01 -1.647615e-02
1.792175e+01 2.933841e-01 -1.382810e-02
1.792175e+01 3.167964e-01 -1.244263e-02
1.792175e+01 3.420771e-01 -1.094660e-02
1.792175e+01 3.693752e-01 -9.331191e-03
1.792175e+01 3.988518e-01 -7.662495e-03
1.792175e+01 4.306805e-01 -6.921444e-03
1.792175e+01 4.650493e-01 -6.121256e-03
1.792175e+01 5.021607e-01 -5.257212e-03
1.792175e+01 5.422336e-01 -4.324216e-03
1.792175e+01 5.855044e-01 -3.768916e-03
1.792175e+01 6.322283e-01 -3.380007e-03
1.792175e+01 6.826808e-01 -2.960063e-03
1.792175e+01 7.371594e-01 -2.506607e-03
1.792175e+01 7.959855e-01 -2.107459e-03
1.792175e+01 8.595059e-01 -1.889400e-03
1.792175e+01 9.280954e-01 -1.653938e-03
1.792175e+01 1.002158e+00 -1.399687e-03
1.792175e+01 1.082132e+00 -1.125146e-03
1.792175e+01 1.168487e+00 -1.005477e-03
1.792175e+01 1.261733e+00 -8.913147e-04
1.792175e+01 1.362421e+00 -7.680421e-04
1.792175e+01 1.471144e+00 -6.349322e-04
1.792175e+01 1.588542e+00 -5.379954e-04
1.792175e+01 1.715310e+00 -4.742942e-04
1.792175e+01 1.852193e+00 -4.055095e-04
1.792175e+01 2.000000e+00 -3.312357e-04
1.830018e+01 1.000000e-03 -8.729380e-02
1.830018e+01 1.079801e-03 -9.367147e-02
1.830018e+01 1.165970e-03 -1.004610e-01
1.830018e+01 1.259016e-03 -1.076777e-01
1.830018e+01 1.359487e-03 -1.153348e-01
1.830018e+01 1.467975e-03 -1.234437e-01
1.830018e+01 1.585121e-03 -1.320134e-01
1.830018e+01 1.711615e-03 -1.410499e-01
1.830018e+01 1.848204e-03 -1.505559e-01
1.830018e+01 1.995693e-03 -1.605310e-01
1.830018e+01 2.154951e-03 -1.709705e-01
1.830018e+01 2.326918e-03 -1.818653e-01
1.830018e+01 2.512609e-03 -1.932010e-01
1.830018e+01 2.713117e-03 -2.049571e-01
1.830018e+01 2.929627e-03 -2.171068e-01
1.830018e+01 3.163414e-03 -2.296131e-01
1.830018e+01 3.415858e-03 -2.424278e-01
1.830018e+01 3.688447e-03 -2.554935e-01
1.830018e+01 3.982789e-03 -2.687395e-01
1.830018e+01 4.300619e-03 -2.820813e-01
1.830018e+01 4.643813e-03 -2.954228e-01
1.830018e+01 5.014394e-03 -3.086509e-01
1.830018e+01 5.414548e-03 -3.216353e-01
1.830018e+01 5.846635e-03 -3.342336e-01
1.830018e+01 6.313202e-03 -3.462814e-01
1.830018e+01 6.817002e-03 -3.575937e-01
1.830018e+01 7.361006e-03 -3.679764e-01
1.830018e+01 7.948422e-03 -3.772118e-01
1.830018e+01 8.582714e-03 -3.850638e-01
1.830018e+01 9.267624e-03 -3.912977e-01
1.830018e+01 1.000719e-02 -3.956647e-01
1.830018e+01 1.080577e-02 -3.979131e-01
1.830018e+01 1.166809e-02 -3.978176e-01
1.830018e+01 1.259921e-02 -3.951770e-01
1.830018e+01 1.360464e-02 -3.898291e-01
1.830018e+01 1.469030e-02 -3.816781e-01
1.830018e+01 1.586261e-02 -3.707438e-01
1.830018e+01 1.712846e-02 -3.571557e-01
1.830018e+01 1.849533e-02 -3.411283e-01
1.830018e+01 1.997127e-02 -3.231239e-01
1.830018e+01 2.156500e-02 -3.037610e-01
1.830018e+01 2.328591e-02 -2.836369e-01
1.830018e+01 2.514415e-02 -2.635722e-01
1.830018e+01 2.715068e-02 -2.444429e-01
1.830018e+01 2.931733e-02 -2.269066e-01
1.830018e+01 3.165689e-02 -2.114453e-01
1.830018e+01 3.418314e-02 -1.983490e-01
1.830018e+01 3.691099e-02 -1.874154e-01
1.830018e+01 3.985652e-02 -1.779822e-01
1.830018e+01 4.303711e-02 -1.689387e-01
1.830018e+01 4.647152e-02 -1.589361e-01
1.830018e+01 5.017999e-02 -1.468280e-01
1.830018e+01 5.418441e-02 -1.346196e-01
1.830018e+01 5.850838e-02 -1.250815e-01
1.830018e+01 6.317741e-02 -1.147822e-01
1.830018e+01 6.821903e-02 -1.036611e-01
1.830018e+01 7.366298e-02 -9.204387e-02
1.830018e+01 7.954136e-02 -8.349601e-02
1.830018e+01 8.588885e-02 -7.426602e-02
1.830018e+01 9.274286e-02 -6.429947e-02
1.830018e+01 1.001438e-01 -5.353758e-02
1.830018e+01 1.081354e-01 -4.786022e-02
1.830018e+01 1.167647e-01 -4.456537e-02
1.830018e+01 1.260827e-01 -4.100759e-02
1.830018e+01 1.361442e-01 -3.716589e-02
1.830018e+01 1.470087e-01 -3.331678e-02
1.830018e+01 1.587401e-01 -3.043483e-02
1.830018e+01 1.714077e-01 -2.732289e-02
1.830018e+01 1.850862e-01 -2.396262e-02
1.830018e+01 1.998563e-01 -2.033420e-02
1.830018e+01 2.158051e-01 -1.805973e-02
1.830018e+01 2.330265e-01 -1.593204e-02
1.830018e+01 2.516223e-01 -1.363455e-02
1.830018e+01 2.717020e-01 -1.115373e-02
1.830018e+01 2.933841e-01 -9.313434e-03
1.830018e+01 3.167964e-01 -8.391968e-03
1.830018e+01 3.420771e-01 -7.396969e-03
1.830018e+01 3.693752e-01 -6.322568e-03
1.830018e+01 3.988518e-01 -5.212684e-03
1.830018e+01 4.306805e-01 -4.719143e-03
1.830018e+01 4.650493e-01 -4.186217e-03
1.830018e+01 5.021607e-01 -3.610764e-03
1.830018e+01 5.422336e-01 -2.989388e-03
1.830018e+01 5.855044e-01 -2.612874e-03
1.830018e+01 6.322283e-01 -2.343528e-03
1.830018e+01 6.826808e-01 -2.052687e-03
1.830018e+01 7.371594e-01 -1.738638e-03
1.830018e+01 7.959855e-01 -1.461727e-03
1.830018e+01 8.595059e-01 -1.309080e-03
1.830018e+01 9.280954e-01 -1.144251e-03
1.830018e+01 1.002158e+00 -9.662689e-04
1.830018e+01 1.082132e+00 -7.740837e-04
1.830018e+01 1.168487e+00 -6.915717e-04
1.830018e+01 1.261733e+00 -6.131222e-04
1.830018e+01 1.362421e+00 -5.284123e-04
1.830018e+01 1.471144e+00 -4.369426e-04
1.830018e+01 1.588542e+00 -3.703894e-04
1.830018e+01 1.715310e+00 -3.267316e-04
1.830018e+01 1.852193e+00 -2.795898e-04
1.830018e+01 2.000000e+00 -2.286862e-04
1.868618e+01 1.000000e-03 -5.733850e-02
1.868618e+01 1.079801e-03 -6.152899e-02
1.868618e+01 1.165970e-03 -6.599037e-02
1.868618e+01 1.259016e-03 -7.073266e-02
1.868618e+01 1.359487e-03 -7.576459e-02
1.868618e+01 1.467975e-03 -8.109372e-02
1.868618e+01 1.585121e-03 -8.672594e-02
1.868618e+01 1.711615e-03 -9.266515e-02
1.868618e+01 1.848204e-03 -9.891317e-02
1.868618e+01 1.995693e-03 -1.054695e-01
1.868618e+01 2.154951e-03 -1.123311e-01
1.868618e+01 2.326918e-03 -1.194918e-01
1.868618e+01 2.512609e-03 -1.269421e-01
1.868618e+01 2.713117e-03 -1.346686e-01
1.868618e+01 2.929627e-03 -1.426535e-01
1.868618e+01 3.163414e-03 -1.508726e-01
1.868618e+01 3.415858e-03 -1.592943e-01
1.868618e+01 3.688447e-03 -1.678810e-01
1.868618e+01 3.982789e-03 -1.765862e-01
1.868618e+01 4.300619e-03 -1.853543e-01
1.868618e+01 4.643813e-03 -1.941222e-01
1.868618e+01 5.014394e-03 -2.028155e-01
1.868618e+01 5.414548e-03 -2.113485e-01
1.868618e+01 5.846635e-03 -2.196278e-01
1.868618e+01 6.313202e-03 -2.275452e-01
1.868618e+01 6.817002e-03 -2.349795e-01
1.868618e+01 7.361006e-03 -2.418027e-01
1.868618e+01 7.948422e-03 -2.478720e-01
1.868618e+01 8.582714e-03 -2.530321e-01
1.868618e+01 9.267624e-03 -2.571290e-01
1.868618e+01 1.000719e-02 -2.599990e-01
1.868618e+01 1.080577e-02 -2.614768e-01
1.868618e+01 1.166809e-02 -2.614144e-01
1.868618e+01 1.259921e-02 -2.596794e-01
1.868618e+01 1.360464e-02 -2.561655e-01
1.868618e+01 1.469030e-02 -2.508095e-01
1.868618e+01 1.586261e-02 -2.436244e-01
1.868618e+01 1.712846e-02 -2.346956e-01
1.868618e+01 1.849533e-02 -2.241637e-01
1.868618e+01 1.997127e-02 -2.123327e-01
1.868618e+01 2.156500e-02 -1.996089e-01
1.868618e+01 2.328591e-02 -1.863850e-01
1.868618e+01 2.514415e-02 -1.732000e-01
1.868618e+01 2.715068e-02 -1.606297e-01
1.868618e+01 2.931733e-02 -1.491062e-01
1.868618e+01 3.165689e-02 -1.389462e-01
1.868618e+01 3.418314e-02 -1.303403e-01
1.868618e+01 3.691099e-02 -1.231555e-01
1.868618e+01 3.985652e-02 -1.169567e-01
1.868618e+01 4.303711e-02 -1.110140e-01
1.868618e+01 4.647152e-02 -1.044410e-01
1.868618e+01 5.017999e-02 -9.648446e-02
1.868618e+01 5.418441e-02 -8.831857e-02
1.868618e+01 5.850838e-02 -8.165144e-02
1.868618e+01 6.317741e-02 -7.445228e-02
1.868618e+01 6.821903e-02 -6.667860e-02
1.868618e+01 7.366298e-02 -5.861292e-02
1.868618e+01 7.954136e-02 -5.325624e-02
1.868618e+01 8.588885e-02 -4.747209e-02
1.868618e+01 9.274286e-02 -4.122636e-02
1.868618e+01 1.001438e-01 -3.448221e-02
1.868618e+01 1.081354e-01 -3.095908e-02
1.868618e+01 1.167647e-01 -2.894832e-02
1.868618e+01 1.260827e-01 -2.677709e-02
1.868618e+01 1.361442e-01 -2.443260e-02
1.868618e+01 1.470087e-01 -2.205746e-02
1.868618e+01 1.587401e-01 -2.015915e-02
1.868618e+01 1.714077e-01 -1.810936e-02
1.868618e+01 1.850862e-01 -1.589599e-02
1.868618e+01 1.998563e-01 -1.350600e-02
1.868618e+01 2.158051e-01 -1.200739e-02
1.868618e+01 2.330265e-01 -1.060533e-02
1.868618e+01 2.516223e-01 -9.091392e-03
1.868618e+01 2.717020e-01 -7.456636e-03
1.868618e+01 2.933841e-01 -6.234762e-03
1.868618e+01 3.167964e-01 -5.605927e-03
1.868618e+01 3.420771e-01 -4.926910e-03
1.868618e+01 3.693752e-01 -4.193706e-03
1.868618e+01 3.988518e-01 -3.437568e-03
1.868618e+01 4.306805e-01 -3.120091e-03
1.868618e+01 4.650493e-01 -2.777280e-03
1.868618e+01 5.021607e-01 -2.407112e-03
1.868618e+01 5.422336e-01 -2.007404e-03
1.868618e+01 5.855044e-01 -1.761196e-03
1.868618e+01 6.322283e-01 -1.581737e-03
1.868618e+01 6.826808e-01 -1.387958e-03
1.868618e+01 7.371594e-01 -1.178715e-03
1.868618e+01 7.959855e-01 -9.936295e-04
1.868618e+01 8.595059e-01 -8.899114e-04
1.868618e+01 9.280954e-01 -7.779164e-04
1.868618e+01 1.002158e+00 -6.569841e-04
1.868618e+01 1.082132e+00 -5.264013e-04
1.868618e+01 1.168487e+00 -4.705973e-04
1.868618e+01 1.261733e+00 -4.175965e-04
1.868618e+01 1.362421e+00 -3.603662e-04
1.868618e+01 1.471144e+00 -2.985688e-04
1.868618e+01 1.588542e+00 -2.536033e-04
1.868618e+01 1.715310e+00 -2.241039e-04
1.868618e+01 1.852193e+00 -1.922506e-04
1.868618e+01 2.000000e+00 -1.578552e-04
1.907991e+01 1.000000e-03 -3.448393e-02
1.907991e+01 1.079801e-03 -3.700496e-02
1.907991e+01 1.165970e-03 -3.968910e-02
1.907991e+01 1.259016e-03 -4.254240e-02
1.907991e+01 1.359487e-03 -4.557013e-02
1.907991e+01 1.467975e-03 -4.877685e-02
1.907991e+01 1.585121e-03 -5.216612e-02
1.907991e+01 1.711615e-03 -5.574025e-02
1.907991e+01 1.848204e-03 -5.950032e-02
1.907991e+01 1.995693e-03 -6.344600e-02
1.907991e+01 2.154951e-03 -6.757538e-02
1.907991e+01 2.326918e-03 -7.188472e-02
1.907991e+01 2.512609e-03 -7.636823e-02
1.907991e+01 2.713117e-03 -8.101777e-02
1.907991e+01 2.929627e-03 -8.582273e-02
1.907991e+01 3.163414e-03 -9.076852e-02
1.907991e+01 3.415858e-03 -9.583617e-02
1.907991e+01 3.688447e-03 -1.010031e-01
1.907991e+01 3.982789e-03 -1.062414e-01
1.907991e+01 4.300619e-03 -1.115175e-01
1.907991e+01 4.643813e-03 -1.167934e-01
1.907991e+01 5.014394e-03 -1.220244e-01
1.907991e+01 5.414548e-03 -1.271589e-01
1.907991e+01 5.846635e-03 -1.321407e-01
1.907991e+01 6.313202e-03 -1.369048e-01
1.907991e+01 6.817002e-03 -1.413781e-01
1.907991e+01 7.361006e-03 -1.454838e-01
1.907991e+01 7.948422e-03 -1.491358e-01
1.907991e+01 8.582714e-03 -1.522408e-01
1.907991e+01 9.267624e-03 -1.547060e-01
1.907991e+01 1.000719e-02 -1.564330e-01
1.907991e+01 1.080577e-02 -1.573224e-01
1.907991e+01 1.166809e-02 -1.572850e-01
1.907991e+01 1.259921e-02 -1.562413e-01
1.907991e+01 1.360464e-02 -1.541272e-01
1.907991e+01 1.469030e-02 -1.509048e-01
1.907991e+01 1.586261e-02 -1.465819e-01
1.907991e+01 1.712846e-02 -1.412098e-01
1.907991e+01 1.849533e-02 -1.348731e-01
1.907991e+01 1.997127e-02 -1.277548e-01
1.907991e+01 2.156500e-02 -1.200993e-01
1.907991e+01 2.328591e-02 -1.121429e-01
1.907991e+01 2.514415e-02 -1.042099e-01
1.907991e+01 2.715068e-02 -9.664666e-02
1.907991e+01 2.931733e-02 -8.971327e-02
1.907991e+01 3.165689e-02 -8.360028e-02
1.907991e+01 3.418314e-02 -7.842235e-02
1.907991e+01 3.691099e-02 -7.409944e-02
1.907991e+01 3.985652e-02 -7.036981e-02
1.907991e+01 4.303711e-02 -6.679420e-02
1.907991e+01 4.647152e-02 -6.283944e-02
1.907991e+01 5.017999e-02 -5.805219e-02
1.907991e+01 5.418441e-02 -5.324844e-02
1.907991e+01 5.850838e-02 -4.954179e-02
1.907991e+01 6.317741e-02 -4.553934e-02
1.907991e+01 6.821903e-02 -4.121748e-02
1.907991e+01 7.366298e-02 -3.671489e-02
1.907991e+01 7.954136e-02 -3.352911e-02
1.907991e+01 8.588885e-02 -3.008911e-02
1.907991e+01 9.274286e-02 -2.637459e-02
1.907991e+01 1.001438e-01 -2.236364e-02
1.907991e+01 1.081354e-01 -2.016898e-02
1.907991e+01 1.167647e-01 -1.881845e-02
1.907991e+01 1.260827e-01 -1.736014e-02
1.907991e+01 1.361442e-01 -1.578545e-02
1.907991e+01 1.470087e-01 -1.420000e-02
1.907991e+01 1.587401e-01 -1.297744e-02
1.907991e+01 1.714077e-01 -1.165732e-02
1.907991e+01 1.850862e-01 -1.023185e-02
1.907991e+01 1.998563e-01 -8.692630e-03
1.907991e+01 2.158051e-01 -7.726144e-03
1.907991e+01 2.330265e-01 -6.821467e-03
1.907991e+01 2.516223e-01 -5.844596e-03
1.907991e+01 2.717020e-01 -4.789770e-03
1.907991e+01 2.933841e-01 -4.007956e-03
1.907991e+01 3.167964e-01 -3.617717e-03
1.907991e+01 3.420771e-01 -3.196336e-03
1.907991e+01 3.693752e-01 -2.741328e-03
1.907991e+01 3.988518e-01 -2.271129e-03
1.907991e+01 4.306805e-01 -2.059633e-03
1.907991e+01 4.650493e-01 -1.831260e-03
1.907991e+01 5.021607e-01 -1.584663e-03
1.907991e+01 5.422336e-01 -1.318386e-03
1.907991e+01 5.855044e-01 -1.156253e-03
1.907991e+01 6.322283e-01 -1.039614e-03
1.907991e+01 6.826808e-01 -9.136673e-04
1.907991e+01 7.371594e-01 -7.776700e-04
1.907991e+01 7.959855e-01 -6.569970e-04
1.907991e+01 8.595059e-01 -5.882905e-04
1.907991e+01 9.280954e-01 -5.141013e-04
1.907991e+01 1.002158e+00 -4.339916e-04
1.907991e+01 1.082132e+00 -3.474891e-04
1.907991e+01 1.168487e+00 -3.107043e-04
1.907991e+01 1.261733e+00 -2.758066e-04
1.907991e+01 1.362421e+00 -2.381239e-04
1.907991e+01 1.471144e+00 -1.974341e-04
1.907991e+01 1.588542e+00 -1.678237e-04
1.907991e+01 1.715310e+00 -1.483938e-04
1.907991e+01 1.852193e+00 -1.274133e-04
1.907991e+01 2.000000e+00 -1.047585e-04
1.948151e+01 1.000000e-03 -2.261821e-02
1.948151e+01 1.079801e-03 -2.427230e-02
1.948151e+01 1.165970e-03 -2.603352e-02
1.948151e+01 1.259016e-03 -2.790584e-02
1.948151e+01 1.359487e-03 -2.989272e-02
1.948151e+01 1.467975e-03 -3.199718e-02
1.948151e+01 1.585121e-03 -3.422155e-02
1.948151e+01 1.711615e-03 -3.656733e-02
1.948151e+01 1.848204e-03 -3.903523e-02
1.948151e+01 1.995693e-03 -4.162499e-02
1.948151e+01 2.154951e-03 -4.433533e-02
1.948151e+01 2.326918e-03 -4.716375e-02
1.948151e+01 2.512609e-03 -5.010641e-02
1.948151e+01 2.713117e-03 -5.315797e-02
1.948151e+01 2.929627e-03 -5.631144e-02
1.948151e+01 3.163414e-03 -5.955726e-02
1.948151e+01 3.415858e-03 -6.288301e-02
1.948151e+01 3.688447e-03 -6.627393e-02
1.948151e+01 3.982789e-03 -6.971169e-02
1.948151e+01 4.300619e-03 -7.317427e-02
1.948151e+01 4.643813e-03 -7.663668e-02
1.948151e+01 5.014394e-03 -8.006953e-02
1.948151e+01 5.414548e-03 -8.343906e-02
1.948151e+01 5.846635e-03 -8.670839e-02
1.948151e+01 6.313202e-03 -8.983487e-02
1.948151e+01 6.817002e-03 -9.277052e-02
1.948151e+01 7.361006e-03 -9.546491e-02
1.948151e+01 7.948422e-03 -9.786155e-02
1.948151e+01 8.582714e-03 -9.989923e-02
1.948151e+01 9.267624e-03 -1.015171e-01
1.948151e+01 1.000719e-02 -1.026505e-01
1.948151e+01 1.080577e-02 -1.032342e-01
1.948151e+01 1.166809e-02 -1.032098e-01
1.948151e+01 1.259921e-02 -1.025250e-01
1.948151e+01 1.360464e-02 -1.011377e-01
1.948151e+01 1.469030e-02 -9.902329e-02
1.948151e+01 1.586261e-02 -9.618675e-02
1.948151e+01 1.712846e-02 -9.266171e-02
1.948151e+01 1.849533e-02 -8.850372e-02
1.948151e+01 1.997127e-02 -8.383271e-02
1.948151e+01 2.156500e-02 -7.880922e-02
1.948151e+01 2.328591e-02 -7.358821e-02
1.948151e+01 2.514415e-02 -6.838259e-02
1.948151e+01 2.715068e-02 -6.341964e-02
1.948151e+01 2.931733e-02 -5.886995e-02
1.948151e+01 3.165689e-02 -5.485861e-02
1.948151e+01 3.418314e-02 -5.146085e-02
1.948151e+01 3.691099e-02 -4.862415e-02
1.948151e+01 3.985652e-02 -4.617676e-02
1.948151e+01 4.303711e-02 -4.383044e-02
1.948151e+01 4.647152e-02 -4.123532e-02
1.948151e+01 5.017999e-02 -3.809392e-02
1.948151e+01 5.418441e-02 -3.486454e-02
1.948151e+01 5.850838e-02 -3.221738e-02
1.948151e+01 6.317741e-02 -2.935896e-02
1.948151e+01 6.821903e-02 -2.627245e-02
1.948151e+01 7.366298e-02 -2.308842e-02
1.948151e+01 7.954136e-02 -2.116974e-02
1.948151e+01 8.588885e-02 -1.909793e-02
1.948151e+01 9.274286e-02 -1.686080e-02
1.948151e+01 1.001438e-01 -1.444514e-02
1.948151e+01 1.081354e-01 -1.310261e-02
1.948151e+01 1.167647e-01 -1.225692e-02
1.948151e+01 1.260827e-01 -1.134373e-02
1.948151e+01 1.361442e-01 -1.035767e-02
1.948151e+01 1.470087e-01 -9.351586e-03
1.948151e+01 1.587401e-01 -8.515077e-03
1.948151e+01 1.714077e-01 -7.611813e-03
1.948151e+01 1.850862e-01 -6.636468e-03
1.948151e+01 1.998563e-01 -5.583290e-03
1.948151e+01 2.158051e-01 -4.958501e-03
1.948151e+01 2.330265e-01 -4.386208e-03
1.948151e+01 2.516223e-01 -3.768246e-03
1.948151e+01 2.717020e-01 -3.100971e-03
1.948151e+01 2.933841e-01 -2.605101e-03
1.948151e+01 3.167964e-01 -2.355184e-03
1.948151e+01 3.420771e-01 -2.085322e-03
1.948151e+01 3.693752e-01 -1.793926e-03
1.948151e+01 3.988518e-01 -1.492580e-03
1.948151e+01 4.306805e-01 -1.353811e-03
1.948151e+01 4.650493e-01 -1.203968e-03
1.948151e+01 5.021607e-01 -1.042168e-03
1.948151e+01 5.422336e-01 -8.674555e-04
1.948151e+01 5.855044e-01 -7.607731e-04
1.948151e+01 6.322283e-01 -6.837769e-04
1.948151e+01 6.826808e-01 -6.006364e-04
1.948151e+01 7.371594e-01 -5.108613e-04
1.948151e+01 7.959855e-01 -4.313251e-04
1.948151e+01 8.595059e-01 -3.863928e-04
1.948151e+01 9.280954e-01 -3.378749e-04
1.948151e+01 1.002158e+00 -2.854852e-04
1.948151e+01 1.082132e+00 -2.289147e-04
1.948151e+01 1.168487e+00 -2.044434e-04
1.948151e+01 1.261733e+00 -1.811377e-04
1.948151e+01 1.362421e+00 -1.559722e-04
1.948151e+01 1.471144e+00 -1.287984e-04
1.948151e+01 1.588542e+00 -1.092532e-04
1.948151e+01 1.715310e+00 -9.672622e-05
1.948151e+01 1.852193e+00 -8.319952e-05
1.948151e+01 2.000000e+00 -6.859338e-05
1.989114e+01 1.000000e-03 -1.247778e-02
1.989114e+01 1.079801e-03 -1.339060e-02
1.989114e+01 1.165970e-03 -1.436258e-02
1.989114e+01 1.259016e-03 -1.539594e-02
1.989114e+01 1.359487e-03 -1.649260e-02
1.989114e+01 1.467975e-03 -1.765421e-02
1.989114e+01 1.585121e-03 -1.888207e-02
1.989114e+01 1.711615e-03 -2.017700e-02
1.989114e+01 1.848204e-03 -2.153939e-02
1.989114e+01 1.995693e-03 -2.296908e-02
1.989114e+01 2.154951e-03 -2.446535e-02
1.989114e+01 2.326918e-03 -2.602678e-02
1.989114e+01 2.512609e-03 -2.765124e-02
1.989114e+01 2.713117e-03 -2.933578e-02
1.989114e+01 2.929627e-03 -3.107652e-02
1.989114e+01 3.163414e-03 -3.286819e-02
1.989114e+01 3.415858e-03 -3.470396e-02
1.989114e+01 3.688447e-03 -3.657570e-02
1.989114e+01 3.982789e-03 -3.847331e-02
1.989114e+01 4.300619e-03 -4.038461e-02
1.989114e+01 4.643813e-03 -4.229580e-02
1.989114e+01 5.014394e-03 -4.419065e-02
1.989114e+01 5.414548e-03 -4.605054e-02
1.989114e+01 5.846635e-03 -4.785512e-02
1.989114e+01 6.313202e-03 -4.958084e-02
1.989114e+01 6.817002e-03 -5.120124e-02
1.989114e+01 7.361006e-03 -5.268847e-02
1.989114e+01 7.948422e-03 -5.401135e-02
1.989114e+01 8.582714e-03 -5.513610e-02
1.989114e+01 9.267624e-03 -5.602912e-02
1.989114e+01 1.000719e-02 -5.665479e-02
1.989114e+01 1.080577e-02 -5.697704e-02
1.989114e+01 1.166809e-02 -5.696358e-02
1.989114e+01 1.259921e-02 -5.658561e-02
1.989114e+01 1.360464e-02 -5.581999e-02
1.989114e+01 1.469030e-02 -5.465305e-02
1.989114e+01 1.586261e-02 -5.308759e-02
1.989114e+01 1.712846e-02 -5.114213e-02
1.989114e+01 1.849533e-02 -4.884730e-02
1.989114e+01 1.997127e-02 -4.626930e-02
1.989114e+01 2.156500e-02 -4.349673e-02
1.989114e+01 2.328591e-02 -4.061514e-02
1.989114e+01 2.514415e-02 -3.774204e-02
1.989114e+01 2.715068e-02 -3.500288e-02
1.989114e+01 2.931733e-02 -3.249180e-02
1.989114e+01 3.165689e-02 -3.027784e-02
1.989114e+01 3.418314e-02 -2.840253e-02
1.989114e+01 3.691099e-02 -2.683689e-02
1.989114e+01 3.985652e-02 -2.548611e-02
1.989114e+01 4.303711e-02 -2.419112e-02
1.989114e+01 4.647152e-02 -2.275881e-02
1.989114e+01 5.017999e-02 -2.102499e-02
1.989114e+01 5.418441e-02 -1.934311e-02
1.989114e+01 5.850838e-02 -1.816187e-02
1.989114e+01 6.317741e-02 -1.688637e-02
1.989114e+01 6.821903e-02 -1.550908e-02
1.989114e+01 7.366298e-02 -1.406133e-02
1.989114e+01 7.954136e-02 -1.290072e-02
1.989114e+01 8.588885e-02 -1.164750e-02
1.989114e+01 9.274286e-02 -1.029427e-02
1.989114e+01 1.001438e-01 -8.833045e-03
1.989114e+01 1.081354e-01 -7.974849e-03
1.989114e+01 1.167647e-01 -7.391505e-03
1.989114e+01 1.260827e-01 -6.761609e-03
1.989114e+01 1.361442e-01 -6.081447e-03
1.989114e+01 1.470087e-01 -5.407840e-03
1.989114e+01 1.587401e-01 -4.939611e-03
1.989114e+01 1.714077e-01 -4.434016e-03
1.989114e+01 1.850862e-01 -3.888075e-03
1.989114e+01 1.998563e-01 -3.298566e-03
1.989114e+01 2.158051e-01 -2.935769e-03
1.989114e+01 2.330265e-01 -2.598701e-03
1.989114e+01 2.516223e-01 -2.234734e-03
1.989114e+01 2.717020e-01 -1.841723e-03
1.989114e+01 2.933841e-01 -1.549980e-03
1.989114e+01 3.167964e-01 -1.403520e-03
1.989114e+01 3.420771e-01 -1.245374e-03
1.989114e+01 3.693752e-01 -1.074607e-03
1.989114e+01 3.988518e-01 -8.979867e-04
1.989114e+01 4.306805e-01 -8.163245e-04
1.989114e+01 4.650493e-01 -7.281456e-04
1.989114e+01 5.021607e-01 -6.329300e-04
1.989114e+01 5.422336e-01 -5.301160e-04
1.989114e+01 5.855044e-01 -4.661841e-04
1.989114e+01 6.322283e-01 -4.190932e-04
1.989114e+01 6.826808e-01 -3.682444e-04
1.989114e+01 7.371594e-01 -3.133378e-04
1.989114e+01 7.959855e-01 -2.649308e-04
1.989114e+01 8.595059e-01 -2.382652e-04
1.989114e+01 9.280954e-01 -2.094716e-04
1.989114e+01 1.002158e+00 -1.783802e-04
1.989114e+01 1.082132e+00 -1.448077e-04
1.989114e+01 1.168487e+00 -1.295469e-04
1.989114e+01 1.261733e+00 -1.148559e-04
1.989114e+01 1.362421e+00 -9.899265e-05
1.989114e+01 1.471144e+00 -8.186347e-05
1.989114e+01 1.588542e+00 -6.954259e-05
1.989114e+01 1.715310e+00 -6.164514e-05
1.989114e+01 1.852193e+00 -5.311747e-05
1.989114e+01 2.000000e+00 -4.390929e-05
2.030896e+01 1.000000e-03 4.981821e-04
2.030896e+01 1.079801e-03 5.346388e-04
2.030896e+01 1.165970e-03 5.734608e-04
2.030896e+01 1.259016e-03 6.147367e-04
2.030896e+01 1.359487e-03 6.585432e-04
2.030896e+01 1.467975e-03 7.049473e-04
2.030896e+01 1.585121e-03 7.540003e-04
2.030896e+01 1.711615e-03 8.057354e-04
2.030896e+01 1.848204e-03 8.601672e-04
2.030896e+01 1.995693e-03 9.172892e-04
2.030896e+01 2.154951e-03 9.770714e-04
2.030896e+01 2.326918e-03 1.039457e-03
2.030896e+01 2.512609e-03 1.104359e-03
2.030896e+01 2.713117e-03 1.171660e-03
2.030896e+01 2.929627e-03 1.241204e-03
2.030896e+01 3.163414e-03 1.312780e-03
2.030896e+01 3.415858e-03 1.386118e-03
2.030896e+01 3.688447e-03 1.460892e-03
2.030896e+01 3.982789e-03 1.536700e-03
2.030896e+01 4.300619e-03 1.613055e-03
2.030896e+01 4.643813e-03 1.689405e-03
2.030896e+01 5.014394e-03 1.765101e-03
2.030896e+01 5.414548e-03 1.839400e-03
2.030896e+01 5.846635e-03 1.911489e-03
2.030896e+01 6.313202e-03 1.980428e-03
2.030896e+01 6.817002e-03 2.045160e-03
2.030896e+01 7.361006e-03 2.104572e-03
2.030896e+01 7.948422e-03 2.157418e-03
2.030896e+01 8.582714e-03 2.202350e-03
2.030896e+01 9.267624e-03 2.238026e-03
2.030896e+01 1.000719e-02 2.263022e-03
2.030896e+01 1.080577e-02 2.275897e-03
2.030896e+01 1.166809e-02 2.275360e-03
2.030896e+01 1.259921e-02 2.260262e-03
2.030896e+01 1.360464e-02 2.229680e-03
2.030896e+01 1.469030e-02 2.183070e-03
2.030896e+01 1.586261e-02 2.120543e-03
2.030896e+01 1.712846e-02 2.042838e-03
2.030896e+01 1.849533e-02 1.951176e-03
2.030896e+01 1.997127e-02 1.848200e-03
2.030896e+01 2.156500e-02 1.737452e-03
2.030896e+01 2.328591e-02 1.622349e-03
2.030896e+01 2.514415e-02 1.507585e-03
2.030896e+01 2.715068e-02 1.398171e-03
2.030896e+01 2.931733e-02 1.297868e-03
2.030896e+01 3.165689e-02 1.209433e-03
2.030896e+01 3.418314e-02 1.134525e-03
2.030896e+01 3.691099e-02 1.071986e-03
2.030896e+01 3.985652e-02 1.018030e-03
2.030896e+01 4.303711e-02 9.663019e-04
2.030896e+01 4.647152e-02 9.090890e-04
2.030896e+01 5.017999e-02 8.398327e-04
2.030896e+01 5.418441e-02 7.763115e-04
2.030896e+01 5.850838e-02 7.393211e-04
2.030896e+01 6.317741e-02 6.993788e-04
2.030896e+01 6.821903e-02 6.562491e-04
2.030896e+01 7.366298e-02 6.091385e-04
2.030896e+01 7.954136e-02 5.527644e-04
2.030896e+01 8.588885e-02 4.918916e-04
2.030896e+01 9.274286e-02 4.261610e-04
2.030896e+01 1.001438e-01 3.551851e-04
2.030896e+01 1.081354e-01 3.143339e-04
2.030896e+01 1.167647e-01 2.872976e-04
2.030896e+01 1.260827e-01 2.581037e-04
2.030896e+01 1.361442e-01 2.265801e-04
2.030896e+01 1.470087e-01 1.958596e-04
2.030896e+01 1.587401e-01 1.768243e-04
2.030896e+01 1.714077e-01 1.562700e-04
2.030896e+01 1.850862e-01 1.340755e-04
2.030896e+01 1.998563e-01 1.101097e-04
2.030896e+01 2.158051e-01 9.765155e-05
2.030896e+01 2.330265e-01 8.687974e-05
2.030896e+01 2.516223e-01 7.524833e-05
2.030896e+01 2.717020e-01 6.268872e-05
2.030896e+01 2.933841e-01 5.293478e-05
2.030896e+01 3.167964e-01 4.724209e-05
2.030896e+01 3.420771e-01 4.109513e-05
2.030896e+01 3.693752e-01 3.445763e-05
2.030896e+01 3.988518e-01 2.761444e-05
2.030896e+01 4.306805e-01 2.476966e-05
2.030896e+01 4.650493e-01 2.169786e-05
2.030896e+01 5.021607e-01 1.838094e-05
2.030896e+01 5.422336e-01 1.479931e-05
2.030896e+01 5.855044e-01 1.262048e-05
2.030896e+01 6.322283e-01 1.105467e-05
2.030896e+01 6.826808e-01 9.363907e-06
2.030896e+01 7.371594e-01 7.538220e-06
2.030896e+01 7.959855e-01 5.960589e-06
2.030896e+01 8.595059e-01 5.183574e-06
2.030896e+01 9.280954e-01 4.344553e-06
2.030896e+01 1.002158e+00 3.438577e-06
2.030896e+01 1.082132e+00 2.460304e-06
2.030896e+01 1.168487e+00 2.074927e-06
2.030896e+01 1.261733e+00 1.715944e-06
2.030896e+01 1.362421e+00 1.328313e-06
2.030896e+01 1.471144e+00 9.097484e-07
2.030896e+01 1.588542e+00 6.457297e-07
2.030896e+01 1.715310e+00 5.251974e-07
2.030896e+01 1.852193e+00 3.950465e-07
2.030896e+01 2.000000e+00 2.545094e-07
2.073514e+01 1.000000e-03 4.721260e-04
2.073514e+01 1.079801e-03 5.066874e-04
2.073514e+01 1.165970e-03 5.434934e-04
2.073514e+01 1.259016e-03 5.826280e-04
2.073514e+01 1.359487e-03 6.241645e-04
2.073514e+01 1.467975e-03 6.681665e-04
2.073514e+01 1.585121e-03 7.146829e-04
2.073514e+01 1.711615e-03 7.637450e-04
2.073514e+01 1.848204e-03 8.153663e-04
2.073514e+01 1.995693e-03 8.695403e-04
2.073514e+01 2.154951e-03 9.262376e-04
2.073514e+01 2.326918e-03 9.854034e-04
2.073514e+01 2.512609e-03 1.046955e-03
2.073514e+01 2.713117e-03 1.110779e-03
2.073514e+01 2.929627e-03 1.176729e-03
2.073514e+01 3.163414e-03 1.244604e-03
2.073514e+01 3.415858e-03 1.314148e-03
2.073514e+01 3.688447e-03 1.385054e-03
2.073514e+01 3.982789e-03 1.456941e-03
2.073514e+01 4.300619e-03 1.529347e-03
2.073514e+01 4.643813e-03 1.601747e-03
2.073514e+01 5.014394e-03 1.673526e-03
2.073514e+01 5.414548e-03 1.743979e-03
2.073514e+01 5.846635e-03 1.812338e-03
2.073514e+01 6.313202e-03 1.877710e-03
2.073514e+01 6.817002e-03 1.939091e-03
2.073514e+01 7.361006e-03 1.995428e-03
2.073514e+01 7.948422e-03 2.045539e-03
2.073514e+01 8.582714e-03 2.088146e-03
2.073514e+01 9.267624e-03 2.121977e-03
2.073514e+01 1.000719e-02 2.145681e-03
2.073514e+01 1.080577e-02 2.157891e-03
2.073514e+01 1.166809e-02 2.157383e-03
2.073514e+01 1.259921e-02 2.143068e-03
2.073514e+01 1.360464e-02 2.114071e-03
2.073514e+01 1.469030e-02 2.069880e-03
2.073514e+01 1.586261e-02 2.010600e-03
2.073514e+01 1.712846e-02 1.936928e-03
2.073514e+01 1.849533e-02 1.850021e-03
2.073514e+01 1.997127e-02 1.752385e-03
2.073514e+01 2.156500e-02 1.647379e-03
2.073514e+01 2.328591e-02 1.538243e-03
2.073514e+01 2.514415e-02 1.429430e-03
2.073514e+01 2.715068e-02 1.325689e-03
2.073514e+01 2.931733e-02 1.230586e-03
2.073514e+01 3.165689e-02 1.146735e-03
2.073514e+01 3.418314e-02 1.075710e-03
2.073514e+01 3.691099e-02 1.016414e-03
2.073514e+01 3.985652e-02 9.652545e-04
2.073514e+01 4.303711e-02 9.162083e-04
2.073514e+01 4.647152e-02 8.619613e-04
2.073514e+01 5.017999e-02 7.962953e-04
2.073514e+01 5.418441e-02 7.360899e-04
2.073514e+01 5.850838e-02 7.010805e-04
2.073514e+01 6.317741e-02 6.632773e-04
2.073514e+01 6.821903e-02 6.224574e-04
2.073514e+01 7.366298e-02 5.778568e-04
2.073514e+01 7.954136e-02 5.243549e-04
2.073514e+01 8.588885e-02 4.665834e-04
2.073514e+01 9.274286e-02 4.042016e-04
2.073514e+01 1.001438e-01 3.368418e-04
2.073514e+01 1.081354e-01 2.981007e-04
2.073514e+01 1.167647e-01 2.724866e-04
2.073514e+01 1.260827e-01 2.448285e-04
2.073514e+01 1.361442e-01 2.149632e-04
2.073514e+01 1.470087e-01 1.858603e-04
2.073514e+01 1.587401e-01 1.678346e-04
2.073514e+01 1.714077e-01 1.483705e-04
2.073514e+01 1.850862e-01 1.273530e-04
2.073514e+01 1.998563e-01 1.046584e-04
2.073514e+01 2.158051e-01 9.286778e-05
2.073514e+01 2.330265e-01 8.267601e-05
2.073514e+01 2.516223e-01 7.167092e-05
2.073514e+01 2.717020e-01 5.978762e-05
2.073514e+01 2.933841e-01 5.055251e-05
2.073514e+01 3.167964e-01 4.515132e-05
2.073514e+01 3.420771e-01 3.931911e-05
2.073514e+01 3.693752e-01 3.302148e-05
2.073514e+01 3.988518e-01 2.652775e-05
2.073514e+01 4.306805e-01 2.381437e-05
2.073514e+01 4.650493e-01 2.088446e-05
2.073514e+01 5.021607e-01 1.772074e-05
2.073514e+01 5.422336e-01 1.430455e-05
2.073514e+01 5.855044e-01 1.221750e-05
2.073514e+01 6.322283e-01 1.071033e-05
2.073514e+01 6.826808e-01 9.082878e-06
2.073514e+01 7.371594e-01 7.325558e-06
2.073514e+01 7.959855e-01 5.805218e-06
2.073514e+01 8.595059e-01 5.051169e-06
2.073514e+01 9.280954e-01 4.236945e-06
2.073514e+01 1.002158e+00 3.357746e-06
2.073514e+01 1.082132e+00 2.408386e-06
2.073514e+01 1.168487e+00 2.032408e-06
2.073514e+01 1.261733e+00 1.681714e-06
2.073514e+01 1.362421e+00 1.303034e-06
2.073514e+01 1.471144e+00 8.941358e-07
2.073514e+01 1.588542e+00 6.358471e-07
2.073514e+01 1.715310e+00 5.173811e-07
2.073514e+01 1.852193e+00 3.894614e-07
2.073514e+01 2.000000e+00 2.513336e-07
2.116984e+01 1.000000e-03 4.464523e-04
2.116984e+01 1.079801e-03 4.791453e-04
2.116984e+01 1.165970e-03 5.139634e-04
2.116984e+01 1.259016e-03 5.509868e-04
2.116984e+01 1.359487e-03 5.902848e-04
2.116984e+01 1.467975e-03 6.319179e-04
2.116984e+01 1.585121e-03 6.759326e-04
2.116984e+01 1.711615e-03 7.223582e-04
2.116984e+01 1.848204e-03 7.712075e-04
2.116984e+01 1.995693e-03 8.224739e-04
2.116984e+01 2.154951e-03 8.761287e-04
2.116984e+01 2.326918e-03 9.321192e-04
2.116984e+01 2.512609e-03 9.903664e-04
2.116984e+01 2.713117e-03 1.050763e-03
2.116984e+01 2.929627e-03 1.113168e-03
2.116984e+01 3.163414e-03 1.177394e-03
2.116984e+01 3.415858e-03 1.243197e-03
2.116984e+01 3.688447e-03 1.310289e-03
2.116984e+01 3.982789e-03 1.378309e-03
2.116984e+01 4.300619e-03 1.446820e-03
2.116984e+01 4.643813e-03 1.515325e-03
2.116984e+01 5.014394e-03 1.583242e-03
2.116984e+01 5.414548e-03 1.649905e-03
2.116984e+01 5.846635e-03 1.714584e-03
2.116984e+01 6.313202e-03 1.776438e-03
2.116984e+01 6.817002e-03 1.834516e-03
2.116984e+01 7.361006e-03 1.887821e-03
2.116984e+01 7.948422e-03 1.935235e-03
2.116984e+01 8.582714e-03 1.975550e-03
2.116984e+01 9.267624e-03 2.007561e-03
2.116984e+01 1.000719e-02 2.029992e-03
2.116984e+01 1.080577e-02 2.041547e-03
2.116984e+01 1.166809e-02 2.041067e-03
2.116984e+01 1.259921e-02 2.027522e-03
2.116984e+01 1.360464e-02 2.000090e-03
2.116984e+01 1.469030e-02 1.958283e-03
2.116984e+01 1.586261e-02 1.902203e-03
2.116984e+01 1.712846e-02 1.832507e-03
2.116984e+01 1.849533e-02 1.750288e-03
2.116984e+01 1.997127e-02 1.657917e-03
2.116984e+01 2.156500e-02 1.558572e-03
2.116984e+01 2.328591e-02 1.455321e-03
2.116984e+01 2.514415e-02 1.352374e-03
2.116984e+01 2.715068e-02 1.254225e-03
2.116984e+01 2.931733e-02 1.164249e-03
2.116984e+01 3.165689e-02 1.084919e-03
2.116984e+01 3.418314e-02 1.017723e-03
2.116984e+01 3.691099e-02 9.616226e-04
2.116984e+01 3.985652e-02 9.132213e-04
2.116984e+01 4.303711e-02 8.668189e-04
2.116984e+01 4.647152e-02 8.154963e-04
2.116984e+01 5.017999e-02 7.533702e-04
2.116984e+01 5.418441e-02 6.964433e-04
2.116984e+01 5.850838e-02 6.634132e-04
2.116984e+01 6.317741e-02 6.277473e-04
2.116984e+01 6.821903e-02 5.892352e-04
2.116984e+01 7.366298e-02 5.471390e-04
2.116984e+01 7.954136e-02 4.964679e-04
2.116984e+01 8.588885e-02 4.417532e-04
2.116984e+01 9.274286e-02 3.826723e-04
2.116984e+01 1.001438e-01 3.188765e-04
2.116984e+01 1.081354e-01 2.822100e-04
2.116984e+01 1.167647e-01 2.579897e-04
2.116984e+01 1.260827e-01 2.318366e-04
2.116984e+01 1.361442e-01 2.035965e-04
2.116984e+01 1.470087e-01 1.760794e-04
2.116984e+01 1.587401e-01 1.590465e-04
2.116984e+01 1.714077e-01 1.406544e-04
2.116984e+01 1.850862e-01 1.207945e-04
2.116984e+01 1.998563e-01 9.934980e-05
2.116984e+01 2.158051e-01 8.821049e-05
2.116984e+01 2.330265e-01 7.858252e-05
2.116984e+01 2.516223e-01 6.818623e-05
2.116984e+01 2.717020e-01 5.696031e-05
2.116984e+01 2.933841e-01 4.822893e-05
2.116984e+01 3.167964e-01 4.310974e-05
2.116984e+01 3.420771e-01 3.758203e-05
2.116984e+01 3.693752e-01 3.161320e-05
2.116984e+01 3.988518e-01 2.545762e-05
2.116984e+01 4.306805e-01 2.287250e-05
2.116984e+01 4.650493e-01 2.008109e-05
2.116984e+01 5.021607e-01 1.706691e-05
2.116984e+01 5.422336e-01 1.381221e-05
2.116984e+01 5.855044e-01 1.181493e-05
2.116984e+01 6.322283e-01 1.036528e-05
2.116984e+01 6.826808e-01 8.799940e-06
2.116984e+01 7.371594e-01 7.109687e-06
2.116984e+01 7.959855e-01 5.645835e-06
2.116984e+01 8.595059e-01 4.915295e-06
2.116984e+01 9.280954e-01 4.126457e-06
2.116984e+01 1.002158e+00 3.274669e-06
2.116984e+01 1.082132e+00 2.354908e-06
2.116984e+01 1.168487e+00 1.988551e-06
2.116984e+01 1.261733e+00 1.646343e-06
2.116984e+01 1.362421e+00 1.276827e-06
2.116984e+01 1.471144e+00 8.778232e-07
2.116984e+01 1.588542e+00 6.254141e-07
2.116984e+01 1.715310e+00 5.090900e-07
2.116984e+01 1.852193e+00 3.834832e-07
2.116984e+01 2.000000e+00 2.478529e-07
2.161324e+01 1.000000e-03 4.213250e-04
2.161324e+01 1.079801e-03 4.521884e-04
2.161324e+01 1.165970e-03 4.850599e-04
2.161324e+01 1.259016e-03 5.200154e-04
2.161324e+01 1.359487e-03 5.571209e-04
2.161324e+01 1.467975e-03 5.964337e-04
2.161324e+01 1.585121e-03 6.379977e-04
2.161324e+01 1.711615e-03 6.818407e-04
2.161324e+01 1.848204e-03 7.279744e-04
2.161324e+01 1.995693e-03 7.763923e-04
2.161324e+01 2.154951e-03 8.270667e-04
2.161324e+01 2.326918e-03 8.799468e-04
2.161324e+01 2.512609e-03 9.349572e-04
2.161324e+01 2.713117e-03 9.919958e-04
2.161324e+01 2.929627e-03 1.050930e-03
2.161324e+01 3.163414e-03 1.111581e-03
2.161324e+01 3.415858e-03 1.173720e-03
2.161324e+01 3.688447e-03 1.237077e-03
2.161324e+01 3.982789e-03 1.301310e-03
2.161324e+01 4.300619e-03 1.366007e-03
2.161324e+01 4.643813e-03 1.430697e-03
2.161324e+01 5.014394e-03 1.494831e-03
2.161324e+01 5.414548e-03 1.557781e-03
2.161324e+01 5.846635e-03 1.618858e-03
2.161324e+01 6.313202e-03 1.677266e-03
2.161324e+01 6.817002e-03 1.732109e-03
2.161324e+01 7.361006e-03 1.782444e-03
2.161324e+01 7.948422e-03 1.827217e-03
2.161324e+01 8.582714e-03 1.865286e-03
2.161324e+01 9.267624e-03 1.895515e-03
2.161324e+01 1.000719e-02 1.916698e-03
2.161324e+01 1.080577e-02 1.927611e-03
2.161324e+01 1.166809e-02 1.927159e-03
2.161324e+01 1.259921e-02 1.914372e-03
2.161324e+01 1.360464e-02 1.888470e-03
2.161324e+01 1.469030e-02 1.848999e-03
2.161324e+01 1.586261e-02 1.796052e-03
2.161324e+01 1.712846e-02 1.730249e-03
2.161324e+01 1.849533e-02 1.652620e-03
2.161324e+01 1.997127e-02 1.565405e-03
2.161324e+01 2.156500e-02 1.471604e-03
2.161324e+01 2.328591e-02 1.374115e-03
2.161324e+01 2.514415e-02 1.276913e-03
2.161324e+01 2.715068e-02 1.184241e-03
2.161324e+01 2.931733e-02 1.099286e-03
2.161324e+01 3.165689e-02 1.024383e-03
2.161324e+01 3.418314e-02 9.609359e-04
2.161324e+01 3.691099e-02 9.079659e-04
2.161324e+01 3.985652e-02 8.622653e-04
2.161324e+01 4.303711e-02 8.184521e-04
2.161324e+01 4.647152e-02 7.699932e-04
2.161324e+01 5.017999e-02 7.113337e-04
2.161324e+01 5.418441e-02 6.576191e-04
2.161324e+01 5.850838e-02 6.265316e-04
2.161324e+01 6.317741e-02 5.929633e-04
2.161324e+01 6.821903e-02 5.567162e-04
2.161324e+01 7.366298e-02 5.170770e-04
2.161324e+01 7.954136e-02 4.691740e-04
2.161324e+01 8.588885e-02 4.174483e-04
2.161324e+01 9.274286e-02 3.615948e-04
2.161324e+01 1.001438e-01 3.012842e-04
2.161324e+01 1.081354e-01 2.666547e-04
2.161324e+01 1.167647e-01 2.438104e-04
2.161324e+01 1.260827e-01 2.191432e-04
2.161324e+01 1.361442e-01 1.925074e-04
2.161324e+01 1.470087e-01 1.665539e-04
2.161324e+01 1.587401e-01 1.504896e-04
2.161324e+01 1.714077e-01 1.331433e-04
2.161324e+01 1.850862e-01 1.144128e-04
2.161324e+01 1.998563e-01 9.418765e-05
2.161324e+01 2.158051e-01 8.368261e-05
2.161324e+01 2.330265e-01 7.460317e-05
2.161324e+01 2.516223e-01 6.479919e-05
2.161324e+01 2.717020e-01 5.421284e-05
2.161324e+01 2.933841e-01 4.597104e-05
2.161324e+01 3.167964e-01 4.112496e-05
2.161324e+01 3.420771e-01 3.589217e-05
2.161324e+01 3.693752e-01 3.024179e-05
2.161324e+01 3.988518e-01 2.441369e-05
2.161324e+01 4.306805e-01 2.195222e-05
2.161324e+01 4.650493e-01 1.929432e-05
2.161324e+01 5.021607e-01 1.642432e-05
2.161324e+01 5.422336e-01 1.332529e-05
2.161324e+01 5.855044e-01 1.141527e-05
2.161324e+01 6.322283e-01 1.002217e-05
2.161324e+01 6.826808e-01 8.517897e-06
2.161324e+01 7.371594e-01 6.893581e-06
2.161324e+01 7.959855e-01 5.485299e-06
2.161324e+01 8.595059e-01 4.777988e-06
2.161324e+01 9.280954e-01 4.014232e-06
2.161324e+01 1.002158e+00 3.189528e-06
2.161324e+01 1.082132e+00 2.299011e-06
2.161324e+01 1.168487e+00 1.942667e-06
2.161324e+01 1.261733e+00 1.609434e-06
2.161324e+01 1.362421e+00 1.249609e-06
2.161324e+01 1.471144e+00 8.610695e-07
2.161324e+01 1.588542e+00 6.148434e-07
2.161324e+01 1.715310e+00 5.007163e-07
2.161324e+01 1.852193e+00 3.774818e-07
2.161324e+01 2.000000e+00 2.444130e-07
2.206550e+01 1.000000e-03 3.969757e-04
2.206550e+01 1.079801e-03 4.260651e-04
2.206550e+01 1.165970e-03 4.570493e-04
2.206550e+01 1.259016e-03 4.899998e-04
2.206550e+01 1.359487e-03 5.249792e-04
2.206550e+01 1.467975e-03 5.620418e-04
2.206550e+01 1.585121e-03 6.012291e-04
2.206550e+01 1.711615e-03 6.425672e-04
2.206550e+01 1.848204e-03 6.860672e-04
2.206550e+01 1.995693e-03 7.317224e-04
2.206550e+01 2.154951e-03 7.795062e-04
2.206550e+01 2.326918e-03 8.293698e-04
2.206550e+01 2.512609e-03 8.812414e-04
2.206550e+01 2.713117e-03 9.350241e-04
2.206550e+01 2.929627e-03 9.905921e-04
2.206550e+01 3.163414e-03 1.047777e-03
2.206550e+01 3.415858e-03 1.106364e-03
2.206550e+01 3.688447e-03 1.166099e-03
2.206550e+01 3.982789e-03 1.226659e-03
2.206550e+01 4.300619e-03 1.287657e-03
2.206550e+01 4.643813e-03 1.348648e-03
2.206550e+01 5.014394e-03 1.409115e-03
2.206550e+01 5.414548e-03 1.468464e-03
2.206550e+01 5.846635e-03 1.526047e-03
2.206550e+01 6.313202e-03 1.581115e-03
2.206550e+01 6.817002e-03 1.632821e-03
2.206550e+01 7.361006e-03 1.680277e-03
2.206550e+01 7.948422e-03 1.722489e-03
2.206550e+01 8.582714e-03 1.758380e-03
2.206550e+01 9.267624e-03 1.786881e-03
2.206550e+01 1.000719e-02 1.806854e-03
2.206550e+01 1.080577e-02 1.817144e-03
2.206550e+01 1.166809e-02 1.816721e-03
2.206550e+01 1.259921e-02 1.804667e-03
2.206550e+01 1.360464e-02 1.780251e-03
2.206550e+01 1.469030e-02 1.743044e-03
2.206550e+01 1.586261e-02 1.693134e-03
2.206550e+01 1.712846e-02 1.631104e-03
2.206550e+01 1.849533e-02 1.557925e-03
2.206550e+01 1.997127e-02 1.475709e-03
2.206550e+01 2.156500e-02 1.387283e-03
2.206550e+01 2.328591e-02 1.295381e-03
2.206550e+01 2.514415e-02 1.203749e-03
2.206550e+01 2.715068e-02 1.116388e-03
2.206550e+01 2.931733e-02 1.036300e-03
2.206550e+01 3.165689e-02 9.656887e-04
2.206550e+01 3.418314e-02 9.058774e-04
2.206550e+01 3.691099e-02 8.559425e-04
2.206550e+01 3.985652e-02 8.128604e-04
2.206550e+01 4.303711e-02 7.715575e-04
2.206550e+01 4.647152e-02 7.258751e-04
2.206550e+01 5.017999e-02 6.705766e-04
2.206550e+01 5.418441e-02 6.199715e-04
2.206550e+01 5.850838e-02 5.907536e-04
2.206550e+01 6.317741e-02 5.592041e-04
2.206550e+01 6.821903e-02 5.251369e-04
2.206550e+01 7.366298e-02 4.878651e-04
2.206550e+01 7.954136e-02 4.426559e-04
2.206550e+01 8.588885e-02 3.938390e-04
2.206550e+01 9.274286e-02 3.411265e-04
2.206550e+01 1.001438e-01 2.842074e-04
2.206550e+01 1.081354e-01 2.515533e-04
2.206550e+01 1.167647e-01 2.300373e-04
2.206550e+01 1.260827e-01 2.068043e-04
2.206550e+01 1.361442e-01 1.817173e-04
2.206550e+01 1.470087e-01 1.572755e-04
2.206550e+01 1.587401e-01 1.421595e-04
2.206550e+01 1.714077e-01 1.258373e-04
2.206550e+01 1.850862e-01 1.082125e-04
2.206550e+01 1.998563e-01 8.918130e-05
2.206550e+01 2.158051e-01 7.929203e-05
2.206550e+01 2.330265e-01 7.074299e-05
2.206550e+01 2.516223e-01 6.151174e-05
2.206550e+01 2.717020e-01 5.154382e-05
2.206550e+01 2.933841e-01 4.377555e-05
2.206550e+01 3.167964e-01 3.919393e-05
2.206550e+01 3.420771e-01 3.424670e-05
2.206550e+01 3.693752e-01 2.890467e-05
2.206550e+01 3.988518e-01 2.339360e-05
2.206550e+01 4.306805e-01 2.105110e-05
2.206550e+01 4.650493e-01 1.852167e-05
2.206550e+01 5.021607e-01 1.579039e-05
2.206550e+01 5.422336e-01 1.284114e-05
2.206550e+01 5.855044e-01 1.101580e-05
2.206550e+01 6.322283e-01 9.678209e-06
2.206550e+01 6.826808e-01 8.233878e-06
2.206550e+01 7.371594e-01 6.674289e-06
2.206550e+01 7.959855e-01 5.320866e-06
2.206550e+01 8.595059e-01 4.637419e-06
2.206550e+01 9.280954e-01 3.899432e-06
2.206550e+01 1.002158e+00 3.102552e-06
2.206550e+01 1.082132e+00 2.242081e-06
2.206550e+01 1.168487e+00 1.895988e-06
2.206550e+01 1.261733e+00 1.571934e-06
2.206550e+01 1.362421e+00 1.222020e-06
2.206550e+01 1.471144e+00 8.441828e-07
2.206550e+01 1.588542e+00 6.043032e-07
2.206550e+01 1.715310e+00 4.924677e-07
2.206550e+01 1.852193e+00 3.717075e-07
2.206550e+01 2.000000e+00 2.413106e-07
2.252681e+01 1.000000e-03 3.732398e-04
2.252681e+01 1.079801e-03 4.005992e-04
2.252681e+01 1.165970e-03 4.297424e-04
2.252681e+01 1.259016e-03 4.607372e-04
2.252681e+01 1.359487e-03 4.936425e-04
2.252681e+01 1.467975e-03 5.285097e-04
2.252681e+01 1.585121e-03 5.653781e-04
2.252681e+01 1.711615e-03 6.042722e-04
2.252681e+01 1.848204e-03 6.452023e-04
2.252681e+01 1.995693e-03 6.881618e-04
2.252681e+01 2.154951e-03 7.331250e-04
2.252681e+01 2.326918e-03 7.800453e-04
2.252681e+01 2.512609e-03 8.288546e-04
2.252681e+01 2.713117e-03 8.794608e-04
2.252681e+01 2.929627e-03 9.317450e-04
2.252681e+01 3.163414e-03 9.855485e-04
2.252681e+01 3.415858e-03 1.040670e-03
2.252681e+01 3.688447e-03 1.096871e-03
2.252681e+01 3.982789e-03 1.153849e-03
2.252681e+01 4.300619e-03 1.211238e-03
2.252681e+01 4.643813e-03 1.268621e-03
2.252681e+01 5.014394e-03 1.325510e-03
2.252681e+01 5.414548e-03 1.381347e-03
2.252681e+01 5.846635e-03 1.435522e-03
2.252681e+01 6.313202e-03 1.487331e-03
2.252681e+01 6.817002e-03 1.535976e-03
2.252681e+01 7.361006e-03 1.580624e-03
2.252681e+01 7.948422e-03 1.620337e-03
2.252681e+01 8.582714e-03 1.654105e-03
2.252681e+01 9.267624e-03 1.680920e-03
2.252681e+01 1.000719e-02 1.699712e-03
2.252681e+01 1.080577e-02 1.709395e-03
2.252681e+01 1.166809e-02 1.708999e-03
2.252681e+01 1.259921e-02 1.697662e-03
2.252681e+01 1.360464e-02 1.674696e-03
2.252681e+01 1.469030e-02 1.639697e-03
2.252681e+01 1.586261e-02 1.592748e-03
2.252681e+01 1.712846e-02 1.534398e-03
2.252681e+01 1.849533e-02 1.465559e-03
2.252681e+01 1.997127e-02 1.388218e-03
2.252681e+01 2.156500e-02 1.305036e-03
2.252681e+01 2.328591e-02 1.218583e-03
2.252681e+01 2.514415e-02 1.132384e-03
2.252681e+01 2.715068e-02 1.050203e-03
2.252681e+01 2.931733e-02 9.748635e-04
2.252681e+01 3.165689e-02 9.084382e-04
2.252681e+01 3.418314e-02 8.521729e-04
2.252681e+01 3.691099e-02 8.051984e-04
2.252681e+01 3.985652e-02 7.646703e-04
2.252681e+01 4.303711e-02 7.258161e-04
2.252681e+01 4.647152e-02 6.828420e-04
2.252681e+01 5.017999e-02 6.308219e-04
2.252681e+01 5.418441e-02 5.832499e-04
2.252681e+01 5.850838e-02 5.558559e-04
2.252681e+01 6.317741e-02 5.262758e-04
2.252681e+01 6.821903e-02 4.943352e-04
2.252681e+01 7.366298e-02 4.593732e-04
2.252681e+01 7.954136e-02 4.167969e-04
2.252681e+01 8.588885e-02 3.708230e-04
2.252681e+01 9.274286e-02 3.211803e-04
2.252681e+01 1.001438e-01 2.675761e-04
2.252681e+01 1.081354e-01 2.368553e-04
2.252681e+01 1.167647e-01 2.166416e-04
2.252681e+01 1.260827e-01 1.948148e-04
2.252681e+01 1.361442e-01 1.712463e-04
2.252681e+01 1.470087e-01 1.482834e-04
2.252681e+01 1.587401e-01 1.340799e-04
2.252681e+01 1.714077e-01 1.187430e-04
2.252681e+01 1.850862e-01 1.021822e-04
2.252681e+01 1.998563e-01 8.429981e-05
2.252681e+01 2.158051e-01 7.500720e-05
2.252681e+01 2.330265e-01 6.697383e-05
2.252681e+01 2.516223e-01 5.829938e-05
2.252681e+01 2.717020e-01 4.893270e-05
2.252681e+01 2.933841e-01 4.162542e-05
2.252681e+01 3.167964e-01 3.730234e-05
2.252681e+01 3.420771e-01 3.263428e-05
2.252681e+01 3.693752e-01 2.759370e-05
2.252681e+01 3.988518e-01 2.239250e-05
2.252681e+01 4.306805e-01 2.016529e-05
2.252681e+01 4.650493e-01 1.776035e-05
2.252681e+01 5.021607e-01 1.516348e-05
2.252681e+01 5.422336e-01 1.235939e-05
2.252681e+01 5.855044e-01 1.061667e-05
2.252681e+01 6.322283e-01 9.333751e-06
2.252681e+01 6.826808e-01 7.948458e-06
2.252681e+01 7.371594e-01 6.452617e-06
2.252681e+01 7.959855e-01 5.153406e-06
2.252681e+01 8.595059e-01 4.494089e-06
2.252681e+01 9.280954e-01 3.782157e-06
2.252681e+01 1.002158e+00 3.013413e-06
2.252681e+01 1.082132e+00 2.183321e-06
2.252681e+01 1.168487e+00 1.848000e-06
2.252681e+01 1.261733e+00 1.533700e-06
2.252681e+01 1.362421e+00 1.194320e-06
2.252681e+01 1.471144e+00 8.278560e-07
2.252681e+01 1.588542e+00 5.945967e-07
2.252681e+01 1.715310e+00 4.849535e-07
2.252681e+01 1.852193e+00 3.665607e-07
2.252681e+01 2.000000e+00 2.387199e-07
2.299735e+01 1.000000e-03 3.501490e-04
2.299735e+01 1.079801e-03 3.758245e-04
2.299735e+01 1.165970e-03 4.031758e-04
2.299735e+01 1.259016e-03 4.322666e-04
2.299735e+01 1.359487e-03 4.631526e-04
2.299735e+01 1.467975e-03 4.958824e-04
2.299735e+01 1.585121e-03 5.304928e-04
2.299735e+01 1.711615e-03 5.670070e-04
2.299735e+01 1.848204e-03 6.054345e-04
2.299735e+01 1.995693e-03 6.457689e-04
2.299735e+01 2.154951e-03 6.879856e-04
2.299735e+01 2.326918e-03 7.320400e-04
2.299735e+01 2.512609e-03 7.778673e-04
2.299735e+01 2.713117e-03 8.253808e-04
2.299735e+01 2.929627e-03 8.744679e-04
2.299735e+01 3.163414e-03 9.249795e-04
2.299735e+01 3.415858e-03 9.767274e-04
2.299735e+01 3.688447e-03 1.029488e-03
2.299735e+01 3.982789e-03 1.082978e-03
2.299735e+01 4.300619e-03 1.136854e-03
2.299735e+01 4.643813e-03 1.190723e-03
2.299735e+01 5.014394e-03 1.244129e-03
2.299735e+01 5.414548e-03 1.296547e-03
2.299735e+01 5.846635e-03 1.347405e-03
2.299735e+01 6.313202e-03 1.396040e-03
2.299735e+01 6.817002e-03 1.441707e-03
2.299735e+01 7.361006e-03 1.483620e-03
2.299735e+01 7.948422e-03 1.520901e-03
2.299735e+01 8.582714e-03 1.552601e-03
2.299735e+01 9.267624e-03 1.577775e-03
2.299735e+01 1.000719e-02 1.595417e-03
2.299735e+01 1.080577e-02 1.604509e-03
2.299735e+01 1.166809e-02 1.604140e-03
2.299735e+01 1.259921e-02 1.593501e-03
2.299735e+01 1.360464e-02 1.571947e-03
2.299735e+01 1.469030e-02 1.539097e-03
2.299735e+01 1.586261e-02 1.495030e-03
2.299735e+01 1.712846e-02 1.440260e-03
2.299735e+01 1.849533e-02 1.375647e-03
2.299735e+01 1.997127e-02 1.303052e-03
2.299735e+01 2.156500e-02 1.224974e-03
2.299735e+01 2.328591e-02 1.143825e-03
2.299735e+01 2.514415e-02 1.062915e-03
2.299735e+01 2.715068e-02 9.857754e-04
2.299735e+01 2.931733e-02 9.150584e-04
2.299735e+01 3.165689e-02 8.527083e-04
2.299735e+01 3.418314e-02 7.998948e-04
2.299735e+01 3.691099e-02 7.558020e-04
2.299735e+01 3.985652e-02 7.177602e-04
2.299735e+01 4.303711e-02 6.812895e-04
2.299735e+01 4.647152e-02 6.409517e-04
2.299735e+01 5.017999e-02 5.921230e-04
2.299735e+01 5.418441e-02 5.475083e-04
2.299735e+01 5.850838e-02 5.219029e-04
2.299735e+01 6.317741e-02 4.942542e-04
2.299735e+01 6.821903e-02 4.643991e-04
2.299735e+01 7.366298e-02 4.316997e-04
2.299735e+01 7.954136e-02 3.916749e-04
2.299735e+01 8.588885e-02 3.484561e-04
2.299735e+01 9.274286e-02 3.017883e-04
2.299735e+01 1.001438e-01 2.513964e-04
2.299735e+01 1.081354e-01 2.225534e-04
2.299735e+01 1.167647e-01 2.036083e-04
2.299735e+01 1.260827e-01 1.831513e-04
2.299735e+01 1.361442e-01 1.610618e-04
2.299735e+01 1.470087e-01 1.395392e-04
2.299735e+01 1.587401e-01 1.262229e-04
2.299735e+01 1.714077e-01 1.118439e-04
2.299735e+01 1.850862e-01 9.631749e-05
2.299735e+01 1.998563e-01 7.955202e-05
2.299735e+01 2.158051e-01 7.083942e-05
2.299735e+01 2.330265e-01 6.330729e-05
2.299735e+01 2.516223e-01 5.517409e-05
2.299735e+01 2.717020e-01 4.639185e-05
2.299735e+01 2.933841e-01 3.953149e-05
2.299735e+01 3.167964e-01 3.545696e-05
2.299735e+01 3.420771e-01 3.105727e-05
2.299735e+01 3.693752e-01 2.630648e-05
2.299735e+01 3.988518e-01 2.140322e-05
2.299735e+01 4.306805e-01 1.928765e-05
2.299735e+01 4.650493e-01 1.700327e-05
2.299735e+01 5.021607e-01 1.453658e-05
2.299735e+01 5.422336e-01 1.187306e-05
2.299735e+01 5.855044e-01 1.021163e-05
2.299735e+01 6.322283e-01 8.983660e-06
2.299735e+01 6.826808e-01 7.657696e-06
2.299735e+01 7.371594e-01 6.225919e-06
2.299735e+01 7.959855e-01 4.981297e-06
2.299735e+01 8.595059e-01 4.346596e-06
2.299735e+01 9.280954e-01 3.661246e-06
2.299735e+01 1.002158e+00 2.921205e-06
2.299735e+01 1.082132e+00 2.122107e-06
2.299735e+01 1.168487e+00 1.798023e-06
2.299735e+01 1.261733e+00 1.493965e-06
2.299735e+01 1.362421e+00 1.165644e-06
2.299735e+01 1.471144e+00 8.111212e-07
2.299735e+01 1.588542e+00 5.848049e-07
2.299735e+01 1.715310e+00 4.774480e-07
2.299735e+01 1.852193e+00 3.615238e-07
2.299735e+01 2.000000e+00 2.363488e-07
2.347730e+01 1.000000e-03 3.278141e-04
2.347730e+01 1.079801e-03 3.518601e-04
2.347730e+01 1.165970e-03 3.774770e-04
2.347730e+01 1.259016e-03 4.047251e-04
2.347730e+01 1.359487e-03 4.336565e-04
2.347730e+01 1.467975e-03 4.643171e-04
2.347730e+01 1.585121e-03 4.967416e-04
2.347730e+01 1.711615e-03 5.309517e-04
2.347730e+01 1.848204e-03 5.669563e-04
2.347730e+01 1.995693e-03 6.047490e-04
2.347730e+01 2.154951e-03 6.443064e-04
2.347730e+01 2.326918e-03 6.855860e-04
2.347730e+01 2.512609e-03 7.285266e-04
2.347730e+01 2.713117e-03 7.730461e-04
2.347730e+01 2.929627e-03 8.190383e-04
2.347730e+01 3.163414e-03 8.663635e-04
2.347730e+01 3.415858e-03 9.148457e-04
2.347730e+01 3.688447e-03 9.642760e-04
2.347730e+01 3.982789e-03 1.014390e-03
2.347730e+01 4.300619e-03 1.064864e-03
2.347730e+01 4.643813e-03 1.115333e-03
2.347730e+01 5.014394e-03 1.165367e-03
2.347730e+01 5.414548e-03 1.214476e-03
2.347730e+01 5.846635e-03 1.262123e-03
2.347730e+01 6.313202e-03 1.307687e-03
2.347730e+01 6.817002e-03 1.350469e-03
2.347730e+01 7.361006e-03 1.389735e-03
2.347730e+01 7.948422e-03 1.424663e-03
2.347730e+01 8.582714e-03 1.454361e-03
2.347730e+01 9.267624e-03 1.477946e-03
2.347730e+01 1.000719e-02 1.494475e-03
2.347730e+01 1.080577e-02 1.502995e-03
2.347730e+01 1.166809e-02 1.502652e-03
2.347730e+01 1.259921e-02 1.492689e-03
2.347730e+01 1.360464e-02 1.472501e-03
2.347730e+01 1.469030e-02 1.441731e-03
2.347730e+01 1.586261e-02 1.400453e-03
2.347730e+01 1.712846e-02 1.349149e-03
2.347730e+01 1.849533e-02 1.288624e-03
2.347730e+01 1.997127e-02 1.220622e-03
2.347730e+01 2.156500e-02 1.147485e-03
2.347730e+01 2.328591e-02 1.071470e-03
2.347730e+01 2.514415e-02 9.956783e-04
2.347730e+01 2.715068e-02 9.234189e-04
2.347730e+01 2.931733e-02 8.571755e-04
2.347730e+01 3.165689e-02 7.987696e-04
2.347730e+01 3.418314e-02 7.492969e-04
2.347730e+01 3.691099e-02 7.079932e-04
2.347730e+01 3.985652e-02 6.723578e-04
2.347730e+01 4.303711e-02 6.381940e-04
2.347730e+01 4.647152e-02 6.004079e-04
2.347730e+01 5.017999e-02 5.546679e-04
2.347730e+01 5.418441e-02 5.129034e-04
2.347730e+01 5.850838e-02 4.889958e-04
2.347730e+01 6.317741e-02 4.631803e-04
2.347730e+01 6.821903e-02 4.353047e-04
2.347730e+01 7.366298e-02 4.047582e-04
2.347730e+01 7.954136e-02 3.672151e-04
2.347730e+01 8.588885e-02 3.266760e-04
2.347730e+01 9.274286e-02 2.829019e-04
2.347730e+01 1.001438e-01 2.356346e-04
2.347730e+01 1.081354e-01 2.086204e-04
2.347730e+01 1.167647e-01 1.909128e-04
2.347730e+01 1.260827e-01 1.717921e-04
2.347730e+01 1.361442e-01 1.511456e-04
2.347730e+01 1.470087e-01 1.310284e-04
2.347730e+01 1.587401e-01 1.185788e-04
2.347730e+01 1.714077e-01 1.051358e-04
2.347730e+01 1.850862e-01 9.062003e-05
2.347730e+01 1.998563e-01 7.494587e-05
2.347730e+01 2.158051e-01 6.679397e-05
2.347730e+01 2.330265e-01 5.974391e-05
2.347730e+01 2.516223e-01 5.213124e-05
2.347730e+01 2.717020e-01 4.391108e-05
2.347730e+01 2.933841e-01 3.748112e-05
2.347730e+01 3.167964e-01 3.364698e-05
2.347730e+01 3.420771e-01 2.950687e-05
2.347730e+01 3.693752e-01 2.503638e-05
2.347730e+01 3.988518e-01 2.042138e-05
2.347730e+01 4.306805e-01 1.841516e-05
2.347730e+01 4.650493e-01 1.624885e-05
2.347730e+01 5.021607e-01 1.390966e-05
2.347730e+01 5.422336e-01 1.138380e-05
2.347730e+01 5.855044e-01 9.802594e-06
2.347730e+01 6.322283e-01 8.629348e-06
2.347730e+01 6.826808e-01 7.362475e-06
2.347730e+01 7.371594e-01 5.994505e-06
2.347730e+01 7.959855e-01 4.804533e-06
2.347730e+01 8.595059e-01 4.195314e-06
2.347730e+01 9.280954e-01 3.537479e-06
2.347730e+01 1.002158e+00 2.827149e-06
2.347730e+01 1.082132e+00 2.060133e-06
2.347730e+01 1.168487e+00 1.747485e-06
2.347730e+01 1.261733e+00 1.453800e-06
2.347730e+01 1.362421e+00 1.136677e-06
2.347730e+01 1.471144e+00 7.942488e-07
2.347730e+01 1.588542e+00 5.749850e-07
2.347730e+01 1.715310e+00 4.699846e-07
2.347730e+01 1.852193e+00 3.566051e-07
2.347730e+01 2.000000e+00 2.341779e-07
2.396684e+01 1.000000e-03 3.061778e-04
2.396684e+01 1.079801e-03 3.286445e-04
2.396684e+01 1.165970e-03 3.525803e-04
2.396684e+01 1.259016e-03 3.780420e-04
2.396684e+01 1.359487e-03 4.050786e-04
2.396684e+01 1.467975e-03 4.337330e-04
2.396684e+01 1.585121e-03 4.640380e-04
2.396684e+01 1.711615e-03 4.960138e-04
2.396684e+01 1.848204e-03 5.296688e-04
2.396684e+01 1.995693e-03 5.649969e-04
2.396684e+01 2.154951e-03 6.019755e-04
2.396684e+01 2.326918e-03 6.405645e-04
2.396684e+01 2.512609e-03 6.807059e-04
2.396684e+01 2.713117e-03 7.223224e-04
2.396684e+01 2.929627e-03 7.653141e-04
2.396684e+01 3.163414e-03 8.095500e-04
2.396684e+01 3.415858e-03 8.548661e-04
2.396684e+01 3.688447e-03 9.010677e-04
2.396684e+01 3.982789e-03 9.479079e-04
2.396684e+01 4.300619e-03 9.950851e-04
2.396684e+01 4.643813e-03 1.042257e-03
2.396684e+01 5.014394e-03 1.089023e-03
2.396684e+01 5.414548e-03 1.134923e-03
2.396684e+01 5.846635e-03 1.179456e-03
2.396684e+01 6.313202e-03 1.222043e-03
2.396684e+01 6.817002e-03 1.262029e-03
2.396684e+01 7.361006e-03 1.298729e-03
2.396684e+01 7.948422e-03 1.331374e-03
2.396684e+01 8.582714e-03 1.359133e-03
2.396684e+01 9.267624e-03 1.381177e-03
2.396684e+01 1.000719e-02 1.396627e-03
2.396684e+01 1.080577e-02 1.404592e-03
2.396684e+01 1.166809e-02 1.404274e-03
2.396684e+01 1.259921e-02 1.394967e-03
2.396684e+01 1.360464e-02 1.376102e-03
2.396684e+01 1.469030e-02 1.347348e-03
2.396684e+01 1.586261e-02 1.308773e-03
2.396684e+01 1.712846e-02 1.260829e-03
2.396684e+01 1.849533e-02 1.204267e-03
2.396684e+01 1.997127e-02 1.140718e-03
2.396684e+01 2.156500e-02 1.072369e-03
2.396684e+01 2.328591e-02 1.001331e-03
2.396684e+01 2.514415e-02 9.305017e-04
2.396684e+01 2.715068e-02 8.629727e-04
2.396684e+01 2.931733e-02 8.010659e-04
2.396684e+01 3.165689e-02 7.464833e-04
2.396684e+01 3.418314e-02 7.002491e-04
2.396684e+01 3.691099e-02 6.616491e-04
2.396684e+01 3.985652e-02 6.283462e-04
2.396684e+01 4.303711e-02 5.964188e-04
2.396684e+01 4.647152e-02 5.611061e-04
2.396684e+01 5.017999e-02 5.183603e-04
2.396684e+01 5.418441e-02 4.793510e-04
2.396684e+01 5.850838e-02 4.570677e-04
2.396684e+01 6.317741e-02 4.330061e-04
2.396684e+01 6.821903e-02 4.070244e-04
2.396684e+01 7.366298e-02 3.785426e-04
2.396684e+01 7.954136e-02 3.434308e-04
2.396684e+01 8.588885e-02 3.055170e-04
2.396684e+01 9.274286e-02 2.645776e-04
2.396684e+01 1.001438e-01 2.203713e-04
2.396684e+01 1.081354e-01 1.951321e-04
2.396684e+01 1.167647e-01 1.786113e-04
2.396684e+01 1.260827e-01 1.607720e-04
2.396684e+01 1.361442e-01 1.415092e-04
2.396684e+01 1.470087e-01 1.227424e-04
2.396684e+01 1.587401e-01 1.111392e-04
2.396684e+01 1.714077e-01 9.861006e-05
2.396684e+01 1.850862e-01 8.508109e-05
2.396684e+01 1.998563e-01 7.047248e-05
2.396684e+01 2.158051e-01 6.286250e-05
2.396684e+01 2.330265e-01 5.627601e-05
2.396684e+01 2.516223e-01 4.916392e-05
2.396684e+01 2.717020e-01 4.148428e-05
2.396684e+01 2.933841e-01 3.546880e-05
2.396684e+01 3.167964e-01 3.186719e-05
2.396684e+01 3.420771e-01 2.797817e-05
2.396684e+01 3.693752e-01 2.377880e-05
2.396684e+01 3.988518e-01 1.944277e-05
2.396684e+01 4.306805e-01 1.754429e-05
2.396684e+01 4.650493e-01 1.549431e-05
2.396684e+01 5.021607e-01 1.328074e-05
2.396684e+01 5.422336e-01 1.089053e-05
2.396684e+01 5.855044e-01 9.389013e-06
2.396684e+01 6.322283e-01 8.270701e-06
2.396684e+01 6.826808e-01 7.063146e-06
2.396684e+01 7.371594e-01 5.759227e-06
2.396684e+01 7.959855e-01 4.624180e-06
2.396684e+01 8.595059e-01 4.040769e-06
2.396684e+01 9.280954e-01 3.410802e-06
2.396684e+01 1.002158e+00 2.730562e-06
2.396684e+01 1.082132e+00 1.996038e-06
2.396684e+01 1.168487e+00 1.695317e-06
2.396684e+01 1.261733e+00 1.412536e-06
2.396684e+01 1.362421e+00 1.107189e-06
2.396684e+01 1.471144e+00 7.774754e-07
2.396684e+01 1.588542e+00 5.655239e-07
2.396684e+01 1.715310e+00 4.628010e-07
2.396684e+01 1.852193e+00 3.518806e-07
2.396684e+01 2.000000e+00 2.321087e-07
2.446618e+01 1.000000e-03 2.851666e-04
2.446618e+01 1.079801e-03 3.060988e-04
2.446618e+01 1.165970e-03 3.284012e-04
2.446618e+01 1.259016e-03 3.521269e-04
2.446618e+01 1.359487e-03 3.773218e-04
2.446618e+01 1.467975e-03 4.040263e-04
2.446618e+01 1.585121e-03 4.322710e-04
2.446618e+01 1.711615e-03 4.620749e-04
2.446618e+01 1.848204e-03 4.934458e-04
2.446618e+01 1.995693e-03 5.263776e-04
2.446618e+01 2.154951e-03 5.608492e-04
2.446618e+01 2.326918e-03 5.968224e-04
2.446618e+01 2.512609e-03 6.342427e-04
2.446618e+01 2.713117e-03 6.730373e-04
2.446618e+01 2.929627e-03 7.131123e-04
2.446618e+01 3.163414e-03 7.543455e-04
2.446618e+01 3.415858e-03 7.965843e-04
2.446618e+01 3.688447e-03 8.396478e-04
2.446618e+01 3.982789e-03 8.833062e-04
2.446618e+01 4.300619e-03 9.272784e-04
2.446618e+01 4.643813e-03 9.712458e-04
2.446618e+01 5.014394e-03 1.014835e-03
2.446618e+01 5.414548e-03 1.057617e-03
2.446618e+01 5.846635e-03 1.099124e-03
2.446618e+01 6.313202e-03 1.138817e-03
2.446618e+01 6.817002e-03 1.176085e-03
2.446618e+01 7.361006e-03 1.210291e-03
2.446618e+01 7.948422e-03 1.240718e-03
2.446618e+01 8.582714e-03 1.266591e-03
2.446618e+01 9.267624e-03 1.287137e-03
2.446618e+01 1.000719e-02 1.301539e-03
2.446618e+01 1.080577e-02 1.308964e-03
2.446618e+01 1.166809e-02 1.308671e-03
2.446618e+01 1.259921e-02 1.300000e-03
2.446618e+01 1.360464e-02 1.282422e-03
2.446618e+01 1.469030e-02 1.255627e-03
2.446618e+01 1.586261e-02 1.219679e-03
2.446618e+01 1.712846e-02 1.175000e-03
2.446618e+01 1.849533e-02 1.122289e-03
2.446618e+01 1.997127e-02 1.063067e-03
2.446618e+01 2.156500e-02 9.993720e-04
2.446618e+01 2.328591e-02 9.331703e-04
2.446618e+01 2.514415e-02 8.671627e-04
2.446618e+01 2.715068e-02 8.042308e-04
2.446618e+01 2.931733e-02 7.465381e-04
2.446618e+01 3.165689e-02 6.956711e-04
2.446618e+01 3.418314e-02 6.525840e-04
2.446618e+01 3.691099e-02 6.166115e-04
2.446618e+01 3.985652e-02 5.855755e-04
2.446618e+01 4.303711e-02 5.558213e-04
2.446618e+01 4.647152e-02 5.229123e-04
2.446618e+01 5.017999e-02 4.830762e-04
2.446618e+01 5.418441e-02 4.467471e-04
2.446618e+01 5.850838e-02 4.260495e-04
2.446618e+01 6.317741e-02 4.037002e-04
2.446618e+01 6.821903e-02 3.795674e-04
2.446618e+01 7.366298e-02 3.531003e-04
2.446618e+01 7.954136e-02 3.203504e-04
2.446618e+01 8.588885e-02 2.849869e-04
2.446618e+01 9.274286e-02 2.468015e-04
2.446618e+01 1.001438e-01 2.055688e-04
2.446618e+01 1.081354e-01 1.820529e-04
2.446618e+01 1.167647e-01 1.666831e-04
2.446618e+01 1.260827e-01 1.500867e-04
2.446618e+01 1.361442e-01 1.321660e-04
2.446618e+01 1.470087e-01 1.147079e-04
2.446618e+01 1.587401e-01 1.039195e-04
2.446618e+01 1.714077e-01 9.227021e-05
2.446618e+01 1.850862e-01 7.969129e-05
2.446618e+01 1.998563e-01 6.610857e-05
2.446618e+01 2.158051e-01 5.902357e-05
2.446618e+01 2.330265e-01 5.288756e-05
2.446618e+01 2.516223e-01 4.626190e-05
2.446618e+01 2.717020e-01 3.910750e-05
2.446618e+01 2.933841e-01 3.349428e-05
2.446618e+01 3.167964e-01 3.011747e-05
2.446618e+01 3.420771e-01 2.647119e-05
2.446618e+01 3.693752e-01 2.253393e-05
2.446618e+01 3.988518e-01 1.846766e-05
2.446618e+01 4.306805e-01 1.667448e-05
2.446618e+01 4.650493e-01 1.473820e-05
2.446618e+01 5.021607e-01 1.264740e-05
2.446618e+01 5.422336e-01 1.038976e-05
2.446618e+01 5.855044e-01 8.967208e-06
2.446618e+01 6.322283e-01 7.904249e-06
2.446618e+01 6.826808e-01 6.756465e-06
2.446618e+01 7.371594e-01 5.517086e-06
2.446618e+01 7.959855e-01 4.437619e-06
2.446618e+01 8.595059e-01 3.881021e-06
2.446618e+01 9.280954e-01 3.280006e-06
2.446618e+01 1.002158e+00 2.631029e-06
2.446618e+01 1.082132e+00 1.930263e-06
2.446618e+01 1.168487e+00 1.641800e-06
2.446618e+01 1.261733e+00 1.370197e-06
2.446618e+01 1.362421e+00 1.076920e-06
2.446618e+01 1.471144e+00 7.602383e-07
2.446618e+01 1.588542e+00 5.558384e-07
2.446618e+01 1.715310e+00 4.555602e-07
2.446618e+01 1.852193e+00 3.472798e-07
2.446618e+01 2.000000e+00 2.303585e-07
2.497550e+01 1.000000e-03 2.647577e-04
2.497550e+01 1.079801e-03 2.841984e-04
2.497550e+01 1.165970e-03 3.049132e-04
2.497550e+01 1.259016e-03 3.269514e-04
2.497550e+01 1.359487e-03 3.503560e-04
2.497550e+01 1.467975e-03 3.751648e-04
2.497550e+01 1.585121e-03 4.014063e-04
2.497550e+01 1.711615e-03 4.290982e-04
2.497550e+01 1.848204e-03 4.582478e-04
2.497550e+01 1.995693e-03 4.888494e-04
2.497550e+01 2.154951e-03 5.208829e-04
2.497550e+01 2.326918e-03 5.543123e-04
2.497550e+01 2.512609e-03 5.890865e-04
2.497550e+01 2.713117e-03 6.251371e-04
2.497550e+01 2.929627e-03 6.623762e-04
2.497550e+01 3.163414e-03 7.006900e-04
2.497550e+01 3.415858e-03 7.399370e-04
2.497550e+01 3.688447e-03 7.799495e-04
2.497550e+01 3.982789e-03 8.205143e-04
2.497550e+01 4.300619e-03 8.613705e-04
2.497550e+01 4.643813e-03 9.022223e-04
2.497550e+01 5.014394e-03 9.427224e-04
2.497550e+01 5.414548e-03 9.824728e-04
2.497550e+01 5.846635e-03 1.021039e-03
2.497550e+01 6.313202e-03 1.057917e-03
2.497550e+01 6.817002e-03 1.092544e-03
2.497550e+01 7.361006e-03 1.124325e-03
2.497550e+01 7.948422e-03 1.152596e-03
2.497550e+01 8.582714e-03 1.176635e-03
2.497550e+01 9.267624e-03 1.195726e-03
2.497550e+01 1.000719e-02 1.209107e-03
2.497550e+01 1.080577e-02 1.216008e-03
2.497550e+01 1.166809e-02 1.215739e-03
2.497550e+01 1.259921e-02 1.207685e-03
2.497550e+01 1.360464e-02 1.191357e-03
2.497550e+01 1.469030e-02 1.166467e-03
2.497550e+01 1.586261e-02 1.133073e-03
2.497550e+01 1.712846e-02 1.091567e-03
2.497550e+01 1.849533e-02 1.042600e-03
2.497550e+01 1.997127e-02 9.875844e-04
2.497550e+01 2.156500e-02 9.284129e-04
2.497550e+01 2.328591e-02 8.669126e-04
2.497550e+01 2.514415e-02 8.055922e-04
2.497550e+01 2.715068e-02 7.471289e-04
2.497550e+01 2.931733e-02 6.935328e-04
2.497550e+01 3.165689e-02 6.462775e-04
2.497550e+01 3.418314e-02 6.062498e-04
2.497550e+01 3.691099e-02 5.728314e-04
2.497550e+01 3.985652e-02 5.439990e-04
2.497550e+01 4.303711e-02 5.163574e-04
2.497550e+01 4.647152e-02 4.857850e-04
2.497550e+01 5.017999e-02 4.487773e-04
2.497550e+01 5.418441e-02 4.150558e-04
2.497550e+01 5.850838e-02 3.959064e-04
2.497550e+01 6.317741e-02 3.752288e-04
2.497550e+01 6.821903e-02 3.529010e-04
2.497550e+01 7.366298e-02 3.283992e-04
2.497550e+01 7.954136e-02 2.979361e-04
2.497550e+01 8.588885e-02 2.650420e-04
2.497550e+01 9.274286e-02 2.295229e-04
2.497550e+01 1.001438e-01 1.911693e-04
2.497550e+01 1.081354e-01 1.693241e-04
2.497550e+01 1.167647e-01 1.550721e-04
2.497550e+01 1.260827e-01 1.396827e-04
2.497550e+01 1.361442e-01 1.230653e-04
2.497550e+01 1.470087e-01 1.068792e-04
2.497550e+01 1.587401e-01 9.688733e-05
2.497550e+01 1.714077e-01 8.609816e-05
2.497550e+01 1.850862e-01 7.444800e-05
2.497550e+01 1.998563e-01 6.186814e-05
2.497550e+01 2.158051e-01 5.528950e-05
2.497550e+01 2.330265e-01 4.958511e-05
2.497550e+01 2.516223e-01 4.342551e-05
2.497550e+01 2.717020e-01 3.677436e-05
2.497550e+01 2.933841e-01 3.154755e-05
2.497550e+01 3.167964e-01 2.838844e-05
2.497550e+01 3.420771e-01 2.497723e-05
2.497550e+01 3.693752e-01 2.129380e-05
2.497550e+01 3.988518e-01 1.748894e-05
2.497550e+01 4.306805e-01 1.580018e-05
2.497550e+01 4.650493e-01 1.397665e-05
2.497550e+01 5.021607e-01 1.200761e-05
2.497550e+01 5.422336e-01 9.881429e-06
2.497550e+01 5.855044e-01 8.537890e-06
2.497550e+01 6.322283e-01 7.530921e-06
2.497550e+01 6.826808e-01 6.443594e-06
2.497550e+01 7.371594e-01 5.269498e-06
2.497550e+01 7.959855e-01 4.246303e-06
2.497550e+01 8.595059e-01 3.717008e-06
2.497550e+01 9.280954e-01 3.145474e-06
2.497550e+01 1.002158e+00 2.528332e-06
2.497550e+01 1.082132e+00 1.861940e-06
2.497550e+01 1.168487e+00 1.586184e-06
2.497550e+01 1.261733e+00 1.326221e-06
2.497550e+01 1.362421e+00 1.045514e-06
2.497550e+01 1.471144e+00 7.424051e-07
2.497550e+01 1.588542e+00 5.458574e-07
2.497550e+01 1.715310e+00 4.481012e-07
2.497550e+01 1.852193e+00 3.425440e-07
2.497550e+01 2.000000e+00 2.285632e-07
2.549501e+01 1.000000e-03 2.449923e-04
2.549501e+01 1.079801e-03 2.629880e-04
2.549501e+01 1.165970e-03 2.821643e-04
2.549501e+01 1.259016e-03 3.025670e-04
2.549501e+01 1.359487e-03 3.242363e-04
2.549501e+01 1.467975e-03 3.472074e-04
2.549501e+01 1.585121e-03 3.715069e-04
2.549501e+01 1.711615e-03 3.971512e-04
2.549501e+01 1.848204e-03 4.241472e-04
2.549501e+01 1.995693e-03 4.524893e-04
2.549501e+01 2.154951e-03 4.821587e-04
2.549501e+01 2.326918e-03 5.131217e-04
2.549501e+01 2.512609e-03 5.453302e-04
2.549501e+01 2.713117e-03 5.787205e-04
2.549501e+01 2.929627e-03 6.132103e-04
2.549501e+01 3.163414e-03 6.486940e-04
2.549501e+01 3.415858e-03 6.850409e-04
2.549501e+01 3.688447e-03 7.220957e-04
2.549501e+01 3.982789e-03 7.596615e-04
2.549501e+01 4.300619e-03 7.974971e-04
2.549501e+01 4.643813e-03 8.353287e-04
2.549501e+01 5.014394e-03 8.728347e-04
2.549501e+01 5.414548e-03 9.096463e-04
2.549501e+01 5.846635e-03 9.453605e-04
2.549501e+01 6.313202e-03 9.795118e-04
2.549501e+01 6.817002e-03 1.011578e-03
2.549501e+01 7.361006e-03 1.041008e-03
2.549501e+01 7.948422e-03 1.067188e-03
2.549501e+01 8.582714e-03 1.089450e-03
2.549501e+01 9.267624e-03 1.107130e-03
2.549501e+01 1.000719e-02 1.119523e-03
2.549501e+01 1.080577e-02 1.125915e-03
2.549501e+01 1.166809e-02 1.125668e-03
2.549501e+01 1.259921e-02 1.118213e-03
2.549501e+01 1.360464e-02 1.103097e-03
2.549501e+01 1.469030e-02 1.080052e-03
2.549501e+01 1.586261e-02 1.049133e-03
2.549501e+01 1.712846e-02 1.010703e-03
2.549501e+01 1.849533e-02 9.653646e-04
2.549501e+01 1.997127e-02 9.144257e-04
2.549501e+01 2.156500e-02 8.596384e-04
2.549501e+01 2.328591e-02 8.026946e-04
2.549501e+01 2.514415e-02 7.459172e-04
2.549501e+01 2.715068e-02 6.917850e-04
2.549501e+01 2.931733e-02 6.421592e-04
2.549501e+01 3.165689e-02 5.984046e-04
2.549501e+01 3.418314e-02 5.613420e-04
2.549501e+01 3.691099e-02 5.303990e-04
2.549501e+01 3.985652e-02 5.037023e-04
2.549501e+01 4.303711e-02 4.781083e-04
2.549501e+01 4.647152e-02 4.498005e-04
2.549501e+01 5.017999e-02 4.155343e-04
2.549501e+01 5.418441e-02 3.843275e-04
2.549501e+01 5.850838e-02 3.666432e-04
2.549501e+01 6.317741e-02 3.475477e-04
2.549501e+01 6.821903e-02 3.269283e-04
2.549501e+01 7.366298e-02 3.042951e-04
2.549501e+01 7.954136e-02 2.760941e-04
2.549501e+01 8.588885e-02 2.456427e-04
2.549501e+01 9.274286e-02 2.127613e-04
2.549501e+01 1.001438e-01 1.772559e-04
2.549501e+01 1.081354e-01 1.570360e-04
2.549501e+01 1.167647e-01 1.438471e-04
2.549501e+01 1.260827e-01 1.296058e-04
2.549501e+01 1.361442e-01 1.142280e-04
2.549501e+01 1.470087e-01 9.925402e-05
2.549501e+01 1.587401e-01 9.003305e-05
2.549501e+01 1.714077e-01 8.007624e-05
2.549501e+01 1.850862e-01 6.932487e-05
2.549501e+01 1.998563e-01 5.771552e-05
2.549501e+01 2.158051e-01 5.162700e-05
2.549501e+01 2.330265e-01 4.634041e-05
2.549501e+01 2.516223e-01 4.063194e-05
2.549501e+01 2.717020e-01 3.446793e-05
2.549501e+01 2.933841e-01 2.961596e-05
2.549501e+01 3.167964e-01 2.666948e-05
2.549501e+01 3.420771e-01 2.348786e-05
2.549501e+01 3.693752e-01 2.005235e-05
2.549501e+01 3.988518e-01 1.650294e-05
2.549501e+01 4.306805e-01 1.491809e-05
2.549501e+01 4.650493e-01 1.320677e-05
2.549501e+01 5.021607e-01 1.135888e-05
2.549501e+01 5.422336e-01 9.363533e-06
2.549501e+01 5.855044e-01 8.099426e-06
2.549501e+01 6.322283e-01 7.149411e-06
2.549501e+01 6.826808e-01 6.123583e-06
2.549501e+01 7.371594e-01 5.015893e-06
2.549501e+01 7.959855e-01 4.049990e-06
2.549501e+01 8.595059e-01 3.548639e-06
2.549501e+01 9.280954e-01 3.007280e-06
2.549501e+01 1.002158e+00 2.422719e-06
2.549501e+01 1.082132e+00 1.791511e-06
2.549501e+01 1.168487e+00 1.528759e-06
2.549501e+01 1.261733e+00 1.280712e-06
2.549501e+01 1.362421e+00 1.012871e-06
2.549501e+01 1.471144e+00 7.236549e-07
2.549501e+01 1.588542e+00 5.352184e-07
2.549501e+01 1.715310e+00 4.401878e-07
2.549501e+01 1.852193e+00 3.375736e-07
2.549501e+01 2.000000e+00 2.267708e-07
2.602491e+01 1.000000e-03 2.257909e-04
2.602491e+01 1.079801e-03 2.423820e-04
2.602491e+01 1.165970e-03 2.600626e-04
2.602491e+01 1.259016e-03 2.788754e-04
2.602491e+01 1.359487e-03 2.988575e-04
2.602491e+01 1.467975e-03 3.200416e-04
2.602491e+01 1.585121e-03 3.424524e-04
2.602491e+01 1.711615e-03 3.661053e-04
2.602491e+01 1.848204e-03 3.910064e-04
2.602491e+01 1.995693e-03 4.171508e-04
2.602491e+01 2.154951e-03 4.445206e-04
2.602491e+01 2.326918e-03 4.730844e-04
2.602491e+01 2.512609e-03 5.027973e-04
2.602491e+01 2.713117e-03 5.336000e-04
2.602491e+01 2.929627e-03 5.654159e-04
2.602491e+01 3.163414e-03 5.981473e-04
2.602491e+01 3.415858e-03 6.316738e-04
2.602491e+01 3.688447e-03 6.658525e-04
2.602491e+01 3.982789e-03 7.005019e-04
2.602491e+01 4.300619e-03 7.353998e-04
2.602491e+01 4.643813e-03 7.702943e-04
2.602491e+01 5.014394e-03 8.048887e-04
2.602491e+01 5.414548e-03 8.388425e-04
2.602491e+01 5.846635e-03 8.717836e-04
2.602491e+01 6.313202e-03 9.032827e-04
2.602491e+01 6.817002e-03 9.328580e-04
2.602491e+01 7.361006e-03 9.600032e-04
2.602491e+01 7.948422e-03 9.841502e-04
2.602491e+01 8.582714e-03 1.004684e-03
2.602491e+01 9.267624e-03 1.020991e-03
2.602491e+01 1.000719e-02 1.032423e-03
2.602491e+01 1.080577e-02 1.038321e-03
2.602491e+01 1.166809e-02 1.038095e-03
2.602491e+01 1.259921e-02 1.031222e-03
2.602491e+01 1.360464e-02 1.017283e-03
2.602491e+01 1.469030e-02 9.960321e-04
2.602491e+01 1.586261e-02 9.675198e-04
2.602491e+01 1.712846e-02 9.320805e-04
2.602491e+01 1.849533e-02 8.902701e-04
2.602491e+01 1.997127e-02 8.432947e-04
2.602491e+01 2.156500e-02 7.927700e-04
2.602491e+01 2.328591e-02 7.402564e-04
2.602491e+01 2.514415e-02 6.878959e-04
2.602491e+01 2.715068e-02 6.379747e-04
2.602491e+01 2.931733e-02 5.922093e-04
2.602491e+01 3.165689e-02 5.518582e-04
2.602491e+01 3.418314e-02 5.176786e-04
2.602491e+01 3.691099e-02 4.891425e-04
2.602491e+01 3.985652e-02 4.645224e-04
2.602491e+01 4.303711e-02 4.409191e-04
2.602491e+01 4.647152e-02 4.148133e-04
2.602491e+01 5.017999e-02 3.832125e-04
2.602491e+01 5.418441e-02 3.544510e-04
2.602491e+01 5.850838e-02 3.381918e-04
2.602491e+01 6.317741e-02 3.206352e-04
2.602491e+01 6.821903e-02 3.016775e-04
2.602491e+01 7.366298e-02 2.808610e-04
2.602491e+01 7.954136e-02 2.548505e-04
2.602491e+01 8.588885e-02 2.267642e-04
2.602491e+01 9.274286e-02 1.964367e-04
2.602491e+01 1.001438e-01 1.636890e-04
2.602491e+01 1.081354e-01 1.450483e-04
2.602491e+01 1.167647e-01 1.328972e-04
2.602491e+01 1.260827e-01 1.197764e-04
2.602491e+01 1.361442e-01 1.056086e-04
2.602491e+01 1.470087e-01 9.181666e-05
2.602491e+01 1.587401e-01 8.334148e-05
2.602491e+01 1.714077e-01 7.418997e-05
2.602491e+01 1.850862e-01 6.430816e-05
2.602491e+01 1.998563e-01 5.363778e-05
2.602491e+01 2.158051e-01 4.802437e-05
2.602491e+01 2.330265e-01 4.314319e-05
2.602491e+01 2.516223e-01 3.787249e-05
2.602491e+01 2.717020e-01 3.218119e-05
2.602491e+01 2.933841e-01 2.769389e-05
2.602491e+01 3.167964e-01 2.495593e-05
2.602491e+01 3.420771e-01 2.199949e-05
2.602491e+01 3.693752e-01 1.880711e-05
2.602491e+01 3.988518e-01 1.550835e-05
2.602491e+01 4.306805e-01 1.402745e-05
2.602491e+01 4.650493e-01 1.242837e-05
2.602491e+01 5.021607e-01 1.070168e-05
2.602491e+01 5.422336e-01 8.837205e-06
2.602491e+01 5.855044e-01 7.652906e-06
2.602491e+01 6.322283e-01 6.760404e-06
2.602491e+01 6.826808e-01 5.796679e-06
2.602491e+01 7.371594e-01 4.756048e-06
2.602491e+01 7.959855e-01 3.848072e-06
2.602491e+01 8.595059e-01 3.375192e-06
2.602491e+01 9.280954e-01 2.864577e-06
2.602491e+01 1.002158e+00 2.313213e-06
2.602491e+01 1.082132e+00 1.717850e-06
2.602491e+01 1.168487e+00 1.468625e-06
2.602491e+01 1.261733e+00 1.233038e-06
2.602491e+01 1.362421e+00 9.786517e-07
2.602491e+01 1.471144e+00 7.039647e-07
2.602491e+01 1.588542e+00 5.240458e-07
2.602491e+01 1.715310e+00 4.319346e-07
2.602491e+01 1.852193e+00 3.324729e-07
2.602491e+01 2.000000e+00 2.250740e-07
2.656541e+01 1.000000e-03 2.071331e-04
2.656541e+01 1.079801e-03 2.223585e-04
2.656541e+01 1.165970e-03 2.385849e-04
2.656541e+01 1.259016e-03 2.558515e-04
2.656541e+01 1.359487e-03 2.741927e-04
2.656541e+01 1.467975e-03 2.936387e-04
2.656541e+01 1.585121e-03 3.142123e-04
2.656541e+01 1.711615e-03 3.359278e-04
2.656541e+01 1.848204e-03 3.587908e-04
2.656541e+01 1.995693e-03 3.827968e-04
2.656541e+01 2.154951e-03 4.079290e-04
2.656541e+01 2.326918e-03 4.341583e-04
2.656541e+01 2.512609e-03 4.614431e-04
2.656541e+01 2.713117e-03 4.897282e-04
2.656541e+01 2.929627e-03 5.189428e-04
2.656541e+01 3.163414e-03 5.489968e-04
2.656541e+01 3.415858e-03 5.797797e-04
2.656541e+01 3.688447e-03 6.111605e-04
2.656541e+01 3.982789e-03 6.429729e-04
2.656541e+01 4.300619e-03 6.750133e-04
2.656541e+01 4.643813e-03 7.070507e-04
2.656541e+01 5.014394e-03 7.388128e-04
2.656541e+01 5.414548e-03 7.699867e-04
2.656541e+01 5.846635e-03 8.002303e-04
2.656541e+01 6.313202e-03 8.291496e-04
2.656541e+01 6.817002e-03 8.563024e-04
2.656541e+01 7.361006e-03 8.812243e-04
2.656541e+01 7.948422e-03 9.033939e-04
2.656541e+01 8.582714e-03 9.222463e-04
2.656541e+01 9.267624e-03 9.372191e-04
2.656541e+01 1.000719e-02 9.477157e-04
2.656541e+01 1.080577e-02 9.531317e-04
2.656541e+01 1.166809e-02 9.529264e-04
2.656541e+01 1.259921e-02 9.466193e-04
2.656541e+01 1.360464e-02 9.338257e-04
2.656541e+01 1.469030e-02 9.143195e-04
2.656541e+01 1.586261e-02 8.881475e-04
2.656541e+01 1.712846e-02 8.556167e-04
2.656541e+01 1.849533e-02 8.172373e-04
2.656541e+01 1.997127e-02 7.741163e-04
2.656541e+01 2.156500e-02 7.277371e-04
2.656541e+01 2.328591e-02 6.795319e-04
2.656541e+01 2.514415e-02 6.314671e-04
2.656541e+01 2.715068e-02 5.856413e-04
2.656541e+01 2.931733e-02 5.436304e-04
2.656541e+01 3.165689e-02 5.065894e-04
2.656541e+01 3.418314e-02 4.752136e-04
2.656541e+01 3.691099e-02 4.490183e-04
2.656541e+01 3.985652e-02 4.264177e-04
2.656541e+01 4.303711e-02 4.047506e-04
2.656541e+01 4.647152e-02 3.807863e-04
2.656541e+01 5.017999e-02 3.517777e-04
2.656541e+01 5.418441e-02 3.253936e-04
2.656541e+01 5.850838e-02 3.105183e-04
2.656541e+01 6.317741e-02 2.944560e-04
2.656541e+01 6.821903e-02 2.771119e-04
2.656541e+01 7.366298e-02 2.580596e-04
2.656541e+01 7.954136e-02 2.341771e-04
2.656541e+01 8.588885e-02 2.083887e-04
2.656541e+01 9.274286e-02 1.805424e-04
2.656541e+01 1.001438e-01 1.504740e-04
2.656541e+01 1.081354e-01 1.333667e-04
2.656541e+01 1.167647e-01 1.222228e-04
2.656541e+01 1.260827e-01 1.101896e-04
2.656541e+01 1.361442e-01 9.719613e-05
2.656541e+01 1.470087e-01 8.455150e-05
2.656541e+01 1.587401e-01 7.680065e-05
2.656541e+01 1.714077e-01 6.843128e-05
2.656541e+01 1.850862e-01 5.939403e-05
2.656541e+01 1.998563e-01 4.963559e-05
2.656541e+01 2.158051e-01 4.448234e-05
2.656541e+01 2.330265e-01 3.999327e-05
2.656541e+01 2.516223e-01 3.514597e-05
2.656541e+01 2.717020e-01 2.991184e-05
2.656541e+01 2.933841e-01 2.577866e-05
2.656541e+01 3.167964e-01 2.324571e-05
2.656541e+01 3.420771e-01 2.051064e-05
2.656541e+01 3.693752e-01 1.755730e-05
2.656541e+01 3.988518e-01 1.450504e-05
2.656541e+01 4.306805e-01 1.312734e-05
2.656541e+01 4.650493e-01 1.163971e-05
2.656541e+01 5.021607e-01 1.003336e-05
2.656541e+01 5.422336e-01 8.298826e-06
2.656541e+01 5.855044e-01 7.194555e-06
2.656541e+01 6.322283e-01 6.360375e-06
2.656541e+01 6.826808e-01 5.459626e-06
2.656541e+01 7.371594e-01 4.486997e-06
2.656541e+01 7.959855e-01 3.637981e-06
2.656541e+01 8.595059e-01 3.194723e-06
2.656541e+01 9.280954e-01 2.716091e-06
2.656541e+01 1.002158e+00 2.199265e-06
2.656541e+01 1.082132e+00 1.641195e-06
2.656541e+01 1.168487e+00 1.405886e-06
2.656541e+01 1.261733e+00 1.183080e-06
2.656541e+01 1.362421e+00 9.424952e-07
2.656541e+01 1.471144e+00 6.827111e-07
2.656541e+01 1.588542e+00 5.116601e-07
2.656541e+01 1.715310e+00 4.227992e-07
2.656541e+01 1.852193e+00 3.268472e-07
2.656541e+01 2.000000e+00 2.232381e-07
2.711672e+01 1.000000e-03 1.889795e-04
2.711672e+01 1.079801e-03 2.028753e-04
2.711672e+01 1.165970e-03 2.176857e-04
2.711672e+01 1.259016e-03 2.334468e-04
2.711672e+01 1.359487e-03 2.501899e-04
2.711672e+01 1.467975e-03 2.679430e-04
2.711672e+01 1.585121e-03 2.867271e-04
2.711672e+01 1.711615e-03 3.065551e-04
2.711672e+01 1.848204e-03 3.274325e-04
2.711672e+01 1.995693e-03 3.493549e-04
2.711672e+01 2.154951e-03 3.723069e-04
2.711672e+01 2.326918e-03 3.962615e-04
2.711672e+01 2.512609e-03 4.211803e-04
2.711672e+01 2.713117e-03 4.470125e-04
2.711672e+01 2.929627e-03 4.736927e-04
2.711672e+01 3.163414e-03 5.011384e-04
2.711672e+01 3.415858e-03 5.292487e-04
2.711672e+01 3.688447e-03 5.579041e-04
2.711672e+01 3.982789e-03 5.869530e-04
2.711672e+01 4.300619e-03 6.162097e-04
2.711672e+01 4.643813e-03 6.454639e-04
2.711672e+01 5.014394e-03 6.744670e-04
2.711672e+01 5.414548e-03 7.029329e-04
2.711672e+01 5.846635e-03 7.305490e-04
2.711672e+01 6.313202e-03 7.569553e-04
2.711672e+01 6.817002e-03 7.817485e-04
2.711672e+01 7.361006e-03 8.045047e-04
2.711672e+01 7.948422e-03 8.247482e-04
2.711672e+01 8.582714e-03 8.419629e-04
2.711672e+01 9.267624e-03 8.556355e-04
2.711672e+01 1.000719e-02 8.652210e-04
2.711672e+01 1.080577e-02 8.701679e-04
2.711672e+01 1.166809e-02 8.699824e-04
2.711672e+01 1.259921e-02 8.642260e-04
2.711672e+01 1.360464e-02 8.525475e-04
2.711672e+01 1.469030e-02 8.347404e-04
2.711672e+01 1.586261e-02 8.108476e-04
2.711672e+01 1.712846e-02 7.811492e-04
2.711672e+01 1.849533e-02 7.461111e-04
2.711672e+01 1.997127e-02 7.067438e-04
2.711672e+01 2.156500e-02 6.644017e-04
2.711672e+01 2.328591e-02 6.203924e-04
2.711672e+01 2.514415e-02 5.765111e-04
2.711672e+01 2.715068e-02 5.346739e-04
2.711672e+01 2.931733e-02 4.963193e-04
2.711672e+01 3.165689e-02 4.625020e-04
2.711672e+01 3.418314e-02 4.338568e-04
2.711672e+01 3.691099e-02 4.099413e-04
2.711672e+01 3.985652e-02 3.893076e-04
2.711672e+01 4.303711e-02 3.695261e-04
2.711672e+01 4.647152e-02 3.476473e-04
2.711672e+01 5.017999e-02 3.211634e-04
2.711672e+01 5.418441e-02 2.970942e-04
2.711672e+01 5.850838e-02 2.835657e-04
2.711672e+01 6.317741e-02 2.689577e-04
2.711672e+01 6.821903e-02 2.531839e-04
2.711672e+01 7.366298e-02 2.358487e-04
2.711672e+01 7.954136e-02 2.140396e-04
2.711672e+01 8.588885e-02 1.904902e-04
2.711672e+01 9.274286e-02 1.650614e-04
2.711672e+01 1.001438e-01 1.376034e-04
2.711672e+01 1.081354e-01 1.219894e-04
2.711672e+01 1.167647e-01 1.118256e-04
2.711672e+01 1.260827e-01 1.008508e-04
2.711672e+01 1.361442e-01 8.900006e-05
2.711672e+01 1.470087e-01 7.747064e-05
2.711672e+01 1.587401e-01 7.041820e-05
2.711672e+01 1.714077e-01 6.280297e-05
2.711672e+01 1.850862e-01 5.458004e-05
2.711672e+01 1.998563e-01 4.570091e-05
2.711672e+01 2.158051e-01 4.099489e-05
2.711672e+01 2.330265e-01 3.688841e-05
2.711672e+01 2.516223e-01 3.245423e-05
2.711672e+01 2.717020e-01 2.766620e-05
2.711672e+01 2.933841e-01 2.387823e-05
2.711672e+01 3.167964e-01 2.154461e-05
2.711672e+01 3.420771e-01 1.902477e-05
2.711672e+01 3.693752e-01 1.630383e-05
2.711672e+01 3.988518e-01 1.349141e-05
2.711672e+01 4.306805e-01 1.221697e-05
2.711672e+01 4.650493e-01 1.084083e-05
2.711672e+01 5.021607e-01 9.354863e-06
2.711672e+01 5.422336e-01 7.750319e-06
2.711672e+01 5.855044e-01 6.726520e-06
2.711672e+01 6.322283e-01 5.951322e-06
2.711672e+01 6.826808e-01 5.114263e-06
2.711672e+01 7.371594e-01 4.210405e-06
2.711672e+01 7.959855e-01 3.421056e-06
2.711672e+01 8.595059e-01 3.007888e-06
2.711672e+01 9.280954e-01 2.561748e-06
2.711672e+01 1.002158e+00 2.080006e-06
2.711672e+01 1.082132e+00 1.559820e-06
2.711672e+01 1.168487e+00 1.339043e-06
2.711672e+01 1.261733e+00 1.129684e-06
2.711672e+01 1.362421e+00 9.036183e-07
2.711672e+01 1.471144e+00 6.595121e-07
2.711672e+01 1.588542e+00 4.978429e-07
2.711672e+01 1.715310e+00 4.125048e-07
2.711672e+01 1.852193e+00 3.203566e-07
2.711672e+01 2.000000e+00 2.208549e-07
2.767905e+01 1.000000e-03 1.713633e-04
2.767905e+01 1.079801e-03 1.839682e-04
2.767905e+01 1.165970e-03 1.974037e-04
2.767905e+01 1.259016e-03 2.117025e-04
2.767905e+01 1.359487e-03 2.268935e-04
2.767905e+01 1.467975e-03 2.430022e-04
2.767905e+01 1.585121e-03 2.600476e-04
2.767905e+01 1.711615e-03 2.780418e-04
2.767905e+01 1.848204e-03 2.969898e-04
2.767905e+01 1.995693e-03 3.168874e-04
2.767905e+01 2.154951e-03 3.377206e-04
2.767905e+01 2.326918e-03 3.594645e-04
2.767905e+01 2.512609e-03 3.820841e-04
2.767905e+01 2.713117e-03 4.055325e-04
2.767905e+01 2.929627e-03 4.297501e-04
2.767905e+01 3.163414e-03 4.546614e-04
2.767905e+01 3.415858e-03 4.801750e-04
2.767905e+01 3.688447e-03 5.061824e-04
2.767905e+01 3.982789e-03 5.325463e-04
2.767905e+01 4.300619e-03 5.590986e-04
2.767905e+01 4.643813e-03 5.856487e-04
2.767905e+01 5.014394e-03 6.119713e-04
2.767905e+01 5.414548e-03 6.378062e-04
2.767905e+01 5.846635e-03 6.628695e-04
2.767905e+01 6.313202e-03 6.868344e-04
2.767905e+01 6.817002e-03 7.093351e-04
2.767905e+01 7.361006e-03 7.299874e-04
2.767905e+01 7.948422e-03 7.483595e-04
2.767905e+01 8.582714e-03 7.639832e-04
2.767905e+01 9.267624e-03 7.763924e-04
2.767905e+01 1.000719e-02 7.850927e-04
2.767905e+01 1.080577e-02 7.895837e-04
2.767905e+01 1.166809e-02 7.894172e-04
2.767905e+01 1.259921e-02 7.841955e-04
2.767905e+01 1.360464e-02 7.736000e-04
2.767905e+01 1.469030e-02 7.574432e-04
2.767905e+01 1.586261e-02 7.357640e-04
2.767905e+01 1.712846e-02 7.088167e-04
2.767905e+01 1.849533e-02 6.770238e-04
2.767905e+01 1.997127e-02 6.413026e-04
2.767905e+01 2.156500e-02 6.028818e-04
2.767905e+01 2.328591e-02 5.629480e-04
2.767905e+01 2.514415e-02 5.231303e-04
2.767905e+01 2.715068e-02 4.851672e-04
2.767905e+01 2.931733e-02 4.503642e-04
2.767905e+01 3.165689e-02 4.196783e-04
2.767905e+01 3.418314e-02 3.936854e-04
2.767905e+01 3.691099e-02 3.719843e-04
2.767905e+01 3.985652e-02 3.532611e-04
2.767905e+01 4.303711e-02 3.353111e-04
2.767905e+01 4.647152e-02 3.154582e-04
2.767905e+01 5.017999e-02 2.914264e-04
2.767905e+01 5.418441e-02 2.696029e-04
2.767905e+01 5.850838e-02 2.573742e-04
2.767905e+01 6.317741e-02 2.441697e-04
2.767905e+01 6.821903e-02 2.299115e-04
2.767905e+01 7.366298e-02 2.142355e-04
2.767905e+01 7.954136e-02 1.944503e-04
2.767905e+01 8.588885e-02 1.730862e-04
2.767905e+01 9.274286e-02 1.500172e-04
2.767905e+01 1.001438e-01 1.251073e-04
2.767905e+01 1.081354e-01 1.109383e-04
2.767905e+01 1.167647e-01 1.017116e-04
2.767905e+01 1.260827e-01 9.174861e-05
2.767905e+01 1.361442e-01 8.099055e-05
2.767905e+01 1.470087e-01 7.052943e-05
2.767905e+01 1.587401e-01 6.415542e-05
2.767905e+01 1.714077e-01 5.727277e-05
2.767905e+01 1.850862e-01 4.984087e-05
2.767905e+01 1.998563e-01 4.181589e-05
2.767905e+01 2.158051e-01 3.754419e-05
2.767905e+01 2.330265e-01 3.380922e-05
2.767905e+01 2.516223e-01 2.977619e-05
2.767905e+01 2.717020e-01 2.542132e-05
2.767905e+01 2.933841e-01 2.197040e-05
2.767905e+01 3.167964e-01 1.983463e-05
2.767905e+01 3.420771e-01 1.752843e-05
2.767905e+01 3.693752e-01 1.503818e-05
2.767905e+01 3.988518e-01 1.246391e-05
2.767905e+01 4.306805e-01 1.129304e-05
2.767905e+01 4.650493e-01 1.002874e-05
2.767905e+01 5.021607e-01 8.663538e-06
2.767905e+01 5.422336e-01 7.189394e-06
2.767905e+01 5.855044e-01 6.246587e-06
2.767905e+01 6.322283e-01 5.530971e-06
2.767905e+01 6.826808e-01 4.758248e-06
2.767905e+01 7.371594e-01 3.923860e-06
2.767905e+01 7.959855e-01 3.194997e-06
2.767905e+01 8.595059e-01 2.812953e-06
2.767905e+01 9.280954e-01 2.400422e-06
2.767905e+01 1.002158e+00 1.954971e-06
2.767905e+01 1.082132e+00 1.473972e-06
2.767905e+01 1.168487e+00 1.268187e-06
2.767905e+01 1.261733e+00 1.072689e-06
2.767905e+01 1.362421e+00 8.615894e-07
2.767905e+01 1.471144e+00 6.336442e-07
2.767905e+01 1.588542e+00 4.818483e-07
2.767905e+01 1.715310e+00 4.005370e-07
2.767905e+01 1.852193e+00 3.127369e-07
2.767905e+01 2.000000e+00 2.179303e-07
2.825263e+01 1.000000e-03 1.541957e-04
2.825263e+01 1.079801e-03 1.655419e-04
2.825263e+01 1.165970e-03 1.776364e-04
2.825263e+01 1.259016e-03 1.905091e-04
2.825263e+01 1.359487e-03 2.041861e-04
2.825263e+01 1.467975e-03 2.186903e-04
2.825263e+01 1.585121e-03 2.340394e-04
2.825263e+01 1.711615e-03 2.502441e-04
2.825263e+01 1.848204e-03 2.673090e-04
2.825263e+01 1.995693e-03 2.852304e-04
2.825263e+01 2.154951e-03 3.039955e-04
2.825263e+01 2.326918e-03 3.235816e-04
2.825263e+01 2.512609e-03 3.439568e-04
2.825263e+01 2.713117e-03 3.650786e-04
2.825263e+01 2.929627e-03 3.868926e-04
2.825263e+01 3.163414e-03 4.093306e-04
2.825263e+01 3.415858e-03 4.323101e-04
2.825263e+01 3.688447e-03 4.557337e-04
2.825263e+01 3.982789e-03 4.794775e-04
2.825263e+01 4.300619e-03 5.033907e-04
2.825263e+01 4.643813e-03 5.273022e-04
2.825263e+01 5.014394e-03 5.510091e-04
2.825263e+01 5.414548e-03 5.742767e-04
2.825263e+01 5.846635e-03 5.968490e-04
2.825263e+01 6.313202e-03 6.184316e-04
2.825263e+01 6.817002e-03 6.386954e-04
2.825263e+01 7.361006e-03 6.572948e-04
2.825263e+01 7.948422e-03 6.738409e-04
2.825263e+01 8.582714e-03 6.879121e-04
2.825263e+01 9.267624e-03 6.990884e-04
2.825263e+01 1.000719e-02 7.069248e-04
2.825263e+01 1.080577e-02 7.109706e-04
2.825263e+01 1.166809e-02 7.108225e-04
2.825263e+01 1.259921e-02 7.061222e-04
2.825263e+01 1.360464e-02 6.965829e-04
2.825263e+01 1.469030e-02 6.820358e-04
2.825263e+01 1.586261e-02 6.625159e-04
2.825263e+01 1.712846e-02 6.382522e-04
2.825263e+01 1.849533e-02 6.096252e-04
2.825263e+01 1.997127e-02 5.774608e-04
2.825263e+01 2.156500e-02 5.428655e-04
2.825263e+01 2.328591e-02 5.069076e-04
2.825263e+01 2.514415e-02 4.710540e-04
2.825263e+01 2.715068e-02 4.368704e-04
2.825263e+01 2.931733e-02 4.055321e-04
2.825263e+01 3.165689e-02 3.779010e-04
2.825263e+01 3.418314e-02 3.544957e-04
2.825263e+01 3.691099e-02 3.349548e-04
2.825263e+01 3.985652e-02 3.180954e-04
2.825263e+01 4.303711e-02 3.019323e-04
2.825263e+01 4.647152e-02 2.840556e-04
2.825263e+01 5.017999e-02 2.624162e-04
2.825263e+01 5.418441e-02 2.427824e-04
2.825263e+01 5.850838e-02 2.318192e-04
2.825263e+01 6.317741e-02 2.199811e-04
2.825263e+01 6.821903e-02 2.071983e-04
2.825263e+01 7.366298e-02 1.931376e-04
2.825263e+01 7.954136e-02 1.753222e-04
2.825263e+01 8.588885e-02 1.560850e-04
2.825263e+01 9.274286e-02 1.353128e-04
2.825263e+01 1.001438e-01 1.128829e-04
2.825263e+01 1.081354e-01 1.001286e-04
2.825263e+01 1.167647e-01 9.182684e-05
2.825263e+01 1.260827e-01 8.286255e-05
2.825263e+01 1.361442e-01 7.318290e-05
2.825263e+01 1.470087e-01 6.377213e-05
2.825263e+01 1.587401e-01 5.804617e-05
2.825263e+01 1.714077e-01 5.186328e-05
2.825263e+01 1.850862e-01 4.518699e-05
2.825263e+01 1.998563e-01 3.797792e-05
2.825263e+01 2.158051e-01 3.412786e-05
2.825263e+01 2.330265e-01 3.075642e-05
2.825263e+01 2.516223e-01 2.711593e-05
2.825263e+01 2.717020e-01 2.318493e-05
2.825263e+01 2.933841e-01 2.006455e-05
2.825263e+01 3.167964e-01 1.812412e-05
2.825263e+01 3.420771e-01 1.602883e-05
2.825263e+01 3.693752e-01 1.376634e-05
2.825263e+01 3.988518e-01 1.142721e-05
2.825263e+01 4.306805e-01 1.035903e-05
2.825263e+01 4.650493e-01 9.205607e-06
2.825263e+01 5.021607e-01 7.960138e-06
2.825263e+01 5.422336e-01 6.615280e-06
2.825263e+01 5.855044e-01 5.754081e-06
2.825263e+01 6.322283e-01 5.099560e-06
2.825263e+01 6.826808e-01 4.392807e-06
2.825263e+01 7.371594e-01 3.629655e-06
2.825263e+01 7.959855e-01 2.962613e-06
2.825263e+01 8.595059e-01 2.611799e-06
2.825263e+01 9.280954e-01 2.232990e-06
2.825263e+01 1.002158e+00 1.823951e-06
2.825263e+01 1.082132e+00 1.382270e-06
2.825263e+01 1.168487e+00 1.192174e-06
2.825263e+01 1.261733e+00 1.011337e-06
2.825263e+01 1.362421e+00 8.160695e-07
2.825263e+01 1.471144e+00 6.052193e-07
2.825263e+01 1.588542e+00 4.639377e-07
2.825263e+01 1.715310e+00 3.870236e-07
2.825263e+01 1.852193e+00 3.039716e-07
2.825263e+01 2.000000e+00 2.142921e-07
2.883769e+01 1.000000e-03 1.375313e-04
2.883769e+01 1.079801e-03 1.476548e-04
2.883769e+01 1.165970e-03 1.584467e-04
2.883769e+01 1.259016e-03 1.699339e-04
2.883769e+01 1.359487e-03 1.821398e-04
2.883769e+01 1.467975e-03 1.950850e-04
2.883769e+01 1.585121e-03 2.087854e-04
2.883769e+01 1.711615e-03 2.232506e-04
2.883769e+01 1.848204e-03 2.384850e-04
2.883769e+01 1.995693e-03 2.544851e-04
2.883769e+01 2.154951e-03 2.712394e-04
2.883769e+01 2.326918e-03 2.887275e-04
2.883769e+01 2.512609e-03 3.069206e-04
2.883769e+01 2.713117e-03 3.257803e-04
2.883769e+01 2.929627e-03 3.452575e-04
2.883769e+01 3.163414e-03 3.652911e-04
2.883769e+01 3.415858e-03 3.858075e-04
2.883769e+01 3.688447e-03 4.067193e-04
2.883769e+01 3.982789e-03 4.279165e-04
2.883769e+01 4.300619e-03 4.492646e-04
2.883769e+01 4.643813e-03 4.706113e-04
2.883769e+01 5.014394e-03 4.917755e-04
2.883769e+01 5.414548e-03 5.125476e-04
2.883769e+01 5.846635e-03 5.326987e-04
2.883769e+01 6.313202e-03 5.519659e-04
2.883769e+01 6.817002e-03 5.700556e-04
2.883769e+01 7.361006e-03 5.866595e-04
2.883769e+01 7.948422e-03 6.014309e-04
2.883769e+01 8.582714e-03 6.139929e-04
2.883769e+01 9.267624e-03 6.239709e-04
2.883769e+01 1.000719e-02 6.309674e-04
2.883769e+01 1.080577e-02 6.345804e-04
2.883769e+01 1.166809e-02 6.344499e-04
2.883769e+01 1.259921e-02 6.302561e-04
2.883769e+01 1.360464e-02 6.217430e-04
2.883769e+01 1.469030e-02 6.087597e-04
2.883769e+01 1.586261e-02 5.913377e-04
2.883769e+01 1.712846e-02 5.696815e-04
2.883769e+01 1.849533e-02 5.441308e-04
2.883769e+01 1.997127e-02 5.154228e-04
2.883769e+01 2.156500e-02 4.845449e-04
2.883769e+01 2.328591e-02 4.524505e-04
2.883769e+01 2.514415e-02 4.204491e-04
2.883769e+01 2.715068e-02 3.899380e-04
2.883769e+01 2.931733e-02 3.619665e-04
2.883769e+01 3.165689e-02 3.373039e-04
2.883769e+01 3.418314e-02 3.164130e-04
2.883769e+01 3.691099e-02 2.989714e-04
2.883769e+01 3.985652e-02 2.839231e-04
2.883769e+01 4.303711e-02 2.694964e-04
2.883769e+01 4.647152e-02 2.535402e-04
2.883769e+01 5.017999e-02 2.342255e-04
2.883769e+01 5.418441e-02 2.167136e-04
2.883769e+01 5.850838e-02 2.069634e-04
2.883769e+01 6.317741e-02 1.964352e-04
2.883769e+01 6.821903e-02 1.850668e-04
2.883769e+01 7.366298e-02 1.725579e-04
2.883769e+01 7.954136e-02 1.566689e-04
2.883769e+01 8.588885e-02 1.395119e-04
2.883769e+01 9.274286e-02 1.209858e-04
2.883769e+01 1.001438e-01 1.009813e-04
2.883769e+01 1.081354e-01 8.960075e-05
2.883769e+01 1.167647e-01 8.218821e-05
2.883769e+01 1.260827e-01 7.418415e-05
2.883769e+01 1.361442e-01 6.554135e-05
2.883769e+01 1.470087e-01 5.714176e-05
2.883769e+01 1.587401e-01 5.204590e-05
2.883769e+01 1.714077e-01 4.654338e-05
2.883769e+01 1.850862e-01 4.060175e-05
2.883769e+01 1.998563e-01 3.418598e-05
2.883769e+01 2.158051e-01 3.074600e-05
2.883769e+01 2.330265e-01 2.772818e-05
2.883769e+01 2.516223e-01 2.446953e-05
2.883769e+01 2.717020e-01 2.095083e-05
2.883769e+01 2.933841e-01 1.815300e-05
2.883769e+01 3.167964e-01 1.640493e-05
2.883769e+01 3.420771e-01 1.451736e-05
2.883769e+01 3.693752e-01 1.247917e-05
2.883769e+01 3.988518e-01 1.037181e-05
2.883769e+01 4.306805e-01 9.407714e-06
2.883769e+01 4.650493e-01 8.366677e-06
2.883769e+01 5.021607e-01 7.242564e-06
2.883769e+01 5.422336e-01 6.028745e-06
2.883769e+01 5.855044e-01 5.249896e-06
2.883769e+01 6.322283e-01 4.656731e-06
2.883769e+01 6.826808e-01 4.016232e-06
2.883769e+01 7.371594e-01 3.324620e-06
2.883769e+01 7.959855e-01 2.719935e-06
2.883769e+01 8.595059e-01 2.401411e-06
2.883769e+01 9.280954e-01 2.057468e-06
2.883769e+01 1.002158e+00 1.686078e-06
2.883769e+01 1.082132e+00 1.285051e-06
2.883769e+01 1.168487e+00 1.111088e-06
2.883769e+01 1.261733e+00 9.453071e-07
2.883769e+01 1.362421e+00 7.662966e-07
2.883769e+01 1.471144e+00 5.730009e-07
2.883769e+01 1.588542e+00 4.427607e-07
2.883769e+01 1.715310e+00 3.708402e-07
2.883769e+01 1.852193e+00 2.931804e-07
2.883769e+01 2.000000e+00 2.093232e-07
2.943444e+01 1.000000e-03 1.212444e-04
2.943444e+01 1.079801e-03 1.301722e-04
2.943444e+01 1.165970e-03 1.396901e-04
2.943444e+01 1.259016e-03 1.498220e-04
2.943444e+01 1.359487e-03 1.605886e-04
2.943444e+01 1.467975e-03 1.720083e-04
2.943444e+01 1.585121e-03 1.840953e-04
2.943444e+01 1.711615e-03 1.968581e-04
2.943444e+01 1.848204e-03 2.103006e-04
2.943444e+01 1.995693e-03 2.244199e-04
2.943444e+01 2.154951e-03 2.392056e-04
2.943444e+01 2.326918e-03 2.546395e-04
2.943444e+01 2.512609e-03 2.706960e-04
2.943444e+01 2.713117e-03 2.873409e-04
2.943444e+01 2.929627e-03 3.045304e-04
2.943444e+01 3.163414e-03 3.222104e-04
2.943444e+01 3.415858e-03 3.403155e-04
2.943444e+01 3.688447e-03 3.587689e-04
2.943444e+01 3.982789e-03 3.774734e-04
2.943444e+01 4.300619e-03 3.963108e-04
2.943444e+01 4.643813e-03 4.151471e-04
2.943444e+01 5.014394e-03 4.338227e-04
2.943444e+01 5.414548e-03 4.521522e-04
2.943444e+01 5.846635e-03 4.699334e-04
2.943444e+01 6.313202e-03 4.869344e-04
2.943444e+01 6.817002e-03 5.028963e-04
2.943444e+01 7.361006e-03 5.175473e-04
2.943444e+01 7.948422e-03 5.305815e-04
2.943444e+01 8.582714e-03 5.416664e-04
2.943444e+01 9.267624e-03 5.504714e-04
2.943444e+01 1.000719e-02 5.566458e-04
2.943444e+01 1.080577e-02 5.598349e-04
2.943444e+01 1.166809e-02 5.597213e-04
2.943444e+01 1.259921e-02 5.560229e-04
2.943444e+01 1.360464e-02 5.485136e-04
2.943444e+01 1.469030e-02 5.370602e-04
2.943444e+01 1.586261e-02 5.216906e-04
2.943444e+01 1.712846e-02 5.025855e-04
2.943444e+01 1.849533e-02 4.800449e-04
2.943444e+01 1.997127e-02 4.547189e-04
2.943444e+01 2.156500e-02 4.274785e-04
2.943444e+01 2.328591e-02 3.991646e-04
2.943444e+01 2.514415e-02 3.709324e-04
2.943444e+01 2.715068e-02 3.440149e-04
2.943444e+01 2.931733e-02 3.193377e-04
2.943444e+01 3.165689e-02 2.975797e-04
2.943444e+01 3.418314e-02 2.791492e-04
2.943444e+01 3.691099e-02 2.637617e-04
2.943444e+01 3.985652e-02 2.504856e-04
2.943444e+01 4.303711e-02 2.377579e-04
2.943444e+01 4.647152e-02 2.236809e-04
2.943444e+01 5.017999e-02 2.066409e-04
2.943444e+01 5.418441e-02 1.912107e-04
2.943444e+01 5.850838e-02 1.826626e-04
2.943444e+01 6.317741e-02 1.734323e-04
2.943444e+01 6.821903e-02 1.634655e-04
2.943444e+01 7.366298e-02 1.524911e-04
2.943444e+01 7.954136e-02 1.384749e-04
2.943444e+01 8.588885e-02 1.233402e-04
2.943444e+01 9.274286e-02 1.069978e-04
2.943444e+01 1.001438e-01 8.935116e-05
2.943444e+01 1.081354e-01 7.930682e-05
2.943444e+01 1.167647e-01 7.275984e-05
2.943444e+01 1.260827e-01 6.569040e-05
2.943444e+01 1.361442e-01 5.805681e-05
2.943444e+01 1.470087e-01 5.064087e-05
2.943444e+01 1.587401e-01 4.615517e-05
2.943444e+01 1.714077e-01 4.131150e-05
2.943444e+01 1.850862e-01 3.608131e-05
2.943444e+01 1.998563e-01 3.043374e-05
2.943444e+01 2.158051e-01 2.739286e-05
2.943444e+01 2.330265e-01 2.472001e-05
2.943444e+01 2.516223e-01 2.183386e-05
2.943444e+01 2.717020e-01 1.871739e-05
2.943444e+01 2.933841e-01 1.623568e-05
2.943444e+01 3.167964e-01 1.467874e-05
2.943444e+01 3.420771e-01 1.299756e-05
2.943444e+01 3.693752e-01 1.118221e-05
2.943444e+01 3.988518e-01 9.305163e-06
2.943444e+01 4.306805e-01 8.444847e-06
2.943444e+01 4.650493e-01 7.515876e-06
2.943444e+01 5.021607e-01 6.512773e-06
2.943444e+01 5.422336e-01 5.429621e-06
2.943444e+01 5.855044e-01 4.733527e-06
2.943444e+01 6.322283e-01 4.202536e-06
2.943444e+01 6.826808e-01 3.629172e-06
2.943444e+01 7.371594e-01 3.010052e-06
2.943444e+01 7.959855e-01 2.468565e-06
2.943444e+01 8.595059e-01 2.182796e-06
2.943444e+01 9.280954e-01 1.874222e-06
2.943444e+01 1.002158e+00 1.541024e-06
2.943444e+01 1.082132e+00 1.181236e-06
2.943444e+01 1.168487e+00 1.024072e-06
2.943444e+01 1.261733e+00 8.740690e-07
2.943444e+01 1.362421e+00 7.120956e-07
2.943444e+01 1.471144e+00 5.371964e-07
2.943444e+01 1.588542e+00 4.186517e-07
2.943444e+01 1.715310e+00 3.522075e-07
2.943444e+01 1.852193e+00 2.804611e-07
2.943444e+01 2.000000e+00 2.029891e-07
3.004313e+01 1.000000e-03 1.054057e-04
3.004313e+01 1.079801e-03 1.131700e-04
3.004313e+01 1.165970e-03 1.214481e-04
3.004313e+01 1.259016e-03 1.302608e-04
3.004313e+01 1.359487e-03 1.396263e-04
3.004313e+01 1.467975e-03 1.495609e-04
3.004313e+01 1.585121e-03 1.600767e-04
3.004313e+01 1.711615e-03 1.711816e-04
3.004313e+01 1.848204e-03 1.828789e-04
3.004313e+01 1.995693e-03 1.951660e-04
3.004313e+01 2.154951e-03 2.080338e-04
3.004313e+01 2.326918e-03 2.214665e-04
3.004313e+01 2.512609e-03 2.354414e-04
3.004313e+01 2.713117e-03 2.499286e-04
3.004313e+01 2.929627e-03 2.648894e-04
3.004313e+01 3.163414e-03 2.802765e-04
3.004313e+01 3.415858e-03 2.960331e-04
3.004313e+01 3.688447e-03 3.120920e-04
3.004313e+01 3.982789e-03 3.283688e-04
3.004313e+01 4.300619e-03 3.447609e-04
3.004313e+01 4.643813e-03 3.611522e-04
3.004313e+01 5.014394e-03 3.774038e-04
3.004313e+01 5.414548e-03 3.933543e-04
3.004313e+01 5.846635e-03 4.088275e-04
3.004313e+01 6.313202e-03 4.236214e-04
3.004313e+01 6.817002e-03 4.375110e-04
3.004313e+01 7.361006e-03 4.502600e-04
3.004313e+01 7.948422e-03 4.616023e-04
3.004313e+01 8.582714e-03 4.712486e-04
3.004313e+01 9.267624e-03 4.789110e-04
3.004313e+01 1.000719e-02 4.842845e-04
3.004313e+01 1.080577e-02 4.870607e-04
3.004313e+01 1.166809e-02 4.869633e-04
3.004313e+01 1.259921e-02 4.837470e-04
3.004313e+01 1.360464e-02 4.772147e-04
3.004313e+01 1.469030e-02 4.672506e-04
3.004313e+01 1.586261e-02 4.538791e-04
3.004313e+01 1.712846e-02 4.372576e-04
3.004313e+01 1.849533e-02 4.176475e-04
3.004313e+01 1.997127e-02 3.956144e-04
3.004313e+01 2.156500e-02 3.719157e-04
3.004313e+01 2.328591e-02 3.472826e-04
3.004313e+01 2.514415e-02 3.227203e-04
3.004313e+01 2.715068e-02 2.993015e-04
3.004313e+01 2.931733e-02 2.778319e-04
3.004313e+01 3.165689e-02 2.589021e-04
3.004313e+01 3.418314e-02 2.428671e-04
3.004313e+01 3.691099e-02 2.294795e-04
3.004313e+01 3.985652e-02 2.179290e-04
3.004313e+01 4.303711e-02 2.068556e-04
3.004313e+01 4.647152e-02 1.946082e-04
3.004313e+01 5.017999e-02 1.797830e-04
3.004313e+01 5.418441e-02 1.663746e-04
3.004313e+01 5.850838e-02 1.589827e-04
3.004313e+01 6.317741e-02 1.510010e-04
3.004313e+01 6.821903e-02 1.423822e-04
3.004313e+01 7.366298e-02 1.328859e-04
3.004313e+01 7.954136e-02 1.206928e-04
3.004313e+01 8.588885e-02 1.075268e-04
3.004313e+01 9.274286e-02 9.331004e-05
3.004313e+01 1.001438e-01 7.795881e-05
3.004313e+01 1.081354e-01 6.921706e-05
3.004313e+01 1.167647e-01 6.351557e-05
3.004313e+01 1.260827e-01 5.735910e-05
3.004313e+01 1.361442e-01 5.071133e-05
3.004313e+01 1.470087e-01 4.425538e-05
3.004313e+01 1.587401e-01 4.036120e-05
3.004313e+01 1.714077e-01 3.615625e-05
3.004313e+01 1.850862e-01 3.161575e-05
3.004313e+01 1.998563e-01 2.671291e-05
3.004313e+01 2.158051e-01 2.406271e-05
3.004313e+01 2.330265e-01 2.172913e-05
3.004313e+01 2.516223e-01 1.920932e-05
3.004313e+01 2.717020e-01 1.648843e-05
3.004313e+01 2.933841e-01 1.431781e-05
3.004313e+01 3.167964e-01 1.294928e-05
3.004313e+01 3.420771e-01 1.147154e-05
3.004313e+01 3.693752e-01 9.875881e-06
3.004313e+01 3.988518e-01 8.225967e-06
3.004313e+01 4.306805e-01 7.469548e-06
3.004313e+01 4.650493e-01 6.652767e-06
3.004313e+01 5.021607e-01 5.770805e-06
3.004313e+01 5.422336e-01 4.818462e-06
3.004313e+01 5.855044e-01 4.205308e-06
3.004313e+01 6.322283e-01 3.736705e-06
3.004313e+01 6.826808e-01 3.230708e-06
3.004313e+01 7.371594e-01 2.684331e-06
3.004313e+01 7.959855e-01 2.206425e-06
3.004313e+01 8.595059e-01 1.954098e-06
3.004313e+01 9.280954e-01 1.681635e-06
3.004313e+01 1.002158e+00 1.387429e-06
3.004313e+01 1.082132e+00 1.069745e-06
3.004313e+01 1.168487e+00 9.299736e-07
3.004313e+01 1.261733e+00 7.963601e-07
3.004313e+01 1.362421e+00 6.520840e-07
3.004313e+01 1.471144e+00 4.962946e-07
3.004313e+01 1.588542e+00 3.901524e-07
3.004313e+01 1.715310e+00 3.298930e-07
3.004313e+01 1.852193e+00 2.648248e-07
3.004313e+01 2.000000e+00 1.945641e-07
3.066399e+01 1.000000e-03 8.997902e-05
3.066399e+01 1.079801e-03 9.660931e-05
3.066399e+01 1.165970e-03 1.036789e-04
3.066399e+01 1.259016e-03 1.112055e-04
3.066399e+01 1.359487e-03 1.192050e-04
3.066399e+01 1.467975e-03 1.276913e-04
3.066399e+01 1.585121e-03 1.366749e-04
3.066399e+01 1.711615e-03 1.461625e-04
3.066399e+01 1.848204e-03 1.561571e-04
3.066399e+01 1.995693e-03 1.666566e-04
3.066399e+01 2.154951e-03 1.776530e-04
3.066399e+01 2.326918e-03 1.891328e-04
3.066399e+01 2.512609e-03 2.010763e-04
3.066399e+01 2.713117e-03 2.134578e-04
3.066399e+01 2.929627e-03 2.262438e-04
3.066399e+01 3.163414e-03 2.393937e-04
3.066399e+01 3.415858e-03 2.528588e-04
3.066399e+01 3.688447e-03 2.665816e-04
3.066399e+01 3.982789e-03 2.804900e-04
3.066399e+01 4.300619e-03 2.944967e-04
3.066399e+01 4.643813e-03 3.085027e-04
3.066399e+01 5.014394e-03 3.223896e-04
3.066399e+01 5.414548e-03 3.360192e-04
3.066399e+01 5.846635e-03 3.492407e-04
3.066399e+01 6.313202e-03 3.618816e-04
3.066399e+01 6.817002e-03 3.737498e-04
3.066399e+01 7.361006e-03 3.846434e-04
3.066399e+01 7.948422e-03 3.943352e-04
3.066399e+01 8.582714e-03 4.025779e-04
3.066399e+01 9.267624e-03 4.091257e-04
3.066399e+01 1.000719e-02 4.137177e-04
3.066399e+01 1.080577e-02 4.160908e-04
3.066399e+01 1.166809e-02 4.160089e-04
3.066399e+01 1.259921e-02 4.132624e-04
3.066399e+01 1.360464e-02 4.076828e-04
3.066399e+01 1.469030e-02 3.991709e-04
3.066399e+01 1.586261e-02 3.877476e-04
3.066399e+01 1.712846e-02 3.735481e-04
3.066399e+01 1.849533e-02 3.567959e-04
3.066399e+01 1.997127e-02 3.379740e-04
3.066399e+01 2.156500e-02 3.177291e-04
3.066399e+01 2.328591e-02 2.966856e-04
3.066399e+01 2.514415e-02 2.757021e-04
3.066399e+01 2.715068e-02 2.556954e-04
3.066399e+01 2.931733e-02 2.373539e-04
3.066399e+01 3.165689e-02 2.211821e-04
3.066399e+01 3.418314e-02 2.074833e-04
3.066399e+01 3.691099e-02 1.960462e-04
3.066399e+01 3.985652e-02 1.861785e-04
3.066399e+01 4.303711e-02 1.767184e-04
3.066399e+01 4.647152e-02 1.662553e-04
3.066399e+01 5.017999e-02 1.535901e-04
3.066399e+01 5.418441e-02 1.421497e-04
3.066399e+01 5.850838e-02 1.358751e-04
3.066399e+01 6.317741e-02 1.290997e-04
3.066399e+01 6.821903e-02 1.217837e-04
3.066399e+01 7.366298e-02 1.137168e-04
3.066399e+01 7.954136e-02 1.033007e-04
3.066399e+01 8.588885e-02 9.205333e-05
3.066399e+01 9.274286e-02 7.990844e-05
3.066399e+01 1.001438e-01 6.679437e-05
3.066399e+01 1.081354e-01 5.932475e-05
3.066399e+01 1.167647e-01 5.445130e-05
3.066399e+01 1.260827e-01 4.918895e-05
3.066399e+01 1.361442e-01 4.350665e-05
3.066399e+01 1.470087e-01 3.798985e-05
3.066399e+01 1.587401e-01 3.466940e-05
3.066399e+01 1.714077e-01 3.108398e-05
3.066399e+01 1.850862e-01 2.721243e-05
3.066399e+01 1.998563e-01 2.303193e-05
3.066399e+01 2.158051e-01 2.076199e-05
3.066399e+01 2.330265e-01 1.875915e-05
3.066399e+01 2.516223e-01 1.659649e-05
3.066399e+01 2.717020e-01 1.426125e-05
3.066399e+01 2.933841e-01 1.239537e-05
3.066399e+01 3.167964e-01 1.121397e-05
3.066399e+01 3.420771e-01 9.938289e-06
3.066399e+01 3.693752e-01 8.560808e-06
3.066399e+01 3.988518e-01 7.136508e-06
3.066399e+01 4.306805e-01 6.483698e-06
3.066399e+01 4.650493e-01 5.778793e-06
3.066399e+01 5.021607e-01 5.017636e-06
3.066399e+01 5.422336e-01 4.195738e-06
3.066399e+01 5.855044e-01 3.665807e-06
3.066399e+01 6.322283e-01 3.260212e-06
3.066399e+01 6.826808e-01 2.822250e-06
3.066399e+01 7.371594e-01 2.349339e-06
3.066399e+01 7.959855e-01 1.935643e-06
3.066399e+01 8.595059e-01 1.717078e-06
3.066399e+01 9.280954e-01 1.481070e-06
3.066399e+01 1.002158e+00 1.226229e-06
3.066399e+01 1.082132e+00 9.510513e-07
3.066399e+01 1.168487e+00 8.292382e-07
3.066399e+01 1.261733e+00 7.126367e-07
3.066399e+01 1.362421e+00 5.867303e-07
3.066399e+01 1.471144e+00 4.507764e-07
3.066399e+01 1.588542e+00 3.576431e-07
3.066399e+01 1.715310e+00 3.040678e-07
3.066399e+01 1.852193e+00 2.462172e-07
3.066399e+01 2.000000e+00 1.837500e-07
3.129727e+01 1.000000e-03 7.498324e-05
3.129727e+01 1.079801e-03 8.051050e-05
3.129727e+01 1.165970e-03 8.640436e-05
3.129727e+01 1.259016e-03 9.267981e-05
3.129727e+01 1.359487e-03 9.935000e-05
3.129727e+01 1.467975e-03 1.064267e-04
3.129727e+01 1.585121e-03 1.139188e-04
3.129727e+01 1.711615e-03 1.218320e-04
3.129727e+01 1.848204e-03 1.301688e-04
3.129727e+01 1.995693e-03 1.389274e-04
3.129727e+01 2.154951e-03 1.481012e-04
3.129727e+01 2.326918e-03 1.576789e-04
3.129727e+01 2.512609e-03 1.676438e-04
3.129727e+01 2.713117e-03 1.779742e-04
3.129727e+01 2.929627e-03 1.886420e-04
3.129727e+01 3.163414e-03 1.996131e-04
3.129727e+01 3.415858e-03 2.108467e-04
3.129727e+01 3.688447e-03 2.222947e-04
3.129727e+01 3.982789e-03 2.338970e-04
3.129727e+01 4.300619e-03 2.455810e-04
3.129727e+01 4.643813e-03 2.572646e-04
3.129727e+01 5.014394e-03 2.688488e-04
3.129727e+01 5.414548e-03 2.802185e-04
3.129727e+01 5.846635e-03 2.912476e-04
3.129727e+01 6.313202e-03 3.017922e-04
3.129727e+01 6.817002e-03 3.116922e-04
3.129727e+01 7.361006e-03 3.207793e-04
3.129727e+01 7.948422e-03 3.288640e-04
3.129727e+01 8.582714e-03 3.357401e-04
3.129727e+01 9.267624e-03 3.412024e-04
3.129727e+01 1.000719e-02 3.450335e-04
3.129727e+01 1.080577e-02 3.470138e-04
3.129727e+01 1.166809e-02 3.469466e-04
3.129727e+01 1.259921e-02 3.446571e-04
3.129727e+01 1.360464e-02 3.400044e-04
3.129727e+01 1.469030e-02 3.329059e-04
3.129727e+01 1.586261e-02 3.233791e-04
3.129727e+01 1.712846e-02 3.115369e-04
3.129727e+01 1.849533e-02 2.975661e-04
3.129727e+01 1.997127e-02 2.818696e-04
3.129727e+01 2.156500e-02 2.649862e-04
3.129727e+01 2.328591e-02 2.474364e-04
3.129727e+01 2.514415e-02 2.299364e-04
3.129727e+01 2.715068e-02 2.132509e-04
3.129727e+01 2.931733e-02 1.979542e-04
3.129727e+01 3.165689e-02 1.844668e-04
3.129727e+01 3.418314e-02 1.730420e-04
3.129727e+01 3.691099e-02 1.635034e-04
3.129727e+01 3.985652e-02 1.552737e-04
3.129727e+01 4.303711e-02 1.473839e-04
3.129727e+01 4.647152e-02 1.386577e-04
3.129727e+01 5.017999e-02 1.280949e-04
3.129727e+01 5.418441e-02 1.185654e-04
3.129727e+01 5.850838e-02 1.133653e-04
3.129727e+01 6.317741e-02 1.077502e-04
3.129727e+01 6.821903e-02 1.016869e-04
3.129727e+01 7.366298e-02 9.499692e-05
3.129727e+01 7.954136e-02 8.631320e-05
3.129727e+01 8.588885e-02 7.693650e-05
3.129727e+01 9.274286e-02 6.681153e-05
3.129727e+01 1.001438e-01 5.587857e-05
3.129727e+01 1.081354e-01 4.964775e-05
3.129727e+01 1.167647e-01 4.557933e-05
3.129727e+01 1.260827e-01 4.118625e-05
3.129727e+01 1.361442e-01 3.644260e-05
3.129727e+01 1.470087e-01 3.183815e-05
3.129727e+01 1.587401e-01 2.907179e-05
3.129727e+01 1.714077e-01 2.608467e-05
3.129727e+01 1.850862e-01 2.285918e-05
3.129727e+01 1.998563e-01 1.937628e-05
3.129727e+01 2.158051e-01 1.747833e-05
3.129727e+01 2.330265e-01 1.580102e-05
3.129727e+01 2.516223e-01 1.398985e-05
3.129727e+01 2.717020e-01 1.203415e-05
3.129727e+01 2.933841e-01 1.046913e-05
3.129727e+01 3.167964e-01 9.474081e-06
3.129727e+01 3.420771e-01 8.399628e-06
3.129727e+01 3.693752e-01 7.239433e-06
3.129727e+01 3.988518e-01 6.039805e-06
3.129727e+01 4.306805e-01 5.489999e-06
3.129727e+01 4.650493e-01 4.896319e-06
3.129727e+01 5.021607e-01 4.255261e-06
3.129727e+01 5.422336e-01 3.563047e-06
3.129727e+01 5.855044e-01 3.116127e-06
3.129727e+01 6.322283e-01 2.773594e-06
3.129727e+01 6.826808e-01 2.403726e-06
3.129727e+01 7.371594e-01 2.004342e-06
3.129727e+01 7.959855e-01 1.655020e-06
3.129727e+01 8.595059e-01 1.470617e-06
3.129727e+01 9.280954e-01 1.271498e-06
3.129727e+01 1.002158e+00 1.056489e-06
3.129727e+01 1.082132e+00 8.243225e-07
3.129727e+01 1.168487e+00 7.209884e-07
3.129727e+01 1.261733e+00 6.219588e-07
3.129727e+01 1.362421e+00 5.150265e-07
3.129727e+01 1.471144e+00 3.995609e-07
3.129727e+01 1.588542e+00 3.200609e-07
3.129727e+01 1.715310e+00 2.737735e-07
3.129727e+01 1.852193e+00 2.237923e-07
3.129727e+01 2.000000e+00 1.698225e-07
3.194322e+01 1.000000e-03 6.035937e-05
3.194322e+01 1.079801e-03 6.481024e-05
3.194322e+01 1.165970e-03 6.955666e-05
3.194322e+01 1.259016e-03 7.461077e-05
3.194322e+01 1.359487e-03 7.998323e-05
3.194322e+01 1.467975e-03 8.568361e-05
3.194322e+01 1.585121e-03 9.171919e-05
3.194322e+01 1.711615e-03 9.809457e-05
3.194322e+01 1.848204e-03 1.048118e-04
3.194322e+01 1.995693e-03 1.118696e-04
3.194322e+01 2.154951e-03 1.192625e-04
3.194322e+01 2.326918e-03 1.269813e-04
3.194322e+01 2.512609e-03 1.350125e-04
3.194322e+01 2.713117e-03 1.433385e-04
3.194322e+01 2.929627e-03 1.519363e-04
3.194322e+01 3.163414e-03 1.607783e-04
3.194322e+01 3.415858e-03 1.698314e-04
3.194322e+01 3.688447e-03 1.790568e-04
3.194322e+01 3.982789e-03 1.884062e-04
3.194322e+01 4.300619e-03 1.978212e-04
3.194322e+01 4.643813e-03 2.072358e-04
3.194322e+01 5.014394e-03 2.165706e-04
3.194322e+01 5.414548e-03 2.257324e-04
3.194322e+01 5.846635e-03 2.346197e-04
3.194322e+01 6.313202e-03 2.431164e-04
3.194322e+01 6.817002e-03 2.510937e-04
3.194322e+01 7.361006e-03 2.584160e-04
3.194322e+01 7.948422e-03 2.649307e-04
3.194322e+01 8.582714e-03 2.704716e-04
3.194322e+01 9.267624e-03 2.748734e-04
3.194322e+01 1.000719e-02 2.779609e-04
3.194322e+01 1.080577e-02 2.795573e-04
3.194322e+01 1.166809e-02 2.795041e-04
3.194322e+01 1.259921e-02 2.776605e-04
3.194322e+01 1.360464e-02 2.739129e-04
3.194322e+01 1.469030e-02 2.681945e-04
3.194322e+01 1.586261e-02 2.605196e-04
3.194322e+01 1.712846e-02 2.509795e-04
3.194322e+01 1.849533e-02 2.397248e-04
3.194322e+01 1.997127e-02 2.270801e-04
3.194322e+01 2.156500e-02 2.134791e-04
3.194322e+01 2.328591e-02 1.993410e-04
3.194322e+01 2.514415e-02 1.852428e-04
3.194322e+01 2.715068e-02 1.718006e-04
3.194322e+01 2.931733e-02 1.594772e-04
3.194322e+01 3.165689e-02 1.486116e-04
3.194322e+01 3.418314e-02 1.394075e-04
3.194322e+01 3.691099e-02 1.317229e-04
3.194322e+01 3.985652e-02 1.250928e-04
3.194322e+01 4.303711e-02 1.187366e-04
3.194322e+01 4.647152e-02 1.117065e-04
3.194322e+01 5.017999e-02 1.031968e-04
3.194322e+01 5.418441e-02 9.553164e-05
3.194322e+01 5.850838e-02 9.137570e-05
3.194322e+01 6.317741e-02 8.688811e-05
3.194322e+01 6.821903e-02 8.204240e-05
3.194322e+01 7.366298e-02 7.669059e-05
3.194322e+01 7.954136e-02 6.969232e-05
3.194322e+01 8.588885e-02 6.213557e-05
3.194322e+01 9.274286e-02 5.397580e-05
3.194322e+01 1.001438e-01 4.516486e-05
3.194322e+01 1.081354e-01 4.014200e-05
3.194322e+01 1.167647e-01 3.686108e-05
3.194322e+01 1.260827e-01 3.331833e-05
3.194322e+01 1.361442e-01 2.949286e-05
3.194322e+01 1.470087e-01 2.578049e-05
3.194322e+01 1.587401e-01 2.355405e-05
3.194322e+01 1.714077e-01 2.114994e-05
3.194322e+01 1.850862e-01 1.855397e-05
3.194322e+01 1.998563e-01 1.575085e-05
3.194322e+01 2.158051e-01 1.421679e-05
3.194322e+01 2.330265e-01 1.285849e-05
3.194322e+01 2.516223e-01 1.139180e-05
3.194322e+01 2.717020e-01 9.808060e-06
3.194322e+01 2.933841e-01 8.539028e-06
3.194322e+01 3.167964e-01 7.729322e-06
3.194322e+01 3.420771e-01 6.855001e-06
3.194322e+01 3.693752e-01 5.910908e-06
3.194322e+01 3.988518e-01 4.934749e-06
3.194322e+01 4.306805e-01 4.487675e-06
3.194322e+01 4.650493e-01 4.004923e-06
3.194322e+01 5.021607e-01 3.483647e-06
3.194322e+01 5.422336e-01 2.920773e-06
3.194322e+01 5.855044e-01 2.557052e-06
3.194322e+01 6.322283e-01 2.278044e-06
3.194322e+01 6.826808e-01 1.976772e-06
3.194322e+01 7.371594e-01 1.651458e-06
3.194322e+01 7.959855e-01 1.366884e-06
3.194322e+01 8.595059e-01 1.216555e-06
3.194322e+01 9.280954e-01 1.054229e-06
3.194322e+01 1.002158e+00 8.789496e-07
3.194322e+01 1.082132e+00 6.896825e-07
3.194322e+01 1.168487e+00 6.051932e-07
3.194322e+01 1.261733e+00 5.241718e-07
3.194322e+01 1.362421e+00 4.366848e-07
3.194322e+01 1.471144e+00 3.422163e-07
3.194322e+01 1.588542e+00 2.768652e-07
3.194322e+01 1.715310e+00 2.383929e-07
3.194322e+01 1.852193e+00 1.968504e-07
3.194322e+01 2.000000e+00 1.519927e-07
3.260208e+01 1.000000e-03 4.615911e-05
3.260208e+01 1.079801e-03 4.956407e-05
3.260208e+01 1.165970e-03 5.319539e-05
3.260208e+01 1.259016e-03 5.706240e-05
3.260208e+01 1.359487e-03 6.117335e-05
3.260208e+01 1.467975e-03 6.553561e-05
3.260208e+01 1.585121e-03 7.015482e-05
3.260208e+01 1.711615e-03 7.503454e-05
3.260208e+01 1.848204e-03 8.017642e-05
3.260208e+01 1.995693e-03 8.557943e-05
3.260208e+01 2.154951e-03 9.123946e-05
3.260208e+01 2.326918e-03 9.714934e-05
3.260208e+01 2.512609e-03 1.032988e-04
3.260208e+01 2.713117e-03 1.096740e-04
3.260208e+01 2.929627e-03 1.162573e-04
3.260208e+01 3.163414e-03 1.230274e-04
3.260208e+01 3.415858e-03 1.299590e-04
3.260208e+01 3.688447e-03 1.370220e-04
3.260208e+01 3.982789e-03 1.441796e-04
3.260208e+01 4.300619e-03 1.513873e-04
3.260208e+01 4.643813e-03 1.585946e-04
3.260208e+01 5.014394e-03 1.657408e-04
3.260208e+01 5.414548e-03 1.727547e-04
3.260208e+01 5.846635e-03 1.795584e-04
3.260208e+01 6.313202e-03 1.860630e-04
3.260208e+01 6.817002e-03 1.921699e-04
3.260208e+01 7.361006e-03 1.977754e-04
3.260208e+01 7.948422e-03 2.027628e-04
3.260208e+01 8.582714e-03 2.070047e-04
3.260208e+01 9.267624e-03 2.103746e-04
3.260208e+01 1.000719e-02 2.127386e-04
3.260208e+01 1.080577e-02 2.139612e-04
3.260208e+01 1.166809e-02 2.139213e-04
3.260208e+01 1.259921e-02 2.125109e-04
3.260208e+01 1.360464e-02 2.096431e-04
3.260208e+01 1.469030e-02 2.052668e-04
3.260208e+01 1.586261e-02 1.993928e-04
3.260208e+01 1.712846e-02 1.920913e-04
3.260208e+01 1.849533e-02 1.834777e-04
3.260208e+01 1.997127e-02 1.738003e-04
3.260208e+01 2.156500e-02 1.633910e-04
3.260208e+01 2.328591e-02 1.525704e-04
3.260208e+01 2.514415e-02 1.417802e-04
3.260208e+01 2.715068e-02 1.314920e-04
3.260208e+01 2.931733e-02 1.220600e-04
3.260208e+01 3.165689e-02 1.137437e-04
3.260208e+01 3.418314e-02 1.066992e-04
3.260208e+01 3.691099e-02 1.008176e-04
3.260208e+01 3.985652e-02 9.574308e-05
3.260208e+01 4.303711e-02 9.087815e-05
3.260208e+01 4.647152e-02 8.549751e-05
3.260208e+01 5.017999e-02 7.898442e-05
3.260208e+01 5.418441e-02 7.312783e-05
3.260208e+01 5.850838e-02 6.997519e-05
3.260208e+01 6.317741e-02 6.657097e-05
3.260208e+01 6.821903e-02 6.289510e-05
3.260208e+01 7.366298e-02 5.883089e-05
3.260208e+01 7.954136e-02 5.347243e-05
3.260208e+01 8.588885e-02 4.768635e-05
3.260208e+01 9.274286e-02 4.143854e-05
3.260208e+01 1.001438e-01 3.469215e-05
3.260208e+01 1.081354e-01 3.084426e-05
3.260208e+01 1.167647e-01 2.832902e-05
3.260208e+01 1.260827e-01 2.561307e-05
3.260208e+01 1.361442e-01 2.268038e-05
3.260208e+01 1.470087e-01 1.983500e-05
3.260208e+01 1.587401e-01 1.813138e-05
3.260208e+01 1.714077e-01 1.629181e-05
3.260208e+01 1.850862e-01 1.430544e-05
3.260208e+01 1.998563e-01 1.216056e-05
3.260208e+01 2.158051e-01 1.098241e-05
3.260208e+01 2.330265e-01 9.937524e-06
3.260208e+01 2.516223e-01 8.809258e-06
3.260208e+01 2.717020e-01 7.590955e-06
3.260208e+01 2.933841e-01 6.613486e-06
3.260208e+01 3.167964e-01 5.987663e-06
3.260208e+01 3.420771e-01 5.311898e-06
3.260208e+01 3.693752e-01 4.582206e-06
3.260208e+01 3.988518e-01 3.827727e-06
3.260208e+01 4.306805e-01 3.482142e-06
3.260208e+01 4.650493e-01 3.108978e-06
3.260208e+01 5.021607e-01 2.706036e-06
3.260208e+01 5.422336e-01 2.270938e-06
3.260208e+01 5.855044e-01 1.989906e-06
3.260208e+01 6.322283e-01 1.774423e-06
3.260208e+01 6.826808e-01 1.541745e-06
3.260208e+01 7.371594e-01 1.290498e-06
3.260208e+01 7.959855e-01 1.070665e-06
3.260208e+01 8.595059e-01 9.543849e-07
3.260208e+01 9.280954e-01 8.288255e-07
3.260208e+01 1.002158e+00 6.932464e-07
3.260208e+01 1.082132e+00 5.468480e-07
3.260208e+01 1.168487e+00 4.814457e-07
3.260208e+01 1.261733e+00 4.187177e-07
3.260208e+01 1.362421e+00 3.509839e-07
3.260208e+01 1.471144e+00 2.778450e-07
3.260208e+01 1.588542e+00 2.270834e-07
3.260208e+01 1.715310e+00 1.969734e-07
3.260208e+01 1.852193e+00 1.644607e-07
3.260208e+01 2.000000e+00 1.293534e-07
3.327412e+01 1.000000e-03 3.231192e-05
3.327412e+01 1.079801e-03 3.469628e-05
3.327412e+01 1.165970e-03 3.723934e-05
3.327412e+01 1.259016e-03 3.994767e-05
3.327412e+01 1.359487e-03 4.282708e-05
3.327412e+01 1.467975e-03 4.588280e-05
3.327412e+01 1.585121e-03 4.911881e-05
3.327412e+01 1.711615e-03 5.253766e-05
3.327412e+01 1.848204e-03 5.614053e-05
3.327412e+01 1.995693e-03 5.992672e-05
3.327412e+01 2.154951e-03 6.389334e-05
3.327412e+01 2.326918e-03 6.803536e-05
3.327412e+01 2.512609e-03 7.234547e-05
3.327412e+01 2.713117e-03 7.681396e-05
3.327412e+01 2.929627e-03 8.142833e-05
3.327412e+01 3.163414e-03 8.617349e-05
3.327412e+01 3.415858e-03 9.103159e-05
3.327412e+01 3.688447e-03 9.598162e-05
3.327412e+01 3.982789e-03 1.009976e-04
3.327412e+01 4.300619e-03 1.060486e-04
3.327412e+01 4.643813e-03 1.110993e-04
3.327412e+01 5.014394e-03 1.161072e-04
3.327412e+01 5.414548e-03 1.210224e-04
3.327412e+01 5.846635e-03 1.257902e-04
3.327412e+01 6.313202e-03 1.303484e-04
3.327412e+01 6.817002e-03 1.346279e-04
3.327412e+01 7.361006e-03 1.385561e-04
3.327412e+01 7.948422e-03 1.420511e-04
3.327412e+01 8.582714e-03 1.450238e-04
3.327412e+01 9.267624e-03 1.473855e-04
3.327412e+01 1.000719e-02 1.490424e-04
3.327412e+01 1.080577e-02 1.498995e-04
3.327412e+01 1.166809e-02 1.498721e-04
3.327412e+01 1.259921e-02 1.488844e-04
3.327412e+01 1.360464e-02 1.468756e-04
3.327412e+01 1.469030e-02 1.438099e-04
3.327412e+01 1.586261e-02 1.396948e-04
3.327412e+01 1.712846e-02 1.345795e-04
3.327412e+01 1.849533e-02 1.285451e-04
3.327412e+01 1.997127e-02 1.217653e-04
3.327412e+01 2.156500e-02 1.144727e-04
3.327412e+01 2.328591e-02 1.068920e-04
3.327412e+01 2.514415e-02 9.933237e-05
3.327412e+01 2.715068e-02 9.212446e-05
3.327412e+01 2.931733e-02 8.551641e-05
3.327412e+01 3.165689e-02 7.968999e-05
3.327412e+01 3.418314e-02 7.475451e-05
3.327412e+01 3.691099e-02 7.063382e-05
3.327412e+01 3.985652e-02 6.707856e-05
3.327412e+01 4.303711e-02 6.367014e-05
3.327412e+01 4.647152e-02 5.990042e-05
3.327412e+01 5.017999e-02 5.533729e-05
3.327412e+01 5.418441e-02 5.124047e-05
3.327412e+01 5.850838e-02 4.904937e-05
3.327412e+01 6.317741e-02 4.668342e-05
3.327412e+01 6.821903e-02 4.412867e-05
3.327412e+01 7.366298e-02 4.130143e-05
3.327412e+01 7.954136e-02 3.754793e-05
3.327412e+01 8.588885e-02 3.349489e-05
3.327412e+01 9.274286e-02 2.911841e-05
3.327412e+01 1.001438e-01 2.439269e-05
3.327412e+01 1.081354e-01 2.169592e-05
3.327412e+01 1.167647e-01 1.993187e-05
3.327412e+01 1.260827e-01 1.802706e-05
3.327412e+01 1.361442e-01 1.597023e-05
3.327412e+01 1.470087e-01 1.397491e-05
3.327412e+01 1.587401e-01 1.278157e-05
3.327412e+01 1.714077e-01 1.149300e-05
3.327412e+01 1.850862e-01 1.010160e-05
3.327412e+01 1.998563e-01 8.599159e-06
3.327412e+01 2.158051e-01 7.770552e-06
3.327412e+01 2.330265e-01 7.034363e-06
3.327412e+01 2.516223e-01 6.239426e-06
3.327412e+01 2.717020e-01 5.381051e-06
3.327412e+01 2.933841e-01 4.691352e-06
3.327412e+01 3.167964e-01 4.248045e-06
3.327412e+01 3.420771e-01 3.769363e-06
3.327412e+01 3.693752e-01 3.252480e-06
3.327412e+01 3.988518e-01 2.718077e-06
3.327412e+01 4.306805e-01 2.473833e-06
3.327412e+01 4.650493e-01 2.210098e-06
3.327412e+01 5.021607e-01 1.925316e-06
3.327412e+01 5.422336e-01 1.617808e-06
3.327412e+01 5.855044e-01 1.418993e-06
3.327412e+01 6.322283e-01 1.266398e-06
3.327412e+01 6.826808e-01 1.101626e-06
3.327412e+01 7.371594e-01 9.237058e-07
3.327412e+01 7.959855e-01 7.680204e-07
3.327412e+01 8.595059e-01 6.856418e-07
3.327412e+01 9.280954e-01 5.966893e-07
3.327412e+01 1.002158e+00 5.006383e-07
3.327412e+01 1.082132e+00 3.969223e-07
3.327412e+01 1.168487e+00 3.506371e-07
3.327412e+01 1.261733e+00 3.062546e-07
3.327412e+01 1.362421e+00 2.583303e-07
3.327412e+01 1.471144e+00 2.065817e-07
3.327412e+01 1.588542e+00 1.706047e-07
3.327412e+01 1.715310e+00 1.491810e-07
3.327412e+01 1.852193e+00 1.260477e-07
3.327412e+01 2.000000e+00 1.010683e-07
3.395961e+01 1.000000e-03 1.970144e-05
3.395961e+01 1.079801e-03 2.115577e-05
3.395961e+01 1.165970e-03 2.270700e-05
3.395961e+01 1.259016e-03 2.435918e-05
3.395961e+01 1.359487e-03 2.611587e-05
3.395961e+01 1.467975e-03 2.798030e-05
3.395961e+01 1.585121e-03 2.995493e-05
3.395961e+01 1.711615e-03 3.204132e-05
3.395961e+01 1.848204e-03 3.424024e-05
3.395961e+01 1.995693e-03 3.655127e-05
3.395961e+01 2.154951e-03 3.897263e-05
3.395961e+01 2.326918e-03 4.150124e-05
3.395961e+01 2.512609e-03 4.413262e-05
3.395961e+01 2.713117e-03 4.686077e-05
3.395961e+01 2.929627e-03 4.967800e-05
3.395961e+01 3.163414e-03 5.257502e-05
3.395961e+01 3.415858e-03 5.554088e-05
3.395961e+01 3.688447e-03 5.856269e-05
3.395961e+01 3.982789e-03 6.162462e-05
3.395961e+01 4.300619e-03 6.470776e-05
3.395961e+01 4.643813e-03 6.779074e-05
3.395961e+01 5.014394e-03 7.084761e-05
3.395961e+01 5.414548e-03 7.384788e-05
3.395961e+01 5.846635e-03 7.675819e-05
3.395961e+01 6.313202e-03 7.954056e-05
3.395961e+01 6.817002e-03 8.215278e-05
3.395961e+01 7.361006e-03 8.455057e-05
3.395961e+01 7.948422e-03 8.668394e-05
3.395961e+01 8.582714e-03 8.849854e-05
3.395961e+01 9.267624e-03 8.994023e-05
3.395961e+01 1.000719e-02 9.095174e-05
3.395961e+01 1.080577e-02 9.147519e-05
3.395961e+01 1.166809e-02 9.145879e-05
3.395961e+01 1.259921e-02 9.085637e-05
3.395961e+01 1.360464e-02 8.963075e-05
3.395961e+01 1.469030e-02 8.776006e-05
3.395961e+01 1.586261e-02 8.524901e-05
3.395961e+01 1.712846e-02 8.212759e-05
3.395961e+01 1.849533e-02 7.844519e-05
3.395961e+01 1.997127e-02 7.430794e-05
3.395961e+01 2.156500e-02 6.985773e-05
3.395961e+01 2.328591e-02 6.523162e-05
3.395961e+01 2.514415e-02 6.061840e-05
3.395961e+01 2.715068e-02 5.621977e-05
3.395961e+01 2.931733e-02 5.218719e-05
3.395961e+01 3.165689e-02 4.863159e-05
3.395961e+01 3.418314e-02 4.561968e-05
3.395961e+01 3.691099e-02 4.310499e-05
3.395961e+01 3.985652e-02 4.093535e-05
3.395961e+01 4.303711e-02 3.885533e-05
3.395961e+01 4.647152e-02 3.655482e-05
3.395961e+01 5.017999e-02 3.377014e-05
3.395961e+01 5.418441e-02 3.127416e-05
3.395961e+01 5.850838e-02 2.994856e-05
3.395961e+01 6.317741e-02 2.851717e-05
3.395961e+01 6.821903e-02 2.697156e-05
3.395961e+01 7.366298e-02 2.525889e-05
3.395961e+01 7.954136e-02 2.296314e-05
3.395961e+01 8.588885e-02 2.048418e-05
3.395961e+01 9.274286e-02 1.780740e-05
3.395961e+01 1.001438e-01 1.491701e-05
3.395961e+01 1.081354e-01 1.326584e-05
3.395961e+01 1.167647e-01 1.218418e-05
3.395961e+01 1.260827e-01 1.101620e-05
3.395961e+01 1.361442e-01 9.755017e-06
3.395961e+01 1.470087e-01 8.531760e-06
3.395961e+01 1.587401e-01 7.801167e-06
3.395961e+01 1.714077e-01 7.012272e-06
3.395961e+01 1.850862e-01 6.160422e-06
3.395961e+01 1.998563e-01 5.240594e-06
3.395961e+01 2.158051e-01 4.733283e-06
3.395961e+01 2.330265e-01 4.282548e-06
3.395961e+01 2.516223e-01 3.795844e-06
3.395961e+01 2.717020e-01 3.270300e-06
3.395961e+01 2.933841e-01 2.848137e-06
3.395961e+01 3.167964e-01 2.576978e-06
3.395961e+01 3.420771e-01 2.284179e-06
3.395961e+01 3.693752e-01 1.968015e-06
3.395961e+01 3.988518e-01 1.641207e-06
3.395961e+01 4.306805e-01 1.492921e-06
3.395961e+01 4.650493e-01 1.332801e-06
3.395961e+01 5.021607e-01 1.159904e-06
3.395961e+01 5.422336e-01 9.732092e-07
3.395961e+01 5.855044e-01 8.531318e-07
3.395961e+01 6.322283e-01 7.614593e-07
3.395961e+01 6.826808e-01 6.624712e-07
3.395961e+01 7.371594e-01 5.555837e-07
3.395961e+01 7.959855e-01 4.621481e-07
3.395961e+01 8.595059e-01 4.129804e-07
3.395961e+01 9.280954e-01 3.598891e-07
3.395961e+01 1.002158e+00 3.025611e-07
3.395961e+01 1.082132e+00 2.406582e-07
3.395961e+01 1.168487e+00 2.132223e-07
3.395961e+01 1.261733e+00 1.869532e-07
3.395961e+01 1.362421e+00 1.585878e-07
3.395961e+01 1.471144e+00 1.279589e-07
3.395961e+01 1.588542e+00 1.066691e-07
3.395961e+01 1.715310e+00 9.399711e-08
3.395961e+01 1.852193e+00 8.031390e-08
3.395961e+01 2.000000e+00 6.553876e-08
3.465880e+01 1.000000e-03 5.970594e-06
3.465880e+01 1.079801e-03 6.411491e-06
3.465880e+01 1.165970e-03 6.881800e-06
3.465880e+01 1.259016e-03 7.382754e-06
3.465880e+01 1.359487e-03 7.915444e-06
3.465880e+01 1.467975e-03 8.480855e-06
3.465880e+01 1.585121e-03 9.079743e-06
3.465880e+01 1.711615e-03 9.712594e-06
3.465880e+01 1.848204e-03 1.037964e-05
3.465880e+01 1.995693e-03 1.108077e-05
3.465880e+01 2.154951e-03 1.181544e-05
3.465880e+01 2.326918e-03 1.258270e-05
3.465880e+01 2.512609e-03 1.338120e-05
3.465880e+01 2.713117e-03 1.420909e-05
3.465880e+01 2.929627e-03 1.506402e-05
3.465880e+01 3.163414e-03 1.594315e-05
3.465880e+01 3.415858e-03 1.684313e-05
3.465880e+01 3.688447e-03 1.776004e-05
3.465880e+01 3.982789e-03 1.868907e-05
3.465880e+01 4.300619e-03 1.962451e-05
3.465880e+01 4.643813e-03 2.055988e-05
3.465880e+01 5.014394e-03 2.148734e-05
3.465880e+01 5.414548e-03 2.239762e-05
3.465880e+01 5.846635e-03 2.328061e-05
3.465880e+01 6.313202e-03 2.412478e-05
3.465880e+01 6.817002e-03 2.491733e-05
3.465880e+01 7.361006e-03 2.564482e-05
3.465880e+01 7.948422e-03 2.629209e-05
3.465880e+01 8.582714e-03 2.684264e-05
3.465880e+01 9.267624e-03 2.728008e-05
3.465880e+01 1.000719e-02 2.758703e-05
3.465880e+01 1.080577e-02 2.774592e-05
3.465880e+01 1.166809e-02 2.774105e-05
3.465880e+01 1.259921e-02 2.755841e-05
3.465880e+01 1.360464e-02 2.718674e-05
3.465880e+01 1.469030e-02 2.661939e-05
3.465880e+01 1.586261e-02 2.585781e-05
3.465880e+01 1.712846e-02 2.491107e-05
3.465880e+01 1.849533e-02 2.379417e-05
3.465880e+01 1.997127e-02 2.253928e-05
3.465880e+01 2.156500e-02 2.118946e-05
3.465880e+01 2.328591e-02 1.978628e-05
3.465880e+01 2.514415e-02 1.838701e-05
3.465880e+01 2.715068e-02 1.705282e-05
3.465880e+01 2.931733e-02 1.582966e-05
3.465880e+01 3.165689e-02 1.475116e-05
3.465880e+01 3.418314e-02 1.383758e-05
3.465880e+01 3.691099e-02 1.307481e-05
3.465880e+01 3.985652e-02 1.241671e-05
3.465880e+01 4.303711e-02 1.178578e-05
3.465880e+01 4.647152e-02 1.108798e-05
3.465880e+01 5.017999e-02 1.024332e-05
3.465880e+01 5.418441e-02 9.499350e-06
3.465880e+01 5.850838e-02 9.133782e-06
3.465880e+01 6.317741e-02 8.739040e-06
3.465880e+01 6.821903e-02 8.312798e-06
3.465880e+01 7.366298e-02 7.833183e-06
3.465880e+01 7.954136e-02 7.117626e-06
3.465880e+01 8.588885e-02 6.344968e-06
3.465880e+01 9.274286e-02 5.510651e-06
3.465880e+01 1.001438e-01 4.609754e-06
3.465880e+01 1.081354e-01 4.098407e-06
3.465880e+01 1.167647e-01 3.766409e-06
3.465880e+01 1.260827e-01 3.407917e-06
3.465880e+01 1.361442e-01 3.020818e-06
3.465880e+01 1.470087e-01 2.645959e-06
3.465880e+01 1.587401e-01 2.424923e-06
3.465880e+01 1.714077e-01 2.186249e-06
3.465880e+01 1.850862e-01 1.928527e-06
3.465880e+01 1.998563e-01 1.650240e-06
3.465880e+01 2.158051e-01 1.494119e-06
3.465880e+01 2.330265e-01 1.354377e-06
3.465880e+01 2.516223e-01 1.203484e-06
3.465880e+01 2.717020e-01 1.040549e-06
3.465880e+01 2.933841e-01 9.091291e-07
3.465880e+01 3.167964e-01 8.237997e-07
3.465880e+01 3.420771e-01 7.316610e-07
3.465880e+01 3.693752e-01 6.321695e-07
3.465880e+01 3.988518e-01 5.292782e-07
3.465880e+01 4.306805e-01 4.818536e-07
3.465880e+01 4.650493e-01 4.306445e-07
3.465880e+01 5.021607e-01 3.753489e-07
3.465880e+01 5.422336e-01 3.156407e-07
3.465880e+01 5.855044e-01 2.771609e-07
3.465880e+01 6.322283e-01 2.477234e-07
3.465880e+01 6.826808e-01 2.159368e-07
3.465880e+01 7.371594e-01 1.816135e-07
3.465880e+01 7.959855e-01 1.515816e-07
3.465880e+01 8.595059e-01 1.356960e-07
3.465880e+01 9.280954e-01 1.185426e-07
3.465880e+01 1.002158e+00 1.000205e-07
3.465880e+01 1.082132e+00 8.002019e-08
3.465880e+01 1.168487e+00 7.112990e-08
3.465880e+01 1.261733e+00 6.261233e-08
3.465880e+01 1.362421e+00 5.341504e-08
3.465880e+01 1.471144e+00 4.348380e-08
3.465880e+01 1.588542e+00 3.659090e-08
3.465880e+01 1.715310e+00 3.250203e-08
3.465880e+01 1.852193e+00 2.808686e-08
3.465880e+01 2.000000e+00 2.331936e-08
3.537197e+01 1.000000e-03 0.000000e+00
3.537197e+01 1.079801e-03 0.000000e+00
3.537197e+01 1.165970e-03 0.000000e+00
3.537197e+01 1.259016e-03 0.000000e+00
3.537197e+01 1.359487e-03 0.000000e+00
3.537197e+01 1.467975e-03 0.000000e+00
3.537197e+01 1.585121e-03 0.000000e+00
3.537197e+01 1.711615e-03 0.000000e+00
3.537197e+01 1.848204e-03 0.000000e+00
3.537197e+01 1.995693e-03 0.000000e+00
3.537197e+01 2.154951e-03 0.000000e+00
3.537197e+01 2.326918e-03 0.000000e+00
3.537197e+01 2.512609e-03 0.000000e+00
3.537197e+01 2.713117e-03 0.000000e+00
3.537197e+01 2.929627e-03 0.000000e+00
3.537197e+01 3.163414e-03 0.000000e+00
3.537197e+01 3.415858e-03 0.000000e+00
3.537197e+01 3.688447e-03 0.000000e+00
3.537197e+01 3.982789e-03 0.000000e+00
3.537197e+01 4.300619e-03 0.000000e+00
3.537197e+01 4.643813e-03 0.000000e+00
3.537197e+01 5.014394e-03 0.000000e+00
3.537197e+01 5.414548e-03 0.000000e+00
3.537197e+01 5.846635e-03 0.000000e+00
3.537197e+01 6.313202e-03 0.000000e+00
3.537197e+01 6.817002e-03 0.000000e+00
3.537197e+01 7.361006e-03 0.000000e+00
3.537197e+01 7.948422e-03 0.000000e+00
3.537197e+01 8.582714e-03 0.000000e+00
3.537197e+01 9.267624e-03 0.000000e+00
3.537197e+01 1.000719e-02 0.000000e+00
3.537197e+01 1.080577e-02 0.000000e+00
3.537197e+01 1.166809e-02 0.000000e+00
3.537197e+01 1.259921e-02 0.000000e+00
3.537197e+01 1.360464e-02 0.000000e+00
3.537197e+01 1.469030e-02 0.000000e+00
3.537197e+01 1.586261e-02 0.000000e+00
3.537197e+01 1.712846e-02 0.000000e+00
3.537197e+01 1.849533e-02 0.000000e+00
3.537197e+01 1.997127e-02 0.000000e+00
3.537197e+01 2.156500e-02 0.000000e+00
3.537197e+01 2.328591e-02 0.000000e+00
3.537197e+01 2.514415e-02 0.000000e+00
3.537197e+01 2.715068e-02 0.000000e+00
3.537197e+01 2.931733e-02 0.000000e+00
3.537197e+01 3.165689e-02 0.000000e+00
3.537197e+01 3.418314e-02 0.000000e+00
3.537197e+01 3.691099e-02 0.000000e+00
3.537197e+01 3.985652e-02 0.000000e+00
3.537197e+01 4.303711e-02 0.000000e+00
3.537197e+01 4.647152e-02 0.000000e+00
3.537197e+01 5.017999e-02 0.000000e+00
3.537197e+01 5.418441e-02 0.000000e+00
3.537197e+01 5.850838e-02 0.000000e+00
3.537197e+01 6.317741e-02 0.000000e+00
3.537197e+01 6.821903e-02 0.000000e+00
3.537197e+01 7.366298e-02 0.000000e+00
3.537197e+01 7.954136e-02 0.000000e+00
3.537197e+01 8.588885e-02 0.000000e+00
3.537197e+01 9.274286e-02 0.000000e+00
3.537197e+01 1.001438e-01 0.000000e+00
3.537197e+01 1.081354e-01 0.000000e+00
3.537197e+01 1.167647e-01 0.000000e+00
3.537197e+01 1.260827e-01 0.000000e+00
3.537197e+01 1.361442e-01 0.000000e+00
3.537197e+01 1.470087e-01 0.000000e+00
3.537197e+01 1.587401e-01 0.000000e+00
3.537197e+01 1.714077e-01 0.000000e+00
3.537197e+01 1.850862e-01 0.000000e+00
3.537197e+01 1.998563e-01 0.000000e+00
3.537197e+01 2.158051e-01 0.000000e+00
3.537197e+01 2.330265e-01 0.000000e+00
3.537197e+01 2.516223e-01 0.000000e+00
3.537197e+01 2.717020e-01 0.000000e+00
3.537197e+01 2.933841e-01 0.000000e+00
3.537197e+01 3.167964e-01 0.000000e+00
3.537197e+01 3.420771e-01 0.000000e+00
3.537197e+01 3.693752e-01 0.000000e+00
3.537197e+01 3.988518e-01 0.000000e+00
3.537197e+01 4.306805e-01 0.000000e+00
3.537197e+01 4.650493e-01 0.000000e+00
3.537197e+01 5.021607e-01 0.000000e+00
3.537197e+01 5.422336e-01 0.000000e+00
3.537197e+01 5.855044e-01 0.000000e+00
3.537197e+01 6.322283e-01 0.000000e+00
3.537197e+01 6.826808e-01 0.000000e+00
3.537197e+01 7.371594e-01 0.000000e+00
3.537197e+01 7.959855e-01 -6.503510e-24
3.537197e+01 8.595059e-01 8.671347e-24
3.537197e+01 9.280954e-01 0.000000e+00
3.537197e+01 1.002158e+00 0.000000e+00
3.537197e+01 1.082132e+00 0.000000e+00
3.537197e+01 1.168487e+00 0.000000e+00
3.537197e+01 1.261733e+00 0.000000e+00
3.537197e+01 1.362421e+00 0.000000e+00
3.537197e+01 1.471144e+00 0.000000e+00
3.537197e+01 1.588542e+00 0.000000e+00
3.537197e+01 1.715310e+00 0.000000e+00
3.537197e+01 1.852193e+00 0.000000e+00
3.537197e+01 2.000000e+00 0.000000e+00
