5.000000e+00 1.000000e-03 0.000000e+00
5.000000e+00 1.079801e-03 0.000000e+00
5.000000e+00 1.165970e-03 0.000000e+00
5.000000e+00 1.259016e-03 0.000000e+00
5.000000e+00 1.359487e-03 0.000000e+00
5.000000e+00 1.467975e-03 0.000000e+00
5.000000e+00 1.585121e-03 0.000000e+00
5.000000e+00 1.711615e-03 0.000000e+00
5.000000e+00 1.848204e-03 0.000000e+00
5.000000e+00 1.995693e-03 0.000000e+00
5.000000e+00 2.154951e-03 0.000000e+00
5.000000e+00 2.326918e-03 0.000000e+00
5.000000e+00 2.512609e-03 0.000000e+00
5.000000e+00 2.713117e-03 0.000000e+00
5.000000e+00 2.929627e-03 0.000000e+00
5.000000e+00 3.163414e-03 0.000000e+00
5.000000e+00 3.415858e-03 0.000000e+00
5.000000e+00 3.688447e-03 0.000000e+00
5.000000e+00 3.982789e-03 0.000000e+00
5.000000e+00 4.300619e-03 0.000000e+00
5.000000e+00 4.643813e-03 0.000000e+00
5.000000e+00 5.014394e-03 0.000000e+00
5.000000e+00 5.414548e-03 0.000000e+00
5.000000e+00 5.846635e-03 0.000000e+00
5.000000e+00 6.313202e-03 0.000000e+00
5.000000e+00 6.817002e-03 0.000000e+00
5.000000e+00 7.361006e-03 0.000000e+00
5.000000e+00 7.948422e-03 0.000000e+00
5.000000e+00 8.582714e-03 0.000000e+00
5.000000e+00 9.267624e-03 0.000000e+00
5.000000e+00 1.000719e-02 0.000000e+00
5.000000e+00 1.080577e-02 0.000000e+00
5.000000e+00 1.166809e-02 0.000000e+00
5.000000e+00 1.259921e-02 0.000000e+00
5.000000e+00 1.360464e-02 0.000000e+00
5.000000e+00 1.469030e-02 0.000000e+00
5.000000e+00 1.586261e-02 0.000000e+00
5.000000e+00 1.712846e-02 0.000000e+00
5.000000e+00 1.849533e-02 0.000000e+00
5.000000e+00 1.997127e-02 0.000000e+00
5.000000e+00 2.156500e-02 0.000000e+00
5.000000e+00 2.328591e-02 0.000000e+00
5.000000e+00 2.514415e-02 0.000000e+00
5.000000e+00 2.715068e-02 0.000000e+00
5.000000e+00 2.931733e-02 0.000000e+00
5.000000e+00 3.165689e-02 0.000000e+00
5.000000e+00 3.418314e-02 0.000000e+00
5.000000e+00 3.691099e-02 0.000000e+00
5.000000e+00 3.985652e-02 0.000000e+00
5.000000e+00 4.303711e-02 0.000000e+00
5.000000e+00 4.647152e-02 0.000000e+00
5.000000e+00 5.017999e-02 0.000000e+00
5.000000e+00 5.418441e-02 0.000000e+00
5.000000e+00 5.850838e-02 0.000000e+00
5.000000e+00 6.317741e-02 0.000000e+00
5.000000e+00 6.821903e-02 0.000000e+00
5.000000e+00 7.366298e-02 0.000000e+00
5.000000e+00 7.954136e-02 0.000000e+00
5.000000e+00 8.588885e-02 0.000000e+00
5.000000e+00 9.274286e-02 0.000000e+00
5.000000e+00 1.001438e-01 0.000000e+00
5.000000e+00 1.081354e-01 0.000000e+00
5.000000e+00 1.167647e-01 0.000000e+00
5.000000e+00 1.260827e-01 0.000000e+00
5.000000e+00 1.361442e-01 0.000000e+00
5.000000e+00 1.470087e-01 0.000000e+00
5.000000e+00 1.587401e-01 0.000000e+00
5.000000e+00 1.714077e-01 0.000000e+00
5.000000e+00 1.850862e-01 0.000000e+00
5.000000e+00 1.998563e-01 0.000000e+00
5.000000e+00 2.158051e-01 0.000000e+00
5.000000e+00 2.330265e-01 0.000000e+00
5.000000e+00 2.516223e-01 0.000000e+00
5.000000e+00 2.717020e-01 0.000000e+00
5.000000e+00 2.933841e-01 0.000000e+00
5.000000e+00 3.167964e-01 0.000000e+00
5.000000e+00 3.420771e-01 0.000000e+00
5.000000e+00 3.693752e-01 0.000000e+00
5.000000e+00 3.988518e-01 0.000000e+00
5.000000e+00 4.306805e-01 0.000000e+00
5.000000e+00 4.650493e-01 0.000000e+00
5.000000e+00 5.021607e-01 0.000000e+00
5.000000e+00 5.422336e-01 0.000000e+00
5.000000e+00 5.855044e-01 0.000000e+00
5.000000e+00 6.322283e-01 0.000000e+00
5.000000e+00 6.826808e-01 0.000000e+00
5.000000e+00 7.371594e-01 0.000000e+00
5.000000e+00 7.959855e-01 0.000000e+00
5.000000e+00 8.595059e-01 0.000000e+00
5.000000e+00 9.280954e-01 0.000000e+00
5.000000e+00 1.002158e+00 0.000000e+00
5.000000e+00 1.082132e+00 0.000000e+00
5.000000e+00 1.168487e+00 0.000000e+00
5.000000e+00 1.261733e+00 0.000000e+00
5.000000e+00 1.362421e+00 0.000000e+00
5.000000e+00 1.471144e+00 0.000000e+00
5.000000e+00 1.588542e+00 0.000000e+00
5.000000e+00 1.715310e+00 0.000000e+00
5.000000e+00 1.852193e+00 0.000000e+00
5.000000e+00 2.000000e+00 0.000000e+00
5.120000e+00 1.000000e-03 0.000000e+00
5.120000e+00 1.079801e-03 0.000000e+00
5.120000e+00 1.165970e-03 0.000000e+00
5.120000e+00 1.259016e-03 0.000000e+00
5.120000e+00 1.359487e-03 0.000000e+00
5.120000e+00 1.467975e-03 0.000000e+00
5.120000e+00 1.585121e-03 0.000000e+00
5.120000e+00 1.711615e-03 0.000000e+00
5.120000e+00 1.848204e-03 0.000000e+00
5.120000e+00 1.995693e-03 0.000000e+00
5.120000e+00 2.154951e-03 0.000000e+00
5.120000e+00 2.326918e-03 0.000000e+00
5.120000e+00 2.512609e-03 0.000000e+00
5.120000e+00 2.713117e-03 0.000000e+00
5.120000e+00 2.929627e-03 0.000000e+00
5.120000e+00 3.163414e-03 0.000000e+00
5.120000e+00 3.415858e-03 0.000000e+00
5.120000e+00 3.688447e-03 0.000000e+00
5.120000e+00 3.982789e-03 0.000000e+00
5.120000e+00 4.300619e-03 0.000000e+00
5.120000e+00 4.643813e-03 0.000000e+00
5.120000e+00 5.014394e-03 0.000000e+00
5.120000e+00 5.414548e-03 0.000000e+00
5.120000e+00 5.846635e-03 0.000000e+00
5.120000e+00 6.313202e-03 0.000000e+00
5.120000e+00 6.817002e-03 0.000000e+00
5.120000e+00 7.361006e-03 0.000000e+00
5.120000e+00 7.948422e-03 0.000000e+00
5.120000e+00 8.582714e-03 0.000000e+00
5.120000e+00 9.267624e-03 0.000000e+00
5.120000e+00 1.000719e-02 0.000000e+00
5.120000e+00 1.080577e-02 0.000000e+00
5.120000e+00 1.166809e-02 0.000000e+00
5.120000e+00 1.259921e-02 0.000000e+00
5.120000e+00 1.360464e-02 0.000000e+00
5.120000e+00 1.469030e-02 0.000000e+00
5.120000e+00 1.586261e-02 0.000000e+00
5.120000e+00 1.712846e-02 0.000000e+00
5.120000e+00 1.849533e-02 0.000000e+00
5.120000e+00 1.997127e-02 0.000000e+00
5.120000e+00 2.156500e-02 0.000000e+00
5.120000e+00 2.328591e-02 0.000000e+00
5.120000e+00 2.514415e-02 0.000000e+00
5.120000e+00 2.715068e-02 0.000000e+00
5.120000e+00 2.931733e-02 0.000000e+00
5.120000e+00 3.165689e-02 0.000000e+00
5.120000e+00 3.418314e-02 0.000000e+00
5.120000e+00 3.691099e-02 0.000000e+00
5.120000e+00 3.985652e-02 0.000000e+00
5.120000e+00 4.303711e-02 0.000000e+00
5.120000e+00 4.647152e-02 0.000000e+00
5.120000e+00 5.017999e-02 0.000000e+00
5.120000e+00 5.418441e-02 0.000000e+00
5.120000e+00 5.850838e-02 0.000000e+00
5.120000e+00 6.317741e-02 0.000000e+00
5.120000e+00 6.821903e-02 0.000000e+00
5.120000e+00 7.366298e-02 0.000000e+00
5.120000e+00 7.954136e-02 0.000000e+00
5.120000e+00 8.588885e-02 0.000000e+00
5.120000e+00 9.274286e-02 0.000000e+00
5.120000e+00 1.001438e-01 0.000000e+00
5.120000e+00 1.081354e-01 0.000000e+00
5.120000e+00 1.167647e-01 0.000000e+00
5.120000e+00 1.260827e-01 0.000000e+00
5.120000e+00 1.361442e-01 0.000000e+00
5.120000e+00 1.470087e-01 0.000000e+00
5.120000e+00 1.587401e-01 0.000000e+00
5.120000e+00 1.714077e-01 0.000000e+00
5.120000e+00 1.850862e-01 0.000000e+00
5.120000e+00 1.998563e-01 0.000000e+00
5.120000e+00 2.158051e-01 0.000000e+00
5.120000e+00 2.330265e-01 0.000000e+00
5.120000e+00 2.516223e-01 0.000000e+00
5.120000e+00 2.717020e-01 0.000000e+00
5.120000e+00 2.933841e-01 0.000000e+00
5.120000e+00 3.167964e-01 0.000000e+00
5.120000e+00 3.420771e-01 0.000000e+00
5.120000e+00 3.693752e-01 0.000000e+00
5.120000e+00 3.988518e-01 0.000000e+00
5.120000e+00 4.306805e-01 0.000000e+00
5.120000e+00 4.650493e-01 0.000000e+00
5.120000e+00 5.021607e-01 0.000000e+00
5.120000e+00 5.422336e-01 0.000000e+00
5.120000e+00 5.855044e-01 0.000000e+00
5.120000e+00 6.322283e-01 0.000000e+00
5.120000e+00 6.826808e-01 0.000000e+00
5.120000e+00 7.371594e-01 0.000000e+00
5.120000e+00 7.959855e-01 0.000000e+00
5.120000e+00 8.595059e-01 0.000000e+00
5.120000e+00 9.280954e-01 0.000000e+00
5.120000e+00 1.002158e+00 0.000000e+00
5.120000e+00 1.082132e+00 0.000000e+00
5.120000e+00 1.168487e+00 0.000000e+00
5.120000e+00 1.261733e+00 0.000000e+00
5.120000e+00 1.362421e+00 0.000000e+00
5.120000e+00 1.471144e+00 0.000000e+00
5.120000e+00 1.588542e+00 0.000000e+00
5.120000e+00 1.715310e+00 0.000000e+00
5.120000e+00 1.852193e+00 0.000000e+00
5.120000e+00 2.000000e+00 0.000000e+00
5.242400e+00 1.000000e-03 0.000000e+00
5.242400e+00 1.079801e-03 0.000000e+00
5.242400e+00 1.165970e-03 0.000000e+00
5.242400e+00 1.259016e-03 0.000000e+00
5.242400e+00 1.359487e-03 0.000000e+00
5.242400e+00 1.467975e-03 0.000000e+00
5.242400e+00 1.585121e-03 0.000000e+00
5.242400e+00 1.711615e-03 0.000000e+00
5.242400e+00 1.848204e-03 0.000000e+00
5.242400e+00 1.995693e-03 0.000000e+00
5.242400e+00 2.154951e-03 0.000000e+00
5.242400e+00 2.326918e-03 0.000000e+00
5.242400e+00 2.512609e-03 0.000000e+00
5.242400e+00 2.713117e-03 0.000000e+00
5.242400e+00 2.929627e-03 0.000000e+00
5.242400e+00 3.163414e-03 0.000000e+00
5.242400e+00 3.415858e-03 0.000000e+00
5.242400e+00 3.688447e-03 0.000000e+00
5.242400e+00 3.982789e-03 0.000000e+00
5.242400e+00 4.300619e-03 0.000000e+00
5.242400e+00 4.643813e-03 0.000000e+00
5.242400e+00 5.014394e-03 0.000000e+00
5.242400e+00 5.414548e-03 0.000000e+00
5.242400e+00 5.846635e-03 0.000000e+00
5.242400e+00 6.313202e-03 0.000000e+00
5.242400e+00 6.817002e-03 0.000000e+00
5.242400e+00 7.361006e-03 0.000000e+00
5.242400e+00 7.948422e-03 0.000000e+00
5.242400e+00 8.582714e-03 0.000000e+00
5.242400e+00 9.267624e-03 0.000000e+00
5.242400e+00 1.000719e-02 0.000000e+00
5.242400e+00 1.080577e-02 0.000000e+00
5.242400e+00 1.166809e-02 0.000000e+00
5.242400e+00 1.259921e-02 0.000000e+00
5.242400e+00 1.360464e-02 0.000000e+00
5.242400e+00 1.469030e-02 0.000000e+00
5.242400e+00 1.586261e-02 0.000000e+00
5.242400e+00 1.712846e-02 0.000000e+00
5.242400e+00 1.849533e-02 0.000000e+00
5.242400e+00 1.997127e-02 0.000000e+00
5.242400e+00 2.156500e-02 0.000000e+00
5.242400e+00 2.328591e-02 0.000000e+00
5.242400e+00 2.514415e-02 0.000000e+00
5.242400e+00 2.715068e-02 0.000000e+00
5.242400e+00 2.931733e-02 0.000000e+00
5.242400e+00 3.165689e-02 0.000000e+00
5.242400e+00 3.418314e-02 0.000000e+00
5.242400e+00 3.691099e-02 0.000000e+00
5.242400e+00 3.985652e-02 0.000000e+00
5.242400e+00 4.303711e-02 0.000000e+00
5.242400e+00 4.647152e-02 0.000000e+00
5.242400e+00 5.017999e-02 0.000000e+00
5.242400e+00 5.418441e-02 0.000000e+00
5.242400e+00 5.850838e-02 0.000000e+00
5.242400e+00 6.317741e-02 0.000000e+00
5.242400e+00 6.821903e-02 0.000000e+00
5.242400e+00 7.366298e-02 0.000000e+00
5.242400e+00 7.954136e-02 0.000000e+00
5.242400e+00 8.588885e-02 0.000000e+00
5.242400e+00 9.274286e-02 0.000000e+00
5.242400e+00 1.001438e-01 0.000000e+00
5.242400e+00 1.081354e-01 0.000000e+00
5.242400e+00 1.167647e-01 0.000000e+00
5.242400e+00 1.260827e-01 0.000000e+00
5.242400e+00 1.361442e-01 0.000000e+00
5.242400e+00 1.470087e-01 0.000000e+00
5.242400e+00 1.587401e-01 0.000000e+00
5.242400e+00 1.714077e-01 0.000000e+00
5.242400e+00 1.850862e-01 0.000000e+00
5.242400e+00 1.998563e-01 0.000000e+00
5.242400e+00 2.158051e-01 0.000000e+00
5.242400e+00 2.330265e-01 0.000000e+00
5.242400e+00 2.516223e-01 0.000000e+00
5.242400e+00 2.717020e-01 0.000000e+00
5.242400e+00 2.933841e-01 0.000000e+00
5.242400e+00 3.167964e-01 0.000000e+00
5.242400e+00 3.420771e-01 0.000000e+00
5.242400e+00 3.693752e-01 0.000000e+00
5.242400e+00 3.988518e-01 0.000000e+00
5.242400e+00 4.306805e-01 0.000000e+00
5.242400e+00 4.650493e-01 0.000000e+00
5.242400e+00 5.021607e-01 0.000000e+00
5.242400e+00 5.422336e-01 0.000000e+00
5.242400e+00 5.855044e-01 0.000000e+00
5.242400e+00 6.322283e-01 0.000000e+00
5.242400e+00 6.826808e-01 0.000000e+00
5.242400e+00 7.371594e-01 0.000000e+00
5.242400e+00 7.959855e-01 0.000000e+00
5.242400e+00 8.595059e-01 0.000000e+00
5.242400e+00 9.280954e-01 0.000000e+00
5.242400e+00 1.002158e+00 0.000000e+00
5.242400e+00 1.082132e+00 0.000000e+00
5.242400e+00 1.168487e+00 0.000000e+00
5.242400e+00 1.261733e+00 0.000000e+00
5.242400e+00 1.362421e+00 0.000000e+00
5.242400e+00 1.471144e+00 0.000000e+00
5.242400e+00 1.588542e+00 0.000000e+00
5.242400e+00 1.715310e+00 0.000000e+00
5.242400e+00 1.852193e+00 0.000000e+00
5.242400e+00 2.000000e+00 0.000000e+00
5.367248e+00 1.000000e-03 0.000000e+00
5.367248e+00 1.079801e-03 0.000000e+00
5.367248e+00 1.165970e-03 0.000000e+00
5.367248e+00 1.259016e-03 0.000000e+00
5.367248e+00 1.359487e-03 0.000000e+00
5.367248e+00 1.467975e-03 0.000000e+00
5.367248e+00 1.585121e-03 0.000000e+00
5.367248e+00 1.711615e-03 0.000000e+00
5.367248e+00 1.848204e-03 0.000000e+00
5.367248e+00 1.995693e-03 0.000000e+00
5.367248e+00 2.154951e-03 0.000000e+00
5.367248e+00 2.326918e-03 0.000000e+00
5.367248e+00 2.512609e-03 0.000000e+00
5.367248e+00 2.713117e-03 0.000000e+00
5.367248e+00 2.929627e-03 0.000000e+00
5.367248e+00 3.163414e-03 0.000000e+00
5.367248e+00 3.415858e-03 0.000000e+00
5.367248e+00 3.688447e-03 0.000000e+00
5.367248e+00 3.982789e-03 0.000000e+00
5.367248e+00 4.300619e-03 0.000000e+00
5.367248e+00 4.643813e-03 0.000000e+00
5.367248e+00 5.014394e-03 0.000000e+00
5.367248e+00 5.414548e-03 0.000000e+00
5.367248e+00 5.846635e-03 0.000000e+00
5.367248e+00 6.313202e-03 0.000000e+00
5.367248e+00 6.817002e-03 0.000000e+00
5.367248e+00 7.361006e-03 0.000000e+00
5.367248e+00 7.948422e-03 0.000000e+00
5.367248e+00 8.582714e-03 0.000000e+00
5.367248e+00 9.267624e-03 0.000000e+00
5.367248e+00 1.000719e-02 0.000000e+00
5.367248e+00 1.080577e-02 0.000000e+00
5.367248e+00 1.166809e-02 0.000000e+00
5.367248e+00 1.259921e-02 0.000000e+00
5.367248e+00 1.360464e-02 0.000000e+00
5.367248e+00 1.469030e-02 0.000000e+00
5.367248e+00 1.586261e-02 0.000000e+00
5.367248e+00 1.712846e-02 0.000000e+00
5.367248e+00 1.849533e-02 0.000000e+00
5.367248e+00 1.997127e-02 0.000000e+00
5.367248e+00 2.156500e-02 0.000000e+00
5.367248e+00 2.328591e-02 0.000000e+00
5.367248e+00 2.514415e-02 0.000000e+00
5.367248e+00 2.715068e-02 0.000000e+00
5.367248e+00 2.931733e-02 0.000000e+00
5.367248e+00 3.165689e-02 0.000000e+00
5.367248e+00 3.418314e-02 0.000000e+00
5.367248e+00 3.691099e-02 0.000000e+00
5.367248e+00 3.985652e-02 0.000000e+00
5.367248e+00 4.303711e-02 0.000000e+00
5.367248e+00 4.647152e-02 0.000000e+00
5.367248e+00 5.017999e-02 0.000000e+00
5.367248e+00 5.418441e-02 0.000000e+00
5.367248e+00 5.850838e-02 0.000000e+00
5.367248e+00 6.317741e-02 0.000000e+00
5.367248e+00 6.821903e-02 0.000000e+00
5.367248e+00 7.366298e-02 0.000000e+00
5.367248e+00 7.954136e-02 0.000000e+00
5.367248e+00 8.588885e-02 0.000000e+00
5.367248e+00 9.274286e-02 0.000000e+00
5.367248e+00 1.001438e-01 0.000000e+00
5.367248e+00 1.081354e-01 0.000000e+00
5.367248e+00 1.167647e-01 0.000000e+00
5.367248e+00 1.260827e-01 0.000000e+00
5.367248e+00 1.361442e-01 0.000000e+00
5.367248e+00 1.470087e-01 0.000000e+00
5.367248e+00 1.587401e-01 0.000000e+00
5.367248e+00 1.714077e-01 0.000000e+00
5.367248e+00 1.850862e-01 0.000000e+00
5.367248e+00 1.998563e-01 0.000000e+00
5.367248e+00 2.158051e-01 0.000000e+00
5.367248e+00 2.330265e-01 0.000000e+00
5.367248e+00 2.516223e-01 0.000000e+00
5.367248e+00 2.717020e-01 0.000000e+00
5.367248e+00 2.933841e-01 0.000000e+00
5.367248e+00 3.167964e-01 0.000000e+00
5.367248e+00 3.420771e-01 0.000000e+00
5.367248e+00 3.693752e-01 0.000000e+00
5.367248e+00 3.988518e-01 0.000000e+00
5.367248e+00 4.306805e-01 0.000000e+00
5.367248e+00 4.650493e-01 0.000000e+00
5.367248e+00 5.021607e-01 0.000000e+00
5.367248e+00 5.422336e-01 0.000000e+00
5.367248e+00 5.855044e-01 0.000000e+00
5.367248e+00 6.322283e-01 0.000000e+00
5.367248e+00 6.826808e-01 0.000000e+00
5.367248e+00 7.371594e-01 0.000000e+00
5.367248e+00 7.959855e-01 0.000000e+00
5.367248e+00 8.595059e-01 0.000000e+00
5.367248e+00 9.280954e-01 0.000000e+00
5.367248e+00 1.002158e+00 0.000000e+00
5.367248e+00 1.082132e+00 0.000000e+00
5.367248e+00 1.168487e+00 0.000000e+00
5.367248e+00 1.261733e+00 0.000000e+00
5.367248e+00 1.362421e+00 0.000000e+00
5.367248e+00 1.471144e+00 0.000000e+00
5.367248e+00 1.588542e+00 0.000000e+00
5.367248e+00 1.715310e+00 0.000000e+00
5.367248e+00 1.852193e+00 0.000000e+00
5.367248e+00 2.000000e+00 0.000000e+00
5.494593e+00 1.000000e-03 0.000000e+00
5.494593e+00 1.079801e-03 0.000000e+00
5.494593e+00 1.165970e-03 0.000000e+00
5.494593e+00 1.259016e-03 0.000000e+00
5.494593e+00 1.359487e-03 0.000000e+00
5.494593e+00 1.467975e-03 0.000000e+00
5.494593e+00 1.585121e-03 0.000000e+00
5.494593e+00 1.711615e-03 0.000000e+00
5.494593e+00 1.848204e-03 0.000000e+00
5.494593e+00 1.995693e-03 0.000000e+00
5.494593e+00 2.154951e-03 0.000000e+00
5.494593e+00 2.326918e-03 0.000000e+00
5.494593e+00 2.512609e-03 0.000000e+00
5.494593e+00 2.713117e-03 0.000000e+00
5.494593e+00 2.929627e-03 0.000000e+00
5.494593e+00 3.163414e-03 0.000000e+00
5.494593e+00 3.415858e-03 0.000000e+00
5.494593e+00 3.688447e-03 0.000000e+00
5.494593e+00 3.982789e-03 0.000000e+00
5.494593e+00 4.300619e-03 0.000000e+00
5.494593e+00 4.643813e-03 0.000000e+00
5.494593e+00 5.014394e-03 0.000000e+00
5.494593e+00 5.414548e-03 0.000000e+00
5.494593e+00 5.846635e-03 0.000000e+00
5.494593e+00 6.313202e-03 0.000000e+00
5.494593e+00 6.817002e-03 0.000000e+00
5.494593e+00 7.361006e-03 0.000000e+00
5.494593e+00 7.948422e-03 0.000000e+00
5.494593e+00 8.582714e-03 0.000000e+00
5.494593e+00 9.267624e-03 0.000000e+00
5.494593e+00 1.000719e-02 0.000000e+00
5.494593e+00 1.080577e-02 0.000000e+00
5.494593e+00 1.166809e-02 0.000000e+00
5.494593e+00 1.259921e-02 0.000000e+00
5.494593e+00 1.360464e-02 0.000000e+00
5.494593e+00 1.469030e-02 0.000000e+00
5.494593e+00 1.586261e-02 0.000000e+00
5.494593e+00 1.712846e-02 0.000000e+00
5.494593e+00 1.849533e-02 0.000000e+00
5.494593e+00 1.997127e-02 0.000000e+00
5.494593e+00 2.156500e-02 0.000000e+00
5.494593e+00 2.328591e-02 0.000000e+00
5.494593e+00 2.514415e-02 0.000000e+00
5.494593e+00 2.715068e-02 0.000000e+00
5.494593e+00 2.931733e-02 0.000000e+00
5.494593e+00 3.165689e-02 0.000000e+00
5.494593e+00 3.418314e-02 0.000000e+00
5.494593e+00 3.691099e-02 0.000000e+00
5.494593e+00 3.985652e-02 0.000000e+00
5.494593e+00 4.303711e-02 0.000000e+00
5.494593e+00 4.647152e-02 0.000000e+00
5.494593e+00 5.017999e-02 0.000000e+00
5.494593e+00 5.418441e-02 0.000000e+00
5.494593e+00 5.850838e-02 0.000000e+00
5.494593e+00 6.317741e-02 0.000000e+00
5.494593e+00 6.821903e-02 0.000000e+00
5.494593e+00 7.366298e-02 0.000000e+00
5.494593e+00 7.954136e-02 0.000000e+00
5.494593e+00 8.588885e-02 0.000000e+00
5.494593e+00 9.274286e-02 0.000000e+00
5.494593e+00 1.001438e-01 0.000000e+00
5.494593e+00 1.081354e-01 0.000000e+00
5.494593e+00 1.167647e-01 0.000000e+00
5.494593e+00 1.260827e-01 0.000000e+00
5.494593e+00 1.361442e-01 0.000000e+00
5.494593e+00 1.470087e-01 0.000000e+00
5.494593e+00 1.587401e-01 0.000000e+00
5.494593e+00 1.714077e-01 0.000000e+00
5.494593e+00 1.850862e-01 0.000000e+00
5.494593e+00 1.998563e-01 0.000000e+00
5.494593e+00 2.158051e-01 0.000000e+00
5.494593e+00 2.330265e-01 0.000000e+00
5.494593e+00 2.516223e-01 0.000000e+00
5.494593e+00 2.717020e-01 0.000000e+00
5.494593e+00 2.933841e-01 0.000000e+00
5.494593e+00 3.167964e-01 0.000000e+00
5.494593e+00 3.420771e-01 0.000000e+00
5.494593e+00 3.693752e-01 0.000000e+00
5.494593e+00 3.988518e-01 0.000000e+00
5.494593e+00 4.306805e-01 0.000000e+00
5.494593e+00 4.650493e-01 0.000000e+00
5.494593e+00 5.021607e-01 0.000000e+00
5.494593e+00 5.422336e-01 0.000000e+00
5.494593e+00 5.855044e-01 0.000000e+00
5.494593e+00 6.322283e-01 0.000000e+00
5.494593e+00 6.826808e-01 0.000000e+00
5.494593e+00 7.371594e-01 0.000000e+00
5.494593e+00 7.959855e-01 0.000000e+00
5.494593e+00 8.595059e-01 0.000000e+00
5.494593e+00 9.280954e-01 0.000000e+00
5.494593e+00 1.002158e+00 0.000000e+00
5.494593e+00 1.082132e+00 0.000000e+00
5.494593e+00 1.168487e+00 0.000000e+00
5.494593e+00 1.261733e+00 0.000000e+00
5.494593e+00 1.362421e+00 0.000000e+00
5.494593e+00 1.471144e+00 0.000000e+00
5.494593e+00 1.588542e+00 0.000000e+00
5.494593e+00 1.715310e+00 0.000000e+00
5.494593e+00 1.852193e+00 0.000000e+00
5.494593e+00 2.000000e+00 0.000000e+00
5.624485e+00 1.000000e-03 0.000000e+00
5.624485e+00 1.079801e-03 0.000000e+00
5.624485e+00 1.165970e-03 0.000000e+00
5.624485e+00 1.259016e-03 0.000000e+00
5.624485e+00 1.359487e-03 0.000000e+00
5.624485e+00 1.467975e-03 0.000000e+00
5.624485e+00 1.585121e-03 0.000000e+00
5.624485e+00 1.711615e-03 0.000000e+00
5.624485e+00 1.848204e-03 0.000000e+00
5.624485e+00 1.995693e-03 0.000000e+00
5.624485e+00 2.154951e-03 0.000000e+00
5.624485e+00 2.326918e-03 0.000000e+00
5.624485e+00 2.512609e-03 0.000000e+00
5.624485e+00 2.713117e-03 0.000000e+00
5.624485e+00 2.929627e-03 0.000000e+00
5.624485e+00 3.163414e-03 0.000000e+00
5.624485e+00 3.415858e-03 0.000000e+00
5.624485e+00 3.688447e-03 0.000000e+00
5.624485e+00 3.982789e-03 0.000000e+00
5.624485e+00 4.300619e-03 0.000000e+00
5.624485e+00 4.643813e-03 0.000000e+00
5.624485e+00 5.014394e-03 0.000000e+00
5.624485e+00 5.414548e-03 0.000000e+00
5.624485e+00 5.846635e-03 0.000000e+00
5.624485e+00 6.313202e-03 0.000000e+00
5.624485e+00 6.817002e-03 0.000000e+00
5.624485e+00 7.361006e-03 0.000000e+00
5.624485e+00 7.948422e-03 0.000000e+00
5.624485e+00 8.582714e-03 0.000000e+00
5.624485e+00 9.267624e-03 0.000000e+00
5.624485e+00 1.000719e-02 0.000000e+00
5.624485e+00 1.080577e-02 0.000000e+00
5.624485e+00 1.166809e-02 0.000000e+00
5.624485e+00 1.259921e-02 0.000000e+00
5.624485e+00 1.360464e-02 0.000000e+00
5.624485e+00 1.469030e-02 0.000000e+00
5.624485e+00 1.586261e-02 0.000000e+00
5.624485e+00 1.712846e-02 0.000000e+00
5.624485e+00 1.849533e-02 0.000000e+00
5.624485e+00 1.997127e-02 0.000000e+00
5.624485e+00 2.156500e-02 0.000000e+00
5.624485e+00 2.328591e-02 0.000000e+00
5.624485e+00 2.514415e-02 0.000000e+00
5.624485e+00 2.715068e-02 0.000000e+00
5.624485e+00 2.931733e-02 0.000000e+00
5.624485e+00 3.165689e-02 0.000000e+00
5.624485e+00 3.418314e-02 0.000000e+00
5.624485e+00 3.691099e-02 0.000000e+00
5.624485e+00 3.985652e-02 0.000000e+00
5.624485e+00 4.303711e-02 0.000000e+00
5.624485e+00 4.647152e-02 0.000000e+00
5.624485e+00 5.017999e-02 0.000000e+00
5.624485e+00 5.418441e-02 0.000000e+00
5.624485e+00 5.850838e-02 0.000000e+00
5.624485e+00 6.317741e-02 0.000000e+00
5.624485e+00 6.821903e-02 0.000000e+00
5.624485e+00 7.366298e-02 0.000000e+00
5.624485e+00 7.954136e-02 0.000000e+00
5.624485e+00 8.588885e-02 0.000000e+00
5.624485e+00 9.274286e-02 0.000000e+00
5.624485e+00 1.001438e-01 0.000000e+00
5.624485e+00 1.081354e-01 0.000000e+00
5.624485e+00 1.167647e-01 0.000000e+00
5.624485e+00 1.260827e-01 0.000000e+00
5.624485e+00 1.361442e-01 0.000000e+00
5.624485e+00 1.470087e-01 0.000000e+00
5.624485e+00 1.587401e-01 0.000000e+00
5.624485e+00 1.714077e-01 0.000000e+00
5.624485e+00 1.850862e-01 0.000000e+00
5.624485e+00 1.998563e-01 0.000000e+00
5.624485e+00 2.158051e-01 0.000000e+00
5.624485e+00 2.330265e-01 0.000000e+00
5.624485e+00 2.516223e-01 0.000000e+00
5.624485e+00 2.717020e-01 0.000000e+00
5.624485e+00 2.933841e-01 0.000000e+00
5.624485e+00 3.167964e-01 0.000000e+00
5.624485e+00 3.420771e-01 0.000000e+00
5.624485e+00 3.693752e-01 0.000000e+00
5.624485e+00 3.988518e-01 0.000000e+00
5.624485e+00 4.306805e-01 0.000000e+00
5.624485e+00 4.650493e-01 0.000000e+00
5.624485e+00 5.021607e-01 0.000000e+00
5.624485e+00 5.422336e-01 0.000000e+00
5.624485e+00 5.855044e-01 0.000000e+00
5.624485e+00 6.322283e-01 0.000000e+00
5.624485e+00 6.826808e-01 0.000000e+00
5.624485e+00 7.371594e-01 0.000000e+00
5.624485e+00 7.959855e-01 0.000000e+00
5.624485e+00 8.595059e-01 0.000000e+00
5.624485e+00 9.280954e-01 0.000000e+00
5.624485e+00 1.002158e+00 0.000000e+00
5.624485e+00 1.082132e+00 0.000000e+00
5.624485e+00 1.168487e+00 0.000000e+00
5.624485e+00 1.261733e+00 0.000000e+00
5.624485e+00 1.362421e+00 0.000000e+00
5.624485e+00 1.471144e+00 0.000000e+00
5.624485e+00 1.588542e+00 0.000000e+00
5.624485e+00 1.715310e+00 0.000000e+00
5.624485e+00 1.852193e+00 0.000000e+00
5.624485e+00 2.000000e+00 0.000000e+00
5.756975e+00 1.000000e-03 0.000000e+00
5.756975e+00 1.079801e-03 0.000000e+00
5.756975e+00 1.165970e-03 0.000000e+00
5.756975e+00 1.259016e-03 0.000000e+00
5.756975e+00 1.359487e-03 0.000000e+00
5.756975e+00 1.467975e-03 0.000000e+00
5.756975e+00 1.585121e-03 0.000000e+00
5.756975e+00 1.711615e-03 0.000000e+00
5.756975e+00 1.848204e-03 0.000000e+00
5.756975e+00 1.995693e-03 0.000000e+00
5.756975e+00 2.154951e-03 0.000000e+00
5.756975e+00 2.326918e-03 0.000000e+00
5.756975e+00 2.512609e-03 0.000000e+00
5.756975e+00 2.713117e-03 0.000000e+00
5.756975e+00 2.929627e-03 0.000000e+00
5.756975e+00 3.163414e-03 0.000000e+00
5.756975e+00 3.415858e-03 0.000000e+00
5.756975e+00 3.688447e-03 0.000000e+00
5.756975e+00 3.982789e-03 0.000000e+00
5.756975e+00 4.300619e-03 0.000000e+00
5.756975e+00 4.643813e-03 0.000000e+00
5.756975e+00 5.014394e-03 0.000000e+00
5.756975e+00 5.414548e-03 0.000000e+00
5.756975e+00 5.846635e-03 0.000000e+00
5.756975e+00 6.313202e-03 0.000000e+00
5.756975e+00 6.817002e-03 0.000000e+00
5.756975e+00 7.361006e-03 0.000000e+00
5.756975e+00 7.948422e-03 0.000000e+00
5.756975e+00 8.582714e-03 0.000000e+00
5.756975e+00 9.267624e-03 0.000000e+00
5.756975e+00 1.000719e-02 0.000000e+00
5.756975e+00 1.080577e-02 0.000000e+00
5.756975e+00 1.166809e-02 0.000000e+00
5.756975e+00 1.259921e-02 0.000000e+00
5.756975e+00 1.360464e-02 0.000000e+00
5.756975e+00 1.469030e-02 0.000000e+00
5.756975e+00 1.586261e-02 0.000000e+00
5.756975e+00 1.712846e-02 0.000000e+00
5.756975e+00 1.849533e-02 0.000000e+00
5.756975e+00 1.997127e-02 0.000000e+00
5.756975e+00 2.156500e-02 0.000000e+00
5.756975e+00 2.328591e-02 0.000000e+00
5.756975e+00 2.514415e-02 0.000000e+00
5.756975e+00 2.715068e-02 0.000000e+00
5.756975e+00 2.931733e-02 0.000000e+00
5.756975e+00 3.165689e-02 0.000000e+00
5.756975e+00 3.418314e-02 0.000000e+00
5.756975e+00 3.691099e-02 0.000000e+00
5.756975e+00 3.985652e-02 0.000000e+00
5.756975e+00 4.303711e-02 0.000000e+00
5.756975e+00 4.647152e-02 0.000000e+00
5.756975e+00 5.017999e-02 0.000000e+00
5.756975e+00 5.418441e-02 0.000000e+00
5.756975e+00 5.850838e-02 0.000000e+00
5.756975e+00 6.317741e-02 0.000000e+00
5.756975e+00 6.821903e-02 0.000000e+00
5.756975e+00 7.366298e-02 0.000000e+00
5.756975e+00 7.954136e-02 0.000000e+00
5.756975e+00 8.588885e-02 0.000000e+00
5.756975e+00 9.274286e-02 0.000000e+00
5.756975e+00 1.001438e-01 0.000000e+00
5.756975e+00 1.081354e-01 0.000000e+00
5.756975e+00 1.167647e-01 0.000000e+00
5.756975e+00 1.260827e-01 0.000000e+00
5.756975e+00 1.361442e-01 0.000000e+00
5.756975e+00 1.470087e-01 0.000000e+00
5.756975e+00 1.587401e-01 0.000000e+00
5.756975e+00 1.714077e-01 0.000000e+00
5.756975e+00 1.850862e-01 0.000000e+00
5.756975e+00 1.998563e-01 0.000000e+00
5.756975e+00 2.158051e-01 0.000000e+00
5.756975e+00 2.330265e-01 0.000000e+00
5.756975e+00 2.516223e-01 0.000000e+00
5.756975e+00 2.717020e-01 0.000000e+00
5.756975e+00 2.933841e-01 0.000000e+00
5.756975e+00 3.167964e-01 0.000000e+00
5.756975e+00 3.420771e-01 0.000000e+00
5.756975e+00 3.693752e-01 0.000000e+00
5.756975e+00 3.988518e-01 0.000000e+00
5.756975e+00 4.306805e-01 0.000000e+00
5.756975e+00 4.650493e-01 0.000000e+00
5.756975e+00 5.021607e-01 0.000000e+00
5.756975e+00 5.422336e-01 0.000000e+00
5.756975e+00 5.855044e-01 0.000000e+00
5.756975e+00 6.322283e-01 0.000000e+00
5.756975e+00 6.826808e-01 0.000000e+00
5.756975e+00 7.371594e-01 0.000000e+00
5.756975e+00 7.959855e-01 0.000000e+00
5.756975e+00 8.595059e-01 0.000000e+00
5.756975e+00 9.280954e-01 0.000000e+00
5.756975e+00 1.002158e+00 0.000000e+00
5.756975e+00 1.082132e+00 0.000000e+00
5.756975e+00 1.168487e+00 0.000000e+00
5.756975e+00 1.261733e+00 0.000000e+00
5.756975e+00 1.362421e+00 0.000000e+00
5.756975e+00 1.471144e+00 0.000000e+00
5.756975e+00 1.588542e+00 0.000000e+00
5.756975e+00 1.715310e+00 0.000000e+00
5.756975e+00 1.852193e+00 0.000000e+00
5.756975e+00 2.000000e+00 0.000000e+00
5.892114e+00 1.000000e-03 0.000000e+00
5.892114e+00 1.079801e-03 0.000000e+00
5.892114e+00 1.165970e-03 0.000000e+00
5.892114e+00 1.259016e-03 0.000000e+00
5.892114e+00 1.359487e-03 0.000000e+00
5.892114e+00 1.467975e-03 0.000000e+00
5.892114e+00 1.585121e-03 0.000000e+00
5.892114e+00 1.711615e-03 0.000000e+00
5.892114e+00 1.848204e-03 0.000000e+00
5.892114e+00 1.995693e-03 0.000000e+00
5.892114e+00 2.154951e-03 0.000000e+00
5.892114e+00 2.326918e-03 0.000000e+00
5.892114e+00 2.512609e-03 0.000000e+00
5.892114e+00 2.713117e-03 0.000000e+00
5.892114e+00 2.929627e-03 0.000000e+00
5.892114e+00 3.163414e-03 0.000000e+00
5.892114e+00 3.415858e-03 0.000000e+00
5.892114e+00 3.688447e-03 0.000000e+00
5.892114e+00 3.982789e-03 0.000000e+00
5.892114e+00 4.300619e-03 0.000000e+00
5.892114e+00 4.643813e-03 0.000000e+00
5.892114e+00 5.014394e-03 0.000000e+00
5.892114e+00 5.414548e-03 0.000000e+00
5.892114e+00 5.846635e-03 0.000000e+00
5.892114e+00 6.313202e-03 0.000000e+00
5.892114e+00 6.817002e-03 0.000000e+00
5.892114e+00 7.361006e-03 0.000000e+00
5.892114e+00 7.948422e-03 0.000000e+00
5.892114e+00 8.582714e-03 0.000000e+00
5.892114e+00 9.267624e-03 0.000000e+00
5.892114e+00 1.000719e-02 0.000000e+00
5.892114e+00 1.080577e-02 0.000000e+00
5.892114e+00 1.166809e-02 0.000000e+00
5.892114e+00 1.259921e-02 0.000000e+00
5.892114e+00 1.360464e-02 0.000000e+00
5.892114e+00 1.469030e-02 0.000000e+00
5.892114e+00 1.586261e-02 0.000000e+00
5.892114e+00 1.712846e-02 0.000000e+00
5.892114e+00 1.849533e-02 0.000000e+00
5.892114e+00 1.997127e-02 0.000000e+00
5.892114e+00 2.156500e-02 0.000000e+00
5.892114e+00 2.328591e-02 0.000000e+00
5.892114e+00 2.514415e-02 0.000000e+00
5.892114e+00 2.715068e-02 0.000000e+00
5.892114e+00 2.931733e-02 0.000000e+00
5.892114e+00 3.165689e-02 0.000000e+00
5.892114e+00 3.418314e-02 0.000000e+00
5.892114e+00 3.691099e-02 0.000000e+00
5.892114e+00 3.985652e-02 0.000000e+00
5.892114e+00 4.303711e-02 0.000000e+00
5.892114e+00 4.647152e-02 0.000000e+00
5.892114e+00 5.017999e-02 0.000000e+00
5.892114e+00 5.418441e-02 0.000000e+00
5.892114e+00 5.850838e-02 0.000000e+00
5.892114e+00 6.317741e-02 0.000000e+00
5.892114e+00 6.821903e-02 0.000000e+00
5.892114e+00 7.366298e-02 0.000000e+00
5.892114e+00 7.954136e-02 0.000000e+00
5.892114e+00 8.588885e-02 0.000000e+00
5.892114e+00 9.274286e-02 0.000000e+00
5.892114e+00 1.001438e-01 0.000000e+00
5.892114e+00 1.081354e-01 0.000000e+00
5.892114e+00 1.167647e-01 0.000000e+00
5.892114e+00 1.260827e-01 0.000000e+00
5.892114e+00 1.361442e-01 0.000000e+00
5.892114e+00 1.470087e-01 0.000000e+00
5.892114e+00 1.587401e-01 0.000000e+00
5.892114e+00 1.714077e-01 0.000000e+00
5.892114e+00 1.850862e-01 0.000000e+00
5.892114e+00 1.998563e-01 0.000000e+00
5.892114e+00 2.158051e-01 0.000000e+00
5.892114e+00 2.330265e-01 0.000000e+00
5.892114e+00 2.516223e-01 0.000000e+00
5.892114e+00 2.717020e-01 0.000000e+00
5.892114e+00 2.933841e-01 0.000000e+00
5.892114e+00 3.167964e-01 0.000000e+00
5.892114e+00 3.420771e-01 0.000000e+00
5.892114e+00 3.693752e-01 0.000000e+00
5.892114e+00 3.988518e-01 0.000000e+00
5.892114e+00 4.306805e-01 0.000000e+00
5.892114e+00 4.650493e-01 0.000000e+00
5.892114e+00 5.021607e-01 0.000000e+00
5.892114e+00 5.422336e-01 0.000000e+00
5.892114e+00 5.855044e-01 0.000000e+00
5.892114e+00 6.322283e-01 0.000000e+00
5.892114e+00 6.826808e-01 0.000000e+00
5.892114e+00 7.371594e-01 0.000000e+00
5.892114e+00 7.959855e-01 0.000000e+00
5.892114e+00 8.595059e-01 0.000000e+00
5.892114e+00 9.280954e-01 0.000000e+00
5.892114e+00 1.002158e+00 0.000000e+00
5.892114e+00 1.082132e+00 0.000000e+00
5.892114e+00 1.168487e+00 0.000000e+00
5.892114e+00 1.261733e+00 0.000000e+00
5.892114e+00 1.362421e+00 0.000000e+00
5.892114e+00 1.471144e+00 0.000000e+00
5.892114e+00 1.588542e+00 0.000000e+00
5.892114e+00 1.715310e+00 0.000000e+00
5.892114e+00 1.852193e+00 0.000000e+00
5.892114e+00 2.000000e+00 0.000000e+00
6.029956e+00 1.000000e-03 0.000000e+00
6.029956e+00 1.079801e-03 0.000000e+00
6.029956e+00 1.165970e-03 0.000000e+00
6.029956e+00 1.259016e-03 0.000000e+00
6.029956e+00 1.359487e-03 0.000000e+00
6.029956e+00 1.467975e-03 0.000000e+00
6.029956e+00 1.585121e-03 0.000000e+00
6.029956e+00 1.711615e-03 0.000000e+00
6.029956e+00 1.848204e-03 0.000000e+00
6.029956e+00 1.995693e-03 0.000000e+00
6.029956e+00 2.154951e-03 0.000000e+00
6.029956e+00 2.326918e-03 0.000000e+00
6.029956e+00 2.512609e-03 0.000000e+00
6.029956e+00 2.713117e-03 0.000000e+00
6.029956e+00 2.929627e-03 0.000000e+00
6.029956e+00 3.163414e-03 0.000000e+00
6.029956e+00 3.415858e-03 0.000000e+00
6.029956e+00 3.688447e-03 0.000000e+00
6.029956e+00 3.982789e-03 0.000000e+00
6.029956e+00 4.300619e-03 0.000000e+00
6.029956e+00 4.643813e-03 0.000000e+00
6.029956e+00 5.014394e-03 0.000000e+00
6.029956e+00 5.414548e-03 0.000000e+00
6.029956e+00 5.846635e-03 0.000000e+00
6.029956e+00 6.313202e-03 0.000000e+00
6.029956e+00 6.817002e-03 0.000000e+00
6.029956e+00 7.361006e-03 0.000000e+00
6.029956e+00 7.948422e-03 0.000000e+00
6.029956e+00 8.582714e-03 0.000000e+00
6.029956e+00 9.267624e-03 0.000000e+00
6.029956e+00 1.000719e-02 0.000000e+00
6.029956e+00 1.080577e-02 0.000000e+00
6.029956e+00 1.166809e-02 0.000000e+00
6.029956e+00 1.259921e-02 0.000000e+00
6.029956e+00 1.360464e-02 0.000000e+00
6.029956e+00 1.469030e-02 0.000000e+00
6.029956e+00 1.586261e-02 0.000000e+00
6.029956e+00 1.712846e-02 0.000000e+00
6.029956e+00 1.849533e-02 0.000000e+00
6.029956e+00 1.997127e-02 0.000000e+00
6.029956e+00 2.156500e-02 0.000000e+00
6.029956e+00 2.328591e-02 0.000000e+00
6.029956e+00 2.514415e-02 0.000000e+00
6.029956e+00 2.715068e-02 0.000000e+00
6.029956e+00 2.931733e-02 0.000000e+00
6.029956e+00 3.165689e-02 0.000000e+00
6.029956e+00 3.418314e-02 0.000000e+00
6.029956e+00 3.691099e-02 0.000000e+00
6.029956e+00 3.985652e-02 0.000000e+00
6.029956e+00 4.303711e-02 0.000000e+00
6.029956e+00 4.647152e-02 0.000000e+00
6.029956e+00 5.017999e-02 0.000000e+00
6.029956e+00 5.418441e-02 0.000000e+00
6.029956e+00 5.850838e-02 0.000000e+00
6.029956e+00 6.317741e-02 0.000000e+00
6.029956e+00 6.821903e-02 0.000000e+00
6.029956e+00 7.366298e-02 0.000000e+00
6.029956e+00 7.954136e-02 0.000000e+00
6.029956e+00 8.588885e-02 0.000000e+00
6.029956e+00 9.274286e-02 0.000000e+00
6.029956e+00 1.001438e-01 0.000000e+00
6.029956e+00 1.081354e-01 0.000000e+00
6.029956e+00 1.167647e-01 0.000000e+00
6.029956e+00 1.260827e-01 0.000000e+00
6.029956e+00 1.361442e-01 0.000000e+00
6.029956e+00 1.470087e-01 0.000000e+00
6.029956e+00 1.587401e-01 0.000000e+00
6.029956e+00 1.714077e-01 0.000000e+00
6.029956e+00 1.850862e-01 0.000000e+00
6.029956e+00 1.998563e-01 0.000000e+00
6.029956e+00 2.158051e-01 0.000000e+00
6.029956e+00 2.330265e-01 0.000000e+00
6.029956e+00 2.516223e-01 0.000000e+00
6.029956e+00 2.717020e-01 0.000000e+00
6.029956e+00 2.933841e-01 0.000000e+00
6.029956e+00 3.167964e-01 0.000000e+00
6.029956e+00 3.420771e-01 0.000000e+00
6.029956e+00 3.693752e-01 0.000000e+00
6.029956e+00 3.988518e-01 0.000000e+00
6.029956e+00 4.306805e-01 0.000000e+00
6.029956e+00 4.650493e-01 0.000000e+00
6.029956e+00 5.021607e-01 0.000000e+00
6.029956e+00 5.422336e-01 0.000000e+00
6.029956e+00 5.855044e-01 0.000000e+00
6.029956e+00 6.322283e-01 0.000000e+00
6.029956e+00 6.826808e-01 0.000000e+00
6.029956e+00 7.371594e-01 0.000000e+00
6.029956e+00 7.959855e-01 0.000000e+00
6.029956e+00 8.595059e-01 0.000000e+00
6.029956e+00 9.280954e-01 0.000000e+00
6.029956e+00 1.002158e+00 0.000000e+00
6.029956e+00 1.082132e+00 0.000000e+00
6.029956e+00 1.168487e+00 0.000000e+00
6.029956e+00 1.261733e+00 0.000000e+00
6.029956e+00 1.362421e+00 0.000000e+00
6.029956e+00 1.471144e+00 0.000000e+00
6.029956e+00 1.588542e+00 0.000000e+00
6.029956e+00 1.715310e+00 0.000000e+00
6.029956e+00 1.852193e+00 0.000000e+00
6.029956e+00 2.000000e+00 0.000000e+00
6.170555e+00 1.000000e-03 0.000000e+00
6.170555e+00 1.079801e-03 0.000000e+00
6.170555e+00 1.165970e-03 0.000000e+00
6.170555e+00 1.259016e-03 0.000000e+00
6.170555e+00 1.359487e-03 0.000000e+00
6.170555e+00 1.467975e-03 0.000000e+00
6.170555e+00 1.585121e-03 0.000000e+00
6.170555e+00 1.711615e-03 0.000000e+00
6.170555e+00 1.848204e-03 0.000000e+00
6.170555e+00 1.995693e-03 0.000000e+00
6.170555e+00 2.154951e-03 0.000000e+00
6.170555e+00 2.326918e-03 0.000000e+00
6.170555e+00 2.512609e-03 0.000000e+00
6.170555e+00 2.713117e-03 0.000000e+00
6.170555e+00 2.929627e-03 0.000000e+00
6.170555e+00 3.163414e-03 0.000000e+00
6.170555e+00 3.415858e-03 0.000000e+00
6.170555e+00 3.688447e-03 0.000000e+00
6.170555e+00 3.982789e-03 0.000000e+00
6.170555e+00 4.300619e-03 0.000000e+00
6.170555e+00 4.643813e-03 0.000000e+00
6.170555e+00 5.014394e-03 0.000000e+00
6.170555e+00 5.414548e-03 0.000000e+00
6.170555e+00 5.846635e-03 0.000000e+00
6.170555e+00 6.313202e-03 0.000000e+00
6.170555e+00 6.817002e-03 0.000000e+00
6.170555e+00 7.361006e-03 0.000000e+00
6.170555e+00 7.948422e-03 0.000000e+00
6.170555e+00 8.582714e-03 0.000000e+00
6.170555e+00 9.267624e-03 0.000000e+00
6.170555e+00 1.000719e-02 0.000000e+00
6.170555e+00 1.080577e-02 0.000000e+00
6.170555e+00 1.166809e-02 0.000000e+00
6.170555e+00 1.259921e-02 0.000000e+00
6.170555e+00 1.360464e-02 0.000000e+00
6.170555e+00 1.469030e-02 0.000000e+00
6.170555e+00 1.586261e-02 0.000000e+00
6.170555e+00 1.712846e-02 0.000000e+00
6.170555e+00 1.849533e-02 0.000000e+00
6.170555e+00 1.997127e-02 0.000000e+00
6.170555e+00 2.156500e-02 0.000000e+00
6.170555e+00 2.328591e-02 0.000000e+00
6.170555e+00 2.514415e-02 0.000000e+00
6.170555e+00 2.715068e-02 0.000000e+00
6.170555e+00 2.931733e-02 0.000000e+00
6.170555e+00 3.165689e-02 0.000000e+00
6.170555e+00 3.418314e-02 0.000000e+00
6.170555e+00 3.691099e-02 0.000000e+00
6.170555e+00 3.985652e-02 0.000000e+00
6.170555e+00 4.303711e-02 0.000000e+00
6.170555e+00 4.647152e-02 0.000000e+00
6.170555e+00 5.017999e-02 0.000000e+00
6.170555e+00 5.418441e-02 0.000000e+00
6.170555e+00 5.850838e-02 0.000000e+00
6.170555e+00 6.317741e-02 0.000000e+00
6.170555e+00 6.821903e-02 0.000000e+00
6.170555e+00 7.366298e-02 0.000000e+00
6.170555e+00 7.954136e-02 0.000000e+00
6.170555e+00 8.588885e-02 0.000000e+00
6.170555e+00 9.274286e-02 0.000000e+00
6.170555e+00 1.001438e-01 0.000000e+00
6.170555e+00 1.081354e-01 0.000000e+00
6.170555e+00 1.167647e-01 0.000000e+00
6.170555e+00 1.260827e-01 0.000000e+00
6.170555e+00 1.361442e-01 0.000000e+00
6.170555e+00 1.470087e-01 0.000000e+00
6.170555e+00 1.587401e-01 0.000000e+00
6.170555e+00 1.714077e-01 0.000000e+00
6.170555e+00 1.850862e-01 0.000000e+00
6.170555e+00 1.998563e-01 0.000000e+00
6.170555e+00 2.158051e-01 0.000000e+00
6.170555e+00 2.330265e-01 0.000000e+00
6.170555e+00 2.516223e-01 0.000000e+00
6.170555e+00 2.717020e-01 0.000000e+00
6.170555e+00 2.933841e-01 0.000000e+00
6.170555e+00 3.167964e-01 0.000000e+00
6.170555e+00 3.420771e-01 0.000000e+00
6.170555e+00 3.693752e-01 0.000000e+00
6.170555e+00 3.988518e-01 0.000000e+00
6.170555e+00 4.306805e-01 0.000000e+00
6.170555e+00 4.650493e-01 0.000000e+00
6.170555e+00 5.021607e-01 0.000000e+00
6.170555e+00 5.422336e-01 0.000000e+00
6.170555e+00 5.855044e-01 0.000000e+00
6.170555e+00 6.322283e-01 0.000000e+00
6.170555e+00 6.826808e-01 0.000000e+00
6.170555e+00 7.371594e-01 0.000000e+00
6.170555e+00 7.959855e-01 0.000000e+00
6.170555e+00 8.595059e-01 0.000000e+00
6.170555e+00 9.280954e-01 0.000000e+00
6.170555e+00 1.002158e+00 0.000000e+00
6.170555e+00 1.082132e+00 0.000000e+00
6.170555e+00 1.168487e+00 0.000000e+00
6.170555e+00 1.261733e+00 0.000000e+00
6.170555e+00 1.362421e+00 0.000000e+00
6.170555e+00 1.471144e+00 0.000000e+00
6.170555e+00 1.588542e+00 0.000000e+00
6.170555e+00 1.715310e+00 0.000000e+00
6.170555e+00 1.852193e+00 0.000000e+00
6.170555e+00 2.000000e+00 0.000000e+00
6.313967e+00 1.000000e-03 0.000000e+00
6.313967e+00 1.079801e-03 0.000000e+00
6.313967e+00 1.165970e-03 0.000000e+00
6.313967e+00 1.259016e-03 0.000000e+00
6.313967e+00 1.359487e-03 0.000000e+00
6.313967e+00 1.467975e-03 0.000000e+00
6.313967e+00 1.585121e-03 0.000000e+00
6.313967e+00 1.711615e-03 0.000000e+00
6.313967e+00 1.848204e-03 0.000000e+00
6.313967e+00 1.995693e-03 0.000000e+00
6.313967e+00 2.154951e-03 0.000000e+00
6.313967e+00 2.326918e-03 0.000000e+00
6.313967e+00 2.512609e-03 0.000000e+00
6.313967e+00 2.713117e-03 0.000000e+00
6.313967e+00 2.929627e-03 0.000000e+00
6.313967e+00 3.163414e-03 0.000000e+00
6.313967e+00 3.415858e-03 0.000000e+00
6.313967e+00 3.688447e-03 0.000000e+00
6.313967e+00 3.982789e-03 0.000000e+00
6.313967e+00 4.300619e-03 0.000000e+00
6.313967e+00 4.643813e-03 0.000000e+00
6.313967e+00 5.014394e-03 0.000000e+00
6.313967e+00 5.414548e-03 0.000000e+00
6.313967e+00 5.846635e-03 0.000000e+00
6.313967e+00 6.313202e-03 0.000000e+00
6.313967e+00 6.817002e-03 0.000000e+00
6.313967e+00 7.361006e-03 0.000000e+00
6.313967e+00 7.948422e-03 0.000000e+00
6.313967e+00 8.582714e-03 0.000000e+00
6.313967e+00 9.267624e-03 0.000000e+00
6.313967e+00 1.000719e-02 0.000000e+00
6.313967e+00 1.080577e-02 0.000000e+00
6.313967e+00 1.166809e-02 0.000000e+00
6.313967e+00 1.259921e-02 0.000000e+00
6.313967e+00 1.360464e-02 0.000000e+00
6.313967e+00 1.469030e-02 0.000000e+00
6.313967e+00 1.586261e-02 0.000000e+00
6.313967e+00 1.712846e-02 0.000000e+00
6.313967e+00 1.849533e-02 0.000000e+00
6.313967e+00 1.997127e-02 0.000000e+00
6.313967e+00 2.156500e-02 0.000000e+00
6.313967e+00 2.328591e-02 0.000000e+00
6.313967e+00 2.514415e-02 0.000000e+00
6.313967e+00 2.715068e-02 0.000000e+00
6.313967e+00 2.931733e-02 0.000000e+00
6.313967e+00 3.165689e-02 0.000000e+00
6.313967e+00 3.418314e-02 0.000000e+00
6.313967e+00 3.691099e-02 0.000000e+00
6.313967e+00 3.985652e-02 0.000000e+00
6.313967e+00 4.303711e-02 0.000000e+00
6.313967e+00 4.647152e-02 0.000000e+00
6.313967e+00 5.017999e-02 0.000000e+00
6.313967e+00 5.418441e-02 0.000000e+00
6.313967e+00 5.850838e-02 0.000000e+00
6.313967e+00 6.317741e-02 0.000000e+00
6.313967e+00 6.821903e-02 0.000000e+00
6.313967e+00 7.366298e-02 0.000000e+00
6.313967e+00 7.954136e-02 0.000000e+00
6.313967e+00 8.588885e-02 0.000000e+00
6.313967e+00 9.274286e-02 0.000000e+00
6.313967e+00 1.001438e-01 0.000000e+00
6.313967e+00 1.081354e-01 0.000000e+00
6.313967e+00 1.167647e-01 0.000000e+00
6.313967e+00 1.260827e-01 0.000000e+00
6.313967e+00 1.361442e-01 0.000000e+00
6.313967e+00 1.470087e-01 0.000000e+00
6.313967e+00 1.587401e-01 0.000000e+00
6.313967e+00 1.714077e-01 0.000000e+00
6.313967e+00 1.850862e-01 0.000000e+00
6.313967e+00 1.998563e-01 0.000000e+00
6.313967e+00 2.158051e-01 0.000000e+00
6.313967e+00 2.330265e-01 0.000000e+00
6.313967e+00 2.516223e-01 0.000000e+00
6.313967e+00 2.717020e-01 0.000000e+00
6.313967e+00 2.933841e-01 0.000000e+00
6.313967e+00 3.167964e-01 0.000000e+00
6.313967e+00 3.420771e-01 0.000000e+00
6.313967e+00 3.693752e-01 0.000000e+00
6.313967e+00 3.988518e-01 0.000000e+00
6.313967e+00 4.306805e-01 0.000000e+00
6.313967e+00 4.650493e-01 0.000000e+00
6.313967e+00 5.021607e-01 0.000000e+00
6.313967e+00 5.422336e-01 0.000000e+00
6.313967e+00 5.855044e-01 0.000000e+00
6.313967e+00 6.322283e-01 0.000000e+00
6.313967e+00 6.826808e-01 0.000000e+00
6.313967e+00 7.371594e-01 0.000000e+00
6.313967e+00 7.959855e-01 0.000000e+00
6.313967e+00 8.595059e-01 0.000000e+00
6.313967e+00 9.280954e-01 0.000000e+00
6.313967e+00 1.002158e+00 0.000000e+00
6.313967e+00 1.082132e+00 0.000000e+00
6.313967e+00 1.168487e+00 0.000000e+00
6.313967e+00 1.261733e+00 0.000000e+00
6.313967e+00 1.362421e+00 0.000000e+00
6.313967e+00 1.471144e+00 0.000000e+00
6.313967e+00 1.588542e+00 0.000000e+00
6.313967e+00 1.715310e+00 0.000000e+00
6.313967e+00 1.852193e+00 0.000000e+00
6.313967e+00 2.000000e+00 0.000000e+00
6.460246e+00 1.000000e-03 0.000000e+00
6.460246e+00 1.079801e-03 0.000000e+00
6.460246e+00 1.165970e-03 0.000000e+00
6.460246e+00 1.259016e-03 0.000000e+00
6.460246e+00 1.359487e-03 0.000000e+00
6.460246e+00 1.467975e-03 0.000000e+00
6.460246e+00 1.585121e-03 0.000000e+00
6.460246e+00 1.711615e-03 0.000000e+00
6.460246e+00 1.848204e-03 0.000000e+00
6.460246e+00 1.995693e-03 0.000000e+00
6.460246e+00 2.154951e-03 0.000000e+00
6.460246e+00 2.326918e-03 0.000000e+00
6.460246e+00 2.512609e-03 0.000000e+00
6.460246e+00 2.713117e-03 0.000000e+00
6.460246e+00 2.929627e-03 0.000000e+00
6.460246e+00 3.163414e-03 0.000000e+00
6.460246e+00 3.415858e-03 0.000000e+00
6.460246e+00 3.688447e-03 0.000000e+00
6.460246e+00 3.982789e-03 0.000000e+00
6.460246e+00 4.300619e-03 0.000000e+00
6.460246e+00 4.643813e-03 0.000000e+00
6.460246e+00 5.014394e-03 0.000000e+00
6.460246e+00 5.414548e-03 0.000000e+00
6.460246e+00 5.846635e-03 0.000000e+00
6.460246e+00 6.313202e-03 0.000000e+00
6.460246e+00 6.817002e-03 0.000000e+00
6.460246e+00 7.361006e-03 0.000000e+00
6.460246e+00 7.948422e-03 0.000000e+00
6.460246e+00 8.582714e-03 0.000000e+00
6.460246e+00 9.267624e-03 0.000000e+00
6.460246e+00 1.000719e-02 0.000000e+00
6.460246e+00 1.080577e-02 0.000000e+00
6.460246e+00 1.166809e-02 0.000000e+00
6.460246e+00 1.259921e-02 0.000000e+00
6.460246e+00 1.360464e-02 0.000000e+00
6.460246e+00 1.469030e-02 0.000000e+00
6.460246e+00 1.586261e-02 0.000000e+00
6.460246e+00 1.712846e-02 0.000000e+00
6.460246e+00 1.849533e-02 0.000000e+00
6.460246e+00 1.997127e-02 0.000000e+00
6.460246e+00 2.156500e-02 0.000000e+00
6.460246e+00 2.328591e-02 0.000000e+00
6.460246e+00 2.514415e-02 0.000000e+00
6.460246e+00 2.715068e-02 0.000000e+00
6.460246e+00 2.931733e-02 0.000000e+00
6.460246e+00 3.165689e-02 0.000000e+00
6.460246e+00 3.418314e-02 0.000000e+00
6.460246e+00 3.691099e-02 0.000000e+00
6.460246e+00 3.985652e-02 0.000000e+00
6.460246e+00 4.303711e-02 0.000000e+00
6.460246e+00 4.647152e-02 0.000000e+00
6.460246e+00 5.017999e-02 0.000000e+00
6.460246e+00 5.418441e-02 0.000000e+00
6.460246e+00 5.850838e-02 0.000000e+00
6.460246e+00 6.317741e-02 0.000000e+00
6.460246e+00 6.821903e-02 0.000000e+00
6.460246e+00 7.366298e-02 0.000000e+00
6.460246e+00 7.954136e-02 0.000000e+00
6.460246e+00 8.588885e-02 0.000000e+00
6.460246e+00 9.274286e-02 0.000000e+00
6.460246e+00 1.001438e-01 0.000000e+00
6.460246e+00 1.081354e-01 0.000000e+00
6.460246e+00 1.167647e-01 0.000000e+00
6.460246e+00 1.260827e-01 0.000000e+00
6.460246e+00 1.361442e-01 0.000000e+00
6.460246e+00 1.470087e-01 0.000000e+00
6.460246e+00 1.587401e-01 0.000000e+00
6.460246e+00 1.714077e-01 0.000000e+00
6.460246e+00 1.850862e-01 0.000000e+00
6.460246e+00 1.998563e-01 0.000000e+00
6.460246e+00 2.158051e-01 0.000000e+00
6.460246e+00 2.330265e-01 0.000000e+00
6.460246e+00 2.516223e-01 0.000000e+00
6.460246e+00 2.717020e-01 0.000000e+00
6.460246e+00 2.933841e-01 0.000000e+00
6.460246e+00 3.167964e-01 0.000000e+00
6.460246e+00 3.420771e-01 0.000000e+00
6.460246e+00 3.693752e-01 0.000000e+00
6.460246e+00 3.988518e-01 0.000000e+00
6.460246e+00 4.306805e-01 0.000000e+00
6.460246e+00 4.650493e-01 0.000000e+00
6.460246e+00 5.021607e-01 0.000000e+00
6.460246e+00 5.422336e-01 0.000000e+00
6.460246e+00 5.855044e-01 0.000000e+00
6.460246e+00 6.322283e-01 0.000000e+00
6.460246e+00 6.826808e-01 0.000000e+00
6.460246e+00 7.371594e-01 0.000000e+00
6.460246e+00 7.959855e-01 0.000000e+00
6.460246e+00 8.595059e-01 0.000000e+00
6.460246e+00 9.280954e-01 0.000000e+00
6.460246e+00 1.002158e+00 0.000000e+00
6.460246e+00 1.082132e+00 0.000000e+00
6.460246e+00 1.168487e+00 0.000000e+00
6.460246e+00 1.261733e+00 0.000000e+00
6.460246e+00 1.362421e+00 0.000000e+00
6.460246e+00 1.471144e+00 0.000000e+00
6.460246e+00 1.588542e+00 0.000000e+00
6.460246e+00 1.715310e+00 0.000000e+00
6.460246e+00 1.852193e+00 0.000000e+00
6.460246e+00 2.000000e+00 0.000000e+00
6.609451e+00 1.000000e-03 0.000000e+00
6.609451e+00 1.079801e-03 0.000000e+00
6.609451e+00 1.165970e-03 0.000000e+00
6.609451e+00 1.259016e-03 0.000000e+00
6.609451e+00 1.359487e-03 0.000000e+00
6.609451e+00 1.467975e-03 0.000000e+00
6.609451e+00 1.585121e-03 0.000000e+00
6.609451e+00 1.711615e-03 0.000000e+00
6.609451e+00 1.848204e-03 0.000000e+00
6.609451e+00 1.995693e-03 0.000000e+00
6.609451e+00 2.154951e-03 0.000000e+00
6.609451e+00 2.326918e-03 0.000000e+00
6.609451e+00 2.512609e-03 0.000000e+00
6.609451e+00 2.713117e-03 0.000000e+00
6.609451e+00 2.929627e-03 0.000000e+00
6.609451e+00 3.163414e-03 0.000000e+00
6.609451e+00 3.415858e-03 0.000000e+00
6.609451e+00 3.688447e-03 0.000000e+00
6.609451e+00 3.982789e-03 0.000000e+00
6.609451e+00 4.300619e-03 0.000000e+00
6.609451e+00 4.643813e-03 0.000000e+00
6.609451e+00 5.014394e-03 0.000000e+00
6.609451e+00 5.414548e-03 0.000000e+00
6.609451e+00 5.846635e-03 0.000000e+00
6.609451e+00 6.313202e-03 0.000000e+00
6.609451e+00 6.817002e-03 0.000000e+00
6.609451e+00 7.361006e-03 0.000000e+00
6.609451e+00 7.948422e-03 0.000000e+00
6.609451e+00 8.582714e-03 0.000000e+00
6.609451e+00 9.267624e-03 0.000000e+00
6.609451e+00 1.000719e-02 0.000000e+00
6.609451e+00 1.080577e-02 0.000000e+00
6.609451e+00 1.166809e-02 0.000000e+00
6.609451e+00 1.259921e-02 0.000000e+00
6.609451e+00 1.360464e-02 0.000000e+00
6.609451e+00 1.469030e-02 0.000000e+00
6.609451e+00 1.586261e-02 0.000000e+00
6.609451e+00 1.712846e-02 0.000000e+00
6.609451e+00 1.849533e-02 0.000000e+00
6.609451e+00 1.997127e-02 0.000000e+00
6.609451e+00 2.156500e-02 0.000000e+00
6.609451e+00 2.328591e-02 0.000000e+00
6.609451e+00 2.514415e-02 0.000000e+00
6.609451e+00 2.715068e-02 0.000000e+00
6.609451e+00 2.931733e-02 0.000000e+00
6.609451e+00 3.165689e-02 0.000000e+00
6.609451e+00 3.418314e-02 0.000000e+00
6.609451e+00 3.691099e-02 0.000000e+00
6.609451e+00 3.985652e-02 0.000000e+00
6.609451e+00 4.303711e-02 0.000000e+00
6.609451e+00 4.647152e-02 0.000000e+00
6.609451e+00 5.017999e-02 0.000000e+00
6.609451e+00 5.418441e-02 0.000000e+00
6.609451e+00 5.850838e-02 0.000000e+00
6.609451e+00 6.317741e-02 0.000000e+00
6.609451e+00 6.821903e-02 0.000000e+00
6.609451e+00 7.366298e-02 0.000000e+00
6.609451e+00 7.954136e-02 0.000000e+00
6.609451e+00 8.588885e-02 0.000000e+00
6.609451e+00 9.274286e-02 0.000000e+00
6.609451e+00 1.001438e-01 0.000000e+00
6.609451e+00 1.081354e-01 0.000000e+00
6.609451e+00 1.167647e-01 0.000000e+00
6.609451e+00 1.260827e-01 0.000000e+00
6.609451e+00 1.361442e-01 0.000000e+00
6.609451e+00 1.470087e-01 0.000000e+00
6.609451e+00 1.587401e-01 0.000000e+00
6.609451e+00 1.714077e-01 0.000000e+00
6.609451e+00 1.850862e-01 0.000000e+00
6.609451e+00 1.998563e-01 0.000000e+00
6.609451e+00 2.158051e-01 0.000000e+00
6.609451e+00 2.330265e-01 0.000000e+00
6.609451e+00 2.516223e-01 0.000000e+00
6.609451e+00 2.717020e-01 0.000000e+00
6.609451e+00 2.933841e-01 0.000000e+00
6.609451e+00 3.167964e-01 0.000000e+00
6.609451e+00 3.420771e-01 0.000000e+00
6.609451e+00 3.693752e-01 0.000000e+00
6.609451e+00 3.988518e-01 0.000000e+00
6.609451e+00 4.306805e-01 0.000000e+00
6.609451e+00 4.650493e-01 0.000000e+00
6.609451e+00 5.021607e-01 0.000000e+00
6.609451e+00 5.422336e-01 0.000000e+00
6.609451e+00 5.855044e-01 0.000000e+00
6.609451e+00 6.322283e-01 0.000000e+00
6.609451e+00 6.826808e-01 0.000000e+00
6.609451e+00 7.371594e-01 0.000000e+00
6.609451e+00 7.959855e-01 0.000000e+00
6.609451e+00 8.595059e-01 0.000000e+00
6.609451e+00 9.280954e-01 0.000000e+00
6.609451e+00 1.002158e+00 0.000000e+00
6.609451e+00 1.082132e+00 0.000000e+00
6.609451e+00 1.168487e+00 0.000000e+00
6.609451e+00 1.261733e+00 0.000000e+00
6.609451e+00 1.362421e+00 0.000000e+00
6.609451e+00 1.471144e+00 0.000000e+00
6.609451e+00 1.588542e+00 0.000000e+00
6.609451e+00 1.715310e+00 0.000000e+00
6.609451e+00 1.852193e+00 0.000000e+00
6.609451e+00 2.000000e+00 0.000000e+00
6.761640e+00 1.000000e-03 0.000000e+00
6.761640e+00 1.079801e-03 0.000000e+00
6.761640e+00 1.165970e-03 0.000000e+00
6.761640e+00 1.259016e-03 0.000000e+00
6.761640e+00 1.359487e-03 0.000000e+00
6.761640e+00 1.467975e-03 0.000000e+00
6.761640e+00 1.585121e-03 0.000000e+00
6.761640e+00 1.711615e-03 0.000000e+00
6.761640e+00 1.848204e-03 0.000000e+00
6.761640e+00 1.995693e-03 0.000000e+00
6.761640e+00 2.154951e-03 0.000000e+00
6.761640e+00 2.326918e-03 0.000000e+00
6.761640e+00 2.512609e-03 0.000000e+00
6.761640e+00 2.713117e-03 0.000000e+00
6.761640e+00 2.929627e-03 0.000000e+00
6.761640e+00 3.163414e-03 0.000000e+00
6.761640e+00 3.415858e-03 0.000000e+00
6.761640e+00 3.688447e-03 0.000000e+00
6.761640e+00 3.982789e-03 0.000000e+00
6.761640e+00 4.300619e-03 0.000000e+00
6.761640e+00 4.643813e-03 0.000000e+00
6.761640e+00 5.014394e-03 0.000000e+00
6.761640e+00 5.414548e-03 0.000000e+00
6.761640e+00 5.846635e-03 0.000000e+00
6.761640e+00 6.313202e-03 0.000000e+00
6.761640e+00 6.817002e-03 0.000000e+00
6.761640e+00 7.361006e-03 0.000000e+00
6.761640e+00 7.948422e-03 0.000000e+00
6.761640e+00 8.582714e-03 0.000000e+00
6.761640e+00 9.267624e-03 0.000000e+00
6.761640e+00 1.000719e-02 0.000000e+00
6.761640e+00 1.080577e-02 0.000000e+00
6.761640e+00 1.166809e-02 0.000000e+00
6.761640e+00 1.259921e-02 0.000000e+00
6.761640e+00 1.360464e-02 0.000000e+00
6.761640e+00 1.469030e-02 0.000000e+00
6.761640e+00 1.586261e-02 0.000000e+00
6.761640e+00 1.712846e-02 0.000000e+00
6.761640e+00 1.849533e-02 0.000000e+00
6.761640e+00 1.997127e-02 0.000000e+00
6.761640e+00 2.156500e-02 0.000000e+00
6.761640e+00 2.328591e-02 0.000000e+00
6.761640e+00 2.514415e-02 0.000000e+00
6.761640e+00 2.715068e-02 0.000000e+00
6.761640e+00 2.931733e-02 0.000000e+00
6.761640e+00 3.165689e-02 0.000000e+00
6.761640e+00 3.418314e-02 0.000000e+00
6.761640e+00 3.691099e-02 0.000000e+00
6.761640e+00 3.985652e-02 0.000000e+00
6.761640e+00 4.303711e-02 0.000000e+00
6.761640e+00 4.647152e-02 0.000000e+00
6.761640e+00 5.017999e-02 0.000000e+00
6.761640e+00 5.418441e-02 0.000000e+00
6.761640e+00 5.850838e-02 0.000000e+00
6.761640e+00 6.317741e-02 0.000000e+00
6.761640e+00 6.821903e-02 0.000000e+00
6.761640e+00 7.366298e-02 0.000000e+00
6.761640e+00 7.954136e-02 0.000000e+00
6.761640e+00 8.588885e-02 0.000000e+00
6.761640e+00 9.274286e-02 0.000000e+00
6.761640e+00 1.001438e-01 0.000000e+00
6.761640e+00 1.081354e-01 0.000000e+00
6.761640e+00 1.167647e-01 0.000000e+00
6.761640e+00 1.260827e-01 0.000000e+00
6.761640e+00 1.361442e-01 0.000000e+00
6.761640e+00 1.470087e-01 0.000000e+00
6.761640e+00 1.587401e-01 0.000000e+00
6.761640e+00 1.714077e-01 0.000000e+00
6.761640e+00 1.850862e-01 0.000000e+00
6.761640e+00 1.998563e-01 0.000000e+00
6.761640e+00 2.158051e-01 0.000000e+00
6.761640e+00 2.330265e-01 0.000000e+00
6.761640e+00 2.516223e-01 0.000000e+00
6.761640e+00 2.717020e-01 0.000000e+00
6.761640e+00 2.933841e-01 0.000000e+00
6.761640e+00 3.167964e-01 0.000000e+00
6.761640e+00 3.420771e-01 0.000000e+00
6.761640e+00 3.693752e-01 0.000000e+00
6.761640e+00 3.988518e-01 0.000000e+00
6.761640e+00 4.306805e-01 0.000000e+00
6.761640e+00 4.650493e-01 0.000000e+00
6.761640e+00 5.021607e-01 0.000000e+00
6.761640e+00 5.422336e-01 0.000000e+00
6.761640e+00 5.855044e-01 0.000000e+00
6.761640e+00 6.322283e-01 0.000000e+00
6.761640e+00 6.826808e-01 0.000000e+00
6.761640e+00 7.371594e-01 0.000000e+00
6.761640e+00 7.959855e-01 0.000000e+00
6.761640e+00 8.595059e-01 0.000000e+00
6.761640e+00 9.280954e-01 0.000000e+00
6.761640e+00 1.002158e+00 0.000000e+00
6.761640e+00 1.082132e+00 0.000000e+00
6.761640e+00 1.168487e+00 0.000000e+00
6.761640e+00 1.261733e+00 0.000000e+00
6.761640e+00 1.362421e+00 0.000000e+00
6.761640e+00 1.471144e+00 0.000000e+00
6.761640e+00 1.588542e+00 0.000000e+00
6.761640e+00 1.715310e+00 0.000000e+00
6.761640e+00 1.852193e+00 0.000000e+00
6.761640e+00 2.000000e+00 0.000000e+00
6.916873e+00 1.000000e-03 0.000000e+00
6.916873e+00 1.079801e-03 0.000000e+00
6.916873e+00 1.165970e-03 0.000000e+00
6.916873e+00 1.259016e-03 0.000000e+00
6.916873e+00 1.359487e-03 0.000000e+00
6.916873e+00 1.467975e-03 0.000000e+00
6.916873e+00 1.585121e-03 0.000000e+00
6.916873e+00 1.711615e-03 0.000000e+00
6.916873e+00 1.848204e-03 0.000000e+00
6.916873e+00 1.995693e-03 0.000000e+00
6.916873e+00 2.154951e-03 0.000000e+00
6.916873e+00 2.326918e-03 0.000000e+00
6.916873e+00 2.512609e-03 0.000000e+00
6.916873e+00 2.713117e-03 0.000000e+00
6.916873e+00 2.929627e-03 0.000000e+00
6.916873e+00 3.163414e-03 0.000000e+00
6.916873e+00 3.415858e-03 0.000000e+00
6.916873e+00 3.688447e-03 0.000000e+00
6.916873e+00 3.982789e-03 0.000000e+00
6.916873e+00 4.300619e-03 0.000000e+00
6.916873e+00 4.643813e-03 0.000000e+00
6.916873e+00 5.014394e-03 0.000000e+00
6.916873e+00 5.414548e-03 0.000000e+00
6.916873e+00 5.846635e-03 0.000000e+00
6.916873e+00 6.313202e-03 0.000000e+00
6.916873e+00 6.817002e-03 0.000000e+00
6.916873e+00 7.361006e-03 0.000000e+00
6.916873e+00 7.948422e-03 0.000000e+00
6.916873e+00 8.582714e-03 0.000000e+00
6.916873e+00 9.267624e-03 0.000000e+00
6.916873e+00 1.000719e-02 0.000000e+00
6.916873e+00 1.080577e-02 0.000000e+00
6.916873e+00 1.166809e-02 0.000000e+00
6.916873e+00 1.259921e-02 0.000000e+00
6.916873e+00 1.360464e-02 0.000000e+00
6.916873e+00 1.469030e-02 0.000000e+00
6.916873e+00 1.586261e-02 0.000000e+00
6.916873e+00 1.712846e-02 0.000000e+00
6.916873e+00 1.849533e-02 0.000000e+00
6.916873e+00 1.997127e-02 0.000000e+00
6.916873e+00 2.156500e-02 0.000000e+00
6.916873e+00 2.328591e-02 0.000000e+00
6.916873e+00 2.514415e-02 0.000000e+00
6.916873e+00 2.715068e-02 0.000000e+00
6.916873e+00 2.931733e-02 0.000000e+00
6.916873e+00 3.165689e-02 0.000000e+00
6.916873e+00 3.418314e-02 0.000000e+00
6.916873e+00 3.691099e-02 0.000000e+00
6.916873e+00 3.985652e-02 0.000000e+00
6.916873e+00 4.303711e-02 0.000000e+00
6.916873e+00 4.647152e-02 0.000000e+00
6.916873e+00 5.017999e-02 0.000000e+00
6.916873e+00 5.418441e-02 0.000000e+00
6.916873e+00 5.850838e-02 0.000000e+00
6.916873e+00 6.317741e-02 0.000000e+00
6.916873e+00 6.821903e-02 0.000000e+00
6.916873e+00 7.366298e-02 0.000000e+00
6.916873e+00 7.954136e-02 0.000000e+00
6.916873e+00 8.588885e-02 0.000000e+00
6.916873e+00 9.274286e-02 0.000000e+00
6.916873e+00 1.001438e-01 0.000000e+00
6.916873e+00 1.081354e-01 0.000000e+00
6.916873e+00 1.167647e-01 0.000000e+00
6.916873e+00 1.260827e-01 0.000000e+00
6.916873e+00 1.361442e-01 0.000000e+00
6.916873e+00 1.470087e-01 0.000000e+00
6.916873e+00 1.587401e-01 0.000000e+00
6.916873e+00 1.714077e-01 0.000000e+00
6.916873e+00 1.850862e-01 0.000000e+00
6.916873e+00 1.998563e-01 0.000000e+00
6.916873e+00 2.158051e-01 0.000000e+00
6.916873e+00 2.330265e-01 0.000000e+00
6.916873e+00 2.516223e-01 0.000000e+00
6.916873e+00 2.717020e-01 0.000000e+00
6.916873e+00 2.933841e-01 0.000000e+00
6.916873e+00 3.167964e-01 0.000000e+00
6.916873e+00 3.420771e-01 0.000000e+00
6.916873e+00 3.693752e-01 0.000000e+00
6.916873e+00 3.988518e-01 0.000000e+00
6.916873e+00 4.306805e-01 0.000000e+00
6.916873e+00 4.650493e-01 0.000000e+00
6.916873e+00 5.021607e-01 0.000000e+00
6.916873e+00 5.422336e-01 0.000000e+00
6.916873e+00 5.855044e-01 0.000000e+00
6.916873e+00 6.322283e-01 0.000000e+00
6.916873e+00 6.826808e-01 0.000000e+00
6.916873e+00 7.371594e-01 0.000000e+00
6.916873e+00 7.959855e-01 0.000000e+00
6.916873e+00 8.595059e-01 0.000000e+00
6.916873e+00 9.280954e-01 0.000000e+00
6.916873e+00 1.002158e+00 0.000000e+00
6.916873e+00 1.082132e+00 0.000000e+00
6.916873e+00 1.168487e+00 0.000000e+00
6.916873e+00 1.261733e+00 0.000000e+00
6.916873e+00 1.362421e+00 0.000000e+00
6.916873e+00 1.471144e+00 0.000000e+00
6.916873e+00 1.588542e+00 0.000000e+00
6.916873e+00 1.715310e+00 0.000000e+00
6.916873e+00 1.852193e+00 0.000000e+00
6.916873e+00 2.000000e+00 0.000000e+00
7.075210e+00 1.000000e-03 0.000000e+00
7.075210e+00 1.079801e-03 0.000000e+00
7.075210e+00 1.165970e-03 0.000000e+00
7.075210e+00 1.259016e-03 0.000000e+00
7.075210e+00 1.359487e-03 0.000000e+00
7.075210e+00 1.467975e-03 0.000000e+00
7.075210e+00 1.585121e-03 0.000000e+00
7.075210e+00 1.711615e-03 0.000000e+00
7.075210e+00 1.848204e-03 0.000000e+00
7.075210e+00 1.995693e-03 0.000000e+00
7.075210e+00 2.154951e-03 0.000000e+00
7.075210e+00 2.326918e-03 0.000000e+00
7.075210e+00 2.512609e-03 0.000000e+00
7.075210e+00 2.713117e-03 0.000000e+00
7.075210e+00 2.929627e-03 0.000000e+00
7.075210e+00 3.163414e-03 0.000000e+00
7.075210e+00 3.415858e-03 0.000000e+00
7.075210e+00 3.688447e-03 0.000000e+00
7.075210e+00 3.982789e-03 0.000000e+00
7.075210e+00 4.300619e-03 0.000000e+00
7.075210e+00 4.643813e-03 0.000000e+00
7.075210e+00 5.014394e-03 0.000000e+00
7.075210e+00 5.414548e-03 0.000000e+00
7.075210e+00 5.846635e-03 0.000000e+00
7.075210e+00 6.313202e-03 0.000000e+00
7.075210e+00 6.817002e-03 0.000000e+00
7.075210e+00 7.361006e-03 0.000000e+00
7.075210e+00 7.948422e-03 0.000000e+00
7.075210e+00 8.582714e-03 0.000000e+00
7.075210e+00 9.267624e-03 0.000000e+00
7.075210e+00 1.000719e-02 0.000000e+00
7.075210e+00 1.080577e-02 0.000000e+00
7.075210e+00 1.166809e-02 0.000000e+00
7.075210e+00 1.259921e-02 0.000000e+00
7.075210e+00 1.360464e-02 0.000000e+00
7.075210e+00 1.469030e-02 0.000000e+00
7.075210e+00 1.586261e-02 0.000000e+00
7.075210e+00 1.712846e-02 0.000000e+00
7.075210e+00 1.849533e-02 0.000000e+00
7.075210e+00 1.997127e-02 0.000000e+00
7.075210e+00 2.156500e-02 0.000000e+00
7.075210e+00 2.328591e-02 0.000000e+00
7.075210e+00 2.514415e-02 0.000000e+00
7.075210e+00 2.715068e-02 0.000000e+00
7.075210e+00 2.931733e-02 0.000000e+00
7.075210e+00 3.165689e-02 0.000000e+00
7.075210e+00 3.418314e-02 0.000000e+00
7.075210e+00 3.691099e-02 0.000000e+00
7.075210e+00 3.985652e-02 0.000000e+00
7.075210e+00 4.303711e-02 0.000000e+00
7.075210e+00 4.647152e-02 0.000000e+00
7.075210e+00 5.017999e-02 0.000000e+00
7.075210e+00 5.418441e-02 0.000000e+00
7.075210e+00 5.850838e-02 0.000000e+00
7.075210e+00 6.317741e-02 0.000000e+00
7.075210e+00 6.821903e-02 0.000000e+00
7.075210e+00 7.366298e-02 0.000000e+00
7.075210e+00 7.954136e-02 0.000000e+00
7.075210e+00 8.588885e-02 0.000000e+00
7.075210e+00 9.274286e-02 0.000000e+00
7.075210e+00 1.001438e-01 0.000000e+00
7.075210e+00 1.081354e-01 0.000000e+00
7.075210e+00 1.167647e-01 0.000000e+00
7.075210e+00 1.260827e-01 0.000000e+00
7.075210e+00 1.361442e-01 0.000000e+00
7.075210e+00 1.470087e-01 0.000000e+00
7.075210e+00 1.587401e-01 0.000000e+00
7.075210e+00 1.714077e-01 0.000000e+00
7.075210e+00 1.850862e-01 0.000000e+00
7.075210e+00 1.998563e-01 0.000000e+00
7.075210e+00 2.158051e-01 0.000000e+00
7.075210e+00 2.330265e-01 0.000000e+00
7.075210e+00 2.516223e-01 0.000000e+00
7.075210e+00 2.717020e-01 0.000000e+00
7.075210e+00 2.933841e-01 0.000000e+00
7.075210e+00 3.167964e-01 0.000000e+00
7.075210e+00 3.420771e-01 0.000000e+00
7.075210e+00 3.693752e-01 0.000000e+00
7.075210e+00 3.988518e-01 0.000000e+00
7.075210e+00 4.306805e-01 0.000000e+00
7.075210e+00 4.650493e-01 0.000000e+00
7.075210e+00 5.021607e-01 0.000000e+00
7.075210e+00 5.422336e-01 0.000000e+00
7.075210e+00 5.855044e-01 0.000000e+00
7.075210e+00 6.322283e-01 0.000000e+00
7.075210e+00 6.826808e-01 0.000000e+00
7.075210e+00 7.371594e-01 0.000000e+00
7.075210e+00 7.959855e-01 0.000000e+00
7.075210e+00 8.595059e-01 0.000000e+00
7.075210e+00 9.280954e-01 0.000000e+00
7.075210e+00 1.002158e+00 0.000000e+00
7.075210e+00 1.082132e+00 0.000000e+00
7.075210e+00 1.168487e+00 0.000000e+00
7.075210e+00 1.261733e+00 0.000000e+00
7.075210e+00 1.362421e+00 0.000000e+00
7.075210e+00 1.471144e+00 0.000000e+00
7.075210e+00 1.588542e+00 0.000000e+00
7.075210e+00 1.715310e+00 0.000000e+00
7.075210e+00 1.852193e+00 0.000000e+00
7.075210e+00 2.000000e+00 0.000000e+00
7.236714e+00 1.000000e-03 0.000000e+00
7.236714e+00 1.079801e-03 0.000000e+00
7.236714e+00 1.165970e-03 0.000000e+00
7.236714e+00 1.259016e-03 0.000000e+00
7.236714e+00 1.359487e-03 0.000000e+00
7.236714e+00 1.467975e-03 0.000000e+00
7.236714e+00 1.585121e-03 0.000000e+00
7.236714e+00 1.711615e-03 0.000000e+00
7.236714e+00 1.848204e-03 0.000000e+00
7.236714e+00 1.995693e-03 0.000000e+00
7.236714e+00 2.154951e-03 0.000000e+00
7.236714e+00 2.326918e-03 0.000000e+00
7.236714e+00 2.512609e-03 0.000000e+00
7.236714e+00 2.713117e-03 0.000000e+00
7.236714e+00 2.929627e-03 0.000000e+00
7.236714e+00 3.163414e-03 0.000000e+00
7.236714e+00 3.415858e-03 0.000000e+00
7.236714e+00 3.688447e-03 0.000000e+00
7.236714e+00 3.982789e-03 0.000000e+00
7.236714e+00 4.300619e-03 0.000000e+00
7.236714e+00 4.643813e-03 0.000000e+00
7.236714e+00 5.014394e-03 0.000000e+00
7.236714e+00 5.414548e-03 0.000000e+00
7.236714e+00 5.846635e-03 0.000000e+00
7.236714e+00 6.313202e-03 0.000000e+00
7.236714e+00 6.817002e-03 0.000000e+00
7.236714e+00 7.361006e-03 0.000000e+00
7.236714e+00 7.948422e-03 0.000000e+00
7.236714e+00 8.582714e-03 0.000000e+00
7.236714e+00 9.267624e-03 0.000000e+00
7.236714e+00 1.000719e-02 0.000000e+00
7.236714e+00 1.080577e-02 0.000000e+00
7.236714e+00 1.166809e-02 0.000000e+00
7.236714e+00 1.259921e-02 0.000000e+00
7.236714e+00 1.360464e-02 0.000000e+00
7.236714e+00 1.469030e-02 0.000000e+00
7.236714e+00 1.586261e-02 0.000000e+00
7.236714e+00 1.712846e-02 0.000000e+00
7.236714e+00 1.849533e-02 0.000000e+00
7.236714e+00 1.997127e-02 0.000000e+00
7.236714e+00 2.156500e-02 0.000000e+00
7.236714e+00 2.328591e-02 0.000000e+00
7.236714e+00 2.514415e-02 0.000000e+00
7.236714e+00 2.715068e-02 0.000000e+00
7.236714e+00 2.931733e-02 0.000000e+00
7.236714e+00 3.165689e-02 0.000000e+00
7.236714e+00 3.418314e-02 0.000000e+00
7.236714e+00 3.691099e-02 0.000000e+00
7.236714e+00 3.985652e-02 0.000000e+00
7.236714e+00 4.303711e-02 0.000000e+00
7.236714e+00 4.647152e-02 0.000000e+00
7.236714e+00 5.017999e-02 0.000000e+00
7.236714e+00 5.418441e-02 0.000000e+00
7.236714e+00 5.850838e-02 0.000000e+00
7.236714e+00 6.317741e-02 0.000000e+00
7.236714e+00 6.821903e-02 0.000000e+00
7.236714e+00 7.366298e-02 0.000000e+00
7.236714e+00 7.954136e-02 0.000000e+00
7.236714e+00 8.588885e-02 0.000000e+00
7.236714e+00 9.274286e-02 0.000000e+00
7.236714e+00 1.001438e-01 0.000000e+00
7.236714e+00 1.081354e-01 0.000000e+00
7.236714e+00 1.167647e-01 0.000000e+00
7.236714e+00 1.260827e-01 0.000000e+00
7.236714e+00 1.361442e-01 0.000000e+00
7.236714e+00 1.470087e-01 0.000000e+00
7.236714e+00 1.587401e-01 0.000000e+00
7.236714e+00 1.714077e-01 0.000000e+00
7.236714e+00 1.850862e-01 0.000000e+00
7.236714e+00 1.998563e-01 0.000000e+00
7.236714e+00 2.158051e-01 0.000000e+00
7.236714e+00 2.330265e-01 0.000000e+00
7.236714e+00 2.516223e-01 0.000000e+00
7.236714e+00 2.717020e-01 0.000000e+00
7.236714e+00 2.933841e-01 0.000000e+00
7.236714e+00 3.167964e-01 0.000000e+00
7.236714e+00 3.420771e-01 0.000000e+00
7.236714e+00 3.693752e-01 0.000000e+00
7.236714e+00 3.988518e-01 0.000000e+00
7.236714e+00 4.306805e-01 0.000000e+00
7.236714e+00 4.650493e-01 0.000000e+00
7.236714e+00 5.021607e-01 0.000000e+00
7.236714e+00 5.422336e-01 0.000000e+00
7.236714e+00 5.855044e-01 0.000000e+00
7.236714e+00 6.322283e-01 0.000000e+00
7.236714e+00 6.826808e-01 0.000000e+00
7.236714e+00 7.371594e-01 0.000000e+00
7.236714e+00 7.959855e-01 0.000000e+00
7.236714e+00 8.595059e-01 0.000000e+00
7.236714e+00 9.280954e-01 0.000000e+00
7.236714e+00 1.002158e+00 0.000000e+00
7.236714e+00 1.082132e+00 0.000000e+00
7.236714e+00 1.168487e+00 0.000000e+00
7.236714e+00 1.261733e+00 0.000000e+00
7.236714e+00 1.362421e+00 0.000000e+00
7.236714e+00 1.471144e+00 0.000000e+00
7.236714e+00 1.588542e+00 0.000000e+00
7.236714e+00 1.715310e+00 0.000000e+00
7.236714e+00 1.852193e+00 0.000000e+00
7.236714e+00 2.000000e+00 0.000000e+00
7.401449e+00 1.000000e-03 0.000000e+00
7.401449e+00 1.079801e-03 0.000000e+00
7.401449e+00 1.165970e-03 0.000000e+00
7.401449e+00 1.259016e-03 0.000000e+00
7.401449e+00 1.359487e-03 0.000000e+00
7.401449e+00 1.467975e-03 0.000000e+00
7.401449e+00 1.585121e-03 0.000000e+00
7.401449e+00 1.711615e-03 0.000000e+00
7.401449e+00 1.848204e-03 0.000000e+00
7.401449e+00 1.995693e-03 0.000000e+00
7.401449e+00 2.154951e-03 0.000000e+00
7.401449e+00 2.326918e-03 0.000000e+00
7.401449e+00 2.512609e-03 0.000000e+00
7.401449e+00 2.713117e-03 0.000000e+00
7.401449e+00 2.929627e-03 0.000000e+00
7.401449e+00 3.163414e-03 0.000000e+00
7.401449e+00 3.415858e-03 0.000000e+00
7.401449e+00 3.688447e-03 0.000000e+00
7.401449e+00 3.982789e-03 0.000000e+00
7.401449e+00 4.300619e-03 0.000000e+00
7.401449e+00 4.643813e-03 0.000000e+00
7.401449e+00 5.014394e-03 0.000000e+00
7.401449e+00 5.414548e-03 0.000000e+00
7.401449e+00 5.846635e-03 0.000000e+00
7.401449e+00 6.313202e-03 0.000000e+00
7.401449e+00 6.817002e-03 0.000000e+00
7.401449e+00 7.361006e-03 0.000000e+00
7.401449e+00 7.948422e-03 0.000000e+00
7.401449e+00 8.582714e-03 0.000000e+00
7.401449e+00 9.267624e-03 0.000000e+00
7.401449e+00 1.000719e-02 0.000000e+00
7.401449e+00 1.080577e-02 0.000000e+00
7.401449e+00 1.166809e-02 0.000000e+00
7.401449e+00 1.259921e-02 0.000000e+00
7.401449e+00 1.360464e-02 0.000000e+00
7.401449e+00 1.469030e-02 0.000000e+00
7.401449e+00 1.586261e-02 0.000000e+00
7.401449e+00 1.712846e-02 0.000000e+00
7.401449e+00 1.849533e-02 0.000000e+00
7.401449e+00 1.997127e-02 0.000000e+00
7.401449e+00 2.156500e-02 0.000000e+00
7.401449e+00 2.328591e-02 0.000000e+00
7.401449e+00 2.514415e-02 0.000000e+00
7.401449e+00 2.715068e-02 0.000000e+00
7.401449e+00 2.931733e-02 0.000000e+00
7.401449e+00 3.165689e-02 0.000000e+00
7.401449e+00 3.418314e-02 0.000000e+00
7.401449e+00 3.691099e-02 0.000000e+00
7.401449e+00 3.985652e-02 0.000000e+00
7.401449e+00 4.303711e-02 0.000000e+00
7.401449e+00 4.647152e-02 0.000000e+00
7.401449e+00 5.017999e-02 0.000000e+00
7.401449e+00 5.418441e-02 0.000000e+00
7.401449e+00 5.850838e-02 0.000000e+00
7.401449e+00 6.317741e-02 0.000000e+00
7.401449e+00 6.821903e-02 0.000000e+00
7.401449e+00 7.366298e-02 0.000000e+00
7.401449e+00 7.954136e-02 0.000000e+00
7.401449e+00 8.588885e-02 0.000000e+00
7.401449e+00 9.274286e-02 0.000000e+00
7.401449e+00 1.001438e-01 0.000000e+00
7.401449e+00 1.081354e-01 0.000000e+00
7.401449e+00 1.167647e-01 0.000000e+00
7.401449e+00 1.260827e-01 0.000000e+00
7.401449e+00 1.361442e-01 0.000000e+00
7.401449e+00 1.470087e-01 0.000000e+00
7.401449e+00 1.587401e-01 0.000000e+00
7.401449e+00 1.714077e-01 0.000000e+00
7.401449e+00 1.850862e-01 0.000000e+00
7.401449e+00 1.998563e-01 0.000000e+00
7.401449e+00 2.158051e-01 0.000000e+00
7.401449e+00 2.330265e-01 0.000000e+00
7.401449e+00 2.516223e-01 0.000000e+00
7.401449e+00 2.717020e-01 0.000000e+00
7.401449e+00 2.933841e-01 0.000000e+00
7.401449e+00 3.167964e-01 0.000000e+00
7.401449e+00 3.420771e-01 0.000000e+00
7.401449e+00 3.693752e-01 0.000000e+00
7.401449e+00 3.988518e-01 0.000000e+00
7.401449e+00 4.306805e-01 0.000000e+00
7.401449e+00 4.650493e-01 0.000000e+00
7.401449e+00 5.021607e-01 0.000000e+00
7.401449e+00 5.422336e-01 0.000000e+00
7.401449e+00 5.855044e-01 0.000000e+00
7.401449e+00 6.322283e-01 0.000000e+00
7.401449e+00 6.826808e-01 0.000000e+00
7.401449e+00 7.371594e-01 0.000000e+00
7.401449e+00 7.959855e-01 0.000000e+00
7.401449e+00 8.595059e-01 0.000000e+00
7.401449e+00 9.280954e-01 0.000000e+00
7.401449e+00 1.002158e+00 0.000000e+00
7.401449e+00 1.082132e+00 0.000000e+00
7.401449e+00 1.168487e+00 0.000000e+00
7.401449e+00 1.261733e+00 0.000000e+00
7.401449e+00 1.362421e+00 0.000000e+00
7.401449e+00 1.471144e+00 0.000000e+00
7.401449e+00 1.588542e+00 0.000000e+00
7.401449e+00 1.715310e+00 0.000000e+00
7.401449e+00 1.852193e+00 0.000000e+00
7.401449e+00 2.000000e+00 0.000000e+00
7.569477e+00 1.000000e-03 0.000000e+00
7.569477e+00 1.079801e-03 0.000000e+00
7.569477e+00 1.165970e-03 0.000000e+00
7.569477e+00 1.259016e-03 0.000000e+00
7.569477e+00 1.359487e-03 0.000000e+00
7.569477e+00 1.467975e-03 0.000000e+00
7.569477e+00 1.585121e-03 0.000000e+00
7.569477e+00 1.711615e-03 0.000000e+00
7.569477e+00 1.848204e-03 0.000000e+00
7.569477e+00 1.995693e-03 0.000000e+00
7.569477e+00 2.154951e-03 0.000000e+00
7.569477e+00 2.326918e-03 0.000000e+00
7.569477e+00 2.512609e-03 0.000000e+00
7.569477e+00 2.713117e-03 0.000000e+00
7.569477e+00 2.929627e-03 0.000000e+00
7.569477e+00 3.163414e-03 0.000000e+00
7.569477e+00 3.415858e-03 0.000000e+00
7.569477e+00 3.688447e-03 0.000000e+00
7.569477e+00 3.982789e-03 0.000000e+00
7.569477e+00 4.300619e-03 0.000000e+00
7.569477e+00 4.643813e-03 0.000000e+00
7.569477e+00 5.014394e-03 0.000000e+00
7.569477e+00 5.414548e-03 0.000000e+00
7.569477e+00 5.846635e-03 0.000000e+00
7.569477e+00 6.313202e-03 0.000000e+00
7.569477e+00 6.817002e-03 0.000000e+00
7.569477e+00 7.361006e-03 0.000000e+00
7.569477e+00 7.948422e-03 0.000000e+00
7.569477e+00 8.582714e-03 0.000000e+00
7.569477e+00 9.267624e-03 0.000000e+00
7.569477e+00 1.000719e-02 0.000000e+00
7.569477e+00 1.080577e-02 0.000000e+00
7.569477e+00 1.166809e-02 0.000000e+00
7.569477e+00 1.259921e-02 0.000000e+00
7.569477e+00 1.360464e-02 0.000000e+00
7.569477e+00 1.469030e-02 0.000000e+00
7.569477e+00 1.586261e-02 0.000000e+00
7.569477e+00 1.712846e-02 0.000000e+00
7.569477e+00 1.849533e-02 0.000000e+00
7.569477e+00 1.997127e-02 0.000000e+00
7.569477e+00 2.156500e-02 0.000000e+00
7.569477e+00 2.328591e-02 0.000000e+00
7.569477e+00 2.514415e-02 0.000000e+00
7.569477e+00 2.715068e-02 0.000000e+00
7.569477e+00 2.931733e-02 0.000000e+00
7.569477e+00 3.165689e-02 0.000000e+00
7.569477e+00 3.418314e-02 0.000000e+00
7.569477e+00 3.691099e-02 0.000000e+00
7.569477e+00 3.985652e-02 0.000000e+00
7.569477e+00 4.303711e-02 0.000000e+00
7.569477e+00 4.647152e-02 0.000000e+00
7.569477e+00 5.017999e-02 0.000000e+00
7.569477e+00 5.418441e-02 0.000000e+00
7.569477e+00 5.850838e-02 0.000000e+00
7.569477e+00 6.317741e-02 0.000000e+00
7.569477e+00 6.821903e-02 0.000000e+00
7.569477e+00 7.366298e-02 0.000000e+00
7.569477e+00 7.954136e-02 0.000000e+00
7.569477e+00 8.588885e-02 0.000000e+00
7.569477e+00 9.274286e-02 0.000000e+00
7.569477e+00 1.001438e-01 0.000000e+00
7.569477e+00 1.081354e-01 0.000000e+00
7.569477e+00 1.167647e-01 0.000000e+00
7.569477e+00 1.260827e-01 0.000000e+00
7.569477e+00 1.361442e-01 0.000000e+00
7.569477e+00 1.470087e-01 0.000000e+00
7.569477e+00 1.587401e-01 0.000000e+00
7.569477e+00 1.714077e-01 0.000000e+00
7.569477e+00 1.850862e-01 0.000000e+00
7.569477e+00 1.998563e-01 0.000000e+00
7.569477e+00 2.158051e-01 0.000000e+00
7.569477e+00 2.330265e-01 0.000000e+00
7.569477e+00 2.516223e-01 0.000000e+00
7.569477e+00 2.717020e-01 0.000000e+00
7.569477e+00 2.933841e-01 0.000000e+00
7.569477e+00 3.167964e-01 0.000000e+00
7.569477e+00 3.420771e-01 0.000000e+00
7.569477e+00 3.693752e-01 0.000000e+00
7.569477e+00 3.988518e-01 0.000000e+00
7.569477e+00 4.306805e-01 0.000000e+00
7.569477e+00 4.650493e-01 0.000000e+00
7.569477e+00 5.021607e-01 0.000000e+00
7.569477e+00 5.422336e-01 0.000000e+00
7.569477e+00 5.855044e-01 0.000000e+00
7.569477e+00 6.322283e-01 0.000000e+00
7.569477e+00 6.826808e-01 0.000000e+00
7.569477e+00 7.371594e-01 0.000000e+00
7.569477e+00 7.959855e-01 0.000000e+00
7.569477e+00 8.595059e-01 0.000000e+00
7.569477e+00 9.280954e-01 0.000000e+00
7.569477e+00 1.002158e+00 0.000000e+00
7.569477e+00 1.082132e+00 0.000000e+00
7.569477e+00 1.168487e+00 0.000000e+00
7.569477e+00 1.261733e+00 0.000000e+00
7.569477e+00 1.362421e+00 0.000000e+00
7.569477e+00 1.471144e+00 0.000000e+00
7.569477e+00 1.588542e+00 0.000000e+00
7.569477e+00 1.715310e+00 0.000000e+00
7.569477e+00 1.852193e+00 0.000000e+00
7.569477e+00 2.000000e+00 0.000000e+00
7.740867e+00 1.000000e-03 0.000000e+00
7.740867e+00 1.079801e-03 0.000000e+00
7.740867e+00 1.165970e-03 0.000000e+00
7.740867e+00 1.259016e-03 0.000000e+00
7.740867e+00 1.359487e-03 0.000000e+00
7.740867e+00 1.467975e-03 0.000000e+00
7.740867e+00 1.585121e-03 0.000000e+00
7.740867e+00 1.711615e-03 0.000000e+00
7.740867e+00 1.848204e-03 0.000000e+00
7.740867e+00 1.995693e-03 0.000000e+00
7.740867e+00 2.154951e-03 0.000000e+00
7.740867e+00 2.326918e-03 0.000000e+00
7.740867e+00 2.512609e-03 0.000000e+00
7.740867e+00 2.713117e-03 0.000000e+00
7.740867e+00 2.929627e-03 0.000000e+00
7.740867e+00 3.163414e-03 0.000000e+00
7.740867e+00 3.415858e-03 0.000000e+00
7.740867e+00 3.688447e-03 0.000000e+00
7.740867e+00 3.982789e-03 0.000000e+00
7.740867e+00 4.300619e-03 0.000000e+00
7.740867e+00 4.643813e-03 0.000000e+00
7.740867e+00 5.014394e-03 0.000000e+00
7.740867e+00 5.414548e-03 0.000000e+00
7.740867e+00 5.846635e-03 0.000000e+00
7.740867e+00 6.313202e-03 0.000000e+00
7.740867e+00 6.817002e-03 0.000000e+00
7.740867e+00 7.361006e-03 0.000000e+00
7.740867e+00 7.948422e-03 0.000000e+00
7.740867e+00 8.582714e-03 0.000000e+00
7.740867e+00 9.267624e-03 0.000000e+00
7.740867e+00 1.000719e-02 0.000000e+00
7.740867e+00 1.080577e-02 0.000000e+00
7.740867e+00 1.166809e-02 0.000000e+00
7.740867e+00 1.259921e-02 0.000000e+00
7.740867e+00 1.360464e-02 0.000000e+00
7.740867e+00 1.469030e-02 0.000000e+00
7.740867e+00 1.586261e-02 0.000000e+00
7.740867e+00 1.712846e-02 0.000000e+00
7.740867e+00 1.849533e-02 0.000000e+00
7.740867e+00 1.997127e-02 0.000000e+00
7.740867e+00 2.156500e-02 0.000000e+00
7.740867e+00 2.328591e-02 0.000000e+00
7.740867e+00 2.514415e-02 0.000000e+00
7.740867e+00 2.715068e-02 0.000000e+00
7.740867e+00 2.931733e-02 0.000000e+00
7.740867e+00 3.165689e-02 0.000000e+00
7.740867e+00 3.418314e-02 0.000000e+00
7.740867e+00 3.691099e-02 0.000000e+00
7.740867e+00 3.985652e-02 0.000000e+00
7.740867e+00 4.303711e-02 0.000000e+00
7.740867e+00 4.647152e-02 0.000000e+00
7.740867e+00 5.017999e-02 0.000000e+00
7.740867e+00 5.418441e-02 0.000000e+00
7.740867e+00 5.850838e-02 0.000000e+00
7.740867e+00 6.317741e-02 0.000000e+00
7.740867e+00 6.821903e-02 0.000000e+00
7.740867e+00 7.366298e-02 0.000000e+00
7.740867e+00 7.954136e-02 0.000000e+00
7.740867e+00 8.588885e-02 0.000000e+00
7.740867e+00 9.274286e-02 0.000000e+00
7.740867e+00 1.001438e-01 0.000000e+00
7.740867e+00 1.081354e-01 0.000000e+00
7.740867e+00 1.167647e-01 0.000000e+00
7.740867e+00 1.260827e-01 0.000000e+00
7.740867e+00 1.361442e-01 0.000000e+00
7.740867e+00 1.470087e-01 0.000000e+00
7.740867e+00 1.587401e-01 0.000000e+00
7.740867e+00 1.714077e-01 0.000000e+00
7.740867e+00 1.850862e-01 0.000000e+00
7.740867e+00 1.998563e-01 0.000000e+00
7.740867e+00 2.158051e-01 0.000000e+00
7.740867e+00 2.330265e-01 0.000000e+00
7.740867e+00 2.516223e-01 0.000000e+00
7.740867e+00 2.717020e-01 0.000000e+00
7.740867e+00 2.933841e-01 0.000000e+00
7.740867e+00 3.167964e-01 0.000000e+00
7.740867e+00 3.420771e-01 0.000000e+00
7.740867e+00 3.693752e-01 0.000000e+00
7.740867e+00 3.988518e-01 0.000000e+00
7.740867e+00 4.306805e-01 0.000000e+00
7.740867e+00 4.650493e-01 0.000000e+00
7.740867e+00 5.021607e-01 0.000000e+00
7.740867e+00 5.422336e-01 0.000000e+00
7.740867e+00 5.855044e-01 0.000000e+00
7.740867e+00 6.322283e-01 0.000000e+00
7.740867e+00 6.826808e-01 0.000000e+00
7.740867e+00 7.371594e-01 0.000000e+00
7.740867e+00 7.959855e-01 0.000000e+00
7.740867e+00 8.595059e-01 0.000000e+00
7.740867e+00 9.280954e-01 0.000000e+00
7.740867e+00 1.002158e+00 0.000000e+00
7.740867e+00 1.082132e+00 0.000000e+00
7.740867e+00 1.168487e+00 0.000000e+00
7.740867e+00 1.261733e+00 0.000000e+00
7.740867e+00 1.362421e+00 0.000000e+00
7.740867e+00 1.471144e+00 0.000000e+00
7.740867e+00 1.588542e+00 0.000000e+00
7.740867e+00 1.715310e+00 0.000000e+00
7.740867e+00 1.852193e+00 0.000000e+00
7.740867e+00 2.000000e+00 0.000000e+00
7.915684e+00 1.000000e-03 0.000000e+00
7.915684e+00 1.079801e-03 0.000000e+00
7.915684e+00 1.165970e-03 0.000000e+00
7.915684e+00 1.259016e-03 0.000000e+00
7.915684e+00 1.359487e-03 0.000000e+00
7.915684e+00 1.467975e-03 0.000000e+00
7.915684e+00 1.585121e-03 0.000000e+00
7.915684e+00 1.711615e-03 0.000000e+00
7.915684e+00 1.848204e-03 0.000000e+00
7.915684e+00 1.995693e-03 0.000000e+00
7.915684e+00 2.154951e-03 0.000000e+00
7.915684e+00 2.326918e-03 0.000000e+00
7.915684e+00 2.512609e-03 0.000000e+00
7.915684e+00 2.713117e-03 0.000000e+00
7.915684e+00 2.929627e-03 0.000000e+00
7.915684e+00 3.163414e-03 0.000000e+00
7.915684e+00 3.415858e-03 0.000000e+00
7.915684e+00 3.688447e-03 0.000000e+00
7.915684e+00 3.982789e-03 0.000000e+00
7.915684e+00 4.300619e-03 0.000000e+00
7.915684e+00 4.643813e-03 0.000000e+00
7.915684e+00 5.014394e-03 0.000000e+00
7.915684e+00 5.414548e-03 0.000000e+00
7.915684e+00 5.846635e-03 0.000000e+00
7.915684e+00 6.313202e-03 0.000000e+00
7.915684e+00 6.817002e-03 0.000000e+00
7.915684e+00 7.361006e-03 0.000000e+00
7.915684e+00 7.948422e-03 0.000000e+00
7.915684e+00 8.582714e-03 0.000000e+00
7.915684e+00 9.267624e-03 0.000000e+00
7.915684e+00 1.000719e-02 0.000000e+00
7.915684e+00 1.080577e-02 0.000000e+00
7.915684e+00 1.166809e-02 0.000000e+00
7.915684e+00 1.259921e-02 0.000000e+00
7.915684e+00 1.360464e-02 0.000000e+00
7.915684e+00 1.469030e-02 0.000000e+00
7.915684e+00 1.586261e-02 0.000000e+00
7.915684e+00 1.712846e-02 0.000000e+00
7.915684e+00 1.849533e-02 0.000000e+00
7.915684e+00 1.997127e-02 0.000000e+00
7.915684e+00 2.156500e-02 0.000000e+00
7.915684e+00 2.328591e-02 0.000000e+00
7.915684e+00 2.514415e-02 0.000000e+00
7.915684e+00 2.715068e-02 0.000000e+00
7.915684e+00 2.931733e-02 0.000000e+00
7.915684e+00 3.165689e-02 0.000000e+00
7.915684e+00 3.418314e-02 0.000000e+00
7.915684e+00 3.691099e-02 0.000000e+00
7.915684e+00 3.985652e-02 0.000000e+00
7.915684e+00 4.303711e-02 0.000000e+00
7.915684e+00 4.647152e-02 0.000000e+00
7.915684e+00 5.017999e-02 0.000000e+00
7.915684e+00 5.418441e-02 0.000000e+00
7.915684e+00 5.850838e-02 0.000000e+00
7.915684e+00 6.317741e-02 0.000000e+00
7.915684e+00 6.821903e-02 0.000000e+00
7.915684e+00 7.366298e-02 0.000000e+00
7.915684e+00 7.954136e-02 0.000000e+00
7.915684e+00 8.588885e-02 0.000000e+00
7.915684e+00 9.274286e-02 0.000000e+00
7.915684e+00 1.001438e-01 0.000000e+00
7.915684e+00 1.081354e-01 0.000000e+00
7.915684e+00 1.167647e-01 0.000000e+00
7.915684e+00 1.260827e-01 0.000000e+00
7.915684e+00 1.361442e-01 0.000000e+00
7.915684e+00 1.470087e-01 0.000000e+00
7.915684e+00 1.587401e-01 0.000000e+00
7.915684e+00 1.714077e-01 0.000000e+00
7.915684e+00 1.850862e-01 0.000000e+00
7.915684e+00 1.998563e-01 0.000000e+00
7.915684e+00 2.158051e-01 0.000000e+00
7.915684e+00 2.330265e-01 0.000000e+00
7.915684e+00 2.516223e-01 0.000000e+00
7.915684e+00 2.717020e-01 0.000000e+00
7.915684e+00 2.933841e-01 0.000000e+00
7.915684e+00 3.167964e-01 0.000000e+00
7.915684e+00 3.420771e-01 0.000000e+00
7.915684e+00 3.693752e-01 0.000000e+00
7.915684e+00 3.988518e-01 0.000000e+00
7.915684e+00 4.306805e-01 0.000000e+00
7.915684e+00 4.650493e-01 0.000000e+00
7.915684e+00 5.021607e-01 0.000000e+00
7.915684e+00 5.422336e-01 0.000000e+00
7.915684e+00 5.855044e-01 0.000000e+00
7.915684e+00 6.322283e-01 0.000000e+00
7.915684e+00 6.826808e-01 0.000000e+00
7.915684e+00 7.371594e-01 0.000000e+00
7.915684e+00 7.959855e-01 0.000000e+00
7.915684e+00 8.595059e-01 0.000000e+00
7.915684e+00 9.280954e-01 0.000000e+00
7.915684e+00 1.002158e+00 0.000000e+00
7.915684e+00 1.082132e+00 0.000000e+00
7.915684e+00 1.168487e+00 0.000000e+00
7.915684e+00 1.261733e+00 0.000000e+00
7.915684e+00 1.362421e+00 0.000000e+00
7.915684e+00 1.471144e+00 0.000000e+00
7.915684e+00 1.588542e+00 0.000000e+00
7.915684e+00 1.715310e+00 0.000000e+00
7.915684e+00 1.852193e+00 0.000000e+00
7.915684e+00 2.000000e+00 0.000000e+00
8.093998e+00 1.000000e-03 0.000000e+00
8.093998e+00 1.079801e-03 0.000000e+00
8.093998e+00 1.165970e-03 0.000000e+00
8.093998e+00 1.259016e-03 0.000000e+00
8.093998e+00 1.359487e-03 0.000000e+00
8.093998e+00 1.467975e-03 0.000000e+00
8.093998e+00 1.585121e-03 0.000000e+00
8.093998e+00 1.711615e-03 0.000000e+00
8.093998e+00 1.848204e-03 0.000000e+00
8.093998e+00 1.995693e-03 0.000000e+00
8.093998e+00 2.154951e-03 0.000000e+00
8.093998e+00 2.326918e-03 0.000000e+00
8.093998e+00 2.512609e-03 0.000000e+00
8.093998e+00 2.713117e-03 0.000000e+00
8.093998e+00 2.929627e-03 0.000000e+00
8.093998e+00 3.163414e-03 0.000000e+00
8.093998e+00 3.415858e-03 0.000000e+00
8.093998e+00 3.688447e-03 0.000000e+00
8.093998e+00 3.982789e-03 0.000000e+00
8.093998e+00 4.300619e-03 0.000000e+00
8.093998e+00 4.643813e-03 0.000000e+00
8.093998e+00 5.014394e-03 0.000000e+00
8.093998e+00 5.414548e-03 0.000000e+00
8.093998e+00 5.846635e-03 0.000000e+00
8.093998e+00 6.313202e-03 0.000000e+00
8.093998e+00 6.817002e-03 0.000000e+00
8.093998e+00 7.361006e-03 0.000000e+00
8.093998e+00 7.948422e-03 0.000000e+00
8.093998e+00 8.582714e-03 0.000000e+00
8.093998e+00 9.267624e-03 0.000000e+00
8.093998e+00 1.000719e-02 0.000000e+00
8.093998e+00 1.080577e-02 0.000000e+00
8.093998e+00 1.166809e-02 0.000000e+00
8.093998e+00 1.259921e-02 0.000000e+00
8.093998e+00 1.360464e-02 0.000000e+00
8.093998e+00 1.469030e-02 0.000000e+00
8.093998e+00 1.586261e-02 0.000000e+00
8.093998e+00 1.712846e-02 0.000000e+00
8.093998e+00 1.849533e-02 0.000000e+00
8.093998e+00 1.997127e-02 0.000000e+00
8.093998e+00 2.156500e-02 0.000000e+00
8.093998e+00 2.328591e-02 0.000000e+00
8.093998e+00 2.514415e-02 0.000000e+00
8.093998e+00 2.715068e-02 0.000000e+00
8.093998e+00 2.931733e-02 0.000000e+00
8.093998e+00 3.165689e-02 0.000000e+00
8.093998e+00 3.418314e-02 0.000000e+00
8.093998e+00 3.691099e-02 0.000000e+00
8.093998e+00 3.985652e-02 0.000000e+00
8.093998e+00 4.303711e-02 0.000000e+00
8.093998e+00 4.647152e-02 0.000000e+00
8.093998e+00 5.017999e-02 0.000000e+00
8.093998e+00 5.418441e-02 0.000000e+00
8.093998e+00 5.850838e-02 0.000000e+00
8.093998e+00 6.317741e-02 0.000000e+00
8.093998e+00 6.821903e-02 0.000000e+00
8.093998e+00 7.366298e-02 0.000000e+00
8.093998e+00 7.954136e-02 0.000000e+00
8.093998e+00 8.588885e-02 0.000000e+00
8.093998e+00 9.274286e-02 0.000000e+00
8.093998e+00 1.001438e-01 0.000000e+00
8.093998e+00 1.081354e-01 0.000000e+00
8.093998e+00 1.167647e-01 0.000000e+00
8.093998e+00 1.260827e-01 0.000000e+00
8.093998e+00 1.361442e-01 0.000000e+00
8.093998e+00 1.470087e-01 0.000000e+00
8.093998e+00 1.587401e-01 0.000000e+00
8.093998e+00 1.714077e-01 0.000000e+00
8.093998e+00 1.850862e-01 0.000000e+00
8.093998e+00 1.998563e-01 0.000000e+00
8.093998e+00 2.158051e-01 0.000000e+00
8.093998e+00 2.330265e-01 0.000000e+00
8.093998e+00 2.516223e-01 0.000000e+00
8.093998e+00 2.717020e-01 0.000000e+00
8.093998e+00 2.933841e-01 0.000000e+00
8.093998e+00 3.167964e-01 0.000000e+00
8.093998e+00 3.420771e-01 0.000000e+00
8.093998e+00 3.693752e-01 0.000000e+00
8.093998e+00 3.988518e-01 0.000000e+00
8.093998e+00 4.306805e-01 0.000000e+00
8.093998e+00 4.650493e-01 0.000000e+00
8.093998e+00 5.021607e-01 0.000000e+00
8.093998e+00 5.422336e-01 0.000000e+00
8.093998e+00 5.855044e-01 0.000000e+00
8.093998e+00 6.322283e-01 0.000000e+00
8.093998e+00 6.826808e-01 0.000000e+00
8.093998e+00 7.371594e-01 0.000000e+00
8.093998e+00 7.959855e-01 0.000000e+00
8.093998e+00 8.595059e-01 0.000000e+00
8.093998e+00 9.280954e-01 0.000000e+00
8.093998e+00 1.002158e+00 0.000000e+00
8.093998e+00 1.082132e+00 0.000000e+00
8.093998e+00 1.168487e+00 0.000000e+00
8.093998e+00 1.261733e+00 0.000000e+00
8.093998e+00 1.362421e+00 0.000000e+00
8.093998e+00 1.471144e+00 0.000000e+00
8.093998e+00 1.588542e+00 0.000000e+00
8.093998e+00 1.715310e+00 0.000000e+00
8.093998e+00 1.852193e+00 0.000000e+00
8.093998e+00 2.000000e+00 0.000000e+00
8.275878e+00 1.000000e-03 -8.141581e-16
8.275878e+00 1.079801e-03 -8.730472e-16
8.275878e+00 1.165970e-03 -9.356599e-16
8.275878e+00 1.259016e-03 -1.002135e-15
8.275878e+00 1.359487e-03 -1.072597e-15
8.275878e+00 1.467975e-03 -1.147162e-15
8.275878e+00 1.585121e-03 -1.225925e-15
8.275878e+00 1.711615e-03 -1.308963e-15
8.275878e+00 1.848204e-03 -1.396329e-15
8.275878e+00 1.995693e-03 -1.488039e-15
8.275878e+00 2.154951e-03 -1.584062e-15
8.275878e+00 2.326918e-03 -1.684330e-15
8.275878e+00 2.512609e-03 -1.788711e-15
8.275878e+00 2.713117e-03 -1.897004e-15
8.275878e+00 2.929627e-03 -2.008946e-15
8.275878e+00 3.163414e-03 -2.124187e-15
8.275878e+00 3.415858e-03 -2.242284e-15
8.275878e+00 3.688447e-03 -2.362710e-15
8.275878e+00 3.982789e-03 -2.484815e-15
8.275878e+00 4.300619e-03 -2.607820e-15
8.275878e+00 4.643813e-03 -2.730840e-15
8.275878e+00 5.014394e-03 -2.852830e-15
8.275878e+00 5.414548e-03 -2.972584e-15
8.275878e+00 5.846635e-03 -3.088785e-15
8.275878e+00 6.313202e-03 -3.199911e-15
8.275878e+00 6.817002e-03 -3.304255e-15
8.275878e+00 7.361006e-03 -3.400023e-15
8.275878e+00 7.948422e-03 -3.485202e-15
8.275878e+00 8.582714e-03 -3.557620e-15
8.275878e+00 9.267624e-03 -3.615112e-15
8.275878e+00 1.000719e-02 -3.655373e-15
8.275878e+00 1.080577e-02 -3.676065e-15
8.275878e+00 1.166809e-02 -3.675095e-15
8.275878e+00 1.259921e-02 -3.650607e-15
8.275878e+00 1.360464e-02 -3.601115e-15
8.275878e+00 1.469030e-02 -3.525748e-15
8.275878e+00 1.586261e-02 -3.424692e-15
8.275878e+00 1.712846e-02 -3.299137e-15
8.275878e+00 1.849533e-02 -3.151057e-15
8.275878e+00 1.997127e-02 -2.984720e-15
8.275878e+00 2.156500e-02 -2.805841e-15
8.275878e+00 2.328591e-02 -2.619937e-15
8.275878e+00 2.514415e-02 -2.434587e-15
8.275878e+00 2.715068e-02 -2.257883e-15
8.275878e+00 2.931733e-02 -2.095896e-15
8.275878e+00 3.165689e-02 -1.953079e-15
8.275878e+00 3.418314e-02 -1.832110e-15
8.275878e+00 3.691099e-02 -1.731118e-15
8.275878e+00 3.985652e-02 -1.643986e-15
8.275878e+00 4.303711e-02 -1.560453e-15
8.275878e+00 4.647152e-02 -1.468061e-15
8.275878e+00 5.017999e-02 -1.356219e-15
8.275878e+00 5.418441e-02 0.000000e+00
8.275878e+00 5.850838e-02 0.000000e+00
8.275878e+00 6.317741e-02 0.000000e+00
8.275878e+00 6.821903e-02 0.000000e+00
8.275878e+00 7.366298e-02 0.000000e+00
8.275878e+00 7.954136e-02 0.000000e+00
8.275878e+00 8.588885e-02 0.000000e+00
8.275878e+00 9.274286e-02 0.000000e+00
8.275878e+00 1.001438e-01 0.000000e+00
8.275878e+00 1.081354e-01 0.000000e+00
8.275878e+00 1.167647e-01 0.000000e+00
8.275878e+00 1.260827e-01 -8.199904e-17
8.275878e+00 1.361442e-01 -8.199904e-17
8.275878e+00 1.470087e-01 0.000000e+00
8.275878e+00 1.587401e-01 -8.199904e-17
8.275878e+00 1.714077e-01 0.000000e+00
8.275878e+00 1.850862e-01 -8.199904e-17
8.275878e+00 1.998563e-01 -1.639981e-16
8.275878e+00 2.158051e-01 0.000000e+00
8.275878e+00 2.330265e-01 0.000000e+00
8.275878e+00 2.516223e-01 -4.317761e-18
8.275878e+00 2.717020e-01 -1.295328e-17
8.275878e+00 2.933841e-01 0.000000e+00
8.275878e+00 3.167964e-01 -8.635521e-18
8.275878e+00 3.420771e-01 0.000000e+00
8.275878e+00 3.693752e-01 -8.635521e-18
8.275878e+00 3.988518e-01 0.000000e+00
8.275878e+00 4.306805e-01 0.000000e+00
8.275878e+00 4.650493e-01 0.000000e+00
8.275878e+00 5.021607e-01 0.000000e+00
8.275878e+00 5.422336e-01 0.000000e+00
8.275878e+00 5.855044e-01 0.000000e+00
8.275878e+00 6.322283e-01 0.000000e+00
8.275878e+00 6.826808e-01 0.000000e+00
8.275878e+00 7.371594e-01 0.000000e+00
8.275878e+00 7.959855e-01 0.000000e+00
8.275878e+00 8.595059e-01 0.000000e+00
8.275878e+00 9.280954e-01 -7.888693e-20
8.275878e+00 1.002158e+00 -3.944347e-20
8.275878e+00 1.082132e+00 -4.437390e-20
8.275878e+00 1.168487e+00 3.351368e-20
8.275878e+00 1.261733e+00 0.000000e+00
8.275878e+00 1.362421e+00 0.000000e+00
8.275878e+00 1.471144e+00 -1.675684e-20
8.275878e+00 1.588542e+00 0.000000e+00
8.275878e+00 1.715310e+00 0.000000e+00
8.275878e+00 1.852193e+00 0.000000e+00
8.275878e+00 2.000000e+00 0.000000e+00
8.461396e+00 1.000000e-03 -7.332227e+00
8.461396e+00 1.079801e-03 -7.862689e+00
8.461396e+00 1.165970e-03 -8.426701e+00
8.461396e+00 1.259016e-03 -9.025506e+00
8.461396e+00 1.359487e-03 -9.660238e+00
8.461396e+00 1.467975e-03 -1.033192e+01
8.461396e+00 1.585121e-03 -1.104142e+01
8.461396e+00 1.711615e-03 -1.178942e+01
8.461396e+00 1.848204e-03 -1.257639e+01
8.461396e+00 1.995693e-03 -1.340247e+01
8.461396e+00 2.154951e-03 -1.426741e+01
8.461396e+00 2.326918e-03 -1.517058e+01
8.461396e+00 2.512609e-03 -1.611080e+01
8.461396e+00 2.713117e-03 -1.708626e+01
8.461396e+00 2.929627e-03 -1.809458e+01
8.461396e+00 3.163414e-03 -1.913261e+01
8.461396e+00 3.415858e-03 -2.019636e+01
8.461396e+00 3.688447e-03 -2.128110e+01
8.461396e+00 3.982789e-03 -2.238095e+01
8.461396e+00 4.300619e-03 -2.348890e+01
8.461396e+00 4.643813e-03 -2.459699e+01
8.461396e+00 5.014394e-03 -2.569580e+01
8.461396e+00 5.414548e-03 -2.677447e+01
8.461396e+00 5.846635e-03 -2.782113e+01
8.461396e+00 6.313202e-03 -2.882209e+01
8.461396e+00 6.817002e-03 -2.976195e+01
8.461396e+00 7.361006e-03 -3.062456e+01
8.461396e+00 7.948422e-03 -3.139180e+01
8.461396e+00 8.582714e-03 -3.204409e+01
8.461396e+00 9.267624e-03 -3.256194e+01
8.461396e+00 1.000719e-02 -3.292460e+01
8.461396e+00 1.080577e-02 -3.311100e+01
8.461396e+00 1.166809e-02 -3.310227e+01
8.461396e+00 1.259921e-02 -3.288170e+01
8.461396e+00 1.360464e-02 -3.243593e+01
8.461396e+00 1.469030e-02 -3.175709e+01
8.461396e+00 1.586261e-02 -3.084686e+01
8.461396e+00 1.712846e-02 -2.971597e+01
8.461396e+00 1.849533e-02 -2.838219e+01
8.461396e+00 1.997127e-02 -2.688396e+01
8.461396e+00 2.156500e-02 -2.527276e+01
8.461396e+00 2.328591e-02 -2.359829e+01
8.461396e+00 2.514415e-02 -2.192881e+01
8.461396e+00 2.715068e-02 -2.033720e+01
8.461396e+00 2.931733e-02 -1.887815e+01
8.461396e+00 3.165689e-02 -1.759178e+01
8.461396e+00 3.418314e-02 -1.650218e+01
8.461396e+00 3.691099e-02 -1.559252e+01
8.461396e+00 3.985652e-02 -1.480771e+01
8.461396e+00 4.303711e-02 -1.405531e+01
8.461396e+00 4.647152e-02 -1.322312e+01
8.461396e+00 5.017999e-02 -1.221573e+01
8.461396e+00 5.418441e-02 -1.097201e+01
8.461396e+00 5.850838e-02 -9.543612e+00
8.461396e+00 6.317741e-02 -8.001224e+00
8.461396e+00 6.821903e-02 -6.335752e+00
8.461396e+00 7.366298e-02 -4.637111e+00
8.461396e+00 7.954136e-02 -3.821340e+00
8.461396e+00 8.588885e-02 -2.940469e+00
8.461396e+00 9.274286e-02 -1.989304e+00
8.461396e+00 1.001438e-01 -9.622349e-01
8.461396e+00 1.081354e-01 -6.376362e-01
8.461396e+00 1.167647e-01 -6.613870e-01
8.461396e+00 1.260827e-01 -6.870332e-01
8.461396e+00 1.361442e-01 -7.147261e-01
8.461396e+00 1.470087e-01 -7.143664e-01
8.461396e+00 1.587401e-01 -5.850665e-01
8.461396e+00 1.714077e-01 -4.454482e-01
8.461396e+00 1.850862e-01 -2.946883e-01
8.461396e+00 1.998563e-01 -1.318976e-01
8.461396e+00 2.158051e-01 -1.000291e-01
8.461396e+00 2.330265e-01 -9.436309e-02
8.461396e+00 2.516223e-01 -8.824498e-02
8.461396e+00 2.717020e-01 -8.163863e-02
8.461396e+00 2.933841e-01 -7.264825e-02
8.461396e+00 3.167964e-01 -6.058050e-02
8.461396e+00 3.420771e-01 -4.754973e-02
8.461396e+00 3.693752e-01 -3.347910e-02
8.461396e+00 3.988518e-01 -1.919511e-02
8.461396e+00 4.306805e-01 -1.652860e-02
8.461396e+00 4.650493e-01 -1.364930e-02
8.461396e+00 5.021607e-01 -1.054023e-02
8.461396e+00 5.422336e-01 -7.183057e-03
8.461396e+00 5.855044e-01 -5.542775e-03
8.461396e+00 6.322283e-01 -4.696531e-03
8.461396e+00 6.826808e-01 -3.782756e-03
8.461396e+00 7.371594e-01 -2.796060e-03
8.461396e+00 7.959855e-01 -1.985115e-03
8.461396e+00 8.595059e-01 -1.708287e-03
8.461396e+00 9.280954e-01 -1.409368e-03
8.461396e+00 1.002158e+00 -1.086595e-03
8.461396e+00 1.082132e+00 -7.380645e-04
8.461396e+00 1.168487e+00 -6.353963e-04
8.461396e+00 1.261733e+00 -5.478441e-04
8.461396e+00 1.362421e+00 -4.533051e-04
8.461396e+00 1.471144e+00 -3.512218e-04
8.461396e+00 1.588542e+00 -2.817603e-04
8.461396e+00 1.715310e+00 -2.424499e-04
8.461396e+00 1.852193e+00 -2.000025e-04
8.461396e+00 2.000000e+00 -1.541677e-04
8.650623e+00 1.000000e-03 -2.517365e+01
8.650623e+00 1.079801e-03 -2.699526e+01
8.650623e+00 1.165970e-03 -2.893213e+01
8.650623e+00 1.259016e-03 -3.098850e+01
8.650623e+00 1.359487e-03 -3.316826e+01
8.650623e+00 1.467975e-03 -3.547490e+01
8.650623e+00 1.585121e-03 -3.791140e+01
8.650623e+00 1.711615e-03 -4.048007e+01
8.650623e+00 1.848204e-03 -4.318255e+01
8.650623e+00 1.995693e-03 -4.601931e+01
8.650623e+00 2.154951e-03 -4.898946e+01
8.650623e+00 2.326918e-03 -5.209090e+01
8.650623e+00 2.512609e-03 -5.531956e+01
8.650623e+00 2.713117e-03 -5.866922e+01
8.650623e+00 2.929627e-03 -6.213172e+01
8.650623e+00 3.163414e-03 -6.569622e+01
8.650623e+00 3.415858e-03 -6.934905e+01
8.650623e+00 3.688447e-03 -7.307391e+01
8.650623e+00 3.982789e-03 -7.685067e+01
8.650623e+00 4.300619e-03 -8.065525e+01
8.650623e+00 4.643813e-03 -8.446029e+01
8.650623e+00 5.014394e-03 -8.823346e+01
8.650623e+00 5.414548e-03 -9.193747e+01
8.650623e+00 5.846635e-03 -9.553156e+01
8.650623e+00 6.313202e-03 -9.896870e+01
8.650623e+00 6.817002e-03 -1.021961e+02
8.650623e+00 7.361006e-03 -1.051581e+02
8.650623e+00 7.948422e-03 -1.077927e+02
8.650623e+00 8.582714e-03 -1.100326e+02
8.650623e+00 9.267624e-03 -1.118108e+02
8.650623e+00 1.000719e-02 -1.130562e+02
8.650623e+00 1.080577e-02 -1.136963e+02
8.650623e+00 1.166809e-02 -1.136664e+02
8.650623e+00 1.259921e-02 -1.129090e+02
8.650623e+00 1.360464e-02 -1.113783e+02
8.650623e+00 1.469030e-02 -1.090474e+02
8.650623e+00 1.586261e-02 -1.059218e+02
8.650623e+00 1.712846e-02 -1.020386e+02
8.650623e+00 1.849533e-02 -9.745867e+01
8.650623e+00 1.997127e-02 -9.231406e+01
8.650623e+00 2.156500e-02 -8.678154e+01
8.650623e+00 2.328591e-02 -8.103175e+01
8.650623e+00 2.514415e-02 -7.529910e+01
8.650623e+00 2.715068e-02 -6.983383e+01
8.650623e+00 2.931733e-02 -6.482377e+01
8.650623e+00 3.165689e-02 -6.040661e+01
8.650623e+00 3.418314e-02 -5.666516e+01
8.650623e+00 3.691099e-02 -5.354158e+01
8.650623e+00 3.985652e-02 -5.084670e+01
8.650623e+00 4.303711e-02 -4.826310e+01
8.650623e+00 4.647152e-02 -4.540552e+01
8.650623e+00 5.017999e-02 -4.194637e+01
8.650623e+00 5.418441e-02 -3.782640e+01
8.650623e+00 5.850838e-02 -3.334123e+01
8.650623e+00 6.317741e-02 -2.849815e+01
8.650623e+00 6.821903e-02 -2.326858e+01
8.650623e+00 7.366298e-02 -1.792360e+01
8.650623e+00 7.954136e-02 -1.523492e+01
8.650623e+00 8.588885e-02 -1.233168e+01
8.650623e+00 9.274286e-02 -9.196750e+00
8.650623e+00 1.001438e-01 -5.811654e+00
8.650623e+00 1.081354e-01 -4.351636e+00
8.650623e+00 1.167647e-01 -3.822444e+00
8.650623e+00 1.260827e-01 -3.251022e+00
8.650623e+00 1.361442e-01 -2.634000e+00
8.650623e+00 1.470087e-01 -2.051044e+00
8.650623e+00 1.587401e-01 -1.776432e+00
8.650623e+00 1.714077e-01 -1.479906e+00
8.650623e+00 1.850862e-01 -1.159718e+00
8.650623e+00 1.998563e-01 -8.139772e-01
8.650623e+00 2.158051e-01 -6.915360e-01
8.650623e+00 2.330265e-01 -6.094377e-01
8.650623e+00 2.516223e-01 -5.207878e-01
8.650623e+00 2.717020e-01 -4.250635e-01
8.650623e+00 2.933841e-01 -3.450905e-01
8.650623e+00 3.167964e-01 -2.884628e-01
8.650623e+00 3.420771e-01 -2.273161e-01
8.650623e+00 3.693752e-01 -1.612898e-01
8.650623e+00 3.988518e-01 -9.428017e-02
8.650623e+00 4.306805e-01 -8.203530e-02
8.650623e+00 4.650493e-01 -6.881328e-02
8.650623e+00 5.021607e-01 -5.453613e-02
8.650623e+00 5.422336e-01 -3.911965e-02
8.650623e+00 5.855044e-01 -3.099866e-02
8.650623e+00 6.322283e-01 -2.620267e-02
8.650623e+00 6.826808e-01 -2.102396e-02
8.650623e+00 7.371594e-01 -1.543198e-02
8.650623e+00 7.959855e-01 -1.084348e-02
8.650623e+00 8.595059e-01 -9.300143e-03
8.650623e+00 9.280954e-01 -7.633644e-03
8.650623e+00 1.002158e+00 -5.834157e-03
8.650623e+00 1.082132e+00 -3.891069e-03
8.650623e+00 1.168487e+00 -3.322326e-03
8.650623e+00 1.261733e+00 -2.838457e-03
8.650623e+00 1.362421e+00 -2.315974e-03
8.650623e+00 1.471144e+00 -1.751797e-03
8.650623e+00 1.588542e+00 -1.379659e-03
8.650623e+00 1.715310e+00 -1.185381e-03
8.650623e+00 1.852193e+00 -9.755989e-04
8.650623e+00 2.000000e+00 -7.490763e-04
8.843636e+00 1.000000e-03 -1.059211e+02
8.843636e+00 1.079801e-03 -1.135874e+02
8.843636e+00 1.165970e-03 -1.217389e+02
8.843636e+00 1.259016e-03 -1.303935e+02
8.843636e+00 1.359487e-03 -1.395674e+02
8.843636e+00 1.467975e-03 -1.492753e+02
8.843636e+00 1.585121e-03 -1.595297e+02
8.843636e+00 1.711615e-03 -1.703402e+02
8.843636e+00 1.848204e-03 -1.817138e+02
8.843636e+00 1.995693e-03 -1.936522e+02
8.843636e+00 2.154951e-03 -2.061520e+02
8.843636e+00 2.326918e-03 -2.192042e+02
8.843636e+00 2.512609e-03 -2.327919e+02
8.843636e+00 2.713117e-03 -2.468887e+02
8.843636e+00 2.929627e-03 -2.614603e+02
8.843636e+00 3.163414e-03 -2.764612e+02
8.843636e+00 3.415858e-03 -2.918338e+02
8.843636e+00 3.688447e-03 -3.075094e+02
8.843636e+00 3.982789e-03 -3.234035e+02
8.843636e+00 4.300619e-03 -3.394145e+02
8.843636e+00 4.643813e-03 -3.554275e+02
8.843636e+00 5.014394e-03 -3.713063e+02
8.843636e+00 5.414548e-03 -3.868941e+02
8.843636e+00 5.846635e-03 -4.020192e+02
8.843636e+00 6.313202e-03 -4.164839e+02
8.843636e+00 6.817002e-03 -4.300657e+02
8.843636e+00 7.361006e-03 -4.425310e+02
8.843636e+00 7.948422e-03 -4.536183e+02
8.843636e+00 8.582714e-03 -4.630445e+02
8.843636e+00 9.267624e-03 -4.705280e+02
8.843636e+00 1.000719e-02 -4.757690e+02
8.843636e+00 1.080577e-02 -4.784629e+02
8.843636e+00 1.166809e-02 -4.783372e+02
8.843636e+00 1.259921e-02 -4.751501e+02
8.843636e+00 1.360464e-02 -4.687087e+02
8.843636e+00 1.469030e-02 -4.588995e+02
8.843636e+00 1.586261e-02 -4.457465e+02
8.843636e+00 1.712846e-02 -4.294049e+02
8.843636e+00 1.849533e-02 -4.101314e+02
8.843636e+00 1.997127e-02 -3.884816e+02
8.843636e+00 2.156500e-02 -3.651994e+02
8.843636e+00 2.328591e-02 -3.410028e+02
8.843636e+00 2.514415e-02 -3.168783e+02
8.843636e+00 2.715068e-02 -2.938790e+02
8.843636e+00 2.931733e-02 -2.727954e+02
8.843636e+00 3.165689e-02 -2.542068e+02
8.843636e+00 3.418314e-02 -2.384618e+02
8.843636e+00 3.691099e-02 -2.253170e+02
8.843636e+00 3.985652e-02 -2.139762e+02
8.843636e+00 4.303711e-02 -2.031038e+02
8.843636e+00 4.647152e-02 -1.910783e+02
8.843636e+00 5.017999e-02 -1.765213e+02
8.843636e+00 5.418441e-02 -1.600226e+02
8.843636e+00 5.850838e-02 -1.434845e+02
8.843636e+00 6.317741e-02 -1.256267e+02
8.843636e+00 6.821903e-02 -1.063438e+02
8.843636e+00 7.366298e-02 -8.640693e+01
8.843636e+00 7.954136e-02 -7.391417e+01
8.843636e+00 8.588885e-02 -6.042448e+01
8.843636e+00 9.274286e-02 -4.585830e+01
8.843636e+00 1.001438e-01 -3.012972e+01
8.843636e+00 1.081354e-01 -2.320721e+01
8.843636e+00 1.167647e-01 -2.053248e+01
8.843636e+00 1.260827e-01 -1.764432e+01
8.843636e+00 1.361442e-01 -1.452567e+01
8.843636e+00 1.470087e-01 -1.153968e+01
8.843636e+00 1.587401e-01 -9.940648e+00
8.843636e+00 1.714077e-01 -8.214009e+00
8.843636e+00 1.850862e-01 -6.349582e+00
8.843636e+00 1.998563e-01 -4.336373e+00
8.843636e+00 2.158051e-01 -3.598314e+00
8.843636e+00 2.330265e-01 -3.088151e+00
8.843636e+00 2.516223e-01 -2.537277e+00
8.843636e+00 2.717020e-01 -1.942442e+00
8.843636e+00 2.933841e-01 -1.496352e+00
8.843636e+00 3.167964e-01 -1.264036e+00
8.843636e+00 3.420771e-01 -1.013181e+00
8.843636e+00 3.693752e-01 -7.423072e-01
8.843636e+00 3.988518e-01 -4.665675e-01
8.843636e+00 4.306805e-01 -4.037693e-01
8.843636e+00 4.650493e-01 -3.359598e-01
8.843636e+00 5.021607e-01 -2.627390e-01
8.843636e+00 5.422336e-01 -1.836751e-01
8.843636e+00 5.855044e-01 -1.437830e-01
8.843636e+00 6.322283e-01 -1.219022e-01
8.843636e+00 6.826808e-01 -9.827520e-02
8.843636e+00 7.371594e-01 -7.276279e-02
8.843636e+00 7.959855e-01 -5.173744e-02
8.843636e+00 8.595059e-01 -4.438328e-02
8.843636e+00 9.280954e-01 -3.644225e-02
8.843636e+00 1.002158e+00 -2.786752e-02
8.843636e+00 1.082132e+00 -1.860852e-02
8.843636e+00 1.168487e+00 -1.585758e-02
8.843636e+00 1.261733e+00 -1.350432e-02
8.843636e+00 1.362421e+00 -1.096328e-02
8.843636e+00 1.471144e+00 -8.219454e-03
8.843636e+00 1.588542e+00 -6.429342e-03
8.843636e+00 1.715310e+00 -5.523099e-03
8.843636e+00 1.852193e+00 -4.544537e-03
8.843636e+00 2.000000e+00 -3.487884e-03
9.040509e+00 1.000000e-03 -2.245612e+02
9.040509e+00 1.079801e-03 -2.408180e+02
9.040509e+00 1.165970e-03 -2.581040e+02
9.040509e+00 1.259016e-03 -2.764570e+02
9.040509e+00 1.359487e-03 -2.959115e+02
9.040509e+00 1.467975e-03 -3.164985e+02
9.040509e+00 1.585121e-03 -3.382441e+02
9.040509e+00 1.711615e-03 -3.611689e+02
9.040509e+00 1.848204e-03 -3.852873e+02
9.040509e+00 1.995693e-03 -4.106033e+02
9.040509e+00 2.154951e-03 -4.371093e+02
9.040509e+00 2.326918e-03 -4.647867e+02
9.040509e+00 2.512609e-03 -4.935995e+02
9.040509e+00 2.713117e-03 -5.234919e+02
9.040509e+00 2.929627e-03 -5.543911e+02
9.040509e+00 3.163414e-03 -5.862003e+02
9.040509e+00 3.415858e-03 -6.187976e+02
9.040509e+00 3.688447e-03 -6.520375e+02
9.040509e+00 3.982789e-03 -6.857404e+02
9.040509e+00 4.300619e-03 -7.196914e+02
9.040509e+00 4.643813e-03 -7.536464e+02
9.040509e+00 5.014394e-03 -7.873168e+02
9.040509e+00 5.414548e-03 -8.203700e+02
9.040509e+00 5.846635e-03 -8.524423e+02
9.040509e+00 6.313202e-03 -8.831139e+02
9.040509e+00 6.817002e-03 -9.119136e+02
9.040509e+00 7.361006e-03 -9.383458e+02
9.040509e+00 7.948422e-03 -9.618559e+02
9.040509e+00 8.582714e-03 -9.818439e+02
9.040509e+00 9.267624e-03 -9.977124e+02
9.040509e+00 1.000719e-02 -1.008826e+03
9.040509e+00 1.080577e-02 -1.014539e+03
9.040509e+00 1.166809e-02 -1.014272e+03
9.040509e+00 1.259921e-02 -1.007515e+03
9.040509e+00 1.360464e-02 -9.938565e+02
9.040509e+00 1.469030e-02 -9.730570e+02
9.040509e+00 1.586261e-02 -9.451675e+02
9.040509e+00 1.712846e-02 -9.105166e+02
9.040509e+00 1.849533e-02 -8.696489e+02
9.040509e+00 1.997127e-02 -8.237424e+02
9.040509e+00 2.156500e-02 -7.743744e+02
9.040509e+00 2.328591e-02 -7.230676e+02
9.040509e+00 2.514415e-02 -6.719138e+02
9.040509e+00 2.715068e-02 -6.231458e+02
9.040509e+00 2.931733e-02 -5.784397e+02
9.040509e+00 3.165689e-02 -5.390242e+02
9.040509e+00 3.418314e-02 -5.056383e+02
9.040509e+00 3.691099e-02 -4.777658e+02
9.040509e+00 3.985652e-02 -4.537186e+02
9.040509e+00 4.303711e-02 -4.306645e+02
9.040509e+00 4.647152e-02 -4.051655e+02
9.040509e+00 5.017999e-02 -3.742986e+02
9.040509e+00 5.418441e-02 -3.418047e+02
9.040509e+00 5.850838e-02 -3.136712e+02
9.040509e+00 6.317741e-02 -2.832926e+02
9.040509e+00 6.821903e-02 -2.504898e+02
9.040509e+00 7.366298e-02 -2.157022e+02
9.040509e+00 7.954136e-02 -1.846021e+02
9.040509e+00 8.588885e-02 -1.510201e+02
9.040509e+00 9.274286e-02 -1.147583e+02
9.040509e+00 1.001438e-01 -7.560266e+01
9.040509e+00 1.081354e-01 -5.794466e+01
9.040509e+00 1.167647e-01 -5.062483e+01
9.040509e+00 1.260827e-01 -4.272087e+01
9.040509e+00 1.361442e-01 -3.418617e+01
9.040509e+00 1.470087e-01 -2.621236e+01
9.040509e+00 1.587401e-01 -2.289277e+01
9.040509e+00 1.714077e-01 -1.930827e+01
9.040509e+00 1.850862e-01 -1.543772e+01
9.040509e+00 1.998563e-01 -1.125831e+01
9.040509e+00 2.158051e-01 -9.448972e+00
9.040509e+00 2.330265e-01 -8.035281e+00
9.040509e+00 2.516223e-01 -6.508776e+00
9.040509e+00 2.717020e-01 -4.860454e+00
9.040509e+00 2.933841e-01 -3.664914e+00
9.040509e+00 3.167964e-01 -3.116598e+00
9.040509e+00 3.420771e-01 -2.524527e+00
9.040509e+00 3.693752e-01 -1.885207e+00
9.040509e+00 3.988518e-01 -1.233332e+00
9.040509e+00 4.306805e-01 -1.068943e+00
9.040509e+00 4.650493e-01 -8.914362e-01
9.040509e+00 5.021607e-01 -6.997640e-01
9.040509e+00 5.422336e-01 -4.927961e-01
9.040509e+00 5.855044e-01 -3.867069e-01
9.040509e+00 6.322283e-01 -3.268588e-01
9.040509e+00 6.826808e-01 -2.622347e-01
9.040509e+00 7.371594e-01 -1.924535e-01
9.040509e+00 7.959855e-01 -1.351991e-01
9.040509e+00 8.595059e-01 -1.159554e-01
9.040509e+00 9.280954e-01 -9.517606e-02
9.040509e+00 1.002158e+00 -7.273848e-02
9.040509e+00 1.082132e+00 -4.851036e-02
9.040509e+00 1.168487e+00 -4.127657e-02
9.040509e+00 1.261733e+00 -3.507758e-02
9.040509e+00 1.362421e+00 -2.838391e-02
9.040509e+00 1.471144e+00 -2.115608e-02
9.040509e+00 1.588542e+00 -1.646163e-02
9.040509e+00 1.715310e+00 -1.411564e-02
9.040509e+00 1.852193e+00 -1.158245e-02
9.040509e+00 2.000000e+00 -8.847098e-03
9.241319e+00 1.000000e-03 -3.661393e+02
9.241319e+00 1.079801e-03 -3.926515e+02
9.241319e+00 1.165970e-03 -4.208426e+02
9.241319e+00 1.259016e-03 -4.507744e+02
9.241319e+00 1.359487e-03 -4.825027e+02
9.241319e+00 1.467975e-03 -5.160780e+02
9.241319e+00 1.585121e-03 -5.515428e+02
9.241319e+00 1.711615e-03 -5.889304e+02
9.241319e+00 1.848204e-03 -6.282640e+02
9.241319e+00 1.995693e-03 -6.695501e+02
9.241319e+00 2.154951e-03 -7.127766e+02
9.241319e+00 2.326918e-03 -7.579132e+02
9.241319e+00 2.512609e-03 -8.049012e+02
9.241319e+00 2.713117e-03 -8.536498e+02
9.241319e+00 2.929627e-03 -9.040401e+02
9.241319e+00 3.163414e-03 -9.559145e+02
9.241319e+00 3.415858e-03 -1.009074e+03
9.241319e+00 3.688447e-03 -1.063281e+03
9.241319e+00 3.982789e-03 -1.118243e+03
9.241319e+00 4.300619e-03 -1.173609e+03
9.241319e+00 4.643813e-03 -1.228982e+03
9.241319e+00 5.014394e-03 -1.283891e+03
9.241319e+00 5.414548e-03 -1.337793e+03
9.241319e+00 5.846635e-03 -1.390095e+03
9.241319e+00 6.313202e-03 -1.440114e+03
9.241319e+00 6.817002e-03 -1.487079e+03
9.241319e+00 7.361006e-03 -1.530184e+03
9.241319e+00 7.948422e-03 -1.568523e+03
9.241319e+00 8.582714e-03 -1.601119e+03
9.241319e+00 9.267624e-03 -1.626997e+03
9.241319e+00 1.000719e-02 -1.645121e+03
9.241319e+00 1.080577e-02 -1.654437e+03
9.241319e+00 1.166809e-02 -1.654004e+03
9.241319e+00 1.259921e-02 -1.642984e+03
9.241319e+00 1.360464e-02 -1.620712e+03
9.241319e+00 1.469030e-02 -1.586794e+03
9.241319e+00 1.586261e-02 -1.541314e+03
9.241319e+00 1.712846e-02 -1.484808e+03
9.241319e+00 1.849533e-02 -1.418164e+03
9.241319e+00 1.997127e-02 -1.343303e+03
9.241319e+00 2.156500e-02 -1.262797e+03
9.241319e+00 2.328591e-02 -1.179129e+03
9.241319e+00 2.514415e-02 -1.095711e+03
9.241319e+00 2.715068e-02 -1.016184e+03
9.241319e+00 2.931733e-02 -9.432802e+02
9.241319e+00 3.165689e-02 -8.790041e+02
9.241319e+00 3.418314e-02 -8.245606e+02
9.241319e+00 3.691099e-02 -7.791080e+02
9.241319e+00 3.985652e-02 -7.398935e+02
9.241319e+00 4.303711e-02 -7.022985e+02
9.241319e+00 4.647152e-02 -6.607164e+02
9.241319e+00 5.017999e-02 -6.103808e+02
9.241319e+00 5.418441e-02 -5.576574e+02
9.241319e+00 5.850838e-02 -5.125182e+02
9.241319e+00 6.317741e-02 -4.637768e+02
9.241319e+00 6.821903e-02 -4.111459e+02
9.241319e+00 7.366298e-02 -3.555604e+02
9.241319e+00 7.954136e-02 -3.082571e+02
9.241319e+00 8.588885e-02 -2.571789e+02
9.241319e+00 9.274286e-02 -2.020247e+02
9.241319e+00 1.001438e-01 -1.424690e+02
9.241319e+00 1.081354e-01 -1.135601e+02
9.241319e+00 1.167647e-01 -9.923321e+01
9.241319e+00 1.260827e-01 -8.376303e+01
9.241319e+00 1.361442e-01 -6.705832e+01
9.241319e+00 1.470087e-01 -5.144002e+01
9.241319e+00 1.587401e-01 -4.488180e+01
9.241319e+00 1.714077e-01 -3.780023e+01
9.241319e+00 1.850862e-01 -3.015355e+01
9.241319e+00 1.998563e-01 -2.189665e+01
9.241319e+00 2.158051e-01 -1.836353e+01
9.241319e+00 2.330265e-01 -1.562364e+01
9.241319e+00 2.516223e-01 -1.266509e+01
9.241319e+00 2.717020e-01 -9.470454e+00
9.241319e+00 2.933841e-01 -7.154510e+00
9.241319e+00 3.167964e-01 -6.094520e+00
9.241319e+00 3.420771e-01 -4.949941e+00
9.241319e+00 3.693752e-01 -3.714023e+00
9.241319e+00 3.988518e-01 -2.453096e+00
9.241319e+00 4.306805e-01 -2.124163e+00
9.241319e+00 4.650493e-01 -1.768981e+00
9.241319e+00 5.021607e-01 -1.385454e+00
9.241319e+00 5.422336e-01 -9.713220e-01
9.241319e+00 5.855044e-01 -7.602693e-01
9.241319e+00 6.322283e-01 -6.424117e-01
9.241319e+00 6.826808e-01 -5.151490e-01
9.241319e+00 7.371594e-01 -3.777306e-01
9.241319e+00 7.959855e-01 -2.650123e-01
9.241319e+00 8.595059e-01 -2.272242e-01
9.241319e+00 9.280954e-01 -1.864206e-01
9.241319e+00 1.002158e+00 -1.423607e-01
9.241319e+00 1.082132e+00 -9.478492e-02
9.241319e+00 1.168487e+00 -8.049688e-02
9.241319e+00 1.261733e+00 -6.822712e-02
9.241319e+00 1.362421e+00 -5.497822e-02
9.241319e+00 1.471144e+00 -4.067204e-02
9.241319e+00 1.588542e+00 -3.145102e-02
9.241319e+00 1.715310e+00 -2.694595e-02
9.241319e+00 1.852193e+00 -2.208138e-02
9.241319e+00 2.000000e+00 -1.682862e-02
9.446145e+00 1.000000e-03 -4.769586e+02
9.446145e+00 1.079801e-03 -5.115032e+02
9.446145e+00 1.165970e-03 -5.482361e+02
9.446145e+00 1.259016e-03 -5.872375e+02
9.446145e+00 1.359487e-03 -6.285805e+02
9.446145e+00 1.467975e-03 -6.723300e+02
9.446145e+00 1.585121e-03 -7.185415e+02
9.446145e+00 1.711615e-03 -7.672580e+02
9.446145e+00 1.848204e-03 -8.185093e+02
9.446145e+00 1.995693e-03 -8.723040e+02
9.446145e+00 2.154951e-03 -9.286264e+02
9.446145e+00 2.326918e-03 -9.874373e+02
9.446145e+00 2.512609e-03 -1.048660e+03
9.446145e+00 2.713117e-03 -1.112177e+03
9.446145e+00 2.929627e-03 -1.177833e+03
9.446145e+00 3.163414e-03 -1.245422e+03
9.446145e+00 3.415858e-03 -1.314686e+03
9.446145e+00 3.688447e-03 -1.385314e+03
9.446145e+00 3.982789e-03 -1.456925e+03
9.446145e+00 4.300619e-03 -1.529063e+03
9.446145e+00 4.643813e-03 -1.601210e+03
9.446145e+00 5.014394e-03 -1.672752e+03
9.446145e+00 5.414548e-03 -1.742982e+03
9.446145e+00 5.846635e-03 -1.811127e+03
9.446145e+00 6.313202e-03 -1.876297e+03
9.446145e+00 6.817002e-03 -1.937489e+03
9.446145e+00 7.361006e-03 -1.993651e+03
9.446145e+00 7.948422e-03 -2.043604e+03
9.446145e+00 8.582714e-03 -2.086074e+03
9.446145e+00 9.267624e-03 -2.119791e+03
9.446145e+00 1.000719e-02 -2.143405e+03
9.446145e+00 1.080577e-02 -2.155544e+03
9.446145e+00 1.166809e-02 -2.154980e+03
9.446145e+00 1.259921e-02 -2.140624e+03
9.446145e+00 1.360464e-02 -2.111606e+03
9.446145e+00 1.469030e-02 -2.067415e+03
9.446145e+00 1.586261e-02 -2.008160e+03
9.446145e+00 1.712846e-02 -1.934540e+03
9.446145e+00 1.849533e-02 -1.847710e+03
9.446145e+00 1.997127e-02 -1.750175e+03
9.446145e+00 2.156500e-02 -1.645284e+03
9.446145e+00 2.328591e-02 -1.536275e+03
9.446145e+00 2.514415e-02 -1.427591e+03
9.446145e+00 2.715068e-02 -1.323975e+03
9.446145e+00 2.931733e-02 -1.228990e+03
9.446145e+00 3.165689e-02 -1.145245e+03
9.446145e+00 3.418314e-02 -1.074311e+03
9.446145e+00 3.691099e-02 -1.015092e+03
9.446145e+00 3.985652e-02 -9.639995e+02
9.446145e+00 4.303711e-02 -9.150173e+02
9.446145e+00 4.647152e-02 -8.608405e+02
9.446145e+00 5.017999e-02 -7.952587e+02
9.446145e+00 5.418441e-02 -7.274749e+02
9.446145e+00 5.850838e-02 -6.711942e+02
9.446145e+00 6.317741e-02 -6.104224e+02
9.446145e+00 6.821903e-02 -5.448008e+02
9.446145e+00 7.366298e-02 -4.755516e+02
9.446145e+00 7.954136e-02 -4.172060e+02
9.446145e+00 8.588885e-02 -3.542044e+02
9.446145e+00 9.274286e-02 -2.861752e+02
9.446145e+00 1.001438e-01 -2.127171e+02
9.446145e+00 1.081354e-01 -1.744850e+02
9.446145e+00 1.167647e-01 -1.528048e+02
9.446145e+00 1.260827e-01 -1.293946e+02
9.446145e+00 1.361442e-01 -1.041163e+02
9.446145e+00 1.470087e-01 -8.042057e+01
9.446145e+00 1.587401e-01 -7.016872e+01
9.446145e+00 1.714077e-01 -5.909876e+01
9.446145e+00 1.850862e-01 -4.714540e+01
9.446145e+00 1.998563e-01 -3.423816e+01
9.446145e+00 2.158051e-01 -2.872704e+01
9.446145e+00 2.330265e-01 -2.445921e+01
9.446145e+00 2.516223e-01 -1.985080e+01
9.446145e+00 2.717020e-01 -1.487463e+01
9.446145e+00 2.933841e-01 -1.126850e+01
9.446145e+00 3.167964e-01 -9.620525e+00
9.446145e+00 3.420771e-01 -7.841037e+00
9.446145e+00 3.693752e-01 -5.919543e+00
9.446145e+00 3.988518e-01 -3.958138e+00
9.446145e+00 4.306805e-01 -3.431194e+00
9.446145e+00 4.650493e-01 -2.862200e+00
9.446145e+00 5.021607e-01 -2.247800e+00
9.446145e+00 5.422336e-01 -1.584369e+00
9.446145e+00 5.855044e-01 -1.243086e+00
9.446145e+00 6.322283e-01 -1.049364e+00
9.446145e+00 6.826808e-01 -8.401822e-01
9.446145e+00 7.371594e-01 -6.143076e-01
9.446145e+00 7.959855e-01 -4.292994e-01
9.446145e+00 8.595059e-01 -3.681033e-01
9.446145e+00 9.280954e-01 -3.020236e-01
9.446145e+00 1.002158e+00 -2.306707e-01
9.446145e+00 1.082132e+00 -1.536238e-01
9.446145e+00 1.168487e+00 -1.302296e-01
9.446145e+00 1.261733e+00 -1.100618e-01
9.446145e+00 1.362421e+00 -8.828454e-02
9.446145e+00 1.471144e+00 -6.476947e-02
9.446145e+00 1.588542e+00 -4.972534e-02
9.446145e+00 1.715310e+00 -4.254028e-02
9.446145e+00 1.852193e+00 -3.478185e-02
9.446145e+00 2.000000e+00 -2.640428e-02
9.655068e+00 1.000000e-03 -5.182647e+02
9.655068e+00 1.079801e-03 -5.558097e+02
9.655068e+00 1.165970e-03 -5.957338e+02
9.655068e+00 1.259016e-03 -6.381245e+02
9.655068e+00 1.359487e-03 -6.830604e+02
9.655068e+00 1.467975e-03 -7.306123e+02
9.655068e+00 1.585121e-03 -7.808399e+02
9.655068e+00 1.711615e-03 -8.337898e+02
9.655068e+00 1.848204e-03 -8.894939e+02
9.655068e+00 1.995693e-03 -9.479616e+02
9.655068e+00 2.154951e-03 -1.009176e+03
9.655068e+00 2.326918e-03 -1.073094e+03
9.655068e+00 2.512609e-03 -1.139634e+03
9.655068e+00 2.713117e-03 -1.208667e+03
9.655068e+00 2.929627e-03 -1.280024e+03
9.655068e+00 3.163414e-03 -1.353483e+03
9.655068e+00 3.415858e-03 -1.428760e+03
9.655068e+00 3.688447e-03 -1.505521e+03
9.655068e+00 3.982789e-03 -1.583351e+03
9.655068e+00 4.300619e-03 -1.661752e+03
9.655068e+00 4.643813e-03 -1.740162e+03
9.655068e+00 5.014394e-03 -1.817915e+03
9.655068e+00 5.414548e-03 -1.894242e+03
9.655068e+00 5.846635e-03 -1.968304e+03
9.655068e+00 6.313202e-03 -2.039132e+03
9.655068e+00 6.817002e-03 -2.105636e+03
9.655068e+00 7.361006e-03 -2.166674e+03
9.655068e+00 7.948422e-03 -2.220964e+03
9.655068e+00 8.582714e-03 -2.267121e+03
9.655068e+00 9.267624e-03 -2.303766e+03
9.655068e+00 1.000719e-02 -2.329430e+03
9.655068e+00 1.080577e-02 -2.342624e+03
9.655068e+00 1.166809e-02 -2.342011e+03
9.655068e+00 1.259921e-02 -2.326410e+03
9.655068e+00 1.360464e-02 -2.294874e+03
9.655068e+00 1.469030e-02 -2.246849e+03
9.655068e+00 1.586261e-02 -2.182451e+03
9.655068e+00 1.712846e-02 -2.102441e+03
9.655068e+00 1.849533e-02 -2.008076e+03
9.655068e+00 1.997127e-02 -1.902076e+03
9.655068e+00 2.156500e-02 -1.788082e+03
9.655068e+00 2.328591e-02 -1.669612e+03
9.655068e+00 2.514415e-02 -1.551494e+03
9.655068e+00 2.715068e-02 -1.438886e+03
9.655068e+00 2.931733e-02 -1.335657e+03
9.655068e+00 3.165689e-02 -1.244644e+03
9.655068e+00 3.418314e-02 -1.167553e+03
9.655068e+00 3.691099e-02 -1.103194e+03
9.655068e+00 3.985652e-02 -1.047667e+03
9.655068e+00 4.303711e-02 -9.944338e+02
9.655068e+00 4.647152e-02 -9.355549e+02
9.655068e+00 5.017999e-02 -8.642811e+02
9.655068e+00 5.418441e-02 -7.926102e+02
9.655068e+00 5.850838e-02 -7.370029e+02
9.655068e+00 6.317741e-02 -6.769580e+02
9.655068e+00 6.821903e-02 -6.121215e+02
9.655068e+00 7.366298e-02 -5.432967e+02
9.655068e+00 7.954136e-02 -4.810870e+02
9.655068e+00 8.588885e-02 -4.139130e+02
9.655068e+00 9.274286e-02 -3.413784e+02
9.655068e+00 1.001438e-01 -2.630555e+02
9.655068e+00 1.081354e-01 -2.205037e+02
9.655068e+00 1.167647e-01 -1.946048e+02
9.655068e+00 1.260827e-01 -1.666390e+02
9.655068e+00 1.361442e-01 -1.364415e+02
9.655068e+00 1.470087e-01 -1.078613e+02
9.655068e+00 1.587401e-01 -9.415489e+01
9.655068e+00 1.714077e-01 -7.935464e+01
9.655068e+00 1.850862e-01 -6.337331e+01
9.655068e+00 1.998563e-01 -4.611666e+01
9.655068e+00 2.158051e-01 -3.873694e+01
9.655068e+00 2.330265e-01 -3.301622e+01
9.655068e+00 2.516223e-01 -2.683899e+01
9.655068e+00 2.717020e-01 -2.016881e+01
9.655068e+00 2.933841e-01 -1.533500e+01
9.655068e+00 3.167964e-01 -1.312586e+01
9.655068e+00 3.420771e-01 -1.074041e+01
9.655068e+00 3.693752e-01 -8.164614e+00
9.655068e+00 3.988518e-01 -5.533398e+00
9.655068e+00 4.306805e-01 -4.798125e+00
9.655068e+00 4.650493e-01 -4.004176e+00
9.655068e+00 5.021607e-01 -3.146870e+00
9.655068e+00 5.422336e-01 -2.221150e+00
9.655068e+00 5.855044e-01 -1.744214e+00
9.655068e+00 6.322283e-01 -1.472782e+00
9.655068e+00 6.826808e-01 -1.179689e+00
9.655068e+00 7.371594e-01 -8.632065e-01
9.655068e+00 7.959855e-01 -6.038614e-01
9.655068e+00 8.595059e-01 -5.176964e-01
9.655068e+00 9.280954e-01 -4.246554e-01
9.655068e+00 1.002158e+00 -3.241895e-01
9.655068e+00 1.082132e+00 -2.157064e-01
9.655068e+00 1.168487e+00 -1.826961e-01
9.655068e+00 1.261733e+00 -1.542169e-01
9.655068e+00 1.362421e+00 -1.234650e-01
9.655068e+00 1.471144e+00 -9.025913e-02
9.655068e+00 1.588542e+00 -6.905342e-02
9.655068e+00 1.715310e+00 -5.898221e-02
9.655068e+00 1.852193e+00 -4.810730e-02
9.655068e+00 2.000000e+00 -3.636456e-02
9.868170e+00 1.000000e-03 -5.117464e+02
9.868170e+00 1.079801e-03 -5.488279e+02
9.868170e+00 1.165970e-03 -5.882601e+02
9.868170e+00 1.259016e-03 -6.301291e+02
9.868170e+00 1.359487e-03 -6.745127e+02
9.868170e+00 1.467975e-03 -7.214803e+02
9.868170e+00 1.585121e-03 -7.710905e+02
9.868170e+00 1.711615e-03 -8.233891e+02
9.868170e+00 1.848204e-03 -8.784073e+02
9.868170e+00 1.995693e-03 -9.361540e+02
9.868170e+00 2.154951e-03 -9.966128e+02
9.868170e+00 2.326918e-03 -1.059742e+03
9.868170e+00 2.512609e-03 -1.125460e+03
9.868170e+00 2.713117e-03 -1.193640e+03
9.868170e+00 2.929627e-03 -1.264116e+03
9.868170e+00 3.163414e-03 -1.336667e+03
9.868170e+00 3.415858e-03 -1.411014e+03
9.868170e+00 3.688447e-03 -1.486826e+03
9.868170e+00 3.982789e-03 -1.563692e+03
9.868170e+00 4.300619e-03 -1.641124e+03
9.868170e+00 4.643813e-03 -1.718564e+03
9.868170e+00 5.014394e-03 -1.795355e+03
9.868170e+00 5.414548e-03 -1.870737e+03
9.868170e+00 5.846635e-03 -1.943883e+03
9.868170e+00 6.313202e-03 -2.013833e+03
9.868170e+00 6.817002e-03 -2.079514e+03
9.868170e+00 7.361006e-03 -2.139797e+03
9.868170e+00 7.948422e-03 -2.193415e+03
9.868170e+00 8.582714e-03 -2.239001e+03
9.868170e+00 9.267624e-03 -2.275192e+03
9.868170e+00 1.000719e-02 -2.300539e+03
9.868170e+00 1.080577e-02 -2.313570e+03
9.868170e+00 1.166809e-02 -2.312966e+03
9.868170e+00 1.259921e-02 -2.297560e+03
9.868170e+00 1.360464e-02 -2.266416e+03
9.868170e+00 1.469030e-02 -2.218986e+03
9.868170e+00 1.586261e-02 -2.155388e+03
9.868170e+00 1.712846e-02 -2.076370e+03
9.868170e+00 1.849533e-02 -1.983175e+03
9.868170e+00 1.997127e-02 -1.878490e+03
9.868170e+00 2.156500e-02 -1.765910e+03
9.868170e+00 2.328591e-02 -1.648909e+03
9.868170e+00 2.514415e-02 -1.532256e+03
9.868170e+00 2.715068e-02 -1.421044e+03
9.868170e+00 2.931733e-02 -1.319095e+03
9.868170e+00 3.165689e-02 -1.229211e+03
9.868170e+00 3.418314e-02 -1.153076e+03
9.868170e+00 3.691099e-02 -1.089515e+03
9.868170e+00 3.985652e-02 -1.034677e+03
9.868170e+00 4.303711e-02 -9.821031e+02
9.868170e+00 4.647152e-02 -9.239543e+02
9.868170e+00 5.017999e-02 -8.535643e+02
9.868170e+00 5.418441e-02 -7.845930e+02
9.868170e+00 5.850838e-02 -7.347173e+02
9.868170e+00 6.317741e-02 -6.808615e+02
9.868170e+00 6.821903e-02 -6.227080e+02
9.868170e+00 7.366298e-02 -5.606095e+02
9.868170e+00 7.954136e-02 -5.006594e+02
9.868170e+00 8.588885e-02 -4.359254e+02
9.868170e+00 9.274286e-02 -3.660254e+02
9.868170e+00 1.001438e-01 -2.905474e+02
9.868170e+00 1.081354e-01 -2.476452e+02
9.868170e+00 1.167647e-01 -2.197349e+02
9.868170e+00 1.260827e-01 -1.895974e+02
9.868170e+00 1.361442e-01 -1.570549e+02
9.868170e+00 1.470087e-01 -1.260888e+02
9.868170e+00 1.587401e-01 -1.104288e+02
9.868170e+00 1.714077e-01 -9.351912e+01
9.868170e+00 1.850862e-01 -7.526005e+01
9.868170e+00 1.998563e-01 -5.554389e+01
9.868170e+00 2.158051e-01 -4.686708e+01
9.868170e+00 2.330265e-01 -4.001716e+01
9.868170e+00 2.516223e-01 -3.262061e+01
9.868170e+00 2.717020e-01 -2.463381e+01
9.868170e+00 2.933841e-01 -1.883384e+01
9.868170e+00 3.167964e-01 -1.616037e+01
9.868170e+00 3.420771e-01 -1.327355e+01
9.868170e+00 3.693752e-01 -1.015637e+01
9.868170e+00 3.988518e-01 -6.969968e+00
9.868170e+00 4.306805e-01 -6.047652e+00
9.868170e+00 4.650493e-01 -5.051734e+00
9.868170e+00 5.021607e-01 -3.976341e+00
9.868170e+00 5.422336e-01 -2.815131e+00
9.868170e+00 5.855044e-01 -2.214090e+00
9.868170e+00 6.322283e-01 -1.869313e+00
9.868170e+00 6.826808e-01 -1.497021e+00
9.868170e+00 7.371594e-01 -1.095021e+00
9.868170e+00 7.959855e-01 -7.656992e-01
9.868170e+00 8.595059e-01 -6.566026e-01
9.868170e+00 9.280954e-01 -5.387999e-01
9.868170e+00 1.002158e+00 -4.115965e-01
9.868170e+00 1.082132e+00 -2.742421e-01
9.868170e+00 1.168487e+00 -2.321861e-01
9.868170e+00 1.261733e+00 -1.958241e-01
9.868170e+00 1.362421e+00 -1.565605e-01
9.868170e+00 1.471144e+00 -1.141635e-01
9.868170e+00 1.588542e+00 -8.711972e-02
9.868170e+00 1.715310e+00 -7.432242e-02
9.868170e+00 1.852193e+00 -6.050387e-02
9.868170e+00 2.000000e+00 -4.558259e-02
1.008553e+01 1.000000e-03 -4.864270e+02
1.008553e+01 1.079801e-03 -5.216822e+02
1.008553e+01 1.165970e-03 -5.591734e+02
1.008553e+01 1.259016e-03 -5.989822e+02
1.008553e+01 1.359487e-03 -6.411822e+02
1.008553e+01 1.467975e-03 -6.858394e+02
1.008553e+01 1.585121e-03 -7.330091e+02
1.008553e+01 1.711615e-03 -7.827347e+02
1.008553e+01 1.848204e-03 -8.350452e+02
1.008553e+01 1.995693e-03 -8.899492e+02
1.008553e+01 2.154951e-03 -9.474309e+02
1.008553e+01 2.326918e-03 -1.007451e+03
1.008553e+01 2.512609e-03 -1.069932e+03
1.008553e+01 2.713117e-03 -1.134754e+03
1.008553e+01 2.929627e-03 -1.201758e+03
1.008553e+01 3.163414e-03 -1.270736e+03
1.008553e+01 3.415858e-03 -1.341421e+03
1.008553e+01 3.688447e-03 -1.413498e+03
1.008553e+01 3.982789e-03 -1.486577e+03
1.008553e+01 4.300619e-03 -1.560193e+03
1.008553e+01 4.643813e-03 -1.633818e+03
1.008553e+01 5.014394e-03 -1.706825e+03
1.008553e+01 5.414548e-03 -1.778493e+03
1.008553e+01 5.846635e-03 -1.848034e+03
1.008553e+01 6.313202e-03 -1.914537e+03
1.008553e+01 6.817002e-03 -1.976982e+03
1.008553e+01 7.361006e-03 -2.034294e+03
1.008553e+01 7.948422e-03 -2.085270e+03
1.008553e+01 8.582714e-03 -2.128609e+03
1.008553e+01 9.267624e-03 -2.163017e+03
1.008553e+01 1.000719e-02 -2.187116e+03
1.008553e+01 1.080577e-02 -2.199506e+03
1.008553e+01 1.166809e-02 -2.198933e+03
1.008553e+01 1.259921e-02 -2.184286e+03
1.008553e+01 1.360464e-02 -2.154678e+03
1.008553e+01 1.469030e-02 -2.109588e+03
1.008553e+01 1.586261e-02 -2.049125e+03
1.008553e+01 1.712846e-02 -1.974004e+03
1.008553e+01 1.849533e-02 -1.885404e+03
1.008553e+01 1.997127e-02 -1.785879e+03
1.008553e+01 2.156500e-02 -1.678850e+03
1.008553e+01 2.328591e-02 -1.567617e+03
1.008553e+01 2.514415e-02 -1.456716e+03
1.008553e+01 2.715068e-02 -1.350987e+03
1.008553e+01 2.931733e-02 -1.254063e+03
1.008553e+01 3.165689e-02 -1.168610e+03
1.008553e+01 3.418314e-02 -1.096229e+03
1.008553e+01 3.691099e-02 -1.035801e+03
1.008553e+01 3.985652e-02 -9.836670e+02
1.008553e+01 4.303711e-02 -9.336854e+02
1.008553e+01 4.647152e-02 -8.784033e+02
1.008553e+01 5.017999e-02 -8.114836e+02
1.008553e+01 5.418441e-02 -7.467943e+02
1.008553e+01 5.850838e-02 -7.018327e+02
1.008553e+01 6.317741e-02 -6.532831e+02
1.008553e+01 6.821903e-02 -6.008592e+02
1.008553e+01 7.366298e-02 -5.447961e+02
1.008553e+01 7.954136e-02 -4.898162e+02
1.008553e+01 8.588885e-02 -4.304489e+02
1.008553e+01 9.274286e-02 -3.663440e+02
1.008553e+01 1.001438e-01 -2.971235e+02
1.008553e+01 1.081354e-01 -2.564003e+02
1.008553e+01 1.167647e-01 -2.286590e+02
1.008553e+01 1.260827e-01 -1.987038e+02
1.008553e+01 1.361442e-01 -1.663582e+02
1.008553e+01 1.470087e-01 -1.354259e+02
1.008553e+01 1.587401e-01 -1.190409e+02
1.008553e+01 1.714077e-01 -1.013485e+02
1.008553e+01 1.850862e-01 -8.224409e+01
1.008553e+01 1.998563e-01 -6.161517e+01
1.008553e+01 2.158051e-01 -5.225464e+01
1.008553e+01 2.330265e-01 -4.472673e+01
1.008553e+01 2.516223e-01 -3.659809e+01
1.008553e+01 2.717020e-01 -2.782078e+01
1.008553e+01 2.933841e-01 -2.141909e+01
1.008553e+01 3.167964e-01 -1.841600e+01
1.008553e+01 3.420771e-01 -1.517325e+01
1.008553e+01 3.693752e-01 -1.167174e+01
1.008553e+01 3.988518e-01 -8.090670e+00
1.008553e+01 4.306805e-01 -7.027387e+00
1.008553e+01 4.650493e-01 -5.879252e+00
1.008553e+01 5.021607e-01 -4.639495e+00
1.008553e+01 5.422336e-01 -3.300804e+00
1.008553e+01 5.855044e-01 -2.603965e+00
1.008553e+01 6.322283e-01 -2.200408e+00
1.008553e+01 6.826808e-01 -1.764647e+00
1.008553e+01 7.371594e-01 -1.294113e+00
1.008553e+01 7.959855e-01 -9.081558e-01
1.008553e+01 8.595059e-01 -7.787737e-01
1.008553e+01 9.280954e-01 -6.390668e-01
1.008553e+01 1.002158e+00 -4.882111e-01
1.008553e+01 1.082132e+00 -3.253170e-01
1.008553e+01 1.168487e+00 -2.752857e-01
1.008553e+01 1.261733e+00 -2.319815e-01
1.008553e+01 1.362421e+00 -1.852216e-01
1.008553e+01 1.471144e+00 -1.347302e-01
1.008553e+01 1.588542e+00 -1.025713e-01
1.008553e+01 1.715310e+00 -8.742484e-02
1.008553e+01 1.852193e+00 -7.106963e-02
1.008553e+01 2.000000e+00 -5.340926e-02
1.030724e+01 1.000000e-03 -4.441704e+02
1.030724e+01 1.079801e-03 -4.763708e+02
1.030724e+01 1.165970e-03 -5.106143e+02
1.030724e+01 1.259016e-03 -5.469753e+02
1.030724e+01 1.359487e-03 -5.855210e+02
1.030724e+01 1.467975e-03 -6.263113e+02
1.030724e+01 1.585121e-03 -6.693966e+02
1.030724e+01 1.711615e-03 -7.148161e+02
1.030724e+01 1.848204e-03 -7.625960e+02
1.030724e+01 1.995693e-03 -8.127440e+02
1.030724e+01 2.154951e-03 -8.652457e+02
1.030724e+01 2.326918e-03 -9.200656e+02
1.030724e+01 2.512609e-03 -9.771329e+02
1.030724e+01 2.713117e-03 -1.036338e+03
1.030724e+01 2.929627e-03 -1.097536e+03
1.030724e+01 3.163414e-03 -1.160536e+03
1.030724e+01 3.415858e-03 -1.225096e+03
1.030724e+01 3.688447e-03 -1.290927e+03
1.030724e+01 3.982789e-03 -1.357673e+03
1.030724e+01 4.300619e-03 -1.424909e+03
1.030724e+01 4.643813e-03 -1.492152e+03
1.030724e+01 5.014394e-03 -1.558831e+03
1.030724e+01 5.414548e-03 -1.624288e+03
1.030724e+01 5.846635e-03 -1.687802e+03
1.030724e+01 6.313202e-03 -1.748541e+03
1.030724e+01 6.817002e-03 -1.805573e+03
1.030724e+01 7.361006e-03 -1.857917e+03
1.030724e+01 7.948422e-03 -1.904475e+03
1.030724e+01 8.582714e-03 -1.944058e+03
1.030724e+01 9.267624e-03 -1.975485e+03
1.030724e+01 1.000719e-02 -1.997495e+03
1.030724e+01 1.080577e-02 -2.008812e+03
1.030724e+01 1.166809e-02 -2.008289e+03
1.030724e+01 1.259921e-02 -1.994913e+03
1.030724e+01 1.360464e-02 -1.967873e+03
1.030724e+01 1.469030e-02 -1.926692e+03
1.030724e+01 1.586261e-02 -1.871472e+03
1.030724e+01 1.712846e-02 -1.802863e+03
1.030724e+01 1.849533e-02 -1.721945e+03
1.030724e+01 1.997127e-02 -1.631049e+03
1.030724e+01 2.156500e-02 -1.533299e+03
1.030724e+01 2.328591e-02 -1.431710e+03
1.030724e+01 2.514415e-02 -1.330423e+03
1.030724e+01 2.715068e-02 -1.233861e+03
1.030724e+01 2.931733e-02 -1.145341e+03
1.030724e+01 3.165689e-02 -1.067296e+03
1.030724e+01 3.418314e-02 -1.001190e+03
1.030724e+01 3.691099e-02 -9.460012e+02
1.030724e+01 3.985652e-02 -8.983866e+02
1.030724e+01 4.303711e-02 -8.527382e+02
1.030724e+01 4.647152e-02 -8.022489e+02
1.030724e+01 5.017999e-02 -7.411309e+02
1.030724e+01 5.418441e-02 -6.827917e+02
1.030724e+01 5.850838e-02 -6.437935e+02
1.030724e+01 6.317741e-02 -6.016831e+02
1.030724e+01 6.821903e-02 -5.562124e+02
1.030724e+01 7.366298e-02 -5.074786e+02
1.030724e+01 7.954136e-02 -4.585886e+02
1.030724e+01 8.588885e-02 -4.057972e+02
1.030724e+01 9.274286e-02 -3.487930e+02
1.030724e+01 1.001438e-01 -2.872398e+02
1.030724e+01 1.081354e-01 -2.502588e+02
1.030724e+01 1.167647e-01 -2.243935e+02
1.030724e+01 1.260827e-01 -1.964641e+02
1.030724e+01 1.361442e-01 -1.663060e+02
1.030724e+01 1.470087e-01 -1.372972e+02
1.030724e+01 1.587401e-01 -1.211214e+02
1.030724e+01 1.714077e-01 -1.036548e+02
1.030724e+01 1.850862e-01 -8.479431e+01
1.030724e+01 1.998563e-01 -6.442873e+01
1.030724e+01 2.158051e-01 -5.492481e+01
1.030724e+01 2.330265e-01 -4.715664e+01
1.030724e+01 2.516223e-01 -3.876857e+01
1.030724e+01 2.717020e-01 -2.971112e+01
1.030724e+01 2.933841e-01 -2.306917e+01
1.030724e+01 3.167964e-01 -1.988575e+01
1.030724e+01 3.420771e-01 -1.644830e+01
1.030724e+01 3.693752e-01 -1.273653e+01
1.030724e+01 3.988518e-01 -8.937809e+00
1.030724e+01 4.306805e-01 -7.770984e+00
1.030724e+01 4.650493e-01 -6.511046e+00
1.030724e+01 5.021607e-01 -5.150563e+00
1.030724e+01 5.422336e-01 -3.681513e+00
1.030724e+01 5.855044e-01 -2.913138e+00
1.030724e+01 6.322283e-01 -2.464598e+00
1.030724e+01 6.826808e-01 -1.980265e+00
1.030724e+01 7.371594e-01 -1.457280e+00
1.030724e+01 7.959855e-01 -1.027525e+00
1.030724e+01 8.595059e-01 -8.810547e-01
1.030724e+01 9.280954e-01 -7.228956e-01
1.030724e+01 1.002158e+00 -5.521152e-01
1.030724e+01 1.082132e+00 -3.677063e-01
1.030724e+01 1.168487e+00 -3.109953e-01
1.030724e+01 1.261733e+00 -2.618882e-01
1.030724e+01 1.362421e+00 -2.088622e-01
1.030724e+01 1.471144e+00 -1.516048e-01
1.030724e+01 1.588542e+00 -1.151686e-01
1.030724e+01 1.715310e+00 -9.805516e-02
1.030724e+01 1.852193e+00 -7.957608e-02
1.030724e+01 2.000000e+00 -5.962235e-02
1.053339e+01 1.000000e-03 -4.001285e+02
1.053339e+01 1.079801e-03 -4.291433e+02
1.053339e+01 1.165970e-03 -4.599997e+02
1.053339e+01 1.259016e-03 -4.927650e+02
1.053339e+01 1.359487e-03 -5.274995e+02
1.053339e+01 1.467975e-03 -5.642569e+02
1.053339e+01 1.585121e-03 -6.030823e+02
1.053339e+01 1.711615e-03 -6.440109e+02
1.053339e+01 1.848204e-03 -6.870660e+02
1.053339e+01 1.995693e-03 -7.322542e+02
1.053339e+01 2.154951e-03 -7.795627e+02
1.053339e+01 2.326918e-03 -8.289596e+02
1.053339e+01 2.512609e-03 -8.803813e+02
1.053339e+01 2.713117e-03 -9.337288e+02
1.053339e+01 2.929627e-03 -9.888725e+02
1.053339e+01 3.163414e-03 -1.045640e+03
1.053339e+01 3.415858e-03 -1.103812e+03
1.053339e+01 3.688447e-03 -1.163130e+03
1.053339e+01 3.982789e-03 -1.223272e+03
1.053339e+01 4.300619e-03 -1.283855e+03
1.053339e+01 4.643813e-03 -1.344444e+03
1.053339e+01 5.014394e-03 -1.404526e+03
1.053339e+01 5.414548e-03 -1.463505e+03
1.053339e+01 5.846635e-03 -1.520734e+03
1.053339e+01 6.313202e-03 -1.575463e+03
1.053339e+01 6.817002e-03 -1.626851e+03
1.053339e+01 7.361006e-03 -1.674016e+03
1.053339e+01 7.948422e-03 -1.715966e+03
1.053339e+01 8.582714e-03 -1.751633e+03
1.053339e+01 9.267624e-03 -1.779950e+03
1.053339e+01 1.000719e-02 -1.799783e+03
1.053339e+01 1.080577e-02 -1.809981e+03
1.053339e+01 1.166809e-02 -1.809511e+03
1.053339e+01 1.259921e-02 -1.797459e+03
1.053339e+01 1.360464e-02 -1.773096e+03
1.053339e+01 1.469030e-02 -1.735991e+03
1.053339e+01 1.586261e-02 -1.686237e+03
1.053339e+01 1.712846e-02 -1.624420e+03
1.053339e+01 1.849533e-02 -1.551511e+03
1.053339e+01 1.997127e-02 -1.469612e+03
1.053339e+01 2.156500e-02 -1.381537e+03
1.053339e+01 2.328591e-02 -1.290003e+03
1.053339e+01 2.514415e-02 -1.198742e+03
1.053339e+01 2.715068e-02 -1.111736e+03
1.053339e+01 2.931733e-02 -1.031978e+03
1.053339e+01 3.165689e-02 -9.616580e+02
1.053339e+01 3.418314e-02 -9.020952e+02
1.053339e+01 3.691099e-02 -8.523686e+02
1.053339e+01 3.985652e-02 -8.094667e+02
1.053339e+01 4.303711e-02 -7.683365e+02
1.053339e+01 4.647152e-02 -7.228445e+02
1.053339e+01 5.017999e-02 -6.677758e+02
1.053339e+01 5.418441e-02 -6.157451e+02
1.053339e+01 5.850838e-02 -5.820944e+02
1.053339e+01 6.317741e-02 -5.457584e+02
1.053339e+01 6.821903e-02 -5.065227e+02
1.053339e+01 7.366298e-02 -4.643586e+02
1.053339e+01 7.954136e-02 -4.208988e+02
1.053339e+01 8.588885e-02 -3.739708e+02
1.053339e+01 9.274286e-02 -3.232979e+02
1.053339e+01 1.001438e-01 -2.685813e+02
1.053339e+01 1.081354e-01 -2.355315e+02
1.053339e+01 1.167647e-01 -2.122648e+02
1.053339e+01 1.260827e-01 -1.871414e+02
1.053339e+01 1.361442e-01 -1.600131e+02
1.053339e+01 1.470087e-01 -1.337711e+02
1.053339e+01 1.587401e-01 -1.184321e+02
1.053339e+01 1.714077e-01 -1.018691e+02
1.053339e+01 1.850862e-01 -8.398427e+01
1.053339e+01 1.998563e-01 -6.467223e+01
1.053339e+01 2.158051e-01 -5.542179e+01
1.053339e+01 2.330265e-01 -4.775073e+01
1.053339e+01 2.516223e-01 -3.946751e+01
1.053339e+01 2.717020e-01 -3.052329e+01
1.053339e+01 2.933841e-01 -2.391824e+01
1.053339e+01 3.167964e-01 -2.066618e+01
1.053339e+01 3.420771e-01 -1.715460e+01
1.053339e+01 3.693752e-01 -1.336279e+01
1.053339e+01 3.988518e-01 -9.479755e+00
1.053339e+01 4.306805e-01 -8.251479e+00
1.053339e+01 4.650493e-01 -6.925185e+00
1.053339e+01 5.021607e-01 -5.493052e+00
1.053339e+01 5.422336e-01 -3.946633e+00
1.053339e+01 5.855044e-01 -3.133200e+00
1.053339e+01 6.322283e-01 -2.653940e+00
1.053339e+01 6.826808e-01 -2.136435e+00
1.053339e+01 7.371594e-01 -1.577632e+00
1.053339e+01 7.959855e-01 -1.117728e+00
1.053339e+01 8.595059e-01 -9.587717e-01
1.053339e+01 9.280954e-01 -7.871302e-01
1.053339e+01 1.002158e+00 -6.017915e-01
1.053339e+01 1.082132e+00 -4.016626e-01
1.053339e+01 1.168487e+00 -3.396833e-01
1.053339e+01 1.261733e+00 -2.858843e-01
1.053339e+01 1.362421e+00 -2.277921e-01
1.053339e+01 1.471144e+00 -1.650641e-01
1.053339e+01 1.588542e+00 -1.251538e-01
1.053339e+01 1.715310e+00 -1.064193e-01
1.053339e+01 1.852193e+00 -8.618974e-02
1.053339e+01 2.000000e+00 -6.434586e-02
1.076406e+01 1.000000e-03 -3.578788e+02
1.076406e+01 1.079801e-03 -3.838364e+02
1.076406e+01 1.165970e-03 -4.114423e+02
1.076406e+01 1.259016e-03 -4.407567e+02
1.076406e+01 1.359487e-03 -4.718333e+02
1.076406e+01 1.467975e-03 -5.047202e+02
1.076406e+01 1.585121e-03 -5.394574e+02
1.076406e+01 1.711615e-03 -5.760761e+02
1.076406e+01 1.848204e-03 -6.145968e+02
1.076406e+01 1.995693e-03 -6.550253e+02
1.076406e+01 2.154951e-03 -6.973502e+02
1.076406e+01 2.326918e-03 -7.415430e+02
1.076406e+01 2.512609e-03 -7.875469e+02
1.076406e+01 2.713117e-03 -8.352736e+02
1.076406e+01 2.929627e-03 -8.846072e+02
1.076406e+01 3.163414e-03 -9.353934e+02
1.076406e+01 3.415858e-03 -9.874366e+02
1.076406e+01 3.688447e-03 -1.040504e+03
1.076406e+01 3.982789e-03 -1.094308e+03
1.076406e+01 4.300619e-03 -1.148507e+03
1.076406e+01 4.643813e-03 -1.202712e+03
1.076406e+01 5.014394e-03 -1.256462e+03
1.076406e+01 5.414548e-03 -1.309226e+03
1.076406e+01 5.846635e-03 -1.360424e+03
1.076406e+01 6.313202e-03 -1.409385e+03
1.076406e+01 6.817002e-03 -1.455358e+03
1.076406e+01 7.361006e-03 -1.497552e+03
1.076406e+01 7.948422e-03 -1.535081e+03
1.076406e+01 8.582714e-03 -1.566989e+03
1.076406e+01 9.267624e-03 -1.592323e+03
1.076406e+01 1.000719e-02 -1.610067e+03
1.076406e+01 1.080577e-02 -1.619191e+03
1.076406e+01 1.166809e-02 -1.618771e+03
1.076406e+01 1.259921e-02 -1.607990e+03
1.076406e+01 1.360464e-02 -1.586194e+03
1.076406e+01 1.469030e-02 -1.553001e+03
1.076406e+01 1.586261e-02 -1.508492e+03
1.076406e+01 1.712846e-02 -1.453191e+03
1.076406e+01 1.849533e-02 -1.387968e+03
1.076406e+01 1.997127e-02 -1.314702e+03
1.076406e+01 2.156500e-02 -1.235911e+03
1.076406e+01 2.328591e-02 -1.154026e+03
1.076406e+01 2.514415e-02 -1.072384e+03
1.076406e+01 2.715068e-02 -9.945503e+02
1.076406e+01 2.931733e-02 -9.231990e+02
1.076406e+01 3.165689e-02 -8.602914e+02
1.076406e+01 3.418314e-02 -8.070070e+02
1.076406e+01 3.691099e-02 -7.625220e+02
1.076406e+01 3.985652e-02 -7.241423e+02
1.076406e+01 4.303711e-02 -6.873476e+02
1.076406e+01 4.647152e-02 -6.466508e+02
1.076406e+01 5.017999e-02 -5.973868e+02
1.076406e+01 5.418441e-02 -5.509867e+02
1.076406e+01 5.850838e-02 -5.212898e+02
1.076406e+01 6.317741e-02 -4.892232e+02
1.076406e+01 6.821903e-02 -4.545975e+02
1.076406e+01 7.366298e-02 -4.174181e+02
1.076406e+01 7.954136e-02 -3.794090e+02
1.076406e+01 8.588885e-02 -3.383667e+02
1.076406e+01 9.274286e-02 -2.940492e+02
1.076406e+01 1.001438e-01 -2.461952e+02
1.076406e+01 1.081354e-01 -2.170063e+02
1.076406e+01 1.167647e-01 -1.962152e+02
1.076406e+01 1.260827e-01 -1.737649e+02
1.076406e+01 1.361442e-01 -1.495231e+02
1.076406e+01 1.470087e-01 -1.260092e+02
1.076406e+01 1.587401e-01 -1.119606e+02
1.076406e+01 1.714077e-01 -9.679084e+01
1.076406e+01 1.850862e-01 -8.041053e+01
1.076406e+01 1.998563e-01 -6.272306e+01
1.076406e+01 2.158051e-01 -5.403294e+01
1.076406e+01 2.330265e-01 -4.672845e+01
1.076406e+01 2.516223e-01 -3.884104e+01
1.076406e+01 2.717020e-01 -3.032422e+01
1.076406e+01 2.933841e-01 -2.398636e+01
1.076406e+01 3.167964e-01 -2.077585e+01
1.076406e+01 3.420771e-01 -1.730913e+01
1.076406e+01 3.693752e-01 -1.356577e+01
1.076406e+01 3.988518e-01 -9.729992e+00
1.076406e+01 4.306805e-01 -8.481950e+00
1.076406e+01 4.650493e-01 -7.134314e+00
1.076406e+01 5.021607e-01 -5.679134e+00
1.076406e+01 5.422336e-01 -4.107830e+00
1.076406e+01 5.855044e-01 -3.274552e+00
1.076406e+01 6.322283e-01 -2.777139e+00
1.076406e+01 6.826808e-01 -2.240031e+00
1.076406e+01 7.371594e-01 -1.660062e+00
1.076406e+01 7.959855e-01 -1.182000e+00
1.076406e+01 8.595059e-01 -1.014488e+00
1.076406e+01 9.280954e-01 -8.336091e-01
1.076406e+01 1.002158e+00 -6.382957e-01
1.076406e+01 1.082132e+00 -4.273960e-01
1.076406e+01 1.168487e+00 -3.614684e-01
1.076406e+01 1.261733e+00 -3.040604e-01
1.076406e+01 1.362421e+00 -2.420711e-01
1.076406e+01 1.471144e+00 -1.751350e-01
1.076406e+01 1.588542e+00 -1.325641e-01
1.076406e+01 1.715310e+00 -1.126054e-01
1.076406e+01 1.852193e+00 -9.105405e-02
1.076406e+01 2.000000e+00 -6.778284e-02
1.099934e+01 1.000000e-03 -3.188250e+02
1.099934e+01 1.079801e-03 -3.419558e+02
1.099934e+01 1.165970e-03 -3.665561e+02
1.099934e+01 1.259016e-03 -3.926795e+02
1.099934e+01 1.359487e-03 -4.203739e+02
1.099934e+01 1.467975e-03 -4.496817e+02
1.099934e+01 1.585121e-03 -4.806386e+02
1.099934e+01 1.711615e-03 -5.132720e+02
1.099934e+01 1.848204e-03 -5.476000e+02
1.099934e+01 1.995693e-03 -5.836275e+02
1.099934e+01 2.154951e-03 -6.213446e+02
1.099934e+01 2.326918e-03 -6.607256e+02
1.099934e+01 2.512609e-03 -7.017203e+02
1.099934e+01 2.713117e-03 -7.442499e+02
1.099934e+01 2.929627e-03 -7.882115e+02
1.099934e+01 3.163414e-03 -8.334675e+02
1.099934e+01 3.415858e-03 -8.798435e+02
1.099934e+01 3.688447e-03 -9.271317e+02
1.099934e+01 3.982789e-03 -9.750765e+02
1.099934e+01 4.300619e-03 -1.023373e+03
1.099934e+01 4.643813e-03 -1.071674e+03
1.099934e+01 5.014394e-03 -1.119570e+03
1.099934e+01 5.414548e-03 -1.166587e+03
1.099934e+01 5.846635e-03 -1.212209e+03
1.099934e+01 6.313202e-03 -1.255838e+03
1.099934e+01 6.817002e-03 -1.296804e+03
1.099934e+01 7.361006e-03 -1.334402e+03
1.099934e+01 7.948422e-03 -1.367844e+03
1.099934e+01 8.582714e-03 -1.396277e+03
1.099934e+01 9.267624e-03 -1.418852e+03
1.099934e+01 1.000719e-02 -1.434664e+03
1.099934e+01 1.080577e-02 -1.442795e+03
1.099934e+01 1.166809e-02 -1.442422e+03
1.099934e+01 1.259921e-02 -1.432815e+03
1.099934e+01 1.360464e-02 -1.413394e+03
1.099934e+01 1.469030e-02 -1.383817e+03
1.099934e+01 1.586261e-02 -1.344157e+03
1.099934e+01 1.712846e-02 -1.294882e+03
1.099934e+01 1.849533e-02 -1.236764e+03
1.099934e+01 1.997127e-02 -1.171480e+03
1.099934e+01 2.156500e-02 -1.101272e+03
1.099934e+01 2.328591e-02 -1.028307e+03
1.099934e+01 2.514415e-02 -9.555600e+02
1.099934e+01 2.715068e-02 -8.862052e+02
1.099934e+01 2.931733e-02 -8.226269e+02
1.099934e+01 3.165689e-02 -7.665724e+02
1.099934e+01 3.418314e-02 -7.190927e+02
1.099934e+01 3.691099e-02 -6.794539e+02
1.099934e+01 3.985652e-02 -6.452552e+02
1.099934e+01 4.303711e-02 -6.124689e+02
1.099934e+01 4.647152e-02 -5.762055e+02
1.099934e+01 5.017999e-02 -5.323083e+02
1.099934e+01 5.418441e-02 -4.909613e+02
1.099934e+01 5.850838e-02 -4.644950e+02
1.099934e+01 6.317741e-02 -4.359166e+02
1.099934e+01 6.821903e-02 -4.050577e+02
1.099934e+01 7.366298e-02 -3.719595e+02
1.099934e+01 7.954136e-02 -3.385009e+02
1.099934e+01 8.588885e-02 -3.023722e+02
1.099934e+01 9.274286e-02 -2.633604e+02
1.099934e+01 1.001438e-01 -2.212354e+02
1.099934e+01 1.081354e-01 -1.955846e+02
1.099934e+01 1.167647e-01 -1.773503e+02
1.099934e+01 1.260827e-01 -1.576610e+02
1.099934e+01 1.361442e-01 -1.364005e+02
1.099934e+01 1.470087e-01 -1.157373e+02
1.099934e+01 1.587401e-01 -1.031969e+02
1.099934e+01 1.714077e-01 -8.965578e+01
1.099934e+01 1.850862e-01 -7.503407e+01
1.099934e+01 1.998563e-01 -5.924552e+01
1.099934e+01 2.158051e-01 -5.130404e+01
1.099934e+01 2.330265e-01 -4.454789e+01
1.099934e+01 2.516223e-01 -3.725259e+01
1.099934e+01 2.717020e-01 -2.937511e+01
1.099934e+01 2.933841e-01 -2.346242e+01
1.099934e+01 3.167964e-01 -2.037393e+01
1.099934e+01 3.420771e-01 -1.703898e+01
1.099934e+01 3.693752e-01 -1.343789e+01
1.099934e+01 3.988518e-01 -9.745501e+00
1.099934e+01 4.306805e-01 -8.508566e+00
1.099934e+01 4.650493e-01 -7.172923e+00
1.099934e+01 5.021607e-01 -5.730693e+00
1.099934e+01 5.422336e-01 -4.173373e+00
1.099934e+01 5.855044e-01 -3.340944e+00
1.099934e+01 6.322283e-01 -2.837805e+00
1.099934e+01 6.826808e-01 -2.294516e+00
1.099934e+01 7.371594e-01 -1.707871e+00
1.099934e+01 7.959855e-01 -1.223345e+00
1.099934e+01 8.595059e-01 -1.050605e+00
1.099934e+01 9.280954e-01 -8.640797e-01
1.099934e+01 1.002158e+00 -6.626696e-01
1.099934e+01 1.082132e+00 -4.451868e-01
1.099934e+01 1.168487e+00 -3.766061e-01
1.099934e+01 1.261733e+00 -3.167127e-01
1.099934e+01 1.362421e+00 -2.520397e-01
1.099934e+01 1.471144e+00 -1.822058e-01
1.099934e+01 1.588542e+00 -1.377974e-01
1.099934e+01 1.715310e+00 -1.169854e-01
1.099934e+01 1.852193e+00 -9.451258e-02
1.099934e+01 2.000000e+00 -7.024641e-02
1.123932e+01 1.000000e-03 -2.827695e+02
1.123932e+01 1.079801e-03 -3.032897e+02
1.123932e+01 1.165970e-03 -3.251143e+02
1.123932e+01 1.259016e-03 -3.482907e+02
1.123932e+01 1.359487e-03 -3.728612e+02
1.123932e+01 1.467975e-03 -3.988635e+02
1.123932e+01 1.585121e-03 -4.263290e+02
1.123932e+01 1.711615e-03 -4.552819e+02
1.123932e+01 1.848204e-03 -4.857378e+02
1.123932e+01 1.995693e-03 -5.177010e+02
1.123932e+01 2.154951e-03 -5.511626e+02
1.123932e+01 2.326918e-03 -5.861001e+02
1.123932e+01 2.512609e-03 -6.224687e+02
1.123932e+01 2.713117e-03 -6.601989e+02
1.123932e+01 2.929627e-03 -6.991995e+02
1.123932e+01 3.163414e-03 -7.393485e+02
1.123932e+01 3.415858e-03 -7.804910e+02
1.123932e+01 3.688447e-03 -8.224424e+02
1.123932e+01 3.982789e-03 -8.649761e+02
1.123932e+01 4.300619e-03 -9.078212e+02
1.123932e+01 4.643813e-03 -9.506707e+02
1.123932e+01 5.014394e-03 -9.931609e+02
1.123932e+01 5.414548e-03 -1.034872e+03
1.123932e+01 5.846635e-03 -1.075344e+03
1.123932e+01 6.313202e-03 -1.114049e+03
1.123932e+01 6.817002e-03 -1.150391e+03
1.123932e+01 7.361006e-03 -1.183745e+03
1.123932e+01 7.948422e-03 -1.213412e+03
1.123932e+01 8.582714e-03 -1.238636e+03
1.123932e+01 9.267624e-03 -1.258663e+03
1.123932e+01 1.000719e-02 -1.272691e+03
1.123932e+01 1.080577e-02 -1.279905e+03
1.123932e+01 1.166809e-02 -1.279574e+03
1.123932e+01 1.259921e-02 -1.271053e+03
1.123932e+01 1.360464e-02 -1.253825e+03
1.123932e+01 1.469030e-02 -1.227588e+03
1.123932e+01 1.586261e-02 -1.192405e+03
1.123932e+01 1.712846e-02 -1.148693e+03
1.123932e+01 1.849533e-02 -1.097137e+03
1.123932e+01 1.997127e-02 -1.039223e+03
1.123932e+01 2.156500e-02 -9.769422e+02
1.123932e+01 2.328591e-02 -9.122149e+02
1.123932e+01 2.514415e-02 -8.476805e+02
1.123932e+01 2.715068e-02 -7.861557e+02
1.123932e+01 2.931733e-02 -7.297552e+02
1.123932e+01 3.165689e-02 -6.800291e+02
1.123932e+01 3.418314e-02 -6.379097e+02
1.123932e+01 3.691099e-02 -6.027459e+02
1.123932e+01 3.985652e-02 -5.724082e+02
1.123932e+01 4.303711e-02 -5.433233e+02
1.123932e+01 4.647152e-02 -5.111539e+02
1.123932e+01 5.017999e-02 -4.722125e+02
1.123932e+01 5.418441e-02 -4.355715e+02
1.123932e+01 5.850838e-02 -4.121990e+02
1.123932e+01 6.317741e-02 -3.869613e+02
1.123932e+01 6.821903e-02 -3.597097e+02
1.123932e+01 7.366298e-02 -3.304678e+02
1.123932e+01 7.954136e-02 -3.007759e+02
1.123932e+01 8.588885e-02 -2.687146e+02
1.123932e+01 9.274286e-02 -2.340947e+02
1.123932e+01 1.001438e-01 -1.967122e+02
1.123932e+01 1.081354e-01 -1.741672e+02
1.123932e+01 1.167647e-01 -1.583254e+02
1.123932e+01 1.260827e-01 -1.412193e+02
1.123932e+01 1.361442e-01 -1.227482e+02
1.123932e+01 1.470087e-01 -1.047654e+02
1.123932e+01 1.587401e-01 -9.370638e+01
1.123932e+01 1.714077e-01 -8.176484e+01
1.123932e+01 1.850862e-01 -6.887034e+01
1.123932e+01 1.998563e-01 -5.494686e+01
1.123932e+01 2.158051e-01 -4.780586e+01
1.123932e+01 2.330265e-01 -4.167170e+01
1.123932e+01 2.516223e-01 -3.504803e+01
1.123932e+01 2.717020e-01 -2.789578e+01
1.123932e+01 2.933841e-01 -2.248232e+01
1.123932e+01 3.167964e-01 -1.957212e+01
1.123932e+01 3.420771e-01 -1.642969e+01
1.123932e+01 3.693752e-01 -1.303649e+01
1.123932e+01 3.988518e-01 -9.554996e+00
1.123932e+01 4.306805e-01 -8.355288e+00
1.123932e+01 4.650493e-01 -7.059843e+00
1.123932e+01 5.021607e-01 -5.661019e+00
1.123932e+01 5.422336e-01 -4.150569e+00
1.123932e+01 5.855044e-01 -3.336512e+00
1.123932e+01 6.322283e-01 -2.838190e+00
1.123932e+01 6.826808e-01 -2.300100e+00
1.123932e+01 7.371594e-01 -1.719071e+00
1.123932e+01 7.959855e-01 -1.238349e+00
1.123932e+01 8.595059e-01 -1.064401e+00
1.123932e+01 9.280954e-01 -8.765707e-01
1.123932e+01 1.002158e+00 -6.737518e-01
1.123932e+01 1.082132e+00 -4.547478e-01
1.123932e+01 1.168487e+00 -3.849346e-01
1.123932e+01 1.261733e+00 -3.237452e-01
1.123932e+01 1.362421e+00 -2.576730e-01
1.123932e+01 1.471144e+00 -1.863280e-01
1.123932e+01 1.588542e+00 -1.409395e-01
1.123932e+01 1.715310e+00 -1.196397e-01
1.123932e+01 1.852193e+00 -9.664008e-02
1.123932e+01 2.000000e+00 -7.180508e-02
1.148411e+01 1.000000e-03 -2.499718e+02
1.148411e+01 1.079801e-03 -2.681167e+02
1.148411e+01 1.165970e-03 -2.874155e+02
1.148411e+01 1.259016e-03 -3.079102e+02
1.148411e+01 1.359487e-03 -3.296381e+02
1.148411e+01 1.467975e-03 -3.526325e+02
1.148411e+01 1.585121e-03 -3.769210e+02
1.148411e+01 1.711615e-03 -4.025247e+02
1.148411e+01 1.848204e-03 -4.294573e+02
1.148411e+01 1.995693e-03 -4.577223e+02
1.148411e+01 2.154951e-03 -4.873119e+02
1.148411e+01 2.326918e-03 -5.182062e+02
1.148411e+01 2.512609e-03 -5.503656e+02
1.148411e+01 2.713117e-03 -5.837289e+02
1.148411e+01 2.929627e-03 -6.182155e+02
1.148411e+01 3.163414e-03 -6.537177e+02
1.148411e+01 3.415858e-03 -6.900983e+02
1.148411e+01 3.688447e-03 -7.271939e+02
1.148411e+01 3.982789e-03 -7.648041e+02
1.148411e+01 4.300619e-03 -8.026896e+02
1.148411e+01 4.643813e-03 -8.405789e+02
1.148411e+01 5.014394e-03 -8.781504e+02
1.148411e+01 5.414548e-03 -9.150328e+02
1.148411e+01 5.846635e-03 -9.508202e+02
1.148411e+01 6.313202e-03 -9.850440e+02
1.148411e+01 6.817002e-03 -1.017179e+03
1.148411e+01 7.361006e-03 -1.046672e+03
1.148411e+01 7.948422e-03 -1.072905e+03
1.148411e+01 8.582714e-03 -1.095209e+03
1.148411e+01 9.267624e-03 -1.112917e+03
1.148411e+01 1.000719e-02 -1.125321e+03
1.148411e+01 1.080577e-02 -1.131700e+03
1.148411e+01 1.166809e-02 -1.131409e+03
1.148411e+01 1.259921e-02 -1.123875e+03
1.148411e+01 1.360464e-02 -1.108642e+03
1.148411e+01 1.469030e-02 -1.085444e+03
1.148411e+01 1.586261e-02 -1.054336e+03
1.148411e+01 1.712846e-02 -1.015685e+03
1.148411e+01 1.849533e-02 -9.700985e+02
1.148411e+01 1.997127e-02 -9.188909e+02
1.148411e+01 2.156500e-02 -8.638216e+02
1.148411e+01 2.328591e-02 -8.065893e+02
1.148411e+01 2.514415e-02 -7.495274e+02
1.148411e+01 2.715068e-02 -6.951266e+02
1.148411e+01 2.931733e-02 -6.452567e+02
1.148411e+01 3.165689e-02 -6.012885e+02
1.148411e+01 3.418314e-02 -5.640461e+02
1.148411e+01 3.691099e-02 -5.329539e+02
1.148411e+01 3.985652e-02 -5.061290e+02
1.148411e+01 4.303711e-02 -4.804118e+02
1.148411e+01 4.647152e-02 -4.519674e+02
1.148411e+01 5.017999e-02 -4.175350e+02
1.148411e+01 5.418441e-02 -3.851284e+02
1.148411e+01 5.850838e-02 -3.644390e+02
1.148411e+01 6.317741e-02 -3.420986e+02
1.148411e+01 6.821903e-02 -3.179754e+02
1.148411e+01 7.366298e-02 -2.920932e+02
1.148411e+01 7.954136e-02 -2.658409e+02
1.148411e+01 8.588885e-02 -2.374936e+02
1.148411e+01 9.274286e-02 -2.068841e+02
1.148411e+01 1.001438e-01 -1.738319e+02
1.148411e+01 1.081354e-01 -1.540675e+02
1.148411e+01 1.167647e-01 -1.403238e+02
1.148411e+01 1.260827e-01 -1.254834e+02
1.148411e+01 1.361442e-01 -1.094587e+02
1.148411e+01 1.470087e-01 -9.384133e+01
1.148411e+01 1.587401e-01 -8.416017e+01
1.148411e+01 1.714077e-01 -7.370644e+01
1.148411e+01 1.850862e-01 -6.241849e+01
1.148411e+01 1.998563e-01 -5.022975e+01
1.148411e+01 2.158051e-01 -4.387769e+01
1.148411e+01 2.330265e-01 -3.837887e+01
1.148411e+01 2.516223e-01 -3.244122e+01
1.148411e+01 2.717020e-01 -2.602975e+01
1.148411e+01 2.933841e-01 -2.114253e+01
1.148411e+01 3.167964e-01 -1.845279e+01
1.148411e+01 3.420771e-01 -1.554840e+01
1.148411e+01 3.693752e-01 -1.241224e+01
1.148411e+01 3.988518e-01 -9.192294e+00
1.148411e+01 4.306805e-01 -8.050595e+00
1.148411e+01 4.650493e-01 -6.817787e+00
1.148411e+01 5.021607e-01 -5.486599e+00
1.148411e+01 5.422336e-01 -4.049181e+00
1.148411e+01 5.855044e-01 -3.268454e+00
1.148411e+01 6.322283e-01 -2.784900e+00
1.148411e+01 6.826808e-01 -2.262759e+00
1.148411e+01 7.371594e-01 -1.698950e+00
1.148411e+01 7.959855e-01 -1.231590e+00
1.148411e+01 8.595059e-01 -1.059753e+00
1.148411e+01 9.280954e-01 -8.742038e-01
1.148411e+01 1.002158e+00 -6.738476e-01
1.148411e+01 1.082132e+00 -4.575027e-01
1.148411e+01 1.168487e+00 -3.876278e-01
1.148411e+01 1.261733e+00 -3.261221e-01
1.148411e+01 1.362421e+00 -2.597082e-01
1.148411e+01 1.471144e+00 -1.879945e-01
1.148411e+01 1.588542e+00 -1.422976e-01
1.148411e+01 1.715310e+00 -1.207435e-01
1.148411e+01 1.852193e+00 -9.746931e-02
1.148411e+01 2.000000e+00 -7.233784e-02
1.173379e+01 1.000000e-03 -2.200533e+02
1.173379e+01 1.079801e-03 -2.360307e+02
1.173379e+01 1.165970e-03 -2.530247e+02
1.173379e+01 1.259016e-03 -2.710723e+02
1.173379e+01 1.359487e-03 -2.902063e+02
1.173379e+01 1.467975e-03 -3.104558e+02
1.173379e+01 1.585121e-03 -3.318451e+02
1.173379e+01 1.711615e-03 -3.543925e+02
1.173379e+01 1.848204e-03 -3.781099e+02
1.173379e+01 1.995693e-03 -4.030004e+02
1.173379e+01 2.154951e-03 -4.290568e+02
1.173379e+01 2.326918e-03 -4.562617e+02
1.173379e+01 2.512609e-03 -4.845804e+02
1.173379e+01 2.713117e-03 -5.139589e+02
1.173379e+01 2.929627e-03 -5.443266e+02
1.173379e+01 3.163414e-03 -5.755887e+02
1.173379e+01 3.415858e-03 -6.076241e+02
1.173379e+01 3.688447e-03 -6.402891e+02
1.173379e+01 3.982789e-03 -6.734068e+02
1.173379e+01 4.300619e-03 -7.067668e+02
1.173379e+01 4.643813e-03 -7.401301e+02
1.173379e+01 5.014394e-03 -7.732136e+02
1.173379e+01 5.414548e-03 -8.056903e+02
1.173379e+01 5.846635e-03 -8.372026e+02
1.173379e+01 6.313202e-03 -8.673382e+02
1.173379e+01 6.817002e-03 -8.956341e+02
1.173379e+01 7.361006e-03 -9.216042e+02
1.173379e+01 7.948422e-03 -9.447037e+02
1.173379e+01 8.582714e-03 -9.643431e+02
1.173379e+01 9.267624e-03 -9.799359e+02
1.173379e+01 1.000719e-02 -9.908577e+02
1.173379e+01 1.080577e-02 -9.964744e+02
1.173379e+01 1.166809e-02 -9.962182e+02
1.173379e+01 1.259921e-02 -9.895857e+02
1.173379e+01 1.360464e-02 -9.761745e+02
1.173379e+01 1.469030e-02 -9.557485e+02
1.173379e+01 1.586261e-02 -9.283577e+02
1.173379e+01 1.712846e-02 -8.943252e+02
1.173379e+01 1.849533e-02 -8.541859e+02
1.173379e+01 1.997127e-02 -8.090970e+02
1.173379e+01 2.156500e-02 -7.606079e+02
1.173379e+01 2.328591e-02 -7.102140e+02
1.173379e+01 2.514415e-02 -6.599702e+02
1.173379e+01 2.715068e-02 -6.120696e+02
1.173379e+01 2.931733e-02 -5.681584e+02
1.173379e+01 3.165689e-02 -5.294437e+02
1.173379e+01 3.418314e-02 -4.966513e+02
1.173379e+01 3.691099e-02 -4.692741e+02
1.173379e+01 3.985652e-02 -4.456544e+02
1.173379e+01 4.303711e-02 -4.230100e+02
1.173379e+01 4.647152e-02 -3.979642e+02
1.173379e+01 5.017999e-02 -3.676460e+02
1.173379e+01 5.418441e-02 -3.391091e+02
1.173379e+01 5.850838e-02 -3.208853e+02
1.173379e+01 6.317741e-02 -3.012071e+02
1.173379e+01 6.821903e-02 -2.799587e+02
1.173379e+01 7.366298e-02 -2.571626e+02
1.173379e+01 7.954136e-02 -2.340581e+02
1.173379e+01 8.588885e-02 -2.091100e+02
1.173379e+01 9.274286e-02 -1.821709e+02
1.173379e+01 1.001438e-01 -1.530820e+02
1.173379e+01 1.081354e-01 -1.357714e+02
1.173379e+01 1.167647e-01 -1.238063e+02
1.173379e+01 1.260827e-01 -1.108864e+02
1.173379e+01 1.361442e-01 -9.693540e+01
1.173379e+01 1.470087e-01 -8.333705e+01
1.173379e+01 1.587401e-01 -7.489811e+01
1.173379e+01 1.714077e-01 -6.578573e+01
1.173379e+01 1.850862e-01 -5.594618e+01
1.173379e+01 1.998563e-01 -4.532142e+01
1.173379e+01 2.158051e-01 -3.972375e+01
1.173379e+01 2.330265e-01 -3.485287e+01
1.173379e+01 2.516223e-01 -2.959329e+01
1.173379e+01 2.717020e-01 -2.391398e+01
1.173379e+01 2.933841e-01 -1.955787e+01
1.173379e+01 3.167964e-01 -1.711184e+01
1.173379e+01 3.420771e-01 -1.447060e+01
1.173379e+01 3.693752e-01 -1.161860e+01
1.173379e+01 3.988518e-01 -8.688600e+00
1.173379e+01 4.306805e-01 -7.623253e+00
1.173379e+01 4.650493e-01 -6.472890e+00
1.173379e+01 5.021607e-01 -5.230726e+00
1.173379e+01 5.422336e-01 -3.889437e+00
1.173379e+01 5.855044e-01 -3.153989e+00
1.173379e+01 6.322283e-01 -2.692056e+00
1.173379e+01 6.826808e-01 -2.193262e+00
1.173379e+01 7.371594e-01 -1.654663e+00
1.173379e+01 7.959855e-01 -1.207279e+00
1.173379e+01 8.595059e-01 -1.039969e+00
1.173379e+01 9.280954e-01 -8.593066e-01
1.173379e+01 1.002158e+00 -6.642273e-01
1.173379e+01 1.082132e+00 -4.535806e-01
1.173379e+01 1.168487e+00 -3.847129e-01
1.173379e+01 1.261733e+00 -3.238566e-01
1.173379e+01 1.362421e+00 -2.581438e-01
1.173379e+01 1.471144e+00 -1.871872e-01
1.173379e+01 1.588542e+00 -1.418921e-01
1.173379e+01 1.715310e+00 -1.204079e-01
1.173379e+01 1.852193e+00 -9.720921e-02
1.173379e+01 2.000000e+00 -7.215927e-02
1.198847e+01 1.000000e-03 -1.935442e+02
1.198847e+01 1.079801e-03 -2.076006e+02
1.198847e+01 1.165970e-03 -2.225519e+02
1.198847e+01 1.259016e-03 -2.384305e+02
1.198847e+01 1.359487e-03 -2.552654e+02
1.198847e+01 1.467975e-03 -2.730821e+02
1.198847e+01 1.585121e-03 -2.919017e+02
1.198847e+01 1.711615e-03 -3.117403e+02
1.198847e+01 1.848204e-03 -3.326082e+02
1.198847e+01 1.995693e-03 -3.545077e+02
1.198847e+01 2.154951e-03 -3.774328e+02
1.198847e+01 2.326918e-03 -4.013680e+02
1.198847e+01 2.512609e-03 -4.262827e+02
1.198847e+01 2.713117e-03 -4.521298e+02
1.198847e+01 2.929627e-03 -4.788471e+02
1.198847e+01 3.163414e-03 -5.063513e+02
1.198847e+01 3.415858e-03 -5.345359e+02
1.198847e+01 3.688447e-03 -5.632741e+02
1.198847e+01 3.982789e-03 -5.924104e+02
1.198847e+01 4.300619e-03 -6.217597e+02
1.198847e+01 4.643813e-03 -6.511120e+02
1.198847e+01 5.014394e-03 -6.802181e+02
1.198847e+01 5.414548e-03 -7.087902e+02
1.198847e+01 5.846635e-03 -7.365138e+02
1.198847e+01 6.313202e-03 -7.630261e+02
1.198847e+01 6.817002e-03 -7.879201e+02
1.198847e+01 7.361006e-03 -8.107679e+02
1.198847e+01 7.948422e-03 -8.310903e+02
1.198847e+01 8.582714e-03 -8.483685e+02
1.198847e+01 9.267624e-03 -8.620860e+02
1.198847e+01 1.000719e-02 -8.716938e+02
1.198847e+01 1.080577e-02 -8.766347e+02
1.198847e+01 1.166809e-02 -8.764098e+02
1.198847e+01 1.259921e-02 -8.705763e+02
1.198847e+01 1.360464e-02 -8.587795e+02
1.198847e+01 1.469030e-02 -8.408107e+02
1.198847e+01 1.586261e-02 -8.167143e+02
1.198847e+01 1.712846e-02 -7.867745e+02
1.198847e+01 1.849533e-02 -7.514623e+02
1.198847e+01 1.997127e-02 -7.117960e+02
1.198847e+01 2.156500e-02 -6.691382e+02
1.198847e+01 2.328591e-02 -6.248048e+02
1.198847e+01 2.514415e-02 -5.806033e+02
1.198847e+01 2.715068e-02 -5.384631e+02
1.198847e+01 2.931733e-02 -4.998327e+02
1.198847e+01 3.165689e-02 -4.657737e+02
1.198847e+01 3.418314e-02 -4.369249e+02
1.198847e+01 3.691099e-02 -4.128401e+02
1.198847e+01 3.985652e-02 -3.920608e+02
1.198847e+01 4.303711e-02 -3.721396e+02
1.198847e+01 4.647152e-02 -3.501058e+02
1.198847e+01 5.017999e-02 -3.234336e+02
1.198847e+01 5.418441e-02 -2.983174e+02
1.198847e+01 5.850838e-02 -2.822542e+02
1.198847e+01 6.317741e-02 -2.649092e+02
1.198847e+01 6.821903e-02 -2.461801e+02
1.198847e+01 7.366298e-02 -2.260942e+02
1.198847e+01 7.954136e-02 -2.058131e+02
1.198847e+01 8.588885e-02 -1.839136e+02
1.198847e+01 9.274286e-02 -1.602665e+02
1.198847e+01 1.001438e-01 -1.347324e+02
1.198847e+01 1.081354e-01 -1.195550e+02
1.198847e+01 1.167647e-01 -1.090798e+02
1.198847e+01 1.260827e-01 -9.776867e+01
1.198847e+01 1.361442e-01 -8.555491e+01
1.198847e+01 1.470087e-01 -7.365417e+01
1.198847e+01 1.587401e-01 -6.628898e+01
1.198847e+01 1.714077e-01 -5.833605e+01
1.198847e+01 1.850862e-01 -4.974846e+01
1.198847e+01 1.998563e-01 -4.047557e+01
1.198847e+01 2.158051e-01 -3.556991e+01
1.198847e+01 2.330265e-01 -3.129291e+01
1.198847e+01 2.516223e-01 -2.667459e+01
1.198847e+01 2.717020e-01 -2.168773e+01
1.198847e+01 2.933841e-01 -1.784313e+01
1.198847e+01 3.167964e-01 -1.564922e+01
1.198847e+01 3.420771e-01 -1.328024e+01
1.198847e+01 3.693752e-01 -1.072221e+01
1.198847e+01 3.988518e-01 -8.092601e+00
1.198847e+01 4.306805e-01 -7.112484e+00
1.198847e+01 4.650493e-01 -6.054153e+00
1.198847e+01 5.021607e-01 -4.911366e+00
1.198847e+01 5.422336e-01 -3.677384e+00
1.198847e+01 5.855044e-01 -2.994979e+00
1.198847e+01 6.322283e-01 -2.561045e+00
1.198847e+01 6.826808e-01 -2.092483e+00
1.198847e+01 7.371594e-01 -1.586529e+00
1.198847e+01 7.959855e-01 -1.165400e+00
1.198847e+01 8.595059e-01 -1.005270e+00
1.198847e+01 9.280954e-01 -8.323619e-01
1.198847e+01 1.002158e+00 -6.456552e-01
1.198847e+01 1.082132e+00 -4.440490e-01
1.198847e+01 1.168487e+00 -3.771330e-01
1.198847e+01 1.261733e+00 -3.177187e-01
1.198847e+01 1.362421e+00 -2.535632e-01
1.198847e+01 1.471144e+00 -1.842880e-01
1.198847e+01 1.588542e+00 -1.399792e-01
1.198847e+01 1.715310e+00 -1.188340e-01
1.198847e+01 1.852193e+00 -9.600134e-02
1.198847e+01 2.000000e+00 -7.134661e-02
1.224824e+01 1.000000e-03 -1.696970e+02
1.224824e+01 1.079801e-03 -1.820248e+02
1.224824e+01 1.165970e-03 -1.951379e+02
1.224824e+01 1.259016e-03 -2.090647e+02
1.224824e+01 1.359487e-03 -2.238306e+02
1.224824e+01 1.467975e-03 -2.394579e+02
1.224824e+01 1.585121e-03 -2.559650e+02
1.224824e+01 1.711615e-03 -2.733660e+02
1.224824e+01 1.848204e-03 -2.916695e+02
1.224824e+01 1.995693e-03 -3.108777e+02
1.224824e+01 2.154951e-03 -3.309850e+02
1.224824e+01 2.326918e-03 -3.519779e+02
1.224824e+01 2.512609e-03 -3.738296e+02
1.224824e+01 2.713117e-03 -3.964989e+02
1.224824e+01 2.929627e-03 -4.199314e+02
1.224824e+01 3.163414e-03 -4.440542e+02
1.224824e+01 3.415858e-03 -4.687736e+02
1.224824e+01 3.688447e-03 -4.939784e+02
1.224824e+01 3.982789e-03 -5.195321e+02
1.224824e+01 4.300619e-03 -5.452726e+02
1.224824e+01 4.643813e-03 -5.710155e+02
1.224824e+01 5.014394e-03 -5.965426e+02
1.224824e+01 5.414548e-03 -6.216014e+02
1.224824e+01 5.846635e-03 -6.459159e+02
1.224824e+01 6.313202e-03 -6.691679e+02
1.224824e+01 6.817002e-03 -6.910006e+02
1.224824e+01 7.361006e-03 -7.110390e+02
1.224824e+01 7.948422e-03 -7.288626e+02
1.224824e+01 8.582714e-03 -7.440160e+02
1.224824e+01 9.267624e-03 -7.560461e+02
1.224824e+01 1.000719e-02 -7.644714e+02
1.224824e+01 1.080577e-02 -7.688042e+02
1.224824e+01 1.166809e-02 -7.686075e+02
1.224824e+01 1.259921e-02 -7.634929e+02
1.224824e+01 1.360464e-02 -7.531486e+02
1.224824e+01 1.469030e-02 -7.373910e+02
1.224824e+01 1.586261e-02 -7.162587e+02
1.224824e+01 1.712846e-02 -6.900014e+02
1.224824e+01 1.849533e-02 -6.590327e+02
1.224824e+01 1.997127e-02 -6.242454e+02
1.224824e+01 2.156500e-02 -5.868347e+02
1.224824e+01 2.328591e-02 -5.479543e+02
1.224824e+01 2.514415e-02 -5.091897e+02
1.224824e+01 2.715068e-02 -4.722327e+02
1.224824e+01 2.931733e-02 -4.383538e+02
1.224824e+01 3.165689e-02 -4.084841e+02
1.224824e+01 3.418314e-02 -3.831836e+02
1.224824e+01 3.691099e-02 -3.620612e+02
1.224824e+01 3.985652e-02 -3.438377e+02
1.224824e+01 4.303711e-02 -3.263668e+02
1.224824e+01 4.647152e-02 -3.070432e+02
1.224824e+01 5.017999e-02 -2.836516e+02
1.224824e+01 5.418441e-02 -2.616394e+02
1.224824e+01 5.850838e-02 -2.475930e+02
1.224824e+01 6.317741e-02 -2.324257e+02
1.224824e+01 6.821903e-02 -2.160481e+02
1.224824e+01 7.366298e-02 -1.984824e+02
1.224824e+01 7.954136e-02 -1.807296e+02
1.224824e+01 8.588885e-02 -1.615601e+02
1.224824e+01 9.274286e-02 -1.408609e+02
1.224824e+01 1.001438e-01 -1.185099e+02
1.224824e+01 1.081354e-01 -1.051899e+02
1.224824e+01 1.167647e-01 -9.596661e+01
1.224824e+01 1.260827e-01 -8.600731e+01
1.224824e+01 1.361442e-01 -7.525325e+01
1.224824e+01 1.470087e-01 -6.478680e+01
1.224824e+01 1.587401e-01 -5.836597e+01
1.224824e+01 1.714077e-01 -5.143276e+01
1.224824e+01 1.850862e-01 -4.394627e+01
1.224824e+01 1.998563e-01 -3.586235e+01
1.224824e+01 2.158051e-01 -3.158178e+01
1.224824e+01 2.330265e-01 -2.784817e+01
1.224824e+01 2.516223e-01 -2.381661e+01
1.224824e+01 2.717020e-01 -1.946334e+01
1.224824e+01 2.933841e-01 -1.609255e+01
1.224824e+01 3.167964e-01 -1.414296e+01
1.224824e+01 3.420771e-01 -1.203780e+01
1.224824e+01 3.693752e-01 -9.764645e+00
1.224824e+01 3.988518e-01 -7.426780e+00
1.224824e+01 4.306805e-01 -6.539163e+00
1.224824e+01 4.650493e-01 -5.580713e+00
1.224824e+01 5.021607e-01 -4.545778e+00
1.224824e+01 5.422336e-01 -3.428254e+00
1.224824e+01 5.855044e-01 -2.804735e+00
1.224824e+01 6.322283e-01 -2.403227e+00
1.224824e+01 6.826808e-01 -1.969679e+00
1.224824e+01 7.371594e-01 -1.501532e+00
1.224824e+01 7.959855e-01 -1.110954e+00
1.224824e+01 8.595059e-01 -9.596357e-01
1.224824e+01 9.280954e-01 -7.962426e-01
1.224824e+01 1.002158e+00 -6.198105e-01
1.224824e+01 1.082132e+00 -4.292989e-01
1.224824e+01 1.168487e+00 -3.652319e-01
1.224824e+01 1.261733e+00 -3.081164e-01
1.224824e+01 1.362421e+00 -2.464431e-01
1.224824e+01 1.471144e+00 -1.798482e-01
1.224824e+01 1.588542e+00 -1.370931e-01
1.224824e+01 1.715310e+00 -1.164518e-01
1.224824e+01 1.852193e+00 -9.416338e-02
1.224824e+01 2.000000e+00 -7.009628e-02
1.251320e+01 1.000000e-03 -1.479598e+02
1.251320e+01 1.079801e-03 -1.587114e+02
1.251320e+01 1.165970e-03 -1.701483e+02
1.251320e+01 1.259016e-03 -1.822953e+02
1.251320e+01 1.359487e-03 -1.951744e+02
1.251320e+01 1.467975e-03 -2.088052e+02
1.251320e+01 1.585121e-03 -2.232035e+02
1.251320e+01 1.711615e-03 -2.383815e+02
1.251320e+01 1.848204e-03 -2.543466e+02
1.251320e+01 1.995693e-03 -2.711006e+02
1.251320e+01 2.154951e-03 -2.886385e+02
1.251320e+01 2.326918e-03 -3.069485e+02
1.251320e+01 2.512609e-03 -3.260073e+02
1.251320e+01 2.713117e-03 -3.457790e+02
1.251320e+01 2.929627e-03 -3.662164e+02
1.251320e+01 3.163414e-03 -3.872558e+02
1.251320e+01 3.415858e-03 -4.088155e+02
1.251320e+01 3.688447e-03 -4.307985e+02
1.251320e+01 3.982789e-03 -4.530856e+02
1.251320e+01 4.300619e-03 -4.755354e+02
1.251320e+01 4.643813e-03 -4.979875e+02
1.251320e+01 5.014394e-03 -5.202512e+02
1.251320e+01 5.414548e-03 -5.421064e+02
1.251320e+01 5.846635e-03 -5.633125e+02
1.251320e+01 6.313202e-03 -5.835918e+02
1.251320e+01 6.817002e-03 -6.026334e+02
1.251320e+01 7.361006e-03 -6.201101e+02
1.251320e+01 7.948422e-03 -6.356552e+02
1.251320e+01 8.582714e-03 -6.488713e+02
1.251320e+01 9.267624e-03 -6.593628e+02
1.251320e+01 1.000719e-02 -6.667101e+02
1.251320e+01 1.080577e-02 -6.704885e+02
1.251320e+01 1.166809e-02 -6.703174e+02
1.251320e+01 1.259921e-02 -6.658581e+02
1.251320e+01 1.360464e-02 -6.568379e+02
1.251320e+01 1.469030e-02 -6.430962e+02
1.251320e+01 1.586261e-02 -6.246664e+02
1.251320e+01 1.712846e-02 -6.017669e+02
1.251320e+01 1.849533e-02 -5.747583e+02
1.251320e+01 1.997127e-02 -5.444196e+02
1.251320e+01 2.156500e-02 -5.117929e+02
1.251320e+01 2.328591e-02 -4.778845e+02
1.251320e+01 2.514415e-02 -4.440769e+02
1.251320e+01 2.715068e-02 -4.118459e+02
1.251320e+01 2.931733e-02 -3.822993e+02
1.251320e+01 3.165689e-02 -3.562492e+02
1.251320e+01 3.418314e-02 -3.341840e+02
1.251320e+01 3.691099e-02 -3.157626e+02
1.251320e+01 3.985652e-02 -2.998695e+02
1.251320e+01 4.303711e-02 -2.846327e+02
1.251320e+01 4.647152e-02 -2.677800e+02
1.251320e+01 5.017999e-02 -2.473797e+02
1.251320e+01 5.418441e-02 -2.282279e+02
1.251320e+01 5.850838e-02 -2.161047e+02
1.251320e+01 6.317741e-02 -2.030140e+02
1.251320e+01 6.821903e-02 -1.888787e+02
1.251320e+01 7.366298e-02 -1.737025e+02
1.251320e+01 7.954136e-02 -1.582058e+02
1.251320e+01 8.588885e-02 -1.414723e+02
1.251320e+01 9.274286e-02 -1.234036e+02
1.251320e+01 1.001438e-01 -1.038929e+02
1.251320e+01 1.081354e-01 -9.222986e+01
1.251320e+01 1.167647e-01 -8.412299e+01
1.251320e+01 1.260827e-01 -7.536918e+01
1.251320e+01 1.361442e-01 -6.591681e+01
1.251320e+01 1.470087e-01 -5.672744e+01
1.251320e+01 1.587401e-01 -5.113828e+01
1.251320e+01 1.714077e-01 -4.510310e+01
1.251320e+01 1.850862e-01 -3.858631e+01
1.251320e+01 1.998563e-01 -3.154947e+01
1.251320e+01 2.158051e-01 -2.782960e+01
1.251320e+01 2.330265e-01 -2.458760e+01
1.251320e+01 2.516223e-01 -2.108688e+01
1.251320e+01 2.717020e-01 -1.730680e+01
1.251320e+01 2.933841e-01 -1.437034e+01
1.251320e+01 3.167964e-01 -1.265512e+01
1.251320e+01 3.420771e-01 -1.080302e+01
1.251320e+01 3.693752e-01 -8.803127e+00
1.251320e+01 3.988518e-01 -6.745293e+00
1.251320e+01 4.306805e-01 -5.949143e+00
1.251320e+01 4.650493e-01 -5.089459e+00
1.251320e+01 5.021607e-01 -4.161171e+00
1.251320e+01 5.422336e-01 -3.158805e+00
1.251320e+01 5.855044e-01 -2.595297e+00
1.251320e+01 6.322283e-01 -2.228608e+00
1.251320e+01 6.826808e-01 -1.832657e+00
1.251320e+01 7.371594e-01 -1.405109e+00
1.251320e+01 7.959855e-01 -1.047497e+00
1.251320e+01 8.595059e-01 -9.061973e-01
1.251320e+01 9.280954e-01 -7.536218e-01
1.251320e+01 1.002158e+00 -5.888706e-01
1.251320e+01 1.082132e+00 -4.109721e-01
1.251320e+01 1.168487e+00 -3.502476e-01
1.251320e+01 1.261733e+00 -2.958660e-01
1.251320e+01 1.362421e+00 -2.371447e-01
1.251320e+01 1.471144e+00 -1.737373e-01
1.251320e+01 1.588542e+00 -1.328811e-01
1.251320e+01 1.715310e+00 -1.129390e-01
1.251320e+01 1.852193e+00 -9.140557e-02
1.251320e+01 2.000000e+00 -6.815373e-02
1.278347e+01 1.000000e-03 -1.287238e+02
1.278347e+01 1.079801e-03 -1.380802e+02
1.278347e+01 1.165970e-03 -1.480333e+02
1.278347e+01 1.259016e-03 -1.586048e+02
1.278347e+01 1.359487e-03 -1.698137e+02
1.278347e+01 1.467975e-03 -1.816770e+02
1.278347e+01 1.585121e-03 -1.942085e+02
1.278347e+01 1.711615e-03 -2.074186e+02
1.278347e+01 1.848204e-03 -2.213136e+02
1.278347e+01 1.995693e-03 -2.358951e+02
1.278347e+01 2.154951e-03 -2.511586e+02
1.278347e+01 2.326918e-03 -2.670937e+02
1.278347e+01 2.512609e-03 -2.836802e+02
1.278347e+01 2.713117e-03 -3.008870e+02
1.278347e+01 2.929627e-03 -3.186731e+02
1.278347e+01 3.163414e-03 -3.369832e+02
1.278347e+01 3.415858e-03 -3.557460e+02
1.278347e+01 3.688447e-03 -3.748771e+02
1.278347e+01 3.982789e-03 -3.942727e+02
1.278347e+01 4.300619e-03 -4.138098e+02
1.278347e+01 4.643813e-03 -4.333488e+02
1.278347e+01 5.014394e-03 -4.527239e+02
1.278347e+01 5.414548e-03 -4.717435e+02
1.278347e+01 5.846635e-03 -4.901981e+02
1.278347e+01 6.313202e-03 -5.078461e+02
1.278347e+01 6.817002e-03 -5.244170e+02
1.278347e+01 7.361006e-03 -5.396262e+02
1.278347e+01 7.948422e-03 -5.531545e+02
1.278347e+01 8.582714e-03 -5.646557e+02
1.278347e+01 9.267624e-03 -5.737855e+02
1.278347e+01 1.000719e-02 -5.801789e+02
1.278347e+01 1.080577e-02 -5.834667e+02
1.278347e+01 1.166809e-02 -5.833182e+02
1.278347e+01 1.259921e-02 -5.794386e+02
1.278347e+01 1.360464e-02 -5.715902e+02
1.278347e+01 1.469030e-02 -5.596326e+02
1.278347e+01 1.586261e-02 -5.435950e+02
1.278347e+01 1.712846e-02 -5.236674e+02
1.278347e+01 1.849533e-02 -5.001642e+02
1.278347e+01 1.997127e-02 -4.737630e+02
1.278347e+01 2.156500e-02 -4.453708e+02
1.278347e+01 2.328591e-02 -4.158633e+02
1.278347e+01 2.514415e-02 -3.864434e+02
1.278347e+01 2.715068e-02 -3.583954e+02
1.278347e+01 2.931733e-02 -3.326835e+02
1.278347e+01 3.165689e-02 -3.100142e+02
1.278347e+01 3.418314e-02 -2.908127e+02
1.278347e+01 3.691099e-02 -2.747821e+02
1.278347e+01 3.985652e-02 -2.609517e+02
1.278347e+01 4.303711e-02 -2.476923e+02
1.278347e+01 4.647152e-02 -2.330268e+02
1.278347e+01 5.017999e-02 -2.152741e+02
1.278347e+01 5.418441e-02 -1.986134e+02
1.278347e+01 5.850838e-02 -1.880787e+02
1.278347e+01 6.317741e-02 -1.767035e+02
1.278347e+01 6.821903e-02 -1.644204e+02
1.278347e+01 7.366298e-02 -1.512335e+02
1.278347e+01 7.954136e-02 -1.377740e+02
1.278347e+01 8.588885e-02 -1.232403e+02
1.278347e+01 9.274286e-02 -1.075469e+02
1.278347e+01 1.001438e-01 -9.060115e+01
1.278347e+01 1.081354e-01 -8.044839e+01
1.278347e+01 1.167647e-01 -7.337156e+01
1.278347e+01 1.260827e-01 -6.573000e+01
1.278347e+01 1.361442e-01 -5.747863e+01
1.278347e+01 1.470087e-01 -4.946104e+01
1.278347e+01 1.587401e-01 -4.460447e+01
1.278347e+01 1.714077e-01 -3.936034e+01
1.278347e+01 1.850862e-01 -3.369772e+01
1.278347e+01 1.998563e-01 -2.758322e+01
1.278347e+01 2.158051e-01 -2.436282e+01
1.278347e+01 2.330265e-01 -2.156097e+01
1.278347e+01 2.516223e-01 -1.853553e+01
1.278347e+01 2.717020e-01 -1.526866e+01
1.278347e+01 2.933841e-01 -1.272355e+01
1.278347e+01 3.167964e-01 -1.122397e+01
1.278347e+01 3.420771e-01 -9.604728e+00
1.278347e+01 3.693752e-01 -7.856268e+00
1.278347e+01 3.988518e-01 -6.056558e+00
1.278347e+01 4.306805e-01 -5.351483e+00
1.278347e+01 4.650493e-01 -4.590142e+00
1.278347e+01 5.021607e-01 -3.768045e+00
1.278347e+01 5.422336e-01 -2.880344e+00
1.278347e+01 5.855044e-01 -2.376803e+00
1.278347e+01 6.322283e-01 -2.045114e+00
1.278347e+01 6.826808e-01 -1.686955e+00
1.278347e+01 7.371594e-01 -1.300214e+00
1.278347e+01 7.959855e-01 -9.760309e-01
1.278347e+01 8.595059e-01 -8.457994e-01
1.278347e+01 9.280954e-01 -7.051753e-01
1.278347e+01 1.002158e+00 -5.533293e-01
1.278347e+01 1.082132e+00 -3.893658e-01
1.278347e+01 1.168487e+00 -3.324636e-01
1.278347e+01 1.261733e+00 -2.812533e-01
1.278347e+01 1.362421e+00 -2.259564e-01
1.278347e+01 1.471144e+00 -1.662467e-01
1.278347e+01 1.588542e+00 -1.276241e-01
1.278347e+01 1.715310e+00 -1.085539e-01
1.278347e+01 1.852193e+00 -8.796189e-02
1.278347e+01 2.000000e+00 -6.572659e-02
1.305914e+01 1.000000e-03 -1.116777e+02
1.305914e+01 1.079801e-03 -1.197974e+02
1.305914e+01 1.165970e-03 -1.284352e+02
1.305914e+01 1.259016e-03 -1.376099e+02
1.305914e+01 1.359487e-03 -1.473382e+02
1.305914e+01 1.467975e-03 -1.576346e+02
1.305914e+01 1.585121e-03 -1.685111e+02
1.305914e+01 1.711615e-03 -1.799767e+02
1.305914e+01 1.848204e-03 -1.920367e+02
1.305914e+01 1.995693e-03 -2.046922e+02
1.305914e+01 2.154951e-03 -2.179395e+02
1.305914e+01 2.326918e-03 -2.317694e+02
1.305914e+01 2.512609e-03 -2.461645e+02
1.305914e+01 2.713117e-03 -2.610976e+02
1.305914e+01 2.929627e-03 -2.765336e+02
1.305914e+01 3.163414e-03 -2.924243e+02
1.305914e+01 3.415858e-03 -3.087079e+02
1.305914e+01 3.688447e-03 -3.253110e+02
1.305914e+01 3.982789e-03 -3.421435e+02
1.305914e+01 4.300619e-03 -3.590988e+02
1.305914e+01 4.643813e-03 -3.760557e+02
1.305914e+01 5.014394e-03 -3.928703e+02
1.305914e+01 5.414548e-03 -4.093763e+02
1.305914e+01 5.846635e-03 -4.253920e+02
1.305914e+01 6.313202e-03 -4.407076e+02
1.305914e+01 6.817002e-03 -4.550885e+02
1.305914e+01 7.361006e-03 -4.682877e+02
1.305914e+01 7.948422e-03 -4.800282e+02
1.305914e+01 8.582714e-03 -4.900094e+02
1.305914e+01 9.267624e-03 -4.979324e+02
1.305914e+01 1.000719e-02 -5.034805e+02
1.305914e+01 1.080577e-02 -5.063336e+02
1.305914e+01 1.166809e-02 -5.062052e+02
1.305914e+01 1.259921e-02 -5.028391e+02
1.305914e+01 1.360464e-02 -4.960290e+02
1.305914e+01 1.469030e-02 -4.856526e+02
1.305914e+01 1.586261e-02 -4.717352e+02
1.305914e+01 1.712846e-02 -4.544420e+02
1.305914e+01 1.849533e-02 -4.340458e+02
1.305914e+01 1.997127e-02 -4.111348e+02
1.305914e+01 2.156500e-02 -3.864960e+02
1.305914e+01 2.328591e-02 -3.608892e+02
1.305914e+01 2.514415e-02 -3.353584e+02
1.305914e+01 2.715068e-02 -3.110182e+02
1.305914e+01 2.931733e-02 -2.887052e+02
1.305914e+01 3.165689e-02 -2.690327e+02
1.305914e+01 3.418314e-02 -2.523695e+02
1.305914e+01 3.691099e-02 -2.384580e+02
1.305914e+01 3.985652e-02 -2.264558e+02
1.305914e+01 4.303711e-02 -2.149493e+02
1.305914e+01 4.647152e-02 -2.022225e+02
1.305914e+01 5.017999e-02 -1.868165e+02
1.305914e+01 5.418441e-02 -1.723842e+02
1.305914e+01 5.850838e-02 -1.633144e+02
1.305914e+01 6.317741e-02 -1.535210e+02
1.305914e+01 6.821903e-02 -1.429459e+02
1.305914e+01 7.366298e-02 -1.315779e+02
1.305914e+01 7.954136e-02 -1.198220e+02
1.305914e+01 8.588885e-02 -1.071279e+02
1.305914e+01 9.274286e-02 -9.342087e+01
1.305914e+01 1.001438e-01 -7.861998e+01
1.305914e+01 1.081354e-01 -6.978084e+01
1.305914e+01 1.167647e-01 -6.364419e+01
1.305914e+01 1.260827e-01 -5.701784e+01
1.305914e+01 1.361442e-01 -4.986269e+01
1.305914e+01 1.470087e-01 -4.291272e+01
1.305914e+01 1.587401e-01 -3.871445e+01
1.305914e+01 1.714077e-01 -3.418115e+01
1.305914e+01 1.850862e-01 -2.928609e+01
1.305914e+01 1.998563e-01 -2.400040e+01
1.305914e+01 2.158051e-01 -2.122229e+01
1.305914e+01 2.330265e-01 -1.880761e+01
1.305914e+01 2.516223e-01 -1.620024e+01
1.305914e+01 2.717020e-01 -1.338480e+01
1.305914e+01 2.933841e-01 -1.118669e+01
1.305914e+01 3.167964e-01 -9.883304e+00
1.305914e+01 3.420771e-01 -8.475906e+00
1.305914e+01 3.693752e-01 -6.956196e+00
1.305914e+01 3.988518e-01 -5.391487e+00
1.305914e+01 4.306805e-01 -4.771802e+00
1.305914e+01 4.650493e-01 -4.102666e+00
1.305914e+01 5.021607e-01 -3.380132e+00
1.305914e+01 5.422336e-01 -2.599939e+00
1.305914e+01 5.855044e-01 -2.154078e+00
1.305914e+01 6.322283e-01 -1.857452e+00
1.305914e+01 6.826808e-01 -1.537154e+00
1.305914e+01 7.371594e-01 -1.191297e+00
1.305914e+01 7.959855e-01 -9.007089e-01
1.305914e+01 8.595059e-01 -7.819283e-01
1.305914e+01 9.280954e-01 -6.536689e-01
1.305914e+01 1.002158e+00 -5.151743e-01
1.305914e+01 1.082132e+00 -3.656277e-01
1.305914e+01 1.168487e+00 -3.128361e-01
1.305914e+01 1.261733e+00 -2.650886e-01
1.305914e+01 1.362421e+00 -2.135309e-01
1.305914e+01 1.471144e+00 -1.578589e-01
1.305914e+01 1.588542e+00 -1.216964e-01
1.305914e+01 1.715310e+00 -1.036192e-01
1.305914e+01 1.852193e+00 -8.409942e-02
1.305914e+01 2.000000e+00 -6.302196e-02
1.334032e+01 1.000000e-03 -9.681134e+01
1.334032e+01 1.079801e-03 -1.038521e+02
1.334032e+01 1.165970e-03 -1.113425e+02
1.334032e+01 1.259016e-03 -1.192987e+02
1.334032e+01 1.359487e-03 -1.277352e+02
1.334032e+01 1.467975e-03 -1.366647e+02
1.334032e+01 1.585121e-03 -1.460973e+02
1.334032e+01 1.711615e-03 -1.560409e+02
1.334032e+01 1.848204e-03 -1.664999e+02
1.334032e+01 1.995693e-03 -1.774753e+02
1.334032e+01 2.154951e-03 -1.889637e+02
1.334032e+01 2.326918e-03 -2.009571e+02
1.334032e+01 2.512609e-03 -2.134403e+02
1.334032e+01 2.713117e-03 -2.263900e+02
1.334032e+01 2.929627e-03 -2.397758e+02
1.334032e+01 3.163414e-03 -2.535559e+02
1.334032e+01 3.415858e-03 -2.676767e+02
1.334032e+01 3.688447e-03 -2.820745e+02
1.334032e+01 3.982789e-03 -2.966711e+02
1.334032e+01 4.300619e-03 -3.113741e+02
1.334032e+01 4.643813e-03 -3.260784e+02
1.334032e+01 5.014394e-03 -3.406594e+02
1.334032e+01 5.414548e-03 -3.549727e+02
1.334032e+01 5.846635e-03 -3.688608e+02
1.334032e+01 6.313202e-03 -3.821418e+02
1.334032e+01 6.817002e-03 -3.946122e+02
1.334032e+01 7.361006e-03 -4.060580e+02
1.334032e+01 7.948422e-03 -4.162388e+02
1.334032e+01 8.582714e-03 -4.248941e+02
1.334032e+01 9.267624e-03 -4.317645e+02
1.334032e+01 1.000719e-02 -4.365755e+02
1.334032e+01 1.080577e-02 -4.390497e+02
1.334032e+01 1.166809e-02 -4.389386e+02
1.334032e+01 1.259921e-02 -4.360202e+02
1.334032e+01 1.360464e-02 -4.301154e+02
1.334032e+01 1.469030e-02 -4.211182e+02
1.334032e+01 1.586261e-02 -4.090503e+02
1.334032e+01 1.712846e-02 -3.940552e+02
1.334032e+01 1.849533e-02 -3.763693e+02
1.334032e+01 1.997127e-02 -3.565028e+02
1.334032e+01 2.156500e-02 -3.351381e+02
1.334032e+01 2.328591e-02 -3.129341e+02
1.334032e+01 2.514415e-02 -2.907959e+02
1.334032e+01 2.715068e-02 -2.696901e+02
1.334032e+01 2.931733e-02 -2.503420e+02
1.334032e+01 3.165689e-02 -2.332836e+02
1.334032e+01 3.418314e-02 -2.188346e+02
1.334032e+01 3.691099e-02 -2.067717e+02
1.334032e+01 3.985652e-02 -1.963643e+02
1.334032e+01 4.303711e-02 -1.863868e+02
1.334032e+01 4.647152e-02 -1.753511e+02
1.334032e+01 5.017999e-02 -1.619923e+02
1.334032e+01 5.418441e-02 -1.494559e+02
1.334032e+01 5.850838e-02 -1.415304e+02
1.334032e+01 6.317741e-02 -1.329724e+02
1.334032e+01 6.821903e-02 -1.237316e+02
1.334032e+01 7.366298e-02 -1.138051e+02
1.334032e+01 7.954136e-02 -1.036157e+02
1.334032e+01 8.588885e-02 -9.261326e+01
1.334032e+01 9.274286e-02 -8.073278e+01
1.334032e+01 1.001438e-01 -6.790423e+01
1.334032e+01 1.081354e-01 -6.025753e+01
1.334032e+01 1.167647e-01 -5.496130e+01
1.334032e+01 1.260827e-01 -4.924243e+01
1.334032e+01 1.361442e-01 -4.306718e+01
1.334032e+01 1.470087e-01 -3.707077e+01
1.334032e+01 1.587401e-01 -3.345680e+01
1.334032e+01 1.714077e-01 -2.955444e+01
1.334032e+01 1.850862e-01 -2.534067e+01
1.334032e+01 1.998563e-01 -2.079063e+01
1.334032e+01 2.158051e-01 -1.839836e+01
1.334032e+01 2.330265e-01 -1.631871e+01
1.334032e+01 2.516223e-01 -1.407311e+01
1.334032e+01 2.717020e-01 -1.164830e+01
1.334032e+01 2.933841e-01 -9.754826e+00
1.334032e+01 3.167964e-01 -8.631458e+00
1.334032e+01 3.420771e-01 -7.418444e+00
1.334032e+01 3.693752e-01 -6.108630e+00
1.334032e+01 3.988518e-01 -4.759612e+00
1.334032e+01 4.306805e-01 -4.219168e+00
1.334032e+01 4.650493e-01 -3.635596e+00
1.334032e+01 5.021607e-01 -3.005455e+00
1.334032e+01 5.422336e-01 -2.325028e+00
1.334032e+01 5.855044e-01 -1.933669e+00
1.334032e+01 6.322283e-01 -1.671092e+00
1.334032e+01 6.826808e-01 -1.387560e+00
1.334032e+01 7.371594e-01 -1.081403e+00
1.334032e+01 7.959855e-01 -8.235398e-01
1.334032e+01 8.595059e-01 -7.162292e-01
1.334032e+01 9.280954e-01 -6.003552e-01
1.334032e+01 1.002158e+00 -4.752342e-01
1.334032e+01 1.082132e+00 -3.401285e-01
1.334032e+01 1.168487e+00 -2.916197e-01
1.334032e+01 1.261733e+00 -2.475335e-01
1.334032e+01 1.362421e+00 -1.999292e-01
1.334032e+01 1.471144e+00 -1.485260e-01
1.334032e+01 1.588542e+00 -1.150043e-01
1.334032e+01 1.715310e+00 -9.805503e-02
1.334032e+01 1.852193e+00 -7.975318e-02
1.334032e+01 2.000000e+00 -5.999081e-02
1.362713e+01 1.000000e-03 -8.383667e+01
1.362713e+01 1.079801e-03 -8.993559e+01
1.362713e+01 1.165970e-03 -9.642420e+01
1.362713e+01 1.259016e-03 -1.033166e+02
1.362713e+01 1.359487e-03 -1.106253e+02
1.362713e+01 1.467975e-03 -1.183613e+02
1.362713e+01 1.585121e-03 -1.265333e+02
1.362713e+01 1.711615e-03 -1.351480e+02
1.362713e+01 1.848204e-03 -1.442093e+02
1.362713e+01 1.995693e-03 -1.537178e+02
1.362713e+01 2.154951e-03 -1.636706e+02
1.362713e+01 2.326918e-03 -1.740606e+02
1.362713e+01 2.512609e-03 -1.848748e+02
1.362713e+01 2.713117e-03 -1.960931e+02
1.362713e+01 2.929627e-03 -2.076889e+02
1.362713e+01 3.163414e-03 -2.196265e+02
1.362713e+01 3.415858e-03 -2.318591e+02
1.362713e+01 3.688447e-03 -2.443316e+02
1.362713e+01 3.982789e-03 -2.569763e+02
1.362713e+01 4.300619e-03 -2.697130e+02
1.362713e+01 4.643813e-03 -2.824509e+02
1.362713e+01 5.014394e-03 -2.950819e+02
1.362713e+01 5.414548e-03 -3.074811e+02
1.362713e+01 5.846635e-03 -3.195118e+02
1.362713e+01 6.313202e-03 -3.310166e+02
1.362713e+01 6.817002e-03 -3.418192e+02
1.362713e+01 7.361006e-03 -3.517342e+02
1.362713e+01 7.948422e-03 -3.605534e+02
1.362713e+01 8.582714e-03 -3.680511e+02
1.362713e+01 9.267624e-03 -3.740028e+02
1.362713e+01 1.000719e-02 -3.781705e+02
1.362713e+01 1.080577e-02 -3.803140e+02
1.362713e+01 1.166809e-02 -3.802180e+02
1.362713e+01 1.259921e-02 -3.776903e+02
1.362713e+01 1.360464e-02 -3.725756e+02
1.362713e+01 1.469030e-02 -3.647822e+02
1.362713e+01 1.586261e-02 -3.543289e+02
1.362713e+01 1.712846e-02 -3.413399e+02
1.362713e+01 1.849533e-02 -3.260201e+02
1.362713e+01 1.997127e-02 -3.088113e+02
1.362713e+01 2.156500e-02 -2.903048e+02
1.362713e+01 2.328591e-02 -2.710711e+02
1.362713e+01 2.514415e-02 -2.518945e+02
1.362713e+01 2.715068e-02 -2.336122e+02
1.362713e+01 2.931733e-02 -2.168524e+02
1.362713e+01 3.165689e-02 -2.020760e+02
1.362713e+01 3.418314e-02 -1.895600e+02
1.362713e+01 3.691099e-02 -1.791108e+02
1.362713e+01 3.985652e-02 -1.700957e+02
1.362713e+01 4.303711e-02 -1.614528e+02
1.362713e+01 4.647152e-02 -1.518935e+02
1.362713e+01 5.017999e-02 -1.403218e+02
1.362713e+01 5.418441e-02 -1.294189e+02
1.362713e+01 5.850838e-02 -1.224324e+02
1.362713e+01 6.317741e-02 -1.148884e+02
1.362713e+01 6.821903e-02 -1.067424e+02
1.362713e+01 7.366298e-02 -9.800951e+01
1.362713e+01 7.954136e-02 -8.922419e+01
1.362713e+01 8.588885e-02 -7.973778e+01
1.362713e+01 9.274286e-02 -6.949435e+01
1.362713e+01 1.001438e-01 -5.843349e+01
1.362713e+01 1.081354e-01 -5.183961e+01
1.362713e+01 1.167647e-01 -4.727187e+01
1.362713e+01 1.260827e-01 -4.233961e+01
1.362713e+01 1.361442e-01 -3.701375e+01
1.362713e+01 1.470087e-01 -3.184818e+01
1.362713e+01 1.587401e-01 -2.876359e+01
1.362713e+01 1.714077e-01 -2.543285e+01
1.362713e+01 1.850862e-01 -2.183631e+01
1.362713e+01 1.998563e-01 -1.795276e+01
1.362713e+01 2.158051e-01 -1.589951e+01
1.362713e+01 2.330265e-01 -1.410989e+01
1.362713e+01 2.516223e-01 -1.217746e+01
1.362713e+01 2.717020e-01 -1.009082e+01
1.362713e+01 2.933841e-01 -8.462095e+00
1.362713e+01 3.167964e-01 -7.496995e+00
1.362713e+01 3.420771e-01 -6.454880e+00
1.362713e+01 3.693752e-01 -5.329602e+00
1.362713e+01 3.988518e-01 -4.170406e+00
1.362713e+01 4.306805e-01 -3.702502e+00
1.362713e+01 4.650493e-01 -3.197259e+00
1.362713e+01 5.021607e-01 -2.651697e+00
1.362713e+01 5.422336e-01 -2.062599e+00
1.362713e+01 5.855044e-01 -1.721744e+00
1.362713e+01 6.322283e-01 -1.491279e+00
1.362713e+01 6.826808e-01 -1.242423e+00
1.362713e+01 7.371594e-01 -9.737078e-01
1.362713e+01 7.959855e-01 -7.468192e-01
1.362713e+01 8.595059e-01 -6.507042e-01
1.362713e+01 9.280954e-01 -5.469191e-01
1.362713e+01 1.002158e+00 -4.348519e-01
1.362713e+01 1.082132e+00 -3.138416e-01
1.362713e+01 1.168487e+00 -2.696653e-01
1.362713e+01 1.261733e+00 -2.293300e-01
1.362713e+01 1.362421e+00 -1.857759e-01
1.362713e+01 1.471144e+00 -1.387462e-01
1.362713e+01 1.588542e+00 -1.079286e-01
1.362713e+01 1.715310e+00 -9.213192e-02
1.362713e+01 1.852193e+00 -7.507469e-02
1.362713e+01 2.000000e+00 -5.665628e-02
1.391967e+01 1.000000e-03 -7.198424e+01
1.391967e+01 1.079801e-03 -7.722244e+01
1.391967e+01 1.165970e-03 -8.279554e+01
1.391967e+01 1.259016e-03 -8.871572e+01
1.391967e+01 1.359487e-03 -9.499366e+01
1.391967e+01 1.467975e-03 -1.016387e+02
1.391967e+01 1.585121e-03 -1.086586e+02
1.391967e+01 1.711615e-03 -1.160587e+02
1.391967e+01 1.848204e-03 -1.238425e+02
1.391967e+01 1.995693e-03 -1.320103e+02
1.391967e+01 2.154951e-03 -1.405596e+02
1.391967e+01 2.326918e-03 -1.494843e+02
1.391967e+01 2.512609e-03 -1.587732e+02
1.391967e+01 2.713117e-03 -1.684090e+02
1.391967e+01 2.929627e-03 -1.783691e+02
1.391967e+01 3.163414e-03 -1.886227e+02
1.391967e+01 3.415858e-03 -1.991298e+02
1.391967e+01 3.688447e-03 -2.098428e+02
1.391967e+01 3.982789e-03 -2.207037e+02
1.391967e+01 4.300619e-03 -2.316435e+02
1.391967e+01 4.643813e-03 -2.425843e+02
1.391967e+01 5.014394e-03 -2.534333e+02
1.391967e+01 5.414548e-03 -2.640832e+02
1.391967e+01 5.846635e-03 -2.744165e+02
1.391967e+01 6.313202e-03 -2.842981e+02
1.391967e+01 6.817002e-03 -2.935766e+02
1.391967e+01 7.361006e-03 -3.020926e+02
1.391967e+01 7.948422e-03 -3.096675e+02
1.391967e+01 8.582714e-03 -3.161075e+02
1.391967e+01 9.267624e-03 -3.212195e+02
1.391967e+01 1.000719e-02 -3.247994e+02
1.391967e+01 1.080577e-02 -3.266406e+02
1.391967e+01 1.166809e-02 -3.265584e+02
1.391967e+01 1.259921e-02 -3.243876e+02
1.391967e+01 1.360464e-02 -3.199949e+02
1.391967e+01 1.469030e-02 -3.133014e+02
1.391967e+01 1.586261e-02 -3.043235e+02
1.391967e+01 1.712846e-02 -2.931677e+02
1.391967e+01 1.849533e-02 -2.800101e+02
1.391967e+01 1.997127e-02 -2.652300e+02
1.391967e+01 2.156500e-02 -2.493352e+02
1.391967e+01 2.328591e-02 -2.328160e+02
1.391967e+01 2.514415e-02 -2.163458e+02
1.391967e+01 2.715068e-02 -2.006435e+02
1.391967e+01 2.931733e-02 -1.862491e+02
1.391967e+01 3.165689e-02 -1.735580e+02
1.391967e+01 3.418314e-02 -1.628082e+02
1.391967e+01 3.691099e-02 -1.538337e+02
1.391967e+01 3.985652e-02 -1.460908e+02
1.391967e+01 4.303711e-02 -1.386677e+02
1.391967e+01 4.647152e-02 -1.304575e+02
1.391967e+01 5.017999e-02 -1.205188e+02
1.391967e+01 5.418441e-02 -1.111431e+02
1.391967e+01 5.850838e-02 -1.051108e+02
1.391967e+01 6.317741e-02 -9.859700e+01
1.391967e+01 6.821903e-02 -9.156344e+01
1.391967e+01 7.366298e-02 -8.402715e+01
1.391967e+01 7.954136e-02 -7.648734e+01
1.391967e+01 8.588885e-02 -6.834584e+01
1.391967e+01 9.274286e-02 -5.955464e+01
1.391967e+01 1.001438e-01 -5.006190e+01
1.391967e+01 1.081354e-01 -4.440978e+01
1.391967e+01 1.167647e-01 -4.050040e+01
1.391967e+01 1.260827e-01 -3.627906e+01
1.391967e+01 1.361442e-01 -3.172084e+01
1.391967e+01 1.470087e-01 -2.730051e+01
1.391967e+01 1.587401e-01 -2.466431e+01
1.391967e+01 1.714077e-01 -2.181774e+01
1.391967e+01 1.850862e-01 -1.874400e+01
1.391967e+01 1.998563e-01 -1.542498e+01
1.391967e+01 2.158051e-01 -1.366778e+01
1.391967e+01 2.330265e-01 -1.213522e+01
1.391967e+01 2.516223e-01 -1.048036e+01
1.391967e+01 2.717020e-01 -8.693439e+00
1.391967e+01 2.933841e-01 -7.299080e+00
1.391967e+01 3.167964e-01 -6.473600e+00
1.391967e+01 3.420771e-01 -5.582247e+00
1.391967e+01 3.693752e-01 -4.619762e+00
1.391967e+01 3.988518e-01 -3.628117e+00
1.391967e+01 4.306805e-01 -3.225656e+00
1.391967e+01 4.650493e-01 -2.791079e+00
1.391967e+01 5.021607e-01 -2.321822e+00
1.391967e+01 5.422336e-01 -1.815118e+00
1.391967e+01 5.855044e-01 -1.520346e+00
1.391967e+01 6.322283e-01 -1.319657e+00
1.391967e+01 6.826808e-01 -1.102952e+00
1.391967e+01 7.371594e-01 -8.689542e-01
1.391967e+01 7.959855e-01 -6.709271e-01
1.391967e+01 8.595059e-01 -5.856787e-01
1.391967e+01 9.280954e-01 -4.936274e-01
1.391967e+01 1.002158e+00 -3.942303e-01
1.391967e+01 1.082132e+00 -2.869012e-01
1.391967e+01 1.168487e+00 -2.470530e-01
1.391967e+01 1.261733e+00 -2.105016e-01
1.391967e+01 1.362421e+00 -1.710334e-01
1.391967e+01 1.471144e+00 -1.284156e-01
1.391967e+01 1.588542e+00 -1.003496e-01
1.391967e+01 1.715310e+00 -8.576225e-02
1.391967e+01 1.852193e+00 -7.001081e-02
1.391967e+01 2.000000e+00 -5.300239e-02
1.421806e+01 1.000000e-03 -6.150966e+01
1.421806e+01 1.079801e-03 -6.598694e+01
1.421806e+01 1.165970e-03 -7.075068e+01
1.421806e+01 1.259016e-03 -7.581127e+01
1.421806e+01 1.359487e-03 -8.117787e+01
1.421806e+01 1.467975e-03 -8.685847e+01
1.421806e+01 1.585121e-03 -9.285957e+01
1.421806e+01 1.711615e-03 -9.918585e+01
1.421806e+01 1.848204e-03 -1.058400e+02
1.421806e+01 1.995693e-03 -1.128225e+02
1.421806e+01 2.154951e-03 -1.201310e+02
1.421806e+01 2.326918e-03 -1.277602e+02
1.421806e+01 2.512609e-03 -1.357006e+02
1.421806e+01 2.713117e-03 -1.439374e+02
1.421806e+01 2.929627e-03 -1.524514e+02
1.421806e+01 3.163414e-03 -1.612162e+02
1.421806e+01 3.415858e-03 -1.701977e+02
1.421806e+01 3.688447e-03 -1.793552e+02
1.421806e+01 3.982789e-03 -1.886391e+02
1.421806e+01 4.300619e-03 -1.979904e+02
1.421806e+01 4.643813e-03 -2.073425e+02
1.421806e+01 5.014394e-03 -2.166161e+02
1.421806e+01 5.414548e-03 -2.257194e+02
1.421806e+01 5.846635e-03 -2.345521e+02
1.421806e+01 6.313202e-03 -2.429988e+02
1.421806e+01 6.817002e-03 -2.509298e+02
1.421806e+01 7.361006e-03 -2.582092e+02
1.421806e+01 7.948422e-03 -2.646840e+02
1.421806e+01 8.582714e-03 -2.701888e+02
1.421806e+01 9.267624e-03 -2.745586e+02
1.421806e+01 1.000719e-02 -2.776188e+02
1.421806e+01 1.080577e-02 -2.791929e+02
1.421806e+01 1.166809e-02 -2.791228e+02
1.421806e+01 1.259921e-02 -2.772674e+02
1.421806e+01 1.360464e-02 -2.735128e+02
1.421806e+01 1.469030e-02 -2.677918e+02
1.421806e+01 1.586261e-02 -2.601181e+02
1.421806e+01 1.712846e-02 -2.505829e+02
1.421806e+01 1.849533e-02 -2.393366e+02
1.421806e+01 1.997127e-02 -2.267035e+02
1.421806e+01 2.156500e-02 -2.131176e+02
1.421806e+01 2.328591e-02 -1.989979e+02
1.421806e+01 2.514415e-02 -1.849201e+02
1.421806e+01 2.715068e-02 -1.714988e+02
1.421806e+01 2.931733e-02 -1.591952e+02
1.421806e+01 3.165689e-02 -1.483476e+02
1.421806e+01 3.418314e-02 -1.391593e+02
1.421806e+01 3.691099e-02 -1.314884e+02
1.421806e+01 3.985652e-02 -1.248702e+02
1.421806e+01 4.303711e-02 -1.185254e+02
1.421806e+01 4.647152e-02 -1.115077e+02
1.421806e+01 5.017999e-02 -1.030127e+02
1.421806e+01 5.418441e-02 -9.499835e+01
1.421806e+01 5.850838e-02 -8.984069e+01
1.421806e+01 6.317741e-02 -8.427144e+01
1.421806e+01 6.821903e-02 -7.825777e+01
1.421806e+01 7.366298e-02 -7.181391e+01
1.421806e+01 7.954136e-02 -6.536357e+01
1.421806e+01 8.588885e-02 -5.839847e+01
1.421806e+01 9.274286e-02 -5.087756e+01
1.421806e+01 1.001438e-01 -4.275647e+01
1.421806e+01 1.081354e-01 -3.792520e+01
1.421806e+01 1.167647e-01 -3.458717e+01
1.421806e+01 1.260827e-01 -3.098275e+01
1.421806e+01 1.361442e-01 -2.709070e+01
1.421806e+01 1.470087e-01 -2.331753e+01
1.421806e+01 1.587401e-01 -2.107270e+01
1.421806e+01 1.714077e-01 -1.864873e+01
1.421806e+01 1.850862e-01 -1.603132e+01
1.421806e+01 1.998563e-01 -1.320504e+01
1.421806e+01 2.158051e-01 -1.170417e+01
1.421806e+01 2.330265e-01 -1.039331e+01
1.421806e+01 2.516223e-01 -8.977843e+00
1.421806e+01 2.717020e-01 -7.449422e+00
1.421806e+01 2.933841e-01 -6.258459e+00
1.421806e+01 3.167964e-01 -5.556359e+00
1.421806e+01 3.420771e-01 -4.798230e+00
1.421806e+01 3.693752e-01 -3.979602e+00
1.421806e+01 3.988518e-01 -3.136037e+00
1.421806e+01 4.306805e-01 -2.791701e+00
1.421806e+01 4.650493e-01 -2.419887e+00
1.421806e+01 5.021607e-01 -2.018401e+00
1.421806e+01 5.422336e-01 -1.584876e+00
1.421806e+01 5.855044e-01 -1.331670e+00
1.421806e+01 6.322283e-01 -1.158411e+00
1.421806e+01 6.826808e-01 -9.713247e-01
1.421806e+01 7.371594e-01 -7.693091e-01
1.421806e+01 7.959855e-01 -5.979377e-01
1.421806e+01 8.595059e-01 -5.229328e-01
1.421806e+01 9.280954e-01 -4.419425e-01
1.421806e+01 1.002158e+00 -3.544891e-01
1.421806e+01 1.082132e+00 -2.600568e-01
1.421806e+01 1.168487e+00 -2.244376e-01
1.421806e+01 1.261733e+00 -1.916267e-01
1.421806e+01 1.362421e+00 -1.561976e-01
1.421806e+01 1.471144e+00 -1.179411e-01
1.421806e+01 1.588542e+00 -9.261747e-02
1.421806e+01 1.715310e+00 -7.926903e-02
1.421806e+01 1.852193e+00 -6.485538e-02
1.421806e+01 2.000000e+00 -4.929150e-02
1.452242e+01 1.000000e-03 -5.239547e+01
1.452242e+01 1.079801e-03 -5.621046e+01
1.452242e+01 1.165970e-03 -6.026969e+01
1.452242e+01 1.259016e-03 -6.458206e+01
1.452242e+01 1.359487e-03 -6.915534e+01
1.452242e+01 1.467975e-03 -7.399636e+01
1.452242e+01 1.585121e-03 -7.911061e+01
1.452242e+01 1.711615e-03 -8.450206e+01
1.452242e+01 1.848204e-03 -9.017296e+01
1.452242e+01 1.995693e-03 -9.612357e+01
1.452242e+01 2.154951e-03 -1.023519e+02
1.452242e+01 2.326918e-03 -1.088535e+02
1.452242e+01 2.512609e-03 -1.156200e+02
1.452242e+01 2.713117e-03 -1.226391e+02
1.452242e+01 2.929627e-03 -1.298944e+02
1.452242e+01 3.163414e-03 -1.373634e+02
1.452242e+01 3.415858e-03 -1.450170e+02
1.452242e+01 3.688447e-03 -1.528205e+02
1.452242e+01 3.982789e-03 -1.607317e+02
1.452242e+01 4.300619e-03 -1.687003e+02
1.452242e+01 4.643813e-03 -1.766696e+02
1.452242e+01 5.014394e-03 -1.845719e+02
1.452242e+01 5.414548e-03 -1.923291e+02
1.452242e+01 5.846635e-03 -1.998557e+02
1.452242e+01 6.313202e-03 -2.070533e+02
1.452242e+01 6.817002e-03 -2.138116e+02
1.452242e+01 7.361006e-03 -2.200145e+02
1.452242e+01 7.948422e-03 -2.255319e+02
1.452242e+01 8.582714e-03 -2.302227e+02
1.452242e+01 9.267624e-03 -2.339463e+02
1.452242e+01 1.000719e-02 -2.365542e+02
1.452242e+01 1.080577e-02 -2.378957e+02
1.452242e+01 1.166809e-02 -2.378361e+02
1.452242e+01 1.259921e-02 -2.362553e+02
1.452242e+01 1.360464e-02 -2.330562e+02
1.452242e+01 1.469030e-02 -2.281814e+02
1.452242e+01 1.586261e-02 -2.216429e+02
1.452242e+01 1.712846e-02 -2.135182e+02
1.452242e+01 1.849533e-02 -2.039354e+02
1.452242e+01 1.997127e-02 -1.931710e+02
1.452242e+01 2.156500e-02 -1.815947e+02
1.452242e+01 2.328591e-02 -1.695636e+02
1.452242e+01 2.514415e-02 -1.575681e+02
1.452242e+01 2.715068e-02 -1.461319e+02
1.452242e+01 2.931733e-02 -1.356482e+02
1.452242e+01 3.165689e-02 -1.264051e+02
1.452242e+01 3.418314e-02 -1.185759e+02
1.452242e+01 3.691099e-02 -1.120396e+02
1.452242e+01 3.985652e-02 -1.064004e+02
1.452242e+01 4.303711e-02 -1.009940e+02
1.452242e+01 4.647152e-02 -9.501432e+01
1.452242e+01 5.017999e-02 -8.777585e+01
1.452242e+01 5.418441e-02 -8.093228e+01
1.452242e+01 5.850838e-02 -7.649672e+01
1.452242e+01 6.317741e-02 -7.170721e+01
1.452242e+01 6.821903e-02 -6.653549e+01
1.452242e+01 7.366298e-02 -6.100106e+01
1.452242e+01 7.954136e-02 -5.553547e+01
1.452242e+01 8.588885e-02 -4.963373e+01
1.452242e+01 9.274286e-02 -4.326102e+01
1.452242e+01 1.001438e-01 -3.637976e+01
1.452242e+01 1.081354e-01 -3.227772e+01
1.452242e+01 1.167647e-01 -2.943628e+01
1.452242e+01 1.260827e-01 -2.636810e+01
1.452242e+01 1.361442e-01 -2.305507e+01
1.452242e+01 1.470087e-01 -1.984400e+01
1.452242e+01 1.587401e-01 -1.793722e+01
1.452242e+01 1.714077e-01 -1.587828e+01
1.452242e+01 1.850862e-01 -1.365503e+01
1.452242e+01 1.998563e-01 -1.125437e+01
1.452242e+01 2.158051e-01 -9.977176e+00
1.452242e+01 2.330265e-01 -8.860733e+00
1.452242e+01 2.516223e-01 -7.655197e+00
1.452242e+01 2.717020e-01 -6.353459e+00
1.452242e+01 2.933841e-01 -5.340387e+00
1.452242e+01 3.167964e-01 -4.745372e+00
1.452242e+01 3.420771e-01 -4.102874e+00
1.452242e+01 3.693752e-01 -3.409104e+00
1.452242e+01 3.988518e-01 -2.694113e+00
1.452242e+01 4.306805e-01 -2.400971e+00
1.452242e+01 4.650493e-01 -2.084436e+00
1.452242e+01 5.021607e-01 -1.742642e+00
1.452242e+01 5.422336e-01 -1.373571e+00
1.452242e+01 5.855044e-01 -1.157414e+00
1.452242e+01 6.322283e-01 -1.008991e+00
1.452242e+01 6.826808e-01 -8.487237e-01
1.452242e+01 7.371594e-01 -6.756668e-01
1.452242e+01 7.959855e-01 -5.285213e-01
1.452242e+01 8.595059e-01 -4.631009e-01
1.452242e+01 9.280954e-01 -3.924600e-01
1.452242e+01 1.002158e+00 -3.161819e-01
1.452242e+01 1.082132e+00 -2.338167e-01
1.452242e+01 1.168487e+00 -2.022551e-01
1.452242e+01 1.261733e+00 -1.730616e-01
1.452242e+01 1.362421e+00 -1.415384e-01
1.452242e+01 1.471144e+00 -1.074996e-01
1.452242e+01 1.588542e+00 -8.483904e-02
1.452242e+01 1.715310e+00 -7.271038e-02
1.452242e+01 1.852193e+00 -5.961383e-02
1.452242e+01 2.000000e+00 -4.547217e-02
1.483287e+01 1.000000e-03 -4.433645e+01
1.483287e+01 1.079801e-03 -4.756561e+01
1.483287e+01 1.165970e-03 -5.100166e+01
1.483287e+01 1.259016e-03 -5.465213e+01
1.483287e+01 1.359487e-03 -5.852360e+01
1.483287e+01 1.467975e-03 -6.262186e+01
1.483287e+01 1.585121e-03 -6.695154e+01
1.483287e+01 1.711615e-03 -7.151594e+01
1.483287e+01 1.848204e-03 -7.631694e+01
1.483287e+01 1.995693e-03 -8.135471e+01
1.483287e+01 2.154951e-03 -8.662754e+01
1.483287e+01 2.326918e-03 -9.213154e+01
1.483287e+01 2.512609e-03 -9.785972e+01
1.483287e+01 2.713117e-03 -1.038016e+02
1.483287e+01 2.929627e-03 -1.099433e+02
1.483287e+01 3.163414e-03 -1.162660e+02
1.483287e+01 3.415858e-03 -1.227450e+02
1.483287e+01 3.688447e-03 -1.293508e+02
1.483287e+01 3.982789e-03 -1.360477e+02
1.483287e+01 4.300619e-03 -1.427933e+02
1.483287e+01 4.643813e-03 -1.495393e+02
1.483287e+01 5.014394e-03 -1.562286e+02
1.483287e+01 5.414548e-03 -1.627951e+02
1.483287e+01 5.846635e-03 -1.691664e+02
1.483287e+01 6.313202e-03 -1.752591e+02
1.483287e+01 6.817002e-03 -1.809800e+02
1.483287e+01 7.361006e-03 -1.862307e+02
1.483287e+01 7.948422e-03 -1.909012e+02
1.483287e+01 8.582714e-03 -1.948719e+02
1.483287e+01 9.267624e-03 -1.980241e+02
1.483287e+01 1.000719e-02 -2.002317e+02
1.483287e+01 1.080577e-02 -2.013674e+02
1.483287e+01 1.166809e-02 -2.013171e+02
1.483287e+01 1.259921e-02 -1.999792e+02
1.483287e+01 1.360464e-02 -1.972714e+02
1.483287e+01 1.469030e-02 -1.931452e+02
1.483287e+01 1.586261e-02 -1.876108e+02
1.483287e+01 1.712846e-02 -1.807336e+02
1.483287e+01 1.849533e-02 -1.726223e+02
1.483287e+01 1.997127e-02 -1.635108e+02
1.483287e+01 2.156500e-02 -1.537120e+02
1.483287e+01 2.328591e-02 -1.435282e+02
1.483287e+01 2.514415e-02 -1.333745e+02
1.483287e+01 2.715068e-02 -1.236944e+02
1.483287e+01 2.931733e-02 -1.148204e+02
1.483287e+01 3.165689e-02 -1.069965e+02
1.483287e+01 3.418314e-02 -1.003694e+02
1.483287e+01 3.691099e-02 -9.483671e+01
1.483287e+01 3.985652e-02 -9.006333e+01
1.483287e+01 4.303711e-02 -8.548707e+01
1.483287e+01 4.647152e-02 -8.042553e+01
1.483287e+01 5.017999e-02 -7.429847e+01
1.483287e+01 5.418441e-02 -6.850927e+01
1.483287e+01 5.850838e-02 -6.476475e+01
1.483287e+01 6.317741e-02 -6.072141e+01
1.483287e+01 6.821903e-02 -5.635541e+01
1.483287e+01 7.366298e-02 -5.168222e+01
1.483287e+01 7.954136e-02 -4.705700e+01
1.483287e+01 8.588885e-02 -4.206268e+01
1.483287e+01 9.274286e-02 -3.666981e+01
1.483287e+01 1.001438e-01 -3.084659e+01
1.483287e+01 1.081354e-01 -2.737416e+01
1.483287e+01 1.167647e-01 -2.496792e+01
1.483287e+01 1.260827e-01 -2.236964e+01
1.483287e+01 1.361442e-01 -1.956403e+01
1.483287e+01 1.470087e-01 -1.684360e+01
1.483287e+01 1.587401e-01 -1.522270e+01
1.483287e+01 1.714077e-01 -1.347245e+01
1.483287e+01 1.850862e-01 -1.158253e+01
1.483287e+01 1.998563e-01 -9.541794e+00
1.483287e+01 2.158051e-01 -8.460471e+00
1.483287e+01 2.330265e-01 -7.517023e+00
1.483287e+01 2.516223e-01 -6.498287e+00
1.483287e+01 2.717020e-01 -5.398254e+00
1.483287e+01 2.933841e-01 -4.541806e+00
1.483287e+01 3.167964e-01 -4.038156e+00
1.483287e+01 3.420771e-01 -3.494316e+00
1.483287e+01 3.693752e-01 -2.907076e+00
1.483287e+01 3.988518e-01 -2.301879e+00
1.483287e+01 4.306805e-01 -2.053832e+00
1.483287e+01 4.650493e-01 -1.785991e+00
1.483287e+01 5.021607e-01 -1.496776e+00
1.483287e+01 5.422336e-01 -1.184481e+00
1.483287e+01 5.855044e-01 -1.000890e+00
1.483287e+01 6.322283e-01 -8.742379e-01
1.483287e+01 6.826808e-01 -7.374791e-01
1.483287e+01 7.371594e-01 -5.898069e-01
1.483287e+01 7.959855e-01 -4.640077e-01
1.483287e+01 8.595059e-01 -4.073678e-01
1.483287e+01 9.280954e-01 -3.462080e-01
1.483287e+01 1.002158e+00 -2.801675e-01
1.483287e+01 1.082132e+00 -2.088570e-01
1.483287e+01 1.168487e+00 -1.810982e-01
1.483287e+01 1.261733e+00 -1.553181e-01
1.483287e+01 1.362421e+00 -1.274808e-01
1.483287e+01 1.471144e+00 -9.742210e-02
1.483287e+01 1.588542e+00 -7.728297e-02
1.483287e+01 1.715310e+00 -6.632192e-02
1.483287e+01 1.852193e+00 -5.448616e-02
1.483287e+01 2.000000e+00 -4.170590e-02
1.514953e+01 1.000000e-03 -3.715865e+01
1.514953e+01 1.079801e-03 -3.986584e+01
1.514953e+01 1.165970e-03 -4.274661e+01
1.514953e+01 1.259016e-03 -4.580726e+01
1.514953e+01 1.359487e-03 -4.905335e+01
1.514953e+01 1.467975e-03 -5.248970e+01
1.514953e+01 1.585121e-03 -5.612018e+01
1.514953e+01 1.711615e-03 -5.994754e+01
1.514953e+01 1.848204e-03 -6.397331e+01
1.514953e+01 1.995693e-03 -6.819760e+01
1.514953e+01 2.154951e-03 -7.261892e+01
1.514953e+01 2.326918e-03 -7.723398e+01
1.514953e+01 2.512609e-03 -8.203689e+01
1.514953e+01 2.713117e-03 -8.701888e+01
1.514953e+01 2.929627e-03 -9.216844e+01
1.514953e+01 3.163414e-03 -9.746967e+01
1.514953e+01 3.415858e-03 -1.029019e+02
1.514953e+01 3.688447e-03 -1.084405e+02
1.514953e+01 3.982789e-03 -1.140555e+02
1.514953e+01 4.300619e-03 -1.197112e+02
1.514953e+01 4.643813e-03 -1.253673e+02
1.514953e+01 5.014394e-03 -1.309758e+02
1.514953e+01 5.414548e-03 -1.364813e+02
1.514953e+01 5.846635e-03 -1.418231e+02
1.514953e+01 6.313202e-03 -1.469314e+02
1.514953e+01 6.817002e-03 -1.517279e+02
1.514953e+01 7.361006e-03 -1.561302e+02
1.514953e+01 7.948422e-03 -1.600460e+02
1.514953e+01 8.582714e-03 -1.633752e+02
1.514953e+01 9.267624e-03 -1.660180e+02
1.514953e+01 1.000719e-02 -1.678690e+02
1.514953e+01 1.080577e-02 -1.688213e+02
1.514953e+01 1.166809e-02 -1.687793e+02
1.514953e+01 1.259921e-02 -1.676577e+02
1.514953e+01 1.360464e-02 -1.653877e+02
1.514953e+01 1.469030e-02 -1.619285e+02
1.514953e+01 1.586261e-02 -1.572886e+02
1.514953e+01 1.712846e-02 -1.515231e+02
1.514953e+01 1.849533e-02 -1.447228e+02
1.514953e+01 1.997127e-02 -1.370839e+02
1.514953e+01 2.156500e-02 -1.288688e+02
1.514953e+01 2.328591e-02 -1.203310e+02
1.514953e+01 2.514415e-02 -1.118184e+02
1.514953e+01 2.715068e-02 -1.037028e+02
1.514953e+01 2.931733e-02 -9.626301e+01
1.514953e+01 3.165689e-02 -8.970364e+01
1.514953e+01 3.418314e-02 -8.414764e+01
1.514953e+01 3.691099e-02 -7.950914e+01
1.514953e+01 3.985652e-02 -7.550723e+01
1.514953e+01 4.303711e-02 -7.167059e+01
1.514953e+01 4.647152e-02 -6.742709e+01
1.514953e+01 5.017999e-02 -6.229030e+01
1.514953e+01 5.418441e-02 -5.746158e+01
1.514953e+01 5.850838e-02 -5.439136e+01
1.514953e+01 6.317741e-02 -5.107614e+01
1.514953e+01 6.821903e-02 -4.749636e+01
1.514953e+01 7.366298e-02 -4.365466e+01
1.514953e+01 7.954136e-02 -3.974894e+01
1.514953e+01 8.588885e-02 -3.553154e+01
1.514953e+01 9.274286e-02 -3.097759e+01
1.514953e+01 1.001438e-01 -2.606022e+01
1.514953e+01 1.081354e-01 -2.312143e+01
1.514953e+01 1.167647e-01 -2.107931e+01
1.514953e+01 1.260827e-01 -1.887424e+01
1.514953e+01 1.361442e-01 -1.649319e+01
1.514953e+01 1.470087e-01 -1.418726e+01
1.514953e+01 1.587401e-01 -1.282671e+01
1.514953e+01 1.714077e-01 -1.135759e+01
1.514953e+01 1.850862e-01 -9.771231e+00
1.514953e+01 1.998563e-01 -8.058278e+00
1.514953e+01 2.158051e-01 -7.147536e+00
1.514953e+01 2.330265e-01 -6.351657e+00
1.514953e+01 2.516223e-01 -5.492266e+00
1.514953e+01 2.717020e-01 -4.564294e+00
1.514953e+01 2.933841e-01 -3.842239e+00
1.514953e+01 3.167964e-01 -3.418385e+00
1.514953e+01 3.420771e-01 -2.960707e+00
1.514953e+01 3.693752e-01 -2.466506e+00
1.514953e+01 3.988518e-01 -1.957152e+00
1.514953e+01 4.306805e-01 -1.747794e+00
1.514953e+01 4.650493e-01 -1.521728e+00
1.514953e+01 5.021607e-01 -1.277622e+00
1.514953e+01 5.422336e-01 -1.014036e+00
1.514953e+01 5.855044e-01 -8.589736e-01
1.514953e+01 6.322283e-01 -7.519116e-01
1.514953e+01 6.826808e-01 -6.363059e-01
1.514953e+01 7.371594e-01 -5.114748e-01
1.514953e+01 7.959855e-01 -4.048873e-01
1.514953e+01 8.595059e-01 -3.561632e-01
1.514953e+01 9.280954e-01 -3.035508e-01
1.514953e+01 1.002158e+00 -2.467400e-01
1.514953e+01 1.082132e+00 -1.853955e-01
1.514953e+01 1.168487e+00 -1.611142e-01
1.514953e+01 1.261733e+00 -1.384688e-01
1.514953e+01 1.362421e+00 -1.140163e-01
1.514953e+01 1.471144e+00 -8.761245e-02
1.514953e+01 1.588542e+00 -6.982016e-02
1.514953e+01 1.715310e+00 -5.999260e-02
1.514953e+01 1.852193e+00 -4.938080e-02
1.514953e+01 2.000000e+00 -3.792216e-02
1.547252e+01 1.000000e-03 -3.104531e+01
1.547252e+01 1.079801e-03 -3.330780e+01
1.547252e+01 1.165970e-03 -3.571545e+01
1.547252e+01 1.259016e-03 -3.827357e+01
1.547252e+01 1.359487e-03 -4.098678e+01
1.547252e+01 1.467975e-03 -4.385912e+01
1.547252e+01 1.585121e-03 -4.689381e+01
1.547252e+01 1.711615e-03 -5.009313e+01
1.547252e+01 1.848204e-03 -5.345831e+01
1.547252e+01 1.995693e-03 -5.698942e+01
1.547252e+01 2.154951e-03 -6.068519e+01
1.547252e+01 2.326918e-03 -6.454281e+01
1.547252e+01 2.512609e-03 -6.855735e+01
1.547252e+01 2.713117e-03 -7.272150e+01
1.547252e+01 2.929627e-03 -7.702568e+01
1.547252e+01 3.163414e-03 -8.145661e+01
1.547252e+01 3.415858e-03 -8.599700e+01
1.547252e+01 3.688447e-03 -9.062631e+01
1.547252e+01 3.982789e-03 -9.531944e+01
1.547252e+01 4.300619e-03 -1.000466e+02
1.547252e+01 4.643813e-03 -1.047740e+02
1.547252e+01 5.014394e-03 -1.094617e+02
1.547252e+01 5.414548e-03 -1.140632e+02
1.547252e+01 5.846635e-03 -1.185279e+02
1.547252e+01 6.313202e-03 -1.227974e+02
1.547252e+01 6.817002e-03 -1.268063e+02
1.547252e+01 7.361006e-03 -1.304858e+02
1.547252e+01 7.948422e-03 -1.337587e+02
1.547252e+01 8.582714e-03 -1.365412e+02
1.547252e+01 9.267624e-03 -1.387501e+02
1.547252e+01 1.000719e-02 -1.402972e+02
1.547252e+01 1.080577e-02 -1.410932e+02
1.547252e+01 1.166809e-02 -1.410583e+02
1.547252e+01 1.259921e-02 -1.401210e+02
1.547252e+01 1.360464e-02 -1.382239e+02
1.547252e+01 1.469030e-02 -1.353330e+02
1.547252e+01 1.586261e-02 -1.314552e+02
1.547252e+01 1.712846e-02 -1.266367e+02
1.547252e+01 1.849533e-02 -1.209533e+02
1.547252e+01 1.997127e-02 -1.145691e+02
1.547252e+01 2.156500e-02 -1.077033e+02
1.547252e+01 2.328591e-02 -1.005678e+02
1.547252e+01 2.514415e-02 -9.345332e+01
1.547252e+01 2.715068e-02 -8.667061e+01
1.547252e+01 2.931733e-02 -8.045277e+01
1.547252e+01 3.165689e-02 -7.497071e+01
1.547252e+01 3.418314e-02 -7.032723e+01
1.547252e+01 3.691099e-02 -6.645055e+01
1.547252e+01 3.985652e-02 -6.310592e+01
1.547252e+01 4.303711e-02 -5.989941e+01
1.547252e+01 4.647152e-02 -5.635287e+01
1.547252e+01 5.017999e-02 -5.205974e+01
1.547252e+01 5.418441e-02 -4.802499e+01
1.547252e+01 5.850838e-02 -4.546151e+01
1.547252e+01 6.317741e-02 -4.269347e+01
1.547252e+01 6.821903e-02 -3.970453e+01
1.547252e+01 7.366298e-02 -3.649762e+01
1.547252e+01 7.954136e-02 -3.324455e+01
1.547252e+01 8.588885e-02 -2.973188e+01
1.547252e+01 9.274286e-02 -2.593890e+01
1.547252e+01 1.001438e-01 -2.184324e+01
1.547252e+01 1.081354e-01 -1.938382e+01
1.547252e+01 1.167647e-01 -1.766472e+01
1.547252e+01 1.260827e-01 -1.580844e+01
1.547252e+01 1.361442e-01 -1.380403e+01
1.547252e+01 1.470087e-01 -1.186457e+01
1.547252e+01 1.587401e-01 -1.072840e+01
1.547252e+01 1.714077e-01 -9.501563e+00
1.547252e+01 1.850862e-01 -8.176823e+00
1.547252e+01 1.998563e-01 -6.746367e+00
1.547252e+01 2.158051e-01 -5.986594e+00
1.547252e+01 2.330265e-01 -5.322956e+00
1.547252e+01 2.516223e-01 -4.606358e+00
1.547252e+01 2.717020e-01 -3.832576e+00
1.547252e+01 2.933841e-01 -3.229693e+00
1.547252e+01 3.167964e-01 -2.874379e+00
1.547252e+01 3.420771e-01 -2.490712e+00
1.547252e+01 3.693752e-01 -2.076427e+00
1.547252e+01 3.988518e-01 -1.649473e+00
1.547252e+01 4.306805e-01 -1.474467e+00
1.547252e+01 4.650493e-01 -1.285496e+00
1.547252e+01 5.021607e-01 -1.081444e+00
1.547252e+01 5.422336e-01 -8.611094e-01
1.547252e+01 5.855044e-01 -7.311963e-01
1.547252e+01 6.322283e-01 -6.412469e-01
1.547252e+01 6.826808e-01 -5.441196e-01
1.547252e+01 7.371594e-01 -4.392414e-01
1.547252e+01 7.959855e-01 -3.495420e-01
1.547252e+01 8.595059e-01 -3.080951e-01
1.547252e+01 9.280954e-01 -2.633406e-01
1.547252e+01 1.002158e+00 -2.150147e-01
1.547252e+01 1.082132e+00 -1.628324e-01
1.547252e+01 1.168487e+00 -1.417996e-01
1.547252e+01 1.261733e+00 -1.220961e-01
1.547252e+01 1.362421e+00 -1.008202e-01
1.547252e+01 1.471144e+00 -7.784642e-02
1.547252e+01 1.588542e+00 -6.228695e-02
1.547252e+01 1.715310e+00 -5.358245e-02
1.547252e+01 1.852193e+00 -4.418332e-02
1.547252e+01 2.000000e+00 -3.403413e-02
1.580197e+01 1.000000e-03 -2.558884e+01
1.580197e+01 1.079801e-03 -2.745424e+01
1.580197e+01 1.165970e-03 -2.943943e+01
1.580197e+01 1.259016e-03 -3.154877e+01
1.580197e+01 1.359487e-03 -3.378609e+01
1.580197e+01 1.467975e-03 -3.615471e+01
1.580197e+01 1.585121e-03 -3.865729e+01
1.580197e+01 1.711615e-03 -4.129568e+01
1.580197e+01 1.848204e-03 -4.407087e+01
1.580197e+01 1.995693e-03 -4.698289e+01
1.580197e+01 2.154951e-03 -5.003066e+01
1.580197e+01 2.326918e-03 -5.321183e+01
1.580197e+01 2.512609e-03 -5.652233e+01
1.580197e+01 2.713117e-03 -5.995613e+01
1.580197e+01 2.929627e-03 -6.350536e+01
1.580197e+01 3.163414e-03 -6.715908e+01
1.580197e+01 3.415858e-03 -7.090306e+01
1.580197e+01 3.688447e-03 -7.472035e+01
1.580197e+01 3.982789e-03 -7.859025e+01
1.580197e+01 4.300619e-03 -8.248821e+01
1.580197e+01 4.643813e-03 -8.638638e+01
1.580197e+01 5.014394e-03 -9.025170e+01
1.580197e+01 5.414548e-03 -9.404596e+01
1.580197e+01 5.846635e-03 -9.772743e+01
1.580197e+01 6.313202e-03 -1.012480e+02
1.580197e+01 6.817002e-03 -1.045536e+02
1.580197e+01 7.361006e-03 -1.075876e+02
1.580197e+01 7.948422e-03 -1.102863e+02
1.580197e+01 8.582714e-03 -1.125807e+02
1.580197e+01 9.267624e-03 -1.144021e+02
1.580197e+01 1.000719e-02 -1.156778e+02
1.580197e+01 1.080577e-02 -1.163343e+02
1.580197e+01 1.166809e-02 -1.163055e+02
1.580197e+01 1.259921e-02 -1.155328e+02
1.580197e+01 1.360464e-02 -1.139687e+02
1.580197e+01 1.469030e-02 -1.115851e+02
1.580197e+01 1.586261e-02 -1.083879e+02
1.580197e+01 1.712846e-02 -1.044150e+02
1.580197e+01 1.849533e-02 -9.972896e+01
1.580197e+01 1.997127e-02 -9.446505e+01
1.580197e+01 2.156500e-02 -8.880408e+01
1.580197e+01 2.328591e-02 -8.292064e+01
1.580197e+01 2.514415e-02 -7.705463e+01
1.580197e+01 2.715068e-02 -7.146212e+01
1.580197e+01 2.931733e-02 -6.633536e+01
1.580197e+01 3.165689e-02 -6.181527e+01
1.580197e+01 3.418314e-02 -5.798661e+01
1.580197e+01 3.691099e-02 -5.479019e+01
1.580197e+01 3.985652e-02 -5.203245e+01
1.580197e+01 4.303711e-02 -4.938860e+01
1.580197e+01 4.647152e-02 -4.646438e+01
1.580197e+01 5.017999e-02 -4.292460e+01
1.580197e+01 5.418441e-02 -3.962023e+01
1.580197e+01 5.850838e-02 -3.756893e+01
1.580197e+01 6.317741e-02 -3.535394e+01
1.580197e+01 6.821903e-02 -3.296218e+01
1.580197e+01 7.366298e-02 -3.038596e+01
1.580197e+01 7.954136e-02 -2.766950e+01
1.580197e+01 8.588885e-02 -2.473626e+01
1.580197e+01 9.274286e-02 -2.156895e+01
1.580197e+01 1.001438e-01 -1.814888e+01
1.580197e+01 1.081354e-01 -1.610169e+01
1.580197e+01 1.167647e-01 -1.467635e+01
1.580197e+01 1.260827e-01 -1.313727e+01
1.580197e+01 1.361442e-01 -1.147536e+01
1.580197e+01 1.470087e-01 -9.867167e+00
1.580197e+01 1.587401e-01 -8.924347e+00
1.580197e+01 1.714077e-01 -7.906289e+00
1.580197e+01 1.850862e-01 -6.806989e+00
1.580197e+01 1.998563e-01 -5.619963e+00
1.580197e+01 2.158051e-01 -4.987748e+00
1.580197e+01 2.330265e-01 -4.434821e+00
1.580197e+01 2.516223e-01 -3.837770e+00
1.580197e+01 2.717020e-01 -3.193074e+00
1.580197e+01 2.933841e-01 -2.691199e+00
1.580197e+01 3.167964e-01 -2.396177e+00
1.580197e+01 3.420771e-01 -2.077611e+00
1.580197e+01 3.693752e-01 -1.733624e+00
1.580197e+01 3.988518e-01 -1.379123e+00
1.580197e+01 4.306805e-01 -1.233910e+00
1.580197e+01 4.650493e-01 -1.077109e+00
1.580197e+01 5.021607e-01 -9.077947e-01
1.580197e+01 5.422336e-01 -7.249692e-01
1.580197e+01 5.855044e-01 -6.170548e-01
1.580197e+01 6.322283e-01 -5.422367e-01
1.580197e+01 6.826808e-01 -4.614480e-01
1.580197e+01 7.371594e-01 -3.742124e-01
1.580197e+01 7.959855e-01 -2.994428e-01
1.580197e+01 8.595059e-01 -2.644211e-01
1.580197e+01 9.280954e-01 -2.266046e-01
1.580197e+01 1.002158e+00 -1.857702e-01
1.580197e+01 1.082132e+00 -1.416773e-01
1.580197e+01 1.168487e+00 -1.236313e-01
1.580197e+01 1.261733e+00 -1.066633e-01
1.580197e+01 1.362421e+00 -8.834123e-02
1.580197e+01 1.471144e+00 -6.855705e-02
1.580197e+01 1.588542e+00 -5.507697e-02
1.580197e+01 1.715310e+00 -4.742295e-02
1.580197e+01 1.852193e+00 -3.915815e-02
1.580197e+01 2.000000e+00 -3.023380e-02
1.613801e+01 1.000000e-03 -2.119616e+01
1.613801e+01 1.079801e-03 -2.274181e+01
1.613801e+01 1.165970e-03 -2.438680e+01
1.613801e+01 1.259016e-03 -2.613474e+01
1.613801e+01 1.359487e-03 -2.798882e+01
1.613801e+01 1.467975e-03 -2.995177e+01
1.613801e+01 1.585121e-03 -3.202581e+01
1.613801e+01 1.711615e-03 -3.421245e+01
1.613801e+01 1.848204e-03 -3.651249e+01
1.613801e+01 1.995693e-03 -3.892593e+01
1.613801e+01 2.154951e-03 -4.145185e+01
1.613801e+01 2.326918e-03 -4.408826e+01
1.613801e+01 2.512609e-03 -4.683179e+01
1.613801e+01 2.713117e-03 -4.967744e+01
1.613801e+01 2.929627e-03 -5.261872e+01
1.613801e+01 3.163414e-03 -5.564656e+01
1.613801e+01 3.415858e-03 -5.874919e+01
1.613801e+01 3.688447e-03 -6.191257e+01
1.613801e+01 3.982789e-03 -6.511955e+01
1.613801e+01 4.300619e-03 -6.834977e+01
1.613801e+01 4.643813e-03 -7.158013e+01
1.613801e+01 5.014394e-03 -7.478325e+01
1.613801e+01 5.414548e-03 -7.792747e+01
1.613801e+01 5.846635e-03 -8.097821e+01
1.613801e+01 6.313202e-03 -8.389558e+01
1.613801e+01 6.817002e-03 -8.663487e+01
1.613801e+01 7.361006e-03 -8.914906e+01
1.613801e+01 7.948422e-03 -9.138541e+01
1.613801e+01 8.582714e-03 -9.328673e+01
1.613801e+01 9.267624e-03 -9.479614e+01
1.613801e+01 1.000719e-02 -9.585334e+01
1.613801e+01 1.080577e-02 -9.639737e+01
1.613801e+01 1.166809e-02 -9.637365e+01
1.613801e+01 1.259921e-02 -9.573344e+01
1.613801e+01 1.360464e-02 -9.443744e+01
1.613801e+01 1.469030e-02 -9.246242e+01
1.613801e+01 1.586261e-02 -8.981317e+01
1.613801e+01 1.712846e-02 -8.652113e+01
1.613801e+01 1.849533e-02 -8.263821e+01
1.613801e+01 1.997127e-02 -7.827642e+01
1.613801e+01 2.156500e-02 -7.358560e+01
1.613801e+01 2.328591e-02 -6.871044e+01
1.613801e+01 2.514415e-02 -6.384970e+01
1.613801e+01 2.715068e-02 -5.921560e+01
1.613801e+01 2.931733e-02 -5.496742e+01
1.613801e+01 3.165689e-02 -5.122195e+01
1.613801e+01 3.418314e-02 -4.804941e+01
1.613801e+01 3.691099e-02 -4.540076e+01
1.613801e+01 3.985652e-02 -4.311562e+01
1.613801e+01 4.303711e-02 -4.092485e+01
1.613801e+01 4.647152e-02 -3.850175e+01
1.613801e+01 5.017999e-02 -3.556858e+01
1.613801e+01 5.418441e-02 -3.281787e+01
1.613801e+01 5.850838e-02 -3.108297e+01
1.613801e+01 6.317741e-02 -2.920962e+01
1.613801e+01 6.821903e-02 -2.718677e+01
1.613801e+01 7.366298e-02 -2.501365e+01
1.613801e+01 7.954136e-02 -2.278096e+01
1.613801e+01 8.588885e-02 -2.037009e+01
1.613801e+01 9.274286e-02 -1.776684e+01
1.613801e+01 1.001438e-01 -1.495585e+01
1.613801e+01 1.081354e-01 -1.326992e+01
1.613801e+01 1.167647e-01 -1.209324e+01
1.613801e+01 1.260827e-01 -1.082267e+01
1.613801e+01 1.361442e-01 -9.450706e+00
1.613801e+01 1.470087e-01 -8.124175e+00
1.613801e+01 1.587401e-01 -7.351709e+00
1.613801e+01 1.714077e-01 -6.517600e+00
1.613801e+01 1.850862e-01 -5.616928e+00
1.613801e+01 1.998563e-01 -4.644382e+00
1.613801e+01 2.158051e-01 -4.123987e+00
1.613801e+01 2.330265e-01 -3.667882e+00
1.613801e+01 2.516223e-01 -3.175379e+00
1.613801e+01 2.717020e-01 -2.643573e+00
1.613801e+01 2.933841e-01 -2.229482e+00
1.613801e+01 3.167964e-01 -1.985889e+00
1.613801e+01 3.420771e-01 -1.722858e+00
1.613801e+01 3.693752e-01 -1.438836e+00
1.613801e+01 3.988518e-01 -1.146142e+00
1.613801e+01 4.306805e-01 -1.026368e+00
1.613801e+01 4.650493e-01 -8.970366e-01
1.613801e+01 5.021607e-01 -7.573843e-01
1.613801e+01 5.422336e-01 -6.065876e-01
1.613801e+01 5.855044e-01 -5.174584e-01
1.613801e+01 6.322283e-01 -4.555620e-01
1.613801e+01 6.826808e-01 -3.887263e-01
1.613801e+01 7.371594e-01 -3.165569e-01
1.613801e+01 7.959855e-01 -2.545834e-01
1.613801e+01 8.595059e-01 -2.252080e-01
1.613801e+01 9.280954e-01 -1.934883e-01
1.613801e+01 1.002158e+00 -1.592374e-01
1.613801e+01 1.082132e+00 -1.222532e-01
1.613801e+01 1.168487e+00 -1.069064e-01
1.613801e+01 1.261733e+00 -9.242921e-02
1.613801e+01 1.362421e+00 -7.679670e-02
1.613801e+01 1.471144e+00 -5.991669e-02
1.613801e+01 1.588542e+00 -4.834145e-02
1.613801e+01 1.715310e+00 -4.166640e-02
1.613801e+01 1.852193e+00 -3.445868e-02
1.613801e+01 2.000000e+00 -2.667577e-02
1.648077e+01 1.000000e-03 -1.740796e+01
1.648077e+01 1.079801e-03 -1.867777e+01
1.648077e+01 1.165970e-03 -2.002925e+01
1.648077e+01 1.259016e-03 -2.146538e+01
1.648077e+01 1.359487e-03 -2.298877e+01
1.648077e+01 1.467975e-03 -2.460170e+01
1.648077e+01 1.585121e-03 -2.630595e+01
1.648077e+01 1.711615e-03 -2.810277e+01
1.648077e+01 1.848204e-03 -2.999280e+01
1.648077e+01 1.995693e-03 -3.197602e+01
1.648077e+01 2.154951e-03 -3.405163e+01
1.648077e+01 2.326918e-03 -3.621800e+01
1.648077e+01 2.512609e-03 -3.847232e+01
1.648077e+01 2.713117e-03 -4.081051e+01
1.648077e+01 2.929627e-03 -4.322724e+01
1.648077e+01 3.163414e-03 -4.571507e+01
1.648077e+01 3.415858e-03 -4.826434e+01
1.648077e+01 3.688447e-03 -5.086352e+01
1.648077e+01 3.982789e-03 -5.349854e+01
1.648077e+01 4.300619e-03 -5.615264e+01
1.648077e+01 4.643813e-03 -5.880682e+01
1.648077e+01 5.014394e-03 -6.143860e+01
1.648077e+01 5.414548e-03 -6.402198e+01
1.648077e+01 5.846635e-03 -6.652854e+01
1.648077e+01 6.313202e-03 -6.892553e+01
1.648077e+01 6.817002e-03 -7.117620e+01
1.648077e+01 7.361006e-03 -7.324193e+01
1.648077e+01 7.948422e-03 -7.507937e+01
1.648077e+01 8.582714e-03 -7.664156e+01
1.648077e+01 9.267624e-03 -7.788175e+01
1.648077e+01 1.000719e-02 -7.875041e+01
1.648077e+01 1.080577e-02 -7.919745e+01
1.648077e+01 1.166809e-02 -7.917803e+01
1.648077e+01 1.259921e-02 -7.865211e+01
1.648077e+01 1.360464e-02 -7.758740e+01
1.648077e+01 1.469030e-02 -7.596482e+01
1.648077e+01 1.586261e-02 -7.378832e+01
1.648077e+01 1.712846e-02 -7.108371e+01
1.648077e+01 1.849533e-02 -6.789363e+01
1.648077e+01 1.997127e-02 -6.431011e+01
1.648077e+01 2.156500e-02 -6.045626e+01
1.648077e+01 2.328591e-02 -5.645095e+01
1.648077e+01 2.514415e-02 -5.245749e+01
1.648077e+01 2.715068e-02 -4.865023e+01
1.648077e+01 2.931733e-02 -4.516003e+01
1.648077e+01 3.165689e-02 -4.208283e+01
1.648077e+01 3.418314e-02 -3.947634e+01
1.648077e+01 3.691099e-02 -3.730027e+01
1.648077e+01 3.985652e-02 -3.542285e+01
1.648077e+01 4.303711e-02 -3.362296e+01
1.648077e+01 4.647152e-02 -3.163220e+01
1.648077e+01 5.017999e-02 -2.922237e+01
1.648077e+01 5.418441e-02 -2.695693e+01
1.648077e+01 5.850838e-02 -2.551619e+01
1.648077e+01 6.317741e-02 -2.396048e+01
1.648077e+01 6.821903e-02 -2.228063e+01
1.648077e+01 7.366298e-02 -2.047896e+01
1.648077e+01 7.954136e-02 -1.865851e+01
1.648077e+01 8.588885e-02 -1.669279e+01
1.648077e+01 9.274286e-02 -1.457020e+01
1.648077e+01 1.001438e-01 -1.227823e+01
1.648077e+01 1.081354e-01 -1.090103e+01
1.648077e+01 1.167647e-01 -9.937634e+00
1.648077e+01 1.260827e-01 -8.897357e+00
1.648077e+01 1.361442e-01 -7.774065e+00
1.648077e+01 1.470087e-01 -6.687288e+00
1.648077e+01 1.587401e-01 -6.051180e+00
1.648077e+01 1.714077e-01 -5.364310e+00
1.648077e+01 1.850862e-01 -4.622627e+00
1.648077e+01 1.998563e-01 -3.821756e+00
1.648077e+01 2.158051e-01 -3.393457e+00
1.648077e+01 2.330265e-01 -3.018164e+00
1.648077e+01 2.516223e-01 -2.612921e+00
1.648077e+01 2.717020e-01 -2.175340e+00
1.648077e+01 2.933841e-01 -1.834840e+00
1.648077e+01 3.167964e-01 -1.634932e+00
1.648077e+01 3.420771e-01 -1.419070e+00
1.648077e+01 3.693752e-01 -1.185983e+00
1.648077e+01 3.988518e-01 -9.458083e-01
1.648077e+01 4.306805e-01 -8.479507e-01
1.648077e+01 4.650493e-01 -7.422839e-01
1.648077e+01 5.021607e-01 -6.281848e-01
1.648077e+01 5.422336e-01 -5.049804e-01
1.648077e+01 5.855044e-01 -4.318004e-01
1.648077e+01 6.322283e-01 -3.806740e-01
1.648077e+01 6.826808e-01 -3.254676e-01
1.648077e+01 7.371594e-01 -2.658557e-01
1.648077e+01 7.959855e-01 -2.146266e-01
1.648077e+01 8.595059e-01 -1.902285e-01
1.648077e+01 9.280954e-01 -1.638833e-01
1.648077e+01 1.002158e+00 -1.354357e-01
1.648077e+01 1.082132e+00 -1.047180e-01
1.648077e+01 1.168487e+00 -9.174870e-02
1.648077e+01 1.261733e+00 -7.946483e-02
1.648077e+01 1.362421e+00 -6.620070e-02
1.648077e+01 1.471144e+00 -5.187807e-02
1.648077e+01 1.588542e+00 -4.201226e-02
1.648077e+01 1.715310e+00 -3.626197e-02
1.648077e+01 1.852193e+00 -3.005280e-02
1.648077e+01 2.000000e+00 -2.334813e-02
1.683038e+01 1.000000e-03 -1.413991e+01
1.683038e+01 1.079801e-03 -1.517166e+01
1.683038e+01 1.165970e-03 -1.626982e+01
1.683038e+01 1.259016e-03 -1.743682e+01
1.683038e+01 1.359487e-03 -1.867478e+01
1.683038e+01 1.467975e-03 -1.998556e+01
1.683038e+01 1.585121e-03 -2.137061e+01
1.683038e+01 1.711615e-03 -2.283092e+01
1.683038e+01 1.848204e-03 -2.436700e+01
1.683038e+01 1.995693e-03 -2.597882e+01
1.683038e+01 2.154951e-03 -2.766573e+01
1.683038e+01 2.326918e-03 -2.942635e+01
1.683038e+01 2.512609e-03 -3.125840e+01
1.683038e+01 2.713117e-03 -3.315858e+01
1.683038e+01 2.929627e-03 -3.512254e+01
1.683038e+01 3.163414e-03 -3.714427e+01
1.683038e+01 3.415858e-03 -3.921591e+01
1.683038e+01 3.688447e-03 -4.132812e+01
1.683038e+01 3.982789e-03 -4.346944e+01
1.683038e+01 4.300619e-03 -4.562627e+01
1.683038e+01 4.643813e-03 -4.778315e+01
1.683038e+01 5.014394e-03 -4.992180e+01
1.683038e+01 5.414548e-03 -5.202110e+01
1.683038e+01 5.846635e-03 -5.405799e+01
1.683038e+01 6.313202e-03 -5.600583e+01
1.683038e+01 6.817002e-03 -5.783477e+01
1.683038e+01 7.361006e-03 -5.951343e+01
1.683038e+01 7.948422e-03 -6.100657e+01
1.683038e+01 8.582714e-03 -6.227604e+01
1.683038e+01 9.267624e-03 -6.328386e+01
1.683038e+01 1.000719e-02 -6.398978e+01
1.683038e+01 1.080577e-02 -6.435310e+01
1.683038e+01 1.166809e-02 -6.433738e+01
1.683038e+01 1.259921e-02 -6.391008e+01
1.683038e+01 1.360464e-02 -6.304498e+01
1.683038e+01 1.469030e-02 -6.172657e+01
1.683038e+01 1.586261e-02 -5.995806e+01
1.683038e+01 1.712846e-02 -5.776041e+01
1.683038e+01 1.849533e-02 -5.516829e+01
1.683038e+01 1.997127e-02 -5.225645e+01
1.683038e+01 2.156500e-02 -4.912495e+01
1.683038e+01 2.328591e-02 -4.587037e+01
1.683038e+01 2.514415e-02 -4.262541e+01
1.683038e+01 2.715068e-02 -3.953175e+01
1.683038e+01 2.931733e-02 -3.669572e+01
1.683038e+01 3.165689e-02 -3.419528e+01
1.683038e+01 3.418314e-02 -3.207732e+01
1.683038e+01 3.691099e-02 -3.030911e+01
1.683038e+01 3.985652e-02 -2.878357e+01
1.683038e+01 4.303711e-02 -2.732103e+01
1.683038e+01 4.647152e-02 -2.570340e+01
1.683038e+01 5.017999e-02 -2.374525e+01
1.683038e+01 5.418441e-02 -2.190424e+01
1.683038e+01 5.850838e-02 -2.073306e+01
1.683038e+01 6.317741e-02 -1.946841e+01
1.683038e+01 6.821903e-02 -1.810285e+01
1.683038e+01 7.366298e-02 -1.663871e+01
1.683038e+01 7.954136e-02 -1.516387e+01
1.683038e+01 8.588885e-02 -1.357133e+01
1.683038e+01 9.274286e-02 -1.185171e+01
1.683038e+01 1.001438e-01 -9.994866e+00
1.683038e+01 1.081354e-01 -8.878084e+00
1.683038e+01 1.167647e-01 -8.095964e+00
1.683038e+01 1.260827e-01 -7.251430e+00
1.683038e+01 1.361442e-01 -6.339501e+00
1.683038e+01 1.470087e-01 -5.456775e+00
1.683038e+01 1.587401e-01 -4.938003e+00
1.683038e+01 1.714077e-01 -4.377833e+00
1.683038e+01 1.850862e-01 -3.772961e+00
1.683038e+01 1.998563e-01 -3.119819e+00
1.683038e+01 2.158051e-01 -2.770415e+00
1.683038e+01 2.330265e-01 -2.464209e+00
1.683038e+01 2.516223e-01 -2.133568e+00
1.683038e+01 2.717020e-01 -1.776541e+00
1.683038e+01 2.933841e-01 -1.498970e+00
1.683038e+01 3.167964e-01 -1.336444e+00
1.683038e+01 3.420771e-01 -1.160948e+00
1.683038e+01 3.693752e-01 -9.714467e-01
1.683038e+01 3.988518e-01 -7.761682e-01
1.683038e+01 4.306805e-01 -6.963833e-01
1.683038e+01 4.650493e-01 -6.102315e-01
1.683038e+01 5.021607e-01 -5.172047e-01
1.683038e+01 5.422336e-01 -4.167542e-01
1.683038e+01 5.855044e-01 -3.570677e-01
1.683038e+01 6.322283e-01 -3.153499e-01
1.683038e+01 6.826808e-01 -2.703031e-01
1.683038e+01 7.371594e-01 -2.216615e-01
1.683038e+01 7.959855e-01 -1.797877e-01
1.683038e+01 8.595059e-01 -1.596314e-01
1.683038e+01 9.280954e-01 -1.378667e-01
1.683038e+01 1.002158e+00 -1.143651e-01
1.683038e+01 1.082132e+00 -8.898812e-02
1.683038e+01 1.168487e+00 -7.812189e-02
1.683038e+01 1.261733e+00 -6.779689e-02
1.683038e+01 1.362421e+00 -5.664794e-02
1.683038e+01 1.471144e+00 -4.460930e-02
1.683038e+01 1.588542e+00 -3.626759e-02
1.683038e+01 1.715310e+00 -3.133814e-02
1.683038e+01 1.852193e+00 -2.601533e-02
1.683038e+01 2.000000e+00 -2.026774e-02
1.718699e+01 1.000000e-03 -1.142642e+01
1.718699e+01 1.079801e-03 -1.226044e+01
1.718699e+01 1.165970e-03 -1.314818e+01
1.718699e+01 1.259016e-03 -1.409162e+01
1.718699e+01 1.359487e-03 -1.509248e+01
1.718699e+01 1.467975e-03 -1.615225e+01
1.718699e+01 1.585121e-03 -1.727210e+01
1.718699e+01 1.711615e-03 -1.845285e+01
1.718699e+01 1.848204e-03 -1.969488e+01
1.718699e+01 1.995693e-03 -2.099815e+01
1.718699e+01 2.154951e-03 -2.236212e+01
1.718699e+01 2.326918e-03 -2.378567e+01
1.718699e+01 2.512609e-03 -2.526694e+01
1.718699e+01 2.713117e-03 -2.680325e+01
1.718699e+01 2.929627e-03 -2.839110e+01
1.718699e+01 3.163414e-03 -3.002564e+01
1.718699e+01 3.415858e-03 -3.170052e+01
1.718699e+01 3.688447e-03 -3.340820e+01
1.718699e+01 3.982789e-03 -3.513942e+01
1.718699e+01 4.300619e-03 -3.688318e+01
1.718699e+01 4.643813e-03 -3.862696e+01
1.718699e+01 5.014394e-03 -4.035597e+01
1.718699e+01 5.414548e-03 -4.205317e+01
1.718699e+01 5.846635e-03 -4.369991e+01
1.718699e+01 6.313202e-03 -4.527466e+01
1.718699e+01 6.817002e-03 -4.675329e+01
1.718699e+01 7.361006e-03 -4.811041e+01
1.718699e+01 7.948422e-03 -4.931755e+01
1.718699e+01 8.582714e-03 -5.034387e+01
1.718699e+01 9.267624e-03 -5.115867e+01
1.718699e+01 1.000719e-02 -5.172940e+01
1.718699e+01 1.080577e-02 -5.202317e+01
1.718699e+01 1.166809e-02 -5.201051e+01
1.718699e+01 1.259921e-02 -5.166512e+01
1.718699e+01 1.360464e-02 -5.096581e+01
1.718699e+01 1.469030e-02 -4.990004e+01
1.718699e+01 1.586261e-02 -4.847040e+01
1.718699e+01 1.712846e-02 -4.669384e+01
1.718699e+01 1.849533e-02 -4.459838e+01
1.718699e+01 1.997127e-02 -4.224445e+01
1.718699e+01 2.156500e-02 -3.971294e+01
1.718699e+01 2.328591e-02 -3.708193e+01
1.718699e+01 2.514415e-02 -3.445869e+01
1.718699e+01 2.715068e-02 -3.195776e+01
1.718699e+01 2.931733e-02 -2.966510e+01
1.718699e+01 3.165689e-02 -2.764373e+01
1.718699e+01 3.418314e-02 -2.593155e+01
1.718699e+01 3.691099e-02 -2.450212e+01
1.718699e+01 3.985652e-02 -2.326886e+01
1.718699e+01 4.303711e-02 -2.208653e+01
1.718699e+01 4.647152e-02 -2.077883e+01
1.718699e+01 5.017999e-02 -1.919584e+01
1.718699e+01 5.418441e-02 -1.770822e+01
1.718699e+01 5.850838e-02 -1.676328e+01
1.718699e+01 6.317741e-02 -1.574292e+01
1.718699e+01 6.821903e-02 -1.464115e+01
1.718699e+01 7.366298e-02 -1.345926e+01
1.718699e+01 7.954136e-02 -1.226285e+01
1.718699e+01 8.588885e-02 -1.097097e+01
1.718699e+01 9.274286e-02 -9.575991e+00
1.718699e+01 1.001438e-01 -8.069694e+00
1.718699e+01 1.081354e-01 -7.168002e+00
1.718699e+01 1.167647e-01 -6.540161e+00
1.718699e+01 1.260827e-01 -5.862218e+00
1.718699e+01 1.361442e-01 -5.130175e+00
1.718699e+01 1.470087e-01 -4.420938e+00
1.718699e+01 1.587401e-01 -4.001105e+00
1.718699e+01 1.714077e-01 -3.547769e+00
1.718699e+01 1.850862e-01 -3.058257e+00
1.718699e+01 1.998563e-01 -2.529680e+00
1.718699e+01 2.158051e-01 -2.246530e+00
1.718699e+01 2.330265e-01 -1.998231e+00
1.718699e+01 2.516223e-01 -1.730118e+00
1.718699e+01 2.717020e-01 -1.440609e+00
1.718699e+01 2.933841e-01 -1.215791e+00
1.718699e+01 3.167964e-01 -1.084613e+00
1.718699e+01 3.420771e-01 -9.429660e-01
1.718699e+01 3.693752e-01 -7.900160e-01
1.718699e+01 3.988518e-01 -6.323934e-01
1.718699e+01 4.306805e-01 -5.678576e-01
1.718699e+01 4.650493e-01 -4.981716e-01
1.718699e+01 5.021607e-01 -4.229247e-01
1.718699e+01 5.422336e-01 -3.416730e-01
1.718699e+01 5.855044e-01 -2.933413e-01
1.718699e+01 6.322283e-01 -2.595153e-01
1.718699e+01 6.826808e-01 -2.229899e-01
1.718699e+01 7.371594e-01 -1.835498e-01
1.718699e+01 7.959855e-01 -1.495380e-01
1.718699e+01 8.595059e-01 -1.329911e-01
1.718699e+01 9.280954e-01 -1.151238e-01
1.718699e+01 1.002158e+00 -9.583071e-02
1.718699e+01 1.082132e+00 -7.499798e-02
1.718699e+01 1.168487e+00 -6.597198e-02
1.718699e+01 1.261733e+00 -5.737287e-02
1.718699e+01 1.362421e+00 -4.808755e-02
1.718699e+01 1.471144e+00 -3.806124e-02
1.718699e+01 1.588542e+00 -3.107410e-02
1.718699e+01 1.715310e+00 -2.689080e-02
1.718699e+01 1.852193e+00 -2.237367e-02
1.718699e+01 2.000000e+00 -1.749607e-02
1.755073e+01 1.000000e-03 -9.223764e+00
1.755073e+01 1.079801e-03 -9.897219e+00
1.755073e+01 1.165970e-03 -1.061409e+01
1.755073e+01 1.259016e-03 -1.137599e+01
1.755073e+01 1.359487e-03 -1.218429e+01
1.755073e+01 1.467975e-03 -1.304021e+01
1.755073e+01 1.585121e-03 -1.394469e+01
1.755073e+01 1.711615e-03 -1.489837e+01
1.755073e+01 1.848204e-03 -1.590158e+01
1.755073e+01 1.995693e-03 -1.695426e+01
1.755073e+01 2.154951e-03 -1.805596e+01
1.755073e+01 2.326918e-03 -1.920575e+01
1.755073e+01 2.512609e-03 -2.040213e+01
1.755073e+01 2.713117e-03 -2.164294e+01
1.755073e+01 2.929627e-03 -2.292536e+01
1.755073e+01 3.163414e-03 -2.424546e+01
1.755073e+01 3.415858e-03 -2.559813e+01
1.755073e+01 3.688447e-03 -2.697730e+01
1.755073e+01 3.982789e-03 -2.837549e+01
1.755073e+01 4.300619e-03 -2.978378e+01
1.755073e+01 4.643813e-03 -3.119209e+01
1.755073e+01 5.014394e-03 -3.258846e+01
1.755073e+01 5.414548e-03 -3.395912e+01
1.755073e+01 5.846635e-03 -3.528902e+01
1.755073e+01 6.313202e-03 -3.656080e+01
1.755073e+01 6.817002e-03 -3.775495e+01
1.755073e+01 7.361006e-03 -3.885096e+01
1.755073e+01 7.948422e-03 -3.982586e+01
1.755073e+01 8.582714e-03 -4.065472e+01
1.755073e+01 9.267624e-03 -4.131277e+01
1.755073e+01 1.000719e-02 -4.177371e+01
1.755073e+01 1.080577e-02 -4.201099e+01
1.755073e+01 1.166809e-02 -4.200081e+01
1.755073e+01 1.259921e-02 -4.172194e+01
1.755073e+01 1.360464e-02 -4.115724e+01
1.755073e+01 1.469030e-02 -4.029661e+01
1.755073e+01 1.586261e-02 -3.914214e+01
1.755073e+01 1.712846e-02 -3.770751e+01
1.755073e+01 1.849533e-02 -3.601534e+01
1.755073e+01 1.997127e-02 -3.411445e+01
1.755073e+01 2.156500e-02 -3.207014e+01
1.755073e+01 2.328591e-02 -2.994548e+01
1.755073e+01 2.514415e-02 -2.782710e+01
1.755073e+01 2.715068e-02 -2.580747e+01
1.755073e+01 2.931733e-02 -2.395604e+01
1.755073e+01 3.165689e-02 -2.232369e+01
1.755073e+01 3.418314e-02 -2.094102e+01
1.755073e+01 3.691099e-02 -1.978668e+01
1.755073e+01 3.985652e-02 -1.879077e+01
1.755073e+01 4.303711e-02 -1.783598e+01
1.755073e+01 4.647152e-02 -1.677994e+01
1.755073e+01 5.017999e-02 -1.550160e+01
1.755073e+01 5.418441e-02 -1.429784e+01
1.755073e+01 5.850838e-02 -1.352798e+01
1.755073e+01 6.317741e-02 -1.269668e+01
1.755073e+01 6.821903e-02 -1.179904e+01
1.755073e+01 7.366298e-02 -1.083754e+01
1.755073e+01 7.954136e-02 -9.878560e+00
1.755073e+01 8.588885e-02 -8.843057e+00
1.755073e+01 9.274286e-02 -7.724920e+00
1.755073e+01 1.001438e-01 -6.517554e+00
1.755073e+01 1.081354e-01 -5.793096e+00
1.755073e+01 1.167647e-01 -5.287190e+00
1.755073e+01 1.260827e-01 -4.740912e+00
1.755073e+01 1.361442e-01 -4.151040e+00
1.755073e+01 1.470087e-01 -3.578753e+00
1.755073e+01 1.587401e-01 -3.236228e+00
1.755073e+01 1.714077e-01 -2.866369e+00
1.755073e+01 1.850862e-01 -2.466994e+00
1.755073e+01 1.998563e-01 -2.035749e+00
1.755073e+01 2.158051e-01 -1.807760e+00
1.755073e+01 2.330265e-01 -1.609050e+00
1.755073e+01 2.516223e-01 -1.394483e+00
1.755073e+01 2.717020e-01 -1.162794e+00
1.755073e+01 2.933841e-01 -9.825722e-01
1.755073e+01 3.167964e-01 -8.768800e-01
1.755073e+01 3.420771e-01 -7.627535e-01
1.755073e+01 3.693752e-01 -6.395196e-01
1.755073e+01 3.988518e-01 -5.125297e-01
1.755073e+01 4.306805e-01 -4.606633e-01
1.755073e+01 4.650493e-01 -4.046580e-01
1.755073e+01 5.021607e-01 -3.441834e-01
1.755073e+01 5.422336e-01 -2.788829e-01
1.755073e+01 5.855044e-01 -2.399363e-01
1.755073e+01 6.322283e-01 -2.125913e-01
1.755073e+01 6.826808e-01 -1.830641e-01
1.755073e+01 7.371594e-01 -1.511807e-01
1.755073e+01 7.959855e-01 -1.236437e-01
1.755073e+01 8.595059e-01 -1.101238e-01
1.755073e+01 9.280954e-01 -9.552507e-02
1.755073e+01 1.002158e+00 -7.976133e-02
1.755073e+01 1.082132e+00 -6.273963e-02
1.755073e+01 1.168487e+00 -5.529477e-02
1.755073e+01 1.261733e+00 -4.818716e-02
1.755073e+01 1.362421e+00 -4.051236e-02
1.755073e+01 1.471144e+00 -3.222509e-02
1.755073e+01 1.588542e+00 -2.641406e-02
1.755073e+01 1.715310e+00 -2.288637e-02
1.755073e+01 1.852193e+00 -1.907717e-02
1.755073e+01 2.000000e+00 -1.496398e-02
1.792175e+01 1.000000e-03 -7.327692e+00
1.792175e+01 1.079801e-03 -7.862880e+00
1.792175e+01 1.165970e-03 -8.432603e+00
1.792175e+01 1.259016e-03 -9.038135e+00
1.792175e+01 1.359487e-03 -9.680582e+00
1.792175e+01 1.467975e-03 -1.036091e+01
1.792175e+01 1.585121e-03 -1.107986e+01
1.792175e+01 1.711615e-03 -1.183795e+01
1.792175e+01 1.848204e-03 -1.263542e+01
1.792175e+01 1.995693e-03 -1.347223e+01
1.792175e+01 2.154951e-03 -1.434800e+01
1.792175e+01 2.326918e-03 -1.526198e+01
1.792175e+01 2.512609e-03 -1.621297e+01
1.792175e+01 2.713117e-03 -1.719925e+01
1.792175e+01 2.929627e-03 -1.821858e+01
1.792175e+01 3.163414e-03 -1.926785e+01
1.792175e+01 3.415858e-03 -2.034300e+01
1.792175e+01 3.688447e-03 -2.143921e+01
1.792175e+01 3.982789e-03 -2.255054e+01
1.792175e+01 4.300619e-03 -2.366990e+01
1.792175e+01 4.643813e-03 -2.478926e+01
1.792175e+01 5.014394e-03 -2.589912e+01
1.792175e+01 5.414548e-03 -2.698854e+01
1.792175e+01 5.846635e-03 -2.804557e+01
1.792175e+01 6.313202e-03 -2.905639e+01
1.792175e+01 6.817002e-03 -3.000552e+01
1.792175e+01 7.361006e-03 -3.087665e+01
1.792175e+01 7.948422e-03 -3.165151e+01
1.792175e+01 8.582714e-03 -3.231030e+01
1.792175e+01 9.267624e-03 -3.283333e+01
1.792175e+01 1.000719e-02 -3.319971e+01
1.792175e+01 1.080577e-02 -3.338833e+01
1.792175e+01 1.166809e-02 -3.338028e+01
1.792175e+01 1.259921e-02 -3.315868e+01
1.792175e+01 1.360464e-02 -3.270991e+01
1.792175e+01 1.469030e-02 -3.202595e+01
1.792175e+01 1.586261e-02 -3.110845e+01
1.792175e+01 1.712846e-02 -2.996828e+01
1.792175e+01 1.849533e-02 -2.862344e+01
1.792175e+01 1.997127e-02 -2.711270e+01
1.792175e+01 2.156500e-02 -2.548799e+01
1.792175e+01 2.328591e-02 -2.379940e+01
1.792175e+01 2.514415e-02 -2.211581e+01
1.792175e+01 2.715068e-02 -2.051070e+01
1.792175e+01 2.931733e-02 -1.903926e+01
1.792175e+01 3.165689e-02 -1.774194e+01
1.792175e+01 3.418314e-02 -1.664306e+01
1.792175e+01 3.691099e-02 -1.572563e+01
1.792175e+01 3.985652e-02 -1.493412e+01
1.792175e+01 4.303711e-02 -1.417529e+01
1.792175e+01 4.647152e-02 -1.333600e+01
1.792175e+01 5.017999e-02 -1.232003e+01
1.792175e+01 5.418441e-02 -1.136741e+01
1.792175e+01 5.850838e-02 -1.076691e+01
1.792175e+01 6.317741e-02 -1.011848e+01
1.792175e+01 6.821903e-02 -9.418313e+00
1.792175e+01 7.366298e-02 -8.667039e+00
1.792175e+01 7.954136e-02 -7.904506e+00
1.792175e+01 8.588885e-02 -7.081122e+00
1.792175e+01 9.274286e-02 -6.192031e+00
1.792175e+01 1.001438e-01 -5.231989e+00
1.792175e+01 1.081354e-01 -4.651252e+00
1.792175e+01 1.167647e-01 -4.241689e+00
1.792175e+01 1.260827e-01 -3.799442e+00
1.792175e+01 1.361442e-01 -3.321904e+00
1.792175e+01 1.470087e-01 -2.859496e+00
1.792175e+01 1.587401e-01 -2.586975e+00
1.792175e+01 1.714077e-01 -2.292707e+00
1.792175e+01 1.850862e-01 -1.974955e+00
1.792175e+01 1.998563e-01 -1.631847e+00
1.792175e+01 2.158051e-01 -1.449401e+00
1.792175e+01 2.330265e-01 -1.289956e+00
1.792175e+01 2.516223e-01 -1.117787e+00
1.792175e+01 2.717020e-01 -9.318792e-01
1.792175e+01 2.933841e-01 -7.875513e-01
1.792175e+01 3.167964e-01 -7.034067e-01
1.792175e+01 3.420771e-01 -6.125473e-01
1.792175e+01 3.693752e-01 -5.144372e-01
1.792175e+01 3.988518e-01 -4.133215e-01
1.792175e+01 4.306805e-01 -3.717958e-01
1.792175e+01 4.650493e-01 -3.269563e-01
1.792175e+01 5.021607e-01 -2.785385e-01
1.792175e+01 5.422336e-01 -2.262570e-01
1.792175e+01 5.855044e-01 -1.950447e-01
1.792175e+01 6.322283e-01 -1.731041e-01
1.792175e+01 6.826808e-01 -1.494127e-01
1.792175e+01 7.371594e-01 -1.238307e-01
1.792175e+01 7.959855e-01 -1.017025e-01
1.792175e+01 8.595059e-01 -9.073908e-02
1.792175e+01 9.280954e-01 -7.890078e-02
1.792175e+01 1.002158e+00 -6.611777e-02
1.792175e+01 1.082132e+00 -5.231467e-02
1.792175e+01 1.168487e+00 -4.618325e-02
1.792175e+01 1.261733e+00 -4.030975e-02
1.792175e+01 1.362421e+00 -3.396754e-02
1.792175e+01 1.471144e+00 -2.711922e-02
1.792175e+01 1.588542e+00 -2.230338e-02
1.792175e+01 1.715310e+00 -1.936125e-02
1.792175e+01 1.852193e+00 -1.618433e-02
1.792175e+01 2.000000e+00 -1.275390e-02
1.830018e+01 1.000000e-03 -5.814990e+00
1.830018e+01 1.079801e-03 -6.239832e+00
1.830018e+01 1.165970e-03 -6.692112e+00
1.830018e+01 1.259016e-03 -7.172845e+00
1.830018e+01 1.359487e-03 -7.682912e+00
1.830018e+01 1.467975e-03 -8.223078e+00
1.830018e+01 1.585121e-03 -8.793940e+00
1.830018e+01 1.711615e-03 -9.395896e+00
1.830018e+01 1.848204e-03 -1.002913e+01
1.830018e+01 1.995693e-03 -1.069361e+01
1.830018e+01 2.154951e-03 -1.138903e+01
1.830018e+01 2.326918e-03 -1.211478e+01
1.830018e+01 2.512609e-03 -1.286989e+01
1.830018e+01 2.713117e-03 -1.365301e+01
1.830018e+01 2.929627e-03 -1.446235e+01
1.830018e+01 3.163414e-03 -1.529545e+01
1.830018e+01 3.415858e-03 -1.614908e+01
1.830018e+01 3.688447e-03 -1.701944e+01
1.830018e+01 3.982789e-03 -1.790182e+01
1.830018e+01 4.300619e-03 -1.879056e+01
1.830018e+01 4.643813e-03 -1.967930e+01
1.830018e+01 5.014394e-03 -2.056047e+01
1.830018e+01 5.414548e-03 -2.142542e+01
1.830018e+01 5.846635e-03 -2.226464e+01
1.830018e+01 6.313202e-03 -2.306719e+01
1.830018e+01 6.817002e-03 -2.382075e+01
1.830018e+01 7.361006e-03 -2.451238e+01
1.830018e+01 7.948422e-03 -2.512759e+01
1.830018e+01 8.582714e-03 -2.565064e+01
1.830018e+01 9.267624e-03 -2.606591e+01
1.830018e+01 1.000719e-02 -2.635681e+01
1.830018e+01 1.080577e-02 -2.650659e+01
1.830018e+01 1.166809e-02 -2.650022e+01
1.830018e+01 1.259921e-02 -2.632432e+01
1.830018e+01 1.360464e-02 -2.596808e+01
1.830018e+01 1.469030e-02 -2.542511e+01
1.830018e+01 1.586261e-02 -2.469673e+01
1.830018e+01 1.712846e-02 -2.379157e+01
1.830018e+01 1.849533e-02 -2.272392e+01
1.830018e+01 1.997127e-02 -2.152458e+01
1.830018e+01 2.156500e-02 -2.023474e+01
1.830018e+01 2.328591e-02 -1.889419e+01
1.830018e+01 2.514415e-02 -1.755760e+01
1.830018e+01 2.715068e-02 -1.628332e+01
1.830018e+01 2.931733e-02 -1.511515e+01
1.830018e+01 3.165689e-02 -1.408522e+01
1.830018e+01 3.418314e-02 -1.321282e+01
1.830018e+01 3.691099e-02 -1.248449e+01
1.830018e+01 3.985652e-02 -1.185611e+01
1.830018e+01 4.303711e-02 -1.125368e+01
1.830018e+01 4.647152e-02 -1.058737e+01
1.830018e+01 5.017999e-02 -9.780798e+00
1.830018e+01 5.418441e-02 -9.025086e+00
1.830018e+01 5.850838e-02 -8.549929e+00
1.830018e+01 6.317741e-02 -8.036853e+00
1.830018e+01 6.821903e-02 -7.482834e+00
1.830018e+01 7.366298e-02 -6.888191e+00
1.830018e+01 7.954136e-02 -6.282736e+00
1.830018e+01 8.588885e-02 -5.628964e+00
1.830018e+01 9.274286e-02 -4.923021e+00
1.830018e+01 1.001438e-01 -4.160743e+00
1.830018e+01 1.081354e-01 -3.699083e+00
1.830018e+01 1.167647e-01 -3.373029e+00
1.830018e+01 1.260827e-01 -3.020956e+00
1.830018e+01 1.361442e-01 -2.640786e+00
1.830018e+01 1.470087e-01 -2.272757e+00
1.830018e+01 1.587401e-01 -2.056302e+00
1.830018e+01 1.714077e-01 -1.822575e+00
1.830018e+01 1.850862e-01 -1.570196e+00
1.830018e+01 1.998563e-01 -1.297677e+00
1.830018e+01 2.158051e-01 -1.153021e+00
1.830018e+01 2.330265e-01 -1.026707e+00
1.830018e+01 2.516223e-01 -8.903119e-01
1.830018e+01 2.717020e-01 -7.430326e-01
1.830018e+01 2.933841e-01 -6.286655e-01
1.830018e+01 3.167964e-01 -5.619382e-01
1.830018e+01 3.420771e-01 -4.898861e-01
1.830018e+01 3.693752e-01 -4.120841e-01
1.830018e+01 3.988518e-01 -3.318799e-01
1.830018e+01 4.306805e-01 -2.986689e-01
1.830018e+01 4.650493e-01 -2.628076e-01
1.830018e+01 5.021607e-01 -2.240845e-01
1.830018e+01 5.422336e-01 -1.822712e-01
1.830018e+01 5.855044e-01 -1.573635e-01
1.830018e+01 6.322283e-01 -1.399012e-01
1.830018e+01 6.826808e-01 -1.210454e-01
1.830018e+01 7.371594e-01 -1.006848e-01
1.830018e+01 7.959855e-01 -8.304872e-02
1.830018e+01 8.595059e-01 -7.423919e-02
1.830018e+01 9.280954e-01 -6.472666e-02
1.830018e+01 1.002158e+00 -5.445502e-02
1.830018e+01 1.082132e+00 -4.336369e-02
1.830018e+01 1.168487e+00 -3.834819e-02
1.830018e+01 1.261733e+00 -3.352532e-02
1.830018e+01 1.362421e+00 -2.831758e-02
1.830018e+01 1.471144e+00 -2.269426e-02
1.830018e+01 1.588542e+00 -1.872568e-02
1.830018e+01 1.715310e+00 -1.628210e-02
1.830018e+01 1.852193e+00 -1.364352e-02
1.830018e+01 2.000000e+00 -1.079437e-02
1.868618e+01 1.000000e-03 -4.633530e+00
1.868618e+01 1.079801e-03 -4.972164e+00
1.868618e+01 1.165970e-03 -5.332689e+00
1.868618e+01 1.259016e-03 -5.715914e+00
1.868618e+01 1.359487e-03 -6.122544e+00
1.868618e+01 1.467975e-03 -6.553192e+00
1.868618e+01 1.585121e-03 -7.008332e+00
1.868618e+01 1.711615e-03 -7.488281e+00
1.868618e+01 1.848204e-03 -7.993183e+00
1.868618e+01 1.995693e-03 -8.523002e+00
1.868618e+01 2.154951e-03 -9.077487e+00
1.868618e+01 2.326918e-03 -9.656147e+00
1.868618e+01 2.512609e-03 -1.025821e+01
1.868618e+01 2.713117e-03 -1.088258e+01
1.868618e+01 2.929627e-03 -1.152784e+01
1.868618e+01 3.163414e-03 -1.219203e+01
1.868618e+01 3.415858e-03 -1.287259e+01
1.868618e+01 3.688447e-03 -1.356648e+01
1.868618e+01 3.982789e-03 -1.426995e+01
1.868618e+01 4.300619e-03 -1.497850e+01
1.868618e+01 4.643813e-03 -1.568704e+01
1.868618e+01 5.014394e-03 -1.638954e+01
1.868618e+01 5.414548e-03 -1.707909e+01
1.868618e+01 5.846635e-03 -1.774814e+01
1.868618e+01 6.313202e-03 -1.838796e+01
1.868618e+01 6.817002e-03 -1.898871e+01
1.868618e+01 7.361006e-03 -1.954011e+01
1.868618e+01 7.948422e-03 -2.003056e+01
1.868618e+01 8.582714e-03 -2.044755e+01
1.868618e+01 9.267624e-03 -2.077862e+01
1.868618e+01 1.000719e-02 -2.101055e+01
1.868618e+01 1.080577e-02 -2.112997e+01
1.868618e+01 1.166809e-02 -2.112492e+01
1.868618e+01 1.259921e-02 -2.098472e+01
1.868618e+01 1.360464e-02 -2.070076e+01
1.868618e+01 1.469030e-02 -2.026794e+01
1.868618e+01 1.586261e-02 -1.968732e+01
1.868618e+01 1.712846e-02 -1.896578e+01
1.868618e+01 1.849533e-02 -1.811470e+01
1.868618e+01 1.997127e-02 -1.715863e+01
1.868618e+01 2.156500e-02 -1.613042e+01
1.868618e+01 2.328591e-02 -1.506179e+01
1.868618e+01 2.514415e-02 -1.399631e+01
1.868618e+01 2.715068e-02 -1.298050e+01
1.868618e+01 2.931733e-02 -1.204928e+01
1.868618e+01 3.165689e-02 -1.122826e+01
1.868618e+01 3.418314e-02 -1.053281e+01
1.868618e+01 3.691099e-02 -9.952208e+00
1.868618e+01 3.985652e-02 -9.451286e+00
1.868618e+01 4.303711e-02 -8.971050e+00
1.868618e+01 4.647152e-02 -8.439890e+00
1.868618e+01 5.017999e-02 -7.796919e+00
1.868618e+01 5.418441e-02 -7.192102e+00
1.868618e+01 5.850838e-02 -6.806667e+00
1.868618e+01 6.317741e-02 -6.390474e+00
1.868618e+01 6.821903e-02 -5.941069e+00
1.868618e+01 7.366298e-02 -5.459465e+00
1.868618e+01 7.954136e-02 -4.976848e+00
1.868618e+01 8.588885e-02 -4.455718e+00
1.868618e+01 9.274286e-02 -3.893002e+00
1.868618e+01 1.001438e-01 -3.285379e+00
1.868618e+01 1.081354e-01 -2.920744e+00
1.868618e+01 1.167647e-01 -2.666073e+00
1.868618e+01 1.260827e-01 -2.391079e+00
1.868618e+01 1.361442e-01 -2.094140e+00
1.868618e+01 1.470087e-01 -1.806049e+00
1.868618e+01 1.587401e-01 -1.633600e+00
1.868618e+01 1.714077e-01 -1.447388e+00
1.868618e+01 1.850862e-01 -1.246317e+00
1.868618e+01 1.998563e-01 -1.029200e+00
1.868618e+01 2.158051e-01 -9.145456e-01
1.868618e+01 2.330265e-01 -8.146689e-01
1.868618e+01 2.516223e-01 -7.068220e-01
1.868618e+01 2.717020e-01 -5.903687e-01
1.868618e+01 2.933841e-01 -4.999084e-01
1.868618e+01 3.167964e-01 -4.470754e-01
1.868618e+01 3.420771e-01 -3.900263e-01
1.868618e+01 3.693752e-01 -3.284245e-01
1.868618e+01 3.988518e-01 -2.649180e-01
1.868618e+01 4.306805e-01 -2.385788e-01
1.868618e+01 4.650493e-01 -2.101377e-01
1.868618e+01 5.021607e-01 -1.794270e-01
1.868618e+01 5.422336e-01 -1.462655e-01
1.868618e+01 5.855044e-01 -1.265222e-01
1.868618e+01 6.322283e-01 -1.126894e-01
1.868618e+01 6.826808e-01 -9.775270e-02
1.868618e+01 7.371594e-01 -8.162407e-02
1.868618e+01 7.959855e-01 -6.761833e-02
1.868618e+01 8.595059e-01 -6.051880e-02
1.868618e+01 9.280954e-01 -5.285273e-02
1.868618e+01 1.002158e+00 -4.457489e-02
1.868618e+01 1.082132e+00 -3.563648e-02
1.868618e+01 1.168487e+00 -3.156033e-02
1.868618e+01 1.261733e+00 -2.763377e-02
1.868618e+01 1.362421e+00 -2.339386e-02
1.868618e+01 1.471144e+00 -1.881561e-02
1.868618e+01 1.588542e+00 -1.557504e-02
1.868618e+01 1.715310e+00 -1.356694e-02
1.868618e+01 1.852193e+00 -1.139859e-02
1.868618e+01 2.000000e+00 -9.057203e-03
1.907991e+01 1.000000e-03 -3.652130e+00
1.907991e+01 1.079801e-03 -3.919127e+00
1.907991e+01 1.165970e-03 -4.203399e+00
1.907991e+01 1.259016e-03 -4.505587e+00
1.907991e+01 1.359487e-03 -4.826248e+00
1.907991e+01 1.467975e-03 -5.165867e+00
1.907991e+01 1.585121e-03 -5.524818e+00
1.907991e+01 1.711615e-03 -5.903347e+00
1.907991e+01 1.848204e-03 -6.301570e+00
1.907991e+01 1.995693e-03 -6.719449e+00
1.907991e+01 2.154951e-03 -7.156784e+00
1.907991e+01 2.326918e-03 -7.613179e+00
1.907991e+01 2.512609e-03 -8.088018e+00
1.907991e+01 2.713117e-03 -8.580442e+00
1.907991e+01 2.929627e-03 -9.089328e+00
1.907991e+01 3.163414e-03 -9.613127e+00
1.907991e+01 3.415858e-03 -1.014983e+01
1.907991e+01 3.688447e-03 -1.069705e+01
1.907991e+01 3.982789e-03 -1.125183e+01
1.907991e+01 4.300619e-03 -1.181061e+01
1.907991e+01 4.643813e-03 -1.236938e+01
1.907991e+01 5.014394e-03 -1.292338e+01
1.907991e+01 5.414548e-03 -1.346716e+01
1.907991e+01 5.846635e-03 -1.399477e+01
1.907991e+01 6.313202e-03 -1.449933e+01
1.907991e+01 6.817002e-03 -1.497310e+01
1.907991e+01 7.361006e-03 -1.540792e+01
1.907991e+01 7.948422e-03 -1.579470e+01
1.907991e+01 8.582714e-03 -1.612354e+01
1.907991e+01 9.267624e-03 -1.638463e+01
1.907991e+01 1.000719e-02 -1.656754e+01
1.907991e+01 1.080577e-02 -1.666173e+01
1.907991e+01 1.166809e-02 -1.665776e+01
1.907991e+01 1.259921e-02 -1.654723e+01
1.907991e+01 1.360464e-02 -1.632332e+01
1.907991e+01 1.469030e-02 -1.598204e+01
1.907991e+01 1.586261e-02 -1.552422e+01
1.907991e+01 1.712846e-02 -1.495527e+01
1.907991e+01 1.849533e-02 -1.428417e+01
1.907991e+01 1.997127e-02 -1.353028e+01
1.907991e+01 2.156500e-02 -1.271950e+01
1.907991e+01 2.328591e-02 -1.187684e+01
1.907991e+01 2.514415e-02 -1.103667e+01
1.907991e+01 2.715068e-02 -1.023567e+01
1.907991e+01 2.931733e-02 -9.501367e+00
1.907991e+01 3.165689e-02 -8.853952e+00
1.907991e+01 3.418314e-02 -8.305566e+00
1.907991e+01 3.691099e-02 -7.847736e+00
1.907991e+01 3.985652e-02 -7.452737e+00
1.907991e+01 4.303711e-02 -7.074051e+00
1.907991e+01 4.647152e-02 -6.655210e+00
1.907991e+01 5.017999e-02 -6.148200e+00
1.907991e+01 5.418441e-02 -5.670226e+00
1.907991e+01 5.850838e-02 -5.363368e+00
1.907991e+01 6.317741e-02 -5.032023e+00
1.907991e+01 6.821903e-02 -4.674236e+00
1.907991e+01 7.366298e-02 -4.291195e+00
1.907991e+01 7.954136e-02 -3.911267e+00
1.907991e+01 8.588885e-02 -3.501021e+00
1.907991e+01 9.274286e-02 -3.058036e+00
1.907991e+01 1.001438e-01 -2.579701e+00
1.907991e+01 1.081354e-01 -2.293144e+00
1.907991e+01 1.167647e-01 -2.093430e+00
1.907991e+01 1.260827e-01 -1.877777e+00
1.907991e+01 1.361442e-01 -1.644916e+00
1.907991e+01 1.470087e-01 -1.419048e+00
1.907991e+01 1.587401e-01 -1.284104e+00
1.907991e+01 1.714077e-01 -1.138392e+00
1.907991e+01 1.850862e-01 -9.810518e-01
1.907991e+01 1.998563e-01 -8.111557e-01
1.907991e+01 2.158051e-01 -7.209775e-01
1.907991e+01 2.330265e-01 -6.422343e-01
1.907991e+01 2.516223e-01 -5.572072e-01
1.907991e+01 2.717020e-01 -4.653949e-01
1.907991e+01 2.933841e-01 -3.941125e-01
1.907991e+01 3.167964e-01 -3.525457e-01
1.907991e+01 3.420771e-01 -3.076618e-01
1.907991e+01 3.693752e-01 -2.591961e-01
1.907991e+01 3.988518e-01 -2.092430e-01
1.907991e+01 4.306805e-01 -1.886895e-01
1.907991e+01 4.650493e-01 -1.664959e-01
1.907991e+01 5.021607e-01 -1.425312e-01
1.907991e+01 5.422336e-01 -1.166540e-01
1.907991e+01 5.855044e-01 -1.011602e-01
1.907991e+01 6.322283e-01 -9.023083e-02
1.907991e+01 6.826808e-01 -7.842934e-02
1.907991e+01 7.371594e-01 -6.568607e-02
1.907991e+01 7.959855e-01 -5.460547e-02
1.907991e+01 8.595059e-01 -4.894588e-02
1.907991e+01 9.280954e-01 -4.283465e-02
1.907991e+01 1.002158e+00 -3.623574e-02
1.907991e+01 1.082132e+00 -2.911023e-02
1.907991e+01 1.168487e+00 -2.582352e-02
1.907991e+01 1.261733e+00 -2.264992e-02
1.907991e+01 1.362421e+00 -1.922305e-02
1.907991e+01 1.471144e+00 -1.552272e-02
1.907991e+01 1.588542e+00 -1.289490e-02
1.907991e+01 1.715310e+00 -1.125493e-02
1.907991e+01 1.852193e+00 -9.484103e-03
1.907991e+01 2.000000e+00 -7.571956e-03
1.948151e+01 1.000000e-03 -2.847791e+00
1.948151e+01 1.079801e-03 -3.056053e+00
1.948151e+01 1.165970e-03 -3.277802e+00
1.948151e+01 1.259016e-03 -3.513540e+00
1.948151e+01 1.359487e-03 -3.763703e+00
1.948151e+01 1.467975e-03 -4.028670e+00
1.948151e+01 1.585121e-03 -4.308733e+00
1.948151e+01 1.711615e-03 -4.604084e+00
1.948151e+01 1.848204e-03 -4.914809e+00
1.948151e+01 1.995693e-03 -5.240878e+00
1.948151e+01 2.154951e-03 -5.582128e+00
1.948151e+01 2.326918e-03 -5.938247e+00
1.948151e+01 2.512609e-03 -6.308748e+00
1.948151e+01 2.713117e-03 -6.692960e+00
1.948151e+01 2.929627e-03 -7.090005e+00
1.948151e+01 3.163414e-03 -7.498676e+00
1.948151e+01 3.415858e-03 -7.917411e+00
1.948151e+01 3.688447e-03 -8.344352e+00
1.948151e+01 3.982789e-03 -8.777190e+00
1.948151e+01 4.300619e-03 -9.213153e+00
1.948151e+01 4.643813e-03 -9.649095e+00
1.948151e+01 5.014394e-03 -1.008131e+01
1.948151e+01 5.414548e-03 -1.050556e+01
1.948151e+01 5.846635e-03 -1.091719e+01
1.948151e+01 6.313202e-03 -1.131084e+01
1.948151e+01 6.817002e-03 -1.168046e+01
1.948151e+01 7.361006e-03 -1.201970e+01
1.948151e+01 7.948422e-03 -1.232145e+01
1.948151e+01 8.582714e-03 -1.257801e+01
1.948151e+01 9.267624e-03 -1.278171e+01
1.948151e+01 1.000719e-02 -1.292442e+01
1.948151e+01 1.080577e-02 -1.299791e+01
1.948151e+01 1.166809e-02 -1.299483e+01
1.948151e+01 1.259921e-02 -1.290861e+01
1.948151e+01 1.360464e-02 -1.273395e+01
1.948151e+01 1.469030e-02 -1.246773e+01
1.948151e+01 1.586261e-02 -1.211059e+01
1.948151e+01 1.712846e-02 -1.166676e+01
1.948151e+01 1.849533e-02 -1.114324e+01
1.948151e+01 1.997127e-02 -1.055513e+01
1.948151e+01 2.156500e-02 -9.922633e+00
1.948151e+01 2.328591e-02 -9.265271e+00
1.948151e+01 2.514415e-02 -8.609848e+00
1.948151e+01 2.715068e-02 -7.984976e+00
1.948151e+01 2.931733e-02 -7.412139e+00
1.948151e+01 3.165689e-02 -6.907083e+00
1.948151e+01 3.418314e-02 -6.479281e+00
1.948151e+01 3.691099e-02 -6.122121e+00
1.948151e+01 3.985652e-02 -5.813978e+00
1.948151e+01 4.303711e-02 -5.518560e+00
1.948151e+01 4.647152e-02 -5.191816e+00
1.948151e+01 5.017999e-02 -4.796292e+00
1.948151e+01 5.418441e-02 -4.425318e+00
1.948151e+01 5.850838e-02 -4.191226e+00
1.948151e+01 6.317741e-02 -3.938452e+00
1.948151e+01 6.821903e-02 -3.665508e+00
1.948151e+01 7.366298e-02 -3.372623e+00
1.948151e+01 7.954136e-02 -3.075162e+00
1.948151e+01 8.588885e-02 -2.753963e+00
1.948151e+01 9.274286e-02 -2.407132e+00
1.948151e+01 1.001438e-01 -2.032624e+00
1.948151e+01 1.081354e-01 -1.806353e+00
1.948151e+01 1.167647e-01 -1.647007e+00
1.948151e+01 1.260827e-01 -1.474946e+00
1.948151e+01 1.361442e-01 -1.289154e+00
1.948151e+01 1.470087e-01 -1.109515e+00
1.948151e+01 1.587401e-01 -1.004911e+00
1.948151e+01 1.714077e-01 -8.919600e-01
1.948151e+01 1.850862e-01 -7.699950e-01
1.948151e+01 1.998563e-01 -6.382970e-01
1.948151e+01 2.158051e-01 -5.675670e-01
1.948151e+01 2.330265e-01 -5.054700e-01
1.948151e+01 2.516223e-01 -4.384175e-01
1.948151e+01 2.717020e-01 -3.660141e-01
1.948151e+01 2.933841e-01 -3.099124e-01
1.948151e+01 3.167964e-01 -2.773952e-01
1.948151e+01 3.420771e-01 -2.422831e-01
1.948151e+01 3.693752e-01 -2.043690e-01
1.948151e+01 3.988518e-01 -1.652879e-01
1.948151e+01 4.306805e-01 -1.491570e-01
1.948151e+01 4.650493e-01 -1.317389e-01
1.948151e+01 5.021607e-01 -1.129308e-01
1.948151e+01 5.422336e-01 -9.262182e-02
1.948151e+01 5.855044e-01 -8.046908e-02
1.948151e+01 6.322283e-01 -7.190266e-02
1.948151e+01 6.826808e-01 -6.265263e-02
1.948151e+01 7.371594e-01 -5.266445e-02
1.948151e+01 7.959855e-01 -4.395657e-02
1.948151e+01 8.595059e-01 -3.944202e-02
1.948151e+01 9.280954e-01 -3.456720e-02
1.948151e+01 1.002158e+00 -2.930336e-02
1.948151e+01 1.082132e+00 -2.361947e-02
1.948151e+01 1.168487e+00 -2.097846e-02
1.948151e+01 1.261733e+00 -1.842449e-02
1.948151e+01 1.362421e+00 -1.566671e-02
1.948151e+01 1.471144e+00 -1.268885e-02
1.948151e+01 1.588542e+00 -1.057163e-02
1.948151e+01 1.715310e+00 -9.247030e-03
1.948151e+01 1.852193e+00 -7.816724e-03
1.948151e+01 2.000000e+00 -6.272279e-03
1.989114e+01 1.000000e-03 -2.211632e+00
1.989114e+01 1.079801e-03 -2.373424e+00
1.989114e+01 1.165970e-03 -2.545704e+00
1.989114e+01 1.259016e-03 -2.728863e+00
1.989114e+01 1.359487e-03 -2.923239e+00
1.989114e+01 1.467975e-03 -3.129130e+00
1.989114e+01 1.585121e-03 -3.346763e+00
1.989114e+01 1.711615e-03 -3.576284e+00
1.989114e+01 1.848204e-03 -3.817762e+00
1.989114e+01 1.995693e-03 -4.071168e+00
1.989114e+01 2.154951e-03 -4.336374e+00
1.989114e+01 2.326918e-03 -4.613132e+00
1.989114e+01 2.512609e-03 -4.901061e+00
1.989114e+01 2.713117e-03 -5.199636e+00
1.989114e+01 2.929627e-03 -5.508175e+00
1.989114e+01 3.163414e-03 -5.825741e+00
1.989114e+01 3.415858e-03 -6.151123e+00
1.989114e+01 3.688447e-03 -6.482881e+00
1.989114e+01 3.982789e-03 -6.819224e+00
1.989114e+01 4.300619e-03 -7.157994e+00
1.989114e+01 4.643813e-03 -7.496744e+00
1.989114e+01 5.014394e-03 -7.832597e+00
1.989114e+01 5.414548e-03 -8.162254e+00
1.989114e+01 5.846635e-03 -8.482107e+00
1.989114e+01 6.313202e-03 -8.787985e+00
1.989114e+01 6.817002e-03 -9.075193e+00
1.989114e+01 7.361006e-03 -9.338798e+00
1.989114e+01 7.948422e-03 -9.573272e+00
1.989114e+01 8.582714e-03 -9.772629e+00
1.989114e+01 9.267624e-03 -9.930914e+00
1.989114e+01 1.000719e-02 -1.004181e+01
1.989114e+01 1.080577e-02 -1.009893e+01
1.989114e+01 1.166809e-02 -1.009654e+01
1.989114e+01 1.259921e-02 -1.002955e+01
1.989114e+01 1.360464e-02 -9.893847e+00
1.989114e+01 1.469030e-02 -9.687010e+00
1.989114e+01 1.586261e-02 -9.409540e+00
1.989114e+01 1.712846e-02 -9.064716e+00
1.989114e+01 1.849533e-02 -8.657968e+00
1.989114e+01 1.997127e-02 -8.201028e+00
1.989114e+01 2.156500e-02 -7.709602e+00
1.989114e+01 2.328591e-02 -7.198853e+00
1.989114e+01 2.514415e-02 -6.689610e+00
1.989114e+01 2.715068e-02 -6.204105e+00
1.989114e+01 2.931733e-02 -5.759027e+00
1.989114e+01 3.165689e-02 -5.366614e+00
1.989114e+01 3.418314e-02 -5.034223e+00
1.989114e+01 3.691099e-02 -4.756720e+00
1.989114e+01 3.985652e-02 -4.517301e+00
1.989114e+01 4.303711e-02 -4.287769e+00
1.989114e+01 4.647152e-02 -4.033898e+00
1.989114e+01 5.017999e-02 -3.726587e+00
1.989114e+01 5.418441e-02 -3.436969e+00
1.989114e+01 5.850838e-02 -3.251238e+00
1.989114e+01 6.317741e-02 -3.050685e+00
1.989114e+01 6.821903e-02 -2.834128e+00
1.989114e+01 7.366298e-02 -2.602556e+00
1.989114e+01 7.954136e-02 -2.375649e+00
1.989114e+01 8.588885e-02 -2.130636e+00
1.989114e+01 9.274286e-02 -1.866069e+00
1.989114e+01 1.001438e-01 -1.580391e+00
1.989114e+01 1.081354e-01 -1.406329e+00
1.989114e+01 1.167647e-01 -1.282507e+00
1.989114e+01 1.260827e-01 -1.148804e+00
1.989114e+01 1.361442e-01 -1.004431e+00
1.989114e+01 1.470087e-01 -8.648136e-01
1.989114e+01 1.587401e-01 -7.833928e-01
1.989114e+01 1.714077e-01 -6.954745e-01
1.989114e+01 1.850862e-01 -6.005402e-01
1.989114e+01 1.998563e-01 -4.980301e-01
1.989114e+01 2.158051e-01 -4.429680e-01
1.989114e+01 2.330265e-01 -3.946233e-01
1.989114e+01 2.516223e-01 -3.424208e-01
1.989114e+01 2.717020e-01 -2.860523e-01
1.989114e+01 2.933841e-01 -2.423824e-01
1.989114e+01 3.167964e-01 -2.170833e-01
1.989114e+01 3.420771e-01 -1.897654e-01
1.989114e+01 3.693752e-01 -1.602675e-01
1.989114e+01 3.988518e-01 -1.298630e-01
1.989114e+01 4.306805e-01 -1.173338e-01
1.989114e+01 4.650493e-01 -1.038048e-01
1.989114e+01 5.021607e-01 -8.919618e-02
1.989114e+01 5.422336e-01 -7.342177e-02
1.989114e+01 5.855044e-01 -6.392666e-02
1.989114e+01 6.322283e-01 -5.718665e-02
1.989114e+01 6.826808e-01 -4.990878e-02
1.989114e+01 7.371594e-01 -4.205013e-02
1.989114e+01 7.959855e-01 -3.518973e-02
1.989114e+01 8.595059e-01 -3.160651e-02
1.989114e+01 9.280954e-01 -2.773736e-02
1.989114e+01 1.002158e+00 -2.355943e-02
1.989114e+01 1.082132e+00 -1.904811e-02
1.989114e+01 1.168487e+00 -1.693993e-02
1.989114e+01 1.261733e+00 -1.489885e-02
1.989114e+01 1.362421e+00 -1.269489e-02
1.989114e+01 1.471144e+00 -1.031505e-02
1.989114e+01 1.588542e+00 -8.619506e-03
1.989114e+01 1.715310e+00 -7.554051e-03
1.989114e+01 1.852193e+00 -6.403572e-03
1.989114e+01 2.000000e+00 -5.161284e-03
2.030896e+01 1.000000e-03 -1.712483e+00
2.030896e+01 1.079801e-03 -1.837802e+00
2.030896e+01 1.165970e-03 -1.971251e+00
2.030896e+01 1.259016e-03 -2.113135e+00
2.030896e+01 1.359487e-03 -2.263719e+00
2.030896e+01 1.467975e-03 -2.423231e+00
2.030896e+01 1.585121e-03 -2.591849e+00
2.030896e+01 1.711615e-03 -2.769686e+00
2.030896e+01 1.848204e-03 -2.956794e+00
2.030896e+01 1.995693e-03 -3.153149e+00
2.030896e+01 2.154951e-03 -3.358648e+00
2.030896e+01 2.326918e-03 -3.573095e+00
2.030896e+01 2.512609e-03 -3.796195e+00
2.030896e+01 2.713117e-03 -4.027538e+00
2.030896e+01 2.929627e-03 -4.266593e+00
2.030896e+01 3.163414e-03 -4.512635e+00
2.030896e+01 3.415858e-03 -4.764729e+00
2.030896e+01 3.688447e-03 -5.021763e+00
2.030896e+01 3.982789e-03 -5.282351e+00
2.030896e+01 4.300619e-03 -5.544819e+00
2.030896e+01 4.643813e-03 -5.807268e+00
2.030896e+01 5.014394e-03 -6.067471e+00
2.030896e+01 5.414548e-03 -6.322870e+00
2.030896e+01 5.846635e-03 -6.570674e+00
2.030896e+01 6.313202e-03 -6.807651e+00
2.030896e+01 6.817002e-03 -7.030165e+00
2.030896e+01 7.361006e-03 -7.234390e+00
2.030896e+01 7.948422e-03 -7.416047e+00
2.030896e+01 8.582714e-03 -7.570498e+00
2.030896e+01 9.267624e-03 -7.693133e+00
2.030896e+01 1.000719e-02 -7.779056e+00
2.030896e+01 1.080577e-02 -7.823313e+00
2.030896e+01 1.166809e-02 -7.821468e+00
2.030896e+01 1.259921e-02 -7.769570e+00
2.030896e+01 1.360464e-02 -7.664445e+00
2.030896e+01 1.469030e-02 -7.504224e+00
2.030896e+01 1.586261e-02 -7.289291e+00
2.030896e+01 1.712846e-02 -7.022182e+00
2.030896e+01 1.849533e-02 -6.707096e+00
2.030896e+01 1.997127e-02 -6.353121e+00
2.030896e+01 2.156500e-02 -5.972428e+00
2.030896e+01 2.328591e-02 -5.576766e+00
2.030896e+01 2.514415e-02 -5.182270e+00
2.030896e+01 2.715068e-02 -4.806164e+00
2.030896e+01 2.931733e-02 -4.461375e+00
2.030896e+01 3.165689e-02 -4.157382e+00
2.030896e+01 3.418314e-02 -3.899888e+00
2.030896e+01 3.691099e-02 -3.684913e+00
2.030896e+01 3.985652e-02 -3.499441e+00
2.030896e+01 4.303711e-02 -3.321628e+00
2.030896e+01 4.647152e-02 -3.124961e+00
2.030896e+01 5.017999e-02 -2.886895e+00
2.030896e+01 5.418441e-02 -2.660695e+00
2.030896e+01 5.850838e-02 -2.511689e+00
2.030896e+01 6.317741e-02 -2.350792e+00
2.030896e+01 6.821903e-02 -2.177056e+00
2.030896e+01 7.366298e-02 -1.992233e+00
2.030896e+01 7.954136e-02 -1.821028e+00
2.030896e+01 8.588885e-02 -1.636161e+00
2.030896e+01 9.274286e-02 -1.436541e+00
2.030896e+01 1.001438e-01 -1.220991e+00
2.030896e+01 1.081354e-01 -1.087925e+00
2.030896e+01 1.167647e-01 -9.917990e-01
2.030896e+01 1.260827e-01 -8.880022e-01
2.030896e+01 1.361442e-01 -7.759223e-01
2.030896e+01 1.470087e-01 -6.676877e-01
2.030896e+01 1.587401e-01 -6.052963e-01
2.030896e+01 1.714077e-01 -5.379261e-01
2.030896e+01 1.850862e-01 -4.651796e-01
2.030896e+01 1.998563e-01 -3.866279e-01
2.030896e+01 2.158051e-01 -3.440004e-01
2.030896e+01 2.330265e-01 -3.063988e-01
2.030896e+01 2.516223e-01 -2.657966e-01
2.030896e+01 2.717020e-01 -2.219543e-01
2.030896e+01 2.933841e-01 -1.880691e-01
2.030896e+01 3.167964e-01 -1.685812e-01
2.030896e+01 3.420771e-01 -1.475380e-01
2.030896e+01 3.693752e-01 -1.248157e-01
2.030896e+01 3.988518e-01 -1.013907e-01
2.030896e+01 4.306805e-01 -9.167491e-02
2.030896e+01 4.650493e-01 -8.118384e-02
2.030896e+01 5.021607e-01 -6.985558e-02
2.030896e+01 5.422336e-01 -5.762330e-02
2.030896e+01 5.855044e-01 -5.026176e-02
2.030896e+01 6.322283e-01 -4.503745e-02
2.030896e+01 6.826808e-01 -3.939623e-02
2.030896e+01 7.371594e-01 -3.330484e-02
2.030896e+01 7.959855e-01 -2.797248e-02
2.030896e+01 8.595059e-01 -2.514446e-02
2.030896e+01 9.280954e-01 -2.209076e-02
2.030896e+01 1.002158e+00 -1.879337e-02
2.030896e+01 1.082132e+00 -1.523285e-02
2.030896e+01 1.168487e+00 -1.356599e-02
2.030896e+01 1.261733e+00 -1.195159e-02
2.030896e+01 1.362421e+00 -1.020837e-02
2.030896e+01 1.471144e+00 -8.326034e-03
2.030896e+01 1.588542e+00 -6.978177e-03
2.030896e+01 1.715310e+00 -6.122233e-03
2.030896e+01 1.852193e+00 -5.197984e-03
2.030896e+01 2.000000e+00 -4.199979e-03
2.073514e+01 1.000000e-03 -1.323177e+00
2.073514e+01 1.079801e-03 -1.420038e+00
2.073514e+01 1.165970e-03 -1.523190e+00
2.073514e+01 1.259016e-03 -1.632869e+00
2.073514e+01 1.359487e-03 -1.749279e+00
2.073514e+01 1.467975e-03 -1.872598e+00
2.073514e+01 1.585121e-03 -2.002965e+00
2.073514e+01 1.711615e-03 -2.140466e+00
2.073514e+01 1.848204e-03 -2.285139e+00
2.073514e+01 1.995693e-03 -2.436967e+00
2.073514e+01 2.154951e-03 -2.595866e+00
2.073514e+01 2.326918e-03 -2.761684e+00
2.073514e+01 2.512609e-03 -2.934188e+00
2.073514e+01 2.713117e-03 -3.113061e+00
2.073514e+01 2.929627e-03 -3.297891e+00
2.073514e+01 3.163414e-03 -3.488118e+00
2.073514e+01 3.415858e-03 -3.683020e+00
2.073514e+01 3.688447e-03 -3.881742e+00
2.073514e+01 3.982789e-03 -4.083212e+00
2.073514e+01 4.300619e-03 -4.286135e+00
2.073514e+01 4.643813e-03 -4.489042e+00
2.073514e+01 5.014394e-03 -4.690210e+00
2.073514e+01 5.414548e-03 -4.887663e+00
2.073514e+01 5.846635e-03 -5.079244e+00
2.073514e+01 6.313202e-03 -5.262454e+00
2.073514e+01 6.817002e-03 -5.434482e+00
2.073514e+01 7.361006e-03 -5.592371e+00
2.073514e+01 7.948422e-03 -5.732812e+00
2.073514e+01 8.582714e-03 -5.852221e+00
2.073514e+01 9.267624e-03 -5.947035e+00
2.073514e+01 1.000719e-02 -6.013469e+00
2.073514e+01 1.080577e-02 -6.047690e+00
2.073514e+01 1.166809e-02 -6.046265e+00
2.073514e+01 1.259921e-02 -6.006144e+00
2.073514e+01 1.360464e-02 -5.924879e+00
2.073514e+01 1.469030e-02 -5.801029e+00
2.073514e+01 1.586261e-02 -5.634891e+00
2.073514e+01 1.712846e-02 -5.428418e+00
2.073514e+01 1.849533e-02 -5.184853e+00
2.073514e+01 1.997127e-02 -4.911220e+00
2.073514e+01 2.156500e-02 -4.616930e+00
2.073514e+01 2.328591e-02 -4.311069e+00
2.073514e+01 2.514415e-02 -4.006109e+00
2.073514e+01 2.715068e-02 -3.715365e+00
2.073514e+01 2.931733e-02 -3.448829e+00
2.073514e+01 3.165689e-02 -3.213831e+00
2.073514e+01 3.418314e-02 -3.014777e+00
2.073514e+01 3.691099e-02 -2.848592e+00
2.073514e+01 3.985652e-02 -2.705215e+00
2.073514e+01 4.303711e-02 -2.567758e+00
2.073514e+01 4.647152e-02 -2.415726e+00
2.073514e+01 5.017999e-02 -2.231691e+00
2.073514e+01 5.418441e-02 -2.056408e+00
2.073514e+01 5.850838e-02 -1.940047e+00
2.073514e+01 6.317741e-02 -1.814401e+00
2.073514e+01 6.821903e-02 -1.678728e+00
2.073514e+01 7.366298e-02 -1.534526e+00
2.073514e+01 7.954136e-02 -1.402287e+00
2.073514e+01 8.588885e-02 -1.259494e+00
2.073514e+01 9.274286e-02 -1.105307e+00
2.073514e+01 1.001438e-01 -9.388149e-01
2.073514e+01 1.081354e-01 -8.368837e-01
2.073514e+01 1.167647e-01 -7.639592e-01
2.073514e+01 1.260827e-01 -6.852152e-01
2.073514e+01 1.361442e-01 -6.001873e-01
2.073514e+01 1.470087e-01 -5.178309e-01
2.073514e+01 1.587401e-01 -4.691857e-01
2.073514e+01 1.714077e-01 -4.166587e-01
2.073514e+01 1.850862e-01 -3.599400e-01
2.073514e+01 1.998563e-01 -2.986950e-01
2.073514e+01 2.158051e-01 -2.656948e-01
2.073514e+01 2.330265e-01 -2.366791e-01
2.073514e+01 2.516223e-01 -2.053479e-01
2.073514e+01 2.717020e-01 -1.715165e-01
2.073514e+01 2.933841e-01 -1.454093e-01
2.073514e+01 3.167964e-01 -1.304669e-01
2.073514e+01 3.420771e-01 -1.143321e-01
2.073514e+01 3.693752e-01 -9.690970e-02
2.073514e+01 3.988518e-01 -7.894539e-02
2.073514e+01 4.306805e-01 -7.144752e-02
2.073514e+01 4.650493e-01 -6.335132e-02
2.073514e+01 5.021607e-01 -5.460904e-02
2.073514e+01 5.422336e-01 -4.516911e-02
2.073514e+01 5.855044e-01 -3.948259e-02
2.073514e+01 6.322283e-01 -3.544246e-02
2.073514e+01 6.826808e-01 -3.107992e-02
2.073514e+01 7.371594e-01 -2.636924e-02
2.073514e+01 7.959855e-01 -2.222955e-02
2.073514e+01 8.595059e-01 -1.998762e-02
2.073514e+01 9.280954e-01 -1.756679e-02
2.073514e+01 1.002158e+00 -1.495278e-02
2.073514e+01 1.082132e+00 -1.213016e-02
2.073514e+01 1.168487e+00 -1.081774e-02
2.073514e+01 1.261733e+00 -9.548383e-03
2.073514e+01 1.362421e+00 -8.177734e-03
2.073514e+01 1.471144e+00 -6.697705e-03
2.073514e+01 1.588542e+00 -5.631872e-03
2.073514e+01 1.715310e+00 -4.947036e-03
2.073514e+01 1.852193e+00 -4.207551e-03
2.073514e+01 2.000000e+00 -3.409053e-03
2.116984e+01 1.000000e-03 -1.005712e+00
2.116984e+01 1.079801e-03 -1.079359e+00
2.116984e+01 1.165970e-03 -1.157792e+00
2.116984e+01 1.259016e-03 -1.241194e+00
2.116984e+01 1.359487e-03 -1.329720e+00
2.116984e+01 1.467975e-03 -1.423506e+00
2.116984e+01 1.585121e-03 -1.522656e+00
2.116984e+01 1.711615e-03 -1.627238e+00
2.116984e+01 1.848204e-03 -1.737280e+00
2.116984e+01 1.995693e-03 -1.852766e+00
2.116984e+01 2.154951e-03 -1.973633e+00
2.116984e+01 2.326918e-03 -2.099762e+00
2.116984e+01 2.512609e-03 -2.230974e+00
2.116984e+01 2.713117e-03 -2.367027e+00
2.116984e+01 2.929627e-03 -2.507606e+00
2.116984e+01 3.163414e-03 -2.652285e+00
2.116984e+01 3.415858e-03 -2.800518e+00
2.116984e+01 3.688447e-03 -2.951655e+00
2.116984e+01 3.982789e-03 -3.104883e+00
2.116984e+01 4.300619e-03 -3.259216e+00
2.116984e+01 4.643813e-03 -3.413535e+00
2.116984e+01 5.014394e-03 -3.566530e+00
2.116984e+01 5.414548e-03 -3.716699e+00
2.116984e+01 5.846635e-03 -3.862401e+00
2.116984e+01 6.313202e-03 -4.001738e+00
2.116984e+01 6.817002e-03 -4.132569e+00
2.116984e+01 7.361006e-03 -4.252648e+00
2.116984e+01 7.948422e-03 -4.359457e+00
2.116984e+01 8.582714e-03 -4.450271e+00
2.116984e+01 9.267624e-03 -4.522382e+00
2.116984e+01 1.000719e-02 -4.572911e+00
2.116984e+01 1.080577e-02 -4.598941e+00
2.116984e+01 1.166809e-02 -4.597860e+00
2.116984e+01 1.259921e-02 -4.567349e+00
2.116984e+01 1.360464e-02 -4.505552e+00
2.116984e+01 1.469030e-02 -4.411375e+00
2.116984e+01 1.586261e-02 -4.285045e+00
2.116984e+01 1.712846e-02 -4.128043e+00
2.116984e+01 1.849533e-02 -3.942830e+00
2.116984e+01 1.997127e-02 -3.734748e+00
2.116984e+01 2.156500e-02 -3.510956e+00
2.116984e+01 2.328591e-02 -3.278364e+00
2.116984e+01 2.514415e-02 -3.046458e+00
2.116984e+01 2.715068e-02 -2.825362e+00
2.116984e+01 2.931733e-02 -2.622675e+00
2.116984e+01 3.165689e-02 -2.443970e+00
2.116984e+01 3.418314e-02 -2.292599e+00
2.116984e+01 3.691099e-02 -2.166223e+00
2.116984e+01 3.985652e-02 -2.057191e+00
2.116984e+01 4.303711e-02 -1.952661e+00
2.116984e+01 4.647152e-02 -1.837048e+00
2.116984e+01 5.017999e-02 -1.697098e+00
2.116984e+01 5.418441e-02 -1.563786e+00
2.116984e+01 5.850838e-02 -1.475250e+00
2.116984e+01 6.317741e-02 -1.379649e+00
2.116984e+01 6.821903e-02 -1.276419e+00
2.116984e+01 7.366298e-02 -1.166803e+00
2.116984e+01 7.954136e-02 -1.067348e+00
2.116984e+01 8.588885e-02 -9.599568e-01
2.116984e+01 9.274286e-02 -8.439956e-01
2.116984e+01 1.001438e-01 -7.187805e-01
2.116984e+01 1.081354e-01 -6.409172e-01
2.116984e+01 1.167647e-01 -5.841992e-01
2.116984e+01 1.260827e-01 -5.229550e-01
2.116984e+01 1.361442e-01 -4.568235e-01
2.116984e+01 1.470087e-01 -3.930451e-01
2.116984e+01 1.587401e-01 -3.566814e-01
2.116984e+01 1.714077e-01 -3.174158e-01
2.116984e+01 1.850862e-01 -2.750168e-01
2.116984e+01 1.998563e-01 -2.292344e-01
2.116984e+01 2.158051e-01 -2.040133e-01
2.116984e+01 2.330265e-01 -1.816163e-01
2.116984e+01 2.516223e-01 -1.574321e-01
2.116984e+01 2.717020e-01 -1.313179e-01
2.116984e+01 2.933841e-01 -1.112604e-01
2.116984e+01 3.167964e-01 -9.994862e-02
2.116984e+01 3.420771e-01 -8.773414e-02
2.116984e+01 3.693752e-01 -7.454494e-02
2.116984e+01 3.988518e-01 -6.094058e-02
2.116984e+01 4.306805e-01 -5.519061e-02
2.116984e+01 4.650493e-01 -4.898179e-02
2.116984e+01 5.021607e-01 -4.227750e-02
2.116984e+01 5.422336e-01 -3.503820e-02
2.116984e+01 5.855044e-01 -3.067031e-02
2.116984e+01 6.322283e-01 -2.756117e-02
2.116984e+01 6.826808e-01 -2.420393e-02
2.116984e+01 7.371594e-01 -2.057877e-02
2.116984e+01 7.959855e-01 -1.738931e-02
2.116984e+01 8.595059e-01 -1.565128e-02
2.116984e+01 9.280954e-01 -1.377455e-02
2.116984e+01 1.002158e+00 -1.174805e-02
2.116984e+01 1.082132e+00 -9.559841e-03
2.116984e+01 1.168487e+00 -8.536069e-03
2.116984e+01 1.261733e+00 -7.544647e-03
2.116984e+01 1.362421e+00 -6.474109e-03
2.116984e+01 1.471144e+00 -5.318140e-03
2.116984e+01 1.588542e+00 -4.484414e-03
2.116984e+01 1.715310e+00 -3.947058e-03
2.116984e+01 1.852193e+00 -3.366821e-03
2.116984e+01 2.000000e+00 -2.740280e-03
2.161324e+01 1.000000e-03 -7.591006e-01
2.161324e+01 1.079801e-03 -8.147070e-01
2.161324e+01 1.165970e-03 -8.739315e-01
2.161324e+01 1.259016e-03 -9.369109e-01
2.161324e+01 1.359487e-03 -1.003764e+00
2.161324e+01 1.467975e-03 -1.074594e+00
2.161324e+01 1.585121e-03 -1.149479e+00
2.161324e+01 1.711615e-03 -1.228471e+00
2.161324e+01 1.848204e-03 -1.311590e+00
2.161324e+01 1.995693e-03 -1.398825e+00
2.161324e+01 2.154951e-03 -1.490125e+00
2.161324e+01 2.326918e-03 -1.585399e+00
2.161324e+01 2.512609e-03 -1.684511e+00
2.161324e+01 2.713117e-03 -1.787277e+00
2.161324e+01 2.929627e-03 -1.893459e+00
2.161324e+01 3.163414e-03 -2.002733e+00
2.161324e+01 3.415858e-03 -2.114690e+00
2.161324e+01 3.688447e-03 -2.228840e+00
2.161324e+01 3.982789e-03 -2.344569e+00
2.161324e+01 4.300619e-03 -2.461132e+00
2.161324e+01 4.643813e-03 -2.577684e+00
2.161324e+01 5.014394e-03 -2.693235e+00
2.161324e+01 5.414548e-03 -2.806651e+00
2.161324e+01 5.846635e-03 -2.916693e+00
2.161324e+01 6.313202e-03 -3.021927e+00
2.161324e+01 6.817002e-03 -3.120738e+00
2.161324e+01 7.361006e-03 -3.211427e+00
2.161324e+01 7.948422e-03 -3.292094e+00
2.161324e+01 8.582714e-03 -3.360683e+00
2.161324e+01 9.267624e-03 -3.415147e+00
2.161324e+01 1.000719e-02 -3.453312e+00
2.161324e+01 1.080577e-02 -3.472974e+00
2.161324e+01 1.166809e-02 -3.472160e+00
2.161324e+01 1.259921e-02 -3.449120e+00
2.161324e+01 1.360464e-02 -3.402454e+00
2.161324e+01 1.469030e-02 -3.331338e+00
2.161324e+01 1.586261e-02 -3.235944e+00
2.161324e+01 1.712846e-02 -3.117387e+00
2.161324e+01 1.849533e-02 -2.977523e+00
2.161324e+01 1.997127e-02 -2.820388e+00
2.161324e+01 2.156500e-02 -2.651387e+00
2.161324e+01 2.328591e-02 -2.475740e+00
2.161324e+01 2.514415e-02 -2.300611e+00
2.161324e+01 2.715068e-02 -2.133646e+00
2.161324e+01 2.931733e-02 -1.980582e+00
2.161324e+01 3.165689e-02 -1.845628e+00
2.161324e+01 3.418314e-02 -1.731317e+00
2.161324e+01 3.691099e-02 -1.635881e+00
2.161324e+01 3.985652e-02 -1.553542e+00
2.161324e+01 4.303711e-02 -1.474604e+00
2.161324e+01 4.647152e-02 -1.387295e+00
2.161324e+01 5.017999e-02 -1.281609e+00
2.161324e+01 5.418441e-02 -1.181587e+00
2.161324e+01 5.850838e-02 -1.116542e+00
2.161324e+01 6.317741e-02 -1.046307e+00
2.161324e+01 6.821903e-02 -9.704670e-01
2.161324e+01 7.366298e-02 -8.896544e-01
2.161324e+01 7.954136e-02 -8.134159e-01
2.161324e+01 8.588885e-02 -7.310935e-01
2.161324e+01 9.274286e-02 -6.422017e-01
2.161324e+01 1.001438e-01 -5.462162e-01
2.161324e+01 1.081354e-01 -4.865235e-01
2.161324e+01 1.167647e-01 -4.430371e-01
2.161324e+01 1.260827e-01 -3.960805e-01
2.161324e+01 1.361442e-01 -3.453766e-01
2.161324e+01 1.470087e-01 -2.966173e-01
2.161324e+01 1.587401e-01 -2.694862e-01
2.161324e+01 1.714077e-01 -2.401901e-01
2.161324e+01 1.850862e-01 -2.085561e-01
2.161324e+01 1.998563e-01 -1.743977e-01
2.161324e+01 2.158051e-01 -1.553435e-01
2.161324e+01 2.330265e-01 -1.383302e-01
2.161324e+01 2.516223e-01 -1.199592e-01
2.161324e+01 2.717020e-01 -1.001223e-01
2.161324e+01 2.933841e-01 -8.491014e-02
2.161324e+01 3.167964e-01 -7.637388e-02
2.161324e+01 3.420771e-01 -6.715641e-02
2.161324e+01 3.693752e-01 -5.720338e-02
2.161324e+01 3.988518e-01 -4.693382e-02
2.161324e+01 4.306805e-01 -4.254575e-02
2.161324e+01 4.650493e-01 -3.780751e-02
2.161324e+01 5.021607e-01 -3.269115e-02
2.161324e+01 5.422336e-01 -2.716650e-02
2.161324e+01 5.855044e-01 -2.381820e-02
2.161324e+01 6.322283e-01 -2.142234e-02
2.161324e+01 6.826808e-01 -1.883529e-02
2.161324e+01 7.371594e-01 -1.604179e-02
2.161324e+01 7.959855e-01 -1.358032e-02
2.161324e+01 8.595059e-01 -1.222827e-02
2.161324e+01 9.280954e-01 -1.076831e-02
2.161324e+01 1.002158e+00 -9.191857e-03
2.161324e+01 1.082132e+00 -7.489597e-03
2.161324e+01 1.168487e+00 -6.694034e-03
2.161324e+01 1.261733e+00 -5.923778e-03
2.161324e+01 1.362421e+00 -5.092054e-03
2.161324e+01 1.471144e+00 -4.193958e-03
2.161324e+01 1.588542e+00 -3.545027e-03
2.161324e+01 1.715310e+00 -3.125214e-03
2.161324e+01 1.852193e+00 -2.671898e-03
2.161324e+01 2.000000e+00 -2.182408e-03
2.206550e+01 1.000000e-03 -5.819748e-01
2.206550e+01 1.079801e-03 -6.246206e-01
2.206550e+01 1.165970e-03 -6.700439e-01
2.206550e+01 1.259016e-03 -7.183502e-01
2.206550e+01 1.359487e-03 -7.696308e-01
2.206550e+01 1.467975e-03 -8.239653e-01
2.206550e+01 1.585121e-03 -8.814147e-01
2.206550e+01 1.711615e-03 -9.420173e-01
2.206550e+01 1.848204e-03 -1.005789e+00
2.206550e+01 1.995693e-03 -1.072721e+00
2.206550e+01 2.154951e-03 -1.142773e+00
2.206550e+01 2.326918e-03 -1.215874e+00
2.206550e+01 2.512609e-03 -1.291919e+00
2.206550e+01 2.713117e-03 -1.370765e+00
2.206550e+01 2.929627e-03 -1.452229e+00
2.206550e+01 3.163414e-03 -1.536063e+00
2.206550e+01 3.415858e-03 -1.621953e+00
2.206550e+01 3.688447e-03 -1.709525e+00
2.206550e+01 3.982789e-03 -1.798309e+00
2.206550e+01 4.300619e-03 -1.887732e+00
2.206550e+01 4.643813e-03 -1.977147e+00
2.206550e+01 5.014394e-03 -2.065792e+00
2.206550e+01 5.414548e-03 -2.152799e+00
2.206550e+01 5.846635e-03 -2.237218e+00
2.206550e+01 6.313202e-03 -2.317948e+00
2.206550e+01 6.817002e-03 -2.393750e+00
2.206550e+01 7.361006e-03 -2.463322e+00
2.206550e+01 7.948422e-03 -2.525205e+00
2.206550e+01 8.582714e-03 -2.577823e+00
2.206550e+01 9.267624e-03 -2.619606e+00
2.206550e+01 1.000719e-02 -2.648886e+00
2.206550e+01 1.080577e-02 -2.663973e+00
2.206550e+01 1.166809e-02 -2.663351e+00
2.206550e+01 1.259921e-02 -2.645680e+00
2.206550e+01 1.360464e-02 -2.609886e+00
2.206550e+01 1.469030e-02 -2.555340e+00
2.206550e+01 1.586261e-02 -2.482170e+00
2.206550e+01 1.712846e-02 -2.391233e+00
2.206550e+01 1.849533e-02 -2.283952e+00
2.206550e+01 1.997127e-02 -2.163421e+00
2.206550e+01 2.156500e-02 -2.033787e+00
2.206550e+01 2.328591e-02 -1.899055e+00
2.206550e+01 2.514415e-02 -1.764721e+00
2.206550e+01 2.715068e-02 -1.636648e+00
2.206550e+01 2.931733e-02 -1.519238e+00
2.206550e+01 3.165689e-02 -1.415720e+00
2.206550e+01 3.418314e-02 -1.328036e+00
2.206550e+01 3.691099e-02 -1.254830e+00
2.206550e+01 3.985652e-02 -1.191671e+00
2.206550e+01 4.303711e-02 -1.131120e+00
2.206550e+01 4.647152e-02 -1.064148e+00
2.206550e+01 5.017999e-02 -9.830797e-01
2.206550e+01 5.418441e-02 -9.058598e-01
2.206550e+01 5.850838e-02 -8.545843e-01
2.206550e+01 6.317741e-02 -7.992170e-01
2.206550e+01 6.821903e-02 -7.394313e-01
2.206550e+01 7.366298e-02 -6.757926e-01
2.206550e+01 7.954136e-02 -6.164494e-01
2.206550e+01 8.588885e-02 -5.523705e-01
2.206550e+01 9.274286e-02 -4.831781e-01
2.206550e+01 1.001438e-01 -4.084641e-01
2.206550e+01 1.081354e-01 -3.630816e-01
2.206550e+01 1.167647e-01 -3.309161e-01
2.206550e+01 1.260827e-01 -2.961839e-01
2.206550e+01 1.361442e-01 -2.586799e-01
2.206550e+01 1.470087e-01 -2.225804e-01
2.206550e+01 1.587401e-01 -2.023315e-01
2.206550e+01 1.714077e-01 -1.804668e-01
2.206550e+01 1.850862e-01 -1.568572e-01
2.206550e+01 1.998563e-01 -1.313635e-01
2.206550e+01 2.158051e-01 -1.170888e-01
2.206550e+01 2.330265e-01 -1.043221e-01
2.206550e+01 2.516223e-01 -9.053670e-02
2.206550e+01 2.717020e-01 -7.565118e-02
2.206550e+01 2.933841e-01 -6.421628e-02
2.206550e+01 3.167964e-01 -5.776408e-02
2.206550e+01 3.420771e-01 -5.079699e-02
2.206550e+01 3.693752e-01 -4.327391e-02
2.206550e+01 3.988518e-01 -3.551466e-02
2.206550e+01 4.306805e-01 -3.224420e-02
2.206550e+01 4.650493e-01 -2.871276e-02
2.206550e+01 5.021607e-01 -2.489950e-02
2.206550e+01 5.422336e-01 -2.078195e-02
2.206550e+01 5.855044e-01 -1.826270e-02
2.206550e+01 6.322283e-01 -1.644036e-02
2.206550e+01 6.826808e-01 -1.447259e-02
2.206550e+01 7.371594e-01 -1.234780e-02
2.206550e+01 7.959855e-01 -1.047136e-02
2.206550e+01 8.595059e-01 -9.428585e-03
2.206550e+01 9.280954e-01 -8.302590e-03
2.206550e+01 1.002158e+00 -7.086739e-03
2.206550e+01 1.082132e+00 -5.773863e-03
2.206550e+01 1.168487e+00 -5.162596e-03
2.206550e+01 1.261733e+00 -4.571230e-03
2.206550e+01 1.362421e+00 -3.932671e-03
2.206550e+01 1.471144e+00 -3.243156e-03
2.206550e+01 1.588542e+00 -2.744975e-03
2.206550e+01 1.715310e+00 -2.422736e-03
2.206550e+01 1.852193e+00 -2.074783e-03
2.206550e+01 2.000000e+00 -1.699062e-03
2.252681e+01 1.000000e-03 -4.252102e-01
2.252681e+01 1.079801e-03 -4.563792e-01
2.252681e+01 1.165970e-03 -4.895803e-01
2.252681e+01 1.259016e-03 -5.248908e-01
2.252681e+01 1.359487e-03 -5.623779e-01
2.252681e+01 1.467975e-03 -6.021001e-01
2.252681e+01 1.585121e-03 -6.441021e-01
2.252681e+01 1.711615e-03 -6.884118e-01
2.252681e+01 1.848204e-03 -7.350411e-01
2.252681e+01 1.995693e-03 -7.839823e-01
2.252681e+01 2.154951e-03 -8.352062e-01
2.252681e+01 2.326918e-03 -8.886598e-01
2.252681e+01 2.512609e-03 -9.442653e-01
2.252681e+01 2.713117e-03 -1.001918e+00
2.252681e+01 2.929627e-03 -1.061482e+00
2.252681e+01 3.163414e-03 -1.122778e+00
2.252681e+01 3.415858e-03 -1.185574e+00
2.252681e+01 3.688447e-03 -1.249601e+00
2.252681e+01 3.982789e-03 -1.314513e+00
2.252681e+01 4.300619e-03 -1.379892e+00
2.252681e+01 4.643813e-03 -1.445265e+00
2.252681e+01 5.014394e-03 -1.510075e+00
2.252681e+01 5.414548e-03 -1.573687e+00
2.252681e+01 5.846635e-03 -1.635406e+00
2.252681e+01 6.313202e-03 -1.694428e+00
2.252681e+01 6.817002e-03 -1.749848e+00
2.252681e+01 7.361006e-03 -1.800712e+00
2.252681e+01 7.948422e-03 -1.845955e+00
2.252681e+01 8.582714e-03 -1.884425e+00
2.252681e+01 9.267624e-03 -1.914973e+00
2.252681e+01 1.000719e-02 -1.936382e+00
2.252681e+01 1.080577e-02 -1.947414e+00
2.252681e+01 1.166809e-02 -1.946963e+00
2.252681e+01 1.259921e-02 -1.934047e+00
2.252681e+01 1.360464e-02 -1.907883e+00
2.252681e+01 1.469030e-02 -1.868011e+00
2.252681e+01 1.586261e-02 -1.814524e+00
2.252681e+01 1.712846e-02 -1.748049e+00
2.252681e+01 1.849533e-02 -1.669626e+00
2.252681e+01 1.997127e-02 -1.581516e+00
2.252681e+01 2.156500e-02 -1.486751e+00
2.252681e+01 2.328591e-02 -1.388260e+00
2.252681e+01 2.514415e-02 -1.290059e+00
2.252681e+01 2.715068e-02 -1.196434e+00
2.252681e+01 2.931733e-02 -1.110605e+00
2.252681e+01 3.165689e-02 -1.034930e+00
2.252681e+01 3.418314e-02 -9.708306e-01
2.252681e+01 3.691099e-02 -9.173152e-01
2.252681e+01 3.985652e-02 -8.711440e-01
2.252681e+01 4.303711e-02 -8.268796e-01
2.252681e+01 4.647152e-02 -7.779217e-01
2.252681e+01 5.017999e-02 -7.186584e-01
2.252681e+01 5.418441e-02 -6.619432e-01
2.252681e+01 5.850838e-02 -6.237204e-01
2.252681e+01 6.317741e-02 -5.824474e-01
2.252681e+01 6.821903e-02 -5.378808e-01
2.252681e+01 7.366298e-02 -4.905600e-01
2.252681e+01 7.954136e-02 -4.476558e-01
2.252681e+01 8.588885e-02 -4.013277e-01
2.252681e+01 9.274286e-02 -3.513027e-01
2.252681e+01 1.001438e-01 -2.972856e-01
2.252681e+01 1.081354e-01 -2.647811e-01
2.252681e+01 1.167647e-01 -2.420031e-01
2.252681e+01 1.260827e-01 -2.174073e-01
2.252681e+01 1.361442e-01 -1.908488e-01
2.252681e+01 1.470087e-01 -1.651315e-01
2.252681e+01 1.587401e-01 -1.499732e-01
2.252681e+01 1.714077e-01 -1.336054e-01
2.252681e+01 1.850862e-01 -1.159313e-01
2.252681e+01 1.998563e-01 -9.684685e-02
2.252681e+01 2.158051e-01 -8.633753e-02
2.252681e+01 2.330265e-01 -7.700660e-02
2.252681e+01 2.516223e-01 -6.693104e-02
2.252681e+01 2.717020e-01 -5.605144e-02
2.252681e+01 2.933841e-01 -4.768745e-02
2.252681e+01 3.167964e-01 -4.295661e-02
2.252681e+01 3.420771e-01 -3.784824e-02
2.252681e+01 3.693752e-01 -3.233222e-02
2.252681e+01 3.988518e-01 -2.664186e-02
2.252681e+01 4.306805e-01 -2.422644e-02
2.252681e+01 4.650493e-01 -2.161827e-02
2.252681e+01 5.021607e-01 -1.880196e-02
2.252681e+01 5.422336e-01 -1.576091e-02
2.252681e+01 5.855044e-01 -1.387555e-02
2.252681e+01 6.322283e-01 -1.249139e-02
2.252681e+01 6.826808e-01 -1.099678e-02
2.252681e+01 7.371594e-01 -9.382899e-03
2.252681e+01 7.959855e-01 -7.958231e-03
2.252681e+01 8.595059e-01 -7.168162e-03
2.252681e+01 9.280954e-01 -6.315044e-03
2.252681e+01 1.002158e+00 -5.393846e-03
2.252681e+01 1.082132e+00 -4.399137e-03
2.252681e+01 1.168487e+00 -3.936326e-03
2.252681e+01 1.261733e+00 -3.488644e-03
2.252681e+01 1.362421e+00 -3.005238e-03
2.252681e+01 1.471144e+00 -2.483255e-03
2.252681e+01 1.588542e+00 -2.105741e-03
2.252681e+01 1.715310e+00 -1.861061e-03
2.252681e+01 1.852193e+00 -1.596855e-03
2.252681e+01 2.000000e+00 -1.311565e-03
2.299735e+01 1.000000e-03 -3.100284e-01
2.299735e+01 1.079801e-03 -3.327620e-01
2.299735e+01 1.165970e-03 -3.569793e-01
2.299735e+01 1.259016e-03 -3.827369e-01
2.299735e+01 1.359487e-03 -4.100840e-01
2.299735e+01 1.467975e-03 -4.390635e-01
2.299735e+01 1.585121e-03 -4.697082e-01
2.299735e+01 1.711615e-03 -5.020386e-01
2.299735e+01 1.848204e-03 -5.360630e-01
2.299735e+01 1.995693e-03 -5.717758e-01
2.299735e+01 2.154951e-03 -6.091552e-01
2.299735e+01 2.326918e-03 -6.481618e-01
2.299735e+01 2.512609e-03 -6.887382e-01
2.299735e+01 2.713117e-03 -7.308075e-01
2.299735e+01 2.929627e-03 -7.742701e-01
2.299735e+01 3.163414e-03 -8.189941e-01
2.299735e+01 3.415858e-03 -8.648126e-01
2.299735e+01 3.688447e-03 -9.115277e-01
2.299735e+01 3.982789e-03 -9.588890e-01
2.299735e+01 4.300619e-03 -1.006591e+00
2.299735e+01 4.643813e-03 -1.054288e+00
2.299735e+01 5.014394e-03 -1.101575e+00
2.299735e+01 5.414548e-03 -1.147987e+00
2.299735e+01 5.846635e-03 -1.193018e+00
2.299735e+01 6.313202e-03 -1.236080e+00
2.299735e+01 6.817002e-03 -1.276514e+00
2.299735e+01 7.361006e-03 -1.313624e+00
2.299735e+01 7.948422e-03 -1.346634e+00
2.299735e+01 8.582714e-03 -1.374702e+00
2.299735e+01 9.267624e-03 -1.396991e+00
2.299735e+01 1.000719e-02 -1.412612e+00
2.299735e+01 1.080577e-02 -1.420662e+00
2.299735e+01 1.166809e-02 -1.420335e+00
2.299735e+01 1.259921e-02 -1.410916e+00
2.299735e+01 1.360464e-02 -1.391831e+00
2.299735e+01 1.469030e-02 -1.362745e+00
2.299735e+01 1.586261e-02 -1.323727e+00
2.299735e+01 1.712846e-02 -1.275233e+00
2.299735e+01 1.849533e-02 -1.218023e+00
2.299735e+01 1.997127e-02 -1.153746e+00
2.299735e+01 2.156500e-02 -1.084615e+00
2.299735e+01 2.328591e-02 -1.012764e+00
2.299735e+01 2.514415e-02 -9.411244e-01
2.299735e+01 2.715068e-02 -8.728238e-01
2.299735e+01 2.931733e-02 -8.102098e-01
2.299735e+01 3.165689e-02 -7.550038e-01
2.299735e+01 3.418314e-02 -7.082417e-01
2.299735e+01 3.691099e-02 -6.692011e-01
2.299735e+01 3.985652e-02 -6.355182e-01
2.299735e+01 4.303711e-02 -6.032264e-01
2.299735e+01 4.647152e-02 -5.675106e-01
2.299735e+01 5.017999e-02 -5.242768e-01
2.299735e+01 5.418441e-02 -4.827627e-01
2.299735e+01 5.850838e-02 -4.544907e-01
2.299735e+01 6.317741e-02 -4.239625e-01
2.299735e+01 6.821903e-02 -3.909982e-01
2.299735e+01 7.366298e-02 -3.560804e-01
2.299735e+01 7.954136e-02 -3.252894e-01
2.299735e+01 8.588885e-02 -2.920413e-01
2.299735e+01 9.274286e-02 -2.561400e-01
2.299735e+01 1.001438e-01 -2.173736e-01
2.299735e+01 1.081354e-01 -1.937796e-01
2.299735e+01 1.167647e-01 -1.770173e-01
2.299735e+01 1.260827e-01 -1.589174e-01
2.299735e+01 1.361442e-01 -1.393732e-01
2.299735e+01 1.470087e-01 -1.204941e-01
2.299735e+01 1.587401e-01 -1.095859e-01
2.299735e+01 1.714077e-01 -9.780728e-02
2.299735e+01 1.850862e-01 -8.508868e-02
2.299735e+01 1.998563e-01 -7.135511e-02
2.299735e+01 2.158051e-01 -6.364537e-02
2.299735e+01 2.330265e-01 -5.674252e-02
2.299735e+01 2.516223e-01 -4.928881e-02
2.299735e+01 2.717020e-01 -4.124029e-02
2.299735e+01 2.933841e-01 -3.507417e-02
2.299735e+01 3.167964e-01 -3.162469e-02
2.299735e+01 3.420771e-01 -2.789993e-02
2.299735e+01 3.693752e-01 -2.387794e-02
2.299735e+01 3.988518e-01 -1.972809e-02
2.299735e+01 4.306805e-01 -1.795563e-02
2.299735e+01 4.650493e-01 -1.604173e-02
2.299735e+01 5.021607e-01 -1.397509e-02
2.299735e+01 5.422336e-01 -1.174354e-02
2.299735e+01 5.855044e-01 -1.035343e-02
2.299735e+01 6.322283e-01 -9.327502e-03
2.299735e+01 6.826808e-01 -8.219699e-03
2.299735e+01 7.371594e-01 -7.023492e-03
2.299735e+01 7.959855e-01 -5.966725e-03
2.299735e+01 8.595059e-01 -5.378361e-03
2.299735e+01 9.280954e-01 -4.743045e-03
2.299735e+01 1.002158e+00 -4.057030e-03
2.299735e+01 1.082132e+00 -3.316270e-03
2.299735e+01 1.168487e+00 -2.970776e-03
2.299735e+01 1.261733e+00 -2.636411e-03
2.299735e+01 1.362421e+00 -2.275364e-03
2.299735e+01 1.471144e+00 -1.885504e-03
2.299735e+01 1.588542e+00 -1.601843e-03
2.299735e+01 1.715310e+00 -1.415764e-03
2.299735e+01 1.852193e+00 -1.214836e-03
2.299735e+01 2.000000e+00 -9.978735e-04
2.347730e+01 1.000000e-03 -2.216523e-01
2.347730e+01 1.079801e-03 -2.379111e-01
2.347730e+01 1.165970e-03 -2.552320e-01
2.347730e+01 1.259016e-03 -2.736559e-01
2.347730e+01 1.359487e-03 -2.932179e-01
2.347730e+01 1.467975e-03 -3.139492e-01
2.347730e+01 1.585121e-03 -3.358731e-01
2.347730e+01 1.711615e-03 -3.590043e-01
2.347730e+01 1.848204e-03 -3.833489e-01
2.347730e+01 1.995693e-03 -4.089026e-01
2.347730e+01 2.154951e-03 -4.356494e-01
2.347730e+01 2.326918e-03 -4.635607e-01
2.347730e+01 2.512609e-03 -4.925951e-01
2.347730e+01 2.713117e-03 -5.226971e-01
2.347730e+01 2.929627e-03 -5.537948e-01
2.347730e+01 3.163414e-03 -5.857939e-01
2.347730e+01 3.415858e-03 -6.185752e-01
2.347730e+01 3.688447e-03 -6.519976e-01
2.347730e+01 3.982789e-03 -6.858822e-01
2.347730e+01 4.300619e-03 -7.200106e-01
2.347730e+01 4.643813e-03 -7.541353e-01
2.347730e+01 5.014394e-03 -7.879661e-01
2.347730e+01 5.414548e-03 -8.211710e-01
2.347730e+01 5.846635e-03 -8.533875e-01
2.347730e+01 6.313202e-03 -8.841957e-01
2.347730e+01 6.817002e-03 -9.131230e-01
2.347730e+01 7.361006e-03 -9.396729e-01
2.347730e+01 7.948422e-03 -9.632892e-01
2.347730e+01 8.582714e-03 -9.833700e-01
2.347730e+01 9.267624e-03 -9.993166e-01
2.347730e+01 1.000719e-02 -1.010493e+00
2.347730e+01 1.080577e-02 -1.016254e+00
2.347730e+01 1.166809e-02 -1.016022e+00
2.347730e+01 1.259921e-02 -1.009286e+00
2.347730e+01 1.360464e-02 -9.956352e-01
2.347730e+01 1.469030e-02 -9.748299e-01
2.347730e+01 1.586261e-02 -9.469195e-01
2.347730e+01 1.712846e-02 -9.122305e-01
2.347730e+01 1.849533e-02 -8.713061e-01
2.347730e+01 1.997127e-02 -8.253267e-01
2.347730e+01 2.156500e-02 -7.758745e-01
2.347730e+01 2.328591e-02 -7.244769e-01
2.347730e+01 2.514415e-02 -6.732303e-01
2.347730e+01 2.715068e-02 -6.243720e-01
2.347730e+01 2.931733e-02 -5.795814e-01
2.347730e+01 3.165689e-02 -5.400901e-01
2.347730e+01 3.418314e-02 -5.066390e-01
2.347730e+01 3.691099e-02 -4.787114e-01
2.347730e+01 3.985652e-02 -4.546164e-01
2.347730e+01 4.303711e-02 -4.315165e-01
2.347730e+01 4.647152e-02 -4.059673e-01
2.347730e+01 5.017999e-02 -3.750401e-01
2.347730e+01 5.418441e-02 -3.460455e-01
2.347730e+01 5.850838e-02 -3.277769e-01
2.347730e+01 6.317741e-02 -3.080504e-01
2.347730e+01 6.821903e-02 -2.867497e-01
2.347730e+01 7.366298e-02 -2.638136e-01
2.347730e+01 7.954136e-02 -2.397047e-01
2.347730e+01 8.588885e-02 -2.136719e-01
2.347730e+01 9.274286e-02 -1.855617e-01
2.347730e+01 1.001438e-01 -1.552082e-01
2.347730e+01 1.081354e-01 -1.376229e-01
2.347730e+01 1.167647e-01 -1.258815e-01
2.347730e+01 1.260827e-01 -1.132032e-01
2.347730e+01 1.361442e-01 -9.951320e-02
2.347730e+01 1.470087e-01 -8.629000e-02
2.347730e+01 1.587401e-01 -7.865394e-02
2.347730e+01 1.714077e-01 -7.040852e-02
2.347730e+01 1.850862e-01 -6.150510e-02
2.347730e+01 1.998563e-01 -5.189118e-02
2.347730e+01 2.158051e-01 -4.632227e-02
2.347730e+01 2.330265e-01 -4.127017e-02
2.347730e+01 2.516223e-01 -3.581491e-02
2.347730e+01 2.717020e-01 -2.992431e-02
2.347730e+01 2.933841e-01 -2.542573e-02
2.347730e+01 3.167964e-01 -2.293474e-02
2.347730e+01 3.420771e-01 -2.024498e-02
2.347730e+01 3.693752e-01 -1.734057e-02
2.347730e+01 3.988518e-01 -1.434426e-02
2.347730e+01 4.306805e-01 -1.307095e-02
2.347730e+01 4.650493e-01 -1.169604e-02
2.347730e+01 5.021607e-01 -1.021140e-02
2.347730e+01 5.422336e-01 -8.608284e-03
2.347730e+01 5.855044e-01 -7.599624e-03
2.347730e+01 6.322283e-01 -6.847109e-03
2.347730e+01 6.826808e-01 -6.034543e-03
2.347730e+01 7.371594e-01 -5.157133e-03
2.347730e+01 7.959855e-01 -4.382584e-03
2.347730e+01 8.595059e-01 -3.953024e-03
2.347730e+01 9.280954e-01 -3.489184e-03
2.347730e+01 1.002158e+00 -2.988329e-03
2.347730e+01 1.082132e+00 -2.447505e-03
2.347730e+01 1.168487e+00 -2.193837e-03
2.347730e+01 1.261733e+00 -1.948058e-03
2.347730e+01 1.362421e+00 -1.682666e-03
2.347730e+01 1.471144e+00 -1.396096e-03
2.347730e+01 1.588542e+00 -1.186894e-03
2.347730e+01 1.715310e+00 -1.048759e-03
2.347730e+01 1.852193e+00 -8.996016e-04
2.347730e+01 2.000000e+00 -7.385409e-04
2.396684e+01 1.000000e-03 -1.521370e-01
2.396684e+01 1.079801e-03 -1.633005e-01
2.396684e+01 1.165970e-03 -1.751940e-01
2.396684e+01 1.259016e-03 -1.878457e-01
2.396684e+01 1.359487e-03 -2.012799e-01
2.396684e+01 1.467975e-03 -2.155180e-01
2.396684e+01 1.585121e-03 -2.305763e-01
2.396684e+01 1.711615e-03 -2.464648e-01
2.396684e+01 1.848204e-03 -2.631877e-01
2.396684e+01 1.995693e-03 -2.807419e-01
2.396684e+01 2.154951e-03 -2.991162e-01
2.396684e+01 2.326918e-03 -3.182908e-01
2.396684e+01 2.512609e-03 -3.382367e-01
2.396684e+01 2.713117e-03 -3.589155e-01
2.396684e+01 2.929627e-03 -3.802777e-01
2.396684e+01 3.163414e-03 -4.022581e-01
2.396684e+01 3.415858e-03 -4.247753e-01
2.396684e+01 3.688447e-03 -4.477325e-01
2.396684e+01 3.982789e-03 -4.710069e-01
2.396684e+01 4.300619e-03 -4.944488e-01
2.396684e+01 4.643813e-03 -5.178882e-01
2.396684e+01 5.014394e-03 -5.411256e-01
2.396684e+01 5.414548e-03 -5.639331e-01
2.396684e+01 5.846635e-03 -5.860613e-01
2.396684e+01 6.313202e-03 -6.072221e-01
2.396684e+01 6.817002e-03 -6.270910e-01
2.396684e+01 7.361006e-03 -6.453269e-01
2.396684e+01 7.948422e-03 -6.615480e-01
2.396684e+01 8.582714e-03 -6.753408e-01
2.396684e+01 9.267624e-03 -6.862942e-01
2.396684e+01 1.000719e-02 -6.939712e-01
2.396684e+01 1.080577e-02 -6.979291e-01
2.396684e+01 1.166809e-02 -6.977714e-01
2.396684e+01 1.259921e-02 -6.931465e-01
2.396684e+01 1.360464e-02 -6.837729e-01
2.396684e+01 1.469030e-02 -6.694852e-01
2.396684e+01 1.586261e-02 -6.503177e-01
2.396684e+01 1.712846e-02 -6.264947e-01
2.396684e+01 1.849533e-02 -5.983895e-01
2.396684e+01 1.997127e-02 -5.668126e-01
2.396684e+01 2.156500e-02 -5.328507e-01
2.396684e+01 2.328591e-02 -4.975525e-01
2.396684e+01 2.514415e-02 -4.623579e-01
2.396684e+01 2.715068e-02 -4.288034e-01
2.396684e+01 2.931733e-02 -3.980424e-01
2.396684e+01 3.165689e-02 -3.709208e-01
2.396684e+01 3.418314e-02 -3.479475e-01
2.396684e+01 3.691099e-02 -3.287675e-01
2.396684e+01 3.985652e-02 -3.122196e-01
2.396684e+01 4.303711e-02 -2.963552e-01
2.396684e+01 4.647152e-02 -2.788086e-01
2.396684e+01 5.017999e-02 -2.575686e-01
2.396684e+01 5.418441e-02 -2.373456e-01
2.396684e+01 5.850838e-02 -2.239355e-01
2.396684e+01 6.317741e-02 -2.094552e-01
2.396684e+01 6.821903e-02 -1.938193e-01
2.396684e+01 7.366298e-02 -1.771334e-01
2.396684e+01 7.954136e-02 -1.611344e-01
2.396684e+01 8.588885e-02 -1.438587e-01
2.396684e+01 9.274286e-02 -1.252043e-01
2.396684e+01 1.001438e-01 -1.050613e-01
2.396684e+01 1.081354e-01 -9.360785e-02
2.396684e+01 1.167647e-01 -8.615307e-02
2.396684e+01 1.260827e-01 -7.810340e-02
2.396684e+01 1.361442e-01 -6.941134e-02
2.396684e+01 1.470087e-01 -6.089127e-02
2.396684e+01 1.587401e-01 -5.537862e-02
2.396684e+01 1.714077e-01 -4.942606e-02
2.396684e+01 1.850862e-01 -4.299848e-02
2.396684e+01 1.998563e-01 -3.605797e-02
2.396684e+01 2.158051e-01 -3.219887e-02
2.396684e+01 2.330265e-01 -2.875792e-02
2.396684e+01 2.516223e-01 -2.504239e-02
2.396684e+01 2.717020e-01 -2.103035e-02
2.396684e+01 2.933841e-01 -1.794216e-02
2.396684e+01 3.167964e-01 -1.618858e-02
2.396684e+01 3.420771e-01 -1.429507e-02
2.396684e+01 3.693752e-01 -1.225045e-02
2.396684e+01 3.988518e-01 -1.014084e-02
2.396684e+01 4.306805e-01 -9.239854e-03
2.396684e+01 4.650493e-01 -8.266968e-03
2.396684e+01 5.021607e-01 -7.216446e-03
2.396684e+01 5.422336e-01 -6.082091e-03
2.396684e+01 5.855044e-01 -5.370998e-03
2.396684e+01 6.322283e-01 -4.842587e-03
2.396684e+01 6.826808e-01 -4.272008e-03
2.396684e+01 7.371594e-01 -3.655896e-03
2.396684e+01 7.959855e-01 -3.111345e-03
2.396684e+01 8.595059e-01 -2.807417e-03
2.396684e+01 9.280954e-01 -2.479235e-03
2.396684e+01 1.002158e+00 -2.124863e-03
2.396684e+01 1.082132e+00 -1.742213e-03
2.396684e+01 1.168487e+00 -1.563136e-03
2.396684e+01 1.261733e+00 -1.389707e-03
2.396684e+01 1.362421e+00 -1.202438e-03
2.396684e+01 1.471144e+00 -1.000225e-03
2.396684e+01 1.588542e+00 -8.516443e-04
2.396684e+01 1.715310e+00 -7.522927e-04
2.396684e+01 1.852193e+00 -6.450128e-04
2.396684e+01 2.000000e+00 -5.291718e-04
2.446618e+01 1.000000e-03 -1.039578e-01
2.446618e+01 1.079801e-03 -1.115886e-01
2.446618e+01 1.165970e-03 -1.197190e-01
2.446618e+01 1.259016e-03 -1.283682e-01
2.446618e+01 1.359487e-03 -1.375531e-01
2.446618e+01 1.467975e-03 -1.472882e-01
2.446618e+01 1.585121e-03 -1.575849e-01
2.446618e+01 1.711615e-03 -1.684499e-01
2.446618e+01 1.848204e-03 -1.798862e-01
2.446618e+01 1.995693e-03 -1.918915e-01
2.446618e+01 2.154951e-03 -2.044582e-01
2.446618e+01 2.326918e-03 -2.175723e-01
2.446618e+01 2.512609e-03 -2.312139e-01
2.446618e+01 2.713117e-03 -2.453565e-01
2.446618e+01 2.929627e-03 -2.599659e-01
2.446618e+01 3.163414e-03 -2.749975e-01
2.446618e+01 3.415858e-03 -2.903957e-01
2.446618e+01 3.688447e-03 -3.060945e-01
2.446618e+01 3.982789e-03 -3.220102e-01
2.446618e+01 4.300619e-03 -3.380404e-01
2.446618e+01 4.643813e-03 -3.540687e-01
2.446618e+01 5.014394e-03 -3.699591e-01
2.446618e+01 5.414548e-03 -3.855553e-01
2.446618e+01 5.846635e-03 -4.006869e-01
2.446618e+01 6.313202e-03 -4.151568e-01
2.446618e+01 6.817002e-03 -4.287432e-01
2.446618e+01 7.361006e-03 -4.412131e-01
2.446618e+01 7.948422e-03 -4.523052e-01
2.446618e+01 8.582714e-03 -4.617371e-01
2.446618e+01 9.267624e-03 -4.692273e-01
2.446618e+01 1.000719e-02 -4.744773e-01
2.446618e+01 1.080577e-02 -4.771844e-01
2.446618e+01 1.166809e-02 -4.770776e-01
2.446618e+01 1.259921e-02 -4.739164e-01
2.446618e+01 1.360464e-02 -4.675083e-01
2.446618e+01 1.469030e-02 -4.577401e-01
2.446618e+01 1.586261e-02 -4.446353e-01
2.446618e+01 1.712846e-02 -4.283474e-01
2.446618e+01 1.849533e-02 -4.091316e-01
2.446618e+01 1.997127e-02 -3.875423e-01
2.446618e+01 2.156500e-02 -3.643221e-01
2.446618e+01 2.328591e-02 -3.401883e-01
2.446618e+01 2.514415e-02 -3.161251e-01
2.446618e+01 2.715068e-02 -2.931832e-01
2.446618e+01 2.931733e-02 -2.721513e-01
2.446618e+01 3.165689e-02 -2.536076e-01
2.446618e+01 3.418314e-02 -2.379002e-01
2.446618e+01 3.691099e-02 -2.247864e-01
2.446618e+01 3.985652e-02 -2.134722e-01
2.446618e+01 4.303711e-02 -2.026253e-01
2.446618e+01 4.647152e-02 -1.906283e-01
2.446618e+01 5.017999e-02 -1.761060e-01
2.446618e+01 5.418441e-02 -1.621740e-01
2.446618e+01 5.850838e-02 -1.527127e-01
2.446618e+01 6.317741e-02 -1.424964e-01
2.446618e+01 6.821903e-02 -1.314647e-01
2.446618e+01 7.366298e-02 -1.197541e-01
2.446618e+01 7.954136e-02 -1.091647e-01
2.446618e+01 8.588885e-02 -9.773018e-02
2.446618e+01 9.274286e-02 -8.538322e-02
2.446618e+01 1.001438e-01 -7.205095e-02
2.446618e+01 1.081354e-01 -6.438525e-02
2.446618e+01 1.167647e-01 -5.931895e-02
2.446618e+01 1.260827e-01 -5.384835e-02
2.446618e+01 1.361442e-01 -4.794120e-02
2.446618e+01 1.470087e-01 -4.211787e-02
2.446618e+01 1.587401e-01 -3.819494e-02
2.446618e+01 1.714077e-01 -3.395896e-02
2.446618e+01 1.850862e-01 -2.938494e-02
2.446618e+01 1.998563e-01 -2.444592e-02
2.446618e+01 2.158051e-01 -2.182499e-02
2.446618e+01 2.330265e-01 -1.953666e-02
2.446618e+01 2.516223e-01 -1.706571e-02
2.446618e+01 2.717020e-01 -1.439759e-02
2.446618e+01 2.933841e-01 -1.233108e-02
2.446618e+01 3.167964e-01 -1.113488e-02
2.446618e+01 3.420771e-01 -9.843232e-03
2.446618e+01 3.693752e-01 -8.448504e-03
2.446618e+01 3.988518e-01 -7.009037e-03
2.446618e+01 4.306805e-01 -6.388327e-03
2.446618e+01 4.650493e-01 -5.718084e-03
2.446618e+01 5.021607e-01 -4.994355e-03
2.446618e+01 5.422336e-01 -4.212871e-03
2.446618e+01 5.855044e-01 -3.721776e-03
2.446618e+01 6.322283e-01 -3.355877e-03
2.446618e+01 6.826808e-01 -2.960778e-03
2.446618e+01 7.371594e-01 -2.534150e-03
2.446618e+01 7.959855e-01 -2.156753e-03
2.446618e+01 8.595059e-01 -1.945194e-03
2.446618e+01 9.280954e-01 -1.716751e-03
2.446618e+01 1.002158e+00 -1.470079e-03
2.446618e+01 1.082132e+00 -1.203722e-03
2.446618e+01 1.168487e+00 -1.080340e-03
2.446618e+01 1.261733e+00 -9.610982e-04
2.446618e+01 1.362421e+00 -8.323413e-04
2.446618e+01 1.471144e+00 -6.933094e-04
2.446618e+01 1.588542e+00 -5.908982e-04
2.446618e+01 1.715310e+00 -5.220914e-04
2.446618e+01 1.852193e+00 -4.477937e-04
2.446618e+01 2.000000e+00 -3.675671e-04
2.497550e+01 1.000000e-03 -6.879659e-02
2.497550e+01 1.079801e-03 -7.384823e-02
2.497550e+01 1.165970e-03 -7.923091e-02
2.497550e+01 1.259016e-03 -8.495748e-02
2.497550e+01 1.359487e-03 -9.103911e-02
2.497550e+01 1.467975e-03 -9.748560e-02
2.497550e+01 1.585121e-03 -1.043044e-01
2.497550e+01 1.711615e-03 -1.115001e-01
2.497550e+01 1.848204e-03 -1.190745e-01
2.497550e+01 1.995693e-03 -1.270263e-01
2.497550e+01 2.154951e-03 -1.353501e-01
2.497550e+01 2.326918e-03 -1.440366e-01
2.497550e+01 2.512609e-03 -1.530726e-01
2.497550e+01 2.713117e-03 -1.624403e-01
2.497550e+01 2.929627e-03 -1.721167e-01
2.497550e+01 3.163414e-03 -1.820725e-01
2.497550e+01 3.415858e-03 -1.922707e-01
2.497550e+01 3.688447e-03 -2.026679e-01
2.497550e+01 3.982789e-03 -2.132085e-01
2.497550e+01 4.300619e-03 -2.238249e-01
2.497550e+01 4.643813e-03 -2.344401e-01
2.497550e+01 5.014394e-03 -2.449640e-01
2.497550e+01 5.414548e-03 -2.552930e-01
2.497550e+01 5.846635e-03 -2.653142e-01
2.497550e+01 6.313202e-03 -2.748971e-01
2.497550e+01 6.817002e-03 -2.838948e-01
2.497550e+01 7.361006e-03 -2.921530e-01
2.497550e+01 7.948422e-03 -2.994990e-01
2.497550e+01 8.582714e-03 -3.057455e-01
2.497550e+01 9.267624e-03 -3.107062e-01
2.497550e+01 1.000719e-02 -3.141834e-01
2.497550e+01 1.080577e-02 -3.159766e-01
2.497550e+01 1.166809e-02 -3.159065e-01
2.497550e+01 1.259921e-02 -3.138139e-01
2.497550e+01 1.360464e-02 -3.095711e-01
2.497550e+01 1.469030e-02 -3.031033e-01
2.497550e+01 1.586261e-02 -2.944260e-01
2.497550e+01 1.712846e-02 -2.836408e-01
2.497550e+01 1.849533e-02 -2.709169e-01
2.497550e+01 1.997127e-02 -2.566213e-01
2.497550e+01 2.156500e-02 -2.412457e-01
2.497550e+01 2.328591e-02 -2.252650e-01
2.497550e+01 2.514415e-02 -2.093310e-01
2.497550e+01 2.715068e-02 -1.941395e-01
2.497550e+01 2.931733e-02 -1.802127e-01
2.497550e+01 3.165689e-02 -1.679335e-01
2.497550e+01 3.418314e-02 -1.575325e-01
2.497550e+01 3.691099e-02 -1.488488e-01
2.497550e+01 3.985652e-02 -1.413567e-01
2.497550e+01 4.303711e-02 -1.341741e-01
2.497550e+01 4.647152e-02 -1.262300e-01
2.497550e+01 5.017999e-02 -1.166136e-01
2.497550e+01 5.418441e-02 -1.074603e-01
2.497550e+01 5.850838e-02 -1.013961e-01
2.497550e+01 6.317741e-02 -9.484794e-02
2.497550e+01 6.821903e-02 -8.777722e-02
2.497550e+01 7.366298e-02 -8.022238e-02
2.497550e+01 7.954136e-02 -7.288290e-02
2.497550e+01 8.588885e-02 -6.495772e-02
2.497550e+01 9.274286e-02 -5.640011e-02
2.497550e+01 1.001438e-01 -4.715959e-02
2.497550e+01 1.081354e-01 -4.205054e-02
2.497550e+01 1.167647e-01 -3.885673e-02
2.497550e+01 1.260827e-01 -3.540804e-02
2.497550e+01 1.361442e-01 -3.168415e-02
2.497550e+01 1.470087e-01 -2.799471e-02
2.497550e+01 1.587401e-01 -2.542345e-02
2.497550e+01 1.714077e-01 -2.264701e-02
2.497550e+01 1.850862e-01 -1.964901e-02
2.497550e+01 1.998563e-01 -1.641176e-02
2.497550e+01 2.158051e-01 -1.465692e-02
2.497550e+01 2.330265e-01 -1.310976e-02
2.497550e+01 2.516223e-01 -1.143913e-02
2.497550e+01 2.717020e-01 -9.635181e-03
2.497550e+01 2.933841e-01 -8.245245e-03
2.497550e+01 3.167964e-01 -7.453532e-03
2.497550e+01 3.420771e-01 -6.598639e-03
2.497550e+01 3.693752e-01 -5.675525e-03
2.497550e+01 3.988518e-01 -4.722787e-03
2.497550e+01 4.306805e-01 -4.311772e-03
2.497550e+01 4.650493e-01 -3.867956e-03
2.497550e+01 5.021607e-01 -3.388724e-03
2.497550e+01 5.422336e-01 -2.871249e-03
2.497550e+01 5.855044e-01 -2.540221e-03
2.497550e+01 6.322283e-01 -2.288907e-03
2.497550e+01 6.826808e-01 -2.017537e-03
2.497550e+01 7.371594e-01 -1.724511e-03
2.497550e+01 7.959855e-01 -1.465744e-03
2.497550e+01 8.595059e-01 -1.321964e-03
2.497550e+01 9.280954e-01 -1.166709e-03
2.497550e+01 1.002158e+00 -9.990656e-04
2.497550e+01 1.082132e+00 -8.180436e-04
2.497550e+01 1.168487e+00 -7.341125e-04
2.497550e+01 1.261733e+00 -6.529831e-04
2.497550e+01 1.362421e+00 -5.653796e-04
2.497550e+01 1.471144e+00 -4.707852e-04
2.497550e+01 1.588542e+00 -4.012295e-04
2.497550e+01 1.715310e+00 -3.546549e-04
2.497550e+01 1.852193e+00 -3.043635e-04
2.497550e+01 2.000000e+00 -2.500589e-04
2.549501e+01 1.000000e-03 -4.360269e-02
2.549501e+01 1.079801e-03 -4.680549e-02
2.549501e+01 1.165970e-03 -5.021839e-02
2.549501e+01 1.259016e-03 -5.384959e-02
2.549501e+01 1.359487e-03 -5.770621e-02
2.549501e+01 1.467975e-03 -6.179450e-02
2.549501e+01 1.585121e-03 -6.611922e-02
2.549501e+01 1.711615e-03 -7.068329e-02
2.549501e+01 1.848204e-03 -7.548791e-02
2.549501e+01 1.995693e-03 -8.053213e-02
2.549501e+01 2.154951e-03 -8.581256e-02
2.549501e+01 2.326918e-03 -9.132322e-02
2.549501e+01 2.512609e-03 -9.705555e-02
2.549501e+01 2.713117e-03 -1.029982e-01
2.549501e+01 2.929627e-03 -1.091366e-01
2.549501e+01 3.163414e-03 -1.154518e-01
2.549501e+01 3.415858e-03 -1.219207e-01
2.549501e+01 3.688447e-03 -1.285155e-01
2.549501e+01 3.982789e-03 -1.352013e-01
2.549501e+01 4.300619e-03 -1.419351e-01
2.549501e+01 4.643813e-03 -1.486682e-01
2.549501e+01 5.014394e-03 -1.553434e-01
2.549501e+01 5.414548e-03 -1.618950e-01
2.549501e+01 5.846635e-03 -1.682512e-01
2.549501e+01 6.313202e-03 -1.743294e-01
2.549501e+01 6.817002e-03 -1.800363e-01
2.549501e+01 7.361006e-03 -1.852743e-01
2.549501e+01 7.948422e-03 -1.899336e-01
2.549501e+01 8.582714e-03 -1.938957e-01
2.549501e+01 9.267624e-03 -1.970423e-01
2.549501e+01 1.000719e-02 -1.992480e-01
2.549501e+01 1.080577e-02 -2.003856e-01
2.549501e+01 1.166809e-02 -2.003416e-01
2.549501e+01 1.259921e-02 -1.990149e-01
2.549501e+01 1.360464e-02 -1.963245e-01
2.549501e+01 1.469030e-02 -1.922230e-01
2.549501e+01 1.586261e-02 -1.867202e-01
2.549501e+01 1.712846e-02 -1.798806e-01
2.549501e+01 1.849533e-02 -1.718115e-01
2.549501e+01 1.997127e-02 -1.627456e-01
2.549501e+01 2.156500e-02 -1.529948e-01
2.549501e+01 2.328591e-02 -1.428602e-01
2.549501e+01 2.514415e-02 -1.327552e-01
2.549501e+01 2.715068e-02 -1.231209e-01
2.549501e+01 2.931733e-02 -1.142888e-01
2.549501e+01 3.165689e-02 -1.065015e-01
2.549501e+01 3.418314e-02 -9.990526e-02
2.549501e+01 3.691099e-02 -9.439816e-02
2.549501e+01 3.985652e-02 -8.964680e-02
2.549501e+01 4.303711e-02 -8.509168e-02
2.549501e+01 4.647152e-02 -8.005359e-02
2.549501e+01 5.017999e-02 -7.395503e-02
2.549501e+01 5.418441e-02 -6.826858e-02
2.549501e+01 5.850838e-02 -6.475254e-02
2.549501e+01 6.317741e-02 -6.095592e-02
2.549501e+01 6.821903e-02 -5.685633e-02
2.549501e+01 7.366298e-02 -5.242676e-02
2.549501e+01 7.954136e-02 -4.761486e-02
2.549501e+01 8.588885e-02 -4.241897e-02
2.549501e+01 9.274286e-02 -3.680844e-02
2.549501e+01 1.001438e-01 -3.075019e-02
2.549501e+01 1.081354e-01 -2.738699e-02
2.549501e+01 1.167647e-01 -2.527188e-02
2.549501e+01 1.260827e-01 -2.298798e-02
2.549501e+01 1.361442e-01 -2.052183e-02
2.549501e+01 1.470087e-01 -1.808294e-02
2.549501e+01 1.587401e-01 -1.640389e-02
2.549501e+01 1.714077e-01 -1.459085e-02
2.549501e+01 1.850862e-01 -1.263314e-02
2.549501e+01 1.998563e-01 -1.051919e-02
2.549501e+01 2.158051e-01 -9.397236e-03
2.549501e+01 2.330265e-01 -8.417589e-03
2.549501e+01 2.516223e-01 -7.359765e-03
2.549501e+01 2.717020e-01 -6.217525e-03
2.549501e+01 2.933841e-01 -5.339154e-03
2.549501e+01 3.167964e-01 -4.841893e-03
2.549501e+01 3.420771e-01 -4.304950e-03
2.549501e+01 3.693752e-01 -3.725159e-03
2.549501e+01 3.988518e-01 -3.125996e-03
2.549501e+01 4.306805e-01 -2.856291e-03
2.549501e+01 4.650493e-01 -2.565063e-03
2.549501e+01 5.021607e-01 -2.250594e-03
2.549501e+01 5.422336e-01 -1.911031e-03
2.549501e+01 5.855044e-01 -1.691621e-03
2.549501e+01 6.322283e-01 -1.523322e-03
2.549501e+01 6.826808e-01 -1.341592e-03
2.549501e+01 7.371594e-01 -1.145360e-03
2.549501e+01 7.959855e-01 -9.723567e-04
2.549501e+01 8.595059e-01 -8.770524e-04
2.549501e+01 9.280954e-01 -7.741428e-04
2.549501e+01 1.002158e+00 -6.630208e-04
2.549501e+01 1.082132e+00 -5.430312e-04
2.549501e+01 1.168487e+00 -4.875198e-04
2.549501e+01 1.261733e+00 -4.338856e-04
2.549501e+01 1.362421e+00 -3.759713e-04
2.549501e+01 1.471144e+00 -3.134354e-04
2.549501e+01 1.588542e+00 -2.673833e-04
2.549501e+01 1.715310e+00 -2.364576e-04
2.549501e+01 1.852193e+00 -2.030640e-04
2.549501e+01 2.000000e+00 -1.670056e-04
2.602491e+01 1.000000e-03 -2.734282e-02
2.602491e+01 1.079801e-03 -2.935196e-02
2.602491e+01 1.165970e-03 -3.149304e-02
2.602491e+01 1.259016e-03 -3.377123e-02
2.602491e+01 1.359487e-03 -3.619102e-02
2.602491e+01 1.467975e-03 -3.875637e-02
2.602491e+01 1.585121e-03 -4.147028e-02
2.602491e+01 1.711615e-03 -4.433459e-02
2.602491e+01 1.848204e-03 -4.735007e-02
2.602491e+01 1.995693e-03 -5.051610e-02
2.602491e+01 2.154951e-03 -5.383053e-02
2.602491e+01 2.326918e-03 -5.728954e-02
2.602491e+01 2.512609e-03 -6.088771e-02
2.602491e+01 2.713117e-03 -6.461785e-02
2.602491e+01 2.929627e-03 -6.847070e-02
2.602491e+01 3.163414e-03 -7.243441e-02
2.602491e+01 3.415858e-03 -7.649439e-02
2.602491e+01 3.688447e-03 -8.063336e-02
2.602491e+01 3.982789e-03 -8.482933e-02
2.602491e+01 4.300619e-03 -8.905540e-02
2.602491e+01 4.643813e-03 -9.328105e-02
2.602491e+01 5.014394e-03 -9.747037e-02
2.602491e+01 5.414548e-03 -1.015821e-01
2.602491e+01 5.846635e-03 -1.055712e-01
2.602491e+01 6.313202e-03 -1.093857e-01
2.602491e+01 6.817002e-03 -1.129672e-01
2.602491e+01 7.361006e-03 -1.162544e-01
2.602491e+01 7.948422e-03 -1.191786e-01
2.602491e+01 8.582714e-03 -1.216651e-01
2.602491e+01 9.267624e-03 -1.236400e-01
2.602491e+01 1.000719e-02 -1.250243e-01
2.602491e+01 1.080577e-02 -1.257385e-01
2.602491e+01 1.166809e-02 -1.257111e-01
2.602491e+01 1.259921e-02 -1.248789e-01
2.602491e+01 1.360464e-02 -1.231909e-01
2.602491e+01 1.469030e-02 -1.206174e-01
2.602491e+01 1.586261e-02 -1.171646e-01
2.602491e+01 1.712846e-02 -1.128730e-01
2.602491e+01 1.849533e-02 -1.078099e-01
2.602491e+01 1.997127e-02 -1.021212e-01
2.602491e+01 2.156500e-02 -9.600282e-02
2.602491e+01 2.328591e-02 -8.964352e-02
2.602491e+01 2.514415e-02 -8.330277e-02
2.602491e+01 2.715068e-02 -7.725742e-02
2.602491e+01 2.931733e-02 -7.171533e-02
2.602491e+01 3.165689e-02 -6.682890e-02
2.602491e+01 3.418314e-02 -6.268981e-02
2.602491e+01 3.691099e-02 -5.923415e-02
2.602491e+01 3.985652e-02 -5.625270e-02
2.602491e+01 4.303711e-02 -5.339440e-02
2.602491e+01 4.647152e-02 -5.023303e-02
2.602491e+01 5.017999e-02 -4.640624e-02
2.602491e+01 5.418441e-02 -4.287887e-02
2.602491e+01 5.850838e-02 -4.078625e-02
2.602491e+01 6.317741e-02 -3.852665e-02
2.602491e+01 6.821903e-02 -3.608672e-02
2.602491e+01 7.366298e-02 -3.342572e-02
2.602491e+01 7.954136e-02 -3.028310e-02
2.602491e+01 8.588885e-02 -2.688970e-02
2.602491e+01 9.274286e-02 -2.322550e-02
2.602491e+01 1.001438e-01 -1.926890e-02
2.602491e+01 1.081354e-01 -1.716265e-02
2.602491e+01 1.167647e-01 -1.592177e-02
2.602491e+01 1.260827e-01 -1.458186e-02
2.602491e+01 1.361442e-01 -1.313503e-02
2.602491e+01 1.470087e-01 -1.168380e-02
2.602491e+01 1.587401e-01 -1.058988e-02
2.602491e+01 1.714077e-01 -9.408653e-03
2.602491e+01 1.850862e-01 -8.133167e-03
2.602491e+01 1.998563e-01 -6.755896e-03
2.602491e+01 2.158051e-01 -6.033297e-03
2.602491e+01 2.330265e-01 -5.405753e-03
2.602491e+01 2.516223e-01 -4.728132e-03
2.602491e+01 2.717020e-01 -3.996435e-03
2.602491e+01 2.933841e-01 -3.436500e-03
2.602491e+01 3.167964e-01 -3.124391e-03
2.602491e+01 3.420771e-01 -2.787374e-03
2.602491e+01 3.693752e-01 -2.423464e-03
2.602491e+01 3.988518e-01 -2.047002e-03
2.602491e+01 4.306805e-01 -1.871795e-03
2.602491e+01 4.650493e-01 -1.682606e-03
2.602491e+01 5.021607e-01 -1.478319e-03
2.602491e+01 5.422336e-01 -1.257731e-03
2.602491e+01 5.855044e-01 -1.113981e-03
2.602491e+01 6.322283e-01 -1.002771e-03
2.602491e+01 6.826808e-01 -8.826867e-04
2.602491e+01 7.371594e-01 -7.530193e-04
2.602491e+01 7.959855e-01 -6.386365e-04
2.602491e+01 8.595059e-01 -5.754400e-04
2.602491e+01 9.280954e-01 -5.072004e-04
2.602491e+01 1.002158e+00 -4.335152e-04
2.602491e+01 1.082132e+00 -3.539499e-04
2.602491e+01 1.168487e+00 -3.178754e-04
2.602491e+01 1.261733e+00 -2.831671e-04
2.602491e+01 1.362421e+00 -2.456890e-04
2.602491e+01 1.471144e+00 -2.052201e-04
2.602491e+01 1.588542e+00 -1.753159e-04
2.602491e+01 1.715310e+00 -1.551027e-04
2.602491e+01 1.852193e+00 -1.332765e-04
2.602491e+01 2.000000e+00 -1.097086e-04
2.656541e+01 1.000000e-03 -1.697629e-02
2.656541e+01 1.079801e-03 -1.822414e-02
2.656541e+01 1.165970e-03 -1.955403e-02
2.656541e+01 1.259016e-03 -2.096917e-02
2.656541e+01 1.359487e-03 -2.247239e-02
2.656541e+01 1.467975e-03 -2.406615e-02
2.656541e+01 1.585121e-03 -2.575233e-02
2.656541e+01 1.711615e-03 -2.753209e-02
2.656541e+01 1.848204e-03 -2.940591e-02
2.656541e+01 1.995693e-03 -3.137340e-02
2.656541e+01 2.154951e-03 -3.343320e-02
2.656541e+01 2.326918e-03 -3.558291e-02
2.656541e+01 2.512609e-03 -3.781912e-02
2.656541e+01 2.713117e-03 -4.013732e-02
2.656541e+01 2.929627e-03 -4.253171e-02
2.656541e+01 3.163414e-03 -4.499488e-02
2.656541e+01 3.415858e-03 -4.751780e-02
2.656541e+01 3.688447e-03 -5.008972e-02
2.656541e+01 3.982789e-03 -5.269701e-02
2.656541e+01 4.300619e-03 -5.532299e-02
2.656541e+01 4.643813e-03 -5.794872e-02
2.656541e+01 5.014394e-03 -6.055189e-02
2.656541e+01 5.414548e-03 -6.310685e-02
2.656541e+01 5.846635e-03 -6.558557e-02
2.656541e+01 6.313202e-03 -6.795575e-02
2.656541e+01 6.817002e-03 -7.018115e-02
2.656541e+01 7.361006e-03 -7.222370e-02
2.656541e+01 7.948422e-03 -7.404069e-02
2.656541e+01 8.582714e-03 -7.558580e-02
2.656541e+01 9.267624e-03 -7.681295e-02
2.656541e+01 1.000719e-02 -7.767323e-02
2.656541e+01 1.080577e-02 -7.811712e-02
2.656541e+01 1.166809e-02 -7.810029e-02
2.656541e+01 1.259921e-02 -7.758337e-02
2.656541e+01 1.360464e-02 -7.653483e-02
2.656541e+01 1.469030e-02 -7.493613e-02
2.656541e+01 1.586261e-02 -7.279112e-02
2.656541e+01 1.712846e-02 -7.012495e-02
2.656541e+01 1.849533e-02 -6.697943e-02
2.656541e+01 1.997127e-02 -6.344531e-02
2.656541e+01 2.156500e-02 -5.964415e-02
2.656541e+01 2.328591e-02 -5.569333e-02
2.656541e+01 2.514415e-02 -5.175401e-02
2.656541e+01 2.715068e-02 -4.799821e-02
2.656541e+01 2.931733e-02 -4.455506e-02
2.656541e+01 3.165689e-02 -4.151924e-02
2.656541e+01 3.418314e-02 -3.894773e-02
2.656541e+01 3.691099e-02 -3.680081e-02
2.656541e+01 3.985652e-02 -3.494850e-02
2.656541e+01 4.303711e-02 -3.317270e-02
2.656541e+01 4.647152e-02 -3.120862e-02
2.656541e+01 5.017999e-02 -2.883113e-02
2.656541e+01 5.418441e-02 -2.671908e-02
2.656541e+01 5.850838e-02 -2.564012e-02
2.656541e+01 6.317741e-02 -2.447506e-02
2.656541e+01 6.821903e-02 -2.321704e-02
2.656541e+01 7.366298e-02 -2.179468e-02
2.656541e+01 7.954136e-02 -1.960603e-02
2.656541e+01 8.588885e-02 -1.724272e-02
2.656541e+01 9.274286e-02 -1.469082e-02
2.656541e+01 1.001438e-01 -1.193527e-02
2.656541e+01 1.081354e-01 -1.053100e-02
2.656541e+01 1.167647e-01 -9.764260e-03
2.656541e+01 1.260827e-01 -8.936338e-03
2.656541e+01 1.361442e-01 -8.042346e-03
2.656541e+01 1.470087e-01 -7.153430e-03
2.656541e+01 1.587401e-01 -6.519095e-03
2.656541e+01 1.714077e-01 -5.834139e-03
2.656541e+01 1.850862e-01 -5.094524e-03
2.656541e+01 1.998563e-01 -4.295886e-03
2.656541e+01 2.158051e-01 -3.840805e-03
2.656541e+01 2.330265e-01 -3.430761e-03
2.656541e+01 2.516223e-01 -2.987995e-03
2.656541e+01 2.717020e-01 -2.509896e-03
2.656541e+01 2.933841e-01 -2.150096e-03
2.656541e+01 3.167964e-01 -1.960425e-03
2.656541e+01 3.420771e-01 -1.755618e-03
2.656541e+01 3.693752e-01 -1.534467e-03
2.656541e+01 3.988518e-01 -1.305401e-03
2.656541e+01 4.306805e-01 -1.194575e-03
2.656541e+01 4.650493e-01 -1.074904e-03
2.656541e+01 5.021607e-01 -9.456844e-04
2.656541e+01 5.422336e-01 -8.061525e-04
2.656541e+01 5.855044e-01 -7.149681e-04
2.656541e+01 6.322283e-01 -6.442263e-04
2.656541e+01 6.826808e-01 -5.678394e-04
2.656541e+01 7.371594e-01 -4.853566e-04
2.656541e+01 7.959855e-01 -4.122571e-04
2.656541e+01 8.595059e-01 -3.708921e-04
2.656541e+01 9.280954e-01 -3.262261e-04
2.656541e+01 1.002158e+00 -2.779957e-04
2.656541e+01 1.082132e+00 -2.259165e-04
2.656541e+01 1.168487e+00 -2.033326e-04
2.656541e+01 1.261733e+00 -1.818125e-04
2.656541e+01 1.362421e+00 -1.585750e-04
2.656541e+01 1.471144e+00 -1.334832e-04
2.656541e+01 1.588542e+00 -1.145573e-04
2.656541e+01 1.715310e+00 -1.012726e-04
2.656541e+01 1.852193e+00 -8.692774e-05
2.656541e+01 2.000000e+00 -7.143818e-05
2.711672e+01 1.000000e-03 -1.033992e-02
2.711672e+01 1.079801e-03 -1.110022e-02
2.711672e+01 1.165970e-03 -1.191057e-02
2.711672e+01 1.259016e-03 -1.277292e-02
2.711672e+01 1.359487e-03 -1.368902e-02
2.711672e+01 1.467975e-03 -1.466037e-02
2.711672e+01 1.585121e-03 -1.568813e-02
2.711672e+01 1.711615e-03 -1.677301e-02
2.711672e+01 1.848204e-03 -1.791531e-02
2.711672e+01 1.995693e-03 -1.911478e-02
2.711672e+01 2.154951e-03 -2.037059e-02
2.711672e+01 2.326918e-03 -2.168125e-02
2.711672e+01 2.512609e-03 -2.304467e-02
2.711672e+01 2.713117e-03 -2.445807e-02
2.711672e+01 2.929627e-03 -2.591786e-02
2.711672e+01 3.163414e-03 -2.741954e-02
2.711672e+01 3.415858e-03 -2.895758e-02
2.711672e+01 3.688447e-03 -3.052544e-02
2.711672e+01 3.982789e-03 -3.211484e-02
2.711672e+01 4.300619e-03 -3.371561e-02
2.711672e+01 4.643813e-03 -3.531623e-02
2.711672e+01 5.014394e-03 -3.690313e-02
2.711672e+01 5.414548e-03 -3.846063e-02
2.711672e+01 5.846635e-03 -3.997163e-02
2.711672e+01 6.313202e-03 -4.141643e-02
2.711672e+01 6.817002e-03 -4.277298e-02
2.711672e+01 7.361006e-03 -4.401807e-02
2.711672e+01 7.948422e-03 -4.512568e-02
2.711672e+01 8.582714e-03 -4.606758e-02
2.711672e+01 9.267624e-03 -4.681567e-02
2.711672e+01 1.000719e-02 -4.734013e-02
2.711672e+01 1.080577e-02 -4.761080e-02
2.711672e+01 1.166809e-02 -4.760065e-02
2.711672e+01 1.259921e-02 -4.728569e-02
2.711672e+01 1.360464e-02 -4.664671e-02
2.711672e+01 1.469030e-02 -4.567241e-02
2.711672e+01 1.586261e-02 -4.436512e-02
2.711672e+01 1.712846e-02 -4.274019e-02
2.711672e+01 1.849533e-02 -4.082309e-02
2.711672e+01 1.997127e-02 -3.866913e-02
2.711672e+01 2.156500e-02 -3.635241e-02
2.711672e+01 2.328591e-02 -3.394446e-02
2.711672e+01 2.514415e-02 -3.154351e-02
2.711672e+01 2.715068e-02 -2.925441e-02
2.711672e+01 2.931733e-02 -2.715586e-02
2.711672e+01 3.165689e-02 -2.530557e-02
2.711672e+01 3.418314e-02 -2.373826e-02
2.711672e+01 3.691099e-02 -2.242973e-02
2.711672e+01 3.985652e-02 -2.130077e-02
2.711672e+01 4.303711e-02 -2.021844e-02
2.711672e+01 4.647152e-02 -1.902135e-02
2.711672e+01 5.017999e-02 -1.757229e-02
2.711672e+01 5.418441e-02 -1.624474e-02
2.711672e+01 5.850838e-02 -1.547496e-02
2.711672e+01 6.317741e-02 -1.464376e-02
2.711672e+01 6.821903e-02 -1.374622e-02
2.711672e+01 7.366298e-02 -1.276355e-02
2.711672e+01 7.954136e-02 -1.156445e-02
2.711672e+01 8.588885e-02 -1.026965e-02
2.711672e+01 9.274286e-02 -8.871535e-03
2.711672e+01 1.001438e-01 -7.361845e-03
2.711672e+01 1.081354e-01 -6.548508e-03
2.711672e+01 1.167647e-01 -6.059975e-03
2.711672e+01 1.260827e-01 -5.532455e-03
2.711672e+01 1.361442e-01 -4.962840e-03
2.711672e+01 1.470087e-01 -4.397560e-03
2.711672e+01 1.587401e-01 -3.999275e-03
2.711672e+01 1.714077e-01 -3.569206e-03
2.711672e+01 1.850862e-01 -3.104817e-03
2.711672e+01 1.998563e-01 -2.603370e-03
2.711672e+01 2.158051e-01 -2.327493e-03
2.711672e+01 2.330265e-01 -2.082651e-03
2.711672e+01 2.516223e-01 -1.818269e-03
2.711672e+01 2.717020e-01 -1.532790e-03
2.711672e+01 2.933841e-01 -1.317497e-03
2.711672e+01 3.167964e-01 -1.203180e-03
2.711672e+01 3.420771e-01 -1.079740e-03
2.711672e+01 3.693752e-01 -9.464487e-04
2.711672e+01 3.988518e-01 -8.082152e-04
2.711672e+01 4.306805e-01 -7.388203e-04
2.711672e+01 4.650493e-01 -6.638876e-04
2.711672e+01 5.021607e-01 -5.829752e-04
2.711672e+01 5.422336e-01 -4.956059e-04
2.711672e+01 5.855044e-01 -4.395687e-04
2.711672e+01 6.322283e-01 -3.969099e-04
2.711672e+01 6.826808e-01 -3.508468e-04
2.711672e+01 7.371594e-01 -3.011078e-04
2.711672e+01 7.959855e-01 -2.567806e-04
2.711672e+01 8.595059e-01 -2.309901e-04
2.711672e+01 9.280954e-01 -2.031415e-04
2.711672e+01 1.002158e+00 -1.730706e-04
2.711672e+01 1.082132e+00 -1.406000e-04
2.711672e+01 1.168487e+00 -1.266503e-04
2.711672e+01 1.261733e+00 -1.133856e-04
2.711672e+01 1.362421e+00 -9.906230e-05
2.711672e+01 1.471144e+00 -8.359600e-05
2.711672e+01 1.588542e+00 -7.184769e-05
2.711672e+01 1.715310e+00 -6.349772e-05
2.711672e+01 1.852193e+00 -5.448141e-05
2.711672e+01 2.000000e+00 -4.474559e-05
2.767905e+01 1.000000e-03 2.171072e-04
2.767905e+01 1.079801e-03 2.330769e-04
2.767905e+01 1.165970e-03 2.500988e-04
2.767905e+01 1.259016e-03 2.682146e-04
2.767905e+01 1.359487e-03 2.874607e-04
2.767905e+01 1.467975e-03 3.078694e-04
2.767905e+01 1.585121e-03 3.294650e-04
2.767905e+01 1.711615e-03 3.522626e-04
2.767905e+01 1.848204e-03 3.762685e-04
2.767905e+01 1.995693e-03 4.014776e-04
2.767905e+01 2.154951e-03 4.278720e-04
2.767905e+01 2.326918e-03 4.554204e-04
2.767905e+01 2.512609e-03 4.840779e-04
2.767905e+01 2.713117e-03 5.137858e-04
2.767905e+01 2.929627e-03 5.444679e-04
2.767905e+01 3.163414e-03 5.760291e-04
2.767905e+01 3.415858e-03 6.083533e-04
2.767905e+01 3.688447e-03 6.413032e-04
2.767905e+01 3.982789e-03 6.747047e-04
2.767905e+01 4.300619e-03 7.083449e-04
2.767905e+01 4.643813e-03 7.419823e-04
2.767905e+01 5.014394e-03 7.753315e-04
2.767905e+01 5.414548e-03 8.080629e-04
2.767905e+01 5.846635e-03 8.398166e-04
2.767905e+01 6.313202e-03 8.701787e-04
2.767905e+01 6.817002e-03 8.986857e-04
2.767905e+01 7.361006e-03 9.248509e-04
2.767905e+01 7.948422e-03 9.481274e-04
2.767905e+01 8.582714e-03 9.679217e-04
2.767905e+01 9.267624e-03 9.836434e-04
2.767905e+01 1.000719e-02 9.946662e-04
2.767905e+01 1.080577e-02 1.000356e-03
2.767905e+01 1.166809e-02 1.000145e-03
2.767905e+01 1.259921e-02 9.935294e-04
2.767905e+01 1.360464e-02 9.801055e-04
2.767905e+01 1.469030e-02 9.596358e-04
2.767905e+01 1.586261e-02 9.321696e-04
2.767905e+01 1.712846e-02 8.980289e-04
2.767905e+01 1.849533e-02 8.577493e-04
2.767905e+01 1.997127e-02 8.124925e-04
2.767905e+01 2.156500e-02 7.638157e-04
2.767905e+01 2.328591e-02 7.132219e-04
2.767905e+01 2.514415e-02 6.627752e-04
2.767905e+01 2.715068e-02 6.146782e-04
2.767905e+01 2.931733e-02 5.705848e-04
2.767905e+01 3.165689e-02 5.317076e-04
2.767905e+01 3.418314e-02 4.987762e-04
2.767905e+01 3.691099e-02 4.712821e-04
2.767905e+01 3.985652e-02 4.475609e-04
2.767905e+01 4.303711e-02 4.248194e-04
2.767905e+01 4.647152e-02 3.996669e-04
2.767905e+01 5.017999e-02 3.692201e-04
2.767905e+01 5.418441e-02 3.414381e-04
2.767905e+01 5.850838e-02 3.255753e-04
2.767905e+01 6.317741e-02 3.084466e-04
2.767905e+01 6.821903e-02 2.899511e-04
2.767905e+01 7.366298e-02 2.696769e-04
2.767905e+01 7.954136e-02 2.446940e-04
2.767905e+01 8.588885e-02 2.177175e-04
2.767905e+01 9.274286e-02 1.885883e-04
2.767905e+01 1.001438e-01 1.571345e-04
2.767905e+01 1.081354e-01 1.392202e-04
2.767905e+01 1.167647e-01 1.275335e-04
2.767905e+01 1.260827e-01 1.149143e-04
2.767905e+01 1.361442e-01 1.012880e-04
2.767905e+01 1.470087e-01 8.800427e-05
2.767905e+01 1.587401e-01 7.975181e-05
2.767905e+01 1.714077e-01 7.084080e-05
2.767905e+01 1.850862e-01 6.121868e-05
2.767905e+01 1.998563e-01 5.082871e-05
2.767905e+01 2.158051e-01 4.542126e-05
2.767905e+01 2.330265e-01 4.074313e-05
2.767905e+01 2.516223e-01 3.569168e-05
2.767905e+01 2.717020e-01 3.023712e-05
2.767905e+01 2.933841e-01 2.596183e-05
2.767905e+01 3.167964e-01 2.339735e-05
2.767905e+01 3.420771e-01 2.062822e-05
2.767905e+01 3.693752e-01 1.763811e-05
2.767905e+01 3.988518e-01 1.454929e-05
2.767905e+01 4.306805e-01 1.317631e-05
2.767905e+01 4.650493e-01 1.169377e-05
2.767905e+01 5.021607e-01 1.009291e-05
2.767905e+01 5.422336e-01 8.364312e-06
2.767905e+01 5.855044e-01 7.265511e-06
2.767905e+01 6.322283e-01 6.436801e-06
2.767905e+01 6.826808e-01 5.541959e-06
2.767905e+01 7.371594e-01 4.575707e-06
2.767905e+01 7.959855e-01 3.730729e-06
2.767905e+01 8.595059e-01 3.285128e-06
2.767905e+01 9.280954e-01 2.803968e-06
2.767905e+01 1.002158e+00 2.284410e-06
2.767905e+01 1.082132e+00 1.723392e-06
2.767905e+01 1.168487e+00 1.483455e-06
2.767905e+01 1.261733e+00 1.255530e-06
2.767905e+01 1.362421e+00 1.009417e-06
2.767905e+01 1.471144e+00 7.436634e-07
2.767905e+01 1.588542e+00 5.665796e-07
2.767905e+01 1.715310e+00 4.715660e-07
2.767905e+01 1.852193e+00 3.689702e-07
2.767905e+01 2.000000e+00 2.581871e-07
2.825263e+01 1.000000e-03 1.956172e-04
2.825263e+01 1.079801e-03 2.100112e-04
2.825263e+01 1.165970e-03 2.253547e-04
2.825263e+01 1.259016e-03 2.416854e-04
2.825263e+01 1.359487e-03 2.590364e-04
2.825263e+01 1.467975e-03 2.774369e-04
2.825263e+01 1.585121e-03 2.969091e-04
2.825263e+01 1.711615e-03 3.174669e-04
2.825263e+01 1.848204e-03 3.391159e-04
2.825263e+01 1.995693e-03 3.618515e-04
2.825263e+01 2.154951e-03 3.856574e-04
2.825263e+01 2.326918e-03 4.105050e-04
2.825263e+01 2.512609e-03 4.363535e-04
2.825263e+01 2.713117e-03 4.631493e-04
2.825263e+01 2.929627e-03 4.908231e-04
2.825263e+01 3.163414e-03 5.192886e-04
2.825263e+01 3.415858e-03 5.484411e-04
2.825263e+01 3.688447e-03 5.781569e-04
2.825263e+01 3.982789e-03 6.082790e-04
2.825263e+01 4.300619e-03 6.386160e-04
2.825263e+01 4.643813e-03 6.689508e-04
2.825263e+01 5.014394e-03 6.990260e-04
2.825263e+01 5.414548e-03 7.285440e-04
2.825263e+01 5.846635e-03 7.571798e-04
2.825263e+01 6.313202e-03 7.845602e-04
2.825263e+01 6.817002e-03 8.102675e-04
2.825263e+01 7.361006e-03 8.338631e-04
2.825263e+01 7.948422e-03 8.548540e-04
2.825263e+01 8.582714e-03 8.727051e-04
2.825263e+01 9.267624e-03 8.868838e-04
2.825263e+01 1.000719e-02 8.968252e-04
2.825263e+01 1.080577e-02 9.019578e-04
2.825263e+01 1.166809e-02 9.017699e-04
2.825263e+01 1.259921e-02 8.958071e-04
2.825263e+01 1.360464e-02 8.837052e-04
2.825263e+01 1.469030e-02 8.652503e-04
2.825263e+01 1.586261e-02 8.404868e-04
2.825263e+01 1.712846e-02 8.097051e-04
2.825263e+01 1.849533e-02 7.733881e-04
2.825263e+01 1.997127e-02 7.325834e-04
2.825263e+01 2.156500e-02 6.886948e-04
2.825263e+01 2.328591e-02 6.430776e-04
2.825263e+01 2.514415e-02 5.975927e-04
2.825263e+01 2.715068e-02 5.542264e-04
2.825263e+01 2.931733e-02 5.144697e-04
2.825263e+01 3.165689e-02 4.794161e-04
2.825263e+01 3.418314e-02 4.497234e-04
2.825263e+01 3.691099e-02 4.249333e-04
2.825263e+01 3.985652e-02 4.035450e-04
2.825263e+01 4.303711e-02 3.830400e-04
2.825263e+01 4.647152e-02 3.603612e-04
2.825263e+01 5.017999e-02 3.329088e-04
2.825263e+01 5.418441e-02 3.078763e-04
2.825263e+01 5.850838e-02 2.936217e-04
2.825263e+01 6.317741e-02 2.782295e-04
2.825263e+01 6.821903e-02 2.616091e-04
2.825263e+01 7.366298e-02 2.433819e-04
2.825263e+01 7.954136e-02 2.208378e-04
2.825263e+01 8.588885e-02 1.964947e-04
2.825263e+01 9.274286e-02 1.702089e-04
2.825263e+01 1.001438e-01 1.418255e-04
2.825263e+01 1.081354e-01 1.256711e-04
2.825263e+01 1.167647e-01 1.151426e-04
2.825263e+01 1.260827e-01 1.037740e-04
2.825263e+01 1.361442e-01 9.149809e-05
2.825263e+01 1.470087e-01 7.953437e-05
2.825263e+01 1.587401e-01 7.211865e-05
2.825263e+01 1.714077e-01 6.411114e-05
2.825263e+01 1.850862e-01 5.546462e-05
2.825263e+01 1.998563e-01 4.612811e-05
2.825263e+01 2.158051e-01 4.125626e-05
2.825263e+01 2.330265e-01 3.703624e-05
2.825263e+01 2.516223e-01 3.247947e-05
2.825263e+01 2.717020e-01 2.755905e-05
2.825263e+01 2.933841e-01 2.369719e-05
2.825263e+01 3.167964e-01 2.137154e-05
2.825263e+01 3.420771e-01 1.886030e-05
2.825263e+01 3.693752e-01 1.614865e-05
2.825263e+01 3.988518e-01 1.334695e-05
2.825263e+01 4.306805e-01 1.209365e-05
2.825263e+01 4.650493e-01 1.074033e-05
2.825263e+01 5.021607e-01 9.279019e-06
2.825263e+01 5.422336e-01 7.701093e-06
2.825263e+01 5.855044e-01 6.696225e-06
2.825263e+01 6.322283e-01 5.936895e-06
2.825263e+01 6.826808e-01 5.116970e-06
2.825263e+01 7.371594e-01 4.231614e-06
2.825263e+01 7.959855e-01 3.457045e-06
2.825263e+01 8.595059e-01 3.047601e-06
2.825263e+01 9.280954e-01 2.605484e-06
2.825263e+01 1.002158e+00 2.128086e-06
2.825263e+01 1.082132e+00 1.612590e-06
2.825263e+01 1.168487e+00 1.391200e-06
2.825263e+01 1.261733e+00 1.180695e-06
2.825263e+01 1.362421e+00 9.533921e-07
2.825263e+01 1.471144e+00 7.079498e-07
2.825263e+01 1.588542e+00 5.434405e-07
2.825263e+01 1.715310e+00 4.538120e-07
2.825263e+01 1.852193e+00 3.570311e-07
2.825263e+01 2.000000e+00 2.525269e-07
2.883769e+01 1.000000e-03 1.746198e-04
2.883769e+01 1.079801e-03 1.874734e-04
2.883769e+01 1.165970e-03 2.011756e-04
2.883769e+01 1.259016e-03 2.157606e-04
2.883769e+01 1.359487e-03 2.312580e-04
2.883769e+01 1.467975e-03 2.476942e-04
2.883769e+01 1.585121e-03 2.650892e-04
2.883769e+01 1.711615e-03 2.834554e-04
2.883769e+01 1.848204e-03 3.027981e-04
2.883769e+01 1.995693e-03 3.231130e-04
2.883769e+01 2.154951e-03 3.443855e-04
2.883769e+01 2.326918e-03 3.665897e-04
2.883769e+01 2.512609e-03 3.896889e-04
2.883769e+01 2.713117e-03 4.136346e-04
2.883769e+01 2.929627e-03 4.383643e-04
2.883769e+01 3.163414e-03 4.638005e-04
2.883769e+01 3.415858e-03 4.898495e-04
2.883769e+01 3.688447e-03 5.164007e-04
2.883769e+01 3.982789e-03 5.433142e-04
2.883769e+01 4.300619e-03 5.704193e-04
2.883769e+01 4.643813e-03 5.975226e-04
2.883769e+01 5.014394e-03 6.243943e-04
2.883769e+01 5.414548e-03 6.507681e-04
2.883769e+01 5.846635e-03 6.763534e-04
2.883769e+01 6.313202e-03 7.008164e-04
2.883769e+01 6.817002e-03 7.237845e-04
2.883769e+01 7.361006e-03 7.448661e-04
2.883769e+01 7.948422e-03 7.636208e-04
2.883769e+01 8.582714e-03 7.795705e-04
2.883769e+01 9.267624e-03 7.922393e-04
2.883769e+01 1.000719e-02 8.011226e-04
2.883769e+01 1.080577e-02 8.057099e-04
2.883769e+01 1.166809e-02 8.055442e-04
2.883769e+01 1.259921e-02 8.002195e-04
2.883769e+01 1.360464e-02 7.894106e-04
2.883769e+01 1.469030e-02 7.729261e-04
2.883769e+01 1.586261e-02 7.508058e-04
2.883769e+01 1.712846e-02 7.233095e-04
2.883769e+01 1.849533e-02 6.908684e-04
2.883769e+01 1.997127e-02 6.544186e-04
2.883769e+01 2.156500e-02 6.152138e-04
2.883769e+01 2.328591e-02 5.744644e-04
2.883769e+01 2.514415e-02 5.338331e-04
2.883769e+01 2.715068e-02 4.950940e-04
2.883769e+01 2.931733e-02 4.595793e-04
2.883769e+01 3.165689e-02 4.282658e-04
2.883769e+01 3.418314e-02 4.017412e-04
2.883769e+01 3.691099e-02 3.795960e-04
2.883769e+01 3.985652e-02 3.604897e-04
2.883769e+01 4.303711e-02 3.421724e-04
2.883769e+01 4.647152e-02 3.219133e-04
2.883769e+01 5.017999e-02 2.973899e-04
2.883769e+01 5.418441e-02 2.750380e-04
2.883769e+01 5.850838e-02 2.623313e-04
2.883769e+01 6.317741e-02 2.486105e-04
2.883769e+01 6.821903e-02 2.337948e-04
2.883769e+01 7.366298e-02 2.175429e-04
2.883769e+01 7.954136e-02 1.974004e-04
2.883769e+01 8.588885e-02 1.756506e-04
2.883769e+01 9.274286e-02 1.521651e-04
2.883769e+01 1.001438e-01 1.268054e-04
2.883769e+01 1.081354e-01 1.123809e-04
2.883769e+01 1.167647e-01 1.029880e-04
2.883769e+01 1.260827e-01 9.284554e-05
2.883769e+01 1.361442e-01 8.189369e-05
2.883769e+01 1.470087e-01 7.122287e-05
2.883769e+01 1.587401e-01 6.462053e-05
2.883769e+01 1.714077e-01 5.749131e-05
2.883769e+01 1.850862e-01 4.979318e-05
2.883769e+01 1.998563e-01 4.148073e-05
2.883769e+01 2.158051e-01 3.713199e-05
2.883769e+01 2.330265e-01 3.336044e-05
2.883769e+01 2.516223e-01 2.928791e-05
2.883769e+01 2.717020e-01 2.489039e-05
2.883769e+01 2.933841e-01 2.143351e-05
2.883769e+01 3.167964e-01 1.934226e-05
2.883769e+01 3.420771e-01 1.708412e-05
2.883769e+01 3.693752e-01 1.464578e-05
2.883769e+01 3.988518e-01 1.212606e-05
2.883769e+01 4.306805e-01 1.099312e-05
2.883769e+01 4.650493e-01 9.769774e-06
2.883769e+01 5.021607e-01 8.448800e-06
2.883769e+01 5.422336e-01 7.022410e-06
2.883769e+01 5.855044e-01 6.112383e-06
2.883769e+01 6.322283e-01 5.423408e-06
2.883769e+01 6.826808e-01 4.679451e-06
2.883769e+01 7.371594e-01 3.876127e-06
2.883769e+01 7.959855e-01 3.173035e-06
2.883769e+01 8.595059e-01 2.800535e-06
2.883769e+01 9.280954e-01 2.398310e-06
2.883769e+01 1.002158e+00 1.963987e-06
2.883769e+01 1.082132e+00 1.495005e-06
2.883769e+01 1.168487e+00 1.292704e-06
2.883769e+01 1.261733e+00 1.100161e-06
2.883769e+01 1.362421e+00 8.922527e-07
2.883769e+01 1.471144e+00 6.677531e-07
2.883769e+01 1.588542e+00 5.164812e-07
2.883769e+01 1.715310e+00 4.329371e-07
2.883769e+01 1.852193e+00 3.427261e-07
2.883769e+01 2.000000e+00 2.453162e-07
2.943444e+01 1.000000e-03 1.540872e-04
2.943444e+01 1.079801e-03 1.654334e-04
2.943444e+01 1.165970e-03 1.775296e-04
2.943444e+01 1.259016e-03 1.904060e-04
2.943444e+01 1.359487e-03 2.040891e-04
2.943444e+01 1.467975e-03 2.186022e-04
2.943444e+01 1.585121e-03 2.339633e-04
2.943444e+01 1.711615e-03 2.501834e-04
2.943444e+01 1.848204e-03 2.672672e-04
2.943444e+01 1.995693e-03 2.852111e-04
2.943444e+01 2.154951e-03 3.040019e-04
2.943444e+01 2.326918e-03 3.236167e-04
2.943444e+01 2.512609e-03 3.440226e-04
2.943444e+01 2.713117e-03 3.651763e-04
2.943444e+01 2.929627e-03 3.870221e-04
2.943444e+01 3.163414e-03 4.094912e-04
2.943444e+01 3.415858e-03 4.325007e-04
2.943444e+01 3.688447e-03 4.559528e-04
2.943444e+01 3.982789e-03 4.797240e-04
2.943444e+01 4.300619e-03 5.036641e-04
2.943444e+01 4.643813e-03 5.276028e-04
2.943444e+01 5.014394e-03 5.513372e-04
2.943444e+01 5.414548e-03 5.746319e-04
2.943444e+01 5.846635e-03 5.972297e-04
2.943444e+01 6.313202e-03 6.188359e-04
2.943444e+01 6.817002e-03 6.391216e-04
2.943444e+01 7.361006e-03 6.577413e-04
2.943444e+01 7.948422e-03 6.743062e-04
2.943444e+01 8.582714e-03 6.883938e-04
2.943444e+01 9.267624e-03 6.995839e-04
2.943444e+01 1.000719e-02 7.074308e-04
2.943444e+01 1.080577e-02 7.114838e-04
2.943444e+01 1.166809e-02 7.113395e-04
2.943444e+01 1.259921e-02 7.066393e-04
2.943444e+01 1.360464e-02 6.970958e-04
2.943444e+01 1.469030e-02 6.825399e-04
2.943444e+01 1.586261e-02 6.630070e-04
2.943444e+01 1.712846e-02 6.387266e-04
2.943444e+01 1.849533e-02 6.100801e-04
2.943444e+01 1.997127e-02 5.778938e-04
2.943444e+01 2.156500e-02 5.432745e-04
2.943444e+01 2.328591e-02 5.072909e-04
2.943444e+01 2.514415e-02 4.714111e-04
2.943444e+01 2.715068e-02 4.372021e-04
2.943444e+01 2.931733e-02 4.058404e-04
2.943444e+01 3.165689e-02 3.781886e-04
2.943444e+01 3.418314e-02 3.547656e-04
2.943444e+01 3.691099e-02 3.352098e-04
2.943444e+01 3.985652e-02 3.183376e-04
2.943444e+01 4.303711e-02 3.021622e-04
2.943444e+01 4.647152e-02 2.842719e-04
2.943444e+01 5.017999e-02 2.626161e-04
2.943444e+01 5.418441e-02 2.428882e-04
2.943444e+01 5.850838e-02 2.316958e-04
2.943444e+01 6.317741e-02 2.196104e-04
2.943444e+01 6.821903e-02 2.065605e-04
2.943444e+01 7.366298e-02 1.922413e-04
2.943444e+01 7.954136e-02 1.744524e-04
2.943444e+01 8.588885e-02 1.552440e-04
2.943444e+01 9.274286e-02 1.345027e-04
2.943444e+01 1.001438e-01 1.121062e-04
2.943444e+01 1.081354e-01 9.937237e-05
2.943444e+01 1.167647e-01 9.108506e-05
2.943444e+01 1.260827e-01 8.213641e-05
2.943444e+01 1.361442e-01 7.247365e-05
2.943444e+01 1.470087e-01 6.306161e-05
2.943444e+01 1.587401e-01 5.725126e-05
2.943444e+01 1.714077e-01 5.097723e-05
2.943444e+01 1.850862e-01 4.420253e-05
2.943444e+01 1.998563e-01 3.688720e-05
2.943444e+01 2.158051e-01 3.304869e-05
2.943444e+01 2.330265e-01 2.971494e-05
2.943444e+01 2.516223e-01 2.611515e-05
2.943444e+01 2.717020e-01 2.222810e-05
2.943444e+01 2.933841e-01 1.916761e-05
2.943444e+01 3.167964e-01 1.730762e-05
2.943444e+01 3.420771e-01 1.529921e-05
2.943444e+01 3.693752e-01 1.313053e-05
2.943444e+01 3.988518e-01 1.088914e-05
2.943444e+01 4.306805e-01 9.876601e-06
2.943444e+01 4.650493e-01 8.783259e-06
2.943444e+01 5.021607e-01 7.602668e-06
2.943444e+01 5.422336e-01 6.327865e-06
2.943444e+01 5.855044e-01 5.513289e-06
2.943444e+01 6.322283e-01 4.895587e-06
2.943444e+01 6.826808e-01 4.228591e-06
2.943444e+01 7.371594e-01 3.508368e-06
2.943444e+01 7.959855e-01 2.877816e-06
2.943444e+01 8.595059e-01 2.543190e-06
2.943444e+01 9.280954e-01 2.181861e-06
2.943444e+01 1.002158e+00 1.791697e-06
2.943444e+01 1.082132e+00 1.370398e-06
2.943444e+01 1.168487e+00 1.187891e-06
2.943444e+01 1.261733e+00 1.014021e-06
2.943444e+01 1.362421e+00 8.262757e-07
2.943444e+01 1.471144e+00 6.235483e-07
2.943444e+01 1.588542e+00 4.861674e-07
2.943444e+01 1.715310e+00 4.092014e-07
2.943444e+01 1.852193e+00 3.260934e-07
2.943444e+01 2.000000e+00 2.363532e-07
3.004313e+01 1.000000e-03 1.341151e-04
3.004313e+01 1.079801e-03 1.439941e-04
3.004313e+01 1.165970e-03 1.545269e-04
3.004313e+01 1.259016e-03 1.657399e-04
3.004313e+01 1.359487e-03 1.776563e-04
3.004313e+01 1.467975e-03 1.902967e-04
3.004313e+01 1.585121e-03 2.036768e-04
3.004313e+01 1.711615e-03 2.178063e-04
3.004313e+01 1.848204e-03 2.326895e-04
3.004313e+01 1.995693e-03 2.483233e-04
3.004313e+01 2.154951e-03 2.646959e-04
3.004313e+01 2.326918e-03 2.817873e-04
3.004313e+01 2.512609e-03 2.995686e-04
3.004313e+01 2.713117e-03 3.180016e-04
3.004313e+01 2.929627e-03 3.370373e-04
3.004313e+01 3.163414e-03 3.566154e-04
3.004313e+01 3.415858e-03 3.766636e-04
3.004313e+01 3.688447e-03 3.970964e-04
3.004313e+01 3.982789e-03 4.178065e-04
3.004313e+01 4.300619e-03 4.386634e-04
3.004313e+01 4.643813e-03 4.595191e-04
3.004313e+01 5.014394e-03 4.801972e-04
3.004313e+01 5.414548e-03 5.004922e-04
3.004313e+01 5.846635e-03 5.201797e-04
3.004313e+01 6.313202e-03 5.390030e-04
3.004313e+01 6.817002e-03 5.566758e-04
3.004313e+01 7.361006e-03 5.728972e-04
3.004313e+01 7.948422e-03 5.873288e-04
3.004313e+01 8.582714e-03 5.996025e-04
3.004313e+01 9.267624e-03 6.093519e-04
3.004313e+01 1.000719e-02 6.161890e-04
3.004313e+01 1.080577e-02 6.197213e-04
3.004313e+01 1.166809e-02 6.195974e-04
3.004313e+01 1.259921e-02 6.155050e-04
3.004313e+01 1.360464e-02 6.071936e-04
3.004313e+01 1.469030e-02 5.945156e-04
3.004313e+01 1.586261e-02 5.775020e-04
3.004313e+01 1.712846e-02 5.563533e-04
3.004313e+01 1.849533e-02 5.314021e-04
3.004313e+01 1.997127e-02 5.033678e-04
3.004313e+01 2.156500e-02 4.732143e-04
3.004313e+01 2.328591e-02 4.418719e-04
3.004313e+01 2.514415e-02 4.106195e-04
3.004313e+01 2.715068e-02 3.808222e-04
3.004313e+01 2.931733e-02 3.535050e-04
3.004313e+01 3.165689e-02 3.294192e-04
3.004313e+01 3.418314e-02 3.090167e-04
3.004313e+01 3.691099e-02 2.919828e-04
3.004313e+01 3.985652e-02 2.772863e-04
3.004313e+01 4.303711e-02 2.631968e-04
3.004313e+01 4.647152e-02 2.476136e-04
3.004313e+01 5.017999e-02 2.287504e-04
3.004313e+01 5.418441e-02 2.115735e-04
3.004313e+01 5.850838e-02 2.018439e-04
3.004313e+01 6.317741e-02 1.913379e-04
3.004313e+01 6.821903e-02 1.799935e-04
3.004313e+01 7.366298e-02 1.675431e-04
3.004313e+01 7.954136e-02 1.520495e-04
3.004313e+01 8.588885e-02 1.353194e-04
3.004313e+01 9.274286e-02 1.172543e-04
3.004313e+01 1.001438e-01 9.774758e-05
3.004313e+01 1.081354e-01 8.666173e-05
3.004313e+01 1.167647e-01 7.945150e-05
3.004313e+01 1.260827e-01 7.166588e-05
3.004313e+01 1.361442e-01 6.325897e-05
3.004313e+01 1.470087e-01 5.507223e-05
3.004313e+01 1.587401e-01 5.002790e-05
3.004313e+01 1.714077e-01 4.458103e-05
3.004313e+01 1.850862e-01 3.869950e-05
3.004313e+01 1.998563e-01 3.234861e-05
3.004313e+01 2.158051e-01 2.900585e-05
3.004313e+01 2.330265e-01 2.609843e-05
3.004313e+01 2.516223e-01 2.295899e-05
3.004313e+01 2.717020e-01 1.956901e-05
3.004313e+01 2.933841e-01 1.689632e-05
3.004313e+01 3.167964e-01 1.526578e-05
3.004313e+01 3.420771e-01 1.350512e-05
3.004313e+01 3.693752e-01 1.160396e-05
3.004313e+01 3.988518e-01 9.638749e-06
3.004313e+01 4.306805e-01 8.746337e-06
3.004313e+01 4.650493e-01 7.782709e-06
3.004313e+01 5.021607e-01 6.742183e-06
3.004313e+01 5.422336e-01 5.618621e-06
3.004313e+01 5.855044e-01 4.899912e-06
3.004313e+01 6.322283e-01 4.354298e-06
3.004313e+01 6.826808e-01 3.765142e-06
3.004313e+01 7.371594e-01 3.128971e-06
3.004313e+01 7.959855e-01 2.571913e-06
3.004313e+01 8.595059e-01 2.276015e-06
3.004313e+01 9.280954e-01 1.956504e-06
3.004313e+01 1.002158e+00 1.611495e-06
3.004313e+01 1.082132e+00 1.238955e-06
3.004313e+01 1.168487e+00 1.076720e-06
3.004313e+01 1.261733e+00 9.219823e-07
3.004313e+01 1.362421e+00 7.548962e-07
3.004313e+01 1.471144e+00 5.744765e-07
3.004313e+01 1.588542e+00 4.515719e-07
3.004313e+01 1.715310e+00 3.818220e-07
3.004313e+01 1.852193e+00 3.065059e-07
3.004313e+01 2.000000e+00 2.251795e-07
3.066399e+01 1.000000e-03 1.146047e-04
3.066399e+01 1.079801e-03 1.230496e-04
3.066399e+01 1.165970e-03 1.320539e-04
3.066399e+01 1.259016e-03 1.416405e-04
3.066399e+01 1.359487e-03 1.518293e-04
3.066399e+01 1.467975e-03 1.626381e-04
3.066399e+01 1.585121e-03 1.740804e-04
3.066399e+01 1.711615e-03 1.861646e-04
3.066399e+01 1.848204e-03 1.988946e-04
3.066399e+01 1.995693e-03 2.122675e-04
3.066399e+01 2.154951e-03 2.262735e-04
3.066399e+01 2.326918e-03 2.408951e-04
3.066399e+01 2.512609e-03 2.561074e-04
3.066399e+01 2.713117e-03 2.718774e-04
3.066399e+01 2.929627e-03 2.881627e-04
3.066399e+01 3.163414e-03 3.049116e-04
3.066399e+01 3.415858e-03 3.220618e-04
3.066399e+01 3.688447e-03 3.395403e-04
3.066399e+01 3.982789e-03 3.572552e-04
3.066399e+01 4.300619e-03 3.750952e-04
3.066399e+01 4.643813e-03 3.929345e-04
3.066399e+01 5.014394e-03 4.106219e-04
3.066399e+01 5.414548e-03 4.279817e-04
3.066399e+01 5.846635e-03 4.448217e-04
3.066399e+01 6.313202e-03 4.609222e-04
3.066399e+01 6.817002e-03 4.760384e-04
3.066399e+01 7.361006e-03 4.899135e-04
3.066399e+01 7.948422e-03 5.022577e-04
3.066399e+01 8.582714e-03 5.127564e-04
3.066399e+01 9.267624e-03 5.210961e-04
3.066399e+01 1.000719e-02 5.269450e-04
3.066399e+01 1.080577e-02 5.299674e-04
3.066399e+01 1.166809e-02 5.298632e-04
3.066399e+01 1.259921e-02 5.263650e-04
3.066399e+01 1.360464e-02 5.192583e-04
3.066399e+01 1.469030e-02 5.084169e-04
3.066399e+01 1.586261e-02 4.938673e-04
3.066399e+01 1.712846e-02 4.757816e-04
3.066399e+01 1.849533e-02 4.544446e-04
3.066399e+01 1.997127e-02 4.304715e-04
3.066399e+01 2.156500e-02 4.046859e-04
3.066399e+01 2.328591e-02 3.778831e-04
3.066399e+01 2.514415e-02 3.511569e-04
3.066399e+01 2.715068e-02 3.256747e-04
3.066399e+01 2.931733e-02 3.023135e-04
3.066399e+01 3.165689e-02 2.817157e-04
3.066399e+01 3.418314e-02 2.642678e-04
3.066399e+01 3.691099e-02 2.497006e-04
3.066399e+01 3.985652e-02 2.371323e-04
3.066399e+01 4.303711e-02 2.250830e-04
3.066399e+01 4.647152e-02 2.117565e-04
3.066399e+01 5.017999e-02 1.956250e-04
3.066399e+01 5.418441e-02 1.809470e-04
3.066399e+01 5.850838e-02 1.726582e-04
3.066399e+01 6.317741e-02 1.637081e-04
3.066399e+01 6.821903e-02 1.540437e-04
3.066399e+01 7.366298e-02 1.434320e-04
3.066399e+01 7.954136e-02 1.301755e-04
3.066399e+01 8.588885e-02 1.158612e-04
3.066399e+01 9.274286e-02 1.004046e-04
3.066399e+01 1.001438e-01 8.371456e-05
3.066399e+01 1.081354e-01 7.423208e-05
3.066399e+01 1.167647e-01 6.806707e-05
3.066399e+01 1.260827e-01 6.141008e-05
3.066399e+01 1.361442e-01 5.422186e-05
3.066399e+01 1.470087e-01 4.722500e-05
3.066399e+01 1.587401e-01 4.292845e-05
3.066399e+01 1.714077e-01 3.828903e-05
3.066399e+01 1.850862e-01 3.327938e-05
3.066399e+01 1.998563e-01 2.786995e-05
3.066399e+01 2.158051e-01 2.501134e-05
3.066399e+01 2.330265e-01 2.252035e-05
3.066399e+01 2.516223e-01 1.983057e-05
3.066399e+01 2.717020e-01 1.692614e-05
3.066399e+01 2.933841e-01 1.463238e-05
3.066399e+01 3.167964e-01 1.322624e-05
3.066399e+01 3.420771e-01 1.170790e-05
3.066399e+01 3.693752e-01 1.006839e-05
3.066399e+01 3.988518e-01 8.373499e-06
3.066399e+01 4.306805e-01 7.601734e-06
3.066399e+01 4.650493e-01 6.768382e-06
3.066399e+01 5.021607e-01 5.868528e-06
3.066399e+01 5.422336e-01 4.896864e-06
3.066399e+01 5.855044e-01 4.274440e-06
3.066399e+01 6.322283e-01 3.801229e-06
3.066399e+01 6.826808e-01 3.290255e-06
3.066399e+01 7.371594e-01 2.738505e-06
3.066399e+01 7.959855e-01 2.255364e-06
3.066399e+01 8.595059e-01 1.998714e-06
3.066399e+01 9.280954e-01 1.721584e-06
3.066399e+01 1.002158e+00 1.422338e-06
3.066399e+01 1.082132e+00 1.099212e-06
3.066399e+01 1.168487e+00 9.578526e-07
3.066399e+01 1.261733e+00 8.228899e-07
3.066399e+01 1.362421e+00 6.771571e-07
3.066399e+01 1.471144e+00 5.197947e-07
3.066399e+01 1.588542e+00 4.120438e-07
3.066399e+01 1.715310e+00 3.501260e-07
3.066399e+01 1.852193e+00 2.832671e-07
3.066399e+01 2.000000e+00 2.110728e-07
3.129727e+01 1.000000e-03 9.560916e-05
3.129727e+01 1.079801e-03 1.026568e-04
3.129727e+01 1.165970e-03 1.101719e-04
3.129727e+01 1.259016e-03 1.181736e-04
3.129727e+01 1.359487e-03 1.266786e-04
3.129727e+01 1.467975e-03 1.357019e-04
3.129727e+01 1.585121e-03 1.452549e-04
3.129727e+01 1.711615e-03 1.553448e-04
3.129727e+01 1.848204e-03 1.659748e-04
3.129727e+01 1.995693e-03 1.771427e-04
3.129727e+01 2.154951e-03 1.888400e-04
3.129727e+01 2.326918e-03 2.010522e-04
3.129727e+01 2.512609e-03 2.137582e-04
3.129727e+01 2.713117e-03 2.269302e-04
3.129727e+01 2.929627e-03 2.405325e-04
3.129727e+01 3.163414e-03 2.545215e-04
3.129727e+01 3.415858e-03 2.688451e-04
3.129727e+01 3.688447e-03 2.834421e-04
3.129727e+01 3.982789e-03 2.982359e-04
3.129727e+01 4.300619e-03 3.131339e-04
3.129727e+01 4.643813e-03 3.280313e-04
3.129727e+01 5.014394e-03 3.428021e-04
3.129727e+01 5.414548e-03 3.572993e-04
3.129727e+01 5.846635e-03 3.713622e-04
3.129727e+01 6.313202e-03 3.848074e-04
3.129727e+01 6.817002e-03 3.974305e-04
3.129727e+01 7.361006e-03 4.090173e-04
3.129727e+01 7.948422e-03 4.193259e-04
3.129727e+01 8.582714e-03 4.280934e-04
3.129727e+01 9.267624e-03 4.350582e-04
3.129727e+01 1.000719e-02 4.399431e-04
3.129727e+01 1.080577e-02 4.424681e-04
3.129727e+01 1.166809e-02 4.423826e-04
3.129727e+01 1.259921e-02 4.394632e-04
3.129727e+01 1.360464e-02 4.335308e-04
3.129727e+01 1.469030e-02 4.244796e-04
3.129727e+01 1.586261e-02 4.123321e-04
3.129727e+01 1.712846e-02 3.972325e-04
3.129727e+01 1.849533e-02 3.794188e-04
3.129727e+01 1.997127e-02 3.594045e-04
3.129727e+01 2.156500e-02 3.378769e-04
3.129727e+01 2.328591e-02 3.154997e-04
3.129727e+01 2.514415e-02 2.931859e-04
3.129727e+01 2.715068e-02 2.719107e-04
3.129727e+01 2.931733e-02 2.524062e-04
3.129727e+01 3.165689e-02 2.352088e-04
3.129727e+01 3.418314e-02 2.206414e-04
3.129727e+01 3.691099e-02 2.084790e-04
3.129727e+01 3.985652e-02 1.979855e-04
3.129727e+01 4.303711e-02 1.879254e-04
3.129727e+01 4.647152e-02 1.767988e-04
3.129727e+01 5.017999e-02 1.633304e-04
3.129727e+01 5.418441e-02 1.510821e-04
3.129727e+01 5.850838e-02 1.441799e-04
3.129727e+01 6.317741e-02 1.367269e-04
3.129727e+01 6.821903e-02 1.286791e-04
3.129727e+01 7.366298e-02 1.198405e-04
3.129727e+01 7.954136e-02 1.087790e-04
3.129727e+01 8.588885e-02 9.683482e-05
3.129727e+01 9.274286e-02 8.393748e-05
3.129727e+01 1.001438e-01 7.001091e-05
3.129727e+01 1.081354e-01 6.209561e-05
3.129727e+01 1.167647e-01 5.694686e-05
3.129727e+01 1.260827e-01 5.138724e-05
3.129727e+01 1.361442e-01 4.538395e-05
3.129727e+01 1.470087e-01 3.954275e-05
3.129727e+01 1.587401e-01 3.596659e-05
3.129727e+01 1.714077e-01 3.210505e-05
3.129727e+01 1.850862e-01 2.793535e-05
3.129727e+01 1.998563e-01 2.343291e-05
3.129727e+01 2.158051e-01 2.104599e-05
3.129727e+01 2.330265e-01 1.896291e-05
3.129727e+01 2.516223e-01 1.671360e-05
3.129727e+01 2.717020e-01 1.428480e-05
3.129727e+01 2.933841e-01 1.236346e-05
3.129727e+01 3.167964e-01 1.118007e-05
3.129727e+01 3.420771e-01 9.902252e-06
3.129727e+01 3.693752e-01 8.522461e-06
3.129727e+01 3.988518e-01 7.095939e-06
3.129727e+01 4.306805e-01 6.444561e-06
3.129727e+01 4.650493e-01 5.741202e-06
3.129727e+01 5.021607e-01 4.981714e-06
3.129727e+01 5.422336e-01 4.161618e-06
3.129727e+01 5.855044e-01 3.635841e-06
3.129727e+01 6.322283e-01 3.235759e-06
3.129727e+01 6.826808e-01 2.803749e-06
3.129727e+01 7.371594e-01 2.337265e-06
3.129727e+01 7.959855e-01 1.928767e-06
3.129727e+01 8.595059e-01 1.711709e-06
3.129727e+01 9.280954e-01 1.477330e-06
3.129727e+01 1.002158e+00 1.224248e-06
3.129727e+01 1.082132e+00 9.509686e-07
3.129727e+01 1.168487e+00 8.310008e-07
3.129727e+01 1.261733e+00 7.163743e-07
3.129727e+01 1.362421e+00 5.926005e-07
3.129727e+01 1.471144e+00 4.589495e-07
3.129727e+01 1.588542e+00 3.670048e-07
3.129727e+01 1.715310e+00 3.135766e-07
3.129727e+01 1.852193e+00 2.558847e-07
3.129727e+01 2.000000e+00 1.935890e-07
3.194322e+01 1.000000e-03 7.710581e-05
3.194322e+01 1.079801e-03 8.279156e-05
3.194322e+01 1.165970e-03 8.885485e-05
3.194322e+01 1.259016e-03 9.531119e-05
3.194322e+01 1.359487e-03 1.021742e-04
3.194322e+01 1.467975e-03 1.094561e-04
3.194322e+01 1.585121e-03 1.171663e-04
3.194322e+01 1.711615e-03 1.253105e-04
3.194322e+01 1.848204e-03 1.338914e-04
3.194322e+01 1.995693e-03 1.429073e-04
3.194322e+01 2.154951e-03 1.523513e-04
3.194322e+01 2.326918e-03 1.622116e-04
3.194322e+01 2.512609e-03 1.724711e-04
3.194322e+01 2.713117e-03 1.831071e-04
3.194322e+01 2.929627e-03 1.940903e-04
3.194322e+01 3.163414e-03 2.053855e-04
3.194322e+01 3.415858e-03 2.169504e-04
3.194322e+01 3.688447e-03 2.287354e-04
3.194322e+01 3.982789e-03 2.406787e-04
3.194322e+01 4.300619e-03 2.527058e-04
3.194322e+01 4.643813e-03 2.647325e-04
3.194322e+01 5.014394e-03 2.766571e-04
3.194322e+01 5.414548e-03 2.883608e-04
3.194322e+01 5.846635e-03 2.997139e-04
3.194322e+01 6.313202e-03 3.105680e-04
3.194322e+01 6.817002e-03 3.207585e-04
3.194322e+01 7.361006e-03 3.301124e-04
3.194322e+01 7.948422e-03 3.384346e-04
3.194322e+01 8.582714e-03 3.455128e-04
3.194322e+01 9.267624e-03 3.511358e-04
3.194322e+01 1.000719e-02 3.550799e-04
3.194322e+01 1.080577e-02 3.571192e-04
3.194322e+01 1.166809e-02 3.570513e-04
3.194322e+01 1.259921e-02 3.546961e-04
3.194322e+01 1.360464e-02 3.499088e-04
3.194322e+01 1.469030e-02 3.426038e-04
3.194322e+01 1.586261e-02 3.327996e-04
3.194322e+01 1.712846e-02 3.206126e-04
3.194322e+01 1.849533e-02 3.062354e-04
3.194322e+01 1.997127e-02 2.900824e-04
3.194322e+01 2.156500e-02 2.727079e-04
3.194322e+01 2.328591e-02 2.546473e-04
3.194322e+01 2.514415e-02 2.366376e-04
3.194322e+01 2.715068e-02 2.194660e-04
3.194322e+01 2.931733e-02 2.037235e-04
3.194322e+01 3.165689e-02 1.898432e-04
3.194322e+01 3.418314e-02 1.780854e-04
3.194322e+01 3.691099e-02 1.682688e-04
3.194322e+01 3.985652e-02 1.597993e-04
3.194322e+01 4.303711e-02 1.516795e-04
3.194322e+01 4.647152e-02 1.426990e-04
3.194322e+01 5.017999e-02 1.318283e-04
3.194322e+01 5.418441e-02 1.219493e-04
3.194322e+01 5.850838e-02 1.163975e-04
3.194322e+01 6.317741e-02 1.104026e-04
3.194322e+01 6.821903e-02 1.039294e-04
3.194322e+01 7.366298e-02 9.681754e-05
3.194322e+01 7.954136e-02 8.789157e-05
3.194322e+01 8.588885e-02 7.825329e-05
3.194322e+01 9.274286e-02 6.784587e-05
3.194322e+01 1.001438e-01 5.660793e-05
3.194322e+01 1.081354e-01 5.021962e-05
3.194322e+01 1.167647e-01 4.606314e-05
3.194322e+01 1.260827e-01 4.157497e-05
3.194322e+01 1.361442e-01 3.672865e-05
3.194322e+01 1.470087e-01 3.201481e-05
3.194322e+01 1.587401e-01 2.913664e-05
3.194322e+01 1.714077e-01 2.602878e-05
3.194322e+01 1.850862e-01 2.267292e-05
3.194322e+01 1.998563e-01 1.904925e-05
3.194322e+01 2.158051e-01 1.712135e-05
3.194322e+01 2.330265e-01 1.543608e-05
3.194322e+01 2.516223e-01 1.361632e-05
3.194322e+01 2.717020e-01 1.165134e-05
3.194322e+01 2.933841e-01 1.009467e-05
3.194322e+01 3.167964e-01 9.131987e-06
3.194322e+01 3.420771e-01 8.092485e-06
3.194322e+01 3.693752e-01 6.970031e-06
3.194322e+01 3.988518e-01 5.809453e-06
3.194322e+01 4.306805e-01 5.277941e-06
3.194322e+01 4.650493e-01 4.704014e-06
3.194322e+01 5.021607e-01 4.084287e-06
3.194322e+01 5.422336e-01 3.415105e-06
3.194322e+01 5.855044e-01 2.986002e-06
3.194322e+01 6.322283e-01 2.659420e-06
3.194322e+01 6.826808e-01 2.306777e-06
3.194322e+01 7.371594e-01 1.925993e-06
3.194322e+01 7.959855e-01 1.592558e-06
3.194322e+01 8.595059e-01 1.415432e-06
3.194322e+01 9.280954e-01 1.224172e-06
3.194322e+01 1.002158e+00 1.017649e-06
3.194322e+01 1.082132e+00 7.946446e-07
3.194322e+01 1.168487e+00 6.964391e-07
3.194322e+01 1.261733e+00 6.025414e-07
3.194322e+01 1.362421e+00 5.011506e-07
3.194322e+01 1.471144e+00 3.916687e-07
3.194322e+01 1.588542e+00 3.160342e-07
3.194322e+01 1.715310e+00 2.716480e-07
3.194322e+01 1.852193e+00 2.237198e-07
3.194322e+01 2.000000e+00 1.719669e-07
3.260208e+01 1.000000e-03 5.909110e-05
3.260208e+01 1.079801e-03 6.345000e-05
3.260208e+01 1.165970e-03 6.809867e-05
3.260208e+01 1.259016e-03 7.304908e-05
3.260208e+01 1.359487e-03 7.831175e-05
3.260208e+01 1.467975e-03 8.389614e-05
3.260208e+01 1.585121e-03 8.980948e-05
3.260208e+01 1.711615e-03 9.605630e-05
3.260208e+01 1.848204e-03 1.026387e-04
3.260208e+01 1.995693e-03 1.095555e-04
3.260208e+01 2.154951e-03 1.168012e-04
3.260208e+01 2.326918e-03 1.243668e-04
3.260208e+01 2.512609e-03 1.322391e-04
3.260208e+01 2.713117e-03 1.404004e-04
3.260208e+01 2.929627e-03 1.488281e-04
3.260208e+01 3.163414e-03 1.574950e-04
3.260208e+01 3.415858e-03 1.663684e-04
3.260208e+01 3.688447e-03 1.754103e-04
3.260208e+01 3.982789e-03 1.845732e-04
3.260208e+01 4.300619e-03 1.938001e-04
3.260208e+01 4.643813e-03 2.030266e-04
3.260208e+01 5.014394e-03 2.121750e-04
3.260208e+01 5.414548e-03 2.211539e-04
3.260208e+01 5.846635e-03 2.298637e-04
3.260208e+01 6.313202e-03 2.381906e-04
3.260208e+01 6.817002e-03 2.460084e-04
3.260208e+01 7.361006e-03 2.531844e-04
3.260208e+01 7.948422e-03 2.595690e-04
3.260208e+01 8.582714e-03 2.649994e-04
3.260208e+01 9.267624e-03 2.693134e-04
3.260208e+01 1.000719e-02 2.723397e-04
3.260208e+01 1.080577e-02 2.739048e-04
3.260208e+01 1.166809e-02 2.738537e-04
3.260208e+01 1.259921e-02 2.720482e-04
3.260208e+01 1.360464e-02 2.683770e-04
3.260208e+01 1.469030e-02 2.627745e-04
3.260208e+01 1.586261e-02 2.552550e-04
3.260208e+01 1.712846e-02 2.459079e-04
3.260208e+01 1.849533e-02 2.348811e-04
3.260208e+01 1.997127e-02 2.224924e-04
3.260208e+01 2.156500e-02 2.091668e-04
3.260208e+01 2.328591e-02 1.953147e-04
3.260208e+01 2.514415e-02 1.815015e-04
3.260208e+01 2.715068e-02 1.683309e-04
3.260208e+01 2.931733e-02 1.562565e-04
3.260208e+01 3.165689e-02 1.456103e-04
3.260208e+01 3.418314e-02 1.365921e-04
3.260208e+01 3.691099e-02 1.290628e-04
3.260208e+01 3.985652e-02 1.225666e-04
3.260208e+01 4.303711e-02 1.163387e-04
3.260208e+01 4.647152e-02 1.094506e-04
3.260208e+01 5.017999e-02 1.011128e-04
3.260208e+01 5.418441e-02 9.354072e-05
3.260208e+01 5.850838e-02 8.929690e-05
3.260208e+01 6.317741e-02 8.471441e-05
3.260208e+01 6.821903e-02 7.976623e-05
3.260208e+01 7.366298e-02 7.432791e-05
3.260208e+01 7.954136e-02 6.748274e-05
3.260208e+01 8.588885e-02 6.009133e-05
3.260208e+01 9.274286e-02 5.211007e-05
3.260208e+01 1.001438e-01 4.349189e-05
3.260208e+01 1.081354e-01 3.859309e-05
3.260208e+01 1.167647e-01 3.540599e-05
3.260208e+01 1.260827e-01 3.196455e-05
3.260208e+01 1.361442e-01 2.824849e-05
3.260208e+01 1.470087e-01 2.463481e-05
3.260208e+01 1.587401e-01 2.243212e-05
3.260208e+01 1.714077e-01 2.005366e-05
3.260208e+01 1.850862e-01 1.748539e-05
3.260208e+01 1.998563e-01 1.471217e-05
3.260208e+01 2.158051e-01 1.323203e-05
3.260208e+01 2.330265e-01 1.193627e-05
3.260208e+01 2.516223e-01 1.053711e-05
3.260208e+01 2.717020e-01 9.026293e-06
3.260208e+01 2.933841e-01 7.827554e-06
3.260208e+01 3.167964e-01 7.083016e-06
3.260208e+01 3.420771e-01 6.279064e-06
3.260208e+01 3.693752e-01 5.410955e-06
3.260208e+01 3.988518e-01 4.513341e-06
3.260208e+01 4.306805e-01 4.101956e-06
3.260208e+01 4.650493e-01 3.657741e-06
3.260208e+01 5.021607e-01 3.178078e-06
3.260208e+01 5.422336e-01 2.660137e-06
3.260208e+01 5.855044e-01 2.327779e-06
3.260208e+01 6.322283e-01 2.074643e-06
3.260208e+01 6.826808e-01 1.801306e-06
3.260208e+01 7.371594e-01 1.506157e-06
3.260208e+01 7.959855e-01 1.247741e-06
3.260208e+01 8.595059e-01 1.110564e-06
3.260208e+01 9.280954e-01 9.624401e-07
3.260208e+01 1.002158e+00 8.024955e-07
3.260208e+01 1.082132e+00 6.297872e-07
3.260208e+01 1.168487e+00 5.536139e-07
3.260208e+01 1.261733e+00 4.807576e-07
3.260208e+01 1.362421e+00 4.020874e-07
3.260208e+01 1.471144e+00 3.171392e-07
3.260208e+01 1.588542e+00 2.582648e-07
3.260208e+01 1.715310e+00 2.234562e-07
3.260208e+01 1.852193e+00 1.858698e-07
3.260208e+01 2.000000e+00 1.452840e-07
3.327412e+01 1.000000e-03 4.150798e-05
3.327412e+01 1.079801e-03 4.457094e-05
3.327412e+01 1.165970e-03 4.783776e-05
3.327412e+01 1.259016e-03 5.131688e-05
3.327412e+01 1.359487e-03 5.501579e-05
3.327412e+01 1.467975e-03 5.894117e-05
3.327412e+01 1.585121e-03 6.309816e-05
3.327412e+01 1.711615e-03 6.749002e-05
3.327412e+01 1.848204e-03 7.211828e-05
3.327412e+01 1.995693e-03 7.698203e-05
3.327412e+01 2.154951e-03 8.207756e-05
3.327412e+01 2.326918e-03 8.739841e-05
3.327412e+01 2.512609e-03 9.293519e-05
3.327412e+01 2.713117e-03 9.867542e-05
3.327412e+01 2.929627e-03 1.046031e-04
3.327412e+01 3.163414e-03 1.106987e-04
3.327412e+01 3.415858e-03 1.169394e-04
3.327412e+01 3.688447e-03 1.232983e-04
3.327412e+01 3.982789e-03 1.297418e-04
3.327412e+01 4.300619e-03 1.362303e-04
3.327412e+01 4.643813e-03 1.427184e-04
3.327412e+01 5.014394e-03 1.491516e-04
3.327412e+01 5.414548e-03 1.554657e-04
3.327412e+01 5.846635e-03 1.615904e-04
3.327412e+01 6.313202e-03 1.674459e-04
3.327412e+01 6.817002e-03 1.729434e-04
3.327412e+01 7.361006e-03 1.779896e-04
3.327412e+01 7.948422e-03 1.824792e-04
3.327412e+01 8.582714e-03 1.862980e-04
3.327412e+01 9.267624e-03 1.893318e-04
3.327412e+01 1.000719e-02 1.914602e-04
3.327412e+01 1.080577e-02 1.925613e-04
3.327412e+01 1.166809e-02 1.925261e-04
3.327412e+01 1.259921e-02 1.912573e-04
3.327412e+01 1.360464e-02 1.886769e-04
3.327412e+01 1.469030e-02 1.847385e-04
3.327412e+01 1.586261e-02 1.794523e-04
3.327412e+01 1.712846e-02 1.728813e-04
3.327412e+01 1.849533e-02 1.651294e-04
3.327412e+01 1.997127e-02 1.564201e-04
3.327412e+01 2.156500e-02 1.470520e-04
3.327412e+01 2.328591e-02 1.373137e-04
3.327412e+01 2.514415e-02 1.276026e-04
3.327412e+01 2.715068e-02 1.183433e-04
3.327412e+01 2.931733e-02 1.098546e-04
3.327412e+01 3.165689e-02 1.023700e-04
3.327412e+01 3.418314e-02 9.602985e-05
3.327412e+01 3.691099e-02 9.073641e-05
3.327412e+01 3.985652e-02 8.616931e-05
3.327412e+01 4.303711e-02 8.179084e-05
3.327412e+01 4.647152e-02 7.694824e-05
3.327412e+01 5.017999e-02 7.108644e-05
3.327412e+01 5.418441e-02 6.576526e-05
3.327412e+01 5.850838e-02 6.278801e-05
3.327412e+01 6.317741e-02 5.957316e-05
3.327412e+01 6.821903e-02 5.610177e-05
3.327412e+01 7.366298e-02 5.228620e-05
3.327412e+01 7.954136e-02 4.748045e-05
3.327412e+01 8.588885e-02 4.229118e-05
3.327412e+01 9.274286e-02 3.668781e-05
3.327412e+01 1.001438e-01 3.063729e-05
3.327412e+01 1.081354e-01 2.719480e-05
3.327412e+01 1.167647e-01 2.495226e-05
3.327412e+01 1.260827e-01 2.253076e-05
3.327412e+01 1.361442e-01 1.991602e-05
3.327412e+01 1.470087e-01 1.737435e-05
3.327412e+01 1.587401e-01 1.582994e-05
3.327412e+01 1.714077e-01 1.416228e-05
3.327412e+01 1.850862e-01 1.236154e-05
3.327412e+01 1.998563e-01 1.041711e-05
3.327412e+01 2.158051e-01 9.375396e-06
3.327412e+01 2.330265e-01 8.461862e-06
3.327412e+01 2.516223e-01 7.475428e-06
3.327412e+01 2.717020e-01 6.410275e-06
3.327412e+01 2.933841e-01 5.563822e-06
3.327412e+01 3.167964e-01 5.035805e-06
3.327412e+01 3.420771e-01 4.465652e-06
3.327412e+01 3.693752e-01 3.849999e-06
3.327412e+01 3.988518e-01 3.213412e-06
3.327412e+01 4.306805e-01 2.921502e-06
3.327412e+01 4.650493e-01 2.606298e-06
3.327412e+01 5.021607e-01 2.265940e-06
3.327412e+01 5.422336e-01 1.898421e-06
3.327412e+01 5.855044e-01 1.662398e-06
3.327412e+01 6.322283e-01 1.482486e-06
3.327412e+01 6.826808e-01 1.288216e-06
3.327412e+01 7.371594e-01 1.078444e-06
3.327412e+01 7.959855e-01 8.948738e-07
3.327412e+01 8.595059e-01 7.977022e-07
3.327412e+01 9.280954e-01 6.927763e-07
3.327412e+01 1.002158e+00 5.794772e-07
3.327412e+01 1.082132e+00 4.571367e-07
3.327412e+01 1.168487e+00 4.030763e-07
3.327412e+01 1.261733e+00 3.513488e-07
3.327412e+01 1.362421e+00 2.954933e-07
3.327412e+01 1.471144e+00 2.351806e-07
3.327412e+01 1.588542e+00 1.933140e-07
3.327412e+01 1.715310e+00 1.684707e-07
3.327412e+01 1.852193e+00 1.416449e-07
3.327412e+01 2.000000e+00 1.126783e-07
3.395961e+01 1.000000e-03 2.501307e-05
3.395961e+01 1.079801e-03 2.685949e-05
3.395961e+01 1.165970e-03 2.882895e-05
3.395961e+01 1.259016e-03 3.092656e-05
3.395961e+01 1.359487e-03 3.315688e-05
3.395961e+01 1.467975e-03 3.552397e-05
3.395961e+01 1.585121e-03 3.803096e-05
3.395961e+01 1.711615e-03 4.067986e-05
3.395961e+01 1.848204e-03 4.347163e-05
3.395961e+01 1.995693e-03 4.640572e-05
3.395961e+01 2.154951e-03 4.947989e-05
3.395961e+01 2.326918e-03 5.269024e-05
3.395961e+01 2.512609e-03 5.603106e-05
3.395961e+01 2.713117e-03 5.949473e-05
3.395961e+01 2.929627e-03 6.307150e-05
3.395961e+01 3.163414e-03 6.674957e-05
3.395961e+01 3.415858e-03 7.051505e-05
3.395961e+01 3.688447e-03 7.435157e-05
3.395961e+01 3.982789e-03 7.823901e-05
3.395961e+01 4.300619e-03 8.215338e-05
3.395961e+01 4.643813e-03 8.606755e-05
3.395961e+01 5.014394e-03 8.994858e-05
3.395961e+01 5.414548e-03 9.375773e-05
3.395961e+01 5.846635e-03 9.745268e-05
3.395961e+01 6.313202e-03 1.009852e-04
3.395961e+01 6.817002e-03 1.043017e-04
3.395961e+01 7.361006e-03 1.073459e-04
3.395961e+01 7.948422e-03 1.100545e-04
3.395961e+01 8.582714e-03 1.123583e-04
3.395961e+01 9.267624e-03 1.141887e-04
3.395961e+01 1.000719e-02 1.154729e-04
3.395961e+01 1.080577e-02 1.161375e-04
3.395961e+01 1.166809e-02 1.161167e-04
3.395961e+01 1.259921e-02 1.153518e-04
3.395961e+01 1.360464e-02 1.137958e-04
3.395961e+01 1.469030e-02 1.114207e-04
3.395961e+01 1.586261e-02 1.082327e-04
3.395961e+01 1.712846e-02 1.042697e-04
3.395961e+01 1.849533e-02 9.959451e-05
3.395961e+01 1.997127e-02 9.434183e-05
3.395961e+01 2.156500e-02 8.869181e-05
3.395961e+01 2.328591e-02 8.281848e-05
3.395961e+01 2.514415e-02 7.696150e-05
3.395961e+01 2.715068e-02 7.137698e-05
3.395961e+01 2.931733e-02 6.625719e-05
3.395961e+01 3.165689e-02 6.174298e-05
3.395961e+01 3.418314e-02 5.791903e-05
3.395961e+01 3.691099e-02 5.472636e-05
3.395961e+01 3.985652e-02 5.197178e-05
3.395961e+01 4.303711e-02 4.933097e-05
3.395961e+01 4.647152e-02 4.641023e-05
3.395961e+01 5.017999e-02 4.287478e-05
3.395961e+01 5.418441e-02 3.966735e-05
3.395961e+01 5.850838e-02 3.787710e-05
3.395961e+01 6.317741e-02 3.594399e-05
3.395961e+01 6.821903e-02 3.385661e-05
3.395961e+01 7.366298e-02 3.156159e-05
3.395961e+01 7.954136e-02 2.866408e-05
3.395961e+01 8.588885e-02 2.553536e-05
3.395961e+01 9.274286e-02 2.215695e-05
3.395961e+01 1.001438e-01 1.850895e-05
3.395961e+01 1.081354e-01 1.643074e-05
3.395961e+01 1.167647e-01 1.507452e-05
3.395961e+01 1.260827e-01 1.361008e-05
3.395961e+01 1.361442e-01 1.202878e-05
3.395961e+01 1.470087e-01 1.049215e-05
3.395961e+01 1.587401e-01 9.560767e-06
3.395961e+01 1.714077e-01 8.555060e-06
3.395961e+01 1.850862e-01 7.469097e-06
3.395961e+01 1.998563e-01 6.296473e-06
3.395961e+01 2.158051e-01 5.666834e-06
3.395961e+01 2.330265e-01 5.114098e-06
3.395961e+01 2.516223e-01 4.517252e-06
3.395961e+01 2.717020e-01 3.872778e-06
3.395961e+01 2.933841e-01 3.360262e-06
3.395961e+01 3.167964e-01 3.039918e-06
3.395961e+01 3.420771e-01 2.694010e-06
3.395961e+01 3.693752e-01 2.320499e-06
3.395961e+01 3.988518e-01 1.934353e-06
3.395961e+01 4.306805e-01 1.758252e-06
3.395961e+01 4.650493e-01 1.568099e-06
3.395961e+01 5.021607e-01 1.362771e-06
3.395961e+01 5.422336e-01 1.141057e-06
3.395961e+01 5.855044e-01 9.989380e-07
3.395961e+01 6.322283e-01 8.908143e-07
3.395961e+01 6.826808e-01 7.740623e-07
3.395961e+01 7.371594e-01 6.479934e-07
3.395961e+01 7.959855e-01 5.378243e-07
3.395961e+01 8.595059e-01 4.799502e-07
3.395961e+01 9.280954e-01 4.174576e-07
3.395961e+01 1.002158e+00 3.499780e-07
3.395961e+01 1.082132e+00 2.771135e-07
3.395961e+01 1.168487e+00 2.450299e-07
3.395961e+01 1.261733e+00 2.143546e-07
3.395961e+01 1.362421e+00 1.812313e-07
3.395961e+01 1.471144e+00 1.454648e-07
3.395961e+01 1.588542e+00 1.206259e-07
3.395961e+01 1.715310e+00 1.058714e-07
3.395961e+01 1.852193e+00 8.993947e-08
3.395961e+01 2.000000e+00 7.273618e-08
3.465880e+01 1.000000e-03 7.747619e-06
3.465880e+01 1.079801e-03 8.319740e-06
3.465880e+01 1.165970e-03 8.930027e-06
3.465880e+01 1.259016e-03 9.580079e-06
3.465880e+01 1.359487e-03 1.027131e-05
3.465880e+01 1.467975e-03 1.100501e-05
3.465880e+01 1.585121e-03 1.178214e-05
3.465880e+01 1.711615e-03 1.260335e-05
3.465880e+01 1.848204e-03 1.346893e-05
3.465880e+01 1.995693e-03 1.437873e-05
3.465880e+01 2.154951e-03 1.533206e-05
3.465880e+01 2.326918e-03 1.632769e-05
3.465880e+01 2.512609e-03 1.736384e-05
3.465880e+01 2.713117e-03 1.843813e-05
3.465880e+01 2.929627e-03 1.954751e-05
3.465880e+01 3.163414e-03 2.068830e-05
3.465880e+01 3.415858e-03 2.185615e-05
3.465880e+01 3.688447e-03 2.304596e-05
3.465880e+01 3.982789e-03 2.425149e-05
3.465880e+01 4.300619e-03 2.546534e-05
3.465880e+01 4.643813e-03 2.667911e-05
3.465880e+01 5.014394e-03 2.788260e-05
3.465880e+01 5.414548e-03 2.906381e-05
3.465880e+01 5.846635e-03 3.020961e-05
3.465880e+01 6.313202e-03 3.130503e-05
3.465880e+01 6.817002e-03 3.233346e-05
3.465880e+01 7.361006e-03 3.327747e-05
3.465880e+01 7.948422e-03 3.411739e-05
3.465880e+01 8.582714e-03 3.483181e-05
3.465880e+01 9.267624e-03 3.539944e-05
3.465880e+01 1.000719e-02 3.579774e-05
3.465880e+01 1.080577e-02 3.600393e-05
3.465880e+01 1.166809e-02 3.599760e-05
3.465880e+01 1.259921e-02 3.576061e-05
3.465880e+01 1.360464e-02 3.527831e-05
3.465880e+01 1.469030e-02 3.454211e-05
3.465880e+01 1.586261e-02 3.355386e-05
3.465880e+01 1.712846e-02 3.232535e-05
3.465880e+01 1.849533e-02 3.087602e-05
3.465880e+01 1.997127e-02 2.924764e-05
3.465880e+01 2.156500e-02 2.749607e-05
3.465880e+01 2.328591e-02 2.567527e-05
3.465880e+01 2.514415e-02 2.385953e-05
3.465880e+01 2.715068e-02 2.212825e-05
3.465880e+01 2.931733e-02 2.054103e-05
3.465880e+01 3.165689e-02 1.914155e-05
3.465880e+01 3.418314e-02 1.795605e-05
3.465880e+01 3.691099e-02 1.696626e-05
3.465880e+01 3.985652e-02 1.611229e-05
3.465880e+01 4.303711e-02 1.529358e-05
3.465880e+01 4.647152e-02 1.438810e-05
3.465880e+01 5.017999e-02 1.329204e-05
3.465880e+01 5.418441e-02 1.231939e-05
3.465880e+01 5.850838e-02 1.182485e-05
3.465880e+01 6.317741e-02 1.129084e-05
3.465880e+01 6.821903e-02 1.071421e-05
3.465880e+01 7.366298e-02 1.006848e-05
3.465880e+01 7.954136e-02 9.135369e-06
3.465880e+01 8.588885e-02 8.127796e-06
3.465880e+01 9.274286e-02 7.039818e-06
3.465880e+01 1.001438e-01 5.865018e-06
3.465880e+01 1.081354e-01 5.200146e-06
3.465880e+01 1.167647e-01 4.770231e-06
3.465880e+01 1.260827e-01 4.306009e-06
3.465880e+01 1.361442e-01 3.804742e-06
3.465880e+01 1.470087e-01 3.318805e-06
3.465880e+01 1.587401e-01 3.029796e-06
3.465880e+01 1.714077e-01 2.717723e-06
3.465880e+01 1.850862e-01 2.380746e-06
3.465880e+01 1.998563e-01 2.016879e-06
3.465880e+01 2.158051e-01 1.818691e-06
3.465880e+01 2.330265e-01 1.643582e-06
3.465880e+01 2.516223e-01 1.454499e-06
3.465880e+01 2.717020e-01 1.250327e-06
3.465880e+01 2.933841e-01 1.087371e-06
3.465880e+01 3.167964e-01 9.845041e-07
3.465880e+01 3.420771e-01 8.734279e-07
3.465880e+01 3.693752e-01 7.534877e-07
3.465880e+01 3.988518e-01 6.294557e-07
3.465880e+01 4.306805e-01 5.723861e-07
3.465880e+01 4.650493e-01 5.107623e-07
3.465880e+01 5.021607e-01 4.442209e-07
3.465880e+01 5.422336e-01 3.723693e-07
3.465880e+01 5.855044e-01 3.262754e-07
3.465880e+01 6.322283e-01 2.911785e-07
3.465880e+01 6.826808e-01 2.532807e-07
3.465880e+01 7.371594e-01 2.123587e-07
3.465880e+01 7.959855e-01 1.765900e-07
3.465880e+01 8.595059e-01 1.577773e-07
3.465880e+01 9.280954e-01 1.374633e-07
3.465880e+01 1.002158e+00 1.155283e-07
3.465880e+01 1.082132e+00 9.184287e-08
3.465880e+01 1.168487e+00 8.141653e-08
3.465880e+01 1.261733e+00 7.144840e-08
3.465880e+01 1.362421e+00 6.068482e-08
3.465880e+01 1.471144e+00 4.906228e-08
3.465880e+01 1.588542e+00 4.099924e-08
3.465880e+01 1.715310e+00 3.622127e-08
3.465880e+01 1.852193e+00 3.106203e-08
3.465880e+01 2.000000e+00 2.549107e-08
3.537197e+01 1.000000e-03 0.000000e+00
3.537197e+01 1.079801e-03 0.000000e+00
3.537197e+01 1.165970e-03 0.000000e+00
3.537197e+01 1.259016e-03 0.000000e+00
3.537197e+01 1.359487e-03 0.000000e+00
3.537197e+01 1.467975e-03 0.000000e+00
3.537197e+01 1.585121e-03 0.000000e+00
3.537197e+01 1.711615e-03 0.000000e+00
3.537197e+01 1.848204e-03 0.000000e+00
3.537197e+01 1.995693e-03 0.000000e+00
3.537197e+01 2.154951e-03 0.000000e+00
3.537197e+01 2.326918e-03 0.000000e+00
3.537197e+01 2.512609e-03 0.000000e+00
3.537197e+01 2.713117e-03 0.000000e+00
3.537197e+01 2.929627e-03 0.000000e+00
3.537197e+01 3.163414e-03 0.000000e+00
3.537197e+01 3.415858e-03 0.000000e+00
3.537197e+01 3.688447e-03 0.000000e+00
3.537197e+01 3.982789e-03 0.000000e+00
3.537197e+01 4.300619e-03 0.000000e+00
3.537197e+01 4.643813e-03 0.000000e+00
3.537197e+01 5.014394e-03 0.000000e+00
3.537197e+01 5.414548e-03 0.000000e+00
3.537197e+01 5.846635e-03 0.000000e+00
3.537197e+01 6.313202e-03 0.000000e+00
3.537197e+01 6.817002e-03 0.000000e+00
3.537197e+01 7.361006e-03 0.000000e+00
3.537197e+01 7.948422e-03 0.000000e+00
3.537197e+01 8.582714e-03 0.000000e+00
3.537197e+01 9.267624e-03 0.000000e+00
3.537197e+01 1.000719e-02 0.000000e+00
3.537197e+01 1.080577e-02 0.000000e+00
3.537197e+01 1.166809e-02 0.000000e+00
3.537197e+01 1.259921e-02 0.000000e+00
3.537197e+01 1.360464e-02 0.000000e+00
3.537197e+01 1.469030e-02 0.000000e+00
3.537197e+01 1.586261e-02 0.000000e+00
3.537197e+01 1.712846e-02 0.000000e+00
3.537197e+01 1.849533e-02 0.000000e+00
3.537197e+01 1.997127e-02 0.000000e+00
3.537197e+01 2.156500e-02 0.000000e+00
3.537197e+01 2.328591e-02 0.000000e+00
3.537197e+01 2.514415e-02 0.000000e+00
3.537197e+01 2.715068e-02 0.000000e+00
3.537197e+01 2.931733e-02 0.000000e+00
3.537197e+01 3.165689e-02 0.000000e+00
3.537197e+01 3.418314e-02 0.000000e+00
3.537197e+01 3.691099e-02 0.000000e+00
3.537197e+01 3.985652e-02 0.000000e+00
3.537197e+01 4.303711e-02 0.000000e+00
3.537197e+01 4.647152e-02 0.000000e+00
3.537197e+01 5.017999e-02 0.000000e+00
3.537197e+01 5.418441e-02 0.000000e+00
3.537197e+01 5.850838e-02 0.000000e+00
3.537197e+01 6.317741e-02 0.000000e+00
3.537197e+01 6.821903e-02 0.000000e+00
3.537197e+01 7.366298e-02 0.000000e+00
3.537197e+01 7.954136e-02 0.000000e+00
3.537197e+01 8.588885e-02 0.000000e+00
3.537197e+01 9.274286e-02 0.000000e+00
3.537197e+01 1.001438e-01 0.000000e+00
3.537197e+01 1.081354e-01 0.000000e+00
3.537197e+01 1.167647e-01 0.000000e+00
3.537197e+01 1.260827e-01 0.000000e+00
3.537197e+01 1.361442e-01 0.000000e+00
3.537197e+01 1.470087e-01 0.000000e+00
3.537197e+01 1.587401e-01 0.000000e+00
3.537197e+01 1.714077e-01 0.000000e+00
3.537197e+01 1.850862e-01 0.000000e+00
3.537197e+01 1.998563e-01 0.000000e+00
3.537197e+01 2.158051e-01 0.000000e+00
3.537197e+01 2.330265e-01 0.000000e+00
3.537197e+01 2.516223e-01 0.000000e+00
3.537197e+01 2.717020e-01 0.000000e+00
3.537197e+01 2.933841e-01 0.000000e+00
3.537197e+01 3.167964e-01 0.000000e+00
3.537197e+01 3.420771e-01 0.000000e+00
3.537197e+01 3.693752e-01 0.000000e+00
3.537197e+01 3.988518e-01 0.000000e+00
3.537197e+01 4.306805e-01 0.000000e+00
3.537197e+01 4.650493e-01 0.000000e+00
3.537197e+01 5.021607e-01 0.000000e+00
3.537197e+01 5.422336e-01 0.000000e+00
3.537197e+01 5.855044e-01 0.000000e+00
3.537197e+01 6.322283e-01 0.000000e+00
3.537197e+01 6.826808e-01 0.000000e+00
3.537197e+01 7.371594e-01 0.000000e+00
3.537197e+01 7.959855e-01 -7.580191e-24
3.537197e+01 8.595059e-01 1.010692e-23
3.537197e+01 9.280954e-01 0.000000e+00
3.537197e+01 1.002158e+00 0.000000e+00
3.537197e+01 1.082132e+00 0.000000e+00
3.537197e+01 1.168487e+00 0.000000e+00
3.537197e+01 1.261733e+00 0.000000e+00
3.537197e+01 1.362421e+00 0.000000e+00
3.537197e+01 1.471144e+00 0.000000e+00
3.537197e+01 1.588542e+00 0.000000e+00
3.537197e+01 1.715310e+00 0.000000e+00
3.537197e+01 1.852193e+00 0.000000e+00
3.537197e+01 2.000000e+00 0.000000e+00
