5.000000e+00 1.000000e-03 -1.969727e+01
5.000000e+00 1.079801e-03 -2.111676e+01
5.000000e+00 1.165970e-03 -2.262583e+01
5.000000e+00 1.259016e-03 -2.422795e+01
5.000000e+00 1.359487e-03 -2.592631e+01
5.000000e+00 1.467975e-03 -2.772385e+01
5.000000e+00 1.585121e-03 -2.962300e+01
5.000000e+00 1.711615e-03 -3.162559e+01
5.000000e+00 1.848204e-03 -3.373285e+01
5.000000e+00 1.995693e-03 -3.594510e+01
5.000000e+00 2.154951e-03 -3.826158e+01
5.000000e+00 2.326918e-03 -4.068051e+01
5.000000e+00 2.512609e-03 -4.319872e+01
5.000000e+00 2.713117e-03 -4.581141e+01
5.000000e+00 2.929627e-03 -4.851231e+01
5.000000e+00 3.163414e-03 -5.129301e+01
5.000000e+00 3.415858e-03 -5.414277e+01
5.000000e+00 3.688447e-03 -5.704882e+01
5.000000e+00 3.982789e-03 -5.999542e+01
5.000000e+00 4.300619e-03 -6.296381e+01
5.000000e+00 4.643813e-03 -6.593266e+01
5.000000e+00 5.014394e-03 -6.887673e+01
5.000000e+00 5.414548e-03 -7.176688e+01
5.000000e+00 5.846635e-03 -7.457126e+01
5.000000e+00 6.313202e-03 -7.725317e+01
5.000000e+00 6.817002e-03 -7.977146e+01
5.000000e+00 7.361006e-03 -8.208287e+01
5.000000e+00 7.948422e-03 -8.413884e+01
5.000000e+00 8.582714e-03 -8.588671e+01
5.000000e+00 9.267624e-03 -8.727404e+01
5.000000e+00 1.000719e-02 -8.824526e+01
5.000000e+00 1.080577e-02 -8.874409e+01
5.000000e+00 1.166809e-02 -8.872016e+01
5.000000e+00 1.259921e-02 -8.812869e+01
5.000000e+00 1.360464e-02 -8.693375e+01
5.000000e+00 1.469030e-02 -8.511419e+01
5.000000e+00 1.586261e-02 -8.267447e+01
5.000000e+00 1.712846e-02 -7.964334e+01
5.000000e+00 1.849533e-02 -7.606845e+01
5.000000e+00 1.997127e-02 -7.205287e+01
5.000000e+00 2.156500e-02 -6.773455e+01
5.000000e+00 2.328591e-02 -6.324667e+01
5.000000e+00 2.514415e-02 -5.877221e+01
5.000000e+00 2.715068e-02 -5.450644e+01
5.000000e+00 2.931733e-02 -5.059598e+01
5.000000e+00 3.165689e-02 -4.714830e+01
5.000000e+00 3.418314e-02 -4.422802e+01
5.000000e+00 3.691099e-02 -4.179001e+01
5.000000e+00 3.985652e-02 -3.968661e+01
5.000000e+00 4.303711e-02 -3.767007e+01
5.000000e+00 4.647152e-02 -3.543967e+01
5.000000e+00 5.017999e-02 -3.273974e+01
5.000000e+00 5.418441e-02 -2.948168e+01
5.000000e+00 5.850838e-02 -2.586302e+01
5.000000e+00 6.317741e-02 -2.195559e+01
5.000000e+00 6.821903e-02 -1.773635e+01
5.000000e+00 7.366298e-02 -1.340007e+01
5.000000e+00 7.954136e-02 -1.096083e+01
5.000000e+00 8.588885e-02 -8.326932e+00
5.000000e+00 9.274286e-02 -5.482849e+00
5.000000e+00 1.001438e-01 -2.411805e+00
5.000000e+00 1.081354e-01 -1.392749e+00
5.000000e+00 1.167647e-01 -1.388300e+00
5.000000e+00 1.260827e-01 -1.383497e+00
5.000000e+00 1.361442e-01 -1.378310e+00
5.000000e+00 1.470087e-01 -1.334232e+00
5.000000e+00 1.587401e-01 -1.122730e+00
5.000000e+00 1.714077e-01 -8.943503e-01
5.000000e+00 1.850862e-01 -6.477452e-01
5.000000e+00 1.998563e-01 -3.814607e-01
5.000000e+00 2.158051e-01 -3.163303e-01
5.000000e+00 2.330265e-01 -2.904261e-01
5.000000e+00 2.516223e-01 -2.624548e-01
5.000000e+00 2.717020e-01 -2.322513e-01
5.000000e+00 2.933841e-01 -1.992593e-01
5.000000e+00 3.167964e-01 -1.631536e-01
5.000000e+00 3.420771e-01 -1.241666e-01
5.000000e+00 3.693752e-01 -8.206843e-02
5.000000e+00 3.988518e-01 -3.949676e-02
5.000000e+00 4.306805e-01 -3.400858e-02
5.000000e+00 4.650493e-01 -2.808244e-02
5.000000e+00 5.021607e-01 -2.168338e-02
5.000000e+00 5.422336e-01 -1.477367e-02
5.000000e+00 5.855044e-01 -1.143983e-02
5.000000e+00 6.322283e-01 -9.763285e-03
5.000000e+00 6.826808e-01 -7.952951e-03
5.000000e+00 7.371594e-01 -5.998151e-03
5.000000e+00 7.959855e-01 -4.370801e-03
5.000000e+00 8.595059e-01 -3.751170e-03
5.000000e+00 9.280954e-01 -3.082093e-03
5.000000e+00 1.002158e+00 -2.359622e-03
5.000000e+00 1.082132e+00 -1.579497e-03
5.000000e+00 1.168487e+00 -1.331933e-03
5.000000e+00 1.261733e+00 -1.115273e-03
5.000000e+00 1.362421e+00 -8.813245e-04
5.000000e+00 1.471144e+00 -6.287062e-04
5.000000e+00 1.588542e+00 -4.739939e-04
5.000000e+00 1.715310e+00 -4.103063e-04
5.000000e+00 1.852193e+00 -3.415364e-04
5.000000e+00 2.000000e+00 -2.672786e-04
5.120000e+00 1.000000e-03 -4.946235e+01
5.120000e+00 1.079801e-03 -5.302732e+01
5.120000e+00 1.165970e-03 -5.681726e+01
5.120000e+00 1.259016e-03 -6.084086e+01
5.120000e+00 1.359487e-03 -6.510613e+01
5.120000e+00 1.467975e-03 -6.962045e+01
5.120000e+00 1.585121e-03 -7.438992e+01
5.120000e+00 1.711615e-03 -7.941912e+01
5.120000e+00 1.848204e-03 -8.471120e+01
5.120000e+00 1.995693e-03 -9.026695e+01
5.120000e+00 2.154951e-03 -9.608443e+01
5.120000e+00 2.326918e-03 -1.021592e+02
5.120000e+00 2.512609e-03 -1.084833e+02
5.120000e+00 2.713117e-03 -1.150446e+02
5.120000e+00 2.929627e-03 -1.218275e+02
5.120000e+00 3.163414e-03 -1.288107e+02
5.120000e+00 3.415858e-03 -1.359674e+02
5.120000e+00 3.688447e-03 -1.432654e+02
5.120000e+00 3.982789e-03 -1.506653e+02
5.120000e+00 4.300619e-03 -1.581198e+02
5.120000e+00 4.643813e-03 -1.655755e+02
5.120000e+00 5.014394e-03 -1.729690e+02
5.120000e+00 5.414548e-03 -1.802271e+02
5.120000e+00 5.846635e-03 -1.872698e+02
5.120000e+00 6.313202e-03 -1.940049e+02
5.120000e+00 6.817002e-03 -2.003291e+02
5.120000e+00 7.361006e-03 -2.061338e+02
5.120000e+00 7.948422e-03 -2.112970e+02
5.120000e+00 8.582714e-03 -2.156864e+02
5.120000e+00 9.267624e-03 -2.191704e+02
5.120000e+00 1.000719e-02 -2.216095e+02
5.120000e+00 1.080577e-02 -2.228622e+02
5.120000e+00 1.166809e-02 -2.228022e+02
5.120000e+00 1.259921e-02 -2.213168e+02
5.120000e+00 1.360464e-02 -2.183160e+02
5.120000e+00 1.469030e-02 -2.137466e+02
5.120000e+00 1.586261e-02 -2.076197e+02
5.120000e+00 1.712846e-02 -2.000077e+02
5.120000e+00 1.849533e-02 -1.910301e+02
5.120000e+00 1.997127e-02 -1.809458e+02
5.120000e+00 2.156500e-02 -1.701012e+02
5.120000e+00 2.328591e-02 -1.588309e+02
5.120000e+00 2.514415e-02 -1.475942e+02
5.120000e+00 2.715068e-02 -1.368816e+02
5.120000e+00 2.931733e-02 -1.270613e+02
5.120000e+00 3.165689e-02 -1.184032e+02
5.120000e+00 3.418314e-02 -1.110695e+02
5.120000e+00 3.691099e-02 -1.049470e+02
5.120000e+00 3.985652e-02 -9.966470e+01
5.120000e+00 4.303711e-02 -9.460057e+01
5.120000e+00 4.647152e-02 -8.899938e+01
5.120000e+00 5.017999e-02 -8.221907e+01
5.120000e+00 5.418441e-02 -7.425126e+01
5.120000e+00 5.850838e-02 -6.576001e+01
5.120000e+00 6.317741e-02 -5.659114e+01
5.120000e+00 6.821903e-02 -4.669059e+01
5.120000e+00 7.366298e-02 -3.653827e+01
5.120000e+00 7.954136e-02 -3.107250e+01
5.120000e+00 8.588885e-02 -2.517055e+01
5.120000e+00 9.274286e-02 -1.879762e+01
5.120000e+00 1.001438e-01 -1.191613e+01
5.120000e+00 1.081354e-01 -8.930512e+00
5.120000e+00 1.167647e-01 -7.827362e+00
5.120000e+00 1.260827e-01 -6.636180e+00
5.120000e+00 1.361442e-01 -5.349941e+00
5.120000e+00 1.470087e-01 -4.135611e+00
5.120000e+00 1.587401e-01 -3.567939e+00
5.120000e+00 1.714077e-01 -2.954967e+00
5.120000e+00 1.850862e-01 -2.293078e+00
5.120000e+00 1.998563e-01 -1.578370e+00
5.120000e+00 2.158051e-01 -1.321808e+00
5.120000e+00 2.330265e-01 -1.147677e+00
5.120000e+00 2.516223e-01 -9.596498e-01
5.120000e+00 2.717020e-01 -7.566178e-01
5.120000e+00 2.933841e-01 -5.963109e-01
5.120000e+00 3.167964e-01 -4.981039e-01
5.120000e+00 3.420771e-01 -3.920599e-01
5.120000e+00 3.693752e-01 -2.775535e-01
5.120000e+00 3.988518e-01 -1.612671e-01
5.120000e+00 4.306805e-01 -1.389043e-01
5.120000e+00 4.650493e-01 -1.147570e-01
5.120000e+00 5.021607e-01 -8.868271e-02
5.120000e+00 5.422336e-01 -6.052765e-02
5.120000e+00 5.855044e-01 -4.662428e-02
5.120000e+00 6.322283e-01 -3.929982e-02
5.120000e+00 6.826808e-01 -3.139087e-02
5.120000e+00 7.371594e-01 -2.285077e-02
5.120000e+00 7.959855e-01 -1.585405e-02
5.120000e+00 8.595059e-01 -1.353428e-02
5.120000e+00 9.280954e-01 -1.102939e-02
5.120000e+00 1.002158e+00 -8.324605e-03
5.120000e+00 1.082132e+00 -5.403978e-03
5.120000e+00 1.168487e+00 -4.562345e-03
5.120000e+00 1.261733e+00 -3.850467e-03
5.120000e+00 1.362421e+00 -3.081780e-03
5.120000e+00 1.471144e+00 -2.251751e-03
5.120000e+00 1.588542e+00 -1.727279e-03
5.120000e+00 1.715310e+00 -1.486474e-03
5.120000e+00 1.852193e+00 -1.226452e-03
5.120000e+00 2.000000e+00 -9.456809e-04
5.242400e+00 1.000000e-03 -1.556923e+02
5.242400e+00 1.079801e-03 -1.669152e+02
5.242400e+00 1.165970e-03 -1.788463e+02
5.242400e+00 1.259016e-03 -1.915129e+02
5.242400e+00 1.359487e-03 -2.049402e+02
5.242400e+00 1.467975e-03 -2.191515e+02
5.242400e+00 1.585121e-03 -2.341658e+02
5.242400e+00 1.711615e-03 -2.499977e+02
5.242400e+00 1.848204e-03 -2.666571e+02
5.242400e+00 1.995693e-03 -2.841465e+02
5.242400e+00 2.154951e-03 -3.024599e+02
5.242400e+00 2.326918e-03 -3.215831e+02
5.242400e+00 2.512609e-03 -3.414911e+02
5.242400e+00 2.713117e-03 -3.621459e+02
5.242400e+00 2.929627e-03 -3.834981e+02
5.242400e+00 3.163414e-03 -4.054810e+02
5.242400e+00 3.415858e-03 -4.280099e+02
5.242400e+00 3.688447e-03 -4.509836e+02
5.242400e+00 3.982789e-03 -4.742780e+02
5.242400e+00 4.300619e-03 -4.977445e+02
5.242400e+00 4.643813e-03 -5.212146e+02
5.242400e+00 5.014394e-03 -5.444887e+02
5.242400e+00 5.414548e-03 -5.673367e+02
5.242400e+00 5.846635e-03 -5.895067e+02
5.242400e+00 6.313202e-03 -6.107085e+02
5.242400e+00 6.817002e-03 -6.306168e+02
5.242400e+00 7.361006e-03 -6.488895e+02
5.242400e+00 7.948422e-03 -6.651427e+02
5.242400e+00 8.582714e-03 -6.789602e+02
5.242400e+00 9.267624e-03 -6.899277e+02
5.242400e+00 1.000719e-02 -6.976058e+02
5.242400e+00 1.080577e-02 -7.015495e+02
5.242400e+00 1.166809e-02 -7.013606e+02
5.242400e+00 1.259921e-02 -6.966849e+02
5.242400e+00 1.360464e-02 -6.872386e+02
5.242400e+00 1.469030e-02 -6.728545e+02
5.242400e+00 1.586261e-02 -6.535678e+02
5.242400e+00 1.712846e-02 -6.296058e+02
5.242400e+00 1.849533e-02 -6.013453e+02
5.242400e+00 1.997127e-02 -5.696008e+02
5.242400e+00 2.156500e-02 -5.354631e+02
5.242400e+00 2.328591e-02 -4.999851e+02
5.242400e+00 2.514415e-02 -4.646130e+02
5.242400e+00 2.715068e-02 -4.308908e+02
5.242400e+00 2.931733e-02 -3.999774e+02
5.242400e+00 3.165689e-02 -3.727223e+02
5.242400e+00 3.418314e-02 -3.496367e+02
5.242400e+00 3.691099e-02 -3.303634e+02
5.242400e+00 3.985652e-02 -3.137354e+02
5.242400e+00 4.303711e-02 -2.977940e+02
5.242400e+00 4.647152e-02 -2.801619e+02
5.242400e+00 5.017999e-02 -2.588181e+02
5.242400e+00 5.418441e-02 -2.345904e+02
5.242400e+00 5.850838e-02 -2.102392e+02
5.242400e+00 6.317741e-02 -1.839448e+02
5.242400e+00 6.821903e-02 -1.555520e+02
5.242400e+00 7.366298e-02 -1.261936e+02
5.242400e+00 7.954136e-02 -1.077674e+02
5.242400e+00 8.588885e-02 -8.787084e+01
5.242400e+00 9.274286e-02 -6.638649e+01
5.242400e+00 1.001438e-01 -4.318766e+01
5.242400e+00 1.081354e-01 -3.296269e+01
5.242400e+00 1.167647e-01 -2.899484e+01
5.242400e+00 1.260827e-01 -2.471035e+01
5.242400e+00 1.361442e-01 -2.008396e+01
5.242400e+00 1.470087e-01 -1.568172e+01
5.242400e+00 1.587401e-01 -1.345575e+01
5.242400e+00 1.714077e-01 -1.105214e+01
5.242400e+00 1.850862e-01 -8.456717e+00
5.242400e+00 1.998563e-01 -5.654179e+00
5.242400e+00 2.158051e-01 -4.645540e+00
5.242400e+00 2.330265e-01 -3.959404e+00
5.242400e+00 2.516223e-01 -3.218513e+00
5.242400e+00 2.717020e-01 -2.418498e+00
5.242400e+00 2.933841e-01 -1.826530e+00
5.242400e+00 3.167964e-01 -1.532875e+00
5.242400e+00 3.420771e-01 -1.215785e+00
5.242400e+00 3.693752e-01 -8.733921e-01
5.242400e+00 3.988518e-01 -5.253804e-01
5.242400e+00 4.306805e-01 -4.540448e-01
5.242400e+00 4.650493e-01 -3.770166e-01
5.242400e+00 5.021607e-01 -2.938414e-01
5.242400e+00 5.422336e-01 -2.040288e-01
5.242400e+00 5.855044e-01 -1.586406e-01
5.242400e+00 6.322283e-01 -1.336723e-01
5.242400e+00 6.826808e-01 -1.067116e-01
5.242400e+00 7.371594e-01 -7.759933e-02
5.242400e+00 7.959855e-01 -5.377369e-02
5.242400e+00 8.595059e-01 -4.595312e-02
5.242400e+00 9.280954e-01 -3.750846e-02
5.242400e+00 1.002158e+00 -2.838991e-02
5.242400e+00 1.082132e+00 -1.854368e-02
5.242400e+00 1.168487e+00 -1.562497e-02
5.242400e+00 1.261733e+00 -1.313027e-02
5.242400e+00 1.362421e+00 -1.043650e-02
5.242400e+00 1.471144e+00 -7.527761e-03
5.242400e+00 1.588542e+00 -5.711511e-03
5.242400e+00 1.715310e+00 -4.910071e-03
5.242400e+00 1.852193e+00 -4.044676e-03
5.242400e+00 2.000000e+00 -3.110221e-03
5.367248e+00 1.000000e-03 -2.878497e+02
5.367248e+00 1.079801e-03 -3.086018e+02
5.367248e+00 1.165970e-03 -3.306633e+02
5.367248e+00 1.259016e-03 -3.540847e+02
5.367248e+00 1.359487e-03 -3.789127e+02
5.367248e+00 1.467975e-03 -4.051898e+02
5.367248e+00 1.585121e-03 -4.329518e+02
5.367248e+00 1.711615e-03 -4.622252e+02
5.367248e+00 1.848204e-03 -4.930288e+02
5.367248e+00 1.995693e-03 -5.253670e+02
5.367248e+00 2.154951e-03 -5.592286e+02
5.367248e+00 2.326918e-03 -5.945877e+02
5.367248e+00 2.512609e-03 -6.313976e+02
5.367248e+00 2.713117e-03 -6.695884e+02
5.367248e+00 2.929627e-03 -7.090685e+02
5.367248e+00 3.163414e-03 -7.497148e+02
5.367248e+00 3.415858e-03 -7.913705e+02
5.367248e+00 3.688447e-03 -8.338488e+02
5.367248e+00 3.982789e-03 -8.769198e+02
5.367248e+00 4.300619e-03 -9.203090e+02
5.367248e+00 4.643813e-03 -9.637049e+02
5.367248e+00 5.014394e-03 -1.006738e+03
5.367248e+00 5.414548e-03 -1.048984e+03
5.367248e+00 5.846635e-03 -1.089976e+03
5.367248e+00 6.313202e-03 -1.129178e+03
5.367248e+00 6.817002e-03 -1.165988e+03
5.367248e+00 7.361006e-03 -1.199774e+03
5.367248e+00 7.948422e-03 -1.229826e+03
5.367248e+00 8.582714e-03 -1.255374e+03
5.367248e+00 9.267624e-03 -1.275653e+03
5.367248e+00 1.000719e-02 -1.289849e+03
5.367248e+00 1.080577e-02 -1.297142e+03
5.367248e+00 1.166809e-02 -1.296792e+03
5.367248e+00 1.259921e-02 -1.288147e+03
5.367248e+00 1.360464e-02 -1.270682e+03
5.367248e+00 1.469030e-02 -1.244086e+03
5.367248e+00 1.586261e-02 -1.208425e+03
5.367248e+00 1.712846e-02 -1.164121e+03
5.367248e+00 1.849533e-02 -1.111868e+03
5.367248e+00 1.997127e-02 -1.053173e+03
5.367248e+00 2.156500e-02 -9.900540e+02
5.367248e+00 2.328591e-02 -9.244563e+02
5.367248e+00 2.514415e-02 -8.590545e+02
5.367248e+00 2.715068e-02 -7.967032e+02
5.367248e+00 2.931733e-02 -7.395453e+02
5.367248e+00 3.165689e-02 -6.891516e+02
5.367248e+00 3.418314e-02 -6.464669e+02
5.367248e+00 3.691099e-02 -6.108313e+02
5.367248e+00 3.985652e-02 -5.800866e+02
5.367248e+00 4.303711e-02 -5.506114e+02
5.367248e+00 4.647152e-02 -5.180104e+02
5.367248e+00 5.017999e-02 -4.785463e+02
5.367248e+00 5.418441e-02 -4.365496e+02
5.367248e+00 5.850838e-02 -3.993201e+02
5.367248e+00 6.317741e-02 -3.591197e+02
5.367248e+00 6.821903e-02 -3.157112e+02
5.367248e+00 7.366298e-02 -2.697710e+02
5.367248e+00 7.954136e-02 -2.296846e+02
5.367248e+00 8.588885e-02 -1.863992e+02
5.367248e+00 9.274286e-02 -1.396596e+02
5.367248e+00 1.001438e-01 -8.919009e+01
5.367248e+00 1.081354e-01 -6.709291e+01
5.367248e+00 1.167647e-01 -5.869034e+01
5.367248e+00 1.260827e-01 -4.961723e+01
5.367248e+00 1.361442e-01 -3.982007e+01
5.367248e+00 1.470087e-01 -3.062179e+01
5.367248e+00 1.587401e-01 -2.657096e+01
5.367248e+00 1.714077e-01 -2.219687e+01
5.367248e+00 1.850862e-01 -1.747372e+01
5.367248e+00 1.998563e-01 -1.237366e+01
5.367248e+00 2.158051e-01 -1.027045e+01
5.367248e+00 2.330265e-01 -8.679290e+00
5.367248e+00 2.516223e-01 -6.961154e+00
5.367248e+00 2.717020e-01 -5.105910e+00
5.367248e+00 2.933841e-01 -3.775472e+00
5.367248e+00 3.167964e-01 -3.194020e+00
5.367248e+00 3.420771e-01 -2.566168e+00
5.367248e+00 3.693752e-01 -1.888212e+00
5.367248e+00 3.988518e-01 -1.197686e+00
5.367248e+00 4.306805e-01 -1.034599e+00
5.367248e+00 4.650493e-01 -8.584979e-01
5.367248e+00 5.021607e-01 -6.683436e-01
5.367248e+00 5.422336e-01 -4.630148e-01
5.367248e+00 5.855044e-01 -3.590024e-01
5.367248e+00 6.322283e-01 -3.015397e-01
5.367248e+00 6.826808e-01 -2.394914e-01
5.367248e+00 7.371594e-01 -1.724916e-01
5.367248e+00 7.959855e-01 -1.178987e-01
5.367248e+00 8.595059e-01 -1.007243e-01
5.367248e+00 9.280954e-01 -8.217948e-02
5.367248e+00 1.002158e+00 -6.215473e-02
5.367248e+00 1.082132e+00 -4.053198e-02
5.367248e+00 1.168487e+00 -3.410645e-02
5.367248e+00 1.261733e+00 -2.860947e-02
5.367248e+00 1.362421e+00 -2.267382e-02
5.367248e+00 1.471144e+00 -1.626450e-02
5.367248e+00 1.588542e+00 -1.228103e-02
5.367248e+00 1.715310e+00 -1.055140e-02
5.367248e+00 1.852193e+00 -8.683744e-03
5.367248e+00 2.000000e+00 -6.667048e-03
5.494593e+00 1.000000e-03 -4.468165e+02
5.494593e+00 1.079801e-03 -4.790334e+02
5.494593e+00 1.165970e-03 -5.132832e+02
5.494593e+00 1.259016e-03 -5.496441e+02
5.494593e+00 1.359487e-03 -5.881882e+02
5.494593e+00 1.467975e-03 -6.289819e+02
5.494593e+00 1.585121e-03 -6.720802e+02
5.494593e+00 1.711615e-03 -7.175248e+02
5.494593e+00 1.848204e-03 -7.653446e+02
5.494593e+00 1.995693e-03 -8.155468e+02
5.494593e+00 2.154951e-03 -8.681139e+02
5.494593e+00 2.326918e-03 -9.230056e+02
5.494593e+00 2.512609e-03 -9.801493e+02
5.494593e+00 2.713117e-03 -1.039437e+03
5.494593e+00 2.929627e-03 -1.100725e+03
5.494593e+00 3.163414e-03 -1.163825e+03
5.494593e+00 3.415858e-03 -1.228491e+03
5.494593e+00 3.688447e-03 -1.294433e+03
5.494593e+00 3.982789e-03 -1.361296e+03
5.494593e+00 4.300619e-03 -1.428653e+03
5.494593e+00 4.643813e-03 -1.496020e+03
5.494593e+00 5.014394e-03 -1.562825e+03
5.494593e+00 5.414548e-03 -1.628406e+03
5.494593e+00 5.846635e-03 -1.692042e+03
5.494593e+00 6.313202e-03 -1.752898e+03
5.494593e+00 6.817002e-03 -1.810042e+03
5.494593e+00 7.361006e-03 -1.862491e+03
5.494593e+00 7.948422e-03 -1.909142e+03
5.494593e+00 8.582714e-03 -1.948803e+03
5.494593e+00 9.267624e-03 -1.980283e+03
5.494593e+00 1.000719e-02 -2.002322e+03
5.494593e+00 1.080577e-02 -2.013643e+03
5.494593e+00 1.166809e-02 -2.013101e+03
5.494593e+00 1.259921e-02 -1.999681e+03
5.494593e+00 1.360464e-02 -1.972568e+03
5.494593e+00 1.469030e-02 -1.931282e+03
5.494593e+00 1.586261e-02 -1.875923e+03
5.494593e+00 1.712846e-02 -1.807146e+03
5.494593e+00 1.849533e-02 -1.726031e+03
5.494593e+00 1.997127e-02 -1.634915e+03
5.494593e+00 2.156500e-02 -1.536930e+03
5.494593e+00 2.328591e-02 -1.435098e+03
5.494593e+00 2.514415e-02 -1.333571e+03
5.494593e+00 2.715068e-02 -1.236778e+03
5.494593e+00 2.931733e-02 -1.148048e+03
5.494593e+00 3.165689e-02 -1.069818e+03
5.494593e+00 3.418314e-02 -1.003556e+03
5.494593e+00 3.691099e-02 -9.482364e+02
5.494593e+00 3.985652e-02 -9.005092e+02
5.494593e+00 4.303711e-02 -8.547529e+02
5.494593e+00 4.647152e-02 -8.041440e+02
5.494593e+00 5.017999e-02 -7.428812e+02
5.494593e+00 5.418441e-02 -6.783064e+02
5.494593e+00 5.850838e-02 -6.222381e+02
5.494593e+00 6.317741e-02 -5.616954e+02
5.494593e+00 6.821903e-02 -4.963214e+02
5.494593e+00 7.366298e-02 -4.271762e+02
5.494593e+00 7.954136e-02 -3.672761e+02
5.494593e+00 8.588885e-02 -3.025959e+02
5.494593e+00 9.274286e-02 -2.327542e+02
5.494593e+00 1.001438e-01 -1.573390e+02
5.494593e+00 1.081354e-01 -1.220976e+02
5.494593e+00 1.167647e-01 -1.060821e+02
5.494593e+00 1.260827e-01 -8.878856e+01
5.494593e+00 1.361442e-01 -7.011498e+01
5.494593e+00 1.470087e-01 -5.275235e+01
5.494593e+00 1.587401e-01 -4.593644e+01
5.494593e+00 1.714077e-01 -3.857660e+01
5.494593e+00 1.850862e-01 -3.062944e+01
5.494593e+00 1.998563e-01 -2.204809e+01
5.494593e+00 2.158051e-01 -1.834395e+01
5.494593e+00 2.330265e-01 -1.545519e+01
5.494593e+00 2.516223e-01 -1.233591e+01
5.494593e+00 2.717020e-01 -8.967710e+00
5.494593e+00 2.933841e-01 -6.578798e+00
5.494593e+00 3.167964e-01 -5.585468e+00
5.494593e+00 3.420771e-01 -4.512870e+00
5.494593e+00 3.693752e-01 -3.354677e+00
5.494593e+00 3.988518e-01 -2.173779e+00
5.494593e+00 4.306805e-01 -1.876574e+00
5.494593e+00 4.650493e-01 -1.555652e+00
5.494593e+00 5.021607e-01 -1.209120e+00
5.494593e+00 5.422336e-01 -8.349341e-01
5.494593e+00 5.855044e-01 -6.463615e-01
5.494593e+00 6.322283e-01 -5.431530e-01
5.494593e+00 6.826808e-01 -4.317085e-01
5.494593e+00 7.371594e-01 -3.113705e-01
5.494593e+00 7.959855e-01 -2.131639e-01
5.494593e+00 8.595059e-01 -1.817939e-01
5.494593e+00 9.280954e-01 -1.479205e-01
5.494593e+00 1.002158e+00 -1.113439e-01
5.494593e+00 1.082132e+00 -7.184857e-02
5.494593e+00 1.168487e+00 -6.031475e-02
5.494593e+00 1.261733e+00 -5.051043e-02
5.494593e+00 1.362421e+00 -3.992372e-02
5.494593e+00 1.471144e+00 -2.849218e-02
5.494593e+00 1.588542e+00 -2.140736e-02
5.494593e+00 1.715310e+00 -1.836160e-02
5.494593e+00 1.852193e+00 -1.507278e-02
5.494593e+00 2.000000e+00 -1.152151e-02
5.624485e+00 1.000000e-03 -5.938036e+02
5.624485e+00 1.079801e-03 -6.366247e+02
5.624485e+00 1.165970e-03 -6.821479e+02
5.624485e+00 1.259016e-03 -7.304769e+02
5.624485e+00 1.359487e-03 -7.817074e+02
5.624485e+00 1.467975e-03 -8.359274e+02
5.624485e+00 1.585121e-03 -8.932100e+02
5.624485e+00 1.711615e-03 -9.536108e+02
5.624485e+00 1.848204e-03 -1.017168e+03
5.624485e+00 1.995693e-03 -1.083892e+03
5.624485e+00 2.154951e-03 -1.153759e+03
5.624485e+00 2.326918e-03 -1.226716e+03
5.624485e+00 2.512609e-03 -1.302665e+03
5.624485e+00 2.713117e-03 -1.381464e+03
5.624485e+00 2.929627e-03 -1.462922e+03
5.624485e+00 3.163414e-03 -1.546786e+03
5.624485e+00 3.415858e-03 -1.632733e+03
5.624485e+00 3.688447e-03 -1.720377e+03
5.624485e+00 3.982789e-03 -1.809243e+03
5.624485e+00 4.300619e-03 -1.898766e+03
5.624485e+00 4.643813e-03 -1.988302e+03
5.624485e+00 5.014394e-03 -2.077091e+03
5.624485e+00 5.414548e-03 -2.164253e+03
5.624485e+00 5.846635e-03 -2.248830e+03
5.624485e+00 6.313202e-03 -2.329713e+03
5.624485e+00 6.817002e-03 -2.405662e+03
5.624485e+00 7.361006e-03 -2.475370e+03
5.624485e+00 7.948422e-03 -2.537373e+03
5.624485e+00 8.582714e-03 -2.590085e+03
5.624485e+00 9.267624e-03 -2.631925e+03
5.624485e+00 1.000719e-02 -2.661217e+03
5.624485e+00 1.080577e-02 -2.676264e+03
5.624485e+00 1.166809e-02 -2.675545e+03
5.624485e+00 1.259921e-02 -2.657709e+03
5.624485e+00 1.360464e-02 -2.621673e+03
5.624485e+00 1.469030e-02 -2.566801e+03
5.624485e+00 1.586261e-02 -2.493227e+03
5.624485e+00 1.712846e-02 -2.401817e+03
5.624485e+00 1.849533e-02 -2.294010e+03
5.624485e+00 1.997127e-02 -2.172911e+03
5.624485e+00 2.156500e-02 -2.042683e+03
5.624485e+00 2.328591e-02 -1.907342e+03
5.624485e+00 2.514415e-02 -1.772405e+03
5.624485e+00 2.715068e-02 -1.643761e+03
5.624485e+00 2.931733e-02 -1.525833e+03
5.624485e+00 3.165689e-02 -1.421860e+03
5.624485e+00 3.418314e-02 -1.333793e+03
5.624485e+00 3.691099e-02 -1.260270e+03
5.624485e+00 3.985652e-02 -1.196837e+03
5.624485e+00 4.303711e-02 -1.136024e+03
5.624485e+00 4.647152e-02 -1.068761e+03
5.624485e+00 5.017999e-02 -9.873387e+02
5.624485e+00 5.418441e-02 -9.022005e+02
5.624485e+00 5.850838e-02 -8.295918e+02
5.624485e+00 6.317741e-02 -7.511890e+02
5.624485e+00 6.821903e-02 -6.665294e+02
5.624485e+00 7.366298e-02 -5.770862e+02
5.624485e+00 7.954136e-02 -5.006436e+02
5.624485e+00 8.588885e-02 -4.181008e+02
5.624485e+00 9.274286e-02 -3.289710e+02
5.624485e+00 1.001438e-01 -2.327286e+02
5.624485e+00 1.081354e-01 -1.856512e+02
5.624485e+00 1.167647e-01 -1.619379e+02
5.624485e+00 1.260827e-01 -1.363322e+02
5.624485e+00 1.361442e-01 -1.086832e+02
5.624485e+00 1.470087e-01 -8.283216e+01
5.624485e+00 1.587401e-01 -7.197596e+01
5.624485e+00 1.714077e-01 -6.025343e+01
5.624485e+00 1.850862e-01 -4.759543e+01
5.624485e+00 1.998563e-01 -3.392730e+01
5.624485e+00 2.158051e-01 -2.823149e+01
5.624485e+00 2.330265e-01 -2.389143e+01
5.624485e+00 2.516223e-01 -1.920502e+01
5.624485e+00 2.717020e-01 -1.414464e+01
5.624485e+00 2.933841e-01 -1.050979e+01
5.624485e+00 3.167964e-01 -8.909866e+00
5.624485e+00 3.420771e-01 -7.182265e+00
5.624485e+00 3.693752e-01 -5.316799e+00
5.624485e+00 3.988518e-01 -3.415653e+00
5.624485e+00 4.306805e-01 -2.950430e+00
5.624485e+00 4.650493e-01 -2.448082e+00
5.624485e+00 5.021607e-01 -1.905646e+00
5.624485e+00 5.422336e-01 -1.319923e+00
5.624485e+00 5.855044e-01 -1.023317e+00
5.624485e+00 6.322283e-01 -8.595529e-01
5.624485e+00 6.826808e-01 -6.827206e-01
5.624485e+00 7.371594e-01 -4.917770e-01
5.624485e+00 7.959855e-01 -3.359745e-01
5.624485e+00 8.595059e-01 -2.862834e-01
5.624485e+00 9.280954e-01 -2.326268e-01
5.624485e+00 1.002158e+00 -1.746884e-01
5.624485e+00 1.082132e+00 -1.121265e-01
5.624485e+00 1.168487e+00 -9.397710e-02
5.624485e+00 1.261733e+00 -7.858717e-02
5.624485e+00 1.362421e+00 -6.196912e-02
5.624485e+00 1.471144e+00 -4.402493e-02
5.624485e+00 1.588542e+00 -3.293581e-02
5.624485e+00 1.715310e+00 -2.821740e-02
5.624485e+00 1.852193e+00 -2.312246e-02
5.624485e+00 2.000000e+00 -1.762093e-02
5.756975e+00 1.000000e-03 -7.145719e+02
5.756975e+00 1.079801e-03 -7.661094e+02
5.756975e+00 1.165970e-03 -8.208991e+02
5.756975e+00 1.259016e-03 -8.790656e+02
5.756975e+00 1.359487e-03 -9.407238e+02
5.756975e+00 1.467975e-03 -1.005979e+03
5.756975e+00 1.585121e-03 -1.074920e+03
5.756975e+00 1.711615e-03 -1.147614e+03
5.756975e+00 1.848204e-03 -1.224106e+03
5.756975e+00 1.995693e-03 -1.304409e+03
5.756975e+00 2.154951e-03 -1.388494e+03
5.756975e+00 2.326918e-03 -1.476298e+03
5.756975e+00 2.512609e-03 -1.567703e+03
5.756975e+00 2.713117e-03 -1.662537e+03
5.756975e+00 2.929627e-03 -1.760572e+03
5.756975e+00 3.163414e-03 -1.861503e+03
5.756975e+00 3.415858e-03 -1.964939e+03
5.756975e+00 3.688447e-03 -2.070417e+03
5.756975e+00 3.982789e-03 -2.177368e+03
5.756975e+00 4.300619e-03 -2.285107e+03
5.756975e+00 4.643813e-03 -2.392863e+03
5.756975e+00 5.014394e-03 -2.499719e+03
5.756975e+00 5.414548e-03 -2.604618e+03
5.756975e+00 5.846635e-03 -2.706405e+03
5.756975e+00 6.313202e-03 -2.803747e+03
5.756975e+00 6.817002e-03 -2.895150e+03
5.756975e+00 7.361006e-03 -2.979043e+03
5.756975e+00 7.948422e-03 -3.053664e+03
5.756975e+00 8.582714e-03 -3.117101e+03
5.756975e+00 9.267624e-03 -3.167456e+03
5.756975e+00 1.000719e-02 -3.202709e+03
5.756975e+00 1.080577e-02 -3.220818e+03
5.756975e+00 1.166809e-02 -3.219953e+03
5.756975e+00 1.259921e-02 -3.198488e+03
5.756975e+00 1.360464e-02 -3.155121e+03
5.756975e+00 1.469030e-02 -3.089084e+03
5.756975e+00 1.586261e-02 -3.000539e+03
5.756975e+00 1.712846e-02 -2.890530e+03
5.756975e+00 1.849533e-02 -2.760786e+03
5.756975e+00 1.997127e-02 -2.615047e+03
5.756975e+00 2.156500e-02 -2.458321e+03
5.756975e+00 2.328591e-02 -2.295441e+03
5.756975e+00 2.514415e-02 -2.133047e+03
5.756975e+00 2.715068e-02 -1.978228e+03
5.756975e+00 2.931733e-02 -1.836304e+03
5.756975e+00 3.165689e-02 -1.711175e+03
5.756975e+00 3.418314e-02 -1.605188e+03
5.756975e+00 3.691099e-02 -1.516705e+03
5.756975e+00 3.985652e-02 -1.440365e+03
5.756975e+00 4.303711e-02 -1.367178e+03
5.756975e+00 4.647152e-02 -1.286229e+03
5.756975e+00 5.017999e-02 -1.188239e+03
5.756975e+00 5.418441e-02 -1.086691e+03
5.756975e+00 5.850838e-02 -1.001852e+03
5.756975e+00 6.317741e-02 -9.102436e+02
5.756975e+00 6.821903e-02 -8.113244e+02
5.756975e+00 7.366298e-02 -7.069344e+02
5.756975e+00 7.954136e-02 -6.189557e+02
5.756975e+00 8.588885e-02 -5.239562e+02
5.756975e+00 9.274286e-02 -4.213756e+02
5.756975e+00 1.001438e-01 -3.106090e+02
5.756975e+00 1.081354e-01 -2.532813e+02
5.756975e+00 1.167647e-01 -2.210918e+02
5.756975e+00 1.260827e-01 -1.863335e+02
5.756975e+00 1.361442e-01 -1.488015e+02
5.756975e+00 1.470087e-01 -1.136872e+02
5.756975e+00 1.587401e-01 -9.882847e+01
5.756975e+00 1.714077e-01 -8.278401e+01
5.756975e+00 1.850862e-01 -6.545919e+01
5.756975e+00 1.998563e-01 -4.675182e+01
5.756975e+00 2.158051e-01 -3.894827e+01
5.756975e+00 2.330265e-01 -3.299816e+01
5.756975e+00 2.516223e-01 -2.657322e+01
5.756975e+00 2.717020e-01 -1.963556e+01
5.756975e+00 2.933841e-01 -1.464777e+01
5.756975e+00 3.167964e-01 -1.244373e+01
5.756975e+00 3.420771e-01 -1.006380e+01
5.756975e+00 3.693752e-01 -7.493951e+00
5.756975e+00 3.988518e-01 -4.873519e+00
5.756975e+00 4.306805e-01 -4.211017e+00
5.756975e+00 4.650493e-01 -3.495647e+00
5.756975e+00 5.021607e-01 -2.723189e+00
5.756975e+00 5.422336e-01 -1.889089e+00
5.756975e+00 5.855044e-01 -1.465641e+00
5.756975e+00 6.322283e-01 -1.230788e+00
5.756975e+00 6.826808e-01 -9.771937e-01
5.756975e+00 7.371594e-01 -7.033622e-01
5.756975e+00 7.959855e-01 -4.800054e-01
5.756975e+00 8.595059e-01 -4.090149e-01
5.756975e+00 9.280954e-01 -3.323592e-01
5.756975e+00 1.002158e+00 -2.495863e-01
5.756975e+00 1.082132e+00 -1.602081e-01
5.756975e+00 1.168487e+00 -1.341067e-01
5.756975e+00 1.261733e+00 -1.119191e-01
5.756975e+00 1.362421e+00 -8.796092e-02
5.756975e+00 1.471144e+00 -6.209086e-02
5.756975e+00 1.588542e+00 -4.618611e-02
5.756975e+00 1.715310e+00 -3.954468e-02
5.756975e+00 1.852193e+00 -3.237326e-02
5.756975e+00 2.000000e+00 -2.462955e-02
5.892114e+00 1.000000e-03 -7.820744e+02
5.892114e+00 1.079801e-03 -8.384889e+02
5.892114e+00 1.165970e-03 -8.984633e+02
5.892114e+00 1.259016e-03 -9.621338e+02
5.892114e+00 1.359487e-03 -1.029626e+03
5.892114e+00 1.467975e-03 -1.101056e+03
5.892114e+00 1.585121e-03 -1.176519e+03
5.892114e+00 1.711615e-03 -1.256088e+03
5.892114e+00 1.848204e-03 -1.339816e+03
5.892114e+00 1.995693e-03 -1.427714e+03
5.892114e+00 2.154951e-03 -1.519753e+03
5.892114e+00 2.326918e-03 -1.615861e+03
5.892114e+00 2.512609e-03 -1.715912e+03
5.892114e+00 2.713117e-03 -1.819715e+03
5.892114e+00 2.929627e-03 -1.927022e+03
5.892114e+00 3.163414e-03 -2.037498e+03
5.892114e+00 3.415858e-03 -2.150717e+03
5.892114e+00 3.688447e-03 -2.266170e+03
5.892114e+00 3.982789e-03 -2.383235e+03
5.892114e+00 4.300619e-03 -2.501163e+03
5.892114e+00 4.643813e-03 -2.619110e+03
5.892114e+00 5.014394e-03 -2.736071e+03
5.892114e+00 5.414548e-03 -2.850890e+03
5.892114e+00 5.846635e-03 -2.962302e+03
5.892114e+00 6.313202e-03 -3.068849e+03
5.892114e+00 6.817002e-03 -3.168896e+03
5.892114e+00 7.361006e-03 -3.260722e+03
5.892114e+00 7.948422e-03 -3.342399e+03
5.892114e+00 8.582714e-03 -3.411836e+03
5.892114e+00 9.267624e-03 -3.466953e+03
5.892114e+00 1.000719e-02 -3.505541e+03
5.892114e+00 1.080577e-02 -3.525363e+03
5.892114e+00 1.166809e-02 -3.524416e+03
5.892114e+00 1.259921e-02 -3.500922e+03
5.892114e+00 1.360464e-02 -3.453455e+03
5.892114e+00 1.469030e-02 -3.381174e+03
5.892114e+00 1.586261e-02 -3.284257e+03
5.892114e+00 1.712846e-02 -3.163846e+03
5.892114e+00 1.849533e-02 -3.021834e+03
5.892114e+00 1.997127e-02 -2.862315e+03
5.892114e+00 2.156500e-02 -2.690769e+03
5.892114e+00 2.328591e-02 -2.512488e+03
5.892114e+00 2.514415e-02 -2.334739e+03
5.892114e+00 2.715068e-02 -2.165281e+03
5.892114e+00 2.931733e-02 -2.009937e+03
5.892114e+00 3.165689e-02 -1.872977e+03
5.892114e+00 3.418314e-02 -1.756969e+03
5.892114e+00 3.691099e-02 -1.660118e+03
5.892114e+00 3.985652e-02 -1.576560e+03
5.892114e+00 4.303711e-02 -1.496452e+03
5.892114e+00 4.647152e-02 -1.407849e+03
5.892114e+00 5.017999e-02 -1.300594e+03
5.892114e+00 5.418441e-02 -1.190392e+03
5.892114e+00 5.850838e-02 -1.100172e+03
5.892114e+00 6.317741e-02 -1.002752e+03
5.892114e+00 6.821903e-02 -8.975584e+02
5.892114e+00 7.366298e-02 -7.866121e+02
5.892114e+00 7.954136e-02 -6.937911e+02
5.892114e+00 8.588885e-02 -5.935629e+02
5.892114e+00 9.274286e-02 -4.853363e+02
5.892114e+00 1.001438e-01 -3.684732e+02
5.892114e+00 1.081354e-01 -3.056736e+02
5.892114e+00 1.167647e-01 -2.681056e+02
5.892114e+00 1.260827e-01 -2.275396e+02
5.892114e+00 1.361442e-01 -1.837364e+02
5.892114e+00 1.470087e-01 -1.425443e+02
5.892114e+00 1.587401e-01 -1.240780e+02
5.892114e+00 1.714077e-01 -1.041380e+02
5.892114e+00 1.850862e-01 -8.260681e+01
5.892114e+00 1.998563e-01 -5.935741e+01
5.892114e+00 2.158051e-01 -4.953931e+01
5.892114e+00 2.330265e-01 -4.199112e+01
5.892114e+00 2.516223e-01 -3.384058e+01
5.892114e+00 2.717020e-01 -2.503962e+01
5.892114e+00 2.933841e-01 -1.872038e+01
5.892114e+00 3.167964e-01 -1.594357e+01
5.892114e+00 3.420771e-01 -1.294517e+01
5.892114e+00 3.693752e-01 -9.707491e+00
5.892114e+00 3.988518e-01 -6.403735e+00
5.892114e+00 4.306805e-01 -5.533535e+00
5.892114e+00 4.650493e-01 -4.593893e+00
5.892114e+00 5.021607e-01 -3.579265e+00
5.892114e+00 5.422336e-01 -2.483670e+00
5.892114e+00 5.855044e-01 -1.927306e+00
5.892114e+00 6.322283e-01 -1.618574e+00
5.892114e+00 6.826808e-01 -1.285205e+00
5.892114e+00 7.371594e-01 -9.252318e-01
5.892114e+00 7.959855e-01 -6.315423e-01
5.892114e+00 8.595059e-01 -5.379797e-01
5.892114e+00 9.280954e-01 -4.369507e-01
5.892114e+00 1.002158e+00 -3.278596e-01
5.892114e+00 1.082132e+00 -2.100628e-01
5.892114e+00 1.168487e+00 -1.756767e-01
5.892114e+00 1.261733e+00 -1.464513e-01
5.892114e+00 1.362421e+00 -1.148936e-01
5.892114e+00 1.471144e+00 -8.081761e-02
5.892114e+00 1.588542e+00 -5.989310e-02
5.892114e+00 1.715310e+00 -5.119432e-02
5.892114e+00 1.852193e+00 -4.180136e-02
5.892114e+00 2.000000e+00 -3.165883e-02
6.029956e+00 1.000000e-03 -7.875837e+02
6.029956e+00 1.079801e-03 -8.444042e+02
6.029956e+00 1.165970e-03 -9.048105e+02
6.029956e+00 1.259016e-03 -9.689393e+02
6.029956e+00 1.359487e-03 -1.036917e+03
6.029956e+00 1.467975e-03 -1.108860e+03
6.029956e+00 1.585121e-03 -1.184864e+03
6.029956e+00 1.711615e-03 -1.265004e+03
6.029956e+00 1.848204e-03 -1.349331e+03
6.029956e+00 1.995693e-03 -1.437859e+03
6.029956e+00 2.154951e-03 -1.530556e+03
6.029956e+00 2.326918e-03 -1.627353e+03
6.029956e+00 2.512609e-03 -1.728119e+03
6.029956e+00 2.713117e-03 -1.832665e+03
6.029956e+00 2.929627e-03 -1.940739e+03
6.029956e+00 3.163414e-03 -2.052005e+03
6.029956e+00 3.415858e-03 -2.166033e+03
6.029956e+00 3.688447e-03 -2.282311e+03
6.029956e+00 3.982789e-03 -2.400212e+03
6.029956e+00 4.300619e-03 -2.518983e+03
6.029956e+00 4.643813e-03 -2.637772e+03
6.029956e+00 5.014394e-03 -2.755568e+03
6.029956e+00 5.414548e-03 -2.871207e+03
6.029956e+00 5.846635e-03 -2.983415e+03
6.029956e+00 6.313202e-03 -3.090723e+03
6.029956e+00 6.817002e-03 -3.191484e+03
6.029956e+00 7.361006e-03 -3.283966e+03
6.029956e+00 7.948422e-03 -3.366226e+03
6.029956e+00 8.582714e-03 -3.436159e+03
6.029956e+00 9.267624e-03 -3.491669e+03
6.029956e+00 1.000719e-02 -3.530533e+03
6.029956e+00 1.080577e-02 -3.550498e+03
6.029956e+00 1.166809e-02 -3.549545e+03
6.029956e+00 1.259921e-02 -3.525884e+03
6.029956e+00 1.360464e-02 -3.478078e+03
6.029956e+00 1.469030e-02 -3.405282e+03
6.029956e+00 1.586261e-02 -3.307674e+03
6.029956e+00 1.712846e-02 -3.186405e+03
6.029956e+00 1.849533e-02 -3.043381e+03
6.029956e+00 1.997127e-02 -2.882725e+03
6.029956e+00 2.156500e-02 -2.709956e+03
6.029956e+00 2.328591e-02 -2.530403e+03
6.029956e+00 2.514415e-02 -2.351387e+03
6.029956e+00 2.715068e-02 -2.180720e+03
6.029956e+00 2.931733e-02 -2.024269e+03
6.029956e+00 3.165689e-02 -1.886332e+03
6.029956e+00 3.418314e-02 -1.769497e+03
6.029956e+00 3.691099e-02 -1.671956e+03
6.029956e+00 3.985652e-02 -1.587802e+03
6.029956e+00 4.303711e-02 -1.507123e+03
6.029956e+00 4.647152e-02 -1.417888e+03
6.029956e+00 5.017999e-02 -1.309868e+03
6.029956e+00 5.418441e-02 -1.201613e+03
6.029956e+00 5.850838e-02 -1.118360e+03
6.029956e+00 6.317741e-02 -1.028463e+03
6.029956e+00 6.821903e-02 -9.313920e+02
6.029956e+00 7.366298e-02 -8.283851e+02
6.029956e+00 7.954136e-02 -7.356439e+02
6.029956e+00 8.588885e-02 -6.355019e+02
6.029956e+00 9.274286e-02 -5.273684e+02
6.029956e+00 1.001438e-01 -4.106058e+02
6.029956e+00 1.081354e-01 -3.458446e+02
6.029956e+00 1.167647e-01 -3.051709e+02
6.029956e+00 1.260827e-01 -2.612513e+02
6.029956e+00 1.361442e-01 -2.138269e+02
6.029956e+00 1.470087e-01 -1.688980e+02
6.029956e+00 1.587401e-01 -1.471348e+02
6.029956e+00 1.714077e-01 -1.236350e+02
6.029956e+00 1.850862e-01 -9.825985e+01
6.029956e+00 1.998563e-01 -7.085974e+01
6.029956e+00 2.158051e-01 -5.922425e+01
6.029956e+00 2.330265e-01 -5.024589e+01
6.029956e+00 2.516223e-01 -4.055104e+01
6.029956e+00 2.717020e-01 -3.008253e+01
6.029956e+00 2.933841e-01 -2.256620e+01
6.029956e+00 3.167964e-01 -1.926383e+01
6.029956e+00 3.420771e-01 -1.569792e+01
6.029956e+00 3.693752e-01 -1.184745e+01
6.029956e+00 3.988518e-01 -7.915741e+00
6.029956e+00 4.306805e-01 -6.840739e+00
6.029956e+00 4.650493e-01 -5.679951e+00
6.029956e+00 5.021607e-01 -4.426530e+00
6.029956e+00 5.422336e-01 -3.073085e+00
6.029956e+00 5.855044e-01 -2.385671e+00
6.029956e+00 6.322283e-01 -2.004109e+00
6.029956e+00 6.826808e-01 -1.592097e+00
6.029956e+00 7.371594e-01 -1.147207e+00
6.029956e+00 7.959855e-01 -7.840265e-01
6.029956e+00 8.595059e-01 -6.676751e-01
6.029956e+00 9.280954e-01 -5.420388e-01
6.029956e+00 1.002158e+00 -4.063766e-01
6.029956e+00 1.082132e+00 -2.598884e-01
6.029956e+00 1.168487e+00 -2.172410e-01
6.029956e+00 1.261733e+00 -1.810300e-01
6.029956e+00 1.362421e+00 -1.419294e-01
6.029956e+00 1.471144e+00 -9.970849e-02
6.029956e+00 1.588542e+00 -7.375325e-02
6.029956e+00 1.715310e+00 -6.291794e-02
6.029956e+00 1.852193e+00 -5.121796e-02
6.029956e+00 2.000000e+00 -3.858431e-02
6.170555e+00 1.000000e-03 -7.680984e+02
6.170555e+00 1.079801e-03 -8.235219e+02
6.170555e+00 1.165970e-03 -8.824431e+02
6.170555e+00 1.259016e-03 -9.449952e+02
6.170555e+00 1.359487e-03 -1.011301e+03
6.170555e+00 1.467975e-03 -1.081474e+03
6.170555e+00 1.585121e-03 -1.155608e+03
6.170555e+00 1.711615e-03 -1.233775e+03
6.170555e+00 1.848204e-03 -1.316026e+03
6.170555e+00 1.995693e-03 -1.402374e+03
6.170555e+00 2.154951e-03 -1.492789e+03
6.170555e+00 2.326918e-03 -1.587201e+03
6.170555e+00 2.512609e-03 -1.685486e+03
6.170555e+00 2.713117e-03 -1.787457e+03
6.170555e+00 2.929627e-03 -1.892869e+03
6.170555e+00 3.163414e-03 -2.001393e+03
6.170555e+00 3.415858e-03 -2.112611e+03
6.170555e+00 3.688447e-03 -2.226025e+03
6.170555e+00 3.982789e-03 -2.341021e+03
6.170555e+00 4.300619e-03 -2.456865e+03
6.170555e+00 4.643813e-03 -2.572727e+03
6.170555e+00 5.014394e-03 -2.687620e+03
6.170555e+00 5.414548e-03 -2.800410e+03
6.170555e+00 5.846635e-03 -2.909852e+03
6.170555e+00 6.313202e-03 -3.014516e+03
6.170555e+00 6.817002e-03 -3.112793e+03
6.170555e+00 7.361006e-03 -3.202995e+03
6.170555e+00 7.948422e-03 -3.283228e+03
6.170555e+00 8.582714e-03 -3.351438e+03
6.170555e+00 9.267624e-03 -3.405581e+03
6.170555e+00 1.000719e-02 -3.443488e+03
6.170555e+00 1.080577e-02 -3.462961e+03
6.170555e+00 1.166809e-02 -3.462033e+03
6.170555e+00 1.259921e-02 -3.438955e+03
6.170555e+00 1.360464e-02 -3.392328e+03
6.170555e+00 1.469030e-02 -3.321327e+03
6.170555e+00 1.586261e-02 -3.226126e+03
6.170555e+00 1.712846e-02 -3.107847e+03
6.170555e+00 1.849533e-02 -2.968349e+03
6.170555e+00 1.997127e-02 -2.811654e+03
6.170555e+00 2.156500e-02 -2.643145e+03
6.170555e+00 2.328591e-02 -2.468019e+03
6.170555e+00 2.514415e-02 -2.293416e+03
6.170555e+00 2.715068e-02 -2.126957e+03
6.170555e+00 2.931733e-02 -1.974363e+03
6.170555e+00 3.165689e-02 -1.839827e+03
6.170555e+00 3.418314e-02 -1.725872e+03
6.170555e+00 3.691099e-02 -1.630735e+03
6.170555e+00 3.985652e-02 -1.548656e+03
6.170555e+00 4.303711e-02 -1.469966e+03
6.170555e+00 4.647152e-02 -1.382931e+03
6.170555e+00 5.017999e-02 -1.277574e+03
6.170555e+00 5.418441e-02 -1.173867e+03
6.170555e+00 5.850838e-02 -1.097896e+03
6.170555e+00 6.317741e-02 -1.015862e+03
6.170555e+00 6.821903e-02 -9.272819e+02
6.170555e+00 7.366298e-02 -8.329022e+02
6.170555e+00 7.954136e-02 -7.439511e+02
6.170555e+00 8.588885e-02 -6.479017e+02
6.170555e+00 9.274286e-02 -5.441875e+02
6.170555e+00 1.001438e-01 -4.321967e+02
6.170555e+00 1.081354e-01 -3.680913e+02
6.170555e+00 1.167647e-01 -3.259802e+02
6.170555e+00 1.260827e-01 -2.805086e+02
6.170555e+00 1.361442e-01 -2.314083e+02
6.170555e+00 1.470087e-01 -1.847465e+02
6.170555e+00 1.587401e-01 -1.614398e+02
6.170555e+00 1.714077e-01 -1.362733e+02
6.170555e+00 1.850862e-01 -1.090983e+02
6.170555e+00 1.998563e-01 -7.975483e+01
6.170555e+00 2.158051e-01 -6.696797e+01
6.170555e+00 2.330265e-01 -5.693551e+01
6.170555e+00 2.516223e-01 -4.610246e+01
6.170555e+00 2.717020e-01 -3.440491e+01
6.170555e+00 2.933841e-01 -2.597480e+01
6.170555e+00 3.167964e-01 -2.221103e+01
6.170555e+00 3.420771e-01 -1.814691e+01
6.170555e+00 3.693752e-01 -1.375847e+01
6.170555e+00 3.988518e-01 -9.275358e+00
6.170555e+00 4.306805e-01 -8.018696e+00
6.170555e+00 4.650493e-01 -6.661752e+00
6.170555e+00 5.021607e-01 -5.196522e+00
6.170555e+00 5.422336e-01 -3.614366e+00
6.170555e+00 5.855044e-01 -2.809108e+00
6.170555e+00 6.322283e-01 -2.360469e+00
6.170555e+00 6.826808e-01 -1.876028e+00
6.170555e+00 7.371594e-01 -1.352928e+00
6.170555e+00 7.959855e-01 -9.257571e-01
6.170555e+00 8.595059e-01 -7.884537e-01
6.170555e+00 9.280954e-01 -6.401933e-01
6.170555e+00 1.002158e+00 -4.801016e-01
6.170555e+00 1.082132e+00 -3.072344e-01
6.170555e+00 1.168487e+00 -2.566767e-01
6.170555e+00 1.261733e+00 -2.136766e-01
6.170555e+00 1.362421e+00 -1.672450e-01
6.170555e+00 1.471144e+00 -1.171081e-01
6.170555e+00 1.588542e+00 -8.633123e-02
6.170555e+00 1.715310e+00 -7.355192e-02
6.170555e+00 1.852193e+00 -5.975281e-02
6.170555e+00 2.000000e+00 -4.485252e-02
6.313967e+00 1.000000e-03 -7.357407e+02
6.313967e+00 1.079801e-03 -7.888379e+02
6.313967e+00 1.165970e-03 -8.452862e+02
6.313967e+00 1.259016e-03 -9.052130e+02
6.313967e+00 1.359487e-03 -9.687360e+02
6.313967e+00 1.467975e-03 -1.035963e+03
6.313967e+00 1.585121e-03 -1.106983e+03
6.313967e+00 1.711615e-03 -1.181867e+03
6.313967e+00 1.848204e-03 -1.260663e+03
6.313967e+00 1.995693e-03 -1.343384e+03
6.313967e+00 2.154951e-03 -1.430000e+03
6.313967e+00 2.326918e-03 -1.520446e+03
6.313967e+00 2.512609e-03 -1.614602e+03
6.313967e+00 2.713117e-03 -1.712288e+03
6.313967e+00 2.929627e-03 -1.813271e+03
6.313967e+00 3.163414e-03 -1.917235e+03
6.313967e+00 3.415858e-03 -2.023780e+03
6.313967e+00 3.688447e-03 -2.132428e+03
6.313967e+00 3.982789e-03 -2.242590e+03
6.313967e+00 4.300619e-03 -2.353566e+03
6.313967e+00 4.643813e-03 -2.464559e+03
6.313967e+00 5.014394e-03 -2.574624e+03
6.313967e+00 5.414548e-03 -2.682673e+03
6.313967e+00 5.846635e-03 -2.787516e+03
6.313967e+00 6.313202e-03 -2.887780e+03
6.313967e+00 6.817002e-03 -2.981927e+03
6.313967e+00 7.361006e-03 -3.068338e+03
6.313967e+00 7.948422e-03 -3.145199e+03
6.313967e+00 8.582714e-03 -3.210541e+03
6.313967e+00 9.267624e-03 -3.262409e+03
6.313967e+00 1.000719e-02 -3.298724e+03
6.313967e+00 1.080577e-02 -3.317379e+03
6.313967e+00 1.166809e-02 -3.316491e+03
6.313967e+00 1.259921e-02 -3.294384e+03
6.313967e+00 1.360464e-02 -3.249718e+03
6.313967e+00 1.469030e-02 -3.181702e+03
6.313967e+00 1.586261e-02 -3.090503e+03
6.313967e+00 1.712846e-02 -2.977196e+03
6.313967e+00 1.849533e-02 -2.843563e+03
6.313967e+00 1.997127e-02 -2.693455e+03
6.313967e+00 2.156500e-02 -2.532030e+03
6.313967e+00 2.328591e-02 -2.364266e+03
6.313967e+00 2.514415e-02 -2.197004e+03
6.313967e+00 2.715068e-02 -2.037542e+03
6.313967e+00 2.931733e-02 -1.891363e+03
6.313967e+00 3.165689e-02 -1.762483e+03
6.313967e+00 3.418314e-02 -1.653318e+03
6.313967e+00 3.691099e-02 -1.562181e+03
6.313967e+00 3.985652e-02 -1.483553e+03
6.313967e+00 4.303711e-02 -1.408171e+03
6.313967e+00 4.647152e-02 -1.324795e+03
6.313967e+00 5.017999e-02 -1.223867e+03
6.313967e+00 5.418441e-02 -1.125376e+03
6.313967e+00 5.850838e-02 -1.054984e+03
6.313967e+00 6.317741e-02 -9.789750e+02
6.313967e+00 6.821903e-02 -8.969003e+02
6.313967e+00 7.366298e-02 -8.094174e+02
6.313967e+00 7.954136e-02 -7.266078e+02
6.313967e+00 8.588885e-02 -6.371899e+02
6.313967e+00 9.274286e-02 -5.406364e+02
6.313967e+00 1.001438e-01 -4.363778e+02
6.313967e+00 1.081354e-01 -3.751598e+02
6.313967e+00 1.167647e-01 -3.335607e+02
6.313967e+00 1.260827e-01 -2.886420e+02
6.313967e+00 1.361442e-01 -2.401387e+02
6.313967e+00 1.470087e-01 -1.938689e+02
6.313967e+00 1.587401e-01 -1.699091e+02
6.313967e+00 1.714077e-01 -1.440372e+02
6.313967e+00 1.850862e-01 -1.161007e+02
6.313967e+00 1.998563e-01 -8.593489e+01
6.313967e+00 2.158051e-01 -7.246512e+01
6.313967e+00 2.330265e-01 -6.173623e+01
6.313967e+00 2.516223e-01 -5.015117e+01
6.313967e+00 2.717020e-01 -3.764160e+01
6.313967e+00 2.933841e-01 -2.859122e+01
6.313967e+00 3.167964e-01 -2.448375e+01
6.313967e+00 3.420771e-01 -2.004850e+01
6.313967e+00 3.693752e-01 -1.525931e+01
6.313967e+00 3.988518e-01 -1.036521e+01
6.313967e+00 4.306805e-01 -8.969737e+00
6.313967e+00 4.650493e-01 -7.462903e+00
6.313967e+00 5.021607e-01 -5.835822e+00
6.313967e+00 5.422336e-01 -4.078898e+00
6.313967e+00 5.855044e-01 -3.179403e+00
6.313967e+00 6.322283e-01 -2.673033e+00
6.313967e+00 6.826808e-01 -2.126254e+00
6.313967e+00 7.371594e-01 -1.535842e+00
6.313967e+00 7.959855e-01 -1.053304e+00
6.313967e+00 8.595059e-01 -8.969600e-01
6.313967e+00 9.280954e-01 -7.281397e-01
6.313967e+00 1.002158e+00 -5.458472e-01
6.313967e+00 1.082132e+00 -3.490077e-01
6.313967e+00 1.168487e+00 -2.914210e-01
6.313967e+00 1.261733e+00 -2.424369e-01
6.313967e+00 1.362421e+00 -1.895438e-01
6.313967e+00 1.471144e+00 -1.324297e-01
6.313967e+00 1.588542e+00 -9.738427e-02
6.313967e+00 1.715310e+00 -8.285466e-02
6.313967e+00 1.852193e+00 -6.716557e-02
6.313967e+00 2.000000e+00 -5.022448e-02
6.460246e+00 1.000000e-03 -6.855365e+02
6.460246e+00 1.079801e-03 -7.350187e+02
6.460246e+00 1.165970e-03 -7.876241e+02
6.460246e+00 1.259016e-03 -8.434712e+02
6.460246e+00 1.359487e-03 -9.026693e+02
6.460246e+00 1.467975e-03 -9.653185e+02
6.460246e+00 1.585121e-03 -1.031503e+03
6.460246e+00 1.711615e-03 -1.101286e+03
6.460246e+00 1.848204e-03 -1.174715e+03
6.460246e+00 1.995693e-03 -1.251801e+03
6.460246e+00 2.154951e-03 -1.332517e+03
6.460246e+00 2.326918e-03 -1.416802e+03
6.460246e+00 2.512609e-03 -1.504543e+03
6.460246e+00 2.713117e-03 -1.595576e+03
6.460246e+00 2.929627e-03 -1.689679e+03
6.460246e+00 3.163414e-03 -1.786560e+03
6.460246e+00 3.415858e-03 -1.885846e+03
6.460246e+00 3.688447e-03 -1.987091e+03
6.460246e+00 3.982789e-03 -2.089748e+03
6.460246e+00 4.300619e-03 -2.193163e+03
6.460246e+00 4.643813e-03 -2.296593e+03
6.460246e+00 5.014394e-03 -2.399158e+03
6.460246e+00 5.414548e-03 -2.499845e+03
6.460246e+00 5.846635e-03 -2.597545e+03
6.460246e+00 6.313202e-03 -2.690977e+03
6.460246e+00 6.817002e-03 -2.778710e+03
6.460246e+00 7.361006e-03 -2.859233e+03
6.460246e+00 7.948422e-03 -2.930856e+03
6.460246e+00 8.582714e-03 -2.991746e+03
6.460246e+00 9.267624e-03 -3.040080e+03
6.460246e+00 1.000719e-02 -3.073921e+03
6.460246e+00 1.080577e-02 -3.091306e+03
6.460246e+00 1.166809e-02 -3.090479e+03
6.460246e+00 1.259921e-02 -3.069880e+03
6.460246e+00 1.360464e-02 -3.028257e+03
6.460246e+00 1.469030e-02 -2.964876e+03
6.460246e+00 1.586261e-02 -2.879893e+03
6.460246e+00 1.712846e-02 -2.774308e+03
6.460246e+00 1.849533e-02 -2.649782e+03
6.460246e+00 1.997127e-02 -2.509904e+03
6.460246e+00 2.156500e-02 -2.359479e+03
6.460246e+00 2.328591e-02 -2.203148e+03
6.460246e+00 2.514415e-02 -2.047284e+03
6.460246e+00 2.715068e-02 -1.898690e+03
6.460246e+00 2.931733e-02 -1.762472e+03
6.460246e+00 3.165689e-02 -1.642375e+03
6.460246e+00 3.418314e-02 -1.540649e+03
6.460246e+00 3.691099e-02 -1.455723e+03
6.460246e+00 3.985652e-02 -1.382453e+03
6.460246e+00 4.303711e-02 -1.312208e+03
6.460246e+00 4.647152e-02 -1.234514e+03
6.460246e+00 5.017999e-02 -1.140464e+03
6.460246e+00 5.418441e-02 -1.049469e+03
6.460246e+00 5.850838e-02 -9.860594e+02
6.460246e+00 6.317741e-02 -9.175893e+02
6.460246e+00 6.821903e-02 -8.436552e+02
6.460246e+00 7.366298e-02 -7.647981e+02
6.460246e+00 7.954136e-02 -6.896250e+02
6.460246e+00 8.588885e-02 -6.084530e+02
6.460246e+00 9.274286e-02 -5.208033e+02
6.460246e+00 1.001438e-01 -4.261591e+02
6.460246e+00 1.081354e-01 -3.693906e+02
6.460246e+00 1.167647e-01 -3.297657e+02
6.460246e+00 1.260827e-01 -2.869787e+02
6.460246e+00 1.361442e-01 -2.407773e+02
6.460246e+00 1.470087e-01 -1.965213e+02
6.460246e+00 1.587401e-01 -1.727265e+02
6.460246e+00 1.714077e-01 -1.470328e+02
6.460246e+00 1.850862e-01 -1.192888e+02
6.460246e+00 1.998563e-01 -8.933072e+01
6.460246e+00 2.158051e-01 -7.564043e+01
6.460246e+00 2.330265e-01 -6.458455e+01
6.460246e+00 2.516223e-01 -5.264640e+01
6.460246e+00 2.717020e-01 -3.975557e+01
6.460246e+00 2.933841e-01 -3.039723e+01
6.460246e+00 3.167964e-01 -2.608906e+01
6.460246e+00 3.420771e-01 -2.143709e+01
6.460246e+00 3.693752e-01 -1.641389e+01
6.460246e+00 3.988518e-01 -1.127752e+01
6.460246e+00 4.306805e-01 -9.766503e+00
6.460246e+00 4.650493e-01 -8.134904e+00
6.460246e+00 5.021607e-01 -6.373102e+00
6.460246e+00 5.422336e-01 -4.470706e+00
6.460246e+00 5.855044e-01 -3.492813e+00
6.460246e+00 6.322283e-01 -2.938454e+00
6.460246e+00 6.826808e-01 -2.339857e+00
6.460246e+00 7.371594e-01 -1.693491e+00
6.460246e+00 7.959855e-01 -1.164725e+00
6.460246e+00 8.595059e-01 -9.918550e-01
6.460246e+00 9.280954e-01 -8.051902e-01
6.460246e+00 1.002158e+00 -6.036293e-01
6.460246e+00 1.082132e+00 -3.859836e-01
6.460246e+00 1.168487e+00 -3.221957e-01
6.460246e+00 1.261733e+00 -2.679008e-01
6.460246e+00 1.362421e+00 -2.092730e-01
6.460246e+00 1.471144e+00 -1.459668e-01
6.460246e+00 1.588542e+00 -1.071390e-01
6.460246e+00 1.715310e+00 -9.106774e-02
6.460246e+00 1.852193e+00 -7.371401e-02
6.460246e+00 2.000000e+00 -5.497543e-02
6.609451e+00 1.000000e-03 -6.283692e+02
6.609451e+00 1.079801e-03 -6.737327e+02
6.609451e+00 1.165970e-03 -7.219598e+02
6.609451e+00 1.259016e-03 -7.731588e+02
6.609451e+00 1.359487e-03 -8.274296e+02
6.609451e+00 1.467975e-03 -8.848637e+02
6.609451e+00 1.585121e-03 -9.455379e+02
6.609451e+00 1.711615e-03 -1.009512e+03
6.609451e+00 1.848204e-03 -1.076826e+03
6.609451e+00 1.995693e-03 -1.147493e+03
6.609451e+00 2.154951e-03 -1.221488e+03
6.609451e+00 2.326918e-03 -1.298754e+03
6.609451e+00 2.512609e-03 -1.379189e+03
6.609451e+00 2.713117e-03 -1.462641e+03
6.609451e+00 2.929627e-03 -1.548907e+03
6.609451e+00 3.163414e-03 -1.637720e+03
6.609451e+00 3.415858e-03 -1.728737e+03
6.609451e+00 3.688447e-03 -1.821550e+03
6.609451e+00 3.982789e-03 -1.915658e+03
6.609451e+00 4.300619e-03 -2.010459e+03
6.609451e+00 4.643813e-03 -2.105275e+03
6.609451e+00 5.014394e-03 -2.199298e+03
6.609451e+00 5.414548e-03 -2.291599e+03
6.609451e+00 5.846635e-03 -2.381161e+03
6.609451e+00 6.313202e-03 -2.466812e+03
6.609451e+00 6.817002e-03 -2.547237e+03
6.609451e+00 7.361006e-03 -2.621053e+03
6.609451e+00 7.948422e-03 -2.686711e+03
6.609451e+00 8.582714e-03 -2.742530e+03
6.609451e+00 9.267624e-03 -2.786838e+03
6.609451e+00 1.000719e-02 -2.817861e+03
6.609451e+00 1.080577e-02 -2.833799e+03
6.609451e+00 1.166809e-02 -2.833042e+03
6.609451e+00 1.259921e-02 -2.814158e+03
6.609451e+00 1.360464e-02 -2.776003e+03
6.609451e+00 1.469030e-02 -2.717902e+03
6.609451e+00 1.586261e-02 -2.639998e+03
6.609451e+00 1.712846e-02 -2.543209e+03
6.609451e+00 1.849533e-02 -2.429056e+03
6.609451e+00 1.997127e-02 -2.300829e+03
6.609451e+00 2.156500e-02 -2.162936e+03
6.609451e+00 2.328591e-02 -2.019627e+03
6.609451e+00 2.514415e-02 -1.876746e+03
6.609451e+00 2.715068e-02 -1.740530e+03
6.609451e+00 2.931733e-02 -1.615659e+03
6.609451e+00 3.165689e-02 -1.505565e+03
6.609451e+00 3.418314e-02 -1.412314e+03
6.609451e+00 3.691099e-02 -1.334462e+03
6.609451e+00 3.985652e-02 -1.267295e+03
6.609451e+00 4.303711e-02 -1.202902e+03
6.609451e+00 4.647152e-02 -1.131679e+03
6.609451e+00 5.017999e-02 -1.045464e+03
6.609451e+00 5.418441e-02 -9.629162e+02
6.609451e+00 5.850838e-02 -9.072027e+02
6.609451e+00 6.317741e-02 -8.470432e+02
6.609451e+00 6.821903e-02 -7.820830e+02
6.609451e+00 7.366298e-02 -7.126026e+02
6.609451e+00 7.954136e-02 -6.443550e+02
6.609451e+00 8.588885e-02 -5.706613e+02
6.609451e+00 9.274286e-02 -4.910867e+02
6.609451e+00 1.001438e-01 -4.051620e+02
6.609451e+00 1.081354e-01 -3.532909e+02
6.609451e+00 1.167647e-01 -3.167990e+02
6.609451e+00 1.260827e-01 -2.773950e+02
6.609451e+00 1.361442e-01 -2.348465e+02
6.609451e+00 1.470087e-01 -1.938846e+02
6.609451e+00 1.587401e-01 -1.708765e+02
6.609451e+00 1.714077e-01 -1.460323e+02
6.609451e+00 1.850862e-01 -1.192055e+02
6.609451e+00 1.998563e-01 -9.023792e+01
6.609451e+00 2.158051e-01 -7.673485e+01
6.609451e+00 2.330265e-01 -6.570489e+01
6.609451e+00 2.516223e-01 -5.379474e+01
6.609451e+00 2.717020e-01 -4.093414e+01
6.609451e+00 2.933841e-01 -3.154733e+01
6.609451e+00 3.167964e-01 -2.713072e+01
6.609451e+00 3.420771e-01 -2.236167e+01
6.609451e+00 3.693752e-01 -1.721203e+01
6.609451e+00 3.988518e-01 -1.194364e+01
6.609451e+00 4.306805e-01 -1.035312e+01
6.609451e+00 4.650493e-01 -8.635679e+00
6.609451e+00 5.021607e-01 -6.781184e+00
6.609451e+00 5.422336e-01 -4.778699e+00
6.609451e+00 5.855044e-01 -3.743881e+00
6.609451e+00 6.322283e-01 -3.151893e+00
6.609451e+00 6.826808e-01 -2.512663e+00
6.609451e+00 7.371594e-01 -1.822423e+00
6.609451e+00 7.959855e-01 -1.257227e+00
6.609451e+00 8.595059e-01 -1.070780e+00
6.609451e+00 9.280954e-01 -8.694549e-01
6.609451e+00 1.002158e+00 -6.520634e-01
6.609451e+00 1.082132e+00 -4.173238e-01
6.609451e+00 1.168487e+00 -3.483058e-01
6.609451e+00 1.261733e+00 -2.894900e-01
6.609451e+00 1.362421e+00 -2.259807e-01
6.609451e+00 1.471144e+00 -1.574033e-01
6.609451e+00 1.588542e+00 -1.153725e-01
6.609451e+00 1.715310e+00 -9.802186e-02
6.609451e+00 1.852193e+00 -7.928658e-02
6.609451e+00 2.000000e+00 -5.905620e-02
6.761640e+00 1.000000e-03 -5.722709e+02
6.761640e+00 1.079801e-03 -6.135917e+02
6.761640e+00 1.165970e-03 -6.575211e+02
6.761640e+00 1.259016e-03 -7.041577e+02
6.761640e+00 1.359487e-03 -7.535923e+02
6.761640e+00 1.467975e-03 -8.059078e+02
6.761640e+00 1.585121e-03 -8.611739e+02
6.761640e+00 1.711615e-03 -9.194450e+02
6.761640e+00 1.848204e-03 -9.807589e+02
6.761640e+00 1.995693e-03 -1.045126e+03
6.761640e+00 2.154951e-03 -1.112524e+03
6.761640e+00 2.326918e-03 -1.182901e+03
6.761640e+00 2.512609e-03 -1.256165e+03
6.761640e+00 2.713117e-03 -1.332176e+03
6.761640e+00 2.929627e-03 -1.410752e+03
6.761640e+00 3.163414e-03 -1.491646e+03
6.761640e+00 3.415858e-03 -1.574547e+03
6.761640e+00 3.688447e-03 -1.659084e+03
6.761640e+00 3.982789e-03 -1.744800e+03
6.761640e+00 4.300619e-03 -1.831149e+03
6.761640e+00 4.643813e-03 -1.917510e+03
6.761640e+00 5.014394e-03 -2.003149e+03
6.761640e+00 5.414548e-03 -2.087219e+03
6.761640e+00 5.846635e-03 -2.168795e+03
6.761640e+00 6.313202e-03 -2.246809e+03
6.761640e+00 6.817002e-03 -2.320062e+03
6.761640e+00 7.361006e-03 -2.387296e+03
6.761640e+00 7.948422e-03 -2.447098e+03
6.761640e+00 8.582714e-03 -2.497939e+03
6.761640e+00 9.267624e-03 -2.538297e+03
6.761640e+00 1.000719e-02 -2.566554e+03
6.761640e+00 1.080577e-02 -2.581072e+03
6.761640e+00 1.166809e-02 -2.580383e+03
6.761640e+00 1.259921e-02 -2.563184e+03
6.761640e+00 1.360464e-02 -2.528432e+03
6.761640e+00 1.469030e-02 -2.475513e+03
6.761640e+00 1.586261e-02 -2.404556e+03
6.761640e+00 1.712846e-02 -2.316399e+03
6.761640e+00 1.849533e-02 -2.212427e+03
6.761640e+00 1.997127e-02 -2.095636e+03
6.761640e+00 2.156500e-02 -1.970040e+03
6.761640e+00 2.328591e-02 -1.839512e+03
6.761640e+00 2.514415e-02 -1.709374e+03
6.761640e+00 2.715068e-02 -1.585305e+03
6.761640e+00 2.931733e-02 -1.471571e+03
6.761640e+00 3.165689e-02 -1.371296e+03
6.761640e+00 3.418314e-02 -1.286361e+03
6.761640e+00 3.691099e-02 -1.215452e+03
6.761640e+00 3.985652e-02 -1.154275e+03
6.761640e+00 4.303711e-02 -1.095624e+03
6.761640e+00 4.647152e-02 -1.030754e+03
6.761640e+00 5.017999e-02 -9.522270e+02
6.761640e+00 5.418441e-02 -8.775417e+02
6.761640e+00 5.850838e-02 -8.281906e+02
6.761640e+00 6.317741e-02 -7.749011e+02
6.761640e+00 6.821903e-02 -7.173591e+02
6.761640e+00 7.366298e-02 -6.557343e+02
6.761640e+00 7.954136e-02 -5.943900e+02
6.761640e+00 8.588885e-02 -5.281504e+02
6.761640e+00 9.274286e-02 -4.566248e+02
6.761640e+00 1.001438e-01 -3.793915e+02
6.761640e+00 1.081354e-01 -3.324790e+02
6.761640e+00 1.167647e-01 -2.992297e+02
6.761640e+00 1.260827e-01 -2.633270e+02
6.761640e+00 1.361442e-01 -2.245592e+02
6.761640e+00 1.470087e-01 -1.870880e+02
6.761640e+00 1.587401e-01 -1.653286e+02
6.761640e+00 1.714077e-01 -1.418328e+02
6.761640e+00 1.850862e-01 -1.164620e+02
6.761640e+00 1.998563e-01 -8.906654e+01
6.761640e+00 2.158051e-01 -7.606663e+01
6.761640e+00 2.330265e-01 -6.534142e+01
6.761640e+00 2.516223e-01 -5.376033e+01
6.761640e+00 2.717020e-01 -4.125505e+01
6.761640e+00 2.933841e-01 -3.206471e+01
6.761640e+00 3.167964e-01 -2.762236e+01
6.761640e+00 3.420771e-01 -2.282549e+01
6.761640e+00 3.693752e-01 -1.764584e+01
6.761640e+00 3.988518e-01 -1.234446e+01
6.761640e+00 4.306805e-01 -1.071045e+01
6.761640e+00 4.650493e-01 -8.946050e+00
6.761640e+00 5.021607e-01 -7.040848e+00
6.761640e+00 5.422336e-01 -4.983609e+00
6.761640e+00 5.855044e-01 -3.915828e+00
6.761640e+00 6.322283e-01 -3.300436e+00
6.761640e+00 6.826808e-01 -2.635935e+00
6.761640e+00 7.371594e-01 -1.918406e+00
6.761640e+00 7.959855e-01 -1.329919e+00
6.761640e+00 8.595059e-01 -1.132849e+00
6.761640e+00 9.280954e-01 -9.200533e-01
6.761640e+00 1.002158e+00 -6.902759e-01
6.761640e+00 1.082132e+00 -4.421621e-01
6.761640e+00 1.168487e+00 -3.690901e-01
6.761640e+00 1.261733e+00 -3.067815e-01
6.761640e+00 1.362421e+00 -2.395006e-01
6.761640e+00 1.471144e+00 -1.668506e-01
6.761640e+00 1.588542e+00 -1.222728e-01
6.761640e+00 1.715310e+00 -1.037919e-01
6.761640e+00 1.852193e+00 -8.383621e-02
6.761640e+00 2.000000e+00 -6.228807e-02
6.916873e+00 1.000000e-03 -5.179195e+02
6.916873e+00 1.079801e-03 -5.553225e+02
6.916873e+00 1.165970e-03 -5.950871e+02
6.916873e+00 1.259016e-03 -6.373023e+02
6.916873e+00 1.359487e-03 -6.820501e+02
6.916873e+00 1.467975e-03 -7.294052e+02
6.916873e+00 1.585121e-03 -7.794308e+02
6.916873e+00 1.711615e-03 -8.321757e+02
6.916873e+00 1.848204e-03 -8.876746e+02
6.916873e+00 1.995693e-03 -9.459366e+02
6.916873e+00 2.154951e-03 -1.006942e+03
6.916873e+00 2.326918e-03 -1.070644e+03
6.916873e+00 2.512609e-03 -1.136959e+03
6.916873e+00 2.713117e-03 -1.205760e+03
6.916873e+00 2.929627e-03 -1.276882e+03
6.916873e+00 3.163414e-03 -1.350103e+03
6.916873e+00 3.415858e-03 -1.425140e+03
6.916873e+00 3.688447e-03 -1.501658e+03
6.916873e+00 3.982789e-03 -1.579243e+03
6.916873e+00 4.300619e-03 -1.657400e+03
6.916873e+00 4.643813e-03 -1.735569e+03
6.916873e+00 5.014394e-03 -1.813084e+03
6.916873e+00 5.414548e-03 -1.889178e+03
6.916873e+00 5.846635e-03 -1.963016e+03
6.916873e+00 6.313202e-03 -2.033628e+03
6.916873e+00 6.817002e-03 -2.099932e+03
6.916873e+00 7.361006e-03 -2.160787e+03
6.916873e+00 7.948422e-03 -2.214916e+03
6.916873e+00 8.582714e-03 -2.260934e+03
6.916873e+00 9.267624e-03 -2.297464e+03
6.916873e+00 1.000719e-02 -2.323041e+03
6.916873e+00 1.080577e-02 -2.336182e+03
6.916873e+00 1.166809e-02 -2.335559e+03
6.916873e+00 1.259921e-02 -2.319992e+03
6.916873e+00 1.360464e-02 -2.288537e+03
6.916873e+00 1.469030e-02 -2.240639e+03
6.916873e+00 1.586261e-02 -2.176415e+03
6.916873e+00 1.712846e-02 -2.096623e+03
6.916873e+00 1.849533e-02 -2.002515e+03
6.916873e+00 1.997127e-02 -1.896806e+03
6.916873e+00 2.156500e-02 -1.783126e+03
6.916873e+00 2.328591e-02 -1.664982e+03
6.916873e+00 2.514415e-02 -1.547191e+03
6.916873e+00 2.715068e-02 -1.434894e+03
6.916873e+00 2.931733e-02 -1.331951e+03
6.916873e+00 3.165689e-02 -1.241190e+03
6.916873e+00 3.418314e-02 -1.164313e+03
6.916873e+00 3.691099e-02 -1.100132e+03
6.916873e+00 3.985652e-02 -1.044759e+03
6.916873e+00 4.303711e-02 -9.916735e+02
6.916873e+00 4.647152e-02 -9.329577e+02
6.916873e+00 5.017999e-02 -8.618814e+02
6.916873e+00 5.418441e-02 -7.945567e+02
6.916873e+00 5.850838e-02 -7.506521e+02
6.916873e+00 6.317741e-02 -7.032439e+02
6.916873e+00 6.821903e-02 -6.520525e+02
6.916873e+00 7.366298e-02 -5.972222e+02
6.916873e+00 7.954136e-02 -5.425729e+02
6.916873e+00 8.588885e-02 -4.835625e+02
6.916873e+00 9.274286e-02 -4.198430e+02
6.916873e+00 1.001438e-01 -3.510387e+02
6.916873e+00 1.081354e-01 -3.088954e+02
6.916873e+00 1.167647e-01 -2.787287e+02
6.916873e+00 1.260827e-01 -2.461546e+02
6.916873e+00 1.361442e-01 -2.109811e+02
6.916873e+00 1.470087e-01 -1.769153e+02
6.916873e+00 1.587401e-01 -1.568063e+02
6.916873e+00 1.714077e-01 -1.350926e+02
6.916873e+00 1.850862e-01 -1.116461e+02
6.916873e+00 1.998563e-01 -8.632859e+01
6.916873e+00 2.158051e-01 -7.405218e+01
6.916873e+00 2.330265e-01 -6.380455e+01
6.916873e+00 2.516223e-01 -5.273915e+01
6.916873e+00 2.717020e-01 -4.079072e+01
6.916873e+00 2.933841e-01 -3.195397e+01
6.916873e+00 3.167964e-01 -2.757861e+01
6.916873e+00 3.420771e-01 -2.285410e+01
6.916873e+00 3.693752e-01 -1.775257e+01
6.916873e+00 3.988518e-01 -1.252878e+01
6.916873e+00 4.306805e-01 -1.088379e+01
6.916873e+00 4.650493e-01 -9.107532e+00
6.916873e+00 5.021607e-01 -7.189523e+00
6.916873e+00 5.422336e-01 -5.118454e+00
6.916873e+00 5.855044e-01 -4.035569e+00
6.916873e+00 6.322283e-01 -3.403789e+00
6.916873e+00 6.826808e-01 -2.721592e+00
6.916873e+00 7.371594e-01 -1.984956e+00
6.916873e+00 7.959855e-01 -1.380330e+00
6.916873e+00 8.595059e-01 -1.176409e+00
6.916873e+00 9.280954e-01 -9.562152e-01
6.916873e+00 1.002158e+00 -7.184496e-01
6.916873e+00 1.082132e+00 -4.617101e-01
6.916873e+00 1.168487e+00 -3.855974e-01
6.916873e+00 1.261733e+00 -3.205398e-01
6.916873e+00 1.362421e+00 -2.502906e-01
6.916873e+00 1.471144e+00 -1.744353e-01
6.916873e+00 1.588542e+00 -1.278446e-01
6.916873e+00 1.715310e+00 -1.084579e-01
6.916873e+00 1.852193e+00 -8.752418e-02
6.916873e+00 2.000000e+00 -6.491992e-02
7.075210e+00 1.000000e-03 -4.671925e+02
7.075210e+00 1.079801e-03 -5.009384e+02
7.075210e+00 1.165970e-03 -5.368151e+02
7.075210e+00 1.259016e-03 -5.749030e+02
7.075210e+00 1.359487e-03 -6.152757e+02
7.075210e+00 1.467975e-03 -6.580005e+02
7.075210e+00 1.585121e-03 -7.031342e+02
7.075210e+00 1.711615e-03 -7.507208e+02
7.075210e+00 1.848204e-03 -8.007916e+02
7.075210e+00 1.995693e-03 -8.533550e+02
7.075210e+00 2.154951e-03 -9.083930e+02
7.075210e+00 2.326918e-03 -9.658642e+02
7.075210e+00 2.512609e-03 -1.025693e+03
7.075210e+00 2.713117e-03 -1.087764e+03
7.075210e+00 2.929627e-03 -1.151929e+03
7.075210e+00 3.163414e-03 -1.217987e+03
7.075210e+00 3.415858e-03 -1.285684e+03
7.075210e+00 3.688447e-03 -1.354716e+03
7.075210e+00 3.982789e-03 -1.424711e+03
7.075210e+00 4.300619e-03 -1.495223e+03
7.075210e+00 4.643813e-03 -1.565744e+03
7.075210e+00 5.014394e-03 -1.635675e+03
7.075210e+00 5.414548e-03 -1.704326e+03
7.075210e+00 5.846635e-03 -1.770939e+03
7.075210e+00 6.313202e-03 -1.834644e+03
7.075210e+00 6.817002e-03 -1.894461e+03
7.075210e+00 7.361006e-03 -1.949363e+03
7.075210e+00 7.948422e-03 -1.998196e+03
7.075210e+00 8.582714e-03 -2.039712e+03
7.075210e+00 9.267624e-03 -2.072667e+03
7.075210e+00 1.000719e-02 -2.095743e+03
7.075210e+00 1.080577e-02 -2.107599e+03
7.075210e+00 1.166809e-02 -2.107038e+03
7.075210e+00 1.259921e-02 -2.092994e+03
7.075210e+00 1.360464e-02 -2.064618e+03
7.075210e+00 1.469030e-02 -2.021406e+03
7.075210e+00 1.586261e-02 -1.963466e+03
7.075210e+00 1.712846e-02 -1.891481e+03
7.075210e+00 1.849533e-02 -1.806581e+03
7.075210e+00 1.997127e-02 -1.711215e+03
7.075210e+00 2.156500e-02 -1.608658e+03
7.075210e+00 2.328591e-02 -1.502074e+03
7.075210e+00 2.514415e-02 -1.395809e+03
7.075210e+00 2.715068e-02 -1.294499e+03
7.075210e+00 2.931733e-02 -1.201628e+03
7.075210e+00 3.165689e-02 -1.119747e+03
7.075210e+00 3.418314e-02 -1.050393e+03
7.075210e+00 3.691099e-02 -9.924911e+02
7.075210e+00 3.985652e-02 -9.425364e+02
7.075210e+00 4.303711e-02 -8.946446e+02
7.075210e+00 4.647152e-02 -8.416738e+02
7.075210e+00 5.017999e-02 -7.775519e+02
7.075210e+00 5.418441e-02 -7.169510e+02
7.075210e+00 5.850838e-02 -6.777226e+02
7.075210e+00 6.317741e-02 -6.353636e+02
7.075210e+00 6.821903e-02 -5.896244e+02
7.075210e+00 7.366298e-02 -5.406212e+02
7.075210e+00 7.954136e-02 -4.916496e+02
7.075210e+00 8.588885e-02 -4.387700e+02
7.075210e+00 9.274286e-02 -3.816706e+02
7.075210e+00 1.001438e-01 -3.200146e+02
7.075210e+00 1.081354e-01 -2.823119e+02
7.075210e+00 1.167647e-01 -2.553760e+02
7.075210e+00 1.260827e-01 -2.262906e+02
7.075210e+00 1.361442e-01 -1.948842e+02
7.075210e+00 1.470087e-01 -1.644095e+02
7.075210e+00 1.587401e-01 -1.461482e+02
7.075210e+00 1.714077e-01 -1.264296e+02
7.075210e+00 1.850862e-01 -1.051374e+02
7.075210e+00 1.998563e-01 -8.214611e+01
7.075210e+00 2.158051e-01 -7.077759e+01
7.075210e+00 2.330265e-01 -6.118992e+01
7.075210e+00 2.516223e-01 -5.083713e+01
7.075210e+00 2.717020e-01 -3.965818e+01
7.075210e+00 2.933841e-01 -3.133005e+01
7.075210e+00 3.167964e-01 -2.709431e+01
7.075210e+00 3.420771e-01 -2.252054e+01
7.075210e+00 3.693752e-01 -1.758179e+01
7.075210e+00 3.988518e-01 -1.252208e+01
7.075210e+00 4.306805e-01 -1.089017e+01
7.075210e+00 4.650493e-01 -9.128031e+00
7.075210e+00 5.021607e-01 -7.225270e+00
7.075210e+00 5.422336e-01 -5.170666e+00
7.075210e+00 5.855044e-01 -4.090097e+00
7.075210e+00 6.322283e-01 -3.453613e+00
7.075210e+00 6.826808e-01 -2.766336e+00
7.075210e+00 7.371594e-01 -2.024213e+00
7.075210e+00 7.959855e-01 -1.414208e+00
7.075210e+00 8.595059e-01 -1.205761e+00
7.075210e+00 9.280954e-01 -9.806786e-01
7.075210e+00 1.002158e+00 -7.376349e-01
7.075210e+00 1.082132e+00 -4.751960e-01
7.075210e+00 1.168487e+00 -3.970168e-01
7.075210e+00 1.261733e+00 -3.300759e-01
7.075210e+00 1.362421e+00 -2.577931e-01
7.075210e+00 1.471144e+00 -1.797420e-01
7.075210e+00 1.588542e+00 -1.317930e-01
7.075210e+00 1.715310e+00 -1.118265e-01
7.075210e+00 1.852193e+00 -9.026674e-02
7.075210e+00 2.000000e+00 -6.698644e-02
7.236714e+00 1.000000e-03 -4.207699e+02
7.236714e+00 1.079801e-03 -4.511683e+02
7.236714e+00 1.165970e-03 -4.834864e+02
7.236714e+00 1.259016e-03 -5.177965e+02
7.236714e+00 1.359487e-03 -5.541647e+02
7.236714e+00 1.467975e-03 -5.926515e+02
7.236714e+00 1.585121e-03 -6.333077e+02
7.236714e+00 1.711615e-03 -6.761732e+02
7.236714e+00 1.848204e-03 -7.212759e+02
7.236714e+00 1.995693e-03 -7.686235e+02
7.236714e+00 2.154951e-03 -8.182001e+02
7.236714e+00 2.326918e-03 -8.699684e+02
7.236714e+00 2.512609e-03 -9.238601e+02
7.236714e+00 2.713117e-03 -9.797722e+02
7.236714e+00 2.929627e-03 -1.037570e+03
7.236714e+00 3.163414e-03 -1.097072e+03
7.236714e+00 3.415858e-03 -1.158050e+03
7.236714e+00 3.688447e-03 -1.220232e+03
7.236714e+00 3.982789e-03 -1.283280e+03
7.236714e+00 4.300619e-03 -1.346793e+03
7.236714e+00 4.643813e-03 -1.410316e+03
7.236714e+00 5.014394e-03 -1.473307e+03
7.236714e+00 5.414548e-03 -1.535144e+03
7.236714e+00 5.846635e-03 -1.595146e+03
7.236714e+00 6.313202e-03 -1.652528e+03
7.236714e+00 6.817002e-03 -1.706408e+03
7.236714e+00 7.361006e-03 -1.755860e+03
7.236714e+00 7.948422e-03 -1.799847e+03
7.236714e+00 8.582714e-03 -1.837242e+03
7.236714e+00 9.267624e-03 -1.866927e+03
7.236714e+00 1.000719e-02 -1.887713e+03
7.236714e+00 1.080577e-02 -1.898393e+03
7.236714e+00 1.166809e-02 -1.897888e+03
7.236714e+00 1.259921e-02 -1.885239e+03
7.236714e+00 1.360464e-02 -1.859679e+03
7.236714e+00 1.469030e-02 -1.820757e+03
7.236714e+00 1.586261e-02 -1.768569e+03
7.236714e+00 1.712846e-02 -1.703729e+03
7.236714e+00 1.849533e-02 -1.627257e+03
7.236714e+00 1.997127e-02 -1.541357e+03
7.236714e+00 2.156500e-02 -1.448980e+03
7.236714e+00 2.328591e-02 -1.352976e+03
7.236714e+00 2.514415e-02 -1.257258e+03
7.236714e+00 2.715068e-02 -1.166005e+03
7.236714e+00 2.931733e-02 -1.082352e+03
7.236714e+00 3.165689e-02 -1.008599e+03
7.236714e+00 3.418314e-02 -9.461289e+02
7.236714e+00 3.691099e-02 -8.939748e+02
7.236714e+00 3.985652e-02 -8.489787e+02
7.236714e+00 4.303711e-02 -8.058407e+02
7.236714e+00 4.647152e-02 -7.581279e+02
7.236714e+00 5.017999e-02 -7.003708e+02
7.236714e+00 5.418441e-02 -6.457382e+02
7.236714e+00 5.850838e-02 -6.102723e+02
7.236714e+00 6.317741e-02 -5.719762e+02
7.236714e+00 6.821903e-02 -5.306241e+02
7.236714e+00 7.366298e-02 -4.863618e+02
7.236714e+00 7.954136e-02 -4.425477e+02
7.236714e+00 8.588885e-02 -3.952372e+02
7.236714e+00 9.274286e-02 -3.441513e+02
7.236714e+00 1.001438e-01 -2.889887e+02
7.236714e+00 1.081354e-01 -2.554155e+02
7.236714e+00 1.167647e-01 -2.315638e+02
7.236714e+00 1.260827e-01 -2.058087e+02
7.236714e+00 1.361442e-01 -1.779982e+02
7.236714e+00 1.470087e-01 -1.509719e+02
7.236714e+00 1.587401e-01 -1.345827e+02
7.236714e+00 1.714077e-01 -1.168856e+02
7.236714e+00 1.850862e-01 -9.777621e+01
7.236714e+00 1.998563e-01 -7.714191e+01
7.236714e+00 2.158051e-01 -6.674555e+01
7.236714e+00 2.330265e-01 -5.789341e+01
7.236714e+00 2.516223e-01 -4.833486e+01
7.236714e+00 2.717020e-01 -3.801353e+01
7.236714e+00 2.933841e-01 -3.027122e+01
7.236714e+00 3.167964e-01 -2.623563e+01
7.236714e+00 3.420771e-01 -2.187799e+01
7.236714e+00 3.693752e-01 -1.717260e+01
7.236714e+00 3.988518e-01 -1.234922e+01
7.236714e+00 4.306805e-01 -1.075278e+01
7.236714e+00 4.650493e-01 -9.028931e+00
7.236714e+00 5.021607e-01 -7.167520e+00
7.236714e+00 5.422336e-01 -5.157567e+00
7.236714e+00 5.855044e-01 -4.093610e+00
7.236714e+00 6.322283e-01 -3.460337e+00
7.236714e+00 6.826808e-01 -2.776527e+00
7.236714e+00 7.371594e-01 -2.038149e+00
7.236714e+00 7.959855e-01 -1.430338e+00
7.236714e+00 8.595059e-01 -1.219905e+00
7.236714e+00 9.280954e-01 -9.926799e-01
7.236714e+00 1.002158e+00 -7.473218e-01
7.236714e+00 1.082132e+00 -4.823840e-01
7.236714e+00 1.168487e+00 -4.032372e-01
7.236714e+00 1.261733e+00 -3.353990e-01
7.236714e+00 1.362421e+00 -2.621472e-01
7.236714e+00 1.471144e+00 -1.830498e-01
7.236714e+00 1.588542e+00 -1.343741e-01
7.236714e+00 1.715310e+00 -1.139758e-01
7.236714e+00 1.852193e+00 -9.194967e-02
7.236714e+00 2.000000e+00 -6.816585e-02
7.401449e+00 1.000000e-03 -3.777089e+02
7.401449e+00 1.079801e-03 -4.050016e+02
7.401449e+00 1.165970e-03 -4.340182e+02
7.401449e+00 1.259016e-03 -4.648233e+02
7.401449e+00 1.359487e-03 -4.974763e+02
7.401449e+00 1.467975e-03 -5.320312e+02
7.401449e+00 1.585121e-03 -5.685336e+02
7.401449e+00 1.711615e-03 -6.070190e+02
7.401449e+00 1.848204e-03 -6.475128e+02
7.401449e+00 1.995693e-03 -6.900216e+02
7.401449e+00 2.154951e-03 -7.345314e+02
7.401449e+00 2.326918e-03 -7.810089e+02
7.401449e+00 2.512609e-03 -8.293929e+02
7.401449e+00 2.713117e-03 -8.795907e+02
7.401449e+00 2.929627e-03 -9.314809e+02
7.401449e+00 3.163414e-03 -9.849015e+02
7.401449e+00 3.415858e-03 -1.039647e+03
7.401449e+00 3.688447e-03 -1.095473e+03
7.401449e+00 3.982789e-03 -1.152077e+03
7.401449e+00 4.300619e-03 -1.209098e+03
7.401449e+00 4.643813e-03 -1.266127e+03
7.401449e+00 5.014394e-03 -1.322679e+03
7.401449e+00 5.414548e-03 -1.378196e+03
7.401449e+00 5.846635e-03 -1.432064e+03
7.401449e+00 6.313202e-03 -1.483581e+03
7.401449e+00 6.817002e-03 -1.531953e+03
7.401449e+00 7.361006e-03 -1.576351e+03
7.401449e+00 7.948422e-03 -1.615840e+03
7.401449e+00 8.582714e-03 -1.649413e+03
7.401449e+00 9.267624e-03 -1.676064e+03
7.401449e+00 1.000719e-02 -1.694726e+03
7.401449e+00 1.080577e-02 -1.704315e+03
7.401449e+00 1.166809e-02 -1.703862e+03
7.401449e+00 1.259921e-02 -1.692506e+03
7.401449e+00 1.360464e-02 -1.669560e+03
7.401449e+00 1.469030e-02 -1.634617e+03
7.401449e+00 1.586261e-02 -1.587764e+03
7.401449e+00 1.712846e-02 -1.529553e+03
7.401449e+00 1.849533e-02 -1.460899e+03
7.401449e+00 1.997127e-02 -1.383781e+03
7.401449e+00 2.156500e-02 -1.300848e+03
7.401449e+00 2.328591e-02 -1.214659e+03
7.401449e+00 2.514415e-02 -1.128726e+03
7.401449e+00 2.715068e-02 -1.046802e+03
7.401449e+00 2.931733e-02 -9.717016e+02
7.401449e+00 3.165689e-02 -9.054885e+02
7.401449e+00 3.418314e-02 -8.494045e+02
7.401449e+00 3.691099e-02 -8.025822e+02
7.401449e+00 3.985652e-02 -7.621862e+02
7.401449e+00 4.303711e-02 -7.234582e+02
7.401449e+00 4.647152e-02 -6.806232e+02
7.401449e+00 5.017999e-02 -6.287707e+02
7.401449e+00 5.418441e-02 -5.796710e+02
7.401449e+00 5.850838e-02 -5.476852e+02
7.401449e+00 6.317741e-02 -5.131470e+02
7.401449e+00 6.821903e-02 -4.758526e+02
7.401449e+00 7.366298e-02 -4.359643e+02
7.401449e+00 7.954136e-02 -3.967959e+02
7.401449e+00 8.588885e-02 -3.545018e+02
7.401449e+00 9.274286e-02 -3.088327e+02
7.401449e+00 1.001438e-01 -2.595190e+02
7.401449e+00 1.081354e-01 -2.296878e+02
7.401449e+00 1.167647e-01 -2.086486e+02
7.401449e+00 1.260827e-01 -1.859305e+02
7.401449e+00 1.361442e-01 -1.613995e+02
7.401449e+00 1.470087e-01 -1.375273e+02
7.401449e+00 1.587401e-01 -1.228957e+02
7.401449e+00 1.714077e-01 -1.070965e+02
7.401449e+00 1.850862e-01 -9.003653e+01
7.401449e+00 1.998563e-01 -7.161514e+01
7.401449e+00 2.158051e-01 -6.219991e+01
7.401449e+00 2.330265e-01 -5.412590e+01
7.401449e+00 2.516223e-01 -4.540757e+01
7.401449e+00 2.717020e-01 -3.599352e+01
7.401449e+00 2.933841e-01 -2.888228e+01
7.401449e+00 3.167964e-01 -2.508509e+01
7.401449e+00 3.420771e-01 -2.098487e+01
7.401449e+00 3.693752e-01 -1.655745e+01
7.401449e+00 3.988518e-01 -1.201645e+01
7.401449e+00 4.306805e-01 -1.047560e+01
7.401449e+00 4.650493e-01 -8.811797e+00
7.401449e+00 5.021607e-01 -7.015220e+00
7.401449e+00 5.422336e-01 -5.075273e+00
7.401449e+00 5.855044e-01 -4.041890e+00
7.401449e+00 6.322283e-01 -3.420650e+00
7.401449e+00 6.826808e-01 -2.749834e+00
7.401449e+00 7.371594e-01 -2.025487e+00
7.401449e+00 7.959855e-01 -1.428389e+00
7.401449e+00 8.595059e-01 -1.219085e+00
7.401449e+00 9.280954e-01 -9.930787e-01
7.401449e+00 1.002158e+00 -7.490367e-01
7.401449e+00 1.082132e+00 -4.855198e-01
7.401449e+00 1.168487e+00 -4.061129e-01
7.401449e+00 1.261733e+00 -3.378409e-01
7.401449e+00 1.362421e+00 -2.641208e-01
7.401449e+00 1.471144e+00 -1.845177e-01
7.401449e+00 1.588542e+00 -1.355142e-01
7.401449e+00 1.715310e+00 -1.149532e-01
7.401449e+00 1.852193e+00 -9.275131e-02
7.401449e+00 2.000000e+00 -6.877772e-02
7.569477e+00 1.000000e-03 -3.371125e+02
7.569477e+00 1.079801e-03 -3.614764e+02
7.569477e+00 1.165970e-03 -3.873796e+02
7.569477e+00 1.259016e-03 -4.148795e+02
7.569477e+00 1.359487e-03 -4.440291e+02
7.569477e+00 1.467975e-03 -4.748763e+02
7.569477e+00 1.585121e-03 -5.074616e+02
7.569477e+00 1.711615e-03 -5.418170e+02
7.569477e+00 1.848204e-03 -5.779646e+02
7.569477e+00 1.995693e-03 -6.159108e+02
7.569477e+00 2.154951e-03 -6.556430e+02
7.569477e+00 2.326918e-03 -6.971316e+02
7.569477e+00 2.512609e-03 -7.403221e+02
7.569477e+00 2.713117e-03 -7.851317e+02
7.569477e+00 2.929627e-03 -8.314518e+02
7.569477e+00 3.163414e-03 -8.791378e+02
7.569477e+00 3.415858e-03 -9.280064e+02
7.569477e+00 3.688447e-03 -9.778391e+02
7.569477e+00 3.982789e-03 -1.028367e+03
7.569477e+00 4.300619e-03 -1.079266e+03
7.569477e+00 4.643813e-03 -1.130173e+03
7.569477e+00 5.014394e-03 -1.180654e+03
7.569477e+00 5.414548e-03 -1.230210e+03
7.569477e+00 5.846635e-03 -1.278296e+03
7.569477e+00 6.313202e-03 -1.324281e+03
7.569477e+00 6.817002e-03 -1.367461e+03
7.569477e+00 7.361006e-03 -1.407092e+03
7.569477e+00 7.948422e-03 -1.442341e+03
7.569477e+00 8.582714e-03 -1.472310e+03
7.569477e+00 9.267624e-03 -1.496100e+03
7.569477e+00 1.000719e-02 -1.512758e+03
7.569477e+00 1.080577e-02 -1.521318e+03
7.569477e+00 1.166809e-02 -1.520915e+03
7.569477e+00 1.259921e-02 -1.510779e+03
7.569477e+00 1.360464e-02 -1.490296e+03
7.569477e+00 1.469030e-02 -1.459106e+03
7.569477e+00 1.586261e-02 -1.417283e+03
7.569477e+00 1.712846e-02 -1.365323e+03
7.569477e+00 1.849533e-02 -1.304040e+03
7.569477e+00 1.997127e-02 -1.235203e+03
7.569477e+00 2.156500e-02 -1.161174e+03
7.569477e+00 2.328591e-02 -1.084239e+03
7.569477e+00 2.514415e-02 -1.007534e+03
7.569477e+00 2.715068e-02 -9.344059e+02
7.569477e+00 2.931733e-02 -8.673689e+02
7.569477e+00 3.165689e-02 -8.082653e+02
7.569477e+00 3.418314e-02 -7.582030e+02
7.569477e+00 3.691099e-02 -7.164081e+02
7.569477e+00 3.985652e-02 -6.803494e+02
7.569477e+00 4.303711e-02 -6.457797e+02
7.569477e+00 4.647152e-02 -6.075439e+02
7.569477e+00 5.017999e-02 -5.612589e+02
7.569477e+00 5.418441e-02 -5.175314e+02
7.569477e+00 5.850838e-02 -4.892596e+02
7.569477e+00 6.317741e-02 -4.587315e+02
7.569477e+00 6.821903e-02 -4.257673e+02
7.569477e+00 7.366298e-02 -3.904644e+02
7.569477e+00 7.954136e-02 -3.553236e+02
7.569477e+00 8.588885e-02 -3.173785e+02
7.569477e+00 9.274286e-02 -2.764054e+02
7.569477e+00 1.001438e-01 -2.321627e+02
7.569477e+00 1.081354e-01 -2.056320e+02
7.569477e+00 1.167647e-01 -1.871192e+02
7.569477e+00 1.260827e-01 -1.671291e+02
7.569477e+00 1.361442e-01 -1.455437e+02
7.569477e+00 1.470087e-01 -1.245132e+02
7.569477e+00 1.587401e-01 -1.115058e+02
7.569477e+00 1.714077e-01 -9.746048e+01
7.569477e+00 1.850862e-01 -8.229430e+01
7.569477e+00 1.998563e-01 -6.591785e+01
7.569477e+00 2.158051e-01 -5.744983e+01
7.569477e+00 2.330265e-01 -5.014676e+01
7.569477e+00 2.516223e-01 -4.226090e+01
7.569477e+00 2.717020e-01 -3.374574e+01
7.569477e+00 2.933841e-01 -2.727119e+01
7.569477e+00 3.167964e-01 -2.373706e+01
7.569477e+00 3.420771e-01 -1.992092e+01
7.569477e+00 3.693752e-01 -1.580024e+01
7.569477e+00 3.988518e-01 -1.157131e+01
7.569477e+00 4.306805e-01 -1.009907e+01
7.569477e+00 4.650493e-01 -8.509345e+00
7.569477e+00 5.021607e-01 -6.792757e+00
7.569477e+00 5.422336e-01 -4.939184e+00
7.569477e+00 5.855044e-01 -3.946436e+00
7.569477e+00 6.322283e-01 -3.344550e+00
7.569477e+00 6.826808e-01 -2.694632e+00
7.569477e+00 7.371594e-01 -1.992850e+00
7.569477e+00 7.959855e-01 -1.413321e+00
7.569477e+00 8.595059e-01 -1.206994e+00
7.569477e+00 9.280954e-01 -9.842013e-01
7.569477e+00 1.002158e+00 -7.436299e-01
7.569477e+00 1.082132e+00 -4.838608e-01
7.569477e+00 1.168487e+00 -4.051263e-01
7.569477e+00 1.261733e+00 -3.372931e-01
7.569477e+00 1.362421e+00 -2.640466e-01
7.569477e+00 1.471144e+00 -1.849551e-01
7.569477e+00 1.588542e+00 -1.361363e-01
7.569477e+00 1.715310e+00 -1.154528e-01
7.569477e+00 1.852193e+00 -9.311866e-02
7.569477e+00 2.000000e+00 -6.900227e-02
7.740867e+00 1.000000e-03 -3.004497e+02
7.740867e+00 1.079801e-03 -3.221682e+02
7.740867e+00 1.165970e-03 -3.452591e+02
7.740867e+00 1.259016e-03 -3.697736e+02
7.740867e+00 1.359487e-03 -3.957586e+02
7.740867e+00 1.467975e-03 -4.232568e+02
7.740867e+00 1.585121e-03 -4.523041e+02
7.740867e+00 1.711615e-03 -4.829290e+02
7.740867e+00 1.848204e-03 -5.151511e+02
7.740867e+00 1.995693e-03 -5.489762e+02
7.740867e+00 2.154951e-03 -5.843931e+02
7.740867e+00 2.326918e-03 -6.213757e+02
7.740867e+00 2.512609e-03 -6.598753e+02
7.740867e+00 2.713117e-03 -6.998182e+02
7.740867e+00 2.929627e-03 -7.411072e+02
7.740867e+00 3.163414e-03 -7.836137e+02
7.740867e+00 3.415858e-03 -8.271741e+02
7.740867e+00 3.688447e-03 -8.715938e+02
7.740867e+00 3.982789e-03 -9.166328e+02
7.740867e+00 4.300619e-03 -9.620039e+02
7.740867e+00 4.643813e-03 -1.007381e+03
7.740867e+00 5.014394e-03 -1.052378e+03
7.740867e+00 5.414548e-03 -1.096551e+03
7.740867e+00 5.846635e-03 -1.139413e+03
7.740867e+00 6.313202e-03 -1.180404e+03
7.740867e+00 6.817002e-03 -1.218892e+03
7.740867e+00 7.361006e-03 -1.254218e+03
7.740867e+00 7.948422e-03 -1.285638e+03
7.740867e+00 8.582714e-03 -1.312351e+03
7.740867e+00 9.267624e-03 -1.333557e+03
7.740867e+00 1.000719e-02 -1.348406e+03
7.740867e+00 1.080577e-02 -1.356037e+03
7.740867e+00 1.166809e-02 -1.355678e+03
7.740867e+00 1.259921e-02 -1.346643e+03
7.740867e+00 1.360464e-02 -1.328386e+03
7.740867e+00 1.469030e-02 -1.300584e+03
7.740867e+00 1.586261e-02 -1.263306e+03
7.740867e+00 1.712846e-02 -1.216991e+03
7.740867e+00 1.849533e-02 -1.162366e+03
7.740867e+00 1.997127e-02 -1.101007e+03
7.740867e+00 2.156500e-02 -1.035022e+03
7.740867e+00 2.328591e-02 -9.664451e+02
7.740867e+00 2.514415e-02 -8.980731e+02
7.740867e+00 2.715068e-02 -8.328900e+02
7.740867e+00 2.931733e-02 -7.731361e+02
7.740867e+00 3.165689e-02 -7.204536e+02
7.740867e+00 3.418314e-02 -6.758302e+02
7.740867e+00 3.691099e-02 -6.385760e+02
7.740867e+00 3.985652e-02 -6.064348e+02
7.740867e+00 4.303711e-02 -5.756209e+02
7.740867e+00 4.647152e-02 -5.415391e+02
7.740867e+00 5.017999e-02 -5.002826e+02
7.740867e+00 5.418441e-02 -4.612873e+02
7.740867e+00 5.850838e-02 -4.360356e+02
7.740867e+00 6.317741e-02 -4.087688e+02
7.740867e+00 6.821903e-02 -3.793260e+02
7.740867e+00 7.366298e-02 -3.478015e+02
7.740867e+00 7.954136e-02 -3.164961e+02
7.740867e+00 8.588885e-02 -2.826925e+02
7.740867e+00 9.274286e-02 -2.461913e+02
7.740867e+00 1.001438e-01 -2.067773e+02
7.740867e+00 1.081354e-01 -1.832606e+02
7.740867e+00 1.167647e-01 -1.669526e+02
7.740867e+00 1.260827e-01 -1.493432e+02
7.740867e+00 1.361442e-01 -1.303285e+02
7.740867e+00 1.470087e-01 -1.117995e+02
7.740867e+00 1.587401e-01 -1.003244e+02
7.740867e+00 1.714077e-01 -8.793368e+01
7.740867e+00 1.850862e-01 -7.455411e+01
7.740867e+00 1.998563e-01 -6.010684e+01
7.740867e+00 2.158051e-01 -5.254954e+01
7.740867e+00 2.330265e-01 -4.599569e+01
7.740867e+00 2.516223e-01 -3.891882e+01
7.740867e+00 2.717020e-01 -3.127722e+01
7.740867e+00 2.933841e-01 -2.543417e+01
7.740867e+00 3.167964e-01 -2.218570e+01
7.740867e+00 3.420771e-01 -1.867799e+01
7.740867e+00 3.693752e-01 -1.489037e+01
7.740867e+00 3.988518e-01 -1.100108e+01
7.740867e+00 4.306805e-01 -9.615176e+00
7.740867e+00 4.650493e-01 -8.118670e+00
7.740867e+00 5.021607e-01 -6.502741e+00
7.740867e+00 5.422336e-01 -4.757860e+00
7.740867e+00 5.855044e-01 -3.815614e+00
7.740867e+00 6.322283e-01 -3.237098e+00
7.740867e+00 6.826808e-01 -2.612416e+00
7.740867e+00 7.371594e-01 -1.937884e+00
7.740867e+00 7.959855e-01 -1.380227e+00
7.740867e+00 8.595059e-01 -1.179746e+00
7.740867e+00 9.280954e-01 -9.632659e-01
7.740867e+00 1.002158e+00 -7.295107e-01
7.740867e+00 1.082132e+00 -4.771015e-01
7.740867e+00 1.168487e+00 -3.999163e-01
7.740867e+00 1.261733e+00 -3.332109e-01
7.740867e+00 1.362421e+00 -2.611823e-01
7.740867e+00 1.471144e+00 -1.834058e-01
7.740867e+00 1.588542e+00 -1.353066e-01
7.740867e+00 1.715310e+00 -1.147870e-01
7.740867e+00 1.852193e+00 -9.262991e-02
7.740867e+00 2.000000e+00 -6.870465e-02
7.915684e+00 1.000000e-03 -2.668880e+02
7.915684e+00 1.079801e-03 -2.861844e+02
7.915684e+00 1.165970e-03 -3.067003e+02
7.915684e+00 1.259016e-03 -3.284813e+02
7.915684e+00 1.359487e-03 -3.515688e+02
7.915684e+00 1.467975e-03 -3.760006e+02
7.915684e+00 1.585121e-03 -4.018086e+02
7.915684e+00 1.711615e-03 -4.290179e+02
7.915684e+00 1.848204e-03 -4.576460e+02
7.915684e+00 1.995693e-03 -4.876979e+02
7.915684e+00 2.154951e-03 -5.191639e+02
7.915684e+00 2.326918e-03 -5.520210e+02
7.915684e+00 2.512609e-03 -5.862258e+02
7.915684e+00 2.713117e-03 -6.217128e+02
7.915684e+00 2.929627e-03 -6.583957e+02
7.915684e+00 3.163414e-03 -6.961600e+02
7.915684e+00 3.415858e-03 -7.348605e+02
7.915684e+00 3.688447e-03 -7.743245e+02
7.915684e+00 3.982789e-03 -8.143386e+02
7.915684e+00 4.300619e-03 -8.546476e+02
7.915684e+00 4.643813e-03 -8.949619e+02
7.915684e+00 5.014394e-03 -9.349387e+02
7.915684e+00 5.414548e-03 -9.741830e+02
7.915684e+00 5.846635e-03 -1.012263e+03
7.915684e+00 6.313202e-03 -1.048680e+03
7.915684e+00 6.817002e-03 -1.082874e+03
7.915684e+00 7.361006e-03 -1.114258e+03
7.915684e+00 7.948422e-03 -1.142173e+03
7.915684e+00 8.582714e-03 -1.165905e+03
7.915684e+00 9.267624e-03 -1.184745e+03
7.915684e+00 1.000719e-02 -1.197938e+03
7.915684e+00 1.080577e-02 -1.204718e+03
7.915684e+00 1.166809e-02 -1.204399e+03
7.915684e+00 1.259921e-02 -1.196373e+03
7.915684e+00 1.360464e-02 -1.180153e+03
7.915684e+00 1.469030e-02 -1.155454e+03
7.915684e+00 1.586261e-02 -1.122336e+03
7.915684e+00 1.712846e-02 -1.081189e+03
7.915684e+00 1.849533e-02 -1.032660e+03
7.915684e+00 1.997127e-02 -9.781478e+02
7.915684e+00 2.156500e-02 -9.195256e+02
7.915684e+00 2.328591e-02 -8.586013e+02
7.915684e+00 2.514415e-02 -7.978588e+02
7.915684e+00 2.715068e-02 -7.399494e+02
7.915684e+00 2.931733e-02 -6.868633e+02
7.915684e+00 3.165689e-02 -6.400596e+02
7.915684e+00 3.418314e-02 -6.004157e+02
7.915684e+00 3.691099e-02 -5.673186e+02
7.915684e+00 3.985652e-02 -5.387639e+02
7.915684e+00 4.303711e-02 -5.113885e+02
7.915684e+00 4.647152e-02 -4.811098e+02
7.915684e+00 5.017999e-02 -4.444570e+02
7.915684e+00 5.418441e-02 -4.098295e+02
7.915684e+00 5.850838e-02 -3.874412e+02
7.915684e+00 6.317741e-02 -3.632663e+02
7.915684e+00 6.821903e-02 -3.371622e+02
7.915684e+00 7.366298e-02 -3.092070e+02
7.915684e+00 7.954136e-02 -2.813911e+02
7.915684e+00 8.588885e-02 -2.513555e+02
7.915684e+00 9.274286e-02 -2.189230e+02
7.915684e+00 1.001438e-01 -1.839023e+02
7.915684e+00 1.081354e-01 -1.630661e+02
7.915684e+00 1.167647e-01 -1.486677e+02
7.915684e+00 1.260827e-01 -1.331204e+02
7.915684e+00 1.361442e-01 -1.163324e+02
7.915684e+00 1.470087e-01 -9.997634e+01
7.915684e+00 1.587401e-01 -8.986214e+01
7.915684e+00 1.714077e-01 -7.894082e+01
7.915684e+00 1.850862e-01 -6.714796e+01
7.915684e+00 1.998563e-01 -5.441403e+01
7.915684e+00 2.158051e-01 -4.769648e+01
7.915684e+00 2.330265e-01 -4.184758e+01
7.915684e+00 2.516223e-01 -3.553193e+01
7.915684e+00 2.717020e-01 -2.871228e+01
7.915684e+00 2.933841e-01 -2.347387e+01
7.915684e+00 3.167964e-01 -2.051871e+01
7.915684e+00 3.420771e-01 -1.732774e+01
7.915684e+00 3.693752e-01 -1.388212e+01
7.915684e+00 3.988518e-01 -1.034205e+01
7.915684e+00 4.306805e-01 -9.051458e+00
7.915684e+00 4.650493e-01 -7.657877e+00
7.915684e+00 5.021607e-01 -6.153088e+00
7.915684e+00 5.422336e-01 -4.528214e+00
7.915684e+00 5.855044e-01 -3.644603e+00
7.915684e+00 6.322283e-01 -3.096340e+00
7.915684e+00 6.826808e-01 -2.504324e+00
7.915684e+00 7.371594e-01 -1.865065e+00
7.915684e+00 7.959855e-01 -1.335726e+00
7.915684e+00 8.595059e-01 -1.142833e+00
7.915684e+00 9.280954e-01 -9.345470e-01
7.915684e+00 1.002158e+00 -7.096395e-01
7.915684e+00 1.082132e+00 -4.667843e-01
7.915684e+00 1.168487e+00 -3.916892e-01
7.915684e+00 1.261733e+00 -3.265402e-01
7.915684e+00 1.362421e+00 -2.561922e-01
7.915684e+00 1.471144e+00 -1.802304e-01
7.915684e+00 1.588542e+00 -1.331846e-01
7.915684e+00 1.715310e+00 -1.130091e-01
7.915684e+00 1.852193e+00 -9.122348e-02
7.915684e+00 2.000000e+00 -6.769939e-02
8.093998e+00 1.000000e-03 -2.367122e+02
8.093998e+00 1.079801e-03 -2.538303e+02
8.093998e+00 1.165970e-03 -2.720306e+02
8.093998e+00 1.259016e-03 -2.913532e+02
8.093998e+00 1.359487e-03 -3.118350e+02
8.093998e+00 1.467975e-03 -3.335093e+02
8.093998e+00 1.585121e-03 -3.564043e+02
8.093998e+00 1.711615e-03 -3.805420e+02
8.093998e+00 1.848204e-03 -4.059382e+02
8.093998e+00 1.995693e-03 -4.325971e+02
8.093998e+00 2.154951e-03 -4.605103e+02
8.093998e+00 2.326918e-03 -4.896574e+02
8.093998e+00 2.512609e-03 -5.200002e+02
8.093998e+00 2.713117e-03 -5.514803e+02
8.093998e+00 2.929627e-03 -5.840211e+02
8.093998e+00 3.163414e-03 -6.175211e+02
8.093998e+00 3.415858e-03 -6.518514e+02
8.093998e+00 3.688447e-03 -6.868590e+02
8.093998e+00 3.982789e-03 -7.223545e+02
8.093998e+00 4.300619e-03 -7.581116e+02
8.093998e+00 4.643813e-03 -7.938733e+02
8.093998e+00 5.014394e-03 -8.293356e+02
8.093998e+00 5.414548e-03 -8.641480e+02
8.093998e+00 5.846635e-03 -8.979275e+02
8.093998e+00 6.313202e-03 -9.302318e+02
8.093998e+00 6.817002e-03 -9.605647e+02
8.093998e+00 7.361006e-03 -9.884042e+02
8.093998e+00 7.948422e-03 -1.013166e+03
8.093998e+00 8.582714e-03 -1.034218e+03
8.093998e+00 9.267624e-03 -1.050931e+03
8.093998e+00 1.000719e-02 -1.062634e+03
8.093998e+00 1.080577e-02 -1.068649e+03
8.093998e+00 1.166809e-02 -1.068366e+03
8.093998e+00 1.259921e-02 -1.061247e+03
8.093998e+00 1.360464e-02 -1.046860e+03
8.093998e+00 1.469030e-02 -1.024950e+03
8.093998e+00 1.586261e-02 -9.955724e+02
8.093998e+00 1.712846e-02 -9.590730e+02
8.093998e+00 1.849533e-02 -9.160253e+02
8.093998e+00 1.997127e-02 -8.676703e+02
8.093998e+00 2.156500e-02 -8.156693e+02
8.093998e+00 2.328591e-02 -7.616262e+02
8.093998e+00 2.514415e-02 -7.077443e+02
8.093998e+00 2.715068e-02 -6.563755e+02
8.093998e+00 2.931733e-02 -6.092853e+02
8.093998e+00 3.165689e-02 -5.677678e+02
8.093998e+00 3.418314e-02 -5.326015e+02
8.093998e+00 3.691099e-02 -5.032426e+02
8.093998e+00 3.985652e-02 -4.779130e+02
8.093998e+00 4.303711e-02 -4.536295e+02
8.093998e+00 4.647152e-02 -4.267707e+02
8.093998e+00 5.017999e-02 -3.942577e+02
8.093998e+00 5.418441e-02 -3.635227e+02
8.093998e+00 5.850838e-02 -3.436116e+02
8.093998e+00 6.317741e-02 -3.221116e+02
8.093998e+00 6.821903e-02 -2.988958e+02
8.093998e+00 7.366298e-02 -2.740498e+02
8.093998e+00 7.954136e-02 -2.494923e+02
8.093998e+00 8.588885e-02 -2.229750e+02
8.093998e+00 9.274286e-02 -1.943416e+02
8.093998e+00 1.001438e-01 -1.634233e+02
8.093998e+00 1.081354e-01 -1.449937e+02
8.093998e+00 1.167647e-01 -1.322291e+02
8.093998e+00 1.260827e-01 -1.184458e+02
8.093998e+00 1.361442e-01 -1.035626e+02
8.093998e+00 1.470087e-01 -8.907293e+01
8.093998e+00 1.587401e-01 -8.016298e+01
8.093998e+00 1.714077e-01 -7.054201e+01
8.093998e+00 1.850862e-01 -6.015327e+01
8.093998e+00 1.998563e-01 -4.893550e+01
8.093998e+00 2.158051e-01 -4.298829e+01
8.093998e+00 2.330265e-01 -3.779805e+01
8.093998e+00 2.516223e-01 -3.219362e+01
8.093998e+00 2.717020e-01 -2.614195e+01
8.093998e+00 2.933841e-01 -2.147541e+01
8.093998e+00 3.167964e-01 -1.881063e+01
8.093998e+00 3.420771e-01 -1.593320e+01
8.093998e+00 3.693752e-01 -1.282614e+01
8.093998e+00 3.988518e-01 -9.632154e+00
8.093998e+00 4.306805e-01 -8.441720e+00
8.093998e+00 4.650493e-01 -7.156288e+00
8.093998e+00 5.021607e-01 -5.768277e+00
8.093998e+00 5.422336e-01 -4.269502e+00
8.093998e+00 5.855044e-01 -3.448584e+00
8.093998e+00 6.322283e-01 -2.933780e+00
8.093998e+00 6.826808e-01 -2.377894e+00
8.093998e+00 7.371594e-01 -1.777648e+00
8.093998e+00 7.959855e-01 -1.279828e+00
8.093998e+00 8.595059e-01 -1.096012e+00
8.093998e+00 9.280954e-01 -8.975274e-01
8.093998e+00 1.002158e+00 -6.832034e-01
8.093998e+00 1.082132e+00 -4.517761e-01
8.093998e+00 1.168487e+00 -3.796550e-01
8.093998e+00 1.261733e+00 -3.169196e-01
8.093998e+00 1.362421e+00 -2.491778e-01
8.093998e+00 1.471144e+00 -1.760302e-01
8.093998e+00 1.588542e+00 -1.305381e-01
8.093998e+00 1.715310e+00 -1.107399e-01
8.093998e+00 1.852193e+00 -8.936181e-02
8.093998e+00 2.000000e+00 -6.627770e-02
8.275878e+00 1.000000e-03 -2.094852e+02
8.275878e+00 1.079801e-03 -2.246376e+02
8.275878e+00 1.165970e-03 -2.407480e+02
8.275878e+00 1.259016e-03 -2.578521e+02
8.275878e+00 1.359487e-03 -2.759823e+02
8.275878e+00 1.467975e-03 -2.951680e+02
8.275878e+00 1.585121e-03 -3.154341e+02
8.275878e+00 1.711615e-03 -3.368000e+02
8.275878e+00 1.848204e-03 -3.592796e+02
8.275878e+00 1.995693e-03 -3.828766e+02
8.275878e+00 2.154951e-03 -4.075836e+02
8.275878e+00 2.326918e-03 -4.333829e+02
8.275878e+00 2.512609e-03 -4.602404e+02
8.275878e+00 2.713117e-03 -4.881046e+02
8.275878e+00 2.929627e-03 -5.169075e+02
8.275878e+00 3.163414e-03 -5.465593e+02
8.275878e+00 3.415858e-03 -5.769461e+02
8.275878e+00 3.688447e-03 -6.079321e+02
8.275878e+00 3.982789e-03 -6.393501e+02
8.275878e+00 4.300619e-03 -6.709995e+02
8.275878e+00 4.643813e-03 -7.026529e+02
8.275878e+00 5.014394e-03 -7.340412e+02
8.275878e+00 5.414548e-03 -7.648544e+02
8.275878e+00 5.846635e-03 -7.947532e+02
8.275878e+00 6.313202e-03 -8.233463e+02
8.275878e+00 6.817002e-03 -8.501944e+02
8.275878e+00 7.361006e-03 -8.748355e+02
8.275878e+00 7.948422e-03 -8.967526e+02
8.275878e+00 8.582714e-03 -9.153859e+02
8.275878e+00 9.267624e-03 -9.301786e+02
8.275878e+00 1.000719e-02 -9.405378e+02
8.275878e+00 1.080577e-02 -9.458621e+02
8.275878e+00 1.166809e-02 -9.456125e+02
8.275878e+00 1.259921e-02 -9.393115e+02
8.275878e+00 1.360464e-02 -9.265771e+02
8.275878e+00 1.469030e-02 -9.071850e+02
8.275878e+00 1.586261e-02 -8.811830e+02
8.275878e+00 1.712846e-02 -8.488774e+02
8.275878e+00 1.849533e-02 -8.107759e+02
8.275878e+00 1.997127e-02 -7.679768e+02
8.275878e+00 2.156500e-02 -7.219507e+02
8.275878e+00 2.328591e-02 -6.741170e+02
8.275878e+00 2.514415e-02 -6.264261e+02
8.275878e+00 2.715068e-02 -5.809595e+02
8.275878e+00 2.931733e-02 -5.392798e+02
8.275878e+00 3.165689e-02 -5.025326e+02
8.275878e+00 3.418314e-02 -4.714068e+02
8.275878e+00 3.691099e-02 -4.454212e+02
8.275878e+00 3.985652e-02 -4.230020e+02
8.275878e+00 4.303711e-02 -4.015085e+02
8.275878e+00 4.647152e-02 -3.777357e+02
8.275878e+00 5.017999e-02 -3.489584e+02
8.275878e+00 5.418441e-02 -3.217561e+02
8.275878e+00 5.850838e-02 -3.041364e+02
8.275878e+00 6.317741e-02 -2.851107e+02
8.275878e+00 6.821903e-02 -2.645666e+02
8.275878e+00 7.366298e-02 -2.425865e+02
8.275878e+00 7.954136e-02 -2.209295e+02
8.275878e+00 8.588885e-02 -1.975443e+02
8.275878e+00 9.274286e-02 -1.722929e+02
8.275878e+00 1.001438e-01 -1.450264e+02
8.275878e+00 1.081354e-01 -1.287374e+02
8.275878e+00 1.167647e-01 -1.174238e+02
8.275878e+00 1.260827e-01 -1.052075e+02
8.275878e+00 1.361442e-01 -9.201628e+01
8.275878e+00 1.470087e-01 -7.918042e+01
8.275878e+00 1.587401e-01 -7.131824e+01
8.275878e+00 1.714077e-01 -6.282865e+01
8.275878e+00 1.850862e-01 -5.366158e+01
8.275878e+00 1.998563e-01 -4.376297e+01
8.275878e+00 2.158051e-01 -3.850856e+01
8.275878e+00 2.330265e-01 -3.392027e+01
8.275878e+00 2.516223e-01 -2.896583e+01
8.275878e+00 2.717020e-01 -2.361603e+01
8.275878e+00 2.933841e-01 -1.947838e+01
8.275878e+00 3.167964e-01 -1.709371e+01
8.275878e+00 3.420771e-01 -1.451874e+01
8.275878e+00 3.693752e-01 -1.173829e+01
8.275878e+00 3.988518e-01 -8.878699e+00
8.275878e+00 4.306805e-01 -7.793200e+00
8.275878e+00 4.650493e-01 -6.621076e+00
8.275878e+00 5.021607e-01 -5.355416e+00
8.275878e+00 5.422336e-01 -3.988755e+00
8.275878e+00 5.855044e-01 -3.234201e+00
8.275878e+00 6.322283e-01 -2.755503e+00
8.275878e+00 6.826808e-01 -2.238605e+00
8.275878e+00 7.371594e-01 -1.680457e+00
8.275878e+00 7.959855e-01 -1.216728e+00
8.275878e+00 8.595059e-01 -1.042972e+00
8.275878e+00 9.280954e-01 -8.553501e-01
8.275878e+00 1.002158e+00 -6.527558e-01
8.275878e+00 1.082132e+00 -4.339943e-01
8.275878e+00 1.168487e+00 -3.651987e-01
8.275878e+00 1.261733e+00 -3.051726e-01
8.275878e+00 1.362421e+00 -2.403563e-01
8.275878e+00 1.471144e+00 -1.703676e-01
8.275878e+00 1.588542e+00 -1.267356e-01
8.275878e+00 1.715310e+00 -1.075882e-01
8.275878e+00 1.852193e+00 -8.691274e-02
8.275878e+00 2.000000e+00 -6.458740e-02
8.461396e+00 1.000000e-03 -1.848268e+02
8.461396e+00 1.079801e-03 -1.981984e+02
8.461396e+00 1.165970e-03 -2.124157e+02
8.461396e+00 1.259016e-03 -2.275101e+02
8.461396e+00 1.359487e-03 -2.435100e+02
8.461396e+00 1.467975e-03 -2.604414e+02
8.461396e+00 1.585121e-03 -2.783261e+02
8.461396e+00 1.711615e-03 -2.971812e+02
8.461396e+00 1.848204e-03 -3.170188e+02
8.461396e+00 1.995693e-03 -3.378423e+02
8.461396e+00 2.154951e-03 -3.596452e+02
8.461396e+00 2.326918e-03 -3.824118e+02
8.461396e+00 2.512609e-03 -4.061123e+02
8.461396e+00 2.713117e-03 -4.307011e+02
8.461396e+00 2.929627e-03 -4.561183e+02
8.461396e+00 3.163414e-03 -4.822844e+02
8.461396e+00 3.415858e-03 -5.090990e+02
8.461396e+00 3.688447e-03 -5.364423e+02
8.461396e+00 3.982789e-03 -5.641668e+02
8.461396e+00 4.300619e-03 -5.920954e+02
8.461396e+00 4.643813e-03 -6.200275e+02
8.461396e+00 5.014394e-03 -6.477257e+02
8.461396e+00 5.414548e-03 -6.749163e+02
8.461396e+00 5.846635e-03 -7.013000e+02
8.461396e+00 6.313202e-03 -7.265315e+02
8.461396e+00 6.817002e-03 -7.502231e+02
8.461396e+00 7.361006e-03 -7.719672e+02
8.461396e+00 7.948422e-03 -7.913074e+02
8.461396e+00 8.582714e-03 -8.077501e+02
8.461396e+00 9.267624e-03 -8.208037e+02
8.461396e+00 1.000719e-02 -8.299453e+02
8.461396e+00 1.080577e-02 -8.346440e+02
8.461396e+00 1.166809e-02 -8.344241e+02
8.461396e+00 1.259921e-02 -8.288641e+02
8.461396e+00 1.360464e-02 -8.176272e+02
8.461396e+00 1.469030e-02 -8.005154e+02
8.461396e+00 1.586261e-02 -7.775709e+02
8.461396e+00 1.712846e-02 -7.490640e+02
8.461396e+00 1.849533e-02 -7.154426e+02
8.461396e+00 1.997127e-02 -6.776761e+02
8.461396e+00 2.156500e-02 -6.370618e+02
8.461396e+00 2.328591e-02 -5.948526e+02
8.461396e+00 2.514415e-02 -5.527693e+02
8.461396e+00 2.715068e-02 -5.126488e+02
8.461396e+00 2.931733e-02 -4.758700e+02
8.461396e+00 3.165689e-02 -4.434436e+02
8.461396e+00 3.418314e-02 -4.159777e+02
8.461396e+00 3.691099e-02 -3.930475e+02
8.461396e+00 3.985652e-02 -3.732644e+02
8.461396e+00 4.303711e-02 -3.542982e+02
8.461396e+00 4.647152e-02 -3.333206e+02
8.461396e+00 5.017999e-02 -3.079270e+02
8.461396e+00 5.418441e-02 -2.839418e+02
8.461396e+00 5.850838e-02 -2.684453e+02
8.461396e+00 6.317741e-02 -2.517122e+02
8.461396e+00 6.821903e-02 -2.336438e+02
8.461396e+00 7.366298e-02 -2.143102e+02
8.461396e+00 7.954136e-02 -1.952381e+02
8.461396e+00 8.588885e-02 -1.746439e+02
8.461396e+00 9.274286e-02 -1.524064e+02
8.461396e+00 1.001438e-01 -1.283942e+02
8.461396e+00 1.081354e-01 -1.140052e+02
8.461396e+00 1.167647e-01 -1.039734e+02
8.461396e+00 1.260827e-01 -9.314101e+01
8.461396e+00 1.361442e-01 -8.144420e+01
8.461396e+00 1.470087e-01 -7.007256e+01
8.461396e+00 1.587401e-01 -6.315482e+01
8.461396e+00 1.714077e-01 -5.568504e+01
8.461396e+00 1.850862e-01 -4.761916e+01
8.461396e+00 1.998563e-01 -3.890961e+01
8.461396e+00 2.158051e-01 -3.428712e+01
8.461396e+00 2.330265e-01 -3.025094e+01
8.461396e+00 2.516223e-01 -2.589266e+01
8.461396e+00 2.717020e-01 -2.118659e+01
8.461396e+00 2.933841e-01 -1.753724e+01
8.461396e+00 3.167964e-01 -1.541697e+01
8.461396e+00 3.420771e-01 -1.312750e+01
8.461396e+00 3.693752e-01 -1.065533e+01
8.461396e+00 3.988518e-01 -8.111793e+00
8.461396e+00 4.306805e-01 -7.131525e+00
8.461396e+00 4.650493e-01 -6.073031e+00
8.461396e+00 5.021607e-01 -4.930068e+00
8.461396e+00 5.422336e-01 -3.695896e+00
8.461396e+00 5.855044e-01 -3.008512e+00
8.461396e+00 6.322283e-01 -2.566979e+00
8.461396e+00 6.826808e-01 -2.090210e+00
8.461396e+00 7.371594e-01 -1.575395e+00
8.461396e+00 7.959855e-01 -1.146941e+00
8.461396e+00 8.595059e-01 -9.841805e-01
8.461396e+00 9.280954e-01 -8.084310e-01
8.461396e+00 1.002158e+00 -6.186566e-01
8.461396e+00 1.082132e+00 -4.137380e-01
8.461396e+00 1.168487e+00 -3.487123e-01
8.461396e+00 1.261733e+00 -2.918050e-01
8.461396e+00 1.362421e+00 -2.303564e-01
8.461396e+00 1.471144e+00 -1.640042e-01
8.461396e+00 1.588542e+00 -1.224878e-01
8.461396e+00 1.715310e+00 -1.040393e-01
8.461396e+00 1.852193e+00 -8.411845e-02
8.461396e+00 2.000000e+00 -6.260794e-02
8.650623e+00 1.000000e-03 -1.627161e+02
8.650623e+00 1.079801e-03 -1.744906e+02
8.650623e+00 1.165970e-03 -1.870100e+02
8.650623e+00 1.259016e-03 -2.003019e+02
8.650623e+00 1.359487e-03 -2.143913e+02
8.650623e+00 1.467975e-03 -2.293009e+02
8.650623e+00 1.585121e-03 -2.450498e+02
8.650623e+00 1.711615e-03 -2.616530e+02
8.650623e+00 1.848204e-03 -2.791212e+02
8.650623e+00 1.995693e-03 -2.974573e+02
8.650623e+00 2.154951e-03 -3.166556e+02
8.650623e+00 2.326918e-03 -3.367025e+02
8.650623e+00 2.512609e-03 -3.575718e+02
8.650623e+00 2.713117e-03 -3.792232e+02
8.650623e+00 2.929627e-03 -4.016038e+02
8.650623e+00 3.163414e-03 -4.246439e+02
8.650623e+00 3.415858e-03 -4.482549e+02
8.650623e+00 3.688447e-03 -4.723314e+02
8.650623e+00 3.982789e-03 -4.967435e+02
8.650623e+00 4.300619e-03 -5.213353e+02
8.650623e+00 4.643813e-03 -5.459301e+02
8.650623e+00 5.014394e-03 -5.703189e+02
8.650623e+00 5.414548e-03 -5.942607e+02
8.650623e+00 5.846635e-03 -6.174921e+02
8.650623e+00 6.313202e-03 -6.397089e+02
8.650623e+00 6.817002e-03 -6.605697e+02
8.650623e+00 7.361006e-03 -6.797157e+02
8.650623e+00 7.948422e-03 -6.967451e+02
8.650623e+00 8.582714e-03 -7.112231e+02
8.650623e+00 9.267624e-03 -7.227172e+02
8.650623e+00 1.000719e-02 -7.307667e+02
8.650623e+00 1.080577e-02 -7.349043e+02
8.650623e+00 1.166809e-02 -7.347109e+02
8.650623e+00 1.259921e-02 -7.298155e+02
8.650623e+00 1.360464e-02 -7.199215e+02
8.650623e+00 1.469030e-02 -7.048547e+02
8.650623e+00 1.586261e-02 -6.846521e+02
8.650623e+00 1.712846e-02 -6.595518e+02
8.650623e+00 1.849533e-02 -6.299483e+02
8.650623e+00 1.997127e-02 -5.966948e+02
8.650623e+00 2.156500e-02 -5.609340e+02
8.650623e+00 2.328591e-02 -5.237687e+02
8.650623e+00 2.514415e-02 -4.867143e+02
8.650623e+00 2.715068e-02 -4.513882e+02
8.650623e+00 2.931733e-02 -4.190044e+02
8.650623e+00 3.165689e-02 -3.904529e+02
8.650623e+00 3.418314e-02 -3.662691e+02
8.650623e+00 3.691099e-02 -3.460790e+02
8.650623e+00 3.985652e-02 -3.286599e+02
8.650623e+00 4.303711e-02 -3.119602e+02
8.650623e+00 4.647152e-02 -2.934894e+02
8.650623e+00 5.017999e-02 -2.711303e+02
8.650623e+00 5.418441e-02 -2.500118e+02
8.650623e+00 5.850838e-02 -2.363686e+02
8.650623e+00 6.317741e-02 -2.216367e+02
8.650623e+00 6.821903e-02 -2.057292e+02
8.650623e+00 7.366298e-02 -1.887105e+02
8.650623e+00 7.954136e-02 -1.719493e+02
8.650623e+00 8.588885e-02 -1.538505e+02
8.650623e+00 9.274286e-02 -1.343074e+02
8.650623e+00 1.001438e-01 -1.132047e+02
8.650623e+00 1.081354e-01 -1.005316e+02
8.650623e+00 1.167647e-01 -9.167232e+01
8.650623e+00 1.260827e-01 -8.210606e+01
8.650623e+00 1.361442e-01 -7.177641e+01
8.650623e+00 1.470087e-01 -6.174124e+01
8.650623e+00 1.587401e-01 -5.567119e+01
8.650623e+00 1.714077e-01 -4.911674e+01
8.650623e+00 1.850862e-01 -4.203923e+01
8.650623e+00 1.998563e-01 -3.439694e+01
8.650623e+00 2.158051e-01 -3.034922e+01
8.650623e+00 2.330265e-01 -2.681830e+01
8.650623e+00 2.516223e-01 -2.300561e+01
8.650623e+00 2.717020e-01 -1.888866e+01
8.650623e+00 2.933841e-01 -1.568802e+01
8.650623e+00 3.167964e-01 -1.381408e+01
8.650623e+00 3.420771e-01 -1.179060e+01
8.650623e+00 3.693752e-01 -9.605643e+00
8.650623e+00 3.988518e-01 -7.356778e+00
8.650623e+00 4.306805e-01 -6.477753e+00
8.650623e+00 4.650493e-01 -5.528580e+00
8.650623e+00 5.021607e-01 -4.503663e+00
8.650623e+00 5.422336e-01 -3.396956e+00
8.650623e+00 5.855044e-01 -2.775537e+00
8.650623e+00 6.322283e-01 -2.371833e+00
8.650623e+00 6.826808e-01 -1.935913e+00
8.650623e+00 7.371594e-01 -1.465206e+00
8.650623e+00 7.959855e-01 -1.072812e+00
8.650623e+00 8.595059e-01 -9.217723e-01
8.650623e+00 9.280954e-01 -7.586791e-01
8.650623e+00 1.002158e+00 -5.825708e-01
8.650623e+00 1.082132e+00 -3.924089e-01
8.650623e+00 1.168487e+00 -3.312613e-01
8.650623e+00 1.261733e+00 -2.775147e-01
8.650623e+00 1.362421e+00 -2.194791e-01
8.650623e+00 1.471144e+00 -1.568121e-01
8.650623e+00 1.588542e+00 -1.174850e-01
8.650623e+00 1.715310e+00 -9.983300e-02
8.650623e+00 1.852193e+00 -8.077238e-02
8.650623e+00 2.000000e+00 -6.019069e-02
8.843636e+00 1.000000e-03 -1.424061e+02
8.843636e+00 1.079801e-03 -1.527132e+02
8.843636e+00 1.165970e-03 -1.636725e+02
8.843636e+00 1.259016e-03 -1.753082e+02
8.843636e+00 1.359487e-03 -1.876421e+02
8.843636e+00 1.467975e-03 -2.006940e+02
8.843636e+00 1.585121e-03 -2.144805e+02
8.843636e+00 1.711615e-03 -2.290148e+02
8.843636e+00 1.848204e-03 -2.443060e+02
8.843636e+00 1.995693e-03 -2.603568e+02
8.843636e+00 2.154951e-03 -2.771622e+02
8.843636e+00 2.326918e-03 -2.947103e+02
8.843636e+00 2.512609e-03 -3.129783e+02
8.843636e+00 2.713117e-03 -3.319309e+02
8.843636e+00 2.929627e-03 -3.515218e+02
8.843636e+00 3.163414e-03 -3.716898e+02
8.843636e+00 3.415858e-03 -3.923575e+02
8.843636e+00 3.688447e-03 -4.134327e+02
8.843636e+00 3.982789e-03 -4.348016e+02
8.843636e+00 4.300619e-03 -4.563277e+02
8.843636e+00 4.643813e-03 -4.778564e+02
8.843636e+00 5.014394e-03 -4.992048e+02
8.843636e+00 5.414548e-03 -5.201618e+02
8.843636e+00 5.846635e-03 -5.404970e+02
8.843636e+00 6.313202e-03 -5.599440e+02
8.843636e+00 6.817002e-03 -5.782042e+02
8.843636e+00 7.361006e-03 -5.949633e+02
8.843636e+00 7.948422e-03 -6.098696e+02
8.843636e+00 8.582714e-03 -6.225427e+02
8.843636e+00 9.267624e-03 -6.326039e+02
8.843636e+00 1.000719e-02 -6.396501e+02
8.843636e+00 1.080577e-02 -6.432720e+02
8.843636e+00 1.166809e-02 -6.431030e+02
8.843636e+00 1.259921e-02 -6.388181e+02
8.843636e+00 1.360464e-02 -6.301579e+02
8.843636e+00 1.469030e-02 -6.169698e+02
8.843636e+00 1.586261e-02 -5.992863e+02
8.843636e+00 1.712846e-02 -5.773157e+02
8.843636e+00 1.849533e-02 -5.514033e+02
8.843636e+00 1.997127e-02 -5.222961e+02
8.843636e+00 2.156500e-02 -4.909941e+02
8.843636e+00 2.328591e-02 -4.584629e+02
8.843636e+00 2.514415e-02 -4.260286e+02
8.843636e+00 2.715068e-02 -3.951071e+02
8.843636e+00 2.931733e-02 -3.667610e+02
8.843636e+00 3.165689e-02 -3.417695e+02
8.843636e+00 3.418314e-02 -3.206010e+02
8.843636e+00 3.691099e-02 -3.029284e+02
8.843636e+00 3.985652e-02 -2.876812e+02
8.843636e+00 4.303711e-02 -2.730636e+02
8.843636e+00 4.647152e-02 -2.568959e+02
8.843636e+00 5.017999e-02 -2.373246e+02
8.843636e+00 5.418441e-02 -2.188742e+02
8.843636e+00 5.850838e-02 -2.070297e+02
8.843636e+00 6.317741e-02 -1.942399e+02
8.843636e+00 6.821903e-02 -1.804295e+02
8.843636e+00 7.366298e-02 -1.656391e+02
8.843636e+00 7.954136e-02 -1.509141e+02
8.843636e+00 8.588885e-02 -1.350141e+02
8.843636e+00 9.274286e-02 -1.178453e+02
8.843636e+00 1.001438e-01 -9.930634e+01
8.843636e+00 1.081354e-01 -8.817904e+01
8.843636e+00 1.167647e-01 -8.040570e+01
8.843636e+00 1.260827e-01 -7.201204e+01
8.843636e+00 1.361442e-01 -6.294855e+01
8.843636e+00 1.470087e-01 -5.414792e+01
8.843636e+00 1.587401e-01 -4.884571e+01
8.843636e+00 1.714077e-01 -4.312038e+01
8.843636e+00 1.850862e-01 -3.693816e+01
8.843636e+00 1.998563e-01 -3.026260e+01
8.843636e+00 2.158051e-01 -2.673264e+01
8.843636e+00 2.330265e-01 -2.365571e+01
8.843636e+00 2.516223e-01 -2.033323e+01
8.843636e+00 2.717020e-01 -1.674562e+01
8.843636e+00 2.933841e-01 -1.395044e+01
8.843636e+00 3.167964e-01 -1.230317e+01
8.843636e+00 3.420771e-01 -1.052445e+01
8.843636e+00 3.693752e-01 -8.603786e+00
8.843636e+00 3.988518e-01 -6.626242e+00
8.843636e+00 4.306805e-01 -5.842938e+00
8.843636e+00 4.650493e-01 -4.997125e+00
8.843636e+00 5.021607e-01 -4.083816e+00
8.843636e+00 5.422336e-01 -3.097623e+00
8.843636e+00 5.855044e-01 -2.539767e+00
8.843636e+00 6.322283e-01 -2.173675e+00
8.843636e+00 6.826808e-01 -1.778369e+00
8.843636e+00 7.371594e-01 -1.351517e+00
8.843636e+00 7.959855e-01 -9.950888e-01
8.843636e+00 8.595059e-01 -8.560807e-01
8.843636e+00 9.280954e-01 -7.059796e-01
8.843636e+00 1.002158e+00 -5.439003e-01
8.843636e+00 1.082132e+00 -3.688869e-01
8.843636e+00 1.168487e+00 -3.119540e-01
8.843636e+00 1.261733e+00 -2.617241e-01
8.843636e+00 1.362421e+00 -2.074859e-01
8.843636e+00 1.471144e+00 -1.489194e-01
8.843636e+00 1.588542e+00 -1.120163e-01
8.843636e+00 1.715310e+00 -9.522755e-02
8.843636e+00 1.852193e+00 -7.709902e-02
8.843636e+00 2.000000e+00 -5.752381e-02
9.040509e+00 1.000000e-03 -1.247281e+02
9.040509e+00 1.079801e-03 -1.337577e+02
9.040509e+00 1.165970e-03 -1.433589e+02
9.040509e+00 1.259016e-03 -1.535527e+02
9.040509e+00 1.359487e-03 -1.643583e+02
9.040509e+00 1.467975e-03 -1.757929e+02
9.040509e+00 1.585121e-03 -1.878711e+02
9.040509e+00 1.711615e-03 -2.006043e+02
9.040509e+00 1.848204e-03 -2.140003e+02
9.040509e+00 1.995693e-03 -2.280616e+02
9.040509e+00 2.154951e-03 -2.427839e+02
9.040509e+00 2.326918e-03 -2.581568e+02
9.040509e+00 2.512609e-03 -2.741602e+02
9.040509e+00 2.713117e-03 -2.907634e+02
9.040509e+00 2.929627e-03 -3.079257e+02
9.040509e+00 3.163414e-03 -3.255936e+02
9.040509e+00 3.415858e-03 -3.436991e+02
9.040509e+00 3.688447e-03 -3.621616e+02
9.040509e+00 3.982789e-03 -3.808812e+02
9.040509e+00 4.300619e-03 -3.997386e+02
9.040509e+00 4.643813e-03 -4.185982e+02
9.040509e+00 5.014394e-03 -4.372998e+02
9.040509e+00 5.414548e-03 -4.556586e+02
9.040509e+00 5.846635e-03 -4.734725e+02
9.040509e+00 6.313202e-03 -4.905085e+02
9.040509e+00 6.817002e-03 -5.065047e+02
9.040509e+00 7.361006e-03 -5.211859e+02
9.040509e+00 7.948422e-03 -5.342442e+02
9.040509e+00 8.582714e-03 -5.453461e+02
9.040509e+00 9.267624e-03 -5.541600e+02
9.040509e+00 1.000719e-02 -5.603327e+02
9.040509e+00 1.080577e-02 -5.635057e+02
9.040509e+00 1.166809e-02 -5.633578e+02
9.040509e+00 1.259921e-02 -5.596044e+02
9.040509e+00 1.360464e-02 -5.520182e+02
9.040509e+00 1.469030e-02 -5.404655e+02
9.040509e+00 1.586261e-02 -5.249749e+02
9.040509e+00 1.712846e-02 -5.057287e+02
9.040509e+00 1.849533e-02 -4.830295e+02
9.040509e+00 1.997127e-02 -4.575316e+02
9.040509e+00 2.156500e-02 -4.301111e+02
9.040509e+00 2.328591e-02 -4.016137e+02
9.040509e+00 2.514415e-02 -3.732013e+02
9.040509e+00 2.715068e-02 -3.461141e+02
9.040509e+00 2.931733e-02 -3.212829e+02
9.040509e+00 3.165689e-02 -2.993903e+02
9.040509e+00 3.418314e-02 -2.808468e+02
9.040509e+00 3.691099e-02 -2.653655e+02
9.040509e+00 3.985652e-02 -2.520089e+02
9.040509e+00 4.303711e-02 -2.392039e+02
9.040509e+00 4.647152e-02 -2.250410e+02
9.040509e+00 5.017999e-02 -2.078965e+02
9.040509e+00 5.418441e-02 -1.917183e+02
9.040509e+00 5.850838e-02 -1.812987e+02
9.040509e+00 6.317741e-02 -1.700476e+02
9.040509e+00 6.821903e-02 -1.578987e+02
9.040509e+00 7.366298e-02 -1.448903e+02
9.040509e+00 7.954136e-02 -1.319665e+02
9.040509e+00 8.588885e-02 -1.180114e+02
9.040509e+00 9.274286e-02 -1.029427e+02
9.040509e+00 1.001438e-01 -8.667147e+01
9.040509e+00 1.081354e-01 -7.694436e+01
9.040509e+00 1.167647e-01 -7.018272e+01
9.040509e+00 1.260827e-01 -6.288149e+01
9.040509e+00 1.361442e-01 -5.499761e+01
9.040509e+00 1.470087e-01 -4.734017e+01
9.040509e+00 1.587401e-01 -4.271621e+01
9.040509e+00 1.714077e-01 -3.772326e+01
9.040509e+00 1.850862e-01 -3.233186e+01
9.040509e+00 1.998563e-01 -2.651023e+01
9.040509e+00 2.158051e-01 -2.343933e+01
9.040509e+00 2.330265e-01 -2.076562e+01
9.040509e+00 2.516223e-01 -1.787854e+01
9.040509e+00 2.717020e-01 -1.476107e+01
9.040509e+00 2.933841e-01 -1.232907e+01
9.040509e+00 3.167964e-01 -1.089036e+01
9.040509e+00 3.420771e-01 -9.336848e+00
9.040509e+00 3.693752e-01 -7.659361e+00
9.040509e+00 3.988518e-01 -5.931559e+00
9.040509e+00 4.306805e-01 -5.237818e+00
9.040509e+00 4.650493e-01 -4.488715e+00
9.040509e+00 5.021607e-01 -3.679833e+00
9.040509e+00 5.422336e-01 -2.806402e+00
9.040509e+00 5.855044e-01 -2.308739e+00
9.040509e+00 6.322283e-01 -1.978954e+00
9.040509e+00 6.826808e-01 -1.622853e+00
9.040509e+00 7.371594e-01 -1.238334e+00
9.040509e+00 7.959855e-01 -9.167014e-01
9.040509e+00 8.595059e-01 -7.895820e-01
9.040509e+00 9.280954e-01 -6.523183e-01
9.040509e+00 1.002158e+00 -5.041009e-01
9.040509e+00 1.082132e+00 -3.440555e-01
9.040509e+00 1.168487e+00 -2.914464e-01
9.040509e+00 1.261733e+00 -2.448771e-01
9.040509e+00 1.362421e+00 -1.945915e-01
9.040509e+00 1.471144e+00 -1.402931e-01
9.040509e+00 1.588542e+00 -1.059454e-01
9.040509e+00 1.715310e+00 -9.011808e-02
9.040509e+00 1.852193e+00 -7.302776e-02
9.040509e+00 2.000000e+00 -5.457361e-02
9.241319e+00 1.000000e-03 -1.086588e+02
9.241319e+00 1.079801e-03 -1.165268e+02
9.241319e+00 1.165970e-03 -1.248931e+02
9.241319e+00 1.259016e-03 -1.337759e+02
9.241319e+00 1.359487e-03 -1.431919e+02
9.241319e+00 1.467975e-03 -1.531560e+02
9.241319e+00 1.585121e-03 -1.636808e+02
9.241319e+00 1.711615e-03 -1.747763e+02
9.241319e+00 1.848204e-03 -1.864493e+02
9.241319e+00 1.995693e-03 -1.987017e+02
9.241319e+00 2.154951e-03 -2.115300e+02
9.241319e+00 2.326918e-03 -2.249251e+02
9.241319e+00 2.512609e-03 -2.388697e+02
9.241319e+00 2.713117e-03 -2.533368e+02
9.241319e+00 2.929627e-03 -2.682911e+02
9.241319e+00 3.163414e-03 -2.836858e+02
9.241319e+00 3.415858e-03 -2.994618e+02
9.241319e+00 3.688447e-03 -3.155488e+02
9.241319e+00 3.982789e-03 -3.318598e+02
9.241319e+00 4.300619e-03 -3.482909e+02
9.241319e+00 4.643813e-03 -3.647238e+02
9.241319e+00 5.014394e-03 -3.810190e+02
9.241319e+00 5.414548e-03 -3.970155e+02
9.241319e+00 5.846635e-03 -4.125372e+02
9.241319e+00 6.313202e-03 -4.273811e+02
9.241319e+00 6.817002e-03 -4.413189e+02
9.241319e+00 7.361006e-03 -4.541111e+02
9.241319e+00 7.948422e-03 -4.654891e+02
9.241319e+00 8.582714e-03 -4.751625e+02
9.241319e+00 9.267624e-03 -4.828423e+02
9.241319e+00 1.000719e-02 -4.882208e+02
9.241319e+00 1.080577e-02 -4.909857e+02
9.241319e+00 1.166809e-02 -4.908570e+02
9.241319e+00 1.259921e-02 -4.875868e+02
9.241319e+00 1.360464e-02 -4.809770e+02
9.241319e+00 1.469030e-02 -4.709112e+02
9.241319e+00 1.586261e-02 -4.574141e+02
9.241319e+00 1.712846e-02 -4.406449e+02
9.241319e+00 1.849533e-02 -4.208670e+02
9.241319e+00 1.997127e-02 -3.986505e+02
9.241319e+00 2.156500e-02 -3.747589e+02
9.241319e+00 2.328591e-02 -3.499289e+02
9.241319e+00 2.514415e-02 -3.251730e+02
9.241319e+00 2.715068e-02 -3.015717e+02
9.241319e+00 2.931733e-02 -2.799362e+02
9.241319e+00 3.165689e-02 -2.608610e+02
9.241319e+00 3.418314e-02 -2.447038e+02
9.241319e+00 3.691099e-02 -2.312149e+02
9.241319e+00 3.985652e-02 -2.195772e+02
9.241319e+00 4.303711e-02 -2.084201e+02
9.241319e+00 4.647152e-02 -1.960799e+02
9.241319e+00 5.017999e-02 -1.811418e+02
9.241319e+00 5.418441e-02 -1.670478e+02
9.241319e+00 5.850838e-02 -1.579755e+02
9.241319e+00 6.317741e-02 -1.481791e+02
9.241319e+00 6.821903e-02 -1.376010e+02
9.241319e+00 7.366298e-02 -1.262723e+02
9.241319e+00 7.954136e-02 -1.149946e+02
9.241319e+00 8.588885e-02 -1.028169e+02
9.241319e+00 9.274286e-02 -8.966749e+01
9.241319e+00 1.001438e-01 -7.546871e+01
9.241319e+00 1.081354e-01 -6.698928e+01
9.241319e+00 1.167647e-01 -6.110249e+01
9.241319e+00 1.260827e-01 -5.474593e+01
9.241319e+00 1.361442e-01 -4.788210e+01
9.241319e+00 1.470087e-01 -4.121929e+01
9.241319e+00 1.587401e-01 -3.721436e+01
9.241319e+00 1.714077e-01 -3.288983e+01
9.241319e+00 1.850862e-01 -2.822020e+01
9.241319e+00 1.998563e-01 -2.317793e+01
9.241319e+00 2.158051e-01 -2.050930e+01
9.241319e+00 2.330265e-01 -1.818221e+01
9.241319e+00 2.516223e-01 -1.566942e+01
9.241319e+00 2.717020e-01 -1.295610e+01
9.241319e+00 2.933841e-01 -1.083936e+01
9.241319e+00 3.167964e-01 -9.587097e+00
9.241319e+00 3.420771e-01 -8.234903e+00
9.241319e+00 3.693752e-01 -6.774803e+00
9.241319e+00 3.988518e-01 -5.270476e+00
9.241319e+00 4.306805e-01 -4.660099e+00
9.241319e+00 4.650493e-01 -4.001013e+00
9.241319e+00 5.021607e-01 -3.289331e+00
9.241319e+00 5.422336e-01 -2.520856e+00
9.241319e+00 5.855044e-01 -2.080325e+00
9.241319e+00 6.322283e-01 -1.786042e+00
9.241319e+00 6.826808e-01 -1.468274e+00
9.241319e+00 7.371594e-01 -1.125148e+00
9.241319e+00 7.959855e-01 -8.376294e-01
9.241319e+00 8.595059e-01 -7.224464e-01
9.241319e+00 9.280954e-01 -5.980716e-01
9.241319e+00 1.002158e+00 -4.637716e-01
9.241319e+00 1.082132e+00 -3.187543e-01
9.241319e+00 1.168487e+00 -2.704632e-01
9.241319e+00 1.261733e+00 -2.275421e-01
9.241319e+00 1.362421e+00 -1.811960e-01
9.241319e+00 1.471144e+00 -1.311514e-01
9.241319e+00 1.588542e+00 -9.939161e-02
9.241319e+00 1.715310e+00 -8.460307e-02
9.241319e+00 1.852193e+00 -6.863440e-02
9.241319e+00 2.000000e+00 -5.139141e-02
9.446145e+00 1.000000e-03 -9.439309e+01
9.446145e+00 1.079801e-03 -1.012297e+02
9.446145e+00 1.165970e-03 -1.084993e+02
9.446145e+00 1.259016e-03 -1.162180e+02
9.446145e+00 1.359487e-03 -1.244000e+02
9.446145e+00 1.467975e-03 -1.330583e+02
9.446145e+00 1.585121e-03 -1.422038e+02
9.446145e+00 1.711615e-03 -1.518451e+02
9.446145e+00 1.848204e-03 -1.619881e+02
9.446145e+00 1.995693e-03 -1.726344e+02
9.446145e+00 2.154951e-03 -1.837810e+02
9.446145e+00 2.326918e-03 -1.954200e+02
9.446145e+00 2.512609e-03 -2.075364e+02
9.446145e+00 2.713117e-03 -2.201068e+02
9.446145e+00 2.929627e-03 -2.331005e+02
9.446145e+00 3.163414e-03 -2.464768e+02
9.446145e+00 3.415858e-03 -2.601845e+02
9.446145e+00 3.688447e-03 -2.741622e+02
9.446145e+00 3.982789e-03 -2.883346e+02
9.446145e+00 4.300619e-03 -3.026112e+02
9.446145e+00 4.643813e-03 -3.168894e+02
9.446145e+00 5.014394e-03 -3.310480e+02
9.446145e+00 5.414548e-03 -3.449470e+02
9.446145e+00 5.846635e-03 -3.584334e+02
9.446145e+00 6.313202e-03 -3.713309e+02
9.446145e+00 6.817002e-03 -3.834411e+02
9.446145e+00 7.361006e-03 -3.945559e+02
9.446145e+00 7.948422e-03 -4.044420e+02
9.446145e+00 8.582714e-03 -4.128470e+02
9.446145e+00 9.267624e-03 -4.195199e+02
9.446145e+00 1.000719e-02 -4.241932e+02
9.446145e+00 1.080577e-02 -4.265957e+02
9.446145e+00 1.166809e-02 -4.264840e+02
9.446145e+00 1.259921e-02 -4.236428e+02
9.446145e+00 1.360464e-02 -4.179000e+02
9.446145e+00 1.469030e-02 -4.091543e+02
9.446145e+00 1.586261e-02 -3.974274e+02
9.446145e+00 1.712846e-02 -3.828574e+02
9.446145e+00 1.849533e-02 -3.656733e+02
9.446145e+00 1.997127e-02 -3.463704e+02
9.446145e+00 2.156500e-02 -3.256120e+02
9.446145e+00 2.328591e-02 -3.040383e+02
9.446145e+00 2.514415e-02 -2.825290e+02
9.446145e+00 2.715068e-02 -2.620228e+02
9.446145e+00 2.931733e-02 -2.432246e+02
9.446145e+00 3.165689e-02 -2.266510e+02
9.446145e+00 3.418314e-02 -2.126128e+02
9.446145e+00 3.691099e-02 -2.008928e+02
9.446145e+00 3.985652e-02 -1.907813e+02
9.446145e+00 4.303711e-02 -1.810874e+02
9.446145e+00 4.647152e-02 -1.703654e+02
9.446145e+00 5.017999e-02 -1.573864e+02
9.446145e+00 5.418441e-02 -1.451268e+02
9.446145e+00 5.850838e-02 -1.372053e+02
9.446145e+00 6.317741e-02 -1.286517e+02
9.446145e+00 6.821903e-02 -1.194155e+02
9.446145e+00 7.366298e-02 -1.095311e+02
9.446145e+00 7.954136e-02 -9.976610e+01
9.446145e+00 8.588885e-02 -8.922180e+01
9.446145e+00 9.274286e-02 -7.783607e+01
9.446145e+00 1.001438e-01 -6.554174e+01
9.446145e+00 1.081354e-01 -5.818356e+01
9.446145e+00 1.167647e-01 -5.306131e+01
9.446145e+00 1.260827e-01 -4.753031e+01
9.446145e+00 1.361442e-01 -4.155792e+01
9.446145e+00 1.470087e-01 -3.576402e+01
9.446145e+00 1.587401e-01 -3.229829e+01
9.446145e+00 1.714077e-01 -2.855599e+01
9.446145e+00 1.850862e-01 -2.451504e+01
9.446145e+00 1.998563e-01 -2.015163e+01
9.446145e+00 2.158051e-01 -1.784486e+01
9.446145e+00 2.330265e-01 -1.583437e+01
9.446145e+00 2.516223e-01 -1.366344e+01
9.446145e+00 2.717020e-01 -1.131926e+01
9.446145e+00 2.933841e-01 -9.488825e+00
9.446145e+00 3.167964e-01 -8.403005e+00
9.446145e+00 3.420771e-01 -7.230535e+00
9.446145e+00 3.693752e-01 -5.964500e+00
9.446145e+00 3.988518e-01 -4.659758e+00
9.446145e+00 4.306805e-01 -4.125079e+00
9.446145e+00 4.650493e-01 -3.547732e+00
9.446145e+00 5.021607e-01 -2.924311e+00
9.446145e+00 5.422336e-01 -2.251142e+00
9.446145e+00 5.855044e-01 -1.863160e+00
9.446145e+00 6.322283e-01 -1.602150e+00
9.446145e+00 6.826808e-01 -1.320312e+00
9.446145e+00 7.371594e-01 -1.015983e+00
9.446145e+00 7.959855e-01 -7.605045e-01
9.446145e+00 8.595059e-01 -6.567354e-01
9.446145e+00 9.280954e-01 -5.446854e-01
9.446145e+00 1.002158e+00 -4.236937e-01
9.446145e+00 1.082132e+00 -2.930467e-01
9.446145e+00 1.168487e+00 -2.490888e-01
9.446145e+00 1.261733e+00 -2.098943e-01
9.446145e+00 1.362421e+00 -1.675720e-01
9.446145e+00 1.471144e+00 -1.218724e-01
9.446145e+00 1.588542e+00 -9.274180e-02
9.446145e+00 1.715310e+00 -7.898632e-02
9.446145e+00 1.852193e+00 -6.413314e-02
9.446145e+00 2.000000e+00 -4.809466e-02
9.655068e+00 1.000000e-03 -8.122729e+01
9.655068e+00 1.079801e-03 -8.711169e+01
9.655068e+00 1.165970e-03 -9.336898e+01
9.655068e+00 1.259016e-03 -1.000128e+02
9.655068e+00 1.359487e-03 -1.070556e+02
9.655068e+00 1.467975e-03 -1.145084e+02
9.655068e+00 1.585121e-03 -1.223805e+02
9.655068e+00 1.711615e-03 -1.306793e+02
9.655068e+00 1.848204e-03 -1.394098e+02
9.655068e+00 1.995693e-03 -1.485734e+02
9.655068e+00 2.154951e-03 -1.581675e+02
9.655068e+00 2.326918e-03 -1.681854e+02
9.655068e+00 2.512609e-03 -1.786141e+02
9.655068e+00 2.713117e-03 -1.894336e+02
9.655068e+00 2.929627e-03 -2.006174e+02
9.655068e+00 3.163414e-03 -2.121305e+02
9.655068e+00 3.415858e-03 -2.239287e+02
9.655068e+00 3.688447e-03 -2.359594e+02
9.655068e+00 3.982789e-03 -2.481575e+02
9.655068e+00 4.300619e-03 -2.604453e+02
9.655068e+00 4.643813e-03 -2.727345e+02
9.655068e+00 5.014394e-03 -2.849207e+02
9.655068e+00 5.414548e-03 -2.968834e+02
9.655068e+00 5.846635e-03 -3.084911e+02
9.655068e+00 6.313202e-03 -3.195918e+02
9.655068e+00 6.817002e-03 -3.300150e+02
9.655068e+00 7.361006e-03 -3.395814e+02
9.655068e+00 7.948422e-03 -3.480902e+02
9.655068e+00 8.582714e-03 -3.553244e+02
9.655068e+00 9.267624e-03 -3.610677e+02
9.655068e+00 1.000719e-02 -3.650900e+02
9.655068e+00 1.080577e-02 -3.671579e+02
9.655068e+00 1.166809e-02 -3.670619e+02
9.655068e+00 1.259921e-02 -3.646167e+02
9.655068e+00 1.360464e-02 -3.596741e+02
9.655068e+00 1.469030e-02 -3.521471e+02
9.655068e+00 1.586261e-02 -3.420542e+02
9.655068e+00 1.712846e-02 -3.295142e+02
9.655068e+00 1.849533e-02 -3.147244e+02
9.655068e+00 1.997127e-02 -2.981110e+02
9.655068e+00 2.156500e-02 -2.802449e+02
9.655068e+00 2.328591e-02 -2.616771e+02
9.655068e+00 2.514415e-02 -2.431646e+02
9.655068e+00 2.715068e-02 -2.255156e+02
9.655068e+00 2.931733e-02 -2.093365e+02
9.655068e+00 3.165689e-02 -1.950721e+02
9.655068e+00 3.418314e-02 -1.829897e+02
9.655068e+00 3.691099e-02 -1.729027e+02
9.655068e+00 3.985652e-02 -1.642000e+02
9.655068e+00 4.303711e-02 -1.558568e+02
9.655068e+00 4.647152e-02 -1.466287e+02
9.655068e+00 5.017999e-02 -1.354580e+02
9.655068e+00 5.418441e-02 -1.249149e+02
9.655068e+00 5.850838e-02 -1.181204e+02
9.655068e+00 6.317741e-02 -1.107838e+02
9.655068e+00 6.821903e-02 -1.028616e+02
9.655068e+00 7.366298e-02 -9.438307e+01
9.655068e+00 7.954136e-02 -8.600136e+01
9.655068e+00 8.588885e-02 -7.695079e+01
9.655068e+00 9.274286e-02 -6.717798e+01
9.655068e+00 1.001438e-01 -5.662528e+01
9.655068e+00 1.081354e-01 -5.027541e+01
9.655068e+00 1.167647e-01 -4.582576e+01
9.655068e+00 1.260827e-01 -4.102102e+01
9.655068e+00 1.361442e-01 -3.583287e+01
9.655068e+00 1.470087e-01 -3.080715e+01
9.655068e+00 1.587401e-01 -2.783600e+01
9.655068e+00 1.714077e-01 -2.462775e+01
9.655068e+00 1.850862e-01 -2.116348e+01
9.655068e+00 1.998563e-01 -1.742276e+01
9.655068e+00 2.158051e-01 -1.543863e+01
9.655068e+00 2.330265e-01 -1.370666e+01
9.655068e+00 2.516223e-01 -1.183647e+01
9.655068e+00 2.717020e-01 -9.817041e+00
9.655068e+00 2.933841e-01 -8.240639e+00
9.655068e+00 3.167964e-01 -7.306311e+00
9.655068e+00 3.420771e-01 -6.297422e+00
9.655068e+00 3.693752e-01 -5.208023e+00
9.655068e+00 3.988518e-01 -4.085027e+00
9.655068e+00 4.306805e-01 -3.620575e+00
9.655068e+00 4.650493e-01 -3.119060e+00
9.655068e+00 5.021607e-01 -2.577523e+00
9.655068e+00 5.422336e-01 -1.992771e+00
9.655068e+00 5.855044e-01 -1.654031e+00
9.655068e+00 6.322283e-01 -1.424649e+00
9.655068e+00 6.826808e-01 -1.176962e+00
9.655068e+00 7.371594e-01 -9.095094e-01
9.655068e+00 7.959855e-01 -6.845830e-01
9.655068e+00 8.595059e-01 -5.919962e-01
9.655068e+00 9.280954e-01 -4.920209e-01
9.655068e+00 1.002158e+00 -3.840675e-01
9.655068e+00 1.082132e+00 -2.674993e-01
9.655068e+00 1.168487e+00 -2.278573e-01
9.655068e+00 1.261733e+00 -1.923960e-01
9.655068e+00 1.362421e+00 -1.541048e-01
9.655068e+00 1.471144e+00 -1.127580e-01
9.655068e+00 1.588542e+00 -8.626468e-02
9.655068e+00 1.715310e+00 -7.355098e-02
9.655068e+00 1.852193e+00 -5.982271e-02
9.655068e+00 2.000000e+00 -4.499891e-02
9.868170e+00 1.000000e-03 -7.010674e+01
9.868170e+00 1.079801e-03 -7.518672e+01
9.868170e+00 1.165970e-03 -8.058875e+01
9.868170e+00 1.259016e-03 -8.632460e+01
9.868170e+00 1.359487e-03 -9.240493e+01
9.868170e+00 1.467975e-03 -9.883926e+01
9.868170e+00 1.585121e-03 -1.056356e+02
9.868170e+00 1.711615e-03 -1.128003e+02
9.868170e+00 1.848204e-03 -1.203375e+02
9.868170e+00 1.995693e-03 -1.282485e+02
9.868170e+00 2.154951e-03 -1.365311e+02
9.868170e+00 2.326918e-03 -1.451795e+02
9.868170e+00 2.512609e-03 -1.541825e+02
9.868170e+00 2.713117e-03 -1.635228e+02
9.868170e+00 2.929627e-03 -1.731776e+02
9.868170e+00 3.163414e-03 -1.831168e+02
9.868170e+00 3.415858e-03 -1.933020e+02
9.868170e+00 3.688447e-03 -2.036878e+02
9.868170e+00 3.982789e-03 -2.142182e+02
9.868170e+00 4.300619e-03 -2.248259e+02
9.868170e+00 4.643813e-03 -2.354348e+02
9.868170e+00 5.014394e-03 -2.459548e+02
9.868170e+00 5.414548e-03 -2.562818e+02
9.868170e+00 5.846635e-03 -2.663024e+02
9.868170e+00 6.313202e-03 -2.758853e+02
9.868170e+00 6.817002e-03 -2.848833e+02
9.868170e+00 7.361006e-03 -2.931416e+02
9.868170e+00 7.948422e-03 -3.004871e+02
9.868170e+00 8.582714e-03 -3.067321e+02
9.868170e+00 9.267624e-03 -3.116901e+02
9.868170e+00 1.000719e-02 -3.151626e+02
9.868170e+00 1.080577e-02 -3.169477e+02
9.868170e+00 1.166809e-02 -3.168650e+02
9.868170e+00 1.259921e-02 -3.147544e+02
9.868170e+00 1.360464e-02 -3.104878e+02
9.868170e+00 1.469030e-02 -3.039902e+02
9.868170e+00 1.586261e-02 -2.952775e+02
9.868170e+00 1.712846e-02 -2.844525e+02
9.868170e+00 1.849533e-02 -2.716853e+02
9.868170e+00 1.997127e-02 -2.573438e+02
9.868170e+00 2.156500e-02 -2.419209e+02
9.868170e+00 2.328591e-02 -2.258923e+02
9.868170e+00 2.514415e-02 -2.099115e+02
9.868170e+00 2.715068e-02 -1.946760e+02
9.868170e+00 2.931733e-02 -1.807094e+02
9.868170e+00 3.165689e-02 -1.683957e+02
9.868170e+00 3.418314e-02 -1.579656e+02
9.868170e+00 3.691099e-02 -1.492580e+02
9.868170e+00 3.985652e-02 -1.417455e+02
9.868170e+00 4.303711e-02 -1.345431e+02
9.868170e+00 4.647152e-02 -1.265770e+02
9.868170e+00 5.017999e-02 -1.169339e+02
9.868170e+00 5.418441e-02 -1.078134e+02
9.868170e+00 5.850838e-02 -1.018946e+02
9.868170e+00 6.317741e-02 -9.550346e+01
9.868170e+00 6.821903e-02 -8.860232e+01
9.868170e+00 7.366298e-02 -8.122410e+01
9.868170e+00 7.954136e-02 -7.400908e+01
9.868170e+00 8.588885e-02 -6.621829e+01
9.868170e+00 9.274286e-02 -5.780578e+01
9.868170e+00 1.001438e-01 -4.872195e+01
9.868170e+00 1.081354e-01 -4.325326e+01
9.868170e+00 1.167647e-01 -3.941879e+01
9.868170e+00 1.260827e-01 -3.527834e+01
9.868170e+00 1.361442e-01 -3.080747e+01
9.868170e+00 1.470087e-01 -2.647972e+01
9.868170e+00 1.587401e-01 -2.393614e+01
9.868170e+00 1.714077e-01 -2.118956e+01
9.868170e+00 1.850862e-01 -1.822381e+01
9.868170e+00 1.998563e-01 -1.502140e+01
9.868170e+00 2.158051e-01 -1.331788e+01
9.868170e+00 2.330265e-01 -1.182886e+01
9.868170e+00 2.516223e-01 -1.022101e+01
9.868170e+00 2.717020e-01 -8.484864e+00
9.868170e+00 2.933841e-01 -7.129974e+00
9.868170e+00 3.167964e-01 -6.327604e+00
9.868170e+00 3.420771e-01 -5.461204e+00
9.868170e+00 3.693752e-01 -4.525665e+00
9.868170e+00 3.988518e-01 -3.561098e+00
9.868170e+00 4.306805e-01 -3.159587e+00
9.868170e+00 4.650493e-01 -2.726034e+00
9.868170e+00 5.021607e-01 -2.257884e+00
9.868170e+00 5.422336e-01 -1.752375e+00
9.868170e+00 5.855044e-01 -1.458389e+00
9.868170e+00 6.322283e-01 -1.258314e+00
9.868170e+00 6.826808e-01 -1.042272e+00
9.868170e+00 7.371594e-01 -8.089901e-01
9.868170e+00 7.959855e-01 -6.124190e-01
9.868170e+00 8.595059e-01 -5.303500e-01
9.868170e+00 9.280954e-01 -4.417317e-01
9.868170e+00 1.002158e+00 -3.460417e-01
9.868170e+00 1.082132e+00 -2.427155e-01
9.868170e+00 1.168487e+00 -2.071421e-01
9.868170e+00 1.261733e+00 -1.752028e-01
9.868170e+00 1.362421e+00 -1.407147e-01
9.868170e+00 1.471144e+00 -1.034744e-01
9.868170e+00 1.588542e+00 -7.950843e-02
9.868170e+00 1.715310e+00 -6.785400e-02
9.868170e+00 1.852193e+00 -5.526954e-02
9.868170e+00 2.000000e+00 -4.168082e-02
1.008553e+01 1.000000e-03 -6.007281e+01
1.008553e+01 1.079801e-03 -6.442677e+01
1.008553e+01 1.165970e-03 -6.905686e+01
1.008553e+01 1.259016e-03 -7.397316e+01
1.008553e+01 1.359487e-03 -7.918479e+01
1.008553e+01 1.467975e-03 -8.469987e+01
1.008553e+01 1.585121e-03 -9.052524e+01
1.008553e+01 1.711615e-03 -9.666625e+01
1.008553e+01 1.848204e-03 -1.031265e+02
1.008553e+01 1.995693e-03 -1.099070e+02
1.008553e+01 2.154951e-03 -1.170059e+02
1.008553e+01 2.326918e-03 -1.244183e+02
1.008553e+01 2.512609e-03 -1.321346e+02
1.008553e+01 2.713117e-03 -1.401400e+02
1.008553e+01 2.929627e-03 -1.484149e+02
1.008553e+01 3.163414e-03 -1.569335e+02
1.008553e+01 3.415858e-03 -1.656629e+02
1.008553e+01 3.688447e-03 -1.745643e+02
1.008553e+01 3.982789e-03 -1.835895e+02
1.008553e+01 4.300619e-03 -1.926809e+02
1.008553e+01 4.643813e-03 -2.017734e+02
1.008553e+01 5.014394e-03 -2.107896e+02
1.008553e+01 5.414548e-03 -2.196405e+02
1.008553e+01 5.846635e-03 -2.282287e+02
1.008553e+01 6.313202e-03 -2.364418e+02
1.008553e+01 6.817002e-03 -2.441535e+02
1.008553e+01 7.361006e-03 -2.512314e+02
1.008553e+01 7.948422e-03 -2.575268e+02
1.008553e+01 8.582714e-03 -2.628792e+02
1.008553e+01 9.267624e-03 -2.671286e+02
1.008553e+01 1.000719e-02 -2.701047e+02
1.008553e+01 1.080577e-02 -2.716348e+02
1.008553e+01 1.166809e-02 -2.715640e+02
1.008553e+01 1.259921e-02 -2.697552e+02
1.008553e+01 1.360464e-02 -2.660987e+02
1.008553e+01 1.469030e-02 -2.605301e+02
1.008553e+01 1.586261e-02 -2.530631e+02
1.008553e+01 1.712846e-02 -2.437857e+02
1.008553e+01 1.849533e-02 -2.328438e+02
1.008553e+01 1.997127e-02 -2.205527e+02
1.008553e+01 2.156500e-02 -2.073347e+02
1.008553e+01 2.328591e-02 -1.935977e+02
1.008553e+01 2.514415e-02 -1.799016e+02
1.008553e+01 2.715068e-02 -1.668442e+02
1.008553e+01 2.931733e-02 -1.548744e+02
1.008553e+01 3.165689e-02 -1.443211e+02
1.008553e+01 3.418314e-02 -1.353822e+02
1.008553e+01 3.691099e-02 -1.279194e+02
1.008553e+01 3.985652e-02 -1.214809e+02
1.008553e+01 4.303711e-02 -1.153082e+02
1.008553e+01 4.647152e-02 -1.084810e+02
1.008553e+01 5.017999e-02 -1.002165e+02
1.008553e+01 5.418441e-02 -9.238673e+01
1.008553e+01 5.850838e-02 -8.727744e+01
1.008553e+01 6.317741e-02 -8.176042e+01
1.008553e+01 6.821903e-02 -7.580315e+01
1.008553e+01 7.366298e-02 -6.944107e+01
1.008553e+01 7.954136e-02 -6.329214e+01
1.008553e+01 8.588885e-02 -5.665253e+01
1.008553e+01 9.274286e-02 -4.948307e+01
1.008553e+01 1.001438e-01 -4.174147e+01
1.008553e+01 1.081354e-01 -3.706301e+01
1.008553e+01 1.167647e-01 -3.376737e+01
1.008553e+01 1.260827e-01 -3.020874e+01
1.008553e+01 1.361442e-01 -2.636612e+01
1.008553e+01 1.470087e-01 -2.265013e+01
1.008553e+01 1.587401e-01 -2.048327e+01
1.008553e+01 1.714077e-01 -1.814349e+01
1.008553e+01 1.850862e-01 -1.561700e+01
1.008553e+01 1.998563e-01 -1.288888e+01
1.008553e+01 2.158051e-01 -1.143450e+01
1.008553e+01 2.330265e-01 -1.016196e+01
1.008553e+01 2.516223e-01 -8.787873e+00
1.008553e+01 2.717020e-01 -7.304131e+00
1.008553e+01 2.933841e-01 -6.145249e+00
1.008553e+01 3.167964e-01 -5.457249e+00
1.008553e+01 3.420771e-01 -4.714345e+00
1.008553e+01 3.693752e-01 -3.912157e+00
1.008553e+01 3.988518e-01 -3.085034e+00
1.008553e+01 4.306805e-01 -2.740086e+00
1.008553e+01 4.650493e-01 -2.367610e+00
1.008553e+01 5.021607e-01 -1.965411e+00
1.008553e+01 5.422336e-01 -1.531115e+00
1.008553e+01 5.855044e-01 -1.277428e+00
1.008553e+01 6.322283e-01 -1.103811e+00
1.008553e+01 6.826808e-01 -9.163392e-01
1.008553e+01 7.371594e-01 -7.139072e-01
1.008553e+01 7.959855e-01 -5.430836e-01
1.008553e+01 8.595059e-01 -4.710170e-01
1.008553e+01 9.280954e-01 -3.931994e-01
1.008553e+01 1.002158e+00 -3.091719e-01
1.008553e+01 1.082132e+00 -2.184389e-01
1.008553e+01 1.168487e+00 -1.867905e-01
1.008553e+01 1.261733e+00 -1.582655e-01
1.008553e+01 1.362421e+00 -1.274641e-01
1.008553e+01 1.471144e+00 -9.420479e-02
1.008553e+01 1.588542e+00 -7.270594e-02
1.008553e+01 1.715310e+00 -6.211204e-02
1.008553e+01 1.852193e+00 -5.067273e-02
1.008553e+01 2.000000e+00 -3.832055e-02
1.030724e+01 1.000000e-03 -5.124720e+01
1.030724e+01 1.079801e-03 -5.496240e+01
1.030724e+01 1.165970e-03 -5.891332e+01
1.030724e+01 1.259016e-03 -6.310855e+01
1.030724e+01 1.359487e-03 -6.755586e+01
1.030724e+01 1.467975e-03 -7.226214e+01
1.030724e+01 1.585121e-03 -7.723321e+01
1.030724e+01 1.711615e-03 -8.247358e+01
1.030724e+01 1.848204e-03 -8.798631e+01
1.030724e+01 1.995693e-03 -9.377224e+01
1.030724e+01 2.154951e-03 -9.982975e+01
1.030724e+01 2.326918e-03 -1.061547e+02
1.030724e+01 2.512609e-03 -1.127390e+02
1.030724e+01 2.713117e-03 -1.195699e+02
1.030724e+01 2.929627e-03 -1.266308e+02
1.030724e+01 3.163414e-03 -1.338996e+02
1.030724e+01 3.415858e-03 -1.413483e+02
1.030724e+01 3.688447e-03 -1.489437e+02
1.030724e+01 3.982789e-03 -1.566447e+02
1.030724e+01 4.300619e-03 -1.644022e+02
1.030724e+01 4.643813e-03 -1.721605e+02
1.030724e+01 5.014394e-03 -1.798538e+02
1.030724e+01 5.414548e-03 -1.874060e+02
1.030724e+01 5.846635e-03 -1.947341e+02
1.030724e+01 6.313202e-03 -2.017420e+02
1.030724e+01 6.817002e-03 -2.083222e+02
1.030724e+01 7.361006e-03 -2.143615e+02
1.030724e+01 7.948422e-03 -2.197332e+02
1.030724e+01 8.582714e-03 -2.243003e+02
1.030724e+01 9.267624e-03 -2.279262e+02
1.030724e+01 1.000719e-02 -2.304657e+02
1.030724e+01 1.080577e-02 -2.317713e+02
1.030724e+01 1.166809e-02 -2.317110e+02
1.030724e+01 1.259921e-02 -2.301677e+02
1.030724e+01 1.360464e-02 -2.270479e+02
1.030724e+01 1.469030e-02 -2.222966e+02
1.030724e+01 1.586261e-02 -2.159254e+02
1.030724e+01 1.712846e-02 -2.080096e+02
1.030724e+01 1.849533e-02 -1.986734e+02
1.030724e+01 1.997127e-02 -1.881861e+02
1.030724e+01 2.156500e-02 -1.769079e+02
1.030724e+01 2.328591e-02 -1.651868e+02
1.030724e+01 2.514415e-02 -1.535007e+02
1.030724e+01 2.715068e-02 -1.423595e+02
1.030724e+01 2.931733e-02 -1.321463e+02
1.030724e+01 3.165689e-02 -1.231417e+02
1.030724e+01 3.418314e-02 -1.155146e+02
1.030724e+01 3.691099e-02 -1.091470e+02
1.030724e+01 3.985652e-02 -1.036533e+02
1.030724e+01 4.303711e-02 -9.838654e+01
1.030724e+01 4.647152e-02 -9.256120e+01
1.030724e+01 5.017999e-02 -8.550955e+01
1.030724e+01 5.418441e-02 -7.882326e+01
1.030724e+01 5.850838e-02 -7.444830e+01
1.030724e+01 6.317741e-02 -6.972423e+01
1.030724e+01 6.821903e-02 -6.462316e+01
1.030724e+01 7.366298e-02 -5.917782e+01
1.030724e+01 7.954136e-02 -5.393915e+01
1.030724e+01 8.588885e-02 -4.828242e+01
1.030724e+01 9.274286e-02 -4.217428e+01
1.030724e+01 1.001438e-01 -3.557870e+01
1.030724e+01 1.081354e-01 -3.159116e+01
1.030724e+01 1.167647e-01 -2.878082e+01
1.030724e+01 1.260827e-01 -2.574621e+01
1.030724e+01 1.361442e-01 -2.246944e+01
1.030724e+01 1.470087e-01 -1.930195e+01
1.030724e+01 1.587401e-01 -1.746115e+01
1.030724e+01 1.714077e-01 -1.547345e+01
1.030724e+01 1.850862e-01 -1.332712e+01
1.030724e+01 1.998563e-01 -1.100952e+01
1.030724e+01 2.158051e-01 -9.770515e+00
1.030724e+01 2.330265e-01 -8.685020e+00
1.030724e+01 2.516223e-01 -7.512901e+00
1.030724e+01 2.717020e-01 -6.247246e+00
1.030724e+01 2.933841e-01 -5.259399e+00
1.030724e+01 3.167964e-01 -4.674162e+00
1.030724e+01 3.420771e-01 -4.042223e+00
1.030724e+01 3.693752e-01 -3.359854e+00
1.030724e+01 3.988518e-01 -2.656183e+00
1.030724e+01 4.306805e-01 -2.361371e+00
1.030724e+01 4.650493e-01 -2.043032e+00
1.030724e+01 5.021607e-01 -1.699290e+00
1.030724e+01 5.422336e-01 -1.328116e+00
1.030724e+01 5.855044e-01 -1.110641e+00
1.030724e+01 6.322283e-01 -9.612375e-01
1.030724e+01 6.826808e-01 -7.999119e-01
1.030724e+01 7.371594e-01 -6.257124e-01
1.030724e+01 7.959855e-01 -4.784613e-01
1.030724e+01 8.595059e-01 -4.155817e-01
1.030724e+01 9.280954e-01 -3.476842e-01
1.030724e+01 1.002158e+00 -2.743685e-01
1.030724e+01 1.082132e+00 -1.952021e-01
1.030724e+01 1.168487e+00 -1.672342e-01
1.030724e+01 1.261733e+00 -1.419330e-01
1.030724e+01 1.362421e+00 -1.146128e-01
1.030724e+01 1.471144e+00 -8.511245e-02
1.030724e+01 1.588542e+00 -6.598007e-02
1.030724e+01 1.715310e+00 -5.645966e-02
1.030724e+01 1.852193e+00 -4.617951e-02
1.030724e+01 2.000000e+00 -3.507900e-02
1.053339e+01 1.000000e-03 -4.347670e+01
1.053339e+01 1.079801e-03 -4.662935e+01
1.053339e+01 1.165970e-03 -4.998212e+01
1.053339e+01 1.259016e-03 -5.354229e+01
1.053339e+01 1.359487e-03 -5.731642e+01
1.053339e+01 1.467975e-03 -6.131036e+01
1.053339e+01 1.585121e-03 -6.552902e+01
1.053339e+01 1.711615e-03 -6.997619e+01
1.053339e+01 1.848204e-03 -7.465442e+01
1.053339e+01 1.995693e-03 -7.956442e+01
1.053339e+01 2.154951e-03 -8.470481e+01
1.053339e+01 2.326918e-03 -9.007213e+01
1.053339e+01 2.512609e-03 -9.565944e+01
1.053339e+01 2.713117e-03 -1.014560e+02
1.053339e+01 2.929627e-03 -1.074478e+02
1.053339e+01 3.163414e-03 -1.136159e+02
1.053339e+01 3.415858e-03 -1.199368e+02
1.053339e+01 3.688447e-03 -1.263820e+02
1.053339e+01 3.982789e-03 -1.329168e+02
1.053339e+01 4.300619e-03 -1.394996e+02
1.053339e+01 4.643813e-03 -1.460830e+02
1.053339e+01 5.014394e-03 -1.526113e+02
1.053339e+01 5.414548e-03 -1.590198e+02
1.053339e+01 5.846635e-03 -1.652381e+02
1.053339e+01 6.313202e-03 -1.711848e+02
1.053339e+01 6.817002e-03 -1.767685e+02
1.053339e+01 7.361006e-03 -1.818932e+02
1.053339e+01 7.948422e-03 -1.864515e+02
1.053339e+01 8.582714e-03 -1.903269e+02
1.053339e+01 9.267624e-03 -1.934037e+02
1.053339e+01 1.000719e-02 -1.955587e+02
1.053339e+01 1.080577e-02 -1.966668e+02
1.053339e+01 1.166809e-02 -1.966157e+02
1.053339e+01 1.259921e-02 -1.953062e+02
1.053339e+01 1.360464e-02 -1.926589e+02
1.053339e+01 1.469030e-02 -1.886273e+02
1.053339e+01 1.586261e-02 -1.832211e+02
1.053339e+01 1.712846e-02 -1.765043e+02
1.053339e+01 1.849533e-02 -1.685822e+02
1.053339e+01 1.997127e-02 -1.596833e+02
1.053339e+01 2.156500e-02 -1.501134e+02
1.053339e+01 2.328591e-02 -1.401676e+02
1.053339e+01 2.514415e-02 -1.302514e+02
1.053339e+01 2.715068e-02 -1.207977e+02
1.053339e+01 2.931733e-02 -1.121314e+02
1.053339e+01 3.165689e-02 -1.044906e+02
1.053339e+01 3.418314e-02 -9.801873e+01
1.053339e+01 3.691099e-02 -9.261558e+01
1.053339e+01 3.985652e-02 -8.795399e+01
1.053339e+01 4.303711e-02 -8.348490e+01
1.053339e+01 4.647152e-02 -7.854187e+01
1.053339e+01 5.017999e-02 -7.255827e+01
1.053339e+01 5.418441e-02 -6.688385e+01
1.053339e+01 5.850838e-02 -6.316921e+01
1.053339e+01 6.317741e-02 -5.915814e+01
1.053339e+01 6.821903e-02 -5.482698e+01
1.053339e+01 7.366298e-02 -5.020546e+01
1.053339e+01 7.954136e-02 -4.577948e+01
1.053339e+01 8.588885e-02 -4.100031e+01
1.053339e+01 9.274286e-02 -3.583975e+01
1.053339e+01 1.001438e-01 -3.026737e+01
1.053339e+01 1.081354e-01 -2.687860e+01
1.053339e+01 1.167647e-01 -2.447335e+01
1.053339e+01 1.260827e-01 -2.187616e+01
1.053339e+01 1.361442e-01 -1.907172e+01
1.053339e+01 1.470087e-01 -1.636463e+01
1.053339e+01 1.587401e-01 -1.480957e+01
1.053339e+01 1.714077e-01 -1.313041e+01
1.053339e+01 1.850862e-01 -1.131726e+01
1.053339e+01 1.998563e-01 -9.359410e+00
1.053339e+01 2.158051e-01 -8.309279e+00
1.053339e+01 2.330265e-01 -7.387865e+00
1.053339e+01 2.516223e-01 -6.392921e+00
1.053339e+01 2.717020e-01 -5.318580e+00
1.053339e+01 2.933841e-01 -4.480457e+00
1.053339e+01 3.167964e-01 -3.984629e+00
1.053339e+01 3.420771e-01 -3.449234e+00
1.053339e+01 3.693752e-01 -2.871113e+00
1.053339e+01 3.988518e-01 -2.274867e+00
1.053339e+01 4.306805e-01 -2.023908e+00
1.053339e+01 4.650493e-01 -1.752922e+00
1.053339e+01 5.021607e-01 -1.460312e+00
1.053339e+01 5.422336e-01 -1.144350e+00
1.053339e+01 5.855044e-01 -9.589302e-01
1.053339e+01 6.322283e-01 -8.312968e-01
1.053339e+01 6.826808e-01 -6.934781e-01
1.053339e+01 7.371594e-01 -5.446614e-01
1.053339e+01 7.959855e-01 -4.186623e-01
1.053339e+01 8.595059e-01 -3.642443e-01
1.053339e+01 9.280954e-01 -3.054837e-01
1.053339e+01 1.002158e+00 -2.420340e-01
1.053339e+01 1.082132e+00 -1.735209e-01
1.053339e+01 1.168487e+00 -1.489947e-01
1.053339e+01 1.261733e+00 -1.267234e-01
1.053339e+01 1.362421e+00 -1.026748e-01
1.053339e+01 1.471144e+00 -7.670708e-02
1.053339e+01 1.588542e+00 -5.977042e-02
1.053339e+01 1.715310e+00 -5.120358e-02
1.053339e+01 1.852193e+00 -4.195311e-02
1.053339e+01 2.000000e+00 -3.196443e-02
1.076406e+01 1.000000e-03 -3.671728e+01
1.076406e+01 1.079801e-03 -3.938045e+01
1.076406e+01 1.165970e-03 -4.221274e+01
1.076406e+01 1.259016e-03 -4.522031e+01
1.076406e+01 1.359487e-03 -4.840868e+01
1.076406e+01 1.467975e-03 -5.178277e+01
1.076406e+01 1.585121e-03 -5.534670e+01
1.076406e+01 1.711615e-03 -5.910367e+01
1.076406e+01 1.848204e-03 -6.305577e+01
1.076406e+01 1.995693e-03 -6.720361e+01
1.076406e+01 2.154951e-03 -7.154602e+01
1.076406e+01 2.326918e-03 -7.608007e+01
1.076406e+01 2.512609e-03 -8.079994e+01
1.076406e+01 2.713117e-03 -8.569655e+01
1.076406e+01 2.929627e-03 -9.075803e+01
1.076406e+01 3.163414e-03 -9.596854e+01
1.076406e+01 3.415858e-03 -1.013080e+02
1.076406e+01 3.688447e-03 -1.067525e+02
1.076406e+01 3.982789e-03 -1.122727e+02
1.076406e+01 4.300619e-03 -1.178333e+02
1.076406e+01 4.643813e-03 -1.233946e+02
1.076406e+01 5.014394e-03 -1.289092e+02
1.076406e+01 5.414548e-03 -1.343226e+02
1.076406e+01 5.846635e-03 -1.395754e+02
1.076406e+01 6.313202e-03 -1.445986e+02
1.076406e+01 6.817002e-03 -1.493153e+02
1.076406e+01 7.361006e-03 -1.536443e+02
1.076406e+01 7.948422e-03 -1.574947e+02
1.076406e+01 8.582714e-03 -1.607684e+02
1.076406e+01 9.267624e-03 -1.633675e+02
1.076406e+01 1.000719e-02 -1.651880e+02
1.076406e+01 1.080577e-02 -1.661241e+02
1.076406e+01 1.166809e-02 -1.660810e+02
1.076406e+01 1.259921e-02 -1.649749e+02
1.076406e+01 1.360464e-02 -1.627387e+02
1.076406e+01 1.469030e-02 -1.593332e+02
1.076406e+01 1.586261e-02 -1.547667e+02
1.076406e+01 1.712846e-02 -1.490930e+02
1.076406e+01 1.849533e-02 -1.424013e+02
1.076406e+01 1.997127e-02 -1.348844e+02
1.076406e+01 2.156500e-02 -1.268007e+02
1.076406e+01 2.328591e-02 -1.183995e+02
1.076406e+01 2.514415e-02 -1.100233e+02
1.076406e+01 2.715068e-02 -1.020378e+02
1.076406e+01 2.931733e-02 -9.471737e+01
1.076406e+01 3.165689e-02 -8.826324e+01
1.076406e+01 3.418314e-02 -8.279641e+01
1.076406e+01 3.691099e-02 -7.823238e+01
1.076406e+01 3.985652e-02 -7.429473e+01
1.076406e+01 4.303711e-02 -7.051969e+01
1.076406e+01 4.647152e-02 -6.634431e+01
1.076406e+01 5.017999e-02 -6.128997e+01
1.076406e+01 5.418441e-02 -5.648619e+01
1.076406e+01 5.850838e-02 -5.331895e+01
1.076406e+01 6.317741e-02 -4.989895e+01
1.076406e+01 6.821903e-02 -4.620603e+01
1.076406e+01 7.366298e-02 -4.227163e+01
1.076406e+01 7.954136e-02 -3.856658e+01
1.076406e+01 8.588885e-02 -3.456586e+01
1.076406e+01 9.274286e-02 -3.024589e+01
1.076406e+01 1.001438e-01 -2.558117e+01
1.076406e+01 1.081354e-01 -2.272936e+01
1.076406e+01 1.167647e-01 -2.069252e+01
1.076406e+01 1.260827e-01 -1.849314e+01
1.076406e+01 1.361442e-01 -1.611825e+01
1.076406e+01 1.470087e-01 -1.382692e+01
1.076406e+01 1.587401e-01 -1.251603e+01
1.076406e+01 1.714077e-01 -1.110053e+01
1.076406e+01 1.850862e-01 -9.572070e+00
1.076406e+01 1.998563e-01 -7.921639e+00
1.076406e+01 2.158051e-01 -7.034322e+00
1.076406e+01 2.330265e-01 -6.254930e+00
1.076406e+01 2.516223e-01 -5.413342e+00
1.076406e+01 2.717020e-01 -4.504595e+00
1.076406e+01 2.933841e-01 -3.796101e+00
1.076406e+01 3.167964e-01 -3.377743e+00
1.076406e+01 3.420771e-01 -2.925999e+00
1.076406e+01 3.693752e-01 -2.438207e+00
1.076406e+01 3.988518e-01 -1.935100e+00
1.076406e+01 4.306805e-01 -1.723055e+00
1.076406e+01 4.650493e-01 -1.494088e+00
1.076406e+01 5.021607e-01 -1.246849e+00
1.076406e+01 5.422336e-01 -9.798805e-01
1.076406e+01 5.855044e-01 -8.228381e-01
1.076406e+01 6.322283e-01 -7.144182e-01
1.076406e+01 6.826808e-01 -5.973462e-01
1.076406e+01 7.371594e-01 -4.709317e-01
1.076406e+01 7.959855e-01 -3.637380e-01
1.076406e+01 8.595059e-01 -3.169558e-01
1.076406e+01 9.280954e-01 -2.664402e-01
1.076406e+01 1.002158e+00 -2.118935e-01
1.076406e+01 1.082132e+00 -1.529939e-01
1.076406e+01 1.168487e+00 -1.316633e-01
1.076406e+01 1.261733e+00 -1.122306e-01
1.076406e+01 1.362421e+00 -9.124705e-02
1.076406e+01 1.471144e+00 -6.858903e-02
1.076406e+01 1.588542e+00 -5.372838e-02
1.076406e+01 1.715310e+00 -4.609183e-02
1.076406e+01 1.852193e+00 -3.784588e-02
1.076406e+01 2.000000e+00 -2.894190e-02
1.099934e+01 1.000000e-03 -3.069857e+01
1.099934e+01 1.079801e-03 -3.292576e+01
1.099934e+01 1.165970e-03 -3.529444e+01
1.099934e+01 1.259016e-03 -3.780977e+01
1.099934e+01 1.359487e-03 -4.047636e+01
1.099934e+01 1.467975e-03 -4.329831e+01
1.099934e+01 1.585121e-03 -4.627905e+01
1.099934e+01 1.711615e-03 -4.942121e+01
1.099934e+01 1.848204e-03 -5.272654e+01
1.099934e+01 1.995693e-03 -5.619550e+01
1.099934e+01 2.154951e-03 -5.982715e+01
1.099934e+01 2.326918e-03 -6.361902e+01
1.099934e+01 2.512609e-03 -6.756625e+01
1.099934e+01 2.713117e-03 -7.166128e+01
1.099934e+01 2.929627e-03 -7.589419e+01
1.099934e+01 3.163414e-03 -8.025174e+01
1.099934e+01 3.415858e-03 -8.471713e+01
1.099934e+01 3.688447e-03 -8.927035e+01
1.099934e+01 3.982789e-03 -9.388679e+01
1.099934e+01 4.300619e-03 -9.853706e+01
1.099934e+01 4.643813e-03 -1.031878e+02
1.099934e+01 5.014394e-03 -1.077996e+02
1.099934e+01 5.414548e-03 -1.123267e+02
1.099934e+01 5.846635e-03 -1.167195e+02
1.099934e+01 6.313202e-03 -1.209204e+02
1.099934e+01 6.817002e-03 -1.248648e+02
1.099934e+01 7.361006e-03 -1.284850e+02
1.099934e+01 7.948422e-03 -1.317050e+02
1.099934e+01 8.582714e-03 -1.344427e+02
1.099934e+01 9.267624e-03 -1.366164e+02
1.099934e+01 1.000719e-02 -1.381389e+02
1.099934e+01 1.080577e-02 -1.389218e+02
1.099934e+01 1.166809e-02 -1.388858e+02
1.099934e+01 1.259921e-02 -1.379609e+02
1.099934e+01 1.360464e-02 -1.360909e+02
1.099934e+01 1.469030e-02 -1.332430e+02
1.099934e+01 1.586261e-02 -1.294243e+02
1.099934e+01 1.712846e-02 -1.246797e+02
1.099934e+01 1.849533e-02 -1.190837e+02
1.099934e+01 1.997127e-02 -1.127978e+02
1.099934e+01 2.156500e-02 -1.060377e+02
1.099934e+01 2.328591e-02 -9.901219e+01
1.099934e+01 2.514415e-02 -9.200758e+01
1.099934e+01 2.715068e-02 -8.532964e+01
1.099934e+01 2.931733e-02 -7.920789e+01
1.099934e+01 3.165689e-02 -7.381059e+01
1.099934e+01 3.418314e-02 -6.923893e+01
1.099934e+01 3.691099e-02 -6.542223e+01
1.099934e+01 3.985652e-02 -6.212936e+01
1.099934e+01 4.303711e-02 -5.897246e+01
1.099934e+01 4.647152e-02 -5.548078e+01
1.099934e+01 5.017999e-02 -5.125405e+01
1.099934e+01 5.418441e-02 -4.724811e+01
1.099934e+01 5.850838e-02 -4.463076e+01
1.099934e+01 6.317741e-02 -4.180455e+01
1.099934e+01 6.821903e-02 -3.875280e+01
1.099934e+01 7.366298e-02 -3.549837e+01
1.099934e+01 7.954136e-02 -3.240145e+01
1.099934e+01 8.588885e-02 -2.905738e+01
1.099934e+01 9.274286e-02 -2.544646e+01
1.099934e+01 1.001438e-01 -2.154738e+01
1.099934e+01 1.081354e-01 -1.914920e+01
1.099934e+01 1.167647e-01 -1.742417e+01
1.099934e+01 1.260827e-01 -1.556148e+01
1.099934e+01 1.361442e-01 -1.355014e+01
1.099934e+01 1.470087e-01 -1.161154e+01
1.099934e+01 1.587401e-01 -1.051180e+01
1.099934e+01 1.714077e-01 -9.324310e+00
1.099934e+01 1.850862e-01 -8.042052e+00
1.099934e+01 1.998563e-01 -6.657468e+00
1.099934e+01 2.158051e-01 -5.913155e+00
1.099934e+01 2.330265e-01 -5.259406e+00
1.099934e+01 2.516223e-01 -4.553487e+00
1.099934e+01 2.717020e-01 -3.791235e+00
1.099934e+01 2.933841e-01 -3.196983e+00
1.099934e+01 3.167964e-01 -2.846136e+00
1.099934e+01 3.420771e-01 -2.467292e+00
1.099934e+01 3.693752e-01 -2.058215e+00
1.099934e+01 3.988518e-01 -1.636263e+00
1.099934e+01 4.306805e-01 -1.457942e+00
1.099934e+01 4.650493e-01 -1.265392e+00
1.099934e+01 5.021607e-01 -1.057476e+00
1.099934e+01 5.422336e-01 -8.329673e-01
1.099934e+01 5.855044e-01 -7.008005e-01
1.099934e+01 6.322283e-01 -6.094675e-01
1.099934e+01 6.826808e-01 -5.108460e-01
1.099934e+01 7.371594e-01 -4.043544e-01
1.099934e+01 7.959855e-01 -3.139059e-01
1.099934e+01 8.595059e-01 -2.739867e-01
1.099934e+01 9.280954e-01 -2.308820e-01
1.099934e+01 1.002158e+00 -1.843374e-01
1.099934e+01 1.082132e+00 -1.340785e-01
1.099934e+01 1.168487e+00 -1.156434e-01
1.099934e+01 1.261733e+00 -9.878918e-02
1.099934e+01 1.362421e+00 -8.058996e-02
1.099934e+01 1.471144e+00 -6.093842e-02
1.099934e+01 1.588542e+00 -4.797591e-02
1.099934e+01 1.715310e+00 -4.120850e-02
1.099934e+01 1.852193e+00 -3.390105e-02
1.099934e+01 2.000000e+00 -2.601046e-02
1.123932e+01 1.000000e-03 -2.560627e+01
1.123932e+01 1.079801e-03 -2.746448e+01
1.123932e+01 1.165970e-03 -2.944081e+01
1.123932e+01 1.259016e-03 -3.153955e+01
1.123932e+01 1.359487e-03 -3.376454e+01
1.123932e+01 1.467975e-03 -3.611919e+01
1.123932e+01 1.585121e-03 -3.860634e+01
1.123932e+01 1.711615e-03 -4.122817e+01
1.123932e+01 1.848204e-03 -4.398611e+01
1.123932e+01 1.995693e-03 -4.688055e+01
1.123932e+01 2.154951e-03 -4.991068e+01
1.123932e+01 2.326918e-03 -5.307445e+01
1.123932e+01 2.512609e-03 -5.636782e+01
1.123932e+01 2.713117e-03 -5.978449e+01
1.123932e+01 2.929627e-03 -6.331619e+01
1.123932e+01 3.163414e-03 -6.695190e+01
1.123932e+01 3.415858e-03 -7.067756e+01
1.123932e+01 3.688447e-03 -7.447649e+01
1.123932e+01 3.982789e-03 -7.832814e+01
1.123932e+01 4.300619e-03 -8.220799e+01
1.123932e+01 4.643813e-03 -8.608824e+01
1.123932e+01 5.014394e-03 -8.993595e+01
1.123932e+01 5.414548e-03 -9.371308e+01
1.123932e+01 5.846635e-03 -9.737808e+01
1.123932e+01 6.313202e-03 -1.008830e+02
1.123932e+01 6.817002e-03 -1.041739e+02
1.123932e+01 7.361006e-03 -1.071943e+02
1.123932e+01 7.948422e-03 -1.098809e+02
1.123932e+01 8.582714e-03 -1.121650e+02
1.123932e+01 9.267624e-03 -1.139786e+02
1.123932e+01 1.000719e-02 -1.152489e+02
1.123932e+01 1.080577e-02 -1.159021e+02
1.123932e+01 1.166809e-02 -1.158722e+02
1.123932e+01 1.259921e-02 -1.151005e+02
1.123932e+01 1.360464e-02 -1.135404e+02
1.123932e+01 1.469030e-02 -1.111645e+02
1.123932e+01 1.586261e-02 -1.079786e+02
1.123932e+01 1.712846e-02 -1.040202e+02
1.123932e+01 1.849533e-02 -9.935149e+01
1.123932e+01 1.997127e-02 -9.410711e+01
1.123932e+01 2.156500e-02 -8.846723e+01
1.123932e+01 2.328591e-02 -8.260584e+01
1.123932e+01 2.514415e-02 -7.676190e+01
1.123932e+01 2.715068e-02 -7.119050e+01
1.123932e+01 2.931733e-02 -6.608313e+01
1.123932e+01 3.165689e-02 -6.158017e+01
1.123932e+01 3.418314e-02 -5.776604e+01
1.123932e+01 3.691099e-02 -5.458176e+01
1.123932e+01 3.985652e-02 -5.183452e+01
1.123932e+01 4.303711e-02 -4.920072e+01
1.123932e+01 4.647152e-02 -4.628761e+01
1.123932e+01 5.017999e-02 -4.276125e+01
1.123932e+01 5.418441e-02 -3.941915e+01
1.123932e+01 5.850838e-02 -3.723564e+01
1.123932e+01 6.317741e-02 -3.487789e+01
1.123932e+01 6.821903e-02 -3.233198e+01
1.123932e+01 7.366298e-02 -2.961742e+01
1.123932e+01 7.954136e-02 -2.703857e+01
1.123932e+01 8.588885e-02 -2.425393e+01
1.123932e+01 9.274286e-02 -2.124707e+01
1.123932e+01 1.001438e-01 -1.800025e+01
1.123932e+01 1.081354e-01 -1.599737e+01
1.123932e+01 1.167647e-01 -1.455175e+01
1.123932e+01 1.260827e-01 -1.299077e+01
1.123932e+01 1.361442e-01 -1.130522e+01
1.123932e+01 1.470087e-01 -9.682266e+00
1.123932e+01 1.587401e-01 -8.769404e+00
1.123932e+01 1.714077e-01 -7.783695e+00
1.123932e+01 1.850862e-01 -6.719325e+00
1.123932e+01 1.998563e-01 -5.570017e+00
1.123932e+01 2.158051e-01 -4.949583e+00
1.123932e+01 2.330265e-01 -4.403597e+00
1.123932e+01 2.516223e-01 -3.814041e+00
1.123932e+01 2.717020e-01 -3.177437e+00
1.123932e+01 2.933841e-01 -2.680858e+00
1.123932e+01 3.167964e-01 -2.387179e+00
1.123932e+01 3.420771e-01 -2.070063e+00
1.123932e+01 3.693752e-01 -1.727641e+00
1.123932e+01 3.988518e-01 -1.374469e+00
1.123932e+01 4.306805e-01 -1.225619e+00
1.123932e+01 4.650493e-01 -1.064890e+00
1.123932e+01 5.021607e-01 -8.913352e-01
1.123932e+01 5.422336e-01 -7.039303e-01
1.123932e+01 5.855044e-01 -5.934442e-01
1.123932e+01 6.322283e-01 -5.169551e-01
1.123932e+01 6.826808e-01 -4.343622e-01
1.123932e+01 7.371594e-01 -3.451782e-01
1.123932e+01 7.959855e-01 -2.693015e-01
1.123932e+01 8.595059e-01 -2.354296e-01
1.123932e+01 9.280954e-01 -1.988546e-01
1.123932e+01 1.002158e+00 -1.593610e-01
1.123932e+01 1.082132e+00 -1.167157e-01
1.123932e+01 1.168487e+00 -1.008885e-01
1.123932e+01 1.261733e+00 -8.637233e-02
1.123932e+01 1.362421e+00 -7.069771e-02
1.123932e+01 1.471144e+00 -5.377225e-02
1.123932e+01 1.588542e+00 -4.254544e-02
1.123932e+01 1.715310e+00 -3.659469e-02
1.123932e+01 1.852193e+00 -3.016906e-02
1.123932e+01 2.000000e+00 -2.323066e-02
1.148411e+01 1.000000e-03 -2.130800e+01
1.148411e+01 1.079801e-03 -2.285470e+01
1.148411e+01 1.165970e-03 -2.449977e+01
1.148411e+01 1.259016e-03 -2.624677e+01
1.148411e+01 1.359487e-03 -2.809889e+01
1.148411e+01 1.467975e-03 -3.005898e+01
1.148411e+01 1.585121e-03 -3.212937e+01
1.148411e+01 1.711615e-03 -3.431187e+01
1.148411e+01 1.848204e-03 -3.660764e+01
1.148411e+01 1.995693e-03 -3.901700e+01
1.148411e+01 2.154951e-03 -4.153927e+01
1.148411e+01 2.326918e-03 -4.417275e+01
1.148411e+01 2.512609e-03 -4.691407e+01
1.148411e+01 2.713117e-03 -4.975801e+01
1.148411e+01 2.929627e-03 -5.269770e+01
1.148411e+01 3.163414e-03 -5.572397e+01
1.148411e+01 3.415858e-03 -5.882511e+01
1.148411e+01 3.688447e-03 -6.198721e+01
1.148411e+01 3.982789e-03 -6.519316e+01
1.148411e+01 4.300619e-03 -6.842258e+01
1.148411e+01 4.643813e-03 -7.165232e+01
1.148411e+01 5.014394e-03 -7.485498e+01
1.148411e+01 5.414548e-03 -7.799890e+01
1.148411e+01 5.846635e-03 -8.104947e+01
1.148411e+01 6.313202e-03 -8.396677e+01
1.148411e+01 6.817002e-03 -8.670598e+01
1.148411e+01 7.361006e-03 -8.922003e+01
1.148411e+01 7.948422e-03 -9.145618e+01
1.148411e+01 8.582714e-03 -9.335739e+01
1.148411e+01 9.267624e-03 -9.486690e+01
1.148411e+01 1.000719e-02 -9.592423e+01
1.148411e+01 1.080577e-02 -9.646798e+01
1.148411e+01 1.166809e-02 -9.644312e+01
1.148411e+01 1.259921e-02 -9.580092e+01
1.148411e+01 1.360464e-02 -9.450249e+01
1.148411e+01 1.469030e-02 -9.252499e+01
1.148411e+01 1.586261e-02 -8.987328e+01
1.148411e+01 1.712846e-02 -8.657862e+01
1.148411e+01 1.849533e-02 -8.269277e+01
1.148411e+01 1.997127e-02 -7.832775e+01
1.148411e+01 2.156500e-02 -7.363355e+01
1.148411e+01 2.328591e-02 -6.875497e+01
1.148411e+01 2.514415e-02 -6.389092e+01
1.148411e+01 2.715068e-02 -5.925370e+01
1.148411e+01 2.931733e-02 -5.500271e+01
1.148411e+01 3.165689e-02 -5.125478e+01
1.148411e+01 3.418314e-02 -4.808018e+01
1.148411e+01 3.691099e-02 -4.542983e+01
1.148411e+01 3.985652e-02 -4.314322e+01
1.148411e+01 4.303711e-02 -4.095104e+01
1.148411e+01 4.647152e-02 -3.852638e+01
1.148411e+01 5.017999e-02 -3.559131e+01
1.148411e+01 5.418441e-02 -3.280493e+01
1.148411e+01 5.850838e-02 -3.097459e+01
1.148411e+01 6.317741e-02 -2.899818e+01
1.148411e+01 6.821903e-02 -2.686406e+01
1.148411e+01 7.366298e-02 -2.459051e+01
1.148411e+01 7.954136e-02 -2.245086e+01
1.148411e+01 8.588885e-02 -2.014047e+01
1.148411e+01 9.274286e-02 -1.764570e+01
1.148411e+01 1.001438e-01 -1.495185e+01
1.148411e+01 1.081354e-01 -1.328674e+01
1.148411e+01 1.167647e-01 -1.208213e+01
1.148411e+01 1.260827e-01 -1.078139e+01
1.148411e+01 1.361442e-01 -9.376851e+00
1.148411e+01 1.470087e-01 -8.026198e+00
1.148411e+01 1.587401e-01 -7.274760e+00
1.148411e+01 1.714077e-01 -6.463357e+00
1.148411e+01 1.850862e-01 -5.587203e+00
1.148411e+01 1.998563e-01 -4.641132e+00
1.148411e+01 2.158051e-01 -4.125840e+00
1.148411e+01 2.330265e-01 -3.670554e+00
1.148411e+01 2.516223e-01 -3.178936e+00
1.148411e+01 2.717020e-01 -2.648086e+00
1.148411e+01 2.933841e-01 -2.234207e+00
1.148411e+01 3.167964e-01 -1.989802e+00
1.148411e+01 3.420771e-01 -1.725894e+00
1.148411e+01 3.693752e-01 -1.440925e+00
1.148411e+01 3.988518e-01 -1.147048e+00
1.148411e+01 4.306805e-01 -1.023741e+00
1.148411e+01 4.650493e-01 -8.905938e-01
1.148411e+01 5.021607e-01 -7.468211e-01
1.148411e+01 5.422336e-01 -5.915753e-01
1.148411e+01 5.855044e-01 -4.997952e-01
1.148411e+01 6.322283e-01 -4.360398e-01
1.148411e+01 6.826808e-01 -3.671967e-01
1.148411e+01 7.371594e-01 -2.928598e-01
1.148411e+01 7.959855e-01 -2.295283e-01
1.148411e+01 8.595059e-01 -2.009983e-01
1.148411e+01 9.280954e-01 -1.701915e-01
1.148411e+01 1.002158e+00 -1.369264e-01
1.148411e+01 1.082132e+00 -1.010066e-01
1.148411e+01 1.168487e+00 -8.749833e-02
1.148411e+01 1.261733e+00 -7.506499e-02
1.148411e+01 1.362421e+00 -6.163946e-02
1.148411e+01 1.471144e+00 -4.714256e-02
1.148411e+01 1.588542e+00 -3.747748e-02
1.148411e+01 1.715310e+00 -3.228445e-02
1.148411e+01 1.852193e+00 -2.667702e-02
1.148411e+01 2.000000e+00 -2.062211e-02
1.173379e+01 1.000000e-03 -1.755741e+01
1.173379e+01 1.079801e-03 -1.883219e+01
1.173379e+01 1.165970e-03 -2.018810e+01
1.173379e+01 1.259016e-03 -2.162806e+01
1.173379e+01 1.359487e-03 -2.315470e+01
1.173379e+01 1.467975e-03 -2.477035e+01
1.173379e+01 1.585121e-03 -2.647694e+01
1.173379e+01 1.711615e-03 -2.827593e+01
1.173379e+01 1.848204e-03 -3.016827e+01
1.173379e+01 1.995693e-03 -3.215421e+01
1.173379e+01 2.154951e-03 -3.423318e+01
1.173379e+01 2.326918e-03 -3.640377e+01
1.173379e+01 2.512609e-03 -3.866324e+01
1.173379e+01 2.713117e-03 -4.100726e+01
1.173379e+01 2.929627e-03 -4.343021e+01
1.173379e+01 3.163414e-03 -4.592452e+01
1.173379e+01 3.415858e-03 -4.848054e+01
1.173379e+01 3.688447e-03 -5.108678e+01
1.173379e+01 3.982789e-03 -5.372914e+01
1.173379e+01 4.300619e-03 -5.639084e+01
1.173379e+01 4.643813e-03 -5.905280e+01
1.173379e+01 5.014394e-03 -6.169243e+01
1.173379e+01 5.414548e-03 -6.428365e+01
1.173379e+01 5.846635e-03 -6.679793e+01
1.173379e+01 6.313202e-03 -6.920235e+01
1.173379e+01 6.817002e-03 -7.146000e+01
1.173379e+01 7.361006e-03 -7.353208e+01
1.173379e+01 7.948422e-03 -7.537512e+01
1.173379e+01 8.582714e-03 -7.694209e+01
1.173379e+01 9.267624e-03 -7.818619e+01
1.173379e+01 1.000719e-02 -7.905761e+01
1.173379e+01 1.080577e-02 -7.950575e+01
1.173379e+01 1.166809e-02 -7.948530e+01
1.173379e+01 1.259921e-02 -7.895611e+01
1.173379e+01 1.360464e-02 -7.788608e+01
1.173379e+01 1.469030e-02 -7.625634e+01
1.173379e+01 1.586261e-02 -7.407091e+01
1.173379e+01 1.712846e-02 -7.135555e+01
1.173379e+01 1.849533e-02 -6.815296e+01
1.173379e+01 1.997127e-02 -6.455545e+01
1.173379e+01 2.156500e-02 -6.068664e+01
1.173379e+01 2.328591e-02 -5.666586e+01
1.173379e+01 2.514415e-02 -5.265706e+01
1.173379e+01 2.715068e-02 -4.883520e+01
1.173379e+01 2.931733e-02 -4.533166e+01
1.173379e+01 3.165689e-02 -4.224272e+01
1.173379e+01 3.418314e-02 -3.962631e+01
1.173379e+01 3.691099e-02 -3.744196e+01
1.173379e+01 3.985652e-02 -3.555741e+01
1.173379e+01 4.303711e-02 -3.375068e+01
1.173379e+01 4.647152e-02 -3.175234e+01
1.173379e+01 5.017999e-02 -2.933334e+01
1.173379e+01 5.418441e-02 -2.704036e+01
1.173379e+01 5.850838e-02 -2.554150e+01
1.173379e+01 6.317741e-02 -2.392302e+01
1.173379e+01 6.821903e-02 -2.217540e+01
1.173379e+01 7.366298e-02 -2.031179e+01
1.173379e+01 7.954136e-02 -1.853923e+01
1.173379e+01 8.588885e-02 -1.662521e+01
1.173379e+01 9.274286e-02 -1.455846e+01
1.173379e+01 1.001438e-01 -1.232678e+01
1.173379e+01 1.081354e-01 -1.095225e+01
1.173379e+01 1.167647e-01 -9.961943e+00
1.173379e+01 1.260827e-01 -8.892613e+00
1.173379e+01 1.361442e-01 -7.737948e+00
1.173379e+01 1.470087e-01 -6.627271e+00
1.173379e+01 1.587401e-01 -6.007848e+00
1.173379e+01 1.714077e-01 -5.338994e+00
1.173379e+01 1.850862e-01 -4.616765e+00
1.173379e+01 1.998563e-01 -3.836902e+00
1.173379e+01 2.158051e-01 -3.411958e+00
1.173379e+01 2.330265e-01 -3.036426e+00
1.173379e+01 2.516223e-01 -2.630927e+00
1.173379e+01 2.717020e-01 -2.193069e+00
1.173379e+01 2.933841e-01 -1.851430e+00
1.173379e+01 3.167964e-01 -1.649223e+00
1.173379e+01 3.420771e-01 -1.430881e+00
1.173379e+01 3.693752e-01 -1.195115e+00
1.173379e+01 3.988518e-01 -9.519931e-01
1.173379e+01 4.306805e-01 -8.501974e-01
1.173379e+01 4.650493e-01 -7.402783e-01
1.173379e+01 5.021607e-01 -6.215875e-01
1.173379e+01 5.422336e-01 -4.934251e-01
1.173379e+01 5.855044e-01 -4.176752e-01
1.173379e+01 6.322283e-01 -3.650711e-01
1.173379e+01 6.826808e-01 -3.082692e-01
1.173379e+01 7.371594e-01 -2.469344e-01
1.173379e+01 7.959855e-01 -1.945673e-01
1.173379e+01 8.595059e-01 -1.706399e-01
1.173379e+01 9.280954e-01 -1.448030e-01
1.173379e+01 1.002158e+00 -1.169044e-01
1.173379e+01 1.082132e+00 -8.677941e-02
1.173379e+01 1.168487e+00 -7.532128e-02
1.173379e+01 1.261733e+00 -6.474338e-02
1.173379e+01 1.362421e+00 -5.332136e-02
1.173379e+01 1.471144e+00 -4.098785e-02
1.173379e+01 1.588542e+00 -3.272638e-02
1.173379e+01 1.715310e+00 -2.823261e-02
1.173379e+01 1.852193e+00 -2.338023e-02
1.173379e+01 2.000000e+00 -1.814063e-02
1.198847e+01 1.000000e-03 -1.442332e+01
1.198847e+01 1.079801e-03 -1.547084e+01
1.198847e+01 1.165970e-03 -1.658504e+01
1.198847e+01 1.259016e-03 -1.776834e+01
1.198847e+01 1.359487e-03 -1.902292e+01
1.198847e+01 1.467975e-03 -2.035065e+01
1.198847e+01 1.585121e-03 -2.175313e+01
1.198847e+01 1.711615e-03 -2.323155e+01
1.198847e+01 1.848204e-03 -2.478666e+01
1.198847e+01 1.995693e-03 -2.641866e+01
1.198847e+01 2.154951e-03 -2.812709e+01
1.198847e+01 2.326918e-03 -2.991079e+01
1.198847e+01 2.512609e-03 -3.176749e+01
1.198847e+01 2.713117e-03 -3.369366e+01
1.198847e+01 2.929627e-03 -3.568469e+01
1.198847e+01 3.163414e-03 -3.773437e+01
1.198847e+01 3.415858e-03 -3.983474e+01
1.198847e+01 3.688447e-03 -4.197637e+01
1.198847e+01 3.982789e-03 -4.414767e+01
1.198847e+01 4.300619e-03 -4.633485e+01
1.198847e+01 4.643813e-03 -4.852224e+01
1.198847e+01 5.014394e-03 -5.069128e+01
1.198847e+01 5.414548e-03 -5.282054e+01
1.198847e+01 5.846635e-03 -5.488656e+01
1.198847e+01 6.313202e-03 -5.686231e+01
1.198847e+01 6.817002e-03 -5.871746e+01
1.198847e+01 7.361006e-03 -6.042013e+01
1.198847e+01 7.948422e-03 -6.193460e+01
1.198847e+01 8.582714e-03 -6.322220e+01
1.198847e+01 9.267624e-03 -6.424446e+01
1.198847e+01 1.000719e-02 -6.496045e+01
1.198847e+01 1.080577e-02 -6.532866e+01
1.198847e+01 1.166809e-02 -6.531190e+01
1.198847e+01 1.259921e-02 -6.487717e+01
1.198847e+01 1.360464e-02 -6.399805e+01
1.198847e+01 1.469030e-02 -6.265898e+01
1.198847e+01 1.586261e-02 -6.086326e+01
1.198847e+01 1.712846e-02 -5.863208e+01
1.198847e+01 1.849533e-02 -5.600055e+01
1.198847e+01 1.997127e-02 -5.304452e+01
1.198847e+01 2.156500e-02 -4.986557e+01
1.198847e+01 2.328591e-02 -4.656175e+01
1.198847e+01 2.514415e-02 -4.326776e+01
1.198847e+01 2.715068e-02 -4.012739e+01
1.198847e+01 2.931733e-02 -3.724857e+01
1.198847e+01 3.165689e-02 -3.471042e+01
1.198847e+01 3.418314e-02 -3.256054e+01
1.198847e+01 3.691099e-02 -3.076568e+01
1.198847e+01 3.985652e-02 -2.921716e+01
1.198847e+01 4.303711e-02 -2.773259e+01
1.198847e+01 4.647152e-02 -2.609058e+01
1.198847e+01 5.017999e-02 -2.410291e+01
1.198847e+01 5.418441e-02 -2.221478e+01
1.198847e+01 5.850838e-02 -2.097203e+01
1.198847e+01 6.317741e-02 -1.963011e+01
1.198847e+01 6.821903e-02 -1.818110e+01
1.198847e+01 7.366298e-02 -1.663815e+01
1.198847e+01 7.954136e-02 -1.519353e+01
1.198847e+01 8.588885e-02 -1.363364e+01
1.198847e+01 9.274286e-02 -1.194926e+01
1.198847e+01 1.001438e-01 -1.013046e+01
1.198847e+01 1.081354e-01 -9.005541e+00
1.198847e+01 1.167647e-01 -8.191144e+00
1.198847e+01 1.260827e-01 -7.311758e+00
1.198847e+01 1.361442e-01 -6.362196e+00
1.198847e+01 1.470087e-01 -5.448788e+00
1.198847e+01 1.587401e-01 -4.939290e+00
1.198847e+01 1.714077e-01 -4.389134e+00
1.198847e+01 1.850862e-01 -3.795074e+00
1.198847e+01 1.998563e-01 -3.153608e+00
1.198847e+01 2.158051e-01 -2.804072e+00
1.198847e+01 2.330265e-01 -2.495178e+00
1.198847e+01 2.516223e-01 -2.161634e+00
1.198847e+01 2.717020e-01 -1.801473e+00
1.198847e+01 2.933841e-01 -1.520844e+00
1.198847e+01 3.167964e-01 -1.355430e+00
1.198847e+01 3.420771e-01 -1.176814e+00
1.198847e+01 3.693752e-01 -9.839457e-01
1.198847e+01 3.988518e-01 -7.850537e-01
1.198847e+01 4.306805e-01 -7.016904e-01
1.198847e+01 4.650493e-01 -6.116746e-01
1.198847e+01 5.021607e-01 -5.144754e-01
1.198847e+01 5.422336e-01 -4.095196e-01
1.198847e+01 5.855044e-01 -3.473423e-01
1.198847e+01 6.322283e-01 -3.040413e-01
1.198847e+01 6.826808e-01 -2.572848e-01
1.198847e+01 7.371594e-01 -2.067971e-01
1.198847e+01 7.959855e-01 -1.636346e-01
1.198847e+01 8.595059e-01 -1.437448e-01
1.198847e+01 9.280954e-01 -1.222677e-01
1.198847e+01 1.002158e+00 -9.907676e-02
1.198847e+01 1.082132e+00 -7.403515e-02
1.198847e+01 1.168487e+00 -6.439724e-02
1.198847e+01 1.261733e+00 -5.547235e-02
1.198847e+01 1.362421e+00 -4.583524e-02
1.198847e+01 1.471144e+00 -3.542908e-02
1.198847e+01 1.588542e+00 -2.842124e-02
1.198847e+01 1.715310e+00 -2.455659e-02
1.198847e+01 1.852193e+00 -2.038355e-02
1.198847e+01 2.000000e+00 -1.587749e-02
1.224824e+01 1.000000e-03 -1.176411e+01
1.224824e+01 1.079801e-03 -1.261873e+01
1.224824e+01 1.165970e-03 -1.352778e+01
1.224824e+01 1.259016e-03 -1.449325e+01
1.224824e+01 1.359487e-03 -1.551688e+01
1.224824e+01 1.467975e-03 -1.660023e+01
1.224824e+01 1.585121e-03 -1.774458e+01
1.224824e+01 1.711615e-03 -1.895088e+01
1.224824e+01 1.848204e-03 -2.021976e+01
1.224824e+01 1.995693e-03 -2.155135e+01
1.224824e+01 2.154951e-03 -2.294528e+01
1.224824e+01 2.326918e-03 -2.440059e+01
1.224824e+01 2.512609e-03 -2.591545e+01
1.224824e+01 2.713117e-03 -2.748698e+01
1.224824e+01 2.929627e-03 -2.911142e+01
1.224824e+01 3.163414e-03 -3.078371e+01
1.224824e+01 3.415858e-03 -3.249736e+01
1.224824e+01 3.688447e-03 -3.424467e+01
1.224824e+01 3.982789e-03 -3.601616e+01
1.224824e+01 4.300619e-03 -3.780060e+01
1.224824e+01 4.643813e-03 -3.958521e+01
1.224824e+01 5.014394e-03 -4.135485e+01
1.224824e+01 5.414548e-03 -4.309203e+01
1.224824e+01 5.846635e-03 -4.477761e+01
1.224824e+01 6.313202e-03 -4.638954e+01
1.224824e+01 6.817002e-03 -4.790308e+01
1.224824e+01 7.361006e-03 -4.929223e+01
1.224824e+01 7.948422e-03 -5.052783e+01
1.224824e+01 8.582714e-03 -5.157833e+01
1.224824e+01 9.267624e-03 -5.241231e+01
1.224824e+01 1.000719e-02 -5.299639e+01
1.224824e+01 1.080577e-02 -5.329675e+01
1.224824e+01 1.166809e-02 -5.328312e+01
1.224824e+01 1.259921e-02 -5.292855e+01
1.224824e+01 1.360464e-02 -5.221144e+01
1.224824e+01 1.469030e-02 -5.111905e+01
1.224824e+01 1.586261e-02 -4.965407e+01
1.224824e+01 1.712846e-02 -4.783381e+01
1.224824e+01 1.849533e-02 -4.568692e+01
1.224824e+01 1.997127e-02 -4.327532e+01
1.224824e+01 2.156500e-02 -4.068185e+01
1.224824e+01 2.328591e-02 -3.798650e+01
1.224824e+01 2.514415e-02 -3.529916e+01
1.224824e+01 2.715068e-02 -3.273715e+01
1.224824e+01 2.931733e-02 -3.038852e+01
1.224824e+01 3.165689e-02 -2.831782e+01
1.224824e+01 3.418314e-02 -2.656389e+01
1.224824e+01 3.691099e-02 -2.509959e+01
1.224824e+01 3.985652e-02 -2.383626e+01
1.224824e+01 4.303711e-02 -2.262510e+01
1.224824e+01 4.647152e-02 -2.128550e+01
1.224824e+01 5.017999e-02 -1.966389e+01
1.224824e+01 5.418441e-02 -1.812191e+01
1.224824e+01 5.850838e-02 -1.710361e+01
1.224824e+01 6.317741e-02 -1.600405e+01
1.224824e+01 6.821903e-02 -1.481675e+01
1.224824e+01 7.366298e-02 -1.355262e+01
1.224824e+01 7.954136e-02 -1.237069e+01
1.224824e+01 8.588885e-02 -1.109444e+01
1.224824e+01 9.274286e-02 -9.716341e+00
1.224824e+01 1.001438e-01 -8.228271e+00
1.224824e+01 1.081354e-01 -7.314241e+00
1.224824e+01 1.167647e-01 -6.657801e+00
1.224824e+01 1.260827e-01 -5.948976e+00
1.224824e+01 1.361442e-01 -5.183587e+00
1.224824e+01 1.470087e-01 -4.446434e+00
1.224824e+01 1.587401e-01 -4.030925e+00
1.224824e+01 1.714077e-01 -3.582258e+00
1.224824e+01 1.850862e-01 -3.097786e+00
1.224824e+01 1.998563e-01 -2.574653e+00
1.224824e+01 2.158051e-01 -2.289599e+00
1.224824e+01 2.330265e-01 -2.037690e+00
1.224824e+01 2.516223e-01 -1.765679e+00
1.224824e+01 2.717020e-01 -1.471961e+00
1.224824e+01 2.933841e-01 -1.243109e+00
1.224824e+01 3.167964e-01 -1.108226e+00
1.224824e+01 3.420771e-01 -9.625796e-01
1.224824e+01 3.693752e-01 -8.053100e-01
1.224824e+01 3.988518e-01 -6.431416e-01
1.224824e+01 4.306805e-01 -5.753572e-01
1.224824e+01 4.650493e-01 -5.021634e-01
1.224824e+01 5.021607e-01 -4.231288e-01
1.224824e+01 5.422336e-01 -3.377871e-01
1.224824e+01 5.855044e-01 -2.870529e-01
1.224824e+01 6.322283e-01 -2.515713e-01
1.224824e+01 6.826808e-01 -2.132581e-01
1.224824e+01 7.371594e-01 -1.718875e-01
1.224824e+01 7.959855e-01 -1.365005e-01
1.224824e+01 8.595059e-01 -1.201380e-01
1.224824e+01 9.280954e-01 -1.024697e-01
1.224824e+01 1.002158e+00 -8.339145e-02
1.224824e+01 1.082132e+00 -6.279075e-02
1.224824e+01 1.168487e+00 -5.474504e-02
1.224824e+01 1.261733e+00 -4.726660e-02
1.224824e+01 1.362421e+00 -3.919138e-02
1.224824e+01 1.471144e+00 -3.047174e-02
1.224824e+01 1.588542e+00 -2.456602e-02
1.224824e+01 1.715310e+00 -2.126194e-02
1.224824e+01 1.852193e+00 -1.769419e-02
1.224824e+01 2.000000e+00 -1.384173e-02
1.251320e+01 1.000000e-03 -9.562152e+00
1.251320e+01 1.079801e-03 -1.025699e+01
1.251320e+01 1.165970e-03 -1.099612e+01
1.251320e+01 1.259016e-03 -1.178114e+01
1.251320e+01 1.359487e-03 -1.261348e+01
1.251320e+01 1.467975e-03 -1.349439e+01
1.251320e+01 1.585121e-03 -1.442491e+01
1.251320e+01 1.711615e-03 -1.540581e+01
1.251320e+01 1.848204e-03 -1.643758e+01
1.251320e+01 1.995693e-03 -1.752034e+01
1.251320e+01 2.154951e-03 -1.865375e+01
1.251320e+01 2.326918e-03 -1.983707e+01
1.251320e+01 2.512609e-03 -2.106878e+01
1.251320e+01 2.713117e-03 -2.234655e+01
1.251320e+01 2.929627e-03 -2.366736e+01
1.251320e+01 3.163414e-03 -2.502706e+01
1.251320e+01 3.415858e-03 -2.642040e+01
1.251320e+01 3.688447e-03 -2.784108e+01
1.251320e+01 3.982789e-03 -2.928143e+01
1.251320e+01 4.300619e-03 -3.073229e+01
1.251320e+01 4.643813e-03 -3.218329e+01
1.251320e+01 5.014394e-03 -3.362212e+01
1.251320e+01 5.414548e-03 -3.503455e+01
1.251320e+01 5.846635e-03 -3.640503e+01
1.251320e+01 6.313202e-03 -3.771561e+01
1.251320e+01 6.817002e-03 -3.894621e+01
1.251320e+01 7.361006e-03 -4.007567e+01
1.251320e+01 7.948422e-03 -4.108030e+01
1.251320e+01 8.582714e-03 -4.193441e+01
1.251320e+01 9.267624e-03 -4.261244e+01
1.251320e+01 1.000719e-02 -4.308727e+01
1.251320e+01 1.080577e-02 -4.333146e+01
1.251320e+01 1.166809e-02 -4.332040e+01
1.251320e+01 1.259921e-02 -4.303221e+01
1.251320e+01 1.360464e-02 -4.244926e+01
1.251320e+01 1.469030e-02 -4.156118e+01
1.251320e+01 1.586261e-02 -4.037013e+01
1.251320e+01 1.712846e-02 -3.889020e+01
1.251320e+01 1.849533e-02 -3.714473e+01
1.251320e+01 1.997127e-02 -3.518403e+01
1.251320e+01 2.156500e-02 -3.307548e+01
1.251320e+01 2.328591e-02 -3.088409e+01
1.251320e+01 2.514415e-02 -2.869922e+01
1.251320e+01 2.715068e-02 -2.661623e+01
1.251320e+01 2.931733e-02 -2.470673e+01
1.251320e+01 3.165689e-02 -2.302319e+01
1.251320e+01 3.418314e-02 -2.159719e+01
1.251320e+01 3.691099e-02 -2.040668e+01
1.251320e+01 3.985652e-02 -1.937955e+01
1.251320e+01 4.303711e-02 -1.839485e+01
1.251320e+01 4.647152e-02 -1.730571e+01
1.251320e+01 5.017999e-02 -1.598730e+01
1.251320e+01 5.418441e-02 -1.473033e+01
1.251320e+01 5.850838e-02 -1.389324e+01
1.251320e+01 6.317741e-02 -1.298935e+01
1.251320e+01 6.821903e-02 -1.201333e+01
1.251320e+01 7.366298e-02 -1.097541e+01
1.251320e+01 7.954136e-02 -1.001796e+01
1.251320e+01 8.588885e-02 -8.984111e+00
1.251320e+01 9.274286e-02 -7.867758e+00
1.251320e+01 1.001438e-01 -6.662319e+00
1.251320e+01 1.081354e-01 -5.922010e+00
1.251320e+01 1.167647e-01 -5.390433e+00
1.251320e+01 1.260827e-01 -4.816435e+00
1.251320e+01 1.361442e-01 -4.196632e+00
1.251320e+01 1.470087e-01 -3.600200e+00
1.251320e+01 1.587401e-01 -3.266421e+00
1.251320e+01 1.714077e-01 -2.906006e+00
1.251320e+01 1.850862e-01 -2.516829e+00
1.251320e+01 1.998563e-01 -2.096596e+00
1.251320e+01 2.158051e-01 -1.865168e+00
1.251320e+01 2.330265e-01 -1.659682e+00
1.251320e+01 2.516223e-01 -1.437798e+00
1.251320e+01 2.717020e-01 -1.198208e+00
1.251320e+01 2.933841e-01 -1.011728e+00
1.251320e+01 3.167964e-01 -9.021676e-01
1.251320e+01 3.420771e-01 -7.838637e-01
1.251320e+01 3.693752e-01 -6.561191e-01
1.251320e+01 3.988518e-01 -5.244005e-01
1.251320e+01 4.306805e-01 -4.694191e-01
1.251320e+01 4.650493e-01 -4.100501e-01
1.251320e+01 5.021607e-01 -3.459434e-01
1.251320e+01 5.422336e-01 -2.767209e-01
1.251320e+01 5.855044e-01 -2.355709e-01
1.251320e+01 6.322283e-01 -2.067932e-01
1.251320e+01 6.826808e-01 -1.757191e-01
1.251320e+01 7.371594e-01 -1.421653e-01
1.251320e+01 7.959855e-01 -1.134146e-01
1.251320e+01 8.595059e-01 -9.997270e-02
1.251320e+01 9.280954e-01 -8.545807e-02
1.251320e+01 1.002158e+00 -6.978516e-02
1.251320e+01 1.082132e+00 -5.286154e-02
1.251320e+01 1.168487e+00 -4.619948e-02
1.251320e+01 1.261733e+00 -3.999479e-02
1.251320e+01 1.362421e+00 -3.329496e-02
1.251320e+01 1.471144e+00 -2.606047e-02
1.251320e+01 1.588542e+00 -2.111873e-02
1.251320e+01 1.715310e+00 -1.829550e-02
1.251320e+01 1.852193e+00 -1.524696e-02
1.251320e+01 2.000000e+00 -1.195516e-02
1.278347e+01 1.000000e-03 -7.707044e+00
1.278347e+01 1.079801e-03 -8.267239e+00
1.278347e+01 1.165970e-03 -8.863158e+00
1.278347e+01 1.259016e-03 -9.496098e+00
1.278347e+01 1.359487e-03 -1.016721e+01
1.278347e+01 1.467975e-03 -1.087749e+01
1.278347e+01 1.585121e-03 -1.162779e+01
1.278347e+01 1.711615e-03 -1.241871e+01
1.278347e+01 1.848204e-03 -1.325065e+01
1.278347e+01 1.995693e-03 -1.412368e+01
1.278347e+01 2.154951e-03 -1.503755e+01
1.278347e+01 2.326918e-03 -1.599163e+01
1.278347e+01 2.512609e-03 -1.698471e+01
1.278347e+01 2.713117e-03 -1.801492e+01
1.278347e+01 2.929627e-03 -1.907983e+01
1.278347e+01 3.163414e-03 -2.017610e+01
1.278347e+01 3.415858e-03 -2.129948e+01
1.278347e+01 3.688447e-03 -2.244491e+01
1.278347e+01 3.982789e-03 -2.360618e+01
1.278347e+01 4.300619e-03 -2.477592e+01
1.278347e+01 4.643813e-03 -2.594577e+01
1.278347e+01 5.014394e-03 -2.710581e+01
1.278347e+01 5.414548e-03 -2.824457e+01
1.278347e+01 5.846635e-03 -2.934949e+01
1.278347e+01 6.313202e-03 -3.040613e+01
1.278347e+01 6.817002e-03 -3.139827e+01
1.278347e+01 7.361006e-03 -3.230889e+01
1.278347e+01 7.948422e-03 -3.311886e+01
1.278347e+01 8.582714e-03 -3.380747e+01
1.278347e+01 9.267624e-03 -3.435410e+01
1.278347e+01 1.000719e-02 -3.473689e+01
1.278347e+01 1.080577e-02 -3.493374e+01
1.278347e+01 1.166809e-02 -3.492485e+01
1.278347e+01 1.259921e-02 -3.469256e+01
1.278347e+01 1.360464e-02 -3.422266e+01
1.278347e+01 1.469030e-02 -3.350673e+01
1.278347e+01 1.586261e-02 -3.254651e+01
1.278347e+01 1.712846e-02 -3.135339e+01
1.278347e+01 1.849533e-02 -2.994618e+01
1.278347e+01 1.997127e-02 -2.836547e+01
1.278347e+01 2.156500e-02 -2.666556e+01
1.278347e+01 2.328591e-02 -2.489886e+01
1.278347e+01 2.514415e-02 -2.313741e+01
1.278347e+01 2.715068e-02 -2.145810e+01
1.278347e+01 2.931733e-02 -1.991865e+01
1.278347e+01 3.165689e-02 -1.856138e+01
1.278347e+01 3.418314e-02 -1.741174e+01
1.278347e+01 3.691099e-02 -1.645194e+01
1.278347e+01 3.985652e-02 -1.562387e+01
1.278347e+01 4.303711e-02 -1.482999e+01
1.278347e+01 4.647152e-02 -1.395193e+01
1.278347e+01 5.017999e-02 -1.288902e+01
1.278347e+01 5.418441e-02 -1.187368e+01
1.278347e+01 5.850838e-02 -1.119331e+01
1.278347e+01 6.317741e-02 -1.045865e+01
1.278347e+01 6.821903e-02 -9.665368e+00
1.278347e+01 7.366298e-02 -8.822628e+00
1.278347e+01 7.954136e-02 -8.054060e+00
1.278347e+01 8.588885e-02 -7.224158e+00
1.278347e+01 9.274286e-02 -6.328030e+00
1.278347e+01 1.001438e-01 -5.360390e+00
1.278347e+01 1.081354e-01 -4.765465e+00
1.278347e+01 1.167647e-01 -4.337729e+00
1.278347e+01 1.260827e-01 -3.875859e+00
1.278347e+01 1.361442e-01 -3.377131e+00
1.278347e+01 1.470087e-01 -2.897432e+00
1.278347e+01 1.587401e-01 -2.630043e+00
1.278347e+01 1.714077e-01 -2.341316e+00
1.278347e+01 1.850862e-01 -2.029548e+00
1.278347e+01 1.998563e-01 -1.692901e+00
1.278347e+01 2.158051e-01 -1.506344e+00
1.278347e+01 2.330265e-01 -1.340246e+00
1.278347e+01 2.516223e-01 -1.160892e+00
1.278347e+01 2.717020e-01 -9.672260e-01
1.278347e+01 2.933841e-01 -8.166607e-01
1.278347e+01 3.167964e-01 -7.285003e-01
1.278347e+01 3.420771e-01 -6.333046e-01
1.278347e+01 3.693752e-01 -5.305122e-01
1.278347e+01 3.988518e-01 -4.245175e-01
1.278347e+01 4.306805e-01 -3.802061e-01
1.278347e+01 4.650493e-01 -3.323586e-01
1.278347e+01 5.021607e-01 -2.806928e-01
1.278347e+01 5.422336e-01 -2.249040e-01
1.278347e+01 5.855044e-01 -1.917693e-01
1.278347e+01 6.322283e-01 -1.686220e-01
1.278347e+01 6.826808e-01 -1.436275e-01
1.278347e+01 7.371594e-01 -1.166384e-01
1.278347e+01 7.959855e-01 -9.347792e-02
1.278347e+01 8.595059e-01 -8.254628e-02
1.278347e+01 9.280954e-01 -7.074228e-02
1.278347e+01 1.002158e+00 -5.799631e-02
1.278347e+01 1.082132e+00 -4.423320e-02
1.278347e+01 1.168487e+00 -3.875028e-02
1.278347e+01 1.261733e+00 -3.362857e-02
1.278347e+01 1.362421e+00 -2.809815e-02
1.278347e+01 1.471144e+00 -2.212639e-02
1.278347e+01 1.588542e+00 -1.801915e-02
1.278347e+01 1.715310e+00 -1.563386e-02
1.278347e+01 1.852193e+00 -1.305821e-02
1.278347e+01 2.000000e+00 -1.027702e-02
1.305914e+01 1.000000e-03 -6.239112e+00
1.305914e+01 1.079801e-03 -6.692734e+00
1.305914e+01 1.165970e-03 -7.175304e+00
1.305914e+01 1.259016e-03 -7.687870e+00
1.305914e+01 1.359487e-03 -8.231361e+00
1.305914e+01 1.467975e-03 -8.806592e+00
1.305914e+01 1.585121e-03 -9.414234e+00
1.305914e+01 1.711615e-03 -1.005478e+01
1.305914e+01 1.848204e-03 -1.072854e+01
1.305914e+01 1.995693e-03 -1.143557e+01
1.305914e+01 2.154951e-03 -1.217565e+01
1.305914e+01 2.326918e-03 -1.294829e+01
1.305914e+01 2.512609e-03 -1.375250e+01
1.305914e+01 2.713117e-03 -1.458678e+01
1.305914e+01 2.929627e-03 -1.544914e+01
1.305914e+01 3.163414e-03 -1.633691e+01
1.305914e+01 3.415858e-03 -1.724663e+01
1.305914e+01 3.688447e-03 -1.817419e+01
1.305914e+01 3.982789e-03 -1.911458e+01
1.305914e+01 4.300619e-03 -2.006182e+01
1.305914e+01 4.643813e-03 -2.100915e+01
1.305914e+01 5.014394e-03 -2.194854e+01
1.305914e+01 5.414548e-03 -2.287068e+01
1.305914e+01 5.846635e-03 -2.376543e+01
1.305914e+01 6.313202e-03 -2.462107e+01
1.305914e+01 6.817002e-03 -2.542449e+01
1.305914e+01 7.361006e-03 -2.616189e+01
1.305914e+01 7.948422e-03 -2.681779e+01
1.305914e+01 8.582714e-03 -2.737542e+01
1.305914e+01 9.267624e-03 -2.781805e+01
1.305914e+01 1.000719e-02 -2.812801e+01
1.305914e+01 1.080577e-02 -2.828741e+01
1.305914e+01 1.166809e-02 -2.828023e+01
1.305914e+01 1.259921e-02 -2.809218e+01
1.305914e+01 1.360464e-02 -2.771171e+01
1.305914e+01 1.469030e-02 -2.713201e+01
1.305914e+01 1.586261e-02 -2.635449e+01
1.305914e+01 1.712846e-02 -2.538837e+01
1.305914e+01 1.849533e-02 -2.424889e+01
1.305914e+01 1.997127e-02 -2.296891e+01
1.305914e+01 2.156500e-02 -2.159241e+01
1.305914e+01 2.328591e-02 -2.016184e+01
1.305914e+01 2.514415e-02 -1.873551e+01
1.305914e+01 2.715068e-02 -1.737569e+01
1.305914e+01 2.931733e-02 -1.612912e+01
1.305914e+01 3.165689e-02 -1.503008e+01
1.305914e+01 3.418314e-02 -1.409915e+01
1.305914e+01 3.691099e-02 -1.332195e+01
1.305914e+01 3.985652e-02 -1.265142e+01
1.305914e+01 4.303711e-02 -1.200858e+01
1.305914e+01 4.647152e-02 -1.129757e+01
1.305914e+01 5.017999e-02 -1.043688e+01
1.305914e+01 5.418441e-02 -9.609870e+00
1.305914e+01 5.850838e-02 -9.045483e+00
1.305914e+01 6.317741e-02 -8.436056e+00
1.305914e+01 6.821903e-02 -7.777997e+00
1.305914e+01 7.366298e-02 -7.080706e+00
1.305914e+01 7.954136e-02 -6.463400e+00
1.305914e+01 8.588885e-02 -5.796831e+00
1.305914e+01 9.274286e-02 -5.077070e+00
1.305914e+01 1.001438e-01 -4.299871e+00
1.305914e+01 1.081354e-01 -3.821724e+00
1.305914e+01 1.167647e-01 -3.477690e+00
1.305914e+01 1.260827e-01 -3.106200e+00
1.305914e+01 1.361442e-01 -2.705066e+00
1.305914e+01 1.470087e-01 -2.319666e+00
1.305914e+01 1.587401e-01 -2.106896e+00
1.305914e+01 1.714077e-01 -1.877146e+00
1.305914e+01 1.850862e-01 -1.629062e+00
1.305914e+01 1.998563e-01 -1.361181e+00
1.305914e+01 2.158051e-01 -1.211354e+00
1.305914e+01 2.330265e-01 -1.077423e+00
1.305914e+01 2.516223e-01 -9.328029e-01
1.305914e+01 2.717020e-01 -7.766424e-01
1.305914e+01 2.933841e-01 -6.555033e-01
1.305914e+01 3.167964e-01 -5.850453e-01
1.305914e+01 3.420771e-01 -5.089646e-01
1.305914e+01 3.693752e-01 -4.268126e-01
1.305914e+01 3.988518e-01 -3.420987e-01
1.305914e+01 4.306805e-01 -3.066469e-01
1.305914e+01 4.650493e-01 -2.683661e-01
1.305914e+01 5.021607e-01 -2.270304e-01
1.305914e+01 5.422336e-01 -1.823960e-01
1.305914e+01 5.855044e-01 -1.558055e-01
1.305914e+01 6.322283e-01 -1.371615e-01
1.305914e+01 6.826808e-01 -1.170296e-01
1.305914e+01 7.371594e-01 -9.529125e-02
1.305914e+01 7.959855e-01 -7.662628e-02
1.305914e+01 8.595059e-01 -6.778576e-02
1.305914e+01 9.280954e-01 -5.823977e-02
1.305914e+01 1.002158e+00 -4.793200e-02
1.305914e+01 1.082132e+00 -3.680166e-02
1.305914e+01 1.168487e+00 -3.231017e-02
1.305914e+01 1.261733e+00 -2.810135e-02
1.305914e+01 1.362421e+00 -2.355665e-02
1.305914e+01 1.471144e+00 -1.864928e-02
1.305914e+01 1.588542e+00 -1.525251e-02
1.305914e+01 1.715310e+00 -1.325013e-02
1.305914e+01 1.852193e+00 -1.108796e-02
1.305914e+01 2.000000e+00 -8.753246e-03
1.334032e+01 1.000000e-03 -4.944146e+00
1.334032e+01 1.079801e-03 -5.303719e+00
1.334032e+01 1.165970e-03 -5.686250e+00
1.334032e+01 1.259016e-03 -6.092575e+00
1.334032e+01 1.359487e-03 -6.523427e+00
1.334032e+01 1.467975e-03 -6.979451e+00
1.334032e+01 1.585121e-03 -7.461178e+00
1.334032e+01 1.711615e-03 -7.968994e+00
1.334032e+01 1.848204e-03 -8.503135e+00
1.334032e+01 1.995693e-03 -9.063646e+00
1.334032e+01 2.154951e-03 -9.650356e+00
1.334032e+01 2.326918e-03 -1.026286e+01
1.334032e+01 2.512609e-03 -1.090038e+01
1.334032e+01 2.713117e-03 -1.156172e+01
1.334032e+01 2.929627e-03 -1.224533e+01
1.334032e+01 3.163414e-03 -1.294908e+01
1.334032e+01 3.415858e-03 -1.367023e+01
1.334032e+01 3.688447e-03 -1.440552e+01
1.334032e+01 3.982789e-03 -1.515097e+01
1.334032e+01 4.300619e-03 -1.590184e+01
1.334032e+01 4.643813e-03 -1.665279e+01
1.334032e+01 5.014394e-03 -1.739744e+01
1.334032e+01 5.414548e-03 -1.812842e+01
1.334032e+01 5.846635e-03 -1.883768e+01
1.334032e+01 6.313202e-03 -1.951595e+01
1.334032e+01 6.817002e-03 -2.015281e+01
1.334032e+01 7.361006e-03 -2.073734e+01
1.334032e+01 7.948422e-03 -2.125727e+01
1.334032e+01 8.582714e-03 -2.169930e+01
1.334032e+01 9.267624e-03 -2.205017e+01
1.334032e+01 1.000719e-02 -2.229587e+01
1.334032e+01 1.080577e-02 -2.242223e+01
1.334032e+01 1.166809e-02 -2.241655e+01
1.334032e+01 1.259921e-02 -2.226751e+01
1.334032e+01 1.360464e-02 -2.196595e+01
1.334032e+01 1.469030e-02 -2.150646e+01
1.334032e+01 1.586261e-02 -2.089016e+01
1.334032e+01 1.712846e-02 -2.012436e+01
1.334032e+01 1.849533e-02 -1.922114e+01
1.334032e+01 1.997127e-02 -1.820656e+01
1.334032e+01 2.156500e-02 -1.711547e+01
1.334032e+01 2.328591e-02 -1.598151e+01
1.334032e+01 2.514415e-02 -1.485091e+01
1.334032e+01 2.715068e-02 -1.377304e+01
1.334032e+01 2.931733e-02 -1.278494e+01
1.334032e+01 3.165689e-02 -1.191376e+01
1.334032e+01 3.418314e-02 -1.117585e+01
1.334032e+01 3.691099e-02 -1.055980e+01
1.334032e+01 3.985652e-02 -1.002830e+01
1.334032e+01 4.303711e-02 -9.518743e+00
1.334032e+01 4.647152e-02 -8.955151e+00
1.334032e+01 5.017999e-02 -8.272918e+00
1.334032e+01 5.418441e-02 -7.619951e+00
1.334032e+01 5.850838e-02 -7.179751e+00
1.334032e+01 6.317741e-02 -6.704423e+00
1.334032e+01 6.821903e-02 -6.191163e+00
1.334032e+01 7.366298e-02 -5.646282e+00
1.334032e+01 7.954136e-02 -5.153258e+00
1.334032e+01 8.588885e-02 -4.620891e+00
1.334032e+01 9.274286e-02 -4.046041e+00
1.334032e+01 1.001438e-01 -3.425317e+00
1.334032e+01 1.081354e-01 -3.045079e+00
1.334032e+01 1.167647e-01 -2.772866e+00
1.334032e+01 1.260827e-01 -2.478931e+00
1.334032e+01 1.361442e-01 -2.161540e+00
1.334032e+01 1.470087e-01 -1.856210e+00
1.334032e+01 1.587401e-01 -1.685789e+00
1.334032e+01 1.714077e-01 -1.501768e+00
1.334032e+01 1.850862e-01 -1.303062e+00
1.334032e+01 1.998563e-01 -1.088499e+00
1.334032e+01 2.158051e-01 -9.684525e-01
1.334032e+01 2.330265e-01 -8.611250e-01
1.334032e+01 2.516223e-01 -7.452327e-01
1.334032e+01 2.717020e-01 -6.200920e-01
1.334032e+01 2.933841e-01 -5.232597e-01
1.334032e+01 3.167964e-01 -4.673699e-01
1.334032e+01 3.420771e-01 -4.070201e-01
1.334032e+01 3.693752e-01 -3.418543e-01
1.334032e+01 3.988518e-01 -2.746410e-01
1.334032e+01 4.306805e-01 -2.462860e-01
1.334032e+01 4.650493e-01 -2.156682e-01
1.334032e+01 5.021607e-01 -1.826071e-01
1.334032e+01 5.422336e-01 -1.469077e-01
1.334032e+01 5.855044e-01 -1.256464e-01
1.334032e+01 6.322283e-01 -1.107442e-01
1.334032e+01 6.826808e-01 -9.465289e-02
1.334032e+01 7.371594e-01 -7.727743e-02
1.334032e+01 7.959855e-01 -6.235484e-02
1.334032e+01 8.595059e-01 -5.527590e-02
1.334032e+01 9.280954e-01 -4.763205e-02
1.334032e+01 1.002158e+00 -3.937821e-02
1.334032e+01 1.082132e+00 -3.046571e-02
1.334032e+01 1.168487e+00 -2.680403e-02
1.334032e+01 1.261733e+00 -2.335794e-02
1.334032e+01 1.362421e+00 -1.963685e-02
1.334032e+01 1.471144e+00 -1.561881e-02
1.334032e+01 1.588542e+00 -1.282430e-02
1.334032e+01 1.715310e+00 -1.115877e-02
1.334032e+01 1.852193e+00 -9.360320e-03
1.334032e+01 2.000000e+00 -7.418356e-03
1.362713e+01 1.000000e-03 -3.885999e+00
1.362713e+01 1.079801e-03 -4.168696e+00
1.362713e+01 1.165970e-03 -4.469456e+00
1.362713e+01 1.259016e-03 -4.788934e+00
1.362713e+01 1.359487e-03 -5.127708e+00
1.362713e+01 1.467975e-03 -5.486284e+00
1.362713e+01 1.585121e-03 -5.865075e+00
1.362713e+01 1.711615e-03 -6.264384e+00
1.362713e+01 1.848204e-03 -6.684392e+00
1.362713e+01 1.995693e-03 -7.125130e+00
1.362713e+01 2.154951e-03 -7.586461e+00
1.362713e+01 2.326918e-03 -8.068062e+00
1.362713e+01 2.512609e-03 -8.569321e+00
1.362713e+01 2.713117e-03 -9.089309e+00
1.362713e+01 2.929627e-03 -9.626802e+00
1.362713e+01 3.163414e-03 -1.018013e+01
1.362713e+01 3.415858e-03 -1.074714e+01
1.362713e+01 3.688447e-03 -1.132526e+01
1.362713e+01 3.982789e-03 -1.191137e+01
1.362713e+01 4.300619e-03 -1.250174e+01
1.362713e+01 4.643813e-03 -1.309217e+01
1.362713e+01 5.014394e-03 -1.367764e+01
1.362713e+01 5.414548e-03 -1.425237e+01
1.362713e+01 5.846635e-03 -1.481001e+01
1.362713e+01 6.313202e-03 -1.534329e+01
1.362713e+01 6.817002e-03 -1.584401e+01
1.362713e+01 7.361006e-03 -1.630359e+01
1.362713e+01 7.948422e-03 -1.671238e+01
1.362713e+01 8.582714e-03 -1.705991e+01
1.362713e+01 9.267624e-03 -1.733578e+01
1.362713e+01 1.000719e-02 -1.752897e+01
1.362713e+01 1.080577e-02 -1.762832e+01
1.362713e+01 1.166809e-02 -1.762387e+01
1.362713e+01 1.259921e-02 -1.750671e+01
1.362713e+01 1.360464e-02 -1.726963e+01
1.362713e+01 1.469030e-02 -1.690839e+01
1.362713e+01 1.586261e-02 -1.642386e+01
1.362713e+01 1.712846e-02 -1.582179e+01
1.362713e+01 1.849533e-02 -1.511169e+01
1.362713e+01 1.997127e-02 -1.431403e+01
1.362713e+01 2.156500e-02 -1.345621e+01
1.362713e+01 2.328591e-02 -1.256469e+01
1.362713e+01 2.514415e-02 -1.167582e+01
1.362713e+01 2.715068e-02 -1.082839e+01
1.362713e+01 2.931733e-02 -1.005154e+01
1.362713e+01 3.165689e-02 -9.366626e+00
1.362713e+01 3.418314e-02 -8.786480e+00
1.362713e+01 3.691099e-02 -8.302138e+00
1.362713e+01 3.985652e-02 -7.884269e+00
1.362713e+01 4.303711e-02 -7.483655e+00
1.362713e+01 4.647152e-02 -7.040558e+00
1.362713e+01 5.017999e-02 -6.504185e+00
1.362713e+01 5.418441e-02 -5.991382e+00
1.362713e+01 5.850838e-02 -5.646858e+00
1.362713e+01 6.317741e-02 -5.274841e+00
1.362713e+01 6.821903e-02 -4.873136e+00
1.362713e+01 7.366298e-02 -4.446506e+00
1.362713e+01 7.954136e-02 -4.058661e+00
1.362713e+01 8.588885e-02 -3.639866e+00
1.362713e+01 9.274286e-02 -3.187650e+00
1.362713e+01 1.001438e-01 -2.699347e+00
1.362713e+01 1.081354e-01 -2.401072e+00
1.362713e+01 1.167647e-01 -2.188249e+00
1.362713e+01 1.260827e-01 -1.958443e+00
1.362713e+01 1.361442e-01 -1.710297e+00
1.362713e+01 1.470087e-01 -1.471306e+00
1.362713e+01 1.587401e-01 -1.336595e+00
1.362713e+01 1.714077e-01 -1.191133e+00
1.362713e+01 1.850862e-01 -1.034063e+00
1.362713e+01 1.998563e-01 -8.644594e-01
1.362713e+01 2.158051e-01 -7.691325e-01
1.362713e+01 2.330265e-01 -6.837382e-01
1.362713e+01 2.516223e-01 -5.915294e-01
1.362713e+01 2.717020e-01 -4.919622e-01
1.362713e+01 2.933841e-01 -4.150321e-01
1.362713e+01 3.167964e-01 -3.708313e-01
1.362713e+01 3.420771e-01 -3.231033e-01
1.362713e+01 3.693752e-01 -2.715665e-01
1.362713e+01 3.988518e-01 -2.184114e-01
1.362713e+01 4.306805e-01 -1.960025e-01
1.362713e+01 4.650493e-01 -1.718054e-01
1.362713e+01 5.021607e-01 -1.456774e-01
1.362713e+01 5.422336e-01 -1.174642e-01
1.362713e+01 5.855044e-01 -1.005983e-01
1.362713e+01 6.322283e-01 -8.872355e-02
1.362713e+01 6.826808e-01 -7.590115e-02
1.362713e+01 7.371594e-01 -6.205552e-02
1.362713e+01 7.959855e-01 -5.017748e-02
1.362713e+01 8.595059e-01 -4.458135e-02
1.362713e+01 9.280954e-01 -3.853865e-02
1.362713e+01 1.002158e+00 -3.201373e-02
1.362713e+01 1.082132e+00 -2.496812e-02
1.362713e+01 1.168487e+00 -2.201207e-02
1.362713e+01 1.261733e+00 -1.921633e-02
1.362713e+01 1.362421e+00 -1.619749e-02
1.362713e+01 1.471144e+00 -1.293773e-02
1.362713e+01 1.588542e+00 -1.065979e-02
1.362713e+01 1.715310e+00 -9.287439e-03
1.362713e+01 1.852193e+00 -7.805571e-03
1.362713e+01 2.000000e+00 -6.205447e-03
1.391967e+01 1.000000e-03 -3.003763e+00
1.391967e+01 1.079801e-03 -3.222343e+00
1.391967e+01 1.165970e-03 -3.454898e+00
1.391967e+01 1.259016e-03 -3.701935e+00
1.391967e+01 1.359487e-03 -3.963902e+00
1.391967e+01 1.467975e-03 -4.241188e+00
1.391967e+01 1.585121e-03 -4.534113e+00
1.391967e+01 1.711615e-03 -4.842907e+00
1.391967e+01 1.848204e-03 -5.167707e+00
1.391967e+01 1.995693e-03 -5.508534e+00
1.391967e+01 2.154951e-03 -5.865280e+00
1.391967e+01 2.326918e-03 -6.237692e+00
1.391967e+01 2.512609e-03 -6.625299e+00
1.391967e+01 2.713117e-03 -7.027382e+00
1.391967e+01 2.929627e-03 -7.443000e+00
1.391967e+01 3.163414e-03 -7.870862e+00
1.391967e+01 3.415858e-03 -8.309302e+00
1.391967e+01 3.688447e-03 -8.756334e+00
1.391967e+01 3.982789e-03 -9.209537e+00
1.391967e+01 4.300619e-03 -9.666037e+00
1.391967e+01 4.643813e-03 -1.012258e+01
1.391967e+01 5.014394e-03 -1.057528e+01
1.391967e+01 5.414548e-03 -1.101968e+01
1.391967e+01 5.846635e-03 -1.145087e+01
1.391967e+01 6.313202e-03 -1.186321e+01
1.391967e+01 6.817002e-03 -1.225038e+01
1.391967e+01 7.361006e-03 -1.260574e+01
1.391967e+01 7.948422e-03 -1.292183e+01
1.391967e+01 8.582714e-03 -1.319055e+01
1.391967e+01 9.267624e-03 -1.340387e+01
1.391967e+01 1.000719e-02 -1.355325e+01
1.391967e+01 1.080577e-02 -1.363008e+01
1.391967e+01 1.166809e-02 -1.362665e+01
1.391967e+01 1.259921e-02 -1.353607e+01
1.391967e+01 1.360464e-02 -1.335277e+01
1.391967e+01 1.469030e-02 -1.307346e+01
1.391967e+01 1.586261e-02 -1.269883e+01
1.391967e+01 1.712846e-02 -1.223332e+01
1.391967e+01 1.849533e-02 -1.168428e+01
1.391967e+01 1.997127e-02 -1.106753e+01
1.391967e+01 2.156500e-02 -1.040427e+01
1.391967e+01 2.328591e-02 -9.714958e+00
1.391967e+01 2.514415e-02 -9.027687e+00
1.391967e+01 2.715068e-02 -8.372462e+00
1.391967e+01 2.931733e-02 -7.771808e+00
1.391967e+01 3.165689e-02 -7.242234e+00
1.391967e+01 3.418314e-02 -6.793668e+00
1.391967e+01 3.691099e-02 -6.419177e+00
1.391967e+01 3.985652e-02 -6.096082e+00
1.391967e+01 4.303711e-02 -5.786329e+00
1.391967e+01 4.647152e-02 -5.443729e+00
1.391967e+01 5.017999e-02 -5.029008e+00
1.391967e+01 5.418441e-02 -4.635669e+00
1.391967e+01 5.850838e-02 -4.378079e+00
1.391967e+01 6.317741e-02 -4.099932e+00
1.391967e+01 6.821903e-02 -3.799589e+00
1.391967e+01 7.366298e-02 -3.479589e+00
1.391967e+01 7.954136e-02 -3.178069e+00
1.391967e+01 8.588885e-02 -2.852486e+00
1.391967e+01 9.274286e-02 -2.500922e+00
1.391967e+01 1.001438e-01 -2.121303e+00
1.391967e+01 1.081354e-01 -1.887843e+00
1.391967e+01 1.167647e-01 -1.719938e+00
1.391967e+01 1.260827e-01 -1.538634e+00
1.391967e+01 1.361442e-01 -1.342862e+00
1.391967e+01 1.470087e-01 -1.154359e+00
1.391967e+01 1.587401e-01 -1.048328e+00
1.391967e+01 1.714077e-01 -9.338360e-01
1.391967e+01 1.850862e-01 -8.102074e-01
1.391967e+01 1.998563e-01 -6.767131e-01
1.391967e+01 2.158051e-01 -6.019360e-01
1.391967e+01 2.330265e-01 -5.350478e-01
1.391967e+01 2.516223e-01 -4.628220e-01
1.391967e+01 2.717020e-01 -3.848324e-01
1.391967e+01 2.933841e-01 -3.247141e-01
1.391967e+01 3.167964e-01 -2.904215e-01
1.391967e+01 3.420771e-01 -2.533922e-01
1.391967e+01 3.693752e-01 -2.134079e-01
1.391967e+01 3.988518e-01 -1.721518e-01
1.391967e+01 4.306805e-01 -1.545195e-01
1.391967e+01 4.650493e-01 -1.354801e-01
1.391967e+01 5.021607e-01 -1.149214e-01
1.391967e+01 5.422336e-01 -9.272203e-02
1.391967e+01 5.855044e-01 -7.947941e-02
1.391967e+01 6.322283e-01 -7.017947e-02
1.391967e+01 6.826808e-01 -6.013739e-02
1.391967e+01 7.371594e-01 -4.929394e-02
1.391967e+01 7.959855e-01 -3.998553e-02
1.391967e+01 8.595059e-01 -3.558249e-02
1.391967e+01 9.280954e-01 -3.082809e-02
1.391967e+01 1.002158e+00 -2.569428e-02
1.391967e+01 1.082132e+00 -2.015079e-02
1.391967e+01 1.168487e+00 -1.780290e-02
1.391967e+01 1.261733e+00 -1.557750e-02
1.391967e+01 1.362421e+00 -1.317450e-02
1.391967e+01 1.471144e+00 -1.057975e-02
1.391967e+01 1.588542e+00 -8.752331e-03
1.391967e+01 1.715310e+00 -7.632208e-03
1.391967e+01 1.852193e+00 -6.422699e-03
1.391967e+01 2.000000e+00 -5.116670e-03
1.421806e+01 1.000000e-03 -2.311856e+00
1.421806e+01 1.079801e-03 -2.480135e+00
1.421806e+01 1.165970e-03 -2.659182e+00
1.421806e+01 1.259016e-03 -2.849385e+00
1.421806e+01 1.359487e-03 -3.051090e+00
1.421806e+01 1.467975e-03 -3.264597e+00
1.421806e+01 1.585121e-03 -3.490150e+00
1.421806e+01 1.711615e-03 -3.727925e+00
1.421806e+01 1.848204e-03 -3.978023e+00
1.421806e+01 1.995693e-03 -4.240461e+00
1.421806e+01 2.154951e-03 -4.515152e+00
1.421806e+01 2.326918e-03 -4.801899e+00
1.421806e+01 2.512609e-03 -5.100339e+00
1.421806e+01 2.713117e-03 -5.409921e+00
1.421806e+01 2.929627e-03 -5.729923e+00
1.421806e+01 3.163414e-03 -6.059352e+00
1.421806e+01 3.415858e-03 -6.396924e+00
1.421806e+01 3.688447e-03 -6.741110e+00
1.421806e+01 3.982789e-03 -7.090045e+00
1.421806e+01 4.300619e-03 -7.441518e+00
1.421806e+01 4.643813e-03 -7.793019e+00
1.421806e+01 5.014394e-03 -8.141569e+00
1.421806e+01 5.414548e-03 -8.483718e+00
1.421806e+01 5.846635e-03 -8.815699e+00
1.421806e+01 6.313202e-03 -9.133168e+00
1.421806e+01 6.817002e-03 -9.431258e+00
1.421806e+01 7.361006e-03 -9.704855e+00
1.421806e+01 7.948422e-03 -9.948214e+00
1.421806e+01 8.582714e-03 -1.015511e+01
1.421806e+01 9.267624e-03 -1.031935e+01
1.421806e+01 1.000719e-02 -1.043437e+01
1.421806e+01 1.080577e-02 -1.049353e+01
1.421806e+01 1.166809e-02 -1.049090e+01
1.421806e+01 1.259921e-02 -1.042116e+01
1.421806e+01 1.360464e-02 -1.028005e+01
1.421806e+01 1.469030e-02 -1.006502e+01
1.421806e+01 1.586261e-02 -9.776601e+00
1.421806e+01 1.712846e-02 -9.418218e+00
1.421806e+01 1.849533e-02 -8.995522e+00
1.421806e+01 1.997127e-02 -8.520704e+00
1.421806e+01 2.156500e-02 -8.010076e+00
1.421806e+01 2.328591e-02 -7.479384e+00
1.421806e+01 2.514415e-02 -6.950266e+00
1.421806e+01 2.715068e-02 -6.445821e+00
1.421806e+01 2.931733e-02 -5.983388e+00
1.421806e+01 3.165689e-02 -5.575677e+00
1.421806e+01 3.418314e-02 -5.230334e+00
1.421806e+01 3.691099e-02 -4.942019e+00
1.421806e+01 3.985652e-02 -4.693274e+00
1.421806e+01 4.303711e-02 -4.454800e+00
1.421806e+01 4.647152e-02 -4.191038e+00
1.421806e+01 5.017999e-02 -3.871751e+00
1.421806e+01 5.418441e-02 -3.570688e+00
1.421806e+01 5.850838e-02 -3.377280e+00
1.421806e+01 6.317741e-02 -3.168438e+00
1.421806e+01 6.821903e-02 -2.942930e+00
1.421806e+01 7.366298e-02 -2.701896e+00
1.421806e+01 7.954136e-02 -2.466837e+00
1.421806e+01 8.588885e-02 -2.213020e+00
1.421806e+01 9.274286e-02 -1.938948e+00
1.421806e+01 1.001438e-01 -1.643004e+00
1.421806e+01 1.081354e-01 -1.462174e+00
1.421806e+01 1.167647e-01 -1.333100e+00
1.421806e+01 1.260827e-01 -1.193726e+00
1.421806e+01 1.361442e-01 -1.043230e+00
1.421806e+01 1.470087e-01 -8.981341e-01
1.421806e+01 1.587401e-01 -8.156216e-01
1.421806e+01 1.714077e-01 -7.265246e-01
1.421806e+01 1.850862e-01 -6.303175e-01
1.421806e+01 1.998563e-01 -5.264330e-01
1.421806e+01 2.158051e-01 -4.683624e-01
1.421806e+01 2.330265e-01 -4.164646e-01
1.421806e+01 2.516223e-01 -3.604253e-01
1.421806e+01 2.717020e-01 -2.999140e-01
1.421806e+01 2.933841e-01 -2.531931e-01
1.421806e+01 3.167964e-01 -2.264076e-01
1.421806e+01 3.420771e-01 -1.974846e-01
1.421806e+01 3.693752e-01 -1.662536e-01
1.421806e+01 3.988518e-01 -1.340395e-01
1.421806e+01 4.306805e-01 -1.204251e-01
1.421806e+01 4.650493e-01 -1.057242e-01
1.421806e+01 5.021607e-01 -8.985010e-02
1.421806e+01 5.422336e-01 -7.270928e-02
1.421806e+01 5.855044e-01 -6.244809e-02
1.421806e+01 6.322283e-01 -5.521144e-02
1.421806e+01 6.826808e-01 -4.739729e-02
1.421806e+01 7.371594e-01 -3.895957e-02
1.421806e+01 7.959855e-01 -3.170688e-02
1.421806e+01 8.595059e-01 -2.824830e-02
1.421806e+01 9.280954e-01 -2.451372e-02
1.421806e+01 1.002158e+00 -2.048112e-02
1.421806e+01 1.082132e+00 -1.612671e-02
1.421806e+01 1.168487e+00 -1.427779e-02
1.421806e+01 1.261733e+00 -1.252431e-02
1.421806e+01 1.362421e+00 -1.063090e-02
1.421806e+01 1.471144e+00 -8.586395e-03
1.421806e+01 1.588542e+00 -7.135653e-03
1.421806e+01 1.715310e+00 -6.231849e-03
1.421806e+01 1.852193e+00 -5.255921e-03
1.421806e+01 2.000000e+00 -4.202112e-03
1.452242e+01 1.000000e-03 -1.796889e+00
1.452242e+01 1.079801e-03 -1.927723e+00
1.452242e+01 1.165970e-03 -2.066934e+00
1.452242e+01 1.259016e-03 -2.214825e+00
1.452242e+01 1.359487e-03 -2.371665e+00
1.452242e+01 1.467975e-03 -2.537686e+00
1.452242e+01 1.585121e-03 -2.713078e+00
1.452242e+01 1.711615e-03 -2.897977e+00
1.452242e+01 1.848204e-03 -3.092459e+00
1.452242e+01 1.995693e-03 -3.296534e+00
1.452242e+01 2.154951e-03 -3.510133e+00
1.452242e+01 2.326918e-03 -3.733103e+00
1.452242e+01 2.512609e-03 -3.965160e+00
1.452242e+01 2.713117e-03 -4.205877e+00
1.452242e+01 2.929627e-03 -4.454694e+00
1.452242e+01 3.163414e-03 -4.710842e+00
1.452242e+01 3.415858e-03 -4.973320e+00
1.452242e+01 3.688447e-03 -5.240940e+00
1.452242e+01 3.982789e-03 -5.512251e+00
1.452242e+01 4.300619e-03 -5.785534e+00
1.452242e+01 4.643813e-03 -6.058838e+00
1.452242e+01 5.014394e-03 -6.329846e+00
1.452242e+01 5.414548e-03 -6.595877e+00
1.452242e+01 5.846635e-03 -6.854001e+00
1.452242e+01 6.313202e-03 -7.100841e+00
1.452242e+01 6.817002e-03 -7.332613e+00
1.452242e+01 7.361006e-03 -7.545341e+00
1.452242e+01 7.948422e-03 -7.734559e+00
1.452242e+01 8.582714e-03 -7.895427e+00
1.452242e+01 9.267624e-03 -8.023130e+00
1.452242e+01 1.000719e-02 -8.112564e+00
1.452242e+01 1.080577e-02 -8.158571e+00
1.452242e+01 1.166809e-02 -8.156529e+00
1.452242e+01 1.259921e-02 -8.102315e+00
1.452242e+01 1.360464e-02 -7.992602e+00
1.452242e+01 1.469030e-02 -7.825424e+00
1.452242e+01 1.586261e-02 -7.601187e+00
1.452242e+01 1.712846e-02 -7.322552e+00
1.452242e+01 1.849533e-02 -6.993913e+00
1.452242e+01 1.997127e-02 -6.624750e+00
1.452242e+01 2.156500e-02 -6.227744e+00
1.452242e+01 2.328591e-02 -5.815138e+00
1.452242e+01 2.514415e-02 -5.403756e+00
1.452242e+01 2.715068e-02 -5.011556e+00
1.452242e+01 2.931733e-02 -4.652019e+00
1.452242e+01 3.165689e-02 -4.335029e+00
1.452242e+01 3.418314e-02 -4.066529e+00
1.452242e+01 3.691099e-02 -3.842367e+00
1.452242e+01 3.985652e-02 -3.648970e+00
1.452242e+01 4.303711e-02 -3.463560e+00
1.452242e+01 4.647152e-02 -3.258487e+00
1.452242e+01 5.017999e-02 -3.010245e+00
1.452242e+01 5.418441e-02 -2.775525e+00
1.452242e+01 5.850838e-02 -2.623350e+00
1.452242e+01 6.317741e-02 -2.459031e+00
1.452242e+01 6.821903e-02 -2.281599e+00
1.452242e+01 7.366298e-02 -2.092085e+00
1.452242e+01 7.954136e-02 -1.908659e+00
1.452242e+01 8.588885e-02 -1.710595e+00
1.452242e+01 9.274286e-02 -1.496725e+00
1.452242e+01 1.001438e-01 -1.265788e+00
1.452242e+01 1.081354e-01 -1.126186e+00
1.452242e+01 1.167647e-01 -1.027813e+00
1.452242e+01 1.260827e-01 -9.215895e-01
1.452242e+01 1.361442e-01 -8.068892e-01
1.452242e+01 1.470087e-01 -6.961786e-01
1.452242e+01 1.587401e-01 -6.326191e-01
1.452242e+01 1.714077e-01 -5.639875e-01
1.452242e+01 1.850862e-01 -4.898790e-01
1.452242e+01 1.998563e-01 -4.098567e-01
1.452242e+01 2.158051e-01 -3.646492e-01
1.452242e+01 2.330265e-01 -3.240638e-01
1.452242e+01 2.516223e-01 -2.802396e-01
1.452242e+01 2.717020e-01 -2.329181e-01
1.452242e+01 2.933841e-01 -1.964627e-01
1.452242e+01 3.167964e-01 -1.757076e-01
1.452242e+01 3.420771e-01 -1.532962e-01
1.452242e+01 3.693752e-01 -1.290963e-01
1.452242e+01 3.988518e-01 -1.041380e-01
1.452242e+01 4.306805e-01 -9.363653e-02
1.452242e+01 4.650493e-01 -8.229707e-02
1.452242e+01 5.021607e-01 -7.005271e-02
1.452242e+01 5.422336e-01 -5.683124e-02
1.452242e+01 5.855044e-01 -4.887925e-02
1.452242e+01 6.322283e-01 -4.323998e-02
1.452242e+01 6.826808e-01 -3.715070e-02
1.452242e+01 7.371594e-01 -3.057548e-02
1.452242e+01 7.959855e-01 -2.492785e-02
1.452242e+01 8.595059e-01 -2.224688e-02
1.452242e+01 9.280954e-01 -1.935197e-02
1.452242e+01 1.002158e+00 -1.622604e-02
1.452242e+01 1.082132e+00 -1.285066e-02
1.452242e+01 1.168487e+00 -1.139930e-02
1.452242e+01 1.261733e+00 -1.001893e-02
1.452242e+01 1.362421e+00 -8.528399e-03
1.452242e+01 1.471144e+00 -6.918926e-03
1.452242e+01 1.588542e+00 -5.769418e-03
1.452242e+01 1.715310e+00 -5.043347e-03
1.452242e+01 1.852193e+00 -4.259334e-03
1.452242e+01 2.000000e+00 -3.412757e-03
1.483287e+01 1.000000e-03 -1.366836e+00
1.483287e+01 1.079801e-03 -1.466386e+00
1.483287e+01 1.165970e-03 -1.572315e+00
1.483287e+01 1.259016e-03 -1.684854e+00
1.483287e+01 1.359487e-03 -1.804207e+00
1.483287e+01 1.467975e-03 -1.930551e+00
1.483287e+01 1.585121e-03 -2.064029e+00
1.483287e+01 1.711615e-03 -2.204744e+00
1.483287e+01 1.848204e-03 -2.352753e+00
1.483287e+01 1.995693e-03 -2.508061e+00
1.483287e+01 2.154951e-03 -2.670615e+00
1.483287e+01 2.326918e-03 -2.840296e+00
1.483287e+01 2.512609e-03 -3.016889e+00
1.483287e+01 2.713117e-03 -3.200068e+00
1.483287e+01 2.929627e-03 -3.389411e+00
1.483287e+01 3.163414e-03 -3.584331e+00
1.483287e+01 3.415858e-03 -3.784068e+00
1.483287e+01 3.688447e-03 -3.987718e+00
1.483287e+01 3.982789e-03 -4.194175e+00
1.483287e+01 4.300619e-03 -4.402132e+00
1.483287e+01 4.643813e-03 -4.610104e+00
1.483287e+01 5.014394e-03 -4.816327e+00
1.483287e+01 5.414548e-03 -5.018763e+00
1.483287e+01 5.846635e-03 -5.215181e+00
1.483287e+01 6.313202e-03 -5.403013e+00
1.483287e+01 6.817002e-03 -5.579379e+00
1.483287e+01 7.361006e-03 -5.741252e+00
1.483287e+01 7.948422e-03 -5.885236e+00
1.483287e+01 8.582714e-03 -6.007649e+00
1.483287e+01 9.267624e-03 -6.104826e+00
1.483287e+01 1.000719e-02 -6.172883e+00
1.483287e+01 1.080577e-02 -6.207895e+00
1.483287e+01 1.166809e-02 -6.206347e+00
1.483287e+01 1.259921e-02 -6.165099e+00
1.483287e+01 1.360464e-02 -6.081621e+00
1.483287e+01 1.469030e-02 -5.954417e+00
1.483287e+01 1.586261e-02 -5.783796e+00
1.483287e+01 1.712846e-02 -5.571784e+00
1.483287e+01 1.849533e-02 -5.321722e+00
1.483287e+01 1.997127e-02 -5.040825e+00
1.483287e+01 2.156500e-02 -4.738741e+00
1.483287e+01 2.328591e-02 -4.424787e+00
1.483287e+01 2.514415e-02 -4.111763e+00
1.483287e+01 2.715068e-02 -3.813336e+00
1.483287e+01 2.931733e-02 -3.539762e+00
1.483287e+01 3.165689e-02 -3.298561e+00
1.483287e+01 3.418314e-02 -3.094257e+00
1.483287e+01 3.691099e-02 -2.923691e+00
1.483287e+01 3.985652e-02 -2.776533e+00
1.483287e+01 4.303711e-02 -2.635453e+00
1.483287e+01 4.647152e-02 -2.479411e+00
1.483287e+01 5.017999e-02 -2.290522e+00
1.483287e+01 5.418441e-02 -2.112931e+00
1.483287e+01 5.850838e-02 -1.999952e+00
1.483287e+01 6.317741e-02 -1.877956e+00
1.483287e+01 6.821903e-02 -1.746226e+00
1.483287e+01 7.366298e-02 -1.605065e+00
1.483287e+01 7.954136e-02 -1.463697e+00
1.483287e+01 8.588885e-02 -1.311046e+00
1.483287e+01 9.274286e-02 -1.146214e+00
1.483287e+01 1.001438e-01 -9.682286e-01
1.483287e+01 1.081354e-01 -8.611857e-01
1.483287e+01 1.167647e-01 -7.862241e-01
1.483287e+01 1.260827e-01 -7.052804e-01
1.483287e+01 1.361442e-01 -6.178773e-01
1.483287e+01 1.470087e-01 -5.335557e-01
1.483287e+01 1.587401e-01 -4.853430e-01
1.483287e+01 1.714077e-01 -4.332830e-01
1.483287e+01 1.850862e-01 -3.770684e-01
1.483287e+01 1.998563e-01 -3.163679e-01
1.483287e+01 2.158051e-01 -2.815647e-01
1.483287e+01 2.330265e-01 -2.501244e-01
1.483287e+01 2.516223e-01 -2.161752e-01
1.483287e+01 2.717020e-01 -1.795168e-01
1.483287e+01 2.933841e-01 -1.513277e-01
1.483287e+01 3.167964e-01 -1.353709e-01
1.483287e+01 3.420771e-01 -1.181407e-01
1.483287e+01 3.693752e-01 -9.953552e-02
1.483287e+01 3.988518e-01 -8.034856e-02
1.483287e+01 4.306805e-01 -7.229544e-02
1.483287e+01 4.650493e-01 -6.359967e-02
1.483287e+01 5.021607e-01 -5.420997e-02
1.483287e+01 5.422336e-01 -4.407096e-02
1.483287e+01 5.855044e-01 -3.795357e-02
1.483287e+01 6.322283e-01 -3.359915e-02
1.483287e+01 6.826808e-01 -2.889725e-02
1.483287e+01 7.371594e-01 -2.382013e-02
1.483287e+01 7.959855e-01 -1.945946e-02
1.483287e+01 8.595059e-01 -1.739002e-02
1.483287e+01 9.280954e-01 -1.515543e-02
1.483287e+01 1.002158e+00 -1.274251e-02
1.483287e+01 1.082132e+00 -1.013705e-02
1.483287e+01 1.168487e+00 -9.004847e-03
1.483287e+01 1.261733e+00 -7.925480e-03
1.483287e+01 1.362421e+00 -6.759978e-03
1.483287e+01 1.471144e+00 -5.501469e-03
1.483287e+01 1.588542e+00 -4.599037e-03
1.483287e+01 1.715310e+00 -4.024282e-03
1.483287e+01 1.852193e+00 -3.403660e-03
1.483287e+01 2.000000e+00 -2.733513e-03
1.514953e+01 1.000000e-03 -1.036731e+00
1.514953e+01 1.079801e-03 -1.112262e+00
1.514953e+01 1.165970e-03 -1.192636e+00
1.514953e+01 1.259016e-03 -1.278029e+00
1.514953e+01 1.359487e-03 -1.368595e+00
1.514953e+01 1.467975e-03 -1.464469e+00
1.514953e+01 1.585121e-03 -1.565760e+00
1.514953e+01 1.711615e-03 -1.672544e+00
1.514953e+01 1.848204e-03 -1.784864e+00
1.514953e+01 1.995693e-03 -1.902722e+00
1.514953e+01 2.154951e-03 -2.026077e+00
1.514953e+01 2.326918e-03 -2.154838e+00
1.514953e+01 2.512609e-03 -2.288840e+00
1.514953e+01 2.713117e-03 -2.427838e+00
1.514953e+01 2.929627e-03 -2.571512e+00
1.514953e+01 3.163414e-03 -2.719417e+00
1.514953e+01 3.415858e-03 -2.870976e+00
1.514953e+01 3.688447e-03 -3.025504e+00
1.514953e+01 3.982789e-03 -3.182163e+00
1.514953e+01 4.300619e-03 -3.339958e+00
1.514953e+01 4.643813e-03 -3.497764e+00
1.514953e+01 5.014394e-03 -3.654242e+00
1.514953e+01 5.414548e-03 -3.807846e+00
1.514953e+01 5.846635e-03 -3.956883e+00
1.514953e+01 6.313202e-03 -4.099405e+00
1.514953e+01 6.817002e-03 -4.233227e+00
1.514953e+01 7.361006e-03 -4.356053e+00
1.514953e+01 7.948422e-03 -4.465304e+00
1.514953e+01 8.582714e-03 -4.558188e+00
1.514953e+01 9.267624e-03 -4.631924e+00
1.514953e+01 1.000719e-02 -4.683567e+00
1.514953e+01 1.080577e-02 -4.710136e+00
1.514953e+01 1.166809e-02 -4.708964e+00
1.514953e+01 1.259921e-02 -4.677672e+00
1.514953e+01 1.360464e-02 -4.614337e+00
1.514953e+01 1.469030e-02 -4.517826e+00
1.514953e+01 1.586261e-02 -4.388372e+00
1.514953e+01 1.712846e-02 -4.227513e+00
1.514953e+01 1.849533e-02 -4.037784e+00
1.514953e+01 1.997127e-02 -3.824658e+00
1.514953e+01 2.156500e-02 -3.595457e+00
1.514953e+01 2.328591e-02 -3.357249e+00
1.514953e+01 2.514415e-02 -3.119747e+00
1.514953e+01 2.715068e-02 -2.893319e+00
1.514953e+01 2.931733e-02 -2.685749e+00
1.514953e+01 3.165689e-02 -2.502742e+00
1.514953e+01 3.418314e-02 -2.347728e+00
1.514953e+01 3.691099e-02 -2.218313e+00
1.514953e+01 3.985652e-02 -2.106659e+00
1.514953e+01 4.303711e-02 -1.999616e+00
1.514953e+01 4.647152e-02 -1.881222e+00
1.514953e+01 5.017999e-02 -1.737904e+00
1.514953e+01 5.418441e-02 -1.600523e+00
1.514953e+01 5.850838e-02 -1.507460e+00
1.514953e+01 6.317741e-02 -1.406970e+00
1.514953e+01 6.821903e-02 -1.298462e+00
1.514953e+01 7.366298e-02 -1.183322e+00
1.514953e+01 7.954136e-02 -1.079709e+00
1.514953e+01 8.588885e-02 -9.678274e-01
1.514953e+01 9.274286e-02 -8.470175e-01
1.514953e+01 1.001438e-01 -7.165668e-01
1.514953e+01 1.081354e-01 -6.388328e-01
1.514953e+01 1.167647e-01 -5.850132e-01
1.514953e+01 1.260827e-01 -5.268989e-01
1.514953e+01 1.361442e-01 -4.641469e-01
1.514953e+01 1.470087e-01 -4.032403e-01
1.514953e+01 1.587401e-01 -3.666659e-01
1.514953e+01 1.714077e-01 -3.271728e-01
1.514953e+01 1.850862e-01 -2.845281e-01
1.514953e+01 1.998563e-01 -2.384803e-01
1.514953e+01 2.158051e-01 -2.121532e-01
1.514953e+01 2.330265e-01 -1.883981e-01
1.514953e+01 2.516223e-01 -1.627474e-01
1.514953e+01 2.717020e-01 -1.350498e-01
1.514953e+01 2.933841e-01 -1.138223e-01
1.514953e+01 3.167964e-01 -1.019331e-01
1.514953e+01 3.420771e-01 -8.909510e-02
1.514953e+01 3.693752e-01 -7.523263e-02
1.514953e+01 3.988518e-01 -6.092936e-02
1.514953e+01 4.306805e-01 -5.481840e-02
1.514953e+01 4.650493e-01 -4.821977e-02
1.514953e+01 5.021607e-01 -4.109457e-02
1.514953e+01 5.422336e-01 -3.340076e-02
1.514953e+01 5.855044e-01 -2.878662e-02
1.514953e+01 6.322283e-01 -2.552554e-02
1.514953e+01 6.826808e-01 -2.200421e-02
1.514953e+01 7.371594e-01 -1.820188e-02
1.514953e+01 7.959855e-01 -1.492850e-02
1.514953e+01 8.595059e-01 -1.335257e-02
1.514953e+01 9.280954e-01 -1.165088e-02
1.514953e+01 1.002158e+00 -9.813392e-03
1.514953e+01 1.082132e+00 -7.829270e-03
1.514953e+01 1.168487e+00 -6.965540e-03
1.514953e+01 1.261733e+00 -6.141793e-03
1.514953e+01 1.362421e+00 -5.252309e-03
1.514953e+01 1.471144e+00 -4.291844e-03
1.514953e+01 1.588542e+00 -3.599658e-03
1.514953e+01 1.715310e+00 -3.154230e-03
1.514953e+01 1.852193e+00 -2.673256e-03
1.514953e+01 2.000000e+00 -2.153900e-03
1.547252e+01 1.000000e-03 -7.745200e-01
1.547252e+01 1.079801e-03 -8.309646e-01
1.547252e+01 1.165970e-03 -8.910310e-01
1.547252e+01 1.259016e-03 -9.548511e-01
1.547252e+01 1.359487e-03 -1.022540e+00
1.547252e+01 1.467975e-03 -1.094200e+00
1.547252e+01 1.585121e-03 -1.169909e+00
1.547252e+01 1.711615e-03 -1.249726e+00
1.547252e+01 1.848204e-03 -1.333681e+00
1.547252e+01 1.995693e-03 -1.421775e+00
1.547252e+01 2.154951e-03 -1.513977e+00
1.547252e+01 2.326918e-03 -1.610217e+00
1.547252e+01 2.512609e-03 -1.710372e+00
1.547252e+01 2.713117e-03 -1.814260e+00
1.547252e+01 2.929627e-03 -1.921641e+00
1.547252e+01 3.163414e-03 -2.032184e+00
1.547252e+01 3.415858e-03 -2.145458e+00
1.547252e+01 3.688447e-03 -2.260950e+00
1.547252e+01 3.982789e-03 -2.378034e+00
1.547252e+01 4.300619e-03 -2.495968e+00
1.547252e+01 4.643813e-03 -2.613908e+00
1.547252e+01 5.014394e-03 -2.730856e+00
1.547252e+01 5.414548e-03 -2.845654e+00
1.547252e+01 5.846635e-03 -2.957040e+00
1.547252e+01 6.313202e-03 -3.063556e+00
1.547252e+01 6.817002e-03 -3.163571e+00
1.547252e+01 7.361006e-03 -3.255366e+00
1.547252e+01 7.948422e-03 -3.337018e+00
1.547252e+01 8.582714e-03 -3.406437e+00
1.547252e+01 9.267624e-03 -3.461545e+00
1.547252e+01 1.000719e-02 -3.500142e+00
1.547252e+01 1.080577e-02 -3.520001e+00
1.547252e+01 1.166809e-02 -3.519129e+00
1.547252e+01 1.259921e-02 -3.495746e+00
1.547252e+01 1.360464e-02 -3.448417e+00
1.547252e+01 1.469030e-02 -3.376293e+00
1.547252e+01 1.586261e-02 -3.279551e+00
1.547252e+01 1.712846e-02 -3.159338e+00
1.547252e+01 1.849533e-02 -3.017549e+00
1.547252e+01 1.997127e-02 -2.858275e+00
1.547252e+01 2.156500e-02 -2.686988e+00
1.547252e+01 2.328591e-02 -2.508969e+00
1.547252e+01 2.514415e-02 -2.331477e+00
1.547252e+01 2.715068e-02 -2.162262e+00
1.547252e+01 2.931733e-02 -2.007139e+00
1.547252e+01 3.165689e-02 -1.870372e+00
1.547252e+01 3.418314e-02 -1.754526e+00
1.547252e+01 3.691099e-02 -1.657810e+00
1.547252e+01 3.985652e-02 -1.574368e+00
1.547252e+01 4.303711e-02 -1.494372e+00
1.547252e+01 4.647152e-02 -1.405892e+00
1.547252e+01 5.017999e-02 -1.298787e+00
1.547252e+01 5.418441e-02 -1.195817e+00
1.547252e+01 5.850838e-02 -1.125430e+00
1.547252e+01 6.317741e-02 -1.049426e+00
1.547252e+01 6.821903e-02 -9.673568e-01
1.547252e+01 7.366298e-02 -8.802329e-01
1.547252e+01 7.954136e-02 -8.014171e-01
1.547252e+01 8.588885e-02 -7.163117e-01
1.547252e+01 9.274286e-02 -6.244147e-01
1.547252e+01 1.001438e-01 -5.251843e-01
1.547252e+01 1.081354e-01 -4.679050e-01
1.547252e+01 1.167647e-01 -4.298477e-01
1.547252e+01 1.260827e-01 -3.887533e-01
1.547252e+01 1.361442e-01 -3.443796e-01
1.547252e+01 1.470087e-01 -3.010154e-01
1.547252e+01 1.587401e-01 -2.735754e-01
1.547252e+01 1.714077e-01 -2.439457e-01
1.547252e+01 1.850862e-01 -2.119515e-01
1.547252e+01 1.998563e-01 -1.774041e-01
1.547252e+01 2.158051e-01 -1.578819e-01
1.547252e+01 2.330265e-01 -1.403537e-01
1.547252e+01 2.516223e-01 -1.214267e-01
1.547252e+01 2.717020e-01 -1.009893e-01
1.547252e+01 2.933841e-01 -8.526633e-02
1.547252e+01 3.167964e-01 -7.635309e-02
1.547252e+01 3.420771e-01 -6.672856e-02
1.547252e+01 3.693752e-01 -5.633598e-02
1.547252e+01 3.988518e-01 -4.561290e-02
1.547252e+01 4.306805e-01 -4.103100e-02
1.547252e+01 4.650493e-01 -3.608346e-02
1.547252e+01 5.021607e-01 -3.074111e-02
1.547252e+01 5.422336e-01 -2.497243e-02
1.547252e+01 5.855044e-01 -2.153456e-02
1.547252e+01 6.322283e-01 -1.912304e-02
1.547252e+01 6.826808e-01 -1.651909e-02
1.547252e+01 7.371594e-01 -1.370733e-02
1.547252e+01 7.959855e-01 -1.128230e-02
1.547252e+01 8.595059e-01 -1.010170e-02
1.547252e+01 9.280954e-01 -8.826882e-03
1.547252e+01 1.002158e+00 -7.450338e-03
1.547252e+01 1.082132e+00 -5.963944e-03
1.547252e+01 1.168487e+00 -5.313360e-03
1.547252e+01 1.261733e+00 -4.692148e-03
1.547252e+01 1.362421e+00 -4.021362e-03
1.547252e+01 1.471144e+00 -3.297046e-03
1.547252e+01 1.588542e+00 -2.772619e-03
1.547252e+01 1.715310e+00 -2.431959e-03
1.547252e+01 1.852193e+00 -2.064114e-03
1.547252e+01 2.000000e+00 -1.666914e-03
1.580197e+01 1.000000e-03 -5.639390e-01
1.580197e+01 1.079801e-03 -6.050497e-01
1.580197e+01 1.165970e-03 -6.488002e-01
1.580197e+01 1.259016e-03 -6.952869e-01
1.580197e+01 1.359487e-03 -7.445940e-01
1.580197e+01 1.467975e-03 -7.967948e-01
1.580197e+01 1.585121e-03 -8.519477e-01
1.580197e+01 1.711615e-03 -9.100938e-01
1.580197e+01 1.848204e-03 -9.712549e-01
1.580197e+01 1.995693e-03 -1.035431e+00
1.580197e+01 2.154951e-03 -1.102600e+00
1.580197e+01 2.326918e-03 -1.172708e+00
1.580197e+01 2.512609e-03 -1.245666e+00
1.580197e+01 2.713117e-03 -1.321342e+00
1.580197e+01 2.929627e-03 -1.399561e+00
1.580197e+01 3.163414e-03 -1.480084e+00
1.580197e+01 3.415858e-03 -1.562595e+00
1.580197e+01 3.688447e-03 -1.646723e+00
1.580197e+01 3.982789e-03 -1.732010e+00
1.580197e+01 4.300619e-03 -1.817915e+00
1.580197e+01 4.643813e-03 -1.903824e+00
1.580197e+01 5.014394e-03 -1.989010e+00
1.580197e+01 5.414548e-03 -2.072630e+00
1.580197e+01 5.846635e-03 -2.153764e+00
1.580197e+01 6.313202e-03 -2.231351e+00
1.580197e+01 6.817002e-03 -2.304201e+00
1.580197e+01 7.361006e-03 -2.371066e+00
1.580197e+01 7.948422e-03 -2.430541e+00
1.580197e+01 8.582714e-03 -2.481106e+00
1.580197e+01 9.267624e-03 -2.521248e+00
1.580197e+01 1.000719e-02 -2.549363e+00
1.580197e+01 1.080577e-02 -2.563830e+00
1.580197e+01 1.166809e-02 -2.563197e+00
1.580197e+01 1.259921e-02 -2.546167e+00
1.580197e+01 1.360464e-02 -2.511697e+00
1.580197e+01 1.469030e-02 -2.459166e+00
1.580197e+01 1.586261e-02 -2.388704e+00
1.580197e+01 1.712846e-02 -2.301147e+00
1.580197e+01 1.849533e-02 -2.197874e+00
1.580197e+01 1.997127e-02 -2.081865e+00
1.580197e+01 2.156500e-02 -1.957106e+00
1.580197e+01 2.328591e-02 -1.827444e+00
1.580197e+01 2.514415e-02 -1.698166e+00
1.580197e+01 2.715068e-02 -1.574916e+00
1.580197e+01 2.931733e-02 -1.461930e+00
1.580197e+01 3.165689e-02 -1.362314e+00
1.580197e+01 3.418314e-02 -1.277935e+00
1.580197e+01 3.691099e-02 -1.207491e+00
1.580197e+01 3.985652e-02 -1.146715e+00
1.580197e+01 4.303711e-02 -1.088448e+00
1.580197e+01 4.647152e-02 -1.024003e+00
1.580197e+01 5.017999e-02 -9.459910e-01
1.580197e+01 5.418441e-02 -8.716248e-01
1.580197e+01 5.850838e-02 -8.221212e-01
1.580197e+01 6.317741e-02 -7.686672e-01
1.580197e+01 6.821903e-02 -7.109475e-01
1.580197e+01 7.366298e-02 -6.494361e-01
1.580197e+01 7.954136e-02 -5.913323e-01
1.580197e+01 8.588885e-02 -5.285918e-01
1.580197e+01 9.274286e-02 -4.608446e-01
1.580197e+01 1.001438e-01 -3.876910e-01
1.580197e+01 1.081354e-01 -3.452656e-01
1.580197e+01 1.167647e-01 -3.169002e-01
1.580197e+01 1.260827e-01 -2.862712e-01
1.580197e+01 1.361442e-01 -2.531980e-01
1.580197e+01 1.470087e-01 -2.209821e-01
1.580197e+01 1.587401e-01 -2.010902e-01
1.580197e+01 1.714077e-01 -1.796109e-01
1.580197e+01 1.850862e-01 -1.564175e-01
1.580197e+01 1.998563e-01 -1.313732e-01
1.580197e+01 2.158051e-01 -1.169123e-01
1.580197e+01 2.330265e-01 -1.038106e-01
1.580197e+01 2.516223e-01 -8.966334e-02
1.580197e+01 2.717020e-01 -7.438712e-02
1.580197e+01 2.933841e-01 -6.269557e-02
1.580197e+01 3.167964e-01 -5.617624e-02
1.580197e+01 3.420771e-01 -4.913666e-02
1.580197e+01 3.693752e-01 -4.153531e-02
1.580197e+01 3.988518e-01 -3.369214e-02
1.580197e+01 4.306805e-01 -3.033948e-02
1.580197e+01 4.650493e-01 -2.671927e-02
1.580197e+01 5.021607e-01 -2.281017e-02
1.580197e+01 5.422336e-01 -1.858911e-02
1.580197e+01 5.855044e-01 -1.606032e-02
1.580197e+01 6.322283e-01 -1.427530e-02
1.580197e+01 6.826808e-01 -1.234784e-02
1.580197e+01 7.371594e-01 -1.026657e-02
1.580197e+01 7.959855e-01 -8.468903e-03
1.580197e+01 8.595059e-01 -7.585964e-03
1.580197e+01 9.280954e-01 -6.632565e-03
1.580197e+01 1.002158e+00 -5.603084e-03
1.580197e+01 1.082132e+00 -4.491450e-03
1.580197e+01 1.168487e+00 -4.004539e-03
1.580197e+01 1.261733e+00 -3.539536e-03
1.580197e+01 1.362421e+00 -3.037426e-03
1.580197e+01 1.471144e+00 -2.495246e-03
1.580197e+01 1.588542e+00 -2.101785e-03
1.580197e+01 1.715310e+00 -1.845016e-03
1.580197e+01 1.852193e+00 -1.567758e-03
1.580197e+01 2.000000e+00 -1.268373e-03
1.613801e+01 1.000000e-03 -4.012198e-01
1.613801e+01 1.079801e-03 -4.304774e-01
1.613801e+01 1.165970e-03 -4.616151e-01
1.613801e+01 1.259016e-03 -4.947018e-01
1.613801e+01 1.359487e-03 -5.297973e-01
1.613801e+01 1.467975e-03 -5.669540e-01
1.613801e+01 1.585121e-03 -6.062132e-01
1.613801e+01 1.711615e-03 -6.476039e-01
1.613801e+01 1.848204e-03 -6.911412e-01
1.613801e+01 1.995693e-03 -7.368249e-01
1.613801e+01 2.154951e-03 -7.846377e-01
1.613801e+01 2.326918e-03 -8.345421e-01
1.613801e+01 2.512609e-03 -8.864739e-01
1.613801e+01 2.713117e-03 -9.403391e-01
1.613801e+01 2.929627e-03 -9.960141e-01
1.613801e+01 3.163414e-03 -1.053328e+00
1.613801e+01 3.415858e-03 -1.112057e+00
1.613801e+01 3.688447e-03 -1.171937e+00
1.613801e+01 3.982789e-03 -1.232641e+00
1.613801e+01 4.300619e-03 -1.293786e+00
1.613801e+01 4.643813e-03 -1.354933e+00
1.613801e+01 5.014394e-03 -1.415564e+00
1.613801e+01 5.414548e-03 -1.475081e+00
1.613801e+01 5.846635e-03 -1.532828e+00
1.613801e+01 6.313202e-03 -1.588051e+00
1.613801e+01 6.817002e-03 -1.639902e+00
1.613801e+01 7.361006e-03 -1.687493e+00
1.613801e+01 7.948422e-03 -1.729825e+00
1.613801e+01 8.582714e-03 -1.765815e+00
1.613801e+01 9.267624e-03 -1.794386e+00
1.613801e+01 1.000719e-02 -1.814398e+00
1.613801e+01 1.080577e-02 -1.824696e+00
1.613801e+01 1.166809e-02 -1.824247e+00
1.613801e+01 1.259921e-02 -1.812128e+00
1.613801e+01 1.360464e-02 -1.787596e+00
1.613801e+01 1.469030e-02 -1.750211e+00
1.613801e+01 1.586261e-02 -1.700064e+00
1.613801e+01 1.712846e-02 -1.637749e+00
1.613801e+01 1.849533e-02 -1.564250e+00
1.613801e+01 1.997127e-02 -1.481686e+00
1.613801e+01 2.156500e-02 -1.392894e+00
1.613801e+01 2.328591e-02 -1.300612e+00
1.613801e+01 2.514415e-02 -1.208604e+00
1.613801e+01 2.715068e-02 -1.120885e+00
1.613801e+01 2.931733e-02 -1.040472e+00
1.613801e+01 3.165689e-02 -9.695743e-01
1.613801e+01 3.418314e-02 -9.095215e-01
1.613801e+01 3.691099e-02 -8.593854e-01
1.613801e+01 3.985652e-02 -8.161301e-01
1.613801e+01 4.303711e-02 -7.746611e-01
1.613801e+01 4.647152e-02 -7.287945e-01
1.613801e+01 5.017999e-02 -6.732728e-01
1.613801e+01 5.418441e-02 -6.199476e-01
1.613801e+01 5.850838e-02 -5.836073e-01
1.613801e+01 6.317741e-02 -5.443670e-01
1.613801e+01 6.821903e-02 -5.019953e-01
1.613801e+01 7.366298e-02 -4.571225e-01
1.613801e+01 7.954136e-02 -4.176575e-01
1.613801e+01 8.588885e-02 -3.750432e-01
1.613801e+01 9.274286e-02 -3.290281e-01
1.613801e+01 1.001438e-01 -2.793411e-01
1.613801e+01 1.081354e-01 -2.496405e-01
1.613801e+01 1.167647e-01 -2.289971e-01
1.613801e+01 1.260827e-01 -2.067063e-01
1.613801e+01 1.361442e-01 -1.826366e-01
1.613801e+01 1.470087e-01 -1.591853e-01
1.613801e+01 1.587401e-01 -1.446784e-01
1.613801e+01 1.714077e-01 -1.290138e-01
1.613801e+01 1.850862e-01 -1.120991e-01
1.613801e+01 1.998563e-01 -9.383465e-02
1.613801e+01 2.158051e-01 -8.352631e-02
1.613801e+01 2.330265e-01 -7.427566e-02
1.613801e+01 2.516223e-01 -6.428681e-02
1.613801e+01 2.717020e-01 -5.350083e-02
1.613801e+01 2.933841e-01 -4.521515e-02
1.613801e+01 3.167964e-01 -4.053989e-02
1.613801e+01 3.420771e-01 -3.549155e-02
1.613801e+01 3.693752e-01 -3.004035e-02
1.613801e+01 3.988518e-01 -2.441448e-02
1.613801e+01 4.306805e-01 -2.199149e-02
1.613801e+01 4.650493e-01 -1.937515e-02
1.613801e+01 5.021607e-01 -1.655002e-02
1.613801e+01 5.422336e-01 -1.349944e-02
1.613801e+01 5.855044e-01 -1.167749e-02
1.613801e+01 6.322283e-01 -1.039616e-02
1.613801e+01 6.826808e-01 -9.012568e-03
1.613801e+01 7.371594e-01 -7.518566e-03
1.613801e+01 7.959855e-01 -6.223615e-03
1.613801e+01 8.595059e-01 -5.574245e-03
1.613801e+01 9.280954e-01 -4.873054e-03
1.613801e+01 1.002158e+00 -4.115907e-03
1.613801e+01 1.082132e+00 -3.298340e-03
1.613801e+01 1.168487e+00 -2.942092e-03
1.613801e+01 1.261733e+00 -2.602262e-03
1.613801e+01 1.362421e+00 -2.235313e-03
1.613801e+01 1.471144e+00 -1.839081e-03
1.613801e+01 1.588542e+00 -1.551677e-03
1.613801e+01 1.715310e+00 -1.364305e-03
1.613801e+01 1.852193e+00 -1.161981e-03
1.613801e+01 2.000000e+00 -9.435113e-04
1.648077e+01 1.000000e-03 -2.976933e-01
1.648077e+01 1.079801e-03 -3.194083e-01
1.648077e+01 1.165970e-03 -3.425199e-01
1.648077e+01 1.259016e-03 -3.670791e-01
1.648077e+01 1.359487e-03 -3.931307e-01
1.648077e+01 1.467975e-03 -4.207133e-01
1.648077e+01 1.585121e-03 -4.498577e-01
1.648077e+01 1.711615e-03 -4.805851e-01
1.648077e+01 1.848204e-03 -5.129065e-01
1.648077e+01 1.995693e-03 -5.468214e-01
1.648077e+01 2.154951e-03 -5.823164e-01
1.648077e+01 2.326918e-03 -6.193635e-01
1.648077e+01 2.512609e-03 -6.579146e-01
1.648077e+01 2.713117e-03 -6.979000e-01
1.648077e+01 2.929627e-03 -7.392284e-01
1.648077e+01 3.163414e-03 -7.817728e-01
1.648077e+01 3.415858e-03 -8.253678e-01
1.648077e+01 3.688447e-03 -8.698164e-01
1.648077e+01 3.982789e-03 -9.148777e-01
1.648077e+01 4.300619e-03 -9.602654e-01
1.648077e+01 4.643813e-03 -1.005655e+00
1.648077e+01 5.014394e-03 -1.050661e+00
1.648077e+01 5.414548e-03 -1.094839e+00
1.648077e+01 5.846635e-03 -1.137704e+00
1.648077e+01 6.313202e-03 -1.178695e+00
1.648077e+01 6.817002e-03 -1.217183e+00
1.648077e+01 7.361006e-03 -1.252509e+00
1.648077e+01 7.948422e-03 -1.283931e+00
1.648077e+01 8.582714e-03 -1.310646e+00
1.648077e+01 9.267624e-03 -1.331855e+00
1.648077e+01 1.000719e-02 -1.346709e+00
1.648077e+01 1.080577e-02 -1.354354e+00
1.648077e+01 1.166809e-02 -1.354022e+00
1.648077e+01 1.259921e-02 -1.345028e+00
1.648077e+01 1.360464e-02 -1.326821e+00
1.648077e+01 1.469030e-02 -1.299073e+00
1.648077e+01 1.586261e-02 -1.261853e+00
1.648077e+01 1.712846e-02 -1.215601e+00
1.648077e+01 1.849533e-02 -1.161048e+00
1.648077e+01 1.997127e-02 -1.099766e+00
1.648077e+01 2.156500e-02 -1.033861e+00
1.648077e+01 2.328591e-02 -9.653666e-01
1.648077e+01 2.514415e-02 -8.970745e-01
1.648077e+01 2.715068e-02 -8.319665e-01
1.648077e+01 2.931733e-02 -7.722805e-01
1.648077e+01 3.165689e-02 -7.196574e-01
1.648077e+01 3.418314e-02 -6.750838e-01
1.648077e+01 3.691099e-02 -6.378708e-01
1.648077e+01 3.985652e-02 -6.057649e-01
1.648077e+01 4.303711e-02 -5.749849e-01
1.648077e+01 4.647152e-02 -5.409409e-01
1.648077e+01 5.017999e-02 -4.997304e-01
1.648077e+01 5.418441e-02 -4.591324e-01
1.648077e+01 5.850838e-02 -4.293245e-01
1.648077e+01 6.317741e-02 -3.971380e-01
1.648077e+01 6.821903e-02 -3.623830e-01
1.648077e+01 7.366298e-02 -3.259277e-01
1.648077e+01 7.954136e-02 -2.975226e-01
1.648077e+01 8.588885e-02 -2.668508e-01
1.648077e+01 9.274286e-02 -2.337313e-01
1.648077e+01 1.001438e-01 -1.979688e-01
1.648077e+01 1.081354e-01 -1.767041e-01
1.648077e+01 1.167647e-01 -1.620209e-01
1.648077e+01 1.260827e-01 -1.461660e-01
1.648077e+01 1.361442e-01 -1.290459e-01
1.648077e+01 1.470087e-01 -1.123739e-01
1.648077e+01 1.587401e-01 -1.021006e-01
1.648077e+01 1.714077e-01 -9.100741e-02
1.648077e+01 1.850862e-01 -7.902898e-02
1.648077e+01 1.998563e-01 -6.609467e-02
1.648077e+01 2.158051e-01 -5.884111e-02
1.648077e+01 2.330265e-01 -5.234958e-02
1.648077e+01 2.516223e-01 -4.534003e-02
1.648077e+01 2.717020e-01 -3.777110e-02
1.648077e+01 2.933841e-01 -3.196056e-02
1.648077e+01 3.167964e-01 -2.868878e-02
1.648077e+01 3.420771e-01 -2.515592e-02
1.648077e+01 3.693752e-01 -2.134113e-02
1.648077e+01 3.988518e-01 -1.740233e-02
1.648077e+01 4.306805e-01 -1.567990e-02
1.648077e+01 4.650493e-01 -1.382002e-02
1.648077e+01 5.021607e-01 -1.181172e-02
1.648077e+01 5.422336e-01 -9.643151e-03
1.648077e+01 5.855044e-01 -8.352964e-03
1.648077e+01 6.322283e-01 -7.449795e-03
1.648077e+01 6.826808e-01 -6.474552e-03
1.648077e+01 7.371594e-01 -5.421483e-03
1.648077e+01 7.959855e-01 -4.505927e-03
1.648077e+01 8.595059e-01 -4.038627e-03
1.648077e+01 9.280954e-01 -3.534037e-03
1.648077e+01 1.002158e+00 -2.989179e-03
1.648077e+01 1.082132e+00 -2.400842e-03
1.648077e+01 1.168487e+00 -2.144314e-03
1.648077e+01 1.261733e+00 -1.899573e-03
1.648077e+01 1.362421e+00 -1.635302e-03
1.648077e+01 1.471144e+00 -1.349942e-03
1.648077e+01 1.588542e+00 -1.141831e-03
1.648077e+01 1.715310e+00 -1.004685e-03
1.648077e+01 1.852193e+00 -8.565941e-04
1.648077e+01 2.000000e+00 -6.966860e-04
1.683038e+01 1.000000e-03 -2.171711e-01
1.683038e+01 1.079801e-03 -2.330174e-01
1.683038e+01 1.165970e-03 -2.498837e-01
1.683038e+01 1.259016e-03 -2.678073e-01
1.683038e+01 1.359487e-03 -2.868209e-01
1.683038e+01 1.467975e-03 -3.069528e-01
1.683038e+01 1.585121e-03 -3.282254e-01
1.683038e+01 1.711615e-03 -3.506539e-01
1.683038e+01 1.848204e-03 -3.742462e-01
1.683038e+01 1.995693e-03 -3.990017e-01
1.683038e+01 2.154951e-03 -4.249104e-01
1.683038e+01 2.326918e-03 -4.519513e-01
1.683038e+01 2.512609e-03 -4.800893e-01
1.683038e+01 2.713117e-03 -5.092736e-01
1.683038e+01 2.929627e-03 -5.394376e-01
1.683038e+01 3.163414e-03 -5.704887e-01
1.683038e+01 3.415858e-03 -6.023065e-01
1.683038e+01 3.688447e-03 -6.347474e-01
1.683038e+01 3.982789e-03 -6.676354e-01
1.683038e+01 4.300619e-03 -7.007615e-01
1.683038e+01 4.643813e-03 -7.338885e-01
1.683038e+01 5.014394e-03 -7.667355e-01
1.683038e+01 5.414548e-03 -7.989781e-01
1.683038e+01 5.846635e-03 -8.302620e-01
1.683038e+01 6.313202e-03 -8.601784e-01
1.683038e+01 6.817002e-03 -8.882686e-01
1.683038e+01 7.361006e-03 -9.140506e-01
1.683038e+01 7.948422e-03 -9.369834e-01
1.683038e+01 8.582714e-03 -9.564808e-01
1.683038e+01 9.267624e-03 -9.719596e-01
1.683038e+01 1.000719e-02 -9.828017e-01
1.683038e+01 1.080577e-02 -9.883818e-01
1.683038e+01 1.166809e-02 -9.881403e-01
1.683038e+01 1.259921e-02 -9.815775e-01
1.683038e+01 1.360464e-02 -9.682907e-01
1.683038e+01 1.469030e-02 -9.480416e-01
1.683038e+01 1.586261e-02 -9.208795e-01
1.683038e+01 1.712846e-02 -8.871264e-01
1.683038e+01 1.849533e-02 -8.473146e-01
1.683038e+01 1.997127e-02 -8.025925e-01
1.683038e+01 2.156500e-02 -7.544966e-01
1.683038e+01 2.328591e-02 -7.045103e-01
1.683038e+01 2.514415e-02 -6.546719e-01
1.683038e+01 2.715068e-02 -6.071571e-01
1.683038e+01 2.931733e-02 -5.635993e-01
1.683038e+01 3.165689e-02 -5.251957e-01
1.683038e+01 3.418314e-02 -4.926666e-01
1.683038e+01 3.691099e-02 -4.655090e-01
1.683038e+01 3.985652e-02 -4.420786e-01
1.683038e+01 4.303711e-02 -4.196158e-01
1.683038e+01 4.647152e-02 -3.947710e-01
1.683038e+01 5.017999e-02 -3.646962e-01
1.683038e+01 5.418441e-02 -3.346723e-01
1.683038e+01 5.850838e-02 -3.118162e-01
1.683038e+01 6.317741e-02 -2.871362e-01
1.683038e+01 6.821903e-02 -2.604866e-01
1.683038e+01 7.366298e-02 -2.325857e-01
1.683038e+01 7.954136e-02 -2.113953e-01
1.683038e+01 8.588885e-02 -1.885139e-01
1.683038e+01 9.274286e-02 -1.638066e-01
1.683038e+01 1.001438e-01 -1.371276e-01
1.683038e+01 1.081354e-01 -1.220829e-01
1.683038e+01 1.167647e-01 -1.124041e-01
1.683038e+01 1.260827e-01 -1.019529e-01
1.683038e+01 1.361442e-01 -9.066774e-02
1.683038e+01 1.470087e-01 -7.961218e-02
1.683038e+01 1.587401e-01 -7.248870e-02
1.683038e+01 1.714077e-01 -6.479677e-02
1.683038e+01 1.850862e-01 -5.649100e-02
1.683038e+01 1.998563e-01 -4.752243e-02
1.683038e+01 2.158051e-01 -4.230450e-02
1.683038e+01 2.330265e-01 -3.756229e-02
1.683038e+01 2.516223e-01 -3.244165e-02
1.683038e+01 2.717020e-01 -2.691237e-02
1.683038e+01 2.933841e-01 -2.269475e-02
1.683038e+01 3.167964e-01 -2.036837e-02
1.683038e+01 3.420771e-01 -1.785633e-02
1.683038e+01 3.693752e-01 -1.514384e-02
1.683038e+01 3.988518e-01 -1.234429e-02
1.683038e+01 4.306805e-01 -1.113648e-02
1.683038e+01 4.650493e-01 -9.832287e-03
1.683038e+01 5.021607e-01 -8.424014e-03
1.683038e+01 5.422336e-01 -6.903360e-03
1.683038e+01 5.855044e-01 -5.995355e-03
1.683038e+01 6.322283e-01 -5.356939e-03
1.683038e+01 6.826808e-01 -4.667576e-03
1.683038e+01 7.371594e-01 -3.923202e-03
1.683038e+01 7.959855e-01 -3.273548e-03
1.683038e+01 8.595059e-01 -2.934713e-03
1.683038e+01 9.280954e-01 -2.568839e-03
1.683038e+01 1.002158e+00 -2.173767e-03
1.683038e+01 1.082132e+00 -1.747169e-03
1.683038e+01 1.168487e+00 -1.560300e-03
1.683038e+01 1.261733e+00 -1.381836e-03
1.683038e+01 1.362421e+00 -1.189131e-03
1.683038e+01 1.471144e+00 -9.810474e-04
1.683038e+01 1.588542e+00 -8.299351e-04
1.683038e+01 1.715310e+00 -7.311829e-04
1.683038e+01 1.852193e+00 -6.245502e-04
1.683038e+01 2.000000e+00 -5.094081e-04
1.718699e+01 1.000000e-03 -1.513138e-01
1.718699e+01 1.079801e-03 -1.623581e-01
1.718699e+01 1.165970e-03 -1.741140e-01
1.718699e+01 1.259016e-03 -1.866075e-01
1.718699e+01 1.359487e-03 -1.998613e-01
1.718699e+01 1.467975e-03 -2.138952e-01
1.718699e+01 1.585121e-03 -2.287249e-01
1.718699e+01 1.711615e-03 -2.443608e-01
1.718699e+01 1.848204e-03 -2.608083e-01
1.718699e+01 1.995693e-03 -2.780669e-01
1.718699e+01 2.154951e-03 -2.961292e-01
1.718699e+01 2.326918e-03 -3.149804e-01
1.718699e+01 2.512609e-03 -3.345960e-01
1.718699e+01 2.713117e-03 -3.549405e-01
1.718699e+01 2.929627e-03 -3.759676e-01
1.718699e+01 3.163414e-03 -3.976128e-01
1.718699e+01 3.415858e-03 -4.197923e-01
1.718699e+01 3.688447e-03 -4.424062e-01
1.718699e+01 3.982789e-03 -4.653319e-01
1.718699e+01 4.300619e-03 -4.884234e-01
1.718699e+01 4.643813e-03 -5.115153e-01
1.718699e+01 5.014394e-03 -5.344118e-01
1.718699e+01 5.414548e-03 -5.568868e-01
1.718699e+01 5.846635e-03 -5.786936e-01
1.718699e+01 6.313202e-03 -5.995471e-01
1.718699e+01 6.817002e-03 -6.191278e-01
1.718699e+01 7.361006e-03 -6.370994e-01
1.718699e+01 7.948422e-03 -6.530850e-01
1.718699e+01 8.582714e-03 -6.666759e-01
1.718699e+01 9.267624e-03 -6.774658e-01
1.718699e+01 1.000719e-02 -6.850237e-01
1.718699e+01 1.080577e-02 -6.889139e-01
1.718699e+01 1.166809e-02 -6.887463e-01
1.718699e+01 1.259921e-02 -6.841725e-01
1.718699e+01 1.360464e-02 -6.749119e-01
1.718699e+01 1.469030e-02 -6.607984e-01
1.718699e+01 1.586261e-02 -6.418665e-01
1.718699e+01 1.712846e-02 -6.183405e-01
1.718699e+01 1.849533e-02 -5.905915e-01
1.718699e+01 1.997127e-02 -5.594197e-01
1.718699e+01 2.156500e-02 -5.258963e-01
1.718699e+01 2.328591e-02 -4.910552e-01
1.718699e+01 2.514415e-02 -4.563171e-01
1.718699e+01 2.715068e-02 -4.231986e-01
1.718699e+01 2.931733e-02 -3.928382e-01
1.718699e+01 3.165689e-02 -3.660703e-01
1.718699e+01 3.418314e-02 -3.433969e-01
1.718699e+01 3.691099e-02 -3.244677e-01
1.718699e+01 3.985652e-02 -3.081363e-01
1.718699e+01 4.303711e-02 -2.924793e-01
1.718699e+01 4.647152e-02 -2.751620e-01
1.718699e+01 5.017999e-02 -2.541994e-01
1.718699e+01 5.418441e-02 -2.331214e-01
1.718699e+01 5.850838e-02 -2.167704e-01
1.718699e+01 6.317741e-02 -1.991146e-01
1.718699e+01 6.821903e-02 -1.800498e-01
1.718699e+01 7.366298e-02 -1.601144e-01
1.718699e+01 7.954136e-02 -1.452339e-01
1.718699e+01 8.588885e-02 -1.291658e-01
1.718699e+01 9.274286e-02 -1.118155e-01
1.718699e+01 1.001438e-01 -9.308055e-02
1.718699e+01 1.081354e-01 -8.287247e-02
1.718699e+01 1.167647e-01 -7.663121e-02
1.718699e+01 1.260827e-01 -6.989190e-02
1.718699e+01 1.361442e-01 -6.261478e-02
1.718699e+01 1.470087e-01 -5.542432e-02
1.718699e+01 1.587401e-01 -5.050301e-02
1.718699e+01 1.714077e-01 -4.518898e-02
1.718699e+01 1.850862e-01 -3.945088e-02
1.718699e+01 1.998563e-01 -3.325487e-02
1.718699e+01 2.158051e-01 -2.959041e-02
1.718699e+01 2.330265e-01 -2.623795e-02
1.718699e+01 2.516223e-01 -2.261796e-02
1.718699e+01 2.717020e-01 -1.870910e-02
1.718699e+01 2.933841e-01 -1.575214e-02
1.718699e+01 3.167964e-01 -1.416547e-02
1.718699e+01 3.420771e-01 -1.245219e-02
1.718699e+01 3.693752e-01 -1.060218e-02
1.718699e+01 3.988518e-01 -8.690728e-03
1.718699e+01 4.306805e-01 -7.835629e-03
1.718699e+01 4.650493e-01 -6.912293e-03
1.718699e+01 5.021607e-01 -5.915273e-03
1.718699e+01 5.422336e-01 -4.838690e-03
1.718699e+01 5.855044e-01 -4.204764e-03
1.718699e+01 6.322283e-01 -3.766566e-03
1.718699e+01 6.826808e-01 -3.293400e-03
1.718699e+01 7.371594e-01 -2.782474e-03
1.718699e+01 7.959855e-01 -2.333894e-03
1.718699e+01 8.595059e-01 -2.092160e-03
1.718699e+01 9.280954e-01 -1.831135e-03
1.718699e+01 1.002158e+00 -1.549281e-03
1.718699e+01 1.082132e+00 -1.244933e-03
1.718699e+01 1.168487e+00 -1.112297e-03
1.718699e+01 1.261733e+00 -9.857702e-04
1.718699e+01 1.362421e+00 -8.491460e-04
1.718699e+01 1.471144e+00 -7.016190e-04
1.718699e+01 1.588542e+00 -5.940259e-04
1.718699e+01 1.715310e+00 -5.231181e-04
1.718699e+01 1.852193e+00 -4.465518e-04
1.718699e+01 2.000000e+00 -3.638754e-04
1.755073e+01 1.000000e-03 -1.015442e-01
1.755073e+01 1.079801e-03 -1.089582e-01
1.755073e+01 1.165970e-03 -1.168503e-01
1.755073e+01 1.259016e-03 -1.252379e-01
1.755073e+01 1.359487e-03 -1.341365e-01
1.755073e+01 1.467975e-03 -1.435593e-01
1.755073e+01 1.585121e-03 -1.535167e-01
1.755073e+01 1.711615e-03 -1.640158e-01
1.755073e+01 1.848204e-03 -1.750600e-01
1.755073e+01 1.995693e-03 -1.866490e-01
1.755073e+01 2.154951e-03 -1.987775e-01
1.755073e+01 2.326918e-03 -2.114356e-01
1.755073e+01 2.512609e-03 -2.246065e-01
1.755073e+01 2.713117e-03 -2.382666e-01
1.755073e+01 2.929627e-03 -2.523847e-01
1.755073e+01 3.163414e-03 -2.669176e-01
1.755073e+01 3.415858e-03 -2.818091e-01
1.755073e+01 3.688447e-03 -2.969923e-01
1.755073e+01 3.982789e-03 -3.123849e-01
1.755073e+01 4.300619e-03 -3.278888e-01
1.755073e+01 4.643813e-03 -3.433928e-01
1.755073e+01 5.014394e-03 -3.587654e-01
1.755073e+01 5.414548e-03 -3.738550e-01
1.755073e+01 5.846635e-03 -3.884959e-01
1.755073e+01 6.313202e-03 -4.024968e-01
1.755073e+01 6.817002e-03 -4.156432e-01
1.755073e+01 7.361006e-03 -4.277092e-01
1.755073e+01 7.948422e-03 -4.384418e-01
1.755073e+01 8.582714e-03 -4.475667e-01
1.755073e+01 9.267624e-03 -4.548111e-01
1.755073e+01 1.000719e-02 -4.598856e-01
1.755073e+01 1.080577e-02 -4.624978e-01
1.755073e+01 1.166809e-02 -4.623858e-01
1.755073e+01 1.259921e-02 -4.593156e-01
1.755073e+01 1.360464e-02 -4.530989e-01
1.755073e+01 1.469030e-02 -4.436242e-01
1.755073e+01 1.586261e-02 -4.309147e-01
1.755073e+01 1.712846e-02 -4.151209e-01
1.755073e+01 1.849533e-02 -3.964918e-01
1.755073e+01 1.997127e-02 -3.755649e-01
1.755073e+01 2.156500e-02 -3.530592e-01
1.755073e+01 2.328591e-02 -3.296689e-01
1.755073e+01 2.514415e-02 -3.063476e-01
1.755073e+01 2.715068e-02 -2.841136e-01
1.755073e+01 2.931733e-02 -2.637312e-01
1.755073e+01 3.165689e-02 -2.457607e-01
1.755073e+01 3.418314e-02 -2.305390e-01
1.755073e+01 3.691099e-02 -2.178308e-01
1.755073e+01 3.985652e-02 -2.068668e-01
1.755073e+01 4.303711e-02 -1.963555e-01
1.755073e+01 4.647152e-02 -1.847296e-01
1.755073e+01 5.017999e-02 -1.706564e-01
1.755073e+01 5.418441e-02 -1.566029e-01
1.755073e+01 5.850838e-02 -1.458962e-01
1.755073e+01 6.317741e-02 -1.343351e-01
1.755073e+01 6.821903e-02 -1.218514e-01
1.755073e+01 7.366298e-02 -1.087345e-01
1.755073e+01 7.954136e-02 -9.827665e-02
1.755073e+01 8.588885e-02 -8.698429e-02
1.755073e+01 9.274286e-02 -7.479078e-02
1.755073e+01 1.001438e-01 -6.162421e-02
1.755073e+01 1.081354e-01 -5.476590e-02
1.755073e+01 1.167647e-01 -5.087126e-02
1.755073e+01 1.260827e-01 -4.666582e-02
1.755073e+01 1.361442e-01 -4.212478e-02
1.755073e+01 1.470087e-01 -3.760970e-02
1.755073e+01 1.587401e-01 -3.438858e-02
1.755073e+01 1.714077e-01 -3.091040e-02
1.755073e+01 1.850862e-01 -2.715466e-02
1.755073e+01 1.998563e-01 -2.309922e-02
1.755073e+01 2.158051e-01 -2.053208e-02
1.755073e+01 2.330265e-01 -1.812201e-02
1.755073e+01 2.516223e-01 -1.551961e-02
1.755073e+01 2.717020e-01 -1.270954e-02
1.755073e+01 2.933841e-01 -1.062060e-02
1.755073e+01 3.167964e-01 -9.566476e-03
1.755073e+01 3.420771e-01 -8.428234e-03
1.755073e+01 3.693752e-01 -7.199160e-03
1.755073e+01 3.988518e-01 -5.929015e-03
1.755073e+01 4.306805e-01 -5.357184e-03
1.755073e+01 4.650493e-01 -4.739721e-03
1.755073e+01 5.021607e-01 -4.072983e-03
1.755073e+01 5.422336e-01 -3.353038e-03
1.755073e+01 5.855044e-01 -2.919558e-03
1.755073e+01 6.322283e-01 -2.611753e-03
1.755073e+01 6.826808e-01 -2.279385e-03
1.755073e+01 7.371594e-01 -1.920493e-03
1.755073e+01 7.959855e-01 -1.606412e-03
1.755073e+01 8.595059e-01 -1.440101e-03
1.755073e+01 9.280954e-01 -1.260518e-03
1.755073e+01 1.002158e+00 -1.066604e-03
1.755073e+01 1.082132e+00 -8.572153e-04
1.755073e+01 1.168487e+00 -7.664991e-04
1.755073e+01 1.261733e+00 -6.800742e-04
1.755073e+01 1.362421e+00 -5.867524e-04
1.755073e+01 1.471144e+00 -4.859835e-04
1.755073e+01 1.588542e+00 -4.124776e-04
1.755073e+01 1.715310e+00 -3.640164e-04
1.755073e+01 1.852193e+00 -3.116879e-04
1.755073e+01 2.000000e+00 -2.551835e-04
1.792175e+01 1.000000e-03 -6.444299e-02
1.792175e+01 1.079801e-03 -6.914967e-02
1.792175e+01 1.165970e-03 -7.416007e-02
1.792175e+01 1.259016e-03 -7.948538e-02
1.792175e+01 1.359487e-03 -8.513535e-02
1.792175e+01 1.467975e-03 -9.111843e-02
1.792175e+01 1.585121e-03 -9.744125e-02
1.792175e+01 1.711615e-03 -1.041082e-01
1.792175e+01 1.848204e-03 -1.111215e-01
1.792175e+01 1.995693e-03 -1.184808e-01
1.792175e+01 2.154951e-03 -1.261827e-01
1.792175e+01 2.326918e-03 -1.342206e-01
1.792175e+01 2.512609e-03 -1.425841e-01
1.792175e+01 2.713117e-03 -1.512579e-01
1.792175e+01 2.929627e-03 -1.602223e-01
1.792175e+01 3.163414e-03 -1.694500e-01
1.792175e+01 3.415858e-03 -1.789054e-01
1.792175e+01 3.688447e-03 -1.885459e-01
1.792175e+01 3.982789e-03 -1.983195e-01
1.792175e+01 4.300619e-03 -2.081637e-01
1.792175e+01 4.643813e-03 -2.180078e-01
1.792175e+01 5.014394e-03 -2.277684e-01
1.792175e+01 5.414548e-03 -2.373492e-01
1.792175e+01 5.846635e-03 -2.466452e-01
1.792175e+01 6.313202e-03 -2.555348e-01
1.792175e+01 6.817002e-03 -2.638819e-01
1.792175e+01 7.361006e-03 -2.715430e-01
1.792175e+01 7.948422e-03 -2.783574e-01
1.792175e+01 8.582714e-03 -2.841512e-01
1.792175e+01 9.267624e-03 -2.887509e-01
1.792175e+01 1.000719e-02 -2.919730e-01
1.792175e+01 1.080577e-02 -2.936318e-01
1.792175e+01 1.166809e-02 -2.935610e-01
1.792175e+01 1.259921e-02 -2.916121e-01
1.792175e+01 1.360464e-02 -2.876655e-01
1.792175e+01 1.469030e-02 -2.816504e-01
1.792175e+01 1.586261e-02 -2.735815e-01
1.792175e+01 1.712846e-02 -2.635544e-01
1.792175e+01 1.849533e-02 -2.517272e-01
1.792175e+01 1.997127e-02 -2.384411e-01
1.792175e+01 2.156500e-02 -2.241526e-01
1.792175e+01 2.328591e-02 -2.093025e-01
1.792175e+01 2.514415e-02 -1.944962e-01
1.792175e+01 2.715068e-02 -1.803802e-01
1.792175e+01 2.931733e-02 -1.674396e-01
1.792175e+01 3.165689e-02 -1.560304e-01
1.792175e+01 3.418314e-02 -1.463663e-01
1.792175e+01 3.691099e-02 -1.382981e-01
1.792175e+01 3.985652e-02 -1.313371e-01
1.792175e+01 4.303711e-02 -1.246637e-01
1.792175e+01 4.647152e-02 -1.172825e-01
1.792175e+01 5.017999e-02 -1.083476e-01
1.792175e+01 5.418441e-02 -9.948056e-02
1.792175e+01 5.850838e-02 -9.283707e-02
1.792175e+01 6.317741e-02 -8.566344e-02
1.792175e+01 6.821903e-02 -7.791734e-02
1.792175e+01 7.366298e-02 -6.975971e-02
1.792175e+01 7.954136e-02 -6.306093e-02
1.792175e+01 8.588885e-02 -5.582759e-02
1.792175e+01 9.274286e-02 -4.801701e-02
1.792175e+01 1.001438e-01 -3.958314e-02
1.792175e+01 1.081354e-01 -3.533902e-02
1.792175e+01 1.167647e-01 -3.307625e-02
1.792175e+01 1.260827e-01 -3.063290e-02
1.792175e+01 1.361442e-01 -2.799457e-02
1.792175e+01 1.470087e-01 -2.531430e-02
1.792175e+01 1.587401e-01 -2.313829e-02
1.792175e+01 1.714077e-01 -2.078864e-02
1.792175e+01 1.850862e-01 -1.825148e-02
1.792175e+01 1.998563e-01 -1.551185e-02
1.792175e+01 2.158051e-01 -1.377748e-02
1.792175e+01 2.330265e-01 -1.214917e-02
1.792175e+01 2.516223e-01 -1.039092e-02
1.792175e+01 2.717020e-01 -8.492365e-03
1.792175e+01 2.933841e-01 -7.084555e-03
1.792175e+01 3.167964e-01 -6.380666e-03
1.792175e+01 3.420771e-01 -5.620605e-03
1.792175e+01 3.693752e-01 -4.799892e-03
1.792175e+01 3.988518e-01 -3.952016e-03
1.792175e+01 4.306805e-01 -3.574151e-03
1.792175e+01 4.650493e-01 -3.166132e-03
1.792175e+01 5.021607e-01 -2.725553e-03
1.792175e+01 5.422336e-01 -2.249814e-03
1.792175e+01 5.855044e-01 -1.962869e-03
1.792175e+01 6.322283e-01 -1.758697e-03
1.792175e+01 6.826808e-01 -1.538231e-03
1.792175e+01 7.371594e-01 -1.300171e-03
1.792175e+01 7.959855e-01 -1.090659e-03
1.792175e+01 8.595059e-01 -9.763004e-04
1.792175e+01 9.280954e-01 -8.528163e-04
1.792175e+01 1.002158e+00 -7.194781e-04
1.792175e+01 1.082132e+00 -5.754993e-04
1.792175e+01 1.168487e+00 -5.145132e-04
1.792175e+01 1.261733e+00 -4.567073e-04
1.792175e+01 1.362421e+00 -3.942886e-04
1.792175e+01 1.471144e+00 -3.268887e-04
1.792175e+01 1.588542e+00 -2.777870e-04
1.792175e+01 1.715310e+00 -2.454968e-04
1.792175e+01 1.852193e+00 -2.106298e-04
1.792175e+01 2.000000e+00 -1.729803e-04
1.830018e+01 1.000000e-03 -4.256497e-02
1.830018e+01 1.079801e-03 -4.567476e-02
1.830018e+01 1.165970e-03 -4.898540e-02
1.830018e+01 1.259016e-03 -5.250430e-02
1.830018e+01 1.359487e-03 -5.623792e-02
1.830018e+01 1.467975e-03 -6.019186e-02
1.830018e+01 1.585121e-03 -6.437050e-02
1.830018e+01 1.711615e-03 -6.877674e-02
1.830018e+01 1.848204e-03 -7.341197e-02
1.830018e+01 1.995693e-03 -7.827587e-02
1.830018e+01 2.154951e-03 -8.336622e-02
1.830018e+01 2.326918e-03 -8.867861e-02
1.830018e+01 2.512609e-03 -9.420595e-02
1.830018e+01 2.713117e-03 -9.993828e-02
1.830018e+01 2.929627e-03 -1.058626e-01
1.830018e+01 3.163414e-03 -1.119607e-01
1.830018e+01 3.415858e-03 -1.182092e-01
1.830018e+01 3.688447e-03 -1.245801e-01
1.830018e+01 3.982789e-03 -1.310390e-01
1.830018e+01 4.300619e-03 -1.375445e-01
1.830018e+01 4.643813e-03 -1.440499e-01
1.830018e+01 5.014394e-03 -1.505000e-01
1.830018e+01 5.414548e-03 -1.568313e-01
1.830018e+01 5.846635e-03 -1.629743e-01
1.830018e+01 6.313202e-03 -1.688488e-01
1.830018e+01 6.817002e-03 -1.743648e-01
1.830018e+01 7.361006e-03 -1.794275e-01
1.830018e+01 7.948422e-03 -1.839307e-01
1.830018e+01 8.582714e-03 -1.877594e-01
1.830018e+01 9.267624e-03 -1.907991e-01
1.830018e+01 1.000719e-02 -1.929284e-01
1.830018e+01 1.080577e-02 -1.940248e-01
1.830018e+01 1.166809e-02 -1.939782e-01
1.830018e+01 1.259921e-02 -1.926906e-01
1.830018e+01 1.360464e-02 -1.900830e-01
1.830018e+01 1.469030e-02 -1.861085e-01
1.830018e+01 1.586261e-02 -1.807768e-01
1.830018e+01 1.712846e-02 -1.741512e-01
1.830018e+01 1.849533e-02 -1.663362e-01
1.830018e+01 1.997127e-02 -1.575571e-01
1.830018e+01 2.156500e-02 -1.481156e-01
1.830018e+01 2.328591e-02 -1.383030e-01
1.830018e+01 2.514415e-02 -1.285193e-01
1.830018e+01 2.715068e-02 -1.191917e-01
1.830018e+01 2.931733e-02 -1.106409e-01
1.830018e+01 3.165689e-02 -1.031019e-01
1.830018e+01 3.418314e-02 -9.671608e-02
1.830018e+01 3.691099e-02 -9.138475e-02
1.830018e+01 3.985652e-02 -8.678509e-02
1.830018e+01 4.303711e-02 -8.237538e-02
1.830018e+01 4.647152e-02 -7.749806e-02
1.830018e+01 5.017999e-02 -7.159405e-02
1.830018e+01 5.418441e-02 -6.555082e-02
1.830018e+01 5.850838e-02 -6.064846e-02
1.830018e+01 6.317741e-02 -5.535489e-02
1.830018e+01 6.821903e-02 -4.963888e-02
1.830018e+01 7.366298e-02 -4.369785e-02
1.830018e+01 7.954136e-02 -3.964272e-02
1.830018e+01 8.588885e-02 -3.526398e-02
1.830018e+01 9.274286e-02 -3.053581e-02
1.830018e+01 1.001438e-01 -2.543033e-02
1.830018e+01 1.081354e-01 -2.282626e-02
1.830018e+01 1.167647e-01 -2.140219e-02
1.830018e+01 1.260827e-01 -1.986447e-02
1.830018e+01 1.361442e-01 -1.820404e-02
1.830018e+01 1.470087e-01 -1.651251e-02
1.830018e+01 1.587401e-01 -1.511792e-02
1.830018e+01 1.714077e-01 -1.361204e-02
1.830018e+01 1.850862e-01 -1.198598e-02
1.830018e+01 1.998563e-01 -1.023017e-02
1.830018e+01 2.158051e-01 -9.077905e-03
1.830018e+01 2.330265e-01 -7.982230e-03
1.830018e+01 2.516223e-01 -6.799118e-03
1.830018e+01 2.717020e-01 -5.521593e-03
1.830018e+01 2.933841e-01 -4.585744e-03
1.830018e+01 3.167964e-01 -4.139029e-03
1.830018e+01 3.420771e-01 -3.656667e-03
1.830018e+01 3.693752e-01 -3.135811e-03
1.830018e+01 3.988518e-01 -2.597422e-03
1.830018e+01 4.306805e-01 -2.353156e-03
1.830018e+01 4.650493e-01 -2.089396e-03
1.830018e+01 5.021607e-01 -1.804589e-03
1.830018e+01 5.422336e-01 -1.497053e-03
1.830018e+01 5.855044e-01 -1.309665e-03
1.830018e+01 6.322283e-01 -1.174750e-03
1.830018e+01 6.826808e-01 -1.029068e-03
1.830018e+01 7.371594e-01 -8.717613e-04
1.830018e+01 7.959855e-01 -7.327437e-04
1.830018e+01 8.595059e-01 -6.552077e-04
1.830018e+01 9.280954e-01 -5.714843e-04
1.830018e+01 1.002158e+00 -4.810796e-04
1.830018e+01 1.082132e+00 -3.834606e-04
1.830018e+01 1.168487e+00 -3.424812e-04
1.830018e+01 1.261733e+00 -3.037191e-04
1.830018e+01 1.362421e+00 -2.618637e-04
1.830018e+01 1.471144e+00 -2.166681e-04
1.830018e+01 1.588542e+00 -1.838332e-04
1.830018e+01 1.715310e+00 -1.623579e-04
1.830018e+01 1.852193e+00 -1.391688e-04
1.830018e+01 2.000000e+00 -1.141293e-04
1.868618e+01 1.000000e-03 -2.569501e-02
1.868618e+01 1.079801e-03 -2.757289e-02
1.868618e+01 1.165970e-03 -2.957216e-02
1.868618e+01 1.259016e-03 -3.169732e-02
1.868618e+01 1.359487e-03 -3.395227e-02
1.868618e+01 1.467975e-03 -3.634040e-02
1.868618e+01 1.585121e-03 -3.886436e-02
1.868618e+01 1.711615e-03 -4.152589e-02
1.868618e+01 1.848204e-03 -4.432580e-02
1.868618e+01 1.995693e-03 -4.726389e-02
1.868618e+01 2.154951e-03 -5.033876e-02
1.868618e+01 2.326918e-03 -5.354769e-02
1.868618e+01 2.512609e-03 -5.688638e-02
1.868618e+01 2.713117e-03 -6.034881e-02
1.868618e+01 2.929627e-03 -6.392708e-02
1.868618e+01 3.163414e-03 -6.761029e-02
1.868618e+01 3.415858e-03 -7.138430e-02
1.868618e+01 3.688447e-03 -7.523225e-02
1.868618e+01 3.982789e-03 -7.913331e-02
1.868618e+01 4.300619e-03 -8.306255e-02
1.868618e+01 4.643813e-03 -8.699169e-02
1.868618e+01 5.014394e-03 -9.088738e-02
1.868618e+01 5.414548e-03 -9.471127e-02
1.868618e+01 5.846635e-03 -9.842145e-02
1.868618e+01 6.313202e-03 -1.019695e-01
1.868618e+01 6.817002e-03 -1.053010e-01
1.868618e+01 7.361006e-03 -1.083587e-01
1.868618e+01 7.948422e-03 -1.110785e-01
1.868618e+01 8.582714e-03 -1.133909e-01
1.868618e+01 9.267624e-03 -1.152268e-01
1.868618e+01 1.000719e-02 -1.165129e-01
1.868618e+01 1.080577e-02 -1.171752e-01
1.868618e+01 1.166809e-02 -1.171472e-01
1.868618e+01 1.259921e-02 -1.163697e-01
1.868618e+01 1.360464e-02 -1.147950e-01
1.868618e+01 1.469030e-02 -1.123948e-01
1.868618e+01 1.586261e-02 -1.091750e-01
1.868618e+01 1.712846e-02 -1.051738e-01
1.868618e+01 1.849533e-02 -1.004541e-01
1.868618e+01 1.997127e-02 -9.515229e-02
1.868618e+01 2.156500e-02 -8.945042e-02
1.868618e+01 2.328591e-02 -8.352438e-02
1.868618e+01 2.514415e-02 -7.761582e-02
1.868618e+01 2.715068e-02 -7.198270e-02
1.868618e+01 2.931733e-02 -6.681867e-02
1.868618e+01 3.165689e-02 -6.226569e-02
1.868618e+01 3.418314e-02 -5.840914e-02
1.868618e+01 3.691099e-02 -5.518943e-02
1.868618e+01 3.985652e-02 -5.241158e-02
1.868618e+01 4.303711e-02 -4.974845e-02
1.868618e+01 4.647152e-02 -4.680292e-02
1.868618e+01 5.017999e-02 -4.323735e-02
1.868618e+01 5.418441e-02 -3.954267e-02
1.868618e+01 5.850838e-02 -3.645663e-02
1.868618e+01 6.317741e-02 -3.312433e-02
1.868618e+01 6.821903e-02 -2.952610e-02
1.868618e+01 7.366298e-02 -2.581466e-02
1.868618e+01 7.954136e-02 -2.358312e-02
1.868618e+01 8.588885e-02 -2.117350e-02
1.868618e+01 9.274286e-02 -1.857158e-02
1.868618e+01 1.001438e-01 -1.576204e-02
1.868618e+01 1.081354e-01 -1.429747e-02
1.868618e+01 1.167647e-01 -1.346469e-02
1.868618e+01 1.260827e-01 -1.256546e-02
1.868618e+01 1.361442e-01 -1.159446e-02
1.868618e+01 1.470087e-01 -1.058845e-02
1.868618e+01 1.587401e-01 -9.683083e-03
1.868618e+01 1.714077e-01 -8.705466e-03
1.868618e+01 1.850862e-01 -7.649834e-03
1.868618e+01 1.998563e-01 -6.509961e-03
1.868618e+01 2.158051e-01 -5.778954e-03
1.868618e+01 2.330265e-01 -5.089449e-03
1.868618e+01 2.516223e-01 -4.344921e-03
1.868618e+01 2.717020e-01 -3.540979e-03
1.868618e+01 2.933841e-01 -2.948026e-03
1.868618e+01 3.167964e-01 -2.657445e-03
1.868618e+01 3.420771e-01 -2.343675e-03
1.868618e+01 3.693752e-01 -2.004866e-03
1.868618e+01 3.988518e-01 -1.655046e-03
1.868618e+01 4.306805e-01 -1.502100e-03
1.868618e+01 4.650493e-01 -1.336949e-03
1.868618e+01 5.021607e-01 -1.158619e-03
1.868618e+01 5.422336e-01 -9.660580e-04
1.868618e+01 5.855044e-01 -8.474602e-04
1.868618e+01 6.322283e-01 -7.610266e-04
1.868618e+01 6.826808e-01 -6.676956e-04
1.868618e+01 7.371594e-01 -5.669166e-04
1.868618e+01 7.959855e-01 -4.775180e-04
1.868618e+01 8.595059e-01 -4.266883e-04
1.868618e+01 9.280954e-01 -3.718024e-04
1.868618e+01 1.002158e+00 -3.125365e-04
1.868618e+01 1.082132e+00 -2.485411e-04
1.868618e+01 1.168487e+00 -2.221010e-04
1.868618e+01 1.261733e+00 -1.971846e-04
1.868618e+01 1.362421e+00 -1.702798e-04
1.868618e+01 1.471144e+00 -1.412279e-04
1.868618e+01 1.588542e+00 -1.199963e-04
1.868618e+01 1.715310e+00 -1.059470e-04
1.868618e+01 1.852193e+00 -9.077650e-05
1.868618e+01 2.000000e+00 -7.439542e-05
1.907991e+01 1.000000e-03 -1.562653e-02
1.907991e+01 1.079801e-03 -1.676895e-02
1.907991e+01 1.165970e-03 -1.798527e-02
1.907991e+01 1.259016e-03 -1.927826e-02
1.907991e+01 1.359487e-03 -2.065029e-02
1.907991e+01 1.467975e-03 -2.210343e-02
1.907991e+01 1.585121e-03 -2.363929e-02
1.907991e+01 1.711615e-03 -2.525892e-02
1.907991e+01 1.848204e-03 -2.696281e-02
1.907991e+01 1.995693e-03 -2.875081e-02
1.907991e+01 2.154951e-03 -3.062205e-02
1.907991e+01 2.326918e-03 -3.257485e-02
1.907991e+01 2.512609e-03 -3.460657e-02
1.907991e+01 2.713117e-03 -3.671353e-02
1.907991e+01 2.929627e-03 -3.889092e-02
1.907991e+01 3.163414e-03 -4.113212e-02
1.907991e+01 3.415858e-03 -4.342854e-02
1.907991e+01 3.688447e-03 -4.576996e-02
1.907991e+01 3.982789e-03 -4.814372e-02
1.907991e+01 4.300619e-03 -5.053461e-02
1.907991e+01 4.643813e-03 -5.292541e-02
1.907991e+01 5.014394e-03 -5.529583e-02
1.907991e+01 5.414548e-03 -5.762255e-02
1.907991e+01 5.846635e-03 -5.988007e-02
1.907991e+01 6.313202e-03 -6.203895e-02
1.907991e+01 6.817002e-03 -6.406606e-02
1.907991e+01 7.361006e-03 -6.592658e-02
1.907991e+01 7.948422e-03 -6.758149e-02
1.907991e+01 8.582714e-03 -6.898853e-02
1.907991e+01 9.267624e-03 -7.010565e-02
1.907991e+01 1.000719e-02 -7.088826e-02
1.907991e+01 1.080577e-02 -7.129128e-02
1.907991e+01 1.166809e-02 -7.127432e-02
1.907991e+01 1.259921e-02 -7.080136e-02
1.907991e+01 1.360464e-02 -6.984334e-02
1.907991e+01 1.469030e-02 -6.838309e-02
1.907991e+01 1.586261e-02 -6.642415e-02
1.907991e+01 1.712846e-02 -6.398976e-02
1.907991e+01 1.849533e-02 -6.111830e-02
1.907991e+01 1.997127e-02 -5.789259e-02
1.907991e+01 2.156500e-02 -5.442348e-02
1.907991e+01 2.328591e-02 -5.081797e-02
1.907991e+01 2.514415e-02 -4.722310e-02
1.907991e+01 2.715068e-02 -4.379580e-02
1.907991e+01 2.931733e-02 -4.065391e-02
1.907991e+01 3.165689e-02 -3.788378e-02
1.907991e+01 3.418314e-02 -3.553737e-02
1.907991e+01 3.691099e-02 -3.357843e-02
1.907991e+01 3.985652e-02 -3.188833e-02
1.907991e+01 4.303711e-02 -3.026802e-02
1.907991e+01 4.647152e-02 -2.847590e-02
1.907991e+01 5.017999e-02 -2.630653e-02
1.907991e+01 5.418441e-02 -2.402933e-02
1.907991e+01 5.850838e-02 -2.207016e-02
1.907991e+01 6.317741e-02 -1.995466e-02
1.907991e+01 6.821903e-02 -1.767033e-02
1.907991e+01 7.366298e-02 -1.532892e-02
1.907991e+01 7.954136e-02 -1.407913e-02
1.907991e+01 8.588885e-02 -1.272961e-02
1.907991e+01 9.274286e-02 -1.127240e-02
1.907991e+01 1.001438e-01 -9.698896e-03
1.907991e+01 1.081354e-01 -8.825358e-03
1.907991e+01 1.167647e-01 -8.275970e-03
1.907991e+01 1.260827e-01 -7.682741e-03
1.907991e+01 1.361442e-01 -7.042172e-03
1.907991e+01 1.470087e-01 -6.390447e-03
1.907991e+01 1.587401e-01 -5.856945e-03
1.907991e+01 1.714077e-01 -5.280869e-03
1.907991e+01 1.850862e-01 -4.658822e-03
1.907991e+01 1.998563e-01 -3.987134e-03
1.907991e+01 2.158051e-01 -3.539437e-03
1.907991e+01 2.330265e-01 -3.111461e-03
1.907991e+01 2.516223e-01 -2.649331e-03
1.907991e+01 2.717020e-01 -2.150324e-03
1.907991e+01 2.933841e-01 -1.787751e-03
1.907991e+01 3.167964e-01 -1.620255e-03
1.907991e+01 3.420771e-01 -1.439393e-03
1.907991e+01 3.693752e-01 -1.244098e-03
1.907991e+01 3.988518e-01 -1.041900e-03
1.907991e+01 4.306805e-01 -9.453423e-04
1.907991e+01 4.650493e-01 -8.410789e-04
1.907991e+01 5.021607e-01 -7.284952e-04
1.907991e+01 5.422336e-01 -6.069272e-04
1.907991e+01 5.855044e-01 -5.326096e-04
1.907991e+01 6.322283e-01 -4.789014e-04
1.907991e+01 6.826808e-01 -4.209071e-04
1.907991e+01 7.371594e-01 -3.582849e-04
1.907991e+01 7.959855e-01 -3.025789e-04
1.907991e+01 8.595059e-01 -2.704611e-04
1.907991e+01 9.280954e-01 -2.357802e-04
1.907991e+01 1.002158e+00 -1.983317e-04
1.907991e+01 1.082132e+00 -1.578949e-04
1.907991e+01 1.168487e+00 -1.409302e-04
1.907991e+01 1.261733e+00 -1.248858e-04
1.907991e+01 1.362421e+00 -1.075610e-04
1.907991e+01 1.471144e+00 -8.885367e-05
1.907991e+01 1.588542e+00 -7.536130e-05
1.907991e+01 1.715310e+00 -6.666520e-05
1.907991e+01 1.852193e+00 -5.727515e-05
1.907991e+01 2.000000e+00 -4.713576e-05
1.948151e+01 1.000000e-03 -8.790948e-03
1.948151e+01 1.079801e-03 -9.433840e-03
1.948151e+01 1.165970e-03 -1.011837e-02
1.948151e+01 1.259016e-03 -1.084607e-02
1.948151e+01 1.359487e-03 -1.161831e-02
1.948151e+01 1.467975e-03 -1.243625e-02
1.948151e+01 1.585121e-03 -1.330078e-02
1.948151e+01 1.711615e-03 -1.421251e-02
1.948151e+01 1.848204e-03 -1.517170e-02
1.948151e+01 1.995693e-03 -1.617826e-02
1.948151e+01 2.154951e-03 -1.723167e-02
1.948151e+01 2.326918e-03 -1.833099e-02
1.948151e+01 2.512609e-03 -1.947470e-02
1.948151e+01 2.713117e-03 -2.066074e-02
1.948151e+01 2.929627e-03 -2.188639e-02
1.948151e+01 3.163414e-03 -2.314794e-02
1.948151e+01 3.415858e-03 -2.444054e-02
1.948151e+01 3.688447e-03 -2.575848e-02
1.948151e+01 3.982789e-03 -2.709463e-02
1.948151e+01 4.300619e-03 -2.844042e-02
1.948151e+01 4.643813e-03 -2.978614e-02
1.948151e+01 5.014394e-03 -3.112038e-02
1.948151e+01 5.414548e-03 -3.243000e-02
1.948151e+01 5.846635e-03 -3.370068e-02
1.948151e+01 6.313202e-03 -3.491584e-02
1.948151e+01 6.817002e-03 -3.605683e-02
1.948151e+01 7.361006e-03 -3.710405e-02
1.948151e+01 7.948422e-03 -3.803554e-02
1.948151e+01 8.582714e-03 -3.882752e-02
1.948151e+01 9.267624e-03 -3.945632e-02
1.948151e+01 1.000719e-02 -3.989685e-02
1.948151e+01 1.080577e-02 -4.012373e-02
1.948151e+01 1.166809e-02 -4.011422e-02
1.948151e+01 1.259921e-02 -3.984805e-02
1.948151e+01 1.360464e-02 -3.930889e-02
1.948151e+01 1.469030e-02 -3.848707e-02
1.948151e+01 1.586261e-02 -3.738460e-02
1.948151e+01 1.712846e-02 -3.601453e-02
1.948151e+01 1.849533e-02 -3.439846e-02
1.948151e+01 1.997127e-02 -3.258299e-02
1.948151e+01 2.156500e-02 -3.063053e-02
1.948151e+01 2.328591e-02 -2.860129e-02
1.948151e+01 2.514415e-02 -2.657804e-02
1.948151e+01 2.715068e-02 -2.464910e-02
1.948151e+01 2.931733e-02 -2.288079e-02
1.948151e+01 3.165689e-02 -2.132171e-02
1.948151e+01 3.418314e-02 -2.000111e-02
1.948151e+01 3.691099e-02 -1.889858e-02
1.948151e+01 3.985652e-02 -1.794736e-02
1.948151e+01 4.303711e-02 -1.703542e-02
1.948151e+01 4.647152e-02 -1.602678e-02
1.948151e+01 5.017999e-02 -1.480582e-02
1.948151e+01 5.418441e-02 -1.354044e-02
1.948151e+01 5.850838e-02 -1.248311e-02
1.948151e+01 6.317741e-02 -1.134141e-02
1.948151e+01 6.821903e-02 -1.010859e-02
1.948151e+01 7.366298e-02 -8.841796e-03
1.948151e+01 7.954136e-02 -8.131532e-03
1.948151e+01 8.588885e-02 -7.364588e-03
1.948151e+01 9.274286e-02 -6.536442e-03
1.948151e+01 1.001438e-01 -5.642208e-03
1.948151e+01 1.081354e-01 -5.141488e-03
1.948151e+01 1.167647e-01 -4.822602e-03
1.948151e+01 1.260827e-01 -4.478268e-03
1.948151e+01 1.361442e-01 -4.106456e-03
1.948151e+01 1.470087e-01 -3.723178e-03
1.948151e+01 1.587401e-01 -3.386860e-03
1.948151e+01 1.714077e-01 -3.023704e-03
1.948151e+01 1.850862e-01 -2.631567e-03
1.948151e+01 1.998563e-01 -2.208138e-03
1.948151e+01 2.158051e-01 -1.961622e-03
1.948151e+01 2.330265e-01 -1.737521e-03
1.948151e+01 2.516223e-01 -1.495537e-03
1.948151e+01 2.717020e-01 -1.234242e-03
1.948151e+01 2.933841e-01 -1.039206e-03
1.948151e+01 3.167964e-01 -9.393184e-04
1.948151e+01 3.420771e-01 -8.314595e-04
1.948151e+01 3.693752e-01 -7.149934e-04
1.948151e+01 3.988518e-01 -5.946456e-04
1.948151e+01 4.306805e-01 -5.406129e-04
1.948151e+01 4.650493e-01 -4.822683e-04
1.948151e+01 5.021607e-01 -4.192678e-04
1.948151e+01 5.422336e-01 -3.512398e-04
1.948151e+01 5.855044e-01 -3.088027e-04
1.948151e+01 6.322283e-01 -2.774345e-04
1.948151e+01 6.826808e-01 -2.435630e-04
1.948151e+01 7.371594e-01 -2.069886e-04
1.948151e+01 7.959855e-01 -1.746423e-04
1.948151e+01 8.595059e-01 -1.565317e-04
1.948151e+01 9.280954e-01 -1.369758e-04
1.948151e+01 1.002158e+00 -1.158594e-04
1.948151e+01 1.082132e+00 -9.305778e-05
1.948151e+01 1.168487e+00 -8.331241e-05
1.948151e+01 1.261733e+00 -7.405632e-05
1.948151e+01 1.362421e+00 -6.406158e-05
1.948151e+01 1.471144e+00 -5.326925e-05
1.948151e+01 1.588542e+00 -4.539645e-05
1.948151e+01 1.715310e+00 -4.020558e-05
1.948151e+01 1.852193e+00 -3.460049e-05
1.948151e+01 2.000000e+00 -2.854810e-05
1.989114e+01 1.000000e-03 5.254839e-04
1.989114e+01 1.079801e-03 5.639258e-04
1.989114e+01 1.165970e-03 6.048595e-04
1.989114e+01 1.259016e-03 6.483780e-04
1.989114e+01 1.359487e-03 6.945620e-04
1.989114e+01 1.467975e-03 7.434816e-04
1.989114e+01 1.585121e-03 7.951911e-04
1.989114e+01 1.711615e-03 8.497255e-04
1.989114e+01 1.848204e-03 9.071006e-04
1.989114e+01 1.995693e-03 9.673100e-04
1.989114e+01 2.154951e-03 1.030323e-03
1.989114e+01 2.326918e-03 1.096081e-03
1.989114e+01 2.512609e-03 1.164492e-03
1.989114e+01 2.713117e-03 1.235434e-03
1.989114e+01 2.929627e-03 1.308743e-03
1.989114e+01 3.163414e-03 1.384197e-03
1.989114e+01 3.415858e-03 1.461507e-03
1.989114e+01 3.688447e-03 1.540333e-03
1.989114e+01 3.982789e-03 1.620248e-03
1.989114e+01 4.300619e-03 1.700740e-03
1.989114e+01 4.643813e-03 1.781227e-03
1.989114e+01 5.014394e-03 1.861026e-03
1.989114e+01 5.414548e-03 1.939352e-03
1.989114e+01 5.846635e-03 2.015349e-03
1.989114e+01 6.313202e-03 2.088026e-03
1.989114e+01 6.817002e-03 2.156267e-03
1.989114e+01 7.361006e-03 2.218899e-03
1.989114e+01 7.948422e-03 2.274610e-03
1.989114e+01 8.582714e-03 2.321977e-03
1.989114e+01 9.267624e-03 2.359586e-03
1.989114e+01 1.000719e-02 2.385935e-03
1.989114e+01 1.080577e-02 2.399506e-03
1.989114e+01 1.166809e-02 2.398939e-03
1.989114e+01 1.259921e-02 2.383022e-03
1.989114e+01 1.360464e-02 2.350779e-03
1.989114e+01 1.469030e-02 2.301634e-03
1.989114e+01 1.586261e-02 2.235707e-03
1.989114e+01 1.712846e-02 2.153777e-03
1.989114e+01 1.849533e-02 2.057134e-03
1.989114e+01 1.997127e-02 1.948565e-03
1.989114e+01 2.156500e-02 1.831802e-03
1.989114e+01 2.328591e-02 1.710448e-03
1.989114e+01 2.514415e-02 1.589451e-03
1.989114e+01 2.715068e-02 1.474095e-03
1.989114e+01 2.931733e-02 1.368345e-03
1.989114e+01 3.165689e-02 1.275107e-03
1.989114e+01 3.418314e-02 1.196131e-03
1.989114e+01 3.691099e-02 1.130196e-03
1.989114e+01 3.985652e-02 1.073310e-03
1.989114e+01 4.303711e-02 1.018773e-03
1.989114e+01 4.647152e-02 9.584532e-04
1.989114e+01 5.017999e-02 8.854359e-04
1.989114e+01 5.418441e-02 8.184297e-04
1.989114e+01 5.850838e-02 7.793320e-04
1.989114e+01 6.317741e-02 7.371142e-04
1.989114e+01 6.821903e-02 6.915274e-04
1.989114e+01 7.366298e-02 6.417503e-04
1.989114e+01 7.954136e-02 5.823604e-04
1.989114e+01 8.588885e-02 5.182310e-04
1.989114e+01 9.274286e-02 4.489841e-04
1.989114e+01 1.001438e-01 3.742113e-04
1.989114e+01 1.081354e-01 3.311607e-04
1.989114e+01 1.167647e-01 3.026562e-04
1.989114e+01 1.260827e-01 2.718770e-04
1.989114e+01 1.361442e-01 2.386416e-04
1.989114e+01 1.470087e-01 2.062496e-04
1.989114e+01 1.587401e-01 1.861634e-04
1.989114e+01 1.714077e-01 1.644744e-04
1.989114e+01 1.850862e-01 1.410546e-04
1.989114e+01 1.998563e-01 1.157658e-04
1.989114e+01 2.158051e-01 1.026171e-04
1.989114e+01 2.330265e-01 9.124709e-05
1.989114e+01 2.516223e-01 7.896974e-05
1.989114e+01 2.717020e-01 6.571264e-05
1.989114e+01 2.933841e-01 5.542160e-05
1.989114e+01 3.167964e-01 4.942355e-05
1.989114e+01 3.420771e-01 4.294685e-05
1.989114e+01 3.693752e-01 3.595330e-05
1.989114e+01 3.988518e-01 2.874401e-05
1.989114e+01 4.306805e-01 2.576153e-05
1.989114e+01 4.650493e-01 2.254104e-05
1.989114e+01 5.021607e-01 1.906355e-05
1.989114e+01 5.422336e-01 1.530856e-05
1.989114e+01 5.855044e-01 1.303399e-05
1.989114e+01 6.322283e-01 1.140744e-05
1.989114e+01 6.826808e-01 9.651086e-06
1.989114e+01 7.371594e-01 7.754575e-06
1.989114e+01 7.959855e-01 6.117606e-06
1.989114e+01 8.595059e-01 5.316846e-06
1.989114e+01 9.280954e-01 4.452185e-06
1.989114e+01 1.002158e+00 3.518523e-06
1.989114e+01 1.082132e+00 2.510353e-06
1.989114e+01 1.168487e+00 2.115739e-06
1.989114e+01 1.261733e+00 1.748742e-06
1.989114e+01 1.362421e+00 1.352458e-06
1.989114e+01 1.471144e+00 9.245506e-07
1.989114e+01 1.588542e+00 6.550416e-07
1.989114e+01 1.715310e+00 5.326070e-07
1.989114e+01 1.852193e+00 4.004021e-07
1.989114e+01 2.000000e+00 2.576471e-07
2.030896e+01 1.000000e-03 4.987262e-04
2.030896e+01 1.079801e-03 5.352228e-04
2.030896e+01 1.165970e-03 5.740872e-04
2.030896e+01 1.259016e-03 6.154081e-04
2.030896e+01 1.359487e-03 6.592625e-04
2.030896e+01 1.467975e-03 7.057173e-04
2.030896e+01 1.585121e-03 7.548239e-04
2.030896e+01 1.711615e-03 8.066155e-04
2.030896e+01 1.848204e-03 8.611067e-04
2.030896e+01 1.995693e-03 9.182911e-04
2.030896e+01 2.154951e-03 9.781386e-04
2.030896e+01 2.326918e-03 1.040592e-03
2.030896e+01 2.512609e-03 1.105565e-03
2.030896e+01 2.713117e-03 1.172939e-03
2.030896e+01 2.929627e-03 1.242559e-03
2.030896e+01 3.163414e-03 1.314214e-03
2.030896e+01 3.415858e-03 1.387632e-03
2.030896e+01 3.688447e-03 1.462488e-03
2.030896e+01 3.982789e-03 1.538378e-03
2.030896e+01 4.300619e-03 1.614817e-03
2.030896e+01 4.643813e-03 1.691250e-03
2.030896e+01 5.014394e-03 1.767029e-03
2.030896e+01 5.414548e-03 1.841409e-03
2.030896e+01 5.846635e-03 1.913577e-03
2.030896e+01 6.313202e-03 1.982591e-03
2.030896e+01 6.817002e-03 2.047394e-03
2.030896e+01 7.361006e-03 2.106871e-03
2.030896e+01 7.948422e-03 2.159774e-03
2.030896e+01 8.582714e-03 2.204755e-03
2.030896e+01 9.267624e-03 2.240470e-03
2.030896e+01 1.000719e-02 2.265494e-03
2.030896e+01 1.080577e-02 2.278383e-03
2.030896e+01 1.166809e-02 2.277845e-03
2.030896e+01 1.259921e-02 2.262731e-03
2.030896e+01 1.360464e-02 2.232115e-03
2.030896e+01 1.469030e-02 2.185454e-03
2.030896e+01 1.586261e-02 2.122859e-03
2.030896e+01 1.712846e-02 2.045069e-03
2.030896e+01 1.849533e-02 1.953306e-03
2.030896e+01 1.997127e-02 1.850218e-03
2.030896e+01 2.156500e-02 1.739349e-03
2.030896e+01 2.328591e-02 1.624120e-03
2.030896e+01 2.514415e-02 1.509231e-03
2.030896e+01 2.715068e-02 1.399698e-03
2.030896e+01 2.931733e-02 1.299285e-03
2.030896e+01 3.165689e-02 1.210753e-03
2.030896e+01 3.418314e-02 1.135763e-03
2.030896e+01 3.691099e-02 1.073156e-03
2.030896e+01 3.985652e-02 1.019141e-03
2.030896e+01 4.303711e-02 9.673561e-04
2.030896e+01 4.647152e-02 9.100806e-04
2.030896e+01 5.017999e-02 8.407485e-04
2.030896e+01 5.418441e-02 7.771520e-04
2.030896e+01 5.850838e-02 7.401051e-04
2.030896e+01 6.317741e-02 7.001018e-04
2.030896e+01 6.821903e-02 6.569061e-04
2.030896e+01 7.366298e-02 6.097259e-04
2.030896e+01 7.954136e-02 5.532918e-04
2.030896e+01 8.588885e-02 4.923541e-04
2.030896e+01 9.274286e-02 4.265536e-04
2.030896e+01 1.001438e-01 3.555021e-04
2.030896e+01 1.081354e-01 3.146082e-04
2.030896e+01 1.167647e-01 2.875444e-04
2.030896e+01 1.260827e-01 2.583208e-04
2.030896e+01 1.361442e-01 2.267652e-04
2.030896e+01 1.470087e-01 1.960141e-04
2.030896e+01 1.587401e-01 1.769630e-04
2.030896e+01 1.714077e-01 1.563917e-04
2.030896e+01 1.850862e-01 1.341788e-04
2.030896e+01 1.998563e-01 1.101932e-04
2.030896e+01 2.158051e-01 9.772368e-05
2.030896e+01 2.330265e-01 8.694163e-05
2.030896e+01 2.516223e-01 7.529917e-05
2.030896e+01 2.717020e-01 6.272763e-05
2.030896e+01 2.933841e-01 5.296524e-05
2.030896e+01 3.167964e-01 4.726905e-05
2.030896e+01 3.420771e-01 4.111831e-05
2.030896e+01 3.693752e-01 3.447673e-05
2.030896e+01 3.988518e-01 2.762933e-05
2.030896e+01 4.306805e-01 2.478272e-05
2.030896e+01 4.650493e-01 2.170895e-05
2.030896e+01 5.021607e-01 1.838988e-05
2.030896e+01 5.422336e-01 1.480596e-05
2.030896e+01 5.855044e-01 1.262583e-05
2.030896e+01 6.322283e-01 1.105918e-05
2.030896e+01 6.826808e-01 9.367506e-06
2.030896e+01 7.371594e-01 7.540840e-06
2.030896e+01 7.959855e-01 5.962370e-06
2.030896e+01 8.595059e-01 5.184966e-06
2.030896e+01 9.280954e-01 4.345525e-06
2.030896e+01 1.002158e+00 3.439095e-06
2.030896e+01 1.082132e+00 2.460332e-06
2.030896e+01 1.168487e+00 2.074862e-06
2.030896e+01 1.261733e+00 1.715814e-06
2.030896e+01 1.362421e+00 1.328115e-06
2.030896e+01 1.471144e+00 9.094758e-07
2.030896e+01 1.588542e+00 6.454367e-07
2.030896e+01 1.715310e+00 5.249349e-07
2.030896e+01 1.852193e+00 3.948169e-07
2.030896e+01 2.000000e+00 2.543154e-07
2.073514e+01 1.000000e-03 4.724714e-04
2.073514e+01 1.079801e-03 5.070581e-04
2.073514e+01 1.165970e-03 5.438910e-04
2.073514e+01 1.259016e-03 5.830543e-04
2.073514e+01 1.359487e-03 6.246212e-04
2.073514e+01 1.467975e-03 6.686554e-04
2.073514e+01 1.585121e-03 7.152058e-04
2.073514e+01 1.711615e-03 7.643037e-04
2.073514e+01 1.848204e-03 8.159627e-04
2.073514e+01 1.995693e-03 8.701764e-04
2.073514e+01 2.154951e-03 9.269152e-04
2.073514e+01 2.326918e-03 9.861243e-04
2.073514e+01 2.512609e-03 1.047721e-03
2.073514e+01 2.713117e-03 1.111592e-03
2.073514e+01 2.929627e-03 1.177590e-03
2.073514e+01 3.163414e-03 1.245515e-03
2.073514e+01 3.415858e-03 1.315109e-03
2.073514e+01 3.688447e-03 1.386068e-03
2.073514e+01 3.982789e-03 1.458007e-03
2.073514e+01 4.300619e-03 1.530466e-03
2.073514e+01 4.643813e-03 1.602918e-03
2.073514e+01 5.014394e-03 1.674750e-03
2.073514e+01 5.414548e-03 1.745255e-03
2.073514e+01 5.846635e-03 1.813664e-03
2.073514e+01 6.313202e-03 1.879083e-03
2.073514e+01 6.817002e-03 1.940510e-03
2.073514e+01 7.361006e-03 1.996888e-03
2.073514e+01 7.948422e-03 2.047036e-03
2.073514e+01 8.582714e-03 2.089674e-03
2.073514e+01 9.267624e-03 2.123529e-03
2.073514e+01 1.000719e-02 2.147251e-03
2.073514e+01 1.080577e-02 2.159470e-03
2.073514e+01 1.166809e-02 2.158961e-03
2.073514e+01 1.259921e-02 2.144635e-03
2.073514e+01 1.360464e-02 2.115618e-03
2.073514e+01 1.469030e-02 2.071394e-03
2.073514e+01 1.586261e-02 2.012070e-03
2.073514e+01 1.712846e-02 1.938344e-03
2.073514e+01 1.849533e-02 1.851374e-03
2.073514e+01 1.997127e-02 1.753666e-03
2.073514e+01 2.156500e-02 1.648583e-03
2.073514e+01 2.328591e-02 1.539368e-03
2.073514e+01 2.514415e-02 1.430475e-03
2.073514e+01 2.715068e-02 1.326658e-03
2.073514e+01 2.931733e-02 1.231485e-03
2.073514e+01 3.165689e-02 1.147573e-03
2.073514e+01 3.418314e-02 1.076496e-03
2.073514e+01 3.691099e-02 1.017156e-03
2.073514e+01 3.985652e-02 9.659596e-04
2.073514e+01 4.303711e-02 9.168773e-04
2.073514e+01 4.647152e-02 8.625906e-04
2.073514e+01 5.017999e-02 7.968764e-04
2.073514e+01 5.418441e-02 7.366231e-04
2.073514e+01 5.850838e-02 7.015776e-04
2.073514e+01 6.317741e-02 6.637354e-04
2.073514e+01 6.821903e-02 6.228734e-04
2.073514e+01 7.366298e-02 5.782284e-04
2.073514e+01 7.954136e-02 5.246898e-04
2.073514e+01 8.588885e-02 4.668787e-04
2.073514e+01 9.274286e-02 4.044543e-04
2.073514e+01 1.001438e-01 3.370483e-04
2.073514e+01 1.081354e-01 2.982799e-04
2.073514e+01 1.167647e-01 2.726471e-04
2.073514e+01 1.260827e-01 2.449689e-04
2.073514e+01 1.361442e-01 2.150818e-04
2.073514e+01 1.470087e-01 1.859584e-04
2.073514e+01 1.587401e-01 1.679234e-04
2.073514e+01 1.714077e-01 1.484492e-04
2.073514e+01 1.850862e-01 1.274209e-04
2.073514e+01 1.998563e-01 1.047145e-04
2.073514e+01 2.158051e-01 9.291655e-05
2.073514e+01 2.330265e-01 8.271795e-05
2.073514e+01 2.516223e-01 7.170549e-05
2.073514e+01 2.717020e-01 5.981422e-05
2.073514e+01 2.933841e-01 5.057342e-05
2.073514e+01 3.167964e-01 4.516978e-05
2.073514e+01 3.420771e-01 3.933493e-05
2.073514e+01 3.693752e-01 3.303446e-05
2.073514e+01 3.988518e-01 2.653779e-05
2.073514e+01 4.306805e-01 2.382313e-05
2.073514e+01 4.650493e-01 2.089184e-05
2.073514e+01 5.021607e-01 1.772662e-05
2.073514e+01 5.422336e-01 1.430882e-05
2.073514e+01 5.855044e-01 1.222086e-05
2.073514e+01 6.322283e-01 1.071309e-05
2.073514e+01 6.826808e-01 9.085006e-06
2.073514e+01 7.371594e-01 7.326994e-06
2.073514e+01 7.959855e-01 5.806059e-06
2.073514e+01 8.595059e-01 5.051724e-06
2.073514e+01 9.280954e-01 4.237193e-06
2.073514e+01 1.002158e+00 3.357662e-06
2.073514e+01 1.082132e+00 2.407943e-06
2.073514e+01 1.168487e+00 2.031930e-06
2.073514e+01 1.261733e+00 1.681229e-06
2.073514e+01 1.362421e+00 1.302542e-06
2.073514e+01 1.471144e+00 8.936349e-07
2.073514e+01 1.588542e+00 6.353721e-07
2.073514e+01 1.715310e+00 5.169647e-07
2.073514e+01 1.852193e+00 3.891082e-07
2.073514e+01 2.000000e+00 2.510486e-07
2.116984e+01 1.000000e-03 4.466761e-04
2.116984e+01 1.079801e-03 4.793855e-04
2.116984e+01 1.165970e-03 5.142211e-04
2.116984e+01 1.259016e-03 5.512630e-04
2.116984e+01 1.359487e-03 5.905807e-04
2.116984e+01 1.467975e-03 6.322347e-04
2.116984e+01 1.585121e-03 6.762714e-04
2.116984e+01 1.711615e-03 7.227203e-04
2.116984e+01 1.848204e-03 7.715941e-04
2.116984e+01 1.995693e-03 8.228862e-04
2.116984e+01 2.154951e-03 8.765679e-04
2.116984e+01 2.326918e-03 9.325865e-04
2.116984e+01 2.512609e-03 9.908629e-04
2.116984e+01 2.713117e-03 1.051289e-03
2.116984e+01 2.929627e-03 1.113726e-03
2.116984e+01 3.163414e-03 1.177984e-03
2.116984e+01 3.415858e-03 1.243820e-03
2.116984e+01 3.688447e-03 1.310946e-03
2.116984e+01 3.982789e-03 1.379000e-03
2.116984e+01 4.300619e-03 1.447546e-03
2.116984e+01 4.643813e-03 1.516085e-03
2.116984e+01 5.014394e-03 1.584036e-03
2.116984e+01 5.414548e-03 1.650732e-03
2.116984e+01 5.846635e-03 1.715444e-03
2.116984e+01 6.313202e-03 1.777329e-03
2.116984e+01 6.817002e-03 1.835436e-03
2.116984e+01 7.361006e-03 1.888768e-03
2.116984e+01 7.948422e-03 1.936206e-03
2.116984e+01 8.582714e-03 1.976540e-03
2.116984e+01 9.267624e-03 2.008567e-03
2.116984e+01 1.000719e-02 2.031009e-03
2.116984e+01 1.080577e-02 2.042570e-03
2.116984e+01 1.166809e-02 2.042090e-03
2.116984e+01 1.259921e-02 2.028539e-03
2.116984e+01 1.360464e-02 2.001092e-03
2.116984e+01 1.469030e-02 1.959265e-03
2.116984e+01 1.586261e-02 1.903156e-03
2.116984e+01 1.712846e-02 1.833426e-03
2.116984e+01 1.849533e-02 1.751165e-03
2.116984e+01 1.997127e-02 1.658748e-03
2.116984e+01 2.156500e-02 1.559353e-03
2.116984e+01 2.328591e-02 1.456050e-03
2.116984e+01 2.514415e-02 1.353051e-03
2.116984e+01 2.715068e-02 1.254853e-03
2.116984e+01 2.931733e-02 1.164832e-03
2.116984e+01 3.165689e-02 1.085462e-03
2.116984e+01 3.418314e-02 1.018232e-03
2.116984e+01 3.691099e-02 9.621038e-04
2.116984e+01 3.985652e-02 9.136781e-04
2.116984e+01 4.303711e-02 8.672524e-04
2.116984e+01 4.647152e-02 8.159038e-04
2.116984e+01 5.017999e-02 7.537465e-04
2.116984e+01 5.418441e-02 6.967884e-04
2.116984e+01 5.850838e-02 6.637345e-04
2.116984e+01 6.317741e-02 6.280429e-04
2.116984e+01 6.821903e-02 5.895030e-04
2.116984e+01 7.366298e-02 5.473776e-04
2.116984e+01 7.954136e-02 4.966829e-04
2.116984e+01 8.588885e-02 4.419428e-04
2.116984e+01 9.274286e-02 3.828344e-04
2.116984e+01 1.001438e-01 3.190090e-04
2.116984e+01 1.081354e-01 2.823256e-04
2.116984e+01 1.167647e-01 2.580942e-04
2.116984e+01 1.260827e-01 2.319292e-04
2.116984e+01 1.361442e-01 2.036762e-04
2.116984e+01 1.470087e-01 1.761467e-04
2.116984e+01 1.587401e-01 1.591069e-04
2.116984e+01 1.714077e-01 1.407072e-04
2.116984e+01 1.850862e-01 1.208393e-04
2.116984e+01 1.998563e-01 9.938586e-05
2.116984e+01 2.158051e-01 8.824157e-05
2.116984e+01 2.330265e-01 7.860911e-05
2.116984e+01 2.516223e-01 6.820797e-05
2.116984e+01 2.717020e-01 5.697680e-05
2.116984e+01 2.933841e-01 4.824176e-05
2.116984e+01 3.167964e-01 4.312116e-05
2.116984e+01 3.420771e-01 3.759193e-05
2.116984e+01 3.693752e-01 3.162147e-05
2.116984e+01 3.988518e-01 2.546419e-05
2.116984e+01 4.306805e-01 2.287816e-05
2.116984e+01 4.650493e-01 2.008576e-05
2.116984e+01 5.021607e-01 1.707053e-05
2.116984e+01 5.422336e-01 1.381468e-05
2.116984e+01 5.855044e-01 1.181677e-05
2.116984e+01 6.322283e-01 1.036673e-05
2.116984e+01 6.826808e-01 8.800962e-06
2.116984e+01 7.371594e-01 7.110250e-06
2.116984e+01 7.959855e-01 5.646003e-06
2.116984e+01 8.595059e-01 4.915276e-06
2.116984e+01 9.280954e-01 4.126236e-06
2.116984e+01 1.002158e+00 3.274230e-06
2.116984e+01 1.082132e+00 2.354233e-06
2.116984e+01 1.168487e+00 1.987864e-06
2.116984e+01 1.261733e+00 1.645664e-06
2.116984e+01 1.362421e+00 1.276157e-06
2.116984e+01 1.471144e+00 8.771620e-07
2.116984e+01 1.588542e+00 6.247958e-07
2.116984e+01 1.715310e+00 5.085470e-07
2.116984e+01 1.852193e+00 3.830214e-07
2.116984e+01 2.000000e+00 2.474787e-07
2.161324e+01 1.000000e-03 4.214670e-04
2.161324e+01 1.079801e-03 4.523407e-04
2.161324e+01 1.165970e-03 4.852233e-04
2.161324e+01 1.259016e-03 5.201906e-04
2.161324e+01 1.359487e-03 5.573086e-04
2.161324e+01 1.467975e-03 5.966347e-04
2.161324e+01 1.585121e-03 6.382127e-04
2.161324e+01 1.711615e-03 6.820704e-04
2.161324e+01 1.848204e-03 7.282197e-04
2.161324e+01 1.995693e-03 7.766539e-04
2.161324e+01 2.154951e-03 8.273453e-04
2.161324e+01 2.326918e-03 8.802432e-04
2.161324e+01 2.512609e-03 9.352722e-04
2.161324e+01 2.713117e-03 9.923300e-04
2.161324e+01 2.929627e-03 1.051284e-03
2.161324e+01 3.163414e-03 1.111955e-03
2.161324e+01 3.415858e-03 1.174116e-03
2.161324e+01 3.688447e-03 1.237494e-03
2.161324e+01 3.982789e-03 1.301749e-03
2.161324e+01 4.300619e-03 1.366467e-03
2.161324e+01 4.643813e-03 1.431179e-03
2.161324e+01 5.014394e-03 1.495335e-03
2.161324e+01 5.414548e-03 1.558305e-03
2.161324e+01 5.846635e-03 1.619403e-03
2.161324e+01 6.313202e-03 1.677831e-03
2.161324e+01 6.817002e-03 1.732692e-03
2.161324e+01 7.361006e-03 1.783045e-03
2.161324e+01 7.948422e-03 1.827833e-03
2.161324e+01 8.582714e-03 1.865914e-03
2.161324e+01 9.267624e-03 1.896154e-03
2.161324e+01 1.000719e-02 1.917344e-03
2.161324e+01 1.080577e-02 1.928260e-03
2.161324e+01 1.166809e-02 1.927809e-03
2.161324e+01 1.259921e-02 1.915016e-03
2.161324e+01 1.360464e-02 1.889106e-03
2.161324e+01 1.469030e-02 1.849622e-03
2.161324e+01 1.586261e-02 1.796657e-03
2.161324e+01 1.712846e-02 1.730832e-03
2.161324e+01 1.849533e-02 1.653177e-03
2.161324e+01 1.997127e-02 1.565932e-03
2.161324e+01 2.156500e-02 1.472100e-03
2.161324e+01 2.328591e-02 1.374577e-03
2.161324e+01 2.514415e-02 1.277342e-03
2.161324e+01 2.715068e-02 1.184640e-03
2.161324e+01 2.931733e-02 1.099656e-03
2.161324e+01 3.165689e-02 1.024727e-03
2.161324e+01 3.418314e-02 9.612589e-04
2.161324e+01 3.691099e-02 9.082710e-04
2.161324e+01 3.985652e-02 8.625549e-04
2.161324e+01 4.303711e-02 8.187268e-04
2.161324e+01 4.647152e-02 7.702514e-04
2.161324e+01 5.017999e-02 7.115720e-04
2.161324e+01 5.418441e-02 6.578372e-04
2.161324e+01 5.850838e-02 6.267334e-04
2.161324e+01 6.317741e-02 5.931475e-04
2.161324e+01 6.821903e-02 5.568815e-04
2.161324e+01 7.366298e-02 5.172225e-04
2.161324e+01 7.954136e-02 4.693054e-04
2.161324e+01 8.588885e-02 4.175644e-04
2.161324e+01 9.274286e-02 3.616944e-04
2.161324e+01 1.001438e-01 3.013660e-04
2.161324e+01 1.081354e-01 2.667261e-04
2.161324e+01 1.167647e-01 2.438749e-04
2.161324e+01 1.260827e-01 2.192001e-04
2.161324e+01 1.361442e-01 1.925563e-04
2.161324e+01 1.470087e-01 1.665950e-04
2.161324e+01 1.587401e-01 1.505265e-04
2.161324e+01 1.714077e-01 1.331757e-04
2.161324e+01 1.850862e-01 1.144402e-04
2.161324e+01 1.998563e-01 9.420971e-05
2.161324e+01 2.158051e-01 8.370176e-05
2.161324e+01 2.330265e-01 7.461977e-05
2.161324e+01 2.516223e-01 6.481302e-05
2.161324e+01 2.717020e-01 5.422368e-05
2.161324e+01 2.933841e-01 4.597966e-05
2.161324e+01 3.167964e-01 4.113247e-05
2.161324e+01 3.420771e-01 3.589847e-05
2.161324e+01 3.693752e-01 3.024680e-05
2.161324e+01 3.988518e-01 2.441735e-05
2.161324e+01 4.306805e-01 2.195534e-05
2.161324e+01 4.650493e-01 1.929686e-05
2.161324e+01 5.021607e-01 1.642623e-05
2.161324e+01 5.422336e-01 1.332652e-05
2.161324e+01 5.855044e-01 1.141610e-05
2.161324e+01 6.322283e-01 1.002272e-05
2.161324e+01 6.826808e-01 8.518142e-06
2.161324e+01 7.371594e-01 6.893502e-06
2.161324e+01 7.959855e-01 5.484948e-06
2.161324e+01 8.595059e-01 4.777526e-06
2.161324e+01 9.280954e-01 4.013651e-06
2.161324e+01 1.002158e+00 3.188818e-06
2.161324e+01 1.082132e+00 2.298162e-06
2.161324e+01 1.168487e+00 1.941838e-06
2.161324e+01 1.261733e+00 1.608641e-06
2.161324e+01 1.362421e+00 1.248855e-06
2.161324e+01 1.471144e+00 8.603582e-07
2.161324e+01 1.588542e+00 6.141885e-07
2.161324e+01 1.715310e+00 5.001315e-07
2.161324e+01 1.852193e+00 3.769727e-07
2.161324e+01 2.000000e+00 2.439857e-07
2.206550e+01 1.000000e-03 3.970538e-04
2.206550e+01 1.079801e-03 4.261490e-04
2.206550e+01 1.165970e-03 4.571392e-04
2.206550e+01 1.259016e-03 4.900963e-04
2.206550e+01 1.359487e-03 5.250826e-04
2.206550e+01 1.467975e-03 5.621525e-04
2.206550e+01 1.585121e-03 6.013474e-04
2.206550e+01 1.711615e-03 6.426937e-04
2.206550e+01 1.848204e-03 6.862022e-04
2.206550e+01 1.995693e-03 7.318664e-04
2.206550e+01 2.154951e-03 7.796596e-04
2.206550e+01 2.326918e-03 8.295330e-04
2.206550e+01 2.512609e-03 8.814148e-04
2.206550e+01 2.713117e-03 9.352081e-04
2.206550e+01 2.929627e-03 9.907870e-04
2.206550e+01 3.163414e-03 1.047983e-03
2.206550e+01 3.415858e-03 1.106582e-03
2.206550e+01 3.688447e-03 1.166328e-03
2.206550e+01 3.982789e-03 1.226901e-03
2.206550e+01 4.300619e-03 1.287910e-03
2.206550e+01 4.643813e-03 1.348913e-03
2.206550e+01 5.014394e-03 1.409392e-03
2.206550e+01 5.414548e-03 1.468753e-03
2.206550e+01 5.846635e-03 1.526348e-03
2.206550e+01 6.313202e-03 1.581426e-03
2.206550e+01 6.817002e-03 1.633142e-03
2.206550e+01 7.361006e-03 1.680607e-03
2.206550e+01 7.948422e-03 1.722828e-03
2.206550e+01 8.582714e-03 1.758726e-03
2.206550e+01 9.267624e-03 1.787233e-03
2.206550e+01 1.000719e-02 1.807209e-03
2.206550e+01 1.080577e-02 1.817502e-03
2.206550e+01 1.166809e-02 1.817078e-03
2.206550e+01 1.259921e-02 1.805022e-03
2.206550e+01 1.360464e-02 1.780602e-03
2.206550e+01 1.469030e-02 1.743387e-03
2.206550e+01 1.586261e-02 1.693467e-03
2.206550e+01 1.712846e-02 1.631425e-03
2.206550e+01 1.849533e-02 1.558232e-03
2.206550e+01 1.997127e-02 1.475999e-03
2.206550e+01 2.156500e-02 1.387556e-03
2.206550e+01 2.328591e-02 1.295635e-03
2.206550e+01 2.514415e-02 1.203985e-03
2.206550e+01 2.715068e-02 1.116607e-03
2.206550e+01 2.931733e-02 1.036504e-03
2.206550e+01 3.165689e-02 9.658781e-04
2.206550e+01 3.418314e-02 9.060550e-04
2.206550e+01 3.691099e-02 8.561101e-04
2.206550e+01 3.985652e-02 8.130195e-04
2.206550e+01 4.303711e-02 7.717083e-04
2.206550e+01 4.647152e-02 7.260168e-04
2.206550e+01 5.017999e-02 6.707074e-04
2.206550e+01 5.418441e-02 6.200927e-04
2.206550e+01 5.850838e-02 5.908704e-04
2.206550e+01 6.317741e-02 5.593162e-04
2.206550e+01 6.821903e-02 5.252438e-04
2.206550e+01 7.366298e-02 4.879660e-04
2.206550e+01 7.954136e-02 4.427461e-04
2.206550e+01 8.588885e-02 3.939175e-04
2.206550e+01 9.274286e-02 3.411924e-04
2.206550e+01 1.001438e-01 2.842598e-04
2.206550e+01 1.081354e-01 2.515984e-04
2.206550e+01 1.167647e-01 2.300779e-04
2.206550e+01 1.260827e-01 2.068401e-04
2.206550e+01 1.361442e-01 1.817478e-04
2.206550e+01 1.470087e-01 1.573010e-04
2.206550e+01 1.587401e-01 1.421822e-04
2.206550e+01 1.714077e-01 1.258569e-04
2.206550e+01 1.850862e-01 1.082288e-04
2.206550e+01 1.998563e-01 8.919398e-05
2.206550e+01 2.158051e-01 7.930318e-05
2.206550e+01 2.330265e-01 7.075295e-05
2.206550e+01 2.516223e-01 6.152040e-05
2.206550e+01 2.717020e-01 5.155109e-05
2.206550e+01 2.933841e-01 4.378169e-05
2.206550e+01 3.167964e-01 3.919934e-05
2.206550e+01 3.420771e-01 3.425131e-05
2.206550e+01 3.693752e-01 2.890842e-05
2.206550e+01 3.988518e-01 2.339645e-05
2.206550e+01 4.306805e-01 2.105351e-05
2.206550e+01 4.650493e-01 1.852360e-05
2.206550e+01 5.021607e-01 1.579180e-05
2.206550e+01 5.422336e-01 1.284201e-05
2.206550e+01 5.855044e-01 1.101633e-05
2.206550e+01 6.322283e-01 9.678506e-06
2.206550e+01 6.826808e-01 8.233925e-06
2.206550e+01 7.371594e-01 6.674065e-06
2.206550e+01 7.959855e-01 5.320408e-06
2.206550e+01 8.595059e-01 4.636845e-06
2.206550e+01 9.280954e-01 3.898733e-06
2.206550e+01 1.002158e+00 3.101719e-06
2.206550e+01 1.082132e+00 2.241102e-06
2.206550e+01 1.168487e+00 1.895038e-06
2.206550e+01 1.261733e+00 1.571031e-06
2.206550e+01 1.362421e+00 1.221167e-06
2.206550e+01 1.471144e+00 8.433847e-07
2.206550e+01 1.588542e+00 6.035752e-07
2.206550e+01 1.715310e+00 4.918251e-07
2.206550e+01 1.852193e+00 3.711571e-07
2.206550e+01 2.000000e+00 2.408598e-07
2.252681e+01 1.000000e-03 3.732883e-04
2.252681e+01 1.079801e-03 4.006513e-04
2.252681e+01 1.165970e-03 4.297982e-04
2.252681e+01 1.259016e-03 4.607970e-04
2.252681e+01 1.359487e-03 4.937066e-04
2.252681e+01 1.467975e-03 5.285784e-04
2.252681e+01 1.585121e-03 5.654515e-04
2.252681e+01 1.711615e-03 6.043507e-04
2.252681e+01 1.848204e-03 6.452861e-04
2.252681e+01 1.995693e-03 6.882511e-04
2.252681e+01 2.154951e-03 7.332202e-04
2.252681e+01 2.326918e-03 7.801466e-04
2.252681e+01 2.512609e-03 8.289622e-04
2.252681e+01 2.713117e-03 8.795750e-04
2.252681e+01 2.929627e-03 9.318660e-04
2.252681e+01 3.163414e-03 9.856765e-04
2.252681e+01 3.415858e-03 1.040805e-03
2.252681e+01 3.688447e-03 1.097013e-03
2.252681e+01 3.982789e-03 1.153999e-03
2.252681e+01 4.300619e-03 1.211395e-03
2.252681e+01 4.643813e-03 1.268785e-03
2.252681e+01 5.014394e-03 1.325682e-03
2.252681e+01 5.414548e-03 1.381526e-03
2.252681e+01 5.846635e-03 1.435709e-03
2.252681e+01 6.313202e-03 1.487524e-03
2.252681e+01 6.817002e-03 1.536176e-03
2.252681e+01 7.361006e-03 1.580829e-03
2.252681e+01 7.948422e-03 1.620548e-03
2.252681e+01 8.582714e-03 1.654320e-03
2.252681e+01 9.267624e-03 1.681138e-03
2.252681e+01 1.000719e-02 1.699932e-03
2.252681e+01 1.080577e-02 1.709617e-03
2.252681e+01 1.166809e-02 1.709221e-03
2.252681e+01 1.259921e-02 1.697883e-03
2.252681e+01 1.360464e-02 1.674914e-03
2.252681e+01 1.469030e-02 1.639910e-03
2.252681e+01 1.586261e-02 1.592955e-03
2.252681e+01 1.712846e-02 1.534597e-03
2.252681e+01 1.849533e-02 1.465749e-03
2.252681e+01 1.997127e-02 1.388398e-03
2.252681e+01 2.156500e-02 1.305206e-03
2.252681e+01 2.328591e-02 1.218741e-03
2.252681e+01 2.514415e-02 1.132531e-03
2.252681e+01 2.715068e-02 1.050338e-03
2.252681e+01 2.931733e-02 9.749896e-04
2.252681e+01 3.165689e-02 9.085556e-04
2.252681e+01 3.418314e-02 8.522830e-04
2.252681e+01 3.691099e-02 8.053022e-04
2.252681e+01 3.985652e-02 7.647688e-04
2.252681e+01 4.303711e-02 7.259094e-04
2.252681e+01 4.647152e-02 6.829296e-04
2.252681e+01 5.017999e-02 6.309027e-04
2.252681e+01 5.418441e-02 5.833247e-04
2.252681e+01 5.850838e-02 5.559279e-04
2.252681e+01 6.317741e-02 5.263448e-04
2.252681e+01 6.821903e-02 4.944009e-04
2.252681e+01 7.366298e-02 4.594352e-04
2.252681e+01 7.954136e-02 4.168533e-04
2.252681e+01 8.588885e-02 3.708733e-04
2.252681e+01 9.274286e-02 3.212240e-04
2.252681e+01 1.001438e-01 2.676126e-04
2.252681e+01 1.081354e-01 2.368872e-04
2.252681e+01 1.167647e-01 2.166700e-04
2.252681e+01 1.260827e-01 1.948394e-04
2.252681e+01 1.361442e-01 1.712667e-04
2.252681e+01 1.470087e-01 1.482999e-04
2.252681e+01 1.587401e-01 1.340947e-04
2.252681e+01 1.714077e-01 1.187559e-04
2.252681e+01 1.850862e-01 1.021930e-04
2.252681e+01 1.998563e-01 8.430843e-05
2.252681e+01 2.158051e-01 7.501479e-05
2.252681e+01 2.330265e-01 6.698056e-05
2.252681e+01 2.516223e-01 5.830520e-05
2.252681e+01 2.717020e-01 4.893754e-05
2.252681e+01 2.933841e-01 4.162948e-05
2.252681e+01 3.167964e-01 3.730592e-05
2.252681e+01 3.420771e-01 3.263734e-05
2.252681e+01 3.693752e-01 2.759620e-05
2.252681e+01 3.988518e-01 2.239440e-05
2.252681e+01 4.306805e-01 2.016682e-05
2.252681e+01 4.650493e-01 1.776148e-05
2.252681e+01 5.021607e-01 1.516419e-05
2.252681e+01 5.422336e-01 1.235963e-05
2.252681e+01 5.855044e-01 1.061665e-05
2.252681e+01 6.322283e-01 9.333574e-06
2.252681e+01 6.826808e-01 7.948107e-06
2.252681e+01 7.371594e-01 6.452079e-06
2.252681e+01 7.959855e-01 5.152709e-06
2.252681e+01 8.595059e-01 4.493319e-06
2.252681e+01 9.280954e-01 3.781310e-06
2.252681e+01 1.002158e+00 3.012481e-06
2.252681e+01 1.082132e+00 2.182298e-06
2.252681e+01 1.168487e+00 1.847017e-06
2.252681e+01 1.261733e+00 1.532773e-06
2.252681e+01 1.362421e+00 1.193452e-06
2.252681e+01 1.471144e+00 8.270530e-07
2.252681e+01 1.588542e+00 5.938681e-07
2.252681e+01 1.715310e+00 4.843089e-07
2.252681e+01 1.852193e+00 3.660069e-07
2.252681e+01 2.000000e+00 2.382642e-07
2.299735e+01 1.000000e-03 3.501889e-04
2.299735e+01 1.079801e-03 3.758674e-04
2.299735e+01 1.165970e-03 4.032218e-04
2.299735e+01 1.259016e-03 4.323159e-04
2.299735e+01 1.359487e-03 4.632055e-04
2.299735e+01 1.467975e-03 4.959390e-04
2.299735e+01 1.585121e-03 5.305534e-04
2.299735e+01 1.711615e-03 5.670717e-04
2.299735e+01 1.848204e-03 6.055037e-04
2.299735e+01 1.995693e-03 6.458427e-04
2.299735e+01 2.154951e-03 6.880641e-04
2.299735e+01 2.326918e-03 7.321235e-04
2.299735e+01 2.512609e-03 7.779561e-04
2.299735e+01 2.713117e-03 8.254750e-04
2.299735e+01 2.929627e-03 8.745677e-04
2.299735e+01 3.163414e-03 9.250851e-04
2.299735e+01 3.415858e-03 9.768389e-04
2.299735e+01 3.688447e-03 1.029605e-03
2.299735e+01 3.982789e-03 1.083102e-03
2.299735e+01 4.300619e-03 1.136983e-03
2.299735e+01 4.643813e-03 1.190859e-03
2.299735e+01 5.014394e-03 1.244271e-03
2.299735e+01 5.414548e-03 1.296695e-03
2.299735e+01 5.846635e-03 1.347559e-03
2.299735e+01 6.313202e-03 1.396200e-03
2.299735e+01 6.817002e-03 1.441871e-03
2.299735e+01 7.361006e-03 1.483789e-03
2.299735e+01 7.948422e-03 1.521075e-03
2.299735e+01 8.582714e-03 1.552778e-03
2.299735e+01 9.267624e-03 1.577955e-03
2.299735e+01 1.000719e-02 1.595599e-03
2.299735e+01 1.080577e-02 1.604692e-03
2.299735e+01 1.166809e-02 1.604323e-03
2.299735e+01 1.259921e-02 1.593683e-03
2.299735e+01 1.360464e-02 1.572126e-03
2.299735e+01 1.469030e-02 1.539272e-03
2.299735e+01 1.586261e-02 1.495200e-03
2.299735e+01 1.712846e-02 1.440425e-03
2.299735e+01 1.849533e-02 1.375803e-03
2.299735e+01 1.997127e-02 1.303200e-03
2.299735e+01 2.156500e-02 1.225113e-03
2.299735e+01 2.328591e-02 1.143955e-03
2.299735e+01 2.514415e-02 1.063036e-03
2.299735e+01 2.715068e-02 9.858874e-04
2.299735e+01 2.931733e-02 9.151624e-04
2.299735e+01 3.165689e-02 8.528051e-04
2.299735e+01 3.418314e-02 7.999855e-04
2.299735e+01 3.691099e-02 7.558876e-04
2.299735e+01 3.985652e-02 7.178414e-04
2.299735e+01 4.303711e-02 6.813664e-04
2.299735e+01 4.647152e-02 6.410239e-04
2.299735e+01 5.017999e-02 5.921895e-04
2.299735e+01 5.418441e-02 5.475689e-04
2.299735e+01 5.850838e-02 5.219584e-04
2.299735e+01 6.317741e-02 4.943042e-04
2.299735e+01 6.821903e-02 4.644431e-04
2.299735e+01 7.366298e-02 4.317375e-04
2.299735e+01 7.954136e-02 3.917076e-04
2.299735e+01 8.588885e-02 3.484833e-04
2.299735e+01 9.274286e-02 3.018096e-04
2.299735e+01 1.001438e-01 2.514113e-04
2.299735e+01 1.081354e-01 2.225659e-04
2.299735e+01 1.167647e-01 2.036202e-04
2.299735e+01 1.260827e-01 1.831627e-04
2.299735e+01 1.361442e-01 1.610726e-04
2.299735e+01 1.470087e-01 1.395494e-04
2.299735e+01 1.587401e-01 1.262323e-04
2.299735e+01 1.714077e-01 1.118524e-04
2.299735e+01 1.850862e-01 9.632509e-05
2.299735e+01 1.998563e-01 7.955864e-05
2.299735e+01 2.158051e-01 7.084526e-05
2.299735e+01 2.330265e-01 6.331235e-05
2.299735e+01 2.516223e-01 5.517830e-05
2.299735e+01 2.717020e-01 4.639515e-05
2.299735e+01 2.933841e-01 3.953410e-05
2.299735e+01 3.167964e-01 3.545920e-05
2.299735e+01 3.420771e-01 3.105912e-05
2.299735e+01 3.693752e-01 2.630790e-05
2.299735e+01 3.988518e-01 2.140420e-05
2.299735e+01 4.306805e-01 1.928848e-05
2.299735e+01 4.650493e-01 1.700393e-05
2.299735e+01 5.021607e-01 1.453706e-05
2.299735e+01 5.422336e-01 1.187334e-05
2.299735e+01 5.855044e-01 1.021174e-05
2.299735e+01 6.322283e-01 8.983590e-06
2.299735e+01 6.826808e-01 7.657434e-06
2.299735e+01 7.371594e-01 6.225450e-06
2.299735e+01 7.959855e-01 4.980654e-06
2.299735e+01 8.595059e-01 4.345882e-06
2.299735e+01 9.280954e-01 3.660454e-06
2.299735e+01 1.002158e+00 2.920329e-06
2.299735e+01 1.082132e+00 2.121140e-06
2.299735e+01 1.168487e+00 1.797088e-06
2.299735e+01 1.261733e+00 1.493076e-06
2.299735e+01 1.362421e+00 1.164803e-06
2.299735e+01 1.471144e+00 8.103330e-07
2.299735e+01 1.588542e+00 5.840849e-07
2.299735e+01 1.715310e+00 4.768116e-07
2.299735e+01 1.852193e+00 3.609777e-07
2.299735e+01 2.000000e+00 2.359002e-07
2.347730e+01 1.000000e-03 3.278300e-04
2.347730e+01 1.079801e-03 3.518772e-04
2.347730e+01 1.165970e-03 3.774953e-04
2.347730e+01 1.259016e-03 4.047447e-04
2.347730e+01 1.359487e-03 4.336776e-04
2.347730e+01 1.467975e-03 4.643396e-04
2.347730e+01 1.585121e-03 4.967657e-04
2.347730e+01 1.711615e-03 5.309774e-04
2.347730e+01 1.848204e-03 5.669838e-04
2.347730e+01 1.995693e-03 6.047784e-04
2.347730e+01 2.154951e-03 6.443376e-04
2.347730e+01 2.326918e-03 6.856193e-04
2.347730e+01 2.512609e-03 7.285620e-04
2.347730e+01 2.713117e-03 7.730836e-04
2.347730e+01 2.929627e-03 8.190781e-04
2.347730e+01 3.163414e-03 8.664055e-04
2.347730e+01 3.415858e-03 9.148901e-04
2.347730e+01 3.688447e-03 9.643227e-04
2.347730e+01 3.982789e-03 1.014439e-03
2.347730e+01 4.300619e-03 1.064916e-03
2.347730e+01 4.643813e-03 1.115387e-03
2.347730e+01 5.014394e-03 1.165424e-03
2.347730e+01 5.414548e-03 1.214535e-03
2.347730e+01 5.846635e-03 1.262184e-03
2.347730e+01 6.313202e-03 1.307750e-03
2.347730e+01 6.817002e-03 1.350535e-03
2.347730e+01 7.361006e-03 1.389803e-03
2.347730e+01 7.948422e-03 1.424732e-03
2.347730e+01 8.582714e-03 1.454432e-03
2.347730e+01 9.267624e-03 1.478017e-03
2.347730e+01 1.000719e-02 1.494547e-03
2.347730e+01 1.080577e-02 1.503068e-03
2.347730e+01 1.166809e-02 1.502725e-03
2.347730e+01 1.259921e-02 1.492762e-03
2.347730e+01 1.360464e-02 1.472572e-03
2.347730e+01 1.469030e-02 1.441801e-03
2.347730e+01 1.586261e-02 1.400520e-03
2.347730e+01 1.712846e-02 1.349214e-03
2.347730e+01 1.849533e-02 1.288686e-03
2.347730e+01 1.997127e-02 1.220681e-03
2.347730e+01 2.156500e-02 1.147540e-03
2.347730e+01 2.328591e-02 1.071521e-03
2.347730e+01 2.514415e-02 9.957262e-04
2.347730e+01 2.715068e-02 9.234633e-04
2.347730e+01 2.931733e-02 8.572166e-04
2.347730e+01 3.165689e-02 7.988078e-04
2.347730e+01 3.418314e-02 7.493327e-04
2.347730e+01 3.691099e-02 7.080269e-04
2.347730e+01 3.985652e-02 6.723897e-04
2.347730e+01 4.303711e-02 6.382242e-04
2.347730e+01 4.647152e-02 6.004361e-04
2.347730e+01 5.017999e-02 5.546938e-04
2.347730e+01 5.418441e-02 5.129272e-04
2.347730e+01 5.850838e-02 4.890184e-04
2.347730e+01 6.317741e-02 4.632017e-04
2.347730e+01 6.821903e-02 4.353247e-04
2.347730e+01 7.366298e-02 4.047767e-04
2.347730e+01 7.954136e-02 3.672318e-04
2.347730e+01 8.588885e-02 3.266907e-04
2.347730e+01 9.274286e-02 2.829145e-04
2.347730e+01 1.001438e-01 2.356448e-04
2.347730e+01 1.081354e-01 2.086294e-04
2.347730e+01 1.167647e-01 1.909212e-04
2.347730e+01 1.260827e-01 1.717998e-04
2.347730e+01 1.361442e-01 1.511525e-04
2.347730e+01 1.470087e-01 1.310344e-04
2.347730e+01 1.587401e-01 1.185844e-04
2.347730e+01 1.714077e-01 1.051408e-04
2.347730e+01 1.850862e-01 9.062437e-05
2.347730e+01 1.998563e-01 7.494953e-05
2.347730e+01 2.158051e-01 6.679723e-05
2.347730e+01 2.330265e-01 5.974679e-05
2.347730e+01 2.516223e-01 5.213373e-05
2.347730e+01 2.717020e-01 4.391313e-05
2.347730e+01 2.933841e-01 3.748283e-05
2.347730e+01 3.167964e-01 3.364846e-05
2.347730e+01 3.420771e-01 2.950812e-05
2.347730e+01 3.693752e-01 2.503736e-05
2.347730e+01 3.988518e-01 2.042209e-05
2.347730e+01 4.306805e-01 1.841569e-05
2.347730e+01 4.650493e-01 1.624918e-05
2.347730e+01 5.021607e-01 1.390979e-05
2.347730e+01 5.422336e-01 1.138370e-05
2.347730e+01 5.855044e-01 9.802356e-06
2.347730e+01 6.322283e-01 8.629014e-06
2.347730e+01 6.826808e-01 7.362039e-06
2.347730e+01 7.371594e-01 5.993958e-06
2.347730e+01 7.959855e-01 4.803889e-06
2.347730e+01 8.595059e-01 4.194623e-06
2.347730e+01 9.280954e-01 3.536736e-06
2.347730e+01 1.002158e+00 2.826350e-06
2.347730e+01 1.082132e+00 2.059274e-06
2.347730e+01 1.168487e+00 1.746639e-06
2.347730e+01 1.261733e+00 1.452974e-06
2.347730e+01 1.362421e+00 1.135874e-06
2.347730e+01 1.471144e+00 7.934685e-07
2.347730e+01 1.588542e+00 5.742579e-07
2.347730e+01 1.715310e+00 4.693395e-07
2.347730e+01 1.852193e+00 3.560484e-07
2.347730e+01 2.000000e+00 2.337166e-07
2.396684e+01 1.000000e-03 3.061888e-04
2.396684e+01 1.079801e-03 3.286563e-04
2.396684e+01 1.165970e-03 3.525930e-04
2.396684e+01 1.259016e-03 3.780556e-04
2.396684e+01 1.359487e-03 4.050931e-04
2.396684e+01 1.467975e-03 4.337486e-04
2.396684e+01 1.585121e-03 4.640547e-04
2.396684e+01 1.711615e-03 4.960317e-04
2.396684e+01 1.848204e-03 5.296879e-04
2.396684e+01 1.995693e-03 5.650172e-04
2.396684e+01 2.154951e-03 6.019971e-04
2.396684e+01 2.326918e-03 6.405875e-04
2.396684e+01 2.512609e-03 6.807304e-04
2.396684e+01 2.713117e-03 7.223484e-04
2.396684e+01 2.929627e-03 7.653416e-04
2.396684e+01 3.163414e-03 8.095790e-04
2.396684e+01 3.415858e-03 8.548968e-04
2.396684e+01 3.688447e-03 9.011001e-04
2.396684e+01 3.982789e-03 9.479420e-04
2.396684e+01 4.300619e-03 9.951208e-04
2.396684e+01 4.643813e-03 1.042294e-03
2.396684e+01 5.014394e-03 1.089062e-03
2.396684e+01 5.414548e-03 1.134964e-03
2.396684e+01 5.846635e-03 1.179499e-03
2.396684e+01 6.313202e-03 1.222087e-03
2.396684e+01 6.817002e-03 1.262074e-03
2.396684e+01 7.361006e-03 1.298776e-03
2.396684e+01 7.948422e-03 1.331422e-03
2.396684e+01 8.582714e-03 1.359181e-03
2.396684e+01 9.267624e-03 1.381226e-03
2.396684e+01 1.000719e-02 1.396677e-03
2.396684e+01 1.080577e-02 1.404642e-03
2.396684e+01 1.166809e-02 1.404325e-03
2.396684e+01 1.259921e-02 1.395017e-03
2.396684e+01 1.360464e-02 1.376152e-03
2.396684e+01 1.469030e-02 1.347396e-03
2.396684e+01 1.586261e-02 1.308820e-03
2.396684e+01 1.712846e-02 1.260874e-03
2.396684e+01 1.849533e-02 1.204310e-03
2.396684e+01 1.997127e-02 1.140759e-03
2.396684e+01 2.156500e-02 1.072408e-03
2.396684e+01 2.328591e-02 1.001367e-03
2.396684e+01 2.514415e-02 9.305348e-04
2.396684e+01 2.715068e-02 8.630034e-04
2.396684e+01 2.931733e-02 8.010942e-04
2.396684e+01 3.165689e-02 7.465096e-04
2.396684e+01 3.418314e-02 7.002737e-04
2.396684e+01 3.691099e-02 6.616722e-04
2.396684e+01 3.985652e-02 6.283681e-04
2.396684e+01 4.303711e-02 5.964395e-04
2.396684e+01 4.647152e-02 5.611254e-04
2.396684e+01 5.017999e-02 5.183780e-04
2.396684e+01 5.418441e-02 4.793671e-04
2.396684e+01 5.850838e-02 4.570825e-04
2.396684e+01 6.317741e-02 4.330197e-04
2.396684e+01 6.821903e-02 4.070365e-04
2.396684e+01 7.366298e-02 3.785534e-04
2.396684e+01 7.954136e-02 3.434412e-04
2.396684e+01 8.588885e-02 3.055270e-04
2.396684e+01 9.274286e-02 2.645872e-04
2.396684e+01 1.001438e-01 2.203804e-04
2.396684e+01 1.081354e-01 1.951406e-04
2.396684e+01 1.167647e-01 1.786191e-04
2.396684e+01 1.260827e-01 1.607791e-04
2.396684e+01 1.361442e-01 1.415154e-04
2.396684e+01 1.470087e-01 1.227478e-04
2.396684e+01 1.587401e-01 1.111438e-04
2.396684e+01 1.714077e-01 9.861388e-05
2.396684e+01 1.850862e-01 8.508403e-05
2.396684e+01 1.998563e-01 7.047448e-05
2.396684e+01 2.158051e-01 6.286422e-05
2.396684e+01 2.330265e-01 5.627760e-05
2.396684e+01 2.516223e-01 4.916535e-05
2.396684e+01 2.717020e-01 4.148555e-05
2.396684e+01 2.933841e-01 3.546991e-05
2.396684e+01 3.167964e-01 3.186817e-05
2.396684e+01 3.420771e-01 2.797901e-05
2.396684e+01 3.693752e-01 2.377948e-05
2.396684e+01 3.988518e-01 1.944329e-05
2.396684e+01 4.306805e-01 1.754470e-05
2.396684e+01 4.650493e-01 1.549460e-05
2.396684e+01 5.021607e-01 1.328090e-05
2.396684e+01 5.422336e-01 1.089055e-05
2.396684e+01 5.855044e-01 9.388882e-06
2.396684e+01 6.322283e-01 8.270413e-06
2.396684e+01 6.826808e-01 7.062688e-06
2.396684e+01 7.371594e-01 5.758586e-06
2.396684e+01 7.959855e-01 4.623397e-06
2.396684e+01 8.595059e-01 4.039962e-06
2.396684e+01 9.280954e-01 3.409970e-06
2.396684e+01 1.002158e+00 2.729703e-06
2.396684e+01 1.082132e+00 1.995150e-06
2.396684e+01 1.168487e+00 1.694461e-06
2.396684e+01 1.261733e+00 1.411723e-06
2.396684e+01 1.362421e+00 1.106421e-06
2.396684e+01 1.471144e+00 7.767555e-07
2.396684e+01 1.588542e+00 5.648628e-07
2.396684e+01 1.715310e+00 4.622087e-07
2.396684e+01 1.852193e+00 3.513626e-07
2.396684e+01 2.000000e+00 2.316709e-07
2.446618e+01 1.000000e-03 2.851722e-04
2.446618e+01 1.079801e-03 3.061048e-04
2.446618e+01 1.165970e-03 3.284076e-04
2.446618e+01 1.259016e-03 3.521338e-04
2.446618e+01 1.359487e-03 3.773292e-04
2.446618e+01 1.467975e-03 4.040342e-04
2.446618e+01 1.585121e-03 4.322795e-04
2.446618e+01 1.711615e-03 4.620840e-04
2.446618e+01 1.848204e-03 4.934554e-04
2.446618e+01 1.995693e-03 5.263880e-04
2.446618e+01 2.154951e-03 5.608602e-04
2.446618e+01 2.326918e-03 5.968341e-04
2.446618e+01 2.512609e-03 6.342551e-04
2.446618e+01 2.713117e-03 6.730505e-04
2.446618e+01 2.929627e-03 7.131263e-04
2.446618e+01 3.163414e-03 7.543603e-04
2.446618e+01 3.415858e-03 7.965999e-04
2.446618e+01 3.688447e-03 8.396643e-04
2.446618e+01 3.982789e-03 8.833235e-04
2.446618e+01 4.300619e-03 9.272966e-04
2.446618e+01 4.643813e-03 9.712649e-04
2.446618e+01 5.014394e-03 1.014855e-03
2.446618e+01 5.414548e-03 1.057637e-03
2.446618e+01 5.846635e-03 1.099146e-03
2.446618e+01 6.313202e-03 1.138839e-03
2.446618e+01 6.817002e-03 1.176108e-03
2.446618e+01 7.361006e-03 1.210315e-03
2.446618e+01 7.948422e-03 1.240743e-03
2.446618e+01 8.582714e-03 1.266616e-03
2.446618e+01 9.267624e-03 1.287163e-03
2.446618e+01 1.000719e-02 1.301564e-03
2.446618e+01 1.080577e-02 1.308990e-03
2.446618e+01 1.166809e-02 1.308697e-03
2.446618e+01 1.259921e-02 1.300025e-03
2.446618e+01 1.360464e-02 1.282447e-03
2.446618e+01 1.469030e-02 1.255651e-03
2.446618e+01 1.586261e-02 1.219703e-03
2.446618e+01 1.712846e-02 1.175022e-03
2.446618e+01 1.849533e-02 1.122311e-03
2.446618e+01 1.997127e-02 1.063088e-03
2.446618e+01 2.156500e-02 9.993913e-04
2.446618e+01 2.328591e-02 9.331883e-04
2.446618e+01 2.514415e-02 8.671794e-04
2.446618e+01 2.715068e-02 8.042462e-04
2.446618e+01 2.931733e-02 7.465523e-04
2.446618e+01 3.165689e-02 6.956843e-04
2.446618e+01 3.418314e-02 6.525963e-04
2.446618e+01 3.691099e-02 6.166230e-04
2.446618e+01 3.985652e-02 5.855864e-04
2.446618e+01 4.303711e-02 5.558315e-04
2.446618e+01 4.647152e-02 5.229218e-04
2.446618e+01 5.017999e-02 4.830848e-04
2.446618e+01 5.418441e-02 4.467557e-04
2.446618e+01 5.850838e-02 4.260598e-04
2.446618e+01 6.317741e-02 4.037124e-04
2.446618e+01 6.821903e-02 3.795816e-04
2.446618e+01 7.366298e-02 3.531163e-04
2.446618e+01 7.954136e-02 3.203639e-04
2.446618e+01 8.588885e-02 2.849978e-04
2.446618e+01 9.274286e-02 2.468095e-04
2.446618e+01 1.001438e-01 2.055737e-04
2.446618e+01 1.081354e-01 1.820566e-04
2.446618e+01 1.167647e-01 1.666865e-04
2.446618e+01 1.260827e-01 1.500899e-04
2.446618e+01 1.361442e-01 1.321689e-04
2.446618e+01 1.470087e-01 1.147105e-04
2.446618e+01 1.587401e-01 1.039220e-04
2.446618e+01 1.714077e-01 9.227250e-05
2.446618e+01 1.850862e-01 7.969339e-05
2.446618e+01 1.998563e-01 6.611046e-05
2.446618e+01 2.158051e-01 5.902533e-05
2.446618e+01 2.330265e-01 5.288920e-05
2.446618e+01 2.516223e-01 4.626340e-05
2.446618e+01 2.717020e-01 3.910886e-05
2.446618e+01 2.933841e-01 3.349547e-05
2.446618e+01 3.167964e-01 3.011845e-05
2.446618e+01 3.420771e-01 2.647194e-05
2.446618e+01 3.693752e-01 2.253444e-05
2.446618e+01 3.988518e-01 1.846793e-05
2.446618e+01 4.306805e-01 1.667469e-05
2.446618e+01 4.650493e-01 1.473834e-05
2.446618e+01 5.021607e-01 1.264747e-05
2.446618e+01 5.422336e-01 1.038975e-05
2.446618e+01 5.855044e-01 8.967086e-06
2.446618e+01 6.322283e-01 7.903995e-06
2.446618e+01 6.826808e-01 6.756069e-06
2.446618e+01 7.371594e-01 5.516536e-06
2.446618e+01 7.959855e-01 4.436946e-06
2.446618e+01 8.595059e-01 3.880316e-06
2.446618e+01 9.280954e-01 3.279265e-06
2.446618e+01 1.002158e+00 2.630251e-06
2.446618e+01 1.082132e+00 1.929444e-06
2.446618e+01 1.168487e+00 1.641002e-06
2.446618e+01 1.261733e+00 1.369425e-06
2.446618e+01 1.362421e+00 1.076177e-06
2.446618e+01 1.471144e+00 7.595272e-07
2.446618e+01 1.588542e+00 5.551798e-07
2.446618e+01 1.715310e+00 4.549745e-07
2.446618e+01 1.852193e+00 3.467727e-07
2.446618e+01 2.000000e+00 2.299363e-07
2.497550e+01 1.000000e-03 2.647524e-04
2.497550e+01 1.079801e-03 2.841928e-04
2.497550e+01 1.165970e-03 3.049072e-04
2.497550e+01 1.259016e-03 3.269450e-04
2.497550e+01 1.359487e-03 3.503491e-04
2.497550e+01 1.467975e-03 3.751574e-04
2.497550e+01 1.585121e-03 4.013983e-04
2.497550e+01 1.711615e-03 4.290897e-04
2.497550e+01 1.848204e-03 4.582387e-04
2.497550e+01 1.995693e-03 4.888398e-04
2.497550e+01 2.154951e-03 5.208726e-04
2.497550e+01 2.326918e-03 5.543014e-04
2.497550e+01 2.512609e-03 5.890748e-04
2.497550e+01 2.713117e-03 6.251247e-04
2.497550e+01 2.929627e-03 6.623631e-04
2.497550e+01 3.163414e-03 7.006761e-04
2.497550e+01 3.415858e-03 7.399224e-04
2.497550e+01 3.688447e-03 7.799341e-04
2.497550e+01 3.982789e-03 8.204980e-04
2.497550e+01 4.300619e-03 8.613534e-04
2.497550e+01 4.643813e-03 9.022044e-04
2.497550e+01 5.014394e-03 9.427038e-04
2.497550e+01 5.414548e-03 9.824533e-04
2.497550e+01 5.846635e-03 1.021018e-03
2.497550e+01 6.313202e-03 1.057896e-03
2.497550e+01 6.817002e-03 1.092523e-03
2.497550e+01 7.361006e-03 1.124303e-03
2.497550e+01 7.948422e-03 1.152573e-03
2.497550e+01 8.582714e-03 1.176611e-03
2.497550e+01 9.267624e-03 1.195702e-03
2.497550e+01 1.000719e-02 1.209083e-03
2.497550e+01 1.080577e-02 1.215984e-03
2.497550e+01 1.166809e-02 1.215715e-03
2.497550e+01 1.259921e-02 1.207661e-03
2.497550e+01 1.360464e-02 1.191334e-03
2.497550e+01 1.469030e-02 1.166443e-03
2.497550e+01 1.586261e-02 1.133050e-03
2.497550e+01 1.712846e-02 1.091545e-03
2.497550e+01 1.849533e-02 1.042579e-03
2.497550e+01 1.997127e-02 9.875646e-04
2.497550e+01 2.156500e-02 9.283943e-04
2.497550e+01 2.328591e-02 8.668952e-04
2.497550e+01 2.514415e-02 8.055760e-04
2.497550e+01 2.715068e-02 7.471138e-04
2.497550e+01 2.931733e-02 6.935187e-04
2.497550e+01 3.165689e-02 6.462643e-04
2.497550e+01 3.418314e-02 6.062374e-04
2.497550e+01 3.691099e-02 5.728195e-04
2.497550e+01 3.985652e-02 5.439876e-04
2.497550e+01 4.303711e-02 5.163465e-04
2.497550e+01 4.647152e-02 4.857746e-04
2.497550e+01 5.017999e-02 4.487676e-04
2.497550e+01 5.418441e-02 4.150478e-04
2.497550e+01 5.850838e-02 3.959017e-04
2.497550e+01 6.317741e-02 3.752277e-04
2.497550e+01 6.821903e-02 3.529039e-04
2.497550e+01 7.366298e-02 3.284058e-04
2.497550e+01 7.954136e-02 2.979421e-04
2.497550e+01 8.588885e-02 2.650473e-04
2.497550e+01 9.274286e-02 2.295276e-04
2.497550e+01 1.001438e-01 1.911733e-04
2.497550e+01 1.081354e-01 1.693275e-04
2.497550e+01 1.167647e-01 1.550750e-04
2.497550e+01 1.260827e-01 1.396850e-04
2.497550e+01 1.361442e-01 1.230670e-04
2.497550e+01 1.470087e-01 1.068802e-04
2.497550e+01 1.587401e-01 9.688836e-05
2.497550e+01 1.714077e-01 8.609912e-05
2.497550e+01 1.850862e-01 7.444888e-05
2.497550e+01 1.998563e-01 6.186894e-05
2.497550e+01 2.158051e-01 5.529033e-05
2.497550e+01 2.330265e-01 4.958600e-05
2.497550e+01 2.516223e-01 4.342646e-05
2.497550e+01 2.717020e-01 3.677538e-05
2.497550e+01 2.933841e-01 3.154856e-05
2.497550e+01 3.167964e-01 2.838936e-05
2.497550e+01 3.420771e-01 2.497805e-05
2.497550e+01 3.693752e-01 2.129451e-05
2.497550e+01 3.988518e-01 1.748953e-05
2.497550e+01 4.306805e-01 1.580062e-05
2.497550e+01 4.650493e-01 1.397694e-05
2.497550e+01 5.021607e-01 1.200772e-05
2.497550e+01 5.422336e-01 9.881362e-06
2.497550e+01 5.855044e-01 8.537701e-06
2.497550e+01 6.322283e-01 7.530632e-06
2.497550e+01 6.826808e-01 6.443199e-06
2.497550e+01 7.371594e-01 5.268987e-06
2.497550e+01 7.959855e-01 4.245695e-06
2.497550e+01 8.595059e-01 3.716359e-06
2.497550e+01 9.280954e-01 3.144781e-06
2.497550e+01 1.002158e+00 2.527591e-06
2.497550e+01 1.082132e+00 1.861148e-06
2.497550e+01 1.168487e+00 1.585414e-06
2.497550e+01 1.261733e+00 1.325482e-06
2.497550e+01 1.362421e+00 1.044807e-06
2.497550e+01 1.471144e+00 7.417345e-07
2.497550e+01 1.588542e+00 5.452341e-07
2.497550e+01 1.715310e+00 4.475369e-07
2.497550e+01 1.852193e+00 3.420433e-07
2.497550e+01 2.000000e+00 2.281312e-07
2.549501e+01 1.000000e-03 2.449977e-04
2.549501e+01 1.079801e-03 2.629938e-04
2.549501e+01 1.165970e-03 2.821704e-04
2.549501e+01 1.259016e-03 3.025736e-04
2.549501e+01 1.359487e-03 3.242434e-04
2.549501e+01 1.467975e-03 3.472150e-04
2.549501e+01 1.585121e-03 3.715150e-04
2.549501e+01 1.711615e-03 3.971599e-04
2.549501e+01 1.848204e-03 4.241564e-04
2.549501e+01 1.995693e-03 4.524992e-04
2.549501e+01 2.154951e-03 4.821692e-04
2.549501e+01 2.326918e-03 5.131329e-04
2.549501e+01 2.512609e-03 5.453421e-04
2.549501e+01 2.713117e-03 5.787331e-04
2.549501e+01 2.929627e-03 6.132237e-04
2.549501e+01 3.163414e-03 6.487082e-04
2.549501e+01 3.415858e-03 6.850558e-04
2.549501e+01 3.688447e-03 7.221115e-04
2.549501e+01 3.982789e-03 7.596781e-04
2.549501e+01 4.300619e-03 7.975144e-04
2.549501e+01 4.643813e-03 8.353469e-04
2.549501e+01 5.014394e-03 8.728538e-04
2.549501e+01 5.414548e-03 9.096661e-04
2.549501e+01 5.846635e-03 9.453811e-04
2.549501e+01 6.313202e-03 9.795332e-04
2.549501e+01 6.817002e-03 1.011600e-03
2.549501e+01 7.361006e-03 1.041031e-03
2.549501e+01 7.948422e-03 1.067212e-03
2.549501e+01 8.582714e-03 1.089474e-03
2.549501e+01 9.267624e-03 1.107154e-03
2.549501e+01 1.000719e-02 1.119547e-03
2.549501e+01 1.080577e-02 1.125940e-03
2.549501e+01 1.166809e-02 1.125692e-03
2.549501e+01 1.259921e-02 1.118238e-03
2.549501e+01 1.360464e-02 1.103121e-03
2.549501e+01 1.469030e-02 1.080075e-03
2.549501e+01 1.586261e-02 1.049155e-03
2.549501e+01 1.712846e-02 1.010725e-03
2.549501e+01 1.849533e-02 9.653855e-04
2.549501e+01 1.997127e-02 9.144454e-04
2.549501e+01 2.156500e-02 8.596569e-04
2.549501e+01 2.328591e-02 8.027119e-04
2.549501e+01 2.514415e-02 7.459331e-04
2.549501e+01 2.715068e-02 6.917997e-04
2.549501e+01 2.931733e-02 6.421729e-04
2.549501e+01 3.165689e-02 5.984172e-04
2.549501e+01 3.418314e-02 5.613538e-04
2.549501e+01 3.691099e-02 5.304101e-04
2.549501e+01 3.985652e-02 5.037128e-04
2.549501e+01 4.303711e-02 4.781181e-04
2.549501e+01 4.647152e-02 4.498096e-04
2.549501e+01 5.017999e-02 4.155426e-04
2.549501e+01 5.418441e-02 3.843350e-04
2.549501e+01 5.850838e-02 3.666499e-04
2.549501e+01 6.317741e-02 3.475535e-04
2.549501e+01 6.821903e-02 3.269333e-04
2.549501e+01 7.366298e-02 3.042992e-04
2.549501e+01 7.954136e-02 2.760982e-04
2.549501e+01 8.588885e-02 2.456468e-04
2.549501e+01 9.274286e-02 2.127653e-04
2.549501e+01 1.001438e-01 1.772599e-04
2.549501e+01 1.081354e-01 1.570395e-04
2.549501e+01 1.167647e-01 1.438499e-04
2.549501e+01 1.260827e-01 1.296077e-04
2.549501e+01 1.361442e-01 1.142289e-04
2.549501e+01 1.470087e-01 9.925426e-05
2.549501e+01 1.587401e-01 9.003352e-05
2.549501e+01 1.714077e-01 8.007696e-05
2.549501e+01 1.850862e-01 6.932586e-05
2.549501e+01 1.998563e-01 5.771681e-05
2.549501e+01 2.158051e-01 5.162829e-05
2.549501e+01 2.330265e-01 4.634164e-05
2.549501e+01 2.516223e-01 4.063311e-05
2.549501e+01 2.717020e-01 3.446903e-05
2.549501e+01 2.933841e-01 2.961699e-05
2.549501e+01 3.167964e-01 2.667043e-05
2.549501e+01 3.420771e-01 2.348873e-05
2.549501e+01 3.693752e-01 2.005313e-05
2.549501e+01 3.988518e-01 1.650361e-05
2.549501e+01 4.306805e-01 1.491863e-05
2.549501e+01 4.650493e-01 1.320716e-05
2.549501e+01 5.021607e-01 1.135912e-05
2.549501e+01 5.422336e-01 9.363599e-06
2.549501e+01 5.855044e-01 8.099369e-06
2.549501e+01 6.322283e-01 7.149248e-06
2.549501e+01 6.826808e-01 6.123307e-06
2.549501e+01 7.371594e-01 5.015495e-06
2.549501e+01 7.959855e-01 4.049483e-06
2.549501e+01 8.595059e-01 3.548070e-06
2.549501e+01 9.280954e-01 3.006643e-06
2.549501e+01 1.002158e+00 2.422011e-06
2.549501e+01 1.082132e+00 1.790724e-06
2.549501e+01 1.168487e+00 1.527995e-06
2.549501e+01 1.261733e+00 1.279982e-06
2.549501e+01 1.362421e+00 1.012176e-06
2.549501e+01 1.471144e+00 7.229999e-07
2.549501e+01 1.588542e+00 5.346144e-07
2.549501e+01 1.715310e+00 4.396467e-07
2.549501e+01 1.852193e+00 3.371004e-07
2.549501e+01 2.000000e+00 2.263709e-07
2.602491e+01 1.000000e-03 2.257939e-04
2.602491e+01 1.079801e-03 2.423852e-04
2.602491e+01 1.165970e-03 2.600660e-04
2.602491e+01 1.259016e-03 2.788791e-04
2.602491e+01 1.359487e-03 2.988615e-04
2.602491e+01 1.467975e-03 3.200458e-04
2.602491e+01 1.585121e-03 3.424570e-04
2.602491e+01 1.711615e-03 3.661101e-04
2.602491e+01 1.848204e-03 3.910116e-04
2.602491e+01 1.995693e-03 4.171564e-04
2.602491e+01 2.154951e-03 4.445265e-04
2.602491e+01 2.326918e-03 4.730907e-04
2.602491e+01 2.512609e-03 5.028040e-04
2.602491e+01 2.713117e-03 5.336071e-04
2.602491e+01 2.929627e-03 5.654234e-04
2.602491e+01 3.163414e-03 5.981553e-04
2.602491e+01 3.415858e-03 6.316822e-04
2.602491e+01 3.688447e-03 6.658613e-04
2.602491e+01 3.982789e-03 7.005112e-04
2.602491e+01 4.300619e-03 7.354096e-04
2.602491e+01 4.643813e-03 7.703045e-04
2.602491e+01 5.014394e-03 8.048994e-04
2.602491e+01 5.414548e-03 8.388537e-04
2.602491e+01 5.846635e-03 8.717952e-04
2.602491e+01 6.313202e-03 9.032947e-04
2.602491e+01 6.817002e-03 9.328704e-04
2.602491e+01 7.361006e-03 9.600159e-04
2.602491e+01 7.948422e-03 9.841633e-04
2.602491e+01 8.582714e-03 1.004697e-03
2.602491e+01 9.267624e-03 1.021005e-03
2.602491e+01 1.000719e-02 1.032437e-03
2.602491e+01 1.080577e-02 1.038334e-03
2.602491e+01 1.166809e-02 1.038108e-03
2.602491e+01 1.259921e-02 1.031236e-03
2.602491e+01 1.360464e-02 1.017297e-03
2.602491e+01 1.469030e-02 9.960453e-04
2.602491e+01 1.586261e-02 9.675325e-04
2.602491e+01 1.712846e-02 9.320928e-04
2.602491e+01 1.849533e-02 8.902818e-04
2.602491e+01 1.997127e-02 8.433057e-04
2.602491e+01 2.156500e-02 7.927804e-04
2.602491e+01 2.328591e-02 7.402660e-04
2.602491e+01 2.514415e-02 6.879048e-04
2.602491e+01 2.715068e-02 6.379829e-04
2.602491e+01 2.931733e-02 5.922169e-04
2.602491e+01 3.165689e-02 5.518652e-04
2.602491e+01 3.418314e-02 5.176851e-04
2.602491e+01 3.691099e-02 4.891486e-04
2.602491e+01 3.985652e-02 4.645281e-04
2.602491e+01 4.303711e-02 4.409244e-04
2.602491e+01 4.647152e-02 4.148182e-04
2.602491e+01 5.017999e-02 3.832169e-04
2.602491e+01 5.418441e-02 3.544549e-04
2.602491e+01 5.850838e-02 3.381954e-04
2.602491e+01 6.317741e-02 3.206384e-04
2.602491e+01 6.821903e-02 3.016804e-04
2.602491e+01 7.366298e-02 2.808635e-04
2.602491e+01 7.954136e-02 2.548530e-04
2.602491e+01 8.588885e-02 2.267667e-04
2.602491e+01 9.274286e-02 1.964392e-04
2.602491e+01 1.001438e-01 1.636916e-04
2.602491e+01 1.081354e-01 1.450506e-04
2.602491e+01 1.167647e-01 1.328993e-04
2.602491e+01 1.260827e-01 1.197782e-04
2.602491e+01 1.361442e-01 1.056101e-04
2.602491e+01 1.470087e-01 9.181792e-05
2.602491e+01 1.587401e-01 8.334284e-05
2.602491e+01 1.714077e-01 7.419145e-05
2.602491e+01 1.850862e-01 6.430977e-05
2.602491e+01 1.998563e-01 5.363952e-05
2.602491e+01 2.158051e-01 4.802599e-05
2.602491e+01 2.330265e-01 4.314463e-05
2.602491e+01 2.516223e-01 3.787374e-05
2.602491e+01 2.717020e-01 3.218222e-05
2.602491e+01 2.933841e-01 2.769478e-05
2.602491e+01 3.167964e-01 2.495678e-05
2.602491e+01 3.420771e-01 2.200029e-05
2.602491e+01 3.693752e-01 1.880786e-05
2.602491e+01 3.988518e-01 1.550904e-05
2.602491e+01 4.306805e-01 1.402799e-05
2.602491e+01 4.650493e-01 1.242874e-05
2.602491e+01 5.021607e-01 1.070188e-05
2.602491e+01 5.422336e-01 8.837207e-06
2.602491e+01 5.855044e-01 7.652797e-06
2.602491e+01 6.322283e-01 6.760218e-06
2.602491e+01 6.826808e-01 5.796411e-06
2.602491e+01 7.371594e-01 4.755691e-06
2.602491e+01 7.959855e-01 3.847634e-06
2.602491e+01 8.595059e-01 3.374701e-06
2.602491e+01 9.280954e-01 2.864027e-06
2.602491e+01 1.002158e+00 2.312601e-06
2.602491e+01 1.082132e+00 1.717170e-06
2.602491e+01 1.168487e+00 1.467957e-06
2.602491e+01 1.261733e+00 1.232392e-06
2.602491e+01 1.362421e+00 9.780274e-07
2.602491e+01 1.471144e+00 7.033648e-07
2.602491e+01 1.588542e+00 5.234835e-07
2.602491e+01 1.715310e+00 4.314228e-07
2.602491e+01 1.852193e+00 3.320157e-07
2.602491e+01 2.000000e+00 2.246757e-07
2.656541e+01 1.000000e-03 2.071387e-04
2.656541e+01 1.079801e-03 2.223645e-04
2.656541e+01 1.165970e-03 2.385913e-04
2.656541e+01 1.259016e-03 2.558584e-04
2.656541e+01 1.359487e-03 2.742001e-04
2.656541e+01 1.467975e-03 2.936466e-04
2.656541e+01 1.585121e-03 3.142208e-04
2.656541e+01 1.711615e-03 3.359368e-04
2.656541e+01 1.848204e-03 3.588005e-04
2.656541e+01 1.995693e-03 3.828072e-04
2.656541e+01 2.154951e-03 4.079401e-04
2.656541e+01 2.326918e-03 4.341701e-04
2.656541e+01 2.512609e-03 4.614555e-04
2.656541e+01 2.713117e-03 4.897414e-04
2.656541e+01 2.929627e-03 5.189568e-04
2.656541e+01 3.163414e-03 5.490116e-04
2.656541e+01 3.415858e-03 5.797953e-04
2.656541e+01 3.688447e-03 6.111770e-04
2.656541e+01 3.982789e-03 6.429903e-04
2.656541e+01 4.300619e-03 6.750315e-04
2.656541e+01 4.643813e-03 7.070698e-04
2.656541e+01 5.014394e-03 7.388328e-04
2.656541e+01 5.414548e-03 7.700075e-04
2.656541e+01 5.846635e-03 8.002519e-04
2.656541e+01 6.313202e-03 8.291720e-04
2.656541e+01 6.817002e-03 8.563255e-04
2.656541e+01 7.361006e-03 8.812480e-04
2.656541e+01 7.948422e-03 9.034183e-04
2.656541e+01 8.582714e-03 9.222711e-04
2.656541e+01 9.267624e-03 9.372444e-04
2.656541e+01 1.000719e-02 9.477412e-04
2.656541e+01 1.080577e-02 9.531574e-04
2.656541e+01 1.166809e-02 9.529520e-04
2.656541e+01 1.259921e-02 9.466448e-04
2.656541e+01 1.360464e-02 9.338508e-04
2.656541e+01 1.469030e-02 9.143440e-04
2.656541e+01 1.586261e-02 8.881713e-04
2.656541e+01 1.712846e-02 8.556396e-04
2.656541e+01 1.849533e-02 8.172592e-04
2.656541e+01 1.997127e-02 7.741370e-04
2.656541e+01 2.156500e-02 7.277566e-04
2.656541e+01 2.328591e-02 6.795500e-04
2.656541e+01 2.514415e-02 6.314839e-04
2.656541e+01 2.715068e-02 5.856569e-04
2.656541e+01 2.931733e-02 5.436447e-04
2.656541e+01 3.165689e-02 5.066028e-04
2.656541e+01 3.418314e-02 4.752260e-04
2.656541e+01 3.691099e-02 4.490300e-04
2.656541e+01 3.985652e-02 4.264288e-04
2.656541e+01 4.303711e-02 4.047610e-04
2.656541e+01 4.647152e-02 3.807960e-04
2.656541e+01 5.017999e-02 3.517866e-04
2.656541e+01 5.418441e-02 3.254016e-04
2.656541e+01 5.850838e-02 3.105258e-04
2.656541e+01 6.317741e-02 2.944630e-04
2.656541e+01 6.821903e-02 2.771182e-04
2.656541e+01 7.366298e-02 2.580653e-04
2.656541e+01 7.954136e-02 2.341820e-04
2.656541e+01 8.588885e-02 2.083929e-04
2.656541e+01 9.274286e-02 1.805458e-04
2.656541e+01 1.001438e-01 1.504764e-04
2.656541e+01 1.081354e-01 1.333689e-04
2.656541e+01 1.167647e-01 1.222251e-04
2.656541e+01 1.260827e-01 1.101921e-04
2.656541e+01 1.361442e-01 9.719884e-05
2.656541e+01 1.470087e-01 8.455429e-05
2.656541e+01 1.587401e-01 7.680308e-05
2.656541e+01 1.714077e-01 6.843332e-05
2.656541e+01 1.850862e-01 5.939563e-05
2.656541e+01 1.998563e-01 4.963674e-05
2.656541e+01 2.158051e-01 4.448350e-05
2.656541e+01 2.330265e-01 3.999454e-05
2.656541e+01 2.516223e-01 3.514735e-05
2.656541e+01 2.717020e-01 2.991335e-05
2.656541e+01 2.933841e-01 2.578014e-05
2.656541e+01 3.167964e-01 2.324696e-05
2.656541e+01 3.420771e-01 2.051162e-05
2.656541e+01 3.693752e-01 1.755801e-05
2.656541e+01 3.988518e-01 1.450545e-05
2.656541e+01 4.306805e-01 1.312766e-05
2.656541e+01 4.650493e-01 1.163991e-05
2.656541e+01 5.021607e-01 1.003344e-05
2.656541e+01 5.422336e-01 8.298776e-06
2.656541e+01 5.855044e-01 7.194404e-06
2.656541e+01 6.322283e-01 6.360133e-06
2.656541e+01 6.826808e-01 5.459287e-06
2.656541e+01 7.371594e-01 4.486552e-06
2.656541e+01 7.959855e-01 3.637454e-06
2.656541e+01 8.595059e-01 3.194182e-06
2.656541e+01 9.280954e-01 2.715537e-06
2.656541e+01 1.002158e+00 2.198696e-06
2.656541e+01 1.082132e+00 1.640610e-06
2.656541e+01 1.168487e+00 1.405301e-06
2.656541e+01 1.261733e+00 1.182498e-06
2.656541e+01 1.362421e+00 9.419151e-07
2.656541e+01 1.471144e+00 6.821335e-07
2.656541e+01 1.588542e+00 5.111099e-07
2.656541e+01 1.715310e+00 4.223005e-07
2.656541e+01 1.852193e+00 3.264040e-07
2.656541e+01 2.000000e+00 2.228548e-07
2.711672e+01 1.000000e-03 1.889878e-04
2.711672e+01 1.079801e-03 2.028843e-04
2.711672e+01 1.165970e-03 2.176953e-04
2.711672e+01 1.259016e-03 2.334571e-04
2.711672e+01 1.359487e-03 2.502010e-04
2.711672e+01 1.467975e-03 2.679548e-04
2.711672e+01 1.585121e-03 2.867397e-04
2.711672e+01 1.711615e-03 3.065687e-04
2.711672e+01 1.848204e-03 3.274470e-04
2.711672e+01 1.995693e-03 3.493704e-04
2.711672e+01 2.154951e-03 3.723234e-04
2.711672e+01 2.326918e-03 3.962790e-04
2.711672e+01 2.512609e-03 4.211989e-04
2.711672e+01 2.713117e-03 4.470323e-04
2.711672e+01 2.929627e-03 4.737137e-04
2.711672e+01 3.163414e-03 5.011606e-04
2.711672e+01 3.415858e-03 5.292721e-04
2.711672e+01 3.688447e-03 5.579288e-04
2.711672e+01 3.982789e-03 5.869789e-04
2.711672e+01 4.300619e-03 6.162369e-04
2.711672e+01 4.643813e-03 6.454924e-04
2.711672e+01 5.014394e-03 6.744968e-04
2.711672e+01 5.414548e-03 7.029640e-04
2.711672e+01 5.846635e-03 7.305813e-04
2.711672e+01 6.313202e-03 7.569888e-04
2.711672e+01 6.817002e-03 7.817830e-04
2.711672e+01 7.361006e-03 8.045402e-04
2.711672e+01 7.948422e-03 8.247846e-04
2.711672e+01 8.582714e-03 8.420001e-04
2.711672e+01 9.267624e-03 8.556732e-04
2.711672e+01 1.000719e-02 8.652592e-04
2.711672e+01 1.080577e-02 8.702063e-04
2.711672e+01 1.166809e-02 8.700207e-04
2.711672e+01 1.259921e-02 8.642641e-04
2.711672e+01 1.360464e-02 8.525851e-04
2.711672e+01 1.469030e-02 8.347772e-04
2.711672e+01 1.586261e-02 8.108833e-04
2.711672e+01 1.712846e-02 7.811836e-04
2.711672e+01 1.849533e-02 7.461439e-04
2.711672e+01 1.997127e-02 7.067748e-04
2.711672e+01 2.156500e-02 6.644309e-04
2.711672e+01 2.328591e-02 6.204196e-04
2.711672e+01 2.514415e-02 5.765363e-04
2.711672e+01 2.715068e-02 5.346972e-04
2.711672e+01 2.931733e-02 4.963409e-04
2.711672e+01 3.165689e-02 4.625222e-04
2.711672e+01 3.418314e-02 4.338757e-04
2.711672e+01 3.691099e-02 4.099590e-04
2.711672e+01 3.985652e-02 3.893244e-04
2.711672e+01 4.303711e-02 3.695419e-04
2.711672e+01 4.647152e-02 3.476621e-04
2.711672e+01 5.017999e-02 3.211770e-04
2.711672e+01 5.418441e-02 2.971061e-04
2.711672e+01 5.850838e-02 2.835756e-04
2.711672e+01 6.317741e-02 2.689653e-04
2.711672e+01 6.821903e-02 2.531891e-04
2.711672e+01 7.366298e-02 2.358515e-04
2.711672e+01 7.954136e-02 2.140427e-04
2.711672e+01 8.588885e-02 1.904936e-04
2.711672e+01 9.274286e-02 1.650652e-04
2.711672e+01 1.001438e-01 1.376076e-04
2.711672e+01 1.081354e-01 1.219933e-04
2.711672e+01 1.167647e-01 1.118288e-04
2.711672e+01 1.260827e-01 1.008531e-04
2.711672e+01 1.361442e-01 8.900157e-05
2.711672e+01 1.470087e-01 7.747143e-05
2.711672e+01 1.587401e-01 7.041905e-05
2.711672e+01 1.714077e-01 6.280389e-05
2.711672e+01 1.850862e-01 5.458103e-05
2.711672e+01 1.998563e-01 4.570197e-05
2.711672e+01 2.158051e-01 4.099597e-05
2.711672e+01 2.330265e-01 3.688950e-05
2.711672e+01 2.516223e-01 3.245532e-05
2.711672e+01 2.717020e-01 2.766730e-05
2.711672e+01 2.933841e-01 2.387930e-05
2.711672e+01 3.167964e-01 2.154559e-05
2.711672e+01 3.420771e-01 1.902565e-05
2.711672e+01 3.693752e-01 1.630462e-05
2.711672e+01 3.988518e-01 1.349209e-05
2.711672e+01 4.306805e-01 1.221754e-05
2.711672e+01 4.650493e-01 1.084127e-05
2.711672e+01 5.021607e-01 9.355179e-06
2.711672e+01 5.422336e-01 7.750494e-06
2.711672e+01 5.855044e-01 6.726590e-06
2.711672e+01 6.322283e-01 5.951301e-06
2.711672e+01 6.826808e-01 5.114143e-06
2.711672e+01 7.371594e-01 4.210179e-06
2.711672e+01 7.959855e-01 3.420737e-06
2.711672e+01 8.595059e-01 3.007519e-06
2.711672e+01 9.280954e-01 2.561325e-06
2.711672e+01 1.002158e+00 2.079524e-06
2.711672e+01 1.082132e+00 1.559275e-06
2.711672e+01 1.168487e+00 1.338496e-06
2.711672e+01 1.261733e+00 1.129141e-06
2.711672e+01 1.362421e+00 9.030788e-07
2.711672e+01 1.471144e+00 6.589766e-07
2.711672e+01 1.588542e+00 4.973322e-07
2.711672e+01 1.715310e+00 4.120387e-07
2.711672e+01 1.852193e+00 3.199387e-07
2.711672e+01 2.000000e+00 2.204890e-07
2.767905e+01 1.000000e-03 1.713644e-04
2.767905e+01 1.079801e-03 1.839694e-04
2.767905e+01 1.165970e-03 1.974050e-04
2.767905e+01 1.259016e-03 2.117039e-04
2.767905e+01 1.359487e-03 2.268950e-04
2.767905e+01 1.467975e-03 2.430037e-04
2.767905e+01 1.585121e-03 2.600493e-04
2.767905e+01 1.711615e-03 2.780436e-04
2.767905e+01 1.848204e-03 2.969917e-04
2.767905e+01 1.995693e-03 3.168895e-04
2.767905e+01 2.154951e-03 3.377228e-04
2.767905e+01 2.326918e-03 3.594669e-04
2.767905e+01 2.512609e-03 3.820865e-04
2.767905e+01 2.713117e-03 4.055352e-04
2.767905e+01 2.929627e-03 4.297528e-04
2.767905e+01 3.163414e-03 4.546643e-04
2.767905e+01 3.415858e-03 4.801781e-04
2.767905e+01 3.688447e-03 5.061857e-04
2.767905e+01 3.982789e-03 5.325497e-04
2.767905e+01 4.300619e-03 5.591022e-04
2.767905e+01 4.643813e-03 5.856525e-04
2.767905e+01 5.014394e-03 6.119753e-04
2.767905e+01 5.414548e-03 6.378104e-04
2.767905e+01 5.846635e-03 6.628738e-04
2.767905e+01 6.313202e-03 6.868388e-04
2.767905e+01 6.817002e-03 7.093397e-04
2.767905e+01 7.361006e-03 7.299921e-04
2.767905e+01 7.948422e-03 7.483644e-04
2.767905e+01 8.582714e-03 7.639882e-04
2.767905e+01 9.267624e-03 7.763975e-04
2.767905e+01 1.000719e-02 7.850978e-04
2.767905e+01 1.080577e-02 7.895887e-04
2.767905e+01 1.166809e-02 7.894223e-04
2.767905e+01 1.259921e-02 7.842005e-04
2.767905e+01 1.360464e-02 7.736049e-04
2.767905e+01 1.469030e-02 7.574480e-04
2.767905e+01 1.586261e-02 7.357687e-04
2.767905e+01 1.712846e-02 7.088212e-04
2.767905e+01 1.849533e-02 6.770281e-04
2.767905e+01 1.997127e-02 6.413066e-04
2.767905e+01 2.156500e-02 6.028856e-04
2.767905e+01 2.328591e-02 5.629515e-04
2.767905e+01 2.514415e-02 5.231335e-04
2.767905e+01 2.715068e-02 4.851701e-04
2.767905e+01 2.931733e-02 4.503668e-04
2.767905e+01 3.165689e-02 4.196807e-04
2.767905e+01 3.418314e-02 3.936877e-04
2.767905e+01 3.691099e-02 3.719863e-04
2.767905e+01 3.985652e-02 3.532630e-04
2.767905e+01 4.303711e-02 3.353129e-04
2.767905e+01 4.647152e-02 3.154597e-04
2.767905e+01 5.017999e-02 2.914278e-04
2.767905e+01 5.418441e-02 2.696039e-04
2.767905e+01 5.850838e-02 2.573747e-04
2.767905e+01 6.317741e-02 2.441696e-04
2.767905e+01 6.821903e-02 2.299108e-04
2.767905e+01 7.366298e-02 2.142343e-04
2.767905e+01 7.954136e-02 1.944497e-04
2.767905e+01 8.588885e-02 1.730864e-04
2.767905e+01 9.274286e-02 1.500182e-04
2.767905e+01 1.001438e-01 1.251092e-04
2.767905e+01 1.081354e-01 1.109404e-04
2.767905e+01 1.167647e-01 1.017135e-04
2.767905e+01 1.260827e-01 9.175035e-05
2.767905e+01 1.361442e-01 8.099209e-05
2.767905e+01 1.470087e-01 7.053078e-05
2.767905e+01 1.587401e-01 6.415668e-05
2.767905e+01 1.714077e-01 5.727393e-05
2.767905e+01 1.850862e-01 4.984193e-05
2.767905e+01 1.998563e-01 4.181684e-05
2.767905e+01 2.158051e-01 3.754510e-05
2.767905e+01 2.330265e-01 3.381010e-05
2.767905e+01 2.516223e-01 2.977704e-05
2.767905e+01 2.717020e-01 2.542214e-05
2.767905e+01 2.933841e-01 2.197117e-05
2.767905e+01 3.167964e-01 1.983532e-05
2.767905e+01 3.420771e-01 1.752904e-05
2.767905e+01 3.693752e-01 1.503871e-05
2.767905e+01 3.988518e-01 1.246434e-05
2.767905e+01 4.306805e-01 1.129340e-05
2.767905e+01 4.650493e-01 1.002902e-05
2.767905e+01 5.021607e-01 8.663734e-06
2.767905e+01 5.422336e-01 7.189501e-06
2.767905e+01 5.855044e-01 6.246612e-06
2.767905e+01 6.322283e-01 5.530914e-06
2.767905e+01 6.826808e-01 4.758103e-06
2.767905e+01 7.371594e-01 3.923620e-06
2.767905e+01 7.959855e-01 3.194677e-06
2.767905e+01 8.595059e-01 2.812601e-06
2.767905e+01 9.280954e-01 2.400035e-06
2.767905e+01 1.002158e+00 1.954545e-06
2.767905e+01 1.082132e+00 1.473505e-06
2.767905e+01 1.168487e+00 1.267713e-06
2.767905e+01 1.261733e+00 1.072210e-06
2.767905e+01 1.362421e+00 8.611060e-07
2.767905e+01 1.471144e+00 6.331558e-07
2.767905e+01 1.588542e+00 4.813782e-07
2.767905e+01 1.715310e+00 4.001075e-07
2.767905e+01 1.852193e+00 3.123513e-07
2.767905e+01 2.000000e+00 2.175920e-07
2.825263e+01 1.000000e-03 1.542004e-04
2.825263e+01 1.079801e-03 1.655469e-04
2.825263e+01 1.165970e-03 1.776418e-04
2.825263e+01 1.259016e-03 1.905148e-04
2.825263e+01 1.359487e-03 2.041922e-04
2.825263e+01 1.467975e-03 2.186969e-04
2.825263e+01 1.585121e-03 2.340464e-04
2.825263e+01 1.711615e-03 2.502516e-04
2.825263e+01 1.848204e-03 2.673170e-04
2.825263e+01 1.995693e-03 2.852390e-04
2.825263e+01 2.154951e-03 3.040046e-04
2.825263e+01 2.326918e-03 3.235913e-04
2.825263e+01 2.512609e-03 3.439671e-04
2.825263e+01 2.713117e-03 3.650896e-04
2.825263e+01 2.929627e-03 3.869042e-04
2.825263e+01 3.163414e-03 4.093429e-04
2.825263e+01 3.415858e-03 4.323231e-04
2.825263e+01 3.688447e-03 4.557474e-04
2.825263e+01 3.982789e-03 4.794919e-04
2.825263e+01 4.300619e-03 5.034058e-04
2.825263e+01 4.643813e-03 5.273181e-04
2.825263e+01 5.014394e-03 5.510256e-04
2.825263e+01 5.414548e-03 5.742939e-04
2.825263e+01 5.846635e-03 5.968669e-04
2.825263e+01 6.313202e-03 6.184501e-04
2.825263e+01 6.817002e-03 6.387146e-04
2.825263e+01 7.361006e-03 6.573145e-04
2.825263e+01 7.948422e-03 6.738611e-04
2.825263e+01 8.582714e-03 6.879327e-04
2.825263e+01 9.267624e-03 6.991094e-04
2.825263e+01 1.000719e-02 7.069460e-04
2.825263e+01 1.080577e-02 7.109919e-04
2.825263e+01 1.166809e-02 7.108438e-04
2.825263e+01 1.259921e-02 7.061434e-04
2.825263e+01 1.360464e-02 6.966038e-04
2.825263e+01 1.469030e-02 6.820562e-04
2.825263e+01 1.586261e-02 6.625357e-04
2.825263e+01 1.712846e-02 6.382712e-04
2.825263e+01 1.849533e-02 6.096434e-04
2.825263e+01 1.997127e-02 5.774780e-04
2.825263e+01 2.156500e-02 5.428816e-04
2.825263e+01 2.328591e-02 5.069226e-04
2.825263e+01 2.514415e-02 4.710680e-04
2.825263e+01 2.715068e-02 4.368833e-04
2.825263e+01 2.931733e-02 4.055440e-04
2.825263e+01 3.165689e-02 3.779121e-04
2.825263e+01 3.418314e-02 3.545060e-04
2.825263e+01 3.691099e-02 3.349645e-04
2.825263e+01 3.985652e-02 3.181046e-04
2.825263e+01 4.303711e-02 3.019410e-04
2.825263e+01 4.647152e-02 2.840637e-04
2.825263e+01 5.017999e-02 2.624236e-04
2.825263e+01 5.418441e-02 2.427886e-04
2.825263e+01 5.850838e-02 2.318234e-04
2.825263e+01 6.317741e-02 2.199833e-04
2.825263e+01 6.821903e-02 2.071982e-04
2.825263e+01 7.366298e-02 1.931354e-04
2.825263e+01 7.954136e-02 1.753210e-04
2.825263e+01 8.588885e-02 1.560849e-04
2.825263e+01 9.274286e-02 1.353138e-04
2.825263e+01 1.001438e-01 1.128852e-04
2.825263e+01 1.081354e-01 1.001311e-04
2.825263e+01 1.167647e-01 9.182890e-05
2.825263e+01 1.260827e-01 8.286419e-05
2.825263e+01 1.361442e-01 7.318410e-05
2.825263e+01 1.470087e-01 6.377294e-05
2.825263e+01 1.587401e-01 5.804704e-05
2.825263e+01 1.714077e-01 5.186420e-05
2.825263e+01 1.850862e-01 4.518796e-05
2.825263e+01 1.998563e-01 3.797896e-05
2.825263e+01 2.158051e-01 3.412891e-05
2.825263e+01 2.330265e-01 3.075748e-05
2.825263e+01 2.516223e-01 2.711699e-05
2.825263e+01 2.717020e-01 2.318600e-05
2.825263e+01 2.933841e-01 2.006559e-05
2.825263e+01 3.167964e-01 1.812507e-05
2.825263e+01 3.420771e-01 1.602969e-05
2.825263e+01 3.693752e-01 1.376710e-05
2.825263e+01 3.988518e-01 1.142786e-05
2.825263e+01 4.306805e-01 1.035957e-05
2.825263e+01 4.650493e-01 9.206033e-06
2.825263e+01 5.021607e-01 7.960438e-06
2.825263e+01 5.422336e-01 6.615444e-06
2.825263e+01 5.855044e-01 5.754142e-06
2.825263e+01 6.322283e-01 5.099531e-06
2.825263e+01 6.826808e-01 4.392680e-06
2.825263e+01 7.371594e-01 3.629422e-06
2.825263e+01 7.959855e-01 2.962295e-06
2.825263e+01 8.595059e-01 2.611457e-06
2.825263e+01 9.280954e-01 2.232621e-06
2.825263e+01 1.002158e+00 1.823554e-06
2.825263e+01 1.082132e+00 1.381842e-06
2.825263e+01 1.168487e+00 1.191741e-06
2.825263e+01 1.261733e+00 1.010901e-06
2.825263e+01 1.362421e+00 8.156306e-07
2.825263e+01 1.471144e+00 6.047769e-07
2.825263e+01 1.588542e+00 4.635098e-07
2.825263e+01 1.715310e+00 3.866275e-07
2.825263e+01 1.852193e+00 3.036100e-07
2.825263e+01 2.000000e+00 2.139675e-07
2.883769e+01 1.000000e-03 1.375306e-04
2.883769e+01 1.079801e-03 1.476541e-04
2.883769e+01 1.165970e-03 1.584460e-04
2.883769e+01 1.259016e-03 1.699331e-04
2.883769e+01 1.359487e-03 1.821389e-04
2.883769e+01 1.467975e-03 1.950841e-04
2.883769e+01 1.585121e-03 2.087844e-04
2.883769e+01 1.711615e-03 2.232496e-04
2.883769e+01 1.848204e-03 2.384839e-04
2.883769e+01 1.995693e-03 2.544839e-04
2.883769e+01 2.154951e-03 2.712381e-04
2.883769e+01 2.326918e-03 2.887262e-04
2.883769e+01 2.512609e-03 3.069191e-04
2.883769e+01 2.713117e-03 3.257787e-04
2.883769e+01 2.929627e-03 3.452559e-04
2.883769e+01 3.163414e-03 3.652894e-04
2.883769e+01 3.415858e-03 3.858056e-04
2.883769e+01 3.688447e-03 4.067174e-04
2.883769e+01 3.982789e-03 4.279145e-04
2.883769e+01 4.300619e-03 4.492624e-04
2.883769e+01 4.643813e-03 4.706090e-04
2.883769e+01 5.014394e-03 4.917732e-04
2.883769e+01 5.414548e-03 5.125452e-04
2.883769e+01 5.846635e-03 5.326962e-04
2.883769e+01 6.313202e-03 5.519632e-04
2.883769e+01 6.817002e-03 5.700529e-04
2.883769e+01 7.361006e-03 5.866568e-04
2.883769e+01 7.948422e-03 6.014280e-04
2.883769e+01 8.582714e-03 6.139900e-04
2.883769e+01 9.267624e-03 6.239679e-04
2.883769e+01 1.000719e-02 6.309644e-04
2.883769e+01 1.080577e-02 6.345774e-04
2.883769e+01 1.166809e-02 6.344468e-04
2.883769e+01 1.259921e-02 6.302531e-04
2.883769e+01 1.360464e-02 6.217400e-04
2.883769e+01 1.469030e-02 6.087568e-04
2.883769e+01 1.586261e-02 5.913348e-04
2.883769e+01 1.712846e-02 5.696787e-04
2.883769e+01 1.849533e-02 5.441281e-04
2.883769e+01 1.997127e-02 5.154202e-04
2.883769e+01 2.156500e-02 4.845424e-04
2.883769e+01 2.328591e-02 4.524482e-04
2.883769e+01 2.514415e-02 4.204470e-04
2.883769e+01 2.715068e-02 3.899360e-04
2.883769e+01 2.931733e-02 3.619646e-04
2.883769e+01 3.165689e-02 3.373021e-04
2.883769e+01 3.418314e-02 3.164113e-04
2.883769e+01 3.691099e-02 2.989697e-04
2.883769e+01 3.985652e-02 2.839215e-04
2.883769e+01 4.303711e-02 2.694948e-04
2.883769e+01 4.647152e-02 2.535386e-04
2.883769e+01 5.017999e-02 2.342240e-04
2.883769e+01 5.418441e-02 2.167123e-04
2.883769e+01 5.850838e-02 2.069625e-04
2.883769e+01 6.317741e-02 1.964348e-04
2.883769e+01 6.821903e-02 1.850669e-04
2.883769e+01 7.366298e-02 1.725585e-04
2.883769e+01 7.954136e-02 1.566699e-04
2.883769e+01 8.588885e-02 1.395133e-04
2.883769e+01 9.274286e-02 1.209877e-04
2.883769e+01 1.001438e-01 1.009836e-04
2.883769e+01 1.081354e-01 8.960306e-05
2.883769e+01 1.167647e-01 8.219019e-05
2.883769e+01 1.260827e-01 7.418577e-05
2.883769e+01 1.361442e-01 6.554259e-05
2.883769e+01 1.470087e-01 5.714269e-05
2.883769e+01 1.587401e-01 5.204692e-05
2.883769e+01 1.714077e-01 4.654451e-05
2.883769e+01 1.850862e-01 4.060299e-05
2.883769e+01 1.998563e-01 3.418734e-05
2.883769e+01 2.158051e-01 3.074727e-05
2.883769e+01 2.330265e-01 2.772930e-05
2.883769e+01 2.516223e-01 2.447049e-05
2.883769e+01 2.717020e-01 2.095162e-05
2.883769e+01 2.933841e-01 1.815368e-05
2.883769e+01 3.167964e-01 1.640559e-05
2.883769e+01 3.420771e-01 1.451799e-05
2.883769e+01 3.693752e-01 1.247977e-05
2.883769e+01 3.988518e-01 1.037238e-05
2.883769e+01 4.306805e-01 9.408202e-06
2.883769e+01 4.650493e-01 8.367080e-06
2.883769e+01 5.021607e-01 7.242876e-06
2.883769e+01 5.422336e-01 6.028959e-06
2.883769e+01 5.855044e-01 5.250032e-06
2.883769e+01 6.322283e-01 4.656798e-06
2.883769e+01 6.826808e-01 4.016223e-06
2.883769e+01 7.371594e-01 3.324530e-06
2.883769e+01 7.959855e-01 2.719770e-06
2.883769e+01 8.595059e-01 2.401194e-06
2.883769e+01 9.280954e-01 2.057196e-06
2.883769e+01 1.002158e+00 1.685746e-06
2.883769e+01 1.082132e+00 1.284655e-06
2.883769e+01 1.168487e+00 1.110688e-06
2.883769e+01 1.261733e+00 9.449092e-07
2.883769e+01 1.362421e+00 7.659010e-07
2.883769e+01 1.471144e+00 5.726078e-07
2.883769e+01 1.588542e+00 4.423826e-07
2.883769e+01 1.715310e+00 3.704892e-07
2.883769e+01 1.852193e+00 2.928586e-07
2.883769e+01 2.000000e+00 2.090331e-07
2.943444e+01 1.000000e-03 1.212429e-04
2.943444e+01 1.079801e-03 1.301706e-04
2.943444e+01 1.165970e-03 1.396885e-04
2.943444e+01 1.259016e-03 1.498202e-04
2.943444e+01 1.359487e-03 1.605867e-04
2.943444e+01 1.467975e-03 1.720063e-04
2.943444e+01 1.585121e-03 1.840931e-04
2.943444e+01 1.711615e-03 1.968558e-04
2.943444e+01 1.848204e-03 2.102981e-04
2.943444e+01 1.995693e-03 2.244172e-04
2.943444e+01 2.154951e-03 2.392027e-04
2.943444e+01 2.326918e-03 2.546365e-04
2.943444e+01 2.512609e-03 2.706928e-04
2.943444e+01 2.713117e-03 2.873375e-04
2.943444e+01 2.929627e-03 3.045268e-04
2.943444e+01 3.163414e-03 3.222065e-04
2.943444e+01 3.415858e-03 3.403115e-04
2.943444e+01 3.688447e-03 3.587647e-04
2.943444e+01 3.982789e-03 3.774689e-04
2.943444e+01 4.300619e-03 3.963061e-04
2.943444e+01 4.643813e-03 4.151422e-04
2.943444e+01 5.014394e-03 4.338175e-04
2.943444e+01 5.414548e-03 4.521468e-04
2.943444e+01 5.846635e-03 4.699278e-04
2.943444e+01 6.313202e-03 4.869286e-04
2.943444e+01 6.817002e-03 5.028903e-04
2.943444e+01 7.361006e-03 5.175411e-04
2.943444e+01 7.948422e-03 5.305751e-04
2.943444e+01 8.582714e-03 5.416599e-04
2.943444e+01 9.267624e-03 5.504648e-04
2.943444e+01 1.000719e-02 5.566391e-04
2.943444e+01 1.080577e-02 5.598282e-04
2.943444e+01 1.166809e-02 5.597146e-04
2.943444e+01 1.259921e-02 5.560163e-04
2.943444e+01 1.360464e-02 5.485070e-04
2.943444e+01 1.469030e-02 5.370538e-04
2.943444e+01 1.586261e-02 5.216844e-04
2.943444e+01 1.712846e-02 5.025794e-04
2.943444e+01 1.849533e-02 4.800391e-04
2.943444e+01 1.997127e-02 4.547134e-04
2.943444e+01 2.156500e-02 4.274733e-04
2.943444e+01 2.328591e-02 3.991597e-04
2.943444e+01 2.514415e-02 3.709278e-04
2.943444e+01 2.715068e-02 3.440106e-04
2.943444e+01 2.931733e-02 3.193338e-04
2.943444e+01 3.165689e-02 2.975760e-04
2.943444e+01 3.418314e-02 2.791457e-04
2.943444e+01 3.691099e-02 2.637583e-04
2.943444e+01 3.985652e-02 2.504824e-04
2.943444e+01 4.303711e-02 2.377548e-04
2.943444e+01 4.647152e-02 2.236779e-04
2.943444e+01 5.017999e-02 2.066381e-04
2.943444e+01 5.418441e-02 1.912085e-04
2.943444e+01 5.850838e-02 1.826615e-04
2.943444e+01 6.317741e-02 1.734325e-04
2.943444e+01 6.821903e-02 1.634670e-04
2.943444e+01 7.366298e-02 1.524940e-04
2.943444e+01 7.954136e-02 1.384776e-04
2.943444e+01 8.588885e-02 1.233428e-04
2.943444e+01 9.274286e-02 1.070001e-04
2.943444e+01 1.001438e-01 8.935326e-05
2.943444e+01 1.081354e-01 7.930884e-05
2.943444e+01 1.167647e-01 7.276184e-05
2.943444e+01 1.260827e-01 6.569238e-05
2.943444e+01 1.361442e-01 5.805878e-05
2.943444e+01 1.470087e-01 5.064276e-05
2.943444e+01 1.587401e-01 4.615672e-05
2.943444e+01 1.714077e-01 4.131268e-05
2.943444e+01 1.850862e-01 3.608209e-05
2.943444e+01 1.998563e-01 3.043410e-05
2.943444e+01 2.158051e-01 2.739325e-05
2.943444e+01 2.330265e-01 2.472054e-05
2.943444e+01 2.516223e-01 2.183454e-05
2.943444e+01 2.717020e-01 1.871824e-05
2.943444e+01 2.933841e-01 1.623659e-05
2.943444e+01 3.167964e-01 1.467957e-05
2.943444e+01 3.420771e-01 1.299831e-05
2.943444e+01 3.693752e-01 1.118287e-05
2.943444e+01 3.988518e-01 9.305731e-06
2.943444e+01 4.306805e-01 8.445302e-06
2.943444e+01 4.650493e-01 7.516211e-06
2.943444e+01 5.021607e-01 6.512977e-06
2.943444e+01 5.422336e-01 5.429684e-06
2.943444e+01 5.855044e-01 4.733509e-06
2.943444e+01 6.322283e-01 4.202463e-06
2.943444e+01 6.826808e-01 3.629040e-06
2.943444e+01 7.371594e-01 3.009856e-06
2.943444e+01 7.959855e-01 2.468316e-06
2.943444e+01 8.595059e-01 2.182528e-06
2.943444e+01 9.280954e-01 1.873933e-06
2.943444e+01 1.002158e+00 1.540712e-06
2.943444e+01 1.082132e+00 1.180900e-06
2.943444e+01 1.168487e+00 1.023730e-06
2.943444e+01 1.261733e+00 8.737216e-07
2.943444e+01 1.362421e+00 7.117424e-07
2.943444e+01 1.471144e+00 5.368372e-07
2.943444e+01 1.588542e+00 4.183009e-07
2.943444e+01 1.715310e+00 3.518788e-07
2.943444e+01 1.852193e+00 2.801563e-07
2.943444e+01 2.000000e+00 2.027102e-07
3.004313e+01 1.000000e-03 1.054045e-04
3.004313e+01 1.079801e-03 1.131687e-04
3.004313e+01 1.165970e-03 1.214467e-04
3.004313e+01 1.259016e-03 1.302593e-04
3.004313e+01 1.359487e-03 1.396247e-04
3.004313e+01 1.467975e-03 1.495591e-04
3.004313e+01 1.585121e-03 1.600749e-04
3.004313e+01 1.711615e-03 1.711796e-04
3.004313e+01 1.848204e-03 1.828767e-04
3.004313e+01 1.995693e-03 1.951637e-04
3.004313e+01 2.154951e-03 2.080314e-04
3.004313e+01 2.326918e-03 2.214639e-04
3.004313e+01 2.512609e-03 2.354387e-04
3.004313e+01 2.713117e-03 2.499257e-04
3.004313e+01 2.929627e-03 2.648864e-04
3.004313e+01 3.163414e-03 2.802733e-04
3.004313e+01 3.415858e-03 2.960297e-04
3.004313e+01 3.688447e-03 3.120884e-04
3.004313e+01 3.982789e-03 3.283650e-04
3.004313e+01 4.300619e-03 3.447569e-04
3.004313e+01 4.643813e-03 3.611480e-04
3.004313e+01 5.014394e-03 3.773994e-04
3.004313e+01 5.414548e-03 3.933498e-04
3.004313e+01 5.846635e-03 4.088227e-04
3.004313e+01 6.313202e-03 4.236164e-04
3.004313e+01 6.817002e-03 4.375059e-04
3.004313e+01 7.361006e-03 4.502548e-04
3.004313e+01 7.948422e-03 4.615969e-04
3.004313e+01 8.582714e-03 4.712431e-04
3.004313e+01 9.267624e-03 4.789054e-04
3.004313e+01 1.000719e-02 4.842789e-04
3.004313e+01 1.080577e-02 4.870550e-04
3.004313e+01 1.166809e-02 4.869576e-04
3.004313e+01 1.259921e-02 4.837413e-04
3.004313e+01 1.360464e-02 4.772091e-04
3.004313e+01 1.469030e-02 4.672452e-04
3.004313e+01 1.586261e-02 4.538737e-04
3.004313e+01 1.712846e-02 4.372524e-04
3.004313e+01 1.849533e-02 4.176426e-04
3.004313e+01 1.997127e-02 3.956097e-04
3.004313e+01 2.156500e-02 3.719113e-04
3.004313e+01 2.328591e-02 3.472785e-04
3.004313e+01 2.514415e-02 3.227164e-04
3.004313e+01 2.715068e-02 2.992979e-04
3.004313e+01 2.931733e-02 2.778286e-04
3.004313e+01 3.165689e-02 2.588989e-04
3.004313e+01 3.418314e-02 2.428641e-04
3.004313e+01 3.691099e-02 2.294766e-04
3.004313e+01 3.985652e-02 2.179262e-04
3.004313e+01 4.303711e-02 2.068529e-04
3.004313e+01 4.647152e-02 1.946056e-04
3.004313e+01 5.017999e-02 1.797806e-04
3.004313e+01 5.418441e-02 1.663726e-04
3.004313e+01 5.850838e-02 1.589814e-04
3.004313e+01 6.317741e-02 1.510004e-04
3.004313e+01 6.821903e-02 1.423825e-04
3.004313e+01 7.366298e-02 1.328870e-04
3.004313e+01 7.954136e-02 1.206943e-04
3.004313e+01 8.588885e-02 1.075287e-04
3.004313e+01 9.274286e-02 9.331241e-05
3.004313e+01 1.001438e-01 7.796165e-05
3.004313e+01 1.081354e-01 6.921999e-05
3.004313e+01 1.167647e-01 6.351839e-05
3.004313e+01 1.260827e-01 5.736180e-05
3.004313e+01 1.361442e-01 5.071391e-05
3.004313e+01 1.470087e-01 4.425781e-05
3.004313e+01 1.587401e-01 4.036338e-05
3.004313e+01 1.714077e-01 3.615817e-05
3.004313e+01 1.850862e-01 3.161739e-05
3.004313e+01 1.998563e-01 2.671424e-05
3.004313e+01 2.158051e-01 2.406393e-05
3.004313e+01 2.330265e-01 2.173026e-05
3.004313e+01 2.516223e-01 1.921036e-05
3.004313e+01 2.717020e-01 1.648937e-05
3.004313e+01 2.933841e-01 1.431867e-05
3.004313e+01 3.167964e-01 1.295011e-05
3.004313e+01 3.420771e-01 1.147234e-05
3.004313e+01 3.693752e-01 9.876632e-06
3.004313e+01 3.988518e-01 8.226670e-06
3.004313e+01 4.306805e-01 7.470136e-06
3.004313e+01 4.650493e-01 6.653229e-06
3.004313e+01 5.021607e-01 5.771131e-06
3.004313e+01 5.422336e-01 4.818642e-06
3.004313e+01 5.855044e-01 4.205404e-06
3.004313e+01 6.322283e-01 3.736745e-06
3.004313e+01 6.826808e-01 3.230686e-06
3.004313e+01 7.371594e-01 2.684243e-06
3.004313e+01 7.959855e-01 2.206281e-06
3.004313e+01 8.595059e-01 1.953925e-06
3.004313e+01 9.280954e-01 1.681432e-06
3.004313e+01 1.002158e+00 1.387192e-06
3.004313e+01 1.082132e+00 1.069473e-06
3.004313e+01 1.168487e+00 9.296897e-07
3.004313e+01 1.261733e+00 7.960660e-07
3.004313e+01 1.362421e+00 6.517790e-07
3.004313e+01 1.471144e+00 4.959778e-07
3.004313e+01 1.588542e+00 3.898395e-07
3.004313e+01 1.715310e+00 3.295989e-07
3.004313e+01 1.852193e+00 2.645510e-07
3.004313e+01 2.000000e+00 1.943123e-07
3.066399e+01 1.000000e-03 8.998494e-05
3.066399e+01 1.079801e-03 9.661566e-05
3.066399e+01 1.165970e-03 1.036857e-04
3.066399e+01 1.259016e-03 1.112129e-04
3.066399e+01 1.359487e-03 1.192129e-04
3.066399e+01 1.467975e-03 1.276997e-04
3.066399e+01 1.585121e-03 1.366839e-04
3.066399e+01 1.711615e-03 1.461721e-04
3.066399e+01 1.848204e-03 1.561674e-04
3.066399e+01 1.995693e-03 1.666675e-04
3.066399e+01 2.154951e-03 1.776647e-04
3.066399e+01 2.326918e-03 1.891452e-04
3.066399e+01 2.512609e-03 2.010896e-04
3.066399e+01 2.713117e-03 2.134718e-04
3.066399e+01 2.929627e-03 2.262587e-04
3.066399e+01 3.163414e-03 2.394095e-04
3.066399e+01 3.415858e-03 2.528755e-04
3.066399e+01 3.688447e-03 2.665992e-04
3.066399e+01 3.982789e-03 2.805085e-04
3.066399e+01 4.300619e-03 2.945161e-04
3.066399e+01 4.643813e-03 3.085230e-04
3.066399e+01 5.014394e-03 3.224108e-04
3.066399e+01 5.414548e-03 3.360413e-04
3.066399e+01 5.846635e-03 3.492637e-04
3.066399e+01 6.313202e-03 3.619054e-04
3.066399e+01 6.817002e-03 3.737743e-04
3.066399e+01 7.361006e-03 3.846687e-04
3.066399e+01 7.948422e-03 3.943611e-04
3.066399e+01 8.582714e-03 4.026044e-04
3.066399e+01 9.267624e-03 4.091526e-04
3.066399e+01 1.000719e-02 4.137450e-04
3.066399e+01 1.080577e-02 4.161181e-04
3.066399e+01 1.166809e-02 4.160363e-04
3.066399e+01 1.259921e-02 4.132895e-04
3.066399e+01 1.360464e-02 4.077095e-04
3.066399e+01 1.469030e-02 3.991971e-04
3.066399e+01 1.586261e-02 3.877731e-04
3.066399e+01 1.712846e-02 3.735726e-04
3.066399e+01 1.849533e-02 3.568193e-04
3.066399e+01 1.997127e-02 3.379961e-04
3.066399e+01 2.156500e-02 3.177499e-04
3.066399e+01 2.328591e-02 2.967050e-04
3.066399e+01 2.514415e-02 2.757201e-04
3.066399e+01 2.715068e-02 2.557121e-04
3.066399e+01 2.931733e-02 2.373694e-04
3.066399e+01 3.165689e-02 2.211965e-04
3.066399e+01 3.418314e-02 2.074968e-04
3.066399e+01 3.691099e-02 1.960589e-04
3.066399e+01 3.985652e-02 1.861905e-04
3.066399e+01 4.303711e-02 1.767298e-04
3.066399e+01 4.647152e-02 1.662660e-04
3.066399e+01 5.017999e-02 1.535999e-04
3.066399e+01 5.418441e-02 1.421583e-04
3.066399e+01 5.850838e-02 1.358820e-04
3.066399e+01 6.317741e-02 1.291048e-04
3.066399e+01 6.821903e-02 1.217869e-04
3.066399e+01 7.366298e-02 1.137181e-04
3.066399e+01 7.954136e-02 1.033021e-04
3.066399e+01 8.588885e-02 9.205490e-05
3.066399e+01 9.274286e-02 7.991017e-05
3.066399e+01 1.001438e-01 6.679629e-05
3.066399e+01 1.081354e-01 5.932650e-05
3.066399e+01 1.167647e-01 5.445272e-05
3.066399e+01 1.260827e-01 4.918999e-05
3.066399e+01 1.361442e-01 4.350730e-05
3.066399e+01 1.470087e-01 3.799016e-05
3.066399e+01 1.587401e-01 3.466971e-05
3.066399e+01 1.714077e-01 3.108428e-05
3.066399e+01 1.850862e-01 2.721273e-05
3.066399e+01 1.998563e-01 2.303223e-05
3.066399e+01 2.158051e-01 2.076238e-05
3.066399e+01 2.330265e-01 1.875967e-05
3.066399e+01 2.516223e-01 1.659714e-05
3.066399e+01 2.717020e-01 1.426204e-05
3.066399e+01 2.933841e-01 1.239620e-05
3.066399e+01 3.167964e-01 1.121471e-05
3.066399e+01 3.420771e-01 9.938940e-06
3.066399e+01 3.693752e-01 8.561358e-06
3.066399e+01 3.988518e-01 7.136951e-06
3.066399e+01 4.306805e-01 6.484061e-06
3.066399e+01 4.650493e-01 5.779069e-06
3.066399e+01 5.021607e-01 5.017818e-06
3.066399e+01 5.422336e-01 4.195819e-06
3.066399e+01 5.855044e-01 3.665833e-06
3.066399e+01 6.322283e-01 3.260203e-06
3.066399e+01 6.826808e-01 2.822203e-06
3.066399e+01 7.371594e-01 2.349250e-06
3.066399e+01 7.959855e-01 1.935518e-06
3.066399e+01 8.595059e-01 1.716932e-06
3.066399e+01 9.280954e-01 1.480903e-06
3.066399e+01 1.002158e+00 1.226038e-06
3.066399e+01 1.082132e+00 9.508344e-07
3.066399e+01 1.168487e+00 8.290114e-07
3.066399e+01 1.261733e+00 7.124006e-07
3.066399e+01 1.362421e+00 5.864842e-07
3.066399e+01 1.471144e+00 4.505196e-07
3.066399e+01 1.588542e+00 3.573871e-07
3.066399e+01 1.715310e+00 3.038235e-07
3.066399e+01 1.852193e+00 2.459855e-07
3.066399e+01 2.000000e+00 1.835320e-07
3.129727e+01 1.000000e-03 7.498272e-05
3.129727e+01 1.079801e-03 8.050994e-05
3.129727e+01 1.165970e-03 8.640376e-05
3.129727e+01 1.259016e-03 9.267917e-05
3.129727e+01 1.359487e-03 9.934931e-05
3.129727e+01 1.467975e-03 1.064259e-04
3.129727e+01 1.585121e-03 1.139180e-04
3.129727e+01 1.711615e-03 1.218312e-04
3.129727e+01 1.848204e-03 1.301679e-04
3.129727e+01 1.995693e-03 1.389264e-04
3.129727e+01 2.154951e-03 1.481002e-04
3.129727e+01 2.326918e-03 1.576778e-04
3.129727e+01 2.512609e-03 1.676426e-04
3.129727e+01 2.713117e-03 1.779729e-04
3.129727e+01 2.929627e-03 1.886407e-04
3.129727e+01 3.163414e-03 1.996117e-04
3.129727e+01 3.415858e-03 2.108452e-04
3.129727e+01 3.688447e-03 2.222931e-04
3.129727e+01 3.982789e-03 2.338953e-04
3.129727e+01 4.300619e-03 2.455793e-04
3.129727e+01 4.643813e-03 2.572628e-04
3.129727e+01 5.014394e-03 2.688470e-04
3.129727e+01 5.414548e-03 2.802166e-04
3.129727e+01 5.846635e-03 2.912456e-04
3.129727e+01 6.313202e-03 3.017901e-04
3.129727e+01 6.817002e-03 3.116900e-04
3.129727e+01 7.361006e-03 3.207771e-04
3.129727e+01 7.948422e-03 3.288617e-04
3.129727e+01 8.582714e-03 3.357378e-04
3.129727e+01 9.267624e-03 3.412000e-04
3.129727e+01 1.000719e-02 3.450311e-04
3.129727e+01 1.080577e-02 3.470113e-04
3.129727e+01 1.166809e-02 3.469442e-04
3.129727e+01 1.259921e-02 3.446547e-04
3.129727e+01 1.360464e-02 3.400020e-04
3.129727e+01 1.469030e-02 3.329036e-04
3.129727e+01 1.586261e-02 3.233768e-04
3.129727e+01 1.712846e-02 3.115346e-04
3.129727e+01 1.849533e-02 2.975640e-04
3.129727e+01 1.997127e-02 2.818676e-04
3.129727e+01 2.156500e-02 2.649843e-04
3.129727e+01 2.328591e-02 2.474346e-04
3.129727e+01 2.514415e-02 2.299347e-04
3.129727e+01 2.715068e-02 2.132494e-04
3.129727e+01 2.931733e-02 1.979527e-04
3.129727e+01 3.165689e-02 1.844654e-04
3.129727e+01 3.418314e-02 1.730407e-04
3.129727e+01 3.691099e-02 1.635022e-04
3.129727e+01 3.985652e-02 1.552725e-04
3.129727e+01 4.303711e-02 1.473827e-04
3.129727e+01 4.647152e-02 1.386566e-04
3.129727e+01 5.017999e-02 1.280938e-04
3.129727e+01 5.418441e-02 1.185646e-04
3.129727e+01 5.850838e-02 1.133652e-04
3.129727e+01 6.317741e-02 1.077509e-04
3.129727e+01 6.821903e-02 1.016885e-04
3.129727e+01 7.366298e-02 9.499925e-05
3.129727e+01 7.954136e-02 8.631506e-05
3.129727e+01 8.588885e-02 7.693785e-05
3.129727e+01 9.274286e-02 6.681233e-05
3.129727e+01 1.001438e-01 5.587879e-05
3.129727e+01 1.081354e-01 4.964777e-05
3.129727e+01 1.167647e-01 4.557937e-05
3.129727e+01 1.260827e-01 4.118630e-05
3.129727e+01 1.361442e-01 3.644266e-05
3.129727e+01 1.470087e-01 3.183824e-05
3.129727e+01 1.587401e-01 2.907196e-05
3.129727e+01 1.714077e-01 2.608493e-05
3.129727e+01 1.850862e-01 2.285953e-05
3.129727e+01 1.998563e-01 1.937674e-05
3.129727e+01 2.158051e-01 1.747879e-05
3.129727e+01 2.330265e-01 1.580147e-05
3.129727e+01 2.516223e-01 1.399030e-05
3.129727e+01 2.717020e-01 1.203459e-05
3.129727e+01 2.933841e-01 1.046956e-05
3.129727e+01 3.167964e-01 9.474517e-06
3.129727e+01 3.420771e-01 8.400065e-06
3.129727e+01 3.693752e-01 7.239871e-06
3.129727e+01 3.988518e-01 6.040240e-06
3.129727e+01 4.306805e-01 5.490364e-06
3.129727e+01 4.650493e-01 4.896607e-06
3.129727e+01 5.021607e-01 4.255468e-06
3.129727e+01 5.422336e-01 3.563166e-06
3.129727e+01 5.855044e-01 3.116197e-06
3.129727e+01 6.322283e-01 2.773631e-06
3.129727e+01 6.826808e-01 2.403728e-06
3.129727e+01 7.371594e-01 2.004307e-06
3.129727e+01 7.959855e-01 1.654951e-06
3.129727e+01 8.595059e-01 1.470524e-06
3.129727e+01 9.280954e-01 1.271379e-06
3.129727e+01 1.002158e+00 1.056343e-06
3.129727e+01 1.082132e+00 8.241461e-07
3.129727e+01 1.168487e+00 7.208022e-07
3.129727e+01 1.261733e+00 6.217640e-07
3.129727e+01 1.362421e+00 5.148224e-07
3.129727e+01 1.471144e+00 3.993467e-07
3.129727e+01 1.588542e+00 3.198455e-07
3.129727e+01 1.715310e+00 2.735653e-07
3.129727e+01 1.852193e+00 2.235918e-07
3.129727e+01 2.000000e+00 1.696305e-07
3.194322e+01 1.000000e-03 6.036106e-05
3.194322e+01 1.079801e-03 6.481205e-05
3.194322e+01 1.165970e-03 6.955860e-05
3.194322e+01 1.259016e-03 7.461284e-05
3.194322e+01 1.359487e-03 7.998546e-05
3.194322e+01 1.467975e-03 8.568600e-05
3.194322e+01 1.585121e-03 9.172175e-05
3.194322e+01 1.711615e-03 9.809731e-05
3.194322e+01 1.848204e-03 1.048147e-04
3.194322e+01 1.995693e-03 1.118727e-04
3.194322e+01 2.154951e-03 1.192658e-04
3.194322e+01 2.326918e-03 1.269848e-04
3.194322e+01 2.512609e-03 1.350163e-04
3.194322e+01 2.713117e-03 1.433424e-04
3.194322e+01 2.929627e-03 1.519405e-04
3.194322e+01 3.163414e-03 1.607827e-04
3.194322e+01 3.415858e-03 1.698361e-04
3.194322e+01 3.688447e-03 1.790618e-04
3.194322e+01 3.982789e-03 1.884115e-04
3.194322e+01 4.300619e-03 1.978267e-04
3.194322e+01 4.643813e-03 2.072416e-04
3.194322e+01 5.014394e-03 2.165766e-04
3.194322e+01 5.414548e-03 2.257387e-04
3.194322e+01 5.846635e-03 2.346262e-04
3.194322e+01 6.313202e-03 2.431232e-04
3.194322e+01 6.817002e-03 2.511007e-04
3.194322e+01 7.361006e-03 2.584232e-04
3.194322e+01 7.948422e-03 2.649381e-04
3.194322e+01 8.582714e-03 2.704792e-04
3.194322e+01 9.267624e-03 2.748810e-04
3.194322e+01 1.000719e-02 2.779686e-04
3.194322e+01 1.080577e-02 2.795650e-04
3.194322e+01 1.166809e-02 2.795119e-04
3.194322e+01 1.259921e-02 2.776682e-04
3.194322e+01 1.360464e-02 2.739205e-04
3.194322e+01 1.469030e-02 2.682019e-04
3.194322e+01 1.586261e-02 2.605268e-04
3.194322e+01 1.712846e-02 2.509864e-04
3.194322e+01 1.849533e-02 2.397315e-04
3.194322e+01 1.997127e-02 2.270863e-04
3.194322e+01 2.156500e-02 2.134850e-04
3.194322e+01 2.328591e-02 1.993465e-04
3.194322e+01 2.514415e-02 1.852479e-04
3.194322e+01 2.715068e-02 1.718053e-04
3.194322e+01 2.931733e-02 1.594816e-04
3.194322e+01 3.165689e-02 1.486156e-04
3.194322e+01 3.418314e-02 1.394112e-04
3.194322e+01 3.691099e-02 1.317265e-04
3.194322e+01 3.985652e-02 1.250962e-04
3.194322e+01 4.303711e-02 1.187397e-04
3.194322e+01 4.647152e-02 1.117094e-04
3.194322e+01 5.017999e-02 1.031995e-04
3.194322e+01 5.418441e-02 9.553415e-05
3.194322e+01 5.850838e-02 9.137823e-05
3.194322e+01 6.317741e-02 8.689067e-05
3.194322e+01 6.821903e-02 8.204500e-05
3.194322e+01 7.366298e-02 7.669319e-05
3.194322e+01 7.954136e-02 6.969467e-05
3.194322e+01 8.588885e-02 6.213765e-05
3.194322e+01 9.274286e-02 5.397759e-05
3.194322e+01 1.001438e-01 4.516633e-05
3.194322e+01 1.081354e-01 4.014325e-05
3.194322e+01 1.167647e-01 3.686212e-05
3.194322e+01 1.260827e-01 3.331916e-05
3.194322e+01 1.361442e-01 2.949346e-05
3.194322e+01 1.470087e-01 2.578092e-05
3.194322e+01 1.587401e-01 2.355459e-05
3.194322e+01 1.714077e-01 2.115060e-05
3.194322e+01 1.850862e-01 1.855476e-05
3.194322e+01 1.998563e-01 1.575178e-05
3.194322e+01 2.158051e-01 1.421769e-05
3.194322e+01 2.330265e-01 1.285931e-05
3.194322e+01 2.516223e-01 1.139253e-05
3.194322e+01 2.717020e-01 9.808696e-06
3.194322e+01 2.933841e-01 8.539573e-06
3.194322e+01 3.167964e-01 7.729782e-06
3.194322e+01 3.420771e-01 6.855370e-06
3.194322e+01 3.693752e-01 5.911178e-06
3.194322e+01 3.988518e-01 4.934919e-06
3.194322e+01 4.306805e-01 4.487824e-06
3.194322e+01 4.650493e-01 4.005050e-06
3.194322e+01 5.021607e-01 3.483750e-06
3.194322e+01 5.422336e-01 2.920851e-06
3.194322e+01 5.855044e-01 2.557107e-06
3.194322e+01 6.322283e-01 2.278079e-06
3.194322e+01 6.826808e-01 1.976784e-06
3.194322e+01 7.371594e-01 1.651445e-06
3.194322e+01 7.959855e-01 1.366845e-06
3.194322e+01 8.595059e-01 1.216487e-06
3.194322e+01 9.280954e-01 1.054129e-06
3.194322e+01 1.002158e+00 8.788161e-07
3.194322e+01 1.082132e+00 6.895126e-07
3.194322e+01 1.168487e+00 6.050176e-07
3.194322e+01 1.261733e+00 5.239930e-07
3.194322e+01 1.362421e+00 4.365025e-07
3.194322e+01 1.471144e+00 3.420303e-07
3.194322e+01 1.588542e+00 2.766814e-07
3.194322e+01 1.715310e+00 2.382171e-07
3.194322e+01 1.852193e+00 1.966833e-07
3.194322e+01 2.000000e+00 1.518350e-07
3.260208e+01 1.000000e-03 4.616102e-05
3.260208e+01 1.079801e-03 4.956612e-05
3.260208e+01 1.165970e-03 5.319759e-05
3.260208e+01 1.259016e-03 5.706477e-05
3.260208e+01 1.359487e-03 6.117589e-05
3.260208e+01 1.467975e-03 6.553832e-05
3.260208e+01 1.585121e-03 7.015772e-05
3.260208e+01 1.711615e-03 7.503765e-05
3.260208e+01 1.848204e-03 8.017974e-05
3.260208e+01 1.995693e-03 8.558297e-05
3.260208e+01 2.154951e-03 9.124324e-05
3.260208e+01 2.326918e-03 9.715337e-05
3.260208e+01 2.512609e-03 1.033030e-04
3.260208e+01 2.713117e-03 1.096785e-04
3.260208e+01 2.929627e-03 1.162621e-04
3.260208e+01 3.163414e-03 1.230325e-04
3.260208e+01 3.415858e-03 1.299643e-04
3.260208e+01 3.688447e-03 1.370277e-04
3.260208e+01 3.982789e-03 1.441856e-04
3.260208e+01 4.300619e-03 1.513935e-04
3.260208e+01 4.643813e-03 1.586012e-04
3.260208e+01 5.014394e-03 1.657477e-04
3.260208e+01 5.414548e-03 1.727619e-04
3.260208e+01 5.846635e-03 1.795658e-04
3.260208e+01 6.313202e-03 1.860707e-04
3.260208e+01 6.817002e-03 1.921778e-04
3.260208e+01 7.361006e-03 1.977836e-04
3.260208e+01 7.948422e-03 2.027712e-04
3.260208e+01 8.582714e-03 2.070133e-04
3.260208e+01 9.267624e-03 2.103833e-04
3.260208e+01 1.000719e-02 2.127474e-04
3.260208e+01 1.080577e-02 2.139701e-04
3.260208e+01 1.166809e-02 2.139301e-04
3.260208e+01 1.259921e-02 2.125197e-04
3.260208e+01 1.360464e-02 2.096518e-04
3.260208e+01 1.469030e-02 2.052752e-04
3.260208e+01 1.586261e-02 1.994011e-04
3.260208e+01 1.712846e-02 1.920993e-04
3.260208e+01 1.849533e-02 1.834853e-04
3.260208e+01 1.997127e-02 1.738075e-04
3.260208e+01 2.156500e-02 1.633977e-04
3.260208e+01 2.328591e-02 1.525767e-04
3.260208e+01 2.514415e-02 1.417860e-04
3.260208e+01 2.715068e-02 1.314973e-04
3.260208e+01 2.931733e-02 1.220650e-04
3.260208e+01 3.165689e-02 1.137484e-04
3.260208e+01 3.418314e-02 1.067035e-04
3.260208e+01 3.691099e-02 1.008217e-04
3.260208e+01 3.985652e-02 9.574694e-05
3.260208e+01 4.303711e-02 9.088179e-05
3.260208e+01 4.647152e-02 8.550092e-05
3.260208e+01 5.017999e-02 7.898754e-05
3.260208e+01 5.418441e-02 7.313059e-05
3.260208e+01 5.850838e-02 6.997751e-05
3.260208e+01 6.317741e-02 6.657281e-05
3.260208e+01 6.821903e-02 6.289641e-05
3.260208e+01 7.366298e-02 5.883170e-05
3.260208e+01 7.954136e-02 5.347321e-05
3.260208e+01 8.588885e-02 4.768711e-05
3.260208e+01 9.274286e-02 4.143928e-05
3.260208e+01 1.001438e-01 3.469286e-05
3.260208e+01 1.081354e-01 3.084497e-05
3.260208e+01 1.167647e-01 2.832976e-05
3.260208e+01 1.260827e-01 2.561384e-05
3.260208e+01 1.361442e-01 2.268118e-05
3.260208e+01 1.470087e-01 1.983582e-05
3.260208e+01 1.587401e-01 1.813213e-05
3.260208e+01 1.714077e-01 1.629249e-05
3.260208e+01 1.850862e-01 1.430605e-05
3.260208e+01 1.998563e-01 1.216108e-05
3.260208e+01 2.158051e-01 1.098288e-05
3.260208e+01 2.330265e-01 9.937945e-06
3.260208e+01 2.516223e-01 8.809626e-06
3.260208e+01 2.717020e-01 7.591266e-06
3.260208e+01 2.933841e-01 6.613768e-06
3.260208e+01 3.167964e-01 5.987954e-06
3.260208e+01 3.420771e-01 5.312199e-06
3.260208e+01 3.693752e-01 4.582518e-06
3.260208e+01 3.988518e-01 3.828047e-06
3.260208e+01 4.306805e-01 3.482424e-06
3.260208e+01 4.650493e-01 3.109220e-06
3.260208e+01 5.021607e-01 2.706233e-06
3.260208e+01 5.422336e-01 2.271088e-06
3.260208e+01 5.855044e-01 1.990020e-06
3.260208e+01 6.322283e-01 1.774506e-06
3.260208e+01 6.826808e-01 1.541794e-06
3.260208e+01 7.371594e-01 1.290511e-06
3.260208e+01 7.959855e-01 1.070646e-06
3.260208e+01 8.595059e-01 9.543457e-07
3.260208e+01 9.280954e-01 8.287649e-07
3.260208e+01 1.002158e+00 6.931626e-07
3.260208e+01 1.082132e+00 5.467391e-07
3.260208e+01 1.168487e+00 4.813291e-07
3.260208e+01 1.261733e+00 4.185944e-07
3.260208e+01 1.362421e+00 3.508533e-07
3.260208e+01 1.471144e+00 2.777065e-07
3.260208e+01 1.588542e+00 2.269434e-07
3.260208e+01 1.715310e+00 1.968379e-07
3.260208e+01 1.852193e+00 1.643299e-07
3.260208e+01 2.000000e+00 1.292277e-07
3.327412e+01 1.000000e-03 3.231190e-05
3.327412e+01 1.079801e-03 3.469627e-05
3.327412e+01 1.165970e-03 3.723932e-05
3.327412e+01 1.259016e-03 3.994765e-05
3.327412e+01 1.359487e-03 4.282706e-05
3.327412e+01 1.467975e-03 4.588277e-05
3.327412e+01 1.585121e-03 4.911878e-05
3.327412e+01 1.711615e-03 5.253763e-05
3.327412e+01 1.848204e-03 5.614050e-05
3.327412e+01 1.995693e-03 5.992669e-05
3.327412e+01 2.154951e-03 6.389331e-05
3.327412e+01 2.326918e-03 6.803532e-05
3.327412e+01 2.512609e-03 7.234543e-05
3.327412e+01 2.713117e-03 7.681391e-05
3.327412e+01 2.929627e-03 8.142828e-05
3.327412e+01 3.163414e-03 8.617344e-05
3.327412e+01 3.415858e-03 9.103154e-05
3.327412e+01 3.688447e-03 9.598157e-05
3.327412e+01 3.982789e-03 1.009976e-04
3.327412e+01 4.300619e-03 1.060485e-04
3.327412e+01 4.643813e-03 1.110992e-04
3.327412e+01 5.014394e-03 1.161071e-04
3.327412e+01 5.414548e-03 1.210223e-04
3.327412e+01 5.846635e-03 1.257901e-04
3.327412e+01 6.313202e-03 1.303483e-04
3.327412e+01 6.817002e-03 1.346278e-04
3.327412e+01 7.361006e-03 1.385560e-04
3.327412e+01 7.948422e-03 1.420510e-04
3.327412e+01 8.582714e-03 1.450237e-04
3.327412e+01 9.267624e-03 1.473854e-04
3.327412e+01 1.000719e-02 1.490423e-04
3.327412e+01 1.080577e-02 1.498994e-04
3.327412e+01 1.166809e-02 1.498720e-04
3.327412e+01 1.259921e-02 1.488843e-04
3.327412e+01 1.360464e-02 1.468755e-04
3.327412e+01 1.469030e-02 1.438098e-04
3.327412e+01 1.586261e-02 1.396947e-04
3.327412e+01 1.712846e-02 1.345795e-04
3.327412e+01 1.849533e-02 1.285450e-04
3.327412e+01 1.997127e-02 1.217652e-04
3.327412e+01 2.156500e-02 1.144726e-04
3.327412e+01 2.328591e-02 1.068919e-04
3.327412e+01 2.514415e-02 9.933228e-05
3.327412e+01 2.715068e-02 9.212437e-05
3.327412e+01 2.931733e-02 8.551631e-05
3.327412e+01 3.165689e-02 7.968990e-05
3.327412e+01 3.418314e-02 7.475441e-05
3.327412e+01 3.691099e-02 7.063372e-05
3.327412e+01 3.985652e-02 6.707845e-05
3.327412e+01 4.303711e-02 6.367003e-05
3.327412e+01 4.647152e-02 5.990029e-05
3.327412e+01 5.017999e-02 5.533716e-05
3.327412e+01 5.418441e-02 5.124049e-05
3.327412e+01 5.850838e-02 4.904981e-05
3.327412e+01 6.317741e-02 4.668432e-05
3.327412e+01 6.821903e-02 4.413006e-05
3.327412e+01 7.366298e-02 4.130327e-05
3.327412e+01 7.954136e-02 3.754934e-05
3.327412e+01 8.588885e-02 3.349585e-05
3.327412e+01 9.274286e-02 2.911888e-05
3.327412e+01 1.001438e-01 2.439263e-05
3.327412e+01 1.081354e-01 2.169574e-05
3.327412e+01 1.167647e-01 1.993178e-05
3.327412e+01 1.260827e-01 1.802706e-05
3.327412e+01 1.361442e-01 1.597034e-05
3.327412e+01 1.470087e-01 1.397511e-05
3.327412e+01 1.587401e-01 1.278176e-05
3.327412e+01 1.714077e-01 1.149318e-05
3.327412e+01 1.850862e-01 1.010177e-05
3.327412e+01 1.998563e-01 8.599320e-06
3.327412e+01 2.158051e-01 7.770712e-06
3.327412e+01 2.330265e-01 7.034525e-06
3.327412e+01 2.516223e-01 6.239589e-06
3.327412e+01 2.717020e-01 5.381216e-06
3.327412e+01 2.933841e-01 4.691513e-06
3.327412e+01 3.167964e-01 4.248196e-06
3.327412e+01 3.420771e-01 3.769503e-06
3.327412e+01 3.693752e-01 3.252609e-06
3.327412e+01 3.988518e-01 2.718193e-06
3.327412e+01 4.306805e-01 2.473942e-06
3.327412e+01 4.650493e-01 2.210200e-06
3.327412e+01 5.021607e-01 1.925411e-06
3.327412e+01 5.422336e-01 1.617895e-06
3.327412e+01 5.855044e-01 1.419062e-06
3.327412e+01 6.322283e-01 1.266445e-06
3.327412e+01 6.826808e-01 1.101649e-06
3.327412e+01 7.371594e-01 9.237022e-07
3.327412e+01 7.959855e-01 7.679939e-07
3.327412e+01 8.595059e-01 6.856036e-07
3.327412e+01 9.280954e-01 5.966386e-07
3.327412e+01 1.002158e+00 5.005740e-07
3.327412e+01 1.082132e+00 3.968434e-07
3.327412e+01 1.168487e+00 3.505530e-07
3.327412e+01 1.261733e+00 3.061658e-07
3.327412e+01 1.362421e+00 2.582364e-07
3.327412e+01 1.471144e+00 2.064822e-07
3.327412e+01 1.588542e+00 1.705039e-07
3.327412e+01 1.715310e+00 1.490828e-07
3.327412e+01 1.852193e+00 1.259522e-07
3.327412e+01 2.000000e+00 1.009759e-07
3.395961e+01 1.000000e-03 1.970338e-05
3.395961e+01 1.079801e-03 2.115786e-05
3.395961e+01 1.165970e-03 2.270924e-05
3.395961e+01 1.259016e-03 2.436158e-05
3.395961e+01 1.359487e-03 2.611846e-05
3.395961e+01 1.467975e-03 2.798307e-05
3.395961e+01 1.585121e-03 2.995789e-05
3.395961e+01 1.711615e-03 3.204449e-05
3.395961e+01 1.848204e-03 3.424363e-05
3.395961e+01 1.995693e-03 3.655488e-05
3.395961e+01 2.154951e-03 3.897648e-05
3.395961e+01 2.326918e-03 4.150534e-05
3.395961e+01 2.512609e-03 4.413698e-05
3.395961e+01 2.713117e-03 4.686540e-05
3.395961e+01 2.929627e-03 4.968291e-05
3.395961e+01 3.163414e-03 5.258021e-05
3.395961e+01 3.415858e-03 5.554637e-05
3.395961e+01 3.688447e-03 5.856848e-05
3.395961e+01 3.982789e-03 6.163071e-05
3.395961e+01 4.300619e-03 6.471416e-05
3.395961e+01 4.643813e-03 6.779744e-05
3.395961e+01 5.014394e-03 7.085462e-05
3.395961e+01 5.414548e-03 7.385518e-05
3.395961e+01 5.846635e-03 7.676578e-05
3.395961e+01 6.313202e-03 7.954842e-05
3.395961e+01 6.817002e-03 8.216090e-05
3.395961e+01 7.361006e-03 8.455892e-05
3.395961e+01 7.948422e-03 8.669251e-05
3.395961e+01 8.582714e-03 8.850728e-05
3.395961e+01 9.267624e-03 8.994912e-05
3.395961e+01 1.000719e-02 9.096073e-05
3.395961e+01 1.080577e-02 9.148423e-05
3.395961e+01 1.166809e-02 9.146783e-05
3.395961e+01 1.259921e-02 9.086534e-05
3.395961e+01 1.360464e-02 8.963961e-05
3.395961e+01 1.469030e-02 8.776873e-05
3.395961e+01 1.586261e-02 8.525743e-05
3.395961e+01 1.712846e-02 8.213569e-05
3.395961e+01 1.849533e-02 7.845293e-05
3.395961e+01 1.997127e-02 7.431527e-05
3.395961e+01 2.156500e-02 6.986461e-05
3.395961e+01 2.328591e-02 6.523805e-05
3.395961e+01 2.514415e-02 6.062437e-05
3.395961e+01 2.715068e-02 5.622530e-05
3.395961e+01 2.931733e-02 5.219232e-05
3.395961e+01 3.165689e-02 4.863637e-05
3.395961e+01 3.418314e-02 4.562415e-05
3.395961e+01 3.691099e-02 4.310921e-05
3.395961e+01 3.985652e-02 4.093935e-05
3.395961e+01 4.303711e-02 3.885912e-05
3.395961e+01 4.647152e-02 3.655838e-05
3.395961e+01 5.017999e-02 3.377342e-05
3.395961e+01 5.418441e-02 3.127714e-05
3.395961e+01 5.850838e-02 2.995126e-05
3.395961e+01 6.317741e-02 2.851958e-05
3.395961e+01 6.821903e-02 2.697365e-05
3.395961e+01 7.366298e-02 2.526066e-05
3.395961e+01 7.954136e-02 2.296488e-05
3.395961e+01 8.588885e-02 2.048589e-05
3.395961e+01 9.274286e-02 1.780908e-05
3.395961e+01 1.001438e-01 1.491865e-05
3.395961e+01 1.081354e-01 1.326738e-05
3.395961e+01 1.167647e-01 1.218557e-05
3.395961e+01 1.260827e-01 1.101744e-05
3.395961e+01 1.361442e-01 9.756090e-06
3.395961e+01 1.470087e-01 8.532664e-06
3.395961e+01 1.587401e-01 7.801935e-06
3.395961e+01 1.714077e-01 7.012893e-06
3.395961e+01 1.850862e-01 6.160885e-06
3.395961e+01 1.998563e-01 5.240885e-06
3.395961e+01 2.158051e-01 4.733550e-06
3.395961e+01 2.330265e-01 4.282820e-06
3.395961e+01 2.516223e-01 3.796122e-06
3.395961e+01 2.717020e-01 3.270584e-06
3.395961e+01 2.933841e-01 2.848416e-06
3.395961e+01 3.167964e-01 2.577234e-06
3.395961e+01 3.420771e-01 2.284411e-06
3.395961e+01 3.693752e-01 1.968221e-06
3.395961e+01 3.988518e-01 1.641385e-06
3.395961e+01 4.306805e-01 1.493074e-06
3.395961e+01 4.650493e-01 1.332926e-06
3.395961e+01 5.021607e-01 1.159999e-06
3.395961e+01 5.422336e-01 9.732724e-07
3.395961e+01 5.855044e-01 8.531765e-07
3.395961e+01 6.322283e-01 7.614913e-07
3.395961e+01 6.826808e-01 6.624896e-07
3.395961e+01 7.371594e-01 5.555875e-07
3.395961e+01 7.959855e-01 4.621388e-07
3.395961e+01 8.595059e-01 4.129635e-07
3.395961e+01 9.280954e-01 3.598641e-07
3.395961e+01 1.002158e+00 3.025272e-07
3.395961e+01 1.082132e+00 2.406148e-07
3.395961e+01 1.168487e+00 2.131753e-07
3.395961e+01 1.261733e+00 1.869028e-07
3.395961e+01 1.362421e+00 1.585339e-07
3.395961e+01 1.471144e+00 1.279010e-07
3.395961e+01 1.588542e+00 1.066102e-07
3.395961e+01 1.715310e+00 9.394005e-08
3.395961e+01 1.852193e+00 8.025882e-08
3.395961e+01 2.000000e+00 6.548580e-08
3.465880e+01 1.000000e-03 5.970013e-06
3.465880e+01 1.079801e-03 6.410868e-06
3.465880e+01 1.165970e-03 6.881131e-06
3.465880e+01 1.259016e-03 7.382036e-06
3.465880e+01 1.359487e-03 7.914674e-06
3.465880e+01 1.467975e-03 8.480030e-06
3.465880e+01 1.585121e-03 9.078860e-06
3.465880e+01 1.711615e-03 9.711650e-06
3.465880e+01 1.848204e-03 1.037863e-05
3.465880e+01 1.995693e-03 1.107969e-05
3.465880e+01 2.154951e-03 1.181429e-05
3.465880e+01 2.326918e-03 1.258148e-05
3.465880e+01 2.512609e-03 1.337990e-05
3.465880e+01 2.713117e-03 1.420771e-05
3.465880e+01 2.929627e-03 1.506255e-05
3.465880e+01 3.163414e-03 1.594160e-05
3.465880e+01 3.415858e-03 1.684149e-05
3.465880e+01 3.688447e-03 1.775832e-05
3.465880e+01 3.982789e-03 1.868726e-05
3.465880e+01 4.300619e-03 1.962260e-05
3.465880e+01 4.643813e-03 2.055788e-05
3.465880e+01 5.014394e-03 2.148525e-05
3.465880e+01 5.414548e-03 2.239544e-05
3.465880e+01 5.846635e-03 2.327835e-05
3.465880e+01 6.313202e-03 2.412244e-05
3.465880e+01 6.817002e-03 2.491491e-05
3.465880e+01 7.361006e-03 2.564232e-05
3.465880e+01 7.948422e-03 2.628953e-05
3.465880e+01 8.582714e-03 2.684003e-05
3.465880e+01 9.267624e-03 2.727743e-05
3.465880e+01 1.000719e-02 2.758435e-05
3.465880e+01 1.080577e-02 2.774322e-05
3.465880e+01 1.166809e-02 2.773835e-05
3.465880e+01 1.259921e-02 2.755573e-05
3.465880e+01 1.360464e-02 2.718409e-05
3.465880e+01 1.469030e-02 2.661680e-05
3.465880e+01 1.586261e-02 2.585529e-05
3.465880e+01 1.712846e-02 2.490865e-05
3.465880e+01 1.849533e-02 2.379185e-05
3.465880e+01 1.997127e-02 2.253709e-05
3.465880e+01 2.156500e-02 2.118740e-05
3.465880e+01 2.328591e-02 1.978435e-05
3.465880e+01 2.514415e-02 1.838522e-05
3.465880e+01 2.715068e-02 1.705116e-05
3.465880e+01 2.931733e-02 1.582811e-05
3.465880e+01 3.165689e-02 1.474972e-05
3.465880e+01 3.418314e-02 1.383622e-05
3.465880e+01 3.691099e-02 1.307353e-05
3.465880e+01 3.985652e-02 1.241549e-05
3.465880e+01 4.303711e-02 1.178462e-05
3.465880e+01 4.647152e-02 1.108689e-05
3.465880e+01 5.017999e-02 1.024231e-05
3.465880e+01 5.418441e-02 9.498418e-06
3.465880e+01 5.850838e-02 9.132916e-06
3.465880e+01 6.317741e-02 8.738246e-06
3.465880e+01 6.821903e-02 8.312081e-06
3.465880e+01 7.366298e-02 7.832550e-06
3.465880e+01 7.954136e-02 7.117079e-06
3.465880e+01 8.588885e-02 6.344513e-06
3.465880e+01 9.274286e-02 5.510295e-06
3.465880e+01 1.001438e-01 4.609506e-06
3.465880e+01 1.081354e-01 4.098189e-06
3.465880e+01 1.167647e-01 3.766181e-06
3.465880e+01 1.260827e-01 3.407679e-06
3.465880e+01 1.361442e-01 3.020568e-06
3.465880e+01 1.470087e-01 2.645709e-06
3.465880e+01 1.587401e-01 2.424724e-06
3.465880e+01 1.714077e-01 2.186104e-06
3.465880e+01 1.850862e-01 1.928441e-06
3.465880e+01 1.998563e-01 1.650217e-06
3.465880e+01 2.158051e-01 1.494112e-06
3.465880e+01 2.330265e-01 1.354377e-06
3.465880e+01 2.516223e-01 1.203491e-06
3.465880e+01 2.717020e-01 1.040564e-06
3.465880e+01 2.933841e-01 9.091462e-07
3.465880e+01 3.167964e-01 8.238122e-07
3.465880e+01 3.420771e-01 7.316685e-07
3.465880e+01 3.693752e-01 6.321717e-07
3.465880e+01 3.988518e-01 5.292753e-07
3.465880e+01 4.306805e-01 4.818549e-07
3.465880e+01 4.650493e-01 4.306502e-07
3.465880e+01 5.021607e-01 3.753594e-07
3.465880e+01 5.422336e-01 3.156564e-07
3.465880e+01 5.855044e-01 2.771743e-07
3.465880e+01 6.322283e-01 2.477308e-07
3.465880e+01 6.826808e-01 2.159376e-07
3.465880e+01 7.371594e-01 1.816073e-07
3.465880e+01 7.959855e-01 1.515698e-07
3.465880e+01 8.595059e-01 1.356828e-07
3.465880e+01 9.280954e-01 1.185281e-07
3.465880e+01 1.002158e+00 1.000044e-07
3.465880e+01 1.082132e+00 8.000246e-08
3.465880e+01 1.168487e+00 7.111193e-08
3.465880e+01 1.261733e+00 6.259422e-08
3.465880e+01 1.362421e+00 5.339680e-08
3.465880e+01 1.471144e+00 4.346541e-08
3.465880e+01 1.588542e+00 3.657263e-08
3.465880e+01 1.715310e+00 3.248411e-08
3.465880e+01 1.852193e+00 2.806932e-08
3.465880e+01 2.000000e+00 2.330223e-08
3.537197e+01 1.000000e-03 0.000000e+00
3.537197e+01 1.079801e-03 0.000000e+00
3.537197e+01 1.165970e-03 0.000000e+00
3.537197e+01 1.259016e-03 0.000000e+00
3.537197e+01 1.359487e-03 0.000000e+00
3.537197e+01 1.467975e-03 0.000000e+00
3.537197e+01 1.585121e-03 0.000000e+00
3.537197e+01 1.711615e-03 0.000000e+00
3.537197e+01 1.848204e-03 0.000000e+00
3.537197e+01 1.995693e-03 0.000000e+00
3.537197e+01 2.154951e-03 0.000000e+00
3.537197e+01 2.326918e-03 0.000000e+00
3.537197e+01 2.512609e-03 0.000000e+00
3.537197e+01 2.713117e-03 0.000000e+00
3.537197e+01 2.929627e-03 0.000000e+00
3.537197e+01 3.163414e-03 0.000000e+00
3.537197e+01 3.415858e-03 0.000000e+00
3.537197e+01 3.688447e-03 0.000000e+00
3.537197e+01 3.982789e-03 0.000000e+00
3.537197e+01 4.300619e-03 0.000000e+00
3.537197e+01 4.643813e-03 0.000000e+00
3.537197e+01 5.014394e-03 0.000000e+00
3.537197e+01 5.414548e-03 0.000000e+00
3.537197e+01 5.846635e-03 0.000000e+00
3.537197e+01 6.313202e-03 0.000000e+00
3.537197e+01 6.817002e-03 0.000000e+00
3.537197e+01 7.361006e-03 0.000000e+00
3.537197e+01 7.948422e-03 0.000000e+00
3.537197e+01 8.582714e-03 0.000000e+00
3.537197e+01 9.267624e-03 0.000000e+00
3.537197e+01 1.000719e-02 0.000000e+00
3.537197e+01 1.080577e-02 0.000000e+00
3.537197e+01 1.166809e-02 0.000000e+00
3.537197e+01 1.259921e-02 0.000000e+00
3.537197e+01 1.360464e-02 0.000000e+00
3.537197e+01 1.469030e-02 0.000000e+00
3.537197e+01 1.586261e-02 0.000000e+00
3.537197e+01 1.712846e-02 0.000000e+00
3.537197e+01 1.849533e-02 0.000000e+00
3.537197e+01 1.997127e-02 0.000000e+00
3.537197e+01 2.156500e-02 0.000000e+00
3.537197e+01 2.328591e-02 0.000000e+00
3.537197e+01 2.514415e-02 0.000000e+00
3.537197e+01 2.715068e-02 0.000000e+00
3.537197e+01 2.931733e-02 0.000000e+00
3.537197e+01 3.165689e-02 0.000000e+00
3.537197e+01 3.418314e-02 0.000000e+00
3.537197e+01 3.691099e-02 0.000000e+00
3.537197e+01 3.985652e-02 0.000000e+00
3.537197e+01 4.303711e-02 0.000000e+00
3.537197e+01 4.647152e-02 0.000000e+00
3.537197e+01 5.017999e-02 0.000000e+00
3.537197e+01 5.418441e-02 0.000000e+00
3.537197e+01 5.850838e-02 0.000000e+00
3.537197e+01 6.317741e-02 0.000000e+00
3.537197e+01 6.821903e-02 0.000000e+00
3.537197e+01 7.366298e-02 0.000000e+00
3.537197e+01 7.954136e-02 0.000000e+00
3.537197e+01 8.588885e-02 0.000000e+00
3.537197e+01 9.274286e-02 0.000000e+00
3.537197e+01 1.001438e-01 0.000000e+00
3.537197e+01 1.081354e-01 0.000000e+00
3.537197e+01 1.167647e-01 0.000000e+00
3.537197e+01 1.260827e-01 0.000000e+00
3.537197e+01 1.361442e-01 0.000000e+00
3.537197e+01 1.470087e-01 0.000000e+00
3.537197e+01 1.587401e-01 0.000000e+00
3.537197e+01 1.714077e-01 0.000000e+00
3.537197e+01 1.850862e-01 0.000000e+00
3.537197e+01 1.998563e-01 0.000000e+00
3.537197e+01 2.158051e-01 0.000000e+00
3.537197e+01 2.330265e-01 0.000000e+00
3.537197e+01 2.516223e-01 0.000000e+00
3.537197e+01 2.717020e-01 0.000000e+00
3.537197e+01 2.933841e-01 0.000000e+00
3.537197e+01 3.167964e-01 0.000000e+00
3.537197e+01 3.420771e-01 0.000000e+00
3.537197e+01 3.693752e-01 0.000000e+00
3.537197e+01 3.988518e-01 0.000000e+00
3.537197e+01 4.306805e-01 0.000000e+00
3.537197e+01 4.650493e-01 0.000000e+00
3.537197e+01 5.021607e-01 0.000000e+00
3.537197e+01 5.422336e-01 0.000000e+00
3.537197e+01 5.855044e-01 0.000000e+00
3.537197e+01 6.322283e-01 0.000000e+00
3.537197e+01 6.826808e-01 0.000000e+00
3.537197e+01 7.371594e-01 0.000000e+00
3.537197e+01 7.959855e-01 -6.503034e-24
3.537197e+01 8.595059e-01 8.670712e-24
3.537197e+01 9.280954e-01 0.000000e+00
3.537197e+01 1.002158e+00 0.000000e+00
3.537197e+01 1.082132e+00 0.000000e+00
3.537197e+01 1.168487e+00 0.000000e+00
3.537197e+01 1.261733e+00 0.000000e+00
3.537197e+01 1.362421e+00 0.000000e+00
3.537197e+01 1.471144e+00 0.000000e+00
3.537197e+01 1.588542e+00 0.000000e+00
3.537197e+01 1.715310e+00 0.000000e+00
3.537197e+01 1.852193e+00 0.000000e+00
3.537197e+01 2.000000e+00 0.000000e+00
