5.000000e+00 1.000000e-03 -2.356881e+02
5.000000e+00 1.079801e-03 -2.526731e+02
5.000000e+00 1.165970e-03 -2.707299e+02
5.000000e+00 1.259016e-03 -2.899001e+02
5.000000e+00 1.359487e-03 -3.102218e+02
5.000000e+00 1.467975e-03 -3.317304e+02
5.000000e+00 1.585121e-03 -3.544547e+02
5.000000e+00 1.711615e-03 -3.784167e+02
5.000000e+00 1.848204e-03 -4.036311e+02
5.000000e+00 1.995693e-03 -4.301019e+02
5.000000e+00 2.154951e-03 -4.578197e+02
5.000000e+00 2.326918e-03 -4.867636e+02
5.000000e+00 2.512609e-03 -5.168952e+02
5.000000e+00 2.713117e-03 -5.481575e+02
5.000000e+00 2.929627e-03 -5.804752e+02
5.000000e+00 3.163414e-03 -6.137477e+02
5.000000e+00 3.415858e-03 -6.478465e+02
5.000000e+00 3.688447e-03 -6.826189e+02
5.000000e+00 3.982789e-03 -7.178766e+02
5.000000e+00 4.300619e-03 -7.533949e+02
5.000000e+00 4.643813e-03 -7.889187e+02
5.000000e+00 5.014394e-03 -8.241460e+02
5.000000e+00 5.414548e-03 -8.587282e+02
5.000000e+00 5.846635e-03 -8.922842e+02
5.000000e+00 6.313202e-03 -9.243746e+02
5.000000e+00 6.817002e-03 -9.545073e+02
5.000000e+00 7.361006e-03 -9.821645e+02
5.000000e+00 7.948422e-03 -1.006765e+03
5.000000e+00 8.582714e-03 -1.027679e+03
5.000000e+00 9.267624e-03 -1.044280e+03
5.000000e+00 1.000719e-02 -1.055901e+03
5.000000e+00 1.080577e-02 -1.061869e+03
5.000000e+00 1.166809e-02 -1.061583e+03
5.000000e+00 1.259921e-02 -1.054506e+03
5.000000e+00 1.360464e-02 -1.040208e+03
5.000000e+00 1.469030e-02 -1.018436e+03
5.000000e+00 1.586261e-02 -9.892432e+02
5.000000e+00 1.712846e-02 -9.529741e+02
5.000000e+00 1.849533e-02 -9.101988e+02
5.000000e+00 1.997127e-02 -8.621502e+02
5.000000e+00 2.156500e-02 -8.104793e+02
5.000000e+00 2.328591e-02 -7.567795e+02
5.000000e+00 2.514415e-02 -7.032402e+02
5.000000e+00 2.715068e-02 -6.521981e+02
5.000000e+00 2.931733e-02 -6.054074e+02
5.000000e+00 3.165689e-02 -5.641540e+02
5.000000e+00 3.418314e-02 -5.292114e+02
5.000000e+00 3.691099e-02 -5.000394e+02
5.000000e+00 3.985652e-02 -4.748711e+02
5.000000e+00 4.303711e-02 -4.507421e+02
5.000000e+00 4.647152e-02 -4.240542e+02
5.000000e+00 5.017999e-02 -3.917481e+02
5.000000e+00 5.418441e-02 -3.560018e+02
5.000000e+00 5.850838e-02 -3.217187e+02
5.000000e+00 6.317741e-02 -2.846998e+02
5.000000e+00 6.821903e-02 -2.447268e+02
5.000000e+00 7.366298e-02 -2.030071e+02
5.000000e+00 7.954136e-02 -1.726952e+02
5.000000e+00 8.588885e-02 -1.399644e+02
5.000000e+00 9.274286e-02 -1.046217e+02
5.000000e+00 1.001438e-01 -6.645856e+01
5.000000e+00 1.081354e-01 -4.992323e+01
5.000000e+00 1.167647e-01 -4.383999e+01
5.000000e+00 1.260827e-01 -3.727130e+01
5.000000e+00 1.361442e-01 -3.017842e+01
5.000000e+00 1.470087e-01 -2.345645e+01
5.000000e+00 1.587401e-01 -2.018913e+01
5.000000e+00 1.714077e-01 -1.666107e+01
5.000000e+00 1.850862e-01 -1.285148e+01
5.000000e+00 1.998563e-01 -8.737871e+00
5.000000e+00 2.158051e-01 -7.195566e+00
5.000000e+00 2.330265e-01 -6.109355e+00
5.000000e+00 2.516223e-01 -4.936463e+00
5.000000e+00 2.717020e-01 -3.669973e+00
5.000000e+00 2.933841e-01 -2.745074e+00
5.000000e+00 3.167964e-01 -2.308957e+00
5.000000e+00 3.420771e-01 -1.838036e+00
5.000000e+00 3.693752e-01 -1.329537e+00
5.000000e+00 3.988518e-01 -8.122607e-01
5.000000e+00 4.306805e-01 -6.997972e-01
5.000000e+00 4.650493e-01 -5.783589e-01
5.000000e+00 5.021607e-01 -4.472298e-01
5.000000e+00 5.422336e-01 -3.056364e-01
5.000000e+00 5.855044e-01 -2.356305e-01
5.000000e+00 6.322283e-01 -1.986640e-01
5.000000e+00 6.826808e-01 -1.587475e-01
5.000000e+00 7.371594e-01 -1.156456e-01
5.000000e+00 7.959855e-01 -8.029795e-02
5.000000e+00 8.595059e-01 -6.846951e-02
5.000000e+00 9.280954e-01 -5.569715e-02
5.000000e+00 1.002158e+00 -4.190554e-02
5.000000e+00 1.082132e+00 -2.701334e-02
5.000000e+00 1.168487e+00 -2.268671e-02
5.000000e+00 1.261733e+00 -1.901590e-02
5.000000e+00 1.362421e+00 -1.505215e-02
5.000000e+00 1.471144e+00 -1.077209e-02
5.000000e+00 1.588542e+00 -8.113170e-03
5.000000e+00 1.715310e+00 -6.960477e-03
5.000000e+00 1.852193e+00 -5.715798e-03
5.000000e+00 2.000000e+00 -4.371793e-03
5.120000e+00 1.000000e-03 -3.807844e+02
5.120000e+00 1.079801e-03 -4.082292e+02
5.120000e+00 1.165970e-03 -4.374059e+02
5.120000e+00 1.259016e-03 -4.683814e+02
5.120000e+00 1.359487e-03 -5.012175e+02
5.120000e+00 1.467975e-03 -5.359708e+02
5.120000e+00 1.585121e-03 -5.726885e+02
5.120000e+00 1.711615e-03 -6.114056e+02
5.120000e+00 1.848204e-03 -6.521465e+02
5.120000e+00 1.995693e-03 -6.949173e+02
5.120000e+00 2.154951e-03 -7.397030e+02
5.120000e+00 2.326918e-03 -7.864695e+02
5.120000e+00 2.512609e-03 -8.351551e+02
5.120000e+00 2.713117e-03 -8.856674e+02
5.120000e+00 2.929627e-03 -9.378850e+02
5.120000e+00 3.163414e-03 -9.916452e+02
5.120000e+00 3.415858e-03 -1.046741e+03
5.120000e+00 3.688447e-03 -1.102924e+03
5.120000e+00 3.982789e-03 -1.159892e+03
5.120000e+00 4.300619e-03 -1.217281e+03
5.120000e+00 4.643813e-03 -1.274678e+03
5.120000e+00 5.014394e-03 -1.331597e+03
5.120000e+00 5.414548e-03 -1.387473e+03
5.120000e+00 5.846635e-03 -1.441691e+03
5.120000e+00 6.313202e-03 -1.493541e+03
5.120000e+00 6.817002e-03 -1.542228e+03
5.120000e+00 7.361006e-03 -1.586915e+03
5.120000e+00 7.948422e-03 -1.626663e+03
5.120000e+00 8.582714e-03 -1.660455e+03
5.120000e+00 9.267624e-03 -1.687277e+03
5.120000e+00 1.000719e-02 -1.706054e+03
5.120000e+00 1.080577e-02 -1.715698e+03
5.120000e+00 1.166809e-02 -1.715236e+03
5.120000e+00 1.259921e-02 -1.703801e+03
5.120000e+00 1.360464e-02 -1.680699e+03
5.120000e+00 1.469030e-02 -1.645521e+03
5.120000e+00 1.586261e-02 -1.598354e+03
5.120000e+00 1.712846e-02 -1.539753e+03
5.120000e+00 1.849533e-02 -1.470639e+03
5.120000e+00 1.997127e-02 -1.393006e+03
5.120000e+00 2.156500e-02 -1.309519e+03
5.120000e+00 2.328591e-02 -1.222755e+03
5.120000e+00 2.514415e-02 -1.136249e+03
5.120000e+00 2.715068e-02 -1.053779e+03
5.120000e+00 2.931733e-02 -9.781775e+02
5.120000e+00 3.165689e-02 -9.115230e+02
5.120000e+00 3.418314e-02 -8.550651e+02
5.120000e+00 3.691099e-02 -8.079308e+02
5.120000e+00 3.985652e-02 -7.672656e+02
5.120000e+00 4.303711e-02 -7.282795e+02
5.120000e+00 4.647152e-02 -6.851589e+02
5.120000e+00 5.017999e-02 -6.329609e+02
5.120000e+00 5.418441e-02 -5.775614e+02
5.120000e+00 5.850838e-02 -5.287324e+02
5.120000e+00 6.317741e-02 -4.760068e+02
5.120000e+00 6.821903e-02 -4.190736e+02
5.120000e+00 7.366298e-02 -3.588214e+02
5.120000e+00 7.954136e-02 -3.062625e+02
5.120000e+00 8.588885e-02 -2.495092e+02
5.120000e+00 9.274286e-02 -1.882271e+02
5.120000e+00 1.001438e-01 -1.220545e+02
5.120000e+00 1.081354e-01 -9.242170e+01
5.120000e+00 1.167647e-01 -8.037673e+01
5.120000e+00 1.260827e-01 -6.737056e+01
5.120000e+00 1.361442e-01 -5.332648e+01
5.120000e+00 1.470087e-01 -4.024902e+01
5.120000e+00 1.587401e-01 -3.501965e+01
5.120000e+00 1.714077e-01 -2.937297e+01
5.120000e+00 1.850862e-01 -2.327567e+01
5.120000e+00 1.998563e-01 -1.669181e+01
5.120000e+00 2.158051e-01 -1.387695e+01
5.120000e+00 2.330265e-01 -1.169523e+01
5.120000e+00 2.516223e-01 -9.339420e+00
5.120000e+00 2.717020e-01 -6.795609e+00
5.120000e+00 2.933841e-01 -4.982539e+00
5.120000e+00 3.167964e-01 -4.211504e+00
5.120000e+00 3.420771e-01 -3.378940e+00
5.120000e+00 3.693752e-01 -2.479936e+00
5.120000e+00 3.988518e-01 -1.564500e+00
5.120000e+00 4.306805e-01 -1.351822e+00
5.120000e+00 4.650493e-01 -1.122171e+00
5.120000e+00 5.021607e-01 -8.741947e-01
5.120000e+00 5.422336e-01 -6.064292e-01
5.120000e+00 5.855044e-01 -4.703856e-01
5.120000e+00 6.322283e-01 -3.948265e-01
5.120000e+00 6.826808e-01 -3.132378e-01
5.120000e+00 7.371594e-01 -2.251382e-01
5.120000e+00 7.959855e-01 -1.533660e-01
5.120000e+00 8.595059e-01 -1.308288e-01
5.120000e+00 9.280954e-01 -1.064931e-01
5.120000e+00 1.002158e+00 -8.021538e-02
5.120000e+00 1.082132e+00 -5.184068e-02
5.120000e+00 1.168487e+00 -4.348483e-02
5.120000e+00 1.261733e+00 -3.636004e-02
5.120000e+00 1.362421e+00 -2.866668e-02
5.120000e+00 1.471144e+00 -2.035938e-02
5.120000e+00 1.588542e+00 -1.522446e-02
5.120000e+00 1.715310e+00 -1.303774e-02
5.120000e+00 1.852193e+00 -1.067652e-02
5.120000e+00 2.000000e+00 -8.126874e-03
5.242400e+00 1.000000e-03 -5.511396e+02
5.242400e+00 1.079801e-03 -5.908677e+02
5.242400e+00 1.165970e-03 -6.331029e+02
5.242400e+00 1.259016e-03 -6.779417e+02
5.242400e+00 1.359487e-03 -7.254735e+02
5.242400e+00 1.467975e-03 -7.757802e+02
5.242400e+00 1.585121e-03 -8.289299e+02
5.242400e+00 1.711615e-03 -8.849736e+02
5.242400e+00 1.848204e-03 -9.439467e+02
5.242400e+00 1.995693e-03 -1.005858e+03
5.242400e+00 2.154951e-03 -1.070686e+03
5.242400e+00 2.326918e-03 -1.138381e+03
5.242400e+00 2.512609e-03 -1.208854e+03
5.242400e+00 2.713117e-03 -1.281970e+03
5.242400e+00 2.929627e-03 -1.357555e+03
5.242400e+00 3.163414e-03 -1.435373e+03
5.242400e+00 3.415858e-03 -1.515124e+03
5.242400e+00 3.688447e-03 -1.596449e+03
5.242400e+00 3.982789e-03 -1.678910e+03
5.242400e+00 4.300619e-03 -1.761979e+03
5.242400e+00 4.643813e-03 -1.845062e+03
5.242400e+00 5.014394e-03 -1.927451e+03
5.242400e+00 5.414548e-03 -2.008331e+03
5.242400e+00 5.846635e-03 -2.086811e+03
5.242400e+00 6.313202e-03 -2.161864e+03
5.242400e+00 6.817002e-03 -2.232337e+03
5.242400e+00 7.361006e-03 -2.297021e+03
5.242400e+00 7.948422e-03 -2.354557e+03
5.242400e+00 8.582714e-03 -2.403470e+03
5.242400e+00 9.267624e-03 -2.442294e+03
5.242400e+00 1.000719e-02 -2.469474e+03
5.242400e+00 1.080577e-02 -2.483434e+03
5.242400e+00 1.166809e-02 -2.482765e+03
5.242400e+00 1.259921e-02 -2.466214e+03
5.242400e+00 1.360464e-02 -2.432775e+03
5.242400e+00 1.469030e-02 -2.381856e+03
5.242400e+00 1.586261e-02 -2.313582e+03
5.242400e+00 1.712846e-02 -2.228759e+03
5.242400e+00 1.849533e-02 -2.128718e+03
5.242400e+00 1.997127e-02 -2.016345e+03
5.242400e+00 2.156500e-02 -1.895501e+03
5.242400e+00 2.328591e-02 -1.769911e+03
5.242400e+00 2.514415e-02 -1.644696e+03
5.242400e+00 2.715068e-02 -1.525322e+03
5.242400e+00 2.931733e-02 -1.415891e+03
5.242400e+00 3.165689e-02 -1.319410e+03
5.242400e+00 3.418314e-02 -1.237688e+03
5.242400e+00 3.691099e-02 -1.169462e+03
5.242400e+00 3.985652e-02 -1.110600e+03
5.242400e+00 4.303711e-02 -1.054169e+03
5.242400e+00 4.647152e-02 -9.917528e+02
5.242400e+00 5.017999e-02 -9.161973e+02
5.242400e+00 5.418441e-02 -8.364860e+02
5.242400e+00 5.850838e-02 -7.671387e+02
5.242400e+00 6.317741e-02 -6.922576e+02
5.242400e+00 6.821903e-02 -6.114008e+02
5.242400e+00 7.366298e-02 -5.259947e+02
5.242400e+00 7.954136e-02 -4.532065e+02
5.242400e+00 8.588885e-02 -3.746097e+02
5.242400e+00 9.274286e-02 -2.897407e+02
5.242400e+00 1.001438e-01 -1.980992e+02
5.242400e+00 1.081354e-01 -1.546688e+02
5.242400e+00 1.167647e-01 -1.342633e+02
5.242400e+00 1.260827e-01 -1.122295e+02
5.242400e+00 1.361442e-01 -8.843734e+01
5.242400e+00 1.470087e-01 -6.631860e+01
5.242400e+00 1.587401e-01 -5.765108e+01
5.242400e+00 1.714077e-01 -4.829188e+01
5.242400e+00 1.850862e-01 -3.818580e+01
5.242400e+00 1.998563e-01 -2.727325e+01
5.242400e+00 2.158051e-01 -2.266479e+01
5.242400e+00 2.330265e-01 -1.912171e+01
5.242400e+00 2.516223e-01 -1.529588e+01
5.242400e+00 2.717020e-01 -1.116476e+01
5.242400e+00 2.933841e-01 -8.221023e+00
5.242400e+00 3.167964e-01 -6.970462e+00
5.242400e+00 3.420771e-01 -5.620104e+00
5.242400e+00 3.693752e-01 -4.161987e+00
5.242400e+00 3.988518e-01 -2.675703e+00
5.242400e+00 4.306805e-01 -2.307864e+00
5.242400e+00 4.650493e-01 -1.910672e+00
5.242400e+00 5.021607e-01 -1.481783e+00
5.242400e+00 5.422336e-01 -1.018668e+00
5.242400e+00 5.855044e-01 -7.865262e-01
5.242400e+00 6.322283e-01 -6.607161e-01
5.242400e+00 6.826808e-01 -5.248662e-01
5.242400e+00 7.371594e-01 -3.781754e-01
5.242400e+00 7.959855e-01 -2.584330e-01
5.242400e+00 8.595059e-01 -2.200919e-01
5.242400e+00 9.280954e-01 -1.786911e-01
5.242400e+00 1.002158e+00 -1.339865e-01
5.242400e+00 1.082132e+00 -8.571445e-02
5.242400e+00 1.168487e+00 -7.172202e-02
5.242400e+00 1.261733e+00 -5.986066e-02
5.242400e+00 1.362421e+00 -4.705275e-02
5.242400e+00 1.471144e+00 -3.322275e-02
5.242400e+00 1.588542e+00 -2.471475e-02
5.242400e+00 1.715310e+00 -2.115370e-02
5.242400e+00 1.852193e+00 -1.730847e-02
5.242400e+00 2.000000e+00 -1.315640e-02
5.367248e+00 1.000000e-03 -6.971476e+02
5.367248e+00 1.079801e-03 -7.474072e+02
5.367248e+00 1.165970e-03 -8.008384e+02
5.367248e+00 1.259016e-03 -8.575631e+02
5.367248e+00 1.359487e-03 -9.176942e+02
5.367248e+00 1.467975e-03 -9.813354e+02
5.367248e+00 1.585121e-03 -1.048572e+03
5.367248e+00 1.711615e-03 -1.119470e+03
5.367248e+00 1.848204e-03 -1.194074e+03
5.367248e+00 1.995693e-03 -1.272394e+03
5.367248e+00 2.154951e-03 -1.354404e+03
5.367248e+00 2.326918e-03 -1.440041e+03
5.367248e+00 2.512609e-03 -1.529191e+03
5.367248e+00 2.713117e-03 -1.621686e+03
5.367248e+00 2.929627e-03 -1.717304e+03
5.367248e+00 3.163414e-03 -1.815745e+03
5.367248e+00 3.415858e-03 -1.916632e+03
5.367248e+00 3.688447e-03 -2.019511e+03
5.367248e+00 3.982789e-03 -2.123825e+03
5.367248e+00 4.300619e-03 -2.228910e+03
5.367248e+00 4.643813e-03 -2.334011e+03
5.367248e+00 5.014394e-03 -2.438235e+03
5.367248e+00 5.414548e-03 -2.540550e+03
5.367248e+00 5.846635e-03 -2.639829e+03
5.367248e+00 6.313202e-03 -2.734773e+03
5.367248e+00 6.817002e-03 -2.823924e+03
5.367248e+00 7.361006e-03 -2.905751e+03
5.367248e+00 7.948422e-03 -2.978533e+03
5.367248e+00 8.582714e-03 -3.040409e+03
5.367248e+00 9.267624e-03 -3.089522e+03
5.367248e+00 1.000719e-02 -3.123906e+03
5.367248e+00 1.080577e-02 -3.141567e+03
5.367248e+00 1.166809e-02 -3.140721e+03
5.367248e+00 1.259921e-02 -3.119784e+03
5.367248e+00 1.360464e-02 -3.077483e+03
5.367248e+00 1.469030e-02 -3.013070e+03
5.367248e+00 1.586261e-02 -2.926704e+03
5.367248e+00 1.712846e-02 -2.819401e+03
5.367248e+00 1.849533e-02 -2.692850e+03
5.367248e+00 1.997127e-02 -2.550697e+03
5.367248e+00 2.156500e-02 -2.397827e+03
5.367248e+00 2.328591e-02 -2.238955e+03
5.367248e+00 2.514415e-02 -2.080557e+03
5.367248e+00 2.715068e-02 -1.929547e+03
5.367248e+00 2.931733e-02 -1.791116e+03
5.367248e+00 3.165689e-02 -1.669067e+03
5.367248e+00 3.418314e-02 -1.565688e+03
5.367248e+00 3.691099e-02 -1.479382e+03
5.367248e+00 3.985652e-02 -1.404920e+03
5.367248e+00 4.303711e-02 -1.333534e+03
5.367248e+00 4.647152e-02 -1.254577e+03
5.367248e+00 5.017999e-02 -1.158999e+03
5.367248e+00 5.418441e-02 -1.059023e+03
5.367248e+00 5.850838e-02 -9.736946e+02
5.367248e+00 6.317741e-02 -8.815564e+02
5.367248e+00 6.821903e-02 -7.820654e+02
5.367248e+00 7.366298e-02 -6.770678e+02
5.367248e+00 7.954136e-02 -5.885327e+02
5.367248e+00 8.588885e-02 -4.929324e+02
5.367248e+00 9.274286e-02 -3.897031e+02
5.367248e+00 1.001438e-01 -2.782360e+02
5.367248e+00 1.081354e-01 -2.230016e+02
5.367248e+00 1.167647e-01 -1.944321e+02
5.367248e+00 1.260827e-01 -1.635827e+02
5.367248e+00 1.361442e-01 -1.302714e+02
5.367248e+00 1.470087e-01 -9.913392e+01
5.367248e+00 1.587401e-01 -8.609520e+01
5.367248e+00 1.714077e-01 -7.201598e+01
5.367248e+00 1.850862e-01 -5.681321e+01
5.367248e+00 1.998563e-01 -4.039726e+01
5.367248e+00 2.158051e-01 -3.356716e+01
5.367248e+00 2.330265e-01 -2.836841e+01
5.367248e+00 2.516223e-01 -2.275478e+01
5.367248e+00 2.717020e-01 -1.669318e+01
5.367248e+00 2.933841e-01 -1.235329e+01
5.367248e+00 3.167964e-01 -1.047001e+01
5.367248e+00 3.420771e-01 -8.436443e+00
5.367248e+00 3.693752e-01 -6.240595e+00
5.367248e+00 3.988518e-01 -4.002731e+00
5.367248e+00 4.306805e-01 -3.454833e+00
5.367248e+00 4.650493e-01 -2.863212e+00
5.367248e+00 5.021607e-01 -2.224379e+00
5.367248e+00 5.422336e-01 -1.534567e+00
5.367248e+00 5.855044e-01 -1.186736e+00
5.367248e+00 6.322283e-01 -9.961679e-01
5.367248e+00 6.826808e-01 -7.903920e-01
5.367248e+00 7.371594e-01 -5.681950e-01
5.367248e+00 7.959855e-01 -3.870141e-01
5.367248e+00 8.595059e-01 -3.296123e-01
5.367248e+00 9.280954e-01 -2.676298e-01
5.367248e+00 1.002158e+00 -2.007010e-01
5.367248e+00 1.082132e+00 -1.284313e-01
5.367248e+00 1.168487e+00 -1.073625e-01
5.367248e+00 1.261733e+00 -8.946438e-02
5.367248e+00 1.362421e+00 -7.013799e-02
5.367248e+00 1.471144e+00 -4.926933e-02
5.367248e+00 1.588542e+00 -3.646049e-02
5.367248e+00 1.715310e+00 -3.114426e-02
5.367248e+00 1.852193e+00 -2.540378e-02
5.367248e+00 2.000000e+00 -1.920522e-02
5.494593e+00 1.000000e-03 -8.143623e+02
5.494593e+00 1.079801e-03 -8.730803e+02
5.494593e+00 1.165970e-03 -9.355036e+02
5.494593e+00 1.259016e-03 -1.001774e+03
5.494593e+00 1.359487e-03 -1.072025e+03
5.494593e+00 1.467975e-03 -1.146375e+03
5.494593e+00 1.585121e-03 -1.224925e+03
5.494593e+00 1.711615e-03 -1.307752e+03
5.494593e+00 1.848204e-03 -1.394908e+03
5.494593e+00 1.995693e-03 -1.486406e+03
5.494593e+00 2.154951e-03 -1.582214e+03
5.494593e+00 2.326918e-03 -1.682259e+03
5.494593e+00 2.512609e-03 -1.786408e+03
5.494593e+00 2.713117e-03 -1.894465e+03
5.494593e+00 2.929627e-03 -2.006169e+03
5.494593e+00 3.163414e-03 -2.121172e+03
5.494593e+00 3.415858e-03 -2.239032e+03
5.494593e+00 3.688447e-03 -2.359219e+03
5.494593e+00 3.982789e-03 -2.481082e+03
5.494593e+00 4.300619e-03 -2.603846e+03
5.494593e+00 4.643813e-03 -2.726628e+03
5.494593e+00 5.014394e-03 -2.848386e+03
5.494593e+00 5.414548e-03 -2.967913e+03
5.494593e+00 5.846635e-03 -3.083894e+03
5.494593e+00 6.313202e-03 -3.194811e+03
5.494593e+00 6.817002e-03 -3.298960e+03
5.494593e+00 7.361006e-03 -3.394553e+03
5.494593e+00 7.948422e-03 -3.479579e+03
5.494593e+00 8.582714e-03 -3.551864e+03
5.494593e+00 9.267624e-03 -3.609240e+03
5.494593e+00 1.000719e-02 -3.649408e+03
5.494593e+00 1.080577e-02 -3.670041e+03
5.494593e+00 1.166809e-02 -3.669054e+03
5.494593e+00 1.259921e-02 -3.644594e+03
5.494593e+00 1.360464e-02 -3.595178e+03
5.494593e+00 1.469030e-02 -3.519930e+03
5.494593e+00 1.586261e-02 -3.419035e+03
5.494593e+00 1.712846e-02 -3.293682e+03
5.494593e+00 1.849533e-02 -3.145842e+03
5.494593e+00 1.997127e-02 -2.979776e+03
5.494593e+00 2.156500e-02 -2.801191e+03
5.494593e+00 2.328591e-02 -2.615593e+03
5.494593e+00 2.514415e-02 -2.430550e+03
5.494593e+00 2.715068e-02 -2.254137e+03
5.494593e+00 2.931733e-02 -2.092418e+03
5.494593e+00 3.165689e-02 -1.949838e+03
5.494593e+00 3.418314e-02 -1.829069e+03
5.494593e+00 3.691099e-02 -1.728244e+03
5.494593e+00 3.985652e-02 -1.641257e+03
5.494593e+00 4.303711e-02 -1.557862e+03
5.494593e+00 4.647152e-02 -1.465623e+03
5.494593e+00 5.017999e-02 -1.353966e+03
5.494593e+00 5.418441e-02 -1.237697e+03
5.494593e+00 5.850838e-02 -1.139474e+03
5.494593e+00 6.317741e-02 -1.033413e+03
5.494593e+00 6.821903e-02 -9.188877e+02
5.494593e+00 7.366298e-02 -7.983517e+02
5.494593e+00 7.954136e-02 -7.001419e+02
5.494593e+00 8.588885e-02 -5.940949e+02
5.494593e+00 9.274286e-02 -4.795852e+02
5.494593e+00 1.001438e-01 -3.559375e+02
5.494593e+00 1.081354e-01 -2.911972e+02
5.494593e+00 1.167647e-01 -2.541030e+02
5.494593e+00 1.260827e-01 -2.140486e+02
5.494593e+00 1.361442e-01 -1.707979e+02
5.494593e+00 1.470087e-01 -1.303404e+02
5.494593e+00 1.587401e-01 -1.132552e+02
5.494593e+00 1.714077e-01 -9.480668e+01
5.494593e+00 1.850862e-01 -7.488590e+01
5.494593e+00 1.998563e-01 -5.337543e+01
5.494593e+00 2.158051e-01 -4.441559e+01
5.494593e+00 2.330265e-01 -3.759054e+01
5.494593e+00 2.516223e-01 -3.022084e+01
5.494593e+00 2.717020e-01 -2.226304e+01
5.494593e+00 2.933841e-01 -1.655706e+01
5.494593e+00 3.167964e-01 -1.406477e+01
5.494593e+00 3.420771e-01 -1.137359e+01
5.494593e+00 3.693752e-01 -8.467646e+00
5.494593e+00 3.988518e-01 -5.504345e+00
5.494593e+00 4.306805e-01 -4.752766e+00
5.494593e+00 4.650493e-01 -3.941210e+00
5.494593e+00 5.021607e-01 -3.064891e+00
5.494593e+00 5.422336e-01 -2.118640e+00
5.494593e+00 5.855044e-01 -1.639462e+00
5.494593e+00 6.322283e-01 -1.374893e+00
5.494593e+00 6.826808e-01 -1.089211e+00
5.494593e+00 7.371594e-01 -7.807308e-01
5.494593e+00 7.959855e-01 -5.295483e-01
5.494593e+00 8.595059e-01 -4.510710e-01
5.494593e+00 9.280954e-01 -3.663311e-01
5.494593e+00 1.002158e+00 -2.748289e-01
5.494593e+00 1.082132e+00 -1.760248e-01
5.494593e+00 1.168487e+00 -1.469938e-01
5.494593e+00 1.261733e+00 -1.222601e-01
5.494593e+00 1.362421e+00 -9.555272e-02
5.494593e+00 1.471144e+00 -6.671405e-02
5.494593e+00 1.588542e+00 -4.908924e-02
5.494593e+00 1.715310e+00 -4.189108e-02
5.494593e+00 1.852193e+00 -3.411850e-02
5.494593e+00 2.000000e+00 -2.572566e-02
5.624485e+00 1.000000e-03 -8.641242e+02
5.624485e+00 1.079801e-03 -9.264390e+02
5.624485e+00 1.165970e-03 -9.926859e+02
5.624485e+00 1.259016e-03 -1.063016e+03
5.624485e+00 1.359487e-03 -1.137568e+03
5.624485e+00 1.467975e-03 -1.216471e+03
5.624485e+00 1.585121e-03 -1.299831e+03
5.624485e+00 1.711615e-03 -1.387728e+03
5.624485e+00 1.848204e-03 -1.480220e+03
5.624485e+00 1.995693e-03 -1.577319e+03
5.624485e+00 2.154951e-03 -1.678991e+03
5.624485e+00 2.326918e-03 -1.785160e+03
5.624485e+00 2.512609e-03 -1.895685e+03
5.624485e+00 2.713117e-03 -2.010355e+03
5.624485e+00 2.929627e-03 -2.128896e+03
5.624485e+00 3.163414e-03 -2.250938e+03
5.624485e+00 3.415858e-03 -2.376011e+03
5.624485e+00 3.688447e-03 -2.503553e+03
5.624485e+00 3.982789e-03 -2.632875e+03
5.624485e+00 4.300619e-03 -2.763152e+03
5.624485e+00 4.643813e-03 -2.893448e+03
5.624485e+00 5.014394e-03 -3.022656e+03
5.624485e+00 5.414548e-03 -3.149499e+03
5.624485e+00 5.846635e-03 -3.272577e+03
5.624485e+00 6.313202e-03 -3.390282e+03
5.624485e+00 6.817002e-03 -3.500805e+03
5.624485e+00 7.361006e-03 -3.602246e+03
5.624485e+00 7.948422e-03 -3.692476e+03
5.624485e+00 8.582714e-03 -3.769184e+03
5.624485e+00 9.267624e-03 -3.830072e+03
5.624485e+00 1.000719e-02 -3.872699e+03
5.624485e+00 1.080577e-02 -3.894595e+03
5.624485e+00 1.166809e-02 -3.893548e+03
5.624485e+00 1.259921e-02 -3.867592e+03
5.624485e+00 1.360464e-02 -3.815153e+03
5.624485e+00 1.469030e-02 -3.735301e+03
5.624485e+00 1.586261e-02 -3.628233e+03
5.624485e+00 1.712846e-02 -3.495210e+03
5.624485e+00 1.849533e-02 -3.338325e+03
5.624485e+00 1.997127e-02 -3.162098e+03
5.624485e+00 2.156500e-02 -2.972585e+03
5.624485e+00 2.328591e-02 -2.775632e+03
5.624485e+00 2.514415e-02 -2.579266e+03
5.624485e+00 2.715068e-02 -2.392060e+03
5.624485e+00 2.931733e-02 -2.220446e+03
5.624485e+00 3.165689e-02 -2.069142e+03
5.624485e+00 3.418314e-02 -1.940983e+03
5.624485e+00 3.691099e-02 -1.833989e+03
5.624485e+00 3.985652e-02 -1.741680e+03
5.624485e+00 4.303711e-02 -1.653182e+03
5.624485e+00 4.647152e-02 -1.555299e+03
5.624485e+00 5.017999e-02 -1.436811e+03
5.624485e+00 5.418441e-02 -1.315243e+03
5.624485e+00 5.850838e-02 -1.216065e+03
5.624485e+00 6.317741e-02 -1.108973e+03
5.624485e+00 6.821903e-02 -9.933340e+02
5.624485e+00 7.366298e-02 -8.713709e+02
5.624485e+00 7.954136e-02 -7.693246e+02
5.624485e+00 8.588885e-02 -6.591349e+02
5.624485e+00 9.274286e-02 -5.401520e+02
5.624485e+00 1.001438e-01 -4.116741e+02
5.624485e+00 1.081354e-01 -3.422890e+02
5.624485e+00 1.167647e-01 -3.004515e+02
5.624485e+00 1.260827e-01 -2.552753e+02
5.624485e+00 1.361442e-01 -2.064941e+02
5.624485e+00 1.470087e-01 -1.605486e+02
5.624485e+00 1.587401e-01 -1.395993e+02
5.624485e+00 1.714077e-01 -1.169781e+02
5.624485e+00 1.850862e-01 -9.255181e+01
5.624485e+00 1.998563e-01 -6.617624e+01
5.624485e+00 2.158051e-01 -5.513577e+01
5.624485e+00 2.330265e-01 -4.669778e+01
5.624485e+00 2.516223e-01 -3.758643e+01
5.624485e+00 2.717020e-01 -2.774798e+01
5.624485e+00 2.933841e-01 -2.069569e+01
5.624485e+00 3.167964e-01 -1.761948e+01
5.624485e+00 3.420771e-01 -1.429777e+01
5.624485e+00 3.693752e-01 -1.071099e+01
5.624485e+00 3.988518e-01 -7.050996e+00
5.624485e+00 4.306805e-01 -6.086722e+00
5.624485e+00 4.650493e-01 -5.045498e+00
5.624485e+00 5.021607e-01 -3.921184e+00
5.624485e+00 5.422336e-01 -2.707148e+00
5.624485e+00 5.855044e-01 -2.094419e+00
5.624485e+00 6.322283e-01 -1.758156e+00
5.624485e+00 6.826808e-01 -1.395059e+00
5.624485e+00 7.371594e-01 -1.002986e+00
5.624485e+00 7.959855e-01 -6.831236e-01
5.624485e+00 8.595059e-01 -5.812760e-01
5.624485e+00 9.280954e-01 -4.713010e-01
5.624485e+00 1.002158e+00 -3.525498e-01
5.624485e+00 1.082132e+00 -2.243221e-01
5.624485e+00 1.168487e+00 -1.871437e-01
5.624485e+00 1.261733e+00 -1.556246e-01
5.624485e+00 1.362421e+00 -1.215902e-01
5.624485e+00 1.471144e+00 -8.483982e-02
5.624485e+00 1.588542e+00 -6.234567e-02
5.624485e+00 1.715310e+00 -5.310604e-02
5.624485e+00 1.852193e+00 -4.312909e-02
5.624485e+00 2.000000e+00 -3.235597e-02
5.756975e+00 1.000000e-03 -8.556961e+02
5.756975e+00 1.079801e-03 -9.174120e+02
5.756975e+00 1.165970e-03 -9.830224e+02
5.756975e+00 1.259016e-03 -1.052676e+03
5.756975e+00 1.359487e-03 -1.126512e+03
5.756975e+00 1.467975e-03 -1.204655e+03
5.756975e+00 1.585121e-03 -1.287211e+03
5.756975e+00 1.711615e-03 -1.374261e+03
5.756975e+00 1.848204e-03 -1.465860e+03
5.756975e+00 1.995693e-03 -1.562023e+03
5.756975e+00 2.154951e-03 -1.662714e+03
5.756975e+00 2.326918e-03 -1.767859e+03
5.756975e+00 2.512609e-03 -1.877316e+03
5.756975e+00 2.713117e-03 -1.990880e+03
5.756975e+00 2.929627e-03 -2.108276e+03
5.756975e+00 3.163414e-03 -2.229139e+03
5.756975e+00 3.415858e-03 -2.353004e+03
5.756975e+00 3.688447e-03 -2.479314e+03
5.756975e+00 3.982789e-03 -2.607386e+03
5.756975e+00 4.300619e-03 -2.736404e+03
5.756975e+00 4.643813e-03 -2.865441e+03
5.756975e+00 5.014394e-03 -2.993401e+03
5.756975e+00 5.414548e-03 -3.119017e+03
5.756975e+00 5.846635e-03 -3.240906e+03
5.756975e+00 6.313202e-03 -3.357473e+03
5.756975e+00 6.817002e-03 -3.466927e+03
5.756975e+00 7.361006e-03 -3.567388e+03
5.756975e+00 7.948422e-03 -3.656746e+03
5.756975e+00 8.582714e-03 -3.732713e+03
5.756975e+00 9.267624e-03 -3.793012e+03
5.756975e+00 1.000719e-02 -3.835227e+03
5.756975e+00 1.080577e-02 -3.856913e+03
5.756975e+00 1.166809e-02 -3.855877e+03
5.756975e+00 1.259921e-02 -3.830173e+03
5.756975e+00 1.360464e-02 -3.778240e+03
5.756975e+00 1.469030e-02 -3.699162e+03
5.756975e+00 1.586261e-02 -3.593129e+03
5.756975e+00 1.712846e-02 -3.461394e+03
5.756975e+00 1.849533e-02 -3.306027e+03
5.756975e+00 1.997127e-02 -3.131505e+03
5.756975e+00 2.156500e-02 -2.943826e+03
5.756975e+00 2.328591e-02 -2.748778e+03
5.756975e+00 2.514415e-02 -2.554312e+03
5.756975e+00 2.715068e-02 -2.368917e+03
5.756975e+00 2.931733e-02 -2.198964e+03
5.756975e+00 3.165689e-02 -2.049123e+03
5.756975e+00 3.418314e-02 -1.922205e+03
5.756975e+00 3.691099e-02 -1.816246e+03
5.756975e+00 3.985652e-02 -1.724829e+03
5.756975e+00 4.303711e-02 -1.637188e+03
5.756975e+00 4.647152e-02 -1.540252e+03
5.756975e+00 5.017999e-02 -1.422910e+03
5.756975e+00 5.418441e-02 -1.305492e+03
5.756975e+00 5.850838e-02 -1.215554e+03
5.756975e+00 6.317741e-02 -1.118439e+03
5.756975e+00 6.821903e-02 -1.013574e+03
5.756975e+00 7.366298e-02 -9.022735e+02
5.756975e+00 7.954136e-02 -8.018240e+02
5.756975e+00 8.588885e-02 -6.933586e+02
5.756975e+00 9.274286e-02 -5.762374e+02
5.756975e+00 1.001438e-01 -4.497699e+02
5.756975e+00 1.081354e-01 -3.792678e+02
5.756975e+00 1.167647e-01 -3.346557e+02
5.756975e+00 1.260827e-01 -2.864835e+02
5.756975e+00 1.361442e-01 -2.344672e+02
5.756975e+00 1.470087e-01 -1.851812e+02
5.756975e+00 1.587401e-01 -1.612753e+02
5.756975e+00 1.714077e-01 -1.354617e+02
5.756975e+00 1.850862e-01 -1.075881e+02
5.756975e+00 1.998563e-01 -7.749021e+01
5.756975e+00 2.158051e-01 -6.470878e+01
5.756975e+00 2.330265e-01 -5.484600e+01
5.756975e+00 2.516223e-01 -4.419615e+01
5.756975e+00 2.717020e-01 -3.269644e+01
5.756975e+00 2.933841e-01 -2.445686e+01
5.756975e+00 3.167964e-01 -2.086948e+01
5.756975e+00 3.420771e-01 -1.699582e+01
5.756975e+00 3.693752e-01 -1.281304e+01
5.756975e+00 3.988518e-01 -8.542023e+00
5.756975e+00 4.306805e-01 -7.374524e+00
5.756975e+00 4.650493e-01 -6.113857e+00
5.756975e+00 5.021607e-01 -4.752588e+00
5.756975e+00 5.422336e-01 -3.282688e+00
5.756975e+00 5.855044e-01 -2.540820e+00
5.756975e+00 6.322283e-01 -2.133682e+00
5.756975e+00 6.826808e-01 -1.694054e+00
5.756975e+00 7.371594e-01 -1.219344e+00
5.756975e+00 7.959855e-01 -8.318231e-01
5.756975e+00 8.595059e-01 -7.076814e-01
5.756975e+00 9.280954e-01 -5.736331e-01
5.756975e+00 1.002158e+00 -4.288876e-01
5.756975e+00 1.082132e+00 -2.725912e-01
5.756975e+00 1.168487e+00 -2.272517e-01
5.756975e+00 1.261733e+00 -1.888064e-01
5.756975e+00 1.362421e+00 -1.472932e-01
5.756975e+00 1.471144e+00 -1.024672e-01
5.756975e+00 1.588542e+00 -7.506358e-02
5.756975e+00 1.715310e+00 -6.385911e-02
5.756975e+00 1.852193e+00 -5.176050e-02
5.756975e+00 2.000000e+00 -3.869641e-02
5.892114e+00 1.000000e-03 -8.292670e+02
5.892114e+00 1.079801e-03 -8.890857e+02
5.892114e+00 1.165970e-03 -9.526792e+02
5.892114e+00 1.259016e-03 -1.020192e+03
5.892114e+00 1.359487e-03 -1.091757e+03
5.892114e+00 1.467975e-03 -1.167497e+03
5.892114e+00 1.585121e-03 -1.247513e+03
5.892114e+00 1.711615e-03 -1.331884e+03
5.892114e+00 1.848204e-03 -1.420664e+03
5.892114e+00 1.995693e-03 -1.513867e+03
5.892114e+00 2.154951e-03 -1.611459e+03
5.892114e+00 2.326918e-03 -1.713367e+03
5.892114e+00 2.512609e-03 -1.819455e+03
5.892114e+00 2.713117e-03 -1.929522e+03
5.892114e+00 2.929627e-03 -2.043304e+03
5.892114e+00 3.163414e-03 -2.160446e+03
5.892114e+00 3.415858e-03 -2.280497e+03
5.892114e+00 3.688447e-03 -2.402918e+03
5.892114e+00 3.982789e-03 -2.527046e+03
5.892114e+00 4.300619e-03 -2.652091e+03
5.892114e+00 4.643813e-03 -2.777154e+03
5.892114e+00 5.014394e-03 -2.901173e+03
5.892114e+00 5.414548e-03 -3.022921e+03
5.892114e+00 5.846635e-03 -3.141056e+03
5.892114e+00 6.313202e-03 -3.254033e+03
5.892114e+00 6.817002e-03 -3.360116e+03
5.892114e+00 7.361006e-03 -3.457484e+03
5.892114e+00 7.948422e-03 -3.544089e+03
5.892114e+00 8.582714e-03 -3.617716e+03
5.892114e+00 9.267624e-03 -3.676159e+03
5.892114e+00 1.000719e-02 -3.717075e+03
5.892114e+00 1.080577e-02 -3.738093e+03
5.892114e+00 1.166809e-02 -3.737090e+03
5.892114e+00 1.259921e-02 -3.712178e+03
5.892114e+00 1.360464e-02 -3.661846e+03
5.892114e+00 1.469030e-02 -3.585204e+03
5.892114e+00 1.586261e-02 -3.482438e+03
5.892114e+00 1.712846e-02 -3.354761e+03
5.892114e+00 1.849533e-02 -3.204180e+03
5.892114e+00 1.997127e-02 -3.035035e+03
5.892114e+00 2.156500e-02 -2.853138e+03
5.892114e+00 2.328591e-02 -2.664099e+03
5.892114e+00 2.514415e-02 -2.475624e+03
5.892114e+00 2.715068e-02 -2.295940e+03
5.892114e+00 2.931733e-02 -2.131222e+03
5.892114e+00 3.165689e-02 -1.985998e+03
5.892114e+00 3.418314e-02 -1.862989e+03
5.892114e+00 3.691099e-02 -1.760294e+03
5.892114e+00 3.985652e-02 -1.671694e+03
5.892114e+00 4.303711e-02 -1.586753e+03
5.892114e+00 4.647152e-02 -1.492803e+03
5.892114e+00 5.017999e-02 -1.379075e+03
5.892114e+00 5.418441e-02 -1.266939e+03
5.892114e+00 5.850838e-02 -1.184404e+03
5.892114e+00 6.317741e-02 -1.095283e+03
5.892114e+00 6.821903e-02 -9.990497e+02
5.892114e+00 7.366298e-02 -8.966281e+02
5.892114e+00 7.954136e-02 -8.012590e+02
5.892114e+00 8.588885e-02 -6.982793e+02
5.892114e+00 9.274286e-02 -5.870817e+02
5.892114e+00 1.001438e-01 -4.670104e+02
5.892114e+00 1.081354e-01 -3.979775e+02
5.892114e+00 1.167647e-01 -3.523577e+02
5.892114e+00 1.260827e-01 -3.030974e+02
5.892114e+00 1.361442e-01 -2.499060e+02
5.892114e+00 1.470087e-01 -1.993683e+02
5.892114e+00 1.587401e-01 -1.741835e+02
5.892114e+00 1.714077e-01 -1.469888e+02
5.892114e+00 1.850862e-01 -1.176240e+02
5.892114e+00 1.998563e-01 -8.591584e+01
5.892114e+00 2.158051e-01 -7.207988e+01
5.892114e+00 2.330265e-01 -6.121507e+01
5.892114e+00 2.516223e-01 -4.948324e+01
5.892114e+00 2.717020e-01 -3.681519e+01
5.892114e+00 2.933841e-01 -2.770586e+01
5.892114e+00 3.167964e-01 -2.367729e+01
5.892114e+00 3.420771e-01 -1.932724e+01
5.892114e+00 3.693752e-01 -1.463005e+01
5.892114e+00 3.988518e-01 -9.832088e+00
5.892114e+00 4.306805e-01 -8.495552e+00
5.892114e+00 4.650493e-01 -7.052358e+00
5.892114e+00 5.021607e-01 -5.493997e+00
5.892114e+00 5.422336e-01 -3.811277e+00
5.892114e+00 5.855044e-01 -2.956551e+00
5.892114e+00 6.322283e-01 -2.482046e+00
5.892114e+00 6.826808e-01 -1.969676e+00
5.892114e+00 7.371594e-01 -1.416418e+00
5.892114e+00 7.959855e-01 -9.650114e-01
5.892114e+00 8.595059e-01 -8.211368e-01
5.892114e+00 9.280954e-01 -6.657808e-01
5.892114e+00 1.002158e+00 -4.980273e-01
5.892114e+00 1.082132e+00 -3.168869e-01
5.892114e+00 1.168487e+00 -2.640862e-01
5.892114e+00 1.261733e+00 -2.192338e-01
5.892114e+00 1.362421e+00 -1.708021e-01
5.892114e+00 1.471144e+00 -1.185055e-01
5.892114e+00 1.588542e+00 -8.657124e-02
5.892114e+00 1.715310e+00 -7.357048e-02
5.892114e+00 1.852193e+00 -5.953225e-02
5.892114e+00 2.000000e+00 -4.437375e-02
6.029956e+00 1.000000e-03 -7.885698e+02
6.029956e+00 1.079801e-03 -8.454615e+02
6.029956e+00 1.165970e-03 -9.059434e+02
6.029956e+00 1.259016e-03 -9.701525e+02
6.029956e+00 1.359487e-03 -1.038215e+03
6.029956e+00 1.467975e-03 -1.110248e+03
6.029956e+00 1.585121e-03 -1.186347e+03
6.029956e+00 1.711615e-03 -1.266588e+03
6.029956e+00 1.848204e-03 -1.351020e+03
6.029956e+00 1.995693e-03 -1.439659e+03
6.029956e+00 2.154951e-03 -1.532473e+03
6.029956e+00 2.326918e-03 -1.629390e+03
6.029956e+00 2.512609e-03 -1.730283e+03
6.029956e+00 2.713117e-03 -1.834960e+03
6.029956e+00 2.929627e-03 -1.943169e+03
6.029956e+00 3.163414e-03 -2.054574e+03
6.029956e+00 3.415858e-03 -2.168745e+03
6.029956e+00 3.688447e-03 -2.285169e+03
6.029956e+00 3.982789e-03 -2.403217e+03
6.029956e+00 4.300619e-03 -2.522137e+03
6.029956e+00 4.643813e-03 -2.641074e+03
6.029956e+00 5.014394e-03 -2.759018e+03
6.029956e+00 5.414548e-03 -2.874802e+03
6.029956e+00 5.846635e-03 -2.987151e+03
6.029956e+00 6.313202e-03 -3.094593e+03
6.029956e+00 6.817002e-03 -3.195480e+03
6.029956e+00 7.361006e-03 -3.288077e+03
6.029956e+00 7.948422e-03 -3.370440e+03
6.029956e+00 8.582714e-03 -3.440461e+03
6.029956e+00 9.267624e-03 -3.496041e+03
6.029956e+00 1.000719e-02 -3.534954e+03
6.029956e+00 1.080577e-02 -3.554943e+03
6.029956e+00 1.166809e-02 -3.553990e+03
6.029956e+00 1.259921e-02 -3.530299e+03
6.029956e+00 1.360464e-02 -3.482433e+03
6.029956e+00 1.469030e-02 -3.409546e+03
6.029956e+00 1.586261e-02 -3.311816e+03
6.029956e+00 1.712846e-02 -3.190395e+03
6.029956e+00 1.849533e-02 -3.047192e+03
6.029956e+00 1.997127e-02 -2.886334e+03
6.029956e+00 2.156500e-02 -2.713349e+03
6.029956e+00 2.328591e-02 -2.533572e+03
6.029956e+00 2.514415e-02 -2.354331e+03
6.029956e+00 2.715068e-02 -2.183451e+03
6.029956e+00 2.931733e-02 -2.026803e+03
6.029956e+00 3.165689e-02 -1.888694e+03
6.029956e+00 3.418314e-02 -1.771712e+03
6.029956e+00 3.691099e-02 -1.674049e+03
6.029956e+00 3.985652e-02 -1.589790e+03
6.029956e+00 4.303711e-02 -1.509010e+03
6.029956e+00 4.647152e-02 -1.419663e+03
6.029956e+00 5.017999e-02 -1.311508e+03
6.029956e+00 5.418441e-02 -1.205779e+03
6.029956e+00 5.850838e-02 -1.129831e+03
6.029956e+00 6.317741e-02 -1.047822e+03
6.029956e+00 6.821903e-02 -9.592684e+02
6.029956e+00 7.366298e-02 -8.649819e+02
6.029956e+00 7.954136e-02 -7.767870e+02
6.029956e+00 8.588885e-02 -6.815541e+02
6.029956e+00 9.274286e-02 -5.787215e+02
6.029956e+00 1.001438e-01 -4.676827e+02
6.029956e+00 1.081354e-01 -4.022199e+02
6.029956e+00 1.167647e-01 -3.575050e+02
6.029956e+00 1.260827e-01 -3.092219e+02
6.029956e+00 1.361442e-01 -2.570856e+02
6.029956e+00 1.470087e-01 -2.073615e+02
6.029956e+00 1.587401e-01 -1.816673e+02
6.029956e+00 1.714077e-01 -1.539227e+02
6.029956e+00 1.850862e-01 -1.239640e+02
6.029956e+00 1.998563e-01 -9.161456e+01
6.029956e+00 2.158051e-01 -7.718398e+01
6.029956e+00 2.330265e-01 -6.569665e+01
6.029956e+00 2.516223e-01 -5.329261e+01
6.029956e+00 2.717020e-01 -3.989872e+01
6.029956e+00 2.933841e-01 -3.022630e+01
6.029956e+00 3.167964e-01 -2.587019e+01
6.029956e+00 3.420771e-01 -2.116646e+01
6.029956e+00 3.693752e-01 -1.608736e+01
6.029956e+00 3.988518e-01 -1.089738e+01
6.029956e+00 4.306805e-01 -9.422981e+00
6.029956e+00 4.650493e-01 -7.830929e+00
6.029956e+00 5.021607e-01 -6.111830e+00
6.029956e+00 5.422336e-01 -4.255544e+00
6.029956e+00 5.855044e-01 -3.308875e+00
6.029956e+00 6.322283e-01 -2.779581e+00
6.029956e+00 6.826808e-01 -2.208049e+00
6.029956e+00 7.371594e-01 -1.590907e+00
6.029956e+00 7.959855e-01 -1.086881e+00
6.029956e+00 8.595059e-01 -9.246862e-01
6.029956e+00 9.280954e-01 -7.495478e-01
6.029956e+00 1.002158e+00 -5.604332e-01
6.029956e+00 1.082132e+00 -3.562271e-01
6.029956e+00 1.168487e+00 -2.967425e-01
6.029956e+00 1.261733e+00 -2.462249e-01
6.029956e+00 1.362421e+00 -1.916758e-01
6.029956e+00 1.471144e+00 -1.327737e-01
6.029956e+00 1.588542e+00 -9.680392e-02
6.029956e+00 1.715310e+00 -8.215726e-02
6.029956e+00 1.852193e+00 -6.634178e-02
6.029956e+00 2.000000e+00 -4.926422e-02
6.170555e+00 1.000000e-03 -7.308117e+02
6.170555e+00 1.079801e-03 -7.835447e+02
6.170555e+00 1.165970e-03 -8.396056e+02
6.170555e+00 1.259016e-03 -8.991212e+02
6.170555e+00 1.359487e-03 -9.622086e+02
6.170555e+00 1.467975e-03 -1.028975e+03
6.170555e+00 1.585121e-03 -1.099510e+03
6.170555e+00 1.711615e-03 -1.173882e+03
6.170555e+00 1.848204e-03 -1.252140e+03
6.170555e+00 1.995693e-03 -1.334297e+03
6.170555e+00 2.154951e-03 -1.420322e+03
6.170555e+00 2.326918e-03 -1.510151e+03
6.170555e+00 2.512609e-03 -1.603665e+03
6.170555e+00 2.713117e-03 -1.700686e+03
6.170555e+00 2.929627e-03 -1.800981e+03
6.170555e+00 3.163414e-03 -1.904237e+03
6.170555e+00 3.415858e-03 -2.010056e+03
6.170555e+00 3.688447e-03 -2.117965e+03
6.170555e+00 3.982789e-03 -2.227378e+03
6.170555e+00 4.300619e-03 -2.337599e+03
6.170555e+00 4.643813e-03 -2.447836e+03
6.170555e+00 5.014394e-03 -2.557152e+03
6.170555e+00 5.414548e-03 -2.664466e+03
6.170555e+00 5.846635e-03 -2.768596e+03
6.170555e+00 6.313202e-03 -2.868178e+03
6.170555e+00 6.817002e-03 -2.961685e+03
6.170555e+00 7.361006e-03 -3.047509e+03
6.170555e+00 7.948422e-03 -3.123847e+03
6.170555e+00 8.582714e-03 -3.188745e+03
6.170555e+00 9.267624e-03 -3.240260e+03
6.170555e+00 1.000719e-02 -3.276326e+03
6.170555e+00 1.080577e-02 -3.294854e+03
6.170555e+00 1.166809e-02 -3.293971e+03
6.170555e+00 1.259921e-02 -3.272014e+03
6.170555e+00 1.360464e-02 -3.227651e+03
6.170555e+00 1.469030e-02 -3.160096e+03
6.170555e+00 1.586261e-02 -3.069516e+03
6.170555e+00 1.712846e-02 -2.956979e+03
6.170555e+00 1.849533e-02 -2.824253e+03
6.170555e+00 1.997127e-02 -2.675164e+03
6.170555e+00 2.156500e-02 -2.514835e+03
6.170555e+00 2.328591e-02 -2.348211e+03
6.170555e+00 2.514415e-02 -2.182084e+03
6.170555e+00 2.715068e-02 -2.023706e+03
6.170555e+00 2.931733e-02 -1.878519e+03
6.170555e+00 3.165689e-02 -1.750514e+03
6.170555e+00 3.418314e-02 -1.642091e+03
6.170555e+00 3.691099e-02 -1.551573e+03
6.170555e+00 3.985652e-02 -1.473478e+03
6.170555e+00 4.303711e-02 -1.398608e+03
6.170555e+00 4.647152e-02 -1.315798e+03
6.170555e+00 5.017999e-02 -1.215556e+03
6.170555e+00 5.418441e-02 -1.118446e+03
6.170555e+00 5.850838e-02 -1.050516e+03
6.170555e+00 6.317741e-02 -9.771647e+02
6.170555e+00 6.821903e-02 -8.979602e+02
6.170555e+00 7.366298e-02 -8.135444e+02
6.170555e+00 7.954136e-02 -7.337206e+02
6.170555e+00 8.588885e-02 -6.475268e+02
6.170555e+00 9.274286e-02 -5.544546e+02
6.170555e+00 1.001438e-01 -4.539551e+02
6.170555e+00 1.081354e-01 -3.934777e+02
6.170555e+00 1.167647e-01 -3.510949e+02
6.170555e+00 1.260827e-01 -3.053300e+02
6.170555e+00 1.361442e-01 -2.559130e+02
6.170555e+00 1.470087e-01 -2.085976e+02
6.170555e+00 1.587401e-01 -1.832576e+02
6.170555e+00 1.714077e-01 -1.558955e+02
6.170555e+00 1.850862e-01 -1.263498e+02
6.170555e+00 1.998563e-01 -9.444639e+01
6.170555e+00 2.158051e-01 -7.989815e+01
6.170555e+00 2.330265e-01 -6.816408e+01
6.170555e+00 2.516223e-01 -5.549361e+01
6.170555e+00 2.717020e-01 -4.181203e+01
6.170555e+00 2.933841e-01 -3.189461e+01
6.170555e+00 3.167964e-01 -2.735737e+01
6.170555e+00 3.420771e-01 -2.245805e+01
6.170555e+00 3.693752e-01 -1.716776e+01
6.170555e+00 3.988518e-01 -1.175881e+01
6.170555e+00 4.306805e-01 -1.017538e+01
6.170555e+00 4.650493e-01 -8.465587e+00
6.170555e+00 5.021607e-01 -6.619354e+00
6.170555e+00 5.422336e-01 -4.625790e+00
6.170555e+00 5.855044e-01 -3.605149e+00
6.170555e+00 6.322283e-01 -3.030587e+00
6.170555e+00 6.826808e-01 -2.410175e+00
6.170555e+00 7.371594e-01 -1.740253e+00
6.170555e+00 7.959855e-01 -1.192594e+00
6.170555e+00 8.595059e-01 -1.014719e+00
6.170555e+00 9.280954e-01 -8.226506e-01
6.170555e+00 1.002158e+00 -6.152546e-01
6.170555e+00 1.082132e+00 -3.913082e-01
6.170555e+00 1.168487e+00 -3.258579e-01
6.170555e+00 1.261733e+00 -2.702058e-01
6.170555e+00 1.362421e+00 -2.101125e-01
6.170555e+00 1.471144e+00 -1.452238e-01
6.170555e+00 1.588542e+00 -1.056675e-01
6.170555e+00 1.715310e+00 -8.966770e-02
6.170555e+00 1.852193e+00 -7.239110e-02
6.170555e+00 2.000000e+00 -5.373582e-02
6.313967e+00 1.000000e-03 -6.675949e+02
6.313967e+00 1.079801e-03 -7.157741e+02
6.313967e+00 1.165970e-03 -7.669941e+02
6.313967e+00 1.259016e-03 -8.213704e+02
6.313967e+00 1.359487e-03 -8.790097e+02
6.313967e+00 1.467975e-03 -9.400097e+02
6.313967e+00 1.585121e-03 -1.004452e+03
6.313967e+00 1.711615e-03 -1.072400e+03
6.313967e+00 1.848204e-03 -1.143898e+03
6.313967e+00 1.995693e-03 -1.218957e+03
6.313967e+00 2.154951e-03 -1.297551e+03
6.313967e+00 2.326918e-03 -1.379619e+03
6.313967e+00 2.512609e-03 -1.465054e+03
6.313967e+00 2.713117e-03 -1.553693e+03
6.313967e+00 2.929627e-03 -1.645322e+03
6.313967e+00 3.163414e-03 -1.739657e+03
6.313967e+00 3.415858e-03 -1.836333e+03
6.313967e+00 3.688447e-03 -1.934918e+03
6.313967e+00 3.982789e-03 -2.034877e+03
6.313967e+00 4.300619e-03 -2.135574e+03
6.313967e+00 4.643813e-03 -2.236286e+03
6.313967e+00 5.014394e-03 -2.336157e+03
6.313967e+00 5.414548e-03 -2.434198e+03
6.313967e+00 5.846635e-03 -2.529330e+03
6.313967e+00 6.313202e-03 -2.620308e+03
6.313967e+00 6.817002e-03 -2.705735e+03
6.313967e+00 7.361006e-03 -2.784143e+03
6.313967e+00 7.948422e-03 -2.853884e+03
6.313967e+00 8.582714e-03 -2.913175e+03
6.313967e+00 9.267624e-03 -2.960238e+03
6.313967e+00 1.000719e-02 -2.993189e+03
6.313967e+00 1.080577e-02 -3.010117e+03
6.313967e+00 1.166809e-02 -3.009311e+03
6.313967e+00 1.259921e-02 -2.989252e+03
6.313967e+00 1.360464e-02 -2.948722e+03
6.313967e+00 1.469030e-02 -2.887006e+03
6.313967e+00 1.586261e-02 -2.804254e+03
6.313967e+00 1.712846e-02 -2.701442e+03
6.313967e+00 1.849533e-02 -2.580186e+03
6.313967e+00 1.997127e-02 -2.443982e+03
6.313967e+00 2.156500e-02 -2.297508e+03
6.313967e+00 2.328591e-02 -2.145283e+03
6.313967e+00 2.514415e-02 -1.993513e+03
6.313967e+00 2.715068e-02 -1.848821e+03
6.313967e+00 2.931733e-02 -1.716181e+03
6.313967e+00 3.165689e-02 -1.599238e+03
6.313967e+00 3.418314e-02 -1.500185e+03
6.313967e+00 3.691099e-02 -1.417489e+03
6.313967e+00 3.985652e-02 -1.346143e+03
6.313967e+00 4.303711e-02 -1.277743e+03
6.313967e+00 4.647152e-02 -1.202090e+03
6.313967e+00 5.017999e-02 -1.110510e+03
6.313967e+00 5.418441e-02 -1.022702e+03
6.313967e+00 5.850838e-02 -9.631760e+02
6.313967e+00 6.317741e-02 -8.988996e+02
6.313967e+00 6.821903e-02 -8.294940e+02
6.313967e+00 7.366298e-02 -7.553071e+02
6.313967e+00 7.954136e-02 -6.829338e+02
6.313967e+00 8.588885e-02 -6.047850e+02
6.313967e+00 9.274286e-02 -5.203998e+02
6.313967e+00 1.001438e-01 -4.292807e+02
6.313967e+00 1.081354e-01 -3.741994e+02
6.313967e+00 1.167647e-01 -3.353855e+02
6.313967e+00 1.260827e-01 -2.934741e+02
6.313967e+00 1.361442e-01 -2.482182e+02
6.313967e+00 1.470087e-01 -2.046672e+02
6.313967e+00 1.587401e-01 -1.802872e+02
6.313967e+00 1.714077e-01 -1.539616e+02
6.313967e+00 1.850862e-01 -1.255353e+02
6.313967e+00 1.998563e-01 -9.484051e+01
6.313967e+00 2.158051e-01 -8.057219e+01
6.313967e+00 2.330265e-01 -6.893559e+01
6.313967e+00 2.516223e-01 -5.637038e+01
6.313967e+00 2.717020e-01 -4.280246e+01
6.313967e+00 2.933841e-01 -3.291336e+01
6.313967e+00 3.167964e-01 -2.828674e+01
6.313967e+00 3.420771e-01 -2.329090e+01
6.313967e+00 3.693752e-01 -1.789639e+01
6.313967e+00 3.988518e-01 -1.237805e+01
6.313967e+00 4.306805e-01 -1.072059e+01
6.313967e+00 4.650493e-01 -8.930865e+00
6.313967e+00 5.021607e-01 -6.998320e+00
6.313967e+00 5.422336e-01 -4.911555e+00
6.313967e+00 5.855044e-01 -3.838024e+00
6.313967e+00 6.322283e-01 -3.228601e+00
6.313967e+00 6.826808e-01 -2.570546e+00
6.313967e+00 7.371594e-01 -1.859978e+00
6.313967e+00 7.959855e-01 -1.278533e+00
6.313967e+00 8.595059e-01 -1.087953e+00
6.313967e+00 9.280954e-01 -8.821650e-01
6.313967e+00 1.002158e+00 -6.599550e-01
6.313967e+00 1.082132e+00 -4.200123e-01
6.313967e+00 1.168487e+00 -3.497669e-01
6.313967e+00 1.261733e+00 -2.899998e-01
6.313967e+00 1.362421e+00 -2.254632e-01
6.313967e+00 1.471144e+00 -1.557765e-01
6.313967e+00 1.588542e+00 -1.132626e-01
6.313967e+00 1.715310e+00 -9.601602e-02
6.313967e+00 1.852193e+00 -7.739312e-02
6.313967e+00 2.000000e+00 -5.728409e-02
6.460246e+00 1.000000e-03 -6.065216e+02
6.460246e+00 1.079801e-03 -6.503005e+02
6.460246e+00 1.165970e-03 -6.968426e+02
6.460246e+00 1.259016e-03 -7.462528e+02
6.460246e+00 1.359487e-03 -7.986278e+02
6.460246e+00 1.467975e-03 -8.540560e+02
6.460246e+00 1.585121e-03 -9.126117e+02
6.460246e+00 1.711615e-03 -9.743521e+02
6.460246e+00 1.848204e-03 -1.039318e+03
6.460246e+00 1.995693e-03 -1.107519e+03
6.460246e+00 2.154951e-03 -1.178931e+03
6.460246e+00 2.326918e-03 -1.253501e+03
6.460246e+00 2.512609e-03 -1.331130e+03
6.460246e+00 2.713117e-03 -1.411670e+03
6.460246e+00 2.929627e-03 -1.494927e+03
6.460246e+00 3.163414e-03 -1.580641e+03
6.460246e+00 3.415858e-03 -1.668483e+03
6.460246e+00 3.688447e-03 -1.758059e+03
6.460246e+00 3.982789e-03 -1.848884e+03
6.460246e+00 4.300619e-03 -1.940379e+03
6.460246e+00 4.643813e-03 -2.031888e+03
6.460246e+00 5.014394e-03 -2.122632e+03
6.460246e+00 5.414548e-03 -2.211713e+03
6.460246e+00 5.846635e-03 -2.298152e+03
6.460246e+00 6.313202e-03 -2.380816e+03
6.460246e+00 6.817002e-03 -2.458436e+03
6.460246e+00 7.361006e-03 -2.529678e+03
6.460246e+00 7.948422e-03 -2.593046e+03
6.460246e+00 8.582714e-03 -2.646918e+03
6.460246e+00 9.267624e-03 -2.689681e+03
6.460246e+00 1.000719e-02 -2.719621e+03
6.460246e+00 1.080577e-02 -2.735003e+03
6.460246e+00 1.166809e-02 -2.734271e+03
6.460246e+00 1.259921e-02 -2.716046e+03
6.460246e+00 1.360464e-02 -2.679220e+03
6.460246e+00 1.469030e-02 -2.623145e+03
6.460246e+00 1.586261e-02 -2.547956e+03
6.460246e+00 1.712846e-02 -2.454541e+03
6.460246e+00 1.849533e-02 -2.344368e+03
6.460246e+00 1.997127e-02 -2.220612e+03
6.460246e+00 2.156500e-02 -2.087526e+03
6.460246e+00 2.328591e-02 -1.949214e+03
6.460246e+00 2.514415e-02 -1.811314e+03
6.460246e+00 2.715068e-02 -1.679847e+03
6.460246e+00 2.931733e-02 -1.559329e+03
6.460246e+00 3.165689e-02 -1.453075e+03
6.460246e+00 3.418314e-02 -1.363074e+03
6.460246e+00 3.691099e-02 -1.287937e+03
6.460246e+00 3.985652e-02 -1.223111e+03
6.460246e+00 4.303711e-02 -1.160963e+03
6.460246e+00 4.647152e-02 -1.092224e+03
6.460246e+00 5.017999e-02 -1.009014e+03
6.460246e+00 5.418441e-02 -9.297150e+02
6.460246e+00 5.850838e-02 -8.769754e+02
6.460246e+00 6.317741e-02 -8.200271e+02
6.460246e+00 6.821903e-02 -7.585343e+02
6.460246e+00 7.366298e-02 -6.927421e+02
6.460246e+00 7.954136e-02 -6.279063e+02
6.460246e+00 8.588885e-02 -5.578964e+02
6.460246e+00 9.274286e-02 -4.822997e+02
6.460246e+00 1.001438e-01 -4.006703e+02
6.460246e+00 1.081354e-01 -3.510133e+02
6.460246e+00 1.167647e-01 -3.157556e+02
6.460246e+00 1.260827e-01 -2.776842e+02
6.460246e+00 1.361442e-01 -2.365747e+02
6.460246e+00 1.470087e-01 -1.968572e+02
6.460246e+00 1.587401e-01 -1.738741e+02
6.460246e+00 1.714077e-01 -1.490570e+02
6.460246e+00 1.850862e-01 -1.222594e+02
6.460246e+00 1.998563e-01 -9.332337e+01
6.460246e+00 2.158051e-01 -7.962235e+01
6.460246e+00 2.330265e-01 -6.833232e+01
6.460246e+00 2.516223e-01 -5.614133e+01
6.460246e+00 2.717020e-01 -4.297749e+01
6.460246e+00 2.933841e-01 -3.331997e+01
6.460246e+00 3.167964e-01 -2.868319e+01
6.460246e+00 3.420771e-01 -2.367639e+01
6.460246e+00 3.693752e-01 -1.827004e+01
6.460246e+00 3.988518e-01 -1.273734e+01
6.460246e+00 4.306805e-01 -1.104247e+01
6.460246e+00 4.650493e-01 -9.212355e+00
6.460246e+00 5.021607e-01 -7.236192e+00
6.460246e+00 5.422336e-01 -5.102329e+00
6.460246e+00 5.855044e-01 -3.999059e+00
6.460246e+00 6.322283e-01 -3.367365e+00
6.460246e+00 6.826808e-01 -2.685262e+00
6.460246e+00 7.371594e-01 -1.948726e+00
6.460246e+00 7.959855e-01 -1.345239e+00
6.460246e+00 8.595059e-01 -1.144974e+00
6.460246e+00 9.280954e-01 -9.287280e-01
6.460246e+00 1.002158e+00 -6.952249e-01
6.460246e+00 1.082132e+00 -4.430881e-01
6.460246e+00 1.168487e+00 -3.690570e-01
6.460246e+00 1.261733e+00 -3.060011e-01
6.460246e+00 1.362421e+00 -2.379133e-01
6.460246e+00 1.471144e+00 -1.643920e-01
6.460246e+00 1.588542e+00 -1.195020e-01
6.460246e+00 1.715310e+00 -1.012344e-01
6.460246e+00 1.852193e+00 -8.150901e-02
6.460246e+00 2.000000e+00 -6.020954e-02
6.609451e+00 1.000000e-03 -5.479933e+02
6.609451e+00 1.079801e-03 -5.875543e+02
6.609451e+00 1.165970e-03 -6.296126e+02
6.609451e+00 1.259016e-03 -6.742626e+02
6.609451e+00 1.359487e-03 -7.215916e+02
6.609451e+00 1.467975e-03 -7.716792e+02
6.609451e+00 1.585121e-03 -8.245924e+02
6.609451e+00 1.711615e-03 -8.803830e+02
6.609451e+00 1.848204e-03 -9.390875e+02
6.609451e+00 1.995693e-03 -1.000715e+03
6.609451e+00 2.154951e-03 -1.065245e+03
6.609451e+00 2.326918e-03 -1.132628e+03
6.609451e+00 2.512609e-03 -1.202775e+03
6.609451e+00 2.713117e-03 -1.275552e+03
6.609451e+00 2.929627e-03 -1.350784e+03
6.609451e+00 3.163414e-03 -1.428236e+03
6.609451e+00 3.415858e-03 -1.507611e+03
6.609451e+00 3.688447e-03 -1.588552e+03
6.609451e+00 3.982789e-03 -1.670622e+03
6.609451e+00 4.300619e-03 -1.753298e+03
6.609451e+00 4.643813e-03 -1.835985e+03
6.609451e+00 5.014394e-03 -1.917982e+03
6.609451e+00 5.414548e-03 -1.998476e+03
6.609451e+00 5.846635e-03 -2.076582e+03
6.609451e+00 6.313202e-03 -2.151278e+03
6.609451e+00 6.817002e-03 -2.221415e+03
6.609451e+00 7.361006e-03 -2.285789e+03
6.609451e+00 7.948422e-03 -2.343049e+03
6.609451e+00 8.582714e-03 -2.391728e+03
6.609451e+00 9.267624e-03 -2.430368e+03
6.609451e+00 1.000719e-02 -2.457423e+03
6.609451e+00 1.080577e-02 -2.471323e+03
6.609451e+00 1.166809e-02 -2.470662e+03
6.609451e+00 1.259921e-02 -2.454194e+03
6.609451e+00 1.360464e-02 -2.420919e+03
6.609451e+00 1.469030e-02 -2.370250e+03
6.609451e+00 1.586261e-02 -2.302311e+03
6.609451e+00 1.712846e-02 -2.217902e+03
6.609451e+00 1.849533e-02 -2.118351e+03
6.609451e+00 1.997127e-02 -2.006526e+03
6.609451e+00 2.156500e-02 -1.886270e+03
6.609451e+00 2.328591e-02 -1.761293e+03
6.609451e+00 2.514415e-02 -1.636688e+03
6.609451e+00 2.715068e-02 -1.517895e+03
6.609451e+00 2.931733e-02 -1.408997e+03
6.609451e+00 3.165689e-02 -1.312986e+03
6.609451e+00 3.418314e-02 -1.231662e+03
6.609451e+00 3.691099e-02 -1.163769e+03
6.609451e+00 3.985652e-02 -1.105193e+03
6.609451e+00 4.303711e-02 -1.049036e+03
6.609451e+00 4.647152e-02 -9.869242e+02
6.609451e+00 5.017999e-02 -9.117365e+02
6.609451e+00 5.418441e-02 -8.403480e+02
6.609451e+00 5.850838e-02 -7.934320e+02
6.609451e+00 6.317741e-02 -7.427722e+02
6.609451e+00 6.821903e-02 -6.880696e+02
6.609451e+00 7.366298e-02 -6.295453e+02
6.609451e+00 7.954136e-02 -5.719018e+02
6.609451e+00 8.588885e-02 -5.096582e+02
6.609451e+00 9.274286e-02 -4.424475e+02
6.609451e+00 1.001438e-01 -3.698734e+02
6.609451e+00 1.081354e-01 -3.253589e+02
6.609451e+00 1.167647e-01 -2.934426e+02
6.609451e+00 1.260827e-01 -2.589793e+02
6.609451e+00 1.361442e-01 -2.217658e+02
6.609451e+00 1.470087e-01 -1.857381e+02
6.609451e+00 1.587401e-01 -1.645364e+02
6.609451e+00 1.714077e-01 -1.416427e+02
6.609451e+00 1.850862e-01 -1.169222e+02
6.609451e+00 1.998563e-01 -9.022893e+01
6.609451e+00 2.158051e-01 -7.731203e+01
6.609451e+00 2.330265e-01 -6.654159e+01
6.609451e+00 2.516223e-01 -5.491165e+01
6.609451e+00 2.717020e-01 -4.235363e+01
6.609451e+00 2.933841e-01 -3.308557e+01
6.609451e+00 3.167964e-01 -2.853287e+01
6.609451e+00 3.420771e-01 -2.361686e+01
6.609451e+00 3.693752e-01 -1.830855e+01
6.609451e+00 3.988518e-01 -1.287388e+01
6.609451e+00 4.306805e-01 -1.117499e+01
6.609451e+00 4.650493e-01 -9.340521e+00
6.609451e+00 5.021607e-01 -7.359661e+00
6.609451e+00 5.422336e-01 -5.220726e+00
6.609451e+00 5.855044e-01 -4.106402e+00
6.609451e+00 6.322283e-01 -3.460175e+00
6.609451e+00 6.826808e-01 -2.762378e+00
6.609451e+00 7.371594e-01 -2.008896e+00
6.609451e+00 7.959855e-01 -1.391008e+00
6.609451e+00 8.595059e-01 -1.184364e+00
6.609451e+00 9.280954e-01 -9.612290e-01
6.609451e+00 1.002158e+00 -7.202876e-01
6.609451e+00 1.082132e+00 -4.601188e-01
6.609451e+00 1.168487e+00 -3.833544e-01
6.609451e+00 1.261733e+00 -3.178530e-01
6.609451e+00 1.362421e+00 -2.471244e-01
6.609451e+00 1.471144e+00 -1.707517e-01
6.609451e+00 1.588542e+00 -1.241184e-01
6.609451e+00 1.715310e+00 -1.051380e-01
6.609451e+00 1.852193e+00 -8.464289e-02
6.609451e+00 2.000000e+00 -6.251227e-02
6.761640e+00 1.000000e-03 -4.931326e+02
6.761640e+00 1.079801e-03 -5.287392e+02
6.761640e+00 1.165970e-03 -5.665937e+02
6.761640e+00 1.259016e-03 -6.067810e+02
6.761640e+00 1.359487e-03 -6.493794e+02
6.761640e+00 1.467975e-03 -6.944602e+02
6.761640e+00 1.585121e-03 -7.420837e+02
6.761640e+00 1.711615e-03 -7.922966e+02
6.761640e+00 1.848204e-03 -8.451315e+02
6.761640e+00 1.995693e-03 -9.005972e+02
6.761640e+00 2.154951e-03 -9.586747e+02
6.761640e+00 2.326918e-03 -1.019320e+03
6.761640e+00 2.512609e-03 -1.082452e+03
6.761640e+00 2.713117e-03 -1.147952e+03
6.761640e+00 2.929627e-03 -1.215661e+03
6.761640e+00 3.163414e-03 -1.285369e+03
6.761640e+00 3.415858e-03 -1.356806e+03
6.761640e+00 3.688447e-03 -1.429653e+03
6.761640e+00 3.982789e-03 -1.503515e+03
6.761640e+00 4.300619e-03 -1.577923e+03
6.761640e+00 4.643813e-03 -1.652341e+03
6.761640e+00 5.014394e-03 -1.726137e+03
6.761640e+00 5.414548e-03 -1.798581e+03
6.761640e+00 5.846635e-03 -1.868876e+03
6.761640e+00 6.313202e-03 -1.936101e+03
6.761640e+00 6.817002e-03 -1.999225e+03
6.761640e+00 7.361006e-03 -2.057161e+03
6.761640e+00 7.948422e-03 -2.108693e+03
6.761640e+00 8.582714e-03 -2.152504e+03
6.761640e+00 9.267624e-03 -2.187281e+03
6.761640e+00 1.000719e-02 -2.211630e+03
6.761640e+00 1.080577e-02 -2.224140e+03
6.761640e+00 1.166809e-02 -2.223546e+03
6.761640e+00 1.259921e-02 -2.208726e+03
6.761640e+00 1.360464e-02 -2.178779e+03
6.761640e+00 1.469030e-02 -2.133178e+03
6.761640e+00 1.586261e-02 -2.072034e+03
6.761640e+00 1.712846e-02 -1.996068e+03
6.761640e+00 1.849533e-02 -1.906474e+03
6.761640e+00 1.997127e-02 -1.805834e+03
6.761640e+00 2.156500e-02 -1.697607e+03
6.761640e+00 2.328591e-02 -1.585129e+03
6.761640e+00 2.514415e-02 -1.472987e+03
6.761640e+00 2.715068e-02 -1.366076e+03
6.761640e+00 2.931733e-02 -1.268070e+03
6.761640e+00 3.165689e-02 -1.181662e+03
6.761640e+00 3.418314e-02 -1.108472e+03
6.761640e+00 3.691099e-02 -1.047369e+03
6.761640e+00 3.985652e-02 -9.946523e+02
6.761640e+00 4.303711e-02 -9.441124e+02
6.761640e+00 4.647152e-02 -8.882126e+02
6.761640e+00 5.017999e-02 -8.205452e+02
6.761640e+00 5.418441e-02 -7.564649e+02
6.761640e+00 5.850838e-02 -7.147092e+02
6.761640e+00 6.317741e-02 -6.696214e+02
6.761640e+00 6.821903e-02 -6.209355e+02
6.761640e+00 7.366298e-02 -5.688280e+02
6.761640e+00 7.954136e-02 -5.172953e+02
6.761640e+00 8.588885e-02 -4.616503e+02
6.761640e+00 9.274286e-02 -4.015647e+02
6.761640e+00 1.001438e-01 -3.366842e+02
6.761640e+00 1.081354e-01 -2.969282e+02
6.761640e+00 1.167647e-01 -2.684567e+02
6.761640e+00 1.260827e-01 -2.377131e+02
6.761640e+00 1.361442e-01 -2.045162e+02
6.761640e+00 1.470087e-01 -1.723154e+02
6.761640e+00 1.587401e-01 -1.530734e+02
6.761640e+00 1.714077e-01 -1.322957e+02
6.761640e+00 1.850862e-01 -1.098601e+02
6.761640e+00 1.998563e-01 -8.563397e+01
6.761640e+00 2.158051e-01 -7.369487e+01
6.761640e+00 2.330265e-01 -6.364343e+01
6.761640e+00 2.516223e-01 -5.278987e+01
6.761640e+00 2.717020e-01 -4.107018e+01
6.761640e+00 2.933841e-01 -3.235835e+01
6.761640e+00 3.167964e-01 -2.796272e+01
6.761640e+00 3.420771e-01 -2.321631e+01
6.761640e+00 3.693752e-01 -1.809113e+01
6.761640e+00 3.988518e-01 -1.284112e+01
6.761640e+00 4.306805e-01 -1.115803e+01
6.761640e+00 4.650493e-01 -9.340615e+00
6.761640e+00 5.021607e-01 -7.378172e+00
6.761640e+00 5.422336e-01 -5.259125e+00
6.761640e+00 5.855044e-01 -4.149154e+00
6.761640e+00 6.322283e-01 -3.499647e+00
6.761640e+00 6.826808e-01 -2.798309e+00
6.761640e+00 7.371594e-01 -2.041003e+00
6.761640e+00 7.959855e-01 -1.419230e+00
6.761640e+00 8.595059e-01 -1.208961e+00
6.761640e+00 9.280954e-01 -9.819115e-01
6.761640e+00 1.002158e+00 -7.367436e-01
6.761640e+00 1.082132e+00 -4.720110e-01
6.761640e+00 1.168487e+00 -3.934514e-01
6.761640e+00 1.261733e+00 -3.262783e-01
6.761640e+00 1.362421e+00 -2.537447e-01
6.761640e+00 1.471144e+00 -1.754229e-01
6.761640e+00 1.588542e+00 -1.275679e-01
6.761640e+00 1.715310e+00 -1.080411e-01
6.761640e+00 1.852193e+00 -8.695611e-02
6.761640e+00 2.000000e+00 -6.418850e-02
6.916873e+00 1.000000e-03 -4.430479e+02
6.916873e+00 1.079801e-03 -4.750439e+02
6.916873e+00 1.165970e-03 -5.090600e+02
6.916873e+00 1.259016e-03 -5.451725e+02
6.916873e+00 1.359487e-03 -5.834514e+02
6.916873e+00 1.467975e-03 -6.239608e+02
6.916873e+00 1.585121e-03 -6.667545e+02
6.916873e+00 1.711615e-03 -7.118745e+02
6.916873e+00 1.848204e-03 -7.593504e+02
6.916873e+00 1.995693e-03 -8.091899e+02
6.916873e+00 2.154951e-03 -8.613760e+02
6.916873e+00 2.326918e-03 -9.158693e+02
6.916873e+00 2.512609e-03 -9.725977e+02
6.916873e+00 2.713117e-03 -1.031453e+03
6.916873e+00 2.929627e-03 -1.092293e+03
6.916873e+00 3.163414e-03 -1.154929e+03
6.916873e+00 3.415858e-03 -1.219119e+03
6.916873e+00 3.688447e-03 -1.284575e+03
6.916873e+00 3.982789e-03 -1.350944e+03
6.916873e+00 4.300619e-03 -1.417803e+03
6.916873e+00 4.643813e-03 -1.484671e+03
6.916873e+00 5.014394e-03 -1.550980e+03
6.916873e+00 5.414548e-03 -1.616075e+03
6.916873e+00 5.846635e-03 -1.679238e+03
6.916873e+00 6.313202e-03 -1.739642e+03
6.916873e+00 6.817002e-03 -1.796361e+03
6.916873e+00 7.361006e-03 -1.848419e+03
6.916873e+00 7.948422e-03 -1.894723e+03
6.916873e+00 8.582714e-03 -1.934089e+03
6.916873e+00 9.267624e-03 -1.965337e+03
6.916873e+00 1.000719e-02 -1.987217e+03
6.916873e+00 1.080577e-02 -1.998458e+03
6.916873e+00 1.166809e-02 -1.997925e+03
6.916873e+00 1.259921e-02 -1.984609e+03
6.916873e+00 1.360464e-02 -1.957701e+03
6.916873e+00 1.469030e-02 -1.916728e+03
6.916873e+00 1.586261e-02 -1.861788e+03
6.916873e+00 1.712846e-02 -1.793530e+03
6.916873e+00 1.849533e-02 -1.713027e+03
6.916873e+00 1.997127e-02 -1.622599e+03
6.916873e+00 2.156500e-02 -1.525353e+03
6.916873e+00 2.328591e-02 -1.424289e+03
6.916873e+00 2.514415e-02 -1.323526e+03
6.916873e+00 2.715068e-02 -1.227463e+03
6.916873e+00 2.931733e-02 -1.139401e+03
6.916873e+00 3.165689e-02 -1.061761e+03
6.916873e+00 3.418314e-02 -9.959974e+02
6.916873e+00 3.691099e-02 -9.410944e+02
6.916873e+00 3.985652e-02 -8.937267e+02
6.916873e+00 4.303711e-02 -8.483149e+02
6.916873e+00 4.647152e-02 -7.980873e+02
6.916873e+00 5.017999e-02 -7.372859e+02
6.916873e+00 5.418441e-02 -6.796436e+02
6.916873e+00 5.850838e-02 -6.419462e+02
6.916873e+00 6.317741e-02 -6.012404e+02
6.916873e+00 6.821903e-02 -5.572864e+02
6.916873e+00 7.366298e-02 -5.102961e+02
6.916873e+00 7.954136e-02 -4.643699e+02
6.916873e+00 8.588885e-02 -4.147787e+02
6.916873e+00 9.274286e-02 -3.612300e+02
6.916873e+00 1.001438e-01 -3.034082e+02
6.916873e+00 1.081354e-01 -2.681161e+02
6.916873e+00 1.167647e-01 -2.429582e+02
6.916873e+00 1.260827e-01 -2.157926e+02
6.916873e+00 1.361442e-01 -1.864591e+02
6.916873e+00 1.470087e-01 -1.579613e+02
6.916873e+00 1.587401e-01 -1.407206e+02
6.916873e+00 1.714077e-01 -1.221039e+02
6.916873e+00 1.850862e-01 -1.020017e+02
6.916873e+00 1.998563e-01 -8.029527e+01
6.916873e+00 2.158051e-01 -6.939654e+01
6.916873e+00 2.330265e-01 -6.013285e+01
6.916873e+00 2.516223e-01 -5.012990e+01
6.916873e+00 2.717020e-01 -3.932871e+01
6.916873e+00 2.933841e-01 -3.124062e+01
6.916873e+00 3.167964e-01 -2.705074e+01
6.916873e+00 3.420771e-01 -2.252650e+01
6.916873e+00 3.693752e-01 -1.764123e+01
6.916873e+00 3.988518e-01 -1.263440e+01
6.916873e+00 4.306805e-01 -1.099137e+01
6.916873e+00 4.650493e-01 -9.217216e+00
6.916873e+00 5.021607e-01 -7.301488e+00
6.916873e+00 5.422336e-01 -5.232883e+00
6.916873e+00 5.855044e-01 -4.142479e+00
6.916873e+00 6.322283e-01 -3.497836e+00
6.916873e+00 6.826808e-01 -2.801751e+00
6.916873e+00 7.371594e-01 -2.050117e+00
6.916873e+00 7.959855e-01 -1.432139e+00
6.916873e+00 8.595059e-01 -1.220484e+00
6.916873e+00 9.280954e-01 -9.919400e-01
6.916873e+00 1.002158e+00 -7.451575e-01
6.916873e+00 1.082132e+00 -4.786815e-01
6.916873e+00 1.168487e+00 -3.992615e-01
6.916873e+00 1.261733e+00 -3.312463e-01
6.916873e+00 1.362421e+00 -2.578035e-01
6.916873e+00 1.471144e+00 -1.784998e-01
6.916873e+00 1.588542e+00 -1.299569e-01
6.916873e+00 1.715310e+00 -1.100132e-01
6.916873e+00 1.852193e+00 -8.847808e-02
6.916873e+00 2.000000e+00 -6.522440e-02
7.075210e+00 1.000000e-03 -3.966667e+02
7.075210e+00 1.079801e-03 -4.253184e+02
7.075210e+00 1.165970e-03 -4.557793e+02
7.075210e+00 1.259016e-03 -4.881175e+02
7.075210e+00 1.359487e-03 -5.223957e+02
7.075210e+00 1.467975e-03 -5.586710e+02
7.075210e+00 1.585121e-03 -5.969914e+02
7.075210e+00 1.711615e-03 -6.373945e+02
7.075210e+00 1.848204e-03 -6.799068e+02
7.075210e+00 1.995693e-03 -7.245354e+02
7.075210e+00 2.154951e-03 -7.712650e+02
7.075210e+00 2.326918e-03 -8.200606e+02
7.075210e+00 2.512609e-03 -8.708576e+02
7.075210e+00 2.713117e-03 -9.235591e+02
7.075210e+00 2.929627e-03 -9.780379e+02
7.075210e+00 3.163414e-03 -1.034124e+03
7.075210e+00 3.415858e-03 -1.091601e+03
7.075210e+00 3.688447e-03 -1.150213e+03
7.075210e+00 3.982789e-03 -1.209642e+03
7.075210e+00 4.300619e-03 -1.269509e+03
7.075210e+00 4.643813e-03 -1.329384e+03
7.075210e+00 5.014394e-03 -1.388759e+03
7.075210e+00 5.414548e-03 -1.447047e+03
7.075210e+00 5.846635e-03 -1.503604e+03
7.075210e+00 6.313202e-03 -1.557692e+03
7.075210e+00 6.817002e-03 -1.608480e+03
7.075210e+00 7.361006e-03 -1.655093e+03
7.075210e+00 7.948422e-03 -1.696555e+03
7.075210e+00 8.582714e-03 -1.731804e+03
7.075210e+00 9.267624e-03 -1.759785e+03
7.075210e+00 1.000719e-02 -1.779376e+03
7.075210e+00 1.080577e-02 -1.789443e+03
7.075210e+00 1.166809e-02 -1.788966e+03
7.075210e+00 1.259921e-02 -1.777043e+03
7.075210e+00 1.360464e-02 -1.752950e+03
7.075210e+00 1.469030e-02 -1.716262e+03
7.075210e+00 1.586261e-02 -1.667068e+03
7.075210e+00 1.712846e-02 -1.605949e+03
7.075210e+00 1.849533e-02 -1.533866e+03
7.075210e+00 1.997127e-02 -1.452896e+03
7.075210e+00 2.156500e-02 -1.365821e+03
7.075210e+00 2.328591e-02 -1.275326e+03
7.075210e+00 2.514415e-02 -1.185102e+03
7.075210e+00 2.715068e-02 -1.099086e+03
7.075210e+00 2.931733e-02 -1.020234e+03
7.075210e+00 3.165689e-02 -9.507141e+02
7.075210e+00 3.418314e-02 -8.918288e+02
7.075210e+00 3.691099e-02 -8.426680e+02
7.075210e+00 3.985652e-02 -8.002543e+02
7.075210e+00 4.303711e-02 -7.595921e+02
7.075210e+00 4.647152e-02 -7.146176e+02
7.075210e+00 5.017999e-02 -6.601753e+02
7.075210e+00 5.418441e-02 -6.085773e+02
7.075210e+00 5.850838e-02 -5.748661e+02
7.075210e+00 6.317741e-02 -5.384648e+02
7.075210e+00 6.821903e-02 -4.991587e+02
7.075210e+00 7.366298e-02 -4.571395e+02
7.075210e+00 7.954136e-02 -4.160930e+02
7.075210e+00 8.588885e-02 -3.717710e+02
7.075210e+00 9.274286e-02 -3.239120e+02
7.075210e+00 1.001438e-01 -2.722338e+02
7.075210e+00 1.081354e-01 -2.409019e+02
7.075210e+00 1.167647e-01 -2.187446e+02
7.075210e+00 1.260827e-01 -1.948190e+02
7.075210e+00 1.361442e-01 -1.689842e+02
7.075210e+00 1.470087e-01 -1.438483e+02
7.075210e+00 1.587401e-01 -1.284660e+02
7.075210e+00 1.714077e-01 -1.118562e+02
7.075210e+00 1.850862e-01 -9.392093e+01
7.075210e+00 1.998563e-01 -7.455441e+01
7.075210e+00 2.158051e-01 -6.468413e+01
7.075210e+00 2.330265e-01 -5.623170e+01
7.075210e+00 2.516223e-01 -4.710477e+01
7.075210e+00 2.717020e-01 -3.724949e+01
7.075210e+00 2.933841e-01 -2.981741e+01
7.075210e+00 3.167964e-01 -2.587150e+01
7.075210e+00 3.420771e-01 -2.161070e+01
7.075210e+00 3.693752e-01 -1.700988e+01
7.075210e+00 3.988518e-01 -1.229204e+01
7.075210e+00 4.306805e-01 -1.070603e+01
7.075210e+00 4.650493e-01 -8.993462e+00
7.075210e+00 5.021607e-01 -7.144228e+00
7.075210e+00 5.422336e-01 -5.147423e+00
7.075210e+00 5.855044e-01 -4.088593e+00
7.075210e+00 6.322283e-01 -3.456627e+00
7.075210e+00 6.826808e-01 -2.774230e+00
7.075210e+00 7.371594e-01 -2.037377e+00
7.075210e+00 7.959855e-01 -1.430574e+00
7.075210e+00 8.595059e-01 -1.219730e+00
7.075210e+00 9.280954e-01 -9.920613e-01
7.075210e+00 1.002158e+00 -7.462240e-01
7.075210e+00 1.082132e+00 -4.807685e-01
7.075210e+00 1.168487e+00 -4.012636e-01
7.075210e+00 1.261733e+00 -3.330557e-01
7.075210e+00 1.362421e+00 -2.594047e-01
7.075210e+00 1.471144e+00 -1.798763e-01
7.075210e+00 1.588542e+00 -1.311442e-01
7.075210e+00 1.715310e+00 -1.110434e-01
7.075210e+00 1.852193e+00 -8.933841e-02
7.075210e+00 2.000000e+00 -6.590138e-02
7.236714e+00 1.000000e-03 -3.535128e+02
7.236714e+00 1.079801e-03 -3.790522e+02
7.236714e+00 1.165970e-03 -4.062045e+02
7.236714e+00 1.259016e-03 -4.350304e+02
7.236714e+00 1.359487e-03 -4.655854e+02
7.236714e+00 1.467975e-03 -4.979203e+02
7.236714e+00 1.585121e-03 -5.320780e+02
7.236714e+00 1.711615e-03 -5.680917e+02
7.236714e+00 1.848204e-03 -6.059851e+02
7.236714e+00 1.995693e-03 -6.457645e+02
7.236714e+00 2.154951e-03 -6.874166e+02
7.236714e+00 2.326918e-03 -7.309101e+02
7.236714e+00 2.512609e-03 -7.761876e+02
7.236714e+00 2.713117e-03 -8.231626e+02
7.236714e+00 2.929627e-03 -8.717214e+02
7.236714e+00 3.163414e-03 -9.217127e+02
7.236714e+00 3.415858e-03 -9.729441e+02
7.236714e+00 3.688447e-03 -1.025186e+03
7.236714e+00 3.982789e-03 -1.078157e+03
7.236714e+00 4.300619e-03 -1.131518e+03
7.236714e+00 4.643813e-03 -1.184887e+03
7.236714e+00 5.014394e-03 -1.237809e+03
7.236714e+00 5.414548e-03 -1.289762e+03
7.236714e+00 5.846635e-03 -1.340173e+03
7.236714e+00 6.313202e-03 -1.388383e+03
7.236714e+00 6.817002e-03 -1.433651e+03
7.236714e+00 7.361006e-03 -1.475199e+03
7.236714e+00 7.948422e-03 -1.512154e+03
7.236714e+00 8.582714e-03 -1.543572e+03
7.236714e+00 9.267624e-03 -1.568512e+03
7.236714e+00 1.000719e-02 -1.585975e+03
7.236714e+00 1.080577e-02 -1.594948e+03
7.236714e+00 1.166809e-02 -1.594524e+03
7.236714e+00 1.259921e-02 -1.583897e+03
7.236714e+00 1.360464e-02 -1.562422e+03
7.236714e+00 1.469030e-02 -1.529722e+03
7.236714e+00 1.586261e-02 -1.485875e+03
7.236714e+00 1.712846e-02 -1.431400e+03
7.236714e+00 1.849533e-02 -1.367151e+03
7.236714e+00 1.997127e-02 -1.294982e+03
7.236714e+00 2.156500e-02 -1.217371e+03
7.236714e+00 2.328591e-02 -1.136712e+03
7.236714e+00 2.514415e-02 -1.056294e+03
7.236714e+00 2.715068e-02 -9.796273e+02
7.236714e+00 2.931733e-02 -9.093460e+02
7.236714e+00 3.165689e-02 -8.473819e+02
7.236714e+00 3.418314e-02 -7.948969e+02
7.236714e+00 3.691099e-02 -7.510793e+02
7.236714e+00 3.985652e-02 -7.132755e+02
7.236714e+00 4.303711e-02 -6.770328e+02
7.236714e+00 4.647152e-02 -6.369465e+02
7.236714e+00 5.017999e-02 -5.884215e+02
7.236714e+00 5.418441e-02 -5.424692e+02
7.236714e+00 5.850838e-02 -5.125266e+02
7.236714e+00 6.317741e-02 -4.801946e+02
7.236714e+00 6.821903e-02 -4.452825e+02
7.236714e+00 7.366298e-02 -4.079441e+02
7.236714e+00 7.954136e-02 -3.712995e+02
7.236714e+00 8.588885e-02 -3.317306e+02
7.236714e+00 9.274286e-02 -2.890041e+02
7.236714e+00 1.001438e-01 -2.428679e+02
7.236714e+00 1.081354e-01 -2.151074e+02
7.236714e+00 1.167647e-01 -1.956552e+02
7.236714e+00 1.260827e-01 -1.746508e+02
7.236714e+00 1.361442e-01 -1.519701e+02
7.236714e+00 1.470087e-01 -1.298787e+02
7.236714e+00 1.587401e-01 -1.162449e+02
7.236714e+00 1.714077e-01 -1.015230e+02
7.236714e+00 1.850862e-01 -8.562630e+01
7.236714e+00 1.998563e-01 -6.846104e+01
7.236714e+00 2.158051e-01 -5.960592e+01
7.236714e+00 2.330265e-01 -5.197765e+01
7.236714e+00 2.516223e-01 -4.374064e+01
7.236714e+00 2.717020e-01 -3.484631e+01
7.236714e+00 2.933841e-01 -2.809451e+01
7.236714e+00 3.167964e-01 -2.442899e+01
7.236714e+00 3.420771e-01 -2.047096e+01
7.236714e+00 3.693752e-01 -1.619708e+01
7.236714e+00 3.988518e-01 -1.181190e+01
7.236714e+00 4.306805e-01 -1.029971e+01
7.236714e+00 4.650493e-01 -8.666843e+00
7.236714e+00 5.021607e-01 -6.903671e+00
7.236714e+00 5.422336e-01 -4.999795e+00
7.236714e+00 5.855044e-01 -3.984277e+00
7.236714e+00 6.322283e-01 -3.372503e+00
7.236714e+00 6.826808e-01 -2.711909e+00
7.236714e+00 7.371594e-01 -1.998598e+00
7.236714e+00 7.959855e-01 -1.410303e+00
7.236714e+00 8.595059e-01 -1.203174e+00
7.236714e+00 9.280954e-01 -9.795159e-01
7.236714e+00 1.002158e+00 -7.380099e-01
7.236714e+00 1.082132e+00 -4.772315e-01
7.236714e+00 1.168487e+00 -3.986557e-01
7.236714e+00 1.261733e+00 -3.311001e-01
7.236714e+00 1.362421e+00 -2.581535e-01
7.236714e+00 1.471144e+00 -1.793857e-01
7.236714e+00 1.588542e+00 -1.310480e-01
7.236714e+00 1.715310e+00 -1.109992e-01
7.236714e+00 1.852193e+00 -8.935037e-02
7.236714e+00 2.000000e+00 -6.597398e-02
7.401449e+00 1.000000e-03 -3.142998e+02
7.401449e+00 1.079801e-03 -3.370106e+02
7.401449e+00 1.165970e-03 -3.611559e+02
7.401449e+00 1.259016e-03 -3.867895e+02
7.401449e+00 1.359487e-03 -4.139608e+02
7.401449e+00 1.467975e-03 -4.427147e+02
7.401449e+00 1.585121e-03 -4.730890e+02
7.401449e+00 1.711615e-03 -5.051136e+02
7.401449e+00 1.848204e-03 -5.388093e+02
7.401449e+00 1.995693e-03 -5.741819e+02
7.401449e+00 2.154951e-03 -6.112194e+02
7.401449e+00 2.326918e-03 -6.498944e+02
7.401449e+00 2.512609e-03 -6.901557e+02
7.401449e+00 2.713117e-03 -7.319264e+02
7.401449e+00 2.929627e-03 -7.751054e+02
7.401449e+00 3.163414e-03 -8.195578e+02
7.401449e+00 3.415858e-03 -8.651128e+02
7.401449e+00 3.688447e-03 -9.115665e+02
7.401449e+00 3.982789e-03 -9.586679e+02
7.401449e+00 4.300619e-03 -1.006117e+03
7.401449e+00 4.643813e-03 -1.053572e+03
7.401449e+00 5.014394e-03 -1.100630e+03
7.401449e+00 5.414548e-03 -1.146826e+03
7.401449e+00 5.846635e-03 -1.191652e+03
7.401449e+00 6.313202e-03 -1.234520e+03
7.401449e+00 6.817002e-03 -1.274772e+03
7.401449e+00 7.361006e-03 -1.311715e+03
7.401449e+00 7.948422e-03 -1.344576e+03
7.401449e+00 8.582714e-03 -1.372512e+03
7.401449e+00 9.267624e-03 -1.394689e+03
7.401449e+00 1.000719e-02 -1.410218e+03
7.401449e+00 1.080577e-02 -1.418197e+03
7.401449e+00 1.166809e-02 -1.417820e+03
7.401449e+00 1.259921e-02 -1.408371e+03
7.401449e+00 1.360464e-02 -1.389277e+03
7.401449e+00 1.469030e-02 -1.360200e+03
7.401449e+00 1.586261e-02 -1.321213e+03
7.401449e+00 1.712846e-02 -1.272774e+03
7.401449e+00 1.849533e-02 -1.215646e+03
7.401449e+00 1.997127e-02 -1.151474e+03
7.401449e+00 2.156500e-02 -1.082464e+03
7.401449e+00 2.328591e-02 -1.010744e+03
7.401449e+00 2.514415e-02 -9.392376e+02
7.401449e+00 2.715068e-02 -8.710667e+02
7.401449e+00 2.931733e-02 -8.085738e+02
7.401449e+00 3.165689e-02 -7.534766e+02
7.401449e+00 3.418314e-02 -7.068078e+02
7.401449e+00 3.691099e-02 -6.678460e+02
7.401449e+00 3.985652e-02 -6.342316e+02
7.401449e+00 4.303711e-02 -6.020052e+02
7.401449e+00 4.647152e-02 -5.663612e+02
7.401449e+00 5.017999e-02 -5.232137e+02
7.401449e+00 5.418441e-02 -4.823601e+02
7.401449e+00 5.850838e-02 -4.557536e+02
7.401449e+00 6.317741e-02 -4.270238e+02
7.401449e+00 6.821903e-02 -3.960013e+02
7.401449e+00 7.366298e-02 -3.628177e+02
7.401449e+00 7.954136e-02 -3.301978e+02
7.401449e+00 8.588885e-02 -2.949747e+02
7.401449e+00 9.274286e-02 -2.569407e+02
7.401449e+00 1.001438e-01 -2.158716e+02
7.401449e+00 1.081354e-01 -1.913109e+02
7.401449e+00 1.167647e-01 -1.742301e+02
7.401449e+00 1.260827e-01 -1.557861e+02
7.401449e+00 1.361442e-01 -1.358704e+02
7.401449e+00 1.470087e-01 -1.164671e+02
7.401449e+00 1.587401e-01 -1.044688e+02
7.401449e+00 1.714077e-01 -9.151303e+01
7.401449e+00 1.850862e-01 -7.752336e+01
7.401449e+00 1.998563e-01 -6.241731e+01
7.401449e+00 2.158051e-01 -5.451964e+01
7.401449e+00 2.330265e-01 -4.767235e+01
7.401449e+00 2.516223e-01 -4.027864e+01
7.401449e+00 2.717020e-01 -3.229491e+01
7.401449e+00 2.933841e-01 -2.619989e+01
7.401449e+00 3.167964e-01 -2.282863e+01
7.401449e+00 3.420771e-01 -1.918834e+01
7.401449e+00 3.693752e-01 -1.525755e+01
7.401449e+00 3.988518e-01 -1.122225e+01
7.401449e+00 4.306805e-01 -9.798910e+00
7.401449e+00 4.650493e-01 -8.261984e+00
7.401449e+00 5.021607e-01 -6.602409e+00
7.401449e+00 5.422336e-01 -4.810399e+00
7.401449e+00 5.855044e-01 -3.847144e+00
7.401449e+00 6.322283e-01 -3.259868e+00
7.401449e+00 6.826808e-01 -2.625727e+00
7.401449e+00 7.371594e-01 -1.940981e+00
7.401449e+00 7.959855e-01 -1.375592e+00
7.401449e+00 8.595059e-01 -1.174521e+00
7.401449e+00 9.280954e-01 -9.574032e-01
7.401449e+00 1.002158e+00 -7.229598e-01
7.401449e+00 1.082132e+00 -4.698075e-01
7.401449e+00 1.168487e+00 -3.928613e-01
7.401449e+00 1.261733e+00 -3.265028e-01
7.401449e+00 1.362421e+00 -2.548488e-01
7.401449e+00 1.471144e+00 -1.774767e-01
7.401449e+00 1.588542e+00 -1.299073e-01
7.401449e+00 1.715310e+00 -1.100410e-01
7.401449e+00 1.852193e+00 -8.858940e-02
7.401449e+00 2.000000e+00 -6.542593e-02
7.569477e+00 1.000000e-03 -2.785387e+02
7.569477e+00 1.079801e-03 -2.986694e+02
7.569477e+00 1.165970e-03 -3.200719e+02
7.569477e+00 1.259016e-03 -3.427937e+02
7.569477e+00 1.359487e-03 -3.668785e+02
7.569477e+00 1.467975e-03 -3.923659e+02
7.569477e+00 1.585121e-03 -4.192895e+02
7.569477e+00 1.711615e-03 -4.476756e+02
7.569477e+00 1.848204e-03 -4.775425e+02
7.569477e+00 1.995693e-03 -5.088955e+02
7.569477e+00 2.154951e-03 -5.417241e+02
7.569477e+00 2.326918e-03 -5.760041e+02
7.569477e+00 2.512609e-03 -6.116902e+02
7.569477e+00 2.713117e-03 -6.487141e+02
7.569477e+00 2.929627e-03 -6.869860e+02
7.569477e+00 3.163414e-03 -7.263865e+02
7.569477e+00 3.415858e-03 -7.667641e+02
7.569477e+00 3.688447e-03 -8.079382e+02
7.569477e+00 3.982789e-03 -8.496865e+02
7.569477e+00 4.300619e-03 -8.917425e+02
7.569477e+00 4.643813e-03 -9.338042e+02
7.569477e+00 5.014394e-03 -9.755140e+02
7.569477e+00 5.414548e-03 -1.016460e+03
7.569477e+00 5.846635e-03 -1.056190e+03
7.569477e+00 6.313202e-03 -1.094186e+03
7.569477e+00 6.817002e-03 -1.129863e+03
7.569477e+00 7.361006e-03 -1.162608e+03
7.569477e+00 7.948422e-03 -1.191733e+03
7.569477e+00 8.582714e-03 -1.216494e+03
7.569477e+00 9.267624e-03 -1.236150e+03
7.569477e+00 1.000719e-02 -1.249914e+03
7.569477e+00 1.080577e-02 -1.256987e+03
7.569477e+00 1.166809e-02 -1.256654e+03
7.569477e+00 1.259921e-02 -1.248279e+03
7.569477e+00 1.360464e-02 -1.231355e+03
7.569477e+00 1.469030e-02 -1.205584e+03
7.569477e+00 1.586261e-02 -1.171029e+03
7.569477e+00 1.712846e-02 -1.128096e+03
7.569477e+00 1.849533e-02 -1.077462e+03
7.569477e+00 1.997127e-02 -1.020584e+03
7.569477e+00 2.156500e-02 -9.594189e+02
7.569477e+00 2.328591e-02 -8.958513e+02
7.569477e+00 2.514415e-02 -8.324735e+02
7.569477e+00 2.715068e-02 -7.720516e+02
7.569477e+00 2.931733e-02 -7.166624e+02
7.569477e+00 3.165689e-02 -6.678281e+02
7.569477e+00 3.418314e-02 -6.264642e+02
7.569477e+00 3.691099e-02 -5.919313e+02
7.569477e+00 3.985652e-02 -5.621378e+02
7.569477e+00 4.303711e-02 -5.335747e+02
7.569477e+00 4.647152e-02 -5.019824e+02
7.569477e+00 5.017999e-02 -4.637394e+02
7.569477e+00 5.418441e-02 -4.275747e+02
7.569477e+00 5.850838e-02 -4.041175e+02
7.569477e+00 6.317741e-02 -3.787885e+02
7.569477e+00 6.821903e-02 -3.514382e+02
7.569477e+00 7.366298e-02 -3.221647e+02
7.569477e+00 7.954136e-02 -2.932036e+02
7.569477e+00 8.588885e-02 -2.619315e+02
7.569477e+00 9.274286e-02 -2.281637e+02
7.569477e+00 1.001438e-01 -1.917013e+02
7.569477e+00 1.081354e-01 -1.699707e+02
7.569477e+00 1.167647e-01 -1.549227e+02
7.569477e+00 1.260827e-01 -1.386739e+02
7.569477e+00 1.361442e-01 -1.211284e+02
7.569477e+00 1.470087e-01 -1.040378e+02
7.569477e+00 1.587401e-01 -9.348497e+01
7.569477e+00 1.714077e-01 -8.209007e+01
7.569477e+00 1.850862e-01 -6.978584e+01
7.569477e+00 1.998563e-01 -5.649972e+01
7.569477e+00 2.158051e-01 -4.948644e+01
7.569477e+00 2.330265e-01 -4.337824e+01
7.569477e+00 2.516223e-01 -3.678260e+01
7.569477e+00 2.717020e-01 -2.966062e+01
7.569477e+00 2.933841e-01 -2.419612e+01
7.569477e+00 3.167964e-01 -2.112441e+01
7.569477e+00 3.420771e-01 -1.780758e+01
7.569477e+00 3.693752e-01 -1.422607e+01
7.569477e+00 3.988518e-01 -1.054749e+01
7.569477e+00 4.306805e-01 -9.222875e+00
7.569477e+00 4.650493e-01 -7.792557e+00
7.569477e+00 5.021607e-01 -6.248097e+00
7.569477e+00 5.422336e-01 -4.580389e+00
7.569477e+00 5.855044e-01 -3.677240e+00
7.569477e+00 6.322283e-01 -3.120328e+00
7.569477e+00 6.826808e-01 -2.518974e+00
7.569477e+00 7.371594e-01 -1.869631e+00
7.569477e+00 7.959855e-01 -1.332483e+00
7.569477e+00 8.595059e-01 -1.138402e+00
7.569477e+00 9.280954e-01 -9.288341e-01
7.569477e+00 1.002158e+00 -7.025422e-01
7.569477e+00 1.082132e+00 -4.581919e-01
7.569477e+00 1.168487e+00 -3.835582e-01
7.569477e+00 1.261733e+00 -3.190841e-01
7.569477e+00 1.362421e+00 -2.494649e-01
7.569477e+00 1.471144e+00 -1.742900e-01
7.569477e+00 1.588542e+00 -1.279316e-01
7.569477e+00 1.715310e+00 -1.083560e-01
7.569477e+00 1.852193e+00 -8.721822e-02
7.569477e+00 2.000000e+00 -6.439366e-02
7.740867e+00 1.000000e-03 -2.467776e+02
7.740867e+00 1.079801e-03 -2.646164e+02
7.740867e+00 1.165970e-03 -2.835823e+02
7.740867e+00 1.259016e-03 -3.037176e+02
7.740867e+00 1.359487e-03 -3.250607e+02
7.740867e+00 1.467975e-03 -3.476466e+02
7.740867e+00 1.585121e-03 -3.715049e+02
7.740867e+00 1.711615e-03 -3.966590e+02
7.740867e+00 1.848204e-03 -4.231250e+02
7.740867e+00 1.995693e-03 -4.509076e+02
7.740867e+00 2.154951e-03 -4.799976e+02
7.740867e+00 2.326918e-03 -5.103737e+02
7.740867e+00 2.512609e-03 -5.419958e+02
7.740867e+00 2.713117e-03 -5.748033e+02
7.740867e+00 2.929627e-03 -6.087165e+02
7.740867e+00 3.163414e-03 -6.436296e+02
7.740867e+00 3.415858e-03 -6.794084e+02
7.740867e+00 3.688447e-03 -7.158931e+02
7.740867e+00 3.982789e-03 -7.528864e+02
7.740867e+00 4.300619e-03 -7.901524e+02
7.740867e+00 4.643813e-03 -8.274233e+02
7.740867e+00 5.014394e-03 -8.643823e+02
7.740867e+00 5.414548e-03 -9.006641e+02
7.740867e+00 5.846635e-03 -9.358694e+02
7.740867e+00 6.313202e-03 -9.695373e+02
7.740867e+00 6.817002e-03 -1.001151e+03
7.740867e+00 7.361006e-03 -1.030166e+03
7.740867e+00 7.948422e-03 -1.055973e+03
7.740867e+00 8.582714e-03 -1.077914e+03
7.740867e+00 9.267624e-03 -1.095331e+03
7.740867e+00 1.000719e-02 -1.107528e+03
7.740867e+00 1.080577e-02 -1.113796e+03
7.740867e+00 1.166809e-02 -1.113501e+03
7.740867e+00 1.259921e-02 -1.106080e+03
7.740867e+00 1.360464e-02 -1.091085e+03
7.740867e+00 1.469030e-02 -1.068249e+03
7.740867e+00 1.586261e-02 -1.037630e+03
7.740867e+00 1.712846e-02 -9.995886e+02
7.740867e+00 1.849533e-02 -9.547222e+02
7.740867e+00 1.997127e-02 -9.043243e+02
7.740867e+00 2.156500e-02 -8.501265e+02
7.740867e+00 2.328591e-02 -7.938003e+02
7.740867e+00 2.514415e-02 -7.376421e+02
7.740867e+00 2.715068e-02 -6.841033e+02
7.740867e+00 2.931733e-02 -6.350238e+02
7.740867e+00 3.165689e-02 -5.917524e+02
7.740867e+00 3.418314e-02 -5.551005e+02
7.740867e+00 3.691099e-02 -5.245014e+02
7.740867e+00 3.985652e-02 -4.981018e+02
7.740867e+00 4.303711e-02 -4.727925e+02
7.740867e+00 4.647152e-02 -4.447990e+02
7.740867e+00 5.017999e-02 -4.109125e+02
7.740867e+00 5.418441e-02 -3.788151e+02
7.740867e+00 5.850838e-02 -3.578841e+02
7.740867e+00 6.317741e-02 -3.352829e+02
7.740867e+00 6.821903e-02 -3.108780e+02
7.740867e+00 7.366298e-02 -2.847893e+02
7.740867e+00 7.954136e-02 -2.593108e+02
7.740867e+00 8.588885e-02 -2.317990e+02
7.740867e+00 9.274286e-02 -2.020919e+02
7.740867e+00 1.001438e-01 -1.700140e+02
7.740867e+00 1.081354e-01 -1.508576e+02
7.740867e+00 1.167647e-01 -1.375586e+02
7.740867e+00 1.260827e-01 -1.231983e+02
7.740867e+00 1.361442e-01 -1.076921e+02
7.740867e+00 1.470087e-01 -9.259431e+01
7.740867e+00 1.587401e-01 -8.330267e+01
7.740867e+00 1.714077e-01 -7.326955e+01
7.740867e+00 1.850862e-01 -6.243578e+01
7.740867e+00 1.998563e-01 -5.073746e+01
7.740867e+00 2.158051e-01 -4.454130e+01
7.740867e+00 2.330265e-01 -3.913617e+01
7.740867e+00 2.516223e-01 -3.329970e+01
7.740867e+00 2.717020e-01 -2.699748e+01
7.740867e+00 2.933841e-01 -2.213960e+01
7.740867e+00 3.167964e-01 -1.936891e+01
7.740867e+00 3.420771e-01 -1.637711e+01
7.740867e+00 3.693752e-01 -1.314656e+01
7.740867e+00 3.988518e-01 -9.826633e+00
7.740867e+00 4.306805e-01 -8.604282e+00
7.740867e+00 4.650493e-01 -7.284385e+00
7.740867e+00 5.021607e-01 -5.859159e+00
7.740867e+00 5.422336e-01 -4.320199e+00
7.740867e+00 5.855044e-01 -3.480504e+00
7.740867e+00 6.322283e-01 -2.956894e+00
7.740867e+00 6.826808e-01 -2.391500e+00
7.740867e+00 7.371594e-01 -1.780986e+00
7.740867e+00 7.959855e-01 -1.275339e+00
7.740867e+00 8.595059e-01 -1.090738e+00
7.740867e+00 9.280954e-01 -8.914051e-01
7.740867e+00 1.002158e+00 -6.761658e-01
7.740867e+00 1.082132e+00 -4.437502e-01
7.740867e+00 1.168487e+00 -3.720013e-01
7.740867e+00 1.261733e+00 -3.097905e-01
7.740867e+00 1.362421e+00 -2.426152e-01
7.740867e+00 1.471144e+00 -1.700792e-01
7.740867e+00 1.588542e+00 -1.252227e-01
7.740867e+00 1.715310e+00 -1.060892e-01
7.740867e+00 1.852193e+00 -8.542888e-02
7.740867e+00 2.000000e+00 -6.311980e-02
7.915684e+00 1.000000e-03 -2.180301e+02
7.915684e+00 1.079801e-03 -2.337939e+02
7.915684e+00 1.165970e-03 -2.505541e+02
7.915684e+00 1.259016e-03 -2.683477e+02
7.915684e+00 1.359487e-03 -2.872087e+02
7.915684e+00 1.467975e-03 -3.071679e+02
7.915684e+00 1.585121e-03 -3.282513e+02
7.915684e+00 1.711615e-03 -3.504795e+02
7.915684e+00 1.848204e-03 -3.738668e+02
7.915684e+00 1.995693e-03 -3.984173e+02
7.915684e+00 2.154951e-03 -4.241229e+02
7.915684e+00 2.326918e-03 -4.509650e+02
7.915684e+00 2.512609e-03 -4.789081e+02
7.915684e+00 2.713117e-03 -5.078987e+02
7.915684e+00 2.929627e-03 -5.378662e+02
7.915684e+00 3.163414e-03 -5.687171e+02
7.915684e+00 3.415858e-03 -6.003329e+02
7.915684e+00 3.688447e-03 -6.325724e+02
7.915684e+00 3.982789e-03 -6.652613e+02
7.915684e+00 4.300619e-03 -6.981912e+02
7.915684e+00 4.643813e-03 -7.311253e+02
7.915684e+00 5.014394e-03 -7.637837e+02
7.915684e+00 5.414548e-03 -7.958438e+02
7.915684e+00 5.846635e-03 -8.269525e+02
7.915684e+00 6.313202e-03 -8.567028e+02
7.915684e+00 6.817002e-03 -8.846374e+02
7.915684e+00 7.361006e-03 -9.102760e+02
7.915684e+00 7.948422e-03 -9.330803e+02
7.915684e+00 8.582714e-03 -9.524679e+02
7.915684e+00 9.267624e-03 -9.678589e+02
7.915684e+00 1.000719e-02 -9.786367e+02
7.915684e+00 1.080577e-02 -9.841757e+02
7.915684e+00 1.166809e-02 -9.839152e+02
7.915684e+00 1.259921e-02 -9.773585e+02
7.915684e+00 1.360464e-02 -9.641080e+02
7.915684e+00 1.469030e-02 -9.439303e+02
7.915684e+00 1.586261e-02 -9.168748e+02
7.915684e+00 1.712846e-02 -8.832604e+02
7.915684e+00 1.849533e-02 -8.436155e+02
7.915684e+00 1.997127e-02 -7.990827e+02
7.915684e+00 2.156500e-02 -7.511922e+02
7.915684e+00 2.328591e-02 -7.014211e+02
7.915684e+00 2.514415e-02 -6.517984e+02
7.915684e+00 2.715068e-02 -6.044902e+02
7.915684e+00 2.931733e-02 -5.611224e+02
7.915684e+00 3.165689e-02 -5.228868e+02
7.915684e+00 3.418314e-02 -4.905003e+02
7.915684e+00 3.691099e-02 -4.634622e+02
7.915684e+00 3.985652e-02 -4.401349e+02
7.915684e+00 4.303711e-02 -4.177709e+02
7.915684e+00 4.647152e-02 -3.930352e+02
7.915684e+00 5.017999e-02 -3.630923e+02
7.915684e+00 5.418441e-02 -3.347329e+02
7.915684e+00 5.850838e-02 -3.162453e+02
7.915684e+00 6.317741e-02 -2.962824e+02
7.915684e+00 6.821903e-02 -2.747265e+02
7.915684e+00 7.366298e-02 -2.516899e+02
7.915684e+00 7.954136e-02 -2.292606e+02
7.915684e+00 8.588885e-02 -2.050414e+02
7.915684e+00 9.274286e-02 -1.788896e+02
7.915684e+00 1.001438e-01 -1.506507e+02
7.915684e+00 1.081354e-01 -1.337415e+02
7.915684e+00 1.167647e-01 -1.219633e+02
7.915684e+00 1.260827e-01 -1.092452e+02
7.915684e+00 1.361442e-01 -9.551217e+01
7.915684e+00 1.470087e-01 -8.215149e+01
7.915684e+00 1.587401e-01 -7.397902e+01
7.915684e+00 1.714077e-01 -6.515437e+01
7.915684e+00 1.850862e-01 -5.562552e+01
7.915684e+00 1.998563e-01 -4.533625e+01
7.915684e+00 2.158051e-01 -3.987240e+01
7.915684e+00 2.330265e-01 -3.510040e+01
7.915684e+00 2.516223e-01 -2.994758e+01
7.915684e+00 2.717020e-01 -2.438356e+01
7.915684e+00 2.933841e-01 -2.008164e+01
7.915684e+00 3.167964e-01 -1.760477e+01
7.915684e+00 3.420771e-01 -1.493024e+01
7.915684e+00 3.693752e-01 -1.204228e+01
7.915684e+00 3.988518e-01 -9.072773e+00
7.915684e+00 4.306805e-01 -7.954966e+00
7.915684e+00 4.650493e-01 -6.747957e+00
7.915684e+00 5.021607e-01 -5.444627e+00
7.915684e+00 5.422336e-01 -4.037290e+00
7.915684e+00 5.855044e-01 -3.264191e+00
7.915684e+00 6.322283e-01 -2.777293e+00
7.915684e+00 6.826808e-01 -2.251541e+00
7.915684e+00 7.371594e-01 -1.683833e+00
7.915684e+00 7.959855e-01 -1.212814e+00
7.915684e+00 8.595059e-01 -1.038327e+00
7.915684e+00 9.280954e-01 -8.499159e-01
7.915684e+00 1.002158e+00 -6.464694e-01
7.915684e+00 1.082132e+00 -4.267877e-01
7.915684e+00 1.168487e+00 -3.582315e-01
7.915684e+00 1.261733e+00 -2.985689e-01
7.915684e+00 1.362421e+00 -2.341451e-01
7.915684e+00 1.471144e+00 -1.645802e-01
7.915684e+00 1.588542e+00 -1.214835e-01
7.915684e+00 1.715310e+00 -1.029819e-01
7.915684e+00 1.852193e+00 -8.300390e-02
7.915684e+00 2.000000e+00 -6.143161e-02
8.093998e+00 1.000000e-03 -1.922423e+02
8.093998e+00 1.079801e-03 -2.061446e+02
8.093998e+00 1.165970e-03 -2.209256e+02
8.093998e+00 1.259016e-03 -2.366183e+02
8.093998e+00 1.359487e-03 -2.532523e+02
8.093998e+00 1.467975e-03 -2.708547e+02
8.093998e+00 1.585121e-03 -2.894485e+02
8.093998e+00 1.711615e-03 -3.090516e+02
8.093998e+00 1.848204e-03 -3.296768e+02
8.093998e+00 1.995693e-03 -3.513274e+02
8.093998e+00 2.154951e-03 -3.739967e+02
8.093998e+00 2.326918e-03 -3.976681e+02
8.093998e+00 2.512609e-03 -4.223105e+02
8.093998e+00 2.713117e-03 -4.478766e+02
8.093998e+00 2.929627e-03 -4.743042e+02
8.093998e+00 3.163414e-03 -5.015107e+02
8.093998e+00 3.415858e-03 -5.293916e+02
8.093998e+00 3.688447e-03 -5.578225e+02
8.093998e+00 3.982789e-03 -5.866496e+02
8.093998e+00 4.300619e-03 -6.156892e+02
8.093998e+00 4.643813e-03 -6.447326e+02
8.093998e+00 5.014394e-03 -6.735327e+02
8.093998e+00 5.414548e-03 -7.018052e+02
8.093998e+00 5.846635e-03 -7.292387e+02
8.093998e+00 6.313202e-03 -7.554742e+02
8.093998e+00 6.817002e-03 -7.801085e+02
8.093998e+00 7.361006e-03 -8.027180e+02
8.093998e+00 7.948422e-03 -8.228280e+02
8.093998e+00 8.582714e-03 -8.399250e+02
8.093998e+00 9.267624e-03 -8.534978e+02
8.093998e+00 1.000719e-02 -8.630026e+02
8.093998e+00 1.080577e-02 -8.678875e+02
8.093998e+00 1.166809e-02 -8.676582e+02
8.093998e+00 1.259921e-02 -8.618764e+02
8.093998e+00 1.360464e-02 -8.501917e+02
8.093998e+00 1.469030e-02 -8.323982e+02
8.093998e+00 1.586261e-02 -8.085396e+02
8.093998e+00 1.712846e-02 -7.788971e+02
8.093998e+00 1.849533e-02 -7.439366e+02
8.093998e+00 1.997127e-02 -7.046657e+02
8.093998e+00 2.156500e-02 -6.624339e+02
8.093998e+00 2.328591e-02 -6.185435e+02
8.093998e+00 2.514415e-02 -5.747842e+02
8.093998e+00 2.715068e-02 -5.330657e+02
8.093998e+00 2.931733e-02 -4.948221e+02
8.093998e+00 3.165689e-02 -4.611043e+02
8.093998e+00 3.418314e-02 -4.325445e+02
8.093998e+00 3.691099e-02 -4.087011e+02
8.093998e+00 3.985652e-02 -3.881301e+02
8.093998e+00 4.303711e-02 -3.684085e+02
8.093998e+00 4.647152e-02 -3.465955e+02
8.093998e+00 5.017999e-02 -3.201906e+02
8.093998e+00 5.418441e-02 -2.952013e+02
8.093998e+00 5.850838e-02 -2.789518e+02
8.093998e+00 6.317741e-02 -2.614056e+02
8.093998e+00 6.821903e-02 -2.424591e+02
8.093998e+00 7.366298e-02 -2.222085e+02
8.093998e+00 7.954136e-02 -2.024636e+02
8.093998e+00 8.588885e-02 -1.811430e+02
8.093998e+00 9.274286e-02 -1.581209e+02
8.093998e+00 1.001438e-01 -1.332617e+02
8.093998e+00 1.081354e-01 -1.183386e+02
8.093998e+00 1.167647e-01 -1.079117e+02
8.093998e+00 1.260827e-01 -9.665258e+01
8.093998e+00 1.361442e-01 -8.449502e+01
8.093998e+00 1.470087e-01 -7.267500e+01
8.093998e+00 1.587401e-01 -6.548232e+01
8.093998e+00 1.714077e-01 -5.771566e+01
8.093998e+00 1.850862e-01 -4.932921e+01
8.093998e+00 1.998563e-01 -4.027352e+01
8.093998e+00 2.158051e-01 -3.547364e+01
8.093998e+00 2.330265e-01 -3.128515e+01
8.093998e+00 2.516223e-01 -2.676241e+01
8.093998e+00 2.717020e-01 -2.187876e+01
8.093998e+00 2.933841e-01 -1.809110e+01
8.093998e+00 3.167964e-01 -1.588942e+01
8.093998e+00 3.420771e-01 -1.351205e+01
8.093998e+00 3.693752e-01 -1.094497e+01
8.093998e+00 3.988518e-01 -8.304137e+00
8.093998e+00 4.306805e-01 -7.291608e+00
8.093998e+00 4.650493e-01 -6.198277e+00
8.093998e+00 5.021607e-01 -5.017698e+00
8.093998e+00 5.422336e-01 -3.742907e+00
8.093998e+00 5.855044e-01 -3.037292e+00
8.093998e+00 6.322283e-01 -2.588017e+00
8.093998e+00 6.826808e-01 -2.102888e+00
8.093998e+00 7.371594e-01 -1.579046e+00
8.093998e+00 7.959855e-01 -1.143663e+00
8.093998e+00 8.595059e-01 -9.800515e-01
8.093998e+00 9.280954e-01 -8.033837e-01
8.093998e+00 1.002158e+00 -6.126176e-01
8.093998e+00 1.082132e+00 -4.066282e-01
8.093998e+00 1.168487e+00 -3.418005e-01
8.093998e+00 1.261733e+00 -2.852223e-01
8.093998e+00 1.362421e+00 -2.241291e-01
8.093998e+00 1.471144e+00 -1.581605e-01
8.093998e+00 1.588542e+00 -1.171470e-01
8.093998e+00 1.715310e+00 -9.931872e-02
8.093998e+00 1.852193e+00 -8.006776e-02
8.093998e+00 2.000000e+00 -5.928055e-02
8.275878e+00 1.000000e-03 -1.688171e+02
8.275878e+00 1.079801e-03 -1.810279e+02
8.275878e+00 1.165970e-03 -1.940108e+02
8.275878e+00 1.259016e-03 -2.077944e+02
8.275878e+00 1.359487e-03 -2.224049e+02
8.275878e+00 1.467975e-03 -2.378660e+02
8.275878e+00 1.585121e-03 -2.541978e+02
8.275878e+00 1.711615e-03 -2.714159e+02
8.275878e+00 1.848204e-03 -2.895314e+02
8.275878e+00 1.995693e-03 -3.085474e+02
8.275878e+00 2.154951e-03 -3.284580e+02
8.275878e+00 2.326918e-03 -3.492488e+02
8.275878e+00 2.512609e-03 -3.708924e+02
8.275878e+00 2.713117e-03 -3.933472e+02
8.275878e+00 2.929627e-03 -4.165585e+02
8.275878e+00 3.163414e-03 -4.404539e+02
8.275878e+00 3.415858e-03 -4.649416e+02
8.275878e+00 3.688447e-03 -4.899122e+02
8.275878e+00 3.982789e-03 -5.152309e+02
8.275878e+00 4.300619e-03 -5.407361e+02
8.275878e+00 4.643813e-03 -5.662445e+02
8.275878e+00 5.014394e-03 -5.915393e+02
8.275878e+00 5.414548e-03 -6.163706e+02
8.275878e+00 5.846635e-03 -6.404650e+02
8.275878e+00 6.313202e-03 -6.635073e+02
8.275878e+00 6.817002e-03 -6.851432e+02
8.275878e+00 7.361006e-03 -7.050007e+02
8.275878e+00 7.948422e-03 -7.226629e+02
8.275878e+00 8.582714e-03 -7.376789e+02
8.275878e+00 9.267624e-03 -7.495998e+02
8.275878e+00 1.000719e-02 -7.579480e+02
8.275878e+00 1.080577e-02 -7.622386e+02
8.275878e+00 1.166809e-02 -7.620375e+02
8.275878e+00 1.259921e-02 -7.569597e+02
8.275878e+00 1.360464e-02 -7.466975e+02
8.275878e+00 1.469030e-02 -7.310701e+02
8.275878e+00 1.586261e-02 -7.101159e+02
8.275878e+00 1.712846e-02 -6.840819e+02
8.275878e+00 1.849533e-02 -6.533772e+02
8.275878e+00 1.997127e-02 -6.188868e+02
8.275878e+00 2.156500e-02 -5.817959e+02
8.275878e+00 2.328591e-02 -5.432484e+02
8.275878e+00 2.514415e-02 -5.048158e+02
8.275878e+00 2.715068e-02 -4.681758e+02
8.275878e+00 2.931733e-02 -4.345876e+02
8.275878e+00 3.165689e-02 -4.049742e+02
8.275878e+00 3.418314e-02 -3.798910e+02
8.275878e+00 3.691099e-02 -3.589500e+02
8.275878e+00 3.985652e-02 -3.408831e+02
8.275878e+00 4.303711e-02 -3.235623e+02
8.275878e+00 4.647152e-02 -3.044046e+02
8.275878e+00 5.017999e-02 -2.812139e+02
8.275878e+00 5.418441e-02 -2.592645e+02
8.275878e+00 5.850838e-02 -2.449873e+02
8.275878e+00 6.317741e-02 -2.295709e+02
8.275878e+00 6.821903e-02 -2.129241e+02
8.275878e+00 7.366298e-02 -1.951363e+02
8.275878e+00 7.954136e-02 -1.778420e+02
8.275878e+00 8.588885e-02 -1.591677e+02
8.275878e+00 9.274286e-02 -1.390031e+02
8.275878e+00 1.001438e-01 -1.172294e+02
8.275878e+00 1.081354e-01 -1.041330e+02
8.275878e+00 1.167647e-01 -9.496054e+01
8.275878e+00 1.260827e-01 -8.505608e+01
8.275878e+00 1.361442e-01 -7.436125e+01
8.275878e+00 1.470087e-01 -6.396896e+01
8.275878e+00 1.587401e-01 -5.767172e+01
8.275878e+00 1.714077e-01 -5.087195e+01
8.275878e+00 1.850862e-01 -4.352955e+01
8.275878e+00 1.998563e-01 -3.560122e+01
8.275878e+00 2.158051e-01 -3.139962e+01
8.275878e+00 2.330265e-01 -2.773348e+01
8.275878e+00 2.516223e-01 -2.377478e+01
8.275878e+00 2.717020e-01 -1.950018e+01
8.275878e+00 2.933841e-01 -1.617717e+01
8.275878e+00 3.167964e-01 -1.423195e+01
8.275878e+00 3.420771e-01 -1.213149e+01
8.275878e+00 3.693752e-01 -9.863419e+00
8.275878e+00 3.988518e-01 -7.529319e+00
8.275878e+00 4.306805e-01 -6.621596e+00
8.275878e+00 4.650493e-01 -5.641435e+00
8.275878e+00 5.021607e-01 -4.583057e+00
8.275878e+00 5.422336e-01 -3.440219e+00
8.275878e+00 5.855044e-01 -2.802288e+00
8.275878e+00 6.322283e-01 -2.391241e+00
8.275878e+00 6.826808e-01 -1.947392e+00
8.275878e+00 7.371594e-01 -1.468123e+00
8.275878e+00 7.959855e-01 -1.069128e+00
8.275878e+00 8.595059e-01 -9.171798e-01
8.275878e+00 9.280954e-01 -7.531058e-01
8.275878e+00 1.002158e+00 -5.759386e-01
8.275878e+00 1.082132e+00 -3.846332e-01
8.275878e+00 1.168487e+00 -3.238231e-01
8.275878e+00 1.261733e+00 -2.705749e-01
8.275878e+00 1.362421e+00 -2.130774e-01
8.275878e+00 1.471144e+00 -1.509916e-01
8.275878e+00 1.588542e+00 -1.122606e-01
8.275878e+00 1.715310e+00 -9.522477e-02
8.275878e+00 1.852193e+00 -7.682951e-02
8.275878e+00 2.000000e+00 -5.696629e-02
8.461396e+00 1.000000e-03 -1.474510e+02
8.461396e+00 1.079801e-03 -1.581186e+02
8.461396e+00 1.165970e-03 -1.694608e+02
8.461396e+00 1.259016e-03 -1.815028e+02
8.461396e+00 1.359487e-03 -1.942673e+02
8.461396e+00 1.467975e-03 -2.077748e+02
8.461396e+00 1.585121e-03 -2.220428e+02
8.461396e+00 1.711615e-03 -2.370850e+02
8.461396e+00 1.848204e-03 -2.529110e+02
8.461396e+00 1.995693e-03 -2.695236e+02
8.461396e+00 2.154951e-03 -2.869174e+02
8.461396e+00 2.326918e-03 -3.050802e+02
8.461396e+00 2.512609e-03 -3.239880e+02
8.461396e+00 2.713117e-03 -3.436044e+02
8.461396e+00 2.929627e-03 -3.638817e+02
8.461396e+00 3.163414e-03 -3.847565e+02
8.461396e+00 3.415858e-03 -4.061486e+02
8.461396e+00 3.688447e-03 -4.279626e+02
8.461396e+00 3.982789e-03 -4.500806e+02
8.461396e+00 4.300619e-03 -4.723615e+02
8.461396e+00 4.643813e-03 -4.946451e+02
8.461396e+00 5.014394e-03 -5.167421e+02
8.461396e+00 5.414548e-03 -5.384342e+02
8.461396e+00 5.846635e-03 -5.594826e+02
8.461396e+00 6.313202e-03 -5.796118e+02
8.461396e+00 6.817002e-03 -5.985124e+02
8.461396e+00 7.361006e-03 -6.158594e+02
8.461396e+00 7.948422e-03 -6.312887e+02
8.461396e+00 8.582714e-03 -6.444062e+02
8.461396e+00 9.267624e-03 -6.548202e+02
8.461396e+00 1.000719e-02 -6.621131e+02
8.461396e+00 1.080577e-02 -6.658616e+02
8.461396e+00 1.166809e-02 -6.656862e+02
8.461396e+00 1.259921e-02 -6.612506e+02
8.461396e+00 1.360464e-02 -6.522860e+02
8.461396e+00 1.469030e-02 -6.386346e+02
8.461396e+00 1.586261e-02 -6.203299e+02
8.461396e+00 1.712846e-02 -5.975877e+02
8.461396e+00 1.849533e-02 -5.707653e+02
8.461396e+00 1.997127e-02 -5.406359e+02
8.461396e+00 2.156500e-02 -5.082347e+02
8.461396e+00 2.328591e-02 -4.745611e+02
8.461396e+00 2.514415e-02 -4.409879e+02
8.461396e+00 2.715068e-02 -4.089806e+02
8.461396e+00 2.931733e-02 -3.796392e+02
8.461396e+00 3.165689e-02 -3.537701e+02
8.461396e+00 3.418314e-02 -3.318584e+02
8.461396e+00 3.691099e-02 -3.135651e+02
8.461396e+00 3.985652e-02 -2.977826e+02
8.461396e+00 4.303711e-02 -2.826517e+02
8.461396e+00 4.647152e-02 -2.659163e+02
8.461396e+00 5.017999e-02 -2.456578e+02
8.461396e+00 5.418441e-02 -2.265123e+02
8.461396e+00 5.850838e-02 -2.141203e+02
8.461396e+00 6.317741e-02 -2.007393e+02
8.461396e+00 6.821903e-02 -1.862905e+02
8.461396e+00 7.366298e-02 -1.708420e+02
8.461396e+00 7.954136e-02 -1.557261e+02
8.461396e+00 8.588885e-02 -1.394039e+02
8.461396e+00 9.274286e-02 -1.217792e+02
8.461396e+00 1.001438e-01 -1.027481e+02
8.461396e+00 1.081354e-01 -9.127978e+01
8.461396e+00 1.167647e-01 -8.322914e+01
8.461396e+00 1.260827e-01 -7.453605e+01
8.461396e+00 1.361442e-01 -6.514924e+01
8.461396e+00 1.470087e-01 -5.603441e+01
8.461396e+00 1.587401e-01 -5.054167e+01
8.461396e+00 1.714077e-01 -4.461060e+01
8.461396e+00 1.850862e-01 -3.820622e+01
8.461396e+00 1.998563e-01 -3.129077e+01
8.461396e+00 2.158051e-01 -2.763304e+01
8.461396e+00 2.330265e-01 -2.444437e+01
8.461396e+00 2.516223e-01 -2.100123e+01
8.461396e+00 2.717020e-01 -1.728332e+01
8.461396e+00 2.933841e-01 -1.438514e+01
8.461396e+00 3.167964e-01 -1.267456e+01
8.461396e+00 3.420771e-01 -1.082748e+01
8.461396e+00 3.693752e-01 -8.832998e+00
8.461396e+00 3.988518e-01 -6.779790e+00
8.461396e+00 4.306805e-01 -5.971509e+00
8.461396e+00 4.650493e-01 -5.098727e+00
8.461396e+00 5.021607e-01 -4.156296e+00
8.461396e+00 5.422336e-01 -3.138657e+00
8.461396e+00 5.855044e-01 -2.566064e+00
8.461396e+00 6.322283e-01 -2.193017e+00
8.461396e+00 6.826808e-01 -1.790199e+00
8.461396e+00 7.371594e-01 -1.355236e+00
8.461396e+00 7.959855e-01 -9.924761e-01
8.461396e+00 8.595059e-01 -8.523412e-01
8.461396e+00 9.280954e-01 -7.010234e-01
8.461396e+00 1.002158e+00 -5.376302e-01
8.461396e+00 1.082132e+00 -3.611981e-01
8.461396e+00 1.168487e+00 -3.045812e-01
8.461396e+00 1.261733e+00 -2.548500e-01
8.461396e+00 1.362421e+00 -2.011502e-01
8.461396e+00 1.471144e+00 -1.431651e-01
8.461396e+00 1.588542e+00 -1.068634e-01
8.461396e+00 1.715310e+00 -9.070090e-02
8.461396e+00 1.852193e+00 -7.324858e-02
8.461396e+00 2.000000e+00 -5.440354e-02
8.650623e+00 1.000000e-03 -1.288290e+02
8.650623e+00 1.079801e-03 -1.381514e+02
8.650623e+00 1.165970e-03 -1.480635e+02
8.650623e+00 1.259016e-03 -1.585872e+02
8.650623e+00 1.359487e-03 -1.697424e+02
8.650623e+00 1.467975e-03 -1.815469e+02
8.650623e+00 1.585121e-03 -1.940159e+02
8.650623e+00 1.711615e-03 -2.071614e+02
8.650623e+00 1.848204e-03 -2.209917e+02
8.650623e+00 1.995693e-03 -2.355091e+02
8.650623e+00 2.154951e-03 -2.507092e+02
8.650623e+00 2.326918e-03 -2.665812e+02
8.650623e+00 2.512609e-03 -2.831042e+02
8.650623e+00 2.713117e-03 -3.002465e+02
8.650623e+00 2.929627e-03 -3.179662e+02
8.650623e+00 3.163414e-03 -3.362079e+02
8.650623e+00 3.415858e-03 -3.549017e+02
8.650623e+00 3.688447e-03 -3.739641e+02
8.650623e+00 3.982789e-03 -3.932921e+02
8.650623e+00 4.300619e-03 -4.127625e+02
8.650623e+00 4.643813e-03 -4.322352e+02
8.650623e+00 5.014394e-03 -4.515448e+02
8.650623e+00 5.414548e-03 -4.705005e+02
8.650623e+00 5.846635e-03 -4.888937e+02
8.650623e+00 6.313202e-03 -5.064837e+02
8.650623e+00 6.817002e-03 -5.230001e+02
8.650623e+00 7.361006e-03 -5.381587e+02
8.650623e+00 7.948422e-03 -5.516416e+02
8.650623e+00 8.582714e-03 -5.631044e+02
8.650623e+00 9.267624e-03 -5.722048e+02
8.650623e+00 1.000719e-02 -5.785779e+02
8.650623e+00 1.080577e-02 -5.818538e+02
8.650623e+00 1.166809e-02 -5.817007e+02
8.650623e+00 1.259921e-02 -5.778248e+02
8.650623e+00 1.360464e-02 -5.699913e+02
8.650623e+00 1.469030e-02 -5.580623e+02
8.650623e+00 1.586261e-02 -5.420671e+02
8.650623e+00 1.712846e-02 -5.221942e+02
8.650623e+00 1.849533e-02 -4.987558e+02
8.650623e+00 1.997127e-02 -4.724277e+02
8.650623e+00 2.156500e-02 -4.441144e+02
8.650623e+00 2.328591e-02 -4.146891e+02
8.650623e+00 2.514415e-02 -3.853517e+02
8.650623e+00 2.715068e-02 -3.573825e+02
8.650623e+00 2.931733e-02 -3.317429e+02
8.650623e+00 3.165689e-02 -3.091375e+02
8.650623e+00 3.418314e-02 -2.899902e+02
8.650623e+00 3.691099e-02 -2.740049e+02
8.650623e+00 3.985652e-02 -2.602135e+02
8.650623e+00 4.303711e-02 -2.469916e+02
8.650623e+00 4.647152e-02 -2.323676e+02
8.650623e+00 5.017999e-02 -2.146649e+02
8.650623e+00 5.418441e-02 -1.979585e+02
8.650623e+00 5.850838e-02 -1.871953e+02
8.650623e+00 6.317741e-02 -1.755733e+02
8.650623e+00 6.821903e-02 -1.630238e+02
8.650623e+00 7.366298e-02 -1.495920e+02
8.650623e+00 7.954136e-02 -1.363043e+02
8.650623e+00 8.588885e-02 -1.219563e+02
8.650623e+00 9.274286e-02 -1.064633e+02
8.650623e+00 1.001438e-01 -8.973387e+01
8.650623e+00 1.081354e-01 -7.968126e+01
8.650623e+00 1.167647e-01 -7.264888e+01
8.650623e+00 1.260827e-01 -6.505530e+01
8.650623e+00 1.361442e-01 -5.685575e+01
8.650623e+00 1.470087e-01 -4.889819e+01
8.650623e+00 1.587401e-01 -4.412376e+01
8.650623e+00 1.714077e-01 -3.896833e+01
8.650623e+00 1.850862e-01 -3.340149e+01
8.650623e+00 1.998563e-01 -2.739040e+01
8.650623e+00 2.158051e-01 -2.421377e+01
8.650623e+00 2.330265e-01 -2.144562e+01
8.650623e+00 2.516223e-01 -1.845656e+01
8.650623e+00 2.717020e-01 -1.522898e+01
8.650623e+00 2.933841e-01 -1.270993e+01
8.650623e+00 3.167964e-01 -1.121771e+01
8.650623e+00 3.420771e-01 -9.606410e+00
8.650623e+00 3.693752e-01 -7.866525e+00
8.650623e+00 3.988518e-01 -6.074632e+00
8.650623e+00 4.306805e-01 -5.357767e+00
8.650623e+00 4.650493e-01 -4.583696e+00
8.650623e+00 5.021607e-01 -3.747853e+00
8.650623e+00 5.422336e-01 -2.845309e+00
8.650623e+00 5.855044e-01 -2.333926e+00
8.650623e+00 6.322283e-01 -1.997582e+00
8.650623e+00 6.826808e-01 -1.634398e+00
8.650623e+00 7.371594e-01 -1.242231e+00
8.650623e+00 7.959855e-01 -9.146281e-01
8.650623e+00 8.595059e-01 -7.864455e-01
8.650623e+00 9.280954e-01 -6.480338e-01
8.650623e+00 1.002158e+00 -4.985767e-01
8.650623e+00 1.082132e+00 -3.371928e-01
8.650623e+00 1.168487e+00 -2.848136e-01
8.650623e+00 1.261733e+00 -2.386354e-01
8.650623e+00 1.362421e+00 -1.887721e-01
8.650623e+00 1.471144e+00 -1.349296e-01
8.650623e+00 1.588542e+00 -1.010954e-01
8.650623e+00 1.715310e+00 -8.584115e-02
8.650623e+00 1.852193e+00 -6.936960e-02
8.650623e+00 2.000000e+00 -5.158361e-02
8.843636e+00 1.000000e-03 -1.124169e+02
8.843636e+00 1.079801e-03 -1.205534e+02
8.843636e+00 1.165970e-03 -1.292048e+02
8.843636e+00 1.259016e-03 -1.383902e+02
8.843636e+00 1.359487e-03 -1.481267e+02
8.843636e+00 1.467975e-03 -1.584300e+02
8.843636e+00 1.585121e-03 -1.693132e+02
8.843636e+00 1.711615e-03 -1.807868e+02
8.843636e+00 1.848204e-03 -1.928578e+02
8.843636e+00 1.995693e-03 -2.055284e+02
8.843636e+00 2.154951e-03 -2.187948e+02
8.843636e+00 2.326918e-03 -2.326475e+02
8.843636e+00 2.512609e-03 -2.470684e+02
8.843636e+00 2.713117e-03 -2.620298e+02
8.843636e+00 2.929627e-03 -2.774951e+02
8.843636e+00 3.163414e-03 -2.934159e+02
8.843636e+00 3.415858e-03 -3.097312e+02
8.843636e+00 3.688447e-03 -3.263682e+02
8.843636e+00 3.982789e-03 -3.432370e+02
8.843636e+00 4.300619e-03 -3.602299e+02
8.843636e+00 4.643813e-03 -3.772250e+02
8.843636e+00 5.014394e-03 -3.940776e+02
8.843636e+00 5.414548e-03 -4.106213e+02
8.843636e+00 5.846635e-03 -4.266741e+02
8.843636e+00 6.313202e-03 -4.420258e+02
8.843636e+00 6.817002e-03 -4.564405e+02
8.843636e+00 7.361006e-03 -4.696703e+02
8.843636e+00 7.948422e-03 -4.814376e+02
8.843636e+00 8.582714e-03 -4.914419e+02
8.843636e+00 9.267624e-03 -4.993843e+02
8.843636e+00 1.000719e-02 -5.049466e+02
8.843636e+00 1.080577e-02 -5.078058e+02
8.843636e+00 1.166809e-02 -5.076724e+02
8.843636e+00 1.259921e-02 -5.042899e+02
8.843636e+00 1.360464e-02 -4.974534e+02
8.843636e+00 1.469030e-02 -4.870426e+02
8.843636e+00 1.586261e-02 -4.730830e+02
8.843636e+00 1.712846e-02 -4.557392e+02
8.843636e+00 1.849533e-02 -4.352837e+02
8.843636e+00 1.997127e-02 -4.123061e+02
8.843636e+00 2.156500e-02 -3.875960e+02
8.843636e+00 2.328591e-02 -3.619155e+02
8.843636e+00 2.514415e-02 -3.363115e+02
8.843636e+00 2.715068e-02 -3.119018e+02
8.843636e+00 2.931733e-02 -2.895251e+02
8.843636e+00 3.165689e-02 -2.697965e+02
8.843636e+00 3.418314e-02 -2.530859e+02
8.843636e+00 3.691099e-02 -2.391349e+02
8.843636e+00 3.985652e-02 -2.270986e+02
8.843636e+00 4.303711e-02 -2.155593e+02
8.843636e+00 4.647152e-02 -2.027963e+02
8.843636e+00 5.017999e-02 -1.873466e+02
8.843636e+00 5.418441e-02 -1.727525e+02
8.843636e+00 5.850838e-02 -1.633211e+02
8.843636e+00 6.317741e-02 -1.531370e+02
8.843636e+00 6.821903e-02 -1.421402e+02
8.843636e+00 7.366298e-02 -1.303747e+02
8.843636e+00 7.954136e-02 -1.187807e+02
8.843636e+00 8.588885e-02 -1.062615e+02
8.843636e+00 9.274286e-02 -9.274332e+01
8.843636e+00 1.001438e-01 -7.814633e+01
8.843636e+00 1.081354e-01 -6.938569e+01
8.843636e+00 1.167647e-01 -6.326622e+01
8.843636e+00 1.260827e-01 -5.665840e+01
8.843636e+00 1.361442e-01 -4.952328e+01
8.843636e+00 1.470087e-01 -4.260111e+01
8.843636e+00 1.587401e-01 -3.845918e+01
8.843636e+00 1.714077e-01 -3.398671e+01
8.843636e+00 1.850862e-01 -2.915734e+01
8.843636e+00 1.998563e-01 -2.394257e+01
8.843636e+00 2.158051e-01 -2.118384e+01
8.843636e+00 2.330265e-01 -1.877867e+01
8.843636e+00 2.516223e-01 -1.618155e+01
8.843636e+00 2.717020e-01 -1.337719e+01
8.843636e+00 2.933841e-01 -1.118708e+01
8.843636e+00 3.167964e-01 -9.887312e+00
8.843636e+00 3.420771e-01 -8.483817e+00
8.843636e+00 3.693752e-01 -6.968321e+00
8.843636e+00 3.988518e-01 -5.407065e+00
8.843636e+00 4.306805e-01 -4.775703e+00
8.843636e+00 4.650493e-01 -4.093957e+00
8.843636e+00 5.021607e-01 -3.357808e+00
8.843636e+00 5.422336e-01 -2.562913e+00
8.843636e+00 5.855044e-01 -2.109120e+00
8.843636e+00 6.322283e-01 -1.807631e+00
8.843636e+00 6.826808e-01 -1.482082e+00
8.843636e+00 7.371594e-01 -1.130554e+00
8.843636e+00 7.959855e-01 -8.364832e-01
8.843636e+00 8.595059e-01 -7.201539e-01
8.843636e+00 9.280954e-01 -5.945414e-01
8.843636e+00 1.002158e+00 -4.589049e-01
8.843636e+00 1.082132e+00 -3.124445e-01
8.843636e+00 1.168487e+00 -2.643364e-01
8.843636e+00 1.261733e+00 -2.217614e-01
8.843636e+00 1.362421e+00 -1.757888e-01
8.843636e+00 1.471144e+00 -1.261476e-01
8.843636e+00 1.588542e+00 -9.485409e-02
8.843636e+00 1.715310e+00 -8.059594e-02
8.843636e+00 1.852193e+00 -6.519998e-02
8.843636e+00 2.000000e+00 -4.857540e-02
9.040509e+00 1.000000e-03 -9.775366e+01
9.040509e+00 1.079801e-03 -1.048304e+02
9.040509e+00 1.165970e-03 -1.123552e+02
9.040509e+00 1.259016e-03 -1.203444e+02
9.040509e+00 1.359487e-03 -1.288132e+02
9.040509e+00 1.467975e-03 -1.377749e+02
9.040509e+00 1.585121e-03 -1.472409e+02
9.040509e+00 1.711615e-03 -1.572203e+02
9.040509e+00 1.848204e-03 -1.677193e+02
9.040509e+00 1.995693e-03 -1.787396e+02
9.040509e+00 2.154951e-03 -1.902779e+02
9.040509e+00 2.326918e-03 -2.023262e+02
9.040509e+00 2.512609e-03 -2.148686e+02
9.040509e+00 2.713117e-03 -2.278811e+02
9.040509e+00 2.929627e-03 -2.413318e+02
9.040509e+00 3.163414e-03 -2.551787e+02
9.040509e+00 3.415858e-03 -2.693686e+02
9.040509e+00 3.688447e-03 -2.838382e+02
9.040509e+00 3.982789e-03 -2.985095e+02
9.040509e+00 4.300619e-03 -3.132886e+02
9.040509e+00 4.643813e-03 -3.280696e+02
9.040509e+00 5.014394e-03 -3.427266e+02
9.040509e+00 5.414548e-03 -3.571150e+02
9.040509e+00 5.846635e-03 -3.710764e+02
9.040509e+00 6.313202e-03 -3.844281e+02
9.040509e+00 6.817002e-03 -3.969648e+02
9.040509e+00 7.361006e-03 -4.084710e+02
9.040509e+00 7.948422e-03 -4.187052e+02
9.040509e+00 8.582714e-03 -4.274061e+02
9.040509e+00 9.267624e-03 -4.343139e+02
9.040509e+00 1.000719e-02 -4.391517e+02
9.040509e+00 1.080577e-02 -4.416385e+02
9.040509e+00 1.166809e-02 -4.415225e+02
9.040509e+00 1.259921e-02 -4.385809e+02
9.040509e+00 1.360464e-02 -4.326353e+02
9.040509e+00 1.469030e-02 -4.235811e+02
9.040509e+00 1.586261e-02 -4.114405e+02
9.040509e+00 1.712846e-02 -3.963567e+02
9.040509e+00 1.849533e-02 -3.785665e+02
9.040509e+00 1.997127e-02 -3.585830e+02
9.040509e+00 2.156500e-02 -3.370926e+02
9.040509e+00 2.328591e-02 -3.147582e+02
9.040509e+00 2.514415e-02 -2.924905e+02
9.040509e+00 2.715068e-02 -2.712613e+02
9.040509e+00 2.931733e-02 -2.518003e+02
9.040509e+00 3.165689e-02 -2.346423e+02
9.040509e+00 3.418314e-02 -2.201091e+02
9.040509e+00 3.691099e-02 -2.079759e+02
9.040509e+00 3.985652e-02 -1.975079e+02
9.040509e+00 4.303711e-02 -1.874722e+02
9.040509e+00 4.647152e-02 -1.763722e+02
9.040509e+00 5.017999e-02 -1.629355e+02
9.040509e+00 5.418441e-02 -1.502052e+02
9.040509e+00 5.850838e-02 -1.418972e+02
9.040509e+00 6.317741e-02 -1.329263e+02
9.040509e+00 6.821903e-02 -1.232395e+02
9.040509e+00 7.366298e-02 -1.128891e+02
9.040509e+00 7.954136e-02 -1.028306e+02
9.040509e+00 8.588885e-02 -9.196944e+01
9.040509e+00 9.274286e-02 -8.024156e+01
9.040509e+00 1.001438e-01 -6.757777e+01
9.040509e+00 1.081354e-01 -5.998954e+01
9.040509e+00 1.167647e-01 -5.469946e+01
9.040509e+00 1.260827e-01 -4.898723e+01
9.040509e+00 1.361442e-01 -4.281915e+01
9.040509e+00 1.470087e-01 -3.683748e+01
9.040509e+00 1.587401e-01 -3.326926e+01
9.040509e+00 1.714077e-01 -2.941630e+01
9.040509e+00 1.850862e-01 -2.525586e+01
9.040509e+00 1.998563e-01 -2.076342e+01
9.040509e+00 2.158051e-01 -1.838450e+01
9.040509e+00 2.330265e-01 -1.630952e+01
9.040509e+00 2.516223e-01 -1.406895e+01
9.040509e+00 2.717020e-01 -1.164958e+01
9.040509e+00 2.933841e-01 -9.760370e+00
9.040509e+00 3.167964e-01 -8.639579e+00
9.040509e+00 3.420771e-01 -7.429348e+00
9.040509e+00 3.693752e-01 -6.122540e+00
9.040509e+00 3.988518e-01 -4.775755e+00
9.040509e+00 4.306805e-01 -4.223540e+00
9.040509e+00 4.650493e-01 -3.627257e+00
9.040509e+00 5.021607e-01 -2.983390e+00
9.040509e+00 5.422336e-01 -2.288142e+00
9.040509e+00 5.855044e-01 -1.888813e+00
9.040509e+00 6.322283e-01 -1.621371e+00
9.040509e+00 6.826808e-01 -1.332588e+00
9.040509e+00 7.371594e-01 -1.020760e+00
9.040509e+00 7.959855e-01 -7.594239e-01
9.040509e+00 8.595059e-01 -6.545997e-01
9.040509e+00 9.280954e-01 -5.414104e-01
9.040509e+00 1.002158e+00 -4.191884e-01
9.040509e+00 1.082132e+00 -2.872131e-01
9.040509e+00 1.168487e+00 -2.434425e-01
9.040509e+00 1.261733e+00 -2.045884e-01
9.040509e+00 1.362421e+00 -1.626337e-01
9.040509e+00 1.471144e+00 -1.173309e-01
9.040509e+00 1.588542e+00 -8.866398e-02
9.040509e+00 1.715310e+00 -7.543993e-02
9.040509e+00 1.852193e+00 -6.116059e-02
9.040509e+00 2.000000e+00 -4.574174e-02
9.241319e+00 1.000000e-03 -8.448594e+01
9.241319e+00 1.079801e-03 -9.060358e+01
9.241319e+00 1.165970e-03 -9.710862e+01
9.241319e+00 1.259016e-03 -1.040153e+02
9.241319e+00 1.359487e-03 -1.113366e+02
9.241319e+00 1.467975e-03 -1.190840e+02
9.241319e+00 1.585121e-03 -1.272674e+02
9.241319e+00 1.711615e-03 -1.358946e+02
9.241319e+00 1.848204e-03 -1.449707e+02
9.241319e+00 1.995693e-03 -1.544974e+02
9.241319e+00 2.154951e-03 -1.644718e+02
9.241319e+00 2.326918e-03 -1.748870e+02
9.241319e+00 2.512609e-03 -1.857294e+02
9.241319e+00 2.713117e-03 -1.969780e+02
9.241319e+00 2.929627e-03 -2.086055e+02
9.241319e+00 3.163414e-03 -2.205754e+02
9.241319e+00 3.415858e-03 -2.328418e+02
9.241319e+00 3.688447e-03 -2.453500e+02
9.241319e+00 3.982789e-03 -2.580324e+02
9.241319e+00 4.300619e-03 -2.708081e+02
9.241319e+00 4.643813e-03 -2.835852e+02
9.241319e+00 5.014394e-03 -2.962553e+02
9.241319e+00 5.414548e-03 -3.086931e+02
9.241319e+00 5.846635e-03 -3.207618e+02
9.241319e+00 6.313202e-03 -3.323034e+02
9.241319e+00 6.817002e-03 -3.431406e+02
9.241319e+00 7.361006e-03 -3.530869e+02
9.241319e+00 7.948422e-03 -3.619337e+02
9.241319e+00 8.582714e-03 -3.694551e+02
9.241319e+00 9.267624e-03 -3.754264e+02
9.241319e+00 1.000719e-02 -3.796084e+02
9.241319e+00 1.080577e-02 -3.817582e+02
9.241319e+00 1.166809e-02 -3.816581e+02
9.241319e+00 1.259921e-02 -3.791154e+02
9.241319e+00 1.360464e-02 -3.739761e+02
9.241319e+00 1.469030e-02 -3.661496e+02
9.241319e+00 1.586261e-02 -3.556551e+02
9.241319e+00 1.712846e-02 -3.426165e+02
9.241319e+00 1.849533e-02 -3.272385e+02
9.241319e+00 1.997127e-02 -3.099644e+02
9.241319e+00 2.156500e-02 -2.913879e+02
9.241319e+00 2.328591e-02 -2.720817e+02
9.241319e+00 2.514415e-02 -2.528332e+02
9.241319e+00 2.715068e-02 -2.344823e+02
9.241319e+00 2.931733e-02 -2.176600e+02
9.241319e+00 3.165689e-02 -2.028284e+02
9.241319e+00 3.418314e-02 -1.902656e+02
9.241319e+00 3.691099e-02 -1.797775e+02
9.241319e+00 3.985652e-02 -1.707288e+02
9.241319e+00 4.303711e-02 -1.620538e+02
9.241319e+00 4.647152e-02 -1.524588e+02
9.241319e+00 5.017999e-02 -1.408439e+02
9.241319e+00 5.418441e-02 -1.298299e+02
9.241319e+00 5.850838e-02 -1.226211e+02
9.241319e+00 6.317741e-02 -1.148372e+02
9.241319e+00 6.821903e-02 -1.064320e+02
9.241319e+00 7.366298e-02 -9.745634e+01
9.241319e+00 7.954136e-02 -8.878796e+01
9.241319e+00 8.588885e-02 -7.942783e+01
9.241319e+00 9.274286e-02 -6.932076e+01
9.241319e+00 1.001438e-01 -5.840712e+01
9.241319e+00 1.081354e-01 -5.184437e+01
9.241319e+00 1.167647e-01 -4.724923e+01
9.241319e+00 1.260827e-01 -4.228738e+01
9.241319e+00 1.361442e-01 -3.692958e+01
9.241319e+00 1.470087e-01 -3.174262e+01
9.241319e+00 1.587401e-01 -2.869076e+01
9.241319e+00 1.714077e-01 -2.539535e+01
9.241319e+00 1.850862e-01 -2.183697e+01
9.241319e+00 1.998563e-01 -1.799463e+01
9.241319e+00 2.158051e-01 -1.594545e+01
9.241319e+00 2.330265e-01 -1.415217e+01
9.241319e+00 2.516223e-01 -1.221578e+01
9.241319e+00 2.717020e-01 -1.012486e+01
9.241319e+00 2.933841e-01 -8.492948e+00
9.241319e+00 3.167964e-01 -7.526231e+00
9.241319e+00 3.420771e-01 -6.482369e+00
9.241319e+00 3.693752e-01 -5.355206e+00
9.241319e+00 3.988518e-01 -4.193288e+00
9.241319e+00 4.306805e-01 -3.712845e+00
9.241319e+00 4.650493e-01 -3.194062e+00
9.241319e+00 5.021607e-01 -2.633879e+00
9.241319e+00 5.422336e-01 -2.028994e+00
9.241319e+00 5.855044e-01 -1.679819e+00
9.241319e+00 6.322283e-01 -1.444438e+00
9.241319e+00 6.826808e-01 -1.190273e+00
9.241319e+00 7.371594e-01 -9.158260e-01
9.241319e+00 7.959855e-01 -6.853534e-01
9.241319e+00 8.595059e-01 -5.914994e-01
9.241319e+00 9.280954e-01 -4.901558e-01
9.241319e+00 1.002158e+00 -3.807249e-01
9.241319e+00 1.082132e+00 -2.625613e-01
9.241319e+00 1.168487e+00 -2.229582e-01
9.241319e+00 1.261733e+00 -1.876890e-01
9.241319e+00 1.362421e+00 -1.496052e-01
9.241319e+00 1.471144e+00 -1.084823e-01
9.241319e+00 1.588542e+00 -8.235680e-02
9.241319e+00 1.715310e+00 -7.015056e-02
9.241319e+00 1.852193e+00 -5.697026e-02
9.241319e+00 2.000000e+00 -4.273815e-02
9.446145e+00 1.000000e-03 -7.240012e+01
9.446145e+00 1.079801e-03 -7.764382e+01
9.446145e+00 1.165970e-03 -8.321970e+01
9.446145e+00 1.259016e-03 -8.913994e+01
9.446145e+00 1.359487e-03 -9.541560e+01
9.446145e+00 1.467975e-03 -1.020566e+02
9.446145e+00 1.585121e-03 -1.090713e+02
9.446145e+00 1.711615e-03 -1.164662e+02
9.446145e+00 1.848204e-03 -1.242459e+02
9.446145e+00 1.995693e-03 -1.324117e+02
9.446145e+00 2.154951e-03 -1.409612e+02
9.446145e+00 2.326918e-03 -1.498884e+02
9.446145e+00 2.512609e-03 -1.591818e+02
9.446145e+00 2.713117e-03 -1.688233e+02
9.446145e+00 2.929627e-03 -1.787896e+02
9.446145e+00 3.163414e-03 -1.890493e+02
9.446145e+00 3.415858e-03 -1.995632e+02
9.446145e+00 3.688447e-03 -2.102842e+02
9.446145e+00 3.982789e-03 -2.211545e+02
9.446145e+00 4.300619e-03 -2.321048e+02
9.446145e+00 4.643813e-03 -2.430563e+02
9.446145e+00 5.014394e-03 -2.539159e+02
9.446145e+00 5.414548e-03 -2.645766e+02
9.446145e+00 5.846635e-03 -2.749208e+02
9.446145e+00 6.313202e-03 -2.848132e+02
9.446145e+00 6.817002e-03 -2.941019e+02
9.446145e+00 7.361006e-03 -3.026270e+02
9.446145e+00 7.948422e-03 -3.102096e+02
9.446145e+00 8.582714e-03 -3.166564e+02
9.446145e+00 9.267624e-03 -3.217745e+02
9.446145e+00 1.000719e-02 -3.253590e+02
9.446145e+00 1.080577e-02 -3.272016e+02
9.446145e+00 1.166809e-02 -3.271160e+02
9.446145e+00 1.259921e-02 -3.249368e+02
9.446145e+00 1.360464e-02 -3.205320e+02
9.446145e+00 1.469030e-02 -3.138240e+02
9.446145e+00 1.586261e-02 -3.048294e+02
9.446145e+00 1.712846e-02 -2.936541e+02
9.446145e+00 1.849533e-02 -2.804738e+02
9.446145e+00 1.997127e-02 -2.656683e+02
9.446145e+00 2.156500e-02 -2.497465e+02
9.446145e+00 2.328591e-02 -2.331994e+02
9.446145e+00 2.514415e-02 -2.167016e+02
9.446145e+00 2.715068e-02 -2.009732e+02
9.446145e+00 2.931733e-02 -1.865549e+02
9.446145e+00 3.165689e-02 -1.738428e+02
9.446145e+00 3.418314e-02 -1.630754e+02
9.446145e+00 3.691099e-02 -1.540861e+02
9.446145e+00 3.985652e-02 -1.463305e+02
9.446145e+00 4.303711e-02 -1.388952e+02
9.446145e+00 4.647152e-02 -1.306714e+02
9.446145e+00 5.017999e-02 -1.207164e+02
9.446145e+00 5.418441e-02 -1.112874e+02
9.446145e+00 5.850838e-02 -1.051398e+02
9.446145e+00 6.317741e-02 -9.850166e+01
9.446145e+00 6.821903e-02 -9.133375e+01
9.446145e+00 7.366298e-02 -8.367706e+01
9.446145e+00 7.954136e-02 -7.625910e+01
9.446145e+00 8.588885e-02 -6.824918e+01
9.446145e+00 9.274286e-02 -5.960006e+01
9.446145e+00 1.001438e-01 -5.026073e+01
9.446145e+00 1.081354e-01 -4.462562e+01
9.446145e+00 1.167647e-01 -4.066369e+01
9.446145e+00 1.260827e-01 -3.638559e+01
9.446145e+00 1.361442e-01 -3.176609e+01
9.446145e+00 1.470087e-01 -2.729668e+01
9.446145e+00 1.587401e-01 -2.468029e+01
9.446145e+00 1.714077e-01 -2.185510e+01
9.446145e+00 1.850862e-01 -1.880446e+01
9.446145e+00 1.998563e-01 -1.551038e+01
9.446145e+00 2.158051e-01 -1.375289e+01
9.446145e+00 2.330265e-01 -1.221458e+01
9.446145e+00 2.516223e-01 -1.055352e+01
9.446145e+00 2.717020e-01 -8.759900e+00
9.446145e+00 2.933841e-01 -7.359129e+00
9.446145e+00 3.167964e-01 -6.527769e+00
9.446145e+00 3.420771e-01 -5.630066e+00
9.446145e+00 3.693752e-01 -4.660725e+00
9.446145e+00 3.988518e-01 -3.661319e+00
9.446145e+00 4.306805e-01 -3.245461e+00
9.446145e+00 4.650493e-01 -2.796418e+00
9.446145e+00 5.021607e-01 -2.311540e+00
9.446145e+00 5.422336e-01 -1.787969e+00
9.446145e+00 5.855044e-01 -1.484344e+00
9.446145e+00 6.322283e-01 -1.278457e+00
9.446145e+00 6.826808e-01 -1.056140e+00
9.446145e+00 7.371594e-01 -8.160822e-01
9.446145e+00 7.959855e-01 -6.141210e-01
9.446145e+00 8.595059e-01 -5.307646e-01
9.446145e+00 9.280954e-01 -4.407563e-01
9.446145e+00 1.002158e+00 -3.435653e-01
9.446145e+00 1.082132e+00 -2.386183e-01
9.446145e+00 1.168487e+00 -2.030292e-01
9.446145e+00 1.261733e+00 -1.712206e-01
9.446145e+00 1.362421e+00 -1.368736e-01
9.446145e+00 1.471144e+00 -9.978570e-02
9.446145e+00 1.588542e+00 -7.610549e-02
9.446145e+00 1.715310e+00 -6.486584e-02
9.446145e+00 1.852193e+00 -5.272926e-02
9.446145e+00 2.000000e+00 -3.962416e-02
9.655068e+00 1.000000e-03 -6.198215e+01
9.655068e+00 1.079801e-03 -6.647236e+01
9.655068e+00 1.165970e-03 -7.124711e+01
9.655068e+00 1.259016e-03 -7.631684e+01
9.655068e+00 1.359487e-03 -8.169098e+01
9.655068e+00 1.467975e-03 -8.737797e+01
9.655068e+00 1.585121e-03 -9.338497e+01
9.655068e+00 1.711615e-03 -9.971754e+01
9.655068e+00 1.848204e-03 -1.063795e+02
9.655068e+00 1.995693e-03 -1.133720e+02
9.655068e+00 2.154951e-03 -1.206929e+02
9.655068e+00 2.326918e-03 -1.283373e+02
9.655068e+00 2.512609e-03 -1.362952e+02
9.655068e+00 2.713117e-03 -1.445512e+02
9.655068e+00 2.929627e-03 -1.530852e+02
9.655068e+00 3.163414e-03 -1.618705e+02
9.655068e+00 3.415858e-03 -1.708734e+02
9.655068e+00 3.688447e-03 -1.800536e+02
9.655068e+00 3.982789e-03 -1.893617e+02
9.655068e+00 4.300619e-03 -1.987381e+02
9.655068e+00 4.643813e-03 -2.081156e+02
9.655068e+00 5.014394e-03 -2.174145e+02
9.655068e+00 5.414548e-03 -2.265429e+02
9.655068e+00 5.846635e-03 -2.354004e+02
9.655068e+00 6.313202e-03 -2.438710e+02
9.655068e+00 6.817002e-03 -2.518247e+02
9.655068e+00 7.361006e-03 -2.591245e+02
9.655068e+00 7.948422e-03 -2.656174e+02
9.655068e+00 8.582714e-03 -2.711375e+02
9.655068e+00 9.267624e-03 -2.755201e+02
9.655068e+00 1.000719e-02 -2.785894e+02
9.655068e+00 1.080577e-02 -2.801673e+02
9.655068e+00 1.166809e-02 -2.800941e+02
9.655068e+00 1.259921e-02 -2.782282e+02
9.655068e+00 1.360464e-02 -2.744567e+02
9.655068e+00 1.469030e-02 -2.687131e+02
9.655068e+00 1.586261e-02 -2.610114e+02
9.655068e+00 1.712846e-02 -2.514426e+02
9.655068e+00 1.849533e-02 -2.401569e+02
9.655068e+00 1.997127e-02 -2.274797e+02
9.655068e+00 2.156500e-02 -2.138466e+02
9.655068e+00 2.328591e-02 -1.996780e+02
9.655068e+00 2.514415e-02 -1.855517e+02
9.655068e+00 2.715068e-02 -1.720843e+02
9.655068e+00 2.931733e-02 -1.597385e+02
9.655068e+00 3.165689e-02 -1.488537e+02
9.655068e+00 3.418314e-02 -1.396341e+02
9.655068e+00 3.691099e-02 -1.319369e+02
9.655068e+00 3.985652e-02 -1.252962e+02
9.655068e+00 4.303711e-02 -1.189297e+02
9.655068e+00 4.647152e-02 -1.118880e+02
9.655068e+00 5.017999e-02 -1.033640e+02
9.655068e+00 5.418441e-02 -9.529035e+01
9.655068e+00 5.850838e-02 -9.002635e+01
9.655068e+00 6.317741e-02 -8.434228e+01
9.655068e+00 6.821903e-02 -7.820461e+01
9.655068e+00 7.366298e-02 -7.164929e+01
9.655068e+00 7.954136e-02 -6.530745e+01
9.655068e+00 8.588885e-02 -5.845954e+01
9.655068e+00 9.274286e-02 -5.106515e+01
9.655068e+00 1.001438e-01 -4.308068e+01
9.655068e+00 1.081354e-01 -3.825163e+01
9.655068e+00 1.167647e-01 -3.484666e+01
9.655068e+00 1.260827e-01 -3.116998e+01
9.655068e+00 1.361442e-01 -2.719988e+01
9.655068e+00 1.470087e-01 -2.336180e+01
9.655068e+00 1.587401e-01 -2.112936e+01
9.655068e+00 1.714077e-01 -1.871877e+01
9.655068e+00 1.850862e-01 -1.611581e+01
9.655068e+00 1.998563e-01 -1.330514e+01
9.655068e+00 2.158051e-01 -1.180346e+01
9.655068e+00 2.330265e-01 -1.048822e+01
9.655068e+00 2.516223e-01 -9.068024e+00
9.655068e+00 2.717020e-01 -7.534492e+00
9.655068e+00 2.933841e-01 -6.336950e+00
9.655068e+00 3.167964e-01 -5.626395e+00
9.655068e+00 3.420771e-01 -4.859137e+00
9.655068e+00 3.693752e-01 -4.030651e+00
9.655068e+00 3.988518e-01 -3.176316e+00
9.655068e+00 4.306805e-01 -2.818597e+00
9.655068e+00 4.650493e-01 -2.432332e+00
9.655068e+00 5.021607e-01 -2.015242e+00
9.655068e+00 5.422336e-01 -1.564868e+00
9.655068e+00 5.855044e-01 -1.302557e+00
9.655068e+00 6.322283e-01 -1.123701e+00
9.655068e+00 6.826808e-01 -9.305724e-01
9.655068e+00 7.371594e-01 -7.220318e-01
9.655068e+00 7.959855e-01 -5.462759e-01
9.655068e+00 8.595059e-01 -4.727986e-01
9.655068e+00 9.280954e-01 -3.934577e-01
9.655068e+00 1.002158e+00 -3.077853e-01
9.655068e+00 1.082132e+00 -2.152762e-01
9.655068e+00 1.168487e+00 -1.835300e-01
9.655068e+00 1.261733e+00 -1.550544e-01
9.655068e+00 1.362421e+00 -1.243064e-01
9.655068e+00 1.471144e+00 -9.110467e-02
9.655068e+00 1.588542e+00 -6.981315e-02
9.655068e+00 1.715310e+00 -5.957018e-02
9.655068e+00 1.852193e+00 -4.850980e-02
9.655068e+00 2.000000e+00 -3.656679e-02
9.868170e+00 1.000000e-03 -5.300183e+01
9.868170e+00 1.079801e-03 -5.684238e+01
9.868170e+00 1.165970e-03 -6.092640e+01
9.868170e+00 1.259016e-03 -6.526280e+01
9.868170e+00 1.359487e-03 -6.985963e+01
9.868170e+00 1.467975e-03 -7.472408e+01
9.868170e+00 1.585121e-03 -7.986224e+01
9.868170e+00 1.711615e-03 -8.527883e+01
9.868170e+00 1.848204e-03 -9.097710e+01
9.868170e+00 1.995693e-03 -9.695796e+01
9.868170e+00 2.154951e-03 -1.032197e+02
9.868170e+00 2.326918e-03 -1.097580e+02
9.868170e+00 2.512609e-03 -1.165645e+02
9.868170e+00 2.713117e-03 -1.236259e+02
9.868170e+00 2.929627e-03 -1.309251e+02
9.868170e+00 3.163414e-03 -1.384392e+02
9.868170e+00 3.415858e-03 -1.461394e+02
9.868170e+00 3.688447e-03 -1.539913e+02
9.868170e+00 3.982789e-03 -1.619524e+02
9.868170e+00 4.300619e-03 -1.699720e+02
9.868170e+00 4.643813e-03 -1.779925e+02
9.868170e+00 5.014394e-03 -1.859458e+02
9.868170e+00 5.414548e-03 -1.937532e+02
9.868170e+00 5.846635e-03 -2.013289e+02
9.868170e+00 6.313202e-03 -2.085737e+02
9.868170e+00 6.817002e-03 -2.153764e+02
9.868170e+00 7.361006e-03 -2.216198e+02
9.868170e+00 7.948422e-03 -2.271731e+02
9.868170e+00 8.582714e-03 -2.318944e+02
9.868170e+00 9.267624e-03 -2.356428e+02
9.868170e+00 1.000719e-02 -2.382680e+02
9.868170e+00 1.080577e-02 -2.396176e+02
9.868170e+00 1.166809e-02 -2.395551e+02
9.868170e+00 1.259921e-02 -2.379594e+02
9.868170e+00 1.360464e-02 -2.347338e+02
9.868170e+00 1.469030e-02 -2.298215e+02
9.868170e+00 1.586261e-02 -2.232346e+02
9.868170e+00 1.712846e-02 -2.150507e+02
9.868170e+00 1.849533e-02 -2.053985e+02
9.868170e+00 1.997127e-02 -1.945561e+02
9.868170e+00 2.156500e-02 -1.828961e+02
9.868170e+00 2.328591e-02 -1.707783e+02
9.868170e+00 2.514415e-02 -1.586965e+02
9.868170e+00 2.715068e-02 -1.471782e+02
9.868170e+00 2.931733e-02 -1.366193e+02
9.868170e+00 3.165689e-02 -1.273099e+02
9.868170e+00 3.418314e-02 -1.194246e+02
9.868170e+00 3.691099e-02 -1.128415e+02
9.868170e+00 3.985652e-02 -1.071619e+02
9.868170e+00 4.303711e-02 -1.017168e+02
9.868170e+00 4.647152e-02 -9.569427e+01
9.868170e+00 5.017999e-02 -8.840393e+01
9.868170e+00 5.418441e-02 -8.148005e+01
9.868170e+00 5.850838e-02 -7.692565e+01
9.868170e+00 6.317741e-02 -7.200780e+01
9.868170e+00 6.821903e-02 -6.669750e+01
9.868170e+00 7.366298e-02 -6.103435e+01
9.868170e+00 7.954136e-02 -5.564339e+01
9.868170e+00 8.588885e-02 -4.982224e+01
9.868170e+00 9.274286e-02 -4.353654e+01
9.868170e+00 1.001438e-01 -3.674924e+01
9.868170e+00 1.081354e-01 -3.263541e+01
9.868170e+00 1.167647e-01 -2.972721e+01
9.868170e+00 1.260827e-01 -2.658693e+01
9.868170e+00 1.361442e-01 -2.319605e+01
9.868170e+00 1.470087e-01 -1.992014e+01
9.868170e+00 1.587401e-01 -1.802520e+01
9.868170e+00 1.714077e-01 -1.597905e+01
9.868170e+00 1.850862e-01 -1.376960e+01
9.868170e+00 1.998563e-01 -1.138385e+01
9.868170e+00 2.158051e-01 -1.010414e+01
9.868170e+00 2.330265e-01 -8.981261e+00
9.868170e+00 2.516223e-01 -7.768779e+00
9.868170e+00 2.717020e-01 -6.459538e+00
9.868170e+00 2.933841e-01 -5.437050e+00
9.868170e+00 3.167964e-01 -4.830195e+00
9.868170e+00 3.420771e-01 -4.174913e+00
9.868170e+00 3.693752e-01 -3.467338e+00
9.868170e+00 3.988518e-01 -2.737683e+00
9.868170e+00 4.306805e-01 -2.432113e+00
9.868170e+00 4.650493e-01 -2.102159e+00
9.868170e+00 5.021607e-01 -1.745873e+00
9.868170e+00 5.422336e-01 -1.361156e+00
9.868170e+00 5.855044e-01 -1.135980e+00
9.868170e+00 6.322283e-01 -9.814911e-01
9.868170e+00 6.826808e-01 -8.146734e-01
9.868170e+00 7.371594e-01 -6.345434e-01
9.868170e+00 7.959855e-01 -4.824905e-01
9.868170e+00 8.595059e-01 -4.181954e-01
9.868170e+00 9.280954e-01 -3.487695e-01
9.868170e+00 1.002158e+00 -2.738033e-01
9.868170e+00 1.082132e+00 -1.928548e-01
9.868170e+00 1.168487e+00 -1.647536e-01
9.868170e+00 1.261733e+00 -1.394610e-01
9.868170e+00 1.362421e+00 -1.121501e-01
9.868170e+00 1.471144e+00 -8.265973e-02
9.868170e+00 1.588542e+00 -6.366088e-02
9.868170e+00 1.715310e+00 -5.439211e-02
9.868170e+00 1.852193e+00 -4.438369e-02
9.868170e+00 2.000000e+00 -3.357658e-02
1.008553e+01 1.000000e-03 -4.502930e+01
1.008553e+01 1.079801e-03 -4.829293e+01
1.008553e+01 1.165970e-03 -5.176355e+01
1.008553e+01 1.259016e-03 -5.544870e+01
1.008553e+01 1.359487e-03 -5.935523e+01
1.008553e+01 1.467975e-03 -6.348921e+01
1.008553e+01 1.585121e-03 -6.785579e+01
1.008553e+01 1.711615e-03 -7.245896e+01
1.008553e+01 1.848204e-03 -7.730143e+01
1.008553e+01 1.995693e-03 -8.238397e+01
1.008553e+01 2.154951e-03 -8.770514e+01
1.008553e+01 2.326918e-03 -9.326131e+01
1.008553e+01 2.512609e-03 -9.904530e+01
1.008553e+01 2.713117e-03 -1.050459e+02
1.008553e+01 2.929627e-03 -1.112486e+02
1.008553e+01 3.163414e-03 -1.176340e+02
1.008553e+01 3.415858e-03 -1.241774e+02
1.008553e+01 3.688447e-03 -1.308497e+02
1.008553e+01 3.982789e-03 -1.376148e+02
1.008553e+01 4.300619e-03 -1.444295e+02
1.008553e+01 4.643813e-03 -1.512450e+02
1.008553e+01 5.014394e-03 -1.580034e+02
1.008553e+01 5.414548e-03 -1.646378e+02
1.008553e+01 5.846635e-03 -1.710754e+02
1.008553e+01 6.313202e-03 -1.772317e+02
1.008553e+01 6.817002e-03 -1.830123e+02
1.008553e+01 7.361006e-03 -1.883177e+02
1.008553e+01 7.948422e-03 -1.930366e+02
1.008553e+01 8.582714e-03 -1.970486e+02
1.008553e+01 9.267624e-03 -2.002339e+02
1.008553e+01 1.000719e-02 -2.024647e+02
1.008553e+01 1.080577e-02 -2.036116e+02
1.008553e+01 1.166809e-02 -2.035586e+02
1.008553e+01 1.259921e-02 -2.022027e+02
1.008553e+01 1.360464e-02 -1.994619e+02
1.008553e+01 1.469030e-02 -1.952878e+02
1.008553e+01 1.586261e-02 -1.896907e+02
1.008553e+01 1.712846e-02 -1.827366e+02
1.008553e+01 1.849533e-02 -1.745347e+02
1.008553e+01 1.997127e-02 -1.653216e+02
1.008553e+01 2.156500e-02 -1.554137e+02
1.008553e+01 2.328591e-02 -1.451167e+02
1.008553e+01 2.514415e-02 -1.348504e+02
1.008553e+01 2.715068e-02 -1.250629e+02
1.008553e+01 2.931733e-02 -1.160905e+02
1.008553e+01 3.165689e-02 -1.081800e+02
1.008553e+01 3.418314e-02 -1.014796e+02
1.008553e+01 3.691099e-02 -9.588565e+01
1.008553e+01 3.985652e-02 -9.105947e+01
1.008553e+01 4.303711e-02 -8.643259e+01
1.008553e+01 4.647152e-02 -8.131503e+01
1.008553e+01 5.017999e-02 -7.512015e+01
1.008553e+01 5.418441e-02 -6.922908e+01
1.008553e+01 5.850838e-02 -6.533792e+01
1.008553e+01 6.317741e-02 -6.113624e+01
1.008553e+01 6.821903e-02 -5.659926e+01
1.008553e+01 7.366298e-02 -5.176538e+01
1.008553e+01 7.954136e-02 -4.721114e+01
1.008553e+01 8.588885e-02 -4.229346e+01
1.008553e+01 9.274286e-02 -3.698334e+01
1.008553e+01 1.001438e-01 -3.124947e+01
1.008553e+01 1.081354e-01 -2.775689e+01
1.008553e+01 1.167647e-01 -2.527323e+01
1.008553e+01 1.260827e-01 -2.259137e+01
1.008553e+01 1.361442e-01 -1.969549e+01
1.008553e+01 1.470087e-01 -1.690075e+01
1.008553e+01 1.587401e-01 -1.529825e+01
1.008553e+01 1.714077e-01 -1.356786e+01
1.008553e+01 1.850862e-01 -1.169939e+01
1.008553e+01 1.998563e-01 -9.681812e+00
1.008553e+01 2.158051e-01 -8.597031e+00
1.008553e+01 2.330265e-01 -7.644164e+00
1.008553e+01 2.516223e-01 -6.615258e+00
1.008553e+01 2.717020e-01 -5.504243e+00
1.008553e+01 2.933841e-01 -4.636801e+00
1.008553e+01 3.167964e-01 -4.122380e+00
1.008553e+01 3.420771e-01 -3.566908e+00
1.008553e+01 3.693752e-01 -2.967108e+00
1.008553e+01 3.988518e-01 -2.348504e+00
1.008553e+01 4.306805e-01 -2.088151e+00
1.008553e+01 4.650493e-01 -1.807022e+00
1.008553e+01 5.021607e-01 -1.503458e+00
1.008553e+01 5.422336e-01 -1.175670e+00
1.008553e+01 5.855044e-01 -9.832815e-01
1.008553e+01 6.322283e-01 -8.508272e-01
1.008553e+01 6.826808e-01 -7.078029e-01
1.008553e+01 7.371594e-01 -5.533651e-01
1.008553e+01 7.959855e-01 -4.228096e-01
1.008553e+01 8.595059e-01 -3.670325e-01
1.008553e+01 9.280954e-01 -3.068043e-01
1.008553e+01 1.002158e+00 -2.417699e-01
1.008553e+01 1.082132e+00 -1.715456e-01
1.008553e+01 1.168487e+00 -1.468590e-01
1.008553e+01 1.261733e+00 -1.245580e-01
1.008553e+01 1.362421e+00 -1.004774e-01
1.008553e+01 1.471144e+00 -7.447516e-02
1.008553e+01 1.588542e+00 -5.764276e-02
1.008553e+01 1.715310e+00 -4.931245e-02
1.008553e+01 1.852193e+00 -4.031736e-02
1.008553e+01 2.000000e+00 -3.060446e-02
1.030724e+01 1.000000e-03 -3.789299e+01
1.030724e+01 1.079801e-03 -4.064006e+01
1.030724e+01 1.165970e-03 -4.356143e+01
1.030724e+01 1.259016e-03 -4.666346e+01
1.030724e+01 1.359487e-03 -4.995186e+01
1.030724e+01 1.467975e-03 -5.343176e+01
1.030724e+01 1.585121e-03 -5.710745e+01
1.030724e+01 1.711615e-03 -6.098226e+01
1.030724e+01 1.848204e-03 -6.505846e+01
1.030724e+01 1.995693e-03 -6.933667e+01
1.030724e+01 2.154951e-03 -7.381569e+01
1.030724e+01 2.326918e-03 -7.849247e+01
1.030724e+01 2.512609e-03 -8.336099e+01
1.030724e+01 2.713117e-03 -8.841186e+01
1.030724e+01 2.929627e-03 -9.363279e+01
1.030724e+01 3.163414e-03 -9.900744e+01
1.030724e+01 3.415858e-03 -1.045152e+02
1.030724e+01 3.688447e-03 -1.101313e+02
1.030724e+01 3.982789e-03 -1.158255e+02
1.030724e+01 4.300619e-03 -1.215615e+02
1.030724e+01 4.643813e-03 -1.272982e+02
1.030724e+01 5.014394e-03 -1.329867e+02
1.030724e+01 5.414548e-03 -1.385710e+02
1.030724e+01 5.846635e-03 -1.439894e+02
1.030724e+01 6.313202e-03 -1.491712e+02
1.030724e+01 6.817002e-03 -1.540367e+02
1.030724e+01 7.361006e-03 -1.585023e+02
1.030724e+01 7.948422e-03 -1.624742e+02
1.030724e+01 8.582714e-03 -1.658511e+02
1.030724e+01 9.267624e-03 -1.685322e+02
1.030724e+01 1.000719e-02 -1.704099e+02
1.030724e+01 1.080577e-02 -1.713754e+02
1.030724e+01 1.166809e-02 -1.713308e+02
1.030724e+01 1.259921e-02 -1.701897e+02
1.030724e+01 1.360464e-02 -1.678828e+02
1.030724e+01 1.469030e-02 -1.643696e+02
1.030724e+01 1.586261e-02 -1.596586e+02
1.030724e+01 1.712846e-02 -1.538055e+02
1.030724e+01 1.849533e-02 -1.469022e+02
1.030724e+01 1.997127e-02 -1.391477e+02
1.030724e+01 2.156500e-02 -1.308085e+02
1.030724e+01 2.328591e-02 -1.221417e+02
1.030724e+01 2.514415e-02 -1.135008e+02
1.030724e+01 2.715068e-02 -1.052629e+02
1.030724e+01 2.931733e-02 -9.771104e+01
1.030724e+01 3.165689e-02 -9.105291e+01
1.030724e+01 3.418314e-02 -8.541330e+01
1.030724e+01 3.691099e-02 -8.070501e+01
1.030724e+01 3.985652e-02 -7.664291e+01
1.030724e+01 4.303711e-02 -7.274856e+01
1.030724e+01 4.647152e-02 -6.844121e+01
1.030724e+01 5.017999e-02 -6.322711e+01
1.030724e+01 5.418441e-02 -5.827624e+01
1.030724e+01 5.850838e-02 -5.502206e+01
1.030724e+01 6.317741e-02 -5.150820e+01
1.030724e+01 6.821903e-02 -4.771392e+01
1.030724e+01 7.366298e-02 -4.367001e+01
1.030724e+01 7.954136e-02 -3.984609e+01
1.030724e+01 8.588885e-02 -3.571703e+01
1.030724e+01 9.274286e-02 -3.125845e+01
1.030724e+01 1.001438e-01 -2.644408e+01
1.030724e+01 1.081354e-01 -2.349511e+01
1.030724e+01 1.167647e-01 -2.138408e+01
1.030724e+01 1.260827e-01 -1.910459e+01
1.030724e+01 1.361442e-01 -1.664320e+01
1.030724e+01 1.470087e-01 -1.427015e+01
1.030724e+01 1.587401e-01 -1.292077e+01
1.030724e+01 1.714077e-01 -1.146372e+01
1.030724e+01 1.850862e-01 -9.890390e+00
1.030724e+01 1.998563e-01 -8.191508e+00
1.030724e+01 2.158051e-01 -7.276270e+00
1.030724e+01 2.330265e-01 -6.471602e+00
1.030724e+01 2.516223e-01 -5.602722e+00
1.030724e+01 2.717020e-01 -4.664503e+00
1.030724e+01 2.933841e-01 -3.932110e+00
1.030724e+01 3.167964e-01 -3.498017e+00
1.030724e+01 3.420771e-01 -3.029282e+00
1.030724e+01 3.693752e-01 -2.523142e+00
1.030724e+01 3.988518e-01 -2.001094e+00
1.030724e+01 4.306805e-01 -1.780799e+00
1.030724e+01 4.650493e-01 -1.542924e+00
1.030724e+01 5.021607e-01 -1.286066e+00
1.030724e+01 5.422336e-01 -1.008710e+00
1.030724e+01 5.855044e-01 -8.455028e-01
1.030724e+01 6.322283e-01 -7.327796e-01
1.030724e+01 6.826808e-01 -6.110610e-01
1.030724e+01 7.371594e-01 -4.796291e-01
1.030724e+01 7.959855e-01 -3.683350e-01
1.030724e+01 8.595059e-01 -3.202250e-01
1.030724e+01 9.280954e-01 -2.682759e-01
1.030724e+01 1.002158e+00 -2.121811e-01
1.030724e+01 1.082132e+00 -1.516099e-01
1.030724e+01 1.168487e+00 -1.300366e-01
1.030724e+01 1.261733e+00 -1.104749e-01
1.030724e+01 1.362421e+00 -8.935206e-02
1.030724e+01 1.471144e+00 -6.654364e-02
1.030724e+01 1.588542e+00 -5.172953e-02
1.030724e+01 1.715310e+00 -4.432618e-02
1.030724e+01 1.852193e+00 -3.633204e-02
1.030724e+01 2.000000e+00 -2.769995e-02
1.053339e+01 1.000000e-03 -3.175370e+01
1.053339e+01 1.079801e-03 -3.405628e+01
1.053339e+01 1.165970e-03 -3.650500e+01
1.053339e+01 1.259016e-03 -3.910521e+01
1.053339e+01 1.359487e-03 -4.186170e+01
1.053339e+01 1.467975e-03 -4.477872e+01
1.053339e+01 1.585121e-03 -4.785986e+01
1.053339e+01 1.711615e-03 -5.110790e+01
1.053339e+01 1.848204e-03 -5.452470e+01
1.053339e+01 1.995693e-03 -5.811077e+01
1.053339e+01 2.154951e-03 -6.186512e+01
1.053339e+01 2.326918e-03 -6.578519e+01
1.053339e+01 2.512609e-03 -6.986595e+01
1.053339e+01 2.713117e-03 -7.409955e+01
1.053339e+01 2.929627e-03 -7.847568e+01
1.053339e+01 3.163414e-03 -8.298067e+01
1.053339e+01 3.415858e-03 -8.759716e+01
1.053339e+01 3.688447e-03 -9.230452e+01
1.053339e+01 3.982789e-03 -9.707730e+01
1.053339e+01 4.300619e-03 -1.018851e+02
1.053339e+01 4.643813e-03 -1.066934e+02
1.053339e+01 5.014394e-03 -1.114614e+02
1.053339e+01 5.414548e-03 -1.161419e+02
1.053339e+01 5.846635e-03 -1.206835e+02
1.053339e+01 6.313202e-03 -1.250268e+02
1.053339e+01 6.817002e-03 -1.291049e+02
1.053339e+01 7.361006e-03 -1.328478e+02
1.053339e+01 7.948422e-03 -1.361769e+02
1.053339e+01 8.582714e-03 -1.390074e+02
1.053339e+01 9.267624e-03 -1.412546e+02
1.053339e+01 1.000719e-02 -1.428285e+02
1.053339e+01 1.080577e-02 -1.436378e+02
1.053339e+01 1.166809e-02 -1.436005e+02
1.053339e+01 1.259921e-02 -1.426441e+02
1.053339e+01 1.360464e-02 -1.407106e+02
1.053339e+01 1.469030e-02 -1.377660e+02
1.053339e+01 1.586261e-02 -1.338176e+02
1.053339e+01 1.712846e-02 -1.289119e+02
1.053339e+01 1.849533e-02 -1.231259e+02
1.053339e+01 1.997127e-02 -1.166265e+02
1.053339e+01 2.156500e-02 -1.096370e+02
1.053339e+01 2.328591e-02 -1.023730e+02
1.053339e+01 2.514415e-02 -9.513059e+01
1.053339e+01 2.715068e-02 -8.822597e+01
1.053339e+01 2.931733e-02 -8.189642e+01
1.053339e+01 3.165689e-02 -7.631592e+01
1.053339e+01 3.418314e-02 -7.158908e+01
1.053339e+01 3.691099e-02 -6.764284e+01
1.053339e+01 3.985652e-02 -6.423819e+01
1.053339e+01 4.303711e-02 -6.097414e+01
1.053339e+01 4.647152e-02 -5.736394e+01
1.053339e+01 5.017999e-02 -5.299375e+01
1.053339e+01 5.418441e-02 -4.885076e+01
1.053339e+01 5.850838e-02 -4.614158e+01
1.053339e+01 6.317741e-02 -4.321620e+01
1.053339e+01 6.821903e-02 -4.005738e+01
1.053339e+01 7.366298e-02 -3.668909e+01
1.053339e+01 7.954136e-02 -3.348708e+01
1.053339e+01 8.588885e-02 -3.002954e+01
1.053339e+01 9.274286e-02 -2.629609e+01
1.053339e+01 1.001438e-01 -2.226471e+01
1.053339e+01 1.081354e-01 -1.978468e+01
1.053339e+01 1.167647e-01 -1.800037e+01
1.053339e+01 1.260827e-01 -1.607367e+01
1.053339e+01 1.361442e-01 -1.399322e+01
1.053339e+01 1.470087e-01 -1.198925e+01
1.053339e+01 1.587401e-01 -1.085839e+01
1.053339e+01 1.714077e-01 -9.637290e+00
1.053339e+01 1.850862e-01 -8.318740e+00
1.053339e+01 1.998563e-01 -6.894969e+00
1.053339e+01 2.158051e-01 -6.126095e+00
1.053339e+01 2.330265e-01 -5.449371e+00
1.053339e+01 2.516223e-01 -4.718643e+00
1.053339e+01 2.717020e-01 -3.929603e+00
1.053339e+01 2.933841e-01 -3.314160e+00
1.053339e+01 3.167964e-01 -2.950262e+00
1.053339e+01 3.420771e-01 -2.557323e+00
1.053339e+01 3.693752e-01 -2.133028e+00
1.053339e+01 3.988518e-01 -1.695338e+00
1.053339e+01 4.306805e-01 -1.509759e+00
1.053339e+01 4.650493e-01 -1.309371e+00
1.053339e+01 5.021607e-01 -1.092992e+00
1.053339e+01 5.422336e-01 -8.593451e-01
1.053339e+01 5.855044e-01 -7.216603e-01
1.053339e+01 6.322283e-01 -6.263959e-01
1.053339e+01 6.826808e-01 -5.235293e-01
1.053339e+01 7.371594e-01 -4.124539e-01
1.053339e+01 7.959855e-01 -3.182623e-01
1.053339e+01 8.595059e-01 -2.771408e-01
1.053339e+01 9.280954e-01 -2.327376e-01
1.053339e+01 1.002158e+00 -1.847911e-01
1.053339e+01 1.082132e+00 -1.330184e-01
1.053339e+01 1.168487e+00 -1.143826e-01
1.053339e+01 1.261733e+00 -9.743381e-02
1.053339e+01 1.362421e+00 -7.913248e-02
1.053339e+01 1.471144e+00 -5.937069e-02
1.053339e+01 1.588542e+00 -4.643982e-02
1.053339e+01 1.715310e+00 -3.983853e-02
1.053339e+01 1.852193e+00 -3.271045e-02
1.053339e+01 2.000000e+00 -2.501355e-02
1.076406e+01 1.000000e-03 -2.638967e+01
1.076406e+01 1.079801e-03 -2.830376e+01
1.076406e+01 1.165970e-03 -3.033940e+01
1.076406e+01 1.259016e-03 -3.250101e+01
1.076406e+01 1.359487e-03 -3.479258e+01
1.076406e+01 1.467975e-03 -3.721763e+01
1.076406e+01 1.585121e-03 -3.977912e+01
1.076406e+01 1.711615e-03 -4.247935e+01
1.076406e+01 1.848204e-03 -4.531983e+01
1.076406e+01 1.995693e-03 -4.830099e+01
1.076406e+01 2.154951e-03 -5.142200e+01
1.076406e+01 2.326918e-03 -5.468074e+01
1.076406e+01 2.512609e-03 -5.807303e+01
1.076406e+01 2.713117e-03 -6.159235e+01
1.076406e+01 2.929627e-03 -6.523017e+01
1.076406e+01 3.163414e-03 -6.897510e+01
1.076406e+01 3.415858e-03 -7.281272e+01
1.076406e+01 3.688447e-03 -7.672584e+01
1.076406e+01 3.982789e-03 -8.069333e+01
1.076406e+01 4.300619e-03 -8.468991e+01
1.076406e+01 4.643813e-03 -8.868690e+01
1.076406e+01 5.014394e-03 -9.265038e+01
1.076406e+01 5.414548e-03 -9.654117e+01
1.076406e+01 5.846635e-03 -1.003165e+02
1.076406e+01 6.313202e-03 -1.039268e+02
1.076406e+01 6.817002e-03 -1.073168e+02
1.076406e+01 7.361006e-03 -1.104282e+02
1.076406e+01 7.948422e-03 -1.131956e+02
1.076406e+01 8.582714e-03 -1.155484e+02
1.076406e+01 9.267624e-03 -1.174165e+02
1.076406e+01 1.000719e-02 -1.187249e+02
1.076406e+01 1.080577e-02 -1.193977e+02
1.076406e+01 1.166809e-02 -1.193668e+02
1.076406e+01 1.259921e-02 -1.185718e+02
1.076406e+01 1.360464e-02 -1.169646e+02
1.076406e+01 1.469030e-02 -1.145169e+02
1.076406e+01 1.586261e-02 -1.112349e+02
1.076406e+01 1.712846e-02 -1.071570e+02
1.076406e+01 1.849533e-02 -1.023475e+02
1.076406e+01 1.997127e-02 -9.694497e+01
1.076406e+01 2.156500e-02 -9.113500e+01
1.076406e+01 2.328591e-02 -8.509683e+01
1.076406e+01 2.514415e-02 -7.907665e+01
1.076406e+01 2.715068e-02 -7.333724e+01
1.076406e+01 2.931733e-02 -6.807585e+01
1.076406e+01 3.165689e-02 -6.343710e+01
1.076406e+01 3.418314e-02 -5.950795e+01
1.076406e+01 3.691099e-02 -5.622766e+01
1.076406e+01 3.985652e-02 -5.339757e+01
1.076406e+01 4.303711e-02 -5.068435e+01
1.076406e+01 4.647152e-02 -4.768339e+01
1.076406e+01 5.017999e-02 -4.405070e+01
1.076406e+01 5.418441e-02 -4.061270e+01
1.076406e+01 5.850838e-02 -3.837697e+01
1.076406e+01 6.317741e-02 -3.596282e+01
1.076406e+01 6.821903e-02 -3.335603e+01
1.076406e+01 7.366298e-02 -3.057572e+01
1.076406e+01 7.954136e-02 -2.792598e+01
1.076406e+01 8.588885e-02 -2.506478e+01
1.076406e+01 9.274286e-02 -2.197526e+01
1.076406e+01 1.001438e-01 -1.863920e+01
1.076406e+01 1.081354e-01 -1.657098e+01
1.076406e+01 1.167647e-01 -1.506962e+01
1.076406e+01 1.260827e-01 -1.344845e+01
1.076406e+01 1.361442e-01 -1.169791e+01
1.076406e+01 1.470087e-01 -1.001399e+01
1.076406e+01 1.587401e-01 -9.074506e+00
1.076406e+01 1.714077e-01 -8.060054e+00
1.076406e+01 1.850862e-01 -6.964648e+00
1.076406e+01 1.998563e-01 -5.781827e+00
1.076406e+01 2.158051e-01 -5.139137e+00
1.076406e+01 2.330265e-01 -4.571901e+00
1.076406e+01 2.516223e-01 -3.959399e+00
1.076406e+01 2.717020e-01 -3.298019e+00
1.076406e+01 2.933841e-01 -2.782306e+00
1.076406e+01 3.167964e-01 -2.477650e+00
1.076406e+01 3.420771e-01 -2.148682e+00
1.076406e+01 3.693752e-01 -1.793462e+00
1.076406e+01 3.988518e-01 -1.427027e+00
1.076406e+01 4.306805e-01 -1.271658e+00
1.076406e+01 4.650493e-01 -1.103891e+00
1.076406e+01 5.021607e-01 -9.227355e-01
1.076406e+01 5.422336e-01 -7.271237e-01
1.076406e+01 5.855044e-01 -6.117744e-01
1.076406e+01 6.322283e-01 -5.318973e-01
1.076406e+01 6.826808e-01 -4.456460e-01
1.076406e+01 7.371594e-01 -3.525117e-01
1.076406e+01 7.959855e-01 -2.734085e-01
1.076406e+01 8.595059e-01 -2.384973e-01
1.076406e+01 9.280954e-01 -2.008001e-01
1.076406e+01 1.002158e+00 -1.600947e-01
1.076406e+01 1.082132e+00 -1.161409e-01
1.076406e+01 1.168487e+00 -1.000944e-01
1.076406e+01 1.261733e+00 -8.544302e-02
1.076406e+01 1.362421e+00 -6.962241e-02
1.076406e+01 1.471144e+00 -5.253929e-02
1.076406e+01 1.588542e+00 -4.130496e-02
1.076406e+01 1.715310e+00 -3.548856e-02
1.076406e+01 1.852193e+00 -2.920800e-02
1.076406e+01 2.000000e+00 -2.242624e-02
1.099934e+01 1.000000e-03 -2.201339e+01
1.099934e+01 1.079801e-03 -2.361046e+01
1.099934e+01 1.165970e-03 -2.530900e+01
1.099934e+01 1.259016e-03 -2.711270e+01
1.099934e+01 1.359487e-03 -2.902487e+01
1.099934e+01 1.467975e-03 -3.104843e+01
1.099934e+01 1.585121e-03 -3.318586e+01
1.099934e+01 1.711615e-03 -3.543905e+01
1.099934e+01 1.848204e-03 -3.780924e+01
1.099934e+01 1.995693e-03 -4.029678e+01
1.099934e+01 2.154951e-03 -4.290096e+01
1.099934e+01 2.326918e-03 -4.562004e+01
1.099934e+01 2.512609e-03 -4.845053e+01
1.099934e+01 2.713117e-03 -5.138700e+01
1.099934e+01 2.929627e-03 -5.442235e+01
1.099934e+01 3.163414e-03 -5.754707e+01
1.099934e+01 3.415858e-03 -6.074912e+01
1.099934e+01 3.688447e-03 -6.401415e+01
1.099934e+01 3.982789e-03 -6.732451e+01
1.099934e+01 4.300619e-03 -7.065913e+01
1.099934e+01 4.643813e-03 -7.399410e+01
1.099934e+01 5.014394e-03 -7.730110e+01
1.099934e+01 5.414548e-03 -8.054745e+01
1.099934e+01 5.846635e-03 -8.369743e+01
1.099934e+01 6.313202e-03 -8.670979e+01
1.099934e+01 6.817002e-03 -8.953829e+01
1.099934e+01 7.361006e-03 -9.213427e+01
1.099934e+01 7.948422e-03 -9.444328e+01
1.099934e+01 8.582714e-03 -9.640644e+01
1.099934e+01 9.267624e-03 -9.796513e+01
1.099934e+01 1.000719e-02 -9.905689e+01
1.099934e+01 1.080577e-02 -9.961829e+01
1.099934e+01 1.166809e-02 -9.959252e+01
1.099934e+01 1.259921e-02 -9.892924e+01
1.099934e+01 1.360464e-02 -9.758832e+01
1.099934e+01 1.469030e-02 -9.554617e+01
1.099934e+01 1.586261e-02 -9.280783e+01
1.099934e+01 1.712846e-02 -8.940555e+01
1.099934e+01 1.849533e-02 -8.539279e+01
1.099934e+01 1.997127e-02 -8.088522e+01
1.099934e+01 2.156500e-02 -7.603773e+01
1.099934e+01 2.328591e-02 -7.099984e+01
1.099934e+01 2.514415e-02 -6.597696e+01
1.099934e+01 2.715068e-02 -6.118833e+01
1.099934e+01 2.931733e-02 -5.679854e+01
1.099934e+01 3.165689e-02 -5.292824e+01
1.099934e+01 3.418314e-02 -4.964998e+01
1.099934e+01 3.691099e-02 -4.691310e+01
1.099934e+01 3.985652e-02 -4.455183e+01
1.099934e+01 4.303711e-02 -4.228808e+01
1.099934e+01 4.647152e-02 -3.978426e+01
1.099934e+01 5.017999e-02 -3.675335e+01
1.099934e+01 5.418441e-02 -3.388508e+01
1.099934e+01 5.850838e-02 -3.202026e+01
1.099934e+01 6.317741e-02 -3.000663e+01
1.099934e+01 6.821903e-02 -2.783231e+01
1.099934e+01 7.366298e-02 -2.551300e+01
1.099934e+01 7.954136e-02 -2.329991e+01
1.099934e+01 8.588885e-02 -2.091022e+01
1.099934e+01 9.274286e-02 -1.832982e+01
1.099934e+01 1.001438e-01 -1.554350e+01
1.099934e+01 1.081354e-01 -1.381328e+01
1.099934e+01 1.167647e-01 -1.255492e+01
1.099934e+01 1.260827e-01 -1.119615e+01
1.099934e+01 1.361442e-01 -9.728942e+00
1.099934e+01 1.470087e-01 -8.319279e+00
1.099934e+01 1.587401e-01 -7.541002e+00
1.099934e+01 1.714077e-01 -6.700618e+00
1.099934e+01 1.850862e-01 -5.793170e+00
1.099934e+01 1.998563e-01 -4.813307e+00
1.099934e+01 2.158051e-01 -4.280278e+00
1.099934e+01 2.330265e-01 -3.809583e+00
1.099934e+01 2.516223e-01 -3.301326e+00
1.099934e+01 2.717020e-01 -2.752509e+00
1.099934e+01 2.933841e-01 -2.324238e+00
1.099934e+01 3.167964e-01 -2.070657e+00
1.099934e+01 3.420771e-01 -1.796839e+00
1.099934e+01 3.693752e-01 -1.501171e+00
1.099934e+01 3.988518e-01 -1.196154e+00
1.099934e+01 4.306805e-01 -1.066607e+00
1.099934e+01 4.650493e-01 -9.267232e-01
1.099934e+01 5.021607e-01 -7.756761e-01
1.099934e+01 5.422336e-01 -6.125752e-01
1.099934e+01 5.855044e-01 -5.163193e-01
1.099934e+01 6.322283e-01 -4.495978e-01
1.099934e+01 6.826808e-01 -3.775518e-01
1.099934e+01 7.371594e-01 -2.997565e-01
1.099934e+01 7.959855e-01 -2.335820e-01
1.099934e+01 8.595059e-01 -2.040795e-01
1.099934e+01 9.280954e-01 -1.722227e-01
1.099934e+01 1.002158e+00 -1.378237e-01
1.099934e+01 1.082132e+00 -1.006795e-01
1.099934e+01 1.168487e+00 -8.695756e-02
1.099934e+01 1.261733e+00 -7.438787e-02
1.099934e+01 1.362421e+00 -6.081510e-02
1.099934e+01 1.471144e+00 -4.615921e-02
1.099934e+01 1.588542e+00 -3.646874e-02
1.099934e+01 1.715310e+00 -3.137640e-02
1.099934e+01 1.852193e+00 -2.587768e-02
1.099934e+01 2.000000e+00 -1.994016e-02
1.123932e+01 1.000000e-03 -1.819554e+01
1.123932e+01 1.079801e-03 -1.951597e+01
1.123932e+01 1.165970e-03 -2.092033e+01
1.123932e+01 1.259016e-03 -2.241167e+01
1.123932e+01 1.359487e-03 -2.399273e+01
1.123932e+01 1.467975e-03 -2.566591e+01
1.123932e+01 1.585121e-03 -2.743325e+01
1.123932e+01 1.711615e-03 -2.929630e+01
1.123932e+01 1.848204e-03 -3.125606e+01
1.123932e+01 1.995693e-03 -3.331282e+01
1.123932e+01 2.154951e-03 -3.546599e+01
1.123932e+01 2.326918e-03 -3.771414e+01
1.123932e+01 2.512609e-03 -4.005437e+01
1.123932e+01 2.713117e-03 -4.248222e+01
1.123932e+01 2.929627e-03 -4.499181e+01
1.123932e+01 3.163414e-03 -4.757530e+01
1.123932e+01 3.415858e-03 -5.022273e+01
1.123932e+01 3.688447e-03 -5.292220e+01
1.123932e+01 3.982789e-03 -5.565914e+01
1.123932e+01 4.300619e-03 -5.841612e+01
1.123932e+01 4.643813e-03 -6.117338e+01
1.123932e+01 5.014394e-03 -6.390753e+01
1.123932e+01 5.414548e-03 -6.659152e+01
1.123932e+01 5.846635e-03 -6.919583e+01
1.123932e+01 6.313202e-03 -7.168636e+01
1.123932e+01 6.817002e-03 -7.402487e+01
1.123932e+01 7.361006e-03 -7.617115e+01
1.123932e+01 7.948422e-03 -7.808017e+01
1.123932e+01 8.582714e-03 -7.970326e+01
1.123932e+01 9.267624e-03 -8.099195e+01
1.123932e+01 1.000719e-02 -8.189461e+01
1.123932e+01 1.080577e-02 -8.235880e+01
1.123932e+01 1.166809e-02 -8.233753e+01
1.123932e+01 1.259921e-02 -8.178920e+01
1.123932e+01 1.360464e-02 -8.068063e+01
1.123932e+01 1.469030e-02 -7.899231e+01
1.123932e+01 1.586261e-02 -7.672842e+01
1.123932e+01 1.712846e-02 -7.391563e+01
1.123932e+01 1.849533e-02 -7.059811e+01
1.123932e+01 1.997127e-02 -6.687151e+01
1.123932e+01 2.156500e-02 -6.286387e+01
1.123932e+01 2.328591e-02 -5.869883e+01
1.123932e+01 2.514415e-02 -5.454619e+01
1.123932e+01 2.715068e-02 -5.058721e+01
1.123932e+01 2.931733e-02 -4.695797e+01
1.123932e+01 3.165689e-02 -4.375821e+01
1.123932e+01 3.418314e-02 -4.104793e+01
1.123932e+01 3.691099e-02 -3.878522e+01
1.123932e+01 3.985652e-02 -3.683306e+01
1.123932e+01 4.303711e-02 -3.496151e+01
1.123932e+01 4.647152e-02 -3.289148e+01
1.123932e+01 5.017999e-02 -3.038569e+01
1.123932e+01 5.418441e-02 -2.800836e+01
1.123932e+01 5.850838e-02 -2.644990e+01
1.123932e+01 6.317741e-02 -2.476709e+01
1.123932e+01 6.821903e-02 -2.294998e+01
1.123932e+01 7.366298e-02 -2.101508e+01
1.123932e+01 7.954136e-02 -1.920374e+01
1.123932e+01 8.588885e-02 -1.724786e+01
1.123932e+01 9.274286e-02 -1.513589e+01
1.123932e+01 1.001438e-01 -1.285539e+01
1.123932e+01 1.081354e-01 -1.143077e+01
1.123932e+01 1.167647e-01 -1.038763e+01
1.123932e+01 1.260827e-01 -9.261255e+00
1.123932e+01 1.361442e-01 -8.044991e+00
1.123932e+01 1.470087e-01 -6.877412e+00
1.123932e+01 1.587401e-01 -6.237498e+00
1.123932e+01 1.714077e-01 -5.546518e+00
1.123932e+01 1.850862e-01 -4.800398e+00
1.123932e+01 1.998563e-01 -3.994736e+00
1.123932e+01 2.158051e-01 -3.553061e+00
1.123932e+01 2.330265e-01 -3.161685e+00
1.123932e+01 2.516223e-01 -2.739078e+00
1.123932e+01 2.717020e-01 -2.282746e+00
1.123932e+01 2.933841e-01 -1.927064e+00
1.123932e+01 3.167964e-01 -1.717200e+00
1.123932e+01 3.420771e-01 -1.490588e+00
1.123932e+01 3.693752e-01 -1.245892e+00
1.123932e+01 3.988518e-01 -9.934831e-01
1.123932e+01 4.306805e-01 -8.866431e-01
1.123932e+01 4.650493e-01 -7.712772e-01
1.123932e+01 5.021607e-01 -6.467050e-01
1.123932e+01 5.422336e-01 -5.121917e-01
1.123932e+01 5.855044e-01 -4.326132e-01
1.123932e+01 6.322283e-01 -3.772865e-01
1.123932e+01 6.826808e-01 -3.175447e-01
1.123932e+01 7.371594e-01 -2.530355e-01
1.123932e+01 7.959855e-01 -1.980810e-01
1.123932e+01 8.595059e-01 -1.733378e-01
1.123932e+01 9.280954e-01 -1.466201e-01
1.123932e+01 1.002158e+00 -1.177702e-01
1.123932e+01 1.082132e+00 -8.661808e-02
1.123932e+01 1.168487e+00 -7.497924e-02
1.123932e+01 1.261733e+00 -6.428528e-02
1.123932e+01 1.362421e+00 -5.273793e-02
1.123932e+01 1.471144e+00 -4.026910e-02
1.123932e+01 1.588542e+00 -3.197524e-02
1.123932e+01 1.715310e+00 -2.754609e-02
1.123932e+01 1.852193e+00 -2.276348e-02
1.123932e+01 2.000000e+00 -1.759921e-02
1.148411e+01 1.000000e-03 -1.495926e+01
1.148411e+01 1.079801e-03 -1.604512e+01
1.148411e+01 1.165970e-03 -1.720003e+01
1.148411e+01 1.259016e-03 -1.842651e+01
1.148411e+01 1.359487e-03 -1.972679e+01
1.148411e+01 1.467975e-03 -2.110287e+01
1.148411e+01 1.585121e-03 -2.255638e+01
1.148411e+01 1.711615e-03 -2.408860e+01
1.148411e+01 1.848204e-03 -2.570035e+01
1.148411e+01 1.995693e-03 -2.739184e+01
1.148411e+01 2.154951e-03 -2.916259e+01
1.148411e+01 2.326918e-03 -3.101142e+01
1.148411e+01 2.512609e-03 -3.293596e+01
1.148411e+01 2.713117e-03 -3.493255e+01
1.148411e+01 2.929627e-03 -3.699636e+01
1.148411e+01 3.163414e-03 -3.912094e+01
1.148411e+01 3.415858e-03 -4.129809e+01
1.148411e+01 3.688447e-03 -4.351804e+01
1.148411e+01 3.982789e-03 -4.576878e+01
1.148411e+01 4.300619e-03 -4.803598e+01
1.148411e+01 4.643813e-03 -5.030342e+01
1.148411e+01 5.014394e-03 -5.255185e+01
1.148411e+01 5.414548e-03 -5.475903e+01
1.148411e+01 5.846635e-03 -5.690068e+01
1.148411e+01 6.313202e-03 -5.894876e+01
1.148411e+01 6.817002e-03 -6.087183e+01
1.148411e+01 7.361006e-03 -6.263681e+01
1.148411e+01 7.948422e-03 -6.420669e+01
1.148411e+01 8.582714e-03 -6.554144e+01
1.148411e+01 9.267624e-03 -6.660119e+01
1.148411e+01 1.000719e-02 -6.734349e+01
1.148411e+01 1.080577e-02 -6.772522e+01
1.148411e+01 1.166809e-02 -6.770777e+01
1.148411e+01 1.259921e-02 -6.725691e+01
1.148411e+01 1.360464e-02 -6.634535e+01
1.148411e+01 1.469030e-02 -6.495705e+01
1.148411e+01 1.586261e-02 -6.309542e+01
1.148411e+01 1.712846e-02 -6.078241e+01
1.148411e+01 1.849533e-02 -5.805436e+01
1.148411e+01 1.997127e-02 -5.498990e+01
1.148411e+01 2.156500e-02 -5.169434e+01
1.148411e+01 2.328591e-02 -4.826934e+01
1.148411e+01 2.514415e-02 -4.485454e+01
1.148411e+01 2.715068e-02 -4.159899e+01
1.148411e+01 2.931733e-02 -3.861459e+01
1.148411e+01 3.165689e-02 -3.598335e+01
1.148411e+01 3.418314e-02 -3.375463e+01
1.148411e+01 3.691099e-02 -3.189395e+01
1.148411e+01 3.985652e-02 -3.028864e+01
1.148411e+01 4.303711e-02 -2.874963e+01
1.148411e+01 4.647152e-02 -2.704740e+01
1.148411e+01 5.017999e-02 -2.498683e+01
1.148411e+01 5.418441e-02 -2.302856e+01
1.148411e+01 5.850838e-02 -2.173771e+01
1.148411e+01 6.317741e-02 -2.034386e+01
1.148411e+01 6.821903e-02 -1.883877e+01
1.148411e+01 7.366298e-02 -1.723733e+01
1.148411e+01 7.954136e-02 -1.575071e+01
1.148411e+01 8.588885e-02 -1.414545e+01
1.148411e+01 9.274286e-02 -1.241209e+01
1.148411e+01 1.001438e-01 -1.054041e+01
1.148411e+01 1.081354e-01 -9.371387e+00
1.148411e+01 1.167647e-01 -8.515574e+00
1.148411e+01 1.260827e-01 -7.591465e+00
1.148411e+01 1.361442e-01 -6.593612e+00
1.148411e+01 1.470087e-01 -5.636297e+00
1.148411e+01 1.587401e-01 -5.114482e+00
1.148411e+01 1.714077e-01 -4.551025e+00
1.148411e+01 1.850862e-01 -3.942603e+00
1.148411e+01 1.998563e-01 -3.285629e+00
1.148411e+01 2.158051e-01 -2.923364e+00
1.148411e+01 2.330265e-01 -2.601527e+00
1.148411e+01 2.516223e-01 -2.254008e+00
1.148411e+01 2.717020e-01 -1.878756e+00
1.148411e+01 2.933841e-01 -1.586274e+00
1.148411e+01 3.167964e-01 -1.413707e+00
1.148411e+01 3.420771e-01 -1.227368e+00
1.148411e+01 3.693752e-01 -1.026159e+00
1.148411e+01 3.988518e-01 -8.186435e-01
1.148411e+01 4.306805e-01 -7.313266e-01
1.148411e+01 4.650493e-01 -6.370417e-01
1.148411e+01 5.021607e-01 -5.352328e-01
1.148411e+01 5.422336e-01 -4.252995e-01
1.148411e+01 5.855044e-01 -3.600384e-01
1.148411e+01 6.322283e-01 -3.144751e-01
1.148411e+01 6.826808e-01 -2.652759e-01
1.148411e+01 7.371594e-01 -2.121505e-01
1.148411e+01 7.959855e-01 -1.668365e-01
1.148411e+01 8.595059e-01 -1.462629e-01
1.148411e+01 9.280954e-01 -1.240475e-01
1.148411e+01 1.002158e+00 -1.000592e-01
1.148411e+01 1.082132e+00 -7.415674e-02
1.148411e+01 1.168487e+00 -6.433448e-02
1.148411e+01 1.261733e+00 -5.527400e-02
1.148411e+01 1.362421e+00 -4.549048e-02
1.148411e+01 1.471144e+00 -3.492623e-02
1.148411e+01 1.588542e+00 -2.786590e-02
1.148411e+01 1.715310e+00 -2.404809e-02
1.148411e+01 1.852193e+00 -1.992562e-02
1.148411e+01 2.000000e+00 -1.547417e-02
1.173379e+01 1.000000e-03 -1.228962e+01
1.173379e+01 1.079801e-03 -1.318193e+01
1.173379e+01 1.165970e-03 -1.413102e+01
1.173379e+01 1.259016e-03 -1.513895e+01
1.173379e+01 1.359487e-03 -1.620755e+01
1.173379e+01 1.467975e-03 -1.733845e+01
1.173379e+01 1.585121e-03 -1.853301e+01
1.173379e+01 1.711615e-03 -1.979224e+01
1.173379e+01 1.848204e-03 -2.111682e+01
1.173379e+01 1.995693e-03 -2.250691e+01
1.173379e+01 2.154951e-03 -2.396212e+01
1.173379e+01 2.326918e-03 -2.548147e+01
1.173379e+01 2.512609e-03 -2.706302e+01
1.173379e+01 2.713117e-03 -2.870377e+01
1.173379e+01 2.929627e-03 -3.039976e+01
1.173379e+01 3.163414e-03 -3.214569e+01
1.173379e+01 3.415858e-03 -3.393482e+01
1.173379e+01 3.688447e-03 -3.575910e+01
1.173379e+01 3.982789e-03 -3.760868e+01
1.173379e+01 4.300619e-03 -3.947177e+01
1.173379e+01 4.643813e-03 -4.133506e+01
1.173379e+01 5.014394e-03 -4.318272e+01
1.173379e+01 5.414548e-03 -4.499649e+01
1.173379e+01 5.846635e-03 -4.675640e+01
1.173379e+01 6.313202e-03 -4.843942e+01
1.173379e+01 6.817002e-03 -5.001971e+01
1.173379e+01 7.361006e-03 -5.147009e+01
1.173379e+01 7.948422e-03 -5.276016e+01
1.173379e+01 8.582714e-03 -5.385699e+01
1.173379e+01 9.267624e-03 -5.472783e+01
1.173379e+01 1.000719e-02 -5.533779e+01
1.173379e+01 1.080577e-02 -5.565147e+01
1.173379e+01 1.166809e-02 -5.563716e+01
1.173379e+01 1.259921e-02 -5.526674e+01
1.173379e+01 1.360464e-02 -5.451775e+01
1.173379e+01 1.469030e-02 -5.337699e+01
1.173379e+01 1.586261e-02 -5.184726e+01
1.173379e+01 1.712846e-02 -4.994660e+01
1.173379e+01 1.849533e-02 -4.770488e+01
1.173379e+01 1.997127e-02 -4.518674e+01
1.173379e+01 2.156500e-02 -4.247870e+01
1.173379e+01 2.328591e-02 -3.966428e+01
1.173379e+01 2.514415e-02 -3.685825e+01
1.173379e+01 2.715068e-02 -3.418307e+01
1.173379e+01 2.931733e-02 -3.173071e+01
1.173379e+01 3.165689e-02 -2.956855e+01
1.173379e+01 3.418314e-02 -2.773714e+01
1.173379e+01 3.691099e-02 -2.620817e+01
1.173379e+01 3.985652e-02 -2.488904e+01
1.173379e+01 4.303711e-02 -2.362439e+01
1.173379e+01 4.647152e-02 -2.222562e+01
1.173379e+01 5.017999e-02 -2.053239e+01
1.173379e+01 5.418441e-02 -1.891801e+01
1.173379e+01 5.850838e-02 -1.784277e+01
1.173379e+01 6.317741e-02 -1.668172e+01
1.173379e+01 6.821903e-02 -1.542802e+01
1.173379e+01 7.366298e-02 -1.409605e+01
1.173379e+01 7.954136e-02 -1.288014e+01
1.173379e+01 8.588885e-02 -1.156720e+01
1.173379e+01 9.274286e-02 -1.014949e+01
1.173379e+01 1.001438e-01 -8.618637e+00
1.173379e+01 1.081354e-01 -7.664658e+00
1.173379e+01 1.167647e-01 -6.968060e+00
1.173379e+01 1.260827e-01 -6.215872e+00
1.173379e+01 1.361442e-01 -5.403660e+00
1.173379e+01 1.470087e-01 -4.623601e+00
1.173379e+01 1.587401e-01 -4.194363e+00
1.173379e+01 1.714077e-01 -3.730872e+00
1.173379e+01 1.850862e-01 -3.230394e+00
1.173379e+01 1.998563e-01 -2.689977e+00
1.173379e+01 2.158051e-01 -2.393460e+00
1.173379e+01 2.330265e-01 -2.130612e+00
1.173379e+01 2.516223e-01 -1.846789e+00
1.173379e+01 2.717020e-01 -1.540317e+00
1.173379e+01 2.933841e-01 -1.301313e+00
1.173379e+01 3.167964e-01 -1.160069e+00
1.173379e+01 3.420771e-01 -1.007553e+00
1.173379e+01 3.693752e-01 -8.428661e-01
1.173379e+01 3.988518e-01 -6.730169e-01
1.173379e+01 4.306805e-01 -6.015432e-01
1.173379e+01 4.650493e-01 -5.243659e-01
1.173379e+01 5.021607e-01 -4.410297e-01
1.173379e+01 5.422336e-01 -3.510432e-01
1.173379e+01 5.855044e-01 -2.976799e-01
1.173379e+01 6.322283e-01 -2.604712e-01
1.173379e+01 6.826808e-01 -2.202932e-01
1.173379e+01 7.371594e-01 -1.769089e-01
1.173379e+01 7.959855e-01 -1.398282e-01
1.173379e+01 8.595059e-01 -1.227677e-01
1.173379e+01 9.280954e-01 -1.043458e-01
1.173379e+01 1.002158e+00 -8.445380e-02
1.173379e+01 1.082132e+00 -6.297439e-02
1.173379e+01 1.168487e+00 -5.474259e-02
1.173379e+01 1.261733e+00 -4.712817e-02
1.173379e+01 1.362421e+00 -3.890611e-02
1.173379e+01 1.471144e+00 -3.002793e-02
1.173379e+01 1.588542e+00 -2.406589e-02
1.173379e+01 1.715310e+00 -2.080157e-02
1.173379e+01 1.852193e+00 -1.727677e-02
1.173379e+01 2.000000e+00 -1.347067e-02
1.198847e+01 1.000000e-03 -1.006250e+01
1.198847e+01 1.079801e-03 -1.079330e+01
1.198847e+01 1.165970e-03 -1.157063e+01
1.198847e+01 1.259016e-03 -1.239617e+01
1.198847e+01 1.359487e-03 -1.327143e+01
1.198847e+01 1.467975e-03 -1.419773e+01
1.198847e+01 1.585121e-03 -1.517618e+01
1.198847e+01 1.711615e-03 -1.620760e+01
1.198847e+01 1.848204e-03 -1.729254e+01
1.198847e+01 1.995693e-03 -1.843111e+01
1.198847e+01 2.154951e-03 -1.962300e+01
1.198847e+01 2.326918e-03 -2.086741e+01
1.198847e+01 2.512609e-03 -2.216274e+01
1.198847e+01 2.713117e-03 -2.350655e+01
1.198847e+01 2.929627e-03 -2.489560e+01
1.198847e+01 3.163414e-03 -2.632557e+01
1.198847e+01 3.415858e-03 -2.779090e+01
1.198847e+01 3.688447e-03 -2.928502e+01
1.198847e+01 3.982789e-03 -3.079984e+01
1.198847e+01 4.300619e-03 -3.232573e+01
1.198847e+01 4.643813e-03 -3.385178e+01
1.198847e+01 5.014394e-03 -3.536502e+01
1.198847e+01 5.414548e-03 -3.685051e+01
1.198847e+01 5.846635e-03 -3.829188e+01
1.198847e+01 6.313202e-03 -3.967027e+01
1.198847e+01 6.817002e-03 -4.096453e+01
1.198847e+01 7.361006e-03 -4.215240e+01
1.198847e+01 7.948422e-03 -4.320898e+01
1.198847e+01 8.582714e-03 -4.410728e+01
1.198847e+01 9.267624e-03 -4.482046e+01
1.198847e+01 1.000719e-02 -4.531998e+01
1.198847e+01 1.080577e-02 -4.557686e+01
1.198847e+01 1.166809e-02 -4.556517e+01
1.198847e+01 1.259921e-02 -4.526188e+01
1.198847e+01 1.360464e-02 -4.464855e+01
1.198847e+01 1.469030e-02 -4.371435e+01
1.198847e+01 1.586261e-02 -4.246155e+01
1.198847e+01 1.712846e-02 -4.090496e+01
1.198847e+01 1.849533e-02 -3.906906e+01
1.198847e+01 1.997127e-02 -3.700677e+01
1.198847e+01 2.156500e-02 -3.478896e+01
1.198847e+01 2.328591e-02 -3.248404e+01
1.198847e+01 2.514415e-02 -3.018597e+01
1.198847e+01 2.715068e-02 -2.799507e+01
1.198847e+01 2.931733e-02 -2.598664e+01
1.198847e+01 3.165689e-02 -2.421589e+01
1.198847e+01 3.418314e-02 -2.271602e+01
1.198847e+01 3.691099e-02 -2.146383e+01
1.198847e+01 3.985652e-02 -2.038350e+01
1.198847e+01 4.303711e-02 -1.934778e+01
1.198847e+01 4.647152e-02 -1.820222e+01
1.198847e+01 5.017999e-02 -1.681551e+01
1.198847e+01 5.418441e-02 -1.548715e+01
1.198847e+01 5.850838e-02 -1.458921e+01
1.198847e+01 6.317741e-02 -1.361962e+01
1.198847e+01 6.821903e-02 -1.257265e+01
1.198847e+01 7.366298e-02 -1.146272e+01
1.198847e+01 7.954136e-02 -1.047443e+01
1.198847e+01 8.588885e-02 -9.407262e+00
1.198847e+01 9.274286e-02 -8.254937e+00
1.198847e+01 1.001438e-01 -7.010656e+00
1.198847e+01 1.081354e-01 -6.235894e+00
1.198847e+01 1.167647e-01 -5.670688e+00
1.198847e+01 1.260827e-01 -5.060377e+00
1.198847e+01 1.361442e-01 -4.401364e+00
1.198847e+01 1.470087e-01 -3.768253e+00
1.198847e+01 1.587401e-01 -3.418985e+00
1.198847e+01 1.714077e-01 -3.041844e+00
1.198847e+01 1.850862e-01 -2.634607e+00
1.198847e+01 1.998563e-01 -2.194873e+00
1.198847e+01 2.158051e-01 -1.952840e+00
1.198847e+01 2.330265e-01 -1.737991e+00
1.198847e+01 2.516223e-01 -1.505997e+00
1.198847e+01 2.717020e-01 -1.255489e+00
1.198847e+01 2.933841e-01 -1.060444e+00
1.198847e+01 3.167964e-01 -9.457295e-01
1.198847e+01 3.420771e-01 -8.218605e-01
1.198847e+01 3.693752e-01 -6.881066e-01
1.198847e+01 3.988518e-01 -5.501626e-01
1.198847e+01 4.306805e-01 -4.921545e-01
1.198847e+01 4.650493e-01 -4.295174e-01
1.198847e+01 5.021607e-01 -3.618817e-01
1.198847e+01 5.422336e-01 -2.888486e-01
1.198847e+01 5.855044e-01 -2.454043e-01
1.198847e+01 6.322283e-01 -2.149977e-01
1.198847e+01 6.826808e-01 -1.821647e-01
1.198847e+01 7.371594e-01 -1.467115e-01
1.198847e+01 7.959855e-01 -1.163791e-01
1.198847e+01 8.595059e-01 -1.023331e-01
1.198847e+01 9.280954e-01 -8.716622e-02
1.198847e+01 1.002158e+00 -7.078898e-02
1.198847e+01 1.082132e+00 -5.310482e-02
1.198847e+01 1.168487e+00 -4.627691e-02
1.198847e+01 1.261733e+00 -3.994894e-02
1.198847e+01 1.362421e+00 -3.311599e-02
1.198847e+01 1.471144e+00 -2.573777e-02
1.198847e+01 1.588542e+00 -2.074309e-02
1.198847e+01 1.715310e+00 -1.795223e-02
1.198847e+01 1.852193e+00 -1.493866e-02
1.198847e+01 2.000000e+00 -1.168460e-02
1.224824e+01 1.000000e-03 -8.104591e+00
1.224824e+01 1.079801e-03 -8.693357e+00
1.224824e+01 1.165970e-03 -9.319626e+00
1.224824e+01 1.259016e-03 -9.984760e+00
1.224824e+01 1.359487e-03 -1.068997e+01
1.224824e+01 1.467975e-03 -1.143631e+01
1.224824e+01 1.585121e-03 -1.222468e+01
1.224824e+01 1.711615e-03 -1.305574e+01
1.224824e+01 1.848204e-03 -1.392990e+01
1.224824e+01 1.995693e-03 -1.484726e+01
1.224824e+01 2.154951e-03 -1.580757e+01
1.224824e+01 2.326918e-03 -1.681018e+01
1.224824e+01 2.512609e-03 -1.785380e+01
1.224824e+01 2.713117e-03 -1.893646e+01
1.224824e+01 2.929627e-03 -2.005558e+01
1.224824e+01 3.163414e-03 -2.120766e+01
1.224824e+01 3.415858e-03 -2.238824e+01
1.224824e+01 3.688447e-03 -2.359200e+01
1.224824e+01 3.982789e-03 -2.481243e+01
1.224824e+01 4.300619e-03 -2.604177e+01
1.224824e+01 4.643813e-03 -2.727123e+01
1.224824e+01 5.014394e-03 -2.849039e+01
1.224824e+01 5.414548e-03 -2.968717e+01
1.224824e+01 5.846635e-03 -3.084841e+01
1.224824e+01 6.313202e-03 -3.195891e+01
1.224824e+01 6.817002e-03 -3.300162e+01
1.224824e+01 7.361006e-03 -3.395864e+01
1.224824e+01 7.948422e-03 -3.480988e+01
1.224824e+01 8.582714e-03 -3.553360e+01
1.224824e+01 9.267624e-03 -3.610814e+01
1.224824e+01 1.000719e-02 -3.651053e+01
1.224824e+01 1.080577e-02 -3.671746e+01
1.224824e+01 1.166809e-02 -3.670806e+01
1.224824e+01 1.259921e-02 -3.646379e+01
1.224824e+01 1.360464e-02 -3.596976e+01
1.224824e+01 1.469030e-02 -3.521719e+01
1.224824e+01 1.586261e-02 -3.420792e+01
1.224824e+01 1.712846e-02 -3.295390e+01
1.224824e+01 1.849533e-02 -3.147486e+01
1.224824e+01 1.997127e-02 -2.981344e+01
1.224824e+01 2.156500e-02 -2.802674e+01
1.224824e+01 2.328591e-02 -2.616984e+01
1.224824e+01 2.514415e-02 -2.431847e+01
1.224824e+01 2.715068e-02 -2.255344e+01
1.224824e+01 2.931733e-02 -2.093541e+01
1.224824e+01 3.165689e-02 -1.950885e+01
1.224824e+01 3.418314e-02 -1.830052e+01
1.224824e+01 3.691099e-02 -1.729173e+01
1.224824e+01 3.985652e-02 -1.642139e+01
1.224824e+01 4.303711e-02 -1.558699e+01
1.224824e+01 4.647152e-02 -1.466411e+01
1.224824e+01 5.017999e-02 -1.354694e+01
1.224824e+01 5.418441e-02 -1.247827e+01
1.224824e+01 5.850838e-02 -1.175902e+01
1.224824e+01 6.317741e-02 -1.098238e+01
1.224824e+01 6.821903e-02 -1.014375e+01
1.224824e+01 7.366298e-02 -9.253970e+00
1.224824e+01 7.954136e-02 -8.454152e+00
1.224824e+01 8.588885e-02 -7.590507e+00
1.224824e+01 9.274286e-02 -6.657943e+00
1.224824e+01 1.001438e-01 -5.650959e+00
1.224824e+01 1.081354e-01 -5.026492e+00
1.224824e+01 1.167647e-01 -4.573030e+00
1.224824e+01 1.260827e-01 -4.083380e+00
1.224824e+01 1.361442e-01 -3.554657e+00
1.224824e+01 1.470087e-01 -3.046422e+00
1.224824e+01 1.587401e-01 -2.764642e+00
1.224824e+01 1.714077e-01 -2.460375e+00
1.224824e+01 1.850862e-01 -2.131827e+00
1.224824e+01 1.998563e-01 -1.777062e+00
1.224824e+01 2.158051e-01 -1.581065e+00
1.224824e+01 2.330265e-01 -1.406796e+00
1.224824e+01 2.516223e-01 -1.218620e+00
1.224824e+01 2.717020e-01 -1.015428e+00
1.224824e+01 2.933841e-01 -8.575229e-01
1.224824e+01 3.167964e-01 -7.651827e-01
1.224824e+01 3.420771e-01 -6.654737e-01
1.224824e+01 3.693752e-01 -5.578079e-01
1.224824e+01 3.988518e-01 -4.467640e-01
1.224824e+01 4.306805e-01 -3.999915e-01
1.224824e+01 4.650493e-01 -3.494866e-01
1.224824e+01 5.021607e-01 -2.949514e-01
1.224824e+01 5.422336e-01 -2.360642e-01
1.224824e+01 5.855044e-01 -2.009217e-01
1.224824e+01 6.322283e-01 -1.762299e-01
1.224824e+01 6.826808e-01 -1.495677e-01
1.224824e+01 7.371594e-01 -1.207778e-01
1.224824e+01 7.959855e-01 -9.613198e-02
1.224824e+01 8.595059e-01 -8.467689e-02
1.224824e+01 9.280954e-01 -7.230767e-02
1.224824e+01 1.002158e+00 -5.895137e-02
1.224824e+01 1.082132e+00 -4.452922e-02
1.224824e+01 1.168487e+00 -3.889725e-02
1.224824e+01 1.261733e+00 -3.366251e-02
1.224824e+01 1.362421e+00 -2.801005e-02
1.224824e+01 1.471144e+00 -2.190651e-02
1.224824e+01 1.588542e+00 -1.774574e-02
1.224824e+01 1.715310e+00 -1.538038e-02
1.224824e+01 1.852193e+00 -1.282626e-02
1.224824e+01 2.000000e+00 -1.006831e-02
1.251320e+01 1.000000e-03 -6.529859e+00
1.251320e+01 1.079801e-03 -7.004357e+00
1.251320e+01 1.165970e-03 -7.509097e+00
1.251320e+01 1.259016e-03 -8.045177e+00
1.251320e+01 1.359487e-03 -8.613568e+00
1.251320e+01 1.467975e-03 -9.215129e+00
1.251320e+01 1.585121e-03 -9.850567e+00
1.251320e+01 1.711615e-03 -1.052041e+01
1.251320e+01 1.848204e-03 -1.122499e+01
1.251320e+01 1.995693e-03 -1.196439e+01
1.251320e+01 2.154951e-03 -1.273839e+01
1.251320e+01 2.326918e-03 -1.354646e+01
1.251320e+01 2.512609e-03 -1.438757e+01
1.251320e+01 2.713117e-03 -1.526015e+01
1.251320e+01 2.929627e-03 -1.616210e+01
1.251320e+01 3.163414e-03 -1.709063e+01
1.251320e+01 3.415858e-03 -1.804212e+01
1.251320e+01 3.688447e-03 -1.901229e+01
1.251320e+01 3.982789e-03 -1.999588e+01
1.251320e+01 4.300619e-03 -2.098665e+01
1.251320e+01 4.643813e-03 -2.197752e+01
1.251320e+01 5.014394e-03 -2.296007e+01
1.251320e+01 5.414548e-03 -2.392460e+01
1.251320e+01 5.846635e-03 -2.486048e+01
1.251320e+01 6.313202e-03 -2.575546e+01
1.251320e+01 6.817002e-03 -2.659582e+01
1.251320e+01 7.361006e-03 -2.736711e+01
1.251320e+01 7.948422e-03 -2.805316e+01
1.251320e+01 8.582714e-03 -2.863642e+01
1.251320e+01 9.267624e-03 -2.909944e+01
1.251320e+01 1.000719e-02 -2.942370e+01
1.251320e+01 1.080577e-02 -2.959044e+01
1.251320e+01 1.166809e-02 -2.958289e+01
1.251320e+01 1.259921e-02 -2.938609e+01
1.251320e+01 1.360464e-02 -2.898801e+01
1.251320e+01 1.469030e-02 -2.838155e+01
1.251320e+01 1.586261e-02 -2.756819e+01
1.251320e+01 1.712846e-02 -2.655757e+01
1.251320e+01 1.849533e-02 -2.536561e+01
1.251320e+01 1.997127e-02 -2.402668e+01
1.251320e+01 2.156500e-02 -2.258678e+01
1.251320e+01 2.328591e-02 -2.109031e+01
1.251320e+01 2.514415e-02 -1.959829e+01
1.251320e+01 2.715068e-02 -1.817585e+01
1.251320e+01 2.931733e-02 -1.687188e+01
1.251320e+01 3.165689e-02 -1.572222e+01
1.251320e+01 3.418314e-02 -1.474842e+01
1.251320e+01 3.691099e-02 -1.393543e+01
1.251320e+01 3.985652e-02 -1.323403e+01
1.251320e+01 4.303711e-02 -1.256158e+01
1.251320e+01 4.647152e-02 -1.181783e+01
1.251320e+01 5.017999e-02 -1.091751e+01
1.251320e+01 5.418441e-02 -1.005087e+01
1.251320e+01 5.850838e-02 -9.456224e+00
1.251320e+01 6.317741e-02 -8.814120e+00
1.251320e+01 6.821903e-02 -8.120777e+00
1.251320e+01 7.366298e-02 -7.387355e+00
1.251320e+01 7.954136e-02 -6.751148e+00
1.251320e+01 8.588885e-02 -6.064170e+00
1.251320e+01 9.274286e-02 -5.322370e+00
1.251320e+01 1.001438e-01 -4.521374e+00
1.251320e+01 1.081354e-01 -4.023382e+00
1.251320e+01 1.167647e-01 -3.660709e+00
1.251320e+01 1.260827e-01 -3.269094e+00
1.251320e+01 1.361442e-01 -2.846228e+00
1.251320e+01 1.470087e-01 -2.440017e+00
1.251320e+01 1.587401e-01 -2.216087e+00
1.251320e+01 1.714077e-01 -1.974287e+00
1.251320e+01 1.850862e-01 -1.713191e+00
1.251320e+01 1.998563e-01 -1.431259e+00
1.251320e+01 2.158051e-01 -1.273974e+00
1.251320e+01 2.330265e-01 -1.133528e+00
1.251320e+01 2.516223e-01 -9.818747e-01
1.251320e+01 2.717020e-01 -8.181192e-01
1.251320e+01 2.933841e-01 -6.908444e-01
1.251320e+01 3.167964e-01 -6.163861e-01
1.251320e+01 3.420771e-01 -5.359860e-01
1.251320e+01 3.693752e-01 -4.491698e-01
1.251320e+01 3.988518e-01 -3.596467e-01
1.251320e+01 4.306805e-01 -3.221890e-01
1.251320e+01 4.650493e-01 -2.817421e-01
1.251320e+01 5.021607e-01 -2.380674e-01
1.251320e+01 5.422336e-01 -1.909075e-01
1.251320e+01 5.855044e-01 -1.627749e-01
1.251320e+01 6.322283e-01 -1.430180e-01
1.251320e+01 6.826808e-01 -1.216844e-01
1.251320e+01 7.371594e-01 -9.864839e-02
1.251320e+01 7.959855e-01 -7.889527e-02
1.251320e+01 8.595059e-01 -6.961635e-02
1.251320e+01 9.280954e-01 -5.959696e-02
1.251320e+01 1.002158e+00 -4.877802e-02
1.251320e+01 1.082132e+00 -3.709571e-02
1.251320e+01 1.168487e+00 -3.248248e-02
1.251320e+01 1.261733e+00 -2.818258e-02
1.251320e+01 1.362421e+00 -2.353954e-02
1.251320e+01 1.471144e+00 -1.852598e-02
1.251320e+01 1.588542e+00 -1.508167e-02
1.251320e+01 1.715310e+00 -1.308671e-02
1.251320e+01 1.852193e+00 -1.093256e-02
1.251320e+01 2.000000e+00 -8.606501e-03
1.278347e+01 1.000000e-03 -5.167814e+00
1.278347e+01 1.079801e-03 -5.543442e+00
1.278347e+01 1.165970e-03 -5.943025e+00
1.278347e+01 1.259016e-03 -6.367431e+00
1.278347e+01 1.359487e-03 -6.817431e+00
1.278347e+01 1.467975e-03 -7.293700e+00
1.278347e+01 1.585121e-03 -7.796797e+00
1.278347e+01 1.711615e-03 -8.327137e+00
1.278347e+01 1.848204e-03 -8.884975e+00
1.278347e+01 1.995693e-03 -9.470369e+00
1.278347e+01 2.154951e-03 -1.008315e+01
1.278347e+01 2.326918e-03 -1.072289e+01
1.278347e+01 2.512609e-03 -1.138878e+01
1.278347e+01 2.713117e-03 -1.207957e+01
1.278347e+01 2.929627e-03 -1.279362e+01
1.278347e+01 3.163414e-03 -1.352871e+01
1.278347e+01 3.415858e-03 -1.428197e+01
1.278347e+01 3.688447e-03 -1.505002e+01
1.278347e+01 3.982789e-03 -1.582868e+01
1.278347e+01 4.300619e-03 -1.661303e+01
1.278347e+01 4.643813e-03 -1.739745e+01
1.278347e+01 5.014394e-03 -1.817530e+01
1.278347e+01 5.414548e-03 -1.893887e+01
1.278347e+01 5.846635e-03 -1.967975e+01
1.278347e+01 6.313202e-03 -2.038826e+01
1.278347e+01 6.817002e-03 -2.105352e+01
1.278347e+01 7.361006e-03 -2.166412e+01
1.278347e+01 7.948422e-03 -2.220723e+01
1.278347e+01 8.582714e-03 -2.266897e+01
1.278347e+01 9.267624e-03 -2.303550e+01
1.278347e+01 1.000719e-02 -2.329217e+01
1.278347e+01 1.080577e-02 -2.342416e+01
1.278347e+01 1.166809e-02 -2.341820e+01
1.278347e+01 1.259921e-02 -2.326245e+01
1.278347e+01 1.360464e-02 -2.294736e+01
1.278347e+01 1.469030e-02 -2.246731e+01
1.278347e+01 1.586261e-02 -2.182345e+01
1.278347e+01 1.712846e-02 -2.102343e+01
1.278347e+01 1.849533e-02 -2.007985e+01
1.278347e+01 1.997127e-02 -1.901994e+01
1.278347e+01 2.156500e-02 -1.788009e+01
1.278347e+01 2.328591e-02 -1.669546e+01
1.278347e+01 2.514415e-02 -1.551436e+01
1.278347e+01 2.715068e-02 -1.438833e+01
1.278347e+01 2.931733e-02 -1.335608e+01
1.278347e+01 3.165689e-02 -1.244599e+01
1.278347e+01 3.418314e-02 -1.167511e+01
1.278347e+01 3.691099e-02 -1.103154e+01
1.278347e+01 3.985652e-02 -1.047629e+01
1.278347e+01 4.303711e-02 -9.943975e+00
1.278347e+01 4.647152e-02 -9.355205e+00
1.278347e+01 5.017999e-02 -8.642494e+00
1.278347e+01 5.418441e-02 -7.958879e+00
1.278347e+01 5.850838e-02 -7.494902e+00
1.278347e+01 6.317741e-02 -6.993899e+00
1.278347e+01 6.821903e-02 -6.452915e+00
1.278347e+01 7.366298e-02 -5.879988e+00
1.278347e+01 7.954136e-02 -5.375992e+00
1.278347e+01 8.588885e-02 -4.831778e+00
1.278347e+01 9.274286e-02 -4.244134e+00
1.278347e+01 1.001438e-01 -3.609596e+00
1.278347e+01 1.081354e-01 -3.212951e+00
1.278347e+01 1.167647e-01 -2.922310e+00
1.278347e+01 1.260827e-01 -2.608477e+00
1.278347e+01 1.361442e-01 -2.269599e+00
1.278347e+01 1.470087e-01 -1.944573e+00
1.278347e+01 1.587401e-01 -1.767815e+00
1.278347e+01 1.714077e-01 -1.576952e+00
1.278347e+01 1.850862e-01 -1.370857e+00
1.278347e+01 1.998563e-01 -1.148315e+00
1.278347e+01 2.158051e-01 -1.022337e+00
1.278347e+01 2.330265e-01 -9.091405e-01
1.278347e+01 2.516223e-01 -7.869108e-01
1.278347e+01 2.717020e-01 -6.549271e-01
1.278347e+01 2.933841e-01 -5.526439e-01
1.278347e+01 3.167964e-01 -4.933320e-01
1.278347e+01 3.420771e-01 -4.292870e-01
1.278347e+01 3.693752e-01 -3.601310e-01
1.278347e+01 3.988518e-01 -2.888149e-01
1.278347e+01 4.306805e-01 -2.589164e-01
1.278347e+01 4.650493e-01 -2.266319e-01
1.278347e+01 5.021607e-01 -1.917711e-01
1.278347e+01 5.422336e-01 -1.541284e-01
1.278347e+01 5.855044e-01 -1.316423e-01
1.278347e+01 6.322283e-01 -1.158247e-01
1.278347e+01 6.826808e-01 -9.874479e-02
1.278347e+01 7.371594e-01 -8.030193e-02
1.278347e+01 7.959855e-01 -6.447203e-02
1.278347e+01 8.595059e-01 -5.699052e-02
1.278347e+01 9.280954e-01 -4.891198e-02
1.278347e+01 1.002158e+00 -4.018876e-02
1.278347e+01 1.082132e+00 -3.076943e-02
1.278347e+01 1.168487e+00 -2.699809e-02
1.278347e+01 1.261733e+00 -2.347087e-02
1.278347e+01 1.362421e+00 -1.966216e-02
1.278347e+01 1.471144e+00 -1.554952e-02
1.278347e+01 1.588542e+00 -1.270640e-02
1.278347e+01 1.715310e+00 -1.103526e-02
1.278347e+01 1.852193e+00 -9.230764e-03
1.278347e+01 2.000000e+00 -7.282266e-03
1.305914e+01 1.000000e-03 -4.172888e+00
1.305914e+01 1.079801e-03 -4.476284e+00
1.305914e+01 1.165970e-03 -4.799039e+00
1.305914e+01 1.259016e-03 -5.141857e+00
1.305914e+01 1.359487e-03 -5.505359e+00
1.305914e+01 1.467975e-03 -5.890089e+00
1.305914e+01 1.585121e-03 -6.296497e+00
1.305914e+01 1.711615e-03 -6.724912e+00
1.305914e+01 1.848204e-03 -7.175539e+00
1.305914e+01 1.995693e-03 -7.648419e+00
1.305914e+01 2.154951e-03 -8.143411e+00
1.305914e+01 2.326918e-03 -8.660172e+00
1.305914e+01 2.512609e-03 -9.198049e+00
1.305914e+01 2.713117e-03 -9.756034e+00
1.305914e+01 2.929627e-03 -1.033281e+01
1.305914e+01 3.163414e-03 -1.092657e+01
1.305914e+01 3.415858e-03 -1.153502e+01
1.305914e+01 3.688447e-03 -1.215540e+01
1.305914e+01 3.982789e-03 -1.278435e+01
1.305914e+01 4.300619e-03 -1.341789e+01
1.305914e+01 4.643813e-03 -1.405149e+01
1.305914e+01 5.014394e-03 -1.467978e+01
1.305914e+01 5.414548e-03 -1.529654e+01
1.305914e+01 5.846635e-03 -1.589497e+01
1.305914e+01 6.313202e-03 -1.646724e+01
1.305914e+01 6.817002e-03 -1.700459e+01
1.305914e+01 7.361006e-03 -1.749779e+01
1.305914e+01 7.948422e-03 -1.793647e+01
1.305914e+01 8.582714e-03 -1.830943e+01
1.305914e+01 9.267624e-03 -1.860547e+01
1.305914e+01 1.000719e-02 -1.881278e+01
1.305914e+01 1.080577e-02 -1.891939e+01
1.305914e+01 1.166809e-02 -1.891459e+01
1.305914e+01 1.259921e-02 -1.878881e+01
1.305914e+01 1.360464e-02 -1.853435e+01
1.305914e+01 1.469030e-02 -1.814663e+01
1.305914e+01 1.586261e-02 -1.762660e+01
1.305914e+01 1.712846e-02 -1.698043e+01
1.305914e+01 1.849533e-02 -1.621832e+01
1.305914e+01 1.997127e-02 -1.536224e+01
1.305914e+01 2.156500e-02 -1.444160e+01
1.305914e+01 2.328591e-02 -1.348479e+01
1.305914e+01 2.514415e-02 -1.253082e+01
1.305914e+01 2.715068e-02 -1.162133e+01
1.305914e+01 2.931733e-02 -1.078760e+01
1.305914e+01 3.165689e-02 -1.005252e+01
1.305914e+01 3.418314e-02 -9.429896e+00
1.305914e+01 3.691099e-02 -8.910086e+00
1.305914e+01 3.985652e-02 -8.461617e+00
1.305914e+01 4.303711e-02 -8.031668e+00
1.305914e+01 4.647152e-02 -7.556124e+00
1.305914e+01 5.017999e-02 -6.980472e+00
1.305914e+01 5.418441e-02 -6.423389e+00
1.305914e+01 5.850838e-02 -6.034900e+00
1.305914e+01 6.317741e-02 -5.615410e+00
1.305914e+01 6.821903e-02 -5.162443e+00
1.305914e+01 7.366298e-02 -4.684047e+00
1.305914e+01 7.954136e-02 -4.276904e+00
1.305914e+01 8.588885e-02 -3.837271e+00
1.305914e+01 9.274286e-02 -3.362554e+00
1.305914e+01 1.001438e-01 -2.849955e+00
1.305914e+01 1.081354e-01 -2.534694e+00
1.305914e+01 1.167647e-01 -2.307942e+00
1.305914e+01 1.260827e-01 -2.063094e+00
1.305914e+01 1.361442e-01 -1.798708e+00
1.305914e+01 1.470087e-01 -1.544577e+00
1.305914e+01 1.587401e-01 -1.403731e+00
1.305914e+01 1.714077e-01 -1.251644e+00
1.305914e+01 1.850862e-01 -1.087421e+00
1.305914e+01 1.998563e-01 -9.100921e-01
1.305914e+01 2.158051e-01 -8.100443e-01
1.305914e+01 2.330265e-01 -7.202755e-01
1.305914e+01 2.516223e-01 -6.233431e-01
1.305914e+01 2.717020e-01 -5.186753e-01
1.305914e+01 2.933841e-01 -4.377062e-01
1.305914e+01 3.167964e-01 -3.910104e-01
1.305914e+01 3.420771e-01 -3.405884e-01
1.305914e+01 3.693752e-01 -2.861425e-01
1.305914e+01 3.988518e-01 -2.299857e-01
1.305914e+01 4.306805e-01 -2.062919e-01
1.305914e+01 4.650493e-01 -1.807072e-01
1.305914e+01 5.021607e-01 -1.530808e-01
1.305914e+01 5.422336e-01 -1.232498e-01
1.305914e+01 5.855044e-01 -1.053990e-01
1.305914e+01 6.322283e-01 -9.281599e-02
1.305914e+01 6.826808e-01 -7.922879e-02
1.305914e+01 7.371594e-01 -6.455731e-02
1.305914e+01 7.959855e-01 -5.196533e-02
1.305914e+01 8.595059e-01 -4.601664e-02
1.305914e+01 9.280954e-01 -3.959324e-02
1.305914e+01 1.002158e+00 -3.265724e-02
1.305914e+01 1.082132e+00 -2.516775e-02
1.305914e+01 1.168487e+00 -2.213141e-02
1.305914e+01 1.261733e+00 -1.928294e-02
1.305914e+01 1.362421e+00 -1.620717e-02
1.305914e+01 1.471144e+00 -1.288594e-02
1.305914e+01 1.588542e+00 -1.057533e-02
1.305914e+01 1.715310e+00 -9.197210e-03
1.305914e+01 1.852193e+00 -7.709116e-03
1.305914e+01 2.000000e+00 -6.102270e-03
1.334032e+01 1.000000e-03 -3.253957e+00
1.334032e+01 1.079801e-03 -3.490607e+00
1.334032e+01 1.165970e-03 -3.742368e+00
1.334032e+01 1.259016e-03 -4.009788e+00
1.334032e+01 1.359487e-03 -4.293350e+00
1.334032e+01 1.467975e-03 -4.593480e+00
1.334032e+01 1.585121e-03 -4.910525e+00
1.334032e+01 1.711615e-03 -5.244741e+00
1.334032e+01 1.848204e-03 -5.596282e+00
1.334032e+01 1.995693e-03 -5.965179e+00
1.334032e+01 2.154951e-03 -6.351319e+00
1.334032e+01 2.326918e-03 -6.754433e+00
1.334032e+01 2.512609e-03 -7.174010e+00
1.334032e+01 2.713117e-03 -7.609269e+00
1.334032e+01 2.929627e-03 -8.059182e+00
1.334032e+01 3.163414e-03 -8.522349e+00
1.334032e+01 3.415858e-03 -8.996969e+00
1.334032e+01 3.688447e-03 -9.480896e+00
1.334032e+01 3.982789e-03 -9.971508e+00
1.334032e+01 4.300619e-03 -1.046569e+01
1.334032e+01 4.643813e-03 -1.095993e+01
1.334032e+01 5.014394e-03 -1.145001e+01
1.334032e+01 5.414548e-03 -1.193110e+01
1.334032e+01 5.846635e-03 -1.239790e+01
1.334032e+01 6.313202e-03 -1.284429e+01
1.334032e+01 6.817002e-03 -1.326344e+01
1.334032e+01 7.361006e-03 -1.364815e+01
1.334032e+01 7.948422e-03 -1.399034e+01
1.334032e+01 8.582714e-03 -1.428125e+01
1.334032e+01 9.267624e-03 -1.451218e+01
1.334032e+01 1.000719e-02 -1.467388e+01
1.334032e+01 1.080577e-02 -1.475704e+01
1.334032e+01 1.166809e-02 -1.475331e+01
1.334032e+01 1.259921e-02 -1.465522e+01
1.334032e+01 1.360464e-02 -1.445675e+01
1.334032e+01 1.469030e-02 -1.415434e+01
1.334032e+01 1.586261e-02 -1.374872e+01
1.334032e+01 1.712846e-02 -1.324471e+01
1.334032e+01 1.849533e-02 -1.265027e+01
1.334032e+01 1.997127e-02 -1.198253e+01
1.334032e+01 2.156500e-02 -1.126443e+01
1.334032e+01 2.328591e-02 -1.051812e+01
1.334032e+01 2.514415e-02 -9.774031e+00
1.334032e+01 2.715068e-02 -9.064635e+00
1.334032e+01 2.931733e-02 -8.414322e+00
1.334032e+01 3.165689e-02 -7.840966e+00
1.334032e+01 3.418314e-02 -7.355315e+00
1.334032e+01 3.691099e-02 -6.949864e+00
1.334032e+01 3.985652e-02 -6.600058e+00
1.334032e+01 4.303711e-02 -6.264698e+00
1.334032e+01 4.647152e-02 -5.893774e+00
1.334032e+01 5.017999e-02 -5.444766e+00
1.334032e+01 5.418441e-02 -5.011059e+00
1.334032e+01 5.850838e-02 -4.710312e+00
1.334032e+01 6.317741e-02 -4.385566e+00
1.334032e+01 6.821903e-02 -4.034905e+00
1.334032e+01 7.366298e-02 -3.664225e+00
1.334032e+01 7.954136e-02 -3.345288e+00
1.334032e+01 8.588885e-02 -3.000899e+00
1.334032e+01 9.274286e-02 -2.629027e+00
1.334032e+01 1.001438e-01 -2.227480e+00
1.334032e+01 1.081354e-01 -1.981809e+00
1.334032e+01 1.167647e-01 -1.806190e+00
1.334032e+01 1.260827e-01 -1.616557e+00
1.334032e+01 1.361442e-01 -1.411791e+00
1.334032e+01 1.470087e-01 -1.214786e+00
1.334032e+01 1.587401e-01 -1.104734e+00
1.334032e+01 1.714077e-01 -9.858984e-01
1.334032e+01 1.850862e-01 -8.575802e-01
1.334032e+01 1.998563e-01 -7.190220e-01
1.334032e+01 2.158051e-01 -6.400115e-01
1.334032e+01 2.330265e-01 -5.687988e-01
1.334032e+01 2.516223e-01 -4.919032e-01
1.334032e+01 2.717020e-01 -4.088713e-01
1.334032e+01 2.933841e-01 -3.448329e-01
1.334032e+01 3.167964e-01 -3.082450e-01
1.334032e+01 3.420771e-01 -2.687373e-01
1.334032e+01 3.693752e-01 -2.260768e-01
1.334032e+01 3.988518e-01 -1.820656e-01
1.334032e+01 4.306805e-01 -1.633470e-01
1.334032e+01 4.650493e-01 -1.431347e-01
1.334032e+01 5.021607e-01 -1.213094e-01
1.334032e+01 5.422336e-01 -9.774237e-02
1.334032e+01 5.855044e-01 -8.366444e-02
1.334032e+01 6.322283e-01 -7.376144e-02
1.334032e+01 6.826808e-01 -6.306818e-02
1.334032e+01 7.371594e-01 -5.152159e-02
1.334032e+01 7.959855e-01 -4.161324e-02
1.334032e+01 8.595059e-01 -3.693727e-02
1.334032e+01 9.280954e-01 -3.188816e-02
1.334032e+01 1.002158e+00 -2.643613e-02
1.334032e+01 1.082132e+00 -2.054902e-02
1.334032e+01 1.168487e+00 -1.810756e-02
1.334032e+01 1.261733e+00 -1.580475e-02
1.334032e+01 1.362421e+00 -1.331817e-02
1.334032e+01 1.471144e+00 -1.063316e-02
1.334032e+01 1.588542e+00 -8.755842e-03
1.334032e+01 1.715310e+00 -7.623481e-03
1.334032e+01 1.852193e+00 -6.400756e-03
1.334032e+01 2.000000e+00 -5.080457e-03
1.362713e+01 1.000000e-03 -2.506459e+00
1.362713e+01 1.079801e-03 -2.688798e+00
1.362713e+01 1.165970e-03 -2.882788e+00
1.362713e+01 1.259016e-03 -3.088850e+00
1.362713e+01 1.359487e-03 -3.307358e+00
1.362713e+01 1.467975e-03 -3.538639e+00
1.362713e+01 1.585121e-03 -3.782958e+00
1.362713e+01 1.711615e-03 -4.040512e+00
1.362713e+01 1.848204e-03 -4.311416e+00
1.362713e+01 1.995693e-03 -4.595691e+00
1.362713e+01 2.154951e-03 -4.893248e+00
1.362713e+01 2.326918e-03 -5.203879e+00
1.362713e+01 2.512609e-03 -5.527190e+00
1.362713e+01 2.713117e-03 -5.862581e+00
1.362713e+01 2.929627e-03 -6.209263e+00
1.362713e+01 3.163414e-03 -6.566158e+00
1.362713e+01 3.415858e-03 -6.931877e+00
1.362713e+01 3.688447e-03 -7.304765e+00
1.362713e+01 3.982789e-03 -7.682803e+00
1.362713e+01 4.300619e-03 -8.063593e+00
1.362713e+01 4.643813e-03 -8.444417e+00
1.362713e+01 5.014394e-03 -8.822045e+00
1.362713e+01 5.414548e-03 -9.192741e+00
1.362713e+01 5.846635e-03 -9.552422e+00
1.362713e+01 6.313202e-03 -9.896381e+00
1.362713e+01 6.817002e-03 -1.021935e+01
1.362713e+01 7.361006e-03 -1.051577e+01
1.362713e+01 7.948422e-03 -1.077944e+01
1.362713e+01 8.582714e-03 -1.100360e+01
1.362713e+01 9.267624e-03 -1.118154e+01
1.362713e+01 1.000719e-02 -1.130614e+01
1.362713e+01 1.080577e-02 -1.137022e+01
1.362713e+01 1.166809e-02 -1.136735e+01
1.362713e+01 1.259921e-02 -1.129178e+01
1.362713e+01 1.360464e-02 -1.113887e+01
1.362713e+01 1.469030e-02 -1.090587e+01
1.362713e+01 1.586261e-02 -1.059335e+01
1.362713e+01 1.712846e-02 -1.020501e+01
1.362713e+01 1.849533e-02 -9.746999e+00
1.362713e+01 1.997127e-02 -9.232510e+00
1.362713e+01 2.156500e-02 -8.679220e+00
1.362713e+01 2.328591e-02 -8.104192e+00
1.362713e+01 2.514415e-02 -7.530871e+00
1.362713e+01 2.715068e-02 -6.984284e+00
1.362713e+01 2.931733e-02 -6.483220e+00
1.362713e+01 3.165689e-02 -6.041450e+00
1.362713e+01 3.418314e-02 -5.667257e+00
1.362713e+01 3.691099e-02 -5.354858e+00
1.362713e+01 3.985652e-02 -5.085333e+00
1.362713e+01 4.303711e-02 -4.826939e+00
1.362713e+01 4.647152e-02 -4.541142e+00
1.362713e+01 5.017999e-02 -4.195183e+00
1.362713e+01 5.418441e-02 -3.865044e+00
1.362713e+01 5.850838e-02 -3.644547e+00
1.362713e+01 6.317741e-02 -3.406454e+00
1.362713e+01 6.821903e-02 -3.149361e+00
1.362713e+01 7.366298e-02 -2.876025e+00
1.362713e+01 7.954136e-02 -2.624509e+00
1.362713e+01 8.588885e-02 -2.352923e+00
1.362713e+01 9.274286e-02 -2.059664e+00
1.362713e+01 1.001438e-01 -1.743002e+00
1.362713e+01 1.081354e-01 -1.550286e+00
1.362713e+01 1.167647e-01 -1.413383e+00
1.362713e+01 1.260827e-01 -1.265554e+00
1.362713e+01 1.361442e-01 -1.105929e+00
1.362713e+01 1.470087e-01 -9.521418e-01
1.362713e+01 1.587401e-01 -8.652166e-01
1.362713e+01 1.714077e-01 -7.713547e-01
1.362713e+01 1.850862e-01 -6.700025e-01
1.362713e+01 1.998563e-01 -5.605623e-01
1.362713e+01 2.158051e-01 -4.989932e-01
1.362713e+01 2.330265e-01 -4.438172e-01
1.362713e+01 2.516223e-01 -3.842382e-01
1.362713e+01 2.717020e-01 -3.199046e-01
1.362713e+01 2.933841e-01 -2.701772e-01
1.362713e+01 3.167964e-01 -2.415697e-01
1.362713e+01 3.420771e-01 -2.106793e-01
1.362713e+01 3.693752e-01 -1.773238e-01
1.362713e+01 3.988518e-01 -1.429132e-01
1.362713e+01 4.306805e-01 -1.282940e-01
1.362713e+01 4.650493e-01 -1.125081e-01
1.362713e+01 5.021607e-01 -9.546242e-02
1.362713e+01 5.422336e-01 -7.705653e-02
1.362713e+01 5.855044e-01 -6.604097e-02
1.362713e+01 6.322283e-01 -5.827479e-02
1.362713e+01 6.826808e-01 -4.988887e-02
1.362713e+01 7.371594e-01 -4.083374e-02
1.362713e+01 7.959855e-01 -3.306419e-02
1.362713e+01 8.595059e-01 -2.940001e-02
1.362713e+01 9.280954e-01 -2.544342e-02
1.362713e+01 1.002158e+00 -2.117109e-02
1.362713e+01 1.082132e+00 -1.655783e-02
1.362713e+01 1.168487e+00 -1.461879e-02
1.362713e+01 1.261733e+00 -1.278414e-02
1.362713e+01 1.362421e+00 -1.080307e-02
1.362713e+01 1.471144e+00 -8.663920e-03
1.362713e+01 1.588542e+00 -7.159585e-03
1.362713e+01 1.715310e+00 -6.240475e-03
1.362713e+01 1.852193e+00 -5.248019e-03
1.362713e+01 2.000000e+00 -4.176363e-03
1.391967e+01 1.000000e-03 -1.911712e+00
1.391967e+01 1.079801e-03 -2.050825e+00
1.391967e+01 1.165970e-03 -2.198832e+00
1.391967e+01 1.259016e-03 -2.356056e+00
1.391967e+01 1.359487e-03 -2.522782e+00
1.391967e+01 1.467975e-03 -2.699258e+00
1.391967e+01 1.585121e-03 -2.885687e+00
1.391967e+01 1.711615e-03 -3.082215e+00
1.391967e+01 1.848204e-03 -3.288931e+00
1.391967e+01 1.995693e-03 -3.505846e+00
1.391967e+01 2.154951e-03 -3.732893e+00
1.391967e+01 2.326918e-03 -3.969911e+00
1.391967e+01 2.512609e-03 -4.216599e+00
1.391967e+01 2.713117e-03 -4.472501e+00
1.391967e+01 2.929627e-03 -4.737016e+00
1.391967e+01 3.163414e-03 -5.009324e+00
1.391967e+01 3.415858e-03 -5.288365e+00
1.391967e+01 3.688447e-03 -5.572873e+00
1.391967e+01 3.982789e-03 -5.861309e+00
1.391967e+01 4.300619e-03 -6.151844e+00
1.391967e+01 4.643813e-03 -6.442403e+00
1.391967e+01 5.014394e-03 -6.730524e+00
1.391967e+01 5.414548e-03 -7.013355e+00
1.391967e+01 5.846635e-03 -7.287780e+00
1.391967e+01 6.313202e-03 -7.550210e+00
1.391967e+01 6.817002e-03 -7.796622e+00
1.391967e+01 7.361006e-03 -8.022786e+00
1.391967e+01 7.948422e-03 -8.223956e+00
1.391967e+01 8.582714e-03 -8.394983e+00
1.391967e+01 9.267624e-03 -8.530746e+00
1.391967e+01 1.000719e-02 -8.625818e+00
1.391967e+01 1.080577e-02 -8.674717e+00
1.391967e+01 1.166809e-02 -8.672533e+00
1.391967e+01 1.259921e-02 -8.614882e+00
1.391967e+01 1.360464e-02 -8.498222e+00
1.391967e+01 1.469030e-02 -8.320462e+00
1.391967e+01 1.586261e-02 -8.082032e+00
1.391967e+01 1.712846e-02 -7.785763e+00
1.391967e+01 1.849533e-02 -7.436330e+00
1.391967e+01 1.997127e-02 -7.043810e+00
1.391967e+01 2.156500e-02 -6.621687e+00
1.391967e+01 2.328591e-02 -6.182979e+00
1.391967e+01 2.514415e-02 -5.745573e+00
1.391967e+01 2.715068e-02 -5.328562e+00
1.391967e+01 2.931733e-02 -4.946283e+00
1.391967e+01 3.165689e-02 -4.609241e+00
1.391967e+01 3.418314e-02 -4.323756e+00
1.391967e+01 3.691099e-02 -4.085415e+00
1.391967e+01 3.985652e-02 -3.879785e+00
1.391967e+01 4.303711e-02 -3.682646e+00
1.391967e+01 4.647152e-02 -3.464602e+00
1.391967e+01 5.017999e-02 -3.200657e+00
1.391967e+01 5.418441e-02 -2.952535e+00
1.391967e+01 5.850838e-02 -2.794759e+00
1.391967e+01 6.317741e-02 -2.624393e+00
1.391967e+01 6.821903e-02 -2.440431e+00
1.391967e+01 7.366298e-02 -2.243230e+00
1.391967e+01 7.954136e-02 -2.045006e+00
1.391967e+01 8.588885e-02 -1.830964e+00
1.391967e+01 9.274286e-02 -1.599840e+00
1.391967e+01 1.001438e-01 -1.350274e+00
1.391967e+01 1.081354e-01 -1.199680e+00
1.391967e+01 1.167647e-01 -1.093792e+00
1.391967e+01 1.260827e-01 -9.794531e-01
1.391967e+01 1.361442e-01 -8.559902e-01
1.391967e+01 1.470087e-01 -7.371073e-01
1.391967e+01 1.587401e-01 -6.702172e-01
1.391967e+01 1.714077e-01 -5.979892e-01
1.391967e+01 1.850862e-01 -5.199973e-01
1.391967e+01 1.998563e-01 -4.357816e-01
1.391967e+01 2.158051e-01 -3.879181e-01
1.391967e+01 2.330265e-01 -3.448387e-01
1.391967e+01 2.516223e-01 -2.983214e-01
1.391967e+01 2.717020e-01 -2.480920e-01
1.391967e+01 2.933841e-01 -2.094127e-01
1.391967e+01 3.167964e-01 -1.874203e-01
1.391967e+01 3.420771e-01 -1.636729e-01
1.391967e+01 3.693752e-01 -1.380305e-01
1.391967e+01 3.988518e-01 -1.115655e-01
1.391967e+01 4.306805e-01 -1.001546e-01
1.391967e+01 4.650493e-01 -8.783306e-02
1.391967e+01 5.021607e-01 -7.452825e-02
1.391967e+01 5.422336e-01 -6.016171e-02
1.391967e+01 5.855044e-01 -5.159834e-02
1.391967e+01 6.322283e-01 -4.559020e-02
1.391967e+01 6.826808e-01 -3.910260e-02
1.391967e+01 7.371594e-01 -3.209729e-02
1.391967e+01 7.959855e-01 -2.607840e-02
1.391967e+01 8.595059e-01 -2.321575e-02
1.391967e+01 9.280954e-01 -2.012466e-02
1.391967e+01 1.002158e+00 -1.678690e-02
1.391967e+01 1.082132e+00 -1.318278e-02
1.391967e+01 1.168487e+00 -1.165952e-02
1.391967e+01 1.261733e+00 -1.021642e-02
1.391967e+01 1.362421e+00 -8.658156e-03
1.391967e+01 1.471144e+00 -6.975543e-03
1.391967e+01 1.588542e+00 -5.784289e-03
1.391967e+01 1.715310e+00 -5.045737e-03
1.391967e+01 1.852193e+00 -4.248248e-03
1.391967e+01 2.000000e+00 -3.387119e-03
1.421806e+01 1.000000e-03 -1.475756e+00
1.421806e+01 1.079801e-03 -1.583176e+00
1.421806e+01 1.165970e-03 -1.697468e+00
1.421806e+01 1.259016e-03 -1.818884e+00
1.421806e+01 1.359487e-03 -1.947640e+00
1.421806e+01 1.467975e-03 -2.083931e+00
1.421806e+01 1.585121e-03 -2.227911e+00
1.421806e+01 1.711615e-03 -2.379692e+00
1.421806e+01 1.848204e-03 -2.539341e+00
1.421806e+01 1.995693e-03 -2.706866e+00
1.421806e+01 2.154951e-03 -2.882213e+00
1.421806e+01 2.326918e-03 -3.065256e+00
1.421806e+01 2.512609e-03 -3.255763e+00
1.421806e+01 2.713117e-03 -3.453382e+00
1.421806e+01 2.929627e-03 -3.657653e+00
1.421806e+01 3.163414e-03 -3.867941e+00
1.421806e+01 3.415858e-03 -4.083428e+00
1.421806e+01 3.688447e-03 -4.303137e+00
1.421806e+01 3.982789e-03 -4.525877e+00
1.421806e+01 4.300619e-03 -4.750237e+00
1.421806e+01 4.643813e-03 -4.974615e+00
1.421806e+01 5.014394e-03 -5.197109e+00
1.421806e+01 5.414548e-03 -5.415517e+00
1.421806e+01 5.846635e-03 -5.627435e+00
1.421806e+01 6.313202e-03 -5.830089e+00
1.421806e+01 6.817002e-03 -6.020372e+00
1.421806e+01 7.361006e-03 -6.195020e+00
1.421806e+01 7.948422e-03 -6.350367e+00
1.421806e+01 8.582714e-03 -6.482439e+00
1.421806e+01 9.267624e-03 -6.587280e+00
1.421806e+01 1.000719e-02 -6.660701e+00
1.421806e+01 1.080577e-02 -6.698466e+00
1.421806e+01 1.166809e-02 -6.696785e+00
1.421806e+01 1.259921e-02 -6.652270e+00
1.421806e+01 1.360464e-02 -6.562190e+00
1.421806e+01 1.469030e-02 -6.424928e+00
1.421806e+01 1.586261e-02 -6.240819e+00
1.421806e+01 1.712846e-02 -6.012048e+00
1.421806e+01 1.849533e-02 -5.742223e+00
1.421806e+01 1.997127e-02 -5.439127e+00
1.421806e+01 2.156500e-02 -5.113171e+00
1.421806e+01 2.328591e-02 -4.774408e+00
1.421806e+01 2.514415e-02 -4.436650e+00
1.421806e+01 2.715068e-02 -4.114641e+00
1.421806e+01 2.931733e-02 -3.819450e+00
1.421806e+01 3.165689e-02 -3.559191e+00
1.421806e+01 3.418314e-02 -3.338744e+00
1.421806e+01 3.691099e-02 -3.154701e+00
1.421806e+01 3.985652e-02 -2.995916e+00
1.421806e+01 4.303711e-02 -2.843688e+00
1.421806e+01 4.647152e-02 -2.675317e+00
1.421806e+01 5.017999e-02 -2.471503e+00
1.421806e+01 5.418441e-02 -2.277139e+00
1.421806e+01 5.850838e-02 -2.147600e+00
1.421806e+01 6.317741e-02 -2.007724e+00
1.421806e+01 6.821903e-02 -1.856686e+00
1.421806e+01 7.366298e-02 -1.696029e+00
1.421806e+01 7.954136e-02 -1.547411e+00
1.421806e+01 8.588885e-02 -1.386932e+00
1.421806e+01 9.274286e-02 -1.213647e+00
1.421806e+01 1.001438e-01 -1.026533e+00
1.421806e+01 1.081354e-01 -9.134419e-01
1.421806e+01 1.167647e-01 -8.337662e-01
1.421806e+01 1.260827e-01 -7.477323e-01
1.421806e+01 1.361442e-01 -6.548328e-01
1.421806e+01 1.470087e-01 -5.652034e-01
1.421806e+01 1.587401e-01 -5.139310e-01
1.421806e+01 1.714077e-01 -4.585670e-01
1.421806e+01 1.850862e-01 -3.987849e-01
1.421806e+01 1.998563e-01 -3.342321e-01
1.421806e+01 2.158051e-01 -2.974948e-01
1.421806e+01 2.330265e-01 -2.644108e-01
1.421806e+01 2.516223e-01 -2.286867e-01
1.421806e+01 2.717020e-01 -1.901118e-01
1.421806e+01 2.933841e-01 -1.603959e-01
1.421806e+01 3.167964e-01 -1.434804e-01
1.421806e+01 3.420771e-01 -1.252149e-01
1.421806e+01 3.693752e-01 -1.054918e-01
1.421806e+01 3.988518e-01 -8.514698e-02
1.421806e+01 4.306805e-01 -7.653405e-02
1.421806e+01 4.650493e-01 -6.723380e-02
1.421806e+01 5.021607e-01 -5.719138e-02
1.421806e+01 5.422336e-01 -4.634757e-02
1.421806e+01 5.855044e-01 -3.983455e-02
1.421806e+01 6.322283e-01 -3.522322e-02
1.421806e+01 6.826808e-01 -3.024391e-02
1.421806e+01 7.371594e-01 -2.486724e-02
1.421806e+01 7.959855e-01 -2.024732e-02
1.421806e+01 8.595059e-01 -1.804903e-02
1.421806e+01 9.280954e-01 -1.567530e-02
1.421806e+01 1.002158e+00 -1.311215e-02
1.421806e+01 1.082132e+00 -1.034446e-02
1.421806e+01 1.168487e+00 -9.166432e-03
1.421806e+01 1.261733e+00 -8.048594e-03
1.421806e+01 1.362421e+00 -6.841552e-03
1.421806e+01 1.471144e+00 -5.538187e-03
1.421806e+01 1.588542e+00 -4.609849e-03
1.421806e+01 1.715310e+00 -4.026847e-03
1.421806e+01 1.852193e+00 -3.397320e-03
1.421806e+01 2.000000e+00 -2.717556e-03
1.452242e+01 1.000000e-03 -1.113019e+00
1.452242e+01 1.079801e-03 -1.194060e+00
1.452242e+01 1.165970e-03 -1.280289e+00
1.452242e+01 1.259016e-03 -1.371895e+00
1.452242e+01 1.359487e-03 -1.469044e+00
1.452242e+01 1.467975e-03 -1.571880e+00
1.452242e+01 1.585121e-03 -1.680520e+00
1.452242e+01 1.711615e-03 -1.795049e+00
1.452242e+01 1.848204e-03 -1.915514e+00
1.452242e+01 1.995693e-03 -2.041921e+00
1.452242e+01 2.154951e-03 -2.174228e+00
1.452242e+01 2.326918e-03 -2.312339e+00
1.452242e+01 2.512609e-03 -2.456078e+00
1.452242e+01 2.713117e-03 -2.605181e+00
1.452242e+01 2.929627e-03 -2.759303e+00
1.452242e+01 3.163414e-03 -2.917964e+00
1.452242e+01 3.415858e-03 -3.080547e+00
1.452242e+01 3.688447e-03 -3.246314e+00
1.452242e+01 3.982789e-03 -3.414369e+00
1.452242e+01 4.300619e-03 -3.583644e+00
1.452242e+01 4.643813e-03 -3.752932e+00
1.452242e+01 5.014394e-03 -3.920799e+00
1.452242e+01 5.414548e-03 -4.085582e+00
1.452242e+01 5.846635e-03 -4.245468e+00
1.452242e+01 6.313202e-03 -4.398364e+00
1.452242e+01 6.817002e-03 -4.541927e+00
1.452242e+01 7.361006e-03 -4.673694e+00
1.452242e+01 7.948422e-03 -4.790898e+00
1.452242e+01 8.582714e-03 -4.890542e+00
1.452242e+01 9.267624e-03 -4.969644e+00
1.452242e+01 1.000719e-02 -5.025040e+00
1.452242e+01 1.080577e-02 -5.053537e+00
1.452242e+01 1.166809e-02 -5.052273e+00
1.452242e+01 1.259921e-02 -5.018692e+00
1.452242e+01 1.360464e-02 -4.950734e+00
1.452242e+01 1.469030e-02 -4.847181e+00
1.452242e+01 1.586261e-02 -4.708286e+00
1.452242e+01 1.712846e-02 -4.535695e+00
1.452242e+01 1.849533e-02 -4.332131e+00
1.452242e+01 1.997127e-02 -4.103466e+00
1.452242e+01 2.156500e-02 -3.857555e+00
1.452242e+01 2.328591e-02 -3.601981e+00
1.452242e+01 2.514415e-02 -3.347165e+00
1.452242e+01 2.715068e-02 -3.104230e+00
1.452242e+01 2.931733e-02 -2.881529e+00
1.452242e+01 3.165689e-02 -2.685180e+00
1.452242e+01 3.418314e-02 -2.518867e+00
1.452242e+01 3.691099e-02 -2.380018e+00
1.452242e+01 3.985652e-02 -2.260225e+00
1.452242e+01 4.303711e-02 -2.145379e+00
1.452242e+01 4.647152e-02 -2.018354e+00
1.452242e+01 5.017999e-02 -1.864589e+00
1.452242e+01 5.418441e-02 -1.717738e+00
1.452242e+01 5.850838e-02 -1.619405e+00
1.452242e+01 6.317741e-02 -1.513224e+00
1.452242e+01 6.821903e-02 -1.398571e+00
1.452242e+01 7.366298e-02 -1.276601e+00
1.452242e+01 7.954136e-02 -1.163616e+00
1.452242e+01 8.588885e-02 -1.041614e+00
1.452242e+01 9.274286e-02 -9.098767e-01
1.452242e+01 1.001438e-01 -7.676264e-01
1.452242e+01 1.081354e-01 -6.832532e-01
1.452242e+01 1.167647e-01 -6.251762e-01
1.452242e+01 1.260827e-01 -5.624646e-01
1.452242e+01 1.361442e-01 -4.947485e-01
1.452242e+01 1.470087e-01 -4.291814e-01
1.452242e+01 1.587401e-01 -3.905556e-01
1.452242e+01 1.714077e-01 -3.488474e-01
1.452242e+01 1.850862e-01 -3.038109e-01
1.452242e+01 1.998563e-01 -2.551803e-01
1.452242e+01 2.158051e-01 -2.270326e-01
1.452242e+01 2.330265e-01 -2.015050e-01
1.452242e+01 2.516223e-01 -1.739404e-01
1.452242e+01 2.717020e-01 -1.441761e-01
1.452242e+01 2.933841e-01 -1.213739e-01
1.452242e+01 3.167964e-01 -1.086192e-01
1.452242e+01 3.420771e-01 -9.484677e-02
1.452242e+01 3.693752e-01 -7.997525e-02
1.452242e+01 3.988518e-01 -6.463328e-02
1.452242e+01 4.306805e-01 -5.811472e-02
1.452242e+01 4.650493e-01 -5.107597e-02
1.452242e+01 5.021607e-01 -4.347552e-02
1.452242e+01 5.422336e-01 -3.526855e-02
1.452242e+01 5.855044e-01 -3.033347e-02
1.452242e+01 6.322283e-01 -2.683449e-02
1.452242e+01 6.826808e-01 -2.305629e-02
1.452242e+01 7.371594e-01 -1.897658e-02
1.452242e+01 7.959855e-01 -1.547527e-02
1.452242e+01 8.595059e-01 -1.382162e-02
1.452242e+01 9.280954e-01 -1.203600e-02
1.452242e+01 1.002158e+00 -1.010789e-02
1.452242e+01 1.082132e+00 -8.025920e-03
1.452242e+01 1.168487e+00 -7.126966e-03
1.452242e+01 1.261733e+00 -6.271183e-03
1.452242e+01 1.362421e+00 -5.347107e-03
1.452242e+01 1.471144e+00 -4.349290e-03
1.452242e+01 1.588542e+00 -3.633490e-03
1.452242e+01 1.715310e+00 -3.177202e-03
1.452242e+01 1.852193e+00 -2.684502e-03
1.452242e+01 2.000000e+00 -2.152484e-03
1.483287e+01 1.000000e-03 -8.216189e-01
1.483287e+01 1.079801e-03 -8.814598e-01
1.483287e+01 1.165970e-03 -9.451348e-01
1.483287e+01 1.259016e-03 -1.012783e+00
1.483287e+01 1.359487e-03 -1.084527e+00
1.483287e+01 1.467975e-03 -1.160474e+00
1.483287e+01 1.585121e-03 -1.240709e+00
1.483287e+01 1.711615e-03 -1.325294e+00
1.483287e+01 1.848204e-03 -1.414264e+00
1.483287e+01 1.995693e-03 -1.507621e+00
1.483287e+01 2.154951e-03 -1.605334e+00
1.483287e+01 2.326918e-03 -1.707331e+00
1.483287e+01 2.512609e-03 -1.813483e+00
1.483287e+01 2.713117e-03 -1.923594e+00
1.483287e+01 2.929627e-03 -2.037410e+00
1.483287e+01 3.163414e-03 -2.154578e+00
1.483287e+01 3.415858e-03 -2.274642e+00
1.483287e+01 3.688447e-03 -2.397058e+00
1.483287e+01 3.982789e-03 -2.521162e+00
1.483287e+01 4.300619e-03 -2.646166e+00
1.483287e+01 4.643813e-03 -2.771180e+00
1.483287e+01 5.014394e-03 -2.895143e+00
1.483287e+01 5.414548e-03 -3.016830e+00
1.483287e+01 5.846635e-03 -3.134899e+00
1.483287e+01 6.313202e-03 -3.247806e+00
1.483287e+01 6.817002e-03 -3.353822e+00
1.483287e+01 7.361006e-03 -3.451125e+00
1.483287e+01 7.948422e-03 -3.537676e+00
1.483287e+01 8.582714e-03 -3.611259e+00
1.483287e+01 9.267624e-03 -3.669673e+00
1.483287e+01 1.000719e-02 -3.710583e+00
1.483287e+01 1.080577e-02 -3.731629e+00
1.483287e+01 1.166809e-02 -3.730698e+00
1.483287e+01 1.259921e-02 -3.705904e+00
1.483287e+01 1.360464e-02 -3.655725e+00
1.483287e+01 1.469030e-02 -3.579261e+00
1.483287e+01 1.586261e-02 -3.476699e+00
1.483287e+01 1.712846e-02 -3.349256e+00
1.483287e+01 1.849533e-02 -3.198942e+00
1.483287e+01 1.997127e-02 -3.030091e+00
1.483287e+01 2.156500e-02 -2.848505e+00
1.483287e+01 2.328591e-02 -2.659784e+00
1.483287e+01 2.514415e-02 -2.471623e+00
1.483287e+01 2.715068e-02 -2.292235e+00
1.483287e+01 2.931733e-02 -2.127787e+00
1.483287e+01 3.165689e-02 -1.982799e+00
1.483287e+01 3.418314e-02 -1.859990e+00
1.483287e+01 3.691099e-02 -1.757460e+00
1.483287e+01 3.985652e-02 -1.669002e+00
1.483287e+01 4.303711e-02 -1.584197e+00
1.483287e+01 4.647152e-02 -1.490399e+00
1.483287e+01 5.017999e-02 -1.376856e+00
1.483287e+01 5.418441e-02 -1.269288e+00
1.483287e+01 5.850838e-02 -1.199102e+00
1.483287e+01 6.317741e-02 -1.123315e+00
1.483287e+01 6.821903e-02 -1.041480e+00
1.483287e+01 7.366298e-02 -9.540625e-01
1.483287e+01 7.954136e-02 -8.693506e-01
1.483287e+01 8.588885e-02 -7.778787e-01
1.483287e+01 9.274286e-02 -6.791072e-01
1.483287e+01 1.001438e-01 -5.724536e-01
1.483287e+01 1.081354e-01 -5.095157e-01
1.483287e+01 1.167647e-01 -4.664728e-01
1.483287e+01 1.260827e-01 -4.199949e-01
1.483287e+01 1.361442e-01 -3.698081e-01
1.483287e+01 1.470087e-01 -3.212208e-01
1.483287e+01 1.587401e-01 -2.926303e-01
1.483287e+01 1.714077e-01 -2.617583e-01
1.483287e+01 1.850862e-01 -2.284227e-01
1.483287e+01 1.998563e-01 -1.924268e-01
1.483287e+01 2.158051e-01 -1.712891e-01
1.483287e+01 2.330265e-01 -1.520062e-01
1.483287e+01 2.516223e-01 -1.311844e-01
1.483287e+01 2.717020e-01 -1.087011e-01
1.483287e+01 2.933841e-01 -9.149740e-02
1.483287e+01 3.167964e-01 -8.191129e-02
1.483287e+01 3.420771e-01 -7.156020e-02
1.483287e+01 3.693752e-01 -6.038309e-02
1.483287e+01 3.988518e-01 -4.885225e-02
1.483287e+01 4.306805e-01 -4.395073e-02
1.483287e+01 4.650493e-01 -3.865807e-02
1.483287e+01 5.021607e-01 -3.294304e-02
1.483287e+01 5.422336e-01 -2.677194e-02
1.483287e+01 5.855044e-01 -2.304796e-02
1.483287e+01 6.322283e-01 -2.039665e-02
1.483287e+01 6.826808e-01 -1.753377e-02
1.483287e+01 7.371594e-01 -1.444242e-02
1.483287e+01 7.959855e-01 -1.179101e-02
1.483287e+01 8.595059e-01 -1.054367e-02
1.483287e+01 9.280954e-01 -9.196797e-03
1.483287e+01 1.002158e+00 -7.742441e-03
1.483287e+01 1.082132e+00 -6.172025e-03
1.483287e+01 1.168487e+00 -5.487861e-03
1.483287e+01 1.261733e+00 -4.835257e-03
1.483287e+01 1.362421e+00 -4.130574e-03
1.483287e+01 1.471144e+00 -3.369656e-03
1.483287e+01 1.588542e+00 -2.821525e-03
1.483287e+01 1.715310e+00 -2.469120e-03
1.483287e+01 1.852193e+00 -2.088593e-03
1.483287e+01 2.000000e+00 -1.677699e-03
1.514953e+01 1.000000e-03 -6.117014e-01
1.514953e+01 1.079801e-03 -6.562668e-01
1.514953e+01 1.165970e-03 -7.036896e-01
1.514953e+01 1.259016e-03 -7.540738e-01
1.514953e+01 1.359487e-03 -8.075106e-01
1.514953e+01 1.467975e-03 -8.640793e-01
1.514953e+01 1.585121e-03 -9.238439e-01
1.514953e+01 1.711615e-03 -9.868495e-01
1.514953e+01 1.848204e-03 -1.053121e+00
1.514953e+01 1.995693e-03 -1.122661e+00
1.514953e+01 2.154951e-03 -1.195444e+00
1.514953e+01 2.326918e-03 -1.271417e+00
1.514953e+01 2.512609e-03 -1.350482e+00
1.514953e+01 2.713117e-03 -1.432495e+00
1.514953e+01 2.929627e-03 -1.517266e+00
1.514953e+01 3.163414e-03 -1.604534e+00
1.514953e+01 3.415858e-03 -1.693959e+00
1.514953e+01 3.688447e-03 -1.785135e+00
1.514953e+01 3.982789e-03 -1.877568e+00
1.514953e+01 4.300619e-03 -1.970672e+00
1.514953e+01 4.643813e-03 -2.063782e+00
1.514953e+01 5.014394e-03 -2.156108e+00
1.514953e+01 5.414548e-03 -2.246739e+00
1.514953e+01 5.846635e-03 -2.334675e+00
1.514953e+01 6.313202e-03 -2.418767e+00
1.514953e+01 6.817002e-03 -2.497726e+00
1.514953e+01 7.361006e-03 -2.570197e+00
1.514953e+01 7.948422e-03 -2.634659e+00
1.514953e+01 8.582714e-03 -2.689463e+00
1.514953e+01 9.267624e-03 -2.732969e+00
1.514953e+01 1.000719e-02 -2.763440e+00
1.514953e+01 1.080577e-02 -2.779116e+00
1.514953e+01 1.166809e-02 -2.778425e+00
1.514953e+01 1.259921e-02 -2.759961e+00
1.514953e+01 1.360464e-02 -2.722592e+00
1.514953e+01 1.469030e-02 -2.665648e+00
1.514953e+01 1.586261e-02 -2.589267e+00
1.514953e+01 1.712846e-02 -2.494355e+00
1.514953e+01 1.849533e-02 -2.382409e+00
1.514953e+01 1.997127e-02 -2.256659e+00
1.514953e+01 2.156500e-02 -2.121423e+00
1.514953e+01 2.328591e-02 -1.980874e+00
1.514953e+01 2.514415e-02 -1.840741e+00
1.514953e+01 2.715068e-02 -1.707142e+00
1.514953e+01 2.931733e-02 -1.584670e+00
1.514953e+01 3.165689e-02 -1.476690e+00
1.514953e+01 3.418314e-02 -1.385228e+00
1.514953e+01 3.691099e-02 -1.308869e+00
1.514953e+01 3.985652e-02 -1.242990e+00
1.514953e+01 4.303711e-02 -1.179831e+00
1.514953e+01 4.647152e-02 -1.109975e+00
1.514953e+01 5.017999e-02 -1.025414e+00
1.514953e+01 5.418441e-02 -9.433409e-01
1.514953e+01 5.850838e-02 -8.856071e-01
1.514953e+01 6.317741e-02 -8.232661e-01
1.514953e+01 6.821903e-02 -7.559502e-01
1.514953e+01 7.366298e-02 -6.848540e-01
1.514953e+01 7.954136e-02 -6.243363e-01
1.514953e+01 8.588885e-02 -5.589892e-01
1.514953e+01 9.274286e-02 -4.884273e-01
1.514953e+01 1.001438e-01 -4.122345e-01
1.514953e+01 1.081354e-01 -3.679094e-01
1.514953e+01 1.167647e-01 -3.381522e-01
1.514953e+01 1.260827e-01 -3.060203e-01
1.514953e+01 1.361442e-01 -2.713243e-01
1.514953e+01 1.470087e-01 -2.374647e-01
1.514953e+01 1.587401e-01 -2.162610e-01
1.514953e+01 1.714077e-01 -1.933652e-01
1.514953e+01 1.850862e-01 -1.686423e-01
1.514953e+01 1.998563e-01 -1.419465e-01
1.514953e+01 2.158051e-01 -1.262855e-01
1.514953e+01 2.330265e-01 -1.120044e-01
1.514953e+01 2.516223e-01 -9.658362e-02
1.514953e+01 2.717020e-01 -7.993225e-02
1.514953e+01 2.933841e-01 -6.723586e-02
1.514953e+01 3.167964e-01 -6.024162e-02
1.514953e+01 3.420771e-01 -5.268922e-02
1.514953e+01 3.693752e-01 -4.453414e-02
1.514953e+01 3.988518e-01 -3.611695e-02
1.514953e+01 4.306805e-01 -3.247980e-02
1.514953e+01 4.650493e-01 -2.855241e-02
1.514953e+01 5.021607e-01 -2.431160e-02
1.514953e+01 5.422336e-01 -1.973238e-02
1.514953e+01 5.855044e-01 -1.699652e-02
1.514953e+01 6.322283e-01 -1.507165e-02
1.514953e+01 6.826808e-01 -1.299318e-02
1.514953e+01 7.371594e-01 -1.074885e-02
1.514953e+01 7.959855e-01 -8.816099e-03
1.514953e+01 8.595059e-01 -7.883747e-03
1.514953e+01 9.280954e-01 -6.876992e-03
1.514953e+01 1.002158e+00 -5.789897e-03
1.514953e+01 1.082132e+00 -4.616050e-03
1.514953e+01 1.168487e+00 -4.110340e-03
1.514953e+01 1.261733e+00 -3.629158e-03
1.514953e+01 1.362421e+00 -3.109576e-03
1.514953e+01 1.471144e+00 -2.548532e-03
1.514953e+01 1.588542e+00 -2.142208e-03
1.514953e+01 1.715310e+00 -1.878124e-03
1.514953e+01 1.852193e+00 -1.592966e-03
1.514953e+01 2.000000e+00 -1.285051e-03
1.547252e+01 1.000000e-03 -4.530750e-01
1.547252e+01 1.079801e-03 -4.860937e-01
1.547252e+01 1.165970e-03 -5.212310e-01
1.547252e+01 1.259016e-03 -5.585642e-01
1.547252e+01 1.359487e-03 -5.981607e-01
1.547252e+01 1.467975e-03 -6.400796e-01
1.547252e+01 1.585121e-03 -6.843678e-01
1.547252e+01 1.711615e-03 -7.310587e-01
1.547252e+01 1.848204e-03 -7.801701e-01
1.547252e+01 1.995693e-03 -8.317032e-01
1.547252e+01 2.154951e-03 -8.856391e-01
1.547252e+01 2.326918e-03 -9.419372e-01
1.547252e+01 2.512609e-03 -1.000525e+00
1.547252e+01 2.713117e-03 -1.061297e+00
1.547252e+01 2.929627e-03 -1.124112e+00
1.547252e+01 3.163414e-03 -1.188777e+00
1.547252e+01 3.415858e-03 -1.255040e+00
1.547252e+01 3.688447e-03 -1.322600e+00
1.547252e+01 3.982789e-03 -1.391091e+00
1.547252e+01 4.300619e-03 -1.460079e+00
1.547252e+01 4.643813e-03 -1.529071e+00
1.547252e+01 5.014394e-03 -1.597483e+00
1.547252e+01 5.414548e-03 -1.664637e+00
1.547252e+01 5.846635e-03 -1.729795e+00
1.547252e+01 6.313202e-03 -1.792105e+00
1.547252e+01 6.817002e-03 -1.850610e+00
1.547252e+01 7.361006e-03 -1.904309e+00
1.547252e+01 7.948422e-03 -1.952073e+00
1.547252e+01 8.582714e-03 -1.992681e+00
1.547252e+01 9.267624e-03 -2.024918e+00
1.547252e+01 1.000719e-02 -2.047496e+00
1.547252e+01 1.080577e-02 -2.059113e+00
1.547252e+01 1.166809e-02 -2.058603e+00
1.547252e+01 1.259921e-02 -2.044924e+00
1.547252e+01 1.360464e-02 -2.017238e+00
1.547252e+01 1.469030e-02 -1.975048e+00
1.547252e+01 1.586261e-02 -1.918456e+00
1.547252e+01 1.712846e-02 -1.848134e+00
1.547252e+01 1.849533e-02 -1.765191e+00
1.547252e+01 1.997127e-02 -1.672020e+00
1.547252e+01 2.156500e-02 -1.571821e+00
1.547252e+01 2.328591e-02 -1.467684e+00
1.547252e+01 2.514415e-02 -1.363856e+00
1.547252e+01 2.715068e-02 -1.264869e+00
1.547252e+01 2.931733e-02 -1.174126e+00
1.547252e+01 3.165689e-02 -1.094121e+00
1.547252e+01 3.418314e-02 -1.026354e+00
1.547252e+01 3.691099e-02 -9.697779e-01
1.547252e+01 3.985652e-02 -9.209663e-01
1.547252e+01 4.303711e-02 -8.741703e-01
1.547252e+01 4.647152e-02 -8.224120e-01
1.547252e+01 5.017999e-02 -7.597581e-01
1.547252e+01 5.418441e-02 -6.986736e-01
1.547252e+01 5.850838e-02 -6.551332e-01
1.547252e+01 6.317741e-02 -6.081183e-01
1.547252e+01 6.821903e-02 -5.573515e-01
1.547252e+01 7.366298e-02 -5.037806e-01
1.547252e+01 7.954136e-02 -4.586687e-01
1.547252e+01 8.588885e-02 -4.099569e-01
1.547252e+01 9.274286e-02 -3.573578e-01
1.547252e+01 1.001438e-01 -3.005612e-01
1.547252e+01 1.081354e-01 -2.679183e-01
1.547252e+01 1.167647e-01 -2.463566e-01
1.547252e+01 1.260827e-01 -2.230743e-01
1.547252e+01 1.361442e-01 -1.979340e-01
1.547252e+01 1.470087e-01 -1.733802e-01
1.547252e+01 1.587401e-01 -1.579115e-01
1.547252e+01 1.714077e-01 -1.412083e-01
1.547252e+01 1.850862e-01 -1.231722e-01
1.547252e+01 1.998563e-01 -1.036968e-01
1.547252e+01 2.158051e-01 -9.232085e-02
1.547252e+01 2.330265e-01 -8.196530e-02
1.547252e+01 2.516223e-01 -7.078335e-02
1.547252e+01 2.717020e-01 -5.870908e-02
1.547252e+01 2.933841e-01 -4.947993e-02
1.547252e+01 3.167964e-01 -4.435483e-02
1.547252e+01 3.420771e-01 -3.882073e-02
1.547252e+01 3.693752e-01 -3.284501e-02
1.547252e+01 3.988518e-01 -2.667631e-02
1.547252e+01 4.306805e-01 -2.399723e-02
1.547252e+01 4.650493e-01 -2.110435e-02
1.547252e+01 5.021607e-01 -1.798062e-02
1.547252e+01 5.422336e-01 -1.460762e-02
1.547252e+01 5.855044e-01 -1.259391e-02
1.547252e+01 6.322283e-01 -1.117838e-02
1.547252e+01 6.826808e-01 -9.649898e-03
1.547252e+01 7.371594e-01 -7.999437e-03
1.547252e+01 7.959855e-01 -6.576337e-03
1.547252e+01 8.595059e-01 -5.884587e-03
1.547252e+01 9.280954e-01 -5.137634e-03
1.547252e+01 1.002158e+00 -4.331074e-03
1.547252e+01 1.082132e+00 -3.460150e-03
1.547252e+01 1.168487e+00 -3.082905e-03
1.547252e+01 1.261733e+00 -2.723522e-03
1.547252e+01 1.362421e+00 -2.335459e-03
1.547252e+01 1.471144e+00 -1.916429e-03
1.547252e+01 1.588542e+00 -1.612881e-03
1.547252e+01 1.715310e+00 -1.415495e-03
1.547252e+01 1.852193e+00 -1.202358e-03
1.547252e+01 2.000000e+00 -9.722121e-04
1.580197e+01 1.000000e-03 -3.226955e-01
1.580197e+01 1.079801e-03 -3.462198e-01
1.580197e+01 1.165970e-03 -3.712546e-01
1.580197e+01 1.259016e-03 -3.978550e-01
1.580197e+01 1.359487e-03 -4.260694e-01
1.580197e+01 1.467975e-03 -4.559396e-01
1.580197e+01 1.585121e-03 -4.874991e-01
1.580197e+01 1.711615e-03 -5.207712e-01
1.580197e+01 1.848204e-03 -5.557686e-01
1.580197e+01 1.995693e-03 -5.924916e-01
1.580197e+01 2.154951e-03 -6.309263e-01
1.580197e+01 2.326918e-03 -6.710434e-01
1.580197e+01 2.512609e-03 -7.127914e-01
1.580197e+01 2.713117e-03 -7.560944e-01
1.580197e+01 2.929627e-03 -8.008529e-01
1.580197e+01 3.163414e-03 -8.469292e-01
1.580197e+01 3.415858e-03 -8.941438e-01
1.580197e+01 3.688447e-03 -9.422828e-01
1.580197e+01 3.982789e-03 -9.910854e-01
1.580197e+01 4.300619e-03 -1.040242e+00
1.580197e+01 4.643813e-03 -1.089401e+00
1.580197e+01 5.014394e-03 -1.138145e+00
1.580197e+01 5.414548e-03 -1.185994e+00
1.580197e+01 5.846635e-03 -1.232420e+00
1.580197e+01 6.313202e-03 -1.276817e+00
1.580197e+01 6.817002e-03 -1.318503e+00
1.580197e+01 7.361006e-03 -1.356764e+00
1.580197e+01 7.948422e-03 -1.390797e+00
1.580197e+01 8.582714e-03 -1.419731e+00
1.580197e+01 9.267624e-03 -1.442701e+00
1.580197e+01 1.000719e-02 -1.458789e+00
1.580197e+01 1.080577e-02 -1.467067e+00
1.580197e+01 1.166809e-02 -1.466705e+00
1.580197e+01 1.259921e-02 -1.456960e+00
1.580197e+01 1.360464e-02 -1.437236e+00
1.580197e+01 1.469030e-02 -1.407177e+00
1.580197e+01 1.586261e-02 -1.366857e+00
1.580197e+01 1.712846e-02 -1.316755e+00
1.580197e+01 1.849533e-02 -1.257661e+00
1.580197e+01 1.997127e-02 -1.191279e+00
1.580197e+01 2.156500e-02 -1.119890e+00
1.580197e+01 2.328591e-02 -1.045695e+00
1.580197e+01 2.514415e-02 -9.717196e-01
1.580197e+01 2.715068e-02 -9.011936e-01
1.580197e+01 2.931733e-02 -8.365411e-01
1.580197e+01 3.165689e-02 -7.795391e-01
1.580197e+01 3.418314e-02 -7.312565e-01
1.580197e+01 3.691099e-02 -6.909471e-01
1.580197e+01 3.985652e-02 -6.561697e-01
1.580197e+01 4.303711e-02 -6.228286e-01
1.580197e+01 4.647152e-02 -5.859518e-01
1.580197e+01 5.017999e-02 -5.413122e-01
1.580197e+01 5.418441e-02 -4.979511e-01
1.580197e+01 5.850838e-02 -4.673760e-01
1.580197e+01 6.317741e-02 -4.343609e-01
1.580197e+01 6.821903e-02 -3.987112e-01
1.580197e+01 7.366298e-02 -3.609914e-01
1.580197e+01 7.954136e-02 -3.281741e-01
1.580197e+01 8.588885e-02 -2.927380e-01
1.580197e+01 9.274286e-02 -2.544739e-01
1.580197e+01 1.001438e-01 -2.131564e-01
1.580197e+01 1.081354e-01 -1.898793e-01
1.580197e+01 1.167647e-01 -1.749248e-01
1.580197e+01 1.260827e-01 -1.587769e-01
1.580197e+01 1.361442e-01 -1.413404e-01
1.580197e+01 1.470087e-01 -1.242479e-01
1.580197e+01 1.587401e-01 -1.131838e-01
1.580197e+01 1.714077e-01 -1.012367e-01
1.580197e+01 1.850862e-01 -8.833623e-02
1.580197e+01 1.998563e-01 -7.440631e-02
1.580197e+01 2.158051e-01 -6.623725e-02
1.580197e+01 2.330265e-01 -5.878903e-02
1.580197e+01 2.516223e-01 -5.074644e-02
1.580197e+01 2.717020e-01 -4.206204e-02
1.580197e+01 2.933841e-01 -3.544247e-02
1.580197e+01 3.167964e-01 -3.179971e-02
1.580197e+01 3.420771e-01 -2.786626e-02
1.580197e+01 3.693752e-01 -2.361891e-02
1.580197e+01 3.988518e-01 -1.923363e-02
1.580197e+01 4.306805e-01 -1.731782e-02
1.580197e+01 4.650493e-01 -1.524912e-02
1.580197e+01 5.021607e-01 -1.301534e-02
1.580197e+01 5.422336e-01 -1.060331e-02
1.580197e+01 5.855044e-01 -9.158227e-03
1.580197e+01 6.322283e-01 -8.138138e-03
1.580197e+01 6.826808e-01 -7.036646e-03
1.580197e+01 7.371594e-01 -5.847253e-03
1.580197e+01 7.959855e-01 -4.819531e-03
1.580197e+01 8.595059e-01 -4.313561e-03
1.580197e+01 9.280954e-01 -3.767213e-03
1.580197e+01 1.002158e+00 -3.177267e-03
1.580197e+01 1.082132e+00 -2.540243e-03
1.580197e+01 1.168487e+00 -2.266167e-03
1.580197e+01 1.261733e+00 -2.005463e-03
1.580197e+01 1.362421e+00 -1.723953e-03
1.580197e+01 1.471144e+00 -1.419979e-03
1.580197e+01 1.588542e+00 -1.198855e-03
1.580197e+01 1.715310e+00 -1.053862e-03
1.580197e+01 1.852193e+00 -8.972988e-04
1.580197e+01 2.000000e+00 -7.282414e-04
1.613801e+01 1.000000e-03 -2.260763e-01
1.613801e+01 1.079801e-03 -2.425621e-01
1.613801e+01 1.165970e-03 -2.601074e-01
1.613801e+01 1.259016e-03 -2.787508e-01
1.613801e+01 1.359487e-03 -2.985261e-01
1.613801e+01 1.467975e-03 -3.194629e-01
1.613801e+01 1.585121e-03 -3.415844e-01
1.613801e+01 1.711615e-03 -3.649069e-01
1.613801e+01 1.848204e-03 -3.894389e-01
1.613801e+01 1.995693e-03 -4.151805e-01
1.613801e+01 2.154951e-03 -4.421216e-01
1.613801e+01 2.326918e-03 -4.702414e-01
1.613801e+01 2.512609e-03 -4.995035e-01
1.613801e+01 2.713117e-03 -5.298551e-01
1.613801e+01 2.929627e-03 -5.612264e-01
1.613801e+01 3.163414e-03 -5.935211e-01
1.613801e+01 3.415858e-03 -6.266135e-01
1.613801e+01 3.688447e-03 -6.603538e-01
1.613801e+01 3.982789e-03 -6.945592e-01
1.613801e+01 4.300619e-03 -7.290124e-01
1.613801e+01 4.643813e-03 -7.634672e-01
1.613801e+01 5.014394e-03 -7.976313e-01
1.613801e+01 5.414548e-03 -8.311673e-01
1.613801e+01 5.846635e-03 -8.637062e-01
1.613801e+01 6.313202e-03 -8.948226e-01
1.613801e+01 6.817002e-03 -9.240396e-01
1.613801e+01 7.361006e-03 -9.508557e-01
1.613801e+01 7.948422e-03 -9.747084e-01
1.613801e+01 8.582714e-03 -9.949878e-01
1.613801e+01 9.267624e-03 -1.011087e+00
1.613801e+01 1.000719e-02 -1.022363e+00
1.613801e+01 1.080577e-02 -1.028166e+00
1.613801e+01 1.166809e-02 -1.027912e+00
1.613801e+01 1.259921e-02 -1.021084e+00
1.613801e+01 1.360464e-02 -1.007261e+00
1.613801e+01 1.469030e-02 -9.861956e-01
1.613801e+01 1.586261e-02 -9.579390e-01
1.613801e+01 1.712846e-02 -9.228263e-01
1.613801e+01 1.849533e-02 -8.814115e-01
1.613801e+01 1.997127e-02 -8.348890e-01
1.613801e+01 2.156500e-02 -7.848571e-01
1.613801e+01 2.328591e-02 -7.328590e-01
1.613801e+01 2.514415e-02 -6.810148e-01
1.613801e+01 2.715068e-02 -6.315879e-01
1.613801e+01 2.931733e-02 -5.862772e-01
1.613801e+01 3.165689e-02 -5.463283e-01
1.613801e+01 3.418314e-02 -5.124902e-01
1.613801e+01 3.691099e-02 -4.842399e-01
1.613801e+01 3.985652e-02 -4.598667e-01
1.613801e+01 4.303711e-02 -4.365001e-01
1.613801e+01 4.647152e-02 -4.106556e-01
1.613801e+01 5.017999e-02 -3.793706e-01
1.613801e+01 5.418441e-02 -3.489291e-01
1.613801e+01 5.850838e-02 -3.273548e-01
1.613801e+01 6.317741e-02 -3.040588e-01
1.613801e+01 6.821903e-02 -2.789038e-01
1.613801e+01 7.366298e-02 -2.523872e-01
1.613801e+01 7.954136e-02 -2.303487e-01
1.613801e+01 8.588885e-02 -2.065516e-01
1.613801e+01 9.274286e-02 -1.808554e-01
1.613801e+01 1.001438e-01 -1.531086e-01
1.613801e+01 1.081354e-01 -1.370078e-01
1.613801e+01 1.167647e-01 -1.262348e-01
1.613801e+01 1.260827e-01 -1.146021e-01
1.613801e+01 1.361442e-01 -1.020411e-01
1.613801e+01 1.470087e-01 -8.969452e-02
1.613801e+01 1.587401e-01 -8.154600e-02
1.613801e+01 1.714077e-01 -7.274722e-02
1.613801e+01 1.850862e-01 -6.324629e-02
1.613801e+01 1.998563e-01 -5.298718e-02
1.613801e+01 2.158051e-01 -4.713932e-02
1.613801e+01 2.330265e-01 -4.186946e-02
1.613801e+01 2.516223e-01 -3.617905e-02
1.613801e+01 2.717020e-01 -3.003454e-02
1.613801e+01 2.933841e-01 -2.534554e-02
1.613801e+01 3.167964e-01 -2.275540e-02
1.613801e+01 3.420771e-01 -1.995856e-02
1.613801e+01 3.693752e-01 -1.693853e-02
1.613801e+01 3.988518e-01 -1.381989e-02
1.613801e+01 4.306805e-01 -1.244983e-02
1.613801e+01 4.650493e-01 -1.097043e-02
1.613801e+01 5.021607e-01 -9.372968e-03
1.613801e+01 5.422336e-01 -7.648031e-03
1.613801e+01 5.855044e-01 -6.616201e-03
1.613801e+01 6.322283e-01 -5.889170e-03
1.613801e+01 6.826808e-01 -5.104122e-03
1.613801e+01 7.371594e-01 -4.256426e-03
1.613801e+01 7.959855e-01 -3.521399e-03
1.613801e+01 8.595059e-01 -3.152010e-03
1.613801e+01 9.280954e-01 -2.753144e-03
1.613801e+01 1.002158e+00 -2.322448e-03
1.613801e+01 1.082132e+00 -1.857382e-03
1.613801e+01 1.168487e+00 -1.656998e-03
1.613801e+01 1.261733e+00 -1.466326e-03
1.613801e+01 1.362421e+00 -1.260438e-03
1.613801e+01 1.471144e+00 -1.038120e-03
1.613801e+01 1.588542e+00 -8.770627e-04
1.613801e+01 1.715310e+00 -7.723213e-04
1.613801e+01 1.852193e+00 -6.592213e-04
1.613801e+01 2.000000e+00 -5.370959e-04
1.648077e+01 1.000000e-03 -1.639321e-01
1.648077e+01 1.079801e-03 -1.758899e-01
1.648077e+01 1.165970e-03 -1.886169e-01
1.648077e+01 1.259016e-03 -2.021411e-01
1.648077e+01 1.359487e-03 -2.164870e-01
1.648077e+01 1.467975e-03 -2.316760e-01
1.648077e+01 1.585121e-03 -2.477251e-01
1.648077e+01 1.711615e-03 -2.646459e-01
1.648077e+01 1.848204e-03 -2.824445e-01
1.648077e+01 1.995693e-03 -3.011205e-01
1.648077e+01 2.154951e-03 -3.206667e-01
1.648077e+01 2.326918e-03 -3.410676e-01
1.648077e+01 2.512609e-03 -3.622967e-01
1.648077e+01 2.713117e-03 -3.843156e-01
1.648077e+01 2.929627e-03 -4.070741e-01
1.648077e+01 3.163414e-03 -4.305022e-01
1.648077e+01 3.415858e-03 -4.545089e-01
1.648077e+01 3.688447e-03 -4.789856e-01
1.648077e+01 3.982789e-03 -5.037997e-01
1.648077e+01 4.300619e-03 -5.287935e-01
1.648077e+01 4.643813e-03 -5.537882e-01
1.648077e+01 5.014394e-03 -5.785719e-01
1.648077e+01 5.414548e-03 -6.028997e-01
1.648077e+01 5.846635e-03 -6.265042e-01
1.648077e+01 6.313202e-03 -6.490768e-01
1.648077e+01 6.817002e-03 -6.702716e-01
1.648077e+01 7.361006e-03 -6.897247e-01
1.648077e+01 7.948422e-03 -7.070280e-01
1.648077e+01 8.582714e-03 -7.217392e-01
1.648077e+01 9.267624e-03 -7.334182e-01
1.648077e+01 1.000719e-02 -7.415984e-01
1.648077e+01 1.080577e-02 -7.458082e-01
1.648077e+01 1.166809e-02 -7.456253e-01
1.648077e+01 1.259921e-02 -7.406727e-01
1.648077e+01 1.360464e-02 -7.306462e-01
1.648077e+01 1.469030e-02 -7.153663e-01
1.648077e+01 1.586261e-02 -6.948700e-01
1.648077e+01 1.712846e-02 -6.694004e-01
1.648077e+01 1.849533e-02 -6.393592e-01
1.648077e+01 1.997127e-02 -6.056129e-01
1.648077e+01 2.156500e-02 -5.693210e-01
1.648077e+01 2.328591e-02 -5.316026e-01
1.648077e+01 2.514415e-02 -4.939959e-01
1.648077e+01 2.715068e-02 -4.581426e-01
1.648077e+01 2.931733e-02 -4.252751e-01
1.648077e+01 3.165689e-02 -3.962969e-01
1.648077e+01 3.418314e-02 -3.717513e-01
1.648077e+01 3.691099e-02 -3.512591e-01
1.648077e+01 3.985652e-02 -3.335792e-01
1.648077e+01 4.303711e-02 -3.166295e-01
1.648077e+01 4.647152e-02 -2.978823e-01
1.648077e+01 5.017999e-02 -2.751887e-01
1.648077e+01 5.418441e-02 -2.526102e-01
1.648077e+01 5.850838e-02 -2.355770e-01
1.648077e+01 6.317741e-02 -2.171845e-01
1.648077e+01 6.821903e-02 -1.973242e-01
1.648077e+01 7.366298e-02 -1.765703e-01
1.648077e+01 7.954136e-02 -1.612174e-01
1.648077e+01 8.588885e-02 -1.446394e-01
1.648077e+01 9.274286e-02 -1.267384e-01
1.648077e+01 1.001438e-01 -1.074089e-01
1.648077e+01 1.081354e-01 -9.612266e-02
1.648077e+01 1.167647e-01 -8.850917e-02
1.648077e+01 1.260827e-01 -8.028812e-02
1.648077e+01 1.361442e-01 -7.141102e-02
1.648077e+01 1.470087e-01 -6.270258e-02
1.648077e+01 1.587401e-01 -5.703532e-02
1.648077e+01 1.714077e-01 -5.091581e-02
1.648077e+01 1.850862e-01 -4.430795e-02
1.648077e+01 1.998563e-01 -3.717278e-02
1.648077e+01 2.158051e-01 -3.309521e-02
1.648077e+01 2.330265e-01 -2.941671e-02
1.648077e+01 2.516223e-01 -2.544467e-02
1.648077e+01 2.717020e-01 -2.115565e-02
1.648077e+01 2.933841e-01 -1.787678e-02
1.648077e+01 3.167964e-01 -1.605506e-02
1.648077e+01 3.420771e-01 -1.408797e-02
1.648077e+01 3.693752e-01 -1.196390e-02
1.648077e+01 3.988518e-01 -9.770224e-03
1.648077e+01 4.306805e-01 -8.802629e-03
1.648077e+01 4.650493e-01 -7.757820e-03
1.648077e+01 5.021607e-01 -6.629633e-03
1.648077e+01 5.422336e-01 -5.411416e-03
1.648077e+01 5.855044e-01 -4.685406e-03
1.648077e+01 6.322283e-01 -4.176135e-03
1.648077e+01 6.826808e-01 -3.626224e-03
1.648077e+01 7.371594e-01 -3.032429e-03
1.648077e+01 7.959855e-01 -2.516349e-03
1.648077e+01 8.595059e-01 -2.253455e-03
1.648077e+01 9.280954e-01 -1.969582e-03
1.648077e+01 1.002158e+00 -1.663056e-03
1.648077e+01 1.082132e+00 -1.332068e-03
1.648077e+01 1.168487e+00 -1.189343e-03
1.648077e+01 1.261733e+00 -1.053513e-03
1.648077e+01 1.362421e+00 -9.068439e-04
1.648077e+01 1.471144e+00 -7.484701e-04
1.648077e+01 1.588542e+00 -6.333856e-04
1.648077e+01 1.715310e+00 -5.580843e-04
1.648077e+01 1.852193e+00 -4.767739e-04
1.648077e+01 2.000000e+00 -3.889748e-04
1.683038e+01 1.000000e-03 -1.170255e-01
1.683038e+01 1.079801e-03 -1.255645e-01
1.683038e+01 1.165970e-03 -1.346531e-01
1.683038e+01 1.259016e-03 -1.443115e-01
1.683038e+01 1.359487e-03 -1.545572e-01
1.683038e+01 1.467975e-03 -1.654055e-01
1.683038e+01 1.585121e-03 -1.768685e-01
1.683038e+01 1.711615e-03 -1.889544e-01
1.683038e+01 1.848204e-03 -2.016674e-01
1.683038e+01 1.995693e-03 -2.150073e-01
1.683038e+01 2.154951e-03 -2.289685e-01
1.683038e+01 2.326918e-03 -2.435399e-01
1.683038e+01 2.512609e-03 -2.587024e-01
1.683038e+01 2.713117e-03 -2.744287e-01
1.683038e+01 2.929627e-03 -2.906830e-01
1.683038e+01 3.163414e-03 -3.074153e-01
1.683038e+01 3.415858e-03 -3.245607e-01
1.683038e+01 3.688447e-03 -3.420419e-01
1.683038e+01 3.982789e-03 -3.597641e-01
1.683038e+01 4.300619e-03 -3.776145e-01
1.683038e+01 4.643813e-03 -3.954654e-01
1.683038e+01 5.014394e-03 -4.131654e-01
1.683038e+01 5.414548e-03 -4.305398e-01
1.683038e+01 5.846635e-03 -4.473975e-01
1.683038e+01 6.313202e-03 -4.635184e-01
1.683038e+01 6.817002e-03 -4.786552e-01
1.683038e+01 7.361006e-03 -4.925481e-01
1.683038e+01 7.948422e-03 -5.049057e-01
1.683038e+01 8.582714e-03 -5.154122e-01
1.683038e+01 9.267624e-03 -5.237531e-01
1.683038e+01 1.000719e-02 -5.295955e-01
1.683038e+01 1.080577e-02 -5.326024e-01
1.683038e+01 1.166809e-02 -5.324723e-01
1.683038e+01 1.259921e-02 -5.289359e-01
1.683038e+01 1.360464e-02 -5.217761e-01
1.683038e+01 1.469030e-02 -5.108646e-01
1.683038e+01 1.586261e-02 -4.962279e-01
1.683038e+01 1.712846e-02 -4.780396e-01
1.683038e+01 1.849533e-02 -4.565865e-01
1.683038e+01 1.997127e-02 -4.324874e-01
1.683038e+01 2.156500e-02 -4.065703e-01
1.683038e+01 2.328591e-02 -3.796346e-01
1.683038e+01 2.514415e-02 -3.527785e-01
1.683038e+01 2.715068e-02 -3.271745e-01
1.683038e+01 2.931733e-02 -3.037028e-01
1.683038e+01 3.165689e-02 -2.830086e-01
1.683038e+01 3.418314e-02 -2.654798e-01
1.683038e+01 3.691099e-02 -2.508456e-01
1.683038e+01 3.985652e-02 -2.382198e-01
1.683038e+01 4.303711e-02 -2.261155e-01
1.683038e+01 4.647152e-02 -2.127275e-01
1.683038e+01 5.017999e-02 -1.965213e-01
1.683038e+01 5.418441e-02 -1.799214e-01
1.683038e+01 5.850838e-02 -1.664326e-01
1.683038e+01 6.317741e-02 -1.518673e-01
1.683038e+01 6.821903e-02 -1.361397e-01
1.683038e+01 7.366298e-02 -1.198120e-01
1.683038e+01 7.954136e-02 -1.088682e-01
1.683038e+01 8.588885e-02 -9.705109e-02
1.683038e+01 9.274286e-02 -8.429097e-02
1.683038e+01 1.001438e-01 -7.051259e-02
1.683038e+01 1.081354e-01 -6.305501e-02
1.683038e+01 1.167647e-01 -5.854257e-02
1.683038e+01 1.260827e-01 -5.367002e-02
1.683038e+01 1.361442e-01 -4.840864e-02
1.683038e+01 1.470087e-01 -4.316021e-02
1.683038e+01 1.587401e-01 -3.933665e-02
1.683038e+01 1.714077e-01 -3.520796e-02
1.683038e+01 1.850862e-01 -3.074980e-02
1.683038e+01 1.998563e-01 -2.593588e-02
1.683038e+01 2.158051e-01 -2.308379e-02
1.683038e+01 2.330265e-01 -2.047271e-02
1.683038e+01 2.516223e-01 -1.765327e-02
1.683038e+01 2.717020e-01 -1.460883e-02
1.683038e+01 2.933841e-01 -1.230259e-02
1.683038e+01 3.167964e-01 -1.105930e-02
1.683038e+01 3.420771e-01 -9.716796e-03
1.683038e+01 3.693752e-01 -8.267157e-03
1.683038e+01 3.988518e-01 -6.769450e-03
1.683038e+01 4.306805e-01 -6.100629e-03
1.683038e+01 4.650493e-01 -5.378436e-03
1.683038e+01 5.021607e-01 -4.598611e-03
1.683038e+01 5.422336e-01 -3.756554e-03
1.683038e+01 5.855044e-01 -3.258405e-03
1.683038e+01 6.322283e-01 -2.912080e-03
1.683038e+01 6.826808e-01 -2.538118e-03
1.683038e+01 7.371594e-01 -2.134313e-03
1.683038e+01 7.959855e-01 -1.781070e-03
1.683038e+01 8.595059e-01 -1.594437e-03
1.683038e+01 9.280954e-01 -1.392911e-03
1.683038e+01 1.002158e+00 -1.175303e-03
1.683038e+01 1.082132e+00 -9.403301e-04
1.683038e+01 1.168487e+00 -8.395557e-04
1.683038e+01 1.261733e+00 -7.437663e-04
1.683038e+01 1.362421e+00 -6.403327e-04
1.683038e+01 1.471144e+00 -5.286450e-04
1.683038e+01 1.588542e+00 -4.475964e-04
1.683038e+01 1.715310e+00 -3.947094e-04
1.683038e+01 1.852193e+00 -3.376019e-04
1.683038e+01 2.000000e+00 -2.759371e-04
1.718699e+01 1.000000e-03 -7.269446e-02
1.718699e+01 1.079801e-03 -7.800042e-02
1.718699e+01 1.165970e-03 -8.364819e-02
1.718699e+01 1.259016e-03 -8.965033e-02
1.718699e+01 1.359487e-03 -9.601775e-02
1.718699e+01 1.467975e-03 -1.027600e-01
1.718699e+01 1.585121e-03 -1.098845e-01
1.718699e+01 1.711615e-03 -1.173963e-01
1.718699e+01 1.848204e-03 -1.252981e-01
1.718699e+01 1.995693e-03 -1.335894e-01
1.718699e+01 2.154951e-03 -1.422670e-01
1.718699e+01 2.326918e-03 -1.513235e-01
1.718699e+01 2.512609e-03 -1.607473e-01
1.718699e+01 2.713117e-03 -1.705212e-01
1.718699e+01 2.929627e-03 -1.806231e-01
1.718699e+01 3.163414e-03 -1.910219e-01
1.718699e+01 3.415858e-03 -2.016775e-01
1.718699e+01 3.688447e-03 -2.125417e-01
1.718699e+01 3.982789e-03 -2.235557e-01
1.718699e+01 4.300619e-03 -2.346493e-01
1.718699e+01 4.643813e-03 -2.457432e-01
1.718699e+01 5.014394e-03 -2.567432e-01
1.718699e+01 5.414548e-03 -2.675407e-01
1.718699e+01 5.846635e-03 -2.780171e-01
1.718699e+01 6.313202e-03 -2.880356e-01
1.718699e+01 6.817002e-03 -2.974426e-01
1.718699e+01 7.361006e-03 -3.060766e-01
1.718699e+01 7.948422e-03 -3.137564e-01
1.718699e+01 8.582714e-03 -3.202858e-01
1.718699e+01 9.267624e-03 -3.254695e-01
1.718699e+01 1.000719e-02 -3.291005e-01
1.718699e+01 1.080577e-02 -3.309694e-01
1.718699e+01 1.166809e-02 -3.308889e-01
1.718699e+01 1.259921e-02 -3.286915e-01
1.718699e+01 1.360464e-02 -3.242425e-01
1.718699e+01 1.469030e-02 -3.174621e-01
1.718699e+01 1.586261e-02 -3.083668e-01
1.718699e+01 1.712846e-02 -2.970644e-01
1.718699e+01 1.849533e-02 -2.837331e-01
1.718699e+01 1.997127e-02 -2.687575e-01
1.718699e+01 2.156500e-02 -2.526521e-01
1.718699e+01 2.328591e-02 -2.359137e-01
1.718699e+01 2.514415e-02 -2.192248e-01
1.718699e+01 2.715068e-02 -2.033139e-01
1.718699e+01 2.931733e-02 -1.887281e-01
1.718699e+01 3.165689e-02 -1.758682e-01
1.718699e+01 3.418314e-02 -1.649754e-01
1.718699e+01 3.691099e-02 -1.558814e-01
1.718699e+01 3.985652e-02 -1.480354e-01
1.718699e+01 4.303711e-02 -1.405135e-01
1.718699e+01 4.647152e-02 -1.321939e-01
1.718699e+01 5.017999e-02 -1.221230e-01
1.718699e+01 5.418441e-02 -1.121458e-01
1.718699e+01 5.850838e-02 -1.047056e-01
1.718699e+01 6.317741e-02 -9.667170e-02
1.718699e+01 6.821903e-02 -8.799668e-02
1.718699e+01 7.366298e-02 -7.888469e-02
1.718699e+01 7.954136e-02 -7.165256e-02
1.718699e+01 8.588885e-02 -6.384330e-02
1.718699e+01 9.274286e-02 -5.541086e-02
1.718699e+01 1.001438e-01 -4.630549e-02
1.718699e+01 1.081354e-01 -4.151381e-02
1.718699e+01 1.167647e-01 -3.874447e-02
1.718699e+01 1.260827e-01 -3.575414e-02
1.718699e+01 1.361442e-01 -3.252517e-02
1.718699e+01 1.470087e-01 -2.926090e-02
1.718699e+01 1.587401e-01 -2.668334e-02
1.718699e+01 1.714077e-01 -2.390009e-02
1.718699e+01 1.850862e-01 -2.089473e-02
1.718699e+01 1.998563e-01 -1.764954e-02
1.718699e+01 2.158051e-01 -1.568379e-02
1.718699e+01 2.330265e-01 -1.386845e-02
1.718699e+01 2.516223e-01 -1.190825e-02
1.718699e+01 2.717020e-01 -9.791624e-03
1.718699e+01 2.933841e-01 -8.209805e-03
1.718699e+01 3.167964e-01 -7.396133e-03
1.718699e+01 3.420771e-01 -6.517529e-03
1.718699e+01 3.693752e-01 -5.568812e-03
1.718699e+01 3.988518e-01 -4.587941e-03
1.718699e+01 4.306805e-01 -4.139719e-03
1.718699e+01 4.650493e-01 -3.655729e-03
1.718699e+01 5.021607e-01 -3.133117e-03
1.718699e+01 5.422336e-01 -2.568799e-03
1.718699e+01 5.855044e-01 -2.232477e-03
1.718699e+01 6.322283e-01 -1.996551e-03
1.718699e+01 6.826808e-01 -1.741798e-03
1.718699e+01 7.371594e-01 -1.466715e-03
1.718699e+01 7.959855e-01 -1.225483e-03
1.718699e+01 8.595059e-01 -1.096310e-03
1.718699e+01 9.280954e-01 -9.568292e-04
1.718699e+01 1.002158e+00 -8.062175e-04
1.718699e+01 1.082132e+00 -6.435869e-04
1.718699e+01 1.168487e+00 -5.745425e-04
1.718699e+01 1.261733e+00 -5.090644e-04
1.718699e+01 1.362421e+00 -4.383611e-04
1.718699e+01 1.471144e+00 -3.620156e-04
1.718699e+01 1.588542e+00 -3.064599e-04
1.718699e+01 1.715310e+00 -2.700074e-04
1.718699e+01 1.852193e+00 -2.306460e-04
1.718699e+01 2.000000e+00 -1.881435e-04
1.755073e+01 1.000000e-03 -5.008303e-02
1.755073e+01 1.079801e-03 -5.373975e-02
1.755073e+01 1.165970e-03 -5.763222e-02
1.755073e+01 1.259016e-03 -6.176914e-02
1.755073e+01 1.359487e-03 -6.615804e-02
1.755073e+01 1.467975e-03 -7.080548e-02
1.755073e+01 1.585121e-03 -7.571662e-02
1.755073e+01 1.711615e-03 -8.089493e-02
1.755073e+01 1.848204e-03 -8.634212e-02
1.755073e+01 1.995693e-03 -9.205794e-02
1.755073e+01 2.154951e-03 -9.803992e-02
1.755073e+01 2.326918e-03 -1.042831e-01
1.755073e+01 2.512609e-03 -1.107791e-01
1.755073e+01 2.713117e-03 -1.175165e-01
1.755073e+01 2.929627e-03 -1.244797e-01
1.755073e+01 3.163414e-03 -1.316476e-01
1.755073e+01 3.415858e-03 -1.389923e-01
1.755073e+01 3.688447e-03 -1.464809e-01
1.755073e+01 3.982789e-03 -1.540727e-01
1.755073e+01 4.300619e-03 -1.617195e-01
1.755073e+01 4.643813e-03 -1.693663e-01
1.755073e+01 5.014394e-03 -1.769482e-01
1.755073e+01 5.414548e-03 -1.843906e-01
1.755073e+01 5.846635e-03 -1.916117e-01
1.755073e+01 6.313202e-03 -1.985172e-01
1.755073e+01 6.817002e-03 -2.050012e-01
1.755073e+01 7.361006e-03 -2.109523e-01
1.755073e+01 7.948422e-03 -2.162458e-01
1.755073e+01 8.582714e-03 -2.207463e-01
1.755073e+01 9.267624e-03 -2.243193e-01
1.755073e+01 1.000719e-02 -2.268222e-01
1.755073e+01 1.080577e-02 -2.281105e-01
1.755073e+01 1.166809e-02 -2.280553e-01
1.755073e+01 1.259921e-02 -2.265410e-01
1.755073e+01 1.360464e-02 -2.234749e-01
1.755073e+01 1.469030e-02 -2.188018e-01
1.755073e+01 1.586261e-02 -2.125333e-01
1.755073e+01 1.712846e-02 -2.047435e-01
1.755073e+01 1.849533e-02 -1.955554e-01
1.755073e+01 1.997127e-02 -1.852340e-01
1.755073e+01 2.156500e-02 -1.741339e-01
1.755073e+01 2.328591e-02 -1.625974e-01
1.755073e+01 2.514415e-02 -1.510950e-01
1.755073e+01 2.715068e-02 -1.401289e-01
1.755073e+01 2.931733e-02 -1.300760e-01
1.755073e+01 3.165689e-02 -1.212127e-01
1.755073e+01 3.418314e-02 -1.137051e-01
1.755073e+01 3.691099e-02 -1.074373e-01
1.755073e+01 3.985652e-02 -1.020297e-01
1.755073e+01 4.303711e-02 -9.684535e-02
1.755073e+01 4.647152e-02 -9.111128e-02
1.755073e+01 5.017999e-02 -8.417016e-02
1.755073e+01 5.418441e-02 -7.721360e-02
1.755073e+01 5.850838e-02 -7.186281e-02
1.755073e+01 6.317741e-02 -6.608502e-02
1.755073e+01 6.821903e-02 -5.984615e-02
1.755073e+01 7.366298e-02 -5.329354e-02
1.755073e+01 7.954136e-02 -4.809807e-02
1.755073e+01 8.588885e-02 -4.248800e-02
1.755073e+01 9.274286e-02 -3.643024e-02
1.755073e+01 1.001438e-01 -2.988906e-02
1.755073e+01 1.081354e-01 -2.663700e-02
1.755073e+01 1.167647e-01 -2.494371e-02
1.755073e+01 1.260827e-01 -2.311530e-02
1.755073e+01 1.361442e-01 -2.114098e-02
1.755073e+01 1.470087e-01 -1.914033e-02
1.755073e+01 1.587401e-01 -1.753904e-02
1.755073e+01 1.714077e-01 -1.580996e-02
1.755073e+01 1.850862e-01 -1.394290e-02
1.755073e+01 1.998563e-01 -1.192684e-02
1.755073e+01 2.158051e-01 -1.058960e-02
1.755073e+01 2.330265e-01 -9.313372e-03
1.755073e+01 2.516223e-01 -7.935298e-03
1.755073e+01 2.717020e-01 -6.447253e-03
1.755073e+01 2.933841e-01 -5.359979e-03
1.755073e+01 3.167964e-01 -4.846214e-03
1.755073e+01 3.420771e-01 -4.291449e-03
1.755073e+01 3.693752e-01 -3.692414e-03
1.755073e+01 3.988518e-01 -3.071812e-03
1.755073e+01 4.306805e-01 -2.769687e-03
1.755073e+01 4.650493e-01 -2.443453e-03
1.755073e+01 5.021607e-01 -2.091185e-03
1.755073e+01 5.422336e-01 -1.710805e-03
1.755073e+01 5.855044e-01 -1.485891e-03
1.755073e+01 6.322283e-01 -1.329622e-03
1.755073e+01 6.826808e-01 -1.160882e-03
1.755073e+01 7.371594e-01 -9.786768e-04
1.755073e+01 7.959855e-01 -8.186674e-04
1.755073e+01 8.595059e-01 -7.323317e-04
1.755073e+01 9.280954e-01 -6.391063e-04
1.755073e+01 1.002158e+00 -5.384414e-04
1.755073e+01 1.082132e+00 -4.297433e-04
1.755073e+01 1.168487e+00 -3.838429e-04
1.755073e+01 1.261733e+00 -3.403668e-04
1.755073e+01 1.362421e+00 -2.934214e-04
1.755073e+01 1.471144e+00 -2.427296e-04
1.755073e+01 1.588542e+00 -2.058738e-04
1.755073e+01 1.715310e+00 -1.817324e-04
1.755073e+01 1.852193e+00 -1.556646e-04
1.755073e+01 2.000000e+00 -1.275165e-04
1.792175e+01 1.000000e-03 -3.104374e-02
1.792175e+01 1.079801e-03 -3.331106e-02
1.792175e+01 1.165970e-03 -3.572469e-02
1.792175e+01 1.259016e-03 -3.829003e-02
1.792175e+01 1.359487e-03 -4.101175e-02
1.792175e+01 1.467975e-03 -4.389395e-02
1.792175e+01 1.585121e-03 -4.693980e-02
1.792175e+01 1.711615e-03 -5.015145e-02
1.792175e+01 1.848204e-03 -5.352993e-02
1.792175e+01 1.995693e-03 -5.707505e-02
1.792175e+01 2.154951e-03 -6.078523e-02
1.792175e+01 2.326918e-03 -6.465731e-02
1.792175e+01 2.512609e-03 -6.868618e-02
1.792175e+01 2.713117e-03 -7.286456e-02
1.792175e+01 2.929627e-03 -7.718296e-02
1.792175e+01 3.163414e-03 -8.162817e-02
1.792175e+01 3.415858e-03 -8.618304e-02
1.792175e+01 3.688447e-03 -9.082712e-02
1.792175e+01 3.982789e-03 -9.553528e-02
1.792175e+01 4.300619e-03 -1.002775e-01
1.792175e+01 4.643813e-03 -1.050196e-01
1.792175e+01 5.014394e-03 -1.097215e-01
1.792175e+01 5.414548e-03 -1.143369e-01
1.792175e+01 5.846635e-03 -1.188149e-01
1.792175e+01 6.313202e-03 -1.230973e-01
1.792175e+01 6.817002e-03 -1.271183e-01
1.792175e+01 7.361006e-03 -1.308088e-01
1.792175e+01 7.948422e-03 -1.340915e-01
1.792175e+01 8.582714e-03 -1.368825e-01
1.792175e+01 9.267624e-03 -1.390983e-01
1.792175e+01 1.000719e-02 -1.406505e-01
1.792175e+01 1.080577e-02 -1.414495e-01
1.792175e+01 1.166809e-02 -1.414154e-01
1.792175e+01 1.259921e-02 -1.404766e-01
1.792175e+01 1.360464e-02 -1.385754e-01
1.792175e+01 1.469030e-02 -1.356778e-01
1.792175e+01 1.586261e-02 -1.317908e-01
1.792175e+01 1.712846e-02 -1.269605e-01
1.792175e+01 1.849533e-02 -1.212631e-01
1.792175e+01 1.997127e-02 -1.148628e-01
1.792175e+01 2.156500e-02 -1.079797e-01
1.792175e+01 2.328591e-02 -1.008261e-01
1.792175e+01 2.514415e-02 -9.369351e-02
1.792175e+01 2.715068e-02 -8.689347e-02
1.792175e+01 2.931733e-02 -8.065972e-02
1.792175e+01 3.165689e-02 -7.516360e-02
1.792175e+01 3.418314e-02 -7.050819e-02
1.792175e+01 3.691099e-02 -6.662153e-02
1.792175e+01 3.985652e-02 -6.326827e-02
1.792175e+01 4.303711e-02 -6.005350e-02
1.792175e+01 4.647152e-02 -5.649782e-02
1.792175e+01 5.017999e-02 -5.219366e-02
1.792175e+01 5.418441e-02 -4.784357e-02
1.792175e+01 5.850838e-02 -4.442435e-02
1.792175e+01 6.317741e-02 -4.073228e-02
1.792175e+01 6.821903e-02 -3.674557e-02
1.792175e+01 7.366298e-02 -3.257325e-02
1.792175e+01 7.954136e-02 -2.942113e-02
1.792175e+01 8.588885e-02 -2.601748e-02
1.792175e+01 9.274286e-02 -2.234220e-02
1.792175e+01 1.001438e-01 -1.837364e-02
1.792175e+01 1.081354e-01 -1.648211e-02
1.792175e+01 1.167647e-01 -1.558168e-02
1.792175e+01 1.260827e-01 -1.460940e-02
1.792175e+01 1.361442e-01 -1.355952e-02
1.792175e+01 1.470087e-01 -1.245819e-02
1.792175e+01 1.587401e-01 -1.140666e-02
1.792175e+01 1.714077e-01 -1.027121e-02
1.792175e+01 1.850862e-01 -9.045156e-03
1.792175e+01 1.998563e-01 -7.721261e-03
1.792175e+01 2.158051e-01 -6.840033e-03
1.792175e+01 2.330265e-01 -5.998004e-03
1.792175e+01 2.516223e-01 -5.088781e-03
1.792175e+01 2.717020e-01 -4.107001e-03
1.792175e+01 2.933841e-01 -3.396880e-03
1.792175e+01 3.167964e-01 -3.074923e-03
1.792175e+01 3.420771e-01 -2.727274e-03
1.792175e+01 3.693752e-01 -2.351882e-03
1.792175e+01 3.988518e-01 -1.963071e-03
1.792175e+01 4.306805e-01 -1.775189e-03
1.792175e+01 4.650493e-01 -1.572314e-03
1.792175e+01 5.021607e-01 -1.353250e-03
1.792175e+01 5.422336e-01 -1.116704e-03
1.792175e+01 5.855044e-01 -9.737540e-04
1.792175e+01 6.322283e-01 -8.718087e-04
1.792175e+01 6.826808e-01 -7.617282e-04
1.792175e+01 7.371594e-01 -6.428631e-04
1.792175e+01 7.959855e-01 -5.379628e-04
1.792175e+01 8.595059e-01 -4.798720e-04
1.792175e+01 9.280954e-01 -4.171454e-04
1.792175e+01 1.002158e+00 -3.494133e-04
1.792175e+01 1.082132e+00 -2.762760e-04
1.792175e+01 1.168487e+00 -2.468324e-04
1.792175e+01 1.261733e+00 -2.192577e-04
1.792175e+01 1.362421e+00 -1.894825e-04
1.792175e+01 1.471144e+00 -1.573313e-04
1.792175e+01 1.588542e+00 -1.338372e-04
1.792175e+01 1.715310e+00 -1.182943e-04
1.792175e+01 1.852193e+00 -1.015112e-04
1.792175e+01 2.000000e+00 -8.338868e-05
1.830018e+01 1.000000e-03 -1.968574e-02
1.830018e+01 1.079801e-03 -2.112398e-02
1.830018e+01 1.165970e-03 -2.265510e-02
1.830018e+01 1.259016e-03 -2.428255e-02
1.830018e+01 1.359487e-03 -2.600930e-02
1.830018e+01 1.467975e-03 -2.783795e-02
1.830018e+01 1.585121e-03 -2.977051e-02
1.830018e+01 1.711615e-03 -3.180834e-02
1.830018e+01 1.848204e-03 -3.395207e-02
1.830018e+01 1.995693e-03 -3.620156e-02
1.830018e+01 2.154951e-03 -3.855578e-02
1.830018e+01 2.326918e-03 -4.101269e-02
1.830018e+01 2.512609e-03 -4.356902e-02
1.830018e+01 2.713117e-03 -4.622014e-02
1.830018e+01 2.929627e-03 -4.896004e-02
1.830018e+01 3.163414e-03 -5.178035e-02
1.830018e+01 3.415858e-03 -5.467021e-02
1.830018e+01 3.688447e-03 -5.761668e-02
1.830018e+01 3.982789e-03 -6.060381e-02
1.830018e+01 4.300619e-03 -6.361252e-02
1.830018e+01 4.643813e-03 -6.662119e-02
1.830018e+01 5.014394e-03 -6.960428e-02
1.830018e+01 5.414548e-03 -7.253241e-02
1.830018e+01 5.846635e-03 -7.537347e-02
1.830018e+01 6.313202e-03 -7.809037e-02
1.830018e+01 6.817002e-03 -8.064143e-02
1.830018e+01 7.361006e-03 -8.298285e-02
1.830018e+01 7.948422e-03 -8.506552e-02
1.830018e+01 8.582714e-03 -8.683624e-02
1.830018e+01 9.267624e-03 -8.824206e-02
1.830018e+01 1.000719e-02 -8.922686e-02
1.830018e+01 1.080577e-02 -8.973391e-02
1.830018e+01 1.166809e-02 -8.971237e-02
1.830018e+01 1.259921e-02 -8.911688e-02
1.830018e+01 1.360464e-02 -8.791088e-02
1.830018e+01 1.469030e-02 -8.607273e-02
1.830018e+01 1.586261e-02 -8.360691e-02
1.830018e+01 1.712846e-02 -8.054265e-02
1.830018e+01 1.849533e-02 -7.692829e-02
1.830018e+01 1.997127e-02 -7.286808e-02
1.830018e+01 2.156500e-02 -6.850152e-02
1.830018e+01 2.328591e-02 -6.396331e-02
1.830018e+01 2.514415e-02 -5.943849e-02
1.830018e+01 2.715068e-02 -5.512461e-02
1.830018e+01 2.931733e-02 -5.116997e-02
1.830018e+01 3.165689e-02 -4.768328e-02
1.830018e+01 3.418314e-02 -4.472992e-02
1.830018e+01 3.691099e-02 -4.226425e-02
1.830018e+01 3.985652e-02 -4.013696e-02
1.830018e+01 4.303711e-02 -3.809753e-02
1.830018e+01 4.647152e-02 -3.584183e-02
1.830018e+01 5.017999e-02 -3.311131e-02
1.830018e+01 5.418441e-02 -3.021199e-02
1.830018e+01 5.850838e-02 -2.765402e-02
1.830018e+01 6.317741e-02 -2.489192e-02
1.830018e+01 6.821903e-02 -2.190940e-02
1.830018e+01 7.366298e-02 -1.885238e-02
1.830018e+01 7.954136e-02 -1.722096e-02
1.830018e+01 8.588885e-02 -1.545935e-02
1.830018e+01 9.274286e-02 -1.355716e-02
1.830018e+01 1.001438e-01 -1.150318e-02
1.830018e+01 1.081354e-01 -1.045891e-02
1.830018e+01 1.167647e-01 -9.891245e-03
1.830018e+01 1.260827e-01 -9.278283e-03
1.830018e+01 1.361442e-01 -8.616406e-03
1.830018e+01 1.470087e-01 -7.921777e-03
1.830018e+01 1.587401e-01 -7.257198e-03
1.830018e+01 1.714077e-01 -6.539584e-03
1.830018e+01 1.850862e-01 -5.764703e-03
1.830018e+01 1.998563e-01 -4.927987e-03
1.830018e+01 2.158051e-01 -4.369922e-03
1.830018e+01 2.330265e-01 -3.836319e-03
1.830018e+01 2.516223e-01 -3.260133e-03
1.830018e+01 2.717020e-01 -2.637968e-03
1.830018e+01 2.933841e-01 -2.185928e-03
1.830018e+01 3.167964e-01 -1.977134e-03
1.830018e+01 3.420771e-01 -1.751677e-03
1.830018e+01 3.693752e-01 -1.508230e-03
1.830018e+01 3.988518e-01 -1.256259e-03
1.830018e+01 4.306805e-01 -1.137134e-03
1.830018e+01 4.650493e-01 -1.008502e-03
1.830018e+01 5.021607e-01 -8.696062e-04
1.830018e+01 5.422336e-01 -7.196260e-04
1.830018e+01 5.855044e-01 -6.288851e-04
1.830018e+01 6.322283e-01 -5.640865e-04
1.830018e+01 6.826808e-01 -4.941170e-04
1.830018e+01 7.371594e-01 -4.185637e-04
1.830018e+01 7.959855e-01 -3.515182e-04
1.830018e+01 8.595059e-01 -3.133289e-04
1.830018e+01 9.280954e-01 -2.720919e-04
1.830018e+01 1.002158e+00 -2.275642e-04
1.830018e+01 1.082132e+00 -1.794832e-04
1.830018e+01 1.168487e+00 -1.603334e-04
1.830018e+01 1.261733e+00 -1.424462e-04
1.830018e+01 1.362421e+00 -1.231317e-04
1.830018e+01 1.471144e+00 -1.022758e-04
1.830018e+01 1.588542e+00 -8.699143e-05
1.830018e+01 1.715310e+00 -7.682267e-05
1.830018e+01 1.852193e+00 -6.584242e-05
1.830018e+01 2.000000e+00 -5.398594e-05
1.868618e+01 1.000000e-03 -1.201561e-02
1.868618e+01 1.079801e-03 -1.289375e-02
1.868618e+01 1.165970e-03 -1.382866e-02
1.868618e+01 1.259016e-03 -1.482243e-02
1.868618e+01 1.359487e-03 -1.587690e-02
1.868618e+01 1.467975e-03 -1.699365e-02
1.868618e+01 1.585121e-03 -1.817391e-02
1.868618e+01 1.711615e-03 -1.941851e-02
1.868618e+01 1.848204e-03 -2.072782e-02
1.868618e+01 1.995693e-03 -2.210174e-02
1.868618e+01 2.154951e-03 -2.353962e-02
1.868618e+01 2.326918e-03 -2.504019e-02
1.868618e+01 2.512609e-03 -2.660145e-02
1.868618e+01 2.713117e-03 -2.822056e-02
1.868618e+01 2.929627e-03 -2.989385e-02
1.868618e+01 3.163414e-03 -3.161621e-02
1.868618e+01 3.415858e-03 -3.338102e-02
1.868618e+01 3.688447e-03 -3.518042e-02
1.868618e+01 3.982789e-03 -3.700465e-02
1.868618e+01 4.300619e-03 -3.884206e-02
1.868618e+01 4.643813e-03 -4.067942e-02
1.868618e+01 5.014394e-03 -4.250114e-02
1.868618e+01 5.414548e-03 -4.428928e-02
1.868618e+01 5.846635e-03 -4.602425e-02
1.868618e+01 6.313202e-03 -4.768340e-02
1.868618e+01 6.817002e-03 -4.924128e-02
1.868618e+01 7.361006e-03 -5.067114e-02
1.868618e+01 7.948422e-03 -5.194298e-02
1.868618e+01 8.582714e-03 -5.302432e-02
1.868618e+01 9.267624e-03 -5.388284e-02
1.868618e+01 1.000719e-02 -5.448427e-02
1.868618e+01 1.080577e-02 -5.479395e-02
1.868618e+01 1.166809e-02 -5.478086e-02
1.868618e+01 1.259921e-02 -5.441730e-02
1.868618e+01 1.360464e-02 -5.368093e-02
1.868618e+01 1.469030e-02 -5.255855e-02
1.868618e+01 1.586261e-02 -5.105288e-02
1.868618e+01 1.712846e-02 -4.918179e-02
1.868618e+01 1.849533e-02 -4.697478e-02
1.868618e+01 1.997127e-02 -4.449551e-02
1.868618e+01 2.156500e-02 -4.182918e-02
1.868618e+01 2.328591e-02 -3.905802e-02
1.868618e+01 2.514415e-02 -3.629503e-02
1.868618e+01 2.715068e-02 -3.366085e-02
1.868618e+01 2.931733e-02 -3.124603e-02
1.868618e+01 3.165689e-02 -2.911694e-02
1.868618e+01 3.418314e-02 -2.731353e-02
1.868618e+01 3.691099e-02 -2.580791e-02
1.868618e+01 3.985652e-02 -2.450892e-02
1.868618e+01 4.303711e-02 -2.326358e-02
1.868618e+01 4.647152e-02 -2.188618e-02
1.868618e+01 5.017999e-02 -2.021883e-02
1.868618e+01 5.418441e-02 -1.833885e-02
1.868618e+01 5.850838e-02 -1.647178e-02
1.868618e+01 6.317741e-02 -1.445572e-02
1.868618e+01 6.821903e-02 -1.227878e-02
1.868618e+01 7.366298e-02 -1.008450e-02
1.868618e+01 7.954136e-02 -9.312003e-03
1.868618e+01 8.588885e-02 -8.477862e-03
1.868618e+01 9.274286e-02 -7.577154e-03
1.868618e+01 1.001438e-01 -6.604570e-03
1.868618e+01 1.081354e-01 -6.062231e-03
1.868618e+01 1.167647e-01 -5.718914e-03
1.868618e+01 1.260827e-01 -5.348199e-03
1.868618e+01 1.361442e-01 -4.947901e-03
1.868618e+01 1.470087e-01 -4.534400e-03
1.868618e+01 1.587401e-01 -4.167736e-03
1.868618e+01 1.714077e-01 -3.771811e-03
1.868618e+01 1.850862e-01 -3.344290e-03
1.868618e+01 1.998563e-01 -2.882654e-03
1.868618e+01 2.158051e-01 -2.561599e-03
1.868618e+01 2.330265e-01 -2.250363e-03
1.868618e+01 2.516223e-01 -1.914290e-03
1.868618e+01 2.717020e-01 -1.551397e-03
1.868618e+01 2.933841e-01 -1.286817e-03
1.868618e+01 3.167964e-01 -1.162876e-03
1.868618e+01 3.420771e-01 -1.029044e-03
1.868618e+01 3.693752e-01 -8.845316e-04
1.868618e+01 3.988518e-01 -7.351113e-04
1.868618e+01 4.306805e-01 -6.666787e-04
1.868618e+01 4.650493e-01 -5.927851e-04
1.868618e+01 5.021607e-01 -5.129947e-04
1.868618e+01 5.422336e-01 -4.268369e-04
1.868618e+01 5.855044e-01 -3.743094e-04
1.868618e+01 6.322283e-01 -3.364661e-04
1.868618e+01 6.826808e-01 -2.956028e-04
1.868618e+01 7.371594e-01 -2.514786e-04
1.868618e+01 7.959855e-01 -2.122352e-04
1.868618e+01 8.595059e-01 -1.896305e-04
1.868618e+01 9.280954e-01 -1.652220e-04
1.868618e+01 1.002158e+00 -1.388656e-04
1.868618e+01 1.082132e+00 -1.104059e-04
1.868618e+01 1.168487e+00 -9.872685e-05
1.868618e+01 1.261733e+00 -8.773845e-05
1.868618e+01 1.362421e+00 -7.587317e-05
1.868618e+01 1.471144e+00 -6.306103e-05
1.868618e+01 1.588542e+00 -5.367996e-05
1.868618e+01 1.715310e+00 -4.744947e-05
1.868618e+01 1.852193e+00 -4.072178e-05
1.868618e+01 2.000000e+00 -3.345722e-05
1.907991e+01 1.000000e-03 5.826826e-04
1.907991e+01 1.079801e-03 6.252809e-04
1.907991e+01 1.165970e-03 6.706353e-04
1.907991e+01 1.259016e-03 7.188482e-04
1.907991e+01 1.359487e-03 7.700084e-04
1.907991e+01 1.467975e-03 8.241931e-04
1.907991e+01 1.585121e-03 8.814623e-04
1.907991e+01 1.711615e-03 9.418552e-04
1.907991e+01 1.848204e-03 1.005390e-03
1.907991e+01 1.995693e-03 1.072061e-03
1.907991e+01 2.154951e-03 1.141836e-03
1.907991e+01 2.326918e-03 1.214652e-03
1.907991e+01 2.512609e-03 1.290411e-03
1.907991e+01 2.713117e-03 1.368975e-03
1.907991e+01 2.929627e-03 1.450165e-03
1.907991e+01 3.163414e-03 1.533736e-03
1.907991e+01 3.415858e-03 1.619365e-03
1.907991e+01 3.688447e-03 1.706671e-03
1.907991e+01 3.982789e-03 1.795184e-03
1.907991e+01 4.300619e-03 1.884336e-03
1.907991e+01 4.643813e-03 1.973484e-03
1.907991e+01 5.014394e-03 2.061872e-03
1.907991e+01 5.414548e-03 2.148631e-03
1.907991e+01 5.846635e-03 2.232810e-03
1.907991e+01 6.313202e-03 2.313310e-03
1.907991e+01 6.817002e-03 2.388897e-03
1.907991e+01 7.361006e-03 2.458272e-03
1.907991e+01 7.948422e-03 2.519980e-03
1.907991e+01 8.582714e-03 2.572446e-03
1.907991e+01 9.267624e-03 2.614101e-03
1.907991e+01 1.000719e-02 2.643283e-03
1.907991e+01 1.080577e-02 2.658311e-03
1.907991e+01 1.166809e-02 2.657679e-03
1.907991e+01 1.259921e-02 2.640043e-03
1.907991e+01 1.360464e-02 2.604320e-03
1.907991e+01 1.469030e-02 2.549870e-03
1.907991e+01 1.586261e-02 2.476826e-03
1.907991e+01 1.712846e-02 2.386052e-03
1.907991e+01 1.849533e-02 2.278981e-03
1.907991e+01 1.997127e-02 2.158700e-03
1.907991e+01 2.156500e-02 2.029344e-03
1.907991e+01 2.328591e-02 1.894902e-03
1.907991e+01 2.514415e-02 1.760856e-03
1.907991e+01 2.715068e-02 1.633059e-03
1.907991e+01 2.931733e-02 1.515904e-03
1.907991e+01 3.165689e-02 1.412611e-03
1.907991e+01 3.418314e-02 1.325118e-03
1.907991e+01 3.691099e-02 1.252073e-03
1.907991e+01 3.985652e-02 1.189053e-03
1.907991e+01 4.303711e-02 1.128635e-03
1.907991e+01 4.647152e-02 1.061810e-03
1.907991e+01 5.017999e-02 9.809187e-04
1.907991e+01 5.418441e-02 9.066411e-04
1.907991e+01 5.850838e-02 8.632005e-04
1.907991e+01 6.317741e-02 8.162932e-04
1.907991e+01 6.821903e-02 7.656427e-04
1.907991e+01 7.366298e-02 7.103616e-04
1.907991e+01 7.954136e-02 6.446579e-04
1.907991e+01 8.588885e-02 5.737110e-04
1.907991e+01 9.274286e-02 4.971025e-04
1.907991e+01 1.001438e-01 4.143805e-04
1.907991e+01 1.081354e-01 3.667055e-04
1.907991e+01 1.167647e-01 3.350964e-04
1.907991e+01 1.260827e-01 3.009648e-04
1.907991e+01 1.361442e-01 2.641094e-04
1.907991e+01 1.470087e-01 2.281855e-04
1.907991e+01 1.587401e-01 2.058907e-04
1.907991e+01 1.714077e-01 1.818169e-04
1.907991e+01 1.850862e-01 1.558219e-04
1.907991e+01 1.998563e-01 1.277524e-04
1.907991e+01 2.158051e-01 1.131418e-04
1.907991e+01 2.330265e-01 1.005010e-04
1.907991e+01 2.516223e-01 8.685150e-05
1.907991e+01 2.717020e-01 7.211271e-05
1.907991e+01 2.933841e-01 6.068242e-05
1.907991e+01 3.167964e-01 5.403969e-05
1.907991e+01 3.420771e-01 4.686687e-05
1.907991e+01 3.693752e-01 3.912164e-05
1.907991e+01 3.988518e-01 3.113950e-05
1.907991e+01 4.306805e-01 2.786679e-05
1.907991e+01 4.650493e-01 2.433290e-05
1.907991e+01 5.021607e-01 2.051701e-05
1.907991e+01 5.422336e-01 1.639661e-05
1.907991e+01 5.855044e-01 1.391760e-05
1.907991e+01 6.322283e-01 1.215889e-05
1.907991e+01 6.826808e-01 1.025983e-05
1.907991e+01 7.371594e-01 8.209220e-06
1.907991e+01 7.959855e-01 6.443699e-06
1.907991e+01 8.595059e-01 5.593174e-06
1.907991e+01 9.280954e-01 4.674777e-06
1.907991e+01 1.002158e+00 3.683090e-06
1.907991e+01 1.082132e+00 2.612266e-06
1.907991e+01 1.168487e+00 2.198924e-06
1.907991e+01 1.261733e+00 1.815872e-06
1.907991e+01 1.362421e+00 1.402252e-06
1.907991e+01 1.471144e+00 9.556242e-07
1.907991e+01 1.588542e+00 6.750798e-07
1.907991e+01 1.715310e+00 5.487653e-07
1.907991e+01 1.852193e+00 4.123707e-07
1.907991e+01 2.000000e+00 2.650917e-07
1.948151e+01 1.000000e-03 5.547579e-04
1.948151e+01 1.079801e-03 5.953280e-04
1.948151e+01 1.165970e-03 6.385253e-04
1.948151e+01 1.259016e-03 6.844478e-04
1.948151e+01 1.359487e-03 7.331803e-04
1.948151e+01 1.467975e-03 7.847965e-04
1.948151e+01 1.585121e-03 8.393536e-04
1.948151e+01 1.711615e-03 8.968888e-04
1.948151e+01 1.848204e-03 9.574190e-04
1.948151e+01 1.995693e-03 1.020938e-03
1.948151e+01 2.154951e-03 1.087415e-03
1.948151e+01 2.326918e-03 1.156788e-03
1.948151e+01 2.512609e-03 1.228962e-03
1.948151e+01 2.713117e-03 1.303808e-03
1.948151e+01 2.929627e-03 1.381154e-03
1.948151e+01 3.163414e-03 1.460764e-03
1.948151e+01 3.415858e-03 1.542335e-03
1.948151e+01 3.688447e-03 1.625504e-03
1.948151e+01 3.982789e-03 1.709822e-03
1.948151e+01 4.300619e-03 1.794749e-03
1.948151e+01 4.643813e-03 1.879672e-03
1.948151e+01 5.014394e-03 1.963869e-03
1.948151e+01 5.414548e-03 2.046514e-03
1.948151e+01 5.846635e-03 2.126701e-03
1.948151e+01 6.313202e-03 2.203384e-03
1.948151e+01 6.817002e-03 2.275387e-03
1.948151e+01 7.361006e-03 2.341473e-03
1.948151e+01 7.948422e-03 2.400255e-03
1.948151e+01 8.582714e-03 2.450233e-03
1.948151e+01 9.267624e-03 2.489914e-03
1.948151e+01 1.000719e-02 2.517714e-03
1.948151e+01 1.080577e-02 2.532031e-03
1.948151e+01 1.166809e-02 2.531431e-03
1.948151e+01 1.259921e-02 2.514634e-03
1.948151e+01 1.360464e-02 2.480610e-03
1.948151e+01 1.469030e-02 2.428749e-03
1.948151e+01 1.586261e-02 2.359177e-03
1.948151e+01 1.712846e-02 2.272718e-03
1.948151e+01 1.849533e-02 2.170735e-03
1.948151e+01 1.997127e-02 2.056169e-03
1.948151e+01 2.156500e-02 1.932957e-03
1.948151e+01 2.328591e-02 1.804901e-03
1.948151e+01 2.514415e-02 1.677223e-03
1.948151e+01 2.715068e-02 1.555496e-03
1.948151e+01 2.931733e-02 1.443905e-03
1.948151e+01 3.165689e-02 1.345519e-03
1.948151e+01 3.418314e-02 1.262182e-03
1.948151e+01 3.691099e-02 1.192606e-03
1.948151e+01 3.985652e-02 1.132578e-03
1.948151e+01 4.303711e-02 1.075030e-03
1.948151e+01 4.647152e-02 1.011379e-03
1.948151e+01 5.017999e-02 9.343298e-04
1.948151e+01 5.418441e-02 8.635926e-04
1.948151e+01 5.850838e-02 8.222497e-04
1.948151e+01 6.317741e-02 7.776077e-04
1.948151e+01 6.821903e-02 7.294032e-04
1.948151e+01 7.366298e-02 6.767820e-04
1.948151e+01 7.954136e-02 6.141423e-04
1.948151e+01 8.588885e-02 5.465040e-04
1.948151e+01 9.274286e-02 4.734681e-04
1.948151e+01 1.001438e-01 3.946038e-04
1.948151e+01 1.081354e-01 3.491869e-04
1.948151e+01 1.167647e-01 3.191060e-04
1.948151e+01 1.260827e-01 2.866247e-04
1.948151e+01 1.361442e-01 2.515513e-04
1.948151e+01 1.470087e-01 2.173658e-04
1.948151e+01 1.587401e-01 1.961576e-04
1.948151e+01 1.714077e-01 1.732570e-04
1.948151e+01 1.850862e-01 1.485288e-04
1.948151e+01 1.998563e-01 1.218273e-04
1.948151e+01 2.158051e-01 1.079357e-04
1.948151e+01 2.330265e-01 9.591972e-05
1.948151e+01 2.516223e-01 8.294488e-05
1.948151e+01 2.717020e-01 6.893464e-05
1.948151e+01 2.933841e-01 5.806683e-05
1.948151e+01 3.167964e-01 5.174654e-05
1.948151e+01 3.420771e-01 4.492189e-05
1.948151e+01 3.693752e-01 3.755262e-05
1.948151e+01 3.988518e-01 2.995691e-05
1.948151e+01 4.306805e-01 2.682770e-05
1.948151e+01 4.650493e-01 2.344878e-05
1.948151e+01 5.021607e-01 1.980022e-05
1.948151e+01 5.422336e-01 1.586049e-05
1.948151e+01 5.855044e-01 1.348274e-05
1.948151e+01 6.322283e-01 1.178964e-05
1.948151e+01 6.826808e-01 9.961429e-06
1.948151e+01 7.371594e-01 7.987326e-06
1.948151e+01 7.959855e-01 6.285545e-06
1.948151e+01 8.595059e-01 5.459446e-06
1.948151e+01 9.280954e-01 4.567423e-06
1.948151e+01 1.002158e+00 3.604217e-06
1.948151e+01 1.082132e+00 2.564145e-06
1.948151e+01 1.168487e+00 2.159802e-06
1.948151e+01 1.261733e+00 1.784406e-06
1.948151e+01 1.362421e+00 1.379053e-06
1.948151e+01 1.471144e+00 9.413531e-07
1.948151e+01 1.588542e+00 6.660501e-07
1.948151e+01 1.715310e+00 5.415447e-07
1.948151e+01 1.852193e+00 4.071038e-07
1.948151e+01 2.000000e+00 2.619342e-07
1.989114e+01 1.000000e-03 5.270305e-04
1.989114e+01 1.079801e-03 5.655855e-04
1.989114e+01 1.165970e-03 6.066397e-04
1.989114e+01 1.259016e-03 6.502863e-04
1.989114e+01 1.359487e-03 6.966061e-04
1.989114e+01 1.467975e-03 7.456698e-04
1.989114e+01 1.585121e-03 7.975315e-04
1.989114e+01 1.711615e-03 8.522264e-04
1.989114e+01 1.848204e-03 9.097702e-04
1.989114e+01 1.995693e-03 9.701569e-04
1.989114e+01 2.154951e-03 1.033355e-03
1.989114e+01 2.326918e-03 1.099306e-03
1.989114e+01 2.512609e-03 1.167920e-03
1.989114e+01 2.713117e-03 1.239070e-03
1.989114e+01 2.929627e-03 1.312595e-03
1.989114e+01 3.163414e-03 1.388270e-03
1.989114e+01 3.415858e-03 1.465809e-03
1.989114e+01 3.688447e-03 1.544867e-03
1.989114e+01 3.982789e-03 1.625017e-03
1.989114e+01 4.300619e-03 1.705745e-03
1.989114e+01 4.643813e-03 1.786469e-03
1.989114e+01 5.014394e-03 1.866503e-03
1.989114e+01 5.414548e-03 1.945060e-03
1.989114e+01 5.846635e-03 2.021281e-03
1.989114e+01 6.313202e-03 2.094171e-03
1.989114e+01 6.817002e-03 2.162613e-03
1.989114e+01 7.361006e-03 2.225430e-03
1.989114e+01 7.948422e-03 2.281305e-03
1.989114e+01 8.582714e-03 2.328811e-03
1.989114e+01 9.267624e-03 2.366531e-03
1.989114e+01 1.000719e-02 2.392957e-03
1.989114e+01 1.080577e-02 2.406568e-03
1.989114e+01 1.166809e-02 2.405999e-03
1.989114e+01 1.259921e-02 2.390035e-03
1.989114e+01 1.360464e-02 2.357697e-03
1.989114e+01 1.469030e-02 2.308408e-03
1.989114e+01 1.586261e-02 2.242287e-03
1.989114e+01 1.712846e-02 2.160116e-03
1.989114e+01 1.849533e-02 2.063188e-03
1.989114e+01 1.997127e-02 1.954299e-03
1.989114e+01 2.156500e-02 1.837193e-03
1.989114e+01 2.328591e-02 1.715482e-03
1.989114e+01 2.514415e-02 1.594129e-03
1.989114e+01 2.715068e-02 1.478434e-03
1.989114e+01 2.931733e-02 1.372372e-03
1.989114e+01 3.165689e-02 1.278860e-03
1.989114e+01 3.418314e-02 1.199651e-03
1.989114e+01 3.691099e-02 1.133522e-03
1.989114e+01 3.985652e-02 1.076469e-03
1.989114e+01 4.303711e-02 1.021771e-03
1.989114e+01 4.647152e-02 9.612740e-04
1.989114e+01 5.017999e-02 8.880418e-04
1.989114e+01 5.418441e-02 8.208208e-04
1.989114e+01 5.850838e-02 7.815590e-04
1.989114e+01 6.317741e-02 7.391641e-04
1.989114e+01 6.821903e-02 6.933860e-04
1.989114e+01 7.366298e-02 6.434072e-04
1.989114e+01 7.954136e-02 5.838487e-04
1.989114e+01 8.588885e-02 5.195374e-04
1.989114e+01 9.274286e-02 4.500940e-04
1.989114e+01 1.001438e-01 3.751090e-04
1.989114e+01 1.081354e-01 3.319396e-04
1.989114e+01 1.167647e-01 3.033594e-04
1.989114e+01 1.260827e-01 2.724986e-04
1.989114e+01 1.361442e-01 2.391750e-04
1.989114e+01 1.470087e-01 2.066985e-04
1.989114e+01 1.587401e-01 1.865668e-04
1.989114e+01 1.714077e-01 1.648287e-04
1.989114e+01 1.850862e-01 1.413558e-04
1.989114e+01 1.998563e-01 1.160098e-04
1.989114e+01 2.158051e-01 1.028283e-04
1.989114e+01 2.330265e-01 9.142879e-05
1.989114e+01 2.516223e-01 7.911957e-05
1.989114e+01 2.717020e-01 6.582805e-05
1.989114e+01 2.933841e-01 5.551247e-05
1.989114e+01 3.167964e-01 4.950395e-05
1.989114e+01 3.420771e-01 4.301594e-05
1.989114e+01 3.693752e-01 3.601018e-05
1.989114e+01 3.988518e-01 2.878832e-05
1.989114e+01 4.306805e-01 2.580076e-05
1.989114e+01 4.650493e-01 2.257479e-05
1.989114e+01 5.021607e-01 1.909138e-05
1.989114e+01 5.422336e-01 1.533000e-05
1.989114e+01 5.855044e-01 1.305190e-05
1.989114e+01 6.322283e-01 1.142311e-05
1.989114e+01 6.826808e-01 9.664349e-06
1.989114e+01 7.371594e-01 7.765232e-06
1.989114e+01 7.959855e-01 6.126033e-06
1.989114e+01 8.595059e-01 5.324244e-06
1.989114e+01 9.280954e-01 4.458471e-06
1.989114e+01 1.002158e+00 3.523609e-06
1.989114e+01 1.082132e+00 2.514143e-06
1.989114e+01 1.168487e+00 2.119053e-06
1.989114e+01 1.261733e+00 1.751621e-06
1.989114e+01 1.362421e+00 1.354868e-06
1.989114e+01 1.471144e+00 9.264531e-07
1.989114e+01 1.588542e+00 6.565887e-07
1.989114e+01 1.715310e+00 5.339389e-07
1.989114e+01 1.852193e+00 4.015014e-07
1.989114e+01 2.000000e+00 2.584954e-07
2.030896e+01 1.000000e-03 4.996523e-04
2.030896e+01 1.079801e-03 5.362166e-04
2.030896e+01 1.165970e-03 5.751532e-04
2.030896e+01 1.259016e-03 6.165509e-04
2.030896e+01 1.359487e-03 6.604867e-04
2.030896e+01 1.467975e-03 7.070277e-04
2.030896e+01 1.585121e-03 7.562255e-04
2.030896e+01 1.711615e-03 8.081132e-04
2.030896e+01 1.848204e-03 8.627056e-04
2.030896e+01 1.995693e-03 9.199963e-04
2.030896e+01 2.154951e-03 9.799549e-04
2.030896e+01 2.326918e-03 1.042524e-03
2.030896e+01 2.512609e-03 1.107618e-03
2.030896e+01 2.713117e-03 1.175117e-03
2.030896e+01 2.929627e-03 1.244867e-03
2.030896e+01 3.163414e-03 1.316654e-03
2.030896e+01 3.415858e-03 1.390208e-03
2.030896e+01 3.688447e-03 1.465203e-03
2.030896e+01 3.982789e-03 1.541235e-03
2.030896e+01 4.300619e-03 1.617815e-03
2.030896e+01 4.643813e-03 1.694390e-03
2.030896e+01 5.014394e-03 1.770310e-03
2.030896e+01 5.414548e-03 1.844828e-03
2.030896e+01 5.846635e-03 1.917130e-03
2.030896e+01 6.313202e-03 1.986273e-03
2.030896e+01 6.817002e-03 2.051196e-03
2.030896e+01 7.361006e-03 2.110783e-03
2.030896e+01 7.948422e-03 2.163785e-03
2.030896e+01 8.582714e-03 2.208849e-03
2.030896e+01 9.267624e-03 2.244630e-03
2.030896e+01 1.000719e-02 2.269700e-03
2.030896e+01 1.080577e-02 2.282613e-03
2.030896e+01 1.166809e-02 2.282075e-03
2.030896e+01 1.259921e-02 2.266932e-03
2.030896e+01 1.360464e-02 2.236260e-03
2.030896e+01 1.469030e-02 2.189512e-03
2.030896e+01 1.586261e-02 2.126801e-03
2.030896e+01 1.712846e-02 2.048866e-03
2.030896e+01 1.849533e-02 1.956933e-03
2.030896e+01 1.997127e-02 1.853654e-03
2.030896e+01 2.156500e-02 1.742579e-03
2.030896e+01 2.328591e-02 1.627136e-03
2.030896e+01 2.514415e-02 1.512034e-03
2.030896e+01 2.715068e-02 1.402297e-03
2.030896e+01 2.931733e-02 1.301698e-03
2.030896e+01 3.165689e-02 1.213001e-03
2.030896e+01 3.418314e-02 1.137872e-03
2.030896e+01 3.691099e-02 1.075148e-03
2.030896e+01 3.985652e-02 1.021033e-03
2.030896e+01 4.303711e-02 9.691524e-04
2.030896e+01 4.647152e-02 9.117705e-04
2.030896e+01 5.017999e-02 8.423096e-04
2.030896e+01 5.418441e-02 7.785839e-04
2.030896e+01 5.850838e-02 7.414369e-04
2.030896e+01 6.317741e-02 7.013256e-04
2.030896e+01 6.821903e-02 6.580133e-04
2.030896e+01 7.366298e-02 6.107106e-04
2.030896e+01 7.954136e-02 5.541787e-04
2.030896e+01 8.588885e-02 4.931356e-04
2.030896e+01 9.274286e-02 4.272212e-04
2.030896e+01 1.001438e-01 3.560467e-04
2.030896e+01 1.081354e-01 3.150827e-04
2.030896e+01 1.167647e-01 2.879729e-04
2.030896e+01 1.260827e-01 2.586997e-04
2.030896e+01 1.361442e-01 2.270905e-04
2.030896e+01 1.470087e-01 1.962881e-04
2.030896e+01 1.587401e-01 1.772094e-04
2.030896e+01 1.714077e-01 1.566083e-04
2.030896e+01 1.850862e-01 1.343631e-04
2.030896e+01 1.998563e-01 1.103428e-04
2.030896e+01 2.158051e-01 9.785310e-05
2.030896e+01 2.330265e-01 8.705280e-05
2.030896e+01 2.516223e-01 7.539063e-05
2.030896e+01 2.717020e-01 6.279780e-05
2.030896e+01 2.933841e-01 5.302034e-05
2.030896e+01 3.167964e-01 4.731794e-05
2.030896e+01 3.420771e-01 4.116049e-05
2.030896e+01 3.693752e-01 3.451167e-05
2.030896e+01 3.988518e-01 2.765681e-05
2.030896e+01 4.306805e-01 2.480707e-05
2.030896e+01 4.650493e-01 2.172992e-05
2.030896e+01 5.021607e-01 1.840722e-05
2.030896e+01 5.422336e-01 1.481935e-05
2.030896e+01 5.855044e-01 1.263703e-05
2.030896e+01 6.322283e-01 1.106898e-05
2.030896e+01 6.826808e-01 9.375792e-06
2.030896e+01 7.371594e-01 7.547488e-06
2.030896e+01 7.959855e-01 5.967613e-06
2.030896e+01 8.595059e-01 5.189551e-06
2.030896e+01 9.280954e-01 4.349399e-06
2.030896e+01 1.002158e+00 3.442203e-06
2.030896e+01 1.082132e+00 2.462611e-06
2.030896e+01 1.168487e+00 2.076858e-06
2.030896e+01 1.261733e+00 1.717558e-06
2.030896e+01 1.362421e+00 1.329586e-06
2.030896e+01 1.471144e+00 9.106522e-07
2.030896e+01 1.588542e+00 6.464020e-07
2.030896e+01 1.715310e+00 5.257660e-07
2.030896e+01 1.852193e+00 3.955032e-07
2.030896e+01 2.000000e+00 2.548452e-07
2.073514e+01 1.000000e-03 4.730111e-04
2.073514e+01 1.079801e-03 5.076373e-04
2.073514e+01 1.165970e-03 5.445122e-04
2.073514e+01 1.259016e-03 5.837203e-04
2.073514e+01 1.359487e-03 6.253347e-04
2.073514e+01 1.467975e-03 6.694192e-04
2.073514e+01 1.585121e-03 7.160227e-04
2.073514e+01 1.711615e-03 7.651767e-04
2.073514e+01 1.848204e-03 8.168948e-04
2.073514e+01 1.995693e-03 8.711704e-04
2.073514e+01 2.154951e-03 9.279740e-04
2.073514e+01 2.326918e-03 9.872507e-04
2.073514e+01 2.512609e-03 1.048918e-03
2.073514e+01 2.713117e-03 1.112862e-03
2.073514e+01 2.929627e-03 1.178935e-03
2.073514e+01 3.163414e-03 1.246937e-03
2.073514e+01 3.415858e-03 1.316612e-03
2.073514e+01 3.688447e-03 1.387651e-03
2.073514e+01 3.982789e-03 1.459673e-03
2.073514e+01 4.300619e-03 1.532214e-03
2.073514e+01 4.643813e-03 1.604749e-03
2.073514e+01 5.014394e-03 1.676663e-03
2.073514e+01 5.414548e-03 1.747249e-03
2.073514e+01 5.846635e-03 1.815735e-03
2.073514e+01 6.313202e-03 1.881230e-03
2.073514e+01 6.817002e-03 1.942726e-03
2.073514e+01 7.361006e-03 1.999169e-03
2.073514e+01 7.948422e-03 2.049374e-03
2.073514e+01 8.582714e-03 2.092061e-03
2.073514e+01 9.267624e-03 2.125955e-03
2.073514e+01 1.000719e-02 2.149704e-03
2.073514e+01 1.080577e-02 2.161937e-03
2.073514e+01 1.166809e-02 2.161427e-03
2.073514e+01 1.259921e-02 2.147085e-03
2.073514e+01 1.360464e-02 2.118034e-03
2.073514e+01 1.469030e-02 2.073760e-03
2.073514e+01 1.586261e-02 2.014369e-03
2.073514e+01 1.712846e-02 1.940559e-03
2.073514e+01 1.849533e-02 1.853488e-03
2.073514e+01 1.997127e-02 1.755670e-03
2.073514e+01 2.156500e-02 1.650467e-03
2.073514e+01 2.328591e-02 1.541127e-03
2.073514e+01 2.514415e-02 1.432109e-03
2.073514e+01 2.715068e-02 1.328173e-03
2.073514e+01 2.931733e-02 1.232892e-03
2.073514e+01 3.165689e-02 1.148884e-03
2.073514e+01 3.418314e-02 1.077726e-03
2.073514e+01 3.691099e-02 1.018318e-03
2.073514e+01 3.985652e-02 9.670630e-04
2.073514e+01 4.303711e-02 9.179247e-04
2.073514e+01 4.647152e-02 8.635759e-04
2.073514e+01 5.017999e-02 7.977867e-04
2.073514e+01 5.418441e-02 7.374587e-04
2.073514e+01 5.850838e-02 7.023567e-04
2.073514e+01 6.317741e-02 6.644536e-04
2.073514e+01 6.821903e-02 6.235258e-04
2.073514e+01 7.366298e-02 5.788114e-04
2.073514e+01 7.954136e-02 5.252144e-04
2.073514e+01 8.588885e-02 4.673402e-04
2.073514e+01 9.274286e-02 4.048476e-04
2.073514e+01 1.001438e-01 3.373680e-04
2.073514e+01 1.081354e-01 2.985588e-04
2.073514e+01 1.167647e-01 2.729003e-04
2.073514e+01 1.260827e-01 2.451942e-04
2.073514e+01 1.361442e-01 2.152772e-04
2.073514e+01 1.470087e-01 1.861248e-04
2.073514e+01 1.587401e-01 1.680728e-04
2.073514e+01 1.714077e-01 1.485803e-04
2.073514e+01 1.850862e-01 1.275323e-04
2.073514e+01 1.998563e-01 1.048047e-04
2.073514e+01 2.158051e-01 9.299461e-05
2.073514e+01 2.330265e-01 8.278506e-05
2.073514e+01 2.516223e-01 7.176078e-05
2.073514e+01 2.717020e-01 5.985676e-05
2.073514e+01 2.933841e-01 5.060690e-05
2.073514e+01 3.167964e-01 4.519949e-05
2.073514e+01 3.420771e-01 3.936056e-05
2.073514e+01 3.693752e-01 3.305569e-05
2.073514e+01 3.988518e-01 2.655448e-05
2.073514e+01 4.306805e-01 2.383794e-05
2.073514e+01 4.650493e-01 2.090461e-05
2.073514e+01 5.021607e-01 1.773721e-05
2.073514e+01 5.422336e-01 1.431704e-05
2.073514e+01 5.855044e-01 1.222776e-05
2.073514e+01 6.322283e-01 1.071913e-05
2.073514e+01 6.826808e-01 9.090115e-06
2.073514e+01 7.371594e-01 7.331103e-06
2.073514e+01 7.959855e-01 5.809305e-06
2.073514e+01 8.595059e-01 5.054550e-06
2.073514e+01 9.280954e-01 4.239564e-06
2.073514e+01 1.002158e+00 3.359542e-06
2.073514e+01 1.082132e+00 2.409293e-06
2.073514e+01 1.168487e+00 2.033115e-06
2.073514e+01 1.261733e+00 1.682269e-06
2.073514e+01 1.362421e+00 1.303426e-06
2.073514e+01 1.471144e+00 8.943498e-07
2.073514e+01 1.588542e+00 6.359638e-07
2.073514e+01 1.715310e+00 5.174750e-07
2.073514e+01 1.852193e+00 3.895307e-07
2.073514e+01 2.000000e+00 2.513763e-07
2.116984e+01 1.000000e-03 4.469805e-04
2.116984e+01 1.079801e-03 4.797122e-04
2.116984e+01 1.165970e-03 5.145715e-04
2.116984e+01 1.259016e-03 5.516387e-04
2.116984e+01 1.359487e-03 5.909832e-04
2.116984e+01 1.467975e-03 6.326656e-04
2.116984e+01 1.585121e-03 6.767323e-04
2.116984e+01 1.711615e-03 7.232129e-04
2.116984e+01 1.848204e-03 7.721200e-04
2.116984e+01 1.995693e-03 8.234470e-04
2.116984e+01 2.154951e-03 8.771653e-04
2.116984e+01 2.326918e-03 9.332221e-04
2.116984e+01 2.512609e-03 9.915381e-04
2.116984e+01 2.713117e-03 1.052006e-03
2.116984e+01 2.929627e-03 1.114485e-03
2.116984e+01 3.163414e-03 1.178787e-03
2.116984e+01 3.415858e-03 1.244668e-03
2.116984e+01 3.688447e-03 1.311839e-03
2.116984e+01 3.982789e-03 1.379940e-03
2.116984e+01 4.300619e-03 1.448532e-03
2.116984e+01 4.643813e-03 1.517118e-03
2.116984e+01 5.014394e-03 1.585115e-03
2.116984e+01 5.414548e-03 1.651857e-03
2.116984e+01 5.846635e-03 1.716613e-03
2.116984e+01 6.313202e-03 1.778540e-03
2.116984e+01 6.817002e-03 1.836687e-03
2.116984e+01 7.361006e-03 1.890055e-03
2.116984e+01 7.948422e-03 1.937525e-03
2.116984e+01 8.582714e-03 1.977887e-03
2.116984e+01 9.267624e-03 2.009936e-03
2.116984e+01 1.000719e-02 2.032393e-03
2.116984e+01 1.080577e-02 2.043962e-03
2.116984e+01 1.166809e-02 2.043481e-03
2.116984e+01 1.259921e-02 2.029921e-03
2.116984e+01 1.360464e-02 2.002456e-03
2.116984e+01 1.469030e-02 1.960600e-03
2.116984e+01 1.586261e-02 1.904453e-03
2.116984e+01 1.712846e-02 1.834675e-03
2.116984e+01 1.849533e-02 1.752359e-03
2.116984e+01 1.997127e-02 1.659878e-03
2.116984e+01 2.156500e-02 1.560416e-03
2.116984e+01 2.328591e-02 1.457042e-03
2.116984e+01 2.514415e-02 1.353973e-03
2.116984e+01 2.715068e-02 1.255709e-03
2.116984e+01 2.931733e-02 1.165626e-03
2.116984e+01 3.165689e-02 1.086202e-03
2.116984e+01 3.418314e-02 1.018926e-03
2.116984e+01 3.691099e-02 9.627594e-04
2.116984e+01 3.985652e-02 9.143008e-04
2.116984e+01 4.303711e-02 8.678434e-04
2.116984e+01 4.647152e-02 8.164599e-04
2.116984e+01 5.017999e-02 7.542601e-04
2.116984e+01 5.418441e-02 6.972601e-04
2.116984e+01 5.850838e-02 6.641749e-04
2.116984e+01 6.317741e-02 6.284495e-04
2.116984e+01 6.821903e-02 5.898731e-04
2.116984e+01 7.366298e-02 5.477092e-04
2.116984e+01 7.954136e-02 4.969821e-04
2.116984e+01 8.588885e-02 4.422070e-04
2.116984e+01 9.274286e-02 3.830607e-04
2.116984e+01 1.001438e-01 3.191945e-04
2.116984e+01 1.081354e-01 2.824879e-04
2.116984e+01 1.167647e-01 2.582415e-04
2.116984e+01 1.260827e-01 2.320602e-04
2.116984e+01 1.361442e-01 2.037895e-04
2.116984e+01 1.470087e-01 1.762431e-04
2.116984e+01 1.587401e-01 1.591935e-04
2.116984e+01 1.714077e-01 1.407833e-04
2.116984e+01 1.850862e-01 1.209040e-04
2.116984e+01 1.998563e-01 9.943830e-05
2.116984e+01 2.158051e-01 8.828700e-05
2.116984e+01 2.330265e-01 7.864822e-05
2.116984e+01 2.516223e-01 6.824025e-05
2.116984e+01 2.717020e-01 5.700171e-05
2.116984e+01 2.933841e-01 4.826144e-05
2.116984e+01 3.167964e-01 4.313864e-05
2.116984e+01 3.420771e-01 3.760703e-05
2.116984e+01 3.693752e-01 3.163400e-05
2.116984e+01 3.988518e-01 2.547407e-05
2.116984e+01 4.306805e-01 2.288693e-05
2.116984e+01 4.650493e-01 2.009333e-05
2.116984e+01 5.021607e-01 1.707680e-05
2.116984e+01 5.422336e-01 1.381955e-05
2.116984e+01 5.855044e-01 1.182086e-05
2.116984e+01 6.322283e-01 1.037030e-05
2.116984e+01 6.826808e-01 8.803990e-06
2.116984e+01 7.371594e-01 7.112684e-06
2.116984e+01 7.959855e-01 5.647925e-06
2.116984e+01 8.595059e-01 4.916946e-06
2.116984e+01 9.280954e-01 4.127635e-06
2.116984e+01 1.002158e+00 3.275335e-06
2.116984e+01 1.082132e+00 2.355022e-06
2.116984e+01 1.168487e+00 1.988557e-06
2.116984e+01 1.261733e+00 1.646274e-06
2.116984e+01 1.362421e+00 1.276677e-06
2.116984e+01 1.471144e+00 8.775854e-07
2.116984e+01 1.588542e+00 6.251475e-07
2.116984e+01 1.715310e+00 5.088500e-07
2.116984e+01 1.852193e+00 3.832718e-07
2.116984e+01 2.000000e+00 2.476723e-07
2.161324e+01 1.000000e-03 4.216418e-04
2.161324e+01 1.079801e-03 4.525284e-04
2.161324e+01 1.165970e-03 4.854246e-04
2.161324e+01 1.259016e-03 5.204064e-04
2.161324e+01 1.359487e-03 5.575398e-04
2.161324e+01 1.467975e-03 5.968822e-04
2.161324e+01 1.585121e-03 6.384774e-04
2.161324e+01 1.711615e-03 6.823534e-04
2.161324e+01 1.848204e-03 7.285218e-04
2.161324e+01 1.995693e-03 7.769761e-04
2.161324e+01 2.154951e-03 8.276886e-04
2.161324e+01 2.326918e-03 8.806084e-04
2.161324e+01 2.512609e-03 9.356602e-04
2.161324e+01 2.713117e-03 9.927417e-04
2.161324e+01 2.929627e-03 1.051720e-03
2.161324e+01 3.163414e-03 1.112417e-03
2.161324e+01 3.415858e-03 1.174603e-03
2.161324e+01 3.688447e-03 1.238007e-03
2.161324e+01 3.982789e-03 1.302289e-03
2.161324e+01 4.300619e-03 1.367034e-03
2.161324e+01 4.643813e-03 1.431773e-03
2.161324e+01 5.014394e-03 1.495955e-03
2.161324e+01 5.414548e-03 1.558952e-03
2.161324e+01 5.846635e-03 1.620075e-03
2.161324e+01 6.313202e-03 1.678527e-03
2.161324e+01 6.817002e-03 1.733411e-03
2.161324e+01 7.361006e-03 1.783785e-03
2.161324e+01 7.948422e-03 1.828591e-03
2.161324e+01 8.582714e-03 1.866689e-03
2.161324e+01 9.267624e-03 1.896940e-03
2.161324e+01 1.000719e-02 1.918139e-03
2.161324e+01 1.080577e-02 1.929060e-03
2.161324e+01 1.166809e-02 1.928608e-03
2.161324e+01 1.259921e-02 1.915811e-03
2.161324e+01 1.360464e-02 1.889890e-03
2.161324e+01 1.469030e-02 1.850389e-03
2.161324e+01 1.586261e-02 1.797402e-03
2.161324e+01 1.712846e-02 1.731550e-03
2.161324e+01 1.849533e-02 1.653863e-03
2.161324e+01 1.997127e-02 1.566582e-03
2.161324e+01 2.156500e-02 1.472710e-03
2.161324e+01 2.328591e-02 1.375147e-03
2.161324e+01 2.514415e-02 1.277872e-03
2.161324e+01 2.715068e-02 1.185131e-03
2.161324e+01 2.931733e-02 1.100112e-03
2.161324e+01 3.165689e-02 1.025152e-03
2.161324e+01 3.418314e-02 9.616577e-04
2.161324e+01 3.691099e-02 9.086478e-04
2.161324e+01 3.985652e-02 8.629127e-04
2.161324e+01 4.303711e-02 8.190664e-04
2.161324e+01 4.647152e-02 7.705709e-04
2.161324e+01 5.017999e-02 7.118672e-04
2.161324e+01 5.418441e-02 6.581084e-04
2.161324e+01 5.850838e-02 6.269872e-04
2.161324e+01 6.317741e-02 5.933825e-04
2.161324e+01 6.821903e-02 5.570961e-04
2.161324e+01 7.366298e-02 5.174155e-04
2.161324e+01 7.954136e-02 4.694786e-04
2.161324e+01 8.588885e-02 4.177163e-04
2.161324e+01 9.274286e-02 3.618233e-04
2.161324e+01 1.001438e-01 3.014700e-04
2.161324e+01 1.081354e-01 2.668169e-04
2.161324e+01 1.167647e-01 2.439580e-04
2.161324e+01 1.260827e-01 2.192749e-04
2.161324e+01 1.361442e-01 1.926221e-04
2.161324e+01 1.470087e-01 1.666519e-04
2.161324e+01 1.587401e-01 1.505775e-04
2.161324e+01 1.714077e-01 1.332203e-04
2.161324e+01 1.850862e-01 1.144779e-04
2.161324e+01 1.998563e-01 9.423996e-05
2.161324e+01 2.158051e-01 8.372793e-05
2.161324e+01 2.330265e-01 7.464232e-05
2.161324e+01 2.516223e-01 6.483167e-05
2.161324e+01 2.717020e-01 5.423812e-05
2.161324e+01 2.933841e-01 4.599109e-05
2.161324e+01 3.167964e-01 4.114262e-05
2.161324e+01 3.420771e-01 3.590723e-05
2.161324e+01 3.693752e-01 3.025405e-05
2.161324e+01 3.988518e-01 2.442306e-05
2.161324e+01 4.306805e-01 2.196041e-05
2.161324e+01 4.650493e-01 1.930125e-05
2.161324e+01 5.021607e-01 1.642988e-05
2.161324e+01 5.422336e-01 1.332937e-05
2.161324e+01 5.855044e-01 1.141850e-05
2.161324e+01 6.322283e-01 1.002482e-05
2.161324e+01 6.826808e-01 8.519926e-06
2.161324e+01 7.371594e-01 6.894939e-06
2.161324e+01 7.959855e-01 5.486084e-06
2.161324e+01 8.595059e-01 4.778511e-06
2.161324e+01 9.280954e-01 4.014473e-06
2.161324e+01 1.002158e+00 3.189464e-06
2.161324e+01 1.082132e+00 2.298618e-06
2.161324e+01 1.168487e+00 1.942237e-06
2.161324e+01 1.261733e+00 1.608992e-06
2.161324e+01 1.362421e+00 1.249154e-06
2.161324e+01 1.471144e+00 8.606003e-07
2.161324e+01 1.588542e+00 6.143892e-07
2.161324e+01 1.715310e+00 5.003046e-07
2.161324e+01 1.852193e+00 3.771160e-07
2.161324e+01 2.000000e+00 2.440969e-07
2.206550e+01 1.000000e-03 3.971461e-04
2.206550e+01 1.079801e-03 4.262481e-04
2.206550e+01 1.165970e-03 4.572455e-04
2.206550e+01 1.259016e-03 4.902102e-04
2.206550e+01 1.359487e-03 5.252047e-04
2.206550e+01 1.467975e-03 5.622832e-04
2.206550e+01 1.585121e-03 6.014873e-04
2.206550e+01 1.711615e-03 6.428431e-04
2.206550e+01 1.848204e-03 6.863618e-04
2.206550e+01 1.995693e-03 7.320366e-04
2.206550e+01 2.154951e-03 7.798409e-04
2.206550e+01 2.326918e-03 8.297259e-04
2.206550e+01 2.512609e-03 8.816198e-04
2.206550e+01 2.713117e-03 9.354256e-04
2.206550e+01 2.929627e-03 9.910174e-04
2.206550e+01 3.163414e-03 1.048227e-03
2.206550e+01 3.415858e-03 1.106839e-03
2.206550e+01 3.688447e-03 1.166599e-03
2.206550e+01 3.982789e-03 1.227186e-03
2.206550e+01 4.300619e-03 1.288210e-03
2.206550e+01 4.643813e-03 1.349227e-03
2.206550e+01 5.014394e-03 1.409720e-03
2.206550e+01 5.414548e-03 1.469094e-03
2.206550e+01 5.846635e-03 1.526703e-03
2.206550e+01 6.313202e-03 1.581793e-03
2.206550e+01 6.817002e-03 1.633522e-03
2.206550e+01 7.361006e-03 1.680998e-03
2.206550e+01 7.948422e-03 1.723228e-03
2.206550e+01 8.582714e-03 1.759135e-03
2.206550e+01 9.267624e-03 1.787648e-03
2.206550e+01 1.000719e-02 1.807630e-03
2.206550e+01 1.080577e-02 1.817925e-03
2.206550e+01 1.166809e-02 1.817501e-03
2.206550e+01 1.259921e-02 1.805442e-03
2.206550e+01 1.360464e-02 1.781016e-03
2.206550e+01 1.469030e-02 1.743792e-03
2.206550e+01 1.586261e-02 1.693861e-03
2.206550e+01 1.712846e-02 1.631804e-03
2.206550e+01 1.849533e-02 1.558594e-03
2.206550e+01 1.997127e-02 1.476342e-03
2.206550e+01 2.156500e-02 1.387879e-03
2.206550e+01 2.328591e-02 1.295936e-03
2.206550e+01 2.514415e-02 1.204265e-03
2.206550e+01 2.715068e-02 1.116866e-03
2.206550e+01 2.931733e-02 1.036745e-03
2.206550e+01 3.165689e-02 9.661027e-04
2.206550e+01 3.418314e-02 9.062657e-04
2.206550e+01 3.691099e-02 8.563092e-04
2.206550e+01 3.985652e-02 8.132085e-04
2.206550e+01 4.303711e-02 7.718878e-04
2.206550e+01 4.647152e-02 7.261857e-04
2.206550e+01 5.017999e-02 6.708634e-04
2.206550e+01 5.418441e-02 6.202361e-04
2.206550e+01 5.850838e-02 5.910047e-04
2.206550e+01 6.317741e-02 5.594406e-04
2.206550e+01 6.821903e-02 5.253576e-04
2.206550e+01 7.366298e-02 4.880686e-04
2.206550e+01 7.954136e-02 4.428385e-04
2.206550e+01 8.588885e-02 3.939991e-04
2.206550e+01 9.274286e-02 3.412622e-04
2.206550e+01 1.001438e-01 2.843168e-04
2.206550e+01 1.081354e-01 2.516486e-04
2.206550e+01 1.167647e-01 2.301241e-04
2.206550e+01 1.260827e-01 2.068819e-04
2.206550e+01 1.361442e-01 1.817850e-04
2.206550e+01 1.470087e-01 1.573335e-04
2.206550e+01 1.587401e-01 1.422112e-04
2.206550e+01 1.714077e-01 1.258821e-04
2.206550e+01 1.850862e-01 1.082500e-04
2.206550e+01 1.998563e-01 8.921073e-05
2.206550e+01 2.158051e-01 7.931764e-05
2.206550e+01 2.330265e-01 7.076543e-05
2.206550e+01 2.516223e-01 6.153074e-05
2.206550e+01 2.717020e-01 5.155912e-05
2.206550e+01 2.933841e-01 4.378808e-05
2.206550e+01 3.167964e-01 3.920504e-05
2.206550e+01 3.420771e-01 3.425626e-05
2.206550e+01 3.693752e-01 2.891257e-05
2.206550e+01 3.988518e-01 2.339977e-05
2.206550e+01 4.306805e-01 2.105645e-05
2.206550e+01 4.650493e-01 1.852614e-05
2.206550e+01 5.021607e-01 1.579390e-05
2.206550e+01 5.422336e-01 1.284363e-05
2.206550e+01 5.855044e-01 1.101769e-05
2.206550e+01 6.322283e-01 9.679701e-06
2.206550e+01 6.826808e-01 8.234935e-06
2.206550e+01 7.371594e-01 6.674876e-06
2.206550e+01 7.959855e-01 5.321047e-06
2.206550e+01 8.595059e-01 4.637399e-06
2.206550e+01 9.280954e-01 3.899195e-06
2.206550e+01 1.002158e+00 3.102082e-06
2.206550e+01 1.082132e+00 2.241359e-06
2.206550e+01 1.168487e+00 1.895262e-06
2.206550e+01 1.261733e+00 1.571228e-06
2.206550e+01 1.362421e+00 1.221336e-06
2.206550e+01 1.471144e+00 8.435216e-07
2.206550e+01 1.588542e+00 6.036888e-07
2.206550e+01 1.715310e+00 4.919230e-07
2.206550e+01 1.852193e+00 3.712382e-07
2.206550e+01 2.000000e+00 2.409226e-07
2.252681e+01 1.000000e-03 3.733402e-04
2.252681e+01 1.079801e-03 4.007070e-04
2.252681e+01 1.165970e-03 4.298581e-04
2.252681e+01 1.259016e-03 4.608612e-04
2.252681e+01 1.359487e-03 4.937754e-04
2.252681e+01 1.467975e-03 5.286520e-04
2.252681e+01 1.585121e-03 5.655303e-04
2.252681e+01 1.711615e-03 6.044348e-04
2.252681e+01 1.848204e-03 6.453759e-04
2.252681e+01 1.995693e-03 6.883470e-04
2.252681e+01 2.154951e-03 7.333223e-04
2.252681e+01 2.326918e-03 7.802553e-04
2.252681e+01 2.512609e-03 8.290776e-04
2.252681e+01 2.713117e-03 8.796975e-04
2.252681e+01 2.929627e-03 9.319957e-04
2.252681e+01 3.163414e-03 9.858137e-04
2.252681e+01 3.415858e-03 1.040950e-03
2.252681e+01 3.688447e-03 1.097166e-03
2.252681e+01 3.982789e-03 1.154160e-03
2.252681e+01 4.300619e-03 1.211564e-03
2.252681e+01 4.643813e-03 1.268962e-03
2.252681e+01 5.014394e-03 1.325866e-03
2.252681e+01 5.414548e-03 1.381719e-03
2.252681e+01 5.846635e-03 1.435909e-03
2.252681e+01 6.313202e-03 1.487731e-03
2.252681e+01 6.817002e-03 1.536390e-03
2.252681e+01 7.361006e-03 1.581049e-03
2.252681e+01 7.948422e-03 1.620773e-03
2.252681e+01 8.582714e-03 1.654550e-03
2.252681e+01 9.267624e-03 1.681372e-03
2.252681e+01 1.000719e-02 1.700169e-03
2.252681e+01 1.080577e-02 1.709855e-03
2.252681e+01 1.166809e-02 1.709459e-03
2.252681e+01 1.259921e-02 1.698119e-03
2.252681e+01 1.360464e-02 1.675147e-03
2.252681e+01 1.469030e-02 1.640138e-03
2.252681e+01 1.586261e-02 1.593177e-03
2.252681e+01 1.712846e-02 1.534811e-03
2.252681e+01 1.849533e-02 1.465954e-03
2.252681e+01 1.997127e-02 1.388592e-03
2.252681e+01 2.156500e-02 1.305387e-03
2.252681e+01 2.328591e-02 1.218910e-03
2.252681e+01 2.514415e-02 1.132688e-03
2.252681e+01 2.715068e-02 1.050485e-03
2.252681e+01 2.931733e-02 9.751254e-04
2.252681e+01 3.165689e-02 9.086821e-04
2.252681e+01 3.418314e-02 8.524016e-04
2.252681e+01 3.691099e-02 8.054143e-04
2.252681e+01 3.985652e-02 7.648753e-04
2.252681e+01 4.303711e-02 7.260105e-04
2.252681e+01 4.647152e-02 6.830247e-04
2.252681e+01 5.017999e-02 6.309905e-04
2.252681e+01 5.418441e-02 5.834055e-04
2.252681e+01 5.850838e-02 5.560036e-04
2.252681e+01 6.317741e-02 5.264151e-04
2.252681e+01 6.821903e-02 4.944653e-04
2.252681e+01 7.366298e-02 4.594934e-04
2.252681e+01 7.954136e-02 4.169055e-04
2.252681e+01 8.588885e-02 3.709190e-04
2.252681e+01 9.274286e-02 3.212628e-04
2.252681e+01 1.001438e-01 2.676440e-04
2.252681e+01 1.081354e-01 2.369147e-04
2.252681e+01 1.167647e-01 2.166952e-04
2.252681e+01 1.260827e-01 1.948621e-04
2.252681e+01 1.361442e-01 1.712867e-04
2.252681e+01 1.470087e-01 1.483173e-04
2.252681e+01 1.587401e-01 1.341103e-04
2.252681e+01 1.714077e-01 1.187695e-04
2.252681e+01 1.850862e-01 1.022044e-04
2.252681e+01 1.998563e-01 8.431752e-05
2.252681e+01 2.158051e-01 7.502267e-05
2.252681e+01 2.330265e-01 6.698741e-05
2.252681e+01 2.516223e-01 5.831093e-05
2.252681e+01 2.717020e-01 4.894205e-05
2.252681e+01 2.933841e-01 4.163311e-05
2.252681e+01 3.167964e-01 3.730916e-05
2.252681e+01 3.420771e-01 3.264015e-05
2.252681e+01 3.693752e-01 2.759855e-05
2.252681e+01 3.988518e-01 2.239628e-05
2.252681e+01 4.306805e-01 2.016849e-05
2.252681e+01 4.650493e-01 1.776292e-05
2.252681e+01 5.021607e-01 1.516538e-05
2.252681e+01 5.422336e-01 1.236056e-05
2.252681e+01 5.855044e-01 1.061742e-05
2.252681e+01 6.322283e-01 9.334250e-06
2.252681e+01 6.826808e-01 7.948677e-06
2.252681e+01 7.371594e-01 6.452534e-06
2.252681e+01 7.959855e-01 5.153065e-06
2.252681e+01 8.595059e-01 4.493628e-06
2.252681e+01 9.280954e-01 3.781567e-06
2.252681e+01 1.002158e+00 3.012683e-06
2.252681e+01 1.082132e+00 2.182441e-06
2.252681e+01 1.168487e+00 1.847142e-06
2.252681e+01 1.261733e+00 1.532884e-06
2.252681e+01 1.362421e+00 1.193547e-06
2.252681e+01 1.471144e+00 8.271310e-07
2.252681e+01 1.588542e+00 5.939332e-07
2.252681e+01 1.715310e+00 4.843651e-07
2.252681e+01 1.852193e+00 3.660534e-07
2.252681e+01 2.000000e+00 2.383002e-07
2.299735e+01 1.000000e-03 3.502148e-04
2.299735e+01 1.079801e-03 3.758952e-04
2.299735e+01 1.165970e-03 4.032516e-04
2.299735e+01 1.259016e-03 4.323479e-04
2.299735e+01 1.359487e-03 4.632397e-04
2.299735e+01 1.467975e-03 4.959757e-04
2.299735e+01 1.585121e-03 5.305926e-04
2.299735e+01 1.711615e-03 5.671137e-04
2.299735e+01 1.848204e-03 6.055484e-04
2.299735e+01 1.995693e-03 6.458904e-04
2.299735e+01 2.154951e-03 6.881150e-04
2.299735e+01 2.326918e-03 7.321777e-04
2.299735e+01 2.512609e-03 7.780136e-04
2.299735e+01 2.713117e-03 8.255360e-04
2.299735e+01 2.929627e-03 8.746324e-04
2.299735e+01 3.163414e-03 9.251535e-04
2.299735e+01 3.415858e-03 9.769111e-04
2.299735e+01 3.688447e-03 1.029682e-03
2.299735e+01 3.982789e-03 1.083182e-03
2.299735e+01 4.300619e-03 1.137067e-03
2.299735e+01 4.643813e-03 1.190947e-03
2.299735e+01 5.014394e-03 1.244363e-03
2.299735e+01 5.414548e-03 1.296791e-03
2.299735e+01 5.846635e-03 1.347659e-03
2.299735e+01 6.313202e-03 1.396303e-03
2.299735e+01 6.817002e-03 1.441978e-03
2.299735e+01 7.361006e-03 1.483899e-03
2.299735e+01 7.948422e-03 1.521187e-03
2.299735e+01 8.582714e-03 1.552893e-03
2.299735e+01 9.267624e-03 1.578071e-03
2.299735e+01 1.000719e-02 1.595717e-03
2.299735e+01 1.080577e-02 1.604811e-03
2.299735e+01 1.166809e-02 1.604442e-03
2.299735e+01 1.259921e-02 1.593801e-03
2.299735e+01 1.360464e-02 1.572242e-03
2.299735e+01 1.469030e-02 1.539386e-03
2.299735e+01 1.586261e-02 1.495311e-03
2.299735e+01 1.712846e-02 1.440531e-03
2.299735e+01 1.849533e-02 1.375905e-03
2.299735e+01 1.997127e-02 1.303296e-03
2.299735e+01 2.156500e-02 1.225204e-03
2.299735e+01 2.328591e-02 1.144040e-03
2.299735e+01 2.514415e-02 1.063114e-03
2.299735e+01 2.715068e-02 9.859603e-04
2.299735e+01 2.931733e-02 9.152301e-04
2.299735e+01 3.165689e-02 8.528682e-04
2.299735e+01 3.418314e-02 8.000446e-04
2.299735e+01 3.691099e-02 7.559434e-04
2.299735e+01 3.985652e-02 7.178944e-04
2.299735e+01 4.303711e-02 6.814168e-04
2.299735e+01 4.647152e-02 6.410713e-04
2.299735e+01 5.017999e-02 5.922333e-04
2.299735e+01 5.418441e-02 5.476094e-04
2.299735e+01 5.850838e-02 5.219970e-04
2.299735e+01 6.317741e-02 4.943408e-04
2.299735e+01 6.821903e-02 4.644776e-04
2.299735e+01 7.366298e-02 4.317695e-04
2.299735e+01 7.954136e-02 3.917360e-04
2.299735e+01 8.588885e-02 3.485078e-04
2.299735e+01 9.274286e-02 3.018300e-04
2.299735e+01 1.001438e-01 2.514272e-04
2.299735e+01 1.081354e-01 2.225798e-04
2.299735e+01 1.167647e-01 2.036332e-04
2.299735e+01 1.260827e-01 1.831748e-04
2.299735e+01 1.361442e-01 1.610837e-04
2.299735e+01 1.470087e-01 1.395594e-04
2.299735e+01 1.587401e-01 1.262412e-04
2.299735e+01 1.714077e-01 1.118602e-04
2.299735e+01 1.850862e-01 9.633153e-05
2.299735e+01 1.998563e-01 7.956371e-05
2.299735e+01 2.158051e-01 7.084963e-05
2.299735e+01 2.330265e-01 6.331613e-05
2.299735e+01 2.516223e-01 5.518144e-05
2.299735e+01 2.717020e-01 4.639760e-05
2.299735e+01 2.933841e-01 3.953605e-05
2.299735e+01 3.167964e-01 3.546095e-05
2.299735e+01 3.420771e-01 3.106064e-05
2.299735e+01 3.693752e-01 2.630919e-05
2.299735e+01 3.988518e-01 2.140523e-05
2.299735e+01 4.306805e-01 1.928940e-05
2.299735e+01 4.650493e-01 1.700472e-05
2.299735e+01 5.021607e-01 1.453773e-05
2.299735e+01 5.422336e-01 1.187386e-05
2.299735e+01 5.855044e-01 1.021217e-05
2.299735e+01 6.322283e-01 8.983971e-06
2.299735e+01 6.826808e-01 7.657758e-06
2.299735e+01 7.371594e-01 6.225711e-06
2.299735e+01 7.959855e-01 4.980860e-06
2.299735e+01 8.595059e-01 4.346061e-06
2.299735e+01 9.280954e-01 3.660603e-06
2.299735e+01 1.002158e+00 2.920446e-06
2.299735e+01 1.082132e+00 2.121223e-06
2.299735e+01 1.168487e+00 1.797160e-06
2.299735e+01 1.261733e+00 1.493139e-06
2.299735e+01 1.362421e+00 1.164856e-06
2.299735e+01 1.471144e+00 8.103765e-07
2.299735e+01 1.588542e+00 5.841208e-07
2.299735e+01 1.715310e+00 4.768424e-07
2.299735e+01 1.852193e+00 3.610030e-07
2.299735e+01 2.000000e+00 2.359195e-07
2.347730e+01 1.000000e-03 3.278437e-04
2.347730e+01 1.079801e-03 3.518919e-04
2.347730e+01 1.165970e-03 3.775111e-04
2.347730e+01 1.259016e-03 4.047616e-04
2.347730e+01 1.359487e-03 4.336957e-04
2.347730e+01 1.467975e-03 4.643590e-04
2.347730e+01 1.585121e-03 4.967865e-04
2.347730e+01 1.711615e-03 5.309996e-04
2.347730e+01 1.848204e-03 5.670075e-04
2.347730e+01 1.995693e-03 6.048036e-04
2.347730e+01 2.154951e-03 6.443646e-04
2.347730e+01 2.326918e-03 6.856480e-04
2.347730e+01 2.512609e-03 7.285924e-04
2.347730e+01 2.713117e-03 7.731159e-04
2.347730e+01 2.929627e-03 8.191123e-04
2.347730e+01 3.163414e-03 8.664418e-04
2.347730e+01 3.415858e-03 9.149283e-04
2.347730e+01 3.688447e-03 9.643631e-04
2.347730e+01 3.982789e-03 1.014481e-03
2.347730e+01 4.300619e-03 1.064960e-03
2.347730e+01 4.643813e-03 1.115434e-03
2.347730e+01 5.014394e-03 1.165473e-03
2.347730e+01 5.414548e-03 1.214586e-03
2.347730e+01 5.846635e-03 1.262237e-03
2.347730e+01 6.313202e-03 1.307805e-03
2.347730e+01 6.817002e-03 1.350591e-03
2.347730e+01 7.361006e-03 1.389861e-03
2.347730e+01 7.948422e-03 1.424791e-03
2.347730e+01 8.582714e-03 1.454493e-03
2.347730e+01 9.267624e-03 1.478079e-03
2.347730e+01 1.000719e-02 1.494610e-03
2.347730e+01 1.080577e-02 1.503131e-03
2.347730e+01 1.166809e-02 1.502788e-03
2.347730e+01 1.259921e-02 1.492824e-03
2.347730e+01 1.360464e-02 1.472634e-03
2.347730e+01 1.469030e-02 1.441861e-03
2.347730e+01 1.586261e-02 1.400579e-03
2.347730e+01 1.712846e-02 1.349271e-03
2.347730e+01 1.849533e-02 1.288740e-03
2.347730e+01 1.997127e-02 1.220732e-03
2.347730e+01 2.156500e-02 1.147588e-03
2.347730e+01 2.328591e-02 1.071566e-03
2.347730e+01 2.514415e-02 9.957678e-04
2.347730e+01 2.715068e-02 9.235019e-04
2.347730e+01 2.931733e-02 8.572525e-04
2.347730e+01 3.165689e-02 7.988412e-04
2.347730e+01 3.418314e-02 7.493640e-04
2.347730e+01 3.691099e-02 7.080565e-04
2.347730e+01 3.985652e-02 6.724178e-04
2.347730e+01 4.303711e-02 6.382508e-04
2.347730e+01 4.647152e-02 6.004612e-04
2.347730e+01 5.017999e-02 5.547170e-04
2.347730e+01 5.418441e-02 5.129486e-04
2.347730e+01 5.850838e-02 4.890387e-04
2.347730e+01 6.317741e-02 4.632208e-04
2.347730e+01 6.821903e-02 4.353425e-04
2.347730e+01 7.366298e-02 4.047931e-04
2.347730e+01 7.954136e-02 3.672466e-04
2.347730e+01 8.588885e-02 3.267038e-04
2.347730e+01 9.274286e-02 2.829257e-04
2.347730e+01 1.001438e-01 2.356541e-04
2.347730e+01 1.081354e-01 2.086376e-04
2.347730e+01 1.167647e-01 1.909286e-04
2.347730e+01 1.260827e-01 1.718065e-04
2.347730e+01 1.361442e-01 1.511584e-04
2.347730e+01 1.470087e-01 1.310395e-04
2.347730e+01 1.587401e-01 1.185889e-04
2.347730e+01 1.714077e-01 1.051448e-04
2.347730e+01 1.850862e-01 9.062774e-05
2.347730e+01 1.998563e-01 7.495224e-05
2.347730e+01 2.158051e-01 6.679957e-05
2.347730e+01 2.330265e-01 5.974881e-05
2.347730e+01 2.516223e-01 5.213540e-05
2.347730e+01 2.717020e-01 4.391442e-05
2.347730e+01 2.933841e-01 3.748385e-05
2.347730e+01 3.167964e-01 3.364938e-05
2.347730e+01 3.420771e-01 2.950891e-05
2.347730e+01 3.693752e-01 2.503803e-05
2.347730e+01 3.988518e-01 2.042263e-05
2.347730e+01 4.306805e-01 1.841618e-05
2.347730e+01 4.650493e-01 1.624960e-05
2.347730e+01 5.021607e-01 1.391013e-05
2.347730e+01 5.422336e-01 1.138397e-05
2.347730e+01 5.855044e-01 9.802585e-06
2.347730e+01 6.322283e-01 8.629214e-06
2.347730e+01 6.826808e-01 7.362207e-06
2.347730e+01 7.371594e-01 5.994092e-06
2.347730e+01 7.959855e-01 4.803994e-06
2.347730e+01 8.595059e-01 4.194714e-06
2.347730e+01 9.280954e-01 3.536812e-06
2.347730e+01 1.002158e+00 2.826409e-06
2.347730e+01 1.082132e+00 2.059315e-06
2.347730e+01 1.168487e+00 1.746675e-06
2.347730e+01 1.261733e+00 1.453006e-06
2.347730e+01 1.362421e+00 1.135901e-06
2.347730e+01 1.471144e+00 7.934909e-07
2.347730e+01 1.588542e+00 5.742766e-07
2.347730e+01 1.715310e+00 4.693555e-07
2.347730e+01 1.852193e+00 3.560616e-07
2.347730e+01 2.000000e+00 2.337267e-07
2.396684e+01 1.000000e-03 3.061966e-04
2.396684e+01 1.079801e-03 3.286647e-04
2.396684e+01 1.165970e-03 3.526020e-04
2.396684e+01 1.259016e-03 3.780653e-04
2.396684e+01 1.359487e-03 4.051035e-04
2.396684e+01 1.467975e-03 4.337597e-04
2.396684e+01 1.585121e-03 4.640665e-04
2.396684e+01 1.711615e-03 4.960443e-04
2.396684e+01 1.848204e-03 5.297014e-04
2.396684e+01 1.995693e-03 5.650316e-04
2.396684e+01 2.154951e-03 6.020125e-04
2.396684e+01 2.326918e-03 6.406039e-04
2.396684e+01 2.512609e-03 6.807478e-04
2.396684e+01 2.713117e-03 7.223669e-04
2.396684e+01 2.929627e-03 7.653611e-04
2.396684e+01 3.163414e-03 8.095997e-04
2.396684e+01 3.415858e-03 8.549186e-04
2.396684e+01 3.688447e-03 9.011231e-04
2.396684e+01 3.982789e-03 9.479662e-04
2.396684e+01 4.300619e-03 9.951462e-04
2.396684e+01 4.643813e-03 1.042321e-03
2.396684e+01 5.014394e-03 1.089090e-03
2.396684e+01 5.414548e-03 1.134993e-03
2.396684e+01 5.846635e-03 1.179529e-03
2.396684e+01 6.313202e-03 1.222118e-03
2.396684e+01 6.817002e-03 1.262107e-03
2.396684e+01 7.361006e-03 1.298809e-03
2.396684e+01 7.948422e-03 1.331456e-03
2.396684e+01 8.582714e-03 1.359216e-03
2.396684e+01 9.267624e-03 1.381261e-03
2.396684e+01 1.000719e-02 1.396712e-03
2.396684e+01 1.080577e-02 1.404678e-03
2.396684e+01 1.166809e-02 1.404361e-03
2.396684e+01 1.259921e-02 1.395052e-03
2.396684e+01 1.360464e-02 1.376187e-03
2.396684e+01 1.469030e-02 1.347431e-03
2.396684e+01 1.586261e-02 1.308854e-03
2.396684e+01 1.712846e-02 1.260907e-03
2.396684e+01 1.849533e-02 1.204341e-03
2.396684e+01 1.997127e-02 1.140788e-03
2.396684e+01 2.156500e-02 1.072435e-03
2.396684e+01 2.328591e-02 1.001393e-03
2.396684e+01 2.514415e-02 9.305586e-04
2.396684e+01 2.715068e-02 8.630254e-04
2.396684e+01 2.931733e-02 8.011147e-04
2.396684e+01 3.165689e-02 7.465287e-04
2.396684e+01 3.418314e-02 7.002916e-04
2.396684e+01 3.691099e-02 6.616891e-04
2.396684e+01 3.985652e-02 6.283842e-04
2.396684e+01 4.303711e-02 5.964547e-04
2.396684e+01 4.647152e-02 5.611397e-04
2.396684e+01 5.017999e-02 5.183912e-04
2.396684e+01 5.418441e-02 4.793793e-04
2.396684e+01 5.850838e-02 4.570940e-04
2.396684e+01 6.317741e-02 4.330303e-04
2.396684e+01 6.821903e-02 4.070463e-04
2.396684e+01 7.366298e-02 3.785622e-04
2.396684e+01 7.954136e-02 3.434490e-04
2.396684e+01 8.588885e-02 3.055338e-04
2.396684e+01 9.274286e-02 2.645928e-04
2.396684e+01 1.001438e-01 2.203848e-04
2.396684e+01 1.081354e-01 1.951445e-04
2.396684e+01 1.167647e-01 1.786227e-04
2.396684e+01 1.260827e-01 1.607824e-04
2.396684e+01 1.361442e-01 1.415185e-04
2.396684e+01 1.470087e-01 1.227505e-04
2.396684e+01 1.587401e-01 1.111463e-04
2.396684e+01 1.714077e-01 9.861598e-05
2.396684e+01 1.850862e-01 8.508577e-05
2.396684e+01 1.998563e-01 7.047583e-05
2.396684e+01 2.158051e-01 6.286538e-05
2.396684e+01 2.330265e-01 5.627860e-05
2.396684e+01 2.516223e-01 4.916619e-05
2.396684e+01 2.717020e-01 4.148620e-05
2.396684e+01 2.933841e-01 3.547043e-05
2.396684e+01 3.167964e-01 3.186864e-05
2.396684e+01 3.420771e-01 2.797942e-05
2.396684e+01 3.693752e-01 2.377984e-05
2.396684e+01 3.988518e-01 1.944358e-05
2.396684e+01 4.306805e-01 1.754495e-05
2.396684e+01 4.650493e-01 1.549482e-05
2.396684e+01 5.021607e-01 1.328108e-05
2.396684e+01 5.422336e-01 1.089069e-05
2.396684e+01 5.855044e-01 9.389002e-06
2.396684e+01 6.322283e-01 8.270517e-06
2.396684e+01 6.826808e-01 7.062775e-06
2.396684e+01 7.371594e-01 5.758655e-06
2.396684e+01 7.959855e-01 4.623449e-06
2.396684e+01 8.595059e-01 4.040008e-06
2.396684e+01 9.280954e-01 3.410008e-06
2.396684e+01 1.002158e+00 2.729733e-06
2.396684e+01 1.082132e+00 1.995172e-06
2.396684e+01 1.168487e+00 1.694481e-06
2.396684e+01 1.261733e+00 1.411740e-06
2.396684e+01 1.362421e+00 1.106436e-06
2.396684e+01 1.471144e+00 7.767679e-07
2.396684e+01 1.588542e+00 5.648732e-07
2.396684e+01 1.715310e+00 4.622176e-07
2.396684e+01 1.852193e+00 3.513700e-07
2.396684e+01 2.000000e+00 2.316766e-07
2.446618e+01 1.000000e-03 2.851761e-04
2.446618e+01 1.079801e-03 3.061090e-04
2.446618e+01 1.165970e-03 3.284121e-04
2.446618e+01 1.259016e-03 3.521386e-04
2.446618e+01 1.359487e-03 3.773344e-04
2.446618e+01 1.467975e-03 4.040398e-04
2.446618e+01 1.585121e-03 4.322854e-04
2.446618e+01 1.711615e-03 4.620903e-04
2.446618e+01 1.848204e-03 4.934622e-04
2.446618e+01 1.995693e-03 5.263952e-04
2.446618e+01 2.154951e-03 5.608679e-04
2.446618e+01 2.326918e-03 5.968423e-04
2.446618e+01 2.512609e-03 6.342638e-04
2.446618e+01 2.713117e-03 6.730597e-04
2.446618e+01 2.929627e-03 7.131360e-04
2.446618e+01 3.163414e-03 7.543706e-04
2.446618e+01 3.415858e-03 7.966109e-04
2.446618e+01 3.688447e-03 8.396758e-04
2.446618e+01 3.982789e-03 8.833356e-04
2.446618e+01 4.300619e-03 9.273093e-04
2.446618e+01 4.643813e-03 9.712782e-04
2.446618e+01 5.014394e-03 1.014868e-03
2.446618e+01 5.414548e-03 1.057652e-03
2.446618e+01 5.846635e-03 1.099161e-03
2.446618e+01 6.313202e-03 1.138855e-03
2.446618e+01 6.817002e-03 1.176125e-03
2.446618e+01 7.361006e-03 1.210332e-03
2.446618e+01 7.948422e-03 1.240760e-03
2.446618e+01 8.582714e-03 1.266633e-03
2.446618e+01 9.267624e-03 1.287180e-03
2.446618e+01 1.000719e-02 1.301582e-03
2.446618e+01 1.080577e-02 1.309008e-03
2.446618e+01 1.166809e-02 1.308715e-03
2.446618e+01 1.259921e-02 1.300043e-03
2.446618e+01 1.360464e-02 1.282464e-03
2.446618e+01 1.469030e-02 1.255668e-03
2.446618e+01 1.586261e-02 1.219719e-03
2.446618e+01 1.712846e-02 1.175039e-03
2.446618e+01 1.849533e-02 1.122326e-03
2.446618e+01 1.997127e-02 1.063102e-03
2.446618e+01 2.156500e-02 9.994050e-04
2.446618e+01 2.328591e-02 9.332011e-04
2.446618e+01 2.514415e-02 8.671913e-04
2.446618e+01 2.715068e-02 8.042572e-04
2.446618e+01 2.931733e-02 7.465626e-04
2.446618e+01 3.165689e-02 6.956938e-04
2.446618e+01 3.418314e-02 6.526053e-04
2.446618e+01 3.691099e-02 6.166315e-04
2.446618e+01 3.985652e-02 5.855944e-04
2.446618e+01 4.303711e-02 5.558391e-04
2.446618e+01 4.647152e-02 5.229290e-04
2.446618e+01 5.017999e-02 4.830915e-04
2.446618e+01 5.418441e-02 4.467617e-04
2.446618e+01 5.850838e-02 4.260654e-04
2.446618e+01 6.317741e-02 4.037175e-04
2.446618e+01 6.821903e-02 3.795862e-04
2.446618e+01 7.366298e-02 3.531203e-04
2.446618e+01 7.954136e-02 3.203675e-04
2.446618e+01 8.588885e-02 2.850009e-04
2.446618e+01 9.274286e-02 2.468121e-04
2.446618e+01 1.001438e-01 2.055758e-04
2.446618e+01 1.081354e-01 1.820586e-04
2.446618e+01 1.167647e-01 1.666884e-04
2.446618e+01 1.260827e-01 1.500916e-04
2.446618e+01 1.361442e-01 1.321704e-04
2.446618e+01 1.470087e-01 1.147119e-04
2.446618e+01 1.587401e-01 1.039232e-04
2.446618e+01 1.714077e-01 9.227359e-05
2.446618e+01 1.850862e-01 7.969431e-05
2.446618e+01 1.998563e-01 6.611118e-05
2.446618e+01 2.158051e-01 5.902595e-05
2.446618e+01 2.330265e-01 5.288974e-05
2.446618e+01 2.516223e-01 4.626385e-05
2.446618e+01 2.717020e-01 3.910921e-05
2.446618e+01 2.933841e-01 3.349575e-05
2.446618e+01 3.167964e-01 3.011870e-05
2.446618e+01 3.420771e-01 2.647217e-05
2.446618e+01 3.693752e-01 2.253463e-05
2.446618e+01 3.988518e-01 1.846808e-05
2.446618e+01 4.306805e-01 1.667482e-05
2.446618e+01 4.650493e-01 1.473846e-05
2.446618e+01 5.021607e-01 1.264757e-05
2.446618e+01 5.422336e-01 1.038982e-05
2.446618e+01 5.855044e-01 8.967147e-06
2.446618e+01 6.322283e-01 7.904049e-06
2.446618e+01 6.826808e-01 6.756115e-06
2.446618e+01 7.371594e-01 5.516575e-06
2.446618e+01 7.959855e-01 4.436978e-06
2.446618e+01 8.595059e-01 3.880343e-06
2.446618e+01 9.280954e-01 3.279288e-06
2.446618e+01 1.002158e+00 2.630268e-06
2.446618e+01 1.082132e+00 1.929455e-06
2.446618e+01 1.168487e+00 1.641012e-06
2.446618e+01 1.261733e+00 1.369434e-06
2.446618e+01 1.362421e+00 1.076185e-06
2.446618e+01 1.471144e+00 7.595339e-07
2.446618e+01 1.588542e+00 5.551855e-07
2.446618e+01 1.715310e+00 4.549794e-07
2.446618e+01 1.852193e+00 3.467767e-07
2.446618e+01 2.000000e+00 2.299393e-07
2.497550e+01 1.000000e-03 2.647542e-04
2.497550e+01 1.079801e-03 2.841947e-04
2.497550e+01 1.165970e-03 3.049092e-04
2.497550e+01 1.259016e-03 3.269472e-04
2.497550e+01 1.359487e-03 3.503515e-04
2.497550e+01 1.467975e-03 3.751599e-04
2.497550e+01 1.585121e-03 4.014010e-04
2.497550e+01 1.711615e-03 4.290926e-04
2.497550e+01 1.848204e-03 4.582418e-04
2.497550e+01 1.995693e-03 4.888430e-04
2.497550e+01 2.154951e-03 5.208761e-04
2.497550e+01 2.326918e-03 5.543051e-04
2.497550e+01 2.512609e-03 5.890788e-04
2.497550e+01 2.713117e-03 6.251289e-04
2.497550e+01 2.929627e-03 6.623676e-04
2.497550e+01 3.163414e-03 7.006809e-04
2.497550e+01 3.415858e-03 7.399274e-04
2.497550e+01 3.688447e-03 7.799394e-04
2.497550e+01 3.982789e-03 8.205036e-04
2.497550e+01 4.300619e-03 8.613592e-04
2.497550e+01 4.643813e-03 9.022105e-04
2.497550e+01 5.014394e-03 9.427101e-04
2.497550e+01 5.414548e-03 9.824600e-04
2.497550e+01 5.846635e-03 1.021025e-03
2.497550e+01 6.313202e-03 1.057904e-03
2.497550e+01 6.817002e-03 1.092530e-03
2.497550e+01 7.361006e-03 1.124311e-03
2.497550e+01 7.948422e-03 1.152581e-03
2.497550e+01 8.582714e-03 1.176619e-03
2.497550e+01 9.267624e-03 1.195710e-03
2.497550e+01 1.000719e-02 1.209091e-03
2.497550e+01 1.080577e-02 1.215992e-03
2.497550e+01 1.166809e-02 1.215723e-03
2.497550e+01 1.259921e-02 1.207669e-03
2.497550e+01 1.360464e-02 1.191342e-03
2.497550e+01 1.469030e-02 1.166451e-03
2.497550e+01 1.586261e-02 1.133058e-03
2.497550e+01 1.712846e-02 1.091552e-03
2.497550e+01 1.849533e-02 1.042586e-03
2.497550e+01 1.997127e-02 9.875713e-04
2.497550e+01 2.156500e-02 9.284005e-04
2.497550e+01 2.328591e-02 8.669010e-04
2.497550e+01 2.514415e-02 8.055814e-04
2.497550e+01 2.715068e-02 7.471189e-04
2.497550e+01 2.931733e-02 6.935234e-04
2.497550e+01 3.165689e-02 6.462687e-04
2.497550e+01 3.418314e-02 6.062415e-04
2.497550e+01 3.691099e-02 5.728234e-04
2.497550e+01 3.985652e-02 5.439913e-04
2.497550e+01 4.303711e-02 5.163500e-04
2.497550e+01 4.647152e-02 4.857779e-04
2.497550e+01 5.017999e-02 4.487707e-04
2.497550e+01 5.418441e-02 4.150506e-04
2.497550e+01 5.850838e-02 3.959043e-04
2.497550e+01 6.317741e-02 3.752300e-04
2.497550e+01 6.821903e-02 3.529059e-04
2.497550e+01 7.366298e-02 3.284076e-04
2.497550e+01 7.954136e-02 2.979437e-04
2.497550e+01 8.588885e-02 2.650488e-04
2.497550e+01 9.274286e-02 2.295288e-04
2.497550e+01 1.001438e-01 1.911743e-04
2.497550e+01 1.081354e-01 1.693284e-04
2.497550e+01 1.167647e-01 1.550758e-04
2.497550e+01 1.260827e-01 1.396858e-04
2.497550e+01 1.361442e-01 1.230677e-04
2.497550e+01 1.470087e-01 1.068809e-04
2.497550e+01 1.587401e-01 9.688892e-05
2.497550e+01 1.714077e-01 8.609960e-05
2.497550e+01 1.850862e-01 7.444927e-05
2.497550e+01 1.998563e-01 6.186924e-05
2.497550e+01 2.158051e-01 5.529059e-05
2.497550e+01 2.330265e-01 4.958623e-05
2.497550e+01 2.516223e-01 4.342665e-05
2.497550e+01 2.717020e-01 3.677553e-05
2.497550e+01 2.933841e-01 3.154869e-05
2.497550e+01 3.167964e-01 2.838947e-05
2.497550e+01 3.420771e-01 2.497815e-05
2.497550e+01 3.693752e-01 2.129460e-05
2.497550e+01 3.988518e-01 1.748960e-05
2.497550e+01 4.306805e-01 1.580069e-05
2.497550e+01 4.650493e-01 1.397699e-05
2.497550e+01 5.021607e-01 1.200777e-05
2.497550e+01 5.422336e-01 9.881397e-06
2.497550e+01 5.855044e-01 8.537729e-06
2.497550e+01 6.322283e-01 7.530657e-06
2.497550e+01 6.826808e-01 6.443219e-06
2.497550e+01 7.371594e-01 5.269003e-06
2.497550e+01 7.959855e-01 4.245707e-06
2.497550e+01 8.595059e-01 3.716370e-06
2.497550e+01 9.280954e-01 3.144791e-06
2.497550e+01 1.002158e+00 2.527599e-06
2.497550e+01 1.082132e+00 1.861155e-06
2.497550e+01 1.168487e+00 1.585420e-06
2.497550e+01 1.261733e+00 1.325487e-06
2.497550e+01 1.362421e+00 1.044812e-06
2.497550e+01 1.471144e+00 7.417382e-07
2.497550e+01 1.588542e+00 5.452372e-07
2.497550e+01 1.715310e+00 4.475394e-07
2.497550e+01 1.852193e+00 3.420453e-07
2.497550e+01 2.000000e+00 2.281326e-07
2.549501e+01 1.000000e-03 2.449986e-04
2.549501e+01 1.079801e-03 2.629948e-04
2.549501e+01 1.165970e-03 2.821715e-04
2.549501e+01 1.259016e-03 3.025748e-04
2.549501e+01 1.359487e-03 3.242447e-04
2.549501e+01 1.467975e-03 3.472163e-04
2.549501e+01 1.585121e-03 3.715164e-04
2.549501e+01 1.711615e-03 3.971614e-04
2.549501e+01 1.848204e-03 4.241580e-04
2.549501e+01 1.995693e-03 4.525009e-04
2.549501e+01 2.154951e-03 4.821711e-04
2.549501e+01 2.326918e-03 5.131348e-04
2.549501e+01 2.512609e-03 5.453442e-04
2.549501e+01 2.713117e-03 5.787353e-04
2.549501e+01 2.929627e-03 6.132260e-04
2.549501e+01 3.163414e-03 6.487106e-04
2.549501e+01 3.415858e-03 6.850584e-04
2.549501e+01 3.688447e-03 7.221142e-04
2.549501e+01 3.982789e-03 7.596810e-04
2.549501e+01 4.300619e-03 7.975175e-04
2.549501e+01 4.643813e-03 8.353500e-04
2.549501e+01 5.014394e-03 8.728571e-04
2.549501e+01 5.414548e-03 9.096696e-04
2.549501e+01 5.846635e-03 9.453847e-04
2.549501e+01 6.313202e-03 9.795369e-04
2.549501e+01 6.817002e-03 1.011603e-03
2.549501e+01 7.361006e-03 1.041035e-03
2.549501e+01 7.948422e-03 1.067216e-03
2.549501e+01 8.582714e-03 1.089478e-03
2.549501e+01 9.267624e-03 1.107158e-03
2.549501e+01 1.000719e-02 1.119552e-03
2.549501e+01 1.080577e-02 1.125944e-03
2.549501e+01 1.166809e-02 1.125697e-03
2.549501e+01 1.259921e-02 1.118242e-03
2.549501e+01 1.360464e-02 1.103125e-03
2.549501e+01 1.469030e-02 1.080079e-03
2.549501e+01 1.586261e-02 1.049159e-03
2.549501e+01 1.712846e-02 1.010729e-03
2.549501e+01 1.849533e-02 9.653892e-04
2.549501e+01 1.997127e-02 9.144489e-04
2.549501e+01 2.156500e-02 8.596602e-04
2.549501e+01 2.328591e-02 8.027149e-04
2.549501e+01 2.514415e-02 7.459360e-04
2.549501e+01 2.715068e-02 6.918024e-04
2.549501e+01 2.931733e-02 6.421753e-04
2.549501e+01 3.165689e-02 5.984195e-04
2.549501e+01 3.418314e-02 5.613559e-04
2.549501e+01 3.691099e-02 5.304121e-04
2.549501e+01 3.985652e-02 5.037147e-04
2.549501e+01 4.303711e-02 4.781199e-04
2.549501e+01 4.647152e-02 4.498114e-04
2.549501e+01 5.017999e-02 4.155442e-04
2.549501e+01 5.418441e-02 3.843364e-04
2.549501e+01 5.850838e-02 3.666513e-04
2.549501e+01 6.317741e-02 3.475548e-04
2.549501e+01 6.821903e-02 3.269345e-04
2.549501e+01 7.366298e-02 3.043003e-04
2.549501e+01 7.954136e-02 2.760992e-04
2.549501e+01 8.588885e-02 2.456477e-04
2.549501e+01 9.274286e-02 2.127661e-04
2.549501e+01 1.001438e-01 1.772605e-04
2.549501e+01 1.081354e-01 1.570400e-04
2.549501e+01 1.167647e-01 1.438503e-04
2.549501e+01 1.260827e-01 1.296081e-04
2.549501e+01 1.361442e-01 1.142293e-04
2.549501e+01 1.470087e-01 9.925458e-05
2.549501e+01 1.587401e-01 9.003380e-05
2.549501e+01 1.714077e-01 8.007721e-05
2.549501e+01 1.850862e-01 6.932606e-05
2.549501e+01 1.998563e-01 5.771696e-05
2.549501e+01 2.158051e-01 5.162842e-05
2.549501e+01 2.330265e-01 4.634175e-05
2.549501e+01 2.516223e-01 4.063321e-05
2.549501e+01 2.717020e-01 3.446911e-05
2.549501e+01 2.933841e-01 2.961705e-05
2.549501e+01 3.167964e-01 2.667049e-05
2.549501e+01 3.420771e-01 2.348878e-05
2.549501e+01 3.693752e-01 2.005318e-05
2.549501e+01 3.988518e-01 1.650365e-05
2.549501e+01 4.306805e-01 1.491867e-05
2.549501e+01 4.650493e-01 1.320719e-05
2.549501e+01 5.021607e-01 1.135914e-05
2.549501e+01 5.422336e-01 9.363618e-06
2.549501e+01 5.855044e-01 8.099385e-06
2.549501e+01 6.322283e-01 7.149262e-06
2.549501e+01 6.826808e-01 6.123319e-06
2.549501e+01 7.371594e-01 5.015504e-06
2.549501e+01 7.959855e-01 4.049490e-06
2.549501e+01 8.595059e-01 3.548076e-06
2.549501e+01 9.280954e-01 3.006649e-06
2.549501e+01 1.002158e+00 2.422015e-06
2.549501e+01 1.082132e+00 1.790727e-06
2.549501e+01 1.168487e+00 1.527998e-06
2.549501e+01 1.261733e+00 1.279984e-06
2.549501e+01 1.362421e+00 1.012179e-06
2.549501e+01 1.471144e+00 7.230017e-07
2.549501e+01 1.588542e+00 5.346160e-07
2.549501e+01 1.715310e+00 4.396480e-07
2.549501e+01 1.852193e+00 3.371015e-07
2.549501e+01 2.000000e+00 2.263717e-07
2.602491e+01 1.000000e-03 2.257943e-04
2.602491e+01 1.079801e-03 2.423856e-04
2.602491e+01 1.165970e-03 2.600664e-04
2.602491e+01 1.259016e-03 2.788795e-04
2.602491e+01 1.359487e-03 2.988619e-04
2.602491e+01 1.467975e-03 3.200463e-04
2.602491e+01 1.585121e-03 3.424575e-04
2.602491e+01 1.711615e-03 3.661107e-04
2.602491e+01 1.848204e-03 3.910122e-04
2.602491e+01 1.995693e-03 4.171570e-04
2.602491e+01 2.154951e-03 4.445272e-04
2.602491e+01 2.326918e-03 4.730914e-04
2.602491e+01 2.512609e-03 5.028047e-04
2.602491e+01 2.713117e-03 5.336079e-04
2.602491e+01 2.929627e-03 5.654243e-04
2.602491e+01 3.163414e-03 5.981562e-04
2.602491e+01 3.415858e-03 6.316831e-04
2.602491e+01 3.688447e-03 6.658623e-04
2.602491e+01 3.982789e-03 7.005122e-04
2.602491e+01 4.300619e-03 7.354107e-04
2.602491e+01 4.643813e-03 7.703057e-04
2.602491e+01 5.014394e-03 8.049006e-04
2.602491e+01 5.414548e-03 8.388549e-04
2.602491e+01 5.846635e-03 8.717965e-04
2.602491e+01 6.313202e-03 9.032961e-04
2.602491e+01 6.817002e-03 9.328718e-04
2.602491e+01 7.361006e-03 9.600174e-04
2.602491e+01 7.948422e-03 9.841648e-04
2.602491e+01 8.582714e-03 1.004699e-03
2.602491e+01 9.267624e-03 1.021006e-03
2.602491e+01 1.000719e-02 1.032438e-03
2.602491e+01 1.080577e-02 1.038336e-03
2.602491e+01 1.166809e-02 1.038110e-03
2.602491e+01 1.259921e-02 1.031237e-03
2.602491e+01 1.360464e-02 1.017298e-03
2.602491e+01 1.469030e-02 9.960468e-04
2.602491e+01 1.586261e-02 9.675340e-04
2.602491e+01 1.712846e-02 9.320942e-04
2.602491e+01 1.849533e-02 8.902832e-04
2.602491e+01 1.997127e-02 8.433070e-04
2.602491e+01 2.156500e-02 7.927816e-04
2.602491e+01 2.328591e-02 7.402671e-04
2.602491e+01 2.514415e-02 6.879058e-04
2.602491e+01 2.715068e-02 6.379839e-04
2.602491e+01 2.931733e-02 5.922178e-04
2.602491e+01 3.165689e-02 5.518661e-04
2.602491e+01 3.418314e-02 5.176859e-04
2.602491e+01 3.691099e-02 4.891493e-04
2.602491e+01 3.985652e-02 4.645288e-04
2.602491e+01 4.303711e-02 4.409251e-04
2.602491e+01 4.647152e-02 4.148188e-04
2.602491e+01 5.017999e-02 3.832174e-04
2.602491e+01 5.418441e-02 3.544554e-04
2.602491e+01 5.850838e-02 3.381960e-04
2.602491e+01 6.317741e-02 3.206390e-04
2.602491e+01 6.821903e-02 3.016809e-04
2.602491e+01 7.366298e-02 2.808640e-04
2.602491e+01 7.954136e-02 2.548535e-04
2.602491e+01 8.588885e-02 2.267672e-04
2.602491e+01 9.274286e-02 1.964396e-04
2.602491e+01 1.001438e-01 1.636919e-04
2.602491e+01 1.081354e-01 1.450509e-04
2.602491e+01 1.167647e-01 1.328995e-04
2.602491e+01 1.260827e-01 1.197784e-04
2.602491e+01 1.361442e-01 1.056103e-04
2.602491e+01 1.470087e-01 9.181804e-05
2.602491e+01 1.587401e-01 8.334296e-05
2.602491e+01 1.714077e-01 7.419155e-05
2.602491e+01 1.850862e-01 6.430986e-05
2.602491e+01 1.998563e-01 5.363959e-05
2.602491e+01 2.158051e-01 4.802606e-05
2.602491e+01 2.330265e-01 4.314470e-05
2.602491e+01 2.516223e-01 3.787379e-05
2.602491e+01 2.717020e-01 3.218227e-05
2.602491e+01 2.933841e-01 2.769482e-05
2.602491e+01 3.167964e-01 2.495681e-05
2.602491e+01 3.420771e-01 2.200032e-05
2.602491e+01 3.693752e-01 1.880788e-05
2.602491e+01 3.988518e-01 1.550906e-05
2.602491e+01 4.306805e-01 1.402800e-05
2.602491e+01 4.650493e-01 1.242876e-05
2.602491e+01 5.021607e-01 1.070189e-05
2.602491e+01 5.422336e-01 8.837216e-06
2.602491e+01 5.855044e-01 7.652804e-06
2.602491e+01 6.322283e-01 6.760225e-06
2.602491e+01 6.826808e-01 5.796416e-06
2.602491e+01 7.371594e-01 4.755695e-06
2.602491e+01 7.959855e-01 3.847637e-06
2.602491e+01 8.595059e-01 3.374703e-06
2.602491e+01 9.280954e-01 2.864029e-06
2.602491e+01 1.002158e+00 2.312602e-06
2.602491e+01 1.082132e+00 1.717172e-06
2.602491e+01 1.168487e+00 1.467959e-06
2.602491e+01 1.261733e+00 1.232393e-06
2.602491e+01 1.362421e+00 9.780283e-07
2.602491e+01 1.471144e+00 7.033654e-07
2.602491e+01 1.588542e+00 5.234840e-07
2.602491e+01 1.715310e+00 4.314233e-07
2.602491e+01 1.852193e+00 3.320160e-07
2.602491e+01 2.000000e+00 2.246760e-07
2.656541e+01 1.000000e-03 2.071387e-04
2.656541e+01 1.079801e-03 2.223645e-04
2.656541e+01 1.165970e-03 2.385913e-04
2.656541e+01 1.259016e-03 2.558584e-04
2.656541e+01 1.359487e-03 2.742001e-04
2.656541e+01 1.467975e-03 2.936466e-04
2.656541e+01 1.585121e-03 3.142208e-04
2.656541e+01 1.711615e-03 3.359368e-04
2.656541e+01 1.848204e-03 3.588005e-04
2.656541e+01 1.995693e-03 3.828072e-04
2.656541e+01 2.154951e-03 4.079401e-04
2.656541e+01 2.326918e-03 4.341701e-04
2.656541e+01 2.512609e-03 4.614555e-04
2.656541e+01 2.713117e-03 4.897414e-04
2.656541e+01 2.929627e-03 5.189568e-04
2.656541e+01 3.163414e-03 5.490116e-04
2.656541e+01 3.415858e-03 5.797953e-04
2.656541e+01 3.688447e-03 6.111770e-04
2.656541e+01 3.982789e-03 6.429903e-04
2.656541e+01 4.300619e-03 6.750315e-04
2.656541e+01 4.643813e-03 7.070698e-04
2.656541e+01 5.014394e-03 7.388328e-04
2.656541e+01 5.414548e-03 7.700075e-04
2.656541e+01 5.846635e-03 8.002519e-04
2.656541e+01 6.313202e-03 8.291720e-04
2.656541e+01 6.817002e-03 8.563255e-04
2.656541e+01 7.361006e-03 8.812480e-04
2.656541e+01 7.948422e-03 9.034183e-04
2.656541e+01 8.582714e-03 9.222711e-04
2.656541e+01 9.267624e-03 9.372444e-04
2.656541e+01 1.000719e-02 9.477412e-04
2.656541e+01 1.080577e-02 9.531574e-04
2.656541e+01 1.166809e-02 9.529520e-04
2.656541e+01 1.259921e-02 9.466448e-04
2.656541e+01 1.360464e-02 9.338508e-04
2.656541e+01 1.469030e-02 9.143440e-04
2.656541e+01 1.586261e-02 8.881713e-04
2.656541e+01 1.712846e-02 8.556396e-04
2.656541e+01 1.849533e-02 8.172592e-04
2.656541e+01 1.997127e-02 7.741370e-04
2.656541e+01 2.156500e-02 7.277566e-04
2.656541e+01 2.328591e-02 6.795500e-04
2.656541e+01 2.514415e-02 6.314839e-04
2.656541e+01 2.715068e-02 5.856569e-04
2.656541e+01 2.931733e-02 5.436447e-04
2.656541e+01 3.165689e-02 5.066028e-04
2.656541e+01 3.418314e-02 4.752260e-04
2.656541e+01 3.691099e-02 4.490300e-04
2.656541e+01 3.985652e-02 4.264288e-04
2.656541e+01 4.303711e-02 4.047610e-04
2.656541e+01 4.647152e-02 3.807960e-04
2.656541e+01 5.017999e-02 3.517866e-04
2.656541e+01 5.418441e-02 3.254016e-04
2.656541e+01 5.850838e-02 3.105259e-04
2.656541e+01 6.317741e-02 2.944630e-04
2.656541e+01 6.821903e-02 2.771184e-04
2.656541e+01 7.366298e-02 2.580654e-04
2.656541e+01 7.954136e-02 2.341822e-04
2.656541e+01 8.588885e-02 2.083930e-04
2.656541e+01 9.274286e-02 1.805458e-04
2.656541e+01 1.001438e-01 1.504765e-04
2.656541e+01 1.081354e-01 1.333689e-04
2.656541e+01 1.167647e-01 1.222252e-04
2.656541e+01 1.260827e-01 1.101921e-04
2.656541e+01 1.361442e-01 9.719886e-05
2.656541e+01 1.470087e-01 8.455429e-05
2.656541e+01 1.587401e-01 7.680309e-05
2.656541e+01 1.714077e-01 6.843334e-05
2.656541e+01 1.850862e-01 5.939567e-05
2.656541e+01 1.998563e-01 4.963678e-05
2.656541e+01 2.158051e-01 4.448354e-05
2.656541e+01 2.330265e-01 3.999457e-05
2.656541e+01 2.516223e-01 3.514737e-05
2.656541e+01 2.717020e-01 2.991337e-05
2.656541e+01 2.933841e-01 2.578015e-05
2.656541e+01 3.167964e-01 2.324696e-05
2.656541e+01 3.420771e-01 2.051163e-05
2.656541e+01 3.693752e-01 1.755801e-05
2.656541e+01 3.988518e-01 1.450546e-05
2.656541e+01 4.306805e-01 1.312766e-05
2.656541e+01 4.650493e-01 1.163992e-05
2.656541e+01 5.021607e-01 1.003345e-05
2.656541e+01 5.422336e-01 8.298781e-06
2.656541e+01 5.855044e-01 7.194408e-06
2.656541e+01 6.322283e-01 6.360137e-06
2.656541e+01 6.826808e-01 5.459290e-06
2.656541e+01 7.371594e-01 4.486554e-06
2.656541e+01 7.959855e-01 3.637455e-06
2.656541e+01 8.595059e-01 3.194184e-06
2.656541e+01 9.280954e-01 2.715538e-06
2.656541e+01 1.002158e+00 2.198696e-06
2.656541e+01 1.082132e+00 1.640610e-06
2.656541e+01 1.168487e+00 1.405301e-06
2.656541e+01 1.261733e+00 1.182498e-06
2.656541e+01 1.362421e+00 9.419153e-07
2.656541e+01 1.471144e+00 6.821337e-07
2.656541e+01 1.588542e+00 5.111102e-07
2.656541e+01 1.715310e+00 4.223007e-07
2.656541e+01 1.852193e+00 3.264041e-07
2.656541e+01 2.000000e+00 2.228549e-07
2.711672e+01 1.000000e-03 1.889880e-04
2.711672e+01 1.079801e-03 2.028845e-04
2.711672e+01 1.165970e-03 2.176955e-04
2.711672e+01 1.259016e-03 2.334573e-04
2.711672e+01 1.359487e-03 2.502012e-04
2.711672e+01 1.467975e-03 2.679551e-04
2.711672e+01 1.585121e-03 2.867400e-04
2.711672e+01 1.711615e-03 3.065689e-04
2.711672e+01 1.848204e-03 3.274473e-04
2.711672e+01 1.995693e-03 3.493707e-04
2.711672e+01 2.154951e-03 3.723237e-04
2.711672e+01 2.326918e-03 3.962794e-04
2.711672e+01 2.512609e-03 4.211993e-04
2.711672e+01 2.713117e-03 4.470327e-04
2.711672e+01 2.929627e-03 4.737141e-04
2.711672e+01 3.163414e-03 5.011610e-04
2.711672e+01 3.415858e-03 5.292726e-04
2.711672e+01 3.688447e-03 5.579293e-04
2.711672e+01 3.982789e-03 5.869794e-04
2.711672e+01 4.300619e-03 6.162375e-04
2.711672e+01 4.643813e-03 6.454930e-04
2.711672e+01 5.014394e-03 6.744974e-04
2.711672e+01 5.414548e-03 7.029646e-04
2.711672e+01 5.846635e-03 7.305820e-04
2.711672e+01 6.313202e-03 7.569894e-04
2.711672e+01 6.817002e-03 7.817837e-04
2.711672e+01 7.361006e-03 8.045409e-04
2.711672e+01 7.948422e-03 8.247853e-04
2.711672e+01 8.582714e-03 8.420008e-04
2.711672e+01 9.267624e-03 8.556740e-04
2.711672e+01 1.000719e-02 8.652599e-04
2.711672e+01 1.080577e-02 8.702071e-04
2.711672e+01 1.166809e-02 8.700215e-04
2.711672e+01 1.259921e-02 8.642648e-04
2.711672e+01 1.360464e-02 8.525858e-04
2.711672e+01 1.469030e-02 8.347780e-04
2.711672e+01 1.586261e-02 8.108841e-04
2.711672e+01 1.712846e-02 7.811843e-04
2.711672e+01 1.849533e-02 7.461446e-04
2.711672e+01 1.997127e-02 7.067755e-04
2.711672e+01 2.156500e-02 6.644315e-04
2.711672e+01 2.328591e-02 6.204201e-04
2.711672e+01 2.514415e-02 5.765368e-04
2.711672e+01 2.715068e-02 5.346977e-04
2.711672e+01 2.931733e-02 4.963414e-04
2.711672e+01 3.165689e-02 4.625226e-04
2.711672e+01 3.418314e-02 4.338761e-04
2.711672e+01 3.691099e-02 4.099594e-04
2.711672e+01 3.985652e-02 3.893247e-04
2.711672e+01 4.303711e-02 3.695423e-04
2.711672e+01 4.647152e-02 3.476625e-04
2.711672e+01 5.017999e-02 3.211773e-04
2.711672e+01 5.418441e-02 2.971064e-04
2.711672e+01 5.850838e-02 2.835758e-04
2.711672e+01 6.317741e-02 2.689655e-04
2.711672e+01 6.821903e-02 2.531892e-04
2.711672e+01 7.366298e-02 2.358516e-04
2.711672e+01 7.954136e-02 2.140428e-04
2.711672e+01 8.588885e-02 1.904937e-04
2.711672e+01 9.274286e-02 1.650653e-04
2.711672e+01 1.001438e-01 1.376077e-04
2.711672e+01 1.081354e-01 1.219934e-04
2.711672e+01 1.167647e-01 1.118288e-04
2.711672e+01 1.260827e-01 1.008531e-04
2.711672e+01 1.361442e-01 8.900158e-05
2.711672e+01 1.470087e-01 7.747143e-05
2.711672e+01 1.587401e-01 7.041906e-05
2.711672e+01 1.714077e-01 6.280390e-05
2.711672e+01 1.850862e-01 5.458104e-05
2.711672e+01 1.998563e-01 4.570200e-05
2.711672e+01 2.158051e-01 4.099599e-05
2.711672e+01 2.330265e-01 3.688952e-05
2.711672e+01 2.516223e-01 3.245534e-05
2.711672e+01 2.717020e-01 2.766731e-05
2.711672e+01 2.933841e-01 2.387930e-05
2.711672e+01 3.167964e-01 2.154560e-05
2.711672e+01 3.420771e-01 1.902566e-05
2.711672e+01 3.693752e-01 1.630462e-05
2.711672e+01 3.988518e-01 1.349210e-05
2.711672e+01 4.306805e-01 1.221754e-05
2.711672e+01 4.650493e-01 1.084128e-05
2.711672e+01 5.021607e-01 9.355182e-06
2.711672e+01 5.422336e-01 7.750496e-06
2.711672e+01 5.855044e-01 6.726592e-06
2.711672e+01 6.322283e-01 5.951303e-06
2.711672e+01 6.826808e-01 5.114145e-06
2.711672e+01 7.371594e-01 4.210180e-06
2.711672e+01 7.959855e-01 3.420738e-06
2.711672e+01 8.595059e-01 3.007519e-06
2.711672e+01 9.280954e-01 2.561325e-06
2.711672e+01 1.002158e+00 2.079524e-06
2.711672e+01 1.082132e+00 1.559275e-06
2.711672e+01 1.168487e+00 1.338497e-06
2.711672e+01 1.261733e+00 1.129141e-06
2.711672e+01 1.362421e+00 9.030789e-07
2.711672e+01 1.471144e+00 6.589767e-07
2.711672e+01 1.588542e+00 4.973323e-07
2.711672e+01 1.715310e+00 4.120388e-07
2.711672e+01 1.852193e+00 3.199388e-07
2.711672e+01 2.000000e+00 2.204891e-07
2.767905e+01 1.000000e-03 1.713644e-04
2.767905e+01 1.079801e-03 1.839694e-04
2.767905e+01 1.165970e-03 1.974050e-04
2.767905e+01 1.259016e-03 2.117039e-04
2.767905e+01 1.359487e-03 2.268950e-04
2.767905e+01 1.467975e-03 2.430037e-04
2.767905e+01 1.585121e-03 2.600493e-04
2.767905e+01 1.711615e-03 2.780436e-04
2.767905e+01 1.848204e-03 2.969917e-04
2.767905e+01 1.995693e-03 3.168895e-04
2.767905e+01 2.154951e-03 3.377228e-04
2.767905e+01 2.326918e-03 3.594669e-04
2.767905e+01 2.512609e-03 3.820865e-04
2.767905e+01 2.713117e-03 4.055352e-04
2.767905e+01 2.929627e-03 4.297528e-04
2.767905e+01 3.163414e-03 4.546643e-04
2.767905e+01 3.415858e-03 4.801781e-04
2.767905e+01 3.688447e-03 5.061857e-04
2.767905e+01 3.982789e-03 5.325497e-04
2.767905e+01 4.300619e-03 5.591022e-04
2.767905e+01 4.643813e-03 5.856525e-04
2.767905e+01 5.014394e-03 6.119753e-04
2.767905e+01 5.414548e-03 6.378104e-04
2.767905e+01 5.846635e-03 6.628738e-04
2.767905e+01 6.313202e-03 6.868388e-04
2.767905e+01 6.817002e-03 7.093397e-04
2.767905e+01 7.361006e-03 7.299921e-04
2.767905e+01 7.948422e-03 7.483644e-04
2.767905e+01 8.582714e-03 7.639882e-04
2.767905e+01 9.267624e-03 7.763975e-04
2.767905e+01 1.000719e-02 7.850978e-04
2.767905e+01 1.080577e-02 7.895887e-04
2.767905e+01 1.166809e-02 7.894223e-04
2.767905e+01 1.259921e-02 7.842005e-04
2.767905e+01 1.360464e-02 7.736049e-04
2.767905e+01 1.469030e-02 7.574480e-04
2.767905e+01 1.586261e-02 7.357687e-04
2.767905e+01 1.712846e-02 7.088212e-04
2.767905e+01 1.849533e-02 6.770281e-04
2.767905e+01 1.997127e-02 6.413066e-04
2.767905e+01 2.156500e-02 6.028856e-04
2.767905e+01 2.328591e-02 5.629515e-04
2.767905e+01 2.514415e-02 5.231335e-04
2.767905e+01 2.715068e-02 4.851701e-04
2.767905e+01 2.931733e-02 4.503668e-04
2.767905e+01 3.165689e-02 4.196807e-04
2.767905e+01 3.418314e-02 3.936877e-04
2.767905e+01 3.691099e-02 3.719863e-04
2.767905e+01 3.985652e-02 3.532630e-04
2.767905e+01 4.303711e-02 3.353129e-04
2.767905e+01 4.647152e-02 3.154597e-04
2.767905e+01 5.017999e-02 2.914278e-04
2.767905e+01 5.418441e-02 2.696039e-04
2.767905e+01 5.850838e-02 2.573747e-04
2.767905e+01 6.317741e-02 2.441696e-04
2.767905e+01 6.821903e-02 2.299108e-04
2.767905e+01 7.366298e-02 2.142343e-04
2.767905e+01 7.954136e-02 1.944497e-04
2.767905e+01 8.588885e-02 1.730864e-04
2.767905e+01 9.274286e-02 1.500182e-04
2.767905e+01 1.001438e-01 1.251092e-04
2.767905e+01 1.081354e-01 1.109404e-04
2.767905e+01 1.167647e-01 1.017135e-04
2.767905e+01 1.260827e-01 9.175035e-05
2.767905e+01 1.361442e-01 8.099209e-05
2.767905e+01 1.470087e-01 7.053078e-05
2.767905e+01 1.587401e-01 6.415669e-05
2.767905e+01 1.714077e-01 5.727394e-05
2.767905e+01 1.850862e-01 4.984194e-05
2.767905e+01 1.998563e-01 4.181686e-05
2.767905e+01 2.158051e-01 3.754512e-05
2.767905e+01 2.330265e-01 3.381012e-05
2.767905e+01 2.516223e-01 2.977706e-05
2.767905e+01 2.717020e-01 2.542215e-05
2.767905e+01 2.933841e-01 2.197118e-05
2.767905e+01 3.167964e-01 1.983533e-05
2.767905e+01 3.420771e-01 1.752904e-05
2.767905e+01 3.693752e-01 1.503871e-05
2.767905e+01 3.988518e-01 1.246435e-05
2.767905e+01 4.306805e-01 1.129340e-05
2.767905e+01 4.650493e-01 1.002902e-05
2.767905e+01 5.021607e-01 8.663736e-06
2.767905e+01 5.422336e-01 7.189502e-06
2.767905e+01 5.855044e-01 6.246613e-06
2.767905e+01 6.322283e-01 5.530915e-06
2.767905e+01 6.826808e-01 4.758103e-06
2.767905e+01 7.371594e-01 3.923621e-06
2.767905e+01 7.959855e-01 3.194677e-06
2.767905e+01 8.595059e-01 2.812601e-06
2.767905e+01 9.280954e-01 2.400035e-06
2.767905e+01 1.002158e+00 1.954545e-06
2.767905e+01 1.082132e+00 1.473505e-06
2.767905e+01 1.168487e+00 1.267713e-06
2.767905e+01 1.261733e+00 1.072210e-06
2.767905e+01 1.362421e+00 8.611061e-07
2.767905e+01 1.471144e+00 6.331558e-07
2.767905e+01 1.588542e+00 4.813782e-07
2.767905e+01 1.715310e+00 4.001075e-07
2.767905e+01 1.852193e+00 3.123513e-07
2.767905e+01 2.000000e+00 2.175920e-07
2.825263e+01 1.000000e-03 1.542004e-04
2.825263e+01 1.079801e-03 1.655469e-04
2.825263e+01 1.165970e-03 1.776418e-04
2.825263e+01 1.259016e-03 1.905148e-04
2.825263e+01 1.359487e-03 2.041922e-04
2.825263e+01 1.467975e-03 2.186969e-04
2.825263e+01 1.585121e-03 2.340464e-04
2.825263e+01 1.711615e-03 2.502516e-04
2.825263e+01 1.848204e-03 2.673170e-04
2.825263e+01 1.995693e-03 2.852390e-04
2.825263e+01 2.154951e-03 3.040046e-04
2.825263e+01 2.326918e-03 3.235913e-04
2.825263e+01 2.512609e-03 3.439671e-04
2.825263e+01 2.713117e-03 3.650896e-04
2.825263e+01 2.929627e-03 3.869042e-04
2.825263e+01 3.163414e-03 4.093429e-04
2.825263e+01 3.415858e-03 4.323231e-04
2.825263e+01 3.688447e-03 4.557474e-04
2.825263e+01 3.982789e-03 4.794919e-04
2.825263e+01 4.300619e-03 5.034058e-04
2.825263e+01 4.643813e-03 5.273181e-04
2.825263e+01 5.014394e-03 5.510256e-04
2.825263e+01 5.414548e-03 5.742939e-04
2.825263e+01 5.846635e-03 5.968669e-04
2.825263e+01 6.313202e-03 6.184501e-04
2.825263e+01 6.817002e-03 6.387146e-04
2.825263e+01 7.361006e-03 6.573145e-04
2.825263e+01 7.948422e-03 6.738611e-04
2.825263e+01 8.582714e-03 6.879327e-04
2.825263e+01 9.267624e-03 6.991094e-04
2.825263e+01 1.000719e-02 7.069460e-04
2.825263e+01 1.080577e-02 7.109919e-04
2.825263e+01 1.166809e-02 7.108438e-04
2.825263e+01 1.259921e-02 7.061434e-04
2.825263e+01 1.360464e-02 6.966038e-04
2.825263e+01 1.469030e-02 6.820562e-04
2.825263e+01 1.586261e-02 6.625357e-04
2.825263e+01 1.712846e-02 6.382712e-04
2.825263e+01 1.849533e-02 6.096434e-04
2.825263e+01 1.997127e-02 5.774780e-04
2.825263e+01 2.156500e-02 5.428816e-04
2.825263e+01 2.328591e-02 5.069226e-04
2.825263e+01 2.514415e-02 4.710680e-04
2.825263e+01 2.715068e-02 4.368833e-04
2.825263e+01 2.931733e-02 4.055440e-04
2.825263e+01 3.165689e-02 3.779121e-04
2.825263e+01 3.418314e-02 3.545060e-04
2.825263e+01 3.691099e-02 3.349645e-04
2.825263e+01 3.985652e-02 3.181046e-04
2.825263e+01 4.303711e-02 3.019410e-04
2.825263e+01 4.647152e-02 2.840637e-04
2.825263e+01 5.017999e-02 2.624236e-04
2.825263e+01 5.418441e-02 2.427886e-04
2.825263e+01 5.850838e-02 2.318234e-04
2.825263e+01 6.317741e-02 2.199833e-04
2.825263e+01 6.821903e-02 2.071982e-04
2.825263e+01 7.366298e-02 1.931354e-04
2.825263e+01 7.954136e-02 1.753210e-04
2.825263e+01 8.588885e-02 1.560849e-04
2.825263e+01 9.274286e-02 1.353138e-04
2.825263e+01 1.001438e-01 1.128852e-04
2.825263e+01 1.081354e-01 1.001311e-04
2.825263e+01 1.167647e-01 9.182890e-05
2.825263e+01 1.260827e-01 8.286419e-05
2.825263e+01 1.361442e-01 7.318410e-05
2.825263e+01 1.470087e-01 6.377294e-05
2.825263e+01 1.587401e-01 5.804704e-05
2.825263e+01 1.714077e-01 5.186420e-05
2.825263e+01 1.850862e-01 4.518796e-05
2.825263e+01 1.998563e-01 3.797896e-05
2.825263e+01 2.158051e-01 3.412892e-05
2.825263e+01 2.330265e-01 3.075748e-05
2.825263e+01 2.516223e-01 2.711700e-05
2.825263e+01 2.717020e-01 2.318601e-05
2.825263e+01 2.933841e-01 2.006560e-05
2.825263e+01 3.167964e-01 1.812508e-05
2.825263e+01 3.420771e-01 1.602969e-05
2.825263e+01 3.693752e-01 1.376710e-05
2.825263e+01 3.988518e-01 1.142786e-05
2.825263e+01 4.306805e-01 1.035957e-05
2.825263e+01 4.650493e-01 9.206033e-06
2.825263e+01 5.021607e-01 7.960438e-06
2.825263e+01 5.422336e-01 6.615444e-06
2.825263e+01 5.855044e-01 5.754142e-06
2.825263e+01 6.322283e-01 5.099531e-06
2.825263e+01 6.826808e-01 4.392680e-06
2.825263e+01 7.371594e-01 3.629422e-06
2.825263e+01 7.959855e-01 2.962295e-06
2.825263e+01 8.595059e-01 2.611457e-06
2.825263e+01 9.280954e-01 2.232621e-06
2.825263e+01 1.002158e+00 1.823554e-06
2.825263e+01 1.082132e+00 1.381842e-06
2.825263e+01 1.168487e+00 1.191741e-06
2.825263e+01 1.261733e+00 1.010901e-06
2.825263e+01 1.362421e+00 8.156305e-07
2.825263e+01 1.471144e+00 6.047769e-07
2.825263e+01 1.588542e+00 4.635098e-07
2.825263e+01 1.715310e+00 3.866275e-07
2.825263e+01 1.852193e+00 3.036100e-07
2.825263e+01 2.000000e+00 2.139675e-07
2.883769e+01 1.000000e-03 1.375306e-04
2.883769e+01 1.079801e-03 1.476541e-04
2.883769e+01 1.165970e-03 1.584460e-04
2.883769e+01 1.259016e-03 1.699331e-04
2.883769e+01 1.359487e-03 1.821389e-04
2.883769e+01 1.467975e-03 1.950841e-04
2.883769e+01 1.585121e-03 2.087844e-04
2.883769e+01 1.711615e-03 2.232496e-04
2.883769e+01 1.848204e-03 2.384839e-04
2.883769e+01 1.995693e-03 2.544839e-04
2.883769e+01 2.154951e-03 2.712381e-04
2.883769e+01 2.326918e-03 2.887262e-04
2.883769e+01 2.512609e-03 3.069191e-04
2.883769e+01 2.713117e-03 3.257787e-04
2.883769e+01 2.929627e-03 3.452559e-04
2.883769e+01 3.163414e-03 3.652894e-04
2.883769e+01 3.415858e-03 3.858056e-04
2.883769e+01 3.688447e-03 4.067174e-04
2.883769e+01 3.982789e-03 4.279145e-04
2.883769e+01 4.300619e-03 4.492624e-04
2.883769e+01 4.643813e-03 4.706090e-04
2.883769e+01 5.014394e-03 4.917732e-04
2.883769e+01 5.414548e-03 5.125452e-04
2.883769e+01 5.846635e-03 5.326962e-04
2.883769e+01 6.313202e-03 5.519632e-04
2.883769e+01 6.817002e-03 5.700529e-04
2.883769e+01 7.361006e-03 5.866568e-04
2.883769e+01 7.948422e-03 6.014280e-04
2.883769e+01 8.582714e-03 6.139900e-04
2.883769e+01 9.267624e-03 6.239679e-04
2.883769e+01 1.000719e-02 6.309644e-04
2.883769e+01 1.080577e-02 6.345774e-04
2.883769e+01 1.166809e-02 6.344468e-04
2.883769e+01 1.259921e-02 6.302531e-04
2.883769e+01 1.360464e-02 6.217400e-04
2.883769e+01 1.469030e-02 6.087568e-04
2.883769e+01 1.586261e-02 5.913348e-04
2.883769e+01 1.712846e-02 5.696787e-04
2.883769e+01 1.849533e-02 5.441281e-04
2.883769e+01 1.997127e-02 5.154202e-04
2.883769e+01 2.156500e-02 4.845424e-04
2.883769e+01 2.328591e-02 4.524482e-04
2.883769e+01 2.514415e-02 4.204470e-04
2.883769e+01 2.715068e-02 3.899360e-04
2.883769e+01 2.931733e-02 3.619646e-04
2.883769e+01 3.165689e-02 3.373021e-04
2.883769e+01 3.418314e-02 3.164113e-04
2.883769e+01 3.691099e-02 2.989697e-04
2.883769e+01 3.985652e-02 2.839215e-04
2.883769e+01 4.303711e-02 2.694948e-04
2.883769e+01 4.647152e-02 2.535386e-04
2.883769e+01 5.017999e-02 2.342240e-04
2.883769e+01 5.418441e-02 2.167123e-04
2.883769e+01 5.850838e-02 2.069626e-04
2.883769e+01 6.317741e-02 1.964348e-04
2.883769e+01 6.821903e-02 1.850669e-04
2.883769e+01 7.366298e-02 1.725586e-04
2.883769e+01 7.954136e-02 1.566699e-04
2.883769e+01 8.588885e-02 1.395134e-04
2.883769e+01 9.274286e-02 1.209877e-04
2.883769e+01 1.001438e-01 1.009836e-04
2.883769e+01 1.081354e-01 8.960307e-05
2.883769e+01 1.167647e-01 8.219021e-05
2.883769e+01 1.260827e-01 7.418579e-05
2.883769e+01 1.361442e-01 6.554260e-05
2.883769e+01 1.470087e-01 5.714270e-05
2.883769e+01 1.587401e-01 5.204693e-05
2.883769e+01 1.714077e-01 4.654451e-05
2.883769e+01 1.850862e-01 4.060299e-05
2.883769e+01 1.998563e-01 3.418734e-05
2.883769e+01 2.158051e-01 3.074727e-05
2.883769e+01 2.330265e-01 2.772930e-05
2.883769e+01 2.516223e-01 2.447049e-05
2.883769e+01 2.717020e-01 2.095162e-05
2.883769e+01 2.933841e-01 1.815368e-05
2.883769e+01 3.167964e-01 1.640559e-05
2.883769e+01 3.420771e-01 1.451799e-05
2.883769e+01 3.693752e-01 1.247977e-05
2.883769e+01 3.988518e-01 1.037238e-05
2.883769e+01 4.306805e-01 9.408202e-06
2.883769e+01 4.650493e-01 8.367080e-06
2.883769e+01 5.021607e-01 7.242876e-06
2.883769e+01 5.422336e-01 6.028959e-06
2.883769e+01 5.855044e-01 5.250032e-06
2.883769e+01 6.322283e-01 4.656798e-06
2.883769e+01 6.826808e-01 4.016223e-06
2.883769e+01 7.371594e-01 3.324530e-06
2.883769e+01 7.959855e-01 2.719770e-06
2.883769e+01 8.595059e-01 2.401194e-06
2.883769e+01 9.280954e-01 2.057196e-06
2.883769e+01 1.002158e+00 1.685746e-06
2.883769e+01 1.082132e+00 1.284655e-06
2.883769e+01 1.168487e+00 1.110688e-06
2.883769e+01 1.261733e+00 9.449092e-07
2.883769e+01 1.362421e+00 7.659010e-07
2.883769e+01 1.471144e+00 5.726078e-07
2.883769e+01 1.588542e+00 4.423826e-07
2.883769e+01 1.715310e+00 3.704892e-07
2.883769e+01 1.852193e+00 2.928586e-07
2.883769e+01 2.000000e+00 2.090331e-07
2.943444e+01 1.000000e-03 1.212429e-04
2.943444e+01 1.079801e-03 1.301706e-04
2.943444e+01 1.165970e-03 1.396885e-04
2.943444e+01 1.259016e-03 1.498202e-04
2.943444e+01 1.359487e-03 1.605867e-04
2.943444e+01 1.467975e-03 1.720063e-04
2.943444e+01 1.585121e-03 1.840931e-04
2.943444e+01 1.711615e-03 1.968558e-04
2.943444e+01 1.848204e-03 2.102981e-04
2.943444e+01 1.995693e-03 2.244172e-04
2.943444e+01 2.154951e-03 2.392027e-04
2.943444e+01 2.326918e-03 2.546365e-04
2.943444e+01 2.512609e-03 2.706928e-04
2.943444e+01 2.713117e-03 2.873375e-04
2.943444e+01 2.929627e-03 3.045268e-04
2.943444e+01 3.163414e-03 3.222065e-04
2.943444e+01 3.415858e-03 3.403115e-04
2.943444e+01 3.688447e-03 3.587647e-04
2.943444e+01 3.982789e-03 3.774689e-04
2.943444e+01 4.300619e-03 3.963061e-04
2.943444e+01 4.643813e-03 4.151422e-04
2.943444e+01 5.014394e-03 4.338175e-04
2.943444e+01 5.414548e-03 4.521468e-04
2.943444e+01 5.846635e-03 4.699278e-04
2.943444e+01 6.313202e-03 4.869286e-04
2.943444e+01 6.817002e-03 5.028903e-04
2.943444e+01 7.361006e-03 5.175411e-04
2.943444e+01 7.948422e-03 5.305751e-04
2.943444e+01 8.582714e-03 5.416599e-04
2.943444e+01 9.267624e-03 5.504648e-04
2.943444e+01 1.000719e-02 5.566391e-04
2.943444e+01 1.080577e-02 5.598282e-04
2.943444e+01 1.166809e-02 5.597146e-04
2.943444e+01 1.259921e-02 5.560163e-04
2.943444e+01 1.360464e-02 5.485070e-04
2.943444e+01 1.469030e-02 5.370538e-04
2.943444e+01 1.586261e-02 5.216844e-04
2.943444e+01 1.712846e-02 5.025794e-04
2.943444e+01 1.849533e-02 4.800391e-04
2.943444e+01 1.997127e-02 4.547134e-04
2.943444e+01 2.156500e-02 4.274733e-04
2.943444e+01 2.328591e-02 3.991597e-04
2.943444e+01 2.514415e-02 3.709278e-04
2.943444e+01 2.715068e-02 3.440106e-04
2.943444e+01 2.931733e-02 3.193338e-04
2.943444e+01 3.165689e-02 2.975760e-04
2.943444e+01 3.418314e-02 2.791457e-04
2.943444e+01 3.691099e-02 2.637583e-04
2.943444e+01 3.985652e-02 2.504824e-04
2.943444e+01 4.303711e-02 2.377548e-04
2.943444e+01 4.647152e-02 2.236779e-04
2.943444e+01 5.017999e-02 2.066381e-04
2.943444e+01 5.418441e-02 1.912085e-04
2.943444e+01 5.850838e-02 1.826615e-04
2.943444e+01 6.317741e-02 1.734325e-04
2.943444e+01 6.821903e-02 1.634670e-04
2.943444e+01 7.366298e-02 1.524940e-04
2.943444e+01 7.954136e-02 1.384776e-04
2.943444e+01 8.588885e-02 1.233428e-04
2.943444e+01 9.274286e-02 1.070001e-04
2.943444e+01 1.001438e-01 8.935326e-05
2.943444e+01 1.081354e-01 7.930884e-05
2.943444e+01 1.167647e-01 7.276184e-05
2.943444e+01 1.260827e-01 6.569238e-05
2.943444e+01 1.361442e-01 5.805878e-05
2.943444e+01 1.470087e-01 5.064276e-05
2.943444e+01 1.587401e-01 4.615672e-05
2.943444e+01 1.714077e-01 4.131268e-05
2.943444e+01 1.850862e-01 3.608209e-05
2.943444e+01 1.998563e-01 3.043410e-05
2.943444e+01 2.158051e-01 2.739325e-05
2.943444e+01 2.330265e-01 2.472054e-05
2.943444e+01 2.516223e-01 2.183454e-05
2.943444e+01 2.717020e-01 1.871824e-05
2.943444e+01 2.933841e-01 1.623659e-05
2.943444e+01 3.167964e-01 1.467957e-05
2.943444e+01 3.420771e-01 1.299831e-05
2.943444e+01 3.693752e-01 1.118287e-05
2.943444e+01 3.988518e-01 9.305731e-06
2.943444e+01 4.306805e-01 8.445302e-06
2.943444e+01 4.650493e-01 7.516211e-06
2.943444e+01 5.021607e-01 6.512977e-06
2.943444e+01 5.422336e-01 5.429684e-06
2.943444e+01 5.855044e-01 4.733509e-06
2.943444e+01 6.322283e-01 4.202463e-06
2.943444e+01 6.826808e-01 3.629040e-06
2.943444e+01 7.371594e-01 3.009856e-06
2.943444e+01 7.959855e-01 2.468316e-06
2.943444e+01 8.595059e-01 2.182528e-06
2.943444e+01 9.280954e-01 1.873933e-06
2.943444e+01 1.002158e+00 1.540712e-06
2.943444e+01 1.082132e+00 1.180900e-06
2.943444e+01 1.168487e+00 1.023730e-06
2.943444e+01 1.261733e+00 8.737216e-07
2.943444e+01 1.362421e+00 7.117424e-07
2.943444e+01 1.471144e+00 5.368372e-07
2.943444e+01 1.588542e+00 4.183009e-07
2.943444e+01 1.715310e+00 3.518788e-07
2.943444e+01 1.852193e+00 2.801563e-07
2.943444e+01 2.000000e+00 2.027102e-07
3.004313e+01 1.000000e-03 1.054045e-04
3.004313e+01 1.079801e-03 1.131687e-04
3.004313e+01 1.165970e-03 1.214467e-04
3.004313e+01 1.259016e-03 1.302593e-04
3.004313e+01 1.359487e-03 1.396247e-04
3.004313e+01 1.467975e-03 1.495591e-04
3.004313e+01 1.585121e-03 1.600749e-04
3.004313e+01 1.711615e-03 1.711796e-04
3.004313e+01 1.848204e-03 1.828767e-04
3.004313e+01 1.995693e-03 1.951637e-04
3.004313e+01 2.154951e-03 2.080314e-04
3.004313e+01 2.326918e-03 2.214639e-04
3.004313e+01 2.512609e-03 2.354387e-04
3.004313e+01 2.713117e-03 2.499257e-04
3.004313e+01 2.929627e-03 2.648864e-04
3.004313e+01 3.163414e-03 2.802733e-04
3.004313e+01 3.415858e-03 2.960297e-04
3.004313e+01 3.688447e-03 3.120884e-04
3.004313e+01 3.982789e-03 3.283650e-04
3.004313e+01 4.300619e-03 3.447569e-04
3.004313e+01 4.643813e-03 3.611480e-04
3.004313e+01 5.014394e-03 3.773994e-04
3.004313e+01 5.414548e-03 3.933498e-04
3.004313e+01 5.846635e-03 4.088227e-04
3.004313e+01 6.313202e-03 4.236164e-04
3.004313e+01 6.817002e-03 4.375059e-04
3.004313e+01 7.361006e-03 4.502548e-04
3.004313e+01 7.948422e-03 4.615969e-04
3.004313e+01 8.582714e-03 4.712431e-04
3.004313e+01 9.267624e-03 4.789054e-04
3.004313e+01 1.000719e-02 4.842789e-04
3.004313e+01 1.080577e-02 4.870550e-04
3.004313e+01 1.166809e-02 4.869576e-04
3.004313e+01 1.259921e-02 4.837413e-04
3.004313e+01 1.360464e-02 4.772091e-04
3.004313e+01 1.469030e-02 4.672452e-04
3.004313e+01 1.586261e-02 4.538737e-04
3.004313e+01 1.712846e-02 4.372524e-04
3.004313e+01 1.849533e-02 4.176426e-04
3.004313e+01 1.997127e-02 3.956097e-04
3.004313e+01 2.156500e-02 3.719113e-04
3.004313e+01 2.328591e-02 3.472785e-04
3.004313e+01 2.514415e-02 3.227164e-04
3.004313e+01 2.715068e-02 2.992979e-04
3.004313e+01 2.931733e-02 2.778286e-04
3.004313e+01 3.165689e-02 2.588989e-04
3.004313e+01 3.418314e-02 2.428641e-04
3.004313e+01 3.691099e-02 2.294766e-04
3.004313e+01 3.985652e-02 2.179262e-04
3.004313e+01 4.303711e-02 2.068529e-04
3.004313e+01 4.647152e-02 1.946056e-04
3.004313e+01 5.017999e-02 1.797806e-04
3.004313e+01 5.418441e-02 1.663726e-04
3.004313e+01 5.850838e-02 1.589814e-04
3.004313e+01 6.317741e-02 1.510004e-04
3.004313e+01 6.821903e-02 1.423825e-04
3.004313e+01 7.366298e-02 1.328870e-04
3.004313e+01 7.954136e-02 1.206943e-04
3.004313e+01 8.588885e-02 1.075287e-04
3.004313e+01 9.274286e-02 9.331241e-05
3.004313e+01 1.001438e-01 7.796165e-05
3.004313e+01 1.081354e-01 6.921999e-05
3.004313e+01 1.167647e-01 6.351839e-05
3.004313e+01 1.260827e-01 5.736180e-05
3.004313e+01 1.361442e-01 5.071391e-05
3.004313e+01 1.470087e-01 4.425781e-05
3.004313e+01 1.587401e-01 4.036338e-05
3.004313e+01 1.714077e-01 3.615817e-05
3.004313e+01 1.850862e-01 3.161739e-05
3.004313e+01 1.998563e-01 2.671424e-05
3.004313e+01 2.158051e-01 2.406393e-05
3.004313e+01 2.330265e-01 2.173026e-05
3.004313e+01 2.516223e-01 1.921036e-05
3.004313e+01 2.717020e-01 1.648937e-05
3.004313e+01 2.933841e-01 1.431867e-05
3.004313e+01 3.167964e-01 1.295011e-05
3.004313e+01 3.420771e-01 1.147234e-05
3.004313e+01 3.693752e-01 9.876632e-06
3.004313e+01 3.988518e-01 8.226670e-06
3.004313e+01 4.306805e-01 7.470136e-06
3.004313e+01 4.650493e-01 6.653229e-06
3.004313e+01 5.021607e-01 5.771131e-06
3.004313e+01 5.422336e-01 4.818642e-06
3.004313e+01 5.855044e-01 4.205404e-06
3.004313e+01 6.322283e-01 3.736745e-06
3.004313e+01 6.826808e-01 3.230686e-06
3.004313e+01 7.371594e-01 2.684243e-06
3.004313e+01 7.959855e-01 2.206281e-06
3.004313e+01 8.595059e-01 1.953925e-06
3.004313e+01 9.280954e-01 1.681432e-06
3.004313e+01 1.002158e+00 1.387192e-06
3.004313e+01 1.082132e+00 1.069473e-06
3.004313e+01 1.168487e+00 9.296897e-07
3.004313e+01 1.261733e+00 7.960660e-07
3.004313e+01 1.362421e+00 6.517790e-07
3.004313e+01 1.471144e+00 4.959778e-07
3.004313e+01 1.588542e+00 3.898395e-07
3.004313e+01 1.715310e+00 3.295989e-07
3.004313e+01 1.852193e+00 2.645510e-07
3.004313e+01 2.000000e+00 1.943123e-07
3.066399e+01 1.000000e-03 8.998494e-05
3.066399e+01 1.079801e-03 9.661566e-05
3.066399e+01 1.165970e-03 1.036857e-04
3.066399e+01 1.259016e-03 1.112129e-04
3.066399e+01 1.359487e-03 1.192129e-04
3.066399e+01 1.467975e-03 1.276997e-04
3.066399e+01 1.585121e-03 1.366839e-04
3.066399e+01 1.711615e-03 1.461721e-04
3.066399e+01 1.848204e-03 1.561674e-04
3.066399e+01 1.995693e-03 1.666675e-04
3.066399e+01 2.154951e-03 1.776647e-04
3.066399e+01 2.326918e-03 1.891452e-04
3.066399e+01 2.512609e-03 2.010896e-04
3.066399e+01 2.713117e-03 2.134718e-04
3.066399e+01 2.929627e-03 2.262587e-04
3.066399e+01 3.163414e-03 2.394095e-04
3.066399e+01 3.415858e-03 2.528755e-04
3.066399e+01 3.688447e-03 2.665992e-04
3.066399e+01 3.982789e-03 2.805085e-04
3.066399e+01 4.300619e-03 2.945161e-04
3.066399e+01 4.643813e-03 3.085230e-04
3.066399e+01 5.014394e-03 3.224108e-04
3.066399e+01 5.414548e-03 3.360413e-04
3.066399e+01 5.846635e-03 3.492637e-04
3.066399e+01 6.313202e-03 3.619054e-04
3.066399e+01 6.817002e-03 3.737743e-04
3.066399e+01 7.361006e-03 3.846687e-04
3.066399e+01 7.948422e-03 3.943611e-04
3.066399e+01 8.582714e-03 4.026044e-04
3.066399e+01 9.267624e-03 4.091526e-04
3.066399e+01 1.000719e-02 4.137450e-04
3.066399e+01 1.080577e-02 4.161181e-04
3.066399e+01 1.166809e-02 4.160363e-04
3.066399e+01 1.259921e-02 4.132895e-04
3.066399e+01 1.360464e-02 4.077095e-04
3.066399e+01 1.469030e-02 3.991971e-04
3.066399e+01 1.586261e-02 3.877731e-04
3.066399e+01 1.712846e-02 3.735726e-04
3.066399e+01 1.849533e-02 3.568193e-04
3.066399e+01 1.997127e-02 3.379961e-04
3.066399e+01 2.156500e-02 3.177499e-04
3.066399e+01 2.328591e-02 2.967050e-04
3.066399e+01 2.514415e-02 2.757201e-04
3.066399e+01 2.715068e-02 2.557121e-04
3.066399e+01 2.931733e-02 2.373694e-04
3.066399e+01 3.165689e-02 2.211965e-04
3.066399e+01 3.418314e-02 2.074968e-04
3.066399e+01 3.691099e-02 1.960589e-04
3.066399e+01 3.985652e-02 1.861905e-04
3.066399e+01 4.303711e-02 1.767298e-04
3.066399e+01 4.647152e-02 1.662660e-04
3.066399e+01 5.017999e-02 1.535999e-04
3.066399e+01 5.418441e-02 1.421583e-04
3.066399e+01 5.850838e-02 1.358820e-04
3.066399e+01 6.317741e-02 1.291048e-04
3.066399e+01 6.821903e-02 1.217869e-04
3.066399e+01 7.366298e-02 1.137181e-04
3.066399e+01 7.954136e-02 1.033021e-04
3.066399e+01 8.588885e-02 9.205490e-05
3.066399e+01 9.274286e-02 7.991017e-05
3.066399e+01 1.001438e-01 6.679629e-05
3.066399e+01 1.081354e-01 5.932650e-05
3.066399e+01 1.167647e-01 5.445272e-05
3.066399e+01 1.260827e-01 4.918999e-05
3.066399e+01 1.361442e-01 4.350730e-05
3.066399e+01 1.470087e-01 3.799016e-05
3.066399e+01 1.587401e-01 3.466971e-05
3.066399e+01 1.714077e-01 3.108428e-05
3.066399e+01 1.850862e-01 2.721273e-05
3.066399e+01 1.998563e-01 2.303223e-05
3.066399e+01 2.158051e-01 2.076238e-05
3.066399e+01 2.330265e-01 1.875967e-05
3.066399e+01 2.516223e-01 1.659714e-05
3.066399e+01 2.717020e-01 1.426204e-05
3.066399e+01 2.933841e-01 1.239620e-05
3.066399e+01 3.167964e-01 1.121471e-05
3.066399e+01 3.420771e-01 9.938940e-06
3.066399e+01 3.693752e-01 8.561358e-06
3.066399e+01 3.988518e-01 7.136951e-06
3.066399e+01 4.306805e-01 6.484061e-06
3.066399e+01 4.650493e-01 5.779069e-06
3.066399e+01 5.021607e-01 5.017818e-06
3.066399e+01 5.422336e-01 4.195819e-06
3.066399e+01 5.855044e-01 3.665833e-06
3.066399e+01 6.322283e-01 3.260203e-06
3.066399e+01 6.826808e-01 2.822203e-06
3.066399e+01 7.371594e-01 2.349250e-06
3.066399e+01 7.959855e-01 1.935518e-06
3.066399e+01 8.595059e-01 1.716932e-06
3.066399e+01 9.280954e-01 1.480903e-06
3.066399e+01 1.002158e+00 1.226038e-06
3.066399e+01 1.082132e+00 9.508344e-07
3.066399e+01 1.168487e+00 8.290114e-07
3.066399e+01 1.261733e+00 7.124006e-07
3.066399e+01 1.362421e+00 5.864842e-07
3.066399e+01 1.471144e+00 4.505196e-07
3.066399e+01 1.588542e+00 3.573871e-07
3.066399e+01 1.715310e+00 3.038235e-07
3.066399e+01 1.852193e+00 2.459855e-07
3.066399e+01 2.000000e+00 1.835320e-07
3.129727e+01 1.000000e-03 7.498272e-05
3.129727e+01 1.079801e-03 8.050994e-05
3.129727e+01 1.165970e-03 8.640376e-05
3.129727e+01 1.259016e-03 9.267917e-05
3.129727e+01 1.359487e-03 9.934931e-05
3.129727e+01 1.467975e-03 1.064259e-04
3.129727e+01 1.585121e-03 1.139180e-04
3.129727e+01 1.711615e-03 1.218312e-04
3.129727e+01 1.848204e-03 1.301679e-04
3.129727e+01 1.995693e-03 1.389264e-04
3.129727e+01 2.154951e-03 1.481002e-04
3.129727e+01 2.326918e-03 1.576778e-04
3.129727e+01 2.512609e-03 1.676426e-04
3.129727e+01 2.713117e-03 1.779729e-04
3.129727e+01 2.929627e-03 1.886407e-04
3.129727e+01 3.163414e-03 1.996117e-04
3.129727e+01 3.415858e-03 2.108452e-04
3.129727e+01 3.688447e-03 2.222931e-04
3.129727e+01 3.982789e-03 2.338953e-04
3.129727e+01 4.300619e-03 2.455793e-04
3.129727e+01 4.643813e-03 2.572628e-04
3.129727e+01 5.014394e-03 2.688470e-04
3.129727e+01 5.414548e-03 2.802166e-04
3.129727e+01 5.846635e-03 2.912456e-04
3.129727e+01 6.313202e-03 3.017901e-04
3.129727e+01 6.817002e-03 3.116900e-04
3.129727e+01 7.361006e-03 3.207771e-04
3.129727e+01 7.948422e-03 3.288617e-04
3.129727e+01 8.582714e-03 3.357378e-04
3.129727e+01 9.267624e-03 3.412000e-04
3.129727e+01 1.000719e-02 3.450311e-04
3.129727e+01 1.080577e-02 3.470113e-04
3.129727e+01 1.166809e-02 3.469442e-04
3.129727e+01 1.259921e-02 3.446547e-04
3.129727e+01 1.360464e-02 3.400020e-04
3.129727e+01 1.469030e-02 3.329036e-04
3.129727e+01 1.586261e-02 3.233768e-04
3.129727e+01 1.712846e-02 3.115346e-04
3.129727e+01 1.849533e-02 2.975640e-04
3.129727e+01 1.997127e-02 2.818676e-04
3.129727e+01 2.156500e-02 2.649843e-04
3.129727e+01 2.328591e-02 2.474346e-04
3.129727e+01 2.514415e-02 2.299347e-04
3.129727e+01 2.715068e-02 2.132494e-04
3.129727e+01 2.931733e-02 1.979527e-04
3.129727e+01 3.165689e-02 1.844654e-04
3.129727e+01 3.418314e-02 1.730407e-04
3.129727e+01 3.691099e-02 1.635022e-04
3.129727e+01 3.985652e-02 1.552725e-04
3.129727e+01 4.303711e-02 1.473827e-04
3.129727e+01 4.647152e-02 1.386566e-04
3.129727e+01 5.017999e-02 1.280938e-04
3.129727e+01 5.418441e-02 1.185646e-04
3.129727e+01 5.850838e-02 1.133652e-04
3.129727e+01 6.317741e-02 1.077509e-04
3.129727e+01 6.821903e-02 1.016885e-04
3.129727e+01 7.366298e-02 9.499925e-05
3.129727e+01 7.954136e-02 8.631506e-05
3.129727e+01 8.588885e-02 7.693785e-05
3.129727e+01 9.274286e-02 6.681233e-05
3.129727e+01 1.001438e-01 5.587879e-05
3.129727e+01 1.081354e-01 4.964777e-05
3.129727e+01 1.167647e-01 4.557937e-05
3.129727e+01 1.260827e-01 4.118630e-05
3.129727e+01 1.361442e-01 3.644266e-05
3.129727e+01 1.470087e-01 3.183824e-05
3.129727e+01 1.587401e-01 2.907196e-05
3.129727e+01 1.714077e-01 2.608493e-05
3.129727e+01 1.850862e-01 2.285953e-05
3.129727e+01 1.998563e-01 1.937674e-05
3.129727e+01 2.158051e-01 1.747879e-05
3.129727e+01 2.330265e-01 1.580147e-05
3.129727e+01 2.516223e-01 1.399030e-05
3.129727e+01 2.717020e-01 1.203459e-05
3.129727e+01 2.933841e-01 1.046956e-05
3.129727e+01 3.167964e-01 9.474517e-06
3.129727e+01 3.420771e-01 8.400065e-06
3.129727e+01 3.693752e-01 7.239871e-06
3.129727e+01 3.988518e-01 6.040240e-06
3.129727e+01 4.306805e-01 5.490364e-06
3.129727e+01 4.650493e-01 4.896607e-06
3.129727e+01 5.021607e-01 4.255468e-06
3.129727e+01 5.422336e-01 3.563166e-06
3.129727e+01 5.855044e-01 3.116197e-06
3.129727e+01 6.322283e-01 2.773631e-06
3.129727e+01 6.826808e-01 2.403728e-06
3.129727e+01 7.371594e-01 2.004307e-06
3.129727e+01 7.959855e-01 1.654951e-06
3.129727e+01 8.595059e-01 1.470524e-06
3.129727e+01 9.280954e-01 1.271379e-06
3.129727e+01 1.002158e+00 1.056343e-06
3.129727e+01 1.082132e+00 8.241461e-07
3.129727e+01 1.168487e+00 7.208022e-07
3.129727e+01 1.261733e+00 6.217640e-07
3.129727e+01 1.362421e+00 5.148224e-07
3.129727e+01 1.471144e+00 3.993467e-07
3.129727e+01 1.588542e+00 3.198455e-07
3.129727e+01 1.715310e+00 2.735653e-07
3.129727e+01 1.852193e+00 2.235918e-07
3.129727e+01 2.000000e+00 1.696305e-07
3.194322e+01 1.000000e-03 6.036106e-05
3.194322e+01 1.079801e-03 6.481205e-05
3.194322e+01 1.165970e-03 6.955860e-05
3.194322e+01 1.259016e-03 7.461284e-05
3.194322e+01 1.359487e-03 7.998546e-05
3.194322e+01 1.467975e-03 8.568600e-05
3.194322e+01 1.585121e-03 9.172175e-05
3.194322e+01 1.711615e-03 9.809731e-05
3.194322e+01 1.848204e-03 1.048147e-04
3.194322e+01 1.995693e-03 1.118727e-04
3.194322e+01 2.154951e-03 1.192658e-04
3.194322e+01 2.326918e-03 1.269848e-04
3.194322e+01 2.512609e-03 1.350163e-04
3.194322e+01 2.713117e-03 1.433424e-04
3.194322e+01 2.929627e-03 1.519405e-04
3.194322e+01 3.163414e-03 1.607827e-04
3.194322e+01 3.415858e-03 1.698361e-04
3.194322e+01 3.688447e-03 1.790618e-04
3.194322e+01 3.982789e-03 1.884115e-04
3.194322e+01 4.300619e-03 1.978267e-04
3.194322e+01 4.643813e-03 2.072416e-04
3.194322e+01 5.014394e-03 2.165766e-04
3.194322e+01 5.414548e-03 2.257387e-04
3.194322e+01 5.846635e-03 2.346262e-04
3.194322e+01 6.313202e-03 2.431232e-04
3.194322e+01 6.817002e-03 2.511007e-04
3.194322e+01 7.361006e-03 2.584232e-04
3.194322e+01 7.948422e-03 2.649381e-04
3.194322e+01 8.582714e-03 2.704792e-04
3.194322e+01 9.267624e-03 2.748810e-04
3.194322e+01 1.000719e-02 2.779686e-04
3.194322e+01 1.080577e-02 2.795650e-04
3.194322e+01 1.166809e-02 2.795119e-04
3.194322e+01 1.259921e-02 2.776682e-04
3.194322e+01 1.360464e-02 2.739205e-04
3.194322e+01 1.469030e-02 2.682019e-04
3.194322e+01 1.586261e-02 2.605268e-04
3.194322e+01 1.712846e-02 2.509864e-04
3.194322e+01 1.849533e-02 2.397315e-04
3.194322e+01 1.997127e-02 2.270863e-04
3.194322e+01 2.156500e-02 2.134850e-04
3.194322e+01 2.328591e-02 1.993465e-04
3.194322e+01 2.514415e-02 1.852479e-04
3.194322e+01 2.715068e-02 1.718053e-04
3.194322e+01 2.931733e-02 1.594816e-04
3.194322e+01 3.165689e-02 1.486156e-04
3.194322e+01 3.418314e-02 1.394112e-04
3.194322e+01 3.691099e-02 1.317265e-04
3.194322e+01 3.985652e-02 1.250962e-04
3.194322e+01 4.303711e-02 1.187397e-04
3.194322e+01 4.647152e-02 1.117094e-04
3.194322e+01 5.017999e-02 1.031995e-04
3.194322e+01 5.418441e-02 9.553415e-05
3.194322e+01 5.850838e-02 9.137823e-05
3.194322e+01 6.317741e-02 8.689067e-05
3.194322e+01 6.821903e-02 8.204500e-05
3.194322e+01 7.366298e-02 7.669319e-05
3.194322e+01 7.954136e-02 6.969467e-05
3.194322e+01 8.588885e-02 6.213765e-05
3.194322e+01 9.274286e-02 5.397759e-05
3.194322e+01 1.001438e-01 4.516633e-05
3.194322e+01 1.081354e-01 4.014325e-05
3.194322e+01 1.167647e-01 3.686212e-05
3.194322e+01 1.260827e-01 3.331916e-05
3.194322e+01 1.361442e-01 2.949346e-05
3.194322e+01 1.470087e-01 2.578092e-05
3.194322e+01 1.587401e-01 2.355459e-05
3.194322e+01 1.714077e-01 2.115060e-05
3.194322e+01 1.850862e-01 1.855476e-05
3.194322e+01 1.998563e-01 1.575178e-05
3.194322e+01 2.158051e-01 1.421769e-05
3.194322e+01 2.330265e-01 1.285931e-05
3.194322e+01 2.516223e-01 1.139253e-05
3.194322e+01 2.717020e-01 9.808696e-06
3.194322e+01 2.933841e-01 8.539573e-06
3.194322e+01 3.167964e-01 7.729782e-06
3.194322e+01 3.420771e-01 6.855370e-06
3.194322e+01 3.693752e-01 5.911178e-06
3.194322e+01 3.988518e-01 4.934919e-06
3.194322e+01 4.306805e-01 4.487824e-06
3.194322e+01 4.650493e-01 4.005050e-06
3.194322e+01 5.021607e-01 3.483750e-06
3.194322e+01 5.422336e-01 2.920851e-06
3.194322e+01 5.855044e-01 2.557107e-06
3.194322e+01 6.322283e-01 2.278079e-06
3.194322e+01 6.826808e-01 1.976784e-06
3.194322e+01 7.371594e-01 1.651445e-06
3.194322e+01 7.959855e-01 1.366845e-06
3.194322e+01 8.595059e-01 1.216487e-06
3.194322e+01 9.280954e-01 1.054129e-06
3.194322e+01 1.002158e+00 8.788161e-07
3.194322e+01 1.082132e+00 6.895126e-07
3.194322e+01 1.168487e+00 6.050176e-07
3.194322e+01 1.261733e+00 5.239930e-07
3.194322e+01 1.362421e+00 4.365025e-07
3.194322e+01 1.471144e+00 3.420303e-07
3.194322e+01 1.588542e+00 2.766814e-07
3.194322e+01 1.715310e+00 2.382171e-07
3.194322e+01 1.852193e+00 1.966833e-07
3.194322e+01 2.000000e+00 1.518350e-07
3.260208e+01 1.000000e-03 4.616102e-05
3.260208e+01 1.079801e-03 4.956612e-05
3.260208e+01 1.165970e-03 5.319759e-05
3.260208e+01 1.259016e-03 5.706477e-05
3.260208e+01 1.359487e-03 6.117589e-05
3.260208e+01 1.467975e-03 6.553832e-05
3.260208e+01 1.585121e-03 7.015772e-05
3.260208e+01 1.711615e-03 7.503765e-05
3.260208e+01 1.848204e-03 8.017974e-05
3.260208e+01 1.995693e-03 8.558297e-05
3.260208e+01 2.154951e-03 9.124324e-05
3.260208e+01 2.326918e-03 9.715337e-05
3.260208e+01 2.512609e-03 1.033030e-04
3.260208e+01 2.713117e-03 1.096785e-04
3.260208e+01 2.929627e-03 1.162621e-04
3.260208e+01 3.163414e-03 1.230325e-04
3.260208e+01 3.415858e-03 1.299643e-04
3.260208e+01 3.688447e-03 1.370277e-04
3.260208e+01 3.982789e-03 1.441856e-04
3.260208e+01 4.300619e-03 1.513935e-04
3.260208e+01 4.643813e-03 1.586012e-04
3.260208e+01 5.014394e-03 1.657477e-04
3.260208e+01 5.414548e-03 1.727619e-04
3.260208e+01 5.846635e-03 1.795658e-04
3.260208e+01 6.313202e-03 1.860707e-04
3.260208e+01 6.817002e-03 1.921778e-04
3.260208e+01 7.361006e-03 1.977836e-04
3.260208e+01 7.948422e-03 2.027712e-04
3.260208e+01 8.582714e-03 2.070133e-04
3.260208e+01 9.267624e-03 2.103833e-04
3.260208e+01 1.000719e-02 2.127474e-04
3.260208e+01 1.080577e-02 2.139701e-04
3.260208e+01 1.166809e-02 2.139301e-04
3.260208e+01 1.259921e-02 2.125197e-04
3.260208e+01 1.360464e-02 2.096518e-04
3.260208e+01 1.469030e-02 2.052752e-04
3.260208e+01 1.586261e-02 1.994011e-04
3.260208e+01 1.712846e-02 1.920993e-04
3.260208e+01 1.849533e-02 1.834853e-04
3.260208e+01 1.997127e-02 1.738075e-04
3.260208e+01 2.156500e-02 1.633977e-04
3.260208e+01 2.328591e-02 1.525767e-04
3.260208e+01 2.514415e-02 1.417860e-04
3.260208e+01 2.715068e-02 1.314973e-04
3.260208e+01 2.931733e-02 1.220650e-04
3.260208e+01 3.165689e-02 1.137484e-04
3.260208e+01 3.418314e-02 1.067035e-04
3.260208e+01 3.691099e-02 1.008217e-04
3.260208e+01 3.985652e-02 9.574694e-05
3.260208e+01 4.303711e-02 9.088179e-05
3.260208e+01 4.647152e-02 8.550092e-05
3.260208e+01 5.017999e-02 7.898754e-05
3.260208e+01 5.418441e-02 7.313059e-05
3.260208e+01 5.850838e-02 6.997751e-05
3.260208e+01 6.317741e-02 6.657281e-05
3.260208e+01 6.821903e-02 6.289641e-05
3.260208e+01 7.366298e-02 5.883170e-05
3.260208e+01 7.954136e-02 5.347321e-05
3.260208e+01 8.588885e-02 4.768711e-05
3.260208e+01 9.274286e-02 4.143928e-05
3.260208e+01 1.001438e-01 3.469286e-05
3.260208e+01 1.081354e-01 3.084497e-05
3.260208e+01 1.167647e-01 2.832976e-05
3.260208e+01 1.260827e-01 2.561384e-05
3.260208e+01 1.361442e-01 2.268118e-05
3.260208e+01 1.470087e-01 1.983582e-05
3.260208e+01 1.587401e-01 1.813213e-05
3.260208e+01 1.714077e-01 1.629249e-05
3.260208e+01 1.850862e-01 1.430605e-05
3.260208e+01 1.998563e-01 1.216108e-05
3.260208e+01 2.158051e-01 1.098288e-05
3.260208e+01 2.330265e-01 9.937945e-06
3.260208e+01 2.516223e-01 8.809626e-06
3.260208e+01 2.717020e-01 7.591266e-06
3.260208e+01 2.933841e-01 6.613768e-06
3.260208e+01 3.167964e-01 5.987954e-06
3.260208e+01 3.420771e-01 5.312199e-06
3.260208e+01 3.693752e-01 4.582518e-06
3.260208e+01 3.988518e-01 3.828047e-06
3.260208e+01 4.306805e-01 3.482424e-06
3.260208e+01 4.650493e-01 3.109220e-06
3.260208e+01 5.021607e-01 2.706233e-06
3.260208e+01 5.422336e-01 2.271088e-06
3.260208e+01 5.855044e-01 1.990020e-06
3.260208e+01 6.322283e-01 1.774506e-06
3.260208e+01 6.826808e-01 1.541794e-06
3.260208e+01 7.371594e-01 1.290511e-06
3.260208e+01 7.959855e-01 1.070646e-06
3.260208e+01 8.595059e-01 9.543457e-07
3.260208e+01 9.280954e-01 8.287649e-07
3.260208e+01 1.002158e+00 6.931626e-07
3.260208e+01 1.082132e+00 5.467391e-07
3.260208e+01 1.168487e+00 4.813291e-07
3.260208e+01 1.261733e+00 4.185944e-07
3.260208e+01 1.362421e+00 3.508533e-07
3.260208e+01 1.471144e+00 2.777065e-07
3.260208e+01 1.588542e+00 2.269434e-07
3.260208e+01 1.715310e+00 1.968379e-07
3.260208e+01 1.852193e+00 1.643299e-07
3.260208e+01 2.000000e+00 1.292277e-07
3.327412e+01 1.000000e-03 3.231190e-05
3.327412e+01 1.079801e-03 3.469627e-05
3.327412e+01 1.165970e-03 3.723932e-05
3.327412e+01 1.259016e-03 3.994765e-05
3.327412e+01 1.359487e-03 4.282706e-05
3.327412e+01 1.467975e-03 4.588277e-05
3.327412e+01 1.585121e-03 4.911878e-05
3.327412e+01 1.711615e-03 5.253763e-05
3.327412e+01 1.848204e-03 5.614050e-05
3.327412e+01 1.995693e-03 5.992669e-05
3.327412e+01 2.154951e-03 6.389331e-05
3.327412e+01 2.326918e-03 6.803532e-05
3.327412e+01 2.512609e-03 7.234543e-05
3.327412e+01 2.713117e-03 7.681391e-05
3.327412e+01 2.929627e-03 8.142828e-05
3.327412e+01 3.163414e-03 8.617344e-05
3.327412e+01 3.415858e-03 9.103154e-05
3.327412e+01 3.688447e-03 9.598157e-05
3.327412e+01 3.982789e-03 1.009976e-04
3.327412e+01 4.300619e-03 1.060485e-04
3.327412e+01 4.643813e-03 1.110992e-04
3.327412e+01 5.014394e-03 1.161071e-04
3.327412e+01 5.414548e-03 1.210223e-04
3.327412e+01 5.846635e-03 1.257901e-04
3.327412e+01 6.313202e-03 1.303483e-04
3.327412e+01 6.817002e-03 1.346278e-04
3.327412e+01 7.361006e-03 1.385560e-04
3.327412e+01 7.948422e-03 1.420510e-04
3.327412e+01 8.582714e-03 1.450237e-04
3.327412e+01 9.267624e-03 1.473854e-04
3.327412e+01 1.000719e-02 1.490423e-04
3.327412e+01 1.080577e-02 1.498994e-04
3.327412e+01 1.166809e-02 1.498720e-04
3.327412e+01 1.259921e-02 1.488843e-04
3.327412e+01 1.360464e-02 1.468755e-04
3.327412e+01 1.469030e-02 1.438098e-04
3.327412e+01 1.586261e-02 1.396947e-04
3.327412e+01 1.712846e-02 1.345795e-04
3.327412e+01 1.849533e-02 1.285450e-04
3.327412e+01 1.997127e-02 1.217652e-04
3.327412e+01 2.156500e-02 1.144726e-04
3.327412e+01 2.328591e-02 1.068919e-04
3.327412e+01 2.514415e-02 9.933228e-05
3.327412e+01 2.715068e-02 9.212437e-05
3.327412e+01 2.931733e-02 8.551631e-05
3.327412e+01 3.165689e-02 7.968990e-05
3.327412e+01 3.418314e-02 7.475441e-05
3.327412e+01 3.691099e-02 7.063372e-05
3.327412e+01 3.985652e-02 6.707845e-05
3.327412e+01 4.303711e-02 6.367003e-05
3.327412e+01 4.647152e-02 5.990029e-05
3.327412e+01 5.017999e-02 5.533716e-05
3.327412e+01 5.418441e-02 5.124049e-05
3.327412e+01 5.850838e-02 4.904981e-05
3.327412e+01 6.317741e-02 4.668432e-05
3.327412e+01 6.821903e-02 4.413006e-05
3.327412e+01 7.366298e-02 4.130327e-05
3.327412e+01 7.954136e-02 3.754934e-05
3.327412e+01 8.588885e-02 3.349585e-05
3.327412e+01 9.274286e-02 2.911888e-05
3.327412e+01 1.001438e-01 2.439263e-05
3.327412e+01 1.081354e-01 2.169574e-05
3.327412e+01 1.167647e-01 1.993178e-05
3.327412e+01 1.260827e-01 1.802706e-05
3.327412e+01 1.361442e-01 1.597034e-05
3.327412e+01 1.470087e-01 1.397511e-05
3.327412e+01 1.587401e-01 1.278176e-05
3.327412e+01 1.714077e-01 1.149318e-05
3.327412e+01 1.850862e-01 1.010177e-05
3.327412e+01 1.998563e-01 8.599320e-06
3.327412e+01 2.158051e-01 7.770712e-06
3.327412e+01 2.330265e-01 7.034525e-06
3.327412e+01 2.516223e-01 6.239589e-06
3.327412e+01 2.717020e-01 5.381216e-06
3.327412e+01 2.933841e-01 4.691513e-06
3.327412e+01 3.167964e-01 4.248196e-06
3.327412e+01 3.420771e-01 3.769503e-06
3.327412e+01 3.693752e-01 3.252609e-06
3.327412e+01 3.988518e-01 2.718193e-06
3.327412e+01 4.306805e-01 2.473942e-06
3.327412e+01 4.650493e-01 2.210200e-06
3.327412e+01 5.021607e-01 1.925411e-06
3.327412e+01 5.422336e-01 1.617895e-06
3.327412e+01 5.855044e-01 1.419062e-06
3.327412e+01 6.322283e-01 1.266445e-06
3.327412e+01 6.826808e-01 1.101649e-06
3.327412e+01 7.371594e-01 9.237022e-07
3.327412e+01 7.959855e-01 7.679939e-07
3.327412e+01 8.595059e-01 6.856036e-07
3.327412e+01 9.280954e-01 5.966386e-07
3.327412e+01 1.002158e+00 5.005740e-07
3.327412e+01 1.082132e+00 3.968434e-07
3.327412e+01 1.168487e+00 3.505530e-07
3.327412e+01 1.261733e+00 3.061658e-07
3.327412e+01 1.362421e+00 2.582364e-07
3.327412e+01 1.471144e+00 2.064822e-07
3.327412e+01 1.588542e+00 1.705039e-07
3.327412e+01 1.715310e+00 1.490828e-07
3.327412e+01 1.852193e+00 1.259522e-07
3.327412e+01 2.000000e+00 1.009759e-07
3.395961e+01 1.000000e-03 1.970338e-05
3.395961e+01 1.079801e-03 2.115786e-05
3.395961e+01 1.165970e-03 2.270924e-05
3.395961e+01 1.259016e-03 2.436158e-05
3.395961e+01 1.359487e-03 2.611846e-05
3.395961e+01 1.467975e-03 2.798307e-05
3.395961e+01 1.585121e-03 2.995789e-05
3.395961e+01 1.711615e-03 3.204449e-05
3.395961e+01 1.848204e-03 3.424363e-05
3.395961e+01 1.995693e-03 3.655488e-05
3.395961e+01 2.154951e-03 3.897648e-05
3.395961e+01 2.326918e-03 4.150534e-05
3.395961e+01 2.512609e-03 4.413698e-05
3.395961e+01 2.713117e-03 4.686540e-05
3.395961e+01 2.929627e-03 4.968291e-05
3.395961e+01 3.163414e-03 5.258021e-05
3.395961e+01 3.415858e-03 5.554637e-05
3.395961e+01 3.688447e-03 5.856848e-05
3.395961e+01 3.982789e-03 6.163071e-05
3.395961e+01 4.300619e-03 6.471416e-05
3.395961e+01 4.643813e-03 6.779744e-05
3.395961e+01 5.014394e-03 7.085462e-05
3.395961e+01 5.414548e-03 7.385518e-05
3.395961e+01 5.846635e-03 7.676578e-05
3.395961e+01 6.313202e-03 7.954842e-05
3.395961e+01 6.817002e-03 8.216090e-05
3.395961e+01 7.361006e-03 8.455892e-05
3.395961e+01 7.948422e-03 8.669251e-05
3.395961e+01 8.582714e-03 8.850728e-05
3.395961e+01 9.267624e-03 8.994912e-05
3.395961e+01 1.000719e-02 9.096073e-05
3.395961e+01 1.080577e-02 9.148423e-05
3.395961e+01 1.166809e-02 9.146783e-05
3.395961e+01 1.259921e-02 9.086534e-05
3.395961e+01 1.360464e-02 8.963961e-05
3.395961e+01 1.469030e-02 8.776873e-05
3.395961e+01 1.586261e-02 8.525743e-05
3.395961e+01 1.712846e-02 8.213569e-05
3.395961e+01 1.849533e-02 7.845293e-05
3.395961e+01 1.997127e-02 7.431527e-05
3.395961e+01 2.156500e-02 6.986461e-05
3.395961e+01 2.328591e-02 6.523805e-05
3.395961e+01 2.514415e-02 6.062437e-05
3.395961e+01 2.715068e-02 5.622530e-05
3.395961e+01 2.931733e-02 5.219232e-05
3.395961e+01 3.165689e-02 4.863637e-05
3.395961e+01 3.418314e-02 4.562415e-05
3.395961e+01 3.691099e-02 4.310921e-05
3.395961e+01 3.985652e-02 4.093935e-05
3.395961e+01 4.303711e-02 3.885912e-05
3.395961e+01 4.647152e-02 3.655838e-05
3.395961e+01 5.017999e-02 3.377342e-05
3.395961e+01 5.418441e-02 3.127714e-05
3.395961e+01 5.850838e-02 2.995126e-05
3.395961e+01 6.317741e-02 2.851958e-05
3.395961e+01 6.821903e-02 2.697365e-05
3.395961e+01 7.366298e-02 2.526066e-05
3.395961e+01 7.954136e-02 2.296488e-05
3.395961e+01 8.588885e-02 2.048589e-05
3.395961e+01 9.274286e-02 1.780908e-05
3.395961e+01 1.001438e-01 1.491865e-05
3.395961e+01 1.081354e-01 1.326738e-05
3.395961e+01 1.167647e-01 1.218557e-05
3.395961e+01 1.260827e-01 1.101744e-05
3.395961e+01 1.361442e-01 9.756090e-06
3.395961e+01 1.470087e-01 8.532664e-06
3.395961e+01 1.587401e-01 7.801935e-06
3.395961e+01 1.714077e-01 7.012893e-06
3.395961e+01 1.850862e-01 6.160885e-06
3.395961e+01 1.998563e-01 5.240885e-06
3.395961e+01 2.158051e-01 4.733550e-06
3.395961e+01 2.330265e-01 4.282820e-06
3.395961e+01 2.516223e-01 3.796122e-06
3.395961e+01 2.717020e-01 3.270584e-06
3.395961e+01 2.933841e-01 2.848416e-06
3.395961e+01 3.167964e-01 2.577234e-06
3.395961e+01 3.420771e-01 2.284411e-06
3.395961e+01 3.693752e-01 1.968221e-06
3.395961e+01 3.988518e-01 1.641385e-06
3.395961e+01 4.306805e-01 1.493074e-06
3.395961e+01 4.650493e-01 1.332926e-06
3.395961e+01 5.021607e-01 1.159999e-06
3.395961e+01 5.422336e-01 9.732724e-07
3.395961e+01 5.855044e-01 8.531765e-07
3.395961e+01 6.322283e-01 7.614913e-07
3.395961e+01 6.826808e-01 6.624896e-07
3.395961e+01 7.371594e-01 5.555875e-07
3.395961e+01 7.959855e-01 4.621388e-07
3.395961e+01 8.595059e-01 4.129635e-07
3.395961e+01 9.280954e-01 3.598641e-07
3.395961e+01 1.002158e+00 3.025272e-07
3.395961e+01 1.082132e+00 2.406148e-07
3.395961e+01 1.168487e+00 2.131753e-07
3.395961e+01 1.261733e+00 1.869028e-07
3.395961e+01 1.362421e+00 1.585339e-07
3.395961e+01 1.471144e+00 1.279010e-07
3.395961e+01 1.588542e+00 1.066102e-07
3.395961e+01 1.715310e+00 9.394005e-08
3.395961e+01 1.852193e+00 8.025882e-08
3.395961e+01 2.000000e+00 6.548580e-08
3.465880e+01 1.000000e-03 5.970013e-06
3.465880e+01 1.079801e-03 6.410868e-06
3.465880e+01 1.165970e-03 6.881131e-06
3.465880e+01 1.259016e-03 7.382036e-06
3.465880e+01 1.359487e-03 7.914674e-06
3.465880e+01 1.467975e-03 8.480030e-06
3.465880e+01 1.585121e-03 9.078860e-06
3.465880e+01 1.711615e-03 9.711650e-06
3.465880e+01 1.848204e-03 1.037863e-05
3.465880e+01 1.995693e-03 1.107969e-05
3.465880e+01 2.154951e-03 1.181429e-05
3.465880e+01 2.326918e-03 1.258148e-05
3.465880e+01 2.512609e-03 1.337990e-05
3.465880e+01 2.713117e-03 1.420771e-05
3.465880e+01 2.929627e-03 1.506255e-05
3.465880e+01 3.163414e-03 1.594160e-05
3.465880e+01 3.415858e-03 1.684149e-05
3.465880e+01 3.688447e-03 1.775832e-05
3.465880e+01 3.982789e-03 1.868726e-05
3.465880e+01 4.300619e-03 1.962260e-05
3.465880e+01 4.643813e-03 2.055788e-05
3.465880e+01 5.014394e-03 2.148525e-05
3.465880e+01 5.414548e-03 2.239544e-05
3.465880e+01 5.846635e-03 2.327835e-05
3.465880e+01 6.313202e-03 2.412244e-05
3.465880e+01 6.817002e-03 2.491491e-05
3.465880e+01 7.361006e-03 2.564232e-05
3.465880e+01 7.948422e-03 2.628953e-05
3.465880e+01 8.582714e-03 2.684003e-05
3.465880e+01 9.267624e-03 2.727743e-05
3.465880e+01 1.000719e-02 2.758435e-05
3.465880e+01 1.080577e-02 2.774322e-05
3.465880e+01 1.166809e-02 2.773835e-05
3.465880e+01 1.259921e-02 2.755573e-05
3.465880e+01 1.360464e-02 2.718409e-05
3.465880e+01 1.469030e-02 2.661680e-05
3.465880e+01 1.586261e-02 2.585529e-05
3.465880e+01 1.712846e-02 2.490865e-05
3.465880e+01 1.849533e-02 2.379185e-05
3.465880e+01 1.997127e-02 2.253709e-05
3.465880e+01 2.156500e-02 2.118740e-05
3.465880e+01 2.328591e-02 1.978435e-05
3.465880e+01 2.514415e-02 1.838522e-05
3.465880e+01 2.715068e-02 1.705116e-05
3.465880e+01 2.931733e-02 1.582811e-05
3.465880e+01 3.165689e-02 1.474972e-05
3.465880e+01 3.418314e-02 1.383622e-05
3.465880e+01 3.691099e-02 1.307353e-05
3.465880e+01 3.985652e-02 1.241549e-05
3.465880e+01 4.303711e-02 1.178462e-05
3.465880e+01 4.647152e-02 1.108689e-05
3.465880e+01 5.017999e-02 1.024231e-05
3.465880e+01 5.418441e-02 9.498418e-06
3.465880e+01 5.850838e-02 9.132916e-06
3.465880e+01 6.317741e-02 8.738246e-06
3.465880e+01 6.821903e-02 8.312081e-06
3.465880e+01 7.366298e-02 7.832550e-06
3.465880e+01 7.954136e-02 7.117079e-06
3.465880e+01 8.588885e-02 6.344513e-06
3.465880e+01 9.274286e-02 5.510295e-06
3.465880e+01 1.001438e-01 4.609506e-06
3.465880e+01 1.081354e-01 4.098189e-06
3.465880e+01 1.167647e-01 3.766181e-06
3.465880e+01 1.260827e-01 3.407679e-06
3.465880e+01 1.361442e-01 3.020568e-06
3.465880e+01 1.470087e-01 2.645709e-06
3.465880e+01 1.587401e-01 2.424724e-06
3.465880e+01 1.714077e-01 2.186104e-06
3.465880e+01 1.850862e-01 1.928441e-06
3.465880e+01 1.998563e-01 1.650217e-06
3.465880e+01 2.158051e-01 1.494112e-06
3.465880e+01 2.330265e-01 1.354377e-06
3.465880e+01 2.516223e-01 1.203491e-06
3.465880e+01 2.717020e-01 1.040564e-06
3.465880e+01 2.933841e-01 9.091462e-07
3.465880e+01 3.167964e-01 8.238122e-07
3.465880e+01 3.420771e-01 7.316685e-07
3.465880e+01 3.693752e-01 6.321717e-07
3.465880e+01 3.988518e-01 5.292753e-07
3.465880e+01 4.306805e-01 4.818549e-07
3.465880e+01 4.650493e-01 4.306502e-07
3.465880e+01 5.021607e-01 3.753594e-07
3.465880e+01 5.422336e-01 3.156564e-07
3.465880e+01 5.855044e-01 2.771743e-07
3.465880e+01 6.322283e-01 2.477308e-07
3.465880e+01 6.826808e-01 2.159376e-07
3.465880e+01 7.371594e-01 1.816073e-07
3.465880e+01 7.959855e-01 1.515698e-07
3.465880e+01 8.595059e-01 1.356828e-07
3.465880e+01 9.280954e-01 1.185281e-07
3.465880e+01 1.002158e+00 1.000044e-07
3.465880e+01 1.082132e+00 8.000246e-08
3.465880e+01 1.168487e+00 7.111193e-08
3.465880e+01 1.261733e+00 6.259422e-08
3.465880e+01 1.362421e+00 5.339680e-08
3.465880e+01 1.471144e+00 4.346541e-08
3.465880e+01 1.588542e+00 3.657263e-08
3.465880e+01 1.715310e+00 3.248411e-08
3.465880e+01 1.852193e+00 2.806932e-08
3.465880e+01 2.000000e+00 2.330223e-08
3.537197e+01 1.000000e-03 0.000000e+00
3.537197e+01 1.079801e-03 0.000000e+00
3.537197e+01 1.165970e-03 0.000000e+00
3.537197e+01 1.259016e-03 0.000000e+00
3.537197e+01 1.359487e-03 0.000000e+00
3.537197e+01 1.467975e-03 0.000000e+00
3.537197e+01 1.585121e-03 0.000000e+00
3.537197e+01 1.711615e-03 0.000000e+00
3.537197e+01 1.848204e-03 0.000000e+00
3.537197e+01 1.995693e-03 0.000000e+00
3.537197e+01 2.154951e-03 0.000000e+00
3.537197e+01 2.326918e-03 0.000000e+00
3.537197e+01 2.512609e-03 0.000000e+00
3.537197e+01 2.713117e-03 0.000000e+00
3.537197e+01 2.929627e-03 0.000000e+00
3.537197e+01 3.163414e-03 0.000000e+00
3.537197e+01 3.415858e-03 0.000000e+00
3.537197e+01 3.688447e-03 0.000000e+00
3.537197e+01 3.982789e-03 0.000000e+00
3.537197e+01 4.300619e-03 0.000000e+00
3.537197e+01 4.643813e-03 0.000000e+00
3.537197e+01 5.014394e-03 0.000000e+00
3.537197e+01 5.414548e-03 0.000000e+00
3.537197e+01 5.846635e-03 0.000000e+00
3.537197e+01 6.313202e-03 0.000000e+00
3.537197e+01 6.817002e-03 0.000000e+00
3.537197e+01 7.361006e-03 0.000000e+00
3.537197e+01 7.948422e-03 0.000000e+00
3.537197e+01 8.582714e-03 0.000000e+00
3.537197e+01 9.267624e-03 0.000000e+00
3.537197e+01 1.000719e-02 0.000000e+00
3.537197e+01 1.080577e-02 0.000000e+00
3.537197e+01 1.166809e-02 0.000000e+00
3.537197e+01 1.259921e-02 0.000000e+00
3.537197e+01 1.360464e-02 0.000000e+00
3.537197e+01 1.469030e-02 0.000000e+00
3.537197e+01 1.586261e-02 0.000000e+00
3.537197e+01 1.712846e-02 0.000000e+00
3.537197e+01 1.849533e-02 0.000000e+00
3.537197e+01 1.997127e-02 0.000000e+00
3.537197e+01 2.156500e-02 0.000000e+00
3.537197e+01 2.328591e-02 0.000000e+00
3.537197e+01 2.514415e-02 0.000000e+00
3.537197e+01 2.715068e-02 0.000000e+00
3.537197e+01 2.931733e-02 0.000000e+00
3.537197e+01 3.165689e-02 0.000000e+00
3.537197e+01 3.418314e-02 0.000000e+00
3.537197e+01 3.691099e-02 0.000000e+00
3.537197e+01 3.985652e-02 0.000000e+00
3.537197e+01 4.303711e-02 0.000000e+00
3.537197e+01 4.647152e-02 0.000000e+00
3.537197e+01 5.017999e-02 0.000000e+00
3.537197e+01 5.418441e-02 0.000000e+00
3.537197e+01 5.850838e-02 0.000000e+00
3.537197e+01 6.317741e-02 0.000000e+00
3.537197e+01 6.821903e-02 0.000000e+00
3.537197e+01 7.366298e-02 0.000000e+00
3.537197e+01 7.954136e-02 0.000000e+00
3.537197e+01 8.588885e-02 0.000000e+00
3.537197e+01 9.274286e-02 0.000000e+00
3.537197e+01 1.001438e-01 0.000000e+00
3.537197e+01 1.081354e-01 0.000000e+00
3.537197e+01 1.167647e-01 0.000000e+00
3.537197e+01 1.260827e-01 0.000000e+00
3.537197e+01 1.361442e-01 0.000000e+00
3.537197e+01 1.470087e-01 0.000000e+00
3.537197e+01 1.587401e-01 0.000000e+00
3.537197e+01 1.714077e-01 0.000000e+00
3.537197e+01 1.850862e-01 0.000000e+00
3.537197e+01 1.998563e-01 0.000000e+00
3.537197e+01 2.158051e-01 0.000000e+00
3.537197e+01 2.330265e-01 0.000000e+00
3.537197e+01 2.516223e-01 0.000000e+00
3.537197e+01 2.717020e-01 0.000000e+00
3.537197e+01 2.933841e-01 0.000000e+00
3.537197e+01 3.167964e-01 0.000000e+00
3.537197e+01 3.420771e-01 0.000000e+00
3.537197e+01 3.693752e-01 0.000000e+00
3.537197e+01 3.988518e-01 0.000000e+00
3.537197e+01 4.306805e-01 0.000000e+00
3.537197e+01 4.650493e-01 0.000000e+00
3.537197e+01 5.021607e-01 0.000000e+00
3.537197e+01 5.422336e-01 0.000000e+00
3.537197e+01 5.855044e-01 0.000000e+00
3.537197e+01 6.322283e-01 0.000000e+00
3.537197e+01 6.826808e-01 0.000000e+00
3.537197e+01 7.371594e-01 0.000000e+00
3.537197e+01 7.959855e-01 -6.503034e-24
3.537197e+01 8.595059e-01 8.670712e-24
3.537197e+01 9.280954e-01 0.000000e+00
3.537197e+01 1.002158e+00 0.000000e+00
3.537197e+01 1.082132e+00 0.000000e+00
3.537197e+01 1.168487e+00 0.000000e+00
3.537197e+01 1.261733e+00 0.000000e+00
3.537197e+01 1.362421e+00 0.000000e+00
3.537197e+01 1.471144e+00 0.000000e+00
3.537197e+01 1.588542e+00 0.000000e+00
3.537197e+01 1.715310e+00 0.000000e+00
3.537197e+01 1.852193e+00 0.000000e+00
3.537197e+01 2.000000e+00 0.000000e+00
