5.000000e+00 1.000000e-03 0.000000e+00
5.000000e+00 1.079801e-03 0.000000e+00
5.000000e+00 1.165970e-03 0.000000e+00
5.000000e+00 1.259016e-03 0.000000e+00
5.000000e+00 1.359487e-03 0.000000e+00
5.000000e+00 1.467975e-03 0.000000e+00
5.000000e+00 1.585121e-03 0.000000e+00
5.000000e+00 1.711615e-03 0.000000e+00
5.000000e+00 1.848204e-03 0.000000e+00
5.000000e+00 1.995693e-03 0.000000e+00
5.000000e+00 2.154951e-03 0.000000e+00
5.000000e+00 2.326918e-03 0.000000e+00
5.000000e+00 2.512609e-03 0.000000e+00
5.000000e+00 2.713117e-03 0.000000e+00
5.000000e+00 2.929627e-03 0.000000e+00
5.000000e+00 3.163414e-03 0.000000e+00
5.000000e+00 3.415858e-03 0.000000e+00
5.000000e+00 3.688447e-03 0.000000e+00
5.000000e+00 3.982789e-03 0.000000e+00
5.000000e+00 4.300619e-03 0.000000e+00
5.000000e+00 4.643813e-03 0.000000e+00
5.000000e+00 5.014394e-03 0.000000e+00
5.000000e+00 5.414548e-03 0.000000e+00
5.000000e+00 5.846635e-03 0.000000e+00
5.000000e+00 6.313202e-03 0.000000e+00
5.000000e+00 6.817002e-03 0.000000e+00
5.000000e+00 7.361006e-03 0.000000e+00
5.000000e+00 7.948422e-03 0.000000e+00
5.000000e+00 8.582714e-03 0.000000e+00
5.000000e+00 9.267624e-03 0.000000e+00
5.000000e+00 1.000719e-02 0.000000e+00
5.000000e+00 1.080577e-02 0.000000e+00
5.000000e+00 1.166809e-02 0.000000e+00
5.000000e+00 1.259921e-02 0.000000e+00
5.000000e+00 1.360464e-02 0.000000e+00
5.000000e+00 1.469030e-02 0.000000e+00
5.000000e+00 1.586261e-02 0.000000e+00
5.000000e+00 1.712846e-02 0.000000e+00
5.000000e+00 1.849533e-02 0.000000e+00
5.000000e+00 1.997127e-02 0.000000e+00
5.000000e+00 2.156500e-02 0.000000e+00
5.000000e+00 2.328591e-02 0.000000e+00
5.000000e+00 2.514415e-02 0.000000e+00
5.000000e+00 2.715068e-02 0.000000e+00
5.000000e+00 2.931733e-02 0.000000e+00
5.000000e+00 3.165689e-02 0.000000e+00
5.000000e+00 3.418314e-02 0.000000e+00
5.000000e+00 3.691099e-02 0.000000e+00
5.000000e+00 3.985652e-02 0.000000e+00
5.000000e+00 4.303711e-02 0.000000e+00
5.000000e+00 4.647152e-02 0.000000e+00
5.000000e+00 5.017999e-02 0.000000e+00
5.000000e+00 5.418441e-02 0.000000e+00
5.000000e+00 5.850838e-02 0.000000e+00
5.000000e+00 6.317741e-02 0.000000e+00
5.000000e+00 6.821903e-02 0.000000e+00
5.000000e+00 7.366298e-02 0.000000e+00
5.000000e+00 7.954136e-02 0.000000e+00
5.000000e+00 8.588885e-02 0.000000e+00
5.000000e+00 9.274286e-02 0.000000e+00
5.000000e+00 1.001438e-01 0.000000e+00
5.000000e+00 1.081354e-01 0.000000e+00
5.000000e+00 1.167647e-01 0.000000e+00
5.000000e+00 1.260827e-01 0.000000e+00
5.000000e+00 1.361442e-01 0.000000e+00
5.000000e+00 1.470087e-01 0.000000e+00
5.000000e+00 1.587401e-01 0.000000e+00
5.000000e+00 1.714077e-01 0.000000e+00
5.000000e+00 1.850862e-01 0.000000e+00
5.000000e+00 1.998563e-01 0.000000e+00
5.000000e+00 2.158051e-01 0.000000e+00
5.000000e+00 2.330265e-01 0.000000e+00
5.000000e+00 2.516223e-01 0.000000e+00
5.000000e+00 2.717020e-01 0.000000e+00
5.000000e+00 2.933841e-01 0.000000e+00
5.000000e+00 3.167964e-01 0.000000e+00
5.000000e+00 3.420771e-01 0.000000e+00
5.000000e+00 3.693752e-01 0.000000e+00
5.000000e+00 3.988518e-01 0.000000e+00
5.000000e+00 4.306805e-01 0.000000e+00
5.000000e+00 4.650493e-01 0.000000e+00
5.000000e+00 5.021607e-01 0.000000e+00
5.000000e+00 5.422336e-01 0.000000e+00
5.000000e+00 5.855044e-01 0.000000e+00
5.000000e+00 6.322283e-01 0.000000e+00
5.000000e+00 6.826808e-01 0.000000e+00
5.000000e+00 7.371594e-01 0.000000e+00
5.000000e+00 7.959855e-01 0.000000e+00
5.000000e+00 8.595059e-01 0.000000e+00
5.000000e+00 9.280954e-01 0.000000e+00
5.000000e+00 1.002158e+00 0.000000e+00
5.000000e+00 1.082132e+00 0.000000e+00
5.000000e+00 1.168487e+00 0.000000e+00
5.000000e+00 1.261733e+00 0.000000e+00
5.000000e+00 1.362421e+00 0.000000e+00
5.000000e+00 1.471144e+00 0.000000e+00
5.000000e+00 1.588542e+00 0.000000e+00
5.000000e+00 1.715310e+00 0.000000e+00
5.000000e+00 1.852193e+00 0.000000e+00
5.000000e+00 2.000000e+00 0.000000e+00
5.120000e+00 1.000000e-03 0.000000e+00
5.120000e+00 1.079801e-03 0.000000e+00
5.120000e+00 1.165970e-03 0.000000e+00
5.120000e+00 1.259016e-03 0.000000e+00
5.120000e+00 1.359487e-03 0.000000e+00
5.120000e+00 1.467975e-03 0.000000e+00
5.120000e+00 1.585121e-03 0.000000e+00
5.120000e+00 1.711615e-03 0.000000e+00
5.120000e+00 1.848204e-03 0.000000e+00
5.120000e+00 1.995693e-03 0.000000e+00
5.120000e+00 2.154951e-03 0.000000e+00
5.120000e+00 2.326918e-03 0.000000e+00
5.120000e+00 2.512609e-03 0.000000e+00
5.120000e+00 2.713117e-03 0.000000e+00
5.120000e+00 2.929627e-03 0.000000e+00
5.120000e+00 3.163414e-03 0.000000e+00
5.120000e+00 3.415858e-03 0.000000e+00
5.120000e+00 3.688447e-03 0.000000e+00
5.120000e+00 3.982789e-03 0.000000e+00
5.120000e+00 4.300619e-03 0.000000e+00
5.120000e+00 4.643813e-03 0.000000e+00
5.120000e+00 5.014394e-03 0.000000e+00
5.120000e+00 5.414548e-03 0.000000e+00
5.120000e+00 5.846635e-03 0.000000e+00
5.120000e+00 6.313202e-03 0.000000e+00
5.120000e+00 6.817002e-03 0.000000e+00
5.120000e+00 7.361006e-03 0.000000e+00
5.120000e+00 7.948422e-03 0.000000e+00
5.120000e+00 8.582714e-03 0.000000e+00
5.120000e+00 9.267624e-03 0.000000e+00
5.120000e+00 1.000719e-02 0.000000e+00
5.120000e+00 1.080577e-02 0.000000e+00
5.120000e+00 1.166809e-02 0.000000e+00
5.120000e+00 1.259921e-02 0.000000e+00
5.120000e+00 1.360464e-02 0.000000e+00
5.120000e+00 1.469030e-02 0.000000e+00
5.120000e+00 1.586261e-02 0.000000e+00
5.120000e+00 1.712846e-02 0.000000e+00
5.120000e+00 1.849533e-02 0.000000e+00
5.120000e+00 1.997127e-02 0.000000e+00
5.120000e+00 2.156500e-02 0.000000e+00
5.120000e+00 2.328591e-02 0.000000e+00
5.120000e+00 2.514415e-02 0.000000e+00
5.120000e+00 2.715068e-02 0.000000e+00
5.120000e+00 2.931733e-02 0.000000e+00
5.120000e+00 3.165689e-02 0.000000e+00
5.120000e+00 3.418314e-02 0.000000e+00
5.120000e+00 3.691099e-02 0.000000e+00
5.120000e+00 3.985652e-02 0.000000e+00
5.120000e+00 4.303711e-02 0.000000e+00
5.120000e+00 4.647152e-02 0.000000e+00
5.120000e+00 5.017999e-02 0.000000e+00
5.120000e+00 5.418441e-02 0.000000e+00
5.120000e+00 5.850838e-02 0.000000e+00
5.120000e+00 6.317741e-02 0.000000e+00
5.120000e+00 6.821903e-02 0.000000e+00
5.120000e+00 7.366298e-02 0.000000e+00
5.120000e+00 7.954136e-02 0.000000e+00
5.120000e+00 8.588885e-02 0.000000e+00
5.120000e+00 9.274286e-02 0.000000e+00
5.120000e+00 1.001438e-01 0.000000e+00
5.120000e+00 1.081354e-01 0.000000e+00
5.120000e+00 1.167647e-01 0.000000e+00
5.120000e+00 1.260827e-01 0.000000e+00
5.120000e+00 1.361442e-01 0.000000e+00
5.120000e+00 1.470087e-01 0.000000e+00
5.120000e+00 1.587401e-01 0.000000e+00
5.120000e+00 1.714077e-01 0.000000e+00
5.120000e+00 1.850862e-01 0.000000e+00
5.120000e+00 1.998563e-01 0.000000e+00
5.120000e+00 2.158051e-01 0.000000e+00
5.120000e+00 2.330265e-01 0.000000e+00
5.120000e+00 2.516223e-01 0.000000e+00
5.120000e+00 2.717020e-01 0.000000e+00
5.120000e+00 2.933841e-01 0.000000e+00
5.120000e+00 3.167964e-01 0.000000e+00
5.120000e+00 3.420771e-01 0.000000e+00
5.120000e+00 3.693752e-01 0.000000e+00
5.120000e+00 3.988518e-01 0.000000e+00
5.120000e+00 4.306805e-01 0.000000e+00
5.120000e+00 4.650493e-01 0.000000e+00
5.120000e+00 5.021607e-01 0.000000e+00
5.120000e+00 5.422336e-01 0.000000e+00
5.120000e+00 5.855044e-01 0.000000e+00
5.120000e+00 6.322283e-01 0.000000e+00
5.120000e+00 6.826808e-01 0.000000e+00
5.120000e+00 7.371594e-01 0.000000e+00
5.120000e+00 7.959855e-01 0.000000e+00
5.120000e+00 8.595059e-01 0.000000e+00
5.120000e+00 9.280954e-01 0.000000e+00
5.120000e+00 1.002158e+00 0.000000e+00
5.120000e+00 1.082132e+00 0.000000e+00
5.120000e+00 1.168487e+00 0.000000e+00
5.120000e+00 1.261733e+00 0.000000e+00
5.120000e+00 1.362421e+00 0.000000e+00
5.120000e+00 1.471144e+00 0.000000e+00
5.120000e+00 1.588542e+00 0.000000e+00
5.120000e+00 1.715310e+00 0.000000e+00
5.120000e+00 1.852193e+00 0.000000e+00
5.120000e+00 2.000000e+00 0.000000e+00
5.242400e+00 1.000000e-03 0.000000e+00
5.242400e+00 1.079801e-03 0.000000e+00
5.242400e+00 1.165970e-03 0.000000e+00
5.242400e+00 1.259016e-03 0.000000e+00
5.242400e+00 1.359487e-03 0.000000e+00
5.242400e+00 1.467975e-03 0.000000e+00
5.242400e+00 1.585121e-03 0.000000e+00
5.242400e+00 1.711615e-03 0.000000e+00
5.242400e+00 1.848204e-03 0.000000e+00
5.242400e+00 1.995693e-03 0.000000e+00
5.242400e+00 2.154951e-03 0.000000e+00
5.242400e+00 2.326918e-03 0.000000e+00
5.242400e+00 2.512609e-03 0.000000e+00
5.242400e+00 2.713117e-03 0.000000e+00
5.242400e+00 2.929627e-03 0.000000e+00
5.242400e+00 3.163414e-03 0.000000e+00
5.242400e+00 3.415858e-03 0.000000e+00
5.242400e+00 3.688447e-03 0.000000e+00
5.242400e+00 3.982789e-03 0.000000e+00
5.242400e+00 4.300619e-03 0.000000e+00
5.242400e+00 4.643813e-03 0.000000e+00
5.242400e+00 5.014394e-03 0.000000e+00
5.242400e+00 5.414548e-03 0.000000e+00
5.242400e+00 5.846635e-03 0.000000e+00
5.242400e+00 6.313202e-03 0.000000e+00
5.242400e+00 6.817002e-03 0.000000e+00
5.242400e+00 7.361006e-03 0.000000e+00
5.242400e+00 7.948422e-03 0.000000e+00
5.242400e+00 8.582714e-03 0.000000e+00
5.242400e+00 9.267624e-03 0.000000e+00
5.242400e+00 1.000719e-02 0.000000e+00
5.242400e+00 1.080577e-02 0.000000e+00
5.242400e+00 1.166809e-02 0.000000e+00
5.242400e+00 1.259921e-02 0.000000e+00
5.242400e+00 1.360464e-02 0.000000e+00
5.242400e+00 1.469030e-02 0.000000e+00
5.242400e+00 1.586261e-02 0.000000e+00
5.242400e+00 1.712846e-02 0.000000e+00
5.242400e+00 1.849533e-02 0.000000e+00
5.242400e+00 1.997127e-02 0.000000e+00
5.242400e+00 2.156500e-02 0.000000e+00
5.242400e+00 2.328591e-02 0.000000e+00
5.242400e+00 2.514415e-02 0.000000e+00
5.242400e+00 2.715068e-02 0.000000e+00
5.242400e+00 2.931733e-02 0.000000e+00
5.242400e+00 3.165689e-02 0.000000e+00
5.242400e+00 3.418314e-02 0.000000e+00
5.242400e+00 3.691099e-02 0.000000e+00
5.242400e+00 3.985652e-02 0.000000e+00
5.242400e+00 4.303711e-02 0.000000e+00
5.242400e+00 4.647152e-02 0.000000e+00
5.242400e+00 5.017999e-02 0.000000e+00
5.242400e+00 5.418441e-02 0.000000e+00
5.242400e+00 5.850838e-02 0.000000e+00
5.242400e+00 6.317741e-02 0.000000e+00
5.242400e+00 6.821903e-02 0.000000e+00
5.242400e+00 7.366298e-02 0.000000e+00
5.242400e+00 7.954136e-02 0.000000e+00
5.242400e+00 8.588885e-02 0.000000e+00
5.242400e+00 9.274286e-02 0.000000e+00
5.242400e+00 1.001438e-01 0.000000e+00
5.242400e+00 1.081354e-01 0.000000e+00
5.242400e+00 1.167647e-01 0.000000e+00
5.242400e+00 1.260827e-01 0.000000e+00
5.242400e+00 1.361442e-01 0.000000e+00
5.242400e+00 1.470087e-01 0.000000e+00
5.242400e+00 1.587401e-01 0.000000e+00
5.242400e+00 1.714077e-01 0.000000e+00
5.242400e+00 1.850862e-01 0.000000e+00
5.242400e+00 1.998563e-01 0.000000e+00
5.242400e+00 2.158051e-01 0.000000e+00
5.242400e+00 2.330265e-01 0.000000e+00
5.242400e+00 2.516223e-01 0.000000e+00
5.242400e+00 2.717020e-01 0.000000e+00
5.242400e+00 2.933841e-01 0.000000e+00
5.242400e+00 3.167964e-01 0.000000e+00
5.242400e+00 3.420771e-01 0.000000e+00
5.242400e+00 3.693752e-01 0.000000e+00
5.242400e+00 3.988518e-01 0.000000e+00
5.242400e+00 4.306805e-01 0.000000e+00
5.242400e+00 4.650493e-01 0.000000e+00
5.242400e+00 5.021607e-01 0.000000e+00
5.242400e+00 5.422336e-01 0.000000e+00
5.242400e+00 5.855044e-01 0.000000e+00
5.242400e+00 6.322283e-01 0.000000e+00
5.242400e+00 6.826808e-01 0.000000e+00
5.242400e+00 7.371594e-01 0.000000e+00
5.242400e+00 7.959855e-01 0.000000e+00
5.242400e+00 8.595059e-01 0.000000e+00
5.242400e+00 9.280954e-01 0.000000e+00
5.242400e+00 1.002158e+00 0.000000e+00
5.242400e+00 1.082132e+00 0.000000e+00
5.242400e+00 1.168487e+00 0.000000e+00
5.242400e+00 1.261733e+00 0.000000e+00
5.242400e+00 1.362421e+00 0.000000e+00
5.242400e+00 1.471144e+00 0.000000e+00
5.242400e+00 1.588542e+00 0.000000e+00
5.242400e+00 1.715310e+00 0.000000e+00
5.242400e+00 1.852193e+00 0.000000e+00
5.242400e+00 2.000000e+00 0.000000e+00
5.367248e+00 1.000000e-03 0.000000e+00
5.367248e+00 1.079801e-03 0.000000e+00
5.367248e+00 1.165970e-03 0.000000e+00
5.367248e+00 1.259016e-03 0.000000e+00
5.367248e+00 1.359487e-03 0.000000e+00
5.367248e+00 1.467975e-03 0.000000e+00
5.367248e+00 1.585121e-03 0.000000e+00
5.367248e+00 1.711615e-03 0.000000e+00
5.367248e+00 1.848204e-03 0.000000e+00
5.367248e+00 1.995693e-03 0.000000e+00
5.367248e+00 2.154951e-03 0.000000e+00
5.367248e+00 2.326918e-03 0.000000e+00
5.367248e+00 2.512609e-03 0.000000e+00
5.367248e+00 2.713117e-03 0.000000e+00
5.367248e+00 2.929627e-03 0.000000e+00
5.367248e+00 3.163414e-03 0.000000e+00
5.367248e+00 3.415858e-03 0.000000e+00
5.367248e+00 3.688447e-03 0.000000e+00
5.367248e+00 3.982789e-03 0.000000e+00
5.367248e+00 4.300619e-03 0.000000e+00
5.367248e+00 4.643813e-03 0.000000e+00
5.367248e+00 5.014394e-03 0.000000e+00
5.367248e+00 5.414548e-03 0.000000e+00
5.367248e+00 5.846635e-03 0.000000e+00
5.367248e+00 6.313202e-03 0.000000e+00
5.367248e+00 6.817002e-03 0.000000e+00
5.367248e+00 7.361006e-03 0.000000e+00
5.367248e+00 7.948422e-03 0.000000e+00
5.367248e+00 8.582714e-03 0.000000e+00
5.367248e+00 9.267624e-03 0.000000e+00
5.367248e+00 1.000719e-02 0.000000e+00
5.367248e+00 1.080577e-02 0.000000e+00
5.367248e+00 1.166809e-02 0.000000e+00
5.367248e+00 1.259921e-02 0.000000e+00
5.367248e+00 1.360464e-02 0.000000e+00
5.367248e+00 1.469030e-02 0.000000e+00
5.367248e+00 1.586261e-02 0.000000e+00
5.367248e+00 1.712846e-02 0.000000e+00
5.367248e+00 1.849533e-02 0.000000e+00
5.367248e+00 1.997127e-02 0.000000e+00
5.367248e+00 2.156500e-02 0.000000e+00
5.367248e+00 2.328591e-02 0.000000e+00
5.367248e+00 2.514415e-02 0.000000e+00
5.367248e+00 2.715068e-02 0.000000e+00
5.367248e+00 2.931733e-02 0.000000e+00
5.367248e+00 3.165689e-02 0.000000e+00
5.367248e+00 3.418314e-02 0.000000e+00
5.367248e+00 3.691099e-02 0.000000e+00
5.367248e+00 3.985652e-02 0.000000e+00
5.367248e+00 4.303711e-02 0.000000e+00
5.367248e+00 4.647152e-02 0.000000e+00
5.367248e+00 5.017999e-02 0.000000e+00
5.367248e+00 5.418441e-02 0.000000e+00
5.367248e+00 5.850838e-02 0.000000e+00
5.367248e+00 6.317741e-02 0.000000e+00
5.367248e+00 6.821903e-02 0.000000e+00
5.367248e+00 7.366298e-02 0.000000e+00
5.367248e+00 7.954136e-02 0.000000e+00
5.367248e+00 8.588885e-02 0.000000e+00
5.367248e+00 9.274286e-02 0.000000e+00
5.367248e+00 1.001438e-01 0.000000e+00
5.367248e+00 1.081354e-01 0.000000e+00
5.367248e+00 1.167647e-01 0.000000e+00
5.367248e+00 1.260827e-01 0.000000e+00
5.367248e+00 1.361442e-01 0.000000e+00
5.367248e+00 1.470087e-01 0.000000e+00
5.367248e+00 1.587401e-01 0.000000e+00
5.367248e+00 1.714077e-01 0.000000e+00
5.367248e+00 1.850862e-01 0.000000e+00
5.367248e+00 1.998563e-01 0.000000e+00
5.367248e+00 2.158051e-01 0.000000e+00
5.367248e+00 2.330265e-01 0.000000e+00
5.367248e+00 2.516223e-01 0.000000e+00
5.367248e+00 2.717020e-01 0.000000e+00
5.367248e+00 2.933841e-01 0.000000e+00
5.367248e+00 3.167964e-01 0.000000e+00
5.367248e+00 3.420771e-01 0.000000e+00
5.367248e+00 3.693752e-01 0.000000e+00
5.367248e+00 3.988518e-01 0.000000e+00
5.367248e+00 4.306805e-01 0.000000e+00
5.367248e+00 4.650493e-01 0.000000e+00
5.367248e+00 5.021607e-01 0.000000e+00
5.367248e+00 5.422336e-01 0.000000e+00
5.367248e+00 5.855044e-01 0.000000e+00
5.367248e+00 6.322283e-01 0.000000e+00
5.367248e+00 6.826808e-01 0.000000e+00
5.367248e+00 7.371594e-01 0.000000e+00
5.367248e+00 7.959855e-01 0.000000e+00
5.367248e+00 8.595059e-01 0.000000e+00
5.367248e+00 9.280954e-01 0.000000e+00
5.367248e+00 1.002158e+00 0.000000e+00
5.367248e+00 1.082132e+00 0.000000e+00
5.367248e+00 1.168487e+00 0.000000e+00
5.367248e+00 1.261733e+00 0.000000e+00
5.367248e+00 1.362421e+00 0.000000e+00
5.367248e+00 1.471144e+00 0.000000e+00
5.367248e+00 1.588542e+00 0.000000e+00
5.367248e+00 1.715310e+00 0.000000e+00
5.367248e+00 1.852193e+00 0.000000e+00
5.367248e+00 2.000000e+00 0.000000e+00
5.494593e+00 1.000000e-03 0.000000e+00
5.494593e+00 1.079801e-03 0.000000e+00
5.494593e+00 1.165970e-03 0.000000e+00
5.494593e+00 1.259016e-03 0.000000e+00
5.494593e+00 1.359487e-03 0.000000e+00
5.494593e+00 1.467975e-03 0.000000e+00
5.494593e+00 1.585121e-03 0.000000e+00
5.494593e+00 1.711615e-03 0.000000e+00
5.494593e+00 1.848204e-03 0.000000e+00
5.494593e+00 1.995693e-03 0.000000e+00
5.494593e+00 2.154951e-03 0.000000e+00
5.494593e+00 2.326918e-03 0.000000e+00
5.494593e+00 2.512609e-03 0.000000e+00
5.494593e+00 2.713117e-03 0.000000e+00
5.494593e+00 2.929627e-03 0.000000e+00
5.494593e+00 3.163414e-03 0.000000e+00
5.494593e+00 3.415858e-03 0.000000e+00
5.494593e+00 3.688447e-03 0.000000e+00
5.494593e+00 3.982789e-03 0.000000e+00
5.494593e+00 4.300619e-03 0.000000e+00
5.494593e+00 4.643813e-03 0.000000e+00
5.494593e+00 5.014394e-03 0.000000e+00
5.494593e+00 5.414548e-03 0.000000e+00
5.494593e+00 5.846635e-03 0.000000e+00
5.494593e+00 6.313202e-03 0.000000e+00
5.494593e+00 6.817002e-03 0.000000e+00
5.494593e+00 7.361006e-03 0.000000e+00
5.494593e+00 7.948422e-03 0.000000e+00
5.494593e+00 8.582714e-03 0.000000e+00
5.494593e+00 9.267624e-03 0.000000e+00
5.494593e+00 1.000719e-02 0.000000e+00
5.494593e+00 1.080577e-02 0.000000e+00
5.494593e+00 1.166809e-02 0.000000e+00
5.494593e+00 1.259921e-02 0.000000e+00
5.494593e+00 1.360464e-02 0.000000e+00
5.494593e+00 1.469030e-02 0.000000e+00
5.494593e+00 1.586261e-02 0.000000e+00
5.494593e+00 1.712846e-02 0.000000e+00
5.494593e+00 1.849533e-02 0.000000e+00
5.494593e+00 1.997127e-02 0.000000e+00
5.494593e+00 2.156500e-02 0.000000e+00
5.494593e+00 2.328591e-02 0.000000e+00
5.494593e+00 2.514415e-02 0.000000e+00
5.494593e+00 2.715068e-02 0.000000e+00
5.494593e+00 2.931733e-02 0.000000e+00
5.494593e+00 3.165689e-02 0.000000e+00
5.494593e+00 3.418314e-02 0.000000e+00
5.494593e+00 3.691099e-02 0.000000e+00
5.494593e+00 3.985652e-02 0.000000e+00
5.494593e+00 4.303711e-02 0.000000e+00
5.494593e+00 4.647152e-02 0.000000e+00
5.494593e+00 5.017999e-02 0.000000e+00
5.494593e+00 5.418441e-02 0.000000e+00
5.494593e+00 5.850838e-02 0.000000e+00
5.494593e+00 6.317741e-02 0.000000e+00
5.494593e+00 6.821903e-02 0.000000e+00
5.494593e+00 7.366298e-02 0.000000e+00
5.494593e+00 7.954136e-02 0.000000e+00
5.494593e+00 8.588885e-02 0.000000e+00
5.494593e+00 9.274286e-02 0.000000e+00
5.494593e+00 1.001438e-01 0.000000e+00
5.494593e+00 1.081354e-01 0.000000e+00
5.494593e+00 1.167647e-01 0.000000e+00
5.494593e+00 1.260827e-01 0.000000e+00
5.494593e+00 1.361442e-01 0.000000e+00
5.494593e+00 1.470087e-01 0.000000e+00
5.494593e+00 1.587401e-01 0.000000e+00
5.494593e+00 1.714077e-01 0.000000e+00
5.494593e+00 1.850862e-01 0.000000e+00
5.494593e+00 1.998563e-01 0.000000e+00
5.494593e+00 2.158051e-01 0.000000e+00
5.494593e+00 2.330265e-01 0.000000e+00
5.494593e+00 2.516223e-01 0.000000e+00
5.494593e+00 2.717020e-01 0.000000e+00
5.494593e+00 2.933841e-01 0.000000e+00
5.494593e+00 3.167964e-01 0.000000e+00
5.494593e+00 3.420771e-01 0.000000e+00
5.494593e+00 3.693752e-01 0.000000e+00
5.494593e+00 3.988518e-01 0.000000e+00
5.494593e+00 4.306805e-01 0.000000e+00
5.494593e+00 4.650493e-01 0.000000e+00
5.494593e+00 5.021607e-01 0.000000e+00
5.494593e+00 5.422336e-01 0.000000e+00
5.494593e+00 5.855044e-01 0.000000e+00
5.494593e+00 6.322283e-01 0.000000e+00
5.494593e+00 6.826808e-01 0.000000e+00
5.494593e+00 7.371594e-01 0.000000e+00
5.494593e+00 7.959855e-01 0.000000e+00
5.494593e+00 8.595059e-01 0.000000e+00
5.494593e+00 9.280954e-01 0.000000e+00
5.494593e+00 1.002158e+00 0.000000e+00
5.494593e+00 1.082132e+00 0.000000e+00
5.494593e+00 1.168487e+00 0.000000e+00
5.494593e+00 1.261733e+00 0.000000e+00
5.494593e+00 1.362421e+00 0.000000e+00
5.494593e+00 1.471144e+00 0.000000e+00
5.494593e+00 1.588542e+00 0.000000e+00
5.494593e+00 1.715310e+00 0.000000e+00
5.494593e+00 1.852193e+00 0.000000e+00
5.494593e+00 2.000000e+00 0.000000e+00
5.624485e+00 1.000000e-03 0.000000e+00
5.624485e+00 1.079801e-03 0.000000e+00
5.624485e+00 1.165970e-03 0.000000e+00
5.624485e+00 1.259016e-03 0.000000e+00
5.624485e+00 1.359487e-03 0.000000e+00
5.624485e+00 1.467975e-03 0.000000e+00
5.624485e+00 1.585121e-03 0.000000e+00
5.624485e+00 1.711615e-03 0.000000e+00
5.624485e+00 1.848204e-03 0.000000e+00
5.624485e+00 1.995693e-03 0.000000e+00
5.624485e+00 2.154951e-03 0.000000e+00
5.624485e+00 2.326918e-03 0.000000e+00
5.624485e+00 2.512609e-03 0.000000e+00
5.624485e+00 2.713117e-03 0.000000e+00
5.624485e+00 2.929627e-03 0.000000e+00
5.624485e+00 3.163414e-03 0.000000e+00
5.624485e+00 3.415858e-03 0.000000e+00
5.624485e+00 3.688447e-03 0.000000e+00
5.624485e+00 3.982789e-03 0.000000e+00
5.624485e+00 4.300619e-03 0.000000e+00
5.624485e+00 4.643813e-03 0.000000e+00
5.624485e+00 5.014394e-03 0.000000e+00
5.624485e+00 5.414548e-03 0.000000e+00
5.624485e+00 5.846635e-03 0.000000e+00
5.624485e+00 6.313202e-03 0.000000e+00
5.624485e+00 6.817002e-03 0.000000e+00
5.624485e+00 7.361006e-03 0.000000e+00
5.624485e+00 7.948422e-03 0.000000e+00
5.624485e+00 8.582714e-03 0.000000e+00
5.624485e+00 9.267624e-03 0.000000e+00
5.624485e+00 1.000719e-02 0.000000e+00
5.624485e+00 1.080577e-02 0.000000e+00
5.624485e+00 1.166809e-02 0.000000e+00
5.624485e+00 1.259921e-02 0.000000e+00
5.624485e+00 1.360464e-02 0.000000e+00
5.624485e+00 1.469030e-02 0.000000e+00
5.624485e+00 1.586261e-02 0.000000e+00
5.624485e+00 1.712846e-02 0.000000e+00
5.624485e+00 1.849533e-02 0.000000e+00
5.624485e+00 1.997127e-02 0.000000e+00
5.624485e+00 2.156500e-02 0.000000e+00
5.624485e+00 2.328591e-02 0.000000e+00
5.624485e+00 2.514415e-02 0.000000e+00
5.624485e+00 2.715068e-02 0.000000e+00
5.624485e+00 2.931733e-02 0.000000e+00
5.624485e+00 3.165689e-02 0.000000e+00
5.624485e+00 3.418314e-02 0.000000e+00
5.624485e+00 3.691099e-02 0.000000e+00
5.624485e+00 3.985652e-02 0.000000e+00
5.624485e+00 4.303711e-02 0.000000e+00
5.624485e+00 4.647152e-02 0.000000e+00
5.624485e+00 5.017999e-02 0.000000e+00
5.624485e+00 5.418441e-02 0.000000e+00
5.624485e+00 5.850838e-02 0.000000e+00
5.624485e+00 6.317741e-02 0.000000e+00
5.624485e+00 6.821903e-02 0.000000e+00
5.624485e+00 7.366298e-02 0.000000e+00
5.624485e+00 7.954136e-02 0.000000e+00
5.624485e+00 8.588885e-02 0.000000e+00
5.624485e+00 9.274286e-02 0.000000e+00
5.624485e+00 1.001438e-01 0.000000e+00
5.624485e+00 1.081354e-01 0.000000e+00
5.624485e+00 1.167647e-01 0.000000e+00
5.624485e+00 1.260827e-01 0.000000e+00
5.624485e+00 1.361442e-01 0.000000e+00
5.624485e+00 1.470087e-01 0.000000e+00
5.624485e+00 1.587401e-01 0.000000e+00
5.624485e+00 1.714077e-01 0.000000e+00
5.624485e+00 1.850862e-01 0.000000e+00
5.624485e+00 1.998563e-01 0.000000e+00
5.624485e+00 2.158051e-01 0.000000e+00
5.624485e+00 2.330265e-01 0.000000e+00
5.624485e+00 2.516223e-01 0.000000e+00
5.624485e+00 2.717020e-01 0.000000e+00
5.624485e+00 2.933841e-01 0.000000e+00
5.624485e+00 3.167964e-01 0.000000e+00
5.624485e+00 3.420771e-01 0.000000e+00
5.624485e+00 3.693752e-01 0.000000e+00
5.624485e+00 3.988518e-01 0.000000e+00
5.624485e+00 4.306805e-01 0.000000e+00
5.624485e+00 4.650493e-01 0.000000e+00
5.624485e+00 5.021607e-01 0.000000e+00
5.624485e+00 5.422336e-01 0.000000e+00
5.624485e+00 5.855044e-01 0.000000e+00
5.624485e+00 6.322283e-01 0.000000e+00
5.624485e+00 6.826808e-01 0.000000e+00
5.624485e+00 7.371594e-01 0.000000e+00
5.624485e+00 7.959855e-01 0.000000e+00
5.624485e+00 8.595059e-01 0.000000e+00
5.624485e+00 9.280954e-01 0.000000e+00
5.624485e+00 1.002158e+00 0.000000e+00
5.624485e+00 1.082132e+00 0.000000e+00
5.624485e+00 1.168487e+00 0.000000e+00
5.624485e+00 1.261733e+00 0.000000e+00
5.624485e+00 1.362421e+00 0.000000e+00
5.624485e+00 1.471144e+00 0.000000e+00
5.624485e+00 1.588542e+00 0.000000e+00
5.624485e+00 1.715310e+00 0.000000e+00
5.624485e+00 1.852193e+00 0.000000e+00
5.624485e+00 2.000000e+00 0.000000e+00
5.756975e+00 1.000000e-03 0.000000e+00
5.756975e+00 1.079801e-03 0.000000e+00
5.756975e+00 1.165970e-03 0.000000e+00
5.756975e+00 1.259016e-03 0.000000e+00
5.756975e+00 1.359487e-03 0.000000e+00
5.756975e+00 1.467975e-03 0.000000e+00
5.756975e+00 1.585121e-03 0.000000e+00
5.756975e+00 1.711615e-03 0.000000e+00
5.756975e+00 1.848204e-03 0.000000e+00
5.756975e+00 1.995693e-03 0.000000e+00
5.756975e+00 2.154951e-03 0.000000e+00
5.756975e+00 2.326918e-03 0.000000e+00
5.756975e+00 2.512609e-03 0.000000e+00
5.756975e+00 2.713117e-03 0.000000e+00
5.756975e+00 2.929627e-03 0.000000e+00
5.756975e+00 3.163414e-03 0.000000e+00
5.756975e+00 3.415858e-03 0.000000e+00
5.756975e+00 3.688447e-03 0.000000e+00
5.756975e+00 3.982789e-03 0.000000e+00
5.756975e+00 4.300619e-03 0.000000e+00
5.756975e+00 4.643813e-03 0.000000e+00
5.756975e+00 5.014394e-03 0.000000e+00
5.756975e+00 5.414548e-03 0.000000e+00
5.756975e+00 5.846635e-03 0.000000e+00
5.756975e+00 6.313202e-03 0.000000e+00
5.756975e+00 6.817002e-03 0.000000e+00
5.756975e+00 7.361006e-03 0.000000e+00
5.756975e+00 7.948422e-03 0.000000e+00
5.756975e+00 8.582714e-03 0.000000e+00
5.756975e+00 9.267624e-03 0.000000e+00
5.756975e+00 1.000719e-02 0.000000e+00
5.756975e+00 1.080577e-02 0.000000e+00
5.756975e+00 1.166809e-02 0.000000e+00
5.756975e+00 1.259921e-02 0.000000e+00
5.756975e+00 1.360464e-02 0.000000e+00
5.756975e+00 1.469030e-02 0.000000e+00
5.756975e+00 1.586261e-02 0.000000e+00
5.756975e+00 1.712846e-02 0.000000e+00
5.756975e+00 1.849533e-02 0.000000e+00
5.756975e+00 1.997127e-02 0.000000e+00
5.756975e+00 2.156500e-02 0.000000e+00
5.756975e+00 2.328591e-02 0.000000e+00
5.756975e+00 2.514415e-02 0.000000e+00
5.756975e+00 2.715068e-02 0.000000e+00
5.756975e+00 2.931733e-02 0.000000e+00
5.756975e+00 3.165689e-02 0.000000e+00
5.756975e+00 3.418314e-02 0.000000e+00
5.756975e+00 3.691099e-02 0.000000e+00
5.756975e+00 3.985652e-02 0.000000e+00
5.756975e+00 4.303711e-02 0.000000e+00
5.756975e+00 4.647152e-02 0.000000e+00
5.756975e+00 5.017999e-02 0.000000e+00
5.756975e+00 5.418441e-02 0.000000e+00
5.756975e+00 5.850838e-02 0.000000e+00
5.756975e+00 6.317741e-02 0.000000e+00
5.756975e+00 6.821903e-02 0.000000e+00
5.756975e+00 7.366298e-02 0.000000e+00
5.756975e+00 7.954136e-02 0.000000e+00
5.756975e+00 8.588885e-02 0.000000e+00
5.756975e+00 9.274286e-02 0.000000e+00
5.756975e+00 1.001438e-01 0.000000e+00
5.756975e+00 1.081354e-01 0.000000e+00
5.756975e+00 1.167647e-01 0.000000e+00
5.756975e+00 1.260827e-01 0.000000e+00
5.756975e+00 1.361442e-01 0.000000e+00
5.756975e+00 1.470087e-01 0.000000e+00
5.756975e+00 1.587401e-01 0.000000e+00
5.756975e+00 1.714077e-01 0.000000e+00
5.756975e+00 1.850862e-01 0.000000e+00
5.756975e+00 1.998563e-01 0.000000e+00
5.756975e+00 2.158051e-01 0.000000e+00
5.756975e+00 2.330265e-01 0.000000e+00
5.756975e+00 2.516223e-01 0.000000e+00
5.756975e+00 2.717020e-01 0.000000e+00
5.756975e+00 2.933841e-01 0.000000e+00
5.756975e+00 3.167964e-01 0.000000e+00
5.756975e+00 3.420771e-01 0.000000e+00
5.756975e+00 3.693752e-01 0.000000e+00
5.756975e+00 3.988518e-01 0.000000e+00
5.756975e+00 4.306805e-01 0.000000e+00
5.756975e+00 4.650493e-01 0.000000e+00
5.756975e+00 5.021607e-01 0.000000e+00
5.756975e+00 5.422336e-01 0.000000e+00
5.756975e+00 5.855044e-01 0.000000e+00
5.756975e+00 6.322283e-01 0.000000e+00
5.756975e+00 6.826808e-01 0.000000e+00
5.756975e+00 7.371594e-01 0.000000e+00
5.756975e+00 7.959855e-01 0.000000e+00
5.756975e+00 8.595059e-01 0.000000e+00
5.756975e+00 9.280954e-01 0.000000e+00
5.756975e+00 1.002158e+00 0.000000e+00
5.756975e+00 1.082132e+00 0.000000e+00
5.756975e+00 1.168487e+00 0.000000e+00
5.756975e+00 1.261733e+00 0.000000e+00
5.756975e+00 1.362421e+00 0.000000e+00
5.756975e+00 1.471144e+00 0.000000e+00
5.756975e+00 1.588542e+00 0.000000e+00
5.756975e+00 1.715310e+00 0.000000e+00
5.756975e+00 1.852193e+00 0.000000e+00
5.756975e+00 2.000000e+00 0.000000e+00
5.892114e+00 1.000000e-03 0.000000e+00
5.892114e+00 1.079801e-03 0.000000e+00
5.892114e+00 1.165970e-03 0.000000e+00
5.892114e+00 1.259016e-03 0.000000e+00
5.892114e+00 1.359487e-03 0.000000e+00
5.892114e+00 1.467975e-03 0.000000e+00
5.892114e+00 1.585121e-03 0.000000e+00
5.892114e+00 1.711615e-03 0.000000e+00
5.892114e+00 1.848204e-03 0.000000e+00
5.892114e+00 1.995693e-03 0.000000e+00
5.892114e+00 2.154951e-03 0.000000e+00
5.892114e+00 2.326918e-03 0.000000e+00
5.892114e+00 2.512609e-03 0.000000e+00
5.892114e+00 2.713117e-03 0.000000e+00
5.892114e+00 2.929627e-03 0.000000e+00
5.892114e+00 3.163414e-03 0.000000e+00
5.892114e+00 3.415858e-03 0.000000e+00
5.892114e+00 3.688447e-03 0.000000e+00
5.892114e+00 3.982789e-03 0.000000e+00
5.892114e+00 4.300619e-03 0.000000e+00
5.892114e+00 4.643813e-03 0.000000e+00
5.892114e+00 5.014394e-03 0.000000e+00
5.892114e+00 5.414548e-03 0.000000e+00
5.892114e+00 5.846635e-03 0.000000e+00
5.892114e+00 6.313202e-03 0.000000e+00
5.892114e+00 6.817002e-03 0.000000e+00
5.892114e+00 7.361006e-03 0.000000e+00
5.892114e+00 7.948422e-03 0.000000e+00
5.892114e+00 8.582714e-03 0.000000e+00
5.892114e+00 9.267624e-03 0.000000e+00
5.892114e+00 1.000719e-02 0.000000e+00
5.892114e+00 1.080577e-02 0.000000e+00
5.892114e+00 1.166809e-02 0.000000e+00
5.892114e+00 1.259921e-02 0.000000e+00
5.892114e+00 1.360464e-02 0.000000e+00
5.892114e+00 1.469030e-02 0.000000e+00
5.892114e+00 1.586261e-02 0.000000e+00
5.892114e+00 1.712846e-02 0.000000e+00
5.892114e+00 1.849533e-02 0.000000e+00
5.892114e+00 1.997127e-02 0.000000e+00
5.892114e+00 2.156500e-02 0.000000e+00
5.892114e+00 2.328591e-02 0.000000e+00
5.892114e+00 2.514415e-02 0.000000e+00
5.892114e+00 2.715068e-02 0.000000e+00
5.892114e+00 2.931733e-02 0.000000e+00
5.892114e+00 3.165689e-02 0.000000e+00
5.892114e+00 3.418314e-02 0.000000e+00
5.892114e+00 3.691099e-02 0.000000e+00
5.892114e+00 3.985652e-02 0.000000e+00
5.892114e+00 4.303711e-02 0.000000e+00
5.892114e+00 4.647152e-02 0.000000e+00
5.892114e+00 5.017999e-02 0.000000e+00
5.892114e+00 5.418441e-02 0.000000e+00
5.892114e+00 5.850838e-02 0.000000e+00
5.892114e+00 6.317741e-02 0.000000e+00
5.892114e+00 6.821903e-02 0.000000e+00
5.892114e+00 7.366298e-02 0.000000e+00
5.892114e+00 7.954136e-02 0.000000e+00
5.892114e+00 8.588885e-02 0.000000e+00
5.892114e+00 9.274286e-02 0.000000e+00
5.892114e+00 1.001438e-01 0.000000e+00
5.892114e+00 1.081354e-01 0.000000e+00
5.892114e+00 1.167647e-01 0.000000e+00
5.892114e+00 1.260827e-01 0.000000e+00
5.892114e+00 1.361442e-01 0.000000e+00
5.892114e+00 1.470087e-01 0.000000e+00
5.892114e+00 1.587401e-01 0.000000e+00
5.892114e+00 1.714077e-01 0.000000e+00
5.892114e+00 1.850862e-01 0.000000e+00
5.892114e+00 1.998563e-01 0.000000e+00
5.892114e+00 2.158051e-01 0.000000e+00
5.892114e+00 2.330265e-01 0.000000e+00
5.892114e+00 2.516223e-01 0.000000e+00
5.892114e+00 2.717020e-01 0.000000e+00
5.892114e+00 2.933841e-01 0.000000e+00
5.892114e+00 3.167964e-01 0.000000e+00
5.892114e+00 3.420771e-01 0.000000e+00
5.892114e+00 3.693752e-01 0.000000e+00
5.892114e+00 3.988518e-01 0.000000e+00
5.892114e+00 4.306805e-01 0.000000e+00
5.892114e+00 4.650493e-01 0.000000e+00
5.892114e+00 5.021607e-01 0.000000e+00
5.892114e+00 5.422336e-01 0.000000e+00
5.892114e+00 5.855044e-01 0.000000e+00
5.892114e+00 6.322283e-01 0.000000e+00
5.892114e+00 6.826808e-01 0.000000e+00
5.892114e+00 7.371594e-01 0.000000e+00
5.892114e+00 7.959855e-01 0.000000e+00
5.892114e+00 8.595059e-01 0.000000e+00
5.892114e+00 9.280954e-01 0.000000e+00
5.892114e+00 1.002158e+00 0.000000e+00
5.892114e+00 1.082132e+00 0.000000e+00
5.892114e+00 1.168487e+00 0.000000e+00
5.892114e+00 1.261733e+00 0.000000e+00
5.892114e+00 1.362421e+00 0.000000e+00
5.892114e+00 1.471144e+00 0.000000e+00
5.892114e+00 1.588542e+00 0.000000e+00
5.892114e+00 1.715310e+00 0.000000e+00
5.892114e+00 1.852193e+00 0.000000e+00
5.892114e+00 2.000000e+00 0.000000e+00
6.029956e+00 1.000000e-03 0.000000e+00
6.029956e+00 1.079801e-03 0.000000e+00
6.029956e+00 1.165970e-03 0.000000e+00
6.029956e+00 1.259016e-03 0.000000e+00
6.029956e+00 1.359487e-03 0.000000e+00
6.029956e+00 1.467975e-03 0.000000e+00
6.029956e+00 1.585121e-03 0.000000e+00
6.029956e+00 1.711615e-03 0.000000e+00
6.029956e+00 1.848204e-03 0.000000e+00
6.029956e+00 1.995693e-03 0.000000e+00
6.029956e+00 2.154951e-03 0.000000e+00
6.029956e+00 2.326918e-03 0.000000e+00
6.029956e+00 2.512609e-03 0.000000e+00
6.029956e+00 2.713117e-03 0.000000e+00
6.029956e+00 2.929627e-03 0.000000e+00
6.029956e+00 3.163414e-03 0.000000e+00
6.029956e+00 3.415858e-03 0.000000e+00
6.029956e+00 3.688447e-03 0.000000e+00
6.029956e+00 3.982789e-03 0.000000e+00
6.029956e+00 4.300619e-03 0.000000e+00
6.029956e+00 4.643813e-03 0.000000e+00
6.029956e+00 5.014394e-03 0.000000e+00
6.029956e+00 5.414548e-03 0.000000e+00
6.029956e+00 5.846635e-03 0.000000e+00
6.029956e+00 6.313202e-03 0.000000e+00
6.029956e+00 6.817002e-03 0.000000e+00
6.029956e+00 7.361006e-03 0.000000e+00
6.029956e+00 7.948422e-03 0.000000e+00
6.029956e+00 8.582714e-03 0.000000e+00
6.029956e+00 9.267624e-03 0.000000e+00
6.029956e+00 1.000719e-02 0.000000e+00
6.029956e+00 1.080577e-02 0.000000e+00
6.029956e+00 1.166809e-02 0.000000e+00
6.029956e+00 1.259921e-02 0.000000e+00
6.029956e+00 1.360464e-02 0.000000e+00
6.029956e+00 1.469030e-02 0.000000e+00
6.029956e+00 1.586261e-02 0.000000e+00
6.029956e+00 1.712846e-02 0.000000e+00
6.029956e+00 1.849533e-02 0.000000e+00
6.029956e+00 1.997127e-02 0.000000e+00
6.029956e+00 2.156500e-02 0.000000e+00
6.029956e+00 2.328591e-02 0.000000e+00
6.029956e+00 2.514415e-02 0.000000e+00
6.029956e+00 2.715068e-02 0.000000e+00
6.029956e+00 2.931733e-02 0.000000e+00
6.029956e+00 3.165689e-02 0.000000e+00
6.029956e+00 3.418314e-02 0.000000e+00
6.029956e+00 3.691099e-02 0.000000e+00
6.029956e+00 3.985652e-02 0.000000e+00
6.029956e+00 4.303711e-02 0.000000e+00
6.029956e+00 4.647152e-02 0.000000e+00
6.029956e+00 5.017999e-02 0.000000e+00
6.029956e+00 5.418441e-02 0.000000e+00
6.029956e+00 5.850838e-02 0.000000e+00
6.029956e+00 6.317741e-02 0.000000e+00
6.029956e+00 6.821903e-02 0.000000e+00
6.029956e+00 7.366298e-02 0.000000e+00
6.029956e+00 7.954136e-02 0.000000e+00
6.029956e+00 8.588885e-02 0.000000e+00
6.029956e+00 9.274286e-02 0.000000e+00
6.029956e+00 1.001438e-01 0.000000e+00
6.029956e+00 1.081354e-01 0.000000e+00
6.029956e+00 1.167647e-01 0.000000e+00
6.029956e+00 1.260827e-01 0.000000e+00
6.029956e+00 1.361442e-01 0.000000e+00
6.029956e+00 1.470087e-01 0.000000e+00
6.029956e+00 1.587401e-01 0.000000e+00
6.029956e+00 1.714077e-01 0.000000e+00
6.029956e+00 1.850862e-01 0.000000e+00
6.029956e+00 1.998563e-01 0.000000e+00
6.029956e+00 2.158051e-01 0.000000e+00
6.029956e+00 2.330265e-01 0.000000e+00
6.029956e+00 2.516223e-01 0.000000e+00
6.029956e+00 2.717020e-01 0.000000e+00
6.029956e+00 2.933841e-01 0.000000e+00
6.029956e+00 3.167964e-01 0.000000e+00
6.029956e+00 3.420771e-01 0.000000e+00
6.029956e+00 3.693752e-01 0.000000e+00
6.029956e+00 3.988518e-01 0.000000e+00
6.029956e+00 4.306805e-01 0.000000e+00
6.029956e+00 4.650493e-01 0.000000e+00
6.029956e+00 5.021607e-01 0.000000e+00
6.029956e+00 5.422336e-01 0.000000e+00
6.029956e+00 5.855044e-01 0.000000e+00
6.029956e+00 6.322283e-01 0.000000e+00
6.029956e+00 6.826808e-01 0.000000e+00
6.029956e+00 7.371594e-01 0.000000e+00
6.029956e+00 7.959855e-01 0.000000e+00
6.029956e+00 8.595059e-01 0.000000e+00
6.029956e+00 9.280954e-01 0.000000e+00
6.029956e+00 1.002158e+00 0.000000e+00
6.029956e+00 1.082132e+00 0.000000e+00
6.029956e+00 1.168487e+00 0.000000e+00
6.029956e+00 1.261733e+00 0.000000e+00
6.029956e+00 1.362421e+00 0.000000e+00
6.029956e+00 1.471144e+00 0.000000e+00
6.029956e+00 1.588542e+00 0.000000e+00
6.029956e+00 1.715310e+00 0.000000e+00
6.029956e+00 1.852193e+00 0.000000e+00
6.029956e+00 2.000000e+00 0.000000e+00
6.170555e+00 1.000000e-03 0.000000e+00
6.170555e+00 1.079801e-03 0.000000e+00
6.170555e+00 1.165970e-03 0.000000e+00
6.170555e+00 1.259016e-03 0.000000e+00
6.170555e+00 1.359487e-03 0.000000e+00
6.170555e+00 1.467975e-03 0.000000e+00
6.170555e+00 1.585121e-03 0.000000e+00
6.170555e+00 1.711615e-03 0.000000e+00
6.170555e+00 1.848204e-03 0.000000e+00
6.170555e+00 1.995693e-03 0.000000e+00
6.170555e+00 2.154951e-03 0.000000e+00
6.170555e+00 2.326918e-03 0.000000e+00
6.170555e+00 2.512609e-03 0.000000e+00
6.170555e+00 2.713117e-03 0.000000e+00
6.170555e+00 2.929627e-03 0.000000e+00
6.170555e+00 3.163414e-03 0.000000e+00
6.170555e+00 3.415858e-03 0.000000e+00
6.170555e+00 3.688447e-03 0.000000e+00
6.170555e+00 3.982789e-03 0.000000e+00
6.170555e+00 4.300619e-03 0.000000e+00
6.170555e+00 4.643813e-03 0.000000e+00
6.170555e+00 5.014394e-03 0.000000e+00
6.170555e+00 5.414548e-03 0.000000e+00
6.170555e+00 5.846635e-03 0.000000e+00
6.170555e+00 6.313202e-03 0.000000e+00
6.170555e+00 6.817002e-03 0.000000e+00
6.170555e+00 7.361006e-03 0.000000e+00
6.170555e+00 7.948422e-03 0.000000e+00
6.170555e+00 8.582714e-03 0.000000e+00
6.170555e+00 9.267624e-03 0.000000e+00
6.170555e+00 1.000719e-02 0.000000e+00
6.170555e+00 1.080577e-02 0.000000e+00
6.170555e+00 1.166809e-02 0.000000e+00
6.170555e+00 1.259921e-02 0.000000e+00
6.170555e+00 1.360464e-02 0.000000e+00
6.170555e+00 1.469030e-02 0.000000e+00
6.170555e+00 1.586261e-02 0.000000e+00
6.170555e+00 1.712846e-02 0.000000e+00
6.170555e+00 1.849533e-02 0.000000e+00
6.170555e+00 1.997127e-02 0.000000e+00
6.170555e+00 2.156500e-02 0.000000e+00
6.170555e+00 2.328591e-02 0.000000e+00
6.170555e+00 2.514415e-02 0.000000e+00
6.170555e+00 2.715068e-02 0.000000e+00
6.170555e+00 2.931733e-02 0.000000e+00
6.170555e+00 3.165689e-02 0.000000e+00
6.170555e+00 3.418314e-02 0.000000e+00
6.170555e+00 3.691099e-02 0.000000e+00
6.170555e+00 3.985652e-02 0.000000e+00
6.170555e+00 4.303711e-02 0.000000e+00
6.170555e+00 4.647152e-02 0.000000e+00
6.170555e+00 5.017999e-02 0.000000e+00
6.170555e+00 5.418441e-02 0.000000e+00
6.170555e+00 5.850838e-02 0.000000e+00
6.170555e+00 6.317741e-02 0.000000e+00
6.170555e+00 6.821903e-02 0.000000e+00
6.170555e+00 7.366298e-02 0.000000e+00
6.170555e+00 7.954136e-02 0.000000e+00
6.170555e+00 8.588885e-02 0.000000e+00
6.170555e+00 9.274286e-02 0.000000e+00
6.170555e+00 1.001438e-01 0.000000e+00
6.170555e+00 1.081354e-01 0.000000e+00
6.170555e+00 1.167647e-01 0.000000e+00
6.170555e+00 1.260827e-01 0.000000e+00
6.170555e+00 1.361442e-01 0.000000e+00
6.170555e+00 1.470087e-01 0.000000e+00
6.170555e+00 1.587401e-01 0.000000e+00
6.170555e+00 1.714077e-01 0.000000e+00
6.170555e+00 1.850862e-01 0.000000e+00
6.170555e+00 1.998563e-01 0.000000e+00
6.170555e+00 2.158051e-01 0.000000e+00
6.170555e+00 2.330265e-01 0.000000e+00
6.170555e+00 2.516223e-01 0.000000e+00
6.170555e+00 2.717020e-01 0.000000e+00
6.170555e+00 2.933841e-01 0.000000e+00
6.170555e+00 3.167964e-01 0.000000e+00
6.170555e+00 3.420771e-01 0.000000e+00
6.170555e+00 3.693752e-01 0.000000e+00
6.170555e+00 3.988518e-01 0.000000e+00
6.170555e+00 4.306805e-01 0.000000e+00
6.170555e+00 4.650493e-01 0.000000e+00
6.170555e+00 5.021607e-01 0.000000e+00
6.170555e+00 5.422336e-01 0.000000e+00
6.170555e+00 5.855044e-01 0.000000e+00
6.170555e+00 6.322283e-01 0.000000e+00
6.170555e+00 6.826808e-01 0.000000e+00
6.170555e+00 7.371594e-01 0.000000e+00
6.170555e+00 7.959855e-01 0.000000e+00
6.170555e+00 8.595059e-01 0.000000e+00
6.170555e+00 9.280954e-01 0.000000e+00
6.170555e+00 1.002158e+00 0.000000e+00
6.170555e+00 1.082132e+00 0.000000e+00
6.170555e+00 1.168487e+00 0.000000e+00
6.170555e+00 1.261733e+00 0.000000e+00
6.170555e+00 1.362421e+00 0.000000e+00
6.170555e+00 1.471144e+00 0.000000e+00
6.170555e+00 1.588542e+00 0.000000e+00
6.170555e+00 1.715310e+00 0.000000e+00
6.170555e+00 1.852193e+00 0.000000e+00
6.170555e+00 2.000000e+00 0.000000e+00
6.313967e+00 1.000000e-03 0.000000e+00
6.313967e+00 1.079801e-03 0.000000e+00
6.313967e+00 1.165970e-03 0.000000e+00
6.313967e+00 1.259016e-03 0.000000e+00
6.313967e+00 1.359487e-03 0.000000e+00
6.313967e+00 1.467975e-03 0.000000e+00
6.313967e+00 1.585121e-03 0.000000e+00
6.313967e+00 1.711615e-03 0.000000e+00
6.313967e+00 1.848204e-03 0.000000e+00
6.313967e+00 1.995693e-03 0.000000e+00
6.313967e+00 2.154951e-03 0.000000e+00
6.313967e+00 2.326918e-03 0.000000e+00
6.313967e+00 2.512609e-03 0.000000e+00
6.313967e+00 2.713117e-03 0.000000e+00
6.313967e+00 2.929627e-03 0.000000e+00
6.313967e+00 3.163414e-03 0.000000e+00
6.313967e+00 3.415858e-03 0.000000e+00
6.313967e+00 3.688447e-03 0.000000e+00
6.313967e+00 3.982789e-03 0.000000e+00
6.313967e+00 4.300619e-03 0.000000e+00
6.313967e+00 4.643813e-03 0.000000e+00
6.313967e+00 5.014394e-03 0.000000e+00
6.313967e+00 5.414548e-03 0.000000e+00
6.313967e+00 5.846635e-03 0.000000e+00
6.313967e+00 6.313202e-03 0.000000e+00
6.313967e+00 6.817002e-03 0.000000e+00
6.313967e+00 7.361006e-03 0.000000e+00
6.313967e+00 7.948422e-03 0.000000e+00
6.313967e+00 8.582714e-03 0.000000e+00
6.313967e+00 9.267624e-03 0.000000e+00
6.313967e+00 1.000719e-02 0.000000e+00
6.313967e+00 1.080577e-02 0.000000e+00
6.313967e+00 1.166809e-02 0.000000e+00
6.313967e+00 1.259921e-02 0.000000e+00
6.313967e+00 1.360464e-02 0.000000e+00
6.313967e+00 1.469030e-02 0.000000e+00
6.313967e+00 1.586261e-02 0.000000e+00
6.313967e+00 1.712846e-02 0.000000e+00
6.313967e+00 1.849533e-02 0.000000e+00
6.313967e+00 1.997127e-02 0.000000e+00
6.313967e+00 2.156500e-02 0.000000e+00
6.313967e+00 2.328591e-02 0.000000e+00
6.313967e+00 2.514415e-02 0.000000e+00
6.313967e+00 2.715068e-02 0.000000e+00
6.313967e+00 2.931733e-02 0.000000e+00
6.313967e+00 3.165689e-02 0.000000e+00
6.313967e+00 3.418314e-02 0.000000e+00
6.313967e+00 3.691099e-02 0.000000e+00
6.313967e+00 3.985652e-02 0.000000e+00
6.313967e+00 4.303711e-02 0.000000e+00
6.313967e+00 4.647152e-02 0.000000e+00
6.313967e+00 5.017999e-02 0.000000e+00
6.313967e+00 5.418441e-02 0.000000e+00
6.313967e+00 5.850838e-02 0.000000e+00
6.313967e+00 6.317741e-02 0.000000e+00
6.313967e+00 6.821903e-02 -2.900699e-16
6.313967e+00 7.366298e-02 0.000000e+00
6.313967e+00 7.954136e-02 0.000000e+00
6.313967e+00 8.588885e-02 0.000000e+00
6.313967e+00 9.274286e-02 0.000000e+00
6.313967e+00 1.001438e-01 0.000000e+00
6.313967e+00 1.081354e-01 0.000000e+00
6.313967e+00 1.167647e-01 0.000000e+00
6.313967e+00 1.260827e-01 0.000000e+00
6.313967e+00 1.361442e-01 0.000000e+00
6.313967e+00 1.470087e-01 0.000000e+00
6.313967e+00 1.587401e-01 0.000000e+00
6.313967e+00 1.714077e-01 0.000000e+00
6.313967e+00 1.850862e-01 0.000000e+00
6.313967e+00 1.998563e-01 0.000000e+00
6.313967e+00 2.158051e-01 0.000000e+00
6.313967e+00 2.330265e-01 0.000000e+00
6.313967e+00 2.516223e-01 3.633879e-18
6.313967e+00 2.717020e-01 3.633879e-18
6.313967e+00 2.933841e-01 0.000000e+00
6.313967e+00 3.167964e-01 0.000000e+00
6.313967e+00 3.420771e-01 -1.077233e-18
6.313967e+00 3.693752e-01 1.077233e-18
6.313967e+00 3.988518e-01 0.000000e+00
6.313967e+00 4.306805e-01 0.000000e+00
6.313967e+00 4.650493e-01 0.000000e+00
6.313967e+00 5.021607e-01 0.000000e+00
6.313967e+00 5.422336e-01 0.000000e+00
6.313967e+00 5.855044e-01 0.000000e+00
6.313967e+00 6.322283e-01 0.000000e+00
6.313967e+00 6.826808e-01 0.000000e+00
6.313967e+00 7.371594e-01 0.000000e+00
6.313967e+00 7.959855e-01 0.000000e+00
6.313967e+00 8.595059e-01 0.000000e+00
6.313967e+00 9.280954e-01 0.000000e+00
6.313967e+00 1.002158e+00 0.000000e+00
6.313967e+00 1.082132e+00 0.000000e+00
6.313967e+00 1.168487e+00 0.000000e+00
6.313967e+00 1.261733e+00 0.000000e+00
6.313967e+00 1.362421e+00 0.000000e+00
6.313967e+00 1.471144e+00 0.000000e+00
6.313967e+00 1.588542e+00 0.000000e+00
6.313967e+00 1.715310e+00 0.000000e+00
6.313967e+00 1.852193e+00 0.000000e+00
6.313967e+00 2.000000e+00 0.000000e+00
6.460246e+00 1.000000e-03 -8.265428e+00
6.460246e+00 1.079801e-03 -8.862029e+00
6.460246e+00 1.165970e-03 -9.496286e+00
6.460246e+00 1.259016e-03 -1.016963e+01
6.460246e+00 1.359487e-03 -1.088337e+01
6.460246e+00 1.467975e-03 -1.163873e+01
6.460246e+00 1.585121e-03 -1.243670e+01
6.460246e+00 1.711615e-03 -1.327807e+01
6.460246e+00 1.848204e-03 -1.416340e+01
6.460246e+00 1.995693e-03 -1.509281e+01
6.460246e+00 2.154951e-03 -1.606599e+01
6.460246e+00 2.326918e-03 -1.708220e+01
6.460246e+00 2.512609e-03 -1.814009e+01
6.460246e+00 2.713117e-03 -1.923766e+01
6.460246e+00 2.929627e-03 -2.037225e+01
6.460246e+00 3.163414e-03 -2.154033e+01
6.460246e+00 3.415858e-03 -2.273741e+01
6.460246e+00 3.688447e-03 -2.395811e+01
6.460246e+00 3.982789e-03 -2.519584e+01
6.460246e+00 4.300619e-03 -2.644269e+01
6.460246e+00 4.643813e-03 -2.768973e+01
6.460246e+00 5.014394e-03 -2.892635e+01
6.460246e+00 5.414548e-03 -3.014033e+01
6.460246e+00 5.846635e-03 -3.131827e+01
6.460246e+00 6.313202e-03 -3.244478e+01
6.460246e+00 6.817002e-03 -3.350256e+01
6.460246e+00 7.361006e-03 -3.447342e+01
6.460246e+00 7.948422e-03 -3.533697e+01
6.460246e+00 8.582714e-03 -3.607112e+01
6.460246e+00 9.267624e-03 -3.665387e+01
6.460246e+00 1.000719e-02 -3.706188e+01
6.460246e+00 1.080577e-02 -3.727150e+01
6.460246e+00 1.166809e-02 -3.726153e+01
6.460246e+00 1.259921e-02 -3.701316e+01
6.460246e+00 1.360464e-02 -3.651132e+01
6.460246e+00 1.469030e-02 -3.574715e+01
6.460246e+00 1.586261e-02 -3.472251e+01
6.460246e+00 1.712846e-02 -3.344949e+01
6.460246e+00 1.849533e-02 -3.194809e+01
6.460246e+00 1.997127e-02 -3.026160e+01
6.460246e+00 2.156500e-02 -2.844795e+01
6.460246e+00 2.328591e-02 -2.656309e+01
6.460246e+00 2.514415e-02 -2.468385e+01
6.460246e+00 2.715068e-02 -2.289226e+01
6.460246e+00 2.931733e-02 -2.124990e+01
6.460246e+00 3.165689e-02 -1.980191e+01
6.460246e+00 3.418314e-02 -1.857542e+01
6.460246e+00 3.691099e-02 -1.755147e+01
6.460246e+00 3.985652e-02 -1.666806e+01
6.460246e+00 4.303711e-02 -1.582113e+01
6.460246e+00 4.647152e-02 -1.488438e+01
6.460246e+00 5.017999e-02 -1.375043e+01
6.460246e+00 5.418441e-02 -1.234473e+01
6.460246e+00 5.850838e-02 -1.072094e+01
6.460246e+00 6.317741e-02 -8.967579e+00
6.460246e+00 6.821903e-02 -7.074293e+00
6.460246e+00 7.366298e-02 -5.143476e+00
6.460246e+00 7.954136e-02 -4.218089e+00
6.460246e+00 8.588885e-02 -3.218856e+00
6.460246e+00 9.274286e-02 -2.139883e+00
6.460246e+00 1.001438e-01 -9.748072e-01
6.460246e+00 1.081354e-01 -6.135356e-01
6.460246e+00 1.167647e-01 -6.512880e-01
6.460246e+00 1.260827e-01 -6.920531e-01
6.460246e+00 1.361442e-01 -7.360714e-01
6.460246e+00 1.470087e-01 -7.497047e-01
6.460246e+00 1.587401e-01 -6.200290e-01
6.460246e+00 1.714077e-01 -4.800051e-01
6.460246e+00 1.850862e-01 -3.288071e-01
6.460246e+00 1.998563e-01 -1.655434e-01
6.460246e+00 2.158051e-01 -1.259781e-01
6.460246e+00 2.330265e-01 -1.105657e-01
6.460246e+00 2.516223e-01 -9.392349e-02
6.460246e+00 2.717020e-01 -7.595318e-02
6.460246e+00 2.933841e-01 -6.141429e-02
6.460246e+00 3.167964e-01 -5.189887e-02
6.460246e+00 3.420771e-01 -4.162412e-02
6.460246e+00 3.693752e-01 -3.052943e-02
6.460246e+00 3.988518e-01 -1.921484e-02
6.460246e+00 4.306805e-01 -1.633169e-02
6.460246e+00 4.650493e-01 -1.321846e-02
6.460246e+00 5.021607e-01 -9.856785e-03
6.460246e+00 5.422336e-01 -6.226849e-03
6.460246e+00 5.855044e-01 -4.592147e-03
6.460246e+00 6.322283e-01 -3.891780e-03
6.460246e+00 6.826808e-01 -3.135522e-03
6.460246e+00 7.371594e-01 -2.318914e-03
6.460246e+00 7.959855e-01 -1.647245e-03
6.460246e+00 8.595059e-01 -1.416367e-03
6.460246e+00 9.280954e-01 -1.167065e-03
6.460246e+00 1.002158e+00 -8.978681e-04
6.460246e+00 1.082132e+00 -6.071891e-04
6.460246e+00 1.168487e+00 -5.173493e-04
6.460246e+00 1.261733e+00 -4.394214e-04
6.460246e+00 1.362421e+00 -3.552747e-04
6.460246e+00 1.471144e+00 -2.644130e-04
6.460246e+00 1.588542e+00 -2.059729e-04
6.460246e+00 1.715310e+00 -1.776039e-04
6.460246e+00 1.852193e+00 -1.469711e-04
6.460246e+00 2.000000e+00 -1.138937e-04
6.609451e+00 1.000000e-03 -2.854849e+01
6.609451e+00 1.079801e-03 -3.060947e+01
6.609451e+00 1.165970e-03 -3.280056e+01
6.609451e+00 1.259016e-03 -3.512666e+01
6.609451e+00 1.359487e-03 -3.759233e+01
6.609451e+00 1.467975e-03 -4.020172e+01
6.609451e+00 1.585121e-03 -4.295831e+01
6.609451e+00 1.711615e-03 -4.586480e+01
6.609451e+00 1.848204e-03 -4.892309e+01
6.609451e+00 1.995693e-03 -5.213368e+01
6.609451e+00 2.154951e-03 -5.549546e+01
6.609451e+00 2.326918e-03 -5.900586e+01
6.609451e+00 2.512609e-03 -6.266025e+01
6.609451e+00 2.713117e-03 -6.645167e+01
6.609451e+00 2.929627e-03 -7.037099e+01
6.609451e+00 3.163414e-03 -7.440600e+01
6.609451e+00 3.415858e-03 -7.854113e+01
6.609451e+00 3.688447e-03 -8.275788e+01
6.609451e+00 3.982789e-03 -8.703343e+01
6.609451e+00 4.300619e-03 -9.134053e+01
6.609451e+00 4.643813e-03 -9.564825e+01
6.609451e+00 5.014394e-03 -9.991997e+01
6.609451e+00 5.414548e-03 -1.041134e+02
6.609451e+00 5.846635e-03 -1.081825e+02
6.609451e+00 6.313202e-03 -1.120738e+02
6.609451e+00 6.817002e-03 -1.157278e+02
6.609451e+00 7.361006e-03 -1.190814e+02
6.609451e+00 7.948422e-03 -1.220644e+02
6.609451e+00 8.582714e-03 -1.246004e+02
6.609451e+00 9.267624e-03 -1.266135e+02
6.609451e+00 1.000719e-02 -1.280229e+02
6.609451e+00 1.080577e-02 -1.287470e+02
6.609451e+00 1.166809e-02 -1.287126e+02
6.609451e+00 1.259921e-02 -1.278547e+02
6.609451e+00 1.360464e-02 -1.261212e+02
6.609451e+00 1.469030e-02 -1.234815e+02
6.609451e+00 1.586261e-02 -1.199421e+02
6.609451e+00 1.712846e-02 -1.155447e+02
6.609451e+00 1.849533e-02 -1.103585e+02
6.609451e+00 1.997127e-02 -1.045328e+02
6.609451e+00 2.156500e-02 -9.826793e+01
6.609451e+00 2.328591e-02 -9.175703e+01
6.609451e+00 2.514415e-02 -8.526558e+01
6.609451e+00 2.715068e-02 -7.907690e+01
6.609451e+00 2.931733e-02 -7.340368e+01
6.609451e+00 3.165689e-02 -6.840185e+01
6.609451e+00 3.418314e-02 -6.416518e+01
6.609451e+00 3.691099e-02 -6.062817e+01
6.609451e+00 3.985652e-02 -5.757659e+01
6.609451e+00 4.303711e-02 -5.465103e+01
6.609451e+00 4.647152e-02 -5.141521e+01
6.609451e+00 5.017999e-02 -4.749820e+01
6.609451e+00 5.418441e-02 -4.276463e+01
6.609451e+00 5.850838e-02 -3.749568e+01
6.609451e+00 6.317741e-02 -3.180627e+01
6.609451e+00 6.821903e-02 -2.566284e+01
6.609451e+00 7.366298e-02 -1.938615e+01
6.609451e+00 7.954136e-02 -1.625393e+01
6.609451e+00 8.588885e-02 -1.287176e+01
6.609451e+00 9.274286e-02 -9.219695e+00
6.609451e+00 1.001438e-01 -5.276186e+00
6.609451e+00 1.081354e-01 -3.699130e+00
6.609451e+00 1.167647e-01 -3.275402e+00
6.609451e+00 1.260827e-01 -2.817860e+00
6.609451e+00 1.361442e-01 -2.323806e+00
6.609451e+00 1.470087e-01 -1.855335e+00
6.609451e+00 1.587401e-01 -1.626405e+00
6.609451e+00 1.714077e-01 -1.379207e+00
6.609451e+00 1.850862e-01 -1.112282e+00
6.609451e+00 1.998563e-01 -8.240554e-01
6.609451e+00 2.158051e-01 -7.000666e-01
6.609451e+00 2.330265e-01 -6.035831e-01
6.609451e+00 2.516223e-01 -4.994001e-01
6.609451e+00 2.717020e-01 -3.869032e-01
6.609451e+00 2.933841e-01 -2.999741e-01
6.609451e+00 3.167964e-01 -2.500128e-01
6.609451e+00 3.420771e-01 -1.960644e-01
6.609451e+00 3.693752e-01 -1.378109e-01
6.609451e+00 3.988518e-01 -7.870384e-02
6.609451e+00 4.306805e-01 -6.811291e-02
6.609451e+00 4.650493e-01 -5.667681e-02
6.609451e+00 5.021607e-01 -4.432809e-02
6.609451e+00 5.422336e-01 -3.099394e-02
6.609451e+00 5.855044e-01 -2.421562e-02
6.609451e+00 6.322283e-01 -2.044734e-02
6.609451e+00 6.826808e-01 -1.637835e-02
6.609451e+00 7.371594e-01 -1.198464e-02
6.609451e+00 7.959855e-01 -8.377116e-03
6.609451e+00 8.595059e-01 -7.156680e-03
6.609451e+00 9.280954e-01 -5.838850e-03
6.609451e+00 1.002158e+00 -4.415857e-03
6.609451e+00 1.082132e+00 -2.879308e-03
6.609451e+00 1.168487e+00 -2.443445e-03
6.609451e+00 1.261733e+00 -2.076989e-03
6.609451e+00 1.362421e+00 -1.681290e-03
6.609451e+00 1.471144e+00 -1.254014e-03
6.609451e+00 1.588542e+00 -9.767095e-04
6.609451e+00 1.715310e+00 -8.384362e-04
6.609451e+00 1.852193e+00 -6.891285e-04
6.609451e+00 2.000000e+00 -5.279060e-04
6.761640e+00 1.000000e-03 -1.026482e+02
6.761640e+00 1.079801e-03 -1.100599e+02
6.761640e+00 1.165970e-03 -1.179395e+02
6.761640e+00 1.259016e-03 -1.263047e+02
6.761640e+00 1.359487e-03 -1.351718e+02
6.761640e+00 1.467975e-03 -1.445556e+02
6.761640e+00 1.585121e-03 -1.544687e+02
6.761640e+00 1.711615e-03 -1.649208e+02
6.761640e+00 1.848204e-03 -1.759186e+02
6.761640e+00 1.995693e-03 -1.874641e+02
6.761640e+00 2.154951e-03 -1.995533e+02
6.761640e+00 2.326918e-03 -2.121769e+02
6.761640e+00 2.512609e-03 -2.253182e+02
6.761640e+00 2.713117e-03 -2.389524e+02
6.761640e+00 2.929627e-03 -2.530464e+02
6.761640e+00 3.163414e-03 -2.675563e+02
6.761640e+00 3.415858e-03 -2.824263e+02
6.761640e+00 3.688447e-03 -2.975898e+02
6.761640e+00 3.982789e-03 -3.129647e+02
6.761640e+00 4.300619e-03 -3.284530e+02
6.761640e+00 4.643813e-03 -3.439436e+02
6.761640e+00 5.014394e-03 -3.593046e+02
6.761640e+00 5.414548e-03 -3.743843e+02
6.761640e+00 5.846635e-03 -3.890166e+02
6.761640e+00 6.313202e-03 -4.030098e+02
6.761640e+00 6.817002e-03 -4.161493e+02
6.761640e+00 7.361006e-03 -4.282090e+02
6.761640e+00 7.948422e-03 -4.389357e+02
6.761640e+00 8.582714e-03 -4.480551e+02
6.761640e+00 9.267624e-03 -4.552941e+02
6.761640e+00 1.000719e-02 -4.603626e+02
6.761640e+00 1.080577e-02 -4.629666e+02
6.761640e+00 1.166809e-02 -4.628430e+02
6.761640e+00 1.259921e-02 -4.597580e+02
6.761640e+00 1.360464e-02 -4.535246e+02
6.761640e+00 1.469030e-02 -4.440325e+02
6.761640e+00 1.586261e-02 -4.313050e+02
6.761640e+00 1.712846e-02 -4.154923e+02
6.761640e+00 1.849533e-02 -3.968427e+02
6.761640e+00 1.997127e-02 -3.758940e+02
6.761640e+00 2.156500e-02 -3.533659e+02
6.761640e+00 2.328591e-02 -3.299531e+02
6.761640e+00 2.514415e-02 -3.066102e+02
6.761640e+00 2.715068e-02 -2.843560e+02
6.761640e+00 2.931733e-02 -2.639555e+02
6.761640e+00 3.165689e-02 -2.459692e+02
6.761640e+00 3.418314e-02 -2.307344e+02
6.761640e+00 3.691099e-02 -2.180155e+02
6.761640e+00 3.985652e-02 -2.070422e+02
6.761640e+00 4.303711e-02 -1.965220e+02
6.761640e+00 4.647152e-02 -1.848862e+02
6.761640e+00 5.017999e-02 -1.708009e+02
6.761640e+00 5.418441e-02 -1.539819e+02
6.761640e+00 5.850838e-02 -1.355996e+02
6.761640e+00 6.317741e-02 -1.157503e+02
6.761640e+00 6.821903e-02 -9.431710e+01
6.761640e+00 7.366298e-02 -7.247682e+01
6.761640e+00 7.954136e-02 -6.220234e+01
6.761640e+00 8.588885e-02 -5.110794e+01
6.761640e+00 9.274286e-02 -3.912820e+01
6.761640e+00 1.001438e-01 -2.619247e+01
6.761640e+00 1.081354e-01 -2.038481e+01
6.761640e+00 1.167647e-01 -1.800701e+01
6.761640e+00 1.260827e-01 -1.543946e+01
6.761640e+00 1.361442e-01 -1.266702e+01
6.761640e+00 1.470087e-01 -1.001602e+01
6.761640e+00 1.587401e-01 -8.613261e+00
6.761640e+00 1.714077e-01 -7.098560e+00
6.761640e+00 1.850862e-01 -5.462983e+00
6.761640e+00 1.998563e-01 -3.696886e+00
6.761640e+00 2.158051e-01 -3.053551e+00
6.761640e+00 2.330265e-01 -2.611292e+00
6.761640e+00 2.516223e-01 -2.133741e+00
6.761640e+00 2.717020e-01 -1.618081e+00
6.761640e+00 2.933841e-01 -1.232253e+00
6.761640e+00 3.167964e-01 -1.032943e+00
6.761640e+00 3.420771e-01 -8.177285e-01
6.761640e+00 3.693752e-01 -5.853391e-01
6.761640e+00 3.988518e-01 -3.492047e-01
6.761640e+00 4.306805e-01 -3.018192e-01
6.761640e+00 4.650493e-01 -2.506523e-01
6.761640e+00 5.021607e-01 -1.954022e-01
6.761640e+00 5.422336e-01 -1.357430e-01
6.761640e+00 5.855044e-01 -1.056863e-01
6.761640e+00 6.322283e-01 -8.924460e-02
6.761640e+00 6.826808e-01 -7.149082e-02
6.761640e+00 7.371594e-01 -5.232026e-02
6.761640e+00 7.959855e-01 -3.657100e-02
6.761640e+00 8.595059e-01 -3.121530e-02
6.761640e+00 9.280954e-01 -2.543222e-02
6.761640e+00 1.002158e+00 -1.918763e-02
6.761640e+00 1.082132e+00 -1.244473e-02
6.761640e+00 1.168487e+00 -1.051101e-02
6.761640e+00 1.261733e+00 -8.878417e-03
6.761640e+00 1.362421e+00 -7.115537e-03
6.761640e+00 1.471144e+00 -5.211977e-03
6.761640e+00 1.588542e+00 -4.002686e-03
6.761640e+00 1.715310e+00 -3.437751e-03
6.761640e+00 1.852193e+00 -2.827734e-03
6.761640e+00 2.000000e+00 -2.169038e-03
6.916873e+00 1.000000e-03 -2.439094e+02
6.916873e+00 1.079801e-03 -2.615240e+02
6.916873e+00 1.165970e-03 -2.802508e+02
6.916873e+00 1.259016e-03 -3.001316e+02
6.916873e+00 1.359487e-03 -3.212052e+02
6.916873e+00 1.467975e-03 -3.435066e+02
6.916873e+00 1.585121e-03 -3.670657e+02
6.916873e+00 1.711615e-03 -3.919055e+02
6.916873e+00 1.848204e-03 -4.180422e+02
6.916873e+00 1.995693e-03 -4.454801e+02
6.916873e+00 2.154951e-03 -4.742099e+02
6.916873e+00 2.326918e-03 -5.042099e+02
6.916873e+00 2.512609e-03 -5.354403e+02
6.916873e+00 2.713117e-03 -5.678418e+02
6.916873e+00 2.929627e-03 -6.013360e+02
6.916873e+00 3.163414e-03 -6.358185e+02
6.916873e+00 3.415858e-03 -6.711566e+02
6.916873e+00 3.688447e-03 -7.071921e+02
6.916873e+00 3.982789e-03 -7.437300e+02
6.916873e+00 4.300619e-03 -7.805374e+02
6.916873e+00 4.643813e-03 -8.173501e+02
6.916873e+00 5.014394e-03 -8.538550e+02
6.916873e+00 5.414548e-03 -8.896912e+02
6.916873e+00 5.846635e-03 -9.244640e+02
6.916873e+00 6.313202e-03 -9.577184e+02
6.916873e+00 6.817002e-03 -9.889436e+02
6.916873e+00 7.361006e-03 -1.017603e+03
6.916873e+00 7.948422e-03 -1.043094e+03
6.916873e+00 8.582714e-03 -1.064766e+03
6.916873e+00 9.267624e-03 -1.081969e+03
6.916873e+00 1.000719e-02 -1.094015e+03
6.916873e+00 1.080577e-02 -1.100203e+03
6.916873e+00 1.166809e-02 -1.099910e+03
6.916873e+00 1.259921e-02 -1.092579e+03
6.916873e+00 1.360464e-02 -1.077766e+03
6.916873e+00 1.469030e-02 -1.055208e+03
6.916873e+00 1.586261e-02 -1.024963e+03
6.916873e+00 1.712846e-02 -9.873851e+02
6.916873e+00 1.849533e-02 -9.430660e+02
6.916873e+00 1.997127e-02 -8.932831e+02
6.916873e+00 2.156500e-02 -8.397467e+02
6.916873e+00 2.328591e-02 -7.841081e+02
6.916873e+00 2.514415e-02 -7.286355e+02
6.916873e+00 2.715068e-02 -6.757502e+02
6.916873e+00 2.931733e-02 -6.272699e+02
6.916873e+00 3.165689e-02 -5.845269e+02
6.916873e+00 3.418314e-02 -5.483225e+02
6.916873e+00 3.691099e-02 -5.180970e+02
6.916873e+00 3.985652e-02 -4.920198e+02
6.916873e+00 4.303711e-02 -4.670195e+02
6.916873e+00 4.647152e-02 -4.393678e+02
6.916873e+00 5.017999e-02 -4.058951e+02
6.916873e+00 5.418441e-02 -3.695691e+02
6.916873e+00 5.850838e-02 -3.360284e+02
6.916873e+00 6.317741e-02 -2.998111e+02
6.916873e+00 6.821903e-02 -2.607036e+02
6.916873e+00 7.366298e-02 -2.196266e+02
6.916873e+00 7.954136e-02 -1.870266e+02
6.916873e+00 8.588885e-02 -1.518252e+02
6.916873e+00 9.274286e-02 -1.138147e+02
6.916873e+00 1.001438e-01 -7.277091e+01
6.916873e+00 1.081354e-01 -5.481030e+01
6.916873e+00 1.167647e-01 -4.799209e+01
6.916873e+00 1.260827e-01 -4.062978e+01
6.916873e+00 1.361442e-01 -3.267995e+01
6.916873e+00 1.470087e-01 -2.521111e+01
6.916873e+00 1.587401e-01 -2.189759e+01
6.916873e+00 1.714077e-01 -1.831965e+01
6.916873e+00 1.850862e-01 -1.445619e+01
6.916873e+00 1.998563e-01 -1.028442e+01
6.916873e+00 2.158051e-01 -8.559741e+00
6.916873e+00 2.330265e-01 -7.252720e+00
6.916873e+00 2.516223e-01 -5.841397e+00
6.916873e+00 2.717020e-01 -4.317449e+00
6.916873e+00 2.933841e-01 -3.217329e+00
6.916873e+00 3.167964e-01 -2.722637e+00
6.916873e+00 3.420771e-01 -2.188468e+00
6.916873e+00 3.693752e-01 -1.611672e+00
6.916873e+00 3.988518e-01 -1.024186e+00
6.916873e+00 4.306805e-01 -8.855100e-01
6.916873e+00 4.650493e-01 -7.357678e-01
6.916873e+00 5.021607e-01 -5.740761e-01
6.916873e+00 5.422336e-01 -3.994812e-01
6.916873e+00 5.855044e-01 -3.106740e-01
6.916873e+00 6.322283e-01 -2.612503e-01
6.916873e+00 6.826808e-01 -2.078827e-01
6.916873e+00 7.371594e-01 -1.502562e-01
6.916873e+00 7.959855e-01 -1.032075e-01
6.916873e+00 8.595059e-01 -8.811538e-02
6.916873e+00 9.280954e-01 -7.181893e-02
6.916873e+00 1.002158e+00 -5.422200e-02
6.916873e+00 1.082132e+00 -3.522082e-02
6.916873e+00 1.168487e+00 -2.973926e-02
6.916873e+00 1.261733e+00 -2.510086e-02
6.916873e+00 1.362421e+00 -2.009232e-02
6.916873e+00 1.471144e+00 -1.468409e-02
6.916873e+00 1.588542e+00 -1.124863e-02
6.916873e+00 1.715310e+00 -9.644104e-03
6.916873e+00 1.852193e+00 -7.911539e-03
6.916873e+00 2.000000e+00 -6.040714e-03
7.075210e+00 1.000000e-03 -4.100570e+02
7.075210e+00 1.079801e-03 -4.396759e+02
7.075210e+00 1.165970e-03 -4.711651e+02
7.075210e+00 1.259016e-03 -5.045949e+02
7.075210e+00 1.359487e-03 -5.400302e+02
7.075210e+00 1.467975e-03 -5.775300e+02
7.075210e+00 1.585121e-03 -6.171440e+02
7.075210e+00 1.711615e-03 -6.589110e+02
7.075210e+00 1.848204e-03 -7.028584e+02
7.075210e+00 1.995693e-03 -7.489935e+02
7.075210e+00 2.154951e-03 -7.973006e+02
7.075210e+00 2.326918e-03 -8.477434e+02
7.075210e+00 2.512609e-03 -9.002551e+02
7.075210e+00 2.713117e-03 -9.547357e+02
7.075210e+00 2.929627e-03 -1.011053e+03
7.075210e+00 3.163414e-03 -1.069033e+03
7.075210e+00 3.415858e-03 -1.128451e+03
7.075210e+00 3.688447e-03 -1.189041e+03
7.075210e+00 3.982789e-03 -1.250476e+03
7.075210e+00 4.300619e-03 -1.312364e+03
7.075210e+00 4.643813e-03 -1.374260e+03
7.075210e+00 5.014394e-03 -1.435640e+03
7.075210e+00 5.414548e-03 -1.495894e+03
7.075210e+00 5.846635e-03 -1.554361e+03
7.075210e+00 6.313202e-03 -1.610275e+03
7.075210e+00 6.817002e-03 -1.662777e+03
7.075210e+00 7.361006e-03 -1.710964e+03
7.075210e+00 7.948422e-03 -1.753825e+03
7.075210e+00 8.582714e-03 -1.790264e+03
7.075210e+00 9.267624e-03 -1.819190e+03
7.075210e+00 1.000719e-02 -1.839443e+03
7.075210e+00 1.080577e-02 -1.849849e+03
7.075210e+00 1.166809e-02 -1.849356e+03
7.075210e+00 1.259921e-02 -1.837031e+03
7.075210e+00 1.360464e-02 -1.812124e+03
7.075210e+00 1.469030e-02 -1.774197e+03
7.075210e+00 1.586261e-02 -1.723343e+03
7.075210e+00 1.712846e-02 -1.660161e+03
7.075210e+00 1.849533e-02 -1.585645e+03
7.075210e+00 1.997127e-02 -1.501941e+03
7.075210e+00 2.156500e-02 -1.411927e+03
7.075210e+00 2.328591e-02 -1.318377e+03
7.075210e+00 2.514415e-02 -1.225107e+03
7.075210e+00 2.715068e-02 -1.136188e+03
7.075210e+00 2.931733e-02 -1.054674e+03
7.075210e+00 3.165689e-02 -9.828073e+02
7.075210e+00 3.418314e-02 -9.219343e+02
7.075210e+00 3.691099e-02 -8.711139e+02
7.075210e+00 3.985652e-02 -8.272685e+02
7.075210e+00 4.303711e-02 -7.852336e+02
7.075210e+00 4.647152e-02 -7.387409e+02
7.075210e+00 5.017999e-02 -6.824608e+02
7.075210e+00 5.418441e-02 -6.225329e+02
7.075210e+00 5.850838e-02 -5.693395e+02
7.075210e+00 6.317741e-02 -5.119012e+02
7.075210e+00 6.821903e-02 -4.498793e+02
7.075210e+00 7.366298e-02 -3.845505e+02
7.075210e+00 7.954136e-02 -3.307804e+02
7.075210e+00 8.588885e-02 -2.727194e+02
7.075210e+00 9.274286e-02 -2.100251e+02
7.075210e+00 1.001438e-01 -1.423276e+02
7.075210e+00 1.081354e-01 -1.106610e+02
7.075210e+00 1.167647e-01 -9.623504e+01
7.075210e+00 1.260827e-01 -8.065790e+01
7.075210e+00 1.361442e-01 -6.383768e+01
7.075210e+00 1.470087e-01 -4.818551e+01
7.075210e+00 1.587401e-01 -4.197771e+01
7.075210e+00 1.714077e-01 -3.527452e+01
7.075210e+00 1.850862e-01 -2.803641e+01
7.075210e+00 1.998563e-01 -2.022070e+01
7.075210e+00 2.158051e-01 -1.686796e+01
7.075210e+00 2.330265e-01 -1.426371e+01
7.075210e+00 2.516223e-01 -1.145164e+01
7.075210e+00 2.717020e-01 -8.415162e+00
7.075210e+00 2.933841e-01 -6.242951e+00
7.075210e+00 3.167964e-01 -5.303784e+00
7.075210e+00 3.420771e-01 -4.289671e+00
7.075210e+00 3.693752e-01 -3.194631e+00
7.075210e+00 3.988518e-01 -2.077985e+00
7.075210e+00 4.306805e-01 -1.794886e+00
7.075210e+00 4.650493e-01 -1.489195e+00
7.075210e+00 5.021607e-01 -1.159110e+00
7.075210e+00 5.422336e-01 -8.026838e-01
7.075210e+00 5.855044e-01 -6.224868e-01
7.075210e+00 6.322283e-01 -5.232889e-01
7.075210e+00 6.826808e-01 -4.161748e-01
7.075210e+00 7.371594e-01 -3.005130e-01
7.075210e+00 7.959855e-01 -2.061022e-01
7.075210e+00 8.595059e-01 -1.758811e-01
7.075210e+00 9.280954e-01 -1.432484e-01
7.075210e+00 1.002158e+00 -1.080115e-01
7.075210e+00 1.082132e+00 -6.996275e-02
7.075210e+00 1.168487e+00 -5.896131e-02
7.075210e+00 1.261733e+00 -4.964418e-02
7.075210e+00 1.362421e+00 -3.958352e-02
7.075210e+00 1.471144e+00 -2.872002e-02
7.075210e+00 1.588542e+00 -2.187128e-02
7.075210e+00 1.715310e+00 -1.875011e-02
7.075210e+00 1.852193e+00 -1.537986e-02
7.075210e+00 2.000000e+00 -1.174067e-02
7.236714e+00 1.000000e-03 -5.587768e+02
7.236714e+00 1.079801e-03 -5.991454e+02
7.236714e+00 1.165970e-03 -6.420635e+02
7.236714e+00 1.259016e-03 -6.876268e+02
7.236714e+00 1.359487e-03 -7.359234e+02
7.236714e+00 1.467975e-03 -7.870333e+02
7.236714e+00 1.585121e-03 -8.410242e+02
7.236714e+00 1.711615e-03 -8.979490e+02
7.236714e+00 1.848204e-03 -9.578449e+02
7.236714e+00 1.995693e-03 -1.020722e+03
7.236714e+00 2.154951e-03 -1.086559e+03
7.236714e+00 2.326918e-03 -1.155306e+03
7.236714e+00 2.512609e-03 -1.226874e+03
7.236714e+00 2.713117e-03 -1.301124e+03
7.236714e+00 2.929627e-03 -1.377879e+03
7.236714e+00 3.163414e-03 -1.456897e+03
7.236714e+00 3.415858e-03 -1.537875e+03
7.236714e+00 3.688447e-03 -1.620451e+03
7.236714e+00 3.982789e-03 -1.704179e+03
7.236714e+00 4.300619e-03 -1.788524e+03
7.236714e+00 4.643813e-03 -1.872880e+03
7.236714e+00 5.014394e-03 -1.956531e+03
7.236714e+00 5.414548e-03 -2.038650e+03
7.236714e+00 5.846635e-03 -2.118332e+03
7.236714e+00 6.313202e-03 -2.194535e+03
7.236714e+00 6.817002e-03 -2.266087e+03
7.236714e+00 7.361006e-03 -2.331759e+03
7.236714e+00 7.948422e-03 -2.390172e+03
7.236714e+00 8.582714e-03 -2.439833e+03
7.236714e+00 9.267624e-03 -2.479254e+03
7.236714e+00 1.000719e-02 -2.506857e+03
7.236714e+00 1.080577e-02 -2.521041e+03
7.236714e+00 1.166809e-02 -2.520370e+03
7.236714e+00 1.259921e-02 -2.503572e+03
7.236714e+00 1.360464e-02 -2.469629e+03
7.236714e+00 1.469030e-02 -2.417941e+03
7.236714e+00 1.586261e-02 -2.348636e+03
7.236714e+00 1.712846e-02 -2.262529e+03
7.236714e+00 1.849533e-02 -2.160975e+03
7.236714e+00 1.997127e-02 -2.046901e+03
7.236714e+00 2.156500e-02 -1.924226e+03
7.236714e+00 2.328591e-02 -1.796734e+03
7.236714e+00 2.514415e-02 -1.669622e+03
7.236714e+00 2.715068e-02 -1.548439e+03
7.236714e+00 2.931733e-02 -1.437349e+03
7.236714e+00 3.165689e-02 -1.339407e+03
7.236714e+00 3.418314e-02 -1.256447e+03
7.236714e+00 3.691099e-02 -1.187187e+03
7.236714e+00 3.985652e-02 -1.127432e+03
7.236714e+00 4.303711e-02 -1.070146e+03
7.236714e+00 4.647152e-02 -1.006784e+03
7.236714e+00 5.017999e-02 -9.300831e+02
7.236714e+00 5.418441e-02 -8.494899e+02
7.236714e+00 5.850838e-02 -7.799996e+02
7.236714e+00 6.317741e-02 -7.049640e+02
7.236714e+00 6.821903e-02 -6.239405e+02
7.236714e+00 7.366298e-02 -5.386059e+02
7.236714e+00 7.954136e-02 -4.684641e+02
7.236714e+00 8.588885e-02 -3.927249e+02
7.236714e+00 9.274286e-02 -3.109416e+02
7.236714e+00 1.001438e-01 -2.226319e+02
7.236714e+00 1.081354e-01 -1.788406e+02
7.236714e+00 1.167647e-01 -1.561568e+02
7.236714e+00 1.260827e-01 -1.316627e+02
7.236714e+00 1.361442e-01 -1.052141e+02
7.236714e+00 1.470087e-01 -8.046946e+01
7.236714e+00 1.587401e-01 -7.000005e+01
7.236714e+00 1.714077e-01 -5.869516e+01
7.236714e+00 1.850862e-01 -4.648813e+01
7.236714e+00 1.998563e-01 -3.330697e+01
7.236714e+00 2.158051e-01 -2.777586e+01
7.236714e+00 2.330265e-01 -2.354151e+01
7.236714e+00 2.516223e-01 -1.896926e+01
7.236714e+00 2.717020e-01 -1.403214e+01
7.236714e+00 2.933841e-01 -1.047725e+01
7.236714e+00 3.167964e-01 -8.896110e+00
7.236714e+00 3.420771e-01 -7.188799e+00
7.236714e+00 3.693752e-01 -5.345243e+00
7.236714e+00 3.988518e-01 -3.465749e+00
7.236714e+00 4.306805e-01 -2.995758e+00
7.236714e+00 4.650493e-01 -2.488262e+00
7.236714e+00 5.021607e-01 -1.940267e+00
7.236714e+00 5.422336e-01 -1.348542e+00
7.236714e+00 5.855044e-01 -1.047704e+00
7.236714e+00 6.322283e-01 -8.804215e-01
7.236714e+00 6.826808e-01 -6.997892e-01
7.236714e+00 7.371594e-01 -5.047422e-01
7.236714e+00 7.959855e-01 -3.455963e-01
7.236714e+00 8.595059e-01 -2.948538e-01
7.236714e+00 9.280954e-01 -2.400620e-01
7.236714e+00 1.002158e+00 -1.808978e-01
7.236714e+00 1.082132e+00 -1.170122e-01
7.236714e+00 1.168487e+00 -9.844264e-02
7.236714e+00 1.261733e+00 -8.268496e-02
7.236714e+00 1.362421e+00 -6.566979e-02
7.236714e+00 1.471144e+00 -4.729680e-02
7.236714e+00 1.588542e+00 -3.579640e-02
7.236714e+00 1.715310e+00 -3.067920e-02
7.236714e+00 1.852193e+00 -2.515363e-02
7.236714e+00 2.000000e+00 -1.918712e-02
7.401449e+00 1.000000e-03 -6.652415e+02
7.401449e+00 1.079801e-03 -7.133108e+02
7.401449e+00 1.165970e-03 -7.644164e+02
7.401449e+00 1.259016e-03 -8.186721e+02
7.401449e+00 1.359487e-03 -8.761824e+02
7.401449e+00 1.467975e-03 -9.370423e+02
7.401449e+00 1.585121e-03 -1.001332e+03
7.401449e+00 1.711615e-03 -1.069115e+03
7.401449e+00 1.848204e-03 -1.140435e+03
7.401449e+00 1.995693e-03 -1.215304e+03
7.401449e+00 2.154951e-03 -1.293697e+03
7.401449e+00 2.326918e-03 -1.375555e+03
7.401449e+00 2.512609e-03 -1.460772e+03
7.401449e+00 2.713117e-03 -1.549183e+03
7.401449e+00 2.929627e-03 -1.640575e+03
7.401449e+00 3.163414e-03 -1.734662e+03
7.401449e+00 3.415858e-03 -1.831083e+03
7.401449e+00 3.688447e-03 -1.929406e+03
7.401449e+00 3.982789e-03 -2.029100e+03
7.401449e+00 4.300619e-03 -2.129529e+03
7.401449e+00 4.643813e-03 -2.229972e+03
7.401449e+00 5.014394e-03 -2.329575e+03
7.401449e+00 5.414548e-03 -2.427353e+03
7.401449e+00 5.846635e-03 -2.522230e+03
7.401449e+00 6.313202e-03 -2.612963e+03
7.401449e+00 6.817002e-03 -2.698160e+03
7.401449e+00 7.361006e-03 -2.776355e+03
7.401449e+00 7.948422e-03 -2.845906e+03
7.401449e+00 8.582714e-03 -2.905036e+03
7.401449e+00 9.267624e-03 -2.951975e+03
7.401449e+00 1.000719e-02 -2.984843e+03
7.401449e+00 1.080577e-02 -3.001732e+03
7.401449e+00 1.166809e-02 -3.000934e+03
7.401449e+00 1.259921e-02 -2.980934e+03
7.401449e+00 1.360464e-02 -2.940519e+03
7.401449e+00 1.469030e-02 -2.878976e+03
7.401449e+00 1.586261e-02 -2.796456e+03
7.401449e+00 1.712846e-02 -2.693932e+03
7.401449e+00 1.849533e-02 -2.573015e+03
7.401449e+00 1.997127e-02 -2.437190e+03
7.401449e+00 2.156500e-02 -2.291124e+03
7.401449e+00 2.328591e-02 -2.139323e+03
7.401449e+00 2.514415e-02 -1.987974e+03
7.401449e+00 2.715068e-02 -1.843685e+03
7.401449e+00 2.931733e-02 -1.711414e+03
7.401449e+00 3.165689e-02 -1.594796e+03
7.401449e+00 3.418314e-02 -1.496017e+03
7.401449e+00 3.691099e-02 -1.413551e+03
7.401449e+00 3.985652e-02 -1.342404e+03
7.401449e+00 4.303711e-02 -1.274194e+03
7.401449e+00 4.647152e-02 -1.198751e+03
7.401449e+00 5.017999e-02 -1.107425e+03
7.401449e+00 5.418441e-02 -1.012294e+03
7.401449e+00 5.850838e-02 -9.318608e+02
7.401449e+00 6.317741e-02 -8.450093e+02
7.401449e+00 6.821903e-02 -7.512270e+02
7.401449e+00 7.366298e-02 -6.526434e+02
7.401449e+00 7.954136e-02 -5.735850e+02
7.401449e+00 8.588885e-02 -4.882175e+02
7.401449e+00 9.274286e-02 -3.960377e+02
7.401449e+00 1.001438e-01 -2.965018e+02
7.401449e+00 1.081354e-01 -2.439241e+02
7.401449e+00 1.167647e-01 -2.133441e+02
7.401449e+00 1.260827e-01 -1.803238e+02
7.401449e+00 1.361442e-01 -1.446684e+02
7.401449e+00 1.470087e-01 -1.112623e+02
7.401449e+00 1.587401e-01 -9.689255e+01
7.401449e+00 1.714077e-01 -8.137612e+01
7.401449e+00 1.850862e-01 -6.462147e+01
7.401449e+00 1.998563e-01 -4.652977e+01
7.401449e+00 2.158051e-01 -3.886533e+01
7.401449e+00 2.330265e-01 -3.296042e+01
7.401449e+00 2.516223e-01 -2.658429e+01
7.401449e+00 2.717020e-01 -1.969934e+01
7.401449e+00 2.933841e-01 -1.474918e+01
7.401449e+00 3.167964e-01 -1.256126e+01
7.401449e+00 3.420771e-01 -1.019874e+01
7.401449e+00 3.693752e-01 -7.647688e+00
7.401449e+00 3.988518e-01 -5.044692e+00
7.401449e+00 4.306805e-01 -4.360843e+00
7.401449e+00 4.650493e-01 -3.622423e+00
7.401449e+00 5.021607e-01 -2.825076e+00
7.401449e+00 5.422336e-01 -1.964100e+00
7.401449e+00 5.855044e-01 -1.526130e+00
7.401449e+00 6.322283e-01 -1.282351e+00
7.401449e+00 6.826808e-01 -1.019119e+00
7.401449e+00 7.371594e-01 -7.348800e-01
7.401449e+00 7.959855e-01 -5.029628e-01
7.401449e+00 8.595059e-01 -4.290280e-01
7.401449e+00 9.280954e-01 -3.491932e-01
7.401449e+00 1.002158e+00 -2.629876e-01
7.401449e+00 1.082132e+00 -1.699026e-01
7.401449e+00 1.168487e+00 -1.427300e-01
7.401449e+00 1.261733e+00 -1.196355e-01
7.401449e+00 1.362421e+00 -9.469796e-02
7.401449e+00 1.471144e+00 -6.777042e-02
7.401449e+00 1.588542e+00 -5.098391e-02
7.401449e+00 1.715310e+00 -4.361808e-02
7.401449e+00 1.852193e+00 -3.566446e-02
7.401449e+00 2.000000e+00 -2.707613e-02
7.569477e+00 1.000000e-03 -6.833696e+02
7.569477e+00 1.079801e-03 -7.327583e+02
7.569477e+00 1.165970e-03 -7.852673e+02
7.569477e+00 1.259016e-03 -8.410132e+02
7.569477e+00 1.359487e-03 -9.001031e+02
7.569477e+00 1.467975e-03 -9.626342e+02
7.569477e+00 1.585121e-03 -1.028689e+03
7.569477e+00 1.711615e-03 -1.098331e+03
7.569477e+00 1.848204e-03 -1.171607e+03
7.569477e+00 1.995693e-03 -1.248529e+03
7.569477e+00 2.154951e-03 -1.329071e+03
7.569477e+00 2.326918e-03 -1.413174e+03
7.569477e+00 2.512609e-03 -1.500726e+03
7.569477e+00 2.713117e-03 -1.591561e+03
7.569477e+00 2.929627e-03 -1.685458e+03
7.569477e+00 3.163414e-03 -1.782123e+03
7.569477e+00 3.415858e-03 -1.881186e+03
7.569477e+00 3.688447e-03 -1.982203e+03
7.569477e+00 3.982789e-03 -2.084629e+03
7.569477e+00 4.300619e-03 -2.187810e+03
7.569477e+00 4.643813e-03 -2.291004e+03
7.569477e+00 5.014394e-03 -2.393335e+03
7.569477e+00 5.414548e-03 -2.493791e+03
7.569477e+00 5.846635e-03 -2.591267e+03
7.569477e+00 6.313202e-03 -2.684486e+03
7.569477e+00 6.817002e-03 -2.772016e+03
7.569477e+00 7.361006e-03 -2.852352e+03
7.569477e+00 7.948422e-03 -2.923808e+03
7.569477e+00 8.582714e-03 -2.984558e+03
7.569477e+00 9.267624e-03 -3.032783e+03
7.569477e+00 1.000719e-02 -3.066552e+03
7.569477e+00 1.080577e-02 -3.083905e+03
7.569477e+00 1.166809e-02 -3.083086e+03
7.569477e+00 1.259921e-02 -3.062540e+03
7.569477e+00 1.360464e-02 -3.021019e+03
7.569477e+00 1.469030e-02 -2.957791e+03
7.569477e+00 1.586261e-02 -2.873013e+03
7.569477e+00 1.712846e-02 -2.767682e+03
7.569477e+00 1.849533e-02 -2.643455e+03
7.569477e+00 1.997127e-02 -2.503912e+03
7.569477e+00 2.156500e-02 -2.353847e+03
7.569477e+00 2.328591e-02 -2.197890e+03
7.569477e+00 2.514415e-02 -2.042398e+03
7.569477e+00 2.715068e-02 -1.894159e+03
7.569477e+00 2.931733e-02 -1.758266e+03
7.569477e+00 3.165689e-02 -1.638456e+03
7.569477e+00 3.418314e-02 -1.536973e+03
7.569477e+00 3.691099e-02 -1.452250e+03
7.569477e+00 3.985652e-02 -1.379154e+03
7.569477e+00 4.303711e-02 -1.309077e+03
7.569477e+00 4.647152e-02 -1.231568e+03
7.569477e+00 5.017999e-02 -1.137743e+03
7.569477e+00 5.418441e-02 -1.042978e+03
7.569477e+00 5.850838e-02 -9.686178e+02
7.569477e+00 6.317741e-02 -8.883231e+02
7.569477e+00 6.821903e-02 -8.016208e+02
7.569477e+00 7.366298e-02 -7.097920e+02
7.569477e+00 7.954136e-02 -6.289369e+02
7.569477e+00 8.588885e-02 -5.416294e+02
7.569477e+00 9.274286e-02 -4.473547e+02
7.569477e+00 1.001438e-01 -3.455568e+02
7.569477e+00 1.081354e-01 -2.898039e+02
7.569477e+00 1.167647e-01 -2.554457e+02
7.569477e+00 1.260827e-01 -2.183456e+02
7.569477e+00 1.361442e-01 -1.782850e+02
7.569477e+00 1.470087e-01 -1.403847e+02
7.569477e+00 1.587401e-01 -1.222805e+02
7.569477e+00 1.714077e-01 -1.027317e+02
7.569477e+00 1.850862e-01 -8.162279e+01
7.569477e+00 1.998563e-01 -5.882940e+01
7.569477e+00 2.158051e-01 -4.918516e+01
7.569477e+00 2.330265e-01 -4.176108e+01
7.569477e+00 2.516223e-01 -3.374455e+01
7.569477e+00 2.717020e-01 -2.508829e+01
7.569477e+00 2.933841e-01 -1.886161e+01
7.569477e+00 3.167964e-01 -1.610381e+01
7.569477e+00 3.420771e-01 -1.312593e+01
7.569477e+00 3.693752e-01 -9.910410e+00
7.569477e+00 3.988518e-01 -6.626921e+00
7.569477e+00 4.306805e-01 -5.727295e+00
7.569477e+00 4.650493e-01 -4.755877e+00
7.569477e+00 5.021607e-01 -3.706939e+00
7.569477e+00 5.422336e-01 -2.574295e+00
7.569477e+00 5.855044e-01 -1.999677e+00
7.569477e+00 6.322283e-01 -1.681369e+00
7.569477e+00 6.826808e-01 -1.337659e+00
7.569477e+00 7.371594e-01 -9.665208e-01
7.569477e+00 7.959855e-01 -6.633394e-01
7.569477e+00 8.595059e-01 -5.655619e-01
7.569477e+00 9.280954e-01 -4.599817e-01
7.569477e+00 1.002158e+00 -3.459761e-01
7.569477e+00 1.082132e+00 -2.228727e-01
7.569477e+00 1.168487e+00 -1.871226e-01
7.569477e+00 1.261733e+00 -1.567961e-01
7.569477e+00 1.362421e+00 -1.240496e-01
7.569477e+00 1.471144e+00 -8.868986e-02
7.569477e+00 1.588542e+00 -6.659984e-02
7.569477e+00 1.715310e+00 -5.683574e-02
7.569477e+00 1.852193e+00 -4.629246e-02
7.569477e+00 2.000000e+00 -3.490781e-02
7.740867e+00 1.000000e-03 -6.600097e+02
7.740867e+00 1.079801e-03 -7.077197e+02
7.740867e+00 1.165970e-03 -7.584444e+02
7.740867e+00 1.259016e-03 -8.122963e+02
7.740867e+00 1.359487e-03 -8.693787e+02
7.740867e+00 1.467975e-03 -9.297850e+02
7.740867e+00 1.585121e-03 -9.935944e+02
7.740867e+00 1.711615e-03 -1.060869e+03
7.740867e+00 1.848204e-03 -1.131653e+03
7.740867e+00 1.995693e-03 -1.205958e+03
7.740867e+00 2.154951e-03 -1.283759e+03
7.740867e+00 2.326918e-03 -1.365001e+03
7.740867e+00 2.512609e-03 -1.449574e+03
7.740867e+00 2.713117e-03 -1.537318e+03
7.740867e+00 2.929627e-03 -1.628020e+03
7.740867e+00 3.163414e-03 -1.721395e+03
7.740867e+00 3.415858e-03 -1.817086e+03
7.740867e+00 3.688447e-03 -1.914665e+03
7.740867e+00 3.982789e-03 -2.013604e+03
7.740867e+00 4.300619e-03 -2.113272e+03
7.740867e+00 4.643813e-03 -2.212953e+03
7.740867e+00 5.014394e-03 -2.311801e+03
7.740867e+00 5.414548e-03 -2.408837e+03
7.740867e+00 5.846635e-03 -2.502994e+03
7.740867e+00 6.313202e-03 -2.593039e+03
7.740867e+00 6.817002e-03 -2.677589e+03
7.740867e+00 7.361006e-03 -2.755190e+03
7.740867e+00 7.948422e-03 -2.824213e+03
7.740867e+00 8.582714e-03 -2.882893e+03
7.740867e+00 9.267624e-03 -2.929477e+03
7.740867e+00 1.000719e-02 -2.962097e+03
7.740867e+00 1.080577e-02 -2.978861e+03
7.740867e+00 1.166809e-02 -2.978071e+03
7.740867e+00 1.259921e-02 -2.958225e+03
7.740867e+00 1.360464e-02 -2.918119e+03
7.740867e+00 1.469030e-02 -2.857045e+03
7.740867e+00 1.586261e-02 -2.775155e+03
7.740867e+00 1.712846e-02 -2.673412e+03
7.740867e+00 1.849533e-02 -2.553416e+03
7.740867e+00 1.997127e-02 -2.418626e+03
7.740867e+00 2.156500e-02 -2.273673e+03
7.740867e+00 2.328591e-02 -2.123028e+03
7.740867e+00 2.514415e-02 -1.972833e+03
7.740867e+00 2.715068e-02 -1.829642e+03
7.740867e+00 2.931733e-02 -1.698379e+03
7.740867e+00 3.165689e-02 -1.582649e+03
7.740867e+00 3.418314e-02 -1.484623e+03
7.740867e+00 3.691099e-02 -1.402785e+03
7.740867e+00 3.985652e-02 -1.332179e+03
7.740867e+00 4.303711e-02 -1.264489e+03
7.740867e+00 4.647152e-02 -1.189620e+03
7.740867e+00 5.017999e-02 -1.098991e+03
7.740867e+00 5.418441e-02 -1.009606e+03
7.740867e+00 5.850838e-02 -9.437689e+02
7.740867e+00 6.317741e-02 -8.726784e+02
7.740867e+00 6.821903e-02 -7.959147e+02
7.740867e+00 7.366298e-02 -7.141683e+02
7.740867e+00 7.954136e-02 -6.375693e+02
7.740867e+00 8.588885e-02 -5.548577e+02
7.740867e+00 9.274286e-02 -4.655455e+02
7.740867e+00 1.001438e-01 -3.691062e+02
7.740867e+00 1.081354e-01 -3.140930e+02
7.740867e+00 1.167647e-01 -2.781258e+02
7.740867e+00 1.260827e-01 -2.392883e+02
7.740867e+00 1.361442e-01 -1.973516e+02
7.740867e+00 1.470087e-01 -1.575069e+02
7.740867e+00 1.587401e-01 -1.376495e+02
7.740867e+00 1.714077e-01 -1.162075e+02
7.740867e+00 1.850862e-01 -9.305443e+01
7.740867e+00 1.998563e-01 -6.805371e+01
7.740867e+00 2.158051e-01 -5.717174e+01
7.740867e+00 2.330265e-01 -4.864002e+01
7.740867e+00 2.516223e-01 -3.942747e+01
7.740867e+00 2.717020e-01 -2.947974e+01
7.740867e+00 2.933841e-01 -2.230170e+01
7.740867e+00 3.167964e-01 -1.907987e+01
7.740867e+00 3.420771e-01 -1.560093e+01
7.740867e+00 3.693752e-01 -1.184437e+01
7.740867e+00 3.988518e-01 -8.006279e+00
7.740867e+00 4.306805e-01 -6.923261e+00
7.740867e+00 4.650493e-01 -5.753817e+00
7.740867e+00 5.021607e-01 -4.491051e+00
7.740867e+00 5.422336e-01 -3.127514e+00
7.740867e+00 5.855044e-01 -2.432808e+00
7.740867e+00 6.322283e-01 -2.045053e+00
7.740867e+00 6.826808e-01 -1.626354e+00
7.740867e+00 7.371594e-01 -1.174242e+00
7.740867e+00 7.959855e-01 -8.051307e-01
7.740867e+00 8.595059e-01 -6.867650e-01
7.740867e+00 9.280954e-01 -5.589536e-01
7.740867e+00 1.002158e+00 -4.209427e-01
7.740867e+00 1.082132e+00 -2.719184e-01
7.740867e+00 1.168487e+00 -2.281711e-01
7.740867e+00 1.261733e+00 -1.909120e-01
7.740867e+00 1.362421e+00 -1.506795e-01
7.740867e+00 1.471144e+00 -1.072365e-01
7.740867e+00 1.588542e+00 -8.015407e-02
7.740867e+00 1.715310e+00 -6.827007e-02
7.740867e+00 1.852193e+00 -5.543772e-02
7.740867e+00 2.000000e+00 -4.158134e-02
7.915684e+00 1.000000e-03 -6.184909e+02
7.915684e+00 1.079801e-03 -6.632087e+02
7.915684e+00 1.165970e-03 -7.107526e+02
7.915684e+00 1.259016e-03 -7.612281e+02
7.915684e+00 1.359487e-03 -8.147316e+02
7.915684e+00 1.467975e-03 -8.713503e+02
7.915684e+00 1.585121e-03 -9.311582e+02
7.915684e+00 1.711615e-03 -9.942134e+02
7.915684e+00 1.848204e-03 -1.060557e+03
7.915684e+00 1.995693e-03 -1.130200e+03
7.915684e+00 2.154951e-03 -1.203119e+03
7.915684e+00 2.326918e-03 -1.279263e+03
7.915684e+00 2.512609e-03 -1.358530e+03
7.915684e+00 2.713117e-03 -1.440768e+03
7.915684e+00 2.929627e-03 -1.525777e+03
7.915684e+00 3.163414e-03 -1.613293e+03
7.915684e+00 3.415858e-03 -1.702978e+03
7.915684e+00 3.688447e-03 -1.794433e+03
7.915684e+00 3.982789e-03 -1.887162e+03
7.915684e+00 4.300619e-03 -1.980575e+03
7.915684e+00 4.643813e-03 -2.074000e+03
7.915684e+00 5.014394e-03 -2.166643e+03
7.915684e+00 5.414548e-03 -2.257588e+03
7.915684e+00 5.846635e-03 -2.345835e+03
7.915684e+00 6.313202e-03 -2.430229e+03
7.915684e+00 6.817002e-03 -2.509471e+03
7.915684e+00 7.361006e-03 -2.582201e+03
7.915684e+00 7.948422e-03 -2.646891e+03
7.915684e+00 8.582714e-03 -2.701888e+03
7.915684e+00 9.267624e-03 -2.745548e+03
7.915684e+00 1.000719e-02 -2.776122e+03
7.915684e+00 1.080577e-02 -2.791834e+03
7.915684e+00 1.166809e-02 -2.791095e+03
7.915684e+00 1.259921e-02 -2.772495e+03
7.915684e+00 1.360464e-02 -2.734908e+03
7.915684e+00 1.469030e-02 -2.677669e+03
7.915684e+00 1.586261e-02 -2.600920e+03
7.915684e+00 1.712846e-02 -2.505565e+03
7.915684e+00 1.849533e-02 -2.393104e+03
7.915684e+00 1.997127e-02 -2.266776e+03
7.915684e+00 2.156500e-02 -2.130924e+03
7.915684e+00 2.328591e-02 -1.989737e+03
7.915684e+00 2.514415e-02 -1.848972e+03
7.915684e+00 2.715068e-02 -1.714771e+03
7.915684e+00 2.931733e-02 -1.591749e+03
7.915684e+00 3.165689e-02 -1.483285e+03
7.915684e+00 3.418314e-02 -1.391414e+03
7.915684e+00 3.691099e-02 -1.314714e+03
7.915684e+00 3.985652e-02 -1.248541e+03
7.915684e+00 4.303711e-02 -1.185100e+03
7.915684e+00 4.647152e-02 -1.114932e+03
7.915684e+00 5.017999e-02 -1.029992e+03
7.915684e+00 5.418441e-02 -9.472419e+02
7.915684e+00 5.850838e-02 -8.883860e+02
7.915684e+00 6.317741e-02 -8.248334e+02
7.915684e+00 6.821903e-02 -7.562093e+02
7.915684e+00 7.366298e-02 -6.830473e+02
7.915684e+00 7.954136e-02 -6.136294e+02
7.915684e+00 8.588885e-02 -5.386719e+02
7.915684e+00 9.274286e-02 -4.577327e+02
7.915684e+00 1.001438e-01 -3.703345e+02
7.915684e+00 1.081354e-01 -3.188091e+02
7.915684e+00 1.167647e-01 -2.836144e+02
7.915684e+00 1.260827e-01 -2.456110e+02
7.915684e+00 1.361442e-01 -2.045750e+02
7.915684e+00 1.470087e-01 -1.654125e+02
7.915684e+00 1.587401e-01 -1.450554e+02
7.915684e+00 1.714077e-01 -1.230737e+02
7.915684e+00 1.850862e-01 -9.933793e+01
7.915684e+00 1.998563e-01 -7.370797e+01
7.915684e+00 2.158051e-01 -6.222475e+01
7.915684e+00 2.330265e-01 -5.305941e+01
7.915684e+00 2.516223e-01 -4.316266e+01
7.915684e+00 2.717020e-01 -3.247615e+01
7.915684e+00 2.933841e-01 -2.473459e+01
7.915684e+00 3.167964e-01 -2.120191e+01
7.915684e+00 3.420771e-01 -1.738732e+01
7.915684e+00 3.693752e-01 -1.326833e+01
7.915684e+00 3.988518e-01 -9.057912e+00
7.915684e+00 4.306805e-01 -7.839701e+00
7.915684e+00 4.650493e-01 -6.524276e+00
7.915684e+00 5.021607e-01 -5.103879e+00
7.915684e+00 5.422336e-01 -3.570132e+00
7.915684e+00 5.855044e-01 -2.784560e+00
7.915684e+00 6.322283e-01 -2.341990e+00
7.915684e+00 6.826808e-01 -1.864103e+00
7.915684e+00 7.371594e-01 -1.348079e+00
7.915684e+00 7.959855e-01 -9.264277e-01
7.915684e+00 8.595059e-01 -7.900881e-01
7.915684e+00 9.280954e-01 -6.428686e-01
7.915684e+00 1.002158e+00 -4.839007e-01
7.915684e+00 1.082132e+00 -3.122471e-01
7.915684e+00 1.168487e+00 -2.618486e-01
7.915684e+00 1.261733e+00 -2.189222e-01
7.915684e+00 1.362421e+00 -1.725703e-01
7.915684e+00 1.471144e+00 -1.225195e-01
7.915684e+00 1.588542e+00 -9.134511e-02
7.915684e+00 1.715310e+00 -7.770715e-02
7.915684e+00 1.852193e+00 -6.298086e-02
7.915684e+00 2.000000e+00 -4.707940e-02
8.093998e+00 1.000000e-03 -5.596845e+02
8.093998e+00 1.079801e-03 -6.001587e+02
8.093998e+00 1.165970e-03 -6.431916e+02
8.093998e+00 1.259016e-03 -6.888782e+02
8.093998e+00 1.359487e-03 -7.373056e+02
8.093998e+00 1.467975e-03 -7.885525e+02
8.093998e+00 1.585121e-03 -8.426855e+02
8.093998e+00 1.711615e-03 -8.997571e+02
8.093998e+00 1.848204e-03 -9.598040e+02
8.093998e+00 1.995693e-03 -1.022837e+03
8.093998e+00 2.154951e-03 -1.088835e+03
8.093998e+00 2.326918e-03 -1.157750e+03
8.093998e+00 2.512609e-03 -1.229493e+03
8.093998e+00 2.713117e-03 -1.303925e+03
8.093998e+00 2.929627e-03 -1.380865e+03
8.093998e+00 3.163414e-03 -1.460072e+03
8.093998e+00 3.415858e-03 -1.541244e+03
8.093998e+00 3.688447e-03 -1.624016e+03
8.093998e+00 3.982789e-03 -1.707942e+03
8.093998e+00 4.300619e-03 -1.792486e+03
8.093998e+00 4.643813e-03 -1.877041e+03
8.093998e+00 5.014394e-03 -1.960889e+03
8.093998e+00 5.414548e-03 -2.043200e+03
8.093998e+00 5.846635e-03 -2.123068e+03
8.093998e+00 6.313202e-03 -2.199449e+03
8.093998e+00 6.817002e-03 -2.271168e+03
8.093998e+00 7.361006e-03 -2.336992e+03
8.093998e+00 7.948422e-03 -2.395539e+03
8.093998e+00 8.582714e-03 -2.445315e+03
8.093998e+00 9.267624e-03 -2.484830e+03
8.093998e+00 1.000719e-02 -2.512502e+03
8.093998e+00 1.080577e-02 -2.526723e+03
8.093998e+00 1.166809e-02 -2.526056e+03
8.093998e+00 1.259921e-02 -2.509223e+03
8.093998e+00 1.360464e-02 -2.475204e+03
8.093998e+00 1.469030e-02 -2.423401e+03
8.093998e+00 1.586261e-02 -2.353941e+03
8.093998e+00 1.712846e-02 -2.267641e+03
8.093998e+00 1.849533e-02 -2.165859e+03
8.093998e+00 1.997127e-02 -2.051528e+03
8.093998e+00 2.156500e-02 -1.928576e+03
8.093998e+00 2.328591e-02 -1.800796e+03
8.093998e+00 2.514415e-02 -1.673397e+03
8.093998e+00 2.715068e-02 -1.551940e+03
8.093998e+00 2.931733e-02 -1.440600e+03
8.093998e+00 3.165689e-02 -1.342435e+03
8.093998e+00 3.418314e-02 -1.259288e+03
8.093998e+00 3.691099e-02 -1.189871e+03
8.093998e+00 3.985652e-02 -1.129982e+03
8.093998e+00 4.303711e-02 -1.072566e+03
8.093998e+00 4.647152e-02 -1.009060e+03
8.093998e+00 5.017999e-02 -9.321864e+02
8.093998e+00 5.418441e-02 -8.582612e+02
8.093998e+00 5.850838e-02 -8.076878e+02
8.093998e+00 6.317741e-02 -7.530786e+02
8.093998e+00 6.821903e-02 -6.941116e+02
8.093998e+00 7.366298e-02 -6.310908e+02
8.093998e+00 7.954136e-02 -5.696980e+02
8.093998e+00 8.588885e-02 -5.034059e+02
8.093998e+00 9.274286e-02 -4.318236e+02
8.093998e+00 1.001438e-01 -3.545290e+02
8.093998e+00 1.081354e-01 -3.080015e+02
8.093998e+00 1.167647e-01 -2.753829e+02
8.093998e+00 1.260827e-01 -2.401613e+02
8.093998e+00 1.361442e-01 -2.021290e+02
8.093998e+00 1.470087e-01 -1.656361e+02
8.093998e+00 1.587401e-01 -1.457168e+02
8.093998e+00 1.714077e-01 -1.242080e+02
8.093998e+00 1.850862e-01 -1.009827e+02
8.093998e+00 1.998563e-01 -7.590407e+01
8.093998e+00 2.158051e-01 -6.439203e+01
8.093998e+00 2.330265e-01 -5.507092e+01
8.093998e+00 2.516223e-01 -4.500597e+01
8.093998e+00 2.717020e-01 -3.413782e+01
8.093998e+00 2.933841e-01 -2.622220e+01
8.093998e+00 3.167964e-01 -2.252963e+01
8.093998e+00 3.420771e-01 -1.854239e+01
8.093998e+00 3.693752e-01 -1.423696e+01
8.093998e+00 3.988518e-01 -9.833217e+00
8.093998e+00 4.306805e-01 -8.518317e+00
8.093998e+00 4.650493e-01 -7.098488e+00
8.093998e+00 5.021607e-01 -5.565355e+00
8.093998e+00 5.422336e-01 -3.909876e+00
8.093998e+00 5.855044e-01 -3.058214e+00
8.093998e+00 6.322283e-01 -2.574738e+00
8.093998e+00 6.826808e-01 -2.052680e+00
8.093998e+00 7.371594e-01 -1.488962e+00
8.093998e+00 7.959855e-01 -1.027604e+00
8.093998e+00 8.595059e-01 -8.761477e-01
8.093998e+00 9.280954e-01 -7.126046e-01
8.093998e+00 1.002158e+00 -5.360107e-01
8.093998e+00 1.082132e+00 -3.453243e-01
8.093998e+00 1.168487e+00 -2.894369e-01
8.093998e+00 1.261733e+00 -2.418665e-01
8.093998e+00 1.362421e+00 -1.904999e-01
8.093998e+00 1.471144e+00 -1.350342e-01
8.093998e+00 1.588542e+00 -1.004977e-01
8.093998e+00 1.715310e+00 -8.540470e-02
8.093998e+00 1.852193e+00 -6.910729e-02
8.093998e+00 2.000000e+00 -5.150933e-02
8.275878e+00 1.000000e-03 -4.997546e+02
8.275878e+00 1.079801e-03 -5.359025e+02
8.275878e+00 1.165970e-03 -5.743361e+02
8.275878e+00 1.259016e-03 -6.151402e+02
8.275878e+00 1.359487e-03 -6.583922e+02
8.275878e+00 1.467975e-03 -7.041623e+02
8.275878e+00 1.585121e-03 -7.525096e+02
8.275878e+00 1.711615e-03 -8.034809e+02
8.275878e+00 1.848204e-03 -8.571088e+02
8.275878e+00 1.995693e-03 -9.134026e+02
8.275878e+00 2.154951e-03 -9.723445e+02
8.275878e+00 2.326918e-03 -1.033892e+03
8.275878e+00 2.512609e-03 -1.097964e+03
8.275878e+00 2.713117e-03 -1.164438e+03
8.275878e+00 2.929627e-03 -1.233151e+03
8.275878e+00 3.163414e-03 -1.303889e+03
8.275878e+00 3.415858e-03 -1.376381e+03
8.275878e+00 3.688447e-03 -1.450302e+03
8.275878e+00 3.982789e-03 -1.525254e+03
8.275878e+00 4.300619e-03 -1.600758e+03
8.275878e+00 4.643813e-03 -1.676271e+03
8.275878e+00 5.014394e-03 -1.751152e+03
8.275878e+00 5.414548e-03 -1.824661e+03
8.275878e+00 5.846635e-03 -1.895989e+03
8.275878e+00 6.313202e-03 -1.964201e+03
8.275878e+00 6.817002e-03 -2.028251e+03
8.275878e+00 7.361006e-03 -2.087036e+03
8.275878e+00 7.948422e-03 -2.139322e+03
8.275878e+00 8.582714e-03 -2.183774e+03
8.275878e+00 9.267624e-03 -2.219064e+03
8.275878e+00 1.000719e-02 -2.243777e+03
8.275878e+00 1.080577e-02 -2.256479e+03
8.275878e+00 1.166809e-02 -2.255883e+03
8.275878e+00 1.259921e-02 -2.240851e+03
8.275878e+00 1.360464e-02 -2.210472e+03
8.275878e+00 1.469030e-02 -2.164210e+03
8.275878e+00 1.586261e-02 -2.102178e+03
8.275878e+00 1.712846e-02 -2.025109e+03
8.275878e+00 1.849533e-02 -1.934213e+03
8.275878e+00 1.997127e-02 -1.832110e+03
8.275878e+00 2.156500e-02 -1.722309e+03
8.275878e+00 2.328591e-02 -1.608195e+03
8.275878e+00 2.514415e-02 -1.494422e+03
8.275878e+00 2.715068e-02 -1.385955e+03
8.275878e+00 2.931733e-02 -1.286523e+03
8.275878e+00 3.165689e-02 -1.198858e+03
8.275878e+00 3.418314e-02 -1.124603e+03
8.275878e+00 3.691099e-02 -1.062611e+03
8.275878e+00 3.985652e-02 -1.009127e+03
8.275878e+00 4.303711e-02 -9.578516e+02
8.275878e+00 4.647152e-02 -9.011384e+02
8.275878e+00 5.017999e-02 -8.324863e+02
8.275878e+00 5.418441e-02 -7.671110e+02
8.275878e+00 5.850838e-02 -7.237381e+02
8.275878e+00 6.317741e-02 -6.769041e+02
8.275878e+00 6.821903e-02 -6.263327e+02
8.275878e+00 7.366298e-02 -5.721550e+02
8.275878e+00 7.954136e-02 -5.180379e+02
8.275878e+00 8.588885e-02 -4.596022e+02
8.275878e+00 9.274286e-02 -3.965032e+02
8.275878e+00 1.001438e-01 -3.283689e+02
8.275878e+00 1.081354e-01 -2.871651e+02
8.275878e+00 1.167647e-01 -2.581157e+02
8.275878e+00 1.260827e-01 -2.267482e+02
8.275878e+00 1.361442e-01 -1.928775e+02
8.275878e+00 1.470087e-01 -1.601761e+02
8.275878e+00 1.587401e-01 -1.413603e+02
8.275878e+00 1.714077e-01 -1.210430e+02
8.275878e+00 1.850862e-01 -9.910440e+01
8.275878e+00 1.998563e-01 -7.541503e+01
8.275878e+00 2.158051e-01 -6.429321e+01
8.275878e+00 2.330265e-01 -5.517175e+01
8.275878e+00 2.516223e-01 -4.532239e+01
8.275878e+00 2.717020e-01 -3.468704e+01
8.275878e+00 2.933841e-01 -2.688867e+01
8.275878e+00 3.167964e-01 -2.315226e+01
8.275878e+00 3.420771e-01 -1.911768e+01
8.275878e+00 3.693752e-01 -1.476113e+01
8.275878e+00 3.988518e-01 -1.030259e+01
8.275878e+00 4.306805e-01 -8.934094e+00
8.275878e+00 4.650493e-01 -7.456391e+00
8.275878e+00 5.021607e-01 -5.860766e+00
8.275878e+00 5.422336e-01 -4.137809e+00
8.275878e+00 5.855044e-01 -3.246799e+00
8.275878e+00 6.322283e-01 -2.736453e+00
8.275878e+00 6.826808e-01 -2.185381e+00
8.275878e+00 7.371594e-01 -1.590333e+00
8.275878e+00 7.959855e-01 -1.102676e+00
8.275878e+00 8.595059e-01 -9.405400e-01
8.275878e+00 9.280954e-01 -7.654651e-01
8.275878e+00 1.002158e+00 -5.764190e-01
8.275878e+00 1.082132e+00 -3.722868e-01
8.275878e+00 1.168487e+00 -3.120318e-01
8.275878e+00 1.261733e+00 -2.606099e-01
8.275878e+00 1.362421e+00 -2.050844e-01
8.275878e+00 1.471144e+00 -1.451280e-01
8.275878e+00 1.588542e+00 -1.078414e-01
8.275878e+00 1.715310e+00 -9.161672e-02
8.275878e+00 1.852193e+00 -7.409731e-02
8.275878e+00 2.000000e+00 -5.517983e-02
8.461396e+00 1.000000e-03 -4.422899e+02
8.461396e+00 1.079801e-03 -4.742880e+02
8.461396e+00 1.165970e-03 -5.083100e+02
8.461396e+00 1.259016e-03 -5.444307e+02
8.461396e+00 1.359487e-03 -5.827186e+02
8.461396e+00 1.467975e-03 -6.232354e+02
8.461396e+00 1.585121e-03 -6.660334e+02
8.461396e+00 1.711615e-03 -7.111536e+02
8.461396e+00 1.848204e-03 -7.586249e+02
8.461396e+00 1.995693e-03 -8.084554e+02
8.461396e+00 2.154951e-03 -8.606296e+02
8.461396e+00 2.326918e-03 -9.151100e+02
8.461396e+00 2.512609e-03 -9.718254e+02
8.461396e+00 2.713117e-03 -1.030666e+03
8.461396e+00 2.929627e-03 -1.091489e+03
8.461396e+00 3.163414e-03 -1.154105e+03
8.461396e+00 3.415858e-03 -1.218272e+03
8.461396e+00 3.688447e-03 -1.283705e+03
8.461396e+00 3.982789e-03 -1.350049e+03
8.461396e+00 4.300619e-03 -1.416882e+03
8.461396e+00 4.643813e-03 -1.483724e+03
8.461396e+00 5.014394e-03 -1.550005e+03
8.461396e+00 5.414548e-03 -1.615072e+03
8.461396e+00 5.846635e-03 -1.678208e+03
8.461396e+00 6.313202e-03 -1.738587e+03
8.461396e+00 6.817002e-03 -1.795281e+03
8.461396e+00 7.361006e-03 -1.847315e+03
8.461396e+00 7.948422e-03 -1.893596e+03
8.461396e+00 8.582714e-03 -1.932943e+03
8.461396e+00 9.267624e-03 -1.964180e+03
8.461396e+00 1.000719e-02 -1.986056e+03
8.461396e+00 1.080577e-02 -1.997300e+03
8.461396e+00 1.166809e-02 -1.996774e+03
8.461396e+00 1.259921e-02 -1.983469e+03
8.461396e+00 1.360464e-02 -1.956579e+03
8.461396e+00 1.469030e-02 -1.915631e+03
8.461396e+00 1.586261e-02 -1.860724e+03
8.461396e+00 1.712846e-02 -1.792507e+03
8.461396e+00 1.849533e-02 -1.712052e+03
8.461396e+00 1.997127e-02 -1.621676e+03
8.461396e+00 2.156500e-02 -1.524487e+03
8.461396e+00 2.328591e-02 -1.423480e+03
8.461396e+00 2.514415e-02 -1.322775e+03
8.461396e+00 2.715068e-02 -1.226767e+03
8.461396e+00 2.931733e-02 -1.138755e+03
8.461396e+00 3.165689e-02 -1.061159e+03
8.461396e+00 3.418314e-02 -9.954331e+02
8.461396e+00 3.691099e-02 -9.405612e+02
8.461396e+00 3.985652e-02 -8.932203e+02
8.461396e+00 4.303711e-02 -8.478343e+02
8.461396e+00 4.647152e-02 -7.976351e+02
8.461396e+00 5.017999e-02 -7.368682e+02
8.461396e+00 5.418441e-02 -6.792416e+02
8.461396e+00 5.850838e-02 -6.415182e+02
8.461396e+00 6.317741e-02 -6.007843e+02
8.461396e+00 6.821903e-02 -5.567999e+02
8.461396e+00 7.366298e-02 -5.096991e+02
8.461396e+00 7.954136e-02 -4.628581e+02
8.461396e+00 8.588885e-02 -4.122791e+02
8.461396e+00 9.274286e-02 -3.576639e+02
8.461396e+00 1.001438e-01 -2.986904e+02
8.461396e+00 1.081354e-01 -2.626374e+02
8.461396e+00 1.167647e-01 -2.368880e+02
8.461396e+00 1.260827e-01 -2.090838e+02
8.461396e+00 1.361442e-01 -1.790608e+02
8.461396e+00 1.470087e-01 -1.499836e+02
8.461396e+00 1.587401e-01 -1.328204e+02
8.461396e+00 1.714077e-01 -1.142877e+02
8.461396e+00 1.850862e-01 -9.427595e+01
8.461396e+00 1.998563e-01 -7.266729e+01
8.461396e+00 2.158051e-01 -6.226739e+01
8.461396e+00 2.330265e-01 -5.362089e+01
8.461396e+00 2.516223e-01 -4.428440e+01
8.461396e+00 2.717020e-01 -3.420284e+01
8.461396e+00 2.933841e-01 -2.675697e+01
8.461396e+00 3.167964e-01 -2.308918e+01
8.461396e+00 3.420771e-01 -1.912870e+01
8.461396e+00 3.693752e-01 -1.485218e+01
8.461396e+00 3.988518e-01 -1.047317e+01
8.461396e+00 4.306805e-01 -9.094201e+00
8.461396e+00 4.650493e-01 -7.605189e+00
8.461396e+00 5.021607e-01 -5.997352e+00
8.461396e+00 5.422336e-01 -4.261208e+00
8.461396e+00 5.855044e-01 -3.356392e+00
8.461396e+00 6.322283e-01 -2.831340e+00
8.461396e+00 6.826808e-01 -2.264389e+00
8.461396e+00 7.371594e-01 -1.652194e+00
8.461396e+00 7.959855e-01 -1.149983e+00
8.461396e+00 8.595059e-01 -9.814527e-01
8.461396e+00 9.280954e-01 -7.994736e-01
8.461396e+00 1.002158e+00 -6.029723e-01
8.461396e+00 1.082132e+00 -3.907900e-01
8.461396e+00 1.168487e+00 -3.276415e-01
8.461396e+00 1.261733e+00 -2.735889e-01
8.461396e+00 1.362421e+00 -2.152229e-01
8.461396e+00 1.471144e+00 -1.521993e-01
8.461396e+00 1.588542e+00 -1.130067e-01
8.461396e+00 1.715310e+00 -9.595503e-02
8.461396e+00 1.852193e+00 -7.754261e-02
8.461396e+00 2.000000e+00 -5.766087e-02
8.650623e+00 1.000000e-03 -3.887100e+02
8.650623e+00 1.079801e-03 -4.168378e+02
8.650623e+00 1.165970e-03 -4.467452e+02
8.650623e+00 1.259016e-03 -4.784980e+02
8.650623e+00 1.359487e-03 -5.121559e+02
8.650623e+00 1.467975e-03 -5.477731e+02
8.650623e+00 1.585121e-03 -5.853954e+02
8.650623e+00 1.711615e-03 -6.250587e+02
8.650623e+00 1.848204e-03 -6.667882e+02
8.650623e+00 1.995693e-03 -7.105909e+02
8.650623e+00 2.154951e-03 -7.564535e+02
8.650623e+00 2.326918e-03 -8.043433e+02
8.650623e+00 2.512609e-03 -8.541975e+02
8.650623e+00 2.713117e-03 -9.059201e+02
8.650623e+00 2.929627e-03 -9.593850e+02
8.650623e+00 3.163414e-03 -1.014425e+03
8.650623e+00 3.415858e-03 -1.070829e+03
8.650623e+00 3.688447e-03 -1.128345e+03
8.650623e+00 3.982789e-03 -1.186663e+03
8.650623e+00 4.300619e-03 -1.245410e+03
8.650623e+00 4.643813e-03 -1.304164e+03
8.650623e+00 5.014394e-03 -1.362426e+03
8.650623e+00 5.414548e-03 -1.419620e+03
8.650623e+00 5.846635e-03 -1.475117e+03
8.650623e+00 6.313202e-03 -1.528190e+03
8.650623e+00 6.817002e-03 -1.578024e+03
8.650623e+00 7.361006e-03 -1.623762e+03
8.650623e+00 7.948422e-03 -1.664443e+03
8.650623e+00 8.582714e-03 -1.699030e+03
8.650623e+00 9.267624e-03 -1.726488e+03
8.650623e+00 1.000719e-02 -1.745717e+03
8.650623e+00 1.080577e-02 -1.755601e+03
8.650623e+00 1.166809e-02 -1.755139e+03
8.650623e+00 1.259921e-02 -1.743445e+03
8.650623e+00 1.360464e-02 -1.719809e+03
8.650623e+00 1.469030e-02 -1.683816e+03
8.650623e+00 1.586261e-02 -1.635554e+03
8.650623e+00 1.712846e-02 -1.575593e+03
8.650623e+00 1.849533e-02 -1.504873e+03
8.650623e+00 1.997127e-02 -1.425435e+03
8.650623e+00 2.156500e-02 -1.340006e+03
8.650623e+00 2.328591e-02 -1.251223e+03
8.650623e+00 2.514415e-02 -1.162704e+03
8.650623e+00 2.715068e-02 -1.078314e+03
8.650623e+00 2.931733e-02 -1.000953e+03
8.650623e+00 3.165689e-02 -9.327467e+02
8.650623e+00 3.418314e-02 -8.749743e+02
8.650623e+00 3.691099e-02 -8.267426e+02
8.650623e+00 3.985652e-02 -7.851305e+02
8.650623e+00 4.303711e-02 -7.452367e+02
8.650623e+00 4.647152e-02 -7.011122e+02
8.650623e+00 5.017999e-02 -6.476988e+02
8.650623e+00 5.418441e-02 -5.971575e+02
8.650623e+00 5.850838e-02 -5.643105e+02
8.650623e+00 6.317741e-02 -5.288423e+02
8.650623e+00 6.821903e-02 -4.905436e+02
8.650623e+00 7.366298e-02 -4.495383e+02
8.650623e+00 7.954136e-02 -4.088302e+02
8.650623e+00 8.588885e-02 -3.648736e+02
8.650623e+00 9.274286e-02 -3.174092e+02
8.650623e+00 1.001438e-01 -2.661571e+02
8.650623e+00 1.081354e-01 -2.348103e+02
8.650623e+00 1.167647e-01 -2.124103e+02
8.650623e+00 1.260827e-01 -1.882227e+02
8.650623e+00 1.361442e-01 -1.621050e+02
8.650623e+00 1.470087e-01 -1.367564e+02
8.650623e+00 1.587401e-01 -1.215403e+02
8.650623e+00 1.714077e-01 -1.051099e+02
8.650623e+00 1.850862e-01 -8.736839e+01
8.650623e+00 1.998563e-01 -6.821105e+01
8.650623e+00 2.158051e-01 -5.875569e+01
8.650623e+00 2.330265e-01 -5.078905e+01
8.650623e+00 2.516223e-01 -4.218666e+01
8.650623e+00 2.717020e-01 -3.289779e+01
8.650623e+00 2.933841e-01 -2.598388e+01
8.650623e+00 3.167964e-01 -2.247872e+01
8.650623e+00 3.420771e-01 -1.869385e+01
8.650623e+00 3.693752e-01 -1.460694e+01
8.650623e+00 3.988518e-01 -1.041931e+01
8.650623e+00 4.306805e-01 -9.059491e+00
8.650623e+00 4.650493e-01 -7.591154e+00
8.650623e+00 5.021607e-01 -6.005641e+00
8.650623e+00 5.422336e-01 -4.293603e+00
8.650623e+00 5.855044e-01 -3.394894e+00
8.650623e+00 6.322283e-01 -2.867152e+00
8.650623e+00 6.826808e-01 -2.297296e+00
8.650623e+00 7.371594e-01 -1.681964e+00
8.650623e+00 7.959855e-01 -1.176484e+00
8.650623e+00 8.595059e-01 -1.004698e+00
8.650623e+00 9.280954e-01 -8.192032e-01
8.650623e+00 1.002158e+00 -6.189061e-01
8.650623e+00 1.082132e+00 -4.026250e-01
8.650623e+00 1.168487e+00 -3.377401e-01
8.650623e+00 1.261733e+00 -2.820418e-01
8.650623e+00 1.362421e+00 -2.218986e-01
8.650623e+00 1.471144e+00 -1.569560e-01
8.650623e+00 1.588542e+00 -1.165387e-01
8.650623e+00 1.715310e+00 -9.890653e-02
8.650623e+00 1.852193e+00 -7.986728e-02
8.650623e+00 2.000000e+00 -5.930867e-02
8.843636e+00 1.000000e-03 -3.404411e+02
8.843636e+00 1.079801e-03 -3.650815e+02
8.843636e+00 1.165970e-03 -3.912813e+02
8.843636e+00 1.259016e-03 -4.190980e+02
8.843636e+00 1.359487e-03 -4.485839e+02
8.843636e+00 1.467975e-03 -4.797861e+02
8.843636e+00 1.585121e-03 -5.127447e+02
8.843636e+00 1.711615e-03 -5.474909e+02
8.843636e+00 1.848204e-03 -5.840467e+02
8.843636e+00 1.995693e-03 -6.224181e+02
8.843636e+00 2.154951e-03 -6.625937e+02
8.843636e+00 2.326918e-03 -7.045449e+02
8.843636e+00 2.512609e-03 -7.482170e+02
8.843636e+00 2.713117e-03 -7.935256e+02
8.843636e+00 2.929627e-03 -8.403604e+02
8.843636e+00 3.163414e-03 -8.885748e+02
8.843636e+00 3.415858e-03 -9.379837e+02
8.843636e+00 3.688447e-03 -9.883668e+02
8.843636e+00 3.982789e-03 -1.039452e+03
8.843636e+00 4.300619e-03 -1.090913e+03
8.843636e+00 4.643813e-03 -1.142380e+03
8.843636e+00 5.014394e-03 -1.193417e+03
8.843636e+00 5.414548e-03 -1.243517e+03
8.843636e+00 5.846635e-03 -1.292131e+03
8.843636e+00 6.313202e-03 -1.338622e+03
8.843636e+00 6.817002e-03 -1.382275e+03
8.843636e+00 7.361006e-03 -1.422340e+03
8.843636e+00 7.948422e-03 -1.457976e+03
8.843636e+00 8.582714e-03 -1.488273e+03
8.843636e+00 9.267624e-03 -1.512325e+03
8.843636e+00 1.000719e-02 -1.529170e+03
8.843636e+00 1.080577e-02 -1.537829e+03
8.843636e+00 1.166809e-02 -1.537425e+03
8.843636e+00 1.259921e-02 -1.527181e+03
8.843636e+00 1.360464e-02 -1.506478e+03
8.843636e+00 1.469030e-02 -1.474950e+03
8.843636e+00 1.586261e-02 -1.432675e+03
8.843636e+00 1.712846e-02 -1.380151e+03
8.843636e+00 1.849533e-02 -1.318204e+03
8.843636e+00 1.997127e-02 -1.248620e+03
8.843636e+00 2.156500e-02 -1.173788e+03
8.843636e+00 2.328591e-02 -1.096017e+03
8.843636e+00 2.514415e-02 -1.018479e+03
8.843636e+00 2.715068e-02 -9.445570e+02
8.843636e+00 2.931733e-02 -8.767919e+02
8.843636e+00 3.165689e-02 -8.170463e+02
8.843636e+00 3.418314e-02 -7.664402e+02
8.843636e+00 3.691099e-02 -7.241912e+02
8.843636e+00 3.985652e-02 -6.877408e+02
8.843636e+00 4.303711e-02 -6.527955e+02
8.843636e+00 4.647152e-02 -6.141443e+02
8.843636e+00 5.017999e-02 -5.673565e+02
8.843636e+00 5.418441e-02 -5.231069e+02
8.843636e+00 5.850838e-02 -4.943965e+02
8.843636e+00 6.317741e-02 -4.633950e+02
8.843636e+00 6.821903e-02 -4.299196e+02
8.843636e+00 7.366298e-02 -3.940846e+02
8.843636e+00 7.954136e-02 -3.585744e+02
8.843636e+00 8.588885e-02 -3.202305e+02
8.843636e+00 9.274286e-02 -2.788267e+02
8.843636e+00 1.001438e-01 -2.341188e+02
8.843636e+00 1.081354e-01 -2.069907e+02
8.843636e+00 1.167647e-01 -1.877872e+02
8.843636e+00 1.260827e-01 -1.670513e+02
8.843636e+00 1.361442e-01 -1.446606e+02
8.843636e+00 1.470087e-01 -1.228785e+02
8.843636e+00 1.587401e-01 -1.095618e+02
8.843636e+00 1.714077e-01 -9.518243e+01
8.843636e+00 1.850862e-01 -7.965560e+01
8.843636e+00 1.998563e-01 -6.288970e+01
8.843636e+00 2.158051e-01 -5.444058e+01
8.843636e+00 2.330265e-01 -4.724568e+01
8.843636e+00 2.516223e-01 -3.947662e+01
8.843636e+00 2.717020e-01 -3.108759e+01
8.843636e+00 2.933841e-01 -2.478930e+01
8.843636e+00 3.167964e-01 -2.149645e+01
8.843636e+00 3.420771e-01 -1.794083e+01
8.843636e+00 3.693752e-01 -1.410146e+01
8.843636e+00 3.988518e-01 -1.016508e+01
8.843636e+00 4.306805e-01 -8.851352e+00
8.843636e+00 4.650493e-01 -7.432792e+00
8.843636e+00 5.021607e-01 -5.901029e+00
8.843636e+00 5.422336e-01 -4.247029e+00
8.843636e+00 5.855044e-01 -3.372049e+00
8.843636e+00 6.322283e-01 -2.851784e+00
8.843636e+00 6.826808e-01 -2.290000e+00
8.843636e+00 7.371594e-01 -1.683386e+00
8.843636e+00 7.959855e-01 -1.184214e+00
8.843636e+00 8.595059e-01 -1.011935e+00
8.843636e+00 9.280954e-01 -8.259075e-01
8.843636e+00 1.002158e+00 -6.250352e-01
8.843636e+00 1.082132e+00 -4.081331e-01
8.843636e+00 1.168487e+00 -3.425978e-01
8.843636e+00 1.261733e+00 -2.861990e-01
8.843636e+00 1.362421e+00 -2.252994e-01
8.843636e+00 1.471144e+00 -1.595400e-01
8.843636e+00 1.588542e+00 -1.185641e-01
8.843636e+00 1.715310e+00 -1.006119e-01
8.843636e+00 1.852193e+00 -8.122715e-02
8.843636e+00 2.000000e+00 -6.029542e-02
9.040509e+00 1.000000e-03 -2.967043e+02
9.040509e+00 1.079801e-03 -3.181839e+02
9.040509e+00 1.165970e-03 -3.410232e+02
9.040509e+00 1.259016e-03 -3.652724e+02
9.040509e+00 1.359487e-03 -3.909769e+02
9.040509e+00 1.467975e-03 -4.181777e+02
9.040509e+00 1.585121e-03 -4.469093e+02
9.040509e+00 1.711615e-03 -4.771991e+02
9.040509e+00 1.848204e-03 -5.090658e+02
9.040509e+00 1.995693e-03 -5.425148e+02
9.040509e+00 2.154951e-03 -5.775363e+02
9.040509e+00 2.326918e-03 -6.141054e+02
9.040509e+00 2.512609e-03 -6.521746e+02
9.040509e+00 2.713117e-03 -6.916703e+02
9.040509e+00 2.929627e-03 -7.324963e+02
9.040509e+00 3.163414e-03 -7.745247e+02
9.040509e+00 3.415858e-03 -8.175943e+02
9.040509e+00 3.688447e-03 -8.615129e+02
9.040509e+00 3.982789e-03 -9.060433e+02
9.040509e+00 4.300619e-03 -9.509014e+02
9.040509e+00 4.643813e-03 -9.957649e+02
9.040509e+00 5.014394e-03 -1.040252e+03
9.040509e+00 5.414548e-03 -1.083924e+03
9.040509e+00 5.846635e-03 -1.126300e+03
9.040509e+00 6.313202e-03 -1.166826e+03
9.040509e+00 6.817002e-03 -1.204877e+03
9.040509e+00 7.361006e-03 -1.239801e+03
9.040509e+00 7.948422e-03 -1.270864e+03
9.040509e+00 8.582714e-03 -1.297274e+03
9.040509e+00 9.267624e-03 -1.318240e+03
9.040509e+00 1.000719e-02 -1.332924e+03
9.040509e+00 1.080577e-02 -1.340472e+03
9.040509e+00 1.166809e-02 -1.340120e+03
9.040509e+00 1.259921e-02 -1.331192e+03
9.040509e+00 1.360464e-02 -1.313145e+03
9.040509e+00 1.469030e-02 -1.285664e+03
9.040509e+00 1.586261e-02 -1.248814e+03
9.040509e+00 1.712846e-02 -1.203032e+03
9.040509e+00 1.849533e-02 -1.149035e+03
9.040509e+00 1.997127e-02 -1.088380e+03
9.040509e+00 2.156500e-02 -1.023152e+03
9.040509e+00 2.328591e-02 -9.553620e+02
9.040509e+00 2.514415e-02 -8.877744e+02
9.040509e+00 2.715068e-02 -8.233390e+02
9.040509e+00 2.931733e-02 -7.642704e+02
9.040509e+00 3.165689e-02 -7.121922e+02
9.040509e+00 3.418314e-02 -6.680805e+02
9.040509e+00 3.691099e-02 -6.312535e+02
9.040509e+00 3.985652e-02 -5.994809e+02
9.040509e+00 4.303711e-02 -5.690202e+02
9.040509e+00 4.647152e-02 -5.353293e+02
9.040509e+00 5.017999e-02 -4.945459e+02
9.040509e+00 5.418441e-02 -4.560009e+02
9.040509e+00 5.850838e-02 -4.310474e+02
9.040509e+00 6.317741e-02 -4.041025e+02
9.040509e+00 6.821903e-02 -3.750074e+02
9.040509e+00 7.366298e-02 -3.438539e+02
9.040509e+00 7.954136e-02 -3.129046e+02
9.040509e+00 8.588885e-02 -2.794856e+02
9.040509e+00 9.274286e-02 -2.433996e+02
9.040509e+00 1.001438e-01 -2.044340e+02
9.040509e+00 1.081354e-01 -1.809938e+02
9.040509e+00 1.167647e-01 -1.645739e+02
9.040509e+00 1.260827e-01 -1.468436e+02
9.040509e+00 1.361442e-01 -1.276984e+02
9.040509e+00 1.470087e-01 -1.090465e+02
9.040509e+00 1.587401e-01 -9.751604e+01
9.040509e+00 1.714077e-01 -8.506541e+01
9.040509e+00 1.850862e-01 -7.162120e+01
9.040509e+00 1.998563e-01 -5.710412e+01
9.040509e+00 2.158051e-01 -4.965324e+01
9.040509e+00 2.330265e-01 -4.325060e+01
9.040509e+00 2.516223e-01 -3.633702e+01
9.040509e+00 2.717020e-01 -2.887172e+01
9.040509e+00 2.933841e-01 -2.322217e+01
9.040509e+00 3.167964e-01 -2.018661e+01
9.040509e+00 3.420771e-01 -1.690881e+01
9.040509e+00 3.693752e-01 -1.336944e+01
9.040509e+00 3.988518e-01 -9.738300e+00
9.040509e+00 4.306805e-01 -8.491946e+00
9.040509e+00 4.650493e-01 -7.146131e+00
9.040509e+00 5.021607e-01 -5.692920e+00
9.040509e+00 5.422336e-01 -4.123740e+00
9.040509e+00 5.855044e-01 -3.287425e+00
9.040509e+00 6.322283e-01 -2.784246e+00
9.040509e+00 6.826808e-01 -2.240913e+00
9.040509e+00 7.371594e-01 -1.654222e+00
9.040509e+00 7.959855e-01 -1.170607e+00
9.040509e+00 8.595059e-01 -1.001117e+00
9.040509e+00 9.280954e-01 -8.181001e-01
9.040509e+00 1.002158e+00 -6.204788e-01
9.040509e+00 1.082132e+00 -4.070870e-01
9.040509e+00 1.168487e+00 -3.420567e-01
9.040509e+00 1.261733e+00 -2.859231e-01
9.040509e+00 1.362421e+00 -2.253101e-01
9.040509e+00 1.471144e+00 -1.598600e-01
9.040509e+00 1.588542e+00 -1.190027e-01
9.040509e+00 1.715310e+00 -1.009899e-01
9.040509e+00 1.852193e+00 -8.153965e-02
9.040509e+00 2.000000e+00 -6.053723e-02
9.241319e+00 1.000000e-03 -2.573983e+02
9.241319e+00 1.079801e-03 -2.760365e+02
9.241319e+00 1.165970e-03 -2.958550e+02
9.241319e+00 1.259016e-03 -3.168972e+02
9.241319e+00 1.359487e-03 -3.392025e+02
9.241319e+00 1.467975e-03 -3.628061e+02
9.241319e+00 1.585121e-03 -3.877381e+02
9.241319e+00 1.711615e-03 -4.140218e+02
9.241319e+00 1.848204e-03 -4.416736e+02
9.241319e+00 1.995693e-03 -4.706980e+02
9.241319e+00 2.154951e-03 -5.010864e+02
9.241319e+00 2.326918e-03 -5.328178e+02
9.241319e+00 2.512609e-03 -5.658506e+02
9.241319e+00 2.713117e-03 -6.001212e+02
9.241319e+00 2.929627e-03 -6.355459e+02
9.241319e+00 3.163414e-03 -6.720139e+02
9.241319e+00 3.415858e-03 -7.093853e+02
9.241319e+00 3.688447e-03 -7.474932e+02
9.241319e+00 3.982789e-03 -7.861318e+02
9.241319e+00 4.300619e-03 -8.250547e+02
9.241319e+00 4.643813e-03 -8.639822e+02
9.241319e+00 5.014394e-03 -9.025833e+02
9.241319e+00 5.414548e-03 -9.404769e+02
9.241319e+00 5.846635e-03 -9.772458e+02
9.241319e+00 6.313202e-03 -1.012409e+03
9.241319e+00 6.817002e-03 -1.045426e+03
9.241319e+00 7.361006e-03 -1.075729e+03
9.241319e+00 7.948422e-03 -1.102682e+03
9.241319e+00 8.582714e-03 -1.125597e+03
9.241319e+00 9.267624e-03 -1.143789e+03
9.241319e+00 1.000719e-02 -1.156530e+03
9.241319e+00 1.080577e-02 -1.163080e+03
9.241319e+00 1.166809e-02 -1.162775e+03
9.241319e+00 1.259921e-02 -1.155028e+03
9.241319e+00 1.360464e-02 -1.139371e+03
9.241319e+00 1.469030e-02 -1.115526e+03
9.241319e+00 1.586261e-02 -1.083553e+03
9.241319e+00 1.712846e-02 -1.043829e+03
9.241319e+00 1.849533e-02 -9.969780e+02
9.241319e+00 1.997127e-02 -9.443501e+02
9.241319e+00 2.156500e-02 -8.877540e+02
9.241319e+00 2.328591e-02 -8.289351e+02
9.241319e+00 2.514415e-02 -7.702917e+02
9.241319e+00 2.715068e-02 -7.143833e+02
9.241319e+00 2.931733e-02 -6.631316e+02
9.241319e+00 3.165689e-02 -6.179451e+02
9.241319e+00 3.418314e-02 -5.796709e+02
9.241319e+00 3.691099e-02 -5.477173e+02
9.241319e+00 3.985652e-02 -5.201493e+02
9.241319e+00 4.303711e-02 -4.937196e+02
9.241319e+00 4.647152e-02 -4.644871e+02
9.241319e+00 5.017999e-02 -4.291008e+02
9.241319e+00 5.418441e-02 -3.956798e+02
9.241319e+00 5.850838e-02 -3.740930e+02
9.241319e+00 6.317741e-02 -3.507836e+02
9.241319e+00 6.821903e-02 -3.256141e+02
9.241319e+00 7.366298e-02 -2.986549e+02
9.241319e+00 7.954136e-02 -2.717786e+02
9.241319e+00 8.588885e-02 -2.427575e+02
9.241319e+00 9.274286e-02 -2.114206e+02
9.241319e+00 1.001438e-01 -1.775829e+02
9.241319e+00 1.081354e-01 -1.573812e+02
9.241319e+00 1.167647e-01 -1.433614e+02
9.241319e+00 1.260827e-01 -1.282228e+02
9.241319e+00 1.361442e-01 -1.118761e+02
9.241319e+00 1.470087e-01 -9.593674e+01
9.241319e+00 1.587401e-01 -8.601734e+01
9.241319e+00 1.714077e-01 -7.530636e+01
9.241319e+00 1.850862e-01 -6.374063e+01
9.241319e+00 1.998563e-01 -5.125195e+01
9.241319e+00 2.158051e-01 -4.473893e+01
9.241319e+00 2.330265e-01 -3.909884e+01
9.241319e+00 2.516223e-01 -3.300867e+01
9.241319e+00 2.717020e-01 -2.643249e+01
9.241319e+00 2.933841e-01 -2.142123e+01
9.241319e+00 3.167964e-01 -1.866594e+01
9.241319e+00 3.420771e-01 -1.569078e+01
9.241319e+00 3.693752e-01 -1.247819e+01
9.241319e+00 3.988518e-01 -9.180243e+00
9.241319e+00 4.306805e-01 -8.017698e+00
9.241319e+00 4.650493e-01 -6.762381e+00
9.241319e+00 5.021607e-01 -5.406888e+00
9.241319e+00 5.422336e-01 -3.943225e+00
9.241319e+00 5.855044e-01 -3.156768e+00
9.241319e+00 6.322283e-01 -2.677564e+00
9.241319e+00 6.826808e-01 -2.160119e+00
9.241319e+00 7.371594e-01 -1.601381e+00
9.241319e+00 7.959855e-01 -1.140012e+00
9.241319e+00 8.595059e-01 -9.758590e-01
9.241319e+00 9.280954e-01 -7.986064e-01
9.241319e+00 1.002158e+00 -6.072089e-01
9.241319e+00 1.082132e+00 -4.005377e-01
9.241319e+00 1.168487e+00 -3.369268e-01
9.241319e+00 1.261733e+00 -2.818290e-01
9.241319e+00 1.362421e+00 -2.223342e-01
9.241319e+00 1.471144e+00 -1.580917e-01
9.241319e+00 1.588542e+00 -1.179058e-01
9.241319e+00 1.715310e+00 -1.000641e-01
9.241319e+00 1.852193e+00 -8.079854e-02
9.241319e+00 2.000000e+00 -5.999561e-02
9.446145e+00 1.000000e-03 -2.231938e+02
9.446145e+00 1.079801e-03 -2.393590e+02
9.446145e+00 1.165970e-03 -2.565482e+02
9.446145e+00 1.259016e-03 -2.747991e+02
9.446145e+00 1.359487e-03 -2.941455e+02
9.446145e+00 1.467975e-03 -3.146183e+02
9.446145e+00 1.585121e-03 -3.362430e+02
9.446145e+00 1.711615e-03 -3.590400e+02
9.446145e+00 1.848204e-03 -3.830232e+02
9.446145e+00 1.995693e-03 -4.081965e+02
9.446145e+00 2.154951e-03 -4.345527e+02
9.446145e+00 2.326918e-03 -4.620734e+02
9.446145e+00 2.512609e-03 -4.907228e+02
9.446145e+00 2.713117e-03 -5.204457e+02
9.446145e+00 2.929627e-03 -5.511694e+02
9.446145e+00 3.163414e-03 -5.827980e+02
9.446145e+00 3.415858e-03 -6.152099e+02
9.446145e+00 3.688447e-03 -6.482605e+02
9.446145e+00 3.982789e-03 -6.817712e+02
9.446145e+00 4.300619e-03 -7.155285e+02
9.446145e+00 4.643813e-03 -7.492896e+02
9.446145e+00 5.014394e-03 -7.827676e+02
9.446145e+00 5.414548e-03 -8.156320e+02
9.446145e+00 5.846635e-03 -8.475209e+02
9.446145e+00 6.313202e-03 -8.780171e+02
9.446145e+00 6.817002e-03 -9.066520e+02
9.446145e+00 7.361006e-03 -9.329331e+02
9.446145e+00 7.948422e-03 -9.563088e+02
9.446145e+00 8.582714e-03 -9.761826e+02
9.446145e+00 9.267624e-03 -9.919607e+02
9.446145e+00 1.000719e-02 -1.003011e+03
9.446145e+00 1.080577e-02 -1.008691e+03
9.446145e+00 1.166809e-02 -1.008427e+03
9.446145e+00 1.259921e-02 -1.001709e+03
9.446145e+00 1.360464e-02 -9.881304e+02
9.446145e+00 1.469030e-02 -9.674512e+02
9.446145e+00 1.586261e-02 -9.397227e+02
9.446145e+00 1.712846e-02 -9.052717e+02
9.446145e+00 1.849533e-02 -8.646396e+02
9.446145e+00 1.997127e-02 -8.189977e+02
9.446145e+00 2.156500e-02 -7.699141e+02
9.446145e+00 2.328591e-02 -7.189029e+02
9.446145e+00 2.514415e-02 -6.680438e+02
9.446145e+00 2.715068e-02 -6.195567e+02
9.446145e+00 2.931733e-02 -5.751081e+02
9.446145e+00 3.165689e-02 -5.359196e+02
9.446145e+00 3.418314e-02 -5.027259e+02
9.446145e+00 3.691099e-02 -4.750138e+02
9.446145e+00 3.985652e-02 -4.511051e+02
9.446145e+00 4.303711e-02 -4.281837e+02
9.446145e+00 4.647152e-02 -4.028315e+02
9.446145e+00 5.017999e-02 -3.721423e+02
9.446145e+00 5.418441e-02 -3.431298e+02
9.446145e+00 5.850838e-02 -3.243309e+02
9.446145e+00 6.317741e-02 -3.040319e+02
9.446145e+00 6.821903e-02 -2.821129e+02
9.446145e+00 7.366298e-02 -2.586493e+02
9.446145e+00 7.954136e-02 -2.354011e+02
9.446145e+00 8.588885e-02 -2.102977e+02
9.446145e+00 9.274286e-02 -1.831910e+02
9.446145e+00 1.001438e-01 -1.539211e+02
9.446145e+00 1.081354e-01 -1.365024e+02
9.446145e+00 1.167647e-01 -1.244621e+02
9.446145e+00 1.260827e-01 -1.114610e+02
9.446145e+00 1.361442e-01 -9.742245e+01
9.446145e+00 1.470087e-01 -8.373976e+01
9.446145e+00 1.587401e-01 -7.525341e+01
9.446145e+00 1.714077e-01 -6.608984e+01
9.446145e+00 1.850862e-01 -5.619501e+01
9.446145e+00 1.998563e-01 -4.551055e+01
9.446145e+00 2.158051e-01 -3.986096e+01
9.446145e+00 2.330265e-01 -3.493652e+01
9.446145e+00 2.516223e-01 -2.961910e+01
9.446145e+00 2.717020e-01 -2.387735e+01
9.446145e+00 2.933841e-01 -1.947711e+01
9.446145e+00 3.167964e-01 -1.701303e+01
9.446145e+00 3.420771e-01 -1.435232e+01
9.446145e+00 3.693752e-01 -1.147928e+01
9.446145e+00 3.988518e-01 -8.528073e+00
9.446145e+00 4.306805e-01 -7.460874e+00
9.446145e+00 4.650493e-01 -6.308512e+00
9.446145e+00 5.021607e-01 -5.064189e+00
9.446145e+00 5.422336e-01 -3.720569e+00
9.446145e+00 5.855044e-01 -2.992022e+00
9.446145e+00 6.322283e-01 -2.541932e+00
9.446145e+00 6.826808e-01 -2.055925e+00
9.446145e+00 7.371594e-01 -1.531133e+00
9.446145e+00 7.959855e-01 -1.096984e+00
9.446145e+00 8.595059e-01 -9.400224e-01
9.446145e+00 9.280954e-01 -7.705347e-01
9.446145e+00 1.002158e+00 -5.875218e-01
9.446145e+00 1.082132e+00 -3.899043e-01
9.446145e+00 1.168487e+00 -3.284038e-01
9.446145e+00 1.261733e+00 -2.749317e-01
9.446145e+00 1.362421e+00 -2.171925e-01
9.446145e+00 1.471144e+00 -1.548457e-01
9.446145e+00 1.588542e+00 -1.157615e-01
9.446145e+00 1.715310e+00 -9.828176e-02
9.446145e+00 1.852193e+00 -7.940715e-02
9.446145e+00 2.000000e+00 -5.902633e-02
9.655068e+00 1.000000e-03 -1.927411e+02
9.655068e+00 1.079801e-03 -2.067039e+02
9.655068e+00 1.165970e-03 -2.215516e+02
9.655068e+00 1.259016e-03 -2.373166e+02
9.655068e+00 1.359487e-03 -2.540281e+02
9.655068e+00 1.467975e-03 -2.717125e+02
9.655068e+00 1.585121e-03 -2.903920e+02
9.655068e+00 1.711615e-03 -3.100839e+02
9.655068e+00 1.848204e-03 -3.308001e+02
9.655068e+00 1.995693e-03 -3.525441e+02
9.655068e+00 2.154951e-03 -3.753094e+02
9.655068e+00 2.326918e-03 -3.990805e+02
9.655068e+00 2.512609e-03 -4.238265e+02
9.655068e+00 2.713117e-03 -4.494996e+02
9.655068e+00 2.929627e-03 -4.760371e+02
9.655068e+00 3.163414e-03 -5.033562e+02
9.655068e+00 3.415858e-03 -5.313517e+02
9.655068e+00 3.688447e-03 -5.598988e+02
9.655068e+00 3.982789e-03 -5.888433e+02
9.655068e+00 4.300619e-03 -6.180006e+02
9.655068e+00 4.643813e-03 -6.471611e+02
9.655068e+00 5.014394e-03 -6.760772e+02
9.655068e+00 5.414548e-03 -7.044631e+02
9.655068e+00 5.846635e-03 -7.320065e+02
9.655068e+00 6.313202e-03 -7.583469e+02
9.655068e+00 6.817002e-03 -7.830797e+02
9.655068e+00 7.361006e-03 -8.057794e+02
9.655068e+00 7.948422e-03 -8.259697e+02
9.655068e+00 8.582714e-03 -8.431354e+02
9.655068e+00 9.267624e-03 -8.567634e+02
9.655068e+00 1.000719e-02 -8.663079e+02
9.655068e+00 1.080577e-02 -8.712146e+02
9.655068e+00 1.166809e-02 -8.709869e+02
9.655068e+00 1.259921e-02 -8.651848e+02
9.655068e+00 1.360464e-02 -8.534568e+02
9.655068e+00 1.469030e-02 -8.355962e+02
9.655068e+00 1.586261e-02 -8.116470e+02
9.655068e+00 1.712846e-02 -7.818915e+02
9.655068e+00 1.849533e-02 -7.467973e+02
9.655068e+00 1.997127e-02 -7.073760e+02
9.655068e+00 2.156500e-02 -6.649822e+02
9.655068e+00 2.328591e-02 -6.209233e+02
9.655068e+00 2.514415e-02 -5.769959e+02
9.655068e+00 2.715068e-02 -5.351171e+02
9.655068e+00 2.931733e-02 -4.967264e+02
9.655068e+00 3.165689e-02 -4.628790e+02
9.655068e+00 3.418314e-02 -4.342093e+02
9.655068e+00 3.691099e-02 -4.102741e+02
9.655068e+00 3.985652e-02 -3.896239e+02
9.655068e+00 4.303711e-02 -3.698265e+02
9.655068e+00 4.647152e-02 -3.479295e+02
9.655068e+00 5.017999e-02 -3.214230e+02
9.655068e+00 5.418441e-02 -2.963670e+02
9.655068e+00 5.850838e-02 -2.801371e+02
9.655068e+00 6.317741e-02 -2.626120e+02
9.655068e+00 6.821903e-02 -2.436884e+02
9.655068e+00 7.366298e-02 -2.234402e+02
9.655068e+00 7.954136e-02 -2.034709e+02
9.655068e+00 8.588885e-02 -1.819081e+02
9.655068e+00 9.274286e-02 -1.586246e+02
9.655068e+00 1.001438e-01 -1.334830e+02
9.655068e+00 1.081354e-01 -1.184688e+02
9.655068e+00 1.167647e-01 -1.080453e+02
9.655068e+00 1.260827e-01 -9.679008e+01
9.655068e+00 1.361442e-01 -8.463667e+01
9.655068e+00 1.470087e-01 -7.280305e+01
9.655068e+00 1.587401e-01 -6.551879e+01
9.655068e+00 1.714077e-01 -5.765323e+01
9.655068e+00 1.850862e-01 -4.915999e+01
9.655068e+00 1.998563e-01 -3.998899e+01
9.655068e+00 2.158051e-01 -3.511632e+01
9.655068e+00 2.330265e-01 -3.085956e+01
9.655068e+00 2.516223e-01 -2.626311e+01
9.655068e+00 2.717020e-01 -2.129985e+01
9.655068e+00 2.933841e-01 -1.747687e+01
9.655068e+00 3.167964e-01 -1.530140e+01
9.655068e+00 3.420771e-01 -1.295233e+01
9.655068e+00 3.693752e-01 -1.041579e+01
9.655068e+00 3.988518e-01 -7.808705e+00
9.655068e+00 4.306805e-01 -6.843204e+00
9.655068e+00 4.650493e-01 -5.800654e+00
9.655068e+00 5.021607e-01 -4.674908e+00
9.655068e+00 5.422336e-01 -3.459327e+00
9.655068e+00 5.855044e-01 -2.794256e+00
9.655068e+00 6.322283e-01 -2.377860e+00
9.655068e+00 6.826808e-01 -1.928235e+00
9.655068e+00 7.371594e-01 -1.442729e+00
9.655068e+00 7.959855e-01 -1.040355e+00
9.655068e+00 8.595059e-01 -8.926558e-01
9.655068e+00 9.280954e-01 -7.331697e-01
9.655068e+00 1.002158e+00 -5.609564e-01
9.655068e+00 1.082132e+00 -3.750004e-01
9.655068e+00 1.168487e+00 -3.163777e-01
9.655068e+00 1.261733e+00 -2.651856e-01
9.655068e+00 1.362421e+00 -2.099084e-01
9.655068e+00 1.471144e+00 -1.502201e-01
9.655068e+00 1.588542e+00 -1.126824e-01
9.655068e+00 1.715310e+00 -9.571340e-02
9.655068e+00 1.852193e+00 -7.739026e-02
9.655068e+00 2.000000e+00 -5.760491e-02
9.868170e+00 1.000000e-03 -1.663077e+02
9.868170e+00 1.079801e-03 -1.783584e+02
9.868170e+00 1.165970e-03 -1.911731e+02
9.868170e+00 1.259016e-03 -2.047798e+02
9.868170e+00 1.359487e-03 -2.192036e+02
9.868170e+00 1.467975e-03 -2.344671e+02
9.868170e+00 1.585121e-03 -2.505895e+02
9.868170e+00 1.711615e-03 -2.675855e+02
9.868170e+00 1.848204e-03 -2.854654e+02
9.868170e+00 1.995693e-03 -3.042319e+02
9.868170e+00 2.154951e-03 -3.238799e+02
9.868170e+00 2.326918e-03 -3.443957e+02
9.868170e+00 2.512609e-03 -3.657527e+02
9.868170e+00 2.713117e-03 -3.879099e+02
9.868170e+00 2.929627e-03 -4.108131e+02
9.868170e+00 3.163414e-03 -4.343908e+02
9.868170e+00 3.415858e-03 -4.585522e+02
9.868170e+00 3.688447e-03 -4.831895e+02
9.868170e+00 3.982789e-03 -5.081697e+02
9.868170e+00 4.300619e-03 -5.333335e+02
9.868170e+00 4.643813e-03 -5.585000e+02
9.868170e+00 5.014394e-03 -5.834555e+02
9.868170e+00 5.414548e-03 -6.079534e+02
9.868170e+00 5.846635e-03 -6.317242e+02
9.868170e+00 6.313202e-03 -6.544568e+02
9.868170e+00 6.817002e-03 -6.758019e+02
9.868170e+00 7.361006e-03 -6.953924e+02
9.868170e+00 7.948422e-03 -7.128173e+02
9.868170e+00 8.582714e-03 -7.276318e+02
9.868170e+00 9.267624e-03 -7.393933e+02
9.868170e+00 1.000719e-02 -7.476307e+02
9.868170e+00 1.080577e-02 -7.518655e+02
9.868170e+00 1.166809e-02 -7.516693e+02
9.868170e+00 1.259921e-02 -7.466623e+02
9.868170e+00 1.360464e-02 -7.365412e+02
9.868170e+00 1.469030e-02 -7.211275e+02
9.868170e+00 1.586261e-02 -7.004593e+02
9.868170e+00 1.712846e-02 -6.747801e+02
9.868170e+00 1.849533e-02 -6.444935e+02
9.868170e+00 1.997127e-02 -6.104726e+02
9.868170e+00 2.156500e-02 -5.738864e+02
9.868170e+00 2.328591e-02 -5.358632e+02
9.868170e+00 2.514415e-02 -4.979534e+02
9.868170e+00 2.715068e-02 -4.618116e+02
9.868170e+00 2.931733e-02 -4.286801e+02
9.868170e+00 3.165689e-02 -3.994694e+02
9.868170e+00 3.418314e-02 -3.747271e+02
9.868170e+00 3.691099e-02 -3.540708e+02
9.868170e+00 3.985652e-02 -3.362495e+02
9.868170e+00 4.303711e-02 -3.191641e+02
9.868170e+00 4.647152e-02 -3.002668e+02
9.868170e+00 5.017999e-02 -2.773914e+02
9.868170e+00 5.418441e-02 -2.557724e+02
9.868170e+00 5.850838e-02 -2.417785e+02
9.868170e+00 6.317741e-02 -2.266679e+02
9.868170e+00 6.821903e-02 -2.103514e+02
9.868170e+00 7.366298e-02 -1.928983e+02
9.868170e+00 7.954136e-02 -1.757410e+02
9.868170e+00 8.588885e-02 -1.572144e+02
9.868170e+00 9.274286e-02 -1.372095e+02
9.868170e+00 1.001438e-01 -1.156081e+02
9.868170e+00 1.081354e-01 -1.026415e+02
9.868170e+00 1.167647e-01 -9.358212e+01
9.868170e+00 1.260827e-01 -8.379981e+01
9.868170e+00 1.361442e-01 -7.323687e+01
9.868170e+00 1.470087e-01 -6.296871e+01
9.868170e+00 1.587401e-01 -5.672763e+01
9.868170e+00 1.714077e-01 -4.998851e+01
9.868170e+00 1.850862e-01 -4.271159e+01
9.868170e+00 1.998563e-01 -3.485397e+01
9.868170e+00 2.158051e-01 -3.067176e+01
9.868170e+00 2.330265e-01 -2.701519e+01
9.868170e+00 2.516223e-01 -2.306683e+01
9.868170e+00 2.717020e-01 -1.880338e+01
9.868170e+00 2.933841e-01 -1.550604e+01
9.868170e+00 3.167964e-01 -1.360582e+01
9.868170e+00 3.420771e-01 -1.155396e+01
9.868170e+00 3.693752e-01 -9.338366e+00
9.868170e+00 3.988518e-01 -7.059931e+00
9.868170e+00 4.306805e-01 -6.198269e+00
9.868170e+00 4.650493e-01 -5.267845e+00
9.868170e+00 5.021607e-01 -4.263172e+00
9.868170e+00 5.422336e-01 -3.178326e+00
9.868170e+00 5.855044e-01 -2.579159e+00
9.868170e+00 6.322283e-01 -2.198852e+00
9.868170e+00 6.826808e-01 -1.788196e+00
9.868170e+00 7.371594e-01 -1.344769e+00
9.868170e+00 7.959855e-01 -9.765227e-01
9.868170e+00 8.595059e-01 -8.390604e-01
9.868170e+00 9.280954e-01 -6.906284e-01
9.868170e+00 1.002158e+00 -5.303515e-01
9.868170e+00 1.082132e+00 -3.572842e-01
9.868170e+00 1.168487e+00 -3.019224e-01
9.868170e+00 1.261733e+00 -2.533438e-01
9.868170e+00 1.362421e+00 -2.008887e-01
9.868170e+00 1.471144e+00 -1.442476e-01
9.868170e+00 1.588542e+00 -1.085303e-01
9.868170e+00 1.715310e+00 -9.223982e-02
9.868170e+00 1.852193e+00 -7.464936e-02
9.868170e+00 2.000000e+00 -5.565517e-02
1.008553e+01 1.000000e-03 -1.428419e+02
1.008553e+01 1.079801e-03 -1.531948e+02
1.008553e+01 1.165970e-03 -1.642042e+02
1.008553e+01 1.259016e-03 -1.758943e+02
1.008553e+01 1.359487e-03 -1.882866e+02
1.008553e+01 1.467975e-03 -2.014004e+02
1.008553e+01 1.585121e-03 -2.152520e+02
1.008553e+01 1.711615e-03 -2.298542e+02
1.008553e+01 1.848204e-03 -2.452155e+02
1.008553e+01 1.995693e-03 -2.613383e+02
1.008553e+01 2.154951e-03 -2.782181e+02
1.008553e+01 2.326918e-03 -2.958434e+02
1.008553e+01 2.512609e-03 -3.141913e+02
1.008553e+01 2.713117e-03 -3.332266e+02
1.008553e+01 2.929627e-03 -3.529028e+02
1.008553e+01 3.163414e-03 -3.731583e+02
1.008553e+01 3.415858e-03 -3.939153e+02
1.008553e+01 3.688447e-03 -4.150811e+02
1.008553e+01 3.982789e-03 -4.365413e+02
1.008553e+01 4.300619e-03 -4.581591e+02
1.008553e+01 4.643813e-03 -4.797793e+02
1.008553e+01 5.014394e-03 -5.012182e+02
1.008553e+01 5.414548e-03 -5.222639e+02
1.008553e+01 5.846635e-03 -5.426850e+02
1.008553e+01 6.313202e-03 -5.622141e+02
1.008553e+01 6.817002e-03 -5.805513e+02
1.008553e+01 7.361006e-03 -5.973811e+02
1.008553e+01 7.948422e-03 -6.123505e+02
1.008553e+01 8.582714e-03 -6.250774e+02
1.008553e+01 9.267624e-03 -6.351816e+02
1.008553e+01 1.000719e-02 -6.422582e+02
1.008553e+01 1.080577e-02 -6.458965e+02
1.008553e+01 1.166809e-02 -6.457282e+02
1.008553e+01 1.259921e-02 -6.414272e+02
1.008553e+01 1.360464e-02 -6.327327e+02
1.008553e+01 1.469030e-02 -6.194916e+02
1.008553e+01 1.586261e-02 -6.017365e+02
1.008553e+01 1.712846e-02 -5.796766e+02
1.008553e+01 1.849533e-02 -5.536587e+02
1.008553e+01 1.997127e-02 -5.244328e+02
1.008553e+01 2.156500e-02 -4.930031e+02
1.008553e+01 2.328591e-02 -4.603389e+02
1.008553e+01 2.514415e-02 -4.277721e+02
1.008553e+01 2.715068e-02 -3.967242e+02
1.008553e+01 2.931733e-02 -3.682622e+02
1.008553e+01 3.165689e-02 -3.431684e+02
1.008553e+01 3.418314e-02 -3.219133e+02
1.008553e+01 3.691099e-02 -3.041683e+02
1.008553e+01 3.985652e-02 -2.888587e+02
1.008553e+01 4.303711e-02 -2.741813e+02
1.008553e+01 4.647152e-02 -2.579474e+02
1.008553e+01 5.017999e-02 -2.382960e+02
1.008553e+01 5.418441e-02 -2.197411e+02
1.008553e+01 5.850838e-02 -2.077672e+02
1.008553e+01 6.317741e-02 -1.948377e+02
1.008553e+01 6.821903e-02 -1.808764e+02
1.008553e+01 7.366298e-02 -1.659401e+02
1.008553e+01 7.954136e-02 -1.512311e+02
1.008553e+01 8.588885e-02 -1.353484e+02
1.008553e+01 9.274286e-02 -1.181982e+02
1.008553e+01 1.001438e-01 -9.967934e+01
1.008553e+01 1.081354e-01 -8.853917e+01
1.008553e+01 1.167647e-01 -8.073543e+01
1.008553e+01 1.260827e-01 -7.230895e+01
1.008553e+01 1.361442e-01 -6.321002e+01
1.008553e+01 1.470087e-01 -5.436779e+01
1.008553e+01 1.587401e-01 -4.900644e+01
1.008553e+01 1.714077e-01 -4.321726e+01
1.008553e+01 1.850862e-01 -3.696610e+01
1.008553e+01 1.998563e-01 -3.021608e+01
1.008553e+01 2.158051e-01 -2.663314e+01
1.008553e+01 2.330265e-01 -2.350447e+01
1.008553e+01 2.516223e-01 -2.012614e+01
1.008553e+01 2.717020e-01 -1.647820e+01
1.008553e+01 2.933841e-01 -1.364794e+01
1.008553e+01 3.167964e-01 -1.200099e+01
1.008553e+01 3.420771e-01 -1.022261e+01
1.008553e+01 3.693752e-01 -8.302310e+00
1.008553e+01 3.988518e-01 -6.326491e+00
1.008553e+01 4.306805e-01 -5.563657e+00
1.008553e+01 4.650493e-01 -4.739949e+00
1.008553e+01 5.021607e-01 -3.850508e+00
1.008553e+01 5.422336e-01 -2.890088e+00
1.008553e+01 5.855044e-01 -2.355261e+00
1.008553e+01 6.322283e-01 -2.011799e+00
1.008553e+01 6.826808e-01 -1.640929e+00
1.008553e+01 7.371594e-01 -1.240464e+00
1.008553e+01 7.959855e-01 -9.071609e-01
1.008553e+01 8.595059e-01 -7.804984e-01
1.008553e+01 9.280954e-01 -6.437282e-01
1.008553e+01 1.002158e+00 -4.960435e-01
1.008553e+01 1.082132e+00 -3.365734e-01
1.008553e+01 1.168487e+00 -2.848774e-01
1.008553e+01 1.261733e+00 -2.393188e-01
1.008553e+01 1.362421e+00 -1.901247e-01
1.008553e+01 1.471144e+00 -1.370048e-01
1.008553e+01 1.588542e+00 -1.033807e-01
1.008553e+01 1.715310e+00 -8.785420e-02
1.008553e+01 1.852193e+00 -7.108864e-02
1.008553e+01 2.000000e+00 -5.298516e-02
1.030724e+01 1.000000e-03 -1.220029e+02
1.030724e+01 1.079801e-03 -1.308476e+02
1.030724e+01 1.165970e-03 -1.402534e+02
1.030724e+01 1.259016e-03 -1.502409e+02
1.030724e+01 1.359487e-03 -1.608285e+02
1.030724e+01 1.467975e-03 -1.720326e+02
1.030724e+01 1.585121e-03 -1.838671e+02
1.030724e+01 1.711615e-03 -1.963427e+02
1.030724e+01 1.848204e-03 -2.094667e+02
1.030724e+01 1.995693e-03 -2.232412e+02
1.030724e+01 2.154951e-03 -2.376621e+02
1.030724e+01 2.326918e-03 -2.527198e+02
1.030724e+01 2.512609e-03 -2.683948e+02
1.030724e+01 2.713117e-03 -2.846570e+02
1.030724e+01 2.929627e-03 -3.014666e+02
1.030724e+01 3.163414e-03 -3.187713e+02
1.030724e+01 3.415858e-03 -3.365043e+02
1.030724e+01 3.688447e-03 -3.545864e+02
1.030724e+01 3.982789e-03 -3.729199e+02
1.030724e+01 4.300619e-03 -3.913880e+02
1.030724e+01 4.643813e-03 -4.098581e+02
1.030724e+01 5.014394e-03 -4.281734e+02
1.030724e+01 5.414548e-03 -4.461527e+02
1.030724e+01 5.846635e-03 -4.635984e+02
1.030724e+01 6.313202e-03 -4.802820e+02
1.030724e+01 6.817002e-03 -4.959474e+02
1.030724e+01 7.361006e-03 -5.103250e+02
1.030724e+01 7.948422e-03 -5.231133e+02
1.030724e+01 8.582714e-03 -5.339859e+02
1.030724e+01 9.267624e-03 -5.426180e+02
1.030724e+01 1.000719e-02 -5.486637e+02
1.030724e+01 1.080577e-02 -5.517721e+02
1.030724e+01 1.166809e-02 -5.516286e+02
1.030724e+01 1.259921e-02 -5.479545e+02
1.030724e+01 1.360464e-02 -5.405271e+02
1.030724e+01 1.469030e-02 -5.292157e+02
1.030724e+01 1.586261e-02 -5.140481e+02
1.030724e+01 1.712846e-02 -4.952030e+02
1.030724e+01 1.849533e-02 -4.729767e+02
1.030724e+01 1.997127e-02 -4.480098e+02
1.030724e+01 2.156500e-02 -4.211602e+02
1.030724e+01 2.328591e-02 -3.932561e+02
1.030724e+01 2.514415e-02 -3.654351e+02
1.030724e+01 2.715068e-02 -3.389116e+02
1.030724e+01 2.931733e-02 -3.145973e+02
1.030724e+01 3.165689e-02 -2.931603e+02
1.030724e+01 3.418314e-02 -2.750026e+02
1.030724e+01 3.691099e-02 -2.598435e+02
1.030724e+01 3.985652e-02 -2.467649e+02
1.030724e+01 4.303711e-02 -2.342263e+02
1.030724e+01 4.647152e-02 -2.203581e+02
1.030724e+01 5.017999e-02 -2.035704e+02
1.030724e+01 5.418441e-02 -1.877331e+02
1.030724e+01 5.850838e-02 -1.775422e+02
1.030724e+01 6.317741e-02 -1.665381e+02
1.030724e+01 6.821903e-02 -1.546558e+02
1.030724e+01 7.366298e-02 -1.419391e+02
1.030724e+01 7.954136e-02 -1.293695e+02
1.030724e+01 8.588885e-02 -1.157969e+02
1.030724e+01 9.274286e-02 -1.011412e+02
1.030724e+01 1.001438e-01 -8.531588e+01
1.030724e+01 1.081354e-01 -7.578633e+01
1.030724e+01 1.167647e-01 -6.910253e+01
1.030724e+01 1.260827e-01 -6.188536e+01
1.030724e+01 1.361442e-01 -5.409225e+01
1.030724e+01 1.470087e-01 -4.652336e+01
1.030724e+01 1.587401e-01 -4.195480e+01
1.030724e+01 1.714077e-01 -3.702167e+01
1.030724e+01 1.850862e-01 -3.169486e+01
1.030724e+01 1.998563e-01 -2.594297e+01
1.030724e+01 2.158051e-01 -2.290367e+01
1.030724e+01 2.330265e-01 -2.025534e+01
1.030724e+01 2.516223e-01 -1.739566e+01
1.030724e+01 2.717020e-01 -1.430779e+01
1.030724e+01 2.933841e-01 -1.190166e+01
1.030724e+01 3.167964e-01 -1.048317e+01
1.030724e+01 3.420771e-01 -8.951478e+00
1.030724e+01 3.693752e-01 -7.297557e+00
1.030724e+01 3.988518e-01 -5.595212e+00
1.030724e+01 4.306805e-01 -4.929099e+00
1.030724e+01 4.650493e-01 -4.209829e+00
1.030724e+01 5.021607e-01 -3.433161e+00
1.030724e+01 5.422336e-01 -2.594514e+00
1.030724e+01 5.855044e-01 -2.123489e+00
1.030724e+01 6.322283e-01 -1.817378e+00
1.030724e+01 6.826808e-01 -1.486839e+00
1.030724e+01 7.371594e-01 -1.129923e+00
1.030724e+01 7.959855e-01 -8.322322e-01
1.030724e+01 8.595059e-01 -7.171683e-01
1.030724e+01 9.280954e-01 -5.929221e-01
1.030724e+01 1.002158e+00 -4.587610e-01
1.030724e+01 1.082132e+00 -3.138937e-01
1.030724e+01 1.168487e+00 -2.662363e-01
1.030724e+01 1.261733e+00 -2.240396e-01
1.030724e+01 1.362421e+00 -1.784757e-01
1.030724e+01 1.471144e+00 -1.292757e-01
1.030724e+01 1.588542e+00 -9.800590e-02
1.030724e+01 1.715310e+00 -8.337686e-02
1.030724e+01 1.852193e+00 -6.758041e-02
1.030724e+01 2.000000e+00 -5.052339e-02
1.053339e+01 1.000000e-03 -1.038788e+02
1.053339e+01 1.079801e-03 -1.114115e+02
1.053339e+01 1.165970e-03 -1.194222e+02
1.053339e+01 1.259016e-03 -1.279285e+02
1.053339e+01 1.359487e-03 -1.369461e+02
1.053339e+01 1.467975e-03 -1.464888e+02
1.053339e+01 1.585121e-03 -1.565684e+02
1.053339e+01 1.711615e-03 -1.671940e+02
1.053339e+01 1.848204e-03 -1.783717e+02
1.053339e+01 1.995693e-03 -1.901032e+02
1.053339e+01 2.154951e-03 -2.023851e+02
1.053339e+01 2.326918e-03 -2.152093e+02
1.053339e+01 2.512609e-03 -2.285590e+02
1.053339e+01 2.713117e-03 -2.424088e+02
1.053339e+01 2.929627e-03 -2.567248e+02
1.053339e+01 3.163414e-03 -2.714624e+02
1.053339e+01 3.415858e-03 -2.865648e+02
1.053339e+01 3.688447e-03 -3.019644e+02
1.053339e+01 3.982789e-03 -3.175780e+02
1.053339e+01 4.300619e-03 -3.333062e+02
1.053339e+01 4.643813e-03 -3.490361e+02
1.053339e+01 5.014394e-03 -3.646341e+02
1.053339e+01 5.414548e-03 -3.799460e+02
1.053339e+01 5.846635e-03 -3.948033e+02
1.053339e+01 6.313202e-03 -4.090117e+02
1.053339e+01 6.817002e-03 -4.223529e+02
1.053339e+01 7.361006e-03 -4.345974e+02
1.053339e+01 7.948422e-03 -4.454883e+02
1.053339e+01 8.582714e-03 -4.547478e+02
1.053339e+01 9.267624e-03 -4.620993e+02
1.053339e+01 1.000719e-02 -4.672483e+02
1.053339e+01 1.080577e-02 -4.698958e+02
1.053339e+01 1.166809e-02 -4.697737e+02
1.053339e+01 1.259921e-02 -4.666450e+02
1.053339e+01 1.360464e-02 -4.603198e+02
1.053339e+01 1.469030e-02 -4.506870e+02
1.053339e+01 1.586261e-02 -4.377701e+02
1.053339e+01 1.712846e-02 -4.217215e+02
1.053339e+01 1.849533e-02 -4.027933e+02
1.053339e+01 1.997127e-02 -3.815312e+02
1.053339e+01 2.156500e-02 -3.586658e+02
1.053339e+01 2.328591e-02 -3.349023e+02
1.053339e+01 2.514415e-02 -3.112096e+02
1.053339e+01 2.715068e-02 -2.886219e+02
1.053339e+01 2.931733e-02 -2.679154e+02
1.053339e+01 3.165689e-02 -2.496594e+02
1.053339e+01 3.418314e-02 -2.341961e+02
1.053339e+01 3.691099e-02 -2.212863e+02
1.053339e+01 3.985652e-02 -2.101484e+02
1.053339e+01 4.303711e-02 -1.994704e+02
1.053339e+01 4.647152e-02 -1.876600e+02
1.053339e+01 5.017999e-02 -1.733634e+02
1.053339e+01 5.418441e-02 -1.598966e+02
1.053339e+01 5.850838e-02 -1.512747e+02
1.053339e+01 6.317741e-02 -1.419649e+02
1.053339e+01 6.821903e-02 -1.319120e+02
1.053339e+01 7.366298e-02 -1.211407e+02
1.053339e+01 7.954136e-02 -1.103641e+02
1.053339e+01 8.588885e-02 -9.872747e+01
1.053339e+01 9.274286e-02 -8.616226e+01
1.053339e+01 1.001438e-01 -7.259434e+01
1.053339e+01 1.081354e-01 -6.445409e+01
1.053339e+01 1.167647e-01 -5.877037e+01
1.053339e+01 1.260827e-01 -5.263309e+01
1.053339e+01 1.361442e-01 -4.600604e+01
1.053339e+01 1.470087e-01 -3.957297e+01
1.053339e+01 1.587401e-01 -3.570558e+01
1.053339e+01 1.714077e-01 -3.152958e+01
1.053339e+01 1.850862e-01 -2.702032e+01
1.053339e+01 1.998563e-01 -2.215122e+01
1.053339e+01 2.158051e-01 -1.958409e+01
1.053339e+01 2.330265e-01 -1.734952e+01
1.053339e+01 2.516223e-01 -1.493662e+01
1.053339e+01 2.717020e-01 -1.233118e+01
1.053339e+01 2.933841e-01 -1.029507e+01
1.053339e+01 3.167964e-01 -9.084316e+00
1.053339e+01 3.420771e-01 -7.776941e+00
1.053339e+01 3.693752e-01 -6.365236e+00
1.053339e+01 3.988518e-01 -4.911594e+00
1.053339e+01 4.306805e-01 -4.333890e+00
1.053339e+01 4.650493e-01 -3.710084e+00
1.053339e+01 5.021607e-01 -3.036497e+00
1.053339e+01 5.422336e-01 -2.309158e+00
1.053339e+01 5.855044e-01 -1.897529e+00
1.053339e+01 6.322283e-01 -1.627224e+00
1.053339e+01 6.826808e-01 -1.335348e+00
1.053339e+01 7.371594e-01 -1.020180e+00
1.053339e+01 7.959855e-01 -7.567420e-01
1.053339e+01 8.595059e-01 -6.531889e-01
1.053339e+01 9.280954e-01 -5.413721e-01
1.053339e+01 1.002158e+00 -4.206323e-01
1.053339e+01 1.082132e+00 -2.902573e-01
1.053339e+01 1.168487e+00 -2.467317e-01
1.053339e+01 1.261733e+00 -2.080159e-01
1.053339e+01 1.362421e+00 -1.662105e-01
1.053339e+01 1.471144e+00 -1.210690e-01
1.053339e+01 1.588542e+00 -9.225039e-02
1.053339e+01 1.715310e+00 -7.857732e-02
1.053339e+01 1.852193e+00 -6.381311e-02
1.053339e+01 2.000000e+00 -4.787071e-02
1.076406e+01 1.000000e-03 -8.823876e+01
1.076406e+01 1.079801e-03 -9.463888e+01
1.076406e+01 1.165970e-03 -1.014454e+02
1.076406e+01 1.259016e-03 -1.086732e+02
1.076406e+01 1.359487e-03 -1.163354e+02
1.076406e+01 1.467975e-03 -1.244440e+02
1.076406e+01 1.585121e-03 -1.330089e+02
1.076406e+01 1.711615e-03 -1.420376e+02
1.076406e+01 1.848204e-03 -1.515353e+02
1.076406e+01 1.995693e-03 -1.615033e+02
1.076406e+01 2.154951e-03 -1.719390e+02
1.076406e+01 2.326918e-03 -1.828352e+02
1.076406e+01 2.512609e-03 -1.941779e+02
1.076406e+01 2.713117e-03 -2.059454e+02
1.076406e+01 2.929627e-03 -2.181092e+02
1.076406e+01 3.163414e-03 -2.306310e+02
1.076406e+01 3.415858e-03 -2.434628e+02
1.076406e+01 3.688447e-03 -2.565471e+02
1.076406e+01 3.982789e-03 -2.698131e+02
1.076406e+01 4.300619e-03 -2.831764e+02
1.076406e+01 4.643813e-03 -2.965411e+02
1.076406e+01 5.014394e-03 -3.097937e+02
1.076406e+01 5.414548e-03 -3.228033e+02
1.076406e+01 5.846635e-03 -3.354267e+02
1.076406e+01 6.313202e-03 -3.474986e+02
1.076406e+01 6.817002e-03 -3.588337e+02
1.076406e+01 7.361006e-03 -3.692370e+02
1.076406e+01 7.948422e-03 -3.784903e+02
1.076406e+01 8.582714e-03 -3.863576e+02
1.076406e+01 9.267624e-03 -3.926038e+02
1.076406e+01 1.000719e-02 -3.969788e+02
1.076406e+01 1.080577e-02 -3.992284e+02
1.076406e+01 1.166809e-02 -3.991249e+02
1.076406e+01 1.259921e-02 -3.964667e+02
1.076406e+01 1.360464e-02 -3.910928e+02
1.076406e+01 1.469030e-02 -3.829087e+02
1.076406e+01 1.586261e-02 -3.719344e+02
1.076406e+01 1.712846e-02 -3.582995e+02
1.076406e+01 1.849533e-02 -3.422179e+02
1.076406e+01 1.997127e-02 -3.241535e+02
1.076406e+01 2.156500e-02 -3.047268e+02
1.076406e+01 2.328591e-02 -2.845370e+02
1.076406e+01 2.514415e-02 -2.644074e+02
1.076406e+01 2.715068e-02 -2.452167e+02
1.076406e+01 2.931733e-02 -2.276242e+02
1.076406e+01 3.165689e-02 -2.121137e+02
1.076406e+01 3.418314e-02 -1.989759e+02
1.076406e+01 3.691099e-02 -1.880076e+02
1.076406e+01 3.985652e-02 -1.785447e+02
1.076406e+01 4.303711e-02 -1.694725e+02
1.076406e+01 4.647152e-02 -1.594383e+02
1.076406e+01 5.017999e-02 -1.472917e+02
1.076406e+01 5.418441e-02 -1.358364e+02
1.076406e+01 5.850838e-02 -1.284729e+02
1.076406e+01 6.317741e-02 -1.205218e+02
1.076406e+01 6.821903e-02 -1.119361e+02
1.076406e+01 7.366298e-02 -1.027431e+02
1.076406e+01 7.954136e-02 -9.361051e+01
1.076406e+01 8.588885e-02 -8.374909e+01
1.076406e+01 9.274286e-02 -7.310072e+01
1.076406e+01 1.001438e-01 -6.160260e+01
1.076406e+01 1.081354e-01 -5.470190e+01
1.076406e+01 1.167647e-01 -4.988171e+01
1.076406e+01 1.260827e-01 -4.467688e+01
1.076406e+01 1.361442e-01 -3.905668e+01
1.076406e+01 1.470087e-01 -3.360199e+01
1.076406e+01 1.587401e-01 -3.032747e+01
1.076406e+01 1.714077e-01 -2.679165e+01
1.076406e+01 1.850862e-01 -2.297366e+01
1.076406e+01 1.998563e-01 -1.885099e+01
1.076406e+01 2.158051e-01 -1.668138e+01
1.076406e+01 2.330265e-01 -1.479444e+01
1.076406e+01 2.516223e-01 -1.275693e+01
1.076406e+01 2.717020e-01 -1.055682e+01
1.076406e+01 2.933841e-01 -8.836159e+00
1.076406e+01 3.167964e-01 -7.810667e+00
1.076406e+01 3.420771e-01 -6.703340e+00
1.076406e+01 3.693752e-01 -5.507647e+00
1.076406e+01 3.988518e-01 -4.275962e+00
1.076406e+01 4.306805e-01 -3.779521e+00
1.076406e+01 4.650493e-01 -3.243465e+00
1.076406e+01 5.021607e-01 -2.664630e+00
1.076406e+01 5.422336e-01 -2.039604e+00
1.076406e+01 5.855044e-01 -1.682872e+00
1.076406e+01 6.322283e-01 -1.445941e+00
1.076406e+01 6.826808e-01 -1.190104e+00
1.076406e+01 7.371594e-01 -9.138503e-01
1.076406e+01 7.959855e-01 -6.824527e-01
1.076406e+01 8.595059e-01 -5.900130e-01
1.076406e+01 9.280954e-01 -4.901965e-01
1.076406e+01 1.002158e+00 -3.824146e-01
1.076406e+01 1.082132e+00 -2.660315e-01
1.076406e+01 1.168487e+00 -2.266319e-01
1.076406e+01 1.261733e+00 -1.914359e-01
1.076406e+01 1.362421e+00 -1.534312e-01
1.076406e+01 1.471144e+00 -1.123937e-01
1.076406e+01 1.588542e+00 -8.607103e-02
1.076406e+01 1.715310e+00 -7.339851e-02
1.076406e+01 1.852193e+00 -5.971470e-02
1.076406e+01 2.000000e+00 -4.493892e-02
1.099934e+01 1.000000e-03 -7.461419e+01
1.099934e+01 1.079801e-03 -8.002746e+01
1.099934e+01 1.165970e-03 -8.578465e+01
1.099934e+01 1.259016e-03 -9.189827e+01
1.099934e+01 1.359487e-03 -9.837954e+01
1.099934e+01 1.467975e-03 -1.052384e+02
1.099934e+01 1.585121e-03 -1.124832e+02
1.099934e+01 1.711615e-03 -1.201204e+02
1.099934e+01 1.848204e-03 -1.281541e+02
1.099934e+01 1.995693e-03 -1.365856e+02
1.099934e+01 2.154951e-03 -1.454124e+02
1.099934e+01 2.326918e-03 -1.546287e+02
1.099934e+01 2.512609e-03 -1.642227e+02
1.099934e+01 2.713117e-03 -1.741758e+02
1.099934e+01 2.929627e-03 -1.844641e+02
1.099934e+01 3.163414e-03 -1.950553e+02
1.099934e+01 3.415858e-03 -2.059086e+02
1.099934e+01 3.688447e-03 -2.169754e+02
1.099934e+01 3.982789e-03 -2.281959e+02
1.099934e+01 4.300619e-03 -2.394985e+02
1.099934e+01 4.643813e-03 -2.508024e+02
1.099934e+01 5.014394e-03 -2.620114e+02
1.099934e+01 5.414548e-03 -2.730149e+02
1.099934e+01 5.846635e-03 -2.836917e+02
1.099934e+01 6.313202e-03 -2.939021e+02
1.099934e+01 6.817002e-03 -3.034893e+02
1.099934e+01 7.361006e-03 -3.122883e+02
1.099934e+01 7.948422e-03 -3.201147e+02
1.099934e+01 8.582714e-03 -3.267688e+02
1.099934e+01 9.267624e-03 -3.320520e+02
1.099934e+01 1.000719e-02 -3.357525e+02
1.099934e+01 1.080577e-02 -3.376554e+02
1.099934e+01 1.166809e-02 -3.375680e+02
1.099934e+01 1.259921e-02 -3.353198e+02
1.099934e+01 1.360464e-02 -3.307748e+02
1.099934e+01 1.469030e-02 -3.238529e+02
1.099934e+01 1.586261e-02 -3.145714e+02
1.099934e+01 1.712846e-02 -3.030394e+02
1.099934e+01 1.849533e-02 -2.894381e+02
1.099934e+01 1.997127e-02 -2.741598e+02
1.099934e+01 2.156500e-02 -2.577292e+02
1.099934e+01 2.328591e-02 -2.406534e+02
1.099934e+01 2.514415e-02 -2.236284e+02
1.099934e+01 2.715068e-02 -2.073973e+02
1.099934e+01 2.931733e-02 -1.925182e+02
1.099934e+01 3.165689e-02 -1.793998e+02
1.099934e+01 3.418314e-02 -1.682882e+02
1.099934e+01 3.691099e-02 -1.590115e+02
1.099934e+01 3.985652e-02 -1.510081e+02
1.099934e+01 4.303711e-02 -1.433351e+02
1.099934e+01 4.647152e-02 -1.348484e+02
1.099934e+01 5.017999e-02 -1.245752e+02
1.099934e+01 5.418441e-02 -1.148793e+02
1.099934e+01 5.850838e-02 -1.086311e+02
1.099934e+01 6.317741e-02 -1.018843e+02
1.099934e+01 6.821903e-02 -9.459904e+01
1.099934e+01 7.366298e-02 -8.680294e+01
1.099934e+01 7.954136e-02 -7.910448e+01
1.099934e+01 8.588885e-02 -7.079168e+01
1.099934e+01 9.274286e-02 -6.181551e+01
1.099934e+01 1.001438e-01 -5.212303e+01
1.099934e+01 1.081354e-01 -4.627720e+01
1.099934e+01 1.167647e-01 -4.216913e+01
1.099934e+01 1.260827e-01 -3.773323e+01
1.099934e+01 1.361442e-01 -3.294334e+01
1.099934e+01 1.470087e-01 -2.830446e+01
1.099934e+01 1.587401e-01 -2.556692e+01
1.099934e+01 1.714077e-01 -2.261093e+01
1.099934e+01 1.850862e-01 -1.941904e+01
1.099934e+01 1.998563e-01 -1.597243e+01
1.099934e+01 2.158051e-01 -1.414853e+01
1.099934e+01 2.330265e-01 -1.255813e+01
1.099934e+01 2.516223e-01 -1.084083e+01
1.099934e+01 2.717020e-01 -8.986474e+00
1.099934e+01 2.933841e-01 -7.536294e+00
1.099934e+01 3.167964e-01 -6.672131e+00
1.099934e+01 3.420771e-01 -5.739008e+00
1.099934e+01 3.693752e-01 -4.731420e+00
1.099934e+01 3.988518e-01 -3.693114e+00
1.099934e+01 4.306805e-01 -3.268908e+00
1.099934e+01 4.650493e-01 -2.810850e+00
1.099934e+01 5.021607e-01 -2.316238e+00
1.099934e+01 5.422336e-01 -1.782156e+00
1.099934e+01 5.855044e-01 -1.475681e+00
1.099934e+01 6.322283e-01 -1.270676e+00
1.099934e+01 6.826808e-01 -1.049311e+00
1.099934e+01 7.371594e-01 -8.102818e-01
1.099934e+01 7.959855e-01 -6.095334e-01
1.099934e+01 8.595059e-01 -5.277279e-01
1.099934e+01 9.280954e-01 -4.393943e-01
1.099934e+01 1.002158e+00 -3.440115e-01
1.099934e+01 1.082132e+00 -2.410170e-01
1.099934e+01 1.168487e+00 -2.057519e-01
1.099934e+01 1.261733e+00 -1.741410e-01
1.099934e+01 1.362421e+00 -1.400076e-01
1.099934e+01 1.471144e+00 -1.031503e-01
1.099934e+01 1.588542e+00 -7.938259e-02
1.099934e+01 1.715310e+00 -6.775389e-02
1.099934e+01 1.852193e+00 -5.519720e-02
1.099934e+01 2.000000e+00 -4.163847e-02
1.123932e+01 1.000000e-03 -6.270677e+01
1.123932e+01 1.079801e-03 -6.725733e+01
1.123932e+01 1.165970e-03 -7.209714e+01
1.123932e+01 1.259016e-03 -7.723671e+01
1.123932e+01 1.359487e-03 -8.268545e+01
1.123932e+01 1.467975e-03 -8.845170e+01
1.123932e+01 1.585121e-03 -9.454244e+01
1.123932e+01 1.711615e-03 -1.009630e+02
1.123932e+01 1.848204e-03 -1.077169e+02
1.123932e+01 1.995693e-03 -1.148050e+02
1.123932e+01 2.154951e-03 -1.222254e+02
1.123932e+01 2.326918e-03 -1.299732e+02
1.123932e+01 2.512609e-03 -1.380382e+02
1.123932e+01 2.713117e-03 -1.464053e+02
1.123932e+01 2.929627e-03 -1.550540e+02
1.123932e+01 3.163414e-03 -1.639574e+02
1.123932e+01 3.415858e-03 -1.730812e+02
1.123932e+01 3.688447e-03 -1.823843e+02
1.123932e+01 3.982789e-03 -1.918165e+02
1.123932e+01 4.300619e-03 -2.013178e+02
1.123932e+01 4.643813e-03 -2.108201e+02
1.123932e+01 5.014394e-03 -2.202427e+02
1.123932e+01 5.414548e-03 -2.294925e+02
1.123932e+01 5.846635e-03 -2.384676e+02
1.123932e+01 6.313202e-03 -2.470507e+02
1.123932e+01 6.817002e-03 -2.551098e+02
1.123932e+01 7.361006e-03 -2.625065e+02
1.123932e+01 7.948422e-03 -2.690855e+02
1.123932e+01 8.582714e-03 -2.746791e+02
1.123932e+01 9.267624e-03 -2.791203e+02
1.123932e+01 1.000719e-02 -2.822311e+02
1.123932e+01 1.080577e-02 -2.838308e+02
1.123932e+01 1.166809e-02 -2.837575e+02
1.123932e+01 1.259921e-02 -2.818678e+02
1.123932e+01 1.360464e-02 -2.780474e+02
1.123932e+01 1.469030e-02 -2.722290e+02
1.123932e+01 1.586261e-02 -2.644270e+02
1.123932e+01 1.712846e-02 -2.547333e+02
1.123932e+01 1.849533e-02 -2.433003e+02
1.123932e+01 1.997127e-02 -2.304574e+02
1.123932e+01 2.156500e-02 -2.166460e+02
1.123932e+01 2.328591e-02 -2.022921e+02
1.123932e+01 2.514415e-02 -1.879810e+02
1.123932e+01 2.715068e-02 -1.743373e+02
1.123932e+01 2.931733e-02 -1.618299e+02
1.123932e+01 3.165689e-02 -1.508027e+02
1.123932e+01 3.418314e-02 -1.414623e+02
1.123932e+01 3.691099e-02 -1.336644e+02
1.123932e+01 3.985652e-02 -1.269367e+02
1.123932e+01 4.303711e-02 -1.204868e+02
1.123932e+01 4.647152e-02 -1.133530e+02
1.123932e+01 5.017999e-02 -1.047173e+02
1.123932e+01 5.418441e-02 -9.655775e+01
1.123932e+01 5.850838e-02 -9.127974e+01
1.123932e+01 6.317741e-02 -8.558055e+01
1.123932e+01 6.821903e-02 -7.942655e+01
1.123932e+01 7.366298e-02 -7.284700e+01
1.123932e+01 7.954136e-02 -6.641160e+01
1.123932e+01 8.588885e-02 -5.946265e+01
1.123932e+01 9.274286e-02 -5.195917e+01
1.123932e+01 1.001438e-01 -4.385690e+01
1.123932e+01 1.081354e-01 -3.894237e+01
1.123932e+01 1.167647e-01 -3.546500e+01
1.123932e+01 1.260827e-01 -3.171014e+01
1.123932e+01 1.361442e-01 -2.765563e+01
1.123932e+01 1.470087e-01 -2.373598e+01
1.123932e+01 1.587401e-01 -2.145626e+01
1.123932e+01 1.714077e-01 -1.899462e+01
1.123932e+01 1.850862e-01 -1.633654e+01
1.123932e+01 1.998563e-01 -1.346633e+01
1.123932e+01 2.158051e-01 -1.193762e+01
1.123932e+01 2.330265e-01 -1.060063e+01
1.123932e+01 2.516223e-01 -9.156937e+00
1.123932e+01 2.717020e-01 -7.598039e+00
1.123932e+01 2.933841e-01 -6.379686e+00
1.123932e+01 3.167964e-01 -5.655026e+00
1.123932e+01 3.420771e-01 -4.872536e+00
1.123932e+01 3.693752e-01 -4.027604e+00
1.123932e+01 3.988518e-01 -3.156727e+00
1.123932e+01 4.306805e-01 -2.798222e+00
1.123932e+01 4.650493e-01 -2.411109e+00
1.123932e+01 5.021607e-01 -1.993103e+00
1.123932e+01 5.422336e-01 -1.541739e+00
1.123932e+01 5.855044e-01 -1.281142e+00
1.123932e+01 6.322283e-01 -1.105431e+00
1.123932e+01 6.826808e-01 -9.156992e-01
1.123932e+01 7.371594e-01 -7.108262e-01
1.123932e+01 7.959855e-01 -5.383629e-01
1.123932e+01 8.595059e-01 -4.668696e-01
1.123932e+01 9.280954e-01 -3.896711e-01
1.123932e+01 1.002158e+00 -3.063120e-01
1.123932e+01 1.082132e+00 -2.163008e-01
1.123932e+01 1.168487e+00 -1.850653e-01
1.123932e+01 1.261733e+00 -1.569548e-01
1.123932e+01 1.362421e+00 -1.266010e-01
1.123932e+01 1.471144e+00 -9.382502e-02
1.123932e+01 1.588542e+00 -7.256946e-02
1.123932e+01 1.715310e+00 -6.199432e-02
1.123932e+01 1.852193e+00 -5.057528e-02
1.123932e+01 2.000000e+00 -3.824498e-02
1.148411e+01 1.000000e-03 -5.250402e+01
1.148411e+01 1.079801e-03 -5.631518e+01
1.148411e+01 1.165970e-03 -6.036870e+01
1.148411e+01 1.259016e-03 -6.467339e+01
1.148411e+01 1.359487e-03 -6.923713e+01
1.148411e+01 1.467975e-03 -7.406687e+01
1.148411e+01 1.585121e-03 -7.916843e+01
1.148411e+01 1.711615e-03 -8.454622e+01
1.148411e+01 1.848204e-03 -9.020313e+01
1.148411e+01 1.995693e-03 -9.613991e+01
1.148411e+01 2.154951e-03 -1.023549e+02
1.148411e+01 2.326918e-03 -1.088439e+02
1.148411e+01 2.512609e-03 -1.155987e+02
1.148411e+01 2.713117e-03 -1.226063e+02
1.148411e+01 2.929627e-03 -1.298499e+02
1.148411e+01 3.163414e-03 -1.373067e+02
1.148411e+01 3.415858e-03 -1.449481e+02
1.148411e+01 3.688447e-03 -1.527397e+02
1.148411e+01 3.982789e-03 -1.606393e+02
1.148411e+01 4.300619e-03 -1.685968e+02
1.148411e+01 4.643813e-03 -1.765550e+02
1.148411e+01 5.014394e-03 -1.844466e+02
1.148411e+01 5.414548e-03 -1.921933e+02
1.148411e+01 5.846635e-03 -1.997101e+02
1.148411e+01 6.313202e-03 -2.068985e+02
1.148411e+01 6.817002e-03 -2.136480e+02
1.148411e+01 7.361006e-03 -2.198428e+02
1.148411e+01 7.948422e-03 -2.253528e+02
1.148411e+01 8.582714e-03 -2.300374e+02
1.148411e+01 9.267624e-03 -2.337569e+02
1.148411e+01 1.000719e-02 -2.363623e+02
1.148411e+01 1.080577e-02 -2.377021e+02
1.148411e+01 1.166809e-02 -2.376408e+02
1.148411e+01 1.259921e-02 -2.360584e+02
1.148411e+01 1.360464e-02 -2.328590e+02
1.148411e+01 1.469030e-02 -2.279864e+02
1.148411e+01 1.586261e-02 -2.214524e+02
1.148411e+01 1.712846e-02 -2.133342e+02
1.148411e+01 1.849533e-02 -2.037593e+02
1.148411e+01 1.997127e-02 -1.930036e+02
1.148411e+01 2.156500e-02 -1.814369e+02
1.148411e+01 2.328591e-02 -1.694158e+02
1.148411e+01 2.514415e-02 -1.574305e+02
1.148411e+01 2.715068e-02 -1.460042e+02
1.148411e+01 2.931733e-02 -1.355295e+02
1.148411e+01 3.165689e-02 -1.262944e+02
1.148411e+01 3.418314e-02 -1.184720e+02
1.148411e+01 3.691099e-02 -1.119414e+02
1.148411e+01 3.985652e-02 -1.063071e+02
1.148411e+01 4.303711e-02 -1.009055e+02
1.148411e+01 4.647152e-02 -9.493101e+01
1.148411e+01 5.017999e-02 -8.769882e+01
1.148411e+01 5.418441e-02 -8.086531e+01
1.148411e+01 5.850838e-02 -7.644507e+01
1.148411e+01 6.317741e-02 -7.167208e+01
1.148411e+01 6.821903e-02 -6.651821e+01
1.148411e+01 7.366298e-02 -6.100732e+01
1.148411e+01 7.954136e-02 -5.561079e+01
1.148411e+01 8.588885e-02 -4.978362e+01
1.148411e+01 9.274286e-02 -4.349142e+01
1.148411e+01 1.001438e-01 -3.669711e+01
1.148411e+01 1.081354e-01 -3.257729e+01
1.148411e+01 1.167647e-01 -2.966340e+01
1.148411e+01 1.260827e-01 -2.651697e+01
1.148411e+01 1.361442e-01 -2.311946e+01
1.148411e+01 1.470087e-01 -1.983777e+01
1.148411e+01 1.587401e-01 -1.794250e+01
1.148411e+01 1.714077e-01 -1.589599e+01
1.148411e+01 1.850862e-01 -1.368616e+01
1.148411e+01 1.998563e-01 -1.129999e+01
1.148411e+01 2.158051e-01 -1.002390e+01
1.148411e+01 2.330265e-01 -8.905752e+00
1.148411e+01 2.516223e-01 -7.698372e+00
1.148411e+01 2.717020e-01 -6.394642e+00
1.148411e+01 2.933841e-01 -5.375523e+00
1.148411e+01 3.167964e-01 -4.769026e+00
1.148411e+01 3.420771e-01 -4.114131e+00
1.148411e+01 3.693752e-01 -3.406974e+00
1.148411e+01 3.988518e-01 -2.678066e+00
1.148411e+01 4.306805e-01 -2.377461e+00
1.148411e+01 4.650493e-01 -2.052867e+00
1.148411e+01 5.021607e-01 -1.702370e+00
1.148411e+01 5.422336e-01 -1.323903e+00
1.148411e+01 5.855044e-01 -1.103915e+00
1.148411e+01 6.322283e-01 -9.542978e-01
1.148411e+01 6.826808e-01 -7.927415e-01
1.148411e+01 7.371594e-01 -6.182929e-01
1.148411e+01 7.959855e-01 -4.711599e-01
1.148411e+01 8.595059e-01 -4.093185e-01
1.148411e+01 9.280954e-01 -3.425422e-01
1.148411e+01 1.002158e+00 -2.704371e-01
1.148411e+01 1.082132e+00 -1.925779e-01
1.148411e+01 1.168487e+00 -1.650989e-01
1.148411e+01 1.261733e+00 -1.402471e-01
1.148411e+01 1.362421e+00 -1.134121e-01
1.148411e+01 1.471144e+00 -8.443567e-02
1.148411e+01 1.588542e+00 -6.557229e-02
1.148411e+01 1.715310e+00 -5.608254e-02
1.148411e+01 1.852193e+00 -4.583549e-02
1.148411e+01 2.000000e+00 -3.477072e-02
1.173379e+01 1.000000e-03 -4.390692e+01
1.173379e+01 1.079801e-03 -4.709486e+01
1.173379e+01 1.165970e-03 -5.048565e+01
1.173379e+01 1.259016e-03 -5.408665e+01
1.173379e+01 1.359487e-03 -5.790443e+01
1.173379e+01 1.467975e-03 -6.194479e+01
1.173379e+01 1.585121e-03 -6.621256e+01
1.173379e+01 1.711615e-03 -7.071141e+01
1.173379e+01 1.848204e-03 -7.544372e+01
1.173379e+01 1.995693e-03 -8.041007e+01
1.173379e+01 2.154951e-03 -8.560907e+01
1.173379e+01 2.326918e-03 -9.103723e+01
1.173379e+01 2.512609e-03 -9.668761e+01
1.173379e+01 2.713117e-03 -1.025495e+02
1.173379e+01 2.929627e-03 -1.086087e+02
1.173379e+01 3.163414e-03 -1.148464e+02
1.173379e+01 3.415858e-03 -1.212384e+02
1.173379e+01 3.688447e-03 -1.277559e+02
1.173379e+01 3.982789e-03 -1.343639e+02
1.173379e+01 4.300619e-03 -1.410201e+02
1.173379e+01 4.643813e-03 -1.476771e+02
1.173379e+01 5.014394e-03 -1.542782e+02
1.173379e+01 5.414548e-03 -1.607582e+02
1.173379e+01 5.846635e-03 -1.670458e+02
1.173379e+01 6.313202e-03 -1.730587e+02
1.173379e+01 6.817002e-03 -1.787046e+02
1.173379e+01 7.361006e-03 -1.838863e+02
1.173379e+01 7.948422e-03 -1.884953e+02
1.173379e+01 8.582714e-03 -1.924140e+02
1.173379e+01 9.267624e-03 -1.955252e+02
1.173379e+01 1.000719e-02 -1.977044e+02
1.173379e+01 1.080577e-02 -1.988251e+02
1.173379e+01 1.166809e-02 -1.987739e+02
1.173379e+01 1.259921e-02 -1.974506e+02
1.173379e+01 1.360464e-02 -1.947747e+02
1.173379e+01 1.469030e-02 -1.906991e+02
1.173379e+01 1.586261e-02 -1.852338e+02
1.173379e+01 1.712846e-02 -1.784434e+02
1.173379e+01 1.849533e-02 -1.704344e+02
1.173379e+01 1.997127e-02 -1.614379e+02
1.173379e+01 2.156500e-02 -1.517629e+02
1.173379e+01 2.328591e-02 -1.417079e+02
1.173379e+01 2.514415e-02 -1.316828e+02
1.173379e+01 2.715068e-02 -1.221253e+02
1.173379e+01 2.931733e-02 -1.133638e+02
1.173379e+01 3.165689e-02 -1.056391e+02
1.173379e+01 3.418314e-02 -9.909602e+01
1.173379e+01 3.691099e-02 -9.363349e+01
1.173379e+01 3.985652e-02 -8.892066e+01
1.173379e+01 4.303711e-02 -8.440245e+01
1.173379e+01 4.647152e-02 -7.940510e+01
1.173379e+01 5.017999e-02 -7.335574e+01
1.173379e+01 5.418441e-02 -6.761209e+01
1.173379e+01 5.850838e-02 -6.383749e+01
1.173379e+01 6.317741e-02 -5.976168e+01
1.173379e+01 6.821903e-02 -5.536061e+01
1.173379e+01 7.366298e-02 -5.066714e+01
1.173379e+01 7.954136e-02 -4.619953e+01
1.173379e+01 8.588885e-02 -4.137541e+01
1.173379e+01 9.274286e-02 -3.616631e+01
1.173379e+01 1.001438e-01 -3.054153e+01
1.173379e+01 1.081354e-01 -2.712298e+01
1.173379e+01 1.167647e-01 -2.469839e+01
1.173379e+01 1.260827e-01 -2.208031e+01
1.173379e+01 1.361442e-01 -1.925330e+01
1.173379e+01 1.470087e-01 -1.652349e+01
1.173379e+01 1.587401e-01 -1.495084e+01
1.173379e+01 1.714077e-01 -1.325270e+01
1.173379e+01 1.850862e-01 -1.141904e+01
1.173379e+01 1.998563e-01 -9.439057e+00
1.173379e+01 2.158051e-01 -8.377372e+00
1.173379e+01 2.330265e-01 -7.445949e+00
1.173379e+01 2.516223e-01 -6.440197e+00
1.173379e+01 2.717020e-01 -5.354185e+00
1.173379e+01 2.933841e-01 -4.505302e+00
1.173379e+01 3.167964e-01 -4.000197e+00
1.173379e+01 3.420771e-01 -3.454784e+00
1.173379e+01 3.693752e-01 -2.865847e+00
1.173379e+01 3.988518e-01 -2.258738e+00
1.173379e+01 4.306805e-01 -2.007524e+00
1.173379e+01 4.650493e-01 -1.736263e+00
1.173379e+01 5.021607e-01 -1.443355e+00
1.173379e+01 5.422336e-01 -1.127072e+00
1.173379e+01 5.855044e-01 -9.425969e-01
1.173379e+01 6.322283e-01 -8.165850e-01
1.173379e+01 6.826808e-01 -6.805171e-01
1.173379e+01 7.371594e-01 -5.335910e-01
1.173379e+01 7.959855e-01 -4.093739e-01
1.173379e+01 8.595059e-01 -3.562699e-01
1.173379e+01 9.280954e-01 -2.989281e-01
1.173379e+01 1.002158e+00 -2.370104e-01
1.173379e+01 1.082132e+00 -1.701516e-01
1.173379e+01 1.168487e+00 -1.461629e-01
1.173379e+01 1.261733e+00 -1.243655e-01
1.173379e+01 1.362421e+00 -1.008287e-01
1.173379e+01 1.471144e+00 -7.541359e-02
1.173379e+01 1.588542e+00 -5.879641e-02
1.173379e+01 1.715310e+00 -5.033183e-02
1.173379e+01 1.852193e+00 -4.119176e-02
1.173379e+01 2.000000e+00 -3.132230e-02
1.198847e+01 1.000000e-03 -3.622562e+01
1.198847e+01 1.079801e-03 -3.885656e+01
1.198847e+01 1.165970e-03 -4.165499e+01
1.198847e+01 1.259016e-03 -4.462699e+01
1.198847e+01 1.359487e-03 -4.777797e+01
1.198847e+01 1.467975e-03 -5.111271e+01
1.198847e+01 1.585121e-03 -5.463517e+01
1.198847e+01 1.711615e-03 -5.834837e+01
1.198847e+01 1.848204e-03 -6.225419e+01
1.198847e+01 1.995693e-03 -6.635313e+01
1.198847e+01 2.154951e-03 -7.064402e+01
1.198847e+01 2.326918e-03 -7.512396e+01
1.198847e+01 2.512609e-03 -7.978724e+01
1.198847e+01 2.713117e-03 -8.462503e+01
1.198847e+01 2.929627e-03 -8.962570e+01
1.198847e+01 3.163414e-03 -9.477366e+01
1.198847e+01 3.415858e-03 -1.000490e+02
1.198847e+01 3.688447e-03 -1.054279e+02
1.198847e+01 3.982789e-03 -1.108813e+02
1.198847e+01 4.300619e-03 -1.163746e+02
1.198847e+01 4.643813e-03 -1.218685e+02
1.198847e+01 5.014394e-03 -1.273163e+02
1.198847e+01 5.414548e-03 -1.326641e+02
1.198847e+01 5.846635e-03 -1.378531e+02
1.198847e+01 6.313202e-03 -1.428154e+02
1.198847e+01 6.817002e-03 -1.474748e+02
1.198847e+01 7.361006e-03 -1.517512e+02
1.198847e+01 7.948422e-03 -1.555550e+02
1.198847e+01 8.582714e-03 -1.587889e+02
1.198847e+01 9.267624e-03 -1.613564e+02
1.198847e+01 1.000719e-02 -1.631547e+02
1.198847e+01 1.080577e-02 -1.640795e+02
1.198847e+01 1.166809e-02 -1.640374e+02
1.198847e+01 1.259921e-02 -1.629456e+02
1.198847e+01 1.360464e-02 -1.607375e+02
1.198847e+01 1.469030e-02 -1.573743e+02
1.198847e+01 1.586261e-02 -1.528642e+02
1.198847e+01 1.712846e-02 -1.472604e+02
1.198847e+01 1.849533e-02 -1.406510e+02
1.198847e+01 1.997127e-02 -1.332267e+02
1.198847e+01 2.156500e-02 -1.252424e+02
1.198847e+01 2.328591e-02 -1.169445e+02
1.198847e+01 2.514415e-02 -1.086713e+02
1.198847e+01 2.715068e-02 -1.007840e+02
1.198847e+01 2.931733e-02 -9.355352e+01
1.198847e+01 3.165689e-02 -8.717871e+01
1.198847e+01 3.418314e-02 -8.177906e+01
1.198847e+01 3.691099e-02 -7.727111e+01
1.198847e+01 3.985652e-02 -7.338184e+01
1.198847e+01 4.303711e-02 -6.965319e+01
1.198847e+01 4.647152e-02 -6.552912e+01
1.198847e+01 5.017999e-02 -6.053688e+01
1.198847e+01 5.418441e-02 -5.580621e+01
1.198847e+01 5.850838e-02 -5.271705e+01
1.198847e+01 6.317741e-02 -4.938137e+01
1.198847e+01 6.821903e-02 -4.577950e+01
1.198847e+01 7.366298e-02 -4.193458e+01
1.198847e+01 7.954136e-02 -3.823598e+01
1.198847e+01 8.588885e-02 -3.424223e+01
1.198847e+01 9.274286e-02 -2.992978e+01
1.198847e+01 1.001438e-01 -2.527319e+01
1.198847e+01 1.081354e-01 -2.244060e+01
1.198847e+01 1.167647e-01 -2.042951e+01
1.198847e+01 1.260827e-01 -1.825793e+01
1.198847e+01 1.361442e-01 -1.591305e+01
1.198847e+01 1.470087e-01 -1.365069e+01
1.198847e+01 1.587401e-01 -1.235639e+01
1.198847e+01 1.714077e-01 -1.095880e+01
1.198847e+01 1.850862e-01 -9.449688e+00
1.198847e+01 1.998563e-01 -7.820143e+00
1.198847e+01 2.158051e-01 -6.943172e+00
1.198847e+01 2.330265e-01 -6.172514e+00
1.198847e+01 2.516223e-01 -5.340357e+00
1.198847e+01 2.717020e-01 -4.441794e+00
1.198847e+01 2.933841e-01 -3.740147e+00
1.198847e+01 3.167964e-01 -3.323910e+00
1.198847e+01 3.420771e-01 -2.874457e+00
1.198847e+01 3.693752e-01 -2.389137e+00
1.198847e+01 3.988518e-01 -1.888754e+00
1.198847e+01 4.306805e-01 -1.680404e+00
1.198847e+01 4.650493e-01 -1.455427e+00
1.198847e+01 5.021607e-01 -1.212497e+00
1.198847e+01 5.422336e-01 -9.501810e-01
1.198847e+01 5.855044e-01 -7.968650e-01
1.198847e+01 6.322283e-01 -6.918643e-01
1.198847e+01 6.826808e-01 -5.784845e-01
1.198847e+01 7.371594e-01 -4.560568e-01
1.198847e+01 7.959855e-01 -3.522806e-01
1.198847e+01 8.595059e-01 -3.071003e-01
1.198847e+01 9.280954e-01 -2.583147e-01
1.198847e+01 1.002158e+00 -2.056358e-01
1.198847e+01 1.082132e+00 -1.487532e-01
1.198847e+01 1.168487e+00 -1.280656e-01
1.198847e+01 1.261733e+00 -1.091965e-01
1.198847e+01 1.362421e+00 -8.882166e-02
1.198847e+01 1.471144e+00 -6.682085e-02
1.198847e+01 1.588542e+00 -5.235324e-02
1.198847e+01 1.715310e+00 -4.486390e-02
1.198847e+01 1.852193e+00 -3.677690e-02
1.198847e+01 2.000000e+00 -2.804455e-02
1.224824e+01 1.000000e-03 -2.977724e+01
1.224824e+01 1.079801e-03 -3.194044e+01
1.224824e+01 1.165970e-03 -3.424143e+01
1.224824e+01 1.259016e-03 -3.668521e+01
1.224824e+01 1.359487e-03 -3.927622e+01
1.224824e+01 1.467975e-03 -4.201839e+01
1.224824e+01 1.585121e-03 -4.491495e+01
1.224824e+01 1.711615e-03 -4.796834e+01
1.224824e+01 1.848204e-03 -5.118011e+01
1.224824e+01 1.995693e-03 -5.455063e+01
1.224824e+01 2.154951e-03 -5.807892e+01
1.224824e+01 2.326918e-03 -6.176261e+01
1.224824e+01 2.512609e-03 -6.559700e+01
1.224824e+01 2.713117e-03 -6.957484e+01
1.224824e+01 2.929627e-03 -7.368662e+01
1.224824e+01 3.163414e-03 -7.791951e+01
1.224824e+01 3.415858e-03 -8.225710e+01
1.224824e+01 3.688447e-03 -8.667985e+01
1.224824e+01 3.982789e-03 -9.116385e+01
1.224824e+01 4.300619e-03 -9.568060e+01
1.224824e+01 4.643813e-03 -1.001978e+02
1.224824e+01 5.014394e-03 -1.046771e+02
1.224824e+01 5.414548e-03 -1.090742e+02
1.224824e+01 5.846635e-03 -1.133408e+02
1.224824e+01 6.313202e-03 -1.174209e+02
1.224824e+01 6.817002e-03 -1.212519e+02
1.224824e+01 7.361006e-03 -1.247681e+02
1.224824e+01 7.948422e-03 -1.278957e+02
1.224824e+01 8.582714e-03 -1.305547e+02
1.224824e+01 9.267624e-03 -1.326657e+02
1.224824e+01 1.000719e-02 -1.341441e+02
1.224824e+01 1.080577e-02 -1.349044e+02
1.224824e+01 1.166809e-02 -1.348698e+02
1.224824e+01 1.259921e-02 -1.339724e+02
1.224824e+01 1.360464e-02 -1.321572e+02
1.224824e+01 1.469030e-02 -1.293922e+02
1.224824e+01 1.586261e-02 -1.256840e+02
1.224824e+01 1.712846e-02 -1.210766e+02
1.224824e+01 1.849533e-02 -1.156424e+02
1.224824e+01 1.997127e-02 -1.095382e+02
1.224824e+01 2.156500e-02 -1.029736e+02
1.224824e+01 2.328591e-02 -9.615115e+01
1.224824e+01 2.514415e-02 -8.934899e+01
1.224824e+01 2.715068e-02 -8.286404e+01
1.224824e+01 2.931733e-02 -7.691921e+01
1.224824e+01 3.165689e-02 -7.167787e+01
1.224824e+01 3.418314e-02 -6.723832e+01
1.224824e+01 3.691099e-02 -6.353190e+01
1.224824e+01 3.985652e-02 -6.033417e+01
1.224824e+01 4.303711e-02 -5.726848e+01
1.224824e+01 4.647152e-02 -5.387769e+01
1.224824e+01 5.017999e-02 -4.977310e+01
1.224824e+01 5.418441e-02 -4.588252e+01
1.224824e+01 5.850838e-02 -4.333970e+01
1.224824e+01 6.317741e-02 -4.059396e+01
1.224824e+01 6.821903e-02 -3.762911e+01
1.224824e+01 7.366298e-02 -3.446450e+01
1.224824e+01 7.954136e-02 -3.142340e+01
1.224824e+01 8.588885e-02 -2.813963e+01
1.224824e+01 9.274286e-02 -2.459381e+01
1.224824e+01 1.001438e-01 -2.076502e+01
1.224824e+01 1.081354e-01 -1.843602e+01
1.224824e+01 1.167647e-01 -1.678249e+01
1.224824e+01 1.260827e-01 -1.499700e+01
1.224824e+01 1.361442e-01 -1.306903e+01
1.224824e+01 1.470087e-01 -1.120995e+01
1.224824e+01 1.587401e-01 -1.015141e+01
1.224824e+01 1.714077e-01 -9.008388e+00
1.224824e+01 1.850862e-01 -7.774154e+00
1.224824e+01 1.998563e-01 -6.441427e+00
1.224824e+01 2.158051e-01 -5.721600e+00
1.224824e+01 2.330265e-01 -5.087997e+00
1.224824e+01 2.516223e-01 -4.403831e+00
1.224824e+01 2.717020e-01 -3.665069e+00
1.224824e+01 2.933841e-01 -3.088436e+00
1.224824e+01 3.167964e-01 -2.746771e+00
1.224824e+01 3.420771e-01 -2.377839e+00
1.224824e+01 3.693752e-01 -1.979467e+00
1.224824e+01 3.988518e-01 -1.568692e+00
1.224824e+01 4.306805e-01 -1.397079e+00
1.224824e+01 4.650493e-01 -1.211771e+00
1.224824e+01 5.021607e-01 -1.011675e+00
1.224824e+01 5.422336e-01 -7.956114e-01
1.224824e+01 5.855044e-01 -6.690361e-01
1.224824e+01 6.322283e-01 -5.820974e-01
1.224824e+01 6.826808e-01 -4.882208e-01
1.224824e+01 7.371594e-01 -3.868528e-01
1.224824e+01 7.959855e-01 -3.007336e-01
1.224824e+01 8.595059e-01 -2.626580e-01
1.224824e+01 9.280954e-01 -2.215439e-01
1.224824e+01 1.002158e+00 -1.771489e-01
1.224824e+01 1.082132e+00 -1.292112e-01
1.224824e+01 1.168487e+00 -1.114845e-01
1.224824e+01 1.261733e+00 -9.524206e-02
1.224824e+01 1.362421e+00 -7.770348e-02
1.224824e+01 1.471144e+00 -5.876530e-02
1.224824e+01 1.588542e+00 -4.625381e-02
1.224824e+01 1.715310e+00 -3.969392e-02
1.224824e+01 1.852193e+00 -3.261054e-02
1.224824e+01 2.000000e+00 -2.496191e-02
1.251320e+01 1.000000e-03 -2.439318e+01
1.251320e+01 1.079801e-03 -2.616573e+01
1.251320e+01 1.165970e-03 -2.805126e+01
1.251320e+01 1.259016e-03 -3.005385e+01
1.251320e+01 1.359487e-03 -3.217716e+01
1.251320e+01 1.467975e-03 -3.442437e+01
1.251320e+01 1.585121e-03 -3.679814e+01
1.251320e+01 1.711615e-03 -3.930043e+01
1.251320e+01 1.848204e-03 -4.193250e+01
1.251320e+01 1.995693e-03 -4.469461e+01
1.251320e+01 2.154951e-03 -4.758598e+01
1.251320e+01 2.326918e-03 -5.060464e+01
1.251320e+01 2.512609e-03 -5.374674e+01
1.251320e+01 2.713117e-03 -5.700636e+01
1.251320e+01 2.929627e-03 -6.037575e+01
1.251320e+01 3.163414e-03 -6.384438e+01
1.251320e+01 3.415858e-03 -6.739880e+01
1.251320e+01 3.688447e-03 -7.102298e+01
1.251320e+01 3.982789e-03 -7.469732e+01
1.251320e+01 4.300619e-03 -7.839848e+01
1.251320e+01 4.643813e-03 -8.210000e+01
1.251320e+01 5.014394e-03 -8.577048e+01
1.251320e+01 5.414548e-03 -8.937362e+01
1.251320e+01 5.846635e-03 -9.286972e+01
1.251320e+01 6.313202e-03 -9.621304e+01
1.251320e+01 6.817002e-03 -9.935230e+01
1.251320e+01 7.361006e-03 -1.022336e+02
1.251320e+01 7.948422e-03 -1.047964e+02
1.251320e+01 8.582714e-03 -1.069753e+02
1.251320e+01 9.267624e-03 -1.087049e+02
1.251320e+01 1.000719e-02 -1.099162e+02
1.251320e+01 1.080577e-02 -1.105391e+02
1.251320e+01 1.166809e-02 -1.105109e+02
1.251320e+01 1.259921e-02 -1.097757e+02
1.251320e+01 1.360464e-02 -1.082887e+02
1.251320e+01 1.469030e-02 -1.060231e+02
1.251320e+01 1.586261e-02 -1.029847e+02
1.251320e+01 1.712846e-02 -9.920944e+01
1.251320e+01 1.849533e-02 -9.475670e+01
1.251320e+01 1.997127e-02 -8.975495e+01
1.251320e+01 2.156500e-02 -8.437599e+01
1.251320e+01 2.328591e-02 -7.878573e+01
1.251320e+01 2.514415e-02 -7.321209e+01
1.251320e+01 2.715068e-02 -6.789837e+01
1.251320e+01 2.931733e-02 -6.302720e+01
1.251320e+01 3.165689e-02 -5.873248e+01
1.251320e+01 3.418314e-02 -5.509473e+01
1.251320e+01 3.691099e-02 -5.205772e+01
1.251320e+01 3.985652e-02 -4.943751e+01
1.251320e+01 4.303711e-02 -4.692550e+01
1.251320e+01 4.647152e-02 -4.414711e+01
1.251320e+01 5.017999e-02 -4.078383e+01
1.251320e+01 5.418441e-02 -3.758574e+01
1.251320e+01 5.850838e-02 -3.547387e+01
1.251320e+01 6.317741e-02 -3.319347e+01
1.251320e+01 6.821903e-02 -3.073109e+01
1.251320e+01 7.366298e-02 -2.810746e+01
1.251320e+01 7.954136e-02 -2.563439e+01
1.251320e+01 8.588885e-02 -2.296396e+01
1.251320e+01 9.274286e-02 -2.008043e+01
1.251320e+01 1.001438e-01 -1.696679e+01
1.251320e+01 1.081354e-01 -1.506661e+01
1.251320e+01 1.167647e-01 -1.371227e+01
1.251320e+01 1.260827e-01 -1.224985e+01
1.251320e+01 1.361442e-01 -1.067073e+01
1.251320e+01 1.470087e-01 -9.149063e+00
1.251320e+01 1.587401e-01 -8.287496e+00
1.251320e+01 1.714077e-01 -7.357174e+00
1.251320e+01 1.850862e-01 -6.352612e+00
1.251320e+01 1.998563e-01 -5.267885e+00
1.251320e+01 2.158051e-01 -4.680933e+00
1.251320e+01 2.330265e-01 -4.163860e+00
1.251320e+01 2.516223e-01 -3.605523e+00
1.251320e+01 2.717020e-01 -3.002630e+00
1.251320e+01 2.933841e-01 -2.532145e+00
1.251320e+01 3.167964e-01 -2.253540e+00
1.251320e+01 3.420771e-01 -1.952702e+00
1.251320e+01 3.693752e-01 -1.627857e+00
1.251320e+01 3.988518e-01 -1.292877e+00
1.251320e+01 4.306805e-01 -1.152611e+00
1.251320e+01 4.650493e-01 -1.001152e+00
1.251320e+01 5.021607e-01 -8.376058e-01
1.251320e+01 5.422336e-01 -6.610088e-01
1.251320e+01 5.855044e-01 -5.573216e-01
1.251320e+01 6.322283e-01 -4.859040e-01
1.251320e+01 6.826808e-01 -4.087871e-01
1.251320e+01 7.371594e-01 -3.255163e-01
1.251320e+01 7.959855e-01 -2.546124e-01
1.251320e+01 8.595059e-01 -2.227872e-01
1.251320e+01 9.280954e-01 -1.884223e-01
1.251320e+01 1.002158e+00 -1.513150e-01
1.251320e+01 1.082132e+00 -1.112465e-01
1.251320e+01 1.168487e+00 -9.620801e-02
1.251320e+01 1.261733e+00 -8.237354e-02
1.251320e+01 1.362421e+00 -6.743507e-02
1.251320e+01 1.471144e+00 -5.130449e-02
1.251320e+01 1.588542e+00 -4.058609e-02
1.251320e+01 1.715310e+00 -3.487795e-02
1.251320e+01 1.852193e+00 -2.871429e-02
1.251320e+01 2.000000e+00 -2.205878e-02
1.278347e+01 1.000000e-03 -1.966358e+01
1.278347e+01 1.079801e-03 -2.109285e+01
1.278347e+01 1.165970e-03 -2.261326e+01
1.278347e+01 1.259016e-03 -2.422813e+01
1.278347e+01 1.359487e-03 -2.594039e+01
1.278347e+01 1.467975e-03 -2.775260e+01
1.278347e+01 1.585121e-03 -2.966688e+01
1.278347e+01 1.711615e-03 -3.168483e+01
1.278347e+01 1.848204e-03 -3.380741e+01
1.278347e+01 1.995693e-03 -3.603484e+01
1.278347e+01 2.154951e-03 -3.836646e+01
1.278347e+01 2.326918e-03 -4.080068e+01
1.278347e+01 2.512609e-03 -4.333440e+01
1.278347e+01 2.713117e-03 -4.596287e+01
1.278347e+01 2.929627e-03 -4.867984e+01
1.278347e+01 3.163414e-03 -5.147685e+01
1.278347e+01 3.415858e-03 -5.434303e+01
1.278347e+01 3.688447e-03 -5.726544e+01
1.278347e+01 3.982789e-03 -6.022828e+01
1.278347e+01 4.300619e-03 -6.321273e+01
1.278347e+01 4.643813e-03 -6.619747e+01
1.278347e+01 5.014394e-03 -6.915717e+01
1.278347e+01 5.414548e-03 -7.206256e+01
1.278347e+01 5.846635e-03 -7.488164e+01
1.278347e+01 6.313202e-03 -7.757752e+01
1.278347e+01 6.817002e-03 -8.010885e+01
1.278347e+01 7.361006e-03 -8.243218e+01
1.278347e+01 7.948422e-03 -8.449873e+01
1.278347e+01 8.582714e-03 -8.625563e+01
1.278347e+01 9.267624e-03 -8.765029e+01
1.278347e+01 1.000719e-02 -8.862692e+01
1.278347e+01 1.080577e-02 -8.912915e+01
1.278347e+01 1.166809e-02 -8.910647e+01
1.278347e+01 1.259921e-02 -8.851383e+01
1.278347e+01 1.360464e-02 -8.731493e+01
1.278347e+01 1.469030e-02 -8.548831e+01
1.278347e+01 1.586261e-02 -8.303843e+01
1.278347e+01 1.712846e-02 -7.999434e+01
1.278347e+01 1.849533e-02 -7.640403e+01
1.278347e+01 1.997127e-02 -7.237104e+01
1.278347e+01 2.156500e-02 -6.803391e+01
1.278347e+01 2.328591e-02 -6.352639e+01
1.278347e+01 2.514415e-02 -5.903227e+01
1.278347e+01 2.715068e-02 -5.474772e+01
1.278347e+01 2.931733e-02 -5.082001e+01
1.278347e+01 3.165689e-02 -4.735710e+01
1.278347e+01 3.418314e-02 -4.442392e+01
1.278347e+01 3.691099e-02 -4.197511e+01
1.278347e+01 3.985652e-02 -3.986239e+01
1.278347e+01 4.303711e-02 -3.783691e+01
1.278347e+01 4.647152e-02 -3.559664e+01
1.278347e+01 5.017999e-02 -3.288477e+01
1.278347e+01 5.418441e-02 -3.031656e+01
1.278347e+01 5.850838e-02 -2.864288e+01
1.278347e+01 6.317741e-02 -2.683564e+01
1.278347e+01 6.821903e-02 -2.488417e+01
1.278347e+01 7.366298e-02 -2.280071e+01
1.278347e+01 7.954136e-02 -2.079331e+01
1.278347e+01 8.588885e-02 -1.862571e+01
1.278347e+01 9.274286e-02 -1.628514e+01
1.278347e+01 1.001438e-01 -1.375779e+01
1.278347e+01 1.081354e-01 -1.221291e+01
1.278347e+01 1.167647e-01 -1.110972e+01
1.278347e+01 1.260827e-01 -9.918487e+00
1.278347e+01 1.361442e-01 -8.632194e+00
1.278347e+01 1.470087e-01 -7.394399e+00
1.278347e+01 1.587401e-01 -6.701674e+00
1.278347e+01 1.714077e-01 -5.953668e+00
1.278347e+01 1.850862e-01 -5.145971e+00
1.278347e+01 1.998563e-01 -4.273819e+00
1.278347e+01 2.158051e-01 -3.799341e+00
1.278347e+01 2.330265e-01 -3.380334e+00
1.278347e+01 2.516223e-01 -2.927891e+00
1.278347e+01 2.717020e-01 -2.439342e+00
1.278347e+01 2.933841e-01 -2.058190e+00
1.278347e+01 3.167964e-01 -1.832667e+00
1.278347e+01 3.420771e-01 -1.589147e+00
1.278347e+01 3.693752e-01 -1.326193e+00
1.278347e+01 3.988518e-01 -1.055035e+00
1.278347e+01 4.306805e-01 -9.414912e-01
1.278347e+01 4.650493e-01 -8.188864e-01
1.278347e+01 5.021607e-01 -6.864976e-01
1.278347e+01 5.422336e-01 -5.435440e-01
1.278347e+01 5.855044e-01 -4.594221e-01
1.278347e+01 6.322283e-01 -4.013193e-01
1.278347e+01 6.826808e-01 -3.385798e-01
1.278347e+01 7.371594e-01 -2.708337e-01
1.278347e+01 7.959855e-01 -2.130329e-01
1.278347e+01 8.595059e-01 -1.867428e-01
1.278347e+01 9.280954e-01 -1.583547e-01
1.278347e+01 1.002158e+00 -1.277013e-01
1.278347e+01 1.082132e+00 -9.460169e-02
1.278347e+01 1.168487e+00 -8.200107e-02
1.278347e+01 1.261733e+00 -7.036578e-02
1.278347e+01 1.362421e+00 -5.780199e-02
1.278347e+01 1.471144e+00 -4.423558e-02
1.278347e+01 1.588542e+00 -3.516545e-02
1.278347e+01 1.715310e+00 -3.025604e-02
1.278347e+01 1.852193e+00 -2.495485e-02
1.278347e+01 2.000000e+00 -1.923063e-02
1.305914e+01 1.000000e-03 -1.598175e+01
1.305914e+01 1.079801e-03 -1.714373e+01
1.305914e+01 1.165970e-03 -1.837985e+01
1.305914e+01 1.259016e-03 -1.969281e+01
1.305914e+01 1.359487e-03 -2.108499e+01
1.305914e+01 1.467975e-03 -2.255847e+01
1.305914e+01 1.585121e-03 -2.411497e+01
1.305914e+01 1.711615e-03 -2.575576e+01
1.305914e+01 1.848204e-03 -2.748162e+01
1.305914e+01 1.995693e-03 -2.929270e+01
1.305914e+01 2.154951e-03 -3.118847e+01
1.305914e+01 2.326918e-03 -3.316762e+01
1.305914e+01 2.512609e-03 -3.522763e+01
1.305914e+01 2.713117e-03 -3.736466e+01
1.305914e+01 2.929627e-03 -3.957364e+01
1.305914e+01 3.163414e-03 -4.184769e+01
1.305914e+01 3.415858e-03 -4.417798e+01
1.305914e+01 3.688447e-03 -4.655398e+01
1.305914e+01 3.982789e-03 -4.896282e+01
1.305914e+01 4.300619e-03 -5.138922e+01
1.305914e+01 4.643813e-03 -5.381585e+01
1.305914e+01 5.014394e-03 -5.622213e+01
1.305914e+01 5.414548e-03 -5.858424e+01
1.305914e+01 5.846635e-03 -6.087617e+01
1.305914e+01 6.313202e-03 -6.306794e+01
1.305914e+01 6.817002e-03 -6.512593e+01
1.305914e+01 7.361006e-03 -6.701482e+01
1.305914e+01 7.948422e-03 -6.869494e+01
1.305914e+01 8.582714e-03 -7.012332e+01
1.305914e+01 9.267624e-03 -7.125715e+01
1.305914e+01 1.000719e-02 -7.205112e+01
1.305914e+01 1.080577e-02 -7.245942e+01
1.305914e+01 1.166809e-02 -7.244103e+01
1.305914e+01 1.259921e-02 -7.195932e+01
1.305914e+01 1.360464e-02 -7.098475e+01
1.305914e+01 1.469030e-02 -6.949983e+01
1.305914e+01 1.586261e-02 -6.750817e+01
1.305914e+01 1.712846e-02 -6.503340e+01
1.305914e+01 1.849533e-02 -6.211458e+01
1.305914e+01 1.997127e-02 -5.883587e+01
1.305914e+01 2.156500e-02 -5.530990e+01
1.305914e+01 2.328591e-02 -5.164542e+01
1.305914e+01 2.514415e-02 -4.799181e+01
1.305914e+01 2.715068e-02 -4.450858e+01
1.305914e+01 2.931733e-02 -4.131545e+01
1.305914e+01 3.165689e-02 -3.850019e+01
1.305914e+01 3.418314e-02 -3.611558e+01
1.305914e+01 3.691099e-02 -3.412476e+01
1.305914e+01 3.985652e-02 -3.240717e+01
1.305914e+01 4.303711e-02 -3.076050e+01
1.305914e+01 4.647152e-02 -2.893922e+01
1.305914e+01 5.017999e-02 -2.673453e+01
1.305914e+01 5.418441e-02 -2.462956e+01
1.305914e+01 5.850838e-02 -2.322134e+01
1.305914e+01 6.317741e-02 -2.170073e+01
1.305914e+01 6.821903e-02 -2.005879e+01
1.305914e+01 7.366298e-02 -1.831311e+01
1.305914e+01 7.954136e-02 -1.670691e+01
1.305914e+01 8.588885e-02 -1.497253e+01
1.305914e+01 9.274286e-02 -1.309975e+01
1.305914e+01 1.001438e-01 -1.107752e+01
1.305914e+01 1.081354e-01 -9.838615e+00
1.305914e+01 1.167647e-01 -8.951570e+00
1.305914e+01 1.260827e-01 -7.993738e+00
1.305914e+01 1.361442e-01 -6.959469e+00
1.305914e+01 1.470087e-01 -5.964130e+00
1.305914e+01 1.587401e-01 -5.406775e+00
1.305914e+01 1.714077e-01 -4.804943e+00
1.305914e+01 1.850862e-01 -4.155084e+00
1.305914e+01 1.998563e-01 -3.453366e+00
1.305914e+01 2.158051e-01 -3.070701e+00
1.305914e+01 2.330265e-01 -2.732412e+00
1.305914e+01 2.516223e-01 -2.367128e+00
1.305914e+01 2.717020e-01 -1.972694e+00
1.305914e+01 2.933841e-01 -1.665056e+00
1.305914e+01 3.167964e-01 -1.483184e+00
1.305914e+01 3.420771e-01 -1.286799e+00
1.305914e+01 3.693752e-01 -1.074742e+00
1.305914e+01 3.988518e-01 -8.560948e-01
1.305914e+01 4.306805e-01 -7.649162e-01
1.305914e+01 4.650493e-01 -6.664615e-01
1.305914e+01 5.021607e-01 -5.601500e-01
1.305914e+01 5.422336e-01 -4.453546e-01
1.305914e+01 5.855044e-01 -3.775013e-01
1.305914e+01 6.322283e-01 -3.303775e-01
1.305914e+01 6.826808e-01 -2.794932e-01
1.305914e+01 7.371594e-01 -2.245483e-01
1.305914e+01 7.959855e-01 -1.775860e-01
1.305914e+01 8.595059e-01 -1.559772e-01
1.305914e+01 9.280954e-01 -1.326440e-01
1.305914e+01 1.002158e+00 -1.074488e-01
1.305914e+01 1.082132e+00 -8.024293e-02
1.305914e+01 1.168487e+00 -6.973265e-02
1.305914e+01 1.261733e+00 -5.999050e-02
1.305914e+01 1.362421e+00 -4.947091e-02
1.305914e+01 1.471144e+00 -3.811186e-02
1.305914e+01 1.588542e+00 -3.047042e-02
1.305914e+01 1.715310e+00 -2.626775e-02
1.305914e+01 1.852193e+00 -2.172970e-02
1.305914e+01 2.000000e+00 -1.682952e-02
1.334032e+01 1.000000e-03 -1.266585e+01
1.334032e+01 1.079801e-03 -1.358700e+01
1.334032e+01 1.165970e-03 -1.456696e+01
1.334032e+01 1.259016e-03 -1.560788e+01
1.334032e+01 1.359487e-03 -1.671163e+01
1.334032e+01 1.467975e-03 -1.787987e+01
1.334032e+01 1.585121e-03 -1.911395e+01
1.334032e+01 1.711615e-03 -2.041486e+01
1.334032e+01 1.848204e-03 -2.178322e+01
1.334032e+01 1.995693e-03 -2.321913e+01
1.334032e+01 2.154951e-03 -2.472215e+01
1.334032e+01 2.326918e-03 -2.629125e+01
1.334032e+01 2.512609e-03 -2.792444e+01
1.334032e+01 2.713117e-03 -2.961866e+01
1.334032e+01 2.929627e-03 -3.136992e+01
1.334032e+01 3.163414e-03 -3.317277e+01
1.334032e+01 3.415858e-03 -3.502020e+01
1.334032e+01 3.688447e-03 -3.690386e+01
1.334032e+01 3.982789e-03 -3.881354e+01
1.334032e+01 4.300619e-03 -4.073713e+01
1.334032e+01 4.643813e-03 -4.266090e+01
1.334032e+01 5.014394e-03 -4.456854e+01
1.334032e+01 5.414548e-03 -4.644116e+01
1.334032e+01 5.846635e-03 -4.825813e+01
1.334032e+01 6.313202e-03 -4.999569e+01
1.334032e+01 6.817002e-03 -5.162720e+01
1.334032e+01 7.361006e-03 -5.312465e+01
1.334032e+01 7.948422e-03 -5.445660e+01
1.334032e+01 8.582714e-03 -5.558898e+01
1.334032e+01 9.267624e-03 -5.648784e+01
1.334032e+01 1.000719e-02 -5.711726e+01
1.334032e+01 1.080577e-02 -5.744096e+01
1.334032e+01 1.166809e-02 -5.742642e+01
1.334032e+01 1.259921e-02 -5.704461e+01
1.334032e+01 1.360464e-02 -5.627208e+01
1.334032e+01 1.469030e-02 -5.509497e+01
1.334032e+01 1.586261e-02 -5.351613e+01
1.334032e+01 1.712846e-02 -5.155432e+01
1.334032e+01 1.849533e-02 -4.924047e+01
1.334032e+01 1.997127e-02 -4.664133e+01
1.334032e+01 2.156500e-02 -4.384618e+01
1.334032e+01 2.328591e-02 -4.094121e+01
1.334032e+01 2.514415e-02 -3.804487e+01
1.334032e+01 2.715068e-02 -3.528359e+01
1.334032e+01 2.931733e-02 -3.275228e+01
1.334032e+01 3.165689e-02 -3.052052e+01
1.334032e+01 3.418314e-02 -2.863016e+01
1.334032e+01 3.691099e-02 -2.705196e+01
1.334032e+01 3.985652e-02 -2.569036e+01
1.334032e+01 4.303711e-02 -2.438499e+01
1.334032e+01 4.647152e-02 -2.294119e+01
1.334032e+01 5.017999e-02 -2.119345e+01
1.334032e+01 5.418441e-02 -1.954031e+01
1.334032e+01 5.850838e-02 -1.846726e+01
1.334032e+01 6.317741e-02 -1.730858e+01
1.334032e+01 6.821903e-02 -1.605744e+01
1.334032e+01 7.366298e-02 -1.472056e+01
1.334032e+01 7.954136e-02 -1.342115e+01
1.334032e+01 8.588885e-02 -1.201805e+01
1.334032e+01 9.274286e-02 -1.050297e+01
1.334032e+01 1.001438e-01 -8.866994e+00
1.334032e+01 1.081354e-01 -7.872628e+00
1.334032e+01 1.167647e-01 -7.167311e+00
1.334032e+01 1.260827e-01 -6.405709e+00
1.334032e+01 1.361442e-01 -5.583331e+00
1.334032e+01 1.470087e-01 -4.791045e+00
1.334032e+01 1.587401e-01 -4.343282e+00
1.334032e+01 1.714077e-01 -3.859788e+00
1.334032e+01 1.850862e-01 -3.337710e+00
1.334032e+01 1.998563e-01 -2.773970e+00
1.334032e+01 2.158051e-01 -2.466718e+00
1.334032e+01 2.330265e-01 -2.195165e+00
1.334032e+01 2.516223e-01 -1.901941e+00
1.334032e+01 2.717020e-01 -1.585319e+00
1.334032e+01 2.933841e-01 -1.338693e+00
1.334032e+01 3.167964e-01 -1.193461e+00
1.334032e+01 3.420771e-01 -1.036640e+00
1.334032e+01 3.693752e-01 -8.673037e-01
1.334032e+01 3.988518e-01 -6.926727e-01
1.334032e+01 4.306805e-01 -6.193806e-01
1.334032e+01 4.650493e-01 -5.402397e-01
1.334032e+01 5.021607e-01 -4.547833e-01
1.334032e+01 5.422336e-01 -3.625074e-01
1.334032e+01 5.855044e-01 -3.079486e-01
1.334032e+01 6.322283e-01 -2.700440e-01
1.334032e+01 6.826808e-01 -2.291146e-01
1.334032e+01 7.371594e-01 -1.849190e-01
1.334032e+01 7.959855e-01 -1.470755e-01
1.334032e+01 8.595059e-01 -1.294581e-01
1.334032e+01 9.280954e-01 -1.104348e-01
1.334032e+01 1.002158e+00 -8.989341e-02
1.334032e+01 1.082132e+00 -6.771281e-02
1.334032e+01 1.168487e+00 -5.898286e-02
1.334032e+01 1.261733e+00 -5.085258e-02
1.334032e+01 1.362421e+00 -4.207351e-02
1.334032e+01 1.471144e+00 -3.259386e-02
1.334032e+01 1.588542e+00 -2.618543e-02
1.334032e+01 1.715310e+00 -2.261693e-02
1.334032e+01 1.852193e+00 -1.876365e-02
1.334032e+01 2.000000e+00 -1.460289e-02
1.362713e+01 1.000000e-03 -1.010732e+01
1.362713e+01 1.079801e-03 -1.084261e+01
1.362713e+01 1.165970e-03 -1.162487e+01
1.362713e+01 1.259016e-03 -1.245582e+01
1.362713e+01 1.359487e-03 -1.333696e+01
1.362713e+01 1.467975e-03 -1.426960e+01
1.362713e+01 1.585121e-03 -1.525482e+01
1.362713e+01 1.711615e-03 -1.629341e+01
1.362713e+01 1.848204e-03 -1.738583e+01
1.362713e+01 1.995693e-03 -1.853217e+01
1.362713e+01 2.154951e-03 -1.973207e+01
1.362713e+01 2.326918e-03 -2.098470e+01
1.362713e+01 2.512609e-03 -2.228845e+01
1.362713e+01 2.713117e-03 -2.364092e+01
1.362713e+01 2.929627e-03 -2.503892e+01
1.362713e+01 3.163414e-03 -2.647810e+01
1.362713e+01 3.415858e-03 -2.795287e+01
1.362713e+01 3.688447e-03 -2.945654e+01
1.362713e+01 3.982789e-03 -3.098099e+01
1.362713e+01 4.300619e-03 -3.251652e+01
1.362713e+01 4.643813e-03 -3.405220e+01
1.362713e+01 5.014394e-03 -3.557499e+01
1.362713e+01 5.414548e-03 -3.706983e+01
1.362713e+01 5.846635e-03 -3.852024e+01
1.362713e+01 6.313202e-03 -3.990726e+01
1.362713e+01 6.817002e-03 -4.120962e+01
1.362713e+01 7.361006e-03 -4.240497e+01
1.362713e+01 7.948422e-03 -4.346821e+01
1.362713e+01 8.582714e-03 -4.437214e+01
1.362713e+01 9.267624e-03 -4.508966e+01
1.362713e+01 1.000719e-02 -4.559212e+01
1.362713e+01 1.080577e-02 -4.585054e+01
1.362713e+01 1.166809e-02 -4.583896e+01
1.362713e+01 1.259921e-02 -4.553422e+01
1.362713e+01 1.360464e-02 -4.491760e+01
1.362713e+01 1.469030e-02 -4.397803e+01
1.362713e+01 1.586261e-02 -4.271778e+01
1.362713e+01 1.712846e-02 -4.115183e+01
1.362713e+01 1.849533e-02 -3.930488e+01
1.362713e+01 1.997127e-02 -3.723019e+01
1.362713e+01 2.156500e-02 -3.499905e+01
1.362713e+01 2.328591e-02 -3.268024e+01
1.362713e+01 2.514415e-02 -3.036832e+01
1.362713e+01 2.715068e-02 -2.816420e+01
1.362713e+01 2.931733e-02 -2.614365e+01
1.362713e+01 3.165689e-02 -2.436221e+01
1.362713e+01 3.418314e-02 -2.285328e+01
1.362713e+01 3.691099e-02 -2.159352e+01
1.362713e+01 3.985652e-02 -2.050666e+01
1.362713e+01 4.303711e-02 -1.946468e+01
1.362713e+01 4.647152e-02 -1.831220e+01
1.362713e+01 5.017999e-02 -1.691712e+01
1.362713e+01 5.418441e-02 -1.559364e+01
1.362713e+01 5.850838e-02 -1.472622e+01
1.362713e+01 6.317741e-02 -1.378958e+01
1.362713e+01 6.821903e-02 -1.277819e+01
1.362713e+01 7.366298e-02 -1.169893e+01
1.362713e+01 7.954136e-02 -1.066460e+01
1.362713e+01 8.588885e-02 -9.547730e+00
1.362713e+01 9.274286e-02 -8.341731e+00
1.362713e+01 1.001438e-01 -7.039491e+00
1.362713e+01 1.081354e-01 -6.251395e+00
1.362713e+01 1.167647e-01 -5.695286e+00
1.362713e+01 1.260827e-01 -5.094800e+00
1.362713e+01 1.361442e-01 -4.446394e+00
1.362713e+01 1.470087e-01 -3.821317e+00
1.362713e+01 1.587401e-01 -3.466154e+00
1.362713e+01 1.714077e-01 -3.082648e+00
1.362713e+01 1.850862e-01 -2.668539e+00
1.362713e+01 1.998563e-01 -2.221383e+00
1.362713e+01 2.158051e-01 -1.975823e+00
1.362713e+01 2.330265e-01 -1.758062e+00
1.362713e+01 2.516223e-01 -1.522925e+00
1.362713e+01 2.717020e-01 -1.269022e+00
1.362713e+01 2.933841e-01 -1.071419e+00
1.362713e+01 3.167964e-01 -9.553508e-01
1.362713e+01 3.420771e-01 -8.300199e-01
1.362713e+01 3.693752e-01 -6.946874e-01
1.362713e+01 3.988518e-01 -5.551457e-01
1.362713e+01 4.306805e-01 -4.969102e-01
1.362713e+01 4.650493e-01 -4.340274e-01
1.362713e+01 5.021607e-01 -3.661264e-01
1.362713e+01 5.422336e-01 -2.928069e-01
1.362713e+01 5.855044e-01 -2.493048e-01
1.362713e+01 6.322283e-01 -2.189529e-01
1.362713e+01 6.826808e-01 -1.861789e-01
1.362713e+01 7.371594e-01 -1.507895e-01
1.362713e+01 7.959855e-01 -1.204641e-01
1.362713e+01 8.595059e-01 -1.062797e-01
1.362713e+01 9.280954e-01 -9.096348e-02
1.362713e+01 1.002158e+00 -7.442498e-02
1.362713e+01 1.082132e+00 -5.656669e-02
1.362713e+01 1.168487e+00 -4.939011e-02
1.362713e+01 1.261733e+00 -4.267196e-02
1.362713e+01 1.362421e+00 -3.541769e-02
1.362713e+01 1.471144e+00 -2.758453e-02
1.362713e+01 1.588542e+00 -2.226482e-02
1.362713e+01 1.715310e+00 -1.926851e-02
1.362713e+01 1.852193e+00 -1.603310e-02
1.362713e+01 2.000000e+00 -1.253950e-02
1.391967e+01 1.000000e-03 -8.003958e+00
1.391967e+01 1.079801e-03 -8.586396e+00
1.391967e+01 1.165970e-03 -9.206072e+00
1.391967e+01 1.259016e-03 -9.864339e+00
1.391967e+01 1.359487e-03 -1.056239e+01
1.391967e+01 1.467975e-03 -1.130126e+01
1.391967e+01 1.585121e-03 -1.208180e+01
1.391967e+01 1.711615e-03 -1.290462e+01
1.391967e+01 1.848204e-03 -1.377010e+01
1.391967e+01 1.995693e-03 -1.467828e+01
1.391967e+01 2.154951e-03 -1.562888e+01
1.391967e+01 2.326918e-03 -1.662123e+01
1.391967e+01 2.512609e-03 -1.765406e+01
1.391967e+01 2.713117e-03 -1.872547e+01
1.391967e+01 2.929627e-03 -1.983294e+01
1.391967e+01 3.163414e-03 -2.097304e+01
1.391967e+01 3.415858e-03 -2.214133e+01
1.391967e+01 3.688447e-03 -2.333251e+01
1.391967e+01 3.982789e-03 -2.454013e+01
1.391967e+01 4.300619e-03 -2.575654e+01
1.391967e+01 4.643813e-03 -2.697306e+01
1.391967e+01 5.014394e-03 -2.817936e+01
1.391967e+01 5.414548e-03 -2.936352e+01
1.391967e+01 5.846635e-03 -3.051248e+01
1.391967e+01 6.313202e-03 -3.161123e+01
1.391967e+01 6.817002e-03 -3.264290e+01
1.391967e+01 7.361006e-03 -3.358981e+01
1.391967e+01 7.948422e-03 -3.443207e+01
1.391967e+01 8.582714e-03 -3.514812e+01
1.391967e+01 9.267624e-03 -3.571653e+01
1.391967e+01 1.000719e-02 -3.611458e+01
1.391967e+01 1.080577e-02 -3.631931e+01
1.391967e+01 1.166809e-02 -3.631017e+01
1.391967e+01 1.259921e-02 -3.606879e+01
1.391967e+01 1.360464e-02 -3.558036e+01
1.391967e+01 1.469030e-02 -3.483612e+01
1.391967e+01 1.586261e-02 -3.383786e+01
1.391967e+01 1.712846e-02 -3.259744e+01
1.391967e+01 1.849533e-02 -3.113443e+01
1.391967e+01 1.997127e-02 -2.949103e+01
1.391967e+01 2.156500e-02 -2.772369e+01
1.391967e+01 2.328591e-02 -2.588690e+01
1.391967e+01 2.514415e-02 -2.405557e+01
1.391967e+01 2.715068e-02 -2.230963e+01
1.391967e+01 2.931733e-02 -2.070910e+01
1.391967e+01 3.165689e-02 -1.929797e+01
1.391967e+01 3.418314e-02 -1.810271e+01
1.391967e+01 3.691099e-02 -1.710482e+01
1.391967e+01 3.985652e-02 -1.624389e+01
1.391967e+01 4.303711e-02 -1.541851e+01
1.391967e+01 4.647152e-02 -1.450560e+01
1.391967e+01 5.017999e-02 -1.340051e+01
1.391967e+01 5.418441e-02 -1.235009e+01
1.391967e+01 5.850838e-02 -1.165726e+01
1.391967e+01 6.317741e-02 -1.090914e+01
1.391967e+01 6.821903e-02 -1.010132e+01
1.391967e+01 7.366298e-02 -9.240836e+00
1.391967e+01 7.954136e-02 -8.432265e+00
1.391967e+01 8.588885e-02 -7.559169e+00
1.391967e+01 9.274286e-02 -6.616400e+00
1.391967e+01 1.001438e-01 -5.598396e+00
1.391967e+01 1.081354e-01 -4.974694e+00
1.391967e+01 1.167647e-01 -4.528100e+00
1.391967e+01 1.260827e-01 -4.045867e+00
1.391967e+01 1.361442e-01 -3.525151e+00
1.391967e+01 1.470087e-01 -3.024117e+00
1.391967e+01 1.587401e-01 -2.743947e+00
1.391967e+01 1.714077e-01 -2.441419e+00
1.391967e+01 1.850862e-01 -2.114749e+00
1.391967e+01 1.998563e-01 -1.762010e+00
1.391967e+01 2.158051e-01 -1.567218e+00
1.391967e+01 2.330265e-01 -1.394053e+00
1.391967e+01 2.516223e-01 -1.207070e+00
1.391967e+01 2.717020e-01 -1.005164e+00
1.391967e+01 2.933841e-01 -8.485158e-01
1.391967e+01 3.167964e-01 -7.573622e-01
1.391967e+01 3.420771e-01 -6.589345e-01
1.391967e+01 3.693752e-01 -5.526521e-01
1.391967e+01 3.988518e-01 -4.430392e-01
1.391967e+01 4.306805e-01 -3.969297e-01
1.391967e+01 4.650493e-01 -3.471406e-01
1.391967e+01 5.021607e-01 -2.933782e-01
1.391967e+01 5.422336e-01 -2.353256e-01
1.391967e+01 5.855044e-01 -2.007901e-01
1.391967e+01 6.322283e-01 -1.766166e-01
1.391967e+01 6.826808e-01 -1.505141e-01
1.391967e+01 7.371594e-01 -1.223286e-01
1.391967e+01 7.959855e-01 -9.814484e-02
1.391967e+01 8.595059e-01 -8.674024e-02
1.391967e+01 9.280954e-01 -7.442553e-02
1.391967e+01 1.002158e+00 -6.112810e-02
1.391967e+01 1.082132e+00 -4.676952e-02
1.391967e+01 1.168487e+00 -4.094230e-02
1.391967e+01 1.261733e+00 -3.547426e-02
1.391967e+01 1.362421e+00 -2.956986e-02
1.391967e+01 1.471144e+00 -2.319429e-02
1.391967e+01 1.588542e+00 -1.882882e-02
1.391967e+01 1.715310e+00 -1.632035e-02
1.391967e+01 1.852193e+00 -1.361172e-02
1.391967e+01 2.000000e+00 -1.068692e-02
1.421806e+01 1.000000e-03 -6.331155e+00
1.421806e+01 1.079801e-03 -6.791999e+00
1.421806e+01 1.165970e-03 -7.282328e+00
1.421806e+01 1.259016e-03 -7.803212e+00
1.421806e+01 1.359487e-03 -8.355593e+00
1.421806e+01 1.467975e-03 -8.940295e+00
1.421806e+01 1.585121e-03 -9.557984e+00
1.421806e+01 1.711615e-03 -1.020914e+01
1.421806e+01 1.848204e-03 -1.089406e+01
1.421806e+01 1.995693e-03 -1.161276e+01
1.421806e+01 2.154951e-03 -1.236501e+01
1.421806e+01 2.326918e-03 -1.315029e+01
1.421806e+01 2.512609e-03 -1.396758e+01
1.421806e+01 2.713117e-03 -1.481539e+01
1.421806e+01 2.929627e-03 -1.569174e+01
1.421806e+01 3.163414e-03 -1.659390e+01
1.421806e+01 3.415858e-03 -1.751836e+01
1.421806e+01 3.688447e-03 -1.846093e+01
1.421806e+01 3.982789e-03 -1.941651e+01
1.421806e+01 4.300619e-03 -2.037904e+01
1.421806e+01 4.643813e-03 -2.134165e+01
1.421806e+01 5.014394e-03 -2.229617e+01
1.421806e+01 5.414548e-03 -2.323317e+01
1.421806e+01 5.846635e-03 -2.414232e+01
1.421806e+01 6.313202e-03 -2.501173e+01
1.421806e+01 6.817002e-03 -2.582807e+01
1.421806e+01 7.361006e-03 -2.657733e+01
1.421806e+01 7.948422e-03 -2.724378e+01
1.421806e+01 8.582714e-03 -2.781038e+01
1.421806e+01 9.267624e-03 -2.826016e+01
1.421806e+01 1.000719e-02 -2.857514e+01
1.421806e+01 1.080577e-02 -2.873716e+01
1.421806e+01 1.166809e-02 -2.872995e+01
1.421806e+01 1.259921e-02 -2.853898e+01
1.421806e+01 1.360464e-02 -2.815252e+01
1.421806e+01 1.469030e-02 -2.756366e+01
1.421806e+01 1.586261e-02 -2.677381e+01
1.421806e+01 1.712846e-02 -2.579235e+01
1.421806e+01 1.849533e-02 -2.463478e+01
1.421806e+01 1.997127e-02 -2.333446e+01
1.421806e+01 2.156500e-02 -2.193607e+01
1.421806e+01 2.328591e-02 -2.048274e+01
1.421806e+01 2.514415e-02 -1.903372e+01
1.421806e+01 2.715068e-02 -1.765227e+01
1.421806e+01 2.931733e-02 -1.638587e+01
1.421806e+01 3.165689e-02 -1.526933e+01
1.421806e+01 3.418314e-02 -1.432358e+01
1.421806e+01 3.691099e-02 -1.353402e+01
1.421806e+01 3.985652e-02 -1.285281e+01
1.421806e+01 4.303711e-02 -1.219974e+01
1.421806e+01 4.647152e-02 -1.147741e+01
1.421806e+01 5.017999e-02 -1.060302e+01
1.421806e+01 5.418441e-02 -9.767639e+00
1.421806e+01 5.850838e-02 -9.207617e+00
1.421806e+01 6.317741e-02 -8.602904e+00
1.421806e+01 6.821903e-02 -7.949934e+00
1.421806e+01 7.366298e-02 -7.256198e+00
1.421806e+01 7.954136e-02 -6.622904e+00
1.421806e+01 8.588885e-02 -5.939072e+00
1.421806e+01 9.274286e-02 -5.200670e+00
1.421806e+01 1.001438e-01 -4.403343e+00
1.421806e+01 1.081354e-01 -3.915196e+00
1.421806e+01 1.167647e-01 -3.565962e+00
1.421806e+01 1.260827e-01 -3.188859e+00
1.421806e+01 1.361442e-01 -2.781663e+00
1.421806e+01 1.470087e-01 -2.389397e+00
1.421806e+01 1.587401e-01 -2.167849e+00
1.421806e+01 1.714077e-01 -1.928622e+00
1.421806e+01 1.850862e-01 -1.670304e+00
1.421806e+01 1.998563e-01 -1.391372e+00
1.421806e+01 2.158051e-01 -1.237414e+00
1.421806e+01 2.330265e-01 -1.100579e+00
1.421806e+01 2.516223e-01 -9.528247e-01
1.421806e+01 2.717020e-01 -7.932791e-01
1.421806e+01 2.933841e-01 -6.696756e-01
1.421806e+01 3.167964e-01 -5.980699e-01
1.421806e+01 3.420771e-01 -5.207500e-01
1.421806e+01 3.693752e-01 -4.372598e-01
1.421806e+01 3.988518e-01 -3.511516e-01
1.421806e+01 4.306805e-01 -3.149043e-01
1.421806e+01 4.650493e-01 -2.757643e-01
1.421806e+01 5.021607e-01 -2.335009e-01
1.421806e+01 5.422336e-01 -1.878649e-01
1.421806e+01 5.855044e-01 -1.606508e-01
1.421806e+01 6.322283e-01 -1.415468e-01
1.421806e+01 6.826808e-01 -1.209183e-01
1.421806e+01 7.371594e-01 -9.864369e-02
1.421806e+01 7.959855e-01 -7.950862e-02
1.421806e+01 8.595059e-01 -7.041688e-02
1.421806e+01 9.280954e-01 -6.059962e-02
1.421806e+01 1.002158e+00 -4.999893e-02
1.421806e+01 1.082132e+00 -3.855229e-02
1.421806e+01 1.168487e+00 -3.383472e-02
1.421806e+01 1.261733e+00 -2.939159e-02
1.421806e+01 1.362421e+00 -2.459390e-02
1.421806e+01 1.471144e+00 -1.941335e-02
1.421806e+01 1.588542e+00 -1.584179e-02
1.421806e+01 1.715310e+00 -1.375590e-02
1.421806e+01 1.852193e+00 -1.150357e-02
1.421806e+01 2.000000e+00 -9.071491e-03
1.452242e+01 1.000000e-03 -4.854369e+00
1.452242e+01 1.079801e-03 -5.207822e+00
1.452242e+01 1.165970e-03 -5.583904e+00
1.452242e+01 1.259016e-03 -5.983439e+00
1.452242e+01 1.359487e-03 -6.407148e+00
1.452242e+01 1.467975e-03 -6.855661e+00
1.452242e+01 1.585121e-03 -7.329490e+00
1.452242e+01 1.711615e-03 -7.829000e+00
1.452242e+01 1.848204e-03 -8.354401e+00
1.452242e+01 1.995693e-03 -8.905717e+00
1.452242e+01 2.154951e-03 -9.482766e+00
1.452242e+01 2.326918e-03 -1.008513e+01
1.452242e+01 2.512609e-03 -1.071204e+01
1.452242e+01 2.713117e-03 -1.136235e+01
1.452242e+01 2.929627e-03 -1.203454e+01
1.452242e+01 3.163414e-03 -1.272653e+01
1.452242e+01 3.415858e-03 -1.343562e+01
1.452242e+01 3.688447e-03 -1.415861e+01
1.452242e+01 3.982789e-03 -1.489157e+01
1.452242e+01 4.300619e-03 -1.562985e+01
1.452242e+01 4.643813e-03 -1.636819e+01
1.452242e+01 5.014394e-03 -1.710033e+01
1.452242e+01 5.414548e-03 -1.781903e+01
1.452242e+01 5.846635e-03 -1.851636e+01
1.452242e+01 6.313202e-03 -1.918321e+01
1.452242e+01 6.817002e-03 -1.980935e+01
1.452242e+01 7.361006e-03 -2.038404e+01
1.452242e+01 7.948422e-03 -2.089522e+01
1.452242e+01 8.582714e-03 -2.132981e+01
1.452242e+01 9.267624e-03 -2.167481e+01
1.452242e+01 1.000719e-02 -2.191642e+01
1.452242e+01 1.080577e-02 -2.204071e+01
1.452242e+01 1.166809e-02 -2.203519e+01
1.452242e+01 1.259921e-02 -2.188873e+01
1.452242e+01 1.360464e-02 -2.159233e+01
1.452242e+01 1.469030e-02 -2.114070e+01
1.452242e+01 1.586261e-02 -2.053491e+01
1.452242e+01 1.712846e-02 -1.978217e+01
1.452242e+01 1.849533e-02 -1.889434e+01
1.452242e+01 1.997127e-02 -1.789703e+01
1.452242e+01 2.156500e-02 -1.682450e+01
1.452242e+01 2.328591e-02 -1.570983e+01
1.452242e+01 2.514415e-02 -1.459846e+01
1.452242e+01 2.715068e-02 -1.353892e+01
1.452242e+01 2.931733e-02 -1.256762e+01
1.452242e+01 3.165689e-02 -1.171126e+01
1.452242e+01 3.418314e-02 -1.098589e+01
1.452242e+01 3.691099e-02 -1.038031e+01
1.452242e+01 3.985652e-02 -9.857839e+00
1.452242e+01 4.303711e-02 -9.356945e+00
1.452242e+01 4.647152e-02 -8.802933e+00
1.452242e+01 5.017999e-02 -8.132297e+00
1.452242e+01 5.418441e-02 -7.504556e+00
1.452242e+01 5.850838e-02 -7.111168e+00
1.452242e+01 6.317741e-02 -6.686388e+00
1.452242e+01 6.821903e-02 -6.227711e+00
1.452242e+01 7.366298e-02 -5.735104e+00
1.452242e+01 7.954136e-02 -5.230497e+00
1.452242e+01 8.588885e-02 -4.685621e+00
1.452242e+01 9.274286e-02 -4.097263e+00
1.452242e+01 1.001438e-01 -3.461954e+00
1.452242e+01 1.081354e-01 -3.074431e+00
1.452242e+01 1.167647e-01 -2.798390e+00
1.452242e+01 1.260827e-01 -2.500322e+00
1.452242e+01 1.361442e-01 -2.178466e+00
1.452242e+01 1.470087e-01 -1.868912e+00
1.452242e+01 1.587401e-01 -1.696466e+00
1.452242e+01 1.714077e-01 -1.510258e+00
1.452242e+01 1.850862e-01 -1.309190e+00
1.452242e+01 1.998563e-01 -1.092078e+00
1.452242e+01 2.158051e-01 -9.712539e-01
1.452242e+01 2.330265e-01 -8.634824e-01
1.452242e+01 2.516223e-01 -7.471105e-01
1.452242e+01 2.717020e-01 -6.214521e-01
1.452242e+01 2.933841e-01 -5.243565e-01
1.452242e+01 3.167964e-01 -4.685586e-01
1.452242e+01 3.420771e-01 -4.083079e-01
1.452242e+01 3.693752e-01 -3.432493e-01
1.452242e+01 3.988518e-01 -2.761518e-01
1.452242e+01 4.306805e-01 -2.479267e-01
1.452242e+01 4.650493e-01 -2.174492e-01
1.452242e+01 5.021607e-01 -1.845395e-01
1.452242e+01 5.422336e-01 -1.490036e-01
1.452242e+01 5.855044e-01 -1.277155e-01
1.452242e+01 6.322283e-01 -1.126897e-01
1.452242e+01 6.826808e-01 -9.646482e-02
1.452242e+01 7.371594e-01 -7.894517e-02
1.452242e+01 7.959855e-01 -6.388333e-02
1.452242e+01 8.595059e-01 -5.669273e-02
1.452242e+01 9.280954e-01 -4.892831e-02
1.452242e+01 1.002158e+00 -4.054429e-02
1.452242e+01 1.082132e+00 -3.149122e-02
1.452242e+01 1.168487e+00 -2.769979e-02
1.452242e+01 1.261733e+00 -2.411547e-02
1.452242e+01 1.362421e+00 -2.024512e-02
1.452242e+01 1.471144e+00 -1.606591e-02
1.452242e+01 1.588542e+00 -1.316849e-02
1.452242e+01 1.715310e+00 -1.145411e-02
1.452242e+01 1.852193e+00 -9.602922e-03
1.452242e+01 2.000000e+00 -7.604007e-03
1.483287e+01 1.000000e-03 -3.713773e+00
1.483287e+01 1.079801e-03 -3.984258e+00
1.483287e+01 1.165970e-03 -4.272073e+00
1.483287e+01 1.259016e-03 -4.577848e+00
1.483287e+01 1.359487e-03 -4.902137e+00
1.483287e+01 1.467975e-03 -5.245421e+00
1.483287e+01 1.585121e-03 -5.608089e+00
1.483287e+01 1.711615e-03 -5.990419e+00
1.483287e+01 1.848204e-03 -6.392567e+00
1.483287e+01 1.995693e-03 -6.814548e+00
1.483287e+01 2.154951e-03 -7.256218e+00
1.483287e+01 2.326918e-03 -7.717252e+00
1.483287e+01 2.512609e-03 -8.197064e+00
1.483287e+01 2.713117e-03 -8.694774e+00
1.483287e+01 2.929627e-03 -9.209229e+00
1.483287e+01 3.163414e-03 -9.738838e+00
1.483287e+01 3.415858e-03 -1.028154e+01
1.483287e+01 3.688447e-03 -1.083486e+01
1.483287e+01 3.982789e-03 -1.139582e+01
1.483287e+01 4.300619e-03 -1.196085e+01
1.483287e+01 4.643813e-03 -1.252592e+01
1.483287e+01 5.014394e-03 -1.308624e+01
1.483287e+01 5.414548e-03 -1.363627e+01
1.483287e+01 5.846635e-03 -1.416995e+01
1.483287e+01 6.313202e-03 -1.468030e+01
1.483287e+01 6.817002e-03 -1.515950e+01
1.483287e+01 7.361006e-03 -1.559932e+01
1.483287e+01 7.948422e-03 -1.599053e+01
1.483287e+01 8.582714e-03 -1.632314e+01
1.483287e+01 9.267624e-03 -1.658717e+01
1.483287e+01 1.000719e-02 -1.677209e+01
1.483287e+01 1.080577e-02 -1.686722e+01
1.483287e+01 1.166809e-02 -1.686301e+01
1.483287e+01 1.259921e-02 -1.675094e+01
1.483287e+01 1.360464e-02 -1.652412e+01
1.483287e+01 1.469030e-02 -1.617850e+01
1.483287e+01 1.586261e-02 -1.571491e+01
1.483287e+01 1.712846e-02 -1.513886e+01
1.483287e+01 1.849533e-02 -1.445943e+01
1.483287e+01 1.997127e-02 -1.369622e+01
1.483287e+01 2.156500e-02 -1.287544e+01
1.483287e+01 2.328591e-02 -1.202240e+01
1.483287e+01 2.514415e-02 -1.117190e+01
1.483287e+01 2.715068e-02 -1.036106e+01
1.483287e+01 2.931733e-02 -9.617741e+00
1.483287e+01 3.165689e-02 -8.962385e+00
1.483287e+01 3.418314e-02 -8.407278e+00
1.483287e+01 3.691099e-02 -7.943839e+00
1.483287e+01 3.985652e-02 -7.544003e+00
1.483287e+01 4.303711e-02 -7.160679e+00
1.483287e+01 4.647152e-02 -6.736706e+00
1.483287e+01 5.017999e-02 -6.223482e+00
1.483287e+01 5.418441e-02 -5.747429e+00
1.483287e+01 5.850838e-02 -5.458477e+00
1.483287e+01 6.317741e-02 -5.146467e+00
1.483287e+01 6.821903e-02 -4.809557e+00
1.483287e+01 7.366298e-02 -4.445817e+00
1.483287e+01 7.954136e-02 -4.053615e+00
1.483287e+01 8.588885e-02 -3.630115e+00
1.483287e+01 9.274286e-02 -3.172819e+00
1.483287e+01 1.001438e-01 -2.679030e+00
1.483287e+01 1.081354e-01 -2.378586e+00
1.483287e+01 1.167647e-01 -2.165211e+00
1.483287e+01 1.260827e-01 -1.934809e+00
1.483287e+01 1.361442e-01 -1.686020e+00
1.483287e+01 1.470087e-01 -1.446775e+00
1.483287e+01 1.587401e-01 -1.313666e+00
1.483287e+01 1.714077e-01 -1.169935e+00
1.483287e+01 1.850862e-01 -1.014734e+00
1.483287e+01 1.998563e-01 -8.471480e-01
1.483287e+01 2.158051e-01 -7.535996e-01
1.483287e+01 2.330265e-01 -6.700458e-01
1.483287e+01 2.516223e-01 -5.798243e-01
1.483287e+01 2.717020e-01 -4.824030e-01
1.483287e+01 2.933841e-01 -4.071870e-01
1.483287e+01 3.167964e-01 -3.640707e-01
1.483287e+01 3.420771e-01 -3.175136e-01
1.483287e+01 3.693752e-01 -2.672413e-01
1.483287e+01 3.988518e-01 -2.153890e-01
1.483287e+01 4.306805e-01 -1.935096e-01
1.483287e+01 4.650493e-01 -1.698842e-01
1.483287e+01 5.021607e-01 -1.443734e-01
1.483287e+01 5.422336e-01 -1.168268e-01
1.483287e+01 5.855044e-01 -1.003086e-01
1.483287e+01 6.322283e-01 -8.863596e-02
1.483287e+01 6.826808e-01 -7.603180e-02
1.483287e+01 7.371594e-01 -6.242182e-02
1.483287e+01 7.959855e-01 -5.071277e-02
1.483287e+01 8.595059e-01 -4.509799e-02
1.483287e+01 9.280954e-01 -3.903514e-02
1.483287e+01 1.002158e+00 -3.248847e-02
1.483287e+01 1.082132e+00 -2.541937e-02
1.483287e+01 1.168487e+00 -2.241237e-02
1.483287e+01 1.261733e+00 -1.955942e-02
1.483287e+01 1.362421e+00 -1.647880e-02
1.483287e+01 1.471144e+00 -1.315234e-02
1.483287e+01 1.588542e+00 -1.083076e-02
1.483287e+01 1.715310e+00 -9.436145e-03
1.483287e+01 1.852193e+00 -7.930237e-03
1.483287e+01 2.000000e+00 -6.304155e-03
1.514953e+01 1.000000e-03 -2.863470e+00
1.514953e+01 1.079801e-03 -3.072088e+00
1.514953e+01 1.165970e-03 -3.294081e+00
1.514953e+01 1.259016e-03 -3.529937e+00
1.514953e+01 1.359487e-03 -3.780083e+00
1.514953e+01 1.467975e-03 -4.044890e+00
1.514953e+01 1.585121e-03 -4.324657e+00
1.514953e+01 1.711615e-03 -4.619597e+00
1.514953e+01 1.848204e-03 -4.929825e+00
1.514953e+01 1.995693e-03 -5.255351e+00
1.514953e+01 2.154951e-03 -5.596061e+00
1.514953e+01 2.326918e-03 -5.951700e+00
1.514953e+01 2.512609e-03 -6.321816e+00
1.514953e+01 2.713117e-03 -6.705731e+00
1.514953e+01 2.929627e-03 -7.102560e+00
1.514953e+01 3.163414e-03 -7.511076e+00
1.514953e+01 3.415858e-03 -7.929687e+00
1.514953e+01 3.688447e-03 -8.356496e+00
1.514953e+01 3.982789e-03 -8.789189e+00
1.514953e+01 4.300619e-03 -9.225023e+00
1.514953e+01 4.643813e-03 -9.660885e+00
1.514953e+01 5.014394e-03 -1.009308e+01
1.514953e+01 5.414548e-03 -1.051734e+01
1.514953e+01 5.846635e-03 -1.092898e+01
1.514953e+01 6.313202e-03 -1.132263e+01
1.514953e+01 6.817002e-03 -1.169225e+01
1.514953e+01 7.361006e-03 -1.203149e+01
1.514953e+01 7.948422e-03 -1.233325e+01
1.514953e+01 8.582714e-03 -1.258980e+01
1.514953e+01 9.267624e-03 -1.279346e+01
1.514953e+01 1.000719e-02 -1.293609e+01
1.514953e+01 1.080577e-02 -1.300948e+01
1.514953e+01 1.166809e-02 -1.300624e+01
1.514953e+01 1.259921e-02 -1.291981e+01
1.514953e+01 1.360464e-02 -1.274488e+01
1.514953e+01 1.469030e-02 -1.247831e+01
1.514953e+01 1.586261e-02 -1.212076e+01
1.514953e+01 1.712846e-02 -1.167646e+01
1.514953e+01 1.849533e-02 -1.115243e+01
1.514953e+01 1.997127e-02 -1.056377e+01
1.514953e+01 2.156500e-02 -9.930714e+00
1.514953e+01 2.328591e-02 -9.272780e+00
1.514953e+01 2.514415e-02 -8.616796e+00
1.514953e+01 2.715068e-02 -7.991399e+00
1.514953e+01 2.931733e-02 -7.418086e+00
1.514953e+01 3.165689e-02 -6.912616e+00
1.514953e+01 3.418314e-02 -6.484467e+00
1.514953e+01 3.691099e-02 -6.127020e+00
1.514953e+01 3.985652e-02 -5.818630e+00
1.514953e+01 4.303711e-02 -5.522975e+00
1.514953e+01 4.647152e-02 -5.195968e+00
1.514953e+01 5.017999e-02 -4.800122e+00
1.514953e+01 5.418441e-02 -4.429992e+00
1.514953e+01 5.850838e-02 -4.198897e+00
1.514953e+01 6.317741e-02 -3.949360e+00
1.514953e+01 6.821903e-02 -3.679910e+00
1.514953e+01 7.366298e-02 -3.390436e+00
1.514953e+01 7.954136e-02 -3.092959e+00
1.514953e+01 8.588885e-02 -2.771743e+00
1.514953e+01 9.274286e-02 -2.424894e+00
1.514953e+01 1.001438e-01 -2.050366e+00
1.514953e+01 1.081354e-01 -1.823595e+00
1.514953e+01 1.167647e-01 -1.663483e+00
1.514953e+01 1.260827e-01 -1.490593e+00
1.514953e+01 1.361442e-01 -1.303906e+00
1.514953e+01 1.470087e-01 -1.123600e+00
1.514953e+01 1.587401e-01 -1.019548e+00
1.514953e+01 1.714077e-01 -9.071930e-01
1.514953e+01 1.850862e-01 -7.858716e-01
1.514953e+01 1.998563e-01 -6.548686e-01
1.514953e+01 2.158051e-01 -5.825016e-01
1.514953e+01 2.330265e-01 -5.181600e-01
1.514953e+01 2.516223e-01 -4.486839e-01
1.514953e+01 2.717020e-01 -3.736635e-01
1.514953e+01 2.933841e-01 -3.156863e-01
1.514953e+01 3.167964e-01 -2.823519e-01
1.514953e+01 3.420771e-01 -2.463573e-01
1.514953e+01 3.693752e-01 -2.074904e-01
1.514953e+01 3.988518e-01 -1.674011e-01
1.514953e+01 4.306805e-01 -1.504716e-01
1.514953e+01 4.650493e-01 -1.321910e-01
1.514953e+01 5.021607e-01 -1.124517e-01
1.514953e+01 5.422336e-01 -9.113713e-02
1.514953e+01 5.855044e-01 -7.838074e-02
1.514953e+01 6.322283e-01 -6.938721e-02
1.514953e+01 6.826808e-01 -5.967599e-02
1.514953e+01 7.371594e-01 -4.918980e-02
1.514953e+01 7.959855e-01 -4.015295e-02
1.514953e+01 8.595059e-01 -3.577443e-02
1.514953e+01 9.280954e-01 -3.104649e-02
1.514953e+01 1.002158e+00 -2.594126e-02
1.514953e+01 1.082132e+00 -2.042863e-02
1.514953e+01 1.168487e+00 -1.805438e-02
1.514953e+01 1.261733e+00 -1.579543e-02
1.514953e+01 1.362421e+00 -1.335620e-02
1.514953e+01 1.471144e+00 -1.072233e-02
1.514953e+01 1.588542e+00 -8.872507e-03
1.514953e+01 1.715310e+00 -7.745562e-03
1.514953e+01 1.852193e+00 -6.528685e-03
1.514953e+01 2.000000e+00 -5.214700e-03
1.547252e+01 1.000000e-03 -2.179873e+00
1.547252e+01 1.079801e-03 -2.338735e+00
1.547252e+01 1.165970e-03 -2.507791e+00
1.547252e+01 1.259016e-03 -2.687412e+00
1.547252e+01 1.359487e-03 -2.877922e+00
1.547252e+01 1.467975e-03 -3.079606e+00
1.547252e+01 1.585121e-03 -3.292689e+00
1.547252e+01 1.711615e-03 -3.517332e+00
1.547252e+01 1.848204e-03 -3.753621e+00
1.547252e+01 1.995693e-03 -4.001561e+00
1.547252e+01 2.154951e-03 -4.261063e+00
1.547252e+01 2.326918e-03 -4.531929e+00
1.547252e+01 2.512609e-03 -4.813813e+00
1.547252e+01 2.713117e-03 -5.106203e+00
1.547252e+01 2.929627e-03 -5.408424e+00
1.547252e+01 3.163414e-03 -5.719545e+00
1.547252e+01 3.415858e-03 -6.038353e+00
1.547252e+01 3.688447e-03 -6.363404e+00
1.547252e+01 3.982789e-03 -6.692936e+00
1.547252e+01 4.300619e-03 -7.024858e+00
1.547252e+01 4.643813e-03 -7.356799e+00
1.547252e+01 5.014394e-03 -7.685946e+00
1.547252e+01 5.414548e-03 -8.009045e+00
1.547252e+01 5.846635e-03 -8.322538e+00
1.547252e+01 6.313202e-03 -8.622326e+00
1.547252e+01 6.817002e-03 -8.903815e+00
1.547252e+01 7.361006e-03 -9.162173e+00
1.547252e+01 7.948422e-03 -9.391979e+00
1.547252e+01 8.582714e-03 -9.587357e+00
1.547252e+01 9.267624e-03 -9.742459e+00
1.547252e+01 1.000719e-02 -9.851089e+00
1.547252e+01 1.080577e-02 -9.906982e+00
1.547252e+01 1.166809e-02 -9.904527e+00
1.547252e+01 1.259921e-02 -9.838715e+00
1.547252e+01 1.360464e-02 -9.705509e+00
1.547252e+01 1.469030e-02 -9.502519e+00
1.547252e+01 1.586261e-02 -9.230239e+00
1.547252e+01 1.712846e-02 -8.891901e+00
1.547252e+01 1.849533e-02 -8.492840e+00
1.547252e+01 1.997127e-02 -8.044566e+00
1.547252e+01 2.156500e-02 -7.562480e+00
1.547252e+01 2.328591e-02 -7.061449e+00
1.547252e+01 2.514415e-02 -6.561903e+00
1.547252e+01 2.715068e-02 -6.085648e+00
1.547252e+01 2.931733e-02 -5.649057e+00
1.547252e+01 3.165689e-02 -5.264129e+00
1.547252e+01 3.418314e-02 -4.938083e+00
1.547252e+01 3.691099e-02 -4.665878e+00
1.547252e+01 3.985652e-02 -4.431032e+00
1.547252e+01 4.303711e-02 -4.205883e+00
1.547252e+01 4.647152e-02 -3.956859e+00
1.547252e+01 5.017999e-02 -3.655413e+00
1.547252e+01 5.418441e-02 -3.375249e+00
1.547252e+01 5.850838e-02 -3.203996e+00
1.547252e+01 6.317741e-02 -3.019077e+00
1.547252e+01 6.821903e-02 -2.819402e+00
1.547252e+01 7.366298e-02 -2.604013e+00
1.547252e+01 7.954136e-02 -2.373700e+00
1.547252e+01 8.588885e-02 -2.125008e+00
1.547252e+01 9.274286e-02 -1.856469e+00
1.547252e+01 1.001438e-01 -1.566501e+00
1.547252e+01 1.081354e-01 -1.393125e+00
1.547252e+01 1.167647e-01 -1.272579e+00
1.547252e+01 1.260827e-01 -1.142414e+00
1.547252e+01 1.361442e-01 -1.001861e+00
1.547252e+01 1.470087e-01 -8.657227e-01
1.547252e+01 1.587401e-01 -7.853031e-01
1.547252e+01 1.714077e-01 -6.984659e-01
1.547252e+01 1.850862e-01 -6.046990e-01
1.547252e+01 1.998563e-01 -5.034495e-01
1.547252e+01 2.158051e-01 -4.478171e-01
1.547252e+01 2.330265e-01 -3.984707e-01
1.547252e+01 2.516223e-01 -3.451865e-01
1.547252e+01 2.717020e-01 -2.876502e-01
1.547252e+01 2.933841e-01 -2.431523e-01
1.547252e+01 3.167964e-01 -2.175099e-01
1.547252e+01 3.420771e-01 -1.898212e-01
1.547252e+01 3.693752e-01 -1.599230e-01
1.547252e+01 3.988518e-01 -1.290890e-01
1.547252e+01 4.306805e-01 -1.161351e-01
1.547252e+01 4.650493e-01 -1.021476e-01
1.547252e+01 5.021607e-01 -8.704379e-02
1.547252e+01 5.422336e-01 -7.073471e-02
1.547252e+01 5.855044e-01 -6.094086e-02
1.547252e+01 6.322283e-01 -5.400811e-02
1.547252e+01 6.826808e-01 -4.652212e-02
1.547252e+01 7.371594e-01 -3.843874e-02
1.547252e+01 7.959855e-01 -3.147234e-02
1.547252e+01 8.595059e-01 -2.809622e-02
1.547252e+01 9.280954e-01 -2.445069e-02
1.547252e+01 1.002158e+00 -2.051423e-02
1.547252e+01 1.082132e+00 -1.626364e-02
1.547252e+01 1.168487e+00 -1.440911e-02
1.547252e+01 1.261733e+00 -1.263955e-02
1.547252e+01 1.362421e+00 -1.072877e-02
1.547252e+01 1.471144e+00 -8.665518e-03
1.547252e+01 1.588542e+00 -7.203912e-03
1.547252e+01 1.715310e+00 -6.296595e-03
1.547252e+01 1.852193e+00 -5.316875e-03
1.547252e+01 2.000000e+00 -4.258971e-03
1.580197e+01 1.000000e-03 -1.647549e+00
1.580197e+01 1.079801e-03 -1.767654e+00
1.580197e+01 1.165970e-03 -1.895471e+00
1.580197e+01 1.259016e-03 -2.031282e+00
1.580197e+01 1.359487e-03 -2.175333e+00
1.580197e+01 1.467975e-03 -2.327838e+00
1.580197e+01 1.585121e-03 -2.488967e+00
1.580197e+01 1.711615e-03 -2.658841e+00
1.580197e+01 1.848204e-03 -2.837523e+00
1.580197e+01 1.995693e-03 -3.025015e+00
1.580197e+01 2.154951e-03 -3.221247e+00
1.580197e+01 2.326918e-03 -3.426069e+00
1.580197e+01 2.512609e-03 -3.639216e+00
1.580197e+01 2.713117e-03 -3.860303e+00
1.580197e+01 2.929627e-03 -4.088822e+00
1.580197e+01 3.163414e-03 -4.324068e+00
1.580197e+01 3.415858e-03 -4.565126e+00
1.580197e+01 3.688447e-03 -4.810904e+00
1.580197e+01 3.982789e-03 -5.060070e+00
1.580197e+01 4.300619e-03 -5.311042e+00
1.580197e+01 4.643813e-03 -5.562027e+00
1.580197e+01 5.014394e-03 -5.810897e+00
1.580197e+01 5.414548e-03 -6.055193e+00
1.580197e+01 5.846635e-03 -6.292225e+00
1.580197e+01 6.313202e-03 -6.518896e+00
1.580197e+01 6.817002e-03 -6.731730e+00
1.580197e+01 7.361006e-03 -6.927074e+00
1.580197e+01 7.948422e-03 -7.100831e+00
1.580197e+01 8.582714e-03 -7.248557e+00
1.580197e+01 9.267624e-03 -7.365832e+00
1.580197e+01 1.000719e-02 -7.447970e+00
1.580197e+01 1.080577e-02 -7.490235e+00
1.580197e+01 1.166809e-02 -7.488385e+00
1.580197e+01 1.259921e-02 -7.438634e+00
1.580197e+01 1.360464e-02 -7.337927e+00
1.580197e+01 1.469030e-02 -7.184460e+00
1.580197e+01 1.586261e-02 -6.978605e+00
1.580197e+01 1.712846e-02 -6.722805e+00
1.580197e+01 1.849533e-02 -6.421094e+00
1.580197e+01 1.997127e-02 -6.082174e+00
1.580197e+01 2.156500e-02 -5.717690e+00
1.580197e+01 2.328591e-02 -5.338882e+00
1.580197e+01 2.514415e-02 -4.961196e+00
1.580197e+01 2.715068e-02 -4.601119e+00
1.580197e+01 2.931733e-02 -4.271030e+00
1.580197e+01 3.165689e-02 -3.980002e+00
1.580197e+01 3.418314e-02 -3.733491e+00
1.580197e+01 3.691099e-02 -3.527688e+00
1.580197e+01 3.985652e-02 -3.350130e+00
1.580197e+01 4.303711e-02 -3.179904e+00
1.580197e+01 4.647152e-02 -2.991626e+00
1.580197e+01 5.017999e-02 -2.763715e+00
1.580197e+01 5.418441e-02 -2.551690e+00
1.580197e+01 5.850838e-02 -2.421645e+00
1.580197e+01 6.317741e-02 -2.281223e+00
1.580197e+01 6.821903e-02 -2.129595e+00
1.580197e+01 7.366298e-02 -1.966238e+00
1.580197e+01 7.954136e-02 -1.793637e+00
1.580197e+01 8.588885e-02 -1.607263e+00
1.580197e+01 9.274286e-02 -1.406015e+00
1.580197e+01 1.001438e-01 -1.188708e+00
1.580197e+01 1.081354e-01 -1.057667e+00
1.580197e+01 1.167647e-01 -9.655990e-01
1.580197e+01 1.260827e-01 -8.661843e-01
1.580197e+01 1.361442e-01 -7.588362e-01
1.580197e+01 1.470087e-01 -6.549324e-01
1.580197e+01 1.587401e-01 -5.939004e-01
1.580197e+01 1.714077e-01 -5.279981e-01
1.580197e+01 1.850862e-01 -4.568367e-01
1.580197e+01 1.998563e-01 -3.799965e-01
1.580197e+01 2.158051e-01 -3.381014e-01
1.580197e+01 2.330265e-01 -3.010678e-01
1.580197e+01 2.516223e-01 -2.610789e-01
1.580197e+01 2.717020e-01 -2.178989e-01
1.580197e+01 2.933841e-01 -1.844351e-01
1.580197e+01 3.167964e-01 -1.650289e-01
1.580197e+01 3.420771e-01 -1.440741e-01
1.580197e+01 3.693752e-01 -1.214471e-01
1.580197e+01 3.988518e-01 -9.811256e-02
1.580197e+01 4.306805e-01 -8.831947e-02
1.580197e+01 4.650493e-01 -7.774487e-02
1.580197e+01 5.021607e-01 -6.632641e-02
1.580197e+01 5.422336e-01 -5.399675e-02
1.580197e+01 5.855044e-01 -4.660274e-02
1.580197e+01 6.322283e-01 -4.137726e-02
1.580197e+01 6.826808e-01 -3.573478e-02
1.580197e+01 7.371594e-01 -2.964202e-02
1.580197e+01 7.959855e-01 -2.438095e-02
1.580197e+01 8.595059e-01 -2.180115e-02
1.580197e+01 9.280954e-01 -1.901547e-02
1.580197e+01 1.002158e+00 -1.600750e-02
1.580197e+01 1.082132e+00 -1.275948e-02
1.580197e+01 1.168487e+00 -1.132661e-02
1.580197e+01 1.261733e+00 -9.956057e-03
1.580197e+01 1.362421e+00 -8.476135e-03
1.580197e+01 1.471144e+00 -6.878114e-03
1.580197e+01 1.588542e+00 -5.738936e-03
1.580197e+01 1.715310e+00 -5.022239e-03
1.580197e+01 1.852193e+00 -4.248348e-03
1.580197e+01 2.000000e+00 -3.412700e-03
1.613801e+01 1.000000e-03 -1.241199e+00
1.613801e+01 1.079801e-03 -1.331710e+00
1.613801e+01 1.165970e-03 -1.428036e+00
1.613801e+01 1.259016e-03 -1.530392e+00
1.613801e+01 1.359487e-03 -1.638962e+00
1.613801e+01 1.467975e-03 -1.753909e+00
1.613801e+01 1.585121e-03 -1.875360e+00
1.613801e+01 1.711615e-03 -2.003404e+00
1.613801e+01 1.848204e-03 -2.138090e+00
1.613801e+01 1.995693e-03 -2.279416e+00
1.613801e+01 2.154951e-03 -2.427327e+00
1.613801e+01 2.326918e-03 -2.581710e+00
1.613801e+01 2.512609e-03 -2.742364e+00
1.613801e+01 2.713117e-03 -2.909000e+00
1.613801e+01 2.929627e-03 -3.081234e+00
1.613801e+01 3.163414e-03 -3.258538e+00
1.613801e+01 3.415858e-03 -3.440221e+00
1.613801e+01 3.688447e-03 -3.625461e+00
1.613801e+01 3.982789e-03 -3.813255e+00
1.613801e+01 4.300619e-03 -4.002410e+00
1.613801e+01 4.643813e-03 -4.191572e+00
1.613801e+01 5.014394e-03 -4.379139e+00
1.613801e+01 5.414548e-03 -4.563258e+00
1.613801e+01 5.846635e-03 -4.741902e+00
1.613801e+01 6.313202e-03 -4.912737e+00
1.613801e+01 6.817002e-03 -5.073144e+00
1.613801e+01 7.361006e-03 -5.220369e+00
1.613801e+01 7.948422e-03 -5.351325e+00
1.613801e+01 8.582714e-03 -5.462662e+00
1.613801e+01 9.267624e-03 -5.551050e+00
1.613801e+01 1.000719e-02 -5.612957e+00
1.613801e+01 1.080577e-02 -5.644814e+00
1.613801e+01 1.166809e-02 -5.643425e+00
1.613801e+01 1.259921e-02 -5.605935e+00
1.613801e+01 1.360464e-02 -5.530044e+00
1.613801e+01 1.469030e-02 -5.414391e+00
1.613801e+01 1.586261e-02 -5.259257e+00
1.613801e+01 1.712846e-02 -5.066483e+00
1.613801e+01 1.849533e-02 -4.839108e+00
1.613801e+01 1.997127e-02 -4.583691e+00
1.613801e+01 2.156500e-02 -4.309007e+00
1.613801e+01 2.328591e-02 -4.023528e+00
1.613801e+01 2.514415e-02 -3.738894e+00
1.613801e+01 2.715068e-02 -3.467531e+00
1.613801e+01 2.931733e-02 -3.218767e+00
1.613801e+01 3.165689e-02 -2.999441e+00
1.613801e+01 3.418314e-02 -2.813663e+00
1.613801e+01 3.691099e-02 -2.658564e+00
1.613801e+01 3.985652e-02 -2.524751e+00
1.613801e+01 4.303711e-02 -2.396464e+00
1.613801e+01 4.647152e-02 -2.254573e+00
1.613801e+01 5.017999e-02 -2.082813e+00
1.613801e+01 5.418441e-02 -1.921232e+00
1.613801e+01 5.850838e-02 -1.818234e+00
1.613801e+01 6.317741e-02 -1.707016e+00
1.613801e+01 6.821903e-02 -1.586923e+00
1.613801e+01 7.366298e-02 -1.458302e+00
1.613801e+01 7.954136e-02 -1.330194e+00
1.613801e+01 8.588885e-02 -1.191863e+00
1.613801e+01 9.274286e-02 -1.042493e+00
1.613801e+01 1.001438e-01 -8.812028e-01
1.613801e+01 1.081354e-01 -7.846233e-01
1.613801e+01 1.167647e-01 -7.173507e-01
1.613801e+01 1.260827e-01 -6.447098e-01
1.613801e+01 1.361442e-01 -5.662720e-01
1.613801e+01 1.470087e-01 -4.902306e-01
1.613801e+01 1.587401e-01 -4.449932e-01
1.613801e+01 1.714077e-01 -3.961458e-01
1.613801e+01 1.850862e-01 -3.434003e-01
1.613801e+01 1.998563e-01 -2.864457e-01
1.613801e+01 2.158051e-01 -2.549467e-01
1.613801e+01 2.330265e-01 -2.269265e-01
1.613801e+01 2.516223e-01 -1.966704e-01
1.613801e+01 2.717020e-01 -1.639997e-01
1.613801e+01 2.933841e-01 -1.387617e-01
1.613801e+01 3.167964e-01 -1.242695e-01
1.613801e+01 3.420771e-01 -1.086209e-01
1.613801e+01 3.693752e-01 -9.172354e-02
1.613801e+01 3.988518e-01 -7.429284e-02
1.613801e+01 4.306805e-01 -6.690450e-02
1.613801e+01 4.650493e-01 -5.892656e-02
1.613801e+01 5.021607e-01 -5.031197e-02
1.613801e+01 5.422336e-01 -4.100993e-02
1.613801e+01 5.855044e-01 -3.544996e-02
1.613801e+01 6.322283e-01 -3.153606e-02
1.613801e+01 6.826808e-01 -2.730982e-02
1.613801e+01 7.371594e-01 -2.274632e-02
1.613801e+01 7.959855e-01 -1.879233e-02
1.613801e+01 8.595059e-01 -1.681392e-02
1.613801e+01 9.280954e-01 -1.467763e-02
1.613801e+01 1.002158e+00 -1.237086e-02
1.613801e+01 1.082132e+00 -9.880010e-03
1.613801e+01 1.168487e+00 -8.782020e-03
1.613801e+01 1.261733e+00 -7.731968e-03
1.613801e+01 1.362421e+00 -6.598121e-03
1.613801e+01 1.471144e+00 -5.373792e-03
1.613801e+01 1.588542e+00 -4.497640e-03
1.613801e+01 1.715310e+00 -3.941955e-03
1.613801e+01 1.852193e+00 -3.341925e-03
1.613801e+01 2.000000e+00 -2.694013e-03
1.648077e+01 1.000000e-03 -9.304737e-01
1.648077e+01 1.079801e-03 -9.983463e-01
1.648077e+01 1.165970e-03 -1.070584e+00
1.648077e+01 1.259016e-03 -1.147347e+00
1.648077e+01 1.359487e-03 -1.228774e+00
1.648077e+01 1.467975e-03 -1.314986e+00
1.648077e+01 1.585121e-03 -1.406081e+00
1.648077e+01 1.711615e-03 -1.502123e+00
1.648077e+01 1.848204e-03 -1.603147e+00
1.648077e+01 1.995693e-03 -1.709151e+00
1.648077e+01 2.154951e-03 -1.820095e+00
1.648077e+01 2.326918e-03 -1.935890e+00
1.648077e+01 2.512609e-03 -2.056385e+00
1.648077e+01 2.713117e-03 -2.181364e+00
1.648077e+01 2.929627e-03 -2.310541e+00
1.648077e+01 3.163414e-03 -2.443518e+00
1.648077e+01 3.415858e-03 -2.579779e+00
1.648077e+01 3.688447e-03 -2.718708e+00
1.648077e+01 3.982789e-03 -2.859553e+00
1.648077e+01 4.300619e-03 -3.001417e+00
1.648077e+01 4.643813e-03 -3.143286e+00
1.648077e+01 5.014394e-03 -3.283957e+00
1.648077e+01 5.414548e-03 -3.422041e+00
1.648077e+01 5.846635e-03 -3.556020e+00
1.648077e+01 6.313202e-03 -3.684142e+00
1.648077e+01 6.817002e-03 -3.804442e+00
1.648077e+01 7.361006e-03 -3.914857e+00
1.648077e+01 7.948422e-03 -4.013071e+00
1.648077e+01 8.582714e-03 -4.096571e+00
1.648077e+01 9.267624e-03 -4.162860e+00
1.648077e+01 1.000719e-02 -4.209291e+00
1.648077e+01 1.080577e-02 -4.233186e+00
1.648077e+01 1.166809e-02 -4.232148e+00
1.648077e+01 1.259921e-02 -4.204037e+00
1.648077e+01 1.360464e-02 -4.147127e+00
1.648077e+01 1.469030e-02 -4.060399e+00
1.648077e+01 1.586261e-02 -3.944062e+00
1.648077e+01 1.712846e-02 -3.799498e+00
1.648077e+01 1.849533e-02 -3.628985e+00
1.648077e+01 1.997127e-02 -3.437442e+00
1.648077e+01 2.156500e-02 -3.231449e+00
1.648077e+01 2.328591e-02 -3.017361e+00
1.648077e+01 2.514415e-02 -2.803907e+00
1.648077e+01 2.715068e-02 -2.600404e+00
1.648077e+01 2.931733e-02 -2.413849e+00
1.648077e+01 3.165689e-02 -2.249370e+00
1.648077e+01 3.418314e-02 -2.110050e+00
1.648077e+01 3.691099e-02 -1.993737e+00
1.648077e+01 3.985652e-02 -1.893386e+00
1.648077e+01 4.303711e-02 -1.797180e+00
1.648077e+01 4.647152e-02 -1.690771e+00
1.648077e+01 5.017999e-02 -1.561963e+00
1.648077e+01 5.418441e-02 -1.440803e+00
1.648077e+01 5.850838e-02 -1.363600e+00
1.648077e+01 6.317741e-02 -1.280235e+00
1.648077e+01 6.821903e-02 -1.190219e+00
1.648077e+01 7.366298e-02 -1.093666e+00
1.648077e+01 7.954136e-02 -9.960211e-01
1.648077e+01 8.588885e-02 -8.905837e-01
1.648077e+01 9.274286e-02 -7.767324e-01
1.648077e+01 1.001438e-01 -6.537956e-01
1.648077e+01 1.081354e-01 -5.809886e-01
1.648077e+01 1.167647e-01 -5.309692e-01
1.648077e+01 1.260827e-01 -4.769581e-01
1.648077e+01 1.361442e-01 -4.186369e-01
1.648077e+01 1.470087e-01 -3.621601e-01
1.648077e+01 1.587401e-01 -3.288587e-01
1.648077e+01 1.714077e-01 -2.928998e-01
1.648077e+01 1.850862e-01 -2.540713e-01
1.648077e+01 1.998563e-01 -2.121443e-01
1.648077e+01 2.158051e-01 -1.889326e-01
1.648077e+01 2.330265e-01 -1.682753e-01
1.648077e+01 2.516223e-01 -1.459695e-01
1.648077e+01 2.717020e-01 -1.218836e-01
1.648077e+01 2.933841e-01 -1.032373e-01
1.648077e+01 3.167964e-01 -9.245916e-02
1.648077e+01 3.420771e-01 -8.082088e-02
1.648077e+01 3.693752e-01 -6.825386e-02
1.648077e+01 3.988518e-01 -5.529433e-02
1.648077e+01 4.306805e-01 -4.986192e-02
1.648077e+01 4.650493e-01 -4.399599e-02
1.648077e+01 5.021607e-01 -3.766195e-02
1.648077e+01 5.422336e-01 -3.082245e-02
1.648077e+01 5.855044e-01 -2.671649e-02
1.648077e+01 6.322283e-01 -2.381108e-02
1.648077e+01 6.826808e-01 -2.067380e-02
1.648077e+01 7.371594e-01 -1.728617e-02
1.648077e+01 7.959855e-01 -1.434175e-02
1.648077e+01 8.595059e-01 -1.284139e-02
1.648077e+01 9.280954e-01 -1.122130e-02
1.648077e+01 1.002158e+00 -9.471922e-03
1.648077e+01 1.082132e+00 -7.582942e-03
1.648077e+01 1.168487e+00 -6.751247e-03
1.648077e+01 1.261733e+00 -5.956070e-03
1.648077e+01 1.362421e+00 -5.097437e-03
1.648077e+01 1.471144e+00 -4.170284e-03
1.648077e+01 1.588542e+00 -3.501732e-03
1.648077e+01 1.715310e+00 -3.071025e-03
1.648077e+01 1.852193e+00 -2.605948e-03
1.648077e+01 2.000000e+00 -2.103756e-03
1.683038e+01 1.000000e-03 -6.983236e-01
1.683038e+01 1.079801e-03 -7.492781e-01
1.683038e+01 1.165970e-03 -8.035124e-01
1.683038e+01 1.259016e-03 -8.611467e-01
1.683038e+01 1.359487e-03 -9.222858e-01
1.683038e+01 1.467975e-03 -9.870208e-01
1.683038e+01 1.585121e-03 -1.055424e+00
1.683038e+01 1.711615e-03 -1.127544e+00
1.683038e+01 1.848204e-03 -1.203406e+00
1.683038e+01 1.995693e-03 -1.283008e+00
1.683038e+01 2.154951e-03 -1.366319e+00
1.683038e+01 2.326918e-03 -1.453270e+00
1.683038e+01 2.512609e-03 -1.543749e+00
1.683038e+01 2.713117e-03 -1.637592e+00
1.683038e+01 2.929627e-03 -1.734586e+00
1.683038e+01 3.163414e-03 -1.834433e+00
1.683038e+01 3.415858e-03 -1.936744e+00
1.683038e+01 3.688447e-03 -2.041059e+00
1.683038e+01 3.982789e-03 -2.146812e+00
1.683038e+01 4.300619e-03 -2.253331e+00
1.683038e+01 4.643813e-03 -2.359852e+00
1.683038e+01 5.014394e-03 -2.465473e+00
1.683038e+01 5.414548e-03 -2.569150e+00
1.683038e+01 5.846635e-03 -2.669745e+00
1.683038e+01 6.313202e-03 -2.765943e+00
1.683038e+01 6.817002e-03 -2.856268e+00
1.683038e+01 7.361006e-03 -2.939171e+00
1.683038e+01 7.948422e-03 -3.012913e+00
1.683038e+01 8.582714e-03 -3.075608e+00
1.683038e+01 9.267624e-03 -3.125381e+00
1.683038e+01 1.000719e-02 -3.160244e+00
1.683038e+01 1.080577e-02 -3.178187e+00
1.683038e+01 1.166809e-02 -3.177410e+00
1.683038e+01 1.259921e-02 -3.156307e+00
1.683038e+01 1.360464e-02 -3.113583e+00
1.683038e+01 1.469030e-02 -3.048471e+00
1.683038e+01 1.586261e-02 -2.961130e+00
1.683038e+01 1.712846e-02 -2.852595e+00
1.683038e+01 1.849533e-02 -2.724579e+00
1.683038e+01 1.997127e-02 -2.580773e+00
1.683038e+01 2.156500e-02 -2.426118e+00
1.683038e+01 2.328591e-02 -2.265385e+00
1.683038e+01 2.514415e-02 -2.105127e+00
1.683038e+01 2.715068e-02 -1.952341e+00
1.683038e+01 2.931733e-02 -1.812279e+00
1.683038e+01 3.165689e-02 -1.688791e+00
1.683038e+01 3.418314e-02 -1.584192e+00
1.683038e+01 3.691099e-02 -1.496866e+00
1.683038e+01 3.985652e-02 -1.421524e+00
1.683038e+01 4.303711e-02 -1.349294e+00
1.683038e+01 4.647152e-02 -1.269404e+00
1.683038e+01 5.017999e-02 -1.172697e+00
1.683038e+01 5.418441e-02 -1.079041e+00
1.683038e+01 5.850838e-02 -1.013584e+00
1.683038e+01 6.317741e-02 -9.429032e-01
1.683038e+01 6.821903e-02 -8.665823e-01
1.683038e+01 7.366298e-02 -7.859698e-01
1.683038e+01 7.954136e-02 -7.172918e-01
1.683038e+01 8.588885e-02 -6.431333e-01
1.683038e+01 9.274286e-02 -5.630568e-01
1.683038e+01 1.001438e-01 -4.765901e-01
1.683038e+01 1.081354e-01 -4.244672e-01
1.683038e+01 1.167647e-01 -3.878623e-01
1.683038e+01 1.260827e-01 -3.483363e-01
1.683038e+01 1.361442e-01 -3.056561e-01
1.683038e+01 1.470087e-01 -2.643926e-01
1.683038e+01 1.587401e-01 -2.403797e-01
1.683038e+01 1.714077e-01 -2.144506e-01
1.683038e+01 1.850862e-01 -1.864523e-01
1.683038e+01 1.998563e-01 -1.562197e-01
1.683038e+01 2.158051e-01 -1.391730e-01
1.683038e+01 2.330265e-01 -1.238818e-01
1.683038e+01 2.516223e-01 -1.073702e-01
1.683038e+01 2.717020e-01 -8.954107e-02
1.683038e+01 2.933841e-01 -7.576796e-02
1.683038e+01 3.167964e-01 -6.785899e-02
1.683038e+01 3.420771e-01 -5.931887e-02
1.683038e+01 3.693752e-01 -5.009724e-02
1.683038e+01 3.988518e-01 -4.058880e-02
1.683038e+01 4.306805e-01 -3.662075e-02
1.683038e+01 4.650493e-01 -3.233605e-02
1.683038e+01 5.021607e-01 -2.770942e-02
1.683038e+01 5.422336e-01 -2.271359e-02
1.683038e+01 5.855044e-01 -1.972128e-02
1.683038e+01 6.322283e-01 -1.760962e-02
1.683038e+01 6.826808e-01 -1.532945e-02
1.683038e+01 7.371594e-01 -1.286732e-02
1.683038e+01 7.959855e-01 -1.072132e-02
1.683038e+01 8.595059e-01 -9.610279e-03
1.683038e+01 9.280954e-01 -8.410573e-03
1.683038e+01 1.002158e+00 -7.115129e-03
1.683038e+01 1.082132e+00 -5.716308e-03
1.683038e+01 1.168487e+00 -5.097863e-03
1.683038e+01 1.261733e+00 -4.506038e-03
1.683038e+01 1.362421e+00 -3.866985e-03
1.683038e+01 1.471144e+00 -3.176935e-03
1.683038e+01 1.588542e+00 -2.676380e-03
1.683038e+01 1.715310e+00 -2.350004e-03
1.683038e+01 1.852193e+00 -1.997584e-03
1.683038e+01 2.000000e+00 -1.617040e-03
1.718699e+01 1.000000e-03 -4.981424e-01
1.718699e+01 1.079801e-03 -5.345018e-01
1.718699e+01 1.165970e-03 -5.732034e-01
1.718699e+01 1.259016e-03 -6.143333e-01
1.718699e+01 1.359487e-03 -6.579664e-01
1.718699e+01 1.467975e-03 -7.041678e-01
1.718699e+01 1.585121e-03 -7.529887e-01
1.718699e+01 1.711615e-03 -8.044640e-01
1.718699e+01 1.848204e-03 -8.586112e-01
1.718699e+01 1.995693e-03 -9.154283e-01
1.718699e+01 2.154951e-03 -9.748915e-01
1.718699e+01 2.326918e-03 -1.036952e+00
1.718699e+01 2.512609e-03 -1.101529e+00
1.718699e+01 2.713117e-03 -1.168505e+00
1.718699e+01 2.929627e-03 -1.237729e+00
1.718699e+01 3.163414e-03 -1.308987e+00
1.718699e+01 3.415858e-03 -1.382005e+00
1.718699e+01 3.688447e-03 -1.456452e+00
1.718699e+01 3.982789e-03 -1.531926e+00
1.718699e+01 4.300619e-03 -1.607946e+00
1.718699e+01 4.643813e-03 -1.683968e+00
1.718699e+01 5.014394e-03 -1.759345e+00
1.718699e+01 5.414548e-03 -1.833336e+00
1.718699e+01 5.846635e-03 -1.905126e+00
1.718699e+01 6.313202e-03 -1.973779e+00
1.718699e+01 6.817002e-03 -2.038240e+00
1.718699e+01 7.361006e-03 -2.097405e+00
1.718699e+01 7.948422e-03 -2.150031e+00
1.718699e+01 8.582714e-03 -2.194774e+00
1.718699e+01 9.267624e-03 -2.230296e+00
1.718699e+01 1.000719e-02 -2.255177e+00
1.718699e+01 1.080577e-02 -2.267984e+00
1.718699e+01 1.166809e-02 -2.267432e+00
1.718699e+01 1.259921e-02 -2.252375e+00
1.718699e+01 1.360464e-02 -2.221888e+00
1.718699e+01 1.469030e-02 -2.175425e+00
1.718699e+01 1.586261e-02 -2.113099e+00
1.718699e+01 1.712846e-02 -2.035649e+00
1.718699e+01 1.849533e-02 -1.944295e+00
1.718699e+01 1.997127e-02 -1.841674e+00
1.718699e+01 2.156500e-02 -1.731311e+00
1.718699e+01 2.328591e-02 -1.616611e+00
1.718699e+01 2.514415e-02 -1.502249e+00
1.718699e+01 2.715068e-02 -1.393219e+00
1.718699e+01 2.931733e-02 -1.293269e+00
1.718699e+01 3.165689e-02 -1.205146e+00
1.718699e+01 3.418314e-02 -1.130502e+00
1.718699e+01 3.691099e-02 -1.068185e+00
1.718699e+01 3.985652e-02 -1.014420e+00
1.718699e+01 4.303711e-02 -9.628757e-01
1.718699e+01 4.647152e-02 -9.058653e-01
1.718699e+01 5.017999e-02 -8.368539e-01
1.718699e+01 5.418441e-02 -7.702572e-01
1.718699e+01 5.850838e-02 -7.242088e-01
1.718699e+01 6.317741e-02 -6.744858e-01
1.718699e+01 6.821903e-02 -6.207948e-01
1.718699e+01 7.366298e-02 -5.638917e-01
1.718699e+01 7.954136e-02 -5.134000e-01
1.718699e+01 8.588885e-02 -4.588791e-01
1.718699e+01 9.274286e-02 -4.000072e-01
1.718699e+01 1.001438e-01 -3.364374e-01
1.718699e+01 1.081354e-01 -2.991863e-01
1.718699e+01 1.167647e-01 -2.739396e-01
1.718699e+01 1.260827e-01 -2.466783e-01
1.718699e+01 1.361442e-01 -2.172414e-01
1.718699e+01 1.470087e-01 -1.886725e-01
1.718699e+01 1.587401e-01 -1.715280e-01
1.718699e+01 1.714077e-01 -1.530154e-01
1.718699e+01 1.850862e-01 -1.330255e-01
1.718699e+01 1.998563e-01 -1.114404e-01
1.718699e+01 2.158051e-01 -9.922444e-02
1.718699e+01 2.330265e-01 -8.824919e-02
1.718699e+01 2.516223e-01 -7.639810e-02
1.718699e+01 2.717020e-01 -6.360129e-02
1.718699e+01 2.933841e-01 -5.375896e-02
1.718699e+01 3.167964e-01 -4.818404e-02
1.718699e+01 3.420771e-01 -4.216423e-02
1.718699e+01 3.693752e-01 -3.566404e-02
1.718699e+01 3.988518e-01 -2.896150e-02
1.718699e+01 4.306805e-01 -2.616186e-02
1.718699e+01 4.650493e-01 -2.313881e-02
1.718699e+01 5.021607e-01 -1.987451e-02
1.718699e+01 5.422336e-01 -1.634973e-02
1.718699e+01 5.855044e-01 -1.423080e-02
1.718699e+01 6.322283e-01 -1.272900e-02
1.718699e+01 6.826808e-01 -1.110735e-02
1.718699e+01 7.371594e-01 -9.356294e-03
1.718699e+01 7.959855e-01 -7.824408e-03
1.718699e+01 8.595059e-01 -7.014802e-03
1.718699e+01 9.280954e-01 -6.140589e-03
1.718699e+01 1.002158e+00 -5.196613e-03
1.718699e+01 1.082132e+00 -4.177307e-03
1.718699e+01 1.168487e+00 -3.727568e-03
1.718699e+01 1.261733e+00 -3.297377e-03
1.718699e+01 1.362421e+00 -2.832856e-03
1.718699e+01 1.471144e+00 -2.331266e-03
1.718699e+01 1.588542e+00 -1.965934e-03
1.718699e+01 1.715310e+00 -1.725793e-03
1.718699e+01 1.852193e+00 -1.466488e-03
1.718699e+01 2.000000e+00 -1.186491e-03
1.755073e+01 1.000000e-03 -3.516311e-01
1.755073e+01 1.079801e-03 -3.773047e-01
1.755073e+01 1.165970e-03 -4.046336e-01
1.755073e+01 1.259016e-03 -4.336788e-01
1.755073e+01 1.359487e-03 -4.644931e-01
1.755073e+01 1.467975e-03 -4.971226e-01
1.755073e+01 1.585121e-03 -5.316035e-01
1.755073e+01 1.711615e-03 -5.679602e-01
1.755073e+01 1.848204e-03 -6.062047e-01
1.755073e+01 1.995693e-03 -6.463353e-01
1.755073e+01 2.154951e-03 -6.883345e-01
1.755073e+01 2.326918e-03 -7.321673e-01
1.755073e+01 2.512609e-03 -7.777762e-01
1.755073e+01 2.713117e-03 -8.250787e-01
1.755073e+01 2.929627e-03 -8.739674e-01
1.755073e+01 3.163414e-03 -9.242926e-01
1.755073e+01 3.415858e-03 -9.758596e-01
1.755073e+01 3.688447e-03 -1.028437e+00
1.755073e+01 3.982789e-03 -1.081739e+00
1.755073e+01 4.300619e-03 -1.135426e+00
1.755073e+01 4.643813e-03 -1.189114e+00
1.755073e+01 5.014394e-03 -1.242347e+00
1.755073e+01 5.414548e-03 -1.294600e+00
1.755073e+01 5.846635e-03 -1.345299e+00
1.755073e+01 6.313202e-03 -1.393782e+00
1.755073e+01 6.817002e-03 -1.439305e+00
1.755073e+01 7.361006e-03 -1.481088e+00
1.755073e+01 7.948422e-03 -1.518253e+00
1.755073e+01 8.582714e-03 -1.549851e+00
1.755073e+01 9.267624e-03 -1.574937e+00
1.755073e+01 1.000719e-02 -1.592510e+00
1.755073e+01 1.080577e-02 -1.601555e+00
1.755073e+01 1.166809e-02 -1.601167e+00
1.755073e+01 1.259921e-02 -1.590536e+00
1.755073e+01 1.360464e-02 -1.569008e+00
1.755073e+01 1.469030e-02 -1.536199e+00
1.755073e+01 1.586261e-02 -1.492188e+00
1.755073e+01 1.712846e-02 -1.437497e+00
1.755073e+01 1.849533e-02 -1.372987e+00
1.755073e+01 1.997127e-02 -1.300521e+00
1.755073e+01 2.156500e-02 -1.222587e+00
1.755073e+01 2.328591e-02 -1.141590e+00
1.755073e+01 2.514415e-02 -1.060832e+00
1.755073e+01 2.715068e-02 -9.838397e-01
1.755073e+01 2.931733e-02 -9.132587e-01
1.755073e+01 3.165689e-02 -8.510296e-01
1.755073e+01 3.418314e-02 -7.983193e-01
1.755073e+01 3.691099e-02 -7.543131e-01
1.755073e+01 3.985652e-02 -7.163463e-01
1.755073e+01 4.303711e-02 -6.799475e-01
1.755073e+01 4.647152e-02 -6.396888e-01
1.755073e+01 5.017999e-02 -5.909555e-01
1.755073e+01 5.418441e-02 -5.435203e-01
1.755073e+01 5.850838e-02 -5.098691e-01
1.755073e+01 6.317741e-02 -4.735325e-01
1.755073e+01 6.821903e-02 -4.342962e-01
1.755073e+01 7.366298e-02 -3.928074e-01
1.755073e+01 7.954136e-02 -3.569791e-01
1.755073e+01 8.588885e-02 -3.182917e-01
1.755073e+01 9.274286e-02 -2.765171e-01
1.755073e+01 1.001438e-01 -2.314087e-01
1.755073e+01 1.081354e-01 -2.055804e-01
1.755073e+01 1.167647e-01 -1.886068e-01
1.755073e+01 1.260827e-01 -1.702787e-01
1.755073e+01 1.361442e-01 -1.504879e-01
1.755073e+01 1.470087e-01 -1.312432e-01
1.755073e+01 1.587401e-01 -1.195157e-01
1.755073e+01 1.714077e-01 -1.068524e-01
1.755073e+01 1.850862e-01 -9.317854e-02
1.755073e+01 1.998563e-01 -7.841349e-02
1.755073e+01 2.158051e-01 -6.980326e-02
1.755073e+01 2.330265e-01 -6.197065e-02
1.755073e+01 2.516223e-01 -5.351300e-02
1.755073e+01 2.717020e-01 -4.438041e-02
1.755073e+01 2.933841e-01 -3.741967e-02
1.755073e+01 3.167964e-01 -3.358997e-02
1.755073e+01 3.420771e-01 -2.945465e-02
1.755073e+01 3.693752e-01 -2.498933e-02
1.755073e+01 3.988518e-01 -2.038224e-02
1.755073e+01 4.306805e-01 -1.841723e-02
1.755073e+01 4.650493e-01 -1.629541e-02
1.755073e+01 5.021607e-01 -1.400426e-02
1.755073e+01 5.422336e-01 -1.153028e-02
1.755073e+01 5.855044e-01 -1.004651e-02
1.755073e+01 6.322283e-01 -8.997785e-03
1.755073e+01 6.826808e-01 -7.865370e-03
1.755073e+01 7.371594e-01 -6.642587e-03
1.755073e+01 7.959855e-01 -5.570695e-03
1.755073e+01 8.595059e-01 -4.997935e-03
1.755073e+01 9.280954e-01 -4.379469e-03
1.755073e+01 1.002158e+00 -3.711648e-03
1.755073e+01 1.082132e+00 -2.990534e-03
1.755073e+01 1.168487e+00 -2.670161e-03
1.755073e+01 1.261733e+00 -2.363254e-03
1.755073e+01 1.362421e+00 -2.031856e-03
1.755073e+01 1.471144e+00 -1.674011e-03
1.755073e+01 1.588542e+00 -1.413469e-03
1.755073e+01 1.715310e+00 -1.242329e-03
1.755073e+01 1.852193e+00 -1.057532e-03
1.755073e+01 2.000000e+00 -8.579873e-04
1.792175e+01 1.000000e-03 -2.483566e-01
1.792175e+01 1.079801e-03 -2.664957e-01
1.792175e+01 1.165970e-03 -2.858053e-01
1.792175e+01 1.259016e-03 -3.063285e-01
1.792175e+01 1.359487e-03 -3.281029e-01
1.792175e+01 1.467975e-03 -3.511610e-01
1.792175e+01 1.585121e-03 -3.755285e-01
1.792175e+01 1.711615e-03 -4.012224e-01
1.792175e+01 1.848204e-03 -4.282510e-01
1.792175e+01 1.995693e-03 -4.566127e-01
1.792175e+01 2.154951e-03 -4.862950e-01
1.792175e+01 2.326918e-03 -5.172725e-01
1.792175e+01 2.512609e-03 -5.495043e-01
1.792175e+01 2.713117e-03 -5.829322e-01
1.792175e+01 2.929627e-03 -6.174803e-01
1.792175e+01 3.163414e-03 -6.530430e-01
1.792175e+01 3.415858e-03 -6.894829e-01
1.792175e+01 3.688447e-03 -7.266366e-01
1.792175e+01 3.982789e-03 -7.643028e-01
1.792175e+01 4.300619e-03 -8.022413e-01
1.792175e+01 4.643813e-03 -8.401797e-01
1.792175e+01 5.014394e-03 -8.777960e-01
1.792175e+01 5.414548e-03 -9.147195e-01
1.792175e+01 5.846635e-03 -9.505451e-01
1.792175e+01 6.313202e-03 -9.848049e-01
1.792175e+01 6.817002e-03 -1.016974e+00
1.792175e+01 7.361006e-03 -1.046499e+00
1.792175e+01 7.948422e-03 -1.072761e+00
1.792175e+01 8.582714e-03 -1.095089e+00
1.792175e+01 9.267624e-03 -1.112816e+00
1.792175e+01 1.000719e-02 -1.125234e+00
1.792175e+01 1.080577e-02 -1.131627e+00
1.792175e+01 1.166809e-02 -1.131354e+00
1.792175e+01 1.259921e-02 -1.123843e+00
1.792175e+01 1.360464e-02 -1.108633e+00
1.792175e+01 1.469030e-02 -1.085452e+00
1.792175e+01 1.586261e-02 -1.054355e+00
1.792175e+01 1.712846e-02 -1.015711e+00
1.792175e+01 1.849533e-02 -9.701306e-01
1.792175e+01 1.997127e-02 -9.189275e-01
1.792175e+01 2.156500e-02 -8.638611e-01
1.792175e+01 2.328591e-02 -8.066302e-01
1.792175e+01 2.514415e-02 -7.495683e-01
1.792175e+01 2.715068e-02 -6.951665e-01
1.792175e+01 2.931733e-02 -6.452952e-01
1.792175e+01 3.165689e-02 -6.013250e-01
1.792175e+01 3.418314e-02 -5.640807e-01
1.792175e+01 3.691099e-02 -5.329866e-01
1.792175e+01 3.985652e-02 -5.061598e-01
1.792175e+01 4.303711e-02 -4.804409e-01
1.792175e+01 4.647152e-02 -4.519948e-01
1.792175e+01 5.017999e-02 -4.175605e-01
1.792175e+01 5.418441e-02 -3.834617e-01
1.792175e+01 5.850838e-02 -3.580643e-01
1.792175e+01 6.317741e-02 -3.306401e-01
1.792175e+01 6.821903e-02 -3.010274e-01
1.792175e+01 7.366298e-02 -2.699284e-01
1.792175e+01 7.954136e-02 -2.452998e-01
1.792175e+01 8.588885e-02 -2.187058e-01
1.792175e+01 9.274286e-02 -1.899896e-01
1.792175e+01 1.001438e-01 -1.589818e-01
1.792175e+01 1.081354e-01 -1.413717e-01
1.792175e+01 1.167647e-01 -1.299290e-01
1.792175e+01 1.260827e-01 -1.175732e-01
1.792175e+01 1.361442e-01 -1.042314e-01
1.792175e+01 1.470087e-01 -9.121906e-02
1.792175e+01 1.587401e-01 -8.310735e-02
1.792175e+01 1.714077e-01 -7.434832e-02
1.792175e+01 1.850862e-01 -6.489031e-02
1.792175e+01 1.998563e-01 -5.467754e-02
1.792175e+01 2.158051e-01 -4.868748e-02
1.792175e+01 2.330265e-01 -4.322566e-02
1.792175e+01 2.516223e-01 -3.732798e-02
1.792175e+01 2.717020e-01 -3.095965e-02
1.792175e+01 2.933841e-01 -2.610901e-02
1.792175e+01 3.167964e-01 -2.344603e-02
1.792175e+01 3.420771e-01 -2.057055e-02
1.792175e+01 3.693752e-01 -1.746560e-02
1.792175e+01 3.988518e-01 -1.426159e-02
1.792175e+01 4.306805e-01 -1.288789e-02
1.792175e+01 4.650493e-01 -1.140456e-02
1.792175e+01 5.021607e-01 -9.802856e-03
1.792175e+01 5.422336e-01 -8.073337e-03
1.792175e+01 5.855044e-01 -7.042865e-03
1.792175e+01 6.322283e-01 -6.320238e-03
1.792175e+01 6.826808e-01 -5.539944e-03
1.792175e+01 7.371594e-01 -4.697382e-03
1.792175e+01 7.959855e-01 -3.955420e-03
1.792175e+01 8.595059e-01 -3.549181e-03
1.792175e+01 9.280954e-01 -3.110524e-03
1.792175e+01 1.002158e+00 -2.636861e-03
1.792175e+01 1.082132e+00 -2.125400e-03
1.792175e+01 1.168487e+00 -1.898619e-03
1.792175e+01 1.261733e+00 -1.681462e-03
1.792175e+01 1.362421e+00 -1.446976e-03
1.792175e+01 1.471144e+00 -1.193778e-03
1.792175e+01 1.588542e+00 -1.009230e-03
1.792175e+01 1.715310e+00 -8.877505e-04
1.792175e+01 1.852193e+00 -7.565771e-04
1.792175e+01 2.000000e+00 -6.149360e-04
1.830018e+01 1.000000e-03 -1.683340e-01
1.830018e+01 1.079801e-03 -1.806324e-01
1.830018e+01 1.165970e-03 -1.937251e-01
1.830018e+01 1.259016e-03 -2.076415e-01
1.830018e+01 1.359487e-03 -2.224071e-01
1.830018e+01 1.467975e-03 -2.380440e-01
1.830018e+01 1.585121e-03 -2.545694e-01
1.830018e+01 1.711615e-03 -2.719950e-01
1.830018e+01 1.848204e-03 -2.903262e-01
1.830018e+01 1.995693e-03 -3.095617e-01
1.830018e+01 2.154951e-03 -3.296928e-01
1.830018e+01 2.326918e-03 -3.507020e-01
1.830018e+01 2.512609e-03 -3.725613e-01
1.830018e+01 2.713117e-03 -3.952312e-01
1.830018e+01 2.929627e-03 -4.186602e-01
1.830018e+01 3.163414e-03 -4.427769e-01
1.830018e+01 3.415858e-03 -4.674882e-01
1.830018e+01 3.688447e-03 -4.926837e-01
1.830018e+01 3.982789e-03 -5.182268e-01
1.830018e+01 4.300619e-03 -5.439545e-01
1.830018e+01 4.643813e-03 -5.696818e-01
1.830018e+01 5.014394e-03 -5.951904e-01
1.830018e+01 5.414548e-03 -6.202290e-01
1.830018e+01 5.846635e-03 -6.445231e-01
1.830018e+01 6.313202e-03 -6.677554e-01
1.830018e+01 6.817002e-03 -6.895697e-01
1.830018e+01 7.361006e-03 -7.095914e-01
1.830018e+01 7.948422e-03 -7.274004e-01
1.830018e+01 8.582714e-03 -7.425419e-01
1.830018e+01 9.267624e-03 -7.545631e-01
1.830018e+01 1.000719e-02 -7.629843e-01
1.830018e+01 1.080577e-02 -7.673200e-01
1.830018e+01 1.166809e-02 -7.671359e-01
1.830018e+01 1.259921e-02 -7.620439e-01
1.830018e+01 1.360464e-02 -7.517312e-01
1.830018e+01 1.469030e-02 -7.360131e-01
1.830018e+01 1.586261e-02 -7.149277e-01
1.830018e+01 1.712846e-02 -6.887251e-01
1.830018e+01 1.849533e-02 -6.578184e-01
1.830018e+01 1.997127e-02 -6.230993e-01
1.830018e+01 2.156500e-02 -5.857606e-01
1.830018e+01 2.328591e-02 -5.469541e-01
1.830018e+01 2.514415e-02 -5.082621e-01
1.830018e+01 2.715068e-02 -4.713739e-01
1.830018e+01 2.931733e-02 -4.375575e-01
1.830018e+01 3.165689e-02 -4.077426e-01
1.830018e+01 3.418314e-02 -3.824882e-01
1.830018e+01 3.691099e-02 -3.614041e-01
1.830018e+01 3.985652e-02 -3.432136e-01
1.830018e+01 4.303711e-02 -3.257743e-01
1.830018e+01 4.647152e-02 -3.064857e-01
1.830018e+01 5.017999e-02 -2.831368e-01
1.830018e+01 5.418441e-02 -2.599464e-01
1.830018e+01 5.850838e-02 -2.425334e-01
1.830018e+01 6.317741e-02 -2.237308e-01
1.830018e+01 6.821903e-02 -2.034277e-01
1.830018e+01 7.366298e-02 -1.821014e-01
1.830018e+01 7.954136e-02 -1.651689e-01
1.830018e+01 8.588885e-02 -1.468851e-01
1.830018e+01 9.274286e-02 -1.271423e-01
1.830018e+01 1.001438e-01 -1.058240e-01
1.830018e+01 1.081354e-01 -9.412210e-02
1.830018e+01 1.167647e-01 -8.688602e-02
1.830018e+01 1.260827e-01 -7.907249e-02
1.830018e+01 1.361442e-01 -7.063544e-02
1.830018e+01 1.470087e-01 -6.231884e-02
1.830018e+01 1.587401e-01 -5.671978e-02
1.830018e+01 1.714077e-01 -5.067390e-02
1.830018e+01 1.850862e-01 -4.414556e-02
1.830018e+01 1.998563e-01 -3.709624e-02
1.830018e+01 2.158051e-01 -3.297090e-02
1.830018e+01 2.330265e-01 -2.921275e-02
1.830018e+01 2.516223e-01 -2.515470e-02
1.830018e+01 2.717020e-01 -2.077282e-02
1.830018e+01 2.933841e-01 -1.747344e-02
1.830018e+01 3.167964e-01 -1.573097e-02
1.830018e+01 3.420771e-01 -1.384946e-02
1.830018e+01 3.693752e-01 -1.181779e-02
1.830018e+01 3.988518e-01 -9.719798e-03
1.830018e+01 4.306805e-01 -8.798070e-03
1.830018e+01 4.650493e-01 -7.802786e-03
1.830018e+01 5.021607e-01 -6.728077e-03
1.830018e+01 5.422336e-01 -5.567606e-03
1.830018e+01 5.855044e-01 -4.867072e-03
1.830018e+01 6.322283e-01 -4.368124e-03
1.830018e+01 6.826808e-01 -3.829359e-03
1.830018e+01 7.371594e-01 -3.247601e-03
1.830018e+01 7.959855e-01 -2.734951e-03
1.830018e+01 8.595059e-01 -2.453249e-03
1.830018e+01 9.280954e-01 -2.149066e-03
1.830018e+01 1.002158e+00 -1.820610e-03
1.830018e+01 1.082132e+00 -1.465943e-03
1.830018e+01 1.168487e+00 -1.309244e-03
1.830018e+01 1.261733e+00 -1.159312e-03
1.830018e+01 1.362421e+00 -9.974153e-04
1.830018e+01 1.471144e+00 -8.225991e-04
1.830018e+01 1.588542e+00 -6.955464e-04
1.830018e+01 1.715310e+00 -6.123879e-04
1.830018e+01 1.852193e+00 -5.225932e-04
1.830018e+01 2.000000e+00 -4.256328e-04
1.868618e+01 1.000000e-03 -1.061311e-01
1.868618e+01 1.079801e-03 -1.138876e-01
1.868618e+01 1.165970e-03 -1.221454e-01
1.868618e+01 1.259016e-03 -1.309232e-01
1.868618e+01 1.359487e-03 -1.402370e-01
1.868618e+01 1.467975e-03 -1.501010e-01
1.868618e+01 1.585121e-03 -1.605261e-01
1.868618e+01 1.711615e-03 -1.715193e-01
1.868618e+01 1.848204e-03 -1.830841e-01
1.868618e+01 1.995693e-03 -1.952196e-01
1.868618e+01 2.154951e-03 -2.079201e-01
1.868618e+01 2.326918e-03 -2.211743e-01
1.868618e+01 2.512609e-03 -2.349645e-01
1.868618e+01 2.713117e-03 -2.492658e-01
1.868618e+01 2.929627e-03 -2.640456e-01
1.868618e+01 3.163414e-03 -2.792588e-01
1.868618e+01 3.415858e-03 -2.948470e-01
1.868618e+01 3.688447e-03 -3.107406e-01
1.868618e+01 3.982789e-03 -3.268536e-01
1.868618e+01 4.300619e-03 -3.430831e-01
1.868618e+01 4.643813e-03 -3.593121e-01
1.868618e+01 5.014394e-03 -3.754029e-01
1.868618e+01 5.414548e-03 -3.911971e-01
1.868618e+01 5.846635e-03 -4.065217e-01
1.868618e+01 6.313202e-03 -4.211766e-01
1.868618e+01 6.817002e-03 -4.349370e-01
1.868618e+01 7.361006e-03 -4.475666e-01
1.868618e+01 7.948422e-03 -4.588005e-01
1.868618e+01 8.582714e-03 -4.683518e-01
1.868618e+01 9.267624e-03 -4.759349e-01
1.868618e+01 1.000719e-02 -4.812471e-01
1.868618e+01 1.080577e-02 -4.839825e-01
1.868618e+01 1.166809e-02 -4.838669e-01
1.868618e+01 1.259921e-02 -4.806556e-01
1.868618e+01 1.360464e-02 -4.741514e-01
1.868618e+01 1.469030e-02 -4.642377e-01
1.868618e+01 1.586261e-02 -4.509385e-01
1.868618e+01 1.712846e-02 -4.344116e-01
1.868618e+01 1.849533e-02 -4.149175e-01
1.868618e+01 1.997127e-02 -3.930187e-01
1.868618e+01 2.156500e-02 -3.694676e-01
1.868618e+01 2.328591e-02 -3.449906e-01
1.868618e+01 2.514415e-02 -3.205858e-01
1.868618e+01 2.715068e-02 -2.973186e-01
1.868618e+01 2.931733e-02 -2.759890e-01
1.868618e+01 3.165689e-02 -2.571833e-01
1.868618e+01 3.418314e-02 -2.412542e-01
1.868618e+01 3.691099e-02 -2.279554e-01
1.868618e+01 3.985652e-02 -2.164817e-01
1.868618e+01 4.303711e-02 -2.054819e-01
1.868618e+01 4.647152e-02 -1.933156e-01
1.868618e+01 5.017999e-02 -1.785883e-01
1.868618e+01 5.418441e-02 -1.640954e-01
1.868618e+01 5.850838e-02 -1.534864e-01
1.868618e+01 6.317741e-02 -1.420307e-01
1.868618e+01 6.821903e-02 -1.296608e-01
1.868618e+01 7.366298e-02 -1.165879e-01
1.868618e+01 7.954136e-02 -1.053719e-01
1.868618e+01 8.588885e-02 -9.326084e-02
1.868618e+01 9.274286e-02 -8.018332e-02
1.868618e+01 1.001438e-01 -6.606220e-02
1.868618e+01 1.081354e-01 -5.874677e-02
1.868618e+01 1.167647e-01 -5.463220e-02
1.868618e+01 1.260827e-01 -5.018928e-02
1.868618e+01 1.361442e-01 -4.539181e-02
1.868618e+01 1.470087e-01 -4.059811e-02
1.868618e+01 1.587401e-01 -3.706872e-02
1.868618e+01 1.714077e-01 -3.325769e-02
1.868618e+01 1.850862e-01 -2.914253e-02
1.868618e+01 1.998563e-01 -2.469898e-02
1.868618e+01 2.158051e-01 -2.196726e-02
1.868618e+01 2.330265e-01 -1.943030e-02
1.868618e+01 2.516223e-01 -1.669088e-02
1.868618e+01 2.717020e-01 -1.373286e-02
1.868618e+01 2.933841e-01 -1.151685e-02
1.868618e+01 3.167964e-01 -1.036706e-02
1.868618e+01 3.420771e-01 -9.125511e-03
1.868618e+01 3.693752e-01 -7.784885e-03
1.868618e+01 3.988518e-01 -6.401315e-03
1.868618e+01 4.306805e-01 -5.805587e-03
1.868618e+01 4.650493e-01 -5.162319e-03
1.868618e+01 5.021607e-01 -4.467718e-03
1.868618e+01 5.422336e-01 -3.717686e-03
1.868618e+01 5.855044e-01 -3.257939e-03
1.868618e+01 6.322283e-01 -2.924670e-03
1.868618e+01 6.826808e-01 -2.564805e-03
1.868618e+01 7.371594e-01 -2.176224e-03
1.868618e+01 7.959855e-01 -1.833745e-03
1.868618e+01 8.595059e-01 -1.645386e-03
1.868618e+01 9.280954e-01 -1.441996e-03
1.868618e+01 1.002158e+00 -1.222376e-03
1.868618e+01 1.082132e+00 -9.852295e-04
1.868618e+01 1.168487e+00 -8.802997e-04
1.868618e+01 1.261733e+00 -7.798691e-04
1.868618e+01 1.362421e+00 -6.714240e-04
1.868618e+01 1.471144e+00 -5.543249e-04
1.868618e+01 1.588542e+00 -4.693932e-04
1.868618e+01 1.715310e+00 -4.140294e-04
1.868618e+01 1.852193e+00 -3.542475e-04
1.868618e+01 2.000000e+00 -2.896950e-04
1.907991e+01 1.000000e-03 -6.651735e-02
1.907991e+01 1.079801e-03 -7.138025e-02
1.907991e+01 1.165970e-03 -7.655778e-02
1.907991e+01 1.259016e-03 -8.206163e-02
1.907991e+01 1.359487e-03 -8.790193e-02
1.907991e+01 1.467975e-03 -9.408750e-02
1.907991e+01 1.585121e-03 -1.006252e-01
1.907991e+01 1.711615e-03 -1.075195e-01
1.907991e+01 1.848204e-03 -1.147724e-01
1.907991e+01 1.995693e-03 -1.223834e-01
1.907991e+01 2.154951e-03 -1.303487e-01
1.907991e+01 2.326918e-03 -1.386611e-01
1.907991e+01 2.512609e-03 -1.473095e-01
1.907991e+01 2.713117e-03 -1.562782e-01
1.907991e+01 2.929627e-03 -1.655467e-01
1.907991e+01 3.163414e-03 -1.750868e-01
1.907991e+01 3.415858e-03 -1.848620e-01
1.907991e+01 3.688447e-03 -1.948287e-01
1.907991e+01 3.982789e-03 -2.049330e-01
1.907991e+01 4.300619e-03 -2.151103e-01
1.907991e+01 4.643813e-03 -2.252872e-01
1.907991e+01 5.014394e-03 -2.353774e-01
1.907991e+01 5.414548e-03 -2.452815e-01
1.907991e+01 5.846635e-03 -2.548911e-01
1.907991e+01 6.313202e-03 -2.640807e-01
1.907991e+01 6.817002e-03 -2.727095e-01
1.907991e+01 7.361006e-03 -2.806292e-01
1.907991e+01 7.948422e-03 -2.876736e-01
1.907991e+01 8.582714e-03 -2.936630e-01
1.907991e+01 9.267624e-03 -2.984182e-01
1.907991e+01 1.000719e-02 -3.017495e-01
1.907991e+01 1.080577e-02 -3.034651e-01
1.907991e+01 1.166809e-02 -3.033929e-01
1.907991e+01 1.259921e-02 -3.013796e-01
1.907991e+01 1.360464e-02 -2.973016e-01
1.907991e+01 1.469030e-02 -2.910858e-01
1.907991e+01 1.586261e-02 -2.827472e-01
1.907991e+01 1.712846e-02 -2.723848e-01
1.907991e+01 1.849533e-02 -2.601618e-01
1.907991e+01 1.997127e-02 -2.464310e-01
1.907991e+01 2.156500e-02 -2.316640e-01
1.907991e+01 2.328591e-02 -2.163165e-01
1.907991e+01 2.514415e-02 -2.010142e-01
1.907991e+01 2.715068e-02 -1.864253e-01
1.907991e+01 2.931733e-02 -1.730512e-01
1.907991e+01 3.165689e-02 -1.612596e-01
1.907991e+01 3.418314e-02 -1.512717e-01
1.907991e+01 3.691099e-02 -1.429331e-01
1.907991e+01 3.985652e-02 -1.357388e-01
1.907991e+01 4.303711e-02 -1.288417e-01
1.907991e+01 4.647152e-02 -1.212132e-01
1.907991e+01 5.017999e-02 -1.119788e-01
1.907991e+01 5.418441e-02 -1.029256e-01
1.907991e+01 5.850838e-02 -9.636862e-02
1.907991e+01 6.317741e-02 -8.928835e-02
1.907991e+01 6.821903e-02 -8.164306e-02
1.907991e+01 7.366298e-02 -7.356599e-02
1.907991e+01 7.954136e-02 -6.666510e-02
1.907991e+01 8.588885e-02 -5.921351e-02
1.907991e+01 9.274286e-02 -5.116727e-02
1.907991e+01 1.001438e-01 -4.247894e-02
1.907991e+01 1.081354e-01 -3.788421e-02
1.907991e+01 1.167647e-01 -3.520667e-02
1.907991e+01 1.260827e-01 -3.231547e-02
1.907991e+01 1.361442e-01 -2.919354e-02
1.907991e+01 1.470087e-01 -2.608462e-02
1.907991e+01 1.587401e-01 -2.384428e-02
1.907991e+01 1.714077e-01 -2.142517e-02
1.907991e+01 1.850862e-01 -1.881301e-02
1.907991e+01 1.998563e-01 -1.599239e-02
1.907991e+01 2.158051e-01 -1.422228e-02
1.907991e+01 2.330265e-01 -1.256570e-02
1.907991e+01 2.516223e-01 -1.077693e-02
1.907991e+01 2.717020e-01 -8.845415e-03
1.907991e+01 2.933841e-01 -7.410838e-03
1.907991e+01 3.167964e-01 -6.689256e-03
1.907991e+01 3.420771e-01 -5.910091e-03
1.907991e+01 3.693752e-01 -5.068748e-03
1.907991e+01 3.988518e-01 -4.199241e-03
1.907991e+01 4.306805e-01 -3.807058e-03
1.907991e+01 4.650493e-01 -3.383579e-03
1.907991e+01 5.021607e-01 -2.926305e-03
1.907991e+01 5.422336e-01 -2.432541e-03
1.907991e+01 5.855044e-01 -2.131713e-03
1.907991e+01 6.322283e-01 -1.915151e-03
1.907991e+01 6.826808e-01 -1.681308e-03
1.907991e+01 7.371594e-01 -1.428803e-03
1.907991e+01 7.959855e-01 -1.205459e-03
1.907991e+01 8.595059e-01 -1.080322e-03
1.907991e+01 9.280954e-01 -9.452000e-04
1.907991e+01 1.002158e+00 -7.992947e-04
1.907991e+01 1.082132e+00 -6.417460e-04
1.907991e+01 1.168487e+00 -5.736806e-04
1.907991e+01 1.261733e+00 -5.088755e-04
1.907991e+01 1.362421e+00 -4.388990e-04
1.907991e+01 1.471144e+00 -3.633382e-04
1.907991e+01 1.588542e+00 -3.085269e-04
1.907991e+01 1.715310e+00 -2.727880e-04
1.907991e+01 1.852193e+00 -2.341970e-04
1.907991e+01 2.000000e+00 -1.925264e-04
1.948151e+01 1.000000e-03 -4.117959e-02
1.948151e+01 1.079801e-03 -4.419110e-02
1.948151e+01 1.165970e-03 -4.739764e-02
1.948151e+01 1.259016e-03 -5.080646e-02
1.948151e+01 1.359487e-03 -5.442386e-02
1.948151e+01 1.467975e-03 -5.825532e-02
1.948151e+01 1.585121e-03 -6.230509e-02
1.948151e+01 1.711615e-03 -6.657592e-02
1.948151e+01 1.848204e-03 -7.106906e-02
1.948151e+01 1.995693e-03 -7.578409e-02
1.948151e+01 2.154951e-03 -8.071863e-02
1.948151e+01 2.326918e-03 -8.586817e-02
1.948151e+01 2.512609e-03 -9.122569e-02
1.948151e+01 2.713117e-03 -9.678147e-02
1.948151e+01 2.929627e-03 -1.025228e-01
1.948151e+01 3.163414e-03 -1.084323e-01
1.948151e+01 3.415858e-03 -1.144873e-01
1.948151e+01 3.688447e-03 -1.206609e-01
1.948151e+01 3.982789e-03 -1.269198e-01
1.948151e+01 4.300619e-03 -1.332239e-01
1.948151e+01 4.643813e-03 -1.395277e-01
1.948151e+01 5.014394e-03 -1.457777e-01
1.948151e+01 5.414548e-03 -1.519124e-01
1.948151e+01 5.846635e-03 -1.578647e-01
1.948151e+01 6.313202e-03 -1.635569e-01
1.948151e+01 6.817002e-03 -1.689016e-01
1.948151e+01 7.361006e-03 -1.738071e-01
1.948151e+01 7.948422e-03 -1.781706e-01
1.948151e+01 8.582714e-03 -1.818804e-01
1.948151e+01 9.267624e-03 -1.848259e-01
1.948151e+01 1.000719e-02 -1.868895e-01
1.948151e+01 1.080577e-02 -1.879523e-01
1.948151e+01 1.166809e-02 -1.879077e-01
1.948151e+01 1.259921e-02 -1.866609e-01
1.948151e+01 1.360464e-02 -1.841353e-01
1.948151e+01 1.469030e-02 -1.802857e-01
1.948151e+01 1.586261e-02 -1.751213e-01
1.948151e+01 1.712846e-02 -1.687035e-01
1.948151e+01 1.849533e-02 -1.611333e-01
1.948151e+01 1.997127e-02 -1.526291e-01
1.948151e+01 2.156500e-02 -1.434831e-01
1.948151e+01 2.328591e-02 -1.339775e-01
1.948151e+01 2.514415e-02 -1.245000e-01
1.948151e+01 2.715068e-02 -1.154642e-01
1.948151e+01 2.931733e-02 -1.071809e-01
1.948151e+01 3.165689e-02 -9.987767e-02
1.948151e+01 3.418314e-02 -9.369155e-02
1.948151e+01 3.691099e-02 -8.852695e-02
1.948151e+01 3.985652e-02 -8.407112e-02
1.948151e+01 4.303711e-02 -7.979931e-02
1.948151e+01 4.647152e-02 -7.507452e-02
1.948151e+01 5.017999e-02 -6.935516e-02
1.948151e+01 5.418441e-02 -6.369149e-02
1.948151e+01 5.850838e-02 -5.947303e-02
1.948151e+01 6.317741e-02 -5.491795e-02
1.948151e+01 6.821903e-02 -4.999936e-02
1.948151e+01 7.366298e-02 -4.483507e-02
1.948151e+01 7.954136e-02 -4.075769e-02
1.948151e+01 8.588885e-02 -3.635494e-02
1.948151e+01 9.274286e-02 -3.160085e-02
1.948151e+01 1.001438e-01 -2.646738e-02
1.948151e+01 1.081354e-01 -2.373502e-02
1.948151e+01 1.167647e-01 -2.212565e-02
1.948151e+01 1.260827e-01 -2.038786e-02
1.948151e+01 1.361442e-01 -1.851138e-02
1.948151e+01 1.470087e-01 -1.661958e-02
1.948151e+01 1.587401e-01 -1.514941e-02
1.948151e+01 1.714077e-01 -1.356193e-02
1.948151e+01 1.850862e-01 -1.184776e-02
1.948151e+01 1.998563e-01 -9.996800e-03
1.948151e+01 2.158051e-01 -8.890670e-03
1.948151e+01 2.330265e-01 -7.874549e-03
1.948151e+01 2.516223e-01 -6.777341e-03
1.948151e+01 2.717020e-01 -5.592574e-03
1.948151e+01 2.933841e-01 -4.705255e-03
1.948151e+01 3.167964e-01 -4.245324e-03
1.948151e+01 3.420771e-01 -3.748689e-03
1.948151e+01 3.693752e-01 -3.212423e-03
1.948151e+01 3.988518e-01 -2.658527e-03
1.948151e+01 4.306805e-01 -2.413409e-03
1.948151e+01 4.650493e-01 -2.148729e-03
1.948151e+01 5.021607e-01 -1.862929e-03
1.948151e+01 5.422336e-01 -1.554321e-03
1.948151e+01 5.855044e-01 -1.364136e-03
1.948151e+01 6.322283e-01 -1.225437e-03
1.948151e+01 6.826808e-01 -1.075669e-03
1.948151e+01 7.371594e-01 -9.139502e-04
1.948151e+01 7.959855e-01 -7.709357e-04
1.948151e+01 8.595059e-01 -6.908886e-04
1.948151e+01 9.280954e-01 -6.044537e-04
1.948151e+01 1.002158e+00 -5.111213e-04
1.948151e+01 1.082132e+00 -4.103407e-04
1.948151e+01 1.168487e+00 -3.665466e-04
1.948151e+01 1.261733e+00 -3.247961e-04
1.948151e+01 1.362421e+00 -2.797139e-04
1.948151e+01 1.471144e+00 -2.310341e-04
1.948151e+01 1.588542e+00 -1.959845e-04
1.948151e+01 1.715310e+00 -1.734729e-04
1.948151e+01 1.852193e+00 -1.491649e-04
1.948151e+01 2.000000e+00 -1.229171e-04
1.989114e+01 1.000000e-03 -2.280848e-02
1.989114e+01 1.079801e-03 -2.447704e-02
1.989114e+01 1.165970e-03 -2.625376e-02
1.989114e+01 1.259016e-03 -2.814267e-02
1.989114e+01 1.359487e-03 -3.014727e-02
1.989114e+01 1.467975e-03 -3.227061e-02
1.989114e+01 1.585121e-03 -3.451505e-02
1.989114e+01 1.711615e-03 -3.688210e-02
1.989114e+01 1.848204e-03 -3.937245e-02
1.989114e+01 1.995693e-03 -4.198582e-02
1.989114e+01 2.154951e-03 -4.472088e-02
1.989114e+01 2.326918e-03 -4.757507e-02
1.989114e+01 2.512609e-03 -5.054447e-02
1.989114e+01 2.713117e-03 -5.362367e-02
1.989114e+01 2.929627e-03 -5.680563e-02
1.989114e+01 3.163414e-03 -6.008067e-02
1.989114e+01 3.415858e-03 -6.343632e-02
1.989114e+01 3.688447e-03 -6.685773e-02
1.989114e+01 3.982789e-03 -7.032642e-02
1.989114e+01 4.300619e-03 -7.382014e-02
1.989114e+01 4.643813e-03 -7.731366e-02
1.989114e+01 5.014394e-03 -8.077731e-02
1.989114e+01 5.414548e-03 -8.417704e-02
1.989114e+01 5.846635e-03 -8.747568e-02
1.989114e+01 6.313202e-03 -9.063019e-02
1.989114e+01 6.817002e-03 -9.359216e-02
1.989114e+01 7.361006e-03 -9.631071e-02
1.989114e+01 7.948422e-03 -9.872882e-02
1.989114e+01 8.582714e-03 -1.007848e-01
1.989114e+01 9.267624e-03 -1.024172e-01
1.989114e+01 1.000719e-02 -1.035609e-01
1.989114e+01 1.080577e-02 -1.041499e-01
1.989114e+01 1.166809e-02 -1.041253e-01
1.989114e+01 1.259921e-02 -1.034344e-01
1.989114e+01 1.360464e-02 -1.020349e-01
1.989114e+01 1.469030e-02 -9.990179e-02
1.989114e+01 1.586261e-02 -9.704025e-02
1.989114e+01 1.712846e-02 -9.348410e-02
1.989114e+01 1.849533e-02 -8.928931e-02
1.989114e+01 1.997127e-02 -8.457690e-02
1.989114e+01 2.156500e-02 -7.950884e-02
1.989114e+01 2.328591e-02 -7.424150e-02
1.989114e+01 2.514415e-02 -6.898969e-02
1.989114e+01 2.715068e-02 -6.398269e-02
1.989114e+01 2.931733e-02 -5.939262e-02
1.989114e+01 3.165689e-02 -5.534567e-02
1.989114e+01 3.418314e-02 -5.191773e-02
1.989114e+01 3.691099e-02 -4.905585e-02
1.989114e+01 3.985652e-02 -4.658672e-02
1.989114e+01 4.303711e-02 -4.421956e-02
1.989114e+01 4.647152e-02 -4.160139e-02
1.989114e+01 5.017999e-02 -3.843210e-02
1.989114e+01 5.418441e-02 -3.542823e-02
1.989114e+01 5.850838e-02 -3.346534e-02
1.989114e+01 6.317741e-02 -3.134581e-02
1.989114e+01 6.821903e-02 -2.905715e-02
1.989114e+01 7.366298e-02 -2.661662e-02
1.989114e+01 7.954136e-02 -2.429566e-02
1.989114e+01 8.588885e-02 -2.178949e-02
1.989114e+01 9.274286e-02 -1.908333e-02
1.989114e+01 1.001438e-01 -1.616121e-02
1.989114e+01 1.081354e-01 -1.454144e-02
1.989114e+01 1.167647e-01 -1.352501e-02
1.989114e+01 1.260827e-01 -1.242748e-02
1.989114e+01 1.361442e-01 -1.124236e-02
1.989114e+01 1.470087e-01 -1.005431e-02
1.989114e+01 1.587401e-01 -9.161826e-03
1.989114e+01 1.714077e-01 -8.198118e-03
1.989114e+01 1.850862e-01 -7.157506e-03
1.989114e+01 1.998563e-01 -6.033851e-03
1.989114e+01 2.158051e-01 -5.363451e-03
1.989114e+01 2.330265e-01 -4.747997e-03
1.989114e+01 2.516223e-01 -4.083430e-03
1.989114e+01 2.717020e-01 -3.365830e-03
1.989114e+01 2.933841e-01 -2.832774e-03
1.989114e+01 3.167964e-01 -2.564505e-03
1.989114e+01 3.420771e-01 -2.274828e-03
1.989114e+01 3.693752e-01 -1.962034e-03
1.989114e+01 3.988518e-01 -1.638499e-03
1.989114e+01 4.306805e-01 -1.488608e-03
1.989114e+01 4.650493e-01 -1.326757e-03
1.989114e+01 5.021607e-01 -1.151989e-03
1.989114e+01 5.422336e-01 -9.632746e-04
1.989114e+01 5.855044e-01 -8.464725e-04
1.989114e+01 6.322283e-01 -7.608789e-04
1.989114e+01 6.826808e-01 -6.684549e-04
1.989114e+01 7.371594e-01 -5.686554e-04
1.989114e+01 7.959855e-01 -4.804665e-04
1.989114e+01 8.595059e-01 -4.313005e-04
1.989114e+01 9.280954e-01 -3.782110e-04
1.989114e+01 1.002158e+00 -3.208849e-04
1.989114e+01 1.082132e+00 -2.589841e-04
1.989114e+01 1.168487e+00 -2.313119e-04
1.989114e+01 1.261733e+00 -2.047674e-04
1.989114e+01 1.362421e+00 -1.761047e-04
1.989114e+01 1.471144e+00 -1.451546e-04
1.989114e+01 1.588542e+00 -1.230180e-04
1.989114e+01 1.715310e+00 -1.089940e-04
1.989114e+01 1.852193e+00 -9.385093e-05
1.989114e+01 2.000000e+00 -7.749938e-05
2.030896e+01 1.000000e-03 -1.336054e-02
2.030896e+01 1.079801e-03 -1.433826e-02
2.030896e+01 1.165970e-03 -1.537941e-02
2.030896e+01 1.259016e-03 -1.648637e-02
2.030896e+01 1.359487e-03 -1.766120e-02
2.030896e+01 1.467975e-03 -1.890569e-02
2.030896e+01 1.585121e-03 -2.022123e-02
2.030896e+01 1.711615e-03 -2.160869e-02
2.030896e+01 1.848204e-03 -2.306847e-02
2.030896e+01 1.995693e-03 -2.460041e-02
2.030896e+01 2.154951e-03 -2.620368e-02
2.030896e+01 2.326918e-03 -2.787677e-02
2.030896e+01 2.512609e-03 -2.961736e-02
2.030896e+01 2.713117e-03 -3.142226e-02
2.030896e+01 2.929627e-03 -3.328734e-02
2.030896e+01 3.163414e-03 -3.520692e-02
2.030896e+01 3.415858e-03 -3.717372e-02
2.030896e+01 3.688447e-03 -3.917907e-02
2.030896e+01 3.982789e-03 -4.121213e-02
2.030896e+01 4.300619e-03 -4.325987e-02
2.030896e+01 4.643813e-03 -4.530746e-02
2.030896e+01 5.014394e-03 -4.733752e-02
2.030896e+01 5.414548e-03 -4.933011e-02
2.030896e+01 5.846635e-03 -5.126344e-02
2.030896e+01 6.313202e-03 -5.311230e-02
2.030896e+01 6.817002e-03 -5.484832e-02
2.030896e+01 7.361006e-03 -5.644166e-02
2.030896e+01 7.948422e-03 -5.785892e-02
2.030896e+01 8.582714e-03 -5.906392e-02
2.030896e+01 9.267624e-03 -6.002070e-02
2.030896e+01 1.000719e-02 -6.069106e-02
2.030896e+01 1.080577e-02 -6.103635e-02
2.030896e+01 1.166809e-02 -6.102195e-02
2.030896e+01 1.259921e-02 -6.061705e-02
2.030896e+01 1.360464e-02 -5.979688e-02
2.030896e+01 1.469030e-02 -5.854685e-02
2.030896e+01 1.586261e-02 -5.686998e-02
2.030896e+01 1.712846e-02 -5.478603e-02
2.030896e+01 1.849533e-02 -5.232777e-02
2.030896e+01 1.997127e-02 -4.956611e-02
2.030896e+01 2.156500e-02 -4.659600e-02
2.030896e+01 2.328591e-02 -4.350910e-02
2.030896e+01 2.514415e-02 -4.043130e-02
2.030896e+01 2.715068e-02 -3.749697e-02
2.030896e+01 2.931733e-02 -3.480698e-02
2.030896e+01 3.165689e-02 -3.243527e-02
2.030896e+01 3.418314e-02 -3.042633e-02
2.030896e+01 3.691099e-02 -2.874913e-02
2.030896e+01 3.985652e-02 -2.730210e-02
2.030896e+01 4.303711e-02 -2.591482e-02
2.030896e+01 4.647152e-02 -2.438045e-02
2.030896e+01 5.017999e-02 -2.252309e-02
2.030896e+01 5.418441e-02 -2.065545e-02
2.030896e+01 5.850838e-02 -1.920651e-02
2.030896e+01 6.317741e-02 -1.764195e-02
2.030896e+01 6.821903e-02 -1.595253e-02
2.030896e+01 7.366298e-02 -1.420595e-02
2.030896e+01 7.954136e-02 -1.311289e-02
2.030896e+01 8.588885e-02 -1.193260e-02
2.030896e+01 9.274286e-02 -1.065812e-02
2.030896e+01 1.001438e-01 -9.281941e-03
2.030896e+01 1.081354e-01 -8.462063e-03
2.030896e+01 1.167647e-01 -7.894568e-03
2.030896e+01 1.260827e-01 -7.281786e-03
2.030896e+01 1.361442e-01 -6.620104e-03
2.030896e+01 1.470087e-01 -5.953142e-03
2.030896e+01 1.587401e-01 -5.435398e-03
2.030896e+01 1.714077e-01 -4.876338e-03
2.030896e+01 1.850862e-01 -4.272665e-03
2.030896e+01 1.998563e-01 -3.620817e-03
2.030896e+01 2.158051e-01 -3.214533e-03
2.030896e+01 2.330265e-01 -2.835267e-03
2.030896e+01 2.516223e-01 -2.425734e-03
2.030896e+01 2.717020e-01 -1.983521e-03
2.030896e+01 2.933841e-01 -1.659512e-03
2.030896e+01 3.167964e-01 -1.504726e-03
2.030896e+01 3.420771e-01 -1.337587e-03
2.030896e+01 3.693752e-01 -1.157111e-03
2.030896e+01 3.988518e-01 -9.704482e-04
2.030896e+01 4.306805e-01 -8.841212e-04
2.030896e+01 4.650493e-01 -7.909051e-04
2.030896e+01 5.021607e-01 -6.902503e-04
2.030896e+01 5.422336e-01 -5.815632e-04
2.030896e+01 5.855044e-01 -5.128075e-04
2.030896e+01 6.322283e-01 -4.612151e-04
2.030896e+01 6.826808e-01 -4.055056e-04
2.030896e+01 7.371594e-01 -3.453505e-04
2.030896e+01 7.959855e-01 -2.919975e-04
2.030896e+01 8.595059e-01 -2.616885e-04
2.030896e+01 9.280954e-01 -2.289609e-04
2.030896e+01 1.002158e+00 -1.936216e-04
2.030896e+01 1.082132e+00 -1.554622e-04
2.030896e+01 1.168487e+00 -1.391125e-04
2.030896e+01 1.261733e+00 -1.235749e-04
2.030896e+01 1.362421e+00 -1.067973e-04
2.030896e+01 1.471144e+00 -8.868094e-05
2.030896e+01 1.588542e+00 -7.551326e-05
2.030896e+01 1.715310e+00 -6.689338e-05
2.030896e+01 1.852193e+00 -5.758561e-05
2.030896e+01 2.000000e+00 -4.753508e-05
2.073514e+01 1.000000e-03 -7.219565e-03
2.073514e+01 1.079801e-03 -7.748065e-03
2.073514e+01 1.165970e-03 -8.310887e-03
2.073514e+01 1.259016e-03 -8.909319e-03
2.073514e+01 1.359487e-03 -9.544479e-03
2.073514e+01 1.467975e-03 -1.021734e-02
2.073514e+01 1.585121e-03 -1.092865e-02
2.073514e+01 1.711615e-03 -1.167889e-02
2.073514e+01 1.848204e-03 -1.246826e-02
2.073514e+01 1.995693e-03 -1.329667e-02
2.073514e+01 2.154951e-03 -1.416366e-02
2.073514e+01 2.326918e-03 -1.506840e-02
2.073514e+01 2.512609e-03 -1.600962e-02
2.073514e+01 2.713117e-03 -1.698560e-02
2.073514e+01 2.929627e-03 -1.799408e-02
2.073514e+01 3.163414e-03 -1.903200e-02
2.073514e+01 3.415858e-03 -2.009543e-02
2.073514e+01 3.688447e-03 -2.117971e-02
2.073514e+01 3.982789e-03 -2.227897e-02
2.073514e+01 4.300619e-03 -2.338617e-02
2.073514e+01 4.643813e-03 -2.449328e-02
2.073514e+01 5.014394e-03 -2.559090e-02
2.073514e+01 5.414548e-03 -2.666825e-02
2.073514e+01 5.846635e-03 -2.771356e-02
2.073514e+01 6.313202e-03 -2.871320e-02
2.073514e+01 6.817002e-03 -2.965182e-02
2.073514e+01 7.361006e-03 -3.051330e-02
2.073514e+01 7.948422e-03 -3.127958e-02
2.073514e+01 8.582714e-03 -3.193111e-02
2.073514e+01 9.267624e-03 -3.244843e-02
2.073514e+01 1.000719e-02 -3.281091e-02
2.073514e+01 1.080577e-02 -3.299763e-02
2.073514e+01 1.166809e-02 -3.298985e-02
2.073514e+01 1.259921e-02 -3.277094e-02
2.073514e+01 1.360464e-02 -3.232754e-02
2.073514e+01 1.469030e-02 -3.165179e-02
2.073514e+01 1.586261e-02 -3.074530e-02
2.073514e+01 1.712846e-02 -2.961873e-02
2.073514e+01 1.849533e-02 -2.828978e-02
2.073514e+01 1.997127e-02 -2.679677e-02
2.073514e+01 2.156500e-02 -2.519106e-02
2.073514e+01 2.328591e-02 -2.352221e-02
2.073514e+01 2.514415e-02 -2.185827e-02
2.073514e+01 2.715068e-02 -2.027190e-02
2.073514e+01 2.931733e-02 -1.881762e-02
2.073514e+01 3.165689e-02 -1.753541e-02
2.073514e+01 3.418314e-02 -1.644933e-02
2.073514e+01 3.691099e-02 -1.554258e-02
2.073514e+01 3.985652e-02 -1.476028e-02
2.073514e+01 4.303711e-02 -1.401028e-02
2.073514e+01 4.647152e-02 -1.318075e-02
2.073514e+01 5.017999e-02 -1.217661e-02
2.073514e+01 5.418441e-02 -1.113355e-02
2.073514e+01 5.850838e-02 -1.025732e-02
2.073514e+01 6.317741e-02 -9.311155e-03
2.073514e+01 6.821903e-02 -8.289491e-03
2.073514e+01 7.366298e-02 -7.250186e-03
2.073514e+01 7.954136e-02 -6.780315e-03
2.073514e+01 8.588885e-02 -6.272948e-03
2.073514e+01 9.274286e-02 -5.725093e-03
2.073514e+01 1.001438e-01 -5.133518e-03
2.073514e+01 1.081354e-01 -4.756212e-03
2.073514e+01 1.167647e-01 -4.473546e-03
2.073514e+01 1.260827e-01 -4.168323e-03
2.073514e+01 1.361442e-01 -3.838744e-03
2.073514e+01 1.470087e-01 -3.495615e-03
2.073514e+01 1.587401e-01 -3.179423e-03
2.073514e+01 1.714077e-01 -2.837999e-03
2.073514e+01 1.850862e-01 -2.469328e-03
2.073514e+01 1.998563e-01 -2.071238e-03
2.073514e+01 2.158051e-01 -1.834813e-03
2.073514e+01 2.330265e-01 -1.618159e-03
2.073514e+01 2.516223e-01 -1.384215e-03
2.073514e+01 2.717020e-01 -1.131602e-03
2.073514e+01 2.933841e-01 -9.475772e-04
2.073514e+01 3.167964e-01 -8.616573e-04
2.073514e+01 3.420771e-01 -7.688809e-04
2.073514e+01 3.693752e-01 -6.687009e-04
2.073514e+01 3.988518e-01 -5.648880e-04
2.073514e+01 4.306805e-01 -5.139684e-04
2.073514e+01 4.650493e-01 -4.589853e-04
2.073514e+01 5.021607e-01 -3.996146e-04
2.073514e+01 5.422336e-01 -3.355060e-04
2.073514e+01 5.855044e-01 -2.960033e-04
2.073514e+01 6.322283e-01 -2.671989e-04
2.073514e+01 6.826808e-01 -2.360958e-04
2.073514e+01 7.371594e-01 -2.025106e-04
2.073514e+01 7.959855e-01 -1.723117e-04
2.073514e+01 8.595059e-01 -1.539776e-04
2.073514e+01 9.280954e-01 -1.341804e-04
2.073514e+01 1.002158e+00 -1.128033e-04
2.073514e+01 1.082132e+00 -8.972038e-05
2.073514e+01 1.168487e+00 -8.043620e-05
2.073514e+01 1.261733e+00 -7.174326e-05
2.073514e+01 1.362421e+00 -6.235661e-05
2.073514e+01 1.471144e+00 -5.222090e-05
2.073514e+01 1.588542e+00 -4.466395e-05
2.073514e+01 1.715310e+00 -3.946991e-05
2.073514e+01 1.852193e+00 -3.386139e-05
2.073514e+01 2.000000e+00 -2.780530e-05
2.116984e+01 1.000000e-03 4.452775e-04
2.116984e+01 1.079801e-03 4.778844e-04
2.116984e+01 1.165970e-03 5.126109e-04
2.116984e+01 1.259016e-03 5.495369e-04
2.116984e+01 1.359487e-03 5.887315e-04
2.116984e+01 1.467975e-03 6.302551e-04
2.116984e+01 1.585121e-03 6.741539e-04
2.116984e+01 1.711615e-03 7.204574e-04
2.116984e+01 1.848204e-03 7.691781e-04
2.116984e+01 1.995693e-03 8.203096e-04
2.116984e+01 2.154951e-03 8.738233e-04
2.116984e+01 2.326918e-03 9.296664e-04
2.116984e+01 2.512609e-03 9.877603e-04
2.116984e+01 2.713117e-03 1.047998e-03
2.116984e+01 2.929627e-03 1.110239e-03
2.116984e+01 3.163414e-03 1.174295e-03
2.116984e+01 3.415858e-03 1.239925e-03
2.116984e+01 3.688447e-03 1.306841e-03
2.116984e+01 3.982789e-03 1.374683e-03
2.116984e+01 4.300619e-03 1.443013e-03
2.116984e+01 4.643813e-03 1.511338e-03
2.116984e+01 5.014394e-03 1.579076e-03
2.116984e+01 5.414548e-03 1.645563e-03
2.116984e+01 5.846635e-03 1.710073e-03
2.116984e+01 6.313202e-03 1.771764e-03
2.116984e+01 6.817002e-03 1.829689e-03
2.116984e+01 7.361006e-03 1.882854e-03
2.116984e+01 7.948422e-03 1.930143e-03
2.116984e+01 8.582714e-03 1.970351e-03
2.116984e+01 9.267624e-03 2.002278e-03
2.116984e+01 1.000719e-02 2.024650e-03
2.116984e+01 1.080577e-02 2.036174e-03
2.116984e+01 1.166809e-02 2.035696e-03
2.116984e+01 1.259921e-02 2.022187e-03
2.116984e+01 1.360464e-02 1.994826e-03
2.116984e+01 1.469030e-02 1.953130e-03
2.116984e+01 1.586261e-02 1.897197e-03
2.116984e+01 1.712846e-02 1.827685e-03
2.116984e+01 1.849533e-02 1.745682e-03
2.116984e+01 1.997127e-02 1.653554e-03
2.116984e+01 2.156500e-02 1.554470e-03
2.116984e+01 2.328591e-02 1.451491e-03
2.116984e+01 2.514415e-02 1.348814e-03
2.116984e+01 2.715068e-02 1.250924e-03
2.116984e+01 2.931733e-02 1.161185e-03
2.116984e+01 3.165689e-02 1.082063e-03
2.116984e+01 3.418314e-02 1.015044e-03
2.116984e+01 3.691099e-02 9.590912e-04
2.116984e+01 3.985652e-02 9.108172e-04
2.116984e+01 4.303711e-02 8.645369e-04
2.116984e+01 4.647152e-02 8.133491e-04
2.116984e+01 5.017999e-02 7.513864e-04
2.116984e+01 5.418441e-02 6.946197e-04
2.116984e+01 5.850838e-02 6.617056e-04
2.116984e+01 6.317741e-02 6.261649e-04
2.116984e+01 6.821903e-02 5.877880e-04
2.116984e+01 7.366298e-02 5.458354e-04
2.116984e+01 7.954136e-02 4.952944e-04
2.116984e+01 8.588885e-02 4.407202e-04
2.116984e+01 9.274286e-02 3.817909e-04
2.116984e+01 1.001438e-01 3.181590e-04
2.116984e+01 1.081354e-01 2.815854e-04
2.116984e+01 1.167647e-01 2.574255e-04
2.116984e+01 1.260827e-01 2.313375e-04
2.116984e+01 1.361442e-01 2.031678e-04
2.116984e+01 1.470087e-01 1.757184e-04
2.116984e+01 1.587401e-01 1.587230e-04
2.116984e+01 1.714077e-01 1.403715e-04
2.116984e+01 1.850862e-01 1.205554e-04
2.116984e+01 1.998563e-01 9.915803e-05
2.116984e+01 2.158051e-01 8.804449e-05
2.116984e+01 2.330265e-01 7.843929e-05
2.116984e+01 2.516223e-01 6.806758e-05
2.116984e+01 2.717020e-01 5.686820e-05
2.116984e+01 2.933841e-01 4.815591e-05
2.116984e+01 3.167964e-01 4.304516e-05
2.116984e+01 3.420771e-01 3.752656e-05
2.116984e+01 3.693752e-01 3.156757e-05
2.116984e+01 3.988518e-01 2.542210e-05
2.116984e+01 4.306805e-01 2.284080e-05
2.116984e+01 4.650493e-01 2.005350e-05
2.116984e+01 5.021607e-01 1.704378e-05
2.116984e+01 5.422336e-01 1.379388e-05
2.116984e+01 5.855044e-01 1.179931e-05
2.116984e+01 6.322283e-01 1.035144e-05
2.116984e+01 6.826808e-01 8.788015e-06
2.116984e+01 7.371594e-01 7.099831e-06
2.116984e+01 7.959855e-01 5.637760e-06
2.116984e+01 8.595059e-01 4.908076e-06
2.116984e+01 9.280954e-01 4.120163e-06
2.116984e+01 1.002158e+00 3.269374e-06
2.116984e+01 1.082132e+00 2.350691e-06
2.116984e+01 1.168487e+00 1.984759e-06
2.116984e+01 1.261733e+00 1.642946e-06
2.116984e+01 1.362421e+00 1.273857e-06
2.116984e+01 1.471144e+00 8.753133e-07
2.116984e+01 1.588542e+00 6.232719e-07
2.116984e+01 1.715310e+00 5.072314e-07
2.116984e+01 1.852193e+00 3.819308e-07
2.116984e+01 2.000000e+00 2.466310e-07
2.161324e+01 1.000000e-03 4.206415e-04
2.161324e+01 1.079801e-03 4.514547e-04
2.161324e+01 1.165970e-03 4.842729e-04
2.161324e+01 1.259016e-03 5.191718e-04
2.161324e+01 1.359487e-03 5.562171e-04
2.161324e+01 1.467975e-03 5.954661e-04
2.161324e+01 1.585121e-03 6.369627e-04
2.161324e+01 1.711615e-03 6.807345e-04
2.161324e+01 1.848204e-03 7.267934e-04
2.161324e+01 1.995693e-03 7.751327e-04
2.161324e+01 2.154951e-03 8.257249e-04
2.161324e+01 2.326918e-03 8.785192e-04
2.161324e+01 2.512609e-03 9.334404e-04
2.161324e+01 2.713117e-03 9.903864e-04
2.161324e+01 2.929627e-03 1.049225e-03
2.161324e+01 3.163414e-03 1.109777e-03
2.161324e+01 3.415858e-03 1.171816e-03
2.161324e+01 3.688447e-03 1.235070e-03
2.161324e+01 3.982789e-03 1.299199e-03
2.161324e+01 4.300619e-03 1.363791e-03
2.161324e+01 4.643813e-03 1.428376e-03
2.161324e+01 5.014394e-03 1.492406e-03
2.161324e+01 5.414548e-03 1.555253e-03
2.161324e+01 5.846635e-03 1.616231e-03
2.161324e+01 6.313202e-03 1.674545e-03
2.161324e+01 6.817002e-03 1.729299e-03
2.161324e+01 7.361006e-03 1.779553e-03
2.161324e+01 7.948422e-03 1.824253e-03
2.161324e+01 8.582714e-03 1.862260e-03
2.161324e+01 9.267624e-03 1.892440e-03
2.161324e+01 1.000719e-02 1.913588e-03
2.161324e+01 1.080577e-02 1.924484e-03
2.161324e+01 1.166809e-02 1.924033e-03
2.161324e+01 1.259921e-02 1.911266e-03
2.161324e+01 1.360464e-02 1.885406e-03
2.161324e+01 1.469030e-02 1.845999e-03
2.161324e+01 1.586261e-02 1.793138e-03
2.161324e+01 1.712846e-02 1.727442e-03
2.161324e+01 1.849533e-02 1.649939e-03
2.161324e+01 1.997127e-02 1.562865e-03
2.161324e+01 2.156500e-02 1.469216e-03
2.161324e+01 2.328591e-02 1.371885e-03
2.161324e+01 2.514415e-02 1.274841e-03
2.161324e+01 2.715068e-02 1.182320e-03
2.161324e+01 2.931733e-02 1.097502e-03
2.161324e+01 3.165689e-02 1.022720e-03
2.161324e+01 3.418314e-02 9.593761e-04
2.161324e+01 3.691099e-02 9.064920e-04
2.161324e+01 3.985652e-02 8.608655e-04
2.161324e+01 4.303711e-02 8.171232e-04
2.161324e+01 4.647152e-02 7.687428e-04
2.161324e+01 5.017999e-02 7.101783e-04
2.161324e+01 5.418441e-02 6.565557e-04
2.161324e+01 5.850838e-02 6.255324e-04
2.161324e+01 6.317741e-02 5.920334e-04
2.161324e+01 6.821903e-02 5.558612e-04
2.161324e+01 7.366298e-02 5.163021e-04
2.161324e+01 7.954136e-02 4.684777e-04
2.161324e+01 8.588885e-02 4.168368e-04
2.161324e+01 9.274286e-02 3.610750e-04
2.161324e+01 1.001438e-01 3.008634e-04
2.161324e+01 1.081354e-01 2.662884e-04
2.161324e+01 1.167647e-01 2.434780e-04
2.161324e+01 1.260827e-01 2.188472e-04
2.161324e+01 1.361442e-01 1.922510e-04
2.161324e+01 1.470087e-01 1.663358e-04
2.161324e+01 1.587401e-01 1.502950e-04
2.161324e+01 1.714077e-01 1.329741e-04
2.161324e+01 1.850862e-01 1.142710e-04
2.161324e+01 1.998563e-01 9.407541e-05
2.161324e+01 2.158051e-01 8.358551e-05
2.161324e+01 2.330265e-01 7.451908e-05
2.161324e+01 2.516223e-01 6.472913e-05
2.161324e+01 2.717020e-01 5.415795e-05
2.161324e+01 2.933841e-01 4.592710e-05
2.161324e+01 3.167964e-01 4.108597e-05
2.161324e+01 3.420771e-01 3.585852e-05
2.161324e+01 3.693752e-01 3.021392e-05
2.161324e+01 3.988518e-01 2.439175e-05
2.161324e+01 4.306805e-01 2.193262e-05
2.161324e+01 4.650493e-01 1.927724e-05
2.161324e+01 5.021607e-01 1.640996e-05
2.161324e+01 5.422336e-01 1.331388e-05
2.161324e+01 5.855044e-01 1.140549e-05
2.161324e+01 6.322283e-01 1.001342e-05
2.161324e+01 6.826808e-01 8.510272e-06
2.161324e+01 7.371594e-01 6.887166e-06
2.161324e+01 7.959855e-01 5.479935e-06
2.161324e+01 8.595059e-01 4.773153e-06
2.161324e+01 9.280954e-01 4.009970e-06
2.161324e+01 1.002158e+00 3.185884e-06
2.161324e+01 1.082132e+00 2.296035e-06
2.161324e+01 1.168487e+00 1.939972e-06
2.161324e+01 1.261733e+00 1.607006e-06
2.161324e+01 1.362421e+00 1.247468e-06
2.161324e+01 1.471144e+00 8.592392e-07
2.161324e+01 1.588542e+00 6.132643e-07
2.161324e+01 1.715310e+00 4.993348e-07
2.161324e+01 1.852193e+00 3.763136e-07
2.161324e+01 2.000000e+00 2.434752e-07
2.206550e+01 1.000000e-03 3.965841e-04
2.206550e+01 1.079801e-03 4.256448e-04
2.206550e+01 1.165970e-03 4.565984e-04
2.206550e+01 1.259016e-03 4.895165e-04
2.206550e+01 1.359487e-03 5.244614e-04
2.206550e+01 1.467975e-03 5.614874e-04
2.206550e+01 1.585121e-03 6.006360e-04
2.206550e+01 1.711615e-03 6.419334e-04
2.206550e+01 1.848204e-03 6.853904e-04
2.206550e+01 1.995693e-03 7.310006e-04
2.206550e+01 2.154951e-03 7.787372e-04
2.206550e+01 2.326918e-03 8.285516e-04
2.206550e+01 2.512609e-03 8.803721e-04
2.206550e+01 2.713117e-03 9.341017e-04
2.206550e+01 2.929627e-03 9.896149e-04
2.206550e+01 3.163414e-03 1.046743e-03
2.206550e+01 3.415858e-03 1.105273e-03
2.206550e+01 3.688447e-03 1.164948e-03
2.206550e+01 3.982789e-03 1.225449e-03
2.206550e+01 4.300619e-03 1.286386e-03
2.206550e+01 4.643813e-03 1.347318e-03
2.206550e+01 5.014394e-03 1.407725e-03
2.206550e+01 5.414548e-03 1.467015e-03
2.206550e+01 5.846635e-03 1.524542e-03
2.206550e+01 6.313202e-03 1.579555e-03
2.206550e+01 6.817002e-03 1.631210e-03
2.206550e+01 7.361006e-03 1.678619e-03
2.206550e+01 7.948422e-03 1.720789e-03
2.206550e+01 8.582714e-03 1.756646e-03
2.206550e+01 9.267624e-03 1.785118e-03
2.206550e+01 1.000719e-02 1.805071e-03
2.206550e+01 1.080577e-02 1.815352e-03
2.206550e+01 1.166809e-02 1.814929e-03
2.206550e+01 1.259921e-02 1.802887e-03
2.206550e+01 1.360464e-02 1.778495e-03
2.206550e+01 1.469030e-02 1.741324e-03
2.206550e+01 1.586261e-02 1.691463e-03
2.206550e+01 1.712846e-02 1.629495e-03
2.206550e+01 1.849533e-02 1.556388e-03
2.206550e+01 1.997127e-02 1.474253e-03
2.206550e+01 2.156500e-02 1.385915e-03
2.206550e+01 2.328591e-02 1.294102e-03
2.206550e+01 2.514415e-02 1.202561e-03
2.206550e+01 2.715068e-02 1.115286e-03
2.206550e+01 2.931733e-02 1.035277e-03
2.206550e+01 3.165689e-02 9.647355e-04
2.206550e+01 3.418314e-02 9.049831e-04
2.206550e+01 3.691099e-02 8.550973e-04
2.206550e+01 3.985652e-02 8.120576e-04
2.206550e+01 4.303711e-02 7.707954e-04
2.206550e+01 4.647152e-02 7.251579e-04
2.206550e+01 5.017999e-02 6.699139e-04
2.206550e+01 5.418441e-02 6.193624e-04
2.206550e+01 5.850838e-02 5.901837e-04
2.206550e+01 6.317741e-02 5.586766e-04
2.206550e+01 6.821903e-02 5.246551e-04
2.206550e+01 7.366298e-02 4.874316e-04
2.206550e+01 7.954136e-02 4.422644e-04
2.206550e+01 8.588885e-02 3.934928e-04
2.206550e+01 9.274286e-02 3.408292e-04
2.206550e+01 1.001438e-01 2.839629e-04
2.206550e+01 1.081354e-01 2.513388e-04
2.206550e+01 1.167647e-01 2.298422e-04
2.206550e+01 1.260827e-01 2.066301e-04
2.206550e+01 1.361442e-01 1.815658e-04
2.206550e+01 1.470087e-01 1.571460e-04
2.206550e+01 1.587401e-01 1.420440e-04
2.206550e+01 1.714077e-01 1.257368e-04
2.206550e+01 1.850862e-01 1.081282e-04
2.206550e+01 1.998563e-01 8.911452e-05
2.206550e+01 2.158051e-01 7.923438e-05
2.206550e+01 2.330265e-01 7.069325e-05
2.206550e+01 2.516223e-01 6.147053e-05
2.206550e+01 2.717020e-01 5.151182e-05
2.206550e+01 2.933841e-01 4.375016e-05
2.206550e+01 3.167964e-01 3.917145e-05
2.206550e+01 3.420771e-01 3.422734e-05
2.206550e+01 3.693752e-01 2.888870e-05
2.206550e+01 3.988518e-01 2.338109e-05
2.206550e+01 4.306805e-01 2.103986e-05
2.206550e+01 4.650493e-01 1.851179e-05
2.206550e+01 5.021607e-01 1.578197e-05
2.206550e+01 5.422336e-01 1.283432e-05
2.206550e+01 5.855044e-01 1.100986e-05
2.206550e+01 6.322283e-01 9.672841e-06
2.206550e+01 6.826808e-01 8.229126e-06
2.206550e+01 7.371594e-01 6.670202e-06
2.206550e+01 7.959855e-01 5.317352e-06
2.206550e+01 8.595059e-01 4.634184e-06
2.206550e+01 9.280954e-01 3.896499e-06
2.206550e+01 1.002158e+00 3.099945e-06
2.206550e+01 1.082132e+00 2.239826e-06
2.206550e+01 1.168487e+00 1.893920e-06
2.206550e+01 1.261733e+00 1.570051e-06
2.206550e+01 1.362421e+00 1.220337e-06
2.206550e+01 1.471144e+00 8.427158e-07
2.206550e+01 1.588542e+00 6.030232e-07
2.206550e+01 1.715310e+00 4.913491e-07
2.206550e+01 1.852193e+00 3.707633e-07
2.206550e+01 2.000000e+00 2.405546e-07
2.252681e+01 1.000000e-03 3.730119e-04
2.252681e+01 1.079801e-03 4.003547e-04
2.252681e+01 1.165970e-03 4.294801e-04
2.252681e+01 1.259016e-03 4.604559e-04
2.252681e+01 1.359487e-03 4.933412e-04
2.252681e+01 1.467975e-03 5.281871e-04
2.252681e+01 1.585121e-03 5.650330e-04
2.252681e+01 1.711615e-03 6.039033e-04
2.252681e+01 1.848204e-03 6.448084e-04
2.252681e+01 1.995693e-03 6.877417e-04
2.252681e+01 2.154951e-03 7.326775e-04
2.252681e+01 2.326918e-03 7.795692e-04
2.252681e+01 2.512609e-03 8.283486e-04
2.252681e+01 2.713117e-03 8.789239e-04
2.252681e+01 2.929627e-03 9.311762e-04
2.252681e+01 3.163414e-03 9.849469e-04
2.252681e+01 3.415858e-03 1.040035e-03
2.252681e+01 3.688447e-03 1.096201e-03
2.252681e+01 3.982789e-03 1.153145e-03
2.252681e+01 4.300619e-03 1.210499e-03
2.252681e+01 4.643813e-03 1.267846e-03
2.252681e+01 5.014394e-03 1.324701e-03
2.252681e+01 5.414548e-03 1.380504e-03
2.252681e+01 5.846635e-03 1.434646e-03
2.252681e+01 6.313202e-03 1.486423e-03
2.252681e+01 6.817002e-03 1.535039e-03
2.252681e+01 7.361006e-03 1.579659e-03
2.252681e+01 7.948422e-03 1.619348e-03
2.252681e+01 8.582714e-03 1.653095e-03
2.252681e+01 9.267624e-03 1.679894e-03
2.252681e+01 1.000719e-02 1.698674e-03
2.252681e+01 1.080577e-02 1.708352e-03
2.252681e+01 1.166809e-02 1.707956e-03
2.252681e+01 1.259921e-02 1.696626e-03
2.252681e+01 1.360464e-02 1.673674e-03
2.252681e+01 1.469030e-02 1.638696e-03
2.252681e+01 1.586261e-02 1.591776e-03
2.252681e+01 1.712846e-02 1.533461e-03
2.252681e+01 1.849533e-02 1.464664e-03
2.252681e+01 1.997127e-02 1.387371e-03
2.252681e+01 2.156500e-02 1.304239e-03
2.252681e+01 2.328591e-02 1.217838e-03
2.252681e+01 2.514415e-02 1.131692e-03
2.252681e+01 2.715068e-02 1.049561e-03
2.252681e+01 2.931733e-02 9.742679e-04
2.252681e+01 3.165689e-02 9.078831e-04
2.252681e+01 3.418314e-02 8.516521e-04
2.252681e+01 3.691099e-02 8.047061e-04
2.252681e+01 3.985652e-02 7.642027e-04
2.252681e+01 4.303711e-02 7.253720e-04
2.252681e+01 4.647152e-02 6.824241e-04
2.252681e+01 5.017999e-02 6.304357e-04
2.252681e+01 5.418441e-02 5.828958e-04
2.252681e+01 5.850838e-02 5.555273e-04
2.252681e+01 6.317741e-02 5.259748e-04
2.252681e+01 6.821903e-02 4.940640e-04
2.252681e+01 7.366298e-02 4.591332e-04
2.252681e+01 7.954136e-02 4.165812e-04
2.252681e+01 8.588885e-02 3.706335e-04
2.252681e+01 9.274286e-02 3.210190e-04
2.252681e+01 1.001438e-01 2.674454e-04
2.252681e+01 1.081354e-01 2.367408e-04
2.252681e+01 1.167647e-01 2.165366e-04
2.252681e+01 1.260827e-01 1.947201e-04
2.252681e+01 1.361442e-01 1.711627e-04
2.252681e+01 1.470087e-01 1.482108e-04
2.252681e+01 1.587401e-01 1.340151e-04
2.252681e+01 1.714077e-01 1.186867e-04
2.252681e+01 1.850862e-01 1.021349e-04
2.252681e+01 1.998563e-01 8.426240e-05
2.252681e+01 2.158051e-01 7.497493e-05
2.252681e+01 2.330265e-01 6.694601e-05
2.252681e+01 2.516223e-01 5.827637e-05
2.252681e+01 2.717020e-01 4.891489e-05
2.252681e+01 2.933841e-01 4.161131e-05
2.252681e+01 3.167964e-01 3.728979e-05
2.252681e+01 3.420771e-01 3.262341e-05
2.252681e+01 3.693752e-01 2.758465e-05
2.252681e+01 3.988518e-01 2.238531e-05
2.252681e+01 4.306805e-01 2.015874e-05
2.252681e+01 4.650493e-01 1.775449e-05
2.252681e+01 5.021607e-01 1.515837e-05
2.252681e+01 5.422336e-01 1.235508e-05
2.252681e+01 5.855044e-01 1.061282e-05
2.252681e+01 6.322283e-01 9.330227e-06
2.252681e+01 6.826808e-01 7.945277e-06
2.252681e+01 7.371594e-01 6.449806e-06
2.252681e+01 7.959855e-01 5.150916e-06
2.252681e+01 8.595059e-01 4.491757e-06
2.252681e+01 9.280954e-01 3.779996e-06
2.252681e+01 1.002158e+00 3.011437e-06
2.252681e+01 1.082132e+00 2.181545e-06
2.252681e+01 1.168487e+00 1.846356e-06
2.252681e+01 1.261733e+00 1.532192e-06
2.252681e+01 1.362421e+00 1.192958e-06
2.252681e+01 1.471144e+00 8.266528e-07
2.252681e+01 1.588542e+00 5.935367e-07
2.252681e+01 1.715310e+00 4.840237e-07
2.252681e+01 1.852193e+00 3.657714e-07
2.252681e+01 2.000000e+00 2.380824e-07
2.299735e+01 1.000000e-03 3.500425e-04
2.299735e+01 1.079801e-03 3.757102e-04
2.299735e+01 1.165970e-03 4.030531e-04
2.299735e+01 1.259016e-03 4.321351e-04
2.299735e+01 1.359487e-03 4.630118e-04
2.299735e+01 1.467975e-03 4.957316e-04
2.299735e+01 1.585121e-03 5.303315e-04
2.299735e+01 1.711615e-03 5.668346e-04
2.299735e+01 1.848204e-03 6.052504e-04
2.299735e+01 1.995693e-03 6.455725e-04
2.299735e+01 2.154951e-03 6.877763e-04
2.299735e+01 2.326918e-03 7.318173e-04
2.299735e+01 2.512609e-03 7.776307e-04
2.299735e+01 2.713117e-03 8.251298e-04
2.299735e+01 2.929627e-03 8.742019e-04
2.299735e+01 3.163414e-03 9.246982e-04
2.299735e+01 3.415858e-03 9.764304e-04
2.299735e+01 3.688447e-03 1.029175e-03
2.299735e+01 3.982789e-03 1.082649e-03
2.299735e+01 4.300619e-03 1.136508e-03
2.299735e+01 4.643813e-03 1.190361e-03
2.299735e+01 5.014394e-03 1.243751e-03
2.299735e+01 5.414548e-03 1.296153e-03
2.299735e+01 5.846635e-03 1.346995e-03
2.299735e+01 6.313202e-03 1.395616e-03
2.299735e+01 6.817002e-03 1.441268e-03
2.299735e+01 7.361006e-03 1.483168e-03
2.299735e+01 7.948422e-03 1.520438e-03
2.299735e+01 8.582714e-03 1.552129e-03
2.299735e+01 9.267624e-03 1.577295e-03
2.299735e+01 1.000719e-02 1.594931e-03
2.299735e+01 1.080577e-02 1.604021e-03
2.299735e+01 1.166809e-02 1.603652e-03
2.299735e+01 1.259921e-02 1.593017e-03
2.299735e+01 1.360464e-02 1.571469e-03
2.299735e+01 1.469030e-02 1.538628e-03
2.299735e+01 1.586261e-02 1.494575e-03
2.299735e+01 1.712846e-02 1.439822e-03
2.299735e+01 1.849533e-02 1.375228e-03
2.299735e+01 1.997127e-02 1.302655e-03
2.299735e+01 2.156500e-02 1.224601e-03
2.299735e+01 2.328591e-02 1.143477e-03
2.299735e+01 2.514415e-02 1.062591e-03
2.299735e+01 2.715068e-02 9.854751e-04
2.299735e+01 2.931733e-02 9.147796e-04
2.299735e+01 3.165689e-02 8.524484e-04
2.299735e+01 3.418314e-02 7.996509e-04
2.299735e+01 3.691099e-02 7.555714e-04
2.299735e+01 3.985652e-02 7.175411e-04
2.299735e+01 4.303711e-02 6.810814e-04
2.299735e+01 4.647152e-02 6.407558e-04
2.299735e+01 5.017999e-02 5.919419e-04
2.299735e+01 5.418441e-02 5.473404e-04
2.299735e+01 5.850838e-02 5.217423e-04
2.299735e+01 6.317741e-02 4.941014e-04
2.299735e+01 6.821903e-02 4.642547e-04
2.299735e+01 7.366298e-02 4.315646e-04
2.299735e+01 7.954136e-02 3.915529e-04
2.299735e+01 8.588885e-02 3.483482e-04
2.299735e+01 9.274286e-02 3.016958e-04
2.299735e+01 1.001438e-01 2.513204e-04
2.299735e+01 1.081354e-01 2.224868e-04
2.299735e+01 1.167647e-01 2.035477e-04
2.299735e+01 1.260827e-01 1.830973e-04
2.299735e+01 1.361442e-01 1.610150e-04
2.299735e+01 1.470087e-01 1.394994e-04
2.299735e+01 1.587401e-01 1.261877e-04
2.299735e+01 1.714077e-01 1.118138e-04
2.299735e+01 1.850862e-01 9.629278e-05
2.299735e+01 1.998563e-01 7.953320e-05
2.299735e+01 2.158051e-01 7.082320e-05
2.299735e+01 2.330265e-01 6.329313e-05
2.299735e+01 2.516223e-01 5.516215e-05
2.299735e+01 2.717020e-01 4.638231e-05
2.299735e+01 2.933841e-01 3.952369e-05
2.299735e+01 3.167964e-01 3.544995e-05
2.299735e+01 3.420771e-01 3.105113e-05
2.299735e+01 3.693752e-01 2.630128e-05
2.299735e+01 3.988518e-01 2.139898e-05
2.299735e+01 4.306805e-01 1.928383e-05
2.299735e+01 4.650493e-01 1.699990e-05
2.299735e+01 5.021607e-01 1.453371e-05
2.299735e+01 5.422336e-01 1.187071e-05
2.299735e+01 5.855044e-01 1.020952e-05
2.299735e+01 6.322283e-01 8.981650e-06
2.299735e+01 6.826808e-01 7.655795e-06
2.299735e+01 7.371594e-01 6.224135e-06
2.299735e+01 7.959855e-01 4.979618e-06
2.299735e+01 8.595059e-01 4.344979e-06
2.299735e+01 9.280954e-01 3.659695e-06
2.299735e+01 1.002158e+00 2.919725e-06
2.299735e+01 1.082132e+00 2.120705e-06
2.299735e+01 1.168487e+00 1.796706e-06
2.299735e+01 1.261733e+00 1.492740e-06
2.299735e+01 1.362421e+00 1.164517e-06
2.299735e+01 1.471144e+00 8.101015e-07
2.299735e+01 1.588542e+00 5.838934e-07
2.299735e+01 1.715310e+00 4.766471e-07
2.299735e+01 1.852193e+00 3.608424e-07
2.299735e+01 2.000000e+00 2.357963e-07
2.347730e+01 1.000000e-03 3.277472e-04
2.347730e+01 1.079801e-03 3.517883e-04
2.347730e+01 1.165970e-03 3.774000e-04
2.347730e+01 1.259016e-03 4.046425e-04
2.347730e+01 1.359487e-03 4.335680e-04
2.347730e+01 1.467975e-03 4.642223e-04
2.347730e+01 1.585121e-03 4.966402e-04
2.347730e+01 1.711615e-03 5.308433e-04
2.347730e+01 1.848204e-03 5.668405e-04
2.347730e+01 1.995693e-03 6.046256e-04
2.347730e+01 2.154951e-03 6.441749e-04
2.347730e+01 2.326918e-03 6.854461e-04
2.347730e+01 2.512609e-03 7.283779e-04
2.347730e+01 2.713117e-03 7.728883e-04
2.347730e+01 2.929627e-03 8.188712e-04
2.347730e+01 3.163414e-03 8.661867e-04
2.347730e+01 3.415858e-03 9.146590e-04
2.347730e+01 3.688447e-03 9.640792e-04
2.347730e+01 3.982789e-03 1.014183e-03
2.347730e+01 4.300619e-03 1.064647e-03
2.347730e+01 4.643813e-03 1.115105e-03
2.347730e+01 5.014394e-03 1.165130e-03
2.347730e+01 5.414548e-03 1.214228e-03
2.347730e+01 5.846635e-03 1.261865e-03
2.347730e+01 6.313202e-03 1.307420e-03
2.347730e+01 6.817002e-03 1.350193e-03
2.347730e+01 7.361006e-03 1.389451e-03
2.347730e+01 7.948422e-03 1.424372e-03
2.347730e+01 8.582714e-03 1.454064e-03
2.347730e+01 9.267624e-03 1.477644e-03
2.347730e+01 1.000719e-02 1.494170e-03
2.347730e+01 1.080577e-02 1.502688e-03
2.347730e+01 1.166809e-02 1.502345e-03
2.347730e+01 1.259921e-02 1.492385e-03
2.347730e+01 1.360464e-02 1.472200e-03
2.347730e+01 1.469030e-02 1.441436e-03
2.347730e+01 1.586261e-02 1.400167e-03
2.347730e+01 1.712846e-02 1.348874e-03
2.347730e+01 1.849533e-02 1.288360e-03
2.347730e+01 1.997127e-02 1.220373e-03
2.347730e+01 2.156500e-02 1.147250e-03
2.347730e+01 2.328591e-02 1.071251e-03
2.347730e+01 2.514415e-02 9.954747e-04
2.347730e+01 2.715068e-02 9.232300e-04
2.347730e+01 2.931733e-02 8.570001e-04
2.347730e+01 3.165689e-02 7.986060e-04
2.347730e+01 3.418314e-02 7.491434e-04
2.347730e+01 3.691099e-02 7.078481e-04
2.347730e+01 3.985652e-02 6.722198e-04
2.347730e+01 4.303711e-02 6.380630e-04
2.347730e+01 4.647152e-02 6.002844e-04
2.347730e+01 5.017999e-02 5.545537e-04
2.347730e+01 5.418441e-02 5.127981e-04
2.347730e+01 5.850838e-02 4.888966e-04
2.347730e+01 6.317741e-02 4.630877e-04
2.347730e+01 6.821903e-02 4.352193e-04
2.347730e+01 7.366298e-02 4.046805e-04
2.347730e+01 7.954136e-02 3.671457e-04
2.347730e+01 8.588885e-02 3.266156e-04
2.347730e+01 9.274286e-02 2.828512e-04
2.347730e+01 1.001438e-01 2.355944e-04
2.347730e+01 1.081354e-01 2.085855e-04
2.347730e+01 1.167647e-01 1.908809e-04
2.347730e+01 1.260827e-01 1.717634e-04
2.347730e+01 1.361442e-01 1.511203e-04
2.347730e+01 1.470087e-01 1.310065e-04
2.347730e+01 1.587401e-01 1.185594e-04
2.347730e+01 1.714077e-01 1.051190e-04
2.347730e+01 1.850862e-01 9.060610e-05
2.347730e+01 1.998563e-01 7.493501e-05
2.347730e+01 2.158051e-01 6.678465e-05
2.347730e+01 2.330265e-01 5.973589e-05
2.347730e+01 2.516223e-01 5.212463e-05
2.347730e+01 2.717020e-01 4.390598e-05
2.347730e+01 2.933841e-01 3.747709e-05
2.347730e+01 3.167964e-01 3.364337e-05
2.347730e+01 3.420771e-01 2.950371e-05
2.347730e+01 3.693752e-01 2.503370e-05
2.347730e+01 3.988518e-01 2.041920e-05
2.347730e+01 4.306805e-01 1.841312e-05
2.347730e+01 4.650493e-01 1.624695e-05
2.347730e+01 5.021607e-01 1.390791e-05
2.347730e+01 5.422336e-01 1.138222e-05
2.347730e+01 5.855044e-01 9.801106e-06
2.347730e+01 6.322283e-01 8.627920e-06
2.347730e+01 6.826808e-01 7.361113e-06
2.347730e+01 7.371594e-01 5.993214e-06
2.347730e+01 7.959855e-01 4.803302e-06
2.347730e+01 8.595059e-01 4.194112e-06
2.347730e+01 9.280954e-01 3.536307e-06
2.347730e+01 1.002158e+00 2.826010e-06
2.347730e+01 1.082132e+00 2.059029e-06
2.347730e+01 1.168487e+00 1.746424e-06
2.347730e+01 1.261733e+00 1.452785e-06
2.347730e+01 1.362421e+00 1.135713e-06
2.347730e+01 1.471144e+00 7.933387e-07
2.347730e+01 1.588542e+00 5.741508e-07
2.347730e+01 1.715310e+00 4.692476e-07
2.347730e+01 1.852193e+00 3.559730e-07
2.347730e+01 2.000000e+00 2.336590e-07
2.396684e+01 1.000000e-03 3.061448e-04
2.396684e+01 1.079801e-03 3.286091e-04
2.396684e+01 1.165970e-03 3.525424e-04
2.396684e+01 1.259016e-03 3.780013e-04
2.396684e+01 1.359487e-03 4.050349e-04
2.396684e+01 1.467975e-03 4.336863e-04
2.396684e+01 1.585121e-03 4.639880e-04
2.396684e+01 1.711615e-03 4.959604e-04
2.396684e+01 1.848204e-03 5.296118e-04
2.396684e+01 1.995693e-03 5.649361e-04
2.396684e+01 2.154951e-03 6.019107e-04
2.396684e+01 2.326918e-03 6.404955e-04
2.396684e+01 2.512609e-03 6.806326e-04
2.396684e+01 2.713117e-03 7.222447e-04
2.396684e+01 2.929627e-03 7.652317e-04
2.396684e+01 3.163414e-03 8.094628e-04
2.396684e+01 3.415858e-03 8.547740e-04
2.396684e+01 3.688447e-03 9.009707e-04
2.396684e+01 3.982789e-03 9.478058e-04
2.396684e+01 4.300619e-03 9.949779e-04
2.396684e+01 4.643813e-03 1.042145e-03
2.396684e+01 5.014394e-03 1.088905e-03
2.396684e+01 5.414548e-03 1.134801e-03
2.396684e+01 5.846635e-03 1.179329e-03
2.396684e+01 6.313202e-03 1.221911e-03
2.396684e+01 6.817002e-03 1.261893e-03
2.396684e+01 7.361006e-03 1.298589e-03
2.396684e+01 7.948422e-03 1.331231e-03
2.396684e+01 8.582714e-03 1.358986e-03
2.396684e+01 9.267624e-03 1.381028e-03
2.396684e+01 1.000719e-02 1.396476e-03
2.396684e+01 1.080577e-02 1.404440e-03
2.396684e+01 1.166809e-02 1.404123e-03
2.396684e+01 1.259921e-02 1.394816e-03
2.396684e+01 1.360464e-02 1.375954e-03
2.396684e+01 1.469030e-02 1.347203e-03
2.396684e+01 1.586261e-02 1.308632e-03
2.396684e+01 1.712846e-02 1.260693e-03
2.396684e+01 1.849533e-02 1.204137e-03
2.396684e+01 1.997127e-02 1.140595e-03
2.396684e+01 2.156500e-02 1.072254e-03
2.396684e+01 2.328591e-02 1.001223e-03
2.396684e+01 2.514415e-02 9.304011e-04
2.396684e+01 2.715068e-02 8.628794e-04
2.396684e+01 2.931733e-02 8.009792e-04
2.396684e+01 3.165689e-02 7.464024e-04
2.396684e+01 3.418314e-02 7.001731e-04
2.396684e+01 3.691099e-02 6.615772e-04
2.396684e+01 3.985652e-02 6.282779e-04
2.396684e+01 4.303711e-02 5.963538e-04
2.396684e+01 4.647152e-02 5.610448e-04
2.396684e+01 5.017999e-02 5.183035e-04
2.396684e+01 5.418441e-02 4.792984e-04
2.396684e+01 5.850838e-02 4.570177e-04
2.396684e+01 6.317741e-02 4.329589e-04
2.396684e+01 6.821903e-02 4.069802e-04
2.396684e+01 7.366298e-02 3.785018e-04
2.396684e+01 7.954136e-02 3.433950e-04
2.396684e+01 8.588885e-02 3.054868e-04
2.396684e+01 9.274286e-02 2.645533e-04
2.396684e+01 1.001438e-01 2.203534e-04
2.396684e+01 1.081354e-01 1.951172e-04
2.396684e+01 1.167647e-01 1.785977e-04
2.396684e+01 1.260827e-01 1.607598e-04
2.396684e+01 1.361442e-01 1.414985e-04
2.396684e+01 1.470087e-01 1.227332e-04
2.396684e+01 1.587401e-01 1.111308e-04
2.396684e+01 1.714077e-01 9.860245e-05
2.396684e+01 1.850862e-01 8.507438e-05
2.396684e+01 1.998563e-01 7.046674e-05
2.396684e+01 2.158051e-01 6.285750e-05
2.396684e+01 2.330265e-01 5.627177e-05
2.396684e+01 2.516223e-01 4.916048e-05
2.396684e+01 2.717020e-01 4.148171e-05
2.396684e+01 2.933841e-01 3.546682e-05
2.396684e+01 3.167964e-01 3.186541e-05
2.396684e+01 3.420771e-01 2.797660e-05
2.396684e+01 3.693752e-01 2.377747e-05
2.396684e+01 3.988518e-01 1.944167e-05
2.396684e+01 4.306805e-01 1.754326e-05
2.396684e+01 4.650493e-01 1.549335e-05
2.396684e+01 5.021607e-01 1.327986e-05
2.396684e+01 5.422336e-01 1.088974e-05
2.396684e+01 5.855044e-01 9.388200e-06
2.396684e+01 6.322283e-01 8.269817e-06
2.396684e+01 6.826808e-01 7.062186e-06
2.396684e+01 7.371594e-01 5.758184e-06
2.396684e+01 7.959855e-01 4.623081e-06
2.396684e+01 8.595059e-01 4.039687e-06
2.396684e+01 9.280954e-01 3.409737e-06
2.396684e+01 1.002158e+00 2.729517e-06
2.396684e+01 1.082132e+00 1.995014e-06
2.396684e+01 1.168487e+00 1.694342e-06
2.396684e+01 1.261733e+00 1.411618e-06
2.396684e+01 1.362421e+00 1.106332e-06
2.396684e+01 1.471144e+00 7.766837e-07
2.396684e+01 1.588542e+00 5.648035e-07
2.396684e+01 1.715310e+00 4.621579e-07
2.396684e+01 1.852193e+00 3.513210e-07
2.396684e+01 2.000000e+00 2.316392e-07
2.446618e+01 1.000000e-03 2.851491e-04
2.446618e+01 1.079801e-03 3.060800e-04
2.446618e+01 1.165970e-03 3.283810e-04
2.446618e+01 1.259016e-03 3.521052e-04
2.446618e+01 1.359487e-03 3.772986e-04
2.446618e+01 1.467975e-03 4.040015e-04
2.446618e+01 1.585121e-03 4.322445e-04
2.446618e+01 1.711615e-03 4.620465e-04
2.446618e+01 1.848204e-03 4.934154e-04
2.446618e+01 1.995693e-03 5.263453e-04
2.446618e+01 2.154951e-03 5.608147e-04
2.446618e+01 2.326918e-03 5.967857e-04
2.446618e+01 2.512609e-03 6.342037e-04
2.446618e+01 2.713117e-03 6.729959e-04
2.446618e+01 2.929627e-03 7.130684e-04
2.446618e+01 3.163414e-03 7.542991e-04
2.446618e+01 3.415858e-03 7.965354e-04
2.446618e+01 3.688447e-03 8.395962e-04
2.446618e+01 3.982789e-03 8.832519e-04
2.446618e+01 4.300619e-03 9.272214e-04
2.446618e+01 4.643813e-03 9.711861e-04
2.446618e+01 5.014394e-03 1.014772e-03
2.446618e+01 5.414548e-03 1.057552e-03
2.446618e+01 5.846635e-03 1.099057e-03
2.446618e+01 6.313202e-03 1.138747e-03
2.446618e+01 6.817002e-03 1.176013e-03
2.446618e+01 7.361006e-03 1.210217e-03
2.446618e+01 7.948422e-03 1.240642e-03
2.446618e+01 8.582714e-03 1.266513e-03
2.446618e+01 9.267624e-03 1.287058e-03
2.446618e+01 1.000719e-02 1.301459e-03
2.446618e+01 1.080577e-02 1.308884e-03
2.446618e+01 1.166809e-02 1.308591e-03
2.446618e+01 1.259921e-02 1.299920e-03
2.446618e+01 1.360464e-02 1.282343e-03
2.446618e+01 1.469030e-02 1.255549e-03
2.446618e+01 1.586261e-02 1.219604e-03
2.446618e+01 1.712846e-02 1.174927e-03
2.446618e+01 1.849533e-02 1.122220e-03
2.446618e+01 1.997127e-02 1.063002e-03
2.446618e+01 2.156500e-02 9.993103e-04
2.446618e+01 2.328591e-02 9.331127e-04
2.446618e+01 2.514415e-02 8.671091e-04
2.446618e+01 2.715068e-02 8.041810e-04
2.446618e+01 2.931733e-02 7.464918e-04
2.446618e+01 3.165689e-02 6.956278e-04
2.446618e+01 3.418314e-02 6.525434e-04
2.446618e+01 3.691099e-02 6.165730e-04
2.446618e+01 3.985652e-02 5.855389e-04
2.446618e+01 4.303711e-02 5.557865e-04
2.446618e+01 4.647152e-02 5.228794e-04
2.446618e+01 5.017999e-02 4.830457e-04
2.446618e+01 5.418441e-02 4.467196e-04
2.446618e+01 5.850838e-02 4.260259e-04
2.446618e+01 6.317741e-02 4.036808e-04
2.446618e+01 6.821903e-02 3.795526e-04
2.446618e+01 7.366298e-02 3.530899e-04
2.446618e+01 7.954136e-02 3.203401e-04
2.446618e+01 8.588885e-02 2.849769e-04
2.446618e+01 9.274286e-02 2.467916e-04
2.446618e+01 1.001438e-01 2.055590e-04
2.446618e+01 1.081354e-01 1.820438e-04
2.446618e+01 1.167647e-01 1.666748e-04
2.446618e+01 1.260827e-01 1.500793e-04
2.446618e+01 1.361442e-01 1.321595e-04
2.446618e+01 1.470087e-01 1.147023e-04
2.446618e+01 1.587401e-01 1.039147e-04
2.446618e+01 1.714077e-01 9.226616e-05
2.446618e+01 1.850862e-01 7.968806e-05
2.446618e+01 1.998563e-01 6.610623e-05
2.446618e+01 2.158051e-01 5.902166e-05
2.446618e+01 2.330265e-01 5.288603e-05
2.446618e+01 2.516223e-01 4.626076e-05
2.446618e+01 2.717020e-01 3.910679e-05
2.446618e+01 2.933841e-01 3.349382e-05
2.446618e+01 3.167964e-01 3.011698e-05
2.446618e+01 3.420771e-01 2.647067e-05
2.446618e+01 3.693752e-01 2.253338e-05
2.446618e+01 3.988518e-01 1.846708e-05
2.446618e+01 4.306805e-01 1.667393e-05
2.446618e+01 4.650493e-01 1.473768e-05
2.446618e+01 5.021607e-01 1.264692e-05
2.446618e+01 5.422336e-01 1.038931e-05
2.446618e+01 5.855044e-01 8.966714e-06
2.446618e+01 6.322283e-01 7.903670e-06
2.446618e+01 6.826808e-01 6.755795e-06
2.446618e+01 7.371594e-01 5.516319e-06
2.446618e+01 7.959855e-01 4.436776e-06
2.446618e+01 8.595059e-01 3.880167e-06
2.446618e+01 9.280954e-01 3.279140e-06
2.446618e+01 1.002158e+00 2.630151e-06
2.446618e+01 1.082132e+00 1.929372e-06
2.446618e+01 1.168487e+00 1.640938e-06
2.446618e+01 1.261733e+00 1.369370e-06
2.446618e+01 1.362421e+00 1.076130e-06
2.446618e+01 1.471144e+00 7.594893e-07
2.446618e+01 1.588542e+00 5.551485e-07
2.446618e+01 1.715310e+00 4.549476e-07
2.446618e+01 1.852193e+00 3.467504e-07
2.446618e+01 2.000000e+00 2.299191e-07
2.497550e+01 1.000000e-03 2.647408e-04
2.497550e+01 1.079801e-03 2.841803e-04
2.497550e+01 1.165970e-03 3.048938e-04
2.497550e+01 1.259016e-03 3.269306e-04
2.497550e+01 1.359487e-03 3.503337e-04
2.497550e+01 1.467975e-03 3.751409e-04
2.497550e+01 1.585121e-03 4.013807e-04
2.497550e+01 1.711615e-03 4.290708e-04
2.497550e+01 1.848204e-03 4.582186e-04
2.497550e+01 1.995693e-03 4.888183e-04
2.497550e+01 2.154951e-03 5.208497e-04
2.497550e+01 2.326918e-03 5.542770e-04
2.497550e+01 2.512609e-03 5.890489e-04
2.497550e+01 2.713117e-03 6.250972e-04
2.497550e+01 2.929627e-03 6.623340e-04
2.497550e+01 3.163414e-03 7.006453e-04
2.497550e+01 3.415858e-03 7.398899e-04
2.497550e+01 3.688447e-03 7.798998e-04
2.497550e+01 3.982789e-03 8.204620e-04
2.497550e+01 4.300619e-03 8.613156e-04
2.497550e+01 4.643813e-03 9.021648e-04
2.497550e+01 5.014394e-03 9.426623e-04
2.497550e+01 5.414548e-03 9.824101e-04
2.497550e+01 5.846635e-03 1.020974e-03
2.497550e+01 6.313202e-03 1.057850e-03
2.497550e+01 6.817002e-03 1.092474e-03
2.497550e+01 7.361006e-03 1.124254e-03
2.497550e+01 7.948422e-03 1.152522e-03
2.497550e+01 8.582714e-03 1.176560e-03
2.497550e+01 9.267624e-03 1.195649e-03
2.497550e+01 1.000719e-02 1.209030e-03
2.497550e+01 1.080577e-02 1.215931e-03
2.497550e+01 1.166809e-02 1.215661e-03
2.497550e+01 1.259921e-02 1.207608e-03
2.497550e+01 1.360464e-02 1.191281e-03
2.497550e+01 1.469030e-02 1.166392e-03
2.497550e+01 1.586261e-02 1.133000e-03
2.497550e+01 1.712846e-02 1.091497e-03
2.497550e+01 1.849533e-02 1.042533e-03
2.497550e+01 1.997127e-02 9.875212e-04
2.497550e+01 2.156500e-02 9.283535e-04
2.497550e+01 2.328591e-02 8.668570e-04
2.497550e+01 2.514415e-02 8.055405e-04
2.497550e+01 2.715068e-02 7.470810e-04
2.497550e+01 2.931733e-02 6.934882e-04
2.497550e+01 3.165689e-02 6.462359e-04
2.497550e+01 3.418314e-02 6.062107e-04
2.497550e+01 3.691099e-02 5.727943e-04
2.497550e+01 3.985652e-02 5.439637e-04
2.497550e+01 4.303711e-02 5.163238e-04
2.497550e+01 4.647152e-02 4.857533e-04
2.497550e+01 5.017999e-02 4.487479e-04
2.497550e+01 5.418441e-02 4.150296e-04
2.497550e+01 5.850838e-02 3.958845e-04
2.497550e+01 6.317741e-02 3.752115e-04
2.497550e+01 6.821903e-02 3.528889e-04
2.497550e+01 7.366298e-02 3.283920e-04
2.497550e+01 7.954136e-02 2.979298e-04
2.497550e+01 8.588885e-02 2.650367e-04
2.497550e+01 9.274286e-02 2.295187e-04
2.497550e+01 1.001438e-01 1.911663e-04
2.497550e+01 1.081354e-01 1.693215e-04
2.497550e+01 1.167647e-01 1.550695e-04
2.497550e+01 1.260827e-01 1.396801e-04
2.497550e+01 1.361442e-01 1.230627e-04
2.497550e+01 1.470087e-01 1.068765e-04
2.497550e+01 1.587401e-01 9.688502e-05
2.497550e+01 1.714077e-01 8.609616e-05
2.497550e+01 1.850862e-01 7.444635e-05
2.497550e+01 1.998563e-01 6.186686e-05
2.497550e+01 2.158051e-01 5.528852e-05
2.497550e+01 2.330265e-01 4.958442e-05
2.497550e+01 2.516223e-01 4.342513e-05
2.497550e+01 2.717020e-01 3.677432e-05
2.497550e+01 2.933841e-01 3.154771e-05
2.497550e+01 3.167964e-01 2.838860e-05
2.497550e+01 3.420771e-01 2.497739e-05
2.497550e+01 3.693752e-01 2.129396e-05
2.497550e+01 3.988518e-01 1.748909e-05
2.497550e+01 4.306805e-01 1.580023e-05
2.497550e+01 4.650493e-01 1.397660e-05
2.497550e+01 5.021607e-01 1.200745e-05
2.497550e+01 5.422336e-01 9.881147e-06
2.497550e+01 5.855044e-01 8.537520e-06
2.497550e+01 6.322283e-01 7.530473e-06
2.497550e+01 6.826808e-01 6.443063e-06
2.497550e+01 7.371594e-01 5.268876e-06
2.497550e+01 7.959855e-01 4.245606e-06
2.497550e+01 8.595059e-01 3.716281e-06
2.497550e+01 9.280954e-01 3.144716e-06
2.497550e+01 1.002158e+00 2.527539e-06
2.497550e+01 1.082132e+00 1.861111e-06
2.497550e+01 1.168487e+00 1.585381e-06
2.497550e+01 1.261733e+00 1.325453e-06
2.497550e+01 1.362421e+00 1.044783e-06
2.497550e+01 1.471144e+00 7.417148e-07
2.497550e+01 1.588542e+00 5.452180e-07
2.497550e+01 1.715310e+00 4.475229e-07
2.497550e+01 1.852193e+00 3.420317e-07
2.497550e+01 2.000000e+00 2.281222e-07
2.549501e+01 1.000000e-03 2.449925e-04
2.549501e+01 1.079801e-03 2.629882e-04
2.549501e+01 1.165970e-03 2.821644e-04
2.549501e+01 1.259016e-03 3.025672e-04
2.549501e+01 1.359487e-03 3.242366e-04
2.549501e+01 1.467975e-03 3.472076e-04
2.549501e+01 1.585121e-03 3.715071e-04
2.549501e+01 1.711615e-03 3.971515e-04
2.549501e+01 1.848204e-03 4.241474e-04
2.549501e+01 1.995693e-03 4.524896e-04
2.549501e+01 2.154951e-03 4.821590e-04
2.549501e+01 2.326918e-03 5.131220e-04
2.549501e+01 2.512609e-03 5.453306e-04
2.549501e+01 2.713117e-03 5.787208e-04
2.549501e+01 2.929627e-03 6.132107e-04
2.549501e+01 3.163414e-03 6.486944e-04
2.549501e+01 3.415858e-03 6.850413e-04
2.549501e+01 3.688447e-03 7.220962e-04
2.549501e+01 3.982789e-03 7.596620e-04
2.549501e+01 4.300619e-03 7.974976e-04
2.549501e+01 4.643813e-03 8.353292e-04
2.549501e+01 5.014394e-03 8.728353e-04
2.549501e+01 5.414548e-03 9.096469e-04
2.549501e+01 5.846635e-03 9.453611e-04
2.549501e+01 6.313202e-03 9.795125e-04
2.549501e+01 6.817002e-03 1.011578e-03
2.549501e+01 7.361006e-03 1.041009e-03
2.549501e+01 7.948422e-03 1.067189e-03
2.549501e+01 8.582714e-03 1.089451e-03
2.549501e+01 9.267624e-03 1.107131e-03
2.549501e+01 1.000719e-02 1.119524e-03
2.549501e+01 1.080577e-02 1.125916e-03
2.549501e+01 1.166809e-02 1.125669e-03
2.549501e+01 1.259921e-02 1.118214e-03
2.549501e+01 1.360464e-02 1.103098e-03
2.549501e+01 1.469030e-02 1.080052e-03
2.549501e+01 1.586261e-02 1.049133e-03
2.549501e+01 1.712846e-02 1.010703e-03
2.549501e+01 1.849533e-02 9.653651e-04
2.549501e+01 1.997127e-02 9.144261e-04
2.549501e+01 2.156500e-02 8.596388e-04
2.549501e+01 2.328591e-02 8.026949e-04
2.549501e+01 2.514415e-02 7.459174e-04
2.549501e+01 2.715068e-02 6.917851e-04
2.549501e+01 2.931733e-02 6.421593e-04
2.549501e+01 3.165689e-02 5.984046e-04
2.549501e+01 3.418314e-02 5.613419e-04
2.549501e+01 3.691099e-02 5.303989e-04
2.549501e+01 3.985652e-02 5.037021e-04
2.549501e+01 4.303711e-02 4.781080e-04
2.549501e+01 4.647152e-02 4.498001e-04
2.549501e+01 5.017999e-02 4.155338e-04
2.549501e+01 5.418441e-02 3.843269e-04
2.549501e+01 5.850838e-02 3.666422e-04
2.549501e+01 6.317741e-02 3.475463e-04
2.549501e+01 6.821903e-02 3.269266e-04
2.549501e+01 7.366298e-02 3.042930e-04
2.549501e+01 7.954136e-02 2.760926e-04
2.549501e+01 8.588885e-02 2.456418e-04
2.549501e+01 9.274286e-02 2.127610e-04
2.549501e+01 1.001438e-01 1.772562e-04
2.549501e+01 1.081354e-01 1.570362e-04
2.549501e+01 1.167647e-01 1.438469e-04
2.549501e+01 1.260827e-01 1.296050e-04
2.549501e+01 1.361442e-01 1.142265e-04
2.549501e+01 1.470087e-01 9.925216e-05
2.549501e+01 1.587401e-01 9.003165e-05
2.549501e+01 1.714077e-01 8.007534e-05
2.549501e+01 1.850862e-01 6.932450e-05
2.549501e+01 1.998563e-01 5.771574e-05
2.549501e+01 2.158051e-01 5.162736e-05
2.549501e+01 2.330265e-01 4.634082e-05
2.549501e+01 2.516223e-01 4.063242e-05
2.549501e+01 2.717020e-01 3.446848e-05
2.549501e+01 2.933841e-01 2.961654e-05
2.549501e+01 3.167964e-01 2.667003e-05
2.549501e+01 3.420771e-01 2.348838e-05
2.549501e+01 3.693752e-01 2.005283e-05
2.549501e+01 3.988518e-01 1.650338e-05
2.549501e+01 4.306805e-01 1.491842e-05
2.549501e+01 4.650493e-01 1.320698e-05
2.549501e+01 5.021607e-01 1.135897e-05
2.549501e+01 5.422336e-01 9.363480e-06
2.549501e+01 5.855044e-01 8.099269e-06
2.549501e+01 6.322283e-01 7.149162e-06
2.549501e+01 6.826808e-01 6.123235e-06
2.549501e+01 7.371594e-01 5.015438e-06
2.549501e+01 7.959855e-01 4.049439e-06
2.549501e+01 8.595059e-01 3.548031e-06
2.549501e+01 9.280954e-01 3.006610e-06
2.549501e+01 1.002158e+00 2.421983e-06
2.549501e+01 1.082132e+00 1.790702e-06
2.549501e+01 1.168487e+00 1.527976e-06
2.549501e+01 1.261733e+00 1.279965e-06
2.549501e+01 1.362421e+00 1.012163e-06
2.549501e+01 1.471144e+00 7.229895e-07
2.549501e+01 1.588542e+00 5.346061e-07
2.549501e+01 1.715310e+00 4.396395e-07
2.549501e+01 1.852193e+00 3.370944e-07
2.549501e+01 2.000000e+00 2.263662e-07
2.602491e+01 1.000000e-03 2.257911e-04
2.602491e+01 1.079801e-03 2.423822e-04
2.602491e+01 1.165970e-03 2.600628e-04
2.602491e+01 1.259016e-03 2.788756e-04
2.602491e+01 1.359487e-03 2.988577e-04
2.602491e+01 1.467975e-03 3.200419e-04
2.602491e+01 1.585121e-03 3.424527e-04
2.602491e+01 1.711615e-03 3.661056e-04
2.602491e+01 1.848204e-03 3.910068e-04
2.602491e+01 1.995693e-03 4.171512e-04
2.602491e+01 2.154951e-03 4.445210e-04
2.602491e+01 2.326918e-03 4.730848e-04
2.602491e+01 2.512609e-03 5.027977e-04
2.602491e+01 2.713117e-03 5.336004e-04
2.602491e+01 2.929627e-03 5.654164e-04
2.602491e+01 3.163414e-03 5.981479e-04
2.602491e+01 3.415858e-03 6.316744e-04
2.602491e+01 3.688447e-03 6.658531e-04
2.602491e+01 3.982789e-03 7.005025e-04
2.602491e+01 4.300619e-03 7.354005e-04
2.602491e+01 4.643813e-03 7.702950e-04
2.602491e+01 5.014394e-03 8.048895e-04
2.602491e+01 5.414548e-03 8.388433e-04
2.602491e+01 5.846635e-03 8.717844e-04
2.602491e+01 6.313202e-03 9.032835e-04
2.602491e+01 6.817002e-03 9.328589e-04
2.602491e+01 7.361006e-03 9.600040e-04
2.602491e+01 7.948422e-03 9.841511e-04
2.602491e+01 8.582714e-03 1.004685e-03
2.602491e+01 9.267624e-03 1.020992e-03
2.602491e+01 1.000719e-02 1.032424e-03
2.602491e+01 1.080577e-02 1.038322e-03
2.602491e+01 1.166809e-02 1.038096e-03
2.602491e+01 1.259921e-02 1.031223e-03
2.602491e+01 1.360464e-02 1.017284e-03
2.602491e+01 1.469030e-02 9.960329e-04
2.602491e+01 1.586261e-02 9.675205e-04
2.602491e+01 1.712846e-02 9.320812e-04
2.602491e+01 1.849533e-02 8.902708e-04
2.602491e+01 1.997127e-02 8.432952e-04
2.602491e+01 2.156500e-02 7.927706e-04
2.602491e+01 2.328591e-02 7.402568e-04
2.602491e+01 2.514415e-02 6.878962e-04
2.602491e+01 2.715068e-02 6.379750e-04
2.602491e+01 2.931733e-02 5.922095e-04
2.602491e+01 3.165689e-02 5.518584e-04
2.602491e+01 3.418314e-02 5.176787e-04
2.602491e+01 3.691099e-02 4.891425e-04
2.602491e+01 3.985652e-02 4.645223e-04
2.602491e+01 4.303711e-02 4.409189e-04
2.602491e+01 4.647152e-02 4.148130e-04
2.602491e+01 5.017999e-02 3.832121e-04
2.602491e+01 5.418441e-02 3.544506e-04
2.602491e+01 5.850838e-02 3.381914e-04
2.602491e+01 6.317741e-02 3.206348e-04
2.602491e+01 6.821903e-02 3.016772e-04
2.602491e+01 7.366298e-02 2.808607e-04
2.602491e+01 7.954136e-02 2.548505e-04
2.602491e+01 8.588885e-02 2.267646e-04
2.602491e+01 9.274286e-02 1.964374e-04
2.602491e+01 1.001438e-01 1.636900e-04
2.602491e+01 1.081354e-01 1.450492e-04
2.602491e+01 1.167647e-01 1.328980e-04
2.602491e+01 1.260827e-01 1.197770e-04
2.602491e+01 1.361442e-01 1.056090e-04
2.602491e+01 1.470087e-01 9.181690e-05
2.602491e+01 1.587401e-01 8.334194e-05
2.602491e+01 1.714077e-01 7.419067e-05
2.602491e+01 1.850862e-01 6.430912e-05
2.602491e+01 1.998563e-01 5.363902e-05
2.602491e+01 2.158051e-01 4.802555e-05
2.602491e+01 2.330265e-01 4.314424e-05
2.602491e+01 2.516223e-01 3.787340e-05
2.602491e+01 2.717020e-01 3.218194e-05
2.602491e+01 2.933841e-01 2.769454e-05
2.602491e+01 3.167964e-01 2.495657e-05
2.602491e+01 3.420771e-01 2.200010e-05
2.602491e+01 3.693752e-01 1.880771e-05
2.602491e+01 3.988518e-01 1.550892e-05
2.602491e+01 4.306805e-01 1.402788e-05
2.602491e+01 4.650493e-01 1.242865e-05
2.602491e+01 5.021607e-01 1.070180e-05
2.602491e+01 5.422336e-01 8.837149e-06
2.602491e+01 5.855044e-01 7.652748e-06
2.602491e+01 6.322283e-01 6.760176e-06
2.602491e+01 6.826808e-01 5.796376e-06
2.602491e+01 7.371594e-01 4.755663e-06
2.602491e+01 7.959855e-01 3.847612e-06
2.602491e+01 8.595059e-01 3.374681e-06
2.602491e+01 9.280954e-01 2.864011e-06
2.602491e+01 1.002158e+00 2.312588e-06
2.602491e+01 1.082132e+00 1.717161e-06
2.602491e+01 1.168487e+00 1.467949e-06
2.602491e+01 1.261733e+00 1.232384e-06
2.602491e+01 1.362421e+00 9.780212e-07
2.602491e+01 1.471144e+00 7.033597e-07
2.602491e+01 1.588542e+00 5.234793e-07
2.602491e+01 1.715310e+00 4.314193e-07
2.602491e+01 1.852193e+00 3.320127e-07
2.602491e+01 2.000000e+00 2.246734e-07
2.656541e+01 1.000000e-03 2.071373e-04
2.656541e+01 1.079801e-03 2.223630e-04
2.656541e+01 1.165970e-03 2.385896e-04
2.656541e+01 1.259016e-03 2.558566e-04
2.656541e+01 1.359487e-03 2.741982e-04
2.656541e+01 1.467975e-03 2.936445e-04
2.656541e+01 1.585121e-03 3.142186e-04
2.656541e+01 1.711615e-03 3.359345e-04
2.656541e+01 1.848204e-03 3.587980e-04
2.656541e+01 1.995693e-03 3.828045e-04
2.656541e+01 2.154951e-03 4.079372e-04
2.656541e+01 2.326918e-03 4.341670e-04
2.656541e+01 2.512609e-03 4.614523e-04
2.656541e+01 2.713117e-03 4.897380e-04
2.656541e+01 2.929627e-03 5.189532e-04
2.656541e+01 3.163414e-03 5.490078e-04
2.656541e+01 3.415858e-03 5.797913e-04
2.656541e+01 3.688447e-03 6.111728e-04
2.656541e+01 3.982789e-03 6.429858e-04
2.656541e+01 4.300619e-03 6.750268e-04
2.656541e+01 4.643813e-03 7.070648e-04
2.656541e+01 5.014394e-03 7.388276e-04
2.656541e+01 5.414548e-03 7.700021e-04
2.656541e+01 5.846635e-03 8.002464e-04
2.656541e+01 6.313202e-03 8.291662e-04
2.656541e+01 6.817002e-03 8.563196e-04
2.656541e+01 7.361006e-03 8.812419e-04
2.656541e+01 7.948422e-03 9.034120e-04
2.656541e+01 8.582714e-03 9.222647e-04
2.656541e+01 9.267624e-03 9.372378e-04
2.656541e+01 1.000719e-02 9.477346e-04
2.656541e+01 1.080577e-02 9.531508e-04
2.656541e+01 1.166809e-02 9.529454e-04
2.656541e+01 1.259921e-02 9.466382e-04
2.656541e+01 1.360464e-02 9.338443e-04
2.656541e+01 1.469030e-02 9.143377e-04
2.656541e+01 1.586261e-02 8.881652e-04
2.656541e+01 1.712846e-02 8.556337e-04
2.656541e+01 1.849533e-02 8.172535e-04
2.656541e+01 1.997127e-02 7.741316e-04
2.656541e+01 2.156500e-02 7.277515e-04
2.656541e+01 2.328591e-02 6.795453e-04
2.656541e+01 2.514415e-02 6.314795e-04
2.656541e+01 2.715068e-02 5.856528e-04
2.656541e+01 2.931733e-02 5.436410e-04
2.656541e+01 3.165689e-02 5.065992e-04
2.656541e+01 3.418314e-02 4.752227e-04
2.656541e+01 3.691099e-02 4.490269e-04
2.656541e+01 3.985652e-02 4.264258e-04
2.656541e+01 4.303711e-02 4.047582e-04
2.656541e+01 4.647152e-02 3.807933e-04
2.656541e+01 5.017999e-02 3.517841e-04
2.656541e+01 5.418441e-02 3.253994e-04
2.656541e+01 5.850838e-02 3.105237e-04
2.656541e+01 6.317741e-02 2.944610e-04
2.656541e+01 6.821903e-02 2.771165e-04
2.656541e+01 7.366298e-02 2.580637e-04
2.656541e+01 7.954136e-02 2.341806e-04
2.656541e+01 8.588885e-02 2.083916e-04
2.656541e+01 9.274286e-02 1.805447e-04
2.656541e+01 1.001438e-01 1.504755e-04
2.656541e+01 1.081354e-01 1.333681e-04
2.656541e+01 1.167647e-01 1.222244e-04
2.656541e+01 1.260827e-01 1.101914e-04
2.656541e+01 1.361442e-01 9.719820e-05
2.656541e+01 1.470087e-01 8.455372e-05
2.656541e+01 1.587401e-01 7.680258e-05
2.656541e+01 1.714077e-01 6.843289e-05
2.656541e+01 1.850862e-01 5.939529e-05
2.656541e+01 1.998563e-01 4.963648e-05
2.656541e+01 2.158051e-01 4.448328e-05
2.656541e+01 2.330265e-01 3.999435e-05
2.656541e+01 2.516223e-01 3.514719e-05
2.656541e+01 2.717020e-01 2.991322e-05
2.656541e+01 2.933841e-01 2.578003e-05
2.656541e+01 3.167964e-01 2.324686e-05
2.656541e+01 3.420771e-01 2.051154e-05
2.656541e+01 3.693752e-01 1.755793e-05
2.656541e+01 3.988518e-01 1.450539e-05
2.656541e+01 4.306805e-01 1.312760e-05
2.656541e+01 4.650493e-01 1.163987e-05
2.656541e+01 5.021607e-01 1.003340e-05
2.656541e+01 5.422336e-01 8.298746e-06
2.656541e+01 5.855044e-01 7.194379e-06
2.656541e+01 6.322283e-01 6.360111e-06
2.656541e+01 6.826808e-01 5.459268e-06
2.656541e+01 7.371594e-01 4.486537e-06
2.656541e+01 7.959855e-01 3.637443e-06
2.656541e+01 8.595059e-01 3.194172e-06
2.656541e+01 9.280954e-01 2.715529e-06
2.656541e+01 1.002158e+00 2.198688e-06
2.656541e+01 1.082132e+00 1.640604e-06
2.656541e+01 1.168487e+00 1.405296e-06
2.656541e+01 1.261733e+00 1.182493e-06
2.656541e+01 1.362421e+00 9.419112e-07
2.656541e+01 1.471144e+00 6.821305e-07
2.656541e+01 1.588542e+00 5.111075e-07
2.656541e+01 1.715310e+00 4.222984e-07
2.656541e+01 1.852193e+00 3.264022e-07
2.656541e+01 2.000000e+00 2.228535e-07
2.711672e+01 1.000000e-03 1.889870e-04
2.711672e+01 1.079801e-03 2.028834e-04
2.711672e+01 1.165970e-03 2.176944e-04
2.711672e+01 1.259016e-03 2.334560e-04
2.711672e+01 1.359487e-03 2.501999e-04
2.711672e+01 1.467975e-03 2.679536e-04
2.711672e+01 1.585121e-03 2.867385e-04
2.711672e+01 1.711615e-03 3.065673e-04
2.711672e+01 1.848204e-03 3.274455e-04
2.711672e+01 1.995693e-03 3.493688e-04
2.711672e+01 2.154951e-03 3.723217e-04
2.711672e+01 2.326918e-03 3.962773e-04
2.711672e+01 2.512609e-03 4.211970e-04
2.711672e+01 2.713117e-03 4.470303e-04
2.711672e+01 2.929627e-03 4.737115e-04
2.711672e+01 3.163414e-03 5.011583e-04
2.711672e+01 3.415858e-03 5.292697e-04
2.711672e+01 3.688447e-03 5.579263e-04
2.711672e+01 3.982789e-03 5.869763e-04
2.711672e+01 4.300619e-03 6.162342e-04
2.711672e+01 4.643813e-03 6.454895e-04
2.711672e+01 5.014394e-03 6.744938e-04
2.711672e+01 5.414548e-03 7.029608e-04
2.711672e+01 5.846635e-03 7.305780e-04
2.711672e+01 6.313202e-03 7.569854e-04
2.711672e+01 6.817002e-03 7.817795e-04
2.711672e+01 7.361006e-03 8.045366e-04
2.711672e+01 7.948422e-03 8.247809e-04
2.711672e+01 8.582714e-03 8.419963e-04
2.711672e+01 9.267624e-03 8.556694e-04
2.711672e+01 1.000719e-02 8.652553e-04
2.711672e+01 1.080577e-02 8.702024e-04
2.711672e+01 1.166809e-02 8.700168e-04
2.711672e+01 1.259921e-02 8.642602e-04
2.711672e+01 1.360464e-02 8.525812e-04
2.711672e+01 1.469030e-02 8.347735e-04
2.711672e+01 1.586261e-02 8.108797e-04
2.711672e+01 1.712846e-02 7.811801e-04
2.711672e+01 1.849533e-02 7.461405e-04
2.711672e+01 1.997127e-02 7.067717e-04
2.711672e+01 2.156500e-02 6.644279e-04
2.711672e+01 2.328591e-02 6.204168e-04
2.711672e+01 2.514415e-02 5.765337e-04
2.711672e+01 2.715068e-02 5.346948e-04
2.711672e+01 2.931733e-02 4.963387e-04
2.711672e+01 3.165689e-02 4.625201e-04
2.711672e+01 3.418314e-02 4.338737e-04
2.711672e+01 3.691099e-02 4.099572e-04
2.711672e+01 3.985652e-02 3.893226e-04
2.711672e+01 4.303711e-02 3.695403e-04
2.711672e+01 4.647152e-02 3.476606e-04
2.711672e+01 5.017999e-02 3.211755e-04
2.711672e+01 5.418441e-02 2.971048e-04
2.711672e+01 5.850838e-02 2.835744e-04
2.711672e+01 6.317741e-02 2.689641e-04
2.711672e+01 6.821903e-02 2.531880e-04
2.711672e+01 7.366298e-02 2.358506e-04
2.711672e+01 7.954136e-02 2.140419e-04
2.711672e+01 8.588885e-02 1.904929e-04
2.711672e+01 9.274286e-02 1.650647e-04
2.711672e+01 1.001438e-01 1.376073e-04
2.711672e+01 1.081354e-01 1.219930e-04
2.711672e+01 1.167647e-01 1.118285e-04
2.711672e+01 1.260827e-01 1.008529e-04
2.711672e+01 1.361442e-01 8.900136e-05
2.711672e+01 1.470087e-01 7.747124e-05
2.711672e+01 1.587401e-01 7.041888e-05
2.711672e+01 1.714077e-01 6.280374e-05
2.711672e+01 1.850862e-01 5.458090e-05
2.711672e+01 1.998563e-01 4.570187e-05
2.711672e+01 2.158051e-01 4.099588e-05
2.711672e+01 2.330265e-01 3.688942e-05
2.711672e+01 2.516223e-01 3.245526e-05
2.711672e+01 2.717020e-01 2.766724e-05
2.711672e+01 2.933841e-01 2.387925e-05
2.711672e+01 3.167964e-01 2.154555e-05
2.711672e+01 3.420771e-01 1.902562e-05
2.711672e+01 3.693752e-01 1.630459e-05
2.711672e+01 3.988518e-01 1.349206e-05
2.711672e+01 4.306805e-01 1.221751e-05
2.711672e+01 4.650493e-01 1.084125e-05
2.711672e+01 5.021607e-01 9.355163e-06
2.711672e+01 5.422336e-01 7.750482e-06
2.711672e+01 5.855044e-01 6.726580e-06
2.711672e+01 6.322283e-01 5.951293e-06
2.711672e+01 6.826808e-01 5.114136e-06
2.711672e+01 7.371594e-01 4.210173e-06
2.711672e+01 7.959855e-01 3.420732e-06
2.711672e+01 8.595059e-01 3.007514e-06
2.711672e+01 9.280954e-01 2.561321e-06
2.711672e+01 1.002158e+00 2.079521e-06
2.711672e+01 1.082132e+00 1.559273e-06
2.711672e+01 1.168487e+00 1.338495e-06
2.711672e+01 1.261733e+00 1.129139e-06
2.711672e+01 1.362421e+00 9.030776e-07
2.711672e+01 1.471144e+00 6.589757e-07
2.711672e+01 1.588542e+00 4.973315e-07
2.711672e+01 1.715310e+00 4.120381e-07
2.711672e+01 1.852193e+00 3.199381e-07
2.711672e+01 2.000000e+00 2.204885e-07
2.767905e+01 1.000000e-03 1.713640e-04
2.767905e+01 1.079801e-03 1.839690e-04
2.767905e+01 1.165970e-03 1.974045e-04
2.767905e+01 1.259016e-03 2.117034e-04
2.767905e+01 1.359487e-03 2.268945e-04
2.767905e+01 1.467975e-03 2.430031e-04
2.767905e+01 1.585121e-03 2.600487e-04
2.767905e+01 1.711615e-03 2.780429e-04
2.767905e+01 1.848204e-03 2.969909e-04
2.767905e+01 1.995693e-03 3.168887e-04
2.767905e+01 2.154951e-03 3.377219e-04
2.767905e+01 2.326918e-03 3.594660e-04
2.767905e+01 2.512609e-03 3.820856e-04
2.767905e+01 2.713117e-03 4.055341e-04
2.767905e+01 2.929627e-03 4.297518e-04
2.767905e+01 3.163414e-03 4.546632e-04
2.767905e+01 3.415858e-03 4.801769e-04
2.767905e+01 3.688447e-03 5.061844e-04
2.767905e+01 3.982789e-03 5.325484e-04
2.767905e+01 4.300619e-03 5.591008e-04
2.767905e+01 4.643813e-03 5.856511e-04
2.767905e+01 5.014394e-03 6.119737e-04
2.767905e+01 5.414548e-03 6.378088e-04
2.767905e+01 5.846635e-03 6.628722e-04
2.767905e+01 6.313202e-03 6.868372e-04
2.767905e+01 6.817002e-03 7.093379e-04
2.767905e+01 7.361006e-03 7.299903e-04
2.767905e+01 7.948422e-03 7.483625e-04
2.767905e+01 8.582714e-03 7.639863e-04
2.767905e+01 9.267624e-03 7.763955e-04
2.767905e+01 1.000719e-02 7.850959e-04
2.767905e+01 1.080577e-02 7.895868e-04
2.767905e+01 1.166809e-02 7.894203e-04
2.767905e+01 1.259921e-02 7.841986e-04
2.767905e+01 1.360464e-02 7.736030e-04
2.767905e+01 1.469030e-02 7.574461e-04
2.767905e+01 1.586261e-02 7.357669e-04
2.767905e+01 1.712846e-02 7.088194e-04
2.767905e+01 1.849533e-02 6.770264e-04
2.767905e+01 1.997127e-02 6.413050e-04
2.767905e+01 2.156500e-02 6.028841e-04
2.767905e+01 2.328591e-02 5.629501e-04
2.767905e+01 2.514415e-02 5.231322e-04
2.767905e+01 2.715068e-02 4.851689e-04
2.767905e+01 2.931733e-02 4.503657e-04
2.767905e+01 3.165689e-02 4.196797e-04
2.767905e+01 3.418314e-02 3.936867e-04
2.767905e+01 3.691099e-02 3.719854e-04
2.767905e+01 3.985652e-02 3.532621e-04
2.767905e+01 4.303711e-02 3.353121e-04
2.767905e+01 4.647152e-02 3.154589e-04
2.767905e+01 5.017999e-02 2.914271e-04
2.767905e+01 5.418441e-02 2.696032e-04
2.767905e+01 5.850838e-02 2.573741e-04
2.767905e+01 6.317741e-02 2.441691e-04
2.767905e+01 6.821903e-02 2.299103e-04
2.767905e+01 7.366298e-02 2.142338e-04
2.767905e+01 7.954136e-02 1.944493e-04
2.767905e+01 8.588885e-02 1.730860e-04
2.767905e+01 9.274286e-02 1.500179e-04
2.767905e+01 1.001438e-01 1.251090e-04
2.767905e+01 1.081354e-01 1.109402e-04
2.767905e+01 1.167647e-01 1.017134e-04
2.767905e+01 1.260827e-01 9.175019e-05
2.767905e+01 1.361442e-01 8.099195e-05
2.767905e+01 1.470087e-01 7.053065e-05
2.767905e+01 1.587401e-01 6.415657e-05
2.767905e+01 1.714077e-01 5.727384e-05
2.767905e+01 1.850862e-01 4.984185e-05
2.767905e+01 1.998563e-01 4.181679e-05
2.767905e+01 2.158051e-01 3.754506e-05
2.767905e+01 2.330265e-01 3.381006e-05
2.767905e+01 2.516223e-01 2.977701e-05
2.767905e+01 2.717020e-01 2.542211e-05
2.767905e+01 2.933841e-01 2.197114e-05
2.767905e+01 3.167964e-01 1.983530e-05
2.767905e+01 3.420771e-01 1.752902e-05
2.767905e+01 3.693752e-01 1.503869e-05
2.767905e+01 3.988518e-01 1.246433e-05
2.767905e+01 4.306805e-01 1.129339e-05
2.767905e+01 4.650493e-01 1.002901e-05
2.767905e+01 5.021607e-01 8.663726e-06
2.767905e+01 5.422336e-01 7.189494e-06
2.767905e+01 5.855044e-01 6.246606e-06
2.767905e+01 6.322283e-01 5.530909e-06
2.767905e+01 6.826808e-01 4.758099e-06
2.767905e+01 7.371594e-01 3.923617e-06
2.767905e+01 7.959855e-01 3.194674e-06
2.767905e+01 8.595059e-01 2.812599e-06
2.767905e+01 9.280954e-01 2.400033e-06
2.767905e+01 1.002158e+00 1.954544e-06
2.767905e+01 1.082132e+00 1.473504e-06
2.767905e+01 1.168487e+00 1.267712e-06
2.767905e+01 1.261733e+00 1.072209e-06
2.767905e+01 1.362421e+00 8.611052e-07
2.767905e+01 1.471144e+00 6.331551e-07
2.767905e+01 1.588542e+00 4.813776e-07
2.767905e+01 1.715310e+00 4.001070e-07
2.767905e+01 1.852193e+00 3.123509e-07
2.767905e+01 2.000000e+00 2.175917e-07
2.825263e+01 1.000000e-03 1.542004e-04
2.825263e+01 1.079801e-03 1.655469e-04
2.825263e+01 1.165970e-03 1.776418e-04
2.825263e+01 1.259016e-03 1.905148e-04
2.825263e+01 1.359487e-03 2.041922e-04
2.825263e+01 1.467975e-03 2.186969e-04
2.825263e+01 1.585121e-03 2.340464e-04
2.825263e+01 1.711615e-03 2.502516e-04
2.825263e+01 1.848204e-03 2.673170e-04
2.825263e+01 1.995693e-03 2.852390e-04
2.825263e+01 2.154951e-03 3.040046e-04
2.825263e+01 2.326918e-03 3.235913e-04
2.825263e+01 2.512609e-03 3.439671e-04
2.825263e+01 2.713117e-03 3.650896e-04
2.825263e+01 2.929627e-03 3.869042e-04
2.825263e+01 3.163414e-03 4.093429e-04
2.825263e+01 3.415858e-03 4.323231e-04
2.825263e+01 3.688447e-03 4.557474e-04
2.825263e+01 3.982789e-03 4.794919e-04
2.825263e+01 4.300619e-03 5.034058e-04
2.825263e+01 4.643813e-03 5.273181e-04
2.825263e+01 5.014394e-03 5.510256e-04
2.825263e+01 5.414548e-03 5.742939e-04
2.825263e+01 5.846635e-03 5.968669e-04
2.825263e+01 6.313202e-03 6.184501e-04
2.825263e+01 6.817002e-03 6.387146e-04
2.825263e+01 7.361006e-03 6.573145e-04
2.825263e+01 7.948422e-03 6.738611e-04
2.825263e+01 8.582714e-03 6.879327e-04
2.825263e+01 9.267624e-03 6.991094e-04
2.825263e+01 1.000719e-02 7.069460e-04
2.825263e+01 1.080577e-02 7.109919e-04
2.825263e+01 1.166809e-02 7.108438e-04
2.825263e+01 1.259921e-02 7.061434e-04
2.825263e+01 1.360464e-02 6.966038e-04
2.825263e+01 1.469030e-02 6.820562e-04
2.825263e+01 1.586261e-02 6.625357e-04
2.825263e+01 1.712846e-02 6.382712e-04
2.825263e+01 1.849533e-02 6.096434e-04
2.825263e+01 1.997127e-02 5.774780e-04
2.825263e+01 2.156500e-02 5.428816e-04
2.825263e+01 2.328591e-02 5.069226e-04
2.825263e+01 2.514415e-02 4.710680e-04
2.825263e+01 2.715068e-02 4.368833e-04
2.825263e+01 2.931733e-02 4.055440e-04
2.825263e+01 3.165689e-02 3.779121e-04
2.825263e+01 3.418314e-02 3.545060e-04
2.825263e+01 3.691099e-02 3.349645e-04
2.825263e+01 3.985652e-02 3.181046e-04
2.825263e+01 4.303711e-02 3.019410e-04
2.825263e+01 4.647152e-02 2.840637e-04
2.825263e+01 5.017999e-02 2.624236e-04
2.825263e+01 5.418441e-02 2.427886e-04
2.825263e+01 5.850838e-02 2.318234e-04
2.825263e+01 6.317741e-02 2.199831e-04
2.825263e+01 6.821903e-02 2.071980e-04
2.825263e+01 7.366298e-02 1.931352e-04
2.825263e+01 7.954136e-02 1.753207e-04
2.825263e+01 8.588885e-02 1.560847e-04
2.825263e+01 9.274286e-02 1.353137e-04
2.825263e+01 1.001438e-01 1.128850e-04
2.825263e+01 1.081354e-01 1.001310e-04
2.825263e+01 1.167647e-01 9.182881e-05
2.825263e+01 1.260827e-01 8.286412e-05
2.825263e+01 1.361442e-01 7.318404e-05
2.825263e+01 1.470087e-01 6.377290e-05
2.825263e+01 1.587401e-01 5.804700e-05
2.825263e+01 1.714077e-01 5.186416e-05
2.825263e+01 1.850862e-01 4.518793e-05
2.825263e+01 1.998563e-01 3.797893e-05
2.825263e+01 2.158051e-01 3.412889e-05
2.825263e+01 2.330265e-01 3.075746e-05
2.825263e+01 2.516223e-01 2.711697e-05
2.825263e+01 2.717020e-01 2.318598e-05
2.825263e+01 2.933841e-01 2.006558e-05
2.825263e+01 3.167964e-01 1.812505e-05
2.825263e+01 3.420771e-01 1.602968e-05
2.825263e+01 3.693752e-01 1.376709e-05
2.825263e+01 3.988518e-01 1.142786e-05
2.825263e+01 4.306805e-01 1.035957e-05
2.825263e+01 4.650493e-01 9.206028e-06
2.825263e+01 5.021607e-01 7.960434e-06
2.825263e+01 5.422336e-01 6.615440e-06
2.825263e+01 5.855044e-01 5.754139e-06
2.825263e+01 6.322283e-01 5.099528e-06
2.825263e+01 6.826808e-01 4.392678e-06
2.825263e+01 7.371594e-01 3.629420e-06
2.825263e+01 7.959855e-01 2.962294e-06
2.825263e+01 8.595059e-01 2.611455e-06
2.825263e+01 9.280954e-01 2.232620e-06
2.825263e+01 1.002158e+00 1.823553e-06
2.825263e+01 1.082132e+00 1.381841e-06
2.825263e+01 1.168487e+00 1.191740e-06
2.825263e+01 1.261733e+00 1.010901e-06
2.825263e+01 1.362421e+00 8.156301e-07
2.825263e+01 1.471144e+00 6.047765e-07
2.825263e+01 1.588542e+00 4.635095e-07
2.825263e+01 1.715310e+00 3.866273e-07
2.825263e+01 1.852193e+00 3.036097e-07
2.825263e+01 2.000000e+00 2.139673e-07
2.883769e+01 1.000000e-03 1.375305e-04
2.883769e+01 1.079801e-03 1.476540e-04
2.883769e+01 1.165970e-03 1.584459e-04
2.883769e+01 1.259016e-03 1.699330e-04
2.883769e+01 1.359487e-03 1.821388e-04
2.883769e+01 1.467975e-03 1.950839e-04
2.883769e+01 1.585121e-03 2.087842e-04
2.883769e+01 1.711615e-03 2.232495e-04
2.883769e+01 1.848204e-03 2.384837e-04
2.883769e+01 1.995693e-03 2.544838e-04
2.883769e+01 2.154951e-03 2.712380e-04
2.883769e+01 2.326918e-03 2.887260e-04
2.883769e+01 2.512609e-03 3.069189e-04
2.883769e+01 2.713117e-03 3.257785e-04
2.883769e+01 2.929627e-03 3.452556e-04
2.883769e+01 3.163414e-03 3.652892e-04
2.883769e+01 3.415858e-03 3.858054e-04
2.883769e+01 3.688447e-03 4.067171e-04
2.883769e+01 3.982789e-03 4.279142e-04
2.883769e+01 4.300619e-03 4.492622e-04
2.883769e+01 4.643813e-03 4.706087e-04
2.883769e+01 5.014394e-03 4.917729e-04
2.883769e+01 5.414548e-03 5.125449e-04
2.883769e+01 5.846635e-03 5.326958e-04
2.883769e+01 6.313202e-03 5.519629e-04
2.883769e+01 6.817002e-03 5.700525e-04
2.883769e+01 7.361006e-03 5.866564e-04
2.883769e+01 7.948422e-03 6.014276e-04
2.883769e+01 8.582714e-03 6.139896e-04
2.883769e+01 9.267624e-03 6.239675e-04
2.883769e+01 1.000719e-02 6.309640e-04
2.883769e+01 1.080577e-02 6.345770e-04
2.883769e+01 1.166809e-02 6.344464e-04
2.883769e+01 1.259921e-02 6.302527e-04
2.883769e+01 1.360464e-02 6.217396e-04
2.883769e+01 1.469030e-02 6.087564e-04
2.883769e+01 1.586261e-02 5.913345e-04
2.883769e+01 1.712846e-02 5.696783e-04
2.883769e+01 1.849533e-02 5.441278e-04
2.883769e+01 1.997127e-02 5.154199e-04
2.883769e+01 2.156500e-02 4.845421e-04
2.883769e+01 2.328591e-02 4.524480e-04
2.883769e+01 2.514415e-02 4.204467e-04
2.883769e+01 2.715068e-02 3.899358e-04
2.883769e+01 2.931733e-02 3.619644e-04
2.883769e+01 3.165689e-02 3.373019e-04
2.883769e+01 3.418314e-02 3.164111e-04
2.883769e+01 3.691099e-02 2.989695e-04
2.883769e+01 3.985652e-02 2.839213e-04
2.883769e+01 4.303711e-02 2.694946e-04
2.883769e+01 4.647152e-02 2.535384e-04
2.883769e+01 5.017999e-02 2.342238e-04
2.883769e+01 5.418441e-02 2.167121e-04
2.883769e+01 5.850838e-02 2.069624e-04
2.883769e+01 6.317741e-02 1.964347e-04
2.883769e+01 6.821903e-02 1.850668e-04
2.883769e+01 7.366298e-02 1.725585e-04
2.883769e+01 7.954136e-02 1.566699e-04
2.883769e+01 8.588885e-02 1.395133e-04
2.883769e+01 9.274286e-02 1.209876e-04
2.883769e+01 1.001438e-01 1.009836e-04
2.883769e+01 1.081354e-01 8.960304e-05
2.883769e+01 1.167647e-01 8.219018e-05
2.883769e+01 1.260827e-01 7.418576e-05
2.883769e+01 1.361442e-01 6.554258e-05
2.883769e+01 1.470087e-01 5.714268e-05
2.883769e+01 1.587401e-01 5.204691e-05
2.883769e+01 1.714077e-01 4.654450e-05
2.883769e+01 1.850862e-01 4.060299e-05
2.883769e+01 1.998563e-01 3.418734e-05
2.883769e+01 2.158051e-01 3.074727e-05
2.883769e+01 2.330265e-01 2.772930e-05
2.883769e+01 2.516223e-01 2.447049e-05
2.883769e+01 2.717020e-01 2.095162e-05
2.883769e+01 2.933841e-01 1.815368e-05
2.883769e+01 3.167964e-01 1.640559e-05
2.883769e+01 3.420771e-01 1.451799e-05
2.883769e+01 3.693752e-01 1.247977e-05
2.883769e+01 3.988518e-01 1.037238e-05
2.883769e+01 4.306805e-01 9.408202e-06
2.883769e+01 4.650493e-01 8.367080e-06
2.883769e+01 5.021607e-01 7.242875e-06
2.883769e+01 5.422336e-01 6.028958e-06
2.883769e+01 5.855044e-01 5.250031e-06
2.883769e+01 6.322283e-01 4.656797e-06
2.883769e+01 6.826808e-01 4.016222e-06
2.883769e+01 7.371594e-01 3.324529e-06
2.883769e+01 7.959855e-01 2.719770e-06
2.883769e+01 8.595059e-01 2.401194e-06
2.883769e+01 9.280954e-01 2.057196e-06
2.883769e+01 1.002158e+00 1.685746e-06
2.883769e+01 1.082132e+00 1.284655e-06
2.883769e+01 1.168487e+00 1.110688e-06
2.883769e+01 1.261733e+00 9.449091e-07
2.883769e+01 1.362421e+00 7.659010e-07
2.883769e+01 1.471144e+00 5.726077e-07
2.883769e+01 1.588542e+00 4.423826e-07
2.883769e+01 1.715310e+00 3.704892e-07
2.883769e+01 1.852193e+00 2.928586e-07
2.883769e+01 2.000000e+00 2.090330e-07
2.943444e+01 1.000000e-03 1.212428e-04
2.943444e+01 1.079801e-03 1.301705e-04
2.943444e+01 1.165970e-03 1.396884e-04
2.943444e+01 1.259016e-03 1.498201e-04
2.943444e+01 1.359487e-03 1.605866e-04
2.943444e+01 1.467975e-03 1.720062e-04
2.943444e+01 1.585121e-03 1.840930e-04
2.943444e+01 1.711615e-03 1.968557e-04
2.943444e+01 1.848204e-03 2.102980e-04
2.943444e+01 1.995693e-03 2.244171e-04
2.943444e+01 2.154951e-03 2.392026e-04
2.943444e+01 2.326918e-03 2.546363e-04
2.943444e+01 2.512609e-03 2.706926e-04
2.943444e+01 2.713117e-03 2.873373e-04
2.943444e+01 2.929627e-03 3.045266e-04
2.943444e+01 3.163414e-03 3.222063e-04
2.943444e+01 3.415858e-03 3.403112e-04
2.943444e+01 3.688447e-03 3.587644e-04
2.943444e+01 3.982789e-03 3.774687e-04
2.943444e+01 4.300619e-03 3.963058e-04
2.943444e+01 4.643813e-03 4.151419e-04
2.943444e+01 5.014394e-03 4.338172e-04
2.943444e+01 5.414548e-03 4.521465e-04
2.943444e+01 5.846635e-03 4.699275e-04
2.943444e+01 6.313202e-03 4.869283e-04
2.943444e+01 6.817002e-03 5.028900e-04
2.943444e+01 7.361006e-03 5.175408e-04
2.943444e+01 7.948422e-03 5.305748e-04
2.943444e+01 8.582714e-03 5.416596e-04
2.943444e+01 9.267624e-03 5.504644e-04
2.943444e+01 1.000719e-02 5.566387e-04
2.943444e+01 1.080577e-02 5.598278e-04
2.943444e+01 1.166809e-02 5.597142e-04
2.943444e+01 1.259921e-02 5.560159e-04
2.943444e+01 1.360464e-02 5.485066e-04
2.943444e+01 1.469030e-02 5.370534e-04
2.943444e+01 1.586261e-02 5.216840e-04
2.943444e+01 1.712846e-02 5.025791e-04
2.943444e+01 1.849533e-02 4.800387e-04
2.943444e+01 1.997127e-02 4.547130e-04
2.943444e+01 2.156500e-02 4.274730e-04
2.943444e+01 2.328591e-02 3.991594e-04
2.943444e+01 2.514415e-02 3.709276e-04
2.943444e+01 2.715068e-02 3.440104e-04
2.943444e+01 2.931733e-02 3.193335e-04
2.943444e+01 3.165689e-02 2.975758e-04
2.943444e+01 3.418314e-02 2.791455e-04
2.943444e+01 3.691099e-02 2.637581e-04
2.943444e+01 3.985652e-02 2.504822e-04
2.943444e+01 4.303711e-02 2.377546e-04
2.943444e+01 4.647152e-02 2.236777e-04
2.943444e+01 5.017999e-02 2.066379e-04
2.943444e+01 5.418441e-02 1.912083e-04
2.943444e+01 5.850838e-02 1.826614e-04
2.943444e+01 6.317741e-02 1.734324e-04
2.943444e+01 6.821903e-02 1.634670e-04
2.943444e+01 7.366298e-02 1.524940e-04
2.943444e+01 7.954136e-02 1.384776e-04
2.943444e+01 8.588885e-02 1.233427e-04
2.943444e+01 9.274286e-02 1.070001e-04
2.943444e+01 1.001438e-01 8.935324e-05
2.943444e+01 1.081354e-01 7.930882e-05
2.943444e+01 1.167647e-01 7.276183e-05
2.943444e+01 1.260827e-01 6.569237e-05
2.943444e+01 1.361442e-01 5.805877e-05
2.943444e+01 1.470087e-01 5.064275e-05
2.943444e+01 1.587401e-01 4.615672e-05
2.943444e+01 1.714077e-01 4.131269e-05
2.943444e+01 1.850862e-01 3.608211e-05
2.943444e+01 1.998563e-01 3.043412e-05
2.943444e+01 2.158051e-01 2.739327e-05
2.943444e+01 2.330265e-01 2.472055e-05
2.943444e+01 2.516223e-01 2.183455e-05
2.943444e+01 2.717020e-01 1.871824e-05
2.943444e+01 2.933841e-01 1.623659e-05
2.943444e+01 3.167964e-01 1.467957e-05
2.943444e+01 3.420771e-01 1.299831e-05
2.943444e+01 3.693752e-01 1.118287e-05
2.943444e+01 3.988518e-01 9.305728e-06
2.943444e+01 4.306805e-01 8.445300e-06
2.943444e+01 4.650493e-01 7.516209e-06
2.943444e+01 5.021607e-01 6.512976e-06
2.943444e+01 5.422336e-01 5.429684e-06
2.943444e+01 5.855044e-01 4.733509e-06
2.943444e+01 6.322283e-01 4.202463e-06
2.943444e+01 6.826808e-01 3.629039e-06
2.943444e+01 7.371594e-01 3.009856e-06
2.943444e+01 7.959855e-01 2.468316e-06
2.943444e+01 8.595059e-01 2.182527e-06
2.943444e+01 9.280954e-01 1.873933e-06
2.943444e+01 1.002158e+00 1.540712e-06
2.943444e+01 1.082132e+00 1.180900e-06
2.943444e+01 1.168487e+00 1.023730e-06
2.943444e+01 1.261733e+00 8.737213e-07
2.943444e+01 1.362421e+00 7.117422e-07
2.943444e+01 1.471144e+00 5.368370e-07
2.943444e+01 1.588542e+00 4.183007e-07
2.943444e+01 1.715310e+00 3.518787e-07
2.943444e+01 1.852193e+00 2.801562e-07
2.943444e+01 2.000000e+00 2.027101e-07
3.004313e+01 1.000000e-03 1.054045e-04
3.004313e+01 1.079801e-03 1.131687e-04
3.004313e+01 1.165970e-03 1.214467e-04
3.004313e+01 1.259016e-03 1.302593e-04
3.004313e+01 1.359487e-03 1.396247e-04
3.004313e+01 1.467975e-03 1.495591e-04
3.004313e+01 1.585121e-03 1.600749e-04
3.004313e+01 1.711615e-03 1.711796e-04
3.004313e+01 1.848204e-03 1.828767e-04
3.004313e+01 1.995693e-03 1.951637e-04
3.004313e+01 2.154951e-03 2.080314e-04
3.004313e+01 2.326918e-03 2.214639e-04
3.004313e+01 2.512609e-03 2.354387e-04
3.004313e+01 2.713117e-03 2.499257e-04
3.004313e+01 2.929627e-03 2.648864e-04
3.004313e+01 3.163414e-03 2.802733e-04
3.004313e+01 3.415858e-03 2.960297e-04
3.004313e+01 3.688447e-03 3.120884e-04
3.004313e+01 3.982789e-03 3.283650e-04
3.004313e+01 4.300619e-03 3.447569e-04
3.004313e+01 4.643813e-03 3.611480e-04
3.004313e+01 5.014394e-03 3.773994e-04
3.004313e+01 5.414548e-03 3.933498e-04
3.004313e+01 5.846635e-03 4.088227e-04
3.004313e+01 6.313202e-03 4.236164e-04
3.004313e+01 6.817002e-03 4.375059e-04
3.004313e+01 7.361006e-03 4.502548e-04
3.004313e+01 7.948422e-03 4.615969e-04
3.004313e+01 8.582714e-03 4.712431e-04
3.004313e+01 9.267624e-03 4.789054e-04
3.004313e+01 1.000719e-02 4.842789e-04
3.004313e+01 1.080577e-02 4.870550e-04
3.004313e+01 1.166809e-02 4.869576e-04
3.004313e+01 1.259921e-02 4.837413e-04
3.004313e+01 1.360464e-02 4.772091e-04
3.004313e+01 1.469030e-02 4.672452e-04
3.004313e+01 1.586261e-02 4.538737e-04
3.004313e+01 1.712846e-02 4.372524e-04
3.004313e+01 1.849533e-02 4.176426e-04
3.004313e+01 1.997127e-02 3.956097e-04
3.004313e+01 2.156500e-02 3.719113e-04
3.004313e+01 2.328591e-02 3.472785e-04
3.004313e+01 2.514415e-02 3.227164e-04
3.004313e+01 2.715068e-02 2.992979e-04
3.004313e+01 2.931733e-02 2.778286e-04
3.004313e+01 3.165689e-02 2.588989e-04
3.004313e+01 3.418314e-02 2.428641e-04
3.004313e+01 3.691099e-02 2.294766e-04
3.004313e+01 3.985652e-02 2.179262e-04
3.004313e+01 4.303711e-02 2.068529e-04
3.004313e+01 4.647152e-02 1.946056e-04
3.004313e+01 5.017999e-02 1.797806e-04
3.004313e+01 5.418441e-02 1.663726e-04
3.004313e+01 5.850838e-02 1.589814e-04
3.004313e+01 6.317741e-02 1.510004e-04
3.004313e+01 6.821903e-02 1.423825e-04
3.004313e+01 7.366298e-02 1.328870e-04
3.004313e+01 7.954136e-02 1.206943e-04
3.004313e+01 8.588885e-02 1.075287e-04
3.004313e+01 9.274286e-02 9.331240e-05
3.004313e+01 1.001438e-01 7.796164e-05
3.004313e+01 1.081354e-01 6.921997e-05
3.004313e+01 1.167647e-01 6.351838e-05
3.004313e+01 1.260827e-01 5.736179e-05
3.004313e+01 1.361442e-01 5.071390e-05
3.004313e+01 1.470087e-01 4.425781e-05
3.004313e+01 1.587401e-01 4.036338e-05
3.004313e+01 1.714077e-01 3.615817e-05
3.004313e+01 1.850862e-01 3.161739e-05
3.004313e+01 1.998563e-01 2.671424e-05
3.004313e+01 2.158051e-01 2.406393e-05
3.004313e+01 2.330265e-01 2.173026e-05
3.004313e+01 2.516223e-01 1.921036e-05
3.004313e+01 2.717020e-01 1.648937e-05
3.004313e+01 2.933841e-01 1.431867e-05
3.004313e+01 3.167964e-01 1.295011e-05
3.004313e+01 3.420771e-01 1.147234e-05
3.004313e+01 3.693752e-01 9.876632e-06
3.004313e+01 3.988518e-01 8.226670e-06
3.004313e+01 4.306805e-01 7.470135e-06
3.004313e+01 4.650493e-01 6.653228e-06
3.004313e+01 5.021607e-01 5.771131e-06
3.004313e+01 5.422336e-01 4.818641e-06
3.004313e+01 5.855044e-01 4.205403e-06
3.004313e+01 6.322283e-01 3.736744e-06
3.004313e+01 6.826808e-01 3.230686e-06
3.004313e+01 7.371594e-01 2.684243e-06
3.004313e+01 7.959855e-01 2.206281e-06
3.004313e+01 8.595059e-01 1.953925e-06
3.004313e+01 9.280954e-01 1.681432e-06
3.004313e+01 1.002158e+00 1.387192e-06
3.004313e+01 1.082132e+00 1.069473e-06
3.004313e+01 1.168487e+00 9.296897e-07
3.004313e+01 1.261733e+00 7.960660e-07
3.004313e+01 1.362421e+00 6.517790e-07
3.004313e+01 1.471144e+00 4.959778e-07
3.004313e+01 1.588542e+00 3.898395e-07
3.004313e+01 1.715310e+00 3.295989e-07
3.004313e+01 1.852193e+00 2.645510e-07
3.004313e+01 2.000000e+00 1.943123e-07
3.066399e+01 1.000000e-03 8.998494e-05
3.066399e+01 1.079801e-03 9.661566e-05
3.066399e+01 1.165970e-03 1.036857e-04
3.066399e+01 1.259016e-03 1.112129e-04
3.066399e+01 1.359487e-03 1.192129e-04
3.066399e+01 1.467975e-03 1.276997e-04
3.066399e+01 1.585121e-03 1.366839e-04
3.066399e+01 1.711615e-03 1.461721e-04
3.066399e+01 1.848204e-03 1.561674e-04
3.066399e+01 1.995693e-03 1.666675e-04
3.066399e+01 2.154951e-03 1.776647e-04
3.066399e+01 2.326918e-03 1.891452e-04
3.066399e+01 2.512609e-03 2.010896e-04
3.066399e+01 2.713117e-03 2.134718e-04
3.066399e+01 2.929627e-03 2.262587e-04
3.066399e+01 3.163414e-03 2.394095e-04
3.066399e+01 3.415858e-03 2.528755e-04
3.066399e+01 3.688447e-03 2.665992e-04
3.066399e+01 3.982789e-03 2.805085e-04
3.066399e+01 4.300619e-03 2.945161e-04
3.066399e+01 4.643813e-03 3.085230e-04
3.066399e+01 5.014394e-03 3.224108e-04
3.066399e+01 5.414548e-03 3.360413e-04
3.066399e+01 5.846635e-03 3.492637e-04
3.066399e+01 6.313202e-03 3.619054e-04
3.066399e+01 6.817002e-03 3.737743e-04
3.066399e+01 7.361006e-03 3.846687e-04
3.066399e+01 7.948422e-03 3.943611e-04
3.066399e+01 8.582714e-03 4.026044e-04
3.066399e+01 9.267624e-03 4.091526e-04
3.066399e+01 1.000719e-02 4.137450e-04
3.066399e+01 1.080577e-02 4.161181e-04
3.066399e+01 1.166809e-02 4.160363e-04
3.066399e+01 1.259921e-02 4.132895e-04
3.066399e+01 1.360464e-02 4.077095e-04
3.066399e+01 1.469030e-02 3.991971e-04
3.066399e+01 1.586261e-02 3.877731e-04
3.066399e+01 1.712846e-02 3.735726e-04
3.066399e+01 1.849533e-02 3.568193e-04
3.066399e+01 1.997127e-02 3.379961e-04
3.066399e+01 2.156500e-02 3.177499e-04
3.066399e+01 2.328591e-02 2.967050e-04
3.066399e+01 2.514415e-02 2.757201e-04
3.066399e+01 2.715068e-02 2.557121e-04
3.066399e+01 2.931733e-02 2.373694e-04
3.066399e+01 3.165689e-02 2.211965e-04
3.066399e+01 3.418314e-02 2.074968e-04
3.066399e+01 3.691099e-02 1.960589e-04
3.066399e+01 3.985652e-02 1.861905e-04
3.066399e+01 4.303711e-02 1.767298e-04
3.066399e+01 4.647152e-02 1.662660e-04
3.066399e+01 5.017999e-02 1.535999e-04
3.066399e+01 5.418441e-02 1.421583e-04
3.066399e+01 5.850838e-02 1.358820e-04
3.066399e+01 6.317741e-02 1.291048e-04
3.066399e+01 6.821903e-02 1.217869e-04
3.066399e+01 7.366298e-02 1.137181e-04
3.066399e+01 7.954136e-02 1.033021e-04
3.066399e+01 8.588885e-02 9.205490e-05
3.066399e+01 9.274286e-02 7.991017e-05
3.066399e+01 1.001438e-01 6.679629e-05
3.066399e+01 1.081354e-01 5.932650e-05
3.066399e+01 1.167647e-01 5.445272e-05
3.066399e+01 1.260827e-01 4.918999e-05
3.066399e+01 1.361442e-01 4.350730e-05
3.066399e+01 1.470087e-01 3.799016e-05
3.066399e+01 1.587401e-01 3.466971e-05
3.066399e+01 1.714077e-01 3.108428e-05
3.066399e+01 1.850862e-01 2.721273e-05
3.066399e+01 1.998563e-01 2.303223e-05
3.066399e+01 2.158051e-01 2.076238e-05
3.066399e+01 2.330265e-01 1.875967e-05
3.066399e+01 2.516223e-01 1.659714e-05
3.066399e+01 2.717020e-01 1.426204e-05
3.066399e+01 2.933841e-01 1.239620e-05
3.066399e+01 3.167964e-01 1.121471e-05
3.066399e+01 3.420771e-01 9.938940e-06
3.066399e+01 3.693752e-01 8.561358e-06
3.066399e+01 3.988518e-01 7.136951e-06
3.066399e+01 4.306805e-01 6.484061e-06
3.066399e+01 4.650493e-01 5.779069e-06
3.066399e+01 5.021607e-01 5.017818e-06
3.066399e+01 5.422336e-01 4.195819e-06
3.066399e+01 5.855044e-01 3.665833e-06
3.066399e+01 6.322283e-01 3.260203e-06
3.066399e+01 6.826808e-01 2.822203e-06
3.066399e+01 7.371594e-01 2.349250e-06
3.066399e+01 7.959855e-01 1.935518e-06
3.066399e+01 8.595059e-01 1.716932e-06
3.066399e+01 9.280954e-01 1.480903e-06
3.066399e+01 1.002158e+00 1.226038e-06
3.066399e+01 1.082132e+00 9.508344e-07
3.066399e+01 1.168487e+00 8.290114e-07
3.066399e+01 1.261733e+00 7.124006e-07
3.066399e+01 1.362421e+00 5.864842e-07
3.066399e+01 1.471144e+00 4.505196e-07
3.066399e+01 1.588542e+00 3.573871e-07
3.066399e+01 1.715310e+00 3.038235e-07
3.066399e+01 1.852193e+00 2.459855e-07
3.066399e+01 2.000000e+00 1.835320e-07
3.129727e+01 1.000000e-03 7.498272e-05
3.129727e+01 1.079801e-03 8.050994e-05
3.129727e+01 1.165970e-03 8.640376e-05
3.129727e+01 1.259016e-03 9.267917e-05
3.129727e+01 1.359487e-03 9.934931e-05
3.129727e+01 1.467975e-03 1.064259e-04
3.129727e+01 1.585121e-03 1.139180e-04
3.129727e+01 1.711615e-03 1.218312e-04
3.129727e+01 1.848204e-03 1.301679e-04
3.129727e+01 1.995693e-03 1.389264e-04
3.129727e+01 2.154951e-03 1.481002e-04
3.129727e+01 2.326918e-03 1.576778e-04
3.129727e+01 2.512609e-03 1.676426e-04
3.129727e+01 2.713117e-03 1.779729e-04
3.129727e+01 2.929627e-03 1.886407e-04
3.129727e+01 3.163414e-03 1.996117e-04
3.129727e+01 3.415858e-03 2.108452e-04
3.129727e+01 3.688447e-03 2.222931e-04
3.129727e+01 3.982789e-03 2.338953e-04
3.129727e+01 4.300619e-03 2.455793e-04
3.129727e+01 4.643813e-03 2.572628e-04
3.129727e+01 5.014394e-03 2.688470e-04
3.129727e+01 5.414548e-03 2.802166e-04
3.129727e+01 5.846635e-03 2.912456e-04
3.129727e+01 6.313202e-03 3.017901e-04
3.129727e+01 6.817002e-03 3.116900e-04
3.129727e+01 7.361006e-03 3.207771e-04
3.129727e+01 7.948422e-03 3.288617e-04
3.129727e+01 8.582714e-03 3.357378e-04
3.129727e+01 9.267624e-03 3.412000e-04
3.129727e+01 1.000719e-02 3.450311e-04
3.129727e+01 1.080577e-02 3.470113e-04
3.129727e+01 1.166809e-02 3.469442e-04
3.129727e+01 1.259921e-02 3.446547e-04
3.129727e+01 1.360464e-02 3.400020e-04
3.129727e+01 1.469030e-02 3.329036e-04
3.129727e+01 1.586261e-02 3.233768e-04
3.129727e+01 1.712846e-02 3.115346e-04
3.129727e+01 1.849533e-02 2.975640e-04
3.129727e+01 1.997127e-02 2.818676e-04
3.129727e+01 2.156500e-02 2.649843e-04
3.129727e+01 2.328591e-02 2.474346e-04
3.129727e+01 2.514415e-02 2.299347e-04
3.129727e+01 2.715068e-02 2.132494e-04
3.129727e+01 2.931733e-02 1.979527e-04
3.129727e+01 3.165689e-02 1.844654e-04
3.129727e+01 3.418314e-02 1.730407e-04
3.129727e+01 3.691099e-02 1.635022e-04
3.129727e+01 3.985652e-02 1.552725e-04
3.129727e+01 4.303711e-02 1.473827e-04
3.129727e+01 4.647152e-02 1.386566e-04
3.129727e+01 5.017999e-02 1.280938e-04
3.129727e+01 5.418441e-02 1.185646e-04
3.129727e+01 5.850838e-02 1.133652e-04
3.129727e+01 6.317741e-02 1.077509e-04
3.129727e+01 6.821903e-02 1.016885e-04
3.129727e+01 7.366298e-02 9.499925e-05
3.129727e+01 7.954136e-02 8.631506e-05
3.129727e+01 8.588885e-02 7.693785e-05
3.129727e+01 9.274286e-02 6.681233e-05
3.129727e+01 1.001438e-01 5.587879e-05
3.129727e+01 1.081354e-01 4.964777e-05
3.129727e+01 1.167647e-01 4.557937e-05
3.129727e+01 1.260827e-01 4.118630e-05
3.129727e+01 1.361442e-01 3.644266e-05
3.129727e+01 1.470087e-01 3.183824e-05
3.129727e+01 1.587401e-01 2.907196e-05
3.129727e+01 1.714077e-01 2.608493e-05
3.129727e+01 1.850862e-01 2.285953e-05
3.129727e+01 1.998563e-01 1.937674e-05
3.129727e+01 2.158051e-01 1.747879e-05
3.129727e+01 2.330265e-01 1.580147e-05
3.129727e+01 2.516223e-01 1.399030e-05
3.129727e+01 2.717020e-01 1.203459e-05
3.129727e+01 2.933841e-01 1.046956e-05
3.129727e+01 3.167964e-01 9.474517e-06
3.129727e+01 3.420771e-01 8.400065e-06
3.129727e+01 3.693752e-01 7.239871e-06
3.129727e+01 3.988518e-01 6.040240e-06
3.129727e+01 4.306805e-01 5.490364e-06
3.129727e+01 4.650493e-01 4.896607e-06
3.129727e+01 5.021607e-01 4.255468e-06
3.129727e+01 5.422336e-01 3.563166e-06
3.129727e+01 5.855044e-01 3.116197e-06
3.129727e+01 6.322283e-01 2.773631e-06
3.129727e+01 6.826808e-01 2.403728e-06
3.129727e+01 7.371594e-01 2.004307e-06
3.129727e+01 7.959855e-01 1.654951e-06
3.129727e+01 8.595059e-01 1.470524e-06
3.129727e+01 9.280954e-01 1.271379e-06
3.129727e+01 1.002158e+00 1.056343e-06
3.129727e+01 1.082132e+00 8.241461e-07
3.129727e+01 1.168487e+00 7.208022e-07
3.129727e+01 1.261733e+00 6.217640e-07
3.129727e+01 1.362421e+00 5.148224e-07
3.129727e+01 1.471144e+00 3.993467e-07
3.129727e+01 1.588542e+00 3.198455e-07
3.129727e+01 1.715310e+00 2.735653e-07
3.129727e+01 1.852193e+00 2.235918e-07
3.129727e+01 2.000000e+00 1.696305e-07
3.194322e+01 1.000000e-03 6.036106e-05
3.194322e+01 1.079801e-03 6.481205e-05
3.194322e+01 1.165970e-03 6.955860e-05
3.194322e+01 1.259016e-03 7.461284e-05
3.194322e+01 1.359487e-03 7.998546e-05
3.194322e+01 1.467975e-03 8.568600e-05
3.194322e+01 1.585121e-03 9.172175e-05
3.194322e+01 1.711615e-03 9.809731e-05
3.194322e+01 1.848204e-03 1.048147e-04
3.194322e+01 1.995693e-03 1.118727e-04
3.194322e+01 2.154951e-03 1.192658e-04
3.194322e+01 2.326918e-03 1.269848e-04
3.194322e+01 2.512609e-03 1.350163e-04
3.194322e+01 2.713117e-03 1.433424e-04
3.194322e+01 2.929627e-03 1.519405e-04
3.194322e+01 3.163414e-03 1.607827e-04
3.194322e+01 3.415858e-03 1.698361e-04
3.194322e+01 3.688447e-03 1.790618e-04
3.194322e+01 3.982789e-03 1.884115e-04
3.194322e+01 4.300619e-03 1.978267e-04
3.194322e+01 4.643813e-03 2.072416e-04
3.194322e+01 5.014394e-03 2.165766e-04
3.194322e+01 5.414548e-03 2.257387e-04
3.194322e+01 5.846635e-03 2.346262e-04
3.194322e+01 6.313202e-03 2.431232e-04
3.194322e+01 6.817002e-03 2.511007e-04
3.194322e+01 7.361006e-03 2.584232e-04
3.194322e+01 7.948422e-03 2.649381e-04
3.194322e+01 8.582714e-03 2.704792e-04
3.194322e+01 9.267624e-03 2.748810e-04
3.194322e+01 1.000719e-02 2.779686e-04
3.194322e+01 1.080577e-02 2.795650e-04
3.194322e+01 1.166809e-02 2.795119e-04
3.194322e+01 1.259921e-02 2.776682e-04
3.194322e+01 1.360464e-02 2.739205e-04
3.194322e+01 1.469030e-02 2.682019e-04
3.194322e+01 1.586261e-02 2.605268e-04
3.194322e+01 1.712846e-02 2.509864e-04
3.194322e+01 1.849533e-02 2.397315e-04
3.194322e+01 1.997127e-02 2.270863e-04
3.194322e+01 2.156500e-02 2.134850e-04
3.194322e+01 2.328591e-02 1.993465e-04
3.194322e+01 2.514415e-02 1.852479e-04
3.194322e+01 2.715068e-02 1.718053e-04
3.194322e+01 2.931733e-02 1.594816e-04
3.194322e+01 3.165689e-02 1.486156e-04
3.194322e+01 3.418314e-02 1.394112e-04
3.194322e+01 3.691099e-02 1.317265e-04
3.194322e+01 3.985652e-02 1.250962e-04
3.194322e+01 4.303711e-02 1.187397e-04
3.194322e+01 4.647152e-02 1.117094e-04
3.194322e+01 5.017999e-02 1.031995e-04
3.194322e+01 5.418441e-02 9.553415e-05
3.194322e+01 5.850838e-02 9.137823e-05
3.194322e+01 6.317741e-02 8.689067e-05
3.194322e+01 6.821903e-02 8.204500e-05
3.194322e+01 7.366298e-02 7.669319e-05
3.194322e+01 7.954136e-02 6.969467e-05
3.194322e+01 8.588885e-02 6.213765e-05
3.194322e+01 9.274286e-02 5.397759e-05
3.194322e+01 1.001438e-01 4.516633e-05
3.194322e+01 1.081354e-01 4.014325e-05
3.194322e+01 1.167647e-01 3.686212e-05
3.194322e+01 1.260827e-01 3.331916e-05
3.194322e+01 1.361442e-01 2.949346e-05
3.194322e+01 1.470087e-01 2.578092e-05
3.194322e+01 1.587401e-01 2.355459e-05
3.194322e+01 1.714077e-01 2.115060e-05
3.194322e+01 1.850862e-01 1.855476e-05
3.194322e+01 1.998563e-01 1.575178e-05
3.194322e+01 2.158051e-01 1.421769e-05
3.194322e+01 2.330265e-01 1.285931e-05
3.194322e+01 2.516223e-01 1.139253e-05
3.194322e+01 2.717020e-01 9.808696e-06
3.194322e+01 2.933841e-01 8.539573e-06
3.194322e+01 3.167964e-01 7.729782e-06
3.194322e+01 3.420771e-01 6.855370e-06
3.194322e+01 3.693752e-01 5.911178e-06
3.194322e+01 3.988518e-01 4.934919e-06
3.194322e+01 4.306805e-01 4.487824e-06
3.194322e+01 4.650493e-01 4.005050e-06
3.194322e+01 5.021607e-01 3.483750e-06
3.194322e+01 5.422336e-01 2.920851e-06
3.194322e+01 5.855044e-01 2.557107e-06
3.194322e+01 6.322283e-01 2.278079e-06
3.194322e+01 6.826808e-01 1.976784e-06
3.194322e+01 7.371594e-01 1.651445e-06
3.194322e+01 7.959855e-01 1.366845e-06
3.194322e+01 8.595059e-01 1.216487e-06
3.194322e+01 9.280954e-01 1.054129e-06
3.194322e+01 1.002158e+00 8.788161e-07
3.194322e+01 1.082132e+00 6.895126e-07
3.194322e+01 1.168487e+00 6.050176e-07
3.194322e+01 1.261733e+00 5.239930e-07
3.194322e+01 1.362421e+00 4.365025e-07
3.194322e+01 1.471144e+00 3.420303e-07
3.194322e+01 1.588542e+00 2.766814e-07
3.194322e+01 1.715310e+00 2.382171e-07
3.194322e+01 1.852193e+00 1.966833e-07
3.194322e+01 2.000000e+00 1.518350e-07
3.260208e+01 1.000000e-03 4.616102e-05
3.260208e+01 1.079801e-03 4.956612e-05
3.260208e+01 1.165970e-03 5.319759e-05
3.260208e+01 1.259016e-03 5.706477e-05
3.260208e+01 1.359487e-03 6.117589e-05
3.260208e+01 1.467975e-03 6.553832e-05
3.260208e+01 1.585121e-03 7.015772e-05
3.260208e+01 1.711615e-03 7.503765e-05
3.260208e+01 1.848204e-03 8.017974e-05
3.260208e+01 1.995693e-03 8.558297e-05
3.260208e+01 2.154951e-03 9.124324e-05
3.260208e+01 2.326918e-03 9.715337e-05
3.260208e+01 2.512609e-03 1.033030e-04
3.260208e+01 2.713117e-03 1.096785e-04
3.260208e+01 2.929627e-03 1.162621e-04
3.260208e+01 3.163414e-03 1.230325e-04
3.260208e+01 3.415858e-03 1.299643e-04
3.260208e+01 3.688447e-03 1.370277e-04
3.260208e+01 3.982789e-03 1.441856e-04
3.260208e+01 4.300619e-03 1.513935e-04
3.260208e+01 4.643813e-03 1.586012e-04
3.260208e+01 5.014394e-03 1.657477e-04
3.260208e+01 5.414548e-03 1.727619e-04
3.260208e+01 5.846635e-03 1.795658e-04
3.260208e+01 6.313202e-03 1.860707e-04
3.260208e+01 6.817002e-03 1.921778e-04
3.260208e+01 7.361006e-03 1.977836e-04
3.260208e+01 7.948422e-03 2.027712e-04
3.260208e+01 8.582714e-03 2.070133e-04
3.260208e+01 9.267624e-03 2.103833e-04
3.260208e+01 1.000719e-02 2.127474e-04
3.260208e+01 1.080577e-02 2.139701e-04
3.260208e+01 1.166809e-02 2.139301e-04
3.260208e+01 1.259921e-02 2.125197e-04
3.260208e+01 1.360464e-02 2.096518e-04
3.260208e+01 1.469030e-02 2.052752e-04
3.260208e+01 1.586261e-02 1.994011e-04
3.260208e+01 1.712846e-02 1.920993e-04
3.260208e+01 1.849533e-02 1.834853e-04
3.260208e+01 1.997127e-02 1.738075e-04
3.260208e+01 2.156500e-02 1.633977e-04
3.260208e+01 2.328591e-02 1.525767e-04
3.260208e+01 2.514415e-02 1.417860e-04
3.260208e+01 2.715068e-02 1.314973e-04
3.260208e+01 2.931733e-02 1.220650e-04
3.260208e+01 3.165689e-02 1.137484e-04
3.260208e+01 3.418314e-02 1.067035e-04
3.260208e+01 3.691099e-02 1.008217e-04
3.260208e+01 3.985652e-02 9.574694e-05
3.260208e+01 4.303711e-02 9.088179e-05
3.260208e+01 4.647152e-02 8.550092e-05
3.260208e+01 5.017999e-02 7.898754e-05
3.260208e+01 5.418441e-02 7.313059e-05
3.260208e+01 5.850838e-02 6.997751e-05
3.260208e+01 6.317741e-02 6.657281e-05
3.260208e+01 6.821903e-02 6.289641e-05
3.260208e+01 7.366298e-02 5.883170e-05
3.260208e+01 7.954136e-02 5.347321e-05
3.260208e+01 8.588885e-02 4.768711e-05
3.260208e+01 9.274286e-02 4.143928e-05
3.260208e+01 1.001438e-01 3.469286e-05
3.260208e+01 1.081354e-01 3.084497e-05
3.260208e+01 1.167647e-01 2.832976e-05
3.260208e+01 1.260827e-01 2.561384e-05
3.260208e+01 1.361442e-01 2.268118e-05
3.260208e+01 1.470087e-01 1.983582e-05
3.260208e+01 1.587401e-01 1.813213e-05
3.260208e+01 1.714077e-01 1.629249e-05
3.260208e+01 1.850862e-01 1.430605e-05
3.260208e+01 1.998563e-01 1.216108e-05
3.260208e+01 2.158051e-01 1.098288e-05
3.260208e+01 2.330265e-01 9.937945e-06
3.260208e+01 2.516223e-01 8.809626e-06
3.260208e+01 2.717020e-01 7.591266e-06
3.260208e+01 2.933841e-01 6.613768e-06
3.260208e+01 3.167964e-01 5.987954e-06
3.260208e+01 3.420771e-01 5.312199e-06
3.260208e+01 3.693752e-01 4.582518e-06
3.260208e+01 3.988518e-01 3.828047e-06
3.260208e+01 4.306805e-01 3.482424e-06
3.260208e+01 4.650493e-01 3.109220e-06
3.260208e+01 5.021607e-01 2.706233e-06
3.260208e+01 5.422336e-01 2.271088e-06
3.260208e+01 5.855044e-01 1.990020e-06
3.260208e+01 6.322283e-01 1.774506e-06
3.260208e+01 6.826808e-01 1.541794e-06
3.260208e+01 7.371594e-01 1.290511e-06
3.260208e+01 7.959855e-01 1.070646e-06
3.260208e+01 8.595059e-01 9.543457e-07
3.260208e+01 9.280954e-01 8.287649e-07
3.260208e+01 1.002158e+00 6.931626e-07
3.260208e+01 1.082132e+00 5.467391e-07
3.260208e+01 1.168487e+00 4.813291e-07
3.260208e+01 1.261733e+00 4.185944e-07
3.260208e+01 1.362421e+00 3.508533e-07
3.260208e+01 1.471144e+00 2.777065e-07
3.260208e+01 1.588542e+00 2.269434e-07
3.260208e+01 1.715310e+00 1.968379e-07
3.260208e+01 1.852193e+00 1.643299e-07
3.260208e+01 2.000000e+00 1.292277e-07
3.327412e+01 1.000000e-03 3.231190e-05
3.327412e+01 1.079801e-03 3.469627e-05
3.327412e+01 1.165970e-03 3.723932e-05
3.327412e+01 1.259016e-03 3.994765e-05
3.327412e+01 1.359487e-03 4.282706e-05
3.327412e+01 1.467975e-03 4.588277e-05
3.327412e+01 1.585121e-03 4.911878e-05
3.327412e+01 1.711615e-03 5.253763e-05
3.327412e+01 1.848204e-03 5.614050e-05
3.327412e+01 1.995693e-03 5.992669e-05
3.327412e+01 2.154951e-03 6.389331e-05
3.327412e+01 2.326918e-03 6.803532e-05
3.327412e+01 2.512609e-03 7.234543e-05
3.327412e+01 2.713117e-03 7.681391e-05
3.327412e+01 2.929627e-03 8.142828e-05
3.327412e+01 3.163414e-03 8.617344e-05
3.327412e+01 3.415858e-03 9.103154e-05
3.327412e+01 3.688447e-03 9.598157e-05
3.327412e+01 3.982789e-03 1.009976e-04
3.327412e+01 4.300619e-03 1.060485e-04
3.327412e+01 4.643813e-03 1.110992e-04
3.327412e+01 5.014394e-03 1.161071e-04
3.327412e+01 5.414548e-03 1.210223e-04
3.327412e+01 5.846635e-03 1.257901e-04
3.327412e+01 6.313202e-03 1.303483e-04
3.327412e+01 6.817002e-03 1.346278e-04
3.327412e+01 7.361006e-03 1.385560e-04
3.327412e+01 7.948422e-03 1.420510e-04
3.327412e+01 8.582714e-03 1.450237e-04
3.327412e+01 9.267624e-03 1.473854e-04
3.327412e+01 1.000719e-02 1.490423e-04
3.327412e+01 1.080577e-02 1.498994e-04
3.327412e+01 1.166809e-02 1.498720e-04
3.327412e+01 1.259921e-02 1.488843e-04
3.327412e+01 1.360464e-02 1.468755e-04
3.327412e+01 1.469030e-02 1.438098e-04
3.327412e+01 1.586261e-02 1.396947e-04
3.327412e+01 1.712846e-02 1.345795e-04
3.327412e+01 1.849533e-02 1.285450e-04
3.327412e+01 1.997127e-02 1.217652e-04
3.327412e+01 2.156500e-02 1.144726e-04
3.327412e+01 2.328591e-02 1.068919e-04
3.327412e+01 2.514415e-02 9.933228e-05
3.327412e+01 2.715068e-02 9.212437e-05
3.327412e+01 2.931733e-02 8.551631e-05
3.327412e+01 3.165689e-02 7.968990e-05
3.327412e+01 3.418314e-02 7.475441e-05
3.327412e+01 3.691099e-02 7.063372e-05
3.327412e+01 3.985652e-02 6.707845e-05
3.327412e+01 4.303711e-02 6.367003e-05
3.327412e+01 4.647152e-02 5.990029e-05
3.327412e+01 5.017999e-02 5.533716e-05
3.327412e+01 5.418441e-02 5.124049e-05
3.327412e+01 5.850838e-02 4.904981e-05
3.327412e+01 6.317741e-02 4.668432e-05
3.327412e+01 6.821903e-02 4.413006e-05
3.327412e+01 7.366298e-02 4.130327e-05
3.327412e+01 7.954136e-02 3.754934e-05
3.327412e+01 8.588885e-02 3.349585e-05
3.327412e+01 9.274286e-02 2.911888e-05
3.327412e+01 1.001438e-01 2.439263e-05
3.327412e+01 1.081354e-01 2.169574e-05
3.327412e+01 1.167647e-01 1.993178e-05
3.327412e+01 1.260827e-01 1.802706e-05
3.327412e+01 1.361442e-01 1.597034e-05
3.327412e+01 1.470087e-01 1.397511e-05
3.327412e+01 1.587401e-01 1.278176e-05
3.327412e+01 1.714077e-01 1.149318e-05
3.327412e+01 1.850862e-01 1.010177e-05
3.327412e+01 1.998563e-01 8.599320e-06
3.327412e+01 2.158051e-01 7.770712e-06
3.327412e+01 2.330265e-01 7.034525e-06
3.327412e+01 2.516223e-01 6.239589e-06
3.327412e+01 2.717020e-01 5.381216e-06
3.327412e+01 2.933841e-01 4.691513e-06
3.327412e+01 3.167964e-01 4.248196e-06
3.327412e+01 3.420771e-01 3.769503e-06
3.327412e+01 3.693752e-01 3.252609e-06
3.327412e+01 3.988518e-01 2.718193e-06
3.327412e+01 4.306805e-01 2.473942e-06
3.327412e+01 4.650493e-01 2.210200e-06
3.327412e+01 5.021607e-01 1.925411e-06
3.327412e+01 5.422336e-01 1.617895e-06
3.327412e+01 5.855044e-01 1.419062e-06
3.327412e+01 6.322283e-01 1.266445e-06
3.327412e+01 6.826808e-01 1.101649e-06
3.327412e+01 7.371594e-01 9.237022e-07
3.327412e+01 7.959855e-01 7.679939e-07
3.327412e+01 8.595059e-01 6.856036e-07
3.327412e+01 9.280954e-01 5.966386e-07
3.327412e+01 1.002158e+00 5.005740e-07
3.327412e+01 1.082132e+00 3.968434e-07
3.327412e+01 1.168487e+00 3.505530e-07
3.327412e+01 1.261733e+00 3.061658e-07
3.327412e+01 1.362421e+00 2.582364e-07
3.327412e+01 1.471144e+00 2.064822e-07
3.327412e+01 1.588542e+00 1.705039e-07
3.327412e+01 1.715310e+00 1.490828e-07
3.327412e+01 1.852193e+00 1.259522e-07
3.327412e+01 2.000000e+00 1.009759e-07
3.395961e+01 1.000000e-03 1.970338e-05
3.395961e+01 1.079801e-03 2.115786e-05
3.395961e+01 1.165970e-03 2.270924e-05
3.395961e+01 1.259016e-03 2.436158e-05
3.395961e+01 1.359487e-03 2.611846e-05
3.395961e+01 1.467975e-03 2.798307e-05
3.395961e+01 1.585121e-03 2.995789e-05
3.395961e+01 1.711615e-03 3.204449e-05
3.395961e+01 1.848204e-03 3.424363e-05
3.395961e+01 1.995693e-03 3.655488e-05
3.395961e+01 2.154951e-03 3.897648e-05
3.395961e+01 2.326918e-03 4.150534e-05
3.395961e+01 2.512609e-03 4.413698e-05
3.395961e+01 2.713117e-03 4.686540e-05
3.395961e+01 2.929627e-03 4.968291e-05
3.395961e+01 3.163414e-03 5.258021e-05
3.395961e+01 3.415858e-03 5.554637e-05
3.395961e+01 3.688447e-03 5.856848e-05
3.395961e+01 3.982789e-03 6.163071e-05
3.395961e+01 4.300619e-03 6.471416e-05
3.395961e+01 4.643813e-03 6.779744e-05
3.395961e+01 5.014394e-03 7.085462e-05
3.395961e+01 5.414548e-03 7.385518e-05
3.395961e+01 5.846635e-03 7.676578e-05
3.395961e+01 6.313202e-03 7.954842e-05
3.395961e+01 6.817002e-03 8.216090e-05
3.395961e+01 7.361006e-03 8.455892e-05
3.395961e+01 7.948422e-03 8.669251e-05
3.395961e+01 8.582714e-03 8.850728e-05
3.395961e+01 9.267624e-03 8.994912e-05
3.395961e+01 1.000719e-02 9.096073e-05
3.395961e+01 1.080577e-02 9.148423e-05
3.395961e+01 1.166809e-02 9.146783e-05
3.395961e+01 1.259921e-02 9.086534e-05
3.395961e+01 1.360464e-02 8.963961e-05
3.395961e+01 1.469030e-02 8.776873e-05
3.395961e+01 1.586261e-02 8.525743e-05
3.395961e+01 1.712846e-02 8.213569e-05
3.395961e+01 1.849533e-02 7.845293e-05
3.395961e+01 1.997127e-02 7.431527e-05
3.395961e+01 2.156500e-02 6.986461e-05
3.395961e+01 2.328591e-02 6.523805e-05
3.395961e+01 2.514415e-02 6.062437e-05
3.395961e+01 2.715068e-02 5.622530e-05
3.395961e+01 2.931733e-02 5.219232e-05
3.395961e+01 3.165689e-02 4.863637e-05
3.395961e+01 3.418314e-02 4.562415e-05
3.395961e+01 3.691099e-02 4.310921e-05
3.395961e+01 3.985652e-02 4.093935e-05
3.395961e+01 4.303711e-02 3.885912e-05
3.395961e+01 4.647152e-02 3.655838e-05
3.395961e+01 5.017999e-02 3.377342e-05
3.395961e+01 5.418441e-02 3.127714e-05
3.395961e+01 5.850838e-02 2.995126e-05
3.395961e+01 6.317741e-02 2.851958e-05
3.395961e+01 6.821903e-02 2.697365e-05
3.395961e+01 7.366298e-02 2.526066e-05
3.395961e+01 7.954136e-02 2.296488e-05
3.395961e+01 8.588885e-02 2.048589e-05
3.395961e+01 9.274286e-02 1.780908e-05
3.395961e+01 1.001438e-01 1.491865e-05
3.395961e+01 1.081354e-01 1.326738e-05
3.395961e+01 1.167647e-01 1.218557e-05
3.395961e+01 1.260827e-01 1.101744e-05
3.395961e+01 1.361442e-01 9.756090e-06
3.395961e+01 1.470087e-01 8.532664e-06
3.395961e+01 1.587401e-01 7.801935e-06
3.395961e+01 1.714077e-01 7.012893e-06
3.395961e+01 1.850862e-01 6.160885e-06
3.395961e+01 1.998563e-01 5.240885e-06
3.395961e+01 2.158051e-01 4.733550e-06
3.395961e+01 2.330265e-01 4.282820e-06
3.395961e+01 2.516223e-01 3.796122e-06
3.395961e+01 2.717020e-01 3.270584e-06
3.395961e+01 2.933841e-01 2.848416e-06
3.395961e+01 3.167964e-01 2.577234e-06
3.395961e+01 3.420771e-01 2.284411e-06
3.395961e+01 3.693752e-01 1.968221e-06
3.395961e+01 3.988518e-01 1.641385e-06
3.395961e+01 4.306805e-01 1.493074e-06
3.395961e+01 4.650493e-01 1.332926e-06
3.395961e+01 5.021607e-01 1.159999e-06
3.395961e+01 5.422336e-01 9.732724e-07
3.395961e+01 5.855044e-01 8.531765e-07
3.395961e+01 6.322283e-01 7.614913e-07
3.395961e+01 6.826808e-01 6.624896e-07
3.395961e+01 7.371594e-01 5.555875e-07
3.395961e+01 7.959855e-01 4.621388e-07
3.395961e+01 8.595059e-01 4.129635e-07
3.395961e+01 9.280954e-01 3.598641e-07
3.395961e+01 1.002158e+00 3.025272e-07
3.395961e+01 1.082132e+00 2.406148e-07
3.395961e+01 1.168487e+00 2.131753e-07
3.395961e+01 1.261733e+00 1.869028e-07
3.395961e+01 1.362421e+00 1.585339e-07
3.395961e+01 1.471144e+00 1.279010e-07
3.395961e+01 1.588542e+00 1.066102e-07
3.395961e+01 1.715310e+00 9.394005e-08
3.395961e+01 1.852193e+00 8.025882e-08
3.395961e+01 2.000000e+00 6.548580e-08
3.465880e+01 1.000000e-03 5.970013e-06
3.465880e+01 1.079801e-03 6.410868e-06
3.465880e+01 1.165970e-03 6.881131e-06
3.465880e+01 1.259016e-03 7.382036e-06
3.465880e+01 1.359487e-03 7.914674e-06
3.465880e+01 1.467975e-03 8.480030e-06
3.465880e+01 1.585121e-03 9.078860e-06
3.465880e+01 1.711615e-03 9.711650e-06
3.465880e+01 1.848204e-03 1.037863e-05
3.465880e+01 1.995693e-03 1.107969e-05
3.465880e+01 2.154951e-03 1.181429e-05
3.465880e+01 2.326918e-03 1.258148e-05
3.465880e+01 2.512609e-03 1.337990e-05
3.465880e+01 2.713117e-03 1.420771e-05
3.465880e+01 2.929627e-03 1.506255e-05
3.465880e+01 3.163414e-03 1.594160e-05
3.465880e+01 3.415858e-03 1.684149e-05
3.465880e+01 3.688447e-03 1.775832e-05
3.465880e+01 3.982789e-03 1.868726e-05
3.465880e+01 4.300619e-03 1.962260e-05
3.465880e+01 4.643813e-03 2.055788e-05
3.465880e+01 5.014394e-03 2.148525e-05
3.465880e+01 5.414548e-03 2.239544e-05
3.465880e+01 5.846635e-03 2.327835e-05
3.465880e+01 6.313202e-03 2.412244e-05
3.465880e+01 6.817002e-03 2.491491e-05
3.465880e+01 7.361006e-03 2.564232e-05
3.465880e+01 7.948422e-03 2.628953e-05
3.465880e+01 8.582714e-03 2.684003e-05
3.465880e+01 9.267624e-03 2.727743e-05
3.465880e+01 1.000719e-02 2.758435e-05
3.465880e+01 1.080577e-02 2.774322e-05
3.465880e+01 1.166809e-02 2.773835e-05
3.465880e+01 1.259921e-02 2.755573e-05
3.465880e+01 1.360464e-02 2.718409e-05
3.465880e+01 1.469030e-02 2.661680e-05
3.465880e+01 1.586261e-02 2.585529e-05
3.465880e+01 1.712846e-02 2.490865e-05
3.465880e+01 1.849533e-02 2.379185e-05
3.465880e+01 1.997127e-02 2.253709e-05
3.465880e+01 2.156500e-02 2.118740e-05
3.465880e+01 2.328591e-02 1.978435e-05
3.465880e+01 2.514415e-02 1.838522e-05
3.465880e+01 2.715068e-02 1.705116e-05
3.465880e+01 2.931733e-02 1.582811e-05
3.465880e+01 3.165689e-02 1.474972e-05
3.465880e+01 3.418314e-02 1.383622e-05
3.465880e+01 3.691099e-02 1.307353e-05
3.465880e+01 3.985652e-02 1.241549e-05
3.465880e+01 4.303711e-02 1.178462e-05
3.465880e+01 4.647152e-02 1.108689e-05
3.465880e+01 5.017999e-02 1.024231e-05
3.465880e+01 5.418441e-02 9.498418e-06
3.465880e+01 5.850838e-02 9.132916e-06
3.465880e+01 6.317741e-02 8.738246e-06
3.465880e+01 6.821903e-02 8.312081e-06
3.465880e+01 7.366298e-02 7.832550e-06
3.465880e+01 7.954136e-02 7.117079e-06
3.465880e+01 8.588885e-02 6.344513e-06
3.465880e+01 9.274286e-02 5.510295e-06
3.465880e+01 1.001438e-01 4.609506e-06
3.465880e+01 1.081354e-01 4.098189e-06
3.465880e+01 1.167647e-01 3.766181e-06
3.465880e+01 1.260827e-01 3.407679e-06
3.465880e+01 1.361442e-01 3.020568e-06
3.465880e+01 1.470087e-01 2.645709e-06
3.465880e+01 1.587401e-01 2.424724e-06
3.465880e+01 1.714077e-01 2.186104e-06
3.465880e+01 1.850862e-01 1.928441e-06
3.465880e+01 1.998563e-01 1.650217e-06
3.465880e+01 2.158051e-01 1.494112e-06
3.465880e+01 2.330265e-01 1.354377e-06
3.465880e+01 2.516223e-01 1.203491e-06
3.465880e+01 2.717020e-01 1.040564e-06
3.465880e+01 2.933841e-01 9.091462e-07
3.465880e+01 3.167964e-01 8.238122e-07
3.465880e+01 3.420771e-01 7.316685e-07
3.465880e+01 3.693752e-01 6.321717e-07
3.465880e+01 3.988518e-01 5.292753e-07
3.465880e+01 4.306805e-01 4.818549e-07
3.465880e+01 4.650493e-01 4.306502e-07
3.465880e+01 5.021607e-01 3.753594e-07
3.465880e+01 5.422336e-01 3.156564e-07
3.465880e+01 5.855044e-01 2.771743e-07
3.465880e+01 6.322283e-01 2.477308e-07
3.465880e+01 6.826808e-01 2.159376e-07
3.465880e+01 7.371594e-01 1.816073e-07
3.465880e+01 7.959855e-01 1.515698e-07
3.465880e+01 8.595059e-01 1.356828e-07
3.465880e+01 9.280954e-01 1.185281e-07
3.465880e+01 1.002158e+00 1.000044e-07
3.465880e+01 1.082132e+00 8.000246e-08
3.465880e+01 1.168487e+00 7.111193e-08
3.465880e+01 1.261733e+00 6.259422e-08
3.465880e+01 1.362421e+00 5.339680e-08
3.465880e+01 1.471144e+00 4.346541e-08
3.465880e+01 1.588542e+00 3.657263e-08
3.465880e+01 1.715310e+00 3.248411e-08
3.465880e+01 1.852193e+00 2.806932e-08
3.465880e+01 2.000000e+00 2.330223e-08
3.537197e+01 1.000000e-03 0.000000e+00
3.537197e+01 1.079801e-03 0.000000e+00
3.537197e+01 1.165970e-03 0.000000e+00
3.537197e+01 1.259016e-03 0.000000e+00
3.537197e+01 1.359487e-03 0.000000e+00
3.537197e+01 1.467975e-03 0.000000e+00
3.537197e+01 1.585121e-03 0.000000e+00
3.537197e+01 1.711615e-03 0.000000e+00
3.537197e+01 1.848204e-03 0.000000e+00
3.537197e+01 1.995693e-03 0.000000e+00
3.537197e+01 2.154951e-03 0.000000e+00
3.537197e+01 2.326918e-03 0.000000e+00
3.537197e+01 2.512609e-03 0.000000e+00
3.537197e+01 2.713117e-03 0.000000e+00
3.537197e+01 2.929627e-03 0.000000e+00
3.537197e+01 3.163414e-03 0.000000e+00
3.537197e+01 3.415858e-03 0.000000e+00
3.537197e+01 3.688447e-03 0.000000e+00
3.537197e+01 3.982789e-03 0.000000e+00
3.537197e+01 4.300619e-03 0.000000e+00
3.537197e+01 4.643813e-03 0.000000e+00
3.537197e+01 5.014394e-03 0.000000e+00
3.537197e+01 5.414548e-03 0.000000e+00
3.537197e+01 5.846635e-03 0.000000e+00
3.537197e+01 6.313202e-03 0.000000e+00
3.537197e+01 6.817002e-03 0.000000e+00
3.537197e+01 7.361006e-03 0.000000e+00
3.537197e+01 7.948422e-03 0.000000e+00
3.537197e+01 8.582714e-03 0.000000e+00
3.537197e+01 9.267624e-03 0.000000e+00
3.537197e+01 1.000719e-02 0.000000e+00
3.537197e+01 1.080577e-02 0.000000e+00
3.537197e+01 1.166809e-02 0.000000e+00
3.537197e+01 1.259921e-02 0.000000e+00
3.537197e+01 1.360464e-02 0.000000e+00
3.537197e+01 1.469030e-02 0.000000e+00
3.537197e+01 1.586261e-02 0.000000e+00
3.537197e+01 1.712846e-02 0.000000e+00
3.537197e+01 1.849533e-02 0.000000e+00
3.537197e+01 1.997127e-02 0.000000e+00
3.537197e+01 2.156500e-02 0.000000e+00
3.537197e+01 2.328591e-02 0.000000e+00
3.537197e+01 2.514415e-02 0.000000e+00
3.537197e+01 2.715068e-02 0.000000e+00
3.537197e+01 2.931733e-02 0.000000e+00
3.537197e+01 3.165689e-02 0.000000e+00
3.537197e+01 3.418314e-02 0.000000e+00
3.537197e+01 3.691099e-02 0.000000e+00
3.537197e+01 3.985652e-02 0.000000e+00
3.537197e+01 4.303711e-02 0.000000e+00
3.537197e+01 4.647152e-02 0.000000e+00
3.537197e+01 5.017999e-02 0.000000e+00
3.537197e+01 5.418441e-02 0.000000e+00
3.537197e+01 5.850838e-02 0.000000e+00
3.537197e+01 6.317741e-02 0.000000e+00
3.537197e+01 6.821903e-02 0.000000e+00
3.537197e+01 7.366298e-02 0.000000e+00
3.537197e+01 7.954136e-02 0.000000e+00
3.537197e+01 8.588885e-02 0.000000e+00
3.537197e+01 9.274286e-02 0.000000e+00
3.537197e+01 1.001438e-01 0.000000e+00
3.537197e+01 1.081354e-01 0.000000e+00
3.537197e+01 1.167647e-01 0.000000e+00
3.537197e+01 1.260827e-01 0.000000e+00
3.537197e+01 1.361442e-01 0.000000e+00
3.537197e+01 1.470087e-01 0.000000e+00
3.537197e+01 1.587401e-01 0.000000e+00
3.537197e+01 1.714077e-01 0.000000e+00
3.537197e+01 1.850862e-01 0.000000e+00
3.537197e+01 1.998563e-01 0.000000e+00
3.537197e+01 2.158051e-01 0.000000e+00
3.537197e+01 2.330265e-01 0.000000e+00
3.537197e+01 2.516223e-01 0.000000e+00
3.537197e+01 2.717020e-01 0.000000e+00
3.537197e+01 2.933841e-01 0.000000e+00
3.537197e+01 3.167964e-01 0.000000e+00
3.537197e+01 3.420771e-01 0.000000e+00
3.537197e+01 3.693752e-01 0.000000e+00
3.537197e+01 3.988518e-01 0.000000e+00
3.537197e+01 4.306805e-01 0.000000e+00
3.537197e+01 4.650493e-01 0.000000e+00
3.537197e+01 5.021607e-01 0.000000e+00
3.537197e+01 5.422336e-01 0.000000e+00
3.537197e+01 5.855044e-01 0.000000e+00
3.537197e+01 6.322283e-01 0.000000e+00
3.537197e+01 6.826808e-01 0.000000e+00
3.537197e+01 7.371594e-01 0.000000e+00
3.537197e+01 7.959855e-01 -6.503034e-24
3.537197e+01 8.595059e-01 8.670712e-24
3.537197e+01 9.280954e-01 0.000000e+00
3.537197e+01 1.002158e+00 0.000000e+00
3.537197e+01 1.082132e+00 0.000000e+00
3.537197e+01 1.168487e+00 0.000000e+00
3.537197e+01 1.261733e+00 0.000000e+00
3.537197e+01 1.362421e+00 0.000000e+00
3.537197e+01 1.471144e+00 0.000000e+00
3.537197e+01 1.588542e+00 0.000000e+00
3.537197e+01 1.715310e+00 0.000000e+00
3.537197e+01 1.852193e+00 0.000000e+00
3.537197e+01 2.000000e+00 0.000000e+00
