5.000000e+00 1.000000e-03 0.000000e+00
5.000000e+00 1.079801e-03 0.000000e+00
5.000000e+00 1.165970e-03 0.000000e+00
5.000000e+00 1.259016e-03 0.000000e+00
5.000000e+00 1.359487e-03 0.000000e+00
5.000000e+00 1.467975e-03 0.000000e+00
5.000000e+00 1.585121e-03 0.000000e+00
5.000000e+00 1.711615e-03 0.000000e+00
5.000000e+00 1.848204e-03 0.000000e+00
5.000000e+00 1.995693e-03 0.000000e+00
5.000000e+00 2.154951e-03 0.000000e+00
5.000000e+00 2.326918e-03 0.000000e+00
5.000000e+00 2.512609e-03 0.000000e+00
5.000000e+00 2.713117e-03 0.000000e+00
5.000000e+00 2.929627e-03 0.000000e+00
5.000000e+00 3.163414e-03 0.000000e+00
5.000000e+00 3.415858e-03 0.000000e+00
5.000000e+00 3.688447e-03 0.000000e+00
5.000000e+00 3.982789e-03 0.000000e+00
5.000000e+00 4.300619e-03 0.000000e+00
5.000000e+00 4.643813e-03 0.000000e+00
5.000000e+00 5.014394e-03 0.000000e+00
5.000000e+00 5.414548e-03 0.000000e+00
5.000000e+00 5.846635e-03 0.000000e+00
5.000000e+00 6.313202e-03 0.000000e+00
5.000000e+00 6.817002e-03 0.000000e+00
5.000000e+00 7.361006e-03 0.000000e+00
5.000000e+00 7.948422e-03 0.000000e+00
5.000000e+00 8.582714e-03 0.000000e+00
5.000000e+00 9.267624e-03 0.000000e+00
5.000000e+00 1.000719e-02 0.000000e+00
5.000000e+00 1.080577e-02 0.000000e+00
5.000000e+00 1.166809e-02 0.000000e+00
5.000000e+00 1.259921e-02 0.000000e+00
5.000000e+00 1.360464e-02 0.000000e+00
5.000000e+00 1.469030e-02 0.000000e+00
5.000000e+00 1.586261e-02 0.000000e+00
5.000000e+00 1.712846e-02 0.000000e+00
5.000000e+00 1.849533e-02 0.000000e+00
5.000000e+00 1.997127e-02 0.000000e+00
5.000000e+00 2.156500e-02 0.000000e+00
5.000000e+00 2.328591e-02 0.000000e+00
5.000000e+00 2.514415e-02 0.000000e+00
5.000000e+00 2.715068e-02 0.000000e+00
5.000000e+00 2.931733e-02 0.000000e+00
5.000000e+00 3.165689e-02 0.000000e+00
5.000000e+00 3.418314e-02 0.000000e+00
5.000000e+00 3.691099e-02 0.000000e+00
5.000000e+00 3.985652e-02 0.000000e+00
5.000000e+00 4.303711e-02 0.000000e+00
5.000000e+00 4.647152e-02 0.000000e+00
5.000000e+00 5.017999e-02 0.000000e+00
5.000000e+00 5.418441e-02 0.000000e+00
5.000000e+00 5.850838e-02 0.000000e+00
5.000000e+00 6.317741e-02 0.000000e+00
5.000000e+00 6.821903e-02 0.000000e+00
5.000000e+00 7.366298e-02 0.000000e+00
5.000000e+00 7.954136e-02 0.000000e+00
5.000000e+00 8.588885e-02 0.000000e+00
5.000000e+00 9.274286e-02 0.000000e+00
5.000000e+00 1.001438e-01 0.000000e+00
5.000000e+00 1.081354e-01 0.000000e+00
5.000000e+00 1.167647e-01 0.000000e+00
5.000000e+00 1.260827e-01 0.000000e+00
5.000000e+00 1.361442e-01 0.000000e+00
5.000000e+00 1.470087e-01 0.000000e+00
5.000000e+00 1.587401e-01 0.000000e+00
5.000000e+00 1.714077e-01 0.000000e+00
5.000000e+00 1.850862e-01 0.000000e+00
5.000000e+00 1.998563e-01 0.000000e+00
5.000000e+00 2.158051e-01 0.000000e+00
5.000000e+00 2.330265e-01 0.000000e+00
5.000000e+00 2.516223e-01 0.000000e+00
5.000000e+00 2.717020e-01 0.000000e+00
5.000000e+00 2.933841e-01 0.000000e+00
5.000000e+00 3.167964e-01 0.000000e+00
5.000000e+00 3.420771e-01 0.000000e+00
5.000000e+00 3.693752e-01 0.000000e+00
5.000000e+00 3.988518e-01 0.000000e+00
5.000000e+00 4.306805e-01 0.000000e+00
5.000000e+00 4.650493e-01 0.000000e+00
5.000000e+00 5.021607e-01 0.000000e+00
5.000000e+00 5.422336e-01 0.000000e+00
5.000000e+00 5.855044e-01 0.000000e+00
5.000000e+00 6.322283e-01 0.000000e+00
5.000000e+00 6.826808e-01 0.000000e+00
5.000000e+00 7.371594e-01 0.000000e+00
5.000000e+00 7.959855e-01 0.000000e+00
5.000000e+00 8.595059e-01 0.000000e+00
5.000000e+00 9.280954e-01 0.000000e+00
5.000000e+00 1.002158e+00 0.000000e+00
5.000000e+00 1.082132e+00 0.000000e+00
5.000000e+00 1.168487e+00 0.000000e+00
5.000000e+00 1.261733e+00 0.000000e+00
5.000000e+00 1.362421e+00 0.000000e+00
5.000000e+00 1.471144e+00 0.000000e+00
5.000000e+00 1.588542e+00 0.000000e+00
5.000000e+00 1.715310e+00 0.000000e+00
5.000000e+00 1.852193e+00 0.000000e+00
5.000000e+00 2.000000e+00 0.000000e+00
5.120000e+00 1.000000e-03 0.000000e+00
5.120000e+00 1.079801e-03 0.000000e+00
5.120000e+00 1.165970e-03 0.000000e+00
5.120000e+00 1.259016e-03 0.000000e+00
5.120000e+00 1.359487e-03 0.000000e+00
5.120000e+00 1.467975e-03 0.000000e+00
5.120000e+00 1.585121e-03 0.000000e+00
5.120000e+00 1.711615e-03 0.000000e+00
5.120000e+00 1.848204e-03 0.000000e+00
5.120000e+00 1.995693e-03 0.000000e+00
5.120000e+00 2.154951e-03 0.000000e+00
5.120000e+00 2.326918e-03 0.000000e+00
5.120000e+00 2.512609e-03 0.000000e+00
5.120000e+00 2.713117e-03 0.000000e+00
5.120000e+00 2.929627e-03 0.000000e+00
5.120000e+00 3.163414e-03 0.000000e+00
5.120000e+00 3.415858e-03 0.000000e+00
5.120000e+00 3.688447e-03 0.000000e+00
5.120000e+00 3.982789e-03 0.000000e+00
5.120000e+00 4.300619e-03 0.000000e+00
5.120000e+00 4.643813e-03 0.000000e+00
5.120000e+00 5.014394e-03 0.000000e+00
5.120000e+00 5.414548e-03 0.000000e+00
5.120000e+00 5.846635e-03 0.000000e+00
5.120000e+00 6.313202e-03 0.000000e+00
5.120000e+00 6.817002e-03 0.000000e+00
5.120000e+00 7.361006e-03 0.000000e+00
5.120000e+00 7.948422e-03 0.000000e+00
5.120000e+00 8.582714e-03 0.000000e+00
5.120000e+00 9.267624e-03 0.000000e+00
5.120000e+00 1.000719e-02 0.000000e+00
5.120000e+00 1.080577e-02 0.000000e+00
5.120000e+00 1.166809e-02 0.000000e+00
5.120000e+00 1.259921e-02 0.000000e+00
5.120000e+00 1.360464e-02 0.000000e+00
5.120000e+00 1.469030e-02 0.000000e+00
5.120000e+00 1.586261e-02 0.000000e+00
5.120000e+00 1.712846e-02 0.000000e+00
5.120000e+00 1.849533e-02 0.000000e+00
5.120000e+00 1.997127e-02 0.000000e+00
5.120000e+00 2.156500e-02 0.000000e+00
5.120000e+00 2.328591e-02 0.000000e+00
5.120000e+00 2.514415e-02 0.000000e+00
5.120000e+00 2.715068e-02 0.000000e+00
5.120000e+00 2.931733e-02 0.000000e+00
5.120000e+00 3.165689e-02 0.000000e+00
5.120000e+00 3.418314e-02 0.000000e+00
5.120000e+00 3.691099e-02 0.000000e+00
5.120000e+00 3.985652e-02 0.000000e+00
5.120000e+00 4.303711e-02 0.000000e+00
5.120000e+00 4.647152e-02 0.000000e+00
5.120000e+00 5.017999e-02 0.000000e+00
5.120000e+00 5.418441e-02 0.000000e+00
5.120000e+00 5.850838e-02 0.000000e+00
5.120000e+00 6.317741e-02 0.000000e+00
5.120000e+00 6.821903e-02 0.000000e+00
5.120000e+00 7.366298e-02 0.000000e+00
5.120000e+00 7.954136e-02 0.000000e+00
5.120000e+00 8.588885e-02 0.000000e+00
5.120000e+00 9.274286e-02 0.000000e+00
5.120000e+00 1.001438e-01 0.000000e+00
5.120000e+00 1.081354e-01 0.000000e+00
5.120000e+00 1.167647e-01 0.000000e+00
5.120000e+00 1.260827e-01 0.000000e+00
5.120000e+00 1.361442e-01 0.000000e+00
5.120000e+00 1.470087e-01 0.000000e+00
5.120000e+00 1.587401e-01 0.000000e+00
5.120000e+00 1.714077e-01 0.000000e+00
5.120000e+00 1.850862e-01 0.000000e+00
5.120000e+00 1.998563e-01 0.000000e+00
5.120000e+00 2.158051e-01 0.000000e+00
5.120000e+00 2.330265e-01 0.000000e+00
5.120000e+00 2.516223e-01 0.000000e+00
5.120000e+00 2.717020e-01 0.000000e+00
5.120000e+00 2.933841e-01 0.000000e+00
5.120000e+00 3.167964e-01 0.000000e+00
5.120000e+00 3.420771e-01 0.000000e+00
5.120000e+00 3.693752e-01 0.000000e+00
5.120000e+00 3.988518e-01 0.000000e+00
5.120000e+00 4.306805e-01 0.000000e+00
5.120000e+00 4.650493e-01 0.000000e+00
5.120000e+00 5.021607e-01 0.000000e+00
5.120000e+00 5.422336e-01 0.000000e+00
5.120000e+00 5.855044e-01 0.000000e+00
5.120000e+00 6.322283e-01 0.000000e+00
5.120000e+00 6.826808e-01 0.000000e+00
5.120000e+00 7.371594e-01 0.000000e+00
5.120000e+00 7.959855e-01 0.000000e+00
5.120000e+00 8.595059e-01 0.000000e+00
5.120000e+00 9.280954e-01 0.000000e+00
5.120000e+00 1.002158e+00 0.000000e+00
5.120000e+00 1.082132e+00 0.000000e+00
5.120000e+00 1.168487e+00 0.000000e+00
5.120000e+00 1.261733e+00 0.000000e+00
5.120000e+00 1.362421e+00 0.000000e+00
5.120000e+00 1.471144e+00 0.000000e+00
5.120000e+00 1.588542e+00 0.000000e+00
5.120000e+00 1.715310e+00 0.000000e+00
5.120000e+00 1.852193e+00 0.000000e+00
5.120000e+00 2.000000e+00 0.000000e+00
5.242400e+00 1.000000e-03 0.000000e+00
5.242400e+00 1.079801e-03 0.000000e+00
5.242400e+00 1.165970e-03 0.000000e+00
5.242400e+00 1.259016e-03 0.000000e+00
5.242400e+00 1.359487e-03 0.000000e+00
5.242400e+00 1.467975e-03 0.000000e+00
5.242400e+00 1.585121e-03 0.000000e+00
5.242400e+00 1.711615e-03 0.000000e+00
5.242400e+00 1.848204e-03 0.000000e+00
5.242400e+00 1.995693e-03 0.000000e+00
5.242400e+00 2.154951e-03 0.000000e+00
5.242400e+00 2.326918e-03 0.000000e+00
5.242400e+00 2.512609e-03 0.000000e+00
5.242400e+00 2.713117e-03 0.000000e+00
5.242400e+00 2.929627e-03 0.000000e+00
5.242400e+00 3.163414e-03 0.000000e+00
5.242400e+00 3.415858e-03 0.000000e+00
5.242400e+00 3.688447e-03 0.000000e+00
5.242400e+00 3.982789e-03 0.000000e+00
5.242400e+00 4.300619e-03 0.000000e+00
5.242400e+00 4.643813e-03 0.000000e+00
5.242400e+00 5.014394e-03 0.000000e+00
5.242400e+00 5.414548e-03 0.000000e+00
5.242400e+00 5.846635e-03 0.000000e+00
5.242400e+00 6.313202e-03 0.000000e+00
5.242400e+00 6.817002e-03 0.000000e+00
5.242400e+00 7.361006e-03 0.000000e+00
5.242400e+00 7.948422e-03 0.000000e+00
5.242400e+00 8.582714e-03 0.000000e+00
5.242400e+00 9.267624e-03 0.000000e+00
5.242400e+00 1.000719e-02 0.000000e+00
5.242400e+00 1.080577e-02 0.000000e+00
5.242400e+00 1.166809e-02 0.000000e+00
5.242400e+00 1.259921e-02 0.000000e+00
5.242400e+00 1.360464e-02 0.000000e+00
5.242400e+00 1.469030e-02 0.000000e+00
5.242400e+00 1.586261e-02 0.000000e+00
5.242400e+00 1.712846e-02 0.000000e+00
5.242400e+00 1.849533e-02 0.000000e+00
5.242400e+00 1.997127e-02 0.000000e+00
5.242400e+00 2.156500e-02 0.000000e+00
5.242400e+00 2.328591e-02 0.000000e+00
5.242400e+00 2.514415e-02 0.000000e+00
5.242400e+00 2.715068e-02 0.000000e+00
5.242400e+00 2.931733e-02 0.000000e+00
5.242400e+00 3.165689e-02 0.000000e+00
5.242400e+00 3.418314e-02 0.000000e+00
5.242400e+00 3.691099e-02 0.000000e+00
5.242400e+00 3.985652e-02 0.000000e+00
5.242400e+00 4.303711e-02 0.000000e+00
5.242400e+00 4.647152e-02 0.000000e+00
5.242400e+00 5.017999e-02 0.000000e+00
5.242400e+00 5.418441e-02 0.000000e+00
5.242400e+00 5.850838e-02 0.000000e+00
5.242400e+00 6.317741e-02 0.000000e+00
5.242400e+00 6.821903e-02 0.000000e+00
5.242400e+00 7.366298e-02 0.000000e+00
5.242400e+00 7.954136e-02 0.000000e+00
5.242400e+00 8.588885e-02 0.000000e+00
5.242400e+00 9.274286e-02 0.000000e+00
5.242400e+00 1.001438e-01 0.000000e+00
5.242400e+00 1.081354e-01 0.000000e+00
5.242400e+00 1.167647e-01 0.000000e+00
5.242400e+00 1.260827e-01 0.000000e+00
5.242400e+00 1.361442e-01 0.000000e+00
5.242400e+00 1.470087e-01 0.000000e+00
5.242400e+00 1.587401e-01 0.000000e+00
5.242400e+00 1.714077e-01 0.000000e+00
5.242400e+00 1.850862e-01 0.000000e+00
5.242400e+00 1.998563e-01 0.000000e+00
5.242400e+00 2.158051e-01 0.000000e+00
5.242400e+00 2.330265e-01 0.000000e+00
5.242400e+00 2.516223e-01 0.000000e+00
5.242400e+00 2.717020e-01 0.000000e+00
5.242400e+00 2.933841e-01 0.000000e+00
5.242400e+00 3.167964e-01 0.000000e+00
5.242400e+00 3.420771e-01 0.000000e+00
5.242400e+00 3.693752e-01 0.000000e+00
5.242400e+00 3.988518e-01 0.000000e+00
5.242400e+00 4.306805e-01 0.000000e+00
5.242400e+00 4.650493e-01 0.000000e+00
5.242400e+00 5.021607e-01 0.000000e+00
5.242400e+00 5.422336e-01 0.000000e+00
5.242400e+00 5.855044e-01 0.000000e+00
5.242400e+00 6.322283e-01 0.000000e+00
5.242400e+00 6.826808e-01 0.000000e+00
5.242400e+00 7.371594e-01 0.000000e+00
5.242400e+00 7.959855e-01 0.000000e+00
5.242400e+00 8.595059e-01 0.000000e+00
5.242400e+00 9.280954e-01 0.000000e+00
5.242400e+00 1.002158e+00 0.000000e+00
5.242400e+00 1.082132e+00 0.000000e+00
5.242400e+00 1.168487e+00 0.000000e+00
5.242400e+00 1.261733e+00 0.000000e+00
5.242400e+00 1.362421e+00 0.000000e+00
5.242400e+00 1.471144e+00 0.000000e+00
5.242400e+00 1.588542e+00 0.000000e+00
5.242400e+00 1.715310e+00 0.000000e+00
5.242400e+00 1.852193e+00 0.000000e+00
5.242400e+00 2.000000e+00 0.000000e+00
5.367248e+00 1.000000e-03 0.000000e+00
5.367248e+00 1.079801e-03 0.000000e+00
5.367248e+00 1.165970e-03 0.000000e+00
5.367248e+00 1.259016e-03 0.000000e+00
5.367248e+00 1.359487e-03 0.000000e+00
5.367248e+00 1.467975e-03 0.000000e+00
5.367248e+00 1.585121e-03 0.000000e+00
5.367248e+00 1.711615e-03 0.000000e+00
5.367248e+00 1.848204e-03 0.000000e+00
5.367248e+00 1.995693e-03 0.000000e+00
5.367248e+00 2.154951e-03 0.000000e+00
5.367248e+00 2.326918e-03 0.000000e+00
5.367248e+00 2.512609e-03 0.000000e+00
5.367248e+00 2.713117e-03 0.000000e+00
5.367248e+00 2.929627e-03 0.000000e+00
5.367248e+00 3.163414e-03 0.000000e+00
5.367248e+00 3.415858e-03 0.000000e+00
5.367248e+00 3.688447e-03 0.000000e+00
5.367248e+00 3.982789e-03 0.000000e+00
5.367248e+00 4.300619e-03 0.000000e+00
5.367248e+00 4.643813e-03 0.000000e+00
5.367248e+00 5.014394e-03 0.000000e+00
5.367248e+00 5.414548e-03 0.000000e+00
5.367248e+00 5.846635e-03 0.000000e+00
5.367248e+00 6.313202e-03 0.000000e+00
5.367248e+00 6.817002e-03 0.000000e+00
5.367248e+00 7.361006e-03 0.000000e+00
5.367248e+00 7.948422e-03 0.000000e+00
5.367248e+00 8.582714e-03 0.000000e+00
5.367248e+00 9.267624e-03 0.000000e+00
5.367248e+00 1.000719e-02 0.000000e+00
5.367248e+00 1.080577e-02 0.000000e+00
5.367248e+00 1.166809e-02 0.000000e+00
5.367248e+00 1.259921e-02 0.000000e+00
5.367248e+00 1.360464e-02 0.000000e+00
5.367248e+00 1.469030e-02 0.000000e+00
5.367248e+00 1.586261e-02 0.000000e+00
5.367248e+00 1.712846e-02 0.000000e+00
5.367248e+00 1.849533e-02 0.000000e+00
5.367248e+00 1.997127e-02 0.000000e+00
5.367248e+00 2.156500e-02 0.000000e+00
5.367248e+00 2.328591e-02 0.000000e+00
5.367248e+00 2.514415e-02 0.000000e+00
5.367248e+00 2.715068e-02 0.000000e+00
5.367248e+00 2.931733e-02 0.000000e+00
5.367248e+00 3.165689e-02 0.000000e+00
5.367248e+00 3.418314e-02 0.000000e+00
5.367248e+00 3.691099e-02 0.000000e+00
5.367248e+00 3.985652e-02 0.000000e+00
5.367248e+00 4.303711e-02 0.000000e+00
5.367248e+00 4.647152e-02 0.000000e+00
5.367248e+00 5.017999e-02 0.000000e+00
5.367248e+00 5.418441e-02 0.000000e+00
5.367248e+00 5.850838e-02 0.000000e+00
5.367248e+00 6.317741e-02 0.000000e+00
5.367248e+00 6.821903e-02 0.000000e+00
5.367248e+00 7.366298e-02 0.000000e+00
5.367248e+00 7.954136e-02 0.000000e+00
5.367248e+00 8.588885e-02 0.000000e+00
5.367248e+00 9.274286e-02 0.000000e+00
5.367248e+00 1.001438e-01 0.000000e+00
5.367248e+00 1.081354e-01 0.000000e+00
5.367248e+00 1.167647e-01 0.000000e+00
5.367248e+00 1.260827e-01 0.000000e+00
5.367248e+00 1.361442e-01 0.000000e+00
5.367248e+00 1.470087e-01 0.000000e+00
5.367248e+00 1.587401e-01 0.000000e+00
5.367248e+00 1.714077e-01 0.000000e+00
5.367248e+00 1.850862e-01 0.000000e+00
5.367248e+00 1.998563e-01 0.000000e+00
5.367248e+00 2.158051e-01 0.000000e+00
5.367248e+00 2.330265e-01 0.000000e+00
5.367248e+00 2.516223e-01 0.000000e+00
5.367248e+00 2.717020e-01 0.000000e+00
5.367248e+00 2.933841e-01 0.000000e+00
5.367248e+00 3.167964e-01 0.000000e+00
5.367248e+00 3.420771e-01 0.000000e+00
5.367248e+00 3.693752e-01 0.000000e+00
5.367248e+00 3.988518e-01 0.000000e+00
5.367248e+00 4.306805e-01 0.000000e+00
5.367248e+00 4.650493e-01 0.000000e+00
5.367248e+00 5.021607e-01 0.000000e+00
5.367248e+00 5.422336e-01 0.000000e+00
5.367248e+00 5.855044e-01 0.000000e+00
5.367248e+00 6.322283e-01 0.000000e+00
5.367248e+00 6.826808e-01 0.000000e+00
5.367248e+00 7.371594e-01 0.000000e+00
5.367248e+00 7.959855e-01 0.000000e+00
5.367248e+00 8.595059e-01 0.000000e+00
5.367248e+00 9.280954e-01 0.000000e+00
5.367248e+00 1.002158e+00 0.000000e+00
5.367248e+00 1.082132e+00 0.000000e+00
5.367248e+00 1.168487e+00 0.000000e+00
5.367248e+00 1.261733e+00 0.000000e+00
5.367248e+00 1.362421e+00 0.000000e+00
5.367248e+00 1.471144e+00 0.000000e+00
5.367248e+00 1.588542e+00 0.000000e+00
5.367248e+00 1.715310e+00 0.000000e+00
5.367248e+00 1.852193e+00 0.000000e+00
5.367248e+00 2.000000e+00 0.000000e+00
5.494593e+00 1.000000e-03 0.000000e+00
5.494593e+00 1.079801e-03 0.000000e+00
5.494593e+00 1.165970e-03 0.000000e+00
5.494593e+00 1.259016e-03 0.000000e+00
5.494593e+00 1.359487e-03 0.000000e+00
5.494593e+00 1.467975e-03 0.000000e+00
5.494593e+00 1.585121e-03 0.000000e+00
5.494593e+00 1.711615e-03 0.000000e+00
5.494593e+00 1.848204e-03 0.000000e+00
5.494593e+00 1.995693e-03 0.000000e+00
5.494593e+00 2.154951e-03 0.000000e+00
5.494593e+00 2.326918e-03 0.000000e+00
5.494593e+00 2.512609e-03 0.000000e+00
5.494593e+00 2.713117e-03 0.000000e+00
5.494593e+00 2.929627e-03 0.000000e+00
5.494593e+00 3.163414e-03 0.000000e+00
5.494593e+00 3.415858e-03 0.000000e+00
5.494593e+00 3.688447e-03 0.000000e+00
5.494593e+00 3.982789e-03 0.000000e+00
5.494593e+00 4.300619e-03 0.000000e+00
5.494593e+00 4.643813e-03 0.000000e+00
5.494593e+00 5.014394e-03 0.000000e+00
5.494593e+00 5.414548e-03 0.000000e+00
5.494593e+00 5.846635e-03 0.000000e+00
5.494593e+00 6.313202e-03 0.000000e+00
5.494593e+00 6.817002e-03 0.000000e+00
5.494593e+00 7.361006e-03 0.000000e+00
5.494593e+00 7.948422e-03 0.000000e+00
5.494593e+00 8.582714e-03 0.000000e+00
5.494593e+00 9.267624e-03 0.000000e+00
5.494593e+00 1.000719e-02 0.000000e+00
5.494593e+00 1.080577e-02 0.000000e+00
5.494593e+00 1.166809e-02 0.000000e+00
5.494593e+00 1.259921e-02 0.000000e+00
5.494593e+00 1.360464e-02 0.000000e+00
5.494593e+00 1.469030e-02 0.000000e+00
5.494593e+00 1.586261e-02 0.000000e+00
5.494593e+00 1.712846e-02 0.000000e+00
5.494593e+00 1.849533e-02 0.000000e+00
5.494593e+00 1.997127e-02 0.000000e+00
5.494593e+00 2.156500e-02 0.000000e+00
5.494593e+00 2.328591e-02 0.000000e+00
5.494593e+00 2.514415e-02 0.000000e+00
5.494593e+00 2.715068e-02 0.000000e+00
5.494593e+00 2.931733e-02 0.000000e+00
5.494593e+00 3.165689e-02 0.000000e+00
5.494593e+00 3.418314e-02 0.000000e+00
5.494593e+00 3.691099e-02 0.000000e+00
5.494593e+00 3.985652e-02 0.000000e+00
5.494593e+00 4.303711e-02 0.000000e+00
5.494593e+00 4.647152e-02 0.000000e+00
5.494593e+00 5.017999e-02 0.000000e+00
5.494593e+00 5.418441e-02 0.000000e+00
5.494593e+00 5.850838e-02 0.000000e+00
5.494593e+00 6.317741e-02 0.000000e+00
5.494593e+00 6.821903e-02 0.000000e+00
5.494593e+00 7.366298e-02 0.000000e+00
5.494593e+00 7.954136e-02 0.000000e+00
5.494593e+00 8.588885e-02 0.000000e+00
5.494593e+00 9.274286e-02 0.000000e+00
5.494593e+00 1.001438e-01 0.000000e+00
5.494593e+00 1.081354e-01 0.000000e+00
5.494593e+00 1.167647e-01 0.000000e+00
5.494593e+00 1.260827e-01 0.000000e+00
5.494593e+00 1.361442e-01 0.000000e+00
5.494593e+00 1.470087e-01 0.000000e+00
5.494593e+00 1.587401e-01 0.000000e+00
5.494593e+00 1.714077e-01 0.000000e+00
5.494593e+00 1.850862e-01 0.000000e+00
5.494593e+00 1.998563e-01 0.000000e+00
5.494593e+00 2.158051e-01 0.000000e+00
5.494593e+00 2.330265e-01 0.000000e+00
5.494593e+00 2.516223e-01 0.000000e+00
5.494593e+00 2.717020e-01 0.000000e+00
5.494593e+00 2.933841e-01 0.000000e+00
5.494593e+00 3.167964e-01 0.000000e+00
5.494593e+00 3.420771e-01 0.000000e+00
5.494593e+00 3.693752e-01 0.000000e+00
5.494593e+00 3.988518e-01 0.000000e+00
5.494593e+00 4.306805e-01 0.000000e+00
5.494593e+00 4.650493e-01 0.000000e+00
5.494593e+00 5.021607e-01 0.000000e+00
5.494593e+00 5.422336e-01 -2.084476e-20
5.494593e+00 5.855044e-01 0.000000e+00
5.494593e+00 6.322283e-01 0.000000e+00
5.494593e+00 6.826808e-01 0.000000e+00
5.494593e+00 7.371594e-01 0.000000e+00
5.494593e+00 7.959855e-01 0.000000e+00
5.494593e+00 8.595059e-01 0.000000e+00
5.494593e+00 9.280954e-01 0.000000e+00
5.494593e+00 1.002158e+00 0.000000e+00
5.494593e+00 1.082132e+00 0.000000e+00
5.494593e+00 1.168487e+00 0.000000e+00
5.494593e+00 1.261733e+00 0.000000e+00
5.494593e+00 1.362421e+00 0.000000e+00
5.494593e+00 1.471144e+00 0.000000e+00
5.494593e+00 1.588542e+00 0.000000e+00
5.494593e+00 1.715310e+00 0.000000e+00
5.494593e+00 1.852193e+00 0.000000e+00
5.494593e+00 2.000000e+00 0.000000e+00
5.624485e+00 1.000000e-03 -1.053344e+00
5.624485e+00 1.079801e-03 -1.129304e+00
5.624485e+00 1.165970e-03 -1.210058e+00
5.624485e+00 1.259016e-03 -1.295788e+00
5.624485e+00 1.359487e-03 -1.386666e+00
5.624485e+00 1.467975e-03 -1.482846e+00
5.624485e+00 1.585121e-03 -1.584459e+00
5.624485e+00 1.711615e-03 -1.691604e+00
5.624485e+00 1.848204e-03 -1.804348e+00
5.624485e+00 1.995693e-03 -1.922709e+00
5.624485e+00 2.154951e-03 -2.046646e+00
5.624485e+00 2.326918e-03 -2.176063e+00
5.624485e+00 2.512609e-03 -2.310789e+00
5.624485e+00 2.713117e-03 -2.450569e+00
5.624485e+00 2.929627e-03 -2.595068e+00
5.624485e+00 3.163414e-03 -2.743834e+00
5.624485e+00 3.415858e-03 -2.896294e+00
5.624485e+00 3.688447e-03 -3.051765e+00
5.624485e+00 3.982789e-03 -3.209404e+00
5.624485e+00 4.300619e-03 -3.368208e+00
5.624485e+00 4.643813e-03 -3.527036e+00
5.624485e+00 5.014394e-03 -3.684537e+00
5.624485e+00 5.414548e-03 -3.839155e+00
5.624485e+00 5.846635e-03 -3.989185e+00
5.624485e+00 6.313202e-03 -4.132663e+00
5.624485e+00 6.817002e-03 -4.267388e+00
5.624485e+00 7.361006e-03 -4.391042e+00
5.624485e+00 7.948422e-03 -4.501030e+00
5.624485e+00 8.582714e-03 -4.594535e+00
5.624485e+00 9.267624e-03 -4.668755e+00
5.624485e+00 1.000719e-02 -4.720716e+00
5.624485e+00 1.080577e-02 -4.747407e+00
5.624485e+00 1.166809e-02 -4.746131e+00
5.624485e+00 1.259921e-02 -4.714492e+00
5.624485e+00 1.360464e-02 -4.650569e+00
5.624485e+00 1.469030e-02 -4.553232e+00
5.624485e+00 1.586261e-02 -4.422719e+00
5.624485e+00 1.712846e-02 -4.260568e+00
5.624485e+00 1.849533e-02 -4.069329e+00
5.624485e+00 1.997127e-02 -3.854513e+00
5.624485e+00 2.156500e-02 -3.623502e+00
5.624485e+00 2.328591e-02 -3.383421e+00
5.624485e+00 2.514415e-02 -3.144057e+00
5.624485e+00 2.715068e-02 -2.915857e+00
5.624485e+00 2.931733e-02 -2.706665e+00
5.624485e+00 3.165689e-02 -2.522229e+00
5.624485e+00 3.418314e-02 -2.366007e+00
5.624485e+00 3.691099e-02 -2.235584e+00
5.624485e+00 3.985652e-02 -2.123061e+00
5.624485e+00 4.303711e-02 -2.015185e+00
5.624485e+00 4.647152e-02 -1.895868e+00
5.624485e+00 5.017999e-02 -1.751434e+00
5.624485e+00 5.418441e-02 -1.773102e+00
5.624485e+00 5.850838e-02 -2.125162e+00
5.624485e+00 6.317741e-02 -2.505316e+00
5.624485e+00 6.821903e-02 -2.915807e+00
5.624485e+00 7.366298e-02 -3.258645e+00
5.624485e+00 7.954136e-02 -2.603536e+00
5.624485e+00 8.588885e-02 -1.896150e+00
5.624485e+00 9.274286e-02 -1.132313e+00
5.624485e+00 1.001438e-01 -3.075209e-01
5.624485e+00 1.081354e-01 -1.101053e-01
5.624485e+00 1.167647e-01 -2.276599e-01
5.624485e+00 1.260827e-01 -3.545955e-01
5.624485e+00 1.361442e-01 -4.916606e-01
5.624485e+00 1.470087e-01 -5.889119e-01
5.624485e+00 1.587401e-01 -4.777308e-01
5.624485e+00 1.714077e-01 -3.576774e-01
5.624485e+00 1.850862e-01 -2.280436e-01
5.624485e+00 1.998563e-01 -8.806484e-02
5.624485e+00 2.158051e-01 -5.582412e-02
5.624485e+00 2.330265e-01 -4.476179e-02
5.624485e+00 2.516223e-01 -3.281668e-02
5.624485e+00 2.717020e-01 -1.991834e-02
5.624485e+00 2.933841e-01 -1.165802e-02
5.624485e+00 3.167964e-01 -9.941300e-03
5.624485e+00 3.420771e-01 -8.087583e-03
5.624485e+00 3.693752e-01 -6.085938e-03
5.624485e+00 3.988518e-01 -4.044804e-03
5.624485e+00 4.306805e-01 -3.527414e-03
5.624485e+00 4.650493e-01 -2.968735e-03
5.624485e+00 5.021607e-01 -2.365473e-03
5.624485e+00 5.422336e-01 -1.714070e-03
5.624485e+00 5.855044e-01 -1.364394e-03
5.624485e+00 6.322283e-01 -1.151644e-03
5.624485e+00 6.826808e-01 -9.219170e-04
5.624485e+00 7.371594e-01 -6.738574e-04
5.624485e+00 7.959855e-01 -4.749399e-04
5.624485e+00 8.595059e-01 -4.223637e-04
5.624485e+00 9.280954e-01 -3.655919e-04
5.624485e+00 1.002158e+00 -3.042896e-04
5.624485e+00 1.082132e+00 -2.380954e-04
5.624485e+00 1.168487e+00 -2.057314e-04
5.624485e+00 1.261733e+00 -1.741159e-04
5.624485e+00 1.362421e+00 -1.399775e-04
5.624485e+00 1.471144e+00 -1.031149e-04
5.624485e+00 1.588542e+00 -7.945307e-05
5.624485e+00 1.715310e+00 -6.803648e-05
5.624485e+00 1.852193e+00 -5.570884e-05
5.624485e+00 2.000000e+00 -4.239743e-05
5.756975e+00 1.000000e-03 -2.196722e+01
5.756975e+00 1.079801e-03 -2.355158e+01
5.756975e+00 1.165970e-03 -2.523591e+01
5.756975e+00 1.259016e-03 -2.702406e+01
5.756975e+00 1.359487e-03 -2.891954e+01
5.756975e+00 1.467975e-03 -3.092561e+01
5.756975e+00 1.585121e-03 -3.304498e+01
5.756975e+00 1.711615e-03 -3.527971e+01
5.756975e+00 1.848204e-03 -3.763121e+01
5.756975e+00 1.995693e-03 -4.009987e+01
5.756975e+00 2.154951e-03 -4.268481e+01
5.756975e+00 2.326918e-03 -4.538404e+01
5.756975e+00 2.512609e-03 -4.819401e+01
5.756975e+00 2.713117e-03 -5.110938e+01
5.756975e+00 2.929627e-03 -5.412315e+01
5.756975e+00 3.163414e-03 -5.722593e+01
5.756975e+00 3.415858e-03 -6.040575e+01
5.756975e+00 3.688447e-03 -6.364836e+01
5.756975e+00 3.982789e-03 -6.693619e+01
5.756975e+00 4.300619e-03 -7.024830e+01
5.756975e+00 4.643813e-03 -7.356091e+01
5.756975e+00 5.014394e-03 -7.684586e+01
5.756975e+00 5.414548e-03 -8.007065e+01
5.756975e+00 5.846635e-03 -8.319976e+01
5.756975e+00 6.313202e-03 -8.619223e+01
5.756975e+00 6.817002e-03 -8.900212e+01
5.756975e+00 7.361006e-03 -9.158114e+01
5.756975e+00 7.948422e-03 -9.387511e+01
5.756975e+00 8.582714e-03 -9.582530e+01
5.756975e+00 9.267624e-03 -9.737329e+01
5.756975e+00 1.000719e-02 -9.845704e+01
5.756975e+00 1.080577e-02 -9.901374e+01
5.756975e+00 1.166809e-02 -9.898714e+01
5.756975e+00 1.259921e-02 -9.832728e+01
5.756975e+00 1.360464e-02 -9.699409e+01
5.756975e+00 1.469030e-02 -9.496399e+01
5.756975e+00 1.586261e-02 -9.224196e+01
5.756975e+00 1.712846e-02 -8.886008e+01
5.756975e+00 1.849533e-02 -8.487152e+01
5.756975e+00 1.997127e-02 -8.039125e+01
5.756975e+00 2.156500e-02 -7.557320e+01
5.756975e+00 2.328591e-02 -7.056597e+01
5.756975e+00 2.514415e-02 -6.557370e+01
5.756975e+00 2.715068e-02 -6.081427e+01
5.756975e+00 2.931733e-02 -5.645127e+01
5.756975e+00 3.165689e-02 -5.260460e+01
5.756975e+00 3.418314e-02 -4.934638e+01
5.756975e+00 3.691099e-02 -4.662623e+01
5.756975e+00 3.985652e-02 -4.427941e+01
5.756975e+00 4.303711e-02 -4.202950e+01
5.756975e+00 4.647152e-02 -3.954098e+01
5.756975e+00 5.017999e-02 -3.652860e+01
5.756975e+00 5.418441e-02 -3.299569e+01
5.756975e+00 5.850838e-02 -2.924280e+01
5.756975e+00 6.317741e-02 -2.519043e+01
5.756975e+00 6.821903e-02 -2.081467e+01
5.756975e+00 7.366298e-02 -1.628130e+01
5.756975e+00 7.954136e-02 -1.334228e+01
5.756975e+00 8.588885e-02 -1.016872e+01
5.756975e+00 9.274286e-02 -6.741911e+00
5.756975e+00 1.001438e-01 -3.041639e+00
5.756975e+00 1.081354e-01 -1.770716e+00
5.756975e+00 1.167647e-01 -1.698298e+00
5.756975e+00 1.260827e-01 -1.620102e+00
5.756975e+00 1.361442e-01 -1.535665e+00
5.756975e+00 1.470087e-01 -1.424628e+00
5.756975e+00 1.587401e-01 -1.220123e+00
5.756975e+00 1.714077e-01 -9.992969e-01
5.756975e+00 1.850862e-01 -7.608491e-01
5.756975e+00 1.998563e-01 -5.033729e-01
5.756975e+00 2.158051e-01 -4.237188e-01
5.756975e+00 2.330265e-01 -3.773312e-01
5.756975e+00 2.516223e-01 -3.272419e-01
5.756975e+00 2.717020e-01 -2.731553e-01
5.756975e+00 2.933841e-01 -2.248235e-01
5.756975e+00 3.167964e-01 -1.854340e-01
5.756975e+00 3.420771e-01 -1.429013e-01
5.756975e+00 3.693752e-01 -9.697441e-02
5.756975e+00 3.988518e-01 -5.045376e-02
5.756975e+00 4.306805e-01 -4.330036e-02
5.756975e+00 4.650493e-01 -3.557611e-02
5.756975e+00 5.021607e-01 -2.723545e-02
5.756975e+00 5.422336e-01 -1.822920e-02
5.756975e+00 5.855044e-01 -1.397183e-02
5.756975e+00 6.322283e-01 -1.192265e-02
5.756975e+00 6.826808e-01 -9.709949e-03
5.756975e+00 7.371594e-01 -7.320669e-03
5.756975e+00 7.959855e-01 -5.335842e-03
5.756975e+00 8.595059e-01 -4.592987e-03
5.756975e+00 9.280954e-01 -3.790850e-03
5.756975e+00 1.002158e+00 -2.924703e-03
5.756975e+00 1.082132e+00 -1.989436e-03
5.756975e+00 1.168487e+00 -1.676868e-03
5.756975e+00 1.261733e+00 -1.398749e-03
5.756975e+00 1.362421e+00 -1.098437e-03
5.756975e+00 1.471144e+00 -7.741587e-04
5.756975e+00 1.588542e+00 -5.771776e-04
5.756975e+00 1.715310e+00 -4.985878e-04
5.756975e+00 1.852193e+00 -4.137265e-04
5.756975e+00 2.000000e+00 -3.220931e-04
5.892114e+00 1.000000e-03 -5.814624e+01
5.892114e+00 1.079801e-03 -6.234058e+01
5.892114e+00 1.165970e-03 -6.679960e+01
5.892114e+00 1.259016e-03 -7.153342e+01
5.892114e+00 1.359487e-03 -7.655140e+01
5.892114e+00 1.467975e-03 -8.186209e+01
5.892114e+00 1.585121e-03 -8.747265e+01
5.892114e+00 1.711615e-03 -9.338855e+01
5.892114e+00 1.848204e-03 -9.961358e+01
5.892114e+00 1.995693e-03 -1.061487e+02
5.892114e+00 2.154951e-03 -1.129917e+02
5.892114e+00 2.326918e-03 -1.201372e+02
5.892114e+00 2.512609e-03 -1.275759e+02
5.892114e+00 2.713117e-03 -1.352935e+02
5.892114e+00 2.929627e-03 -1.432716e+02
5.892114e+00 3.163414e-03 -1.514854e+02
5.892114e+00 3.415858e-03 -1.599030e+02
5.892114e+00 3.688447e-03 -1.684869e+02
5.892114e+00 3.982789e-03 -1.771905e+02
5.892114e+00 4.300619e-03 -1.859583e+02
5.892114e+00 4.643813e-03 -1.947275e+02
5.892114e+00 5.014394e-03 -2.034234e+02
5.892114e+00 5.414548e-03 -2.119600e+02
5.892114e+00 5.846635e-03 -2.202434e+02
5.892114e+00 6.313202e-03 -2.281650e+02
5.892114e+00 6.817002e-03 -2.356034e+02
5.892114e+00 7.361006e-03 -2.424305e+02
5.892114e+00 7.948422e-03 -2.485031e+02
5.892114e+00 8.582714e-03 -2.536657e+02
5.892114e+00 9.267624e-03 -2.577635e+02
5.892114e+00 1.000719e-02 -2.606325e+02
5.892114e+00 1.080577e-02 -2.621062e+02
5.892114e+00 1.166809e-02 -2.620359e+02
5.892114e+00 1.259921e-02 -2.602891e+02
5.892114e+00 1.360464e-02 -2.567600e+02
5.892114e+00 1.469030e-02 -2.513860e+02
5.892114e+00 1.586261e-02 -2.441803e+02
5.892114e+00 1.712846e-02 -2.352279e+02
5.892114e+00 1.849533e-02 -2.246695e+02
5.892114e+00 1.997127e-02 -2.128095e+02
5.892114e+00 2.156500e-02 -2.000553e+02
5.892114e+00 2.328591e-02 -1.868003e+02
5.892114e+00 2.514415e-02 -1.735849e+02
5.892114e+00 2.715068e-02 -1.609859e+02
5.892114e+00 2.931733e-02 -1.494362e+02
5.892114e+00 3.165689e-02 -1.392534e+02
5.892114e+00 3.418314e-02 -1.306284e+02
5.892114e+00 3.691099e-02 -1.234277e+02
5.892114e+00 3.985652e-02 -1.172152e+02
5.892114e+00 4.303711e-02 -1.112593e+02
5.892114e+00 4.647152e-02 -1.046718e+02
5.892114e+00 5.017999e-02 -9.669749e+01
5.892114e+00 5.418441e-02 -8.740219e+01
5.892114e+00 5.850838e-02 -7.762615e+01
5.892114e+00 6.317741e-02 -6.706996e+01
5.892114e+00 6.821903e-02 -5.567139e+01
5.892114e+00 7.366298e-02 -4.396166e+01
5.892114e+00 7.954136e-02 -3.742846e+01
5.892114e+00 8.588885e-02 -3.037390e+01
5.892114e+00 9.274286e-02 -2.275639e+01
5.892114e+00 1.001438e-01 -1.453099e+01
5.892114e+00 1.081354e-01 -1.096373e+01
5.892114e+00 1.167647e-01 -9.647369e+00
5.892114e+00 1.260827e-01 -8.225961e+00
5.892114e+00 1.361442e-01 -6.691123e+00
5.892114e+00 1.470087e-01 -5.233312e+00
5.892114e+00 1.587401e-01 -4.509033e+00
5.892114e+00 1.714077e-01 -3.726956e+00
5.892114e+00 1.850862e-01 -2.882468e+00
5.892114e+00 1.998563e-01 -1.970589e+00
5.892114e+00 2.158051e-01 -1.639839e+00
5.892114e+00 2.330265e-01 -1.413307e+00
5.892114e+00 2.516223e-01 -1.168697e+00
5.892114e+00 2.717020e-01 -9.045671e-01
5.892114e+00 2.933841e-01 -7.019414e-01
5.892114e+00 3.167964e-01 -5.881020e-01
5.892114e+00 3.420771e-01 -4.651782e-01
5.892114e+00 3.693752e-01 -3.324449e-01
5.892114e+00 3.988518e-01 -1.975198e-01
5.892114e+00 4.306805e-01 -1.696596e-01
5.892114e+00 4.650493e-01 -1.395760e-01
5.892114e+00 5.021607e-01 -1.070918e-01
5.892114e+00 5.422336e-01 -7.201529e-02
5.892114e+00 5.855044e-01 -5.513453e-02
5.892114e+00 6.322283e-01 -4.669047e-02
5.892114e+00 6.826808e-01 -3.757256e-02
5.892114e+00 7.371594e-01 -2.772703e-02
5.892114e+00 7.959855e-01 -1.960333e-02
5.892114e+00 8.595059e-01 -1.673171e-02
5.892114e+00 9.280954e-01 -1.363093e-02
5.892114e+00 1.002158e+00 -1.028271e-02
5.892114e+00 1.082132e+00 -6.667299e-03
5.892114e+00 1.168487e+00 -5.616727e-03
5.892114e+00 1.261733e+00 -4.725340e-03
5.892114e+00 1.362421e+00 -3.762818e-03
5.892114e+00 1.471144e+00 -2.723486e-03
5.892114e+00 1.588542e+00 -2.074324e-03
5.892114e+00 1.715310e+00 -1.787584e-03
5.892114e+00 1.852193e+00 -1.477961e-03
5.892114e+00 2.000000e+00 -1.143631e-03
6.029956e+00 1.000000e-03 -1.736563e+02
6.029956e+00 1.079801e-03 -1.861848e+02
6.029956e+00 1.165970e-03 -1.995039e+02
6.029956e+00 1.259016e-03 -2.136438e+02
6.029956e+00 1.359487e-03 -2.286324e+02
6.029956e+00 1.467975e-03 -2.444952e+02
6.029956e+00 1.585121e-03 -2.612536e+02
6.029956e+00 1.711615e-03 -2.789238e+02
6.029956e+00 1.848204e-03 -2.975173e+02
6.029956e+00 1.995693e-03 -3.170371e+02
6.029956e+00 2.154951e-03 -3.374762e+02
6.029956e+00 2.326918e-03 -3.588190e+02
6.029956e+00 2.512609e-03 -3.810373e+02
6.029956e+00 2.713117e-03 -4.040889e+02
6.029956e+00 2.929627e-03 -4.279184e+02
6.029956e+00 3.163414e-03 -4.524517e+02
6.029956e+00 3.415858e-03 -4.775939e+02
6.029956e+00 3.688447e-03 -5.032325e+02
6.029956e+00 3.982789e-03 -5.292287e+02
6.029956e+00 4.300619e-03 -5.554168e+02
6.029956e+00 4.643813e-03 -5.816088e+02
6.029956e+00 5.014394e-03 -6.075821e+02
6.029956e+00 5.414548e-03 -6.330796e+02
6.029956e+00 5.846635e-03 -6.578206e+02
6.029956e+00 6.313202e-03 -6.814812e+02
6.029956e+00 6.817002e-03 -7.036982e+02
6.029956e+00 7.361006e-03 -7.240897e+02
6.029956e+00 7.948422e-03 -7.422274e+02
6.029956e+00 8.582714e-03 -7.576472e+02
6.029956e+00 9.267624e-03 -7.698868e+02
6.029956e+00 1.000719e-02 -7.784560e+02
6.029956e+00 1.080577e-02 -7.828580e+02
6.029956e+00 1.166809e-02 -7.826481e+02
6.029956e+00 1.259921e-02 -7.774310e+02
6.029956e+00 1.360464e-02 -7.668901e+02
6.029956e+00 1.469030e-02 -7.508391e+02
6.029956e+00 1.586261e-02 -7.293173e+02
6.029956e+00 1.712846e-02 -7.025784e+02
6.029956e+00 1.849533e-02 -6.710426e+02
6.029956e+00 1.997127e-02 -6.356191e+02
6.029956e+00 2.156500e-02 -5.975249e+02
6.029956e+00 2.328591e-02 -5.579349e+02
6.029956e+00 2.514415e-02 -5.184632e+02
6.029956e+00 2.715068e-02 -4.808324e+02
6.029956e+00 2.931733e-02 -4.463361e+02
6.029956e+00 3.165689e-02 -4.159221e+02
6.029956e+00 3.418314e-02 -3.901607e+02
6.029956e+00 3.691099e-02 -3.686537e+02
6.029956e+00 3.985652e-02 -3.500983e+02
6.029956e+00 4.303711e-02 -3.323093e+02
6.029956e+00 4.647152e-02 -3.126336e+02
6.029956e+00 5.017999e-02 -2.888160e+02
6.029956e+00 5.418441e-02 -2.623078e+02
6.029956e+00 5.850838e-02 -2.366031e+02
6.029956e+00 6.317741e-02 -2.088472e+02
6.029956e+00 6.821903e-02 -1.788764e+02
6.029956e+00 7.366298e-02 -1.476781e+02
6.029956e+00 7.954136e-02 -1.258795e+02
6.029956e+00 8.588885e-02 -1.023413e+02
6.029956e+00 9.274286e-02 -7.692480e+01
6.029956e+00 1.001438e-01 -4.947998e+01
6.029956e+00 1.081354e-01 -3.750129e+01
6.029956e+00 1.167647e-01 -3.299050e+01
6.029956e+00 1.260827e-01 -2.811975e+01
6.029956e+00 1.361442e-01 -2.286030e+01
6.029956e+00 1.470087e-01 -1.786057e+01
6.029956e+00 1.587401e-01 -1.535606e+01
6.029956e+00 1.714077e-01 -1.265170e+01
6.029956e+00 1.850862e-01 -9.731521e+00
6.029956e+00 1.998563e-01 -6.578310e+00
6.029956e+00 2.158051e-01 -5.413130e+00
6.029956e+00 2.330265e-01 -4.602326e+00
6.029956e+00 2.516223e-01 -3.726819e+00
6.029956e+00 2.717020e-01 -2.781446e+00
6.029956e+00 2.933841e-01 -2.088587e+00
6.029956e+00 3.167964e-01 -1.757249e+00
6.029956e+00 3.420771e-01 -1.399469e+00
6.029956e+00 3.693752e-01 -1.013138e+00
6.029956e+00 3.988518e-01 -6.201646e-01
6.029956e+00 4.306805e-01 -5.350913e-01
6.029956e+00 4.650493e-01 -4.432291e-01
6.029956e+00 5.021607e-01 -3.440362e-01
6.029956e+00 5.422336e-01 -2.369276e-01
6.029956e+00 5.855044e-01 -1.835445e-01
6.029956e+00 6.322283e-01 -1.549209e-01
6.029956e+00 6.826808e-01 -1.240132e-01
6.029956e+00 7.371594e-01 -9.063907e-02
6.029956e+00 7.959855e-01 -6.323811e-02
6.029956e+00 8.595059e-01 -5.397287e-02
6.029956e+00 9.280954e-01 -4.396826e-02
6.029956e+00 1.002158e+00 -3.316527e-02
6.029956e+00 1.082132e+00 -2.150019e-02
6.029956e+00 1.168487e+00 -1.808803e-02
6.029956e+00 1.261733e+00 -1.518576e-02
6.029956e+00 1.362421e+00 -1.205189e-02
6.029956e+00 1.471144e+00 -8.667936e-03
6.029956e+00 1.588542e+00 -6.560217e-03
6.029956e+00 1.715310e+00 -5.638132e-03
6.029956e+00 1.852193e+00 -4.642463e-03
6.029956e+00 2.000000e+00 -3.567338e-03
6.170555e+00 1.000000e-03 -3.032126e+02
6.170555e+00 1.079801e-03 -3.250914e+02
6.170555e+00 1.165970e-03 -3.483510e+02
6.170555e+00 1.259016e-03 -3.730439e+02
6.170555e+00 1.359487e-03 -3.992188e+02
6.170555e+00 1.467975e-03 -4.269200e+02
6.170555e+00 1.585121e-03 -4.561848e+02
6.170555e+00 1.711615e-03 -4.870418e+02
6.170555e+00 1.848204e-03 -5.195110e+02
6.170555e+00 1.995693e-03 -5.535975e+02
6.170555e+00 2.154951e-03 -5.892894e+02
6.170555e+00 2.326918e-03 -6.265594e+02
6.170555e+00 2.512609e-03 -6.653581e+02
6.170555e+00 2.713117e-03 -7.056119e+02
6.170555e+00 2.929627e-03 -7.472241e+02
6.170555e+00 3.163414e-03 -7.900649e+02
6.170555e+00 3.415858e-03 -8.339692e+02
6.170555e+00 3.688447e-03 -8.787401e+02
6.170555e+00 3.982789e-03 -9.241354e+02
6.170555e+00 4.300619e-03 -9.698659e+02
6.170555e+00 4.643813e-03 -1.015603e+03
6.170555e+00 5.014394e-03 -1.060958e+03
6.170555e+00 5.414548e-03 -1.105483e+03
6.170555e+00 5.846635e-03 -1.148686e+03
6.170555e+00 6.313202e-03 -1.190003e+03
6.170555e+00 6.817002e-03 -1.228798e+03
6.170555e+00 7.361006e-03 -1.264406e+03
6.170555e+00 7.948422e-03 -1.296079e+03
6.170555e+00 8.582714e-03 -1.323005e+03
6.170555e+00 9.267624e-03 -1.344378e+03
6.170555e+00 1.000719e-02 -1.359342e+03
6.170555e+00 1.080577e-02 -1.367030e+03
6.170555e+00 1.166809e-02 -1.366663e+03
6.170555e+00 1.259921e-02 -1.357553e+03
6.170555e+00 1.360464e-02 -1.339147e+03
6.170555e+00 1.469030e-02 -1.311119e+03
6.170555e+00 1.586261e-02 -1.273537e+03
6.170555e+00 1.712846e-02 -1.226846e+03
6.170555e+00 1.849533e-02 -1.171778e+03
6.170555e+00 1.997127e-02 -1.109921e+03
6.170555e+00 2.156500e-02 -1.043401e+03
6.170555e+00 2.328591e-02 -9.742689e+02
6.170555e+00 2.514415e-02 -9.053431e+02
6.170555e+00 2.715068e-02 -8.396321e+02
6.170555e+00 2.931733e-02 -7.793944e+02
6.170555e+00 3.165689e-02 -7.262854e+02
6.170555e+00 3.418314e-02 -6.813007e+02
6.170555e+00 3.691099e-02 -6.437450e+02
6.170555e+00 3.985652e-02 -6.113436e+02
6.170555e+00 4.303711e-02 -5.802802e+02
6.170555e+00 4.647152e-02 -5.459225e+02
6.170555e+00 5.017999e-02 -5.043321e+02
6.170555e+00 5.418441e-02 -4.603545e+02
6.170555e+00 5.850838e-02 -4.219045e+02
6.170555e+00 6.317741e-02 -3.803861e+02
6.170555e+00 6.821903e-02 -3.355546e+02
6.170555e+00 7.366298e-02 -2.880144e+02
6.170555e+00 7.954136e-02 -2.455546e+02
6.170555e+00 8.588885e-02 -1.997064e+02
6.170555e+00 9.274286e-02 -1.501994e+02
6.170555e+00 1.001438e-01 -9.674178e+01
6.170555e+00 1.081354e-01 -7.311516e+01
6.170555e+00 1.167647e-01 -6.387082e+01
6.170555e+00 1.260827e-01 -5.388877e+01
6.170555e+00 1.361442e-01 -4.311014e+01
6.170555e+00 1.470087e-01 -3.301768e+01
6.170555e+00 1.587401e-01 -2.870681e+01
6.170555e+00 1.714077e-01 -2.405193e+01
6.170555e+00 1.850862e-01 -1.902558e+01
6.170555e+00 1.998563e-01 -1.359812e+01
6.170555e+00 2.158051e-01 -1.130420e+01
6.170555e+00 2.330265e-01 -9.539634e+00
6.170555e+00 2.516223e-01 -7.634254e+00
6.170555e+00 2.717020e-01 -5.576823e+00
6.170555e+00 2.933841e-01 -4.107387e+00
6.170555e+00 3.167964e-01 -3.476658e+00
6.170555e+00 3.420771e-01 -2.795596e+00
6.170555e+00 3.693752e-01 -2.060186e+00
6.170555e+00 3.988518e-01 -1.311065e+00
6.170555e+00 4.306805e-01 -1.133042e+00
6.170555e+00 4.650493e-01 -9.408129e-01
6.170555e+00 5.021607e-01 -7.332436e-01
6.170555e+00 5.422336e-01 -5.091100e-01
6.170555e+00 5.855044e-01 -3.952031e-01
6.170555e+00 6.322283e-01 -3.319079e-01
6.170555e+00 6.826808e-01 -2.635618e-01
6.170555e+00 7.371594e-01 -1.897615e-01
6.170555e+00 7.959855e-01 -1.296144e-01
6.170555e+00 8.595059e-01 -1.106524e-01
6.170555e+00 9.280954e-01 -9.017728e-02
6.170555e+00 1.002158e+00 -6.806818e-02
6.170555e+00 1.082132e+00 -4.419475e-02
6.170555e+00 1.168487e+00 -3.717464e-02
6.170555e+00 1.261733e+00 -3.119198e-02
6.170555e+00 1.362421e+00 -2.473190e-02
6.170555e+00 1.471144e+00 -1.775630e-02
6.170555e+00 1.588542e+00 -1.341262e-02
6.170555e+00 1.715310e+00 -1.151404e-02
6.170555e+00 1.852193e+00 -9.463945e-03
6.170555e+00 2.000000e+00 -7.250255e-03
6.313967e+00 1.000000e-03 -4.598828e+02
6.313967e+00 1.079801e-03 -4.930718e+02
6.313967e+00 1.165970e-03 -5.283554e+02
6.313967e+00 1.259016e-03 -5.658134e+02
6.313967e+00 1.359487e-03 -6.055191e+02
6.313967e+00 1.467975e-03 -6.475398e+02
6.313967e+00 1.585121e-03 -6.919321e+02
6.313967e+00 1.711615e-03 -7.387391e+02
6.313967e+00 1.848204e-03 -7.879914e+02
6.313967e+00 1.995693e-03 -8.396967e+02
6.313967e+00 2.154951e-03 -8.938372e+02
6.313967e+00 2.326918e-03 -9.503714e+02
6.313967e+00 2.512609e-03 -1.009224e+03
6.313967e+00 2.713117e-03 -1.070285e+03
6.313967e+00 2.929627e-03 -1.133405e+03
6.313967e+00 3.163414e-03 -1.198389e+03
6.313967e+00 3.415858e-03 -1.264986e+03
6.313967e+00 3.688447e-03 -1.332897e+03
6.313967e+00 3.982789e-03 -1.401756e+03
6.313967e+00 4.300619e-03 -1.471123e+03
6.313967e+00 4.643813e-03 -1.540499e+03
6.313967e+00 5.014394e-03 -1.609297e+03
6.313967e+00 5.414548e-03 -1.676834e+03
6.313967e+00 5.846635e-03 -1.742367e+03
6.313967e+00 6.313202e-03 -1.805039e+03
6.313967e+00 6.817002e-03 -1.863886e+03
6.313967e+00 7.361006e-03 -1.917899e+03
6.313967e+00 7.948422e-03 -1.965941e+03
6.313967e+00 8.582714e-03 -2.006784e+03
6.313967e+00 9.267624e-03 -2.039205e+03
6.313967e+00 1.000719e-02 -2.061903e+03
6.313967e+00 1.080577e-02 -2.073564e+03
6.313967e+00 1.166809e-02 -2.073009e+03
6.313967e+00 1.259921e-02 -2.059191e+03
6.313967e+00 1.360464e-02 -2.031272e+03
6.313967e+00 1.469030e-02 -1.988758e+03
6.313967e+00 1.586261e-02 -1.931753e+03
6.313967e+00 1.712846e-02 -1.860929e+03
6.313967e+00 1.849533e-02 -1.777400e+03
6.313967e+00 1.997127e-02 -1.683574e+03
6.313967e+00 2.156500e-02 -1.582673e+03
6.313967e+00 2.328591e-02 -1.477811e+03
6.313967e+00 2.514415e-02 -1.373261e+03
6.313967e+00 2.715068e-02 -1.273588e+03
6.313967e+00 2.931733e-02 -1.182217e+03
6.313967e+00 3.165689e-02 -1.101659e+03
6.313967e+00 3.418314e-02 -1.033425e+03
6.313967e+00 3.691099e-02 -9.764586e+02
6.313967e+00 3.985652e-02 -9.273109e+02
6.313967e+00 4.303711e-02 -8.801927e+02
6.313967e+00 4.647152e-02 -8.280775e+02
6.313967e+00 5.017999e-02 -7.649914e+02
6.313967e+00 5.418441e-02 -6.988682e+02
6.313967e+00 5.850838e-02 -6.421710e+02
6.313967e+00 6.317741e-02 -5.809494e+02
6.313967e+00 6.821903e-02 -5.148421e+02
6.313967e+00 7.366298e-02 -4.448048e+02
6.313967e+00 7.954136e-02 -3.829163e+02
6.313967e+00 8.588885e-02 -3.160890e+02
6.313967e+00 9.274286e-02 -2.439288e+02
6.313967e+00 1.001438e-01 -1.660101e+02
6.313967e+00 1.081354e-01 -1.293595e+02
6.313967e+00 1.167647e-01 -1.124397e+02
6.313967e+00 1.260827e-01 -9.416974e+01
6.313967e+00 1.361442e-01 -7.444179e+01
6.313967e+00 1.470087e-01 -5.609036e+01
6.313967e+00 1.587401e-01 -4.884443e+01
6.313967e+00 1.714077e-01 -4.102027e+01
6.313967e+00 1.850862e-01 -3.257174e+01
6.313967e+00 1.998563e-01 -2.344900e+01
6.313967e+00 2.158051e-01 -1.952132e+01
6.313967e+00 2.330265e-01 -1.646329e+01
6.313967e+00 2.516223e-01 -1.316124e+01
6.313967e+00 2.717020e-01 -9.595676e+00
6.313967e+00 2.933841e-01 -7.060658e+00
6.313967e+00 3.167964e-01 -5.994724e+00
6.313967e+00 3.420771e-01 -4.843727e+00
6.313967e+00 3.693752e-01 -3.600879e+00
6.313967e+00 3.988518e-01 -2.333641e+00
6.313967e+00 4.306805e-01 -2.014336e+00
6.313967e+00 4.650493e-01 -1.669550e+00
6.313967e+00 5.021607e-01 -1.297250e+00
6.313967e+00 5.422336e-01 -8.952397e-01
6.313967e+00 5.855044e-01 -6.928966e-01
6.313967e+00 6.322283e-01 -5.824026e-01
6.313967e+00 6.826808e-01 -4.630912e-01
6.313967e+00 7.371594e-01 -3.342585e-01
6.313967e+00 7.959855e-01 -2.290644e-01
6.313967e+00 8.595059e-01 -1.952904e-01
6.313967e+00 9.280954e-01 -1.588212e-01
6.313967e+00 1.002158e+00 -1.194418e-01
6.313967e+00 1.082132e+00 -7.691985e-02
6.313967e+00 1.168487e+00 -6.453074e-02
6.313967e+00 1.261733e+00 -5.400838e-02
6.313967e+00 1.362421e+00 -4.264632e-02
6.313967e+00 1.471144e+00 -3.037756e-02
6.313967e+00 1.588542e+00 -2.278870e-02
6.313967e+00 1.715310e+00 -1.954887e-02
6.313967e+00 1.852193e+00 -1.605050e-02
6.313967e+00 2.000000e+00 -1.227295e-02
6.460246e+00 1.000000e-03 -6.011344e+02
6.460246e+00 1.079801e-03 -6.445244e+02
6.460246e+00 1.165970e-03 -6.906531e+02
6.460246e+00 1.259016e-03 -7.396245e+02
6.460246e+00 1.359487e-03 -7.915342e+02
6.460246e+00 1.467975e-03 -8.464701e+02
6.460246e+00 1.585121e-03 -9.045057e+02
6.460246e+00 1.711615e-03 -9.656978e+02
6.460246e+00 1.848204e-03 -1.030086e+03
6.460246e+00 1.995693e-03 -1.097681e+03
6.460246e+00 2.154951e-03 -1.168460e+03
6.460246e+00 2.326918e-03 -1.242367e+03
6.460246e+00 2.512609e-03 -1.319307e+03
6.460246e+00 2.713117e-03 -1.399131e+03
6.460246e+00 2.929627e-03 -1.481648e+03
6.460246e+00 3.163414e-03 -1.566602e+03
6.460246e+00 3.415858e-03 -1.653664e+03
6.460246e+00 3.688447e-03 -1.742444e+03
6.460246e+00 3.982789e-03 -1.832462e+03
6.460246e+00 4.300619e-03 -1.923144e+03
6.460246e+00 4.643813e-03 -2.013840e+03
6.460246e+00 5.014394e-03 -2.103778e+03
6.460246e+00 5.414548e-03 -2.192069e+03
6.460246e+00 5.846635e-03 -2.277739e+03
6.460246e+00 6.313202e-03 -2.359669e+03
6.460246e+00 6.817002e-03 -2.436600e+03
6.460246e+00 7.361006e-03 -2.507209e+03
6.460246e+00 7.948422e-03 -2.570014e+03
6.460246e+00 8.582714e-03 -2.623408e+03
6.460246e+00 9.267624e-03 -2.665791e+03
6.460246e+00 1.000719e-02 -2.695465e+03
6.460246e+00 1.080577e-02 -2.710710e+03
6.460246e+00 1.166809e-02 -2.709985e+03
6.460246e+00 1.259921e-02 -2.691921e+03
6.460246e+00 1.360464e-02 -2.655423e+03
6.460246e+00 1.469030e-02 -2.599846e+03
6.460246e+00 1.586261e-02 -2.525325e+03
6.460246e+00 1.712846e-02 -2.432740e+03
6.460246e+00 1.849533e-02 -2.323545e+03
6.460246e+00 1.997127e-02 -2.200888e+03
6.460246e+00 2.156500e-02 -2.068984e+03
6.460246e+00 2.328591e-02 -1.931900e+03
6.460246e+00 2.514415e-02 -1.795226e+03
6.460246e+00 2.715068e-02 -1.664926e+03
6.460246e+00 2.931733e-02 -1.545479e+03
6.460246e+00 3.165689e-02 -1.440168e+03
6.460246e+00 3.418314e-02 -1.350967e+03
6.460246e+00 3.691099e-02 -1.276497e+03
6.460246e+00 3.985652e-02 -1.212247e+03
6.460246e+00 4.303711e-02 -1.150651e+03
6.460246e+00 4.647152e-02 -1.082523e+03
6.460246e+00 5.017999e-02 -1.000052e+03
6.460246e+00 5.418441e-02 -9.142176e+02
6.460246e+00 5.850838e-02 -8.417885e+02
6.460246e+00 6.317741e-02 -7.635794e+02
6.460246e+00 6.821903e-02 -6.791292e+02
6.460246e+00 7.366298e-02 -5.897980e+02
6.460246e+00 7.954136e-02 -5.123135e+02
6.460246e+00 8.588885e-02 -4.286457e+02
6.460246e+00 9.274286e-02 -3.383011e+02
6.460246e+00 1.001438e-01 -2.407469e+02
6.460246e+00 1.081354e-01 -1.927272e+02
6.460246e+00 1.167647e-01 -1.682225e+02
6.460246e+00 1.260827e-01 -1.417624e+02
6.460246e+00 1.361442e-01 -1.131908e+02
6.460246e+00 1.470087e-01 -8.646176e+01
6.460246e+00 1.587401e-01 -7.516177e+01
6.460246e+00 1.714077e-01 -6.296002e+01
6.460246e+00 1.850862e-01 -4.978455e+01
6.460246e+00 1.998563e-01 -3.555767e+01
6.460246e+00 2.158051e-01 -2.960428e+01
6.460246e+00 2.330265e-01 -2.505514e+01
6.460246e+00 2.516223e-01 -2.014298e+01
6.460246e+00 2.717020e-01 -1.483882e+01
6.460246e+00 2.933841e-01 -1.102946e+01
6.460246e+00 3.167964e-01 -9.353857e+00
6.460246e+00 3.420771e-01 -7.544540e+00
6.460246e+00 3.693752e-01 -5.590837e+00
6.460246e+00 3.988518e-01 -3.599618e+00
6.460246e+00 4.306805e-01 -3.110144e+00
6.460246e+00 4.650493e-01 -2.581609e+00
6.460246e+00 5.021607e-01 -2.010896e+00
6.460246e+00 5.422336e-01 -1.394640e+00
6.460246e+00 5.855044e-01 -1.081978e+00
6.460246e+00 6.322283e-01 -9.087601e-01
6.460246e+00 6.826808e-01 -7.217192e-01
6.460246e+00 7.371594e-01 -5.197521e-01
6.460246e+00 7.959855e-01 -3.549711e-01
6.460246e+00 8.595059e-01 -3.024666e-01
6.460246e+00 9.280954e-01 -2.457722e-01
6.460246e+00 1.002158e+00 -1.845535e-01
6.460246e+00 1.082132e+00 -1.184496e-01
6.460246e+00 1.168487e+00 -9.922896e-02
6.460246e+00 1.261733e+00 -8.291689e-02
6.460246e+00 1.362421e+00 -6.530310e-02
6.460246e+00 1.471144e+00 -4.628371e-02
6.460246e+00 1.588542e+00 -3.455660e-02
6.460246e+00 1.715310e+00 -2.960720e-02
6.460246e+00 1.852193e+00 -2.426283e-02
6.460246e+00 2.000000e+00 -1.849197e-02
6.609451e+00 1.000000e-03 -7.179795e+02
6.609451e+00 1.079801e-03 -7.698122e+02
6.609451e+00 1.165970e-03 -8.249168e+02
6.609451e+00 1.259016e-03 -8.834172e+02
6.609451e+00 1.359487e-03 -9.454275e+02
6.609451e+00 1.467975e-03 -1.011052e+03
6.609451e+00 1.585121e-03 -1.080379e+03
6.609451e+00 1.711615e-03 -1.153476e+03
6.609451e+00 1.848204e-03 -1.230390e+03
6.609451e+00 1.995693e-03 -1.311135e+03
6.609451e+00 2.154951e-03 -1.395682e+03
6.609451e+00 2.326918e-03 -1.483966e+03
6.609451e+00 2.512609e-03 -1.575872e+03
6.609451e+00 2.713117e-03 -1.671225e+03
6.609451e+00 2.929627e-03 -1.769794e+03
6.609451e+00 3.163414e-03 -1.871272e+03
6.609451e+00 3.415858e-03 -1.975268e+03
6.609451e+00 3.688447e-03 -2.081317e+03
6.609451e+00 3.982789e-03 -2.188845e+03
6.609451e+00 4.300619e-03 -2.297167e+03
6.609451e+00 4.643813e-03 -2.405503e+03
6.609451e+00 5.014394e-03 -2.512935e+03
6.609451e+00 5.414548e-03 -2.618399e+03
6.609451e+00 5.846635e-03 -2.720733e+03
6.609451e+00 6.313202e-03 -2.818599e+03
6.609451e+00 6.817002e-03 -2.910493e+03
6.609451e+00 7.361006e-03 -2.994836e+03
6.609451e+00 7.948422e-03 -3.069857e+03
6.609451e+00 8.582714e-03 -3.133636e+03
6.609451e+00 9.267624e-03 -3.184263e+03
6.609451e+00 1.000719e-02 -3.219710e+03
6.609451e+00 1.080577e-02 -3.237921e+03
6.609451e+00 1.166809e-02 -3.237055e+03
6.609451e+00 1.259921e-02 -3.215479e+03
6.609451e+00 1.360464e-02 -3.171883e+03
6.609451e+00 1.469030e-02 -3.105496e+03
6.609451e+00 1.586261e-02 -3.016482e+03
6.609451e+00 1.712846e-02 -2.905890e+03
6.609451e+00 1.849533e-02 -2.775458e+03
6.609451e+00 1.997127e-02 -2.628945e+03
6.609451e+00 2.156500e-02 -2.471387e+03
6.609451e+00 2.328591e-02 -2.307641e+03
6.609451e+00 2.514415e-02 -2.144385e+03
6.609451e+00 2.715068e-02 -1.988743e+03
6.609451e+00 2.931733e-02 -1.846064e+03
6.609451e+00 3.165689e-02 -1.720271e+03
6.609451e+00 3.418314e-02 -1.613721e+03
6.609451e+00 3.691099e-02 -1.524767e+03
6.609451e+00 3.985652e-02 -1.448021e+03
6.609451e+00 4.303711e-02 -1.374445e+03
6.609451e+00 4.647152e-02 -1.293066e+03
6.609451e+00 5.017999e-02 -1.194555e+03
6.609451e+00 5.418441e-02 -1.092578e+03
6.609451e+00 5.850838e-02 -1.007596e+03
6.609451e+00 6.317741e-02 -9.158320e+02
6.609451e+00 6.821903e-02 -8.167456e+02
6.609451e+00 7.366298e-02 -7.122001e+02
6.609451e+00 7.954136e-02 -6.243085e+02
6.609451e+00 8.588885e-02 -5.294030e+02
6.609451e+00 9.274286e-02 -4.269241e+02
6.609451e+00 1.001438e-01 -3.162672e+02
6.609451e+00 1.081354e-01 -2.586263e+02
6.609451e+00 1.167647e-01 -2.258927e+02
6.609451e+00 1.260827e-01 -1.905469e+02
6.609451e+00 1.361442e-01 -1.523805e+02
6.609451e+00 1.470087e-01 -1.166554e+02
6.609451e+00 1.587401e-01 -1.014531e+02
6.609451e+00 1.714077e-01 -8.503765e+01
6.609451e+00 1.850862e-01 -6.731223e+01
6.609451e+00 1.998563e-01 -4.817229e+01
6.609451e+00 2.158051e-01 -4.016172e+01
6.609451e+00 2.330265e-01 -3.404001e+01
6.609451e+00 2.516223e-01 -2.742978e+01
6.609451e+00 2.717020e-01 -2.029204e+01
6.609451e+00 2.933841e-01 -1.515690e+01
6.609451e+00 3.167964e-01 -1.288105e+01
6.609451e+00 3.420771e-01 -1.042358e+01
6.609451e+00 3.693752e-01 -7.770008e+00
6.609451e+00 3.988518e-01 -5.063956e+00
6.609451e+00 4.306805e-01 -4.376137e+00
6.609451e+00 4.650493e-01 -3.633429e+00
6.609451e+00 5.021607e-01 -2.831452e+00
6.609451e+00 5.422336e-01 -1.965477e+00
6.609451e+00 5.855044e-01 -1.525529e+00
6.609451e+00 6.322283e-01 -1.281207e+00
6.609451e+00 6.826808e-01 -1.017389e+00
6.609451e+00 7.371594e-01 -7.325181e-01
6.609451e+00 7.959855e-01 -5.001193e-01
6.609451e+00 8.595059e-01 -4.261383e-01
6.609451e+00 9.280954e-01 -3.462537e-01
6.609451e+00 1.002158e+00 -2.599941e-01
6.609451e+00 1.082132e+00 -1.668510e-01
6.609451e+00 1.168487e+00 -1.396195e-01
6.609451e+00 1.261733e+00 -1.164618e-01
6.609451e+00 1.362421e+00 -9.145601e-02
6.609451e+00 1.471144e+00 -6.445475e-02
6.609451e+00 1.588542e+00 -4.787627e-02
6.609451e+00 1.715310e+00 -4.098694e-02
6.609451e+00 1.852193e+00 -3.354782e-02
6.609451e+00 2.000000e+00 -2.551506e-02
6.761640e+00 1.000000e-03 -7.770560e+02
6.761640e+00 1.079801e-03 -8.331633e+02
6.761640e+00 1.165970e-03 -8.928128e+02
6.761640e+00 1.259016e-03 -9.561381e+02
6.761640e+00 1.359487e-03 -1.023263e+03
6.761640e+00 1.467975e-03 -1.094299e+03
6.761640e+00 1.585121e-03 -1.169342e+03
6.761640e+00 1.711615e-03 -1.248465e+03
6.761640e+00 1.848204e-03 -1.331720e+03
6.761640e+00 1.995693e-03 -1.419120e+03
6.761640e+00 2.154951e-03 -1.510636e+03
6.761640e+00 2.326918e-03 -1.606198e+03
6.761640e+00 2.512609e-03 -1.705680e+03
6.761640e+00 2.713117e-03 -1.808891e+03
6.761640e+00 2.929627e-03 -1.915584e+03
6.761640e+00 3.163414e-03 -2.025426e+03
6.761640e+00 3.415858e-03 -2.137993e+03
6.761640e+00 3.688447e-03 -2.252782e+03
6.761640e+00 3.982789e-03 -2.369171e+03
6.761640e+00 4.300619e-03 -2.486419e+03
6.761640e+00 4.643813e-03 -2.603684e+03
6.761640e+00 5.014394e-03 -2.719969e+03
6.761640e+00 5.414548e-03 -2.834123e+03
6.761640e+00 5.846635e-03 -2.944891e+03
6.761640e+00 6.313202e-03 -3.050821e+03
6.761640e+00 6.817002e-03 -3.150288e+03
6.761640e+00 7.361006e-03 -3.241581e+03
6.761640e+00 7.948422e-03 -3.322784e+03
6.761640e+00 8.582714e-03 -3.391818e+03
6.761640e+00 9.267624e-03 -3.446618e+03
6.761640e+00 1.000719e-02 -3.484987e+03
6.761640e+00 1.080577e-02 -3.504699e+03
6.761640e+00 1.166809e-02 -3.503764e+03
6.761640e+00 1.259921e-02 -3.480410e+03
6.761640e+00 1.360464e-02 -3.433222e+03
6.761640e+00 1.469030e-02 -3.361366e+03
6.761640e+00 1.586261e-02 -3.265018e+03
6.761640e+00 1.712846e-02 -3.145314e+03
6.761640e+00 1.849533e-02 -3.004136e+03
6.761640e+00 1.997127e-02 -2.845552e+03
6.761640e+00 2.156500e-02 -2.675012e+03
6.761640e+00 2.328591e-02 -2.497775e+03
6.761640e+00 2.514415e-02 -2.321067e+03
6.761640e+00 2.715068e-02 -2.152601e+03
6.761640e+00 2.931733e-02 -1.998167e+03
6.761640e+00 3.165689e-02 -1.862009e+03
6.761640e+00 3.418314e-02 -1.746680e+03
6.761640e+00 3.691099e-02 -1.650397e+03
6.761640e+00 3.985652e-02 -1.567328e+03
6.761640e+00 4.303711e-02 -1.487690e+03
6.761640e+00 4.647152e-02 -1.399605e+03
6.761640e+00 5.017999e-02 -1.292978e+03
6.761640e+00 5.418441e-02 -1.183794e+03
6.761640e+00 5.850838e-02 -1.095141e+03
6.761640e+00 6.317741e-02 -9.994121e+02
6.761640e+00 6.821903e-02 -8.960445e+02
6.761640e+00 7.366298e-02 -7.869330e+02
6.761640e+00 7.954136e-02 -6.946936e+02
6.761640e+00 8.588885e-02 -5.950933e+02
6.761640e+00 9.274286e-02 -4.875449e+02
6.761640e+00 1.001438e-01 -3.714140e+02
6.761640e+00 1.081354e-01 -3.088043e+02
6.761640e+00 1.167647e-01 -2.711548e+02
6.761640e+00 1.260827e-01 -2.305008e+02
6.761640e+00 1.361442e-01 -1.866026e+02
6.761640e+00 1.470087e-01 -1.452675e+02
6.761640e+00 1.587401e-01 -1.264748e+02
6.761640e+00 1.714077e-01 -1.061824e+02
6.761640e+00 1.850862e-01 -8.427060e+01
6.761640e+00 1.998563e-01 -6.061027e+01
6.761640e+00 2.158051e-01 -5.061070e+01
6.761640e+00 2.330265e-01 -4.291895e+01
6.761640e+00 2.516223e-01 -3.461340e+01
6.761640e+00 2.717020e-01 -2.564505e+01
6.761640e+00 2.933841e-01 -1.920087e+01
6.761640e+00 3.167964e-01 -1.636006e+01
6.761640e+00 3.420771e-01 -1.329255e+01
6.761640e+00 3.693752e-01 -9.980253e+00
6.761640e+00 3.988518e-01 -6.599944e+00
6.761640e+00 4.306805e-01 -5.703524e+00
6.761640e+00 4.650493e-01 -4.735568e+00
6.761640e+00 5.021607e-01 -3.690368e+00
6.761640e+00 5.422336e-01 -2.561760e+00
6.761640e+00 5.855044e-01 -1.988552e+00
6.761640e+00 6.322283e-01 -1.670393e+00
6.761640e+00 6.826808e-01 -1.326844e+00
6.761640e+00 7.371594e-01 -9.558798e-01
6.761640e+00 7.959855e-01 -6.531032e-01
6.761640e+00 8.595059e-01 -5.562740e-01
6.761640e+00 9.280954e-01 -4.517178e-01
6.761640e+00 1.002158e+00 -3.388179e-01
6.761640e+00 1.082132e+00 -2.169084e-01
6.761640e+00 1.168487e+00 -1.813896e-01
6.761640e+00 1.261733e+00 -1.512227e-01
6.761640e+00 1.362421e+00 -1.186486e-01
6.761640e+00 1.471144e+00 -8.347495e-02
6.761640e+00 1.588542e+00 -6.186376e-02
6.761640e+00 1.715310e+00 -5.285998e-02
6.761640e+00 1.852193e+00 -4.313768e-02
6.761640e+00 2.000000e+00 -3.263953e-02
6.916873e+00 1.000000e-03 -7.796305e+02
6.916873e+00 1.079801e-03 -8.359338e+02
6.916873e+00 1.165970e-03 -8.957920e+02
6.916873e+00 1.259016e-03 -9.593390e+02
6.916873e+00 1.359487e-03 -1.026698e+03
6.916873e+00 1.467975e-03 -1.097983e+03
6.916873e+00 1.585121e-03 -1.173287e+03
6.916873e+00 1.711615e-03 -1.252684e+03
6.916873e+00 1.848204e-03 -1.336227e+03
6.916873e+00 1.995693e-03 -1.423930e+03
6.916873e+00 2.154951e-03 -1.515762e+03
6.916873e+00 2.326918e-03 -1.611654e+03
6.916873e+00 2.512609e-03 -1.711478e+03
6.916873e+00 2.713117e-03 -1.815046e+03
6.916873e+00 2.929627e-03 -1.922107e+03
6.916873e+00 3.163414e-03 -2.032327e+03
6.916873e+00 3.415858e-03 -2.145281e+03
6.916873e+00 3.688447e-03 -2.260465e+03
6.916873e+00 3.982789e-03 -2.377254e+03
6.916873e+00 4.300619e-03 -2.494905e+03
6.916873e+00 4.643813e-03 -2.612573e+03
6.916873e+00 5.014394e-03 -2.729257e+03
6.916873e+00 5.414548e-03 -2.843804e+03
6.916873e+00 5.846635e-03 -2.954951e+03
6.916873e+00 6.313202e-03 -3.061245e+03
6.916873e+00 6.817002e-03 -3.161054e+03
6.916873e+00 7.361006e-03 -3.252660e+03
6.916873e+00 7.948422e-03 -3.334141e+03
6.916873e+00 8.582714e-03 -3.403412e+03
6.916873e+00 9.267624e-03 -3.458400e+03
6.916873e+00 1.000719e-02 -3.496902e+03
6.916873e+00 1.080577e-02 -3.516683e+03
6.916873e+00 1.166809e-02 -3.515745e+03
6.916873e+00 1.259921e-02 -3.492313e+03
6.916873e+00 1.360464e-02 -3.444964e+03
6.916873e+00 1.469030e-02 -3.372862e+03
6.916873e+00 1.586261e-02 -3.276185e+03
6.916873e+00 1.712846e-02 -3.156072e+03
6.916873e+00 1.849533e-02 -3.014411e+03
6.916873e+00 1.997127e-02 -2.855285e+03
6.916873e+00 2.156500e-02 -2.684162e+03
6.916873e+00 2.328591e-02 -2.506318e+03
6.916873e+00 2.514415e-02 -2.329006e+03
6.916873e+00 2.715068e-02 -2.159964e+03
6.916873e+00 2.931733e-02 -2.005002e+03
6.916873e+00 3.165689e-02 -1.868378e+03
6.916873e+00 3.418314e-02 -1.752655e+03
6.916873e+00 3.691099e-02 -1.656042e+03
6.916873e+00 3.985652e-02 -1.572689e+03
6.916873e+00 4.303711e-02 -1.492778e+03
6.916873e+00 4.647152e-02 -1.404393e+03
6.916873e+00 5.017999e-02 -1.297401e+03
6.916873e+00 5.418441e-02 -1.190521e+03
6.916873e+00 5.850838e-02 -1.109017e+03
6.916873e+00 6.317741e-02 -1.021010e+03
6.916873e+00 6.821903e-02 -9.259792e+02
6.916873e+00 7.366298e-02 -8.250464e+02
6.916873e+00 7.954136e-02 -7.332256e+02
6.916873e+00 8.588885e-02 -6.340773e+02
6.916873e+00 9.274286e-02 -5.270170e+02
6.916873e+00 1.001438e-01 -4.114131e+02
6.916873e+00 1.081354e-01 -3.470846e+02
6.916873e+00 1.167647e-01 -3.064876e+02
6.916873e+00 1.260827e-01 -2.626508e+02
6.916873e+00 1.361442e-01 -2.153159e+02
6.916873e+00 1.470087e-01 -1.704430e+02
6.916873e+00 1.587401e-01 -1.485679e+02
6.916873e+00 1.714077e-01 -1.249473e+02
6.916873e+00 1.850862e-01 -9.944168e+01
6.916873e+00 1.998563e-01 -7.190070e+01
6.916873e+00 2.158051e-01 -6.014518e+01
6.916873e+00 2.330265e-01 -5.104361e+01
6.916873e+00 2.516223e-01 -4.121572e+01
6.916873e+00 2.717020e-01 -3.060355e+01
6.916873e+00 2.933841e-01 -2.298120e+01
6.916873e+00 3.167964e-01 -1.962675e+01
6.916873e+00 3.420771e-01 -1.600461e+01
6.916873e+00 3.693752e-01 -1.209341e+01
6.916873e+00 3.988518e-01 -8.099240e+00
6.916873e+00 4.306805e-01 -7.000356e+00
6.916873e+00 4.650493e-01 -5.813779e+00
6.916873e+00 5.021607e-01 -4.532513e+00
6.916873e+00 5.422336e-01 -3.149000e+00
6.916873e+00 5.855044e-01 -2.445897e+00
6.916873e+00 6.322283e-01 -2.055213e+00
6.916873e+00 6.826808e-01 -1.633352e+00
6.916873e+00 7.371594e-01 -1.177826e+00
6.916873e+00 7.959855e-01 -8.058259e-01
6.916873e+00 8.595059e-01 -6.862220e-01
6.916873e+00 9.280954e-01 -5.570735e-01
6.916873e+00 1.002158e+00 -4.176189e-01
6.916873e+00 1.082132e+00 -2.670357e-01
6.916873e+00 1.168487e+00 -2.231827e-01
6.916873e+00 1.261733e+00 -1.859439e-01
6.916873e+00 1.362421e+00 -1.457334e-01
6.916873e+00 1.471144e+00 -1.023140e-01
6.916873e+00 1.588542e+00 -7.562934e-02
6.916873e+00 1.715310e+00 -6.450073e-02
6.916873e+00 1.852193e+00 -5.248405e-02
6.916873e+00 2.000000e+00 -3.950841e-02
7.075210e+00 1.000000e-03 -7.609074e+02
7.075210e+00 1.079801e-03 -8.158686e+02
7.075210e+00 1.165970e-03 -8.743004e+02
7.075210e+00 1.259016e-03 -9.363333e+02
7.075210e+00 1.359487e-03 -1.002088e+03
7.075210e+00 1.467975e-03 -1.071673e+03
7.075210e+00 1.585121e-03 -1.145181e+03
7.075210e+00 1.711615e-03 -1.222684e+03
7.075210e+00 1.848204e-03 -1.304234e+03
7.075210e+00 1.995693e-03 -1.389843e+03
7.075210e+00 2.154951e-03 -1.479482e+03
7.075210e+00 2.326918e-03 -1.573084e+03
7.075210e+00 2.512609e-03 -1.670526e+03
7.075210e+00 2.713117e-03 -1.771621e+03
7.075210e+00 2.929627e-03 -1.876125e+03
7.075210e+00 3.163414e-03 -1.983712e+03
7.075210e+00 3.415858e-03 -2.093968e+03
7.075210e+00 3.688447e-03 -2.206400e+03
7.075210e+00 3.982789e-03 -2.320400e+03
7.075210e+00 4.300619e-03 -2.435240e+03
7.075210e+00 4.643813e-03 -2.550097e+03
7.075210e+00 5.014394e-03 -2.663993e+03
7.075210e+00 5.414548e-03 -2.775802e+03
7.075210e+00 5.846635e-03 -2.884295e+03
7.075210e+00 6.313202e-03 -2.988049e+03
7.075210e+00 6.817002e-03 -3.085472e+03
7.075210e+00 7.361006e-03 -3.174889e+03
7.075210e+00 7.948422e-03 -3.254423e+03
7.075210e+00 8.582714e-03 -3.322039e+03
7.075210e+00 9.267624e-03 -3.375713e+03
7.075210e+00 1.000719e-02 -3.413296e+03
7.075210e+00 1.080577e-02 -3.432606e+03
7.075210e+00 1.166809e-02 -3.431691e+03
7.075210e+00 1.259921e-02 -3.408819e+03
7.075210e+00 1.360464e-02 -3.362603e+03
7.075210e+00 1.469030e-02 -3.292225e+03
7.075210e+00 1.586261e-02 -3.197860e+03
7.075210e+00 1.712846e-02 -3.080618e+03
7.075210e+00 1.849533e-02 -2.942344e+03
7.075210e+00 1.997127e-02 -2.787023e+03
7.075210e+00 2.156500e-02 -2.619991e+03
7.075210e+00 2.328591e-02 -2.446399e+03
7.075210e+00 2.514415e-02 -2.273326e+03
7.075210e+00 2.715068e-02 -2.108326e+03
7.075210e+00 2.931733e-02 -1.957068e+03
7.075210e+00 3.165689e-02 -1.823711e+03
7.075210e+00 3.418314e-02 -1.710754e+03
7.075210e+00 3.691099e-02 -1.616451e+03
7.075210e+00 3.985652e-02 -1.535091e+03
7.075210e+00 4.303711e-02 -1.457090e+03
7.075210e+00 4.647152e-02 -1.370818e+03
7.075210e+00 5.017999e-02 -1.266384e+03
7.075210e+00 5.418441e-02 -1.163751e+03
7.075210e+00 5.850838e-02 -1.088910e+03
7.075210e+00 6.317741e-02 -1.008096e+03
7.075210e+00 6.821903e-02 -9.208334e+02
7.075210e+00 7.366298e-02 -8.278265e+02
7.075210e+00 7.954136e-02 -7.398507e+02
7.075210e+00 8.588885e-02 -6.448543e+02
7.075210e+00 9.274286e-02 -5.422771e+02
7.075210e+00 1.001438e-01 -4.315142e+02
7.075210e+00 1.081354e-01 -3.679477e+02
7.075210e+00 1.167647e-01 -3.260432e+02
7.075210e+00 1.260827e-01 -2.807947e+02
7.075210e+00 1.361442e-01 -2.319352e+02
7.075210e+00 1.470087e-01 -1.854801e+02
7.075210e+00 1.587401e-01 -1.621684e+02
7.075210e+00 1.714077e-01 -1.369965e+02
7.075210e+00 1.850862e-01 -1.098159e+02
7.075210e+00 1.998563e-01 -8.046617e+01
7.075210e+00 2.158051e-01 -6.762030e+01
7.075210e+00 2.330265e-01 -5.751369e+01
7.075210e+00 2.516223e-01 -4.660055e+01
7.075210e+00 2.717020e-01 -3.481654e+01
7.075210e+00 2.933841e-01 -2.631824e+01
7.075210e+00 3.167964e-01 -2.251285e+01
7.075210e+00 3.420771e-01 -1.840378e+01
7.075210e+00 3.693752e-01 -1.396680e+01
7.075210e+00 3.988518e-01 -9.433768e+00
7.075210e+00 4.306805e-01 -8.158108e+00
7.075210e+00 4.650493e-01 -6.780649e+00
7.075210e+00 5.021607e-01 -5.293268e+00
7.075210e+00 5.422336e-01 -3.687193e+00
7.075210e+00 5.855044e-01 -2.868169e+00
7.075210e+00 6.322283e-01 -2.410286e+00
7.075210e+00 6.826808e-01 -1.915863e+00
7.075210e+00 7.371594e-01 -1.381984e+00
7.075210e+00 7.959855e-01 -9.459776e-01
7.075210e+00 8.595059e-01 -8.057269e-01
7.075210e+00 9.280954e-01 -6.542841e-01
7.075210e+00 1.002158e+00 -4.907559e-01
7.075210e+00 1.082132e+00 -3.141781e-01
7.075210e+00 1.168487e+00 -2.624622e-01
7.075210e+00 1.261733e+00 -2.184540e-01
7.075210e+00 1.362421e+00 -1.709340e-01
7.075210e+00 1.471144e+00 -1.196217e-01
7.075210e+00 1.588542e+00 -8.812585e-02
7.075210e+00 1.715310e+00 -7.505170e-02
7.075210e+00 1.852193e+00 -6.093421e-02
7.075210e+00 2.000000e+00 -4.569013e-02
7.236714e+00 1.000000e-03 -7.287802e+02
7.236714e+00 1.079801e-03 -7.814307e+02
7.236714e+00 1.165970e-03 -8.374062e+02
7.236714e+00 1.259016e-03 -8.968318e+02
7.236714e+00 1.359487e-03 -9.598222e+02
7.236714e+00 1.467975e-03 -1.026482e+03
7.236714e+00 1.585121e-03 -1.096899e+03
7.236714e+00 1.711615e-03 -1.171143e+03
7.236714e+00 1.848204e-03 -1.249261e+03
7.236714e+00 1.995693e-03 -1.331268e+03
7.236714e+00 2.154951e-03 -1.417136e+03
7.236714e+00 2.326918e-03 -1.506799e+03
7.236714e+00 2.512609e-03 -1.600140e+03
7.236714e+00 2.713117e-03 -1.696981e+03
7.236714e+00 2.929627e-03 -1.797087e+03
7.236714e+00 3.163414e-03 -1.900146e+03
7.236714e+00 3.415858e-03 -2.005761e+03
7.236714e+00 3.688447e-03 -2.113461e+03
7.236714e+00 3.982789e-03 -2.222662e+03
7.236714e+00 4.300619e-03 -2.332668e+03
7.236714e+00 4.643813e-03 -2.442689e+03
7.236714e+00 5.014394e-03 -2.551791e+03
7.236714e+00 5.414548e-03 -2.658893e+03
7.236714e+00 5.846635e-03 -2.762818e+03
7.236714e+00 6.313202e-03 -2.862204e+03
7.236714e+00 6.817002e-03 -2.955526e+03
7.236714e+00 7.361006e-03 -3.041178e+03
7.236714e+00 7.948422e-03 -3.117363e+03
7.236714e+00 8.582714e-03 -3.182132e+03
7.236714e+00 9.267624e-03 -3.233548e+03
7.236714e+00 1.000719e-02 -3.269549e+03
7.236714e+00 1.080577e-02 -3.288047e+03
7.236714e+00 1.166809e-02 -3.287172e+03
7.236714e+00 1.259921e-02 -3.265264e+03
7.236714e+00 1.360464e-02 -3.220994e+03
7.236714e+00 1.469030e-02 -3.153581e+03
7.236714e+00 1.586261e-02 -3.063189e+03
7.236714e+00 1.712846e-02 -2.950886e+03
7.236714e+00 1.849533e-02 -2.818435e+03
7.236714e+00 1.997127e-02 -2.669655e+03
7.236714e+00 2.156500e-02 -2.509657e+03
7.236714e+00 2.328591e-02 -2.343376e+03
7.236714e+00 2.514415e-02 -2.177591e+03
7.236714e+00 2.715068e-02 -2.019539e+03
7.236714e+00 2.931733e-02 -1.874652e+03
7.236714e+00 3.165689e-02 -1.746910e+03
7.236714e+00 3.418314e-02 -1.638710e+03
7.236714e+00 3.691099e-02 -1.548379e+03
7.236714e+00 3.985652e-02 -1.470445e+03
7.236714e+00 4.303711e-02 -1.395729e+03
7.236714e+00 4.647152e-02 -1.313090e+03
7.236714e+00 5.017999e-02 -1.213053e+03
7.236714e+00 5.418441e-02 -1.115532e+03
7.236714e+00 5.850838e-02 -1.046039e+03
7.236714e+00 6.317741e-02 -9.710004e+02
7.236714e+00 6.821903e-02 -8.899735e+02
7.236714e+00 7.366298e-02 -8.035970e+02
7.236714e+00 7.954136e-02 -7.217278e+02
7.236714e+00 8.588885e-02 -6.333253e+02
7.236714e+00 9.274286e-02 -5.378682e+02
7.236714e+00 1.001438e-01 -4.347935e+02
7.236714e+00 1.081354e-01 -3.741603e+02
7.236714e+00 1.167647e-01 -3.328618e+02
7.236714e+00 1.260827e-01 -2.882677e+02
7.236714e+00 1.361442e-01 -2.401149e+02
7.236714e+00 1.470087e-01 -1.941553e+02
7.236714e+00 1.587401e-01 -1.702392e+02
7.236714e+00 1.714077e-01 -1.444147e+02
7.236714e+00 1.850862e-01 -1.165293e+02
7.236714e+00 1.998563e-01 -8.641861e+01
7.236714e+00 2.158051e-01 -7.292877e+01
7.236714e+00 2.330265e-01 -6.216229e+01
7.236714e+00 2.516223e-01 -5.053663e+01
7.236714e+00 2.717020e-01 -3.798324e+01
7.236714e+00 2.933841e-01 -2.889264e+01
7.236714e+00 3.167964e-01 -2.475077e+01
7.236714e+00 3.420771e-01 -2.027838e+01
7.236714e+00 3.693752e-01 -1.544908e+01
7.236714e+00 3.988518e-01 -1.051360e+01
7.236714e+00 4.306805e-01 -9.100499e+00
7.236714e+00 4.650493e-01 -7.574632e+00
7.236714e+00 5.021607e-01 -5.926998e+00
7.236714e+00 5.422336e-01 -4.147881e+00
7.236714e+00 5.855044e-01 -3.235675e+00
7.236714e+00 6.322283e-01 -2.720823e+00
7.236714e+00 6.826808e-01 -2.164885e+00
7.236714e+00 7.371594e-01 -1.564583e+00
7.236714e+00 7.959855e-01 -1.073855e+00
7.236714e+00 8.595059e-01 -9.145270e-01
7.236714e+00 9.280954e-01 -7.424843e-01
7.236714e+00 1.002158e+00 -5.567125e-01
7.236714e+00 1.082132e+00 -3.561158e-01
7.236714e+00 1.168487e+00 -2.973436e-01
7.236714e+00 1.261733e+00 -2.473238e-01
7.236714e+00 1.362421e+00 -1.933124e-01
7.236714e+00 1.471144e+00 -1.349909e-01
7.236714e+00 1.588542e+00 -9.920894e-02
7.236714e+00 1.715310e+00 -8.438072e-02
7.236714e+00 1.852193e+00 -6.836920e-02
7.236714e+00 2.000000e+00 -5.107994e-02
7.401449e+00 1.000000e-03 -6.792081e+02
7.401449e+00 1.079801e-03 -7.282866e+02
7.401449e+00 1.165970e-03 -7.804651e+02
7.401449e+00 1.259016e-03 -8.358599e+02
7.401449e+00 1.359487e-03 -8.945776e+02
7.401449e+00 1.467975e-03 -9.567152e+02
7.401449e+00 1.585121e-03 -1.022355e+03
7.401449e+00 1.711615e-03 -1.091561e+03
7.401449e+00 1.848204e-03 -1.164378e+03
7.401449e+00 1.995693e-03 -1.240819e+03
7.401449e+00 2.154951e-03 -1.320857e+03
7.401449e+00 2.326918e-03 -1.404435e+03
7.401449e+00 2.512609e-03 -1.491440e+03
7.401449e+00 2.713117e-03 -1.581708e+03
7.401449e+00 2.929627e-03 -1.675018e+03
7.401449e+00 3.163414e-03 -1.771081e+03
7.401449e+00 3.415858e-03 -1.869526e+03
7.401449e+00 3.688447e-03 -1.969913e+03
7.401449e+00 3.982789e-03 -2.071701e+03
7.401449e+00 4.300619e-03 -2.174238e+03
7.401449e+00 4.643813e-03 -2.276790e+03
7.401449e+00 5.014394e-03 -2.378484e+03
7.401449e+00 5.414548e-03 -2.478315e+03
7.401449e+00 5.846635e-03 -2.575183e+03
7.401449e+00 6.313202e-03 -2.667821e+03
7.401449e+00 6.817002e-03 -2.754807e+03
7.401449e+00 7.361006e-03 -2.834643e+03
7.401449e+00 7.948422e-03 -2.905655e+03
7.401449e+00 8.582714e-03 -2.966026e+03
7.401449e+00 9.267624e-03 -3.013951e+03
7.401449e+00 1.000719e-02 -3.047509e+03
7.401449e+00 1.080577e-02 -3.064752e+03
7.401449e+00 1.166809e-02 -3.063938e+03
7.401449e+00 1.259921e-02 -3.043518e+03
7.401449e+00 1.360464e-02 -3.002255e+03
7.401449e+00 1.469030e-02 -2.939420e+03
7.401449e+00 1.586261e-02 -2.855167e+03
7.401449e+00 1.712846e-02 -2.750490e+03
7.401449e+00 1.849533e-02 -2.627035e+03
7.401449e+00 1.997127e-02 -2.488358e+03
7.401449e+00 2.156500e-02 -2.339226e+03
7.401449e+00 2.328591e-02 -2.184237e+03
7.401449e+00 2.514415e-02 -2.029711e+03
7.401449e+00 2.715068e-02 -1.882393e+03
7.401449e+00 2.931733e-02 -1.747344e+03
7.401449e+00 3.165689e-02 -1.628278e+03
7.401449e+00 3.418314e-02 -1.527426e+03
7.401449e+00 3.691099e-02 -1.443229e+03
7.401449e+00 3.985652e-02 -1.370587e+03
7.401449e+00 4.303711e-02 -1.300945e+03
7.401449e+00 4.647152e-02 -1.223918e+03
7.401449e+00 5.017999e-02 -1.130675e+03
7.401449e+00 5.418441e-02 -1.040559e+03
7.401449e+00 5.850838e-02 -9.779625e+02
7.401449e+00 6.317741e-02 -9.103711e+02
7.401449e+00 6.821903e-02 -8.373859e+02
7.401449e+00 7.366298e-02 -7.595200e+02
7.401449e+00 7.954136e-02 -6.850754e+02
7.401449e+00 8.588885e-02 -6.046902e+02
7.401449e+00 9.274286e-02 -5.178901e+02
7.401449e+00 1.001438e-01 -4.241632e+02
7.401449e+00 1.081354e-01 -3.679141e+02
7.401449e+00 1.167647e-01 -3.286253e+02
7.401449e+00 1.260827e-01 -2.862013e+02
7.401449e+00 1.361442e-01 -2.403918e+02
7.401449e+00 1.470087e-01 -1.964864e+02
7.401449e+00 1.587401e-01 -1.727608e+02
7.401449e+00 1.714077e-01 -1.471418e+02
7.401449e+00 1.850862e-01 -1.194785e+02
7.401449e+00 1.998563e-01 -8.960756e+01
7.401449e+00 2.158051e-01 -7.592718e+01
7.401449e+00 2.330265e-01 -6.486518e+01
7.401449e+00 2.516223e-01 -5.292043e+01
7.401449e+00 2.717020e-01 -4.002247e+01
7.401449e+00 2.933841e-01 -3.064836e+01
7.401449e+00 3.167964e-01 -2.631288e+01
7.401449e+00 3.420771e-01 -2.163143e+01
7.401449e+00 3.693752e-01 -1.657640e+01
7.401449e+00 3.988518e-01 -1.140711e+01
7.401449e+00 4.306805e-01 -9.880952e+00
7.401449e+00 4.650493e-01 -8.233009e+00
7.401449e+00 5.021607e-01 -6.453558e+00
7.401449e+00 5.422336e-01 -4.532106e+00
7.401449e+00 5.855044e-01 -3.543320e+00
7.401449e+00 6.322283e-01 -2.981713e+00
7.401449e+00 6.826808e-01 -2.375290e+00
7.401449e+00 7.371594e-01 -1.720473e+00
7.401449e+00 7.959855e-01 -1.184615e+00
7.401449e+00 8.595059e-01 -1.008871e+00
7.401449e+00 9.280954e-01 -8.191029e-01
7.401449e+00 1.002158e+00 -6.141909e-01
7.401449e+00 1.082132e+00 -3.929268e-01
7.401449e+00 1.168487e+00 -3.279692e-01
7.401449e+00 1.261733e+00 -2.726445e-01
7.401449e+00 1.362421e+00 -2.129048e-01
7.401449e+00 1.471144e+00 -1.483978e-01
7.401449e+00 1.588542e+00 -1.088545e-01
7.401449e+00 1.715310e+00 -9.251944e-02
7.401449e+00 1.852193e+00 -7.488081e-02
7.401449e+00 2.000000e+00 -5.583459e-02
7.569477e+00 1.000000e-03 -6.236937e+02
7.569477e+00 1.079801e-03 -6.687696e+02
7.569477e+00 1.165970e-03 -7.166932e+02
7.569477e+00 1.259016e-03 -7.675710e+02
7.569477e+00 1.359487e-03 -8.215008e+02
7.569477e+00 1.467975e-03 -8.785713e+02
7.569477e+00 1.585121e-03 -9.388577e+02
7.569477e+00 1.711615e-03 -1.002419e+03
7.569477e+00 1.848204e-03 -1.069296e+03
7.569477e+00 1.995693e-03 -1.139500e+03
7.569477e+00 2.154951e-03 -1.213009e+03
7.569477e+00 2.326918e-03 -1.289767e+03
7.569477e+00 2.512609e-03 -1.369674e+03
7.569477e+00 2.713117e-03 -1.452577e+03
7.569477e+00 2.929627e-03 -1.538274e+03
7.569477e+00 3.163414e-03 -1.626498e+03
7.569477e+00 3.415858e-03 -1.716910e+03
7.569477e+00 3.688447e-03 -1.809106e+03
7.569477e+00 3.982789e-03 -1.902587e+03
7.569477e+00 4.300619e-03 -1.996757e+03
7.569477e+00 4.643813e-03 -2.090940e+03
7.569477e+00 5.014394e-03 -2.184335e+03
7.569477e+00 5.414548e-03 -2.276019e+03
7.569477e+00 5.846635e-03 -2.364982e+03
7.569477e+00 6.313202e-03 -2.450061e+03
7.569477e+00 6.817002e-03 -2.529947e+03
7.569477e+00 7.361006e-03 -2.603268e+03
7.569477e+00 7.948422e-03 -2.668484e+03
7.569477e+00 8.582714e-03 -2.723929e+03
7.569477e+00 9.267624e-03 -2.767943e+03
7.569477e+00 1.000719e-02 -2.798763e+03
7.569477e+00 1.080577e-02 -2.814600e+03
7.569477e+00 1.166809e-02 -2.813853e+03
7.569477e+00 1.259921e-02 -2.795101e+03
7.569477e+00 1.360464e-02 -2.757206e+03
7.569477e+00 1.469030e-02 -2.699500e+03
7.569477e+00 1.586261e-02 -2.622124e+03
7.569477e+00 1.712846e-02 -2.525992e+03
7.569477e+00 1.849533e-02 -2.412613e+03
7.569477e+00 1.997127e-02 -2.285255e+03
7.569477e+00 2.156500e-02 -2.148296e+03
7.569477e+00 2.328591e-02 -2.005957e+03
7.569477e+00 2.514415e-02 -1.864044e+03
7.569477e+00 2.715068e-02 -1.728750e+03
7.569477e+00 2.931733e-02 -1.604724e+03
7.569477e+00 3.165689e-02 -1.495376e+03
7.569477e+00 3.418314e-02 -1.402756e+03
7.569477e+00 3.691099e-02 -1.325431e+03
7.569477e+00 3.985652e-02 -1.258718e+03
7.569477e+00 4.303711e-02 -1.194761e+03
7.569477e+00 4.647152e-02 -1.124020e+03
7.569477e+00 5.017999e-02 -1.038388e+03
7.569477e+00 5.418441e-02 -9.564839e+02
7.569477e+00 5.850838e-02 -9.013823e+02
7.569477e+00 6.317741e-02 -8.418835e+02
7.569477e+00 6.821903e-02 -7.776367e+02
7.569477e+00 7.366298e-02 -7.088971e+02
7.569477e+00 7.954136e-02 -6.411485e+02
7.569477e+00 8.588885e-02 -5.679935e+02
7.569477e+00 9.274286e-02 -4.890007e+02
7.569477e+00 1.001438e-01 -4.037041e+02
7.569477e+00 1.081354e-01 -3.521997e+02
7.569477e+00 1.167647e-01 -3.159548e+02
7.569477e+00 1.260827e-01 -2.768177e+02
7.569477e+00 1.361442e-01 -2.345573e+02
7.569477e+00 1.470087e-01 -1.938560e+02
7.569477e+00 1.587401e-01 -1.709141e+02
7.569477e+00 1.714077e-01 -1.461414e+02
7.569477e+00 1.850862e-01 -1.193918e+02
7.569477e+00 1.998563e-01 -9.050761e+01
7.569477e+00 2.158051e-01 -7.701037e+01
7.569477e+00 2.330265e-01 -6.596990e+01
7.569477e+00 2.516223e-01 -5.404839e+01
7.569477e+00 2.717020e-01 -4.117553e+01
7.569477e+00 2.933841e-01 -3.177197e+01
7.569477e+00 3.167964e-01 -2.733281e+01
7.569477e+00 3.420771e-01 -2.253942e+01
7.569477e+00 3.693752e-01 -1.736350e+01
7.569477e+00 3.988518e-01 -1.206783e+01
7.569477e+00 4.306805e-01 -1.046346e+01
7.569477e+00 4.650493e-01 -8.731071e+00
7.569477e+00 5.021607e-01 -6.860432e+00
7.569477e+00 5.422336e-01 -4.840514e+00
7.569477e+00 5.855044e-01 -3.795208e+00
7.569477e+00 6.322283e-01 -3.195779e+00
7.569477e+00 6.826808e-01 -2.548516e+00
7.569477e+00 7.371594e-01 -1.849600e+00
7.569477e+00 7.959855e-01 -1.277159e+00
7.569477e+00 8.595059e-01 -1.087882e+00
7.569477e+00 9.280954e-01 -8.834991e-01
7.569477e+00 1.002158e+00 -6.628067e-01
7.569477e+00 1.082132e+00 -4.245028e-01
7.569477e+00 1.168487e+00 -3.543156e-01
7.569477e+00 1.261733e+00 -2.944654e-01
7.569477e+00 1.362421e+00 -2.298392e-01
7.569477e+00 1.471144e+00 -1.600558e-01
7.569477e+00 1.588542e+00 -1.172788e-01
7.569477e+00 1.715310e+00 -9.960900e-02
7.569477e+00 1.852193e+00 -8.052918e-02
7.569477e+00 2.000000e+00 -5.992677e-02
7.740867e+00 1.000000e-03 -5.688438e+02
7.740867e+00 1.079801e-03 -6.099637e+02
7.740867e+00 1.165970e-03 -6.536819e+02
7.740867e+00 1.259016e-03 -7.000954e+02
7.740867e+00 1.359487e-03 -7.492931e+02
7.740867e+00 1.467975e-03 -8.013556e+02
7.740867e+00 1.585121e-03 -8.563512e+02
7.740867e+00 1.711615e-03 -9.143334e+02
7.740867e+00 1.848204e-03 -9.753399e+02
7.740867e+00 1.995693e-03 -1.039381e+03
7.740867e+00 2.154951e-03 -1.106436e+03
7.740867e+00 2.326918e-03 -1.176456e+03
7.740867e+00 2.512609e-03 -1.249347e+03
7.740867e+00 2.713117e-03 -1.324972e+03
7.740867e+00 2.929627e-03 -1.403144e+03
7.740867e+00 3.163414e-03 -1.483622e+03
7.740867e+00 3.415858e-03 -1.566096e+03
7.740867e+00 3.688447e-03 -1.650196e+03
7.740867e+00 3.982789e-03 -1.735469e+03
7.740867e+00 4.300619e-03 -1.821370e+03
7.740867e+00 4.643813e-03 -1.907283e+03
7.740867e+00 5.014394e-03 -1.992476e+03
7.740867e+00 5.414548e-03 -2.076109e+03
7.740867e+00 5.846635e-03 -2.157260e+03
7.740867e+00 6.313202e-03 -2.234868e+03
7.740867e+00 6.817002e-03 -2.307739e+03
7.740867e+00 7.361006e-03 -2.374621e+03
7.740867e+00 7.948422e-03 -2.434110e+03
7.740867e+00 8.582714e-03 -2.484685e+03
7.740867e+00 9.267624e-03 -2.524834e+03
7.740867e+00 1.000719e-02 -2.552949e+03
7.740867e+00 1.080577e-02 -2.567397e+03
7.740867e+00 1.166809e-02 -2.566716e+03
7.740867e+00 1.259921e-02 -2.549611e+03
7.740867e+00 1.360464e-02 -2.515045e+03
7.740867e+00 1.469030e-02 -2.462407e+03
7.740867e+00 1.586261e-02 -2.391828e+03
7.740867e+00 1.712846e-02 -2.304139e+03
7.740867e+00 1.849533e-02 -2.200718e+03
7.740867e+00 1.997127e-02 -2.084546e+03
7.740867e+00 2.156500e-02 -1.959615e+03
7.740867e+00 2.328591e-02 -1.829779e+03
7.740867e+00 2.514415e-02 -1.700329e+03
7.740867e+00 2.715068e-02 -1.576918e+03
7.740867e+00 2.931733e-02 -1.463785e+03
7.740867e+00 3.165689e-02 -1.364041e+03
7.740867e+00 3.418314e-02 -1.279555e+03
7.740867e+00 3.691099e-02 -1.209021e+03
7.740867e+00 3.985652e-02 -1.148168e+03
7.740867e+00 4.303711e-02 -1.089828e+03
7.740867e+00 4.647152e-02 -1.025300e+03
7.740867e+00 5.017999e-02 -9.471891e+02
7.740867e+00 5.418441e-02 -8.729614e+02
7.740867e+00 5.850838e-02 -8.240449e+02
7.740867e+00 6.317741e-02 -7.712248e+02
7.740867e+00 6.821903e-02 -7.141896e+02
7.740867e+00 7.366298e-02 -6.530917e+02
7.740867e+00 7.954136e-02 -5.921098e+02
7.740867e+00 8.588885e-02 -5.262615e+02
7.740867e+00 9.274286e-02 -4.551584e+02
7.740867e+00 1.001438e-01 -3.783812e+02
7.740867e+00 1.081354e-01 -3.317309e+02
7.740867e+00 1.167647e-01 -2.986547e+02
7.740867e+00 1.260827e-01 -2.629389e+02
7.740867e+00 1.361442e-01 -2.243730e+02
7.740867e+00 1.470087e-01 -1.870867e+02
7.740867e+00 1.587401e-01 -1.653860e+02
7.740867e+00 1.714077e-01 -1.419536e+02
7.740867e+00 1.850862e-01 -1.166513e+02
7.740867e+00 1.998563e-01 -8.932981e+01
7.740867e+00 2.158051e-01 -7.633149e+01
7.740867e+00 2.330265e-01 -6.559235e+01
7.740867e+00 2.516223e-01 -5.399622e+01
7.740867e+00 2.717020e-01 -4.147471e+01
7.740867e+00 2.933841e-01 -3.226668e+01
7.740867e+00 3.167964e-01 -2.780499e+01
7.740867e+00 3.420771e-01 -2.298726e+01
7.740867e+00 3.693752e-01 -1.778507e+01
7.740867e+00 3.988518e-01 -1.246027e+01
7.740867e+00 4.306805e-01 -1.081376e+01
7.740867e+00 4.650493e-01 -9.035853e+00
7.740867e+00 5.021607e-01 -7.116072e+00
7.740867e+00 5.422336e-01 -5.043090e+00
7.740867e+00 5.855044e-01 -3.965604e+00
7.740867e+00 6.322283e-01 -3.343131e+00
7.740867e+00 6.826808e-01 -2.670985e+00
7.740867e+00 7.371594e-01 -1.945200e+00
7.740867e+00 7.959855e-01 -1.349791e+00
7.740867e+00 8.595059e-01 -1.149937e+00
7.740867e+00 9.280954e-01 -9.341331e-01
7.740867e+00 1.002158e+00 -7.011084e-01
7.740867e+00 1.082132e+00 -4.494880e-01
7.740867e+00 1.168487e+00 -3.752178e-01
7.740867e+00 1.261733e+00 -3.118359e-01
7.740867e+00 1.362421e+00 -2.433961e-01
7.740867e+00 1.471144e+00 -1.694947e-01
7.740867e+00 1.588542e+00 -1.241549e-01
7.740867e+00 1.715310e+00 -1.053672e-01
7.740867e+00 1.852193e+00 -8.508030e-02
7.740867e+00 2.000000e+00 -6.317444e-02
7.915684e+00 1.000000e-03 -5.158470e+02
7.915684e+00 1.079801e-03 -5.531435e+02
7.915684e+00 1.165970e-03 -5.927971e+02
7.915684e+00 1.259016e-03 -6.348958e+02
7.915684e+00 1.359487e-03 -6.795199e+02
7.915684e+00 1.467975e-03 -7.267422e+02
7.915684e+00 1.585121e-03 -7.766245e+02
7.915684e+00 1.711615e-03 -8.292151e+02
7.915684e+00 1.848204e-03 -8.845482e+02
7.915684e+00 1.995693e-03 -9.426332e+02
7.915684e+00 2.154951e-03 -1.003451e+03
7.915684e+00 2.326918e-03 -1.066958e+03
7.915684e+00 2.512609e-03 -1.133070e+03
7.915684e+00 2.713117e-03 -1.201660e+03
7.915684e+00 2.929627e-03 -1.272562e+03
7.915684e+00 3.163414e-03 -1.345553e+03
7.915684e+00 3.415858e-03 -1.420354e+03
7.915684e+00 3.688447e-03 -1.496631e+03
7.915684e+00 3.982789e-03 -1.573971e+03
7.915684e+00 4.300619e-03 -1.651882e+03
7.915684e+00 4.643813e-03 -1.729802e+03
7.915684e+00 5.014394e-03 -1.807070e+03
7.915684e+00 5.414548e-03 -1.882922e+03
7.915684e+00 5.846635e-03 -1.956524e+03
7.915684e+00 6.313202e-03 -2.026911e+03
7.915684e+00 6.817002e-03 -2.093003e+03
7.915684e+00 7.361006e-03 -2.153663e+03
7.915684e+00 7.948422e-03 -2.207616e+03
7.915684e+00 8.582714e-03 -2.253486e+03
7.915684e+00 9.267624e-03 -2.289901e+03
7.915684e+00 1.000719e-02 -2.315400e+03
7.915684e+00 1.080577e-02 -2.328505e+03
7.915684e+00 1.166809e-02 -2.327889e+03
7.915684e+00 1.259921e-02 -2.312376e+03
7.915684e+00 1.360464e-02 -2.281026e+03
7.915684e+00 1.469030e-02 -2.233287e+03
7.915684e+00 1.586261e-02 -2.169275e+03
7.915684e+00 1.712846e-02 -2.089745e+03
7.915684e+00 1.849533e-02 -1.995947e+03
7.915684e+00 1.997127e-02 -1.890585e+03
7.915684e+00 2.156500e-02 -1.777279e+03
7.915684e+00 2.328591e-02 -1.659523e+03
7.915684e+00 2.514415e-02 -1.542119e+03
7.915684e+00 2.715068e-02 -1.430190e+03
7.915684e+00 2.931733e-02 -1.327584e+03
7.915684e+00 3.165689e-02 -1.237121e+03
7.915684e+00 3.418314e-02 -1.160497e+03
7.915684e+00 3.691099e-02 -1.096526e+03
7.915684e+00 3.985652e-02 -1.041335e+03
7.915684e+00 4.303711e-02 -9.884228e+02
7.915684e+00 4.647152e-02 -9.298995e+02
7.915684e+00 5.017999e-02 -8.590563e+02
7.915684e+00 5.418441e-02 -7.920018e+02
7.915684e+00 5.850838e-02 -7.483789e+02
7.915684e+00 6.317741e-02 -7.012750e+02
7.915684e+00 6.821903e-02 -6.504120e+02
7.915684e+00 7.366298e-02 -5.959205e+02
7.915684e+00 7.954136e-02 -5.414743e+02
7.915684e+00 8.588885e-02 -4.826832e+02
7.915684e+00 9.274286e-02 -4.192005e+02
7.915684e+00 1.001438e-01 -3.506519e+02
7.915684e+00 1.081354e-01 -3.086427e+02
7.915684e+00 1.167647e-01 -2.785531e+02
7.915684e+00 1.260827e-01 -2.460623e+02
7.915684e+00 1.361442e-01 -2.109787e+02
7.915684e+00 1.470087e-01 -1.769973e+02
7.915684e+00 1.587401e-01 -1.569254e+02
7.915684e+00 1.714077e-01 -1.352517e+02
7.915684e+00 1.850862e-01 -1.118485e+02
7.915684e+00 1.998563e-01 -8.657772e+01
7.915684e+00 2.158051e-01 -7.430037e+01
7.915684e+00 2.330265e-01 -6.404144e+01
7.915684e+00 2.516223e-01 -5.296385e+01
7.915684e+00 2.717020e-01 -4.100225e+01
7.915684e+00 2.933841e-01 -3.214982e+01
7.915684e+00 3.167964e-01 -2.775567e+01
7.915684e+00 3.420771e-01 -2.301086e+01
7.915684e+00 3.693752e-01 -1.788742e+01
7.915684e+00 3.988518e-01 -1.264087e+01
7.915684e+00 4.306805e-01 -1.098385e+01
7.915684e+00 4.650493e-01 -9.194611e+00
7.915684e+00 5.021607e-01 -7.262584e+00
7.915684e+00 5.422336e-01 -5.176380e+00
7.915684e+00 5.855044e-01 -4.084155e+00
7.915684e+00 6.322283e-01 -3.445553e+00
7.915684e+00 6.826808e-01 -2.755991e+00
7.915684e+00 7.371594e-01 -2.011401e+00
7.915684e+00 7.959855e-01 -1.400080e+00
7.915684e+00 8.595059e-01 -1.193386e+00
7.915684e+00 9.280954e-01 -9.701963e-01
7.915684e+00 1.002158e+00 -7.291963e-01
7.915684e+00 1.082132e+00 -4.689643e-01
7.915684e+00 1.168487e+00 -3.916596e-01
7.915684e+00 1.261733e+00 -3.255345e-01
7.915684e+00 1.362421e+00 -2.541326e-01
7.915684e+00 1.471144e+00 -1.770327e-01
7.915684e+00 1.588542e+00 -1.296868e-01
7.915684e+00 1.715310e+00 -1.100003e-01
7.915684e+00 1.852193e+00 -8.874291e-02
7.915684e+00 2.000000e+00 -6.578912e-02
8.093998e+00 1.000000e-03 -4.665561e+02
8.093998e+00 1.079801e-03 -5.002956e+02
8.093998e+00 1.165970e-03 -5.361681e+02
8.093998e+00 1.259016e-03 -5.742527e+02
8.093998e+00 1.359487e-03 -6.146220e+02
8.093998e+00 1.467975e-03 -6.573417e+02
8.093998e+00 1.585121e-03 -7.024673e+02
8.093998e+00 1.711615e-03 -7.500425e+02
8.093998e+00 1.848204e-03 -8.000979e+02
8.093998e+00 1.995693e-03 -8.526422e+02
8.093998e+00 2.154951e-03 -9.076587e+02
8.093998e+00 2.326918e-03 -9.651072e+02
8.093998e+00 2.512609e-03 -1.024912e+03
8.093998e+00 2.713117e-03 -1.086959e+03
8.093998e+00 2.929627e-03 -1.151097e+03
8.093998e+00 3.163414e-03 -1.217124e+03
8.093998e+00 3.415858e-03 -1.284789e+03
8.093998e+00 3.688447e-03 -1.353788e+03
8.093998e+00 3.982789e-03 -1.423750e+03
8.093998e+00 4.300619e-03 -1.494226e+03
8.093998e+00 4.643813e-03 -1.564712e+03
8.093998e+00 5.014394e-03 -1.634608e+03
8.093998e+00 5.414548e-03 -1.703222e+03
8.093998e+00 5.846635e-03 -1.769801e+03
8.093998e+00 6.313202e-03 -1.833473e+03
8.093998e+00 6.817002e-03 -1.893258e+03
8.093998e+00 7.361006e-03 -1.948129e+03
8.093998e+00 7.948422e-03 -1.996935e+03
8.093998e+00 8.582714e-03 -2.038428e+03
8.093998e+00 9.267624e-03 -2.071368e+03
8.093998e+00 1.000719e-02 -2.094435e+03
8.093998e+00 1.080577e-02 -2.106290e+03
8.093998e+00 1.166809e-02 -2.105734e+03
8.093998e+00 1.259921e-02 -2.091702e+03
8.093998e+00 1.360464e-02 -2.063344e+03
8.093998e+00 1.469030e-02 -2.020161e+03
8.093998e+00 1.586261e-02 -1.962258e+03
8.093998e+00 1.712846e-02 -1.890318e+03
8.093998e+00 1.849533e-02 -1.805472e+03
8.093998e+00 1.997127e-02 -1.710165e+03
8.093998e+00 2.156500e-02 -1.607672e+03
8.093998e+00 2.328591e-02 -1.501153e+03
8.093998e+00 2.514415e-02 -1.394953e+03
8.093998e+00 2.715068e-02 -1.293706e+03
8.093998e+00 2.931733e-02 -1.200892e+03
8.093998e+00 3.165689e-02 -1.119062e+03
8.093998e+00 3.418314e-02 -1.049749e+03
8.093998e+00 3.691099e-02 -9.918833e+02
8.093998e+00 3.985652e-02 -9.419592e+02
8.093998e+00 4.303711e-02 -8.940967e+02
8.093998e+00 4.647152e-02 -8.411584e+02
8.093998e+00 5.017999e-02 -7.770758e+02
8.093998e+00 5.418441e-02 -7.165177e+02
8.093998e+00 5.850838e-02 -6.773289e+02
8.093998e+00 6.317741e-02 -6.350128e+02
8.093998e+00 6.821903e-02 -5.893199e+02
8.093998e+00 7.366298e-02 -5.403697e+02
8.093998e+00 7.954136e-02 -4.914871e+02
8.093998e+00 8.588885e-02 -4.387035e+02
8.093998e+00 9.274286e-02 -3.817077e+02
8.093998e+00 1.001438e-01 -3.201637e+02
8.093998e+00 1.081354e-01 -2.825118e+02
8.093998e+00 1.167647e-01 -2.555975e+02
8.093998e+00 1.260827e-01 -2.265354e+02
8.093998e+00 1.361442e-01 -1.951542e+02
8.093998e+00 1.470087e-01 -1.647009e+02
8.093998e+00 1.587401e-01 -1.464381e+02
8.093998e+00 1.714077e-01 -1.267180e+02
8.093998e+00 1.850862e-01 -1.054242e+02
8.093998e+00 1.998563e-01 -8.243108e+01
8.093998e+00 2.158051e-01 -7.104883e+01
8.093998e+00 2.330265e-01 -6.144398e+01
8.093998e+00 2.516223e-01 -5.107264e+01
8.093998e+00 2.717020e-01 -3.987366e+01
8.093998e+00 2.933841e-01 -3.152582e+01
8.093998e+00 3.167964e-01 -2.727124e+01
8.093998e+00 3.420771e-01 -2.267715e+01
8.093998e+00 3.693752e-01 -1.771643e+01
8.093998e+00 3.988518e-01 -1.263391e+01
8.093998e+00 4.306805e-01 -1.098995e+01
8.093998e+00 4.650493e-01 -9.214801e+00
8.093998e+00 5.021607e-01 -7.297990e+00
8.093998e+00 5.422336e-01 -5.228216e+00
8.093998e+00 5.855044e-01 -4.138415e+00
8.093998e+00 6.322283e-01 -3.495292e+00
8.093998e+00 6.826808e-01 -2.800848e+00
8.093998e+00 7.371594e-01 -2.050987e+00
8.093998e+00 7.959855e-01 -1.434425e+00
8.093998e+00 8.595059e-01 -1.223132e+00
8.093998e+00 9.280954e-01 -9.949765e-01
8.093998e+00 1.002158e+00 -7.486144e-01
8.093998e+00 1.082132e+00 -4.825925e-01
8.093998e+00 1.168487e+00 -4.032179e-01
8.093998e+00 1.261733e+00 -3.352140e-01
8.093998e+00 1.362421e+00 -2.617833e-01
8.093998e+00 1.471144e+00 -1.824927e-01
8.093998e+00 1.588542e+00 -1.337727e-01
8.093998e+00 1.715310e+00 -1.134706e-01
8.093998e+00 1.852193e+00 -9.154824e-02
8.093998e+00 2.000000e+00 -6.787650e-02
8.275878e+00 1.000000e-03 -4.211067e+02
8.275878e+00 1.079801e-03 -4.515659e+02
8.275878e+00 1.165970e-03 -4.839510e+02
8.275878e+00 1.259016e-03 -5.183337e+02
8.275878e+00 1.359487e-03 -5.547790e+02
8.275878e+00 1.467975e-03 -5.933461e+02
8.275878e+00 1.585121e-03 -6.340848e+02
8.275878e+00 1.711615e-03 -6.770346e+02
8.275878e+00 1.848204e-03 -7.222229e+02
8.275878e+00 1.995693e-03 -7.696576e+02
8.275878e+00 2.154951e-03 -8.193236e+02
8.275878e+00 2.326918e-03 -8.711852e+02
8.275878e+00 2.512609e-03 -9.251741e+02
8.275878e+00 2.713117e-03 -9.811866e+02
8.275878e+00 2.929627e-03 -1.039086e+03
8.275878e+00 3.163414e-03 -1.098692e+03
8.275878e+00 3.415858e-03 -1.159776e+03
8.275878e+00 3.688447e-03 -1.222064e+03
8.275878e+00 3.982789e-03 -1.285220e+03
8.275878e+00 4.300619e-03 -1.348842e+03
8.275878e+00 4.643813e-03 -1.412471e+03
8.275878e+00 5.014394e-03 -1.475568e+03
8.275878e+00 5.414548e-03 -1.537508e+03
8.275878e+00 5.846635e-03 -1.597611e+03
8.275878e+00 6.313202e-03 -1.655089e+03
8.275878e+00 6.817002e-03 -1.709059e+03
8.275878e+00 7.361006e-03 -1.758592e+03
8.275878e+00 7.948422e-03 -1.802650e+03
8.275878e+00 8.582714e-03 -1.840107e+03
8.275878e+00 9.267624e-03 -1.869843e+03
8.275878e+00 1.000719e-02 -1.890667e+03
8.275878e+00 1.080577e-02 -1.901370e+03
8.275878e+00 1.166809e-02 -1.900868e+03
8.275878e+00 1.259921e-02 -1.888202e+03
8.275878e+00 1.360464e-02 -1.862603e+03
8.275878e+00 1.469030e-02 -1.823621e+03
8.275878e+00 1.586261e-02 -1.771352e+03
8.275878e+00 1.712846e-02 -1.706411e+03
8.275878e+00 1.849533e-02 -1.629820e+03
8.275878e+00 1.997127e-02 -1.543785e+03
8.275878e+00 2.156500e-02 -1.451263e+03
8.275878e+00 2.328591e-02 -1.355108e+03
8.275878e+00 2.514415e-02 -1.259240e+03
8.275878e+00 2.715068e-02 -1.167843e+03
8.275878e+00 2.931733e-02 -1.084059e+03
8.275878e+00 3.165689e-02 -1.010190e+03
8.275878e+00 3.418314e-02 -9.476209e+02
8.275878e+00 3.691099e-02 -8.953846e+02
8.275878e+00 3.985652e-02 -8.503175e+02
8.275878e+00 4.303711e-02 -8.071115e+02
8.275878e+00 4.647152e-02 -7.593234e+02
8.275878e+00 5.017999e-02 -7.014753e+02
8.275878e+00 5.418441e-02 -6.467635e+02
8.275878e+00 5.850838e-02 -6.112611e+02
8.275878e+00 6.317741e-02 -5.729256e+02
8.275878e+00 6.821903e-02 -5.315309e+02
8.275878e+00 7.366298e-02 -4.872216e+02
8.275878e+00 7.954136e-02 -4.433468e+02
8.275878e+00 8.588885e-02 -3.959707e+02
8.275878e+00 9.274286e-02 -3.448139e+02
8.275878e+00 1.001438e-01 -2.895748e+02
8.275878e+00 1.081354e-01 -2.559686e+02
8.275878e+00 1.167647e-01 -2.321048e+02
8.275878e+00 1.260827e-01 -2.063366e+02
8.275878e+00 1.361442e-01 -1.785121e+02
8.275878e+00 1.470087e-01 -1.514684e+02
8.275878e+00 1.587401e-01 -1.350519e+02
8.275878e+00 1.714077e-01 -1.173252e+02
8.275878e+00 1.850862e-01 -9.818399e+01
8.275878e+00 1.998563e-01 -7.751525e+01
8.275878e+00 2.158051e-01 -6.708710e+01
8.275878e+00 2.330265e-01 -5.820173e+01
8.275878e+00 2.516223e-01 -4.860729e+01
8.275878e+00 2.717020e-01 -3.824720e+01
8.275878e+00 2.933841e-01 -3.047353e+01
8.275878e+00 3.167964e-01 -2.641742e+01
8.275878e+00 3.420771e-01 -2.203762e+01
8.275878e+00 3.693752e-01 -1.730831e+01
8.275878e+00 3.988518e-01 -1.246015e+01
8.275878e+00 4.306805e-01 -1.085180e+01
8.275878e+00 4.650493e-01 -9.115096e+00
8.275878e+00 5.021607e-01 -7.239803e+00
8.275878e+00 5.422336e-01 -5.214860e+00
8.275878e+00 5.855044e-01 -4.141761e+00
8.275878e+00 6.322283e-01 -3.501898e+00
8.275878e+00 6.826808e-01 -2.810974e+00
8.275878e+00 7.371594e-01 -2.064912e+00
8.275878e+00 7.959855e-01 -1.450593e+00
8.275878e+00 8.595059e-01 -1.237340e+00
8.275878e+00 9.280954e-01 -1.007070e+00
8.275878e+00 1.002158e+00 -7.584244e-01
8.275878e+00 1.082132e+00 -4.899363e-01
8.275878e+00 1.168487e+00 -4.095742e-01
8.275878e+00 1.261733e+00 -3.406467e-01
8.275878e+00 1.362421e+00 -2.662187e-01
8.275878e+00 1.471144e+00 -1.858512e-01
8.275878e+00 1.588542e+00 -1.363956e-01
8.275878e+00 1.715310e+00 -1.156731e-01
8.275878e+00 1.852193e+00 -9.329692e-02
8.275878e+00 2.000000e+00 -6.913512e-02
8.461396e+00 1.000000e-03 -3.784605e+02
8.461396e+00 1.079801e-03 -4.058408e+02
8.461396e+00 1.165970e-03 -4.349528e+02
8.461396e+00 1.259016e-03 -4.658608e+02
8.461396e+00 1.359487e-03 -4.986232e+02
8.461396e+00 1.467975e-03 -5.332927e+02
8.461396e+00 1.585121e-03 -5.699143e+02
8.461396e+00 1.711615e-03 -6.085229e+02
8.461396e+00 1.848204e-03 -6.491433e+02
8.461396e+00 1.995693e-03 -6.917825e+02
8.461396e+00 2.154951e-03 -7.364271e+02
8.461396e+00 2.326918e-03 -7.830452e+02
8.461396e+00 2.512609e-03 -8.315756e+02
8.461396e+00 2.713117e-03 -8.819249e+02
8.461396e+00 2.929627e-03 -9.339703e+02
8.461396e+00 3.163414e-03 -9.875493e+02
8.461396e+00 3.415858e-03 -1.042456e+03
8.461396e+00 3.688447e-03 -1.098446e+03
8.461396e+00 3.982789e-03 -1.155216e+03
8.461396e+00 4.300619e-03 -1.212404e+03
8.461396e+00 4.643813e-03 -1.269599e+03
8.461396e+00 5.014394e-03 -1.326315e+03
8.461396e+00 5.414548e-03 -1.381992e+03
8.461396e+00 5.846635e-03 -1.436016e+03
8.461396e+00 6.313202e-03 -1.487682e+03
8.461396e+00 6.817002e-03 -1.536194e+03
8.461396e+00 7.361006e-03 -1.580718e+03
8.461396e+00 7.948422e-03 -1.620320e+03
8.461396e+00 8.582714e-03 -1.653989e+03
8.461396e+00 9.267624e-03 -1.680718e+03
8.461396e+00 1.000719e-02 -1.699437e+03
8.461396e+00 1.080577e-02 -1.709058e+03
8.461396e+00 1.166809e-02 -1.708608e+03
8.461396e+00 1.259921e-02 -1.697223e+03
8.461396e+00 1.360464e-02 -1.674214e+03
8.461396e+00 1.469030e-02 -1.639175e+03
8.461396e+00 1.586261e-02 -1.592192e+03
8.461396e+00 1.712846e-02 -1.533820e+03
8.461396e+00 1.849533e-02 -1.464976e+03
8.461396e+00 1.997127e-02 -1.387643e+03
8.461396e+00 2.156500e-02 -1.304479e+03
8.461396e+00 2.328591e-02 -1.218050e+03
8.461396e+00 2.514415e-02 -1.131878e+03
8.461396e+00 2.715068e-02 -1.049725e+03
8.461396e+00 2.931733e-02 -9.744148e+02
8.461396e+00 3.165689e-02 -9.080170e+02
8.461396e+00 3.418314e-02 -8.517764e+02
8.461396e+00 3.691099e-02 -8.048234e+02
8.461396e+00 3.985652e-02 -7.643145e+02
8.461396e+00 4.303711e-02 -7.254784e+02
8.461396e+00 4.647152e-02 -6.825237e+02
8.461396e+00 5.017999e-02 -6.305265e+02
8.461396e+00 5.418441e-02 -5.813242e+02
8.461396e+00 5.850838e-02 -5.493450e+02
8.461396e+00 6.317741e-02 -5.148139e+02
8.461396e+00 6.821903e-02 -4.775272e+02
8.461396e+00 7.366298e-02 -4.376318e+02
8.461396e+00 7.954136e-02 -3.982986e+02
8.461396e+00 8.588885e-02 -3.558264e+02
8.461396e+00 9.274286e-02 -3.099650e+02
8.461396e+00 1.001438e-01 -2.604438e+02
8.461396e+00 1.081354e-01 -2.305202e+02
8.461396e+00 1.167647e-01 -2.094441e+02
8.461396e+00 1.260827e-01 -1.866861e+02
8.461396e+00 1.361442e-01 -1.621120e+02
8.461396e+00 1.470087e-01 -1.381924e+02
8.461396e+00 1.587401e-01 -1.235054e+02
8.461396e+00 1.714077e-01 -1.076464e+02
8.461396e+00 1.850862e-01 -9.052185e+01
8.461396e+00 1.998563e-01 -7.203071e+01
8.461396e+00 2.158051e-01 -6.257387e+01
8.461396e+00 2.330265e-01 -5.446164e+01
8.461396e+00 2.516223e-01 -4.570205e+01
8.461396e+00 2.717020e-01 -3.624344e+01
8.461396e+00 2.933841e-01 -2.909637e+01
8.461396e+00 3.167964e-01 -2.527607e+01
8.461396e+00 3.420771e-01 -2.115092e+01
8.461396e+00 3.693752e-01 -1.669657e+01
8.461396e+00 3.988518e-01 -1.212777e+01
8.461396e+00 4.306805e-01 -1.057497e+01
8.461396e+00 4.650493e-01 -8.898255e+00
8.461396e+00 5.021607e-01 -7.087737e+00
8.461396e+00 5.422336e-01 -5.132739e+00
8.461396e+00 5.855044e-01 -4.090219e+00
8.461396e+00 6.322283e-01 -3.462429e+00
8.461396e+00 6.826808e-01 -2.784542e+00
8.461396e+00 7.371594e-01 -2.052558e+00
8.461396e+00 7.959855e-01 -1.448966e+00
8.461396e+00 8.595059e-01 -1.236774e+00
8.461396e+00 9.280954e-01 -1.007648e+00
8.461396e+00 1.002158e+00 -7.602382e-01
8.461396e+00 1.082132e+00 -4.930845e-01
8.461396e+00 1.168487e+00 -4.124554e-01
8.461396e+00 1.261733e+00 -3.430940e-01
8.461396e+00 1.362421e+00 -2.681976e-01
8.461396e+00 1.471144e+00 -1.873243e-01
8.461396e+00 1.588542e+00 -1.375373e-01
8.461396e+00 1.715310e+00 -1.166451e-01
8.461396e+00 1.852193e+00 -9.408557e-02
8.461396e+00 2.000000e+00 -6.972581e-02
8.650623e+00 1.000000e-03 -3.385827e+02
8.650623e+00 1.079801e-03 -3.630832e+02
8.650623e+00 1.165970e-03 -3.891338e+02
8.650623e+00 1.259016e-03 -4.167918e+02
8.650623e+00 1.359487e-03 -4.461093e+02
8.650623e+00 1.467975e-03 -4.771334e+02
8.650623e+00 1.585121e-03 -5.099040e+02
8.650623e+00 1.711615e-03 -5.444524e+02
8.650623e+00 1.848204e-03 -5.808005e+02
8.650623e+00 1.995693e-03 -6.189545e+02
8.650623e+00 2.154951e-03 -6.589027e+02
8.650623e+00 2.326918e-03 -7.006167e+02
8.650623e+00 2.512609e-03 -7.440419e+02
8.650623e+00 2.713117e-03 -7.890944e+02
8.650623e+00 2.929627e-03 -8.356646e+02
8.650623e+00 3.163414e-03 -8.836068e+02
8.650623e+00 3.415858e-03 -9.327369e+02
8.650623e+00 3.688447e-03 -9.828358e+02
8.650623e+00 3.982789e-03 -1.033633e+03
8.650623e+00 4.300619e-03 -1.084804e+03
8.650623e+00 4.643813e-03 -1.135981e+03
8.650623e+00 5.014394e-03 -1.186730e+03
8.650623e+00 5.414548e-03 -1.236549e+03
8.650623e+00 5.846635e-03 -1.284889e+03
8.650623e+00 6.313202e-03 -1.331118e+03
8.650623e+00 6.817002e-03 -1.374525e+03
8.650623e+00 7.361006e-03 -1.414365e+03
8.650623e+00 7.948422e-03 -1.449800e+03
8.650623e+00 8.582714e-03 -1.479926e+03
8.650623e+00 9.267624e-03 -1.503843e+03
8.650623e+00 1.000719e-02 -1.520593e+03
8.650623e+00 1.080577e-02 -1.529202e+03
8.650623e+00 1.166809e-02 -1.528800e+03
8.650623e+00 1.259921e-02 -1.518613e+03
8.650623e+00 1.360464e-02 -1.498026e+03
8.650623e+00 1.469030e-02 -1.466674e+03
8.650623e+00 1.586261e-02 -1.424637e+03
8.650623e+00 1.712846e-02 -1.372407e+03
8.650623e+00 1.849533e-02 -1.310808e+03
8.650623e+00 1.997127e-02 -1.241613e+03
8.650623e+00 2.156500e-02 -1.167202e+03
8.650623e+00 2.328591e-02 -1.089867e+03
8.650623e+00 2.514415e-02 -1.012764e+03
8.650623e+00 2.715068e-02 -9.392567e+02
8.650623e+00 2.931733e-02 -8.718719e+02
8.650623e+00 3.165689e-02 -8.124615e+02
8.650623e+00 3.418314e-02 -7.621394e+02
8.650623e+00 3.691099e-02 -7.201275e+02
8.650623e+00 3.985652e-02 -6.838816e+02
8.650623e+00 4.303711e-02 -6.491324e+02
8.650623e+00 4.647152e-02 -6.106981e+02
8.650623e+00 5.017999e-02 -5.641728e+02
8.650623e+00 5.418441e-02 -5.202342e+02
8.650623e+00 5.850838e-02 -4.918594e+02
8.650623e+00 6.317741e-02 -4.612204e+02
8.650623e+00 6.821903e-02 -4.281363e+02
8.650623e+00 7.366298e-02 -3.926996e+02
8.650623e+00 7.954136e-02 -3.573705e+02
8.650623e+00 8.588885e-02 -3.192221e+02
8.650623e+00 9.274286e-02 -2.780295e+02
8.650623e+00 1.001438e-01 -2.335496e+02
8.650623e+00 1.081354e-01 -2.068750e+02
8.650623e+00 1.167647e-01 -1.882602e+02
8.650623e+00 1.260827e-01 -1.681600e+02
8.650623e+00 1.361442e-01 -1.464557e+02
8.650623e+00 1.470087e-01 -1.253090e+02
8.650623e+00 1.587401e-01 -1.122283e+02
8.650623e+00 1.714077e-01 -9.810373e+01
8.650623e+00 1.850862e-01 -8.285201e+01
8.650623e+00 1.998563e-01 -6.638318e+01
8.650623e+00 2.158051e-01 -5.786384e+01
8.650623e+00 2.330265e-01 -5.051502e+01
8.650623e+00 2.516223e-01 -4.257976e+01
8.650623e+00 2.717020e-01 -3.401126e+01
8.650623e+00 2.933841e-01 -2.749493e+01
8.650623e+00 3.167964e-01 -2.393579e+01
8.650623e+00 3.420771e-01 -2.009263e+01
8.650623e+00 3.693752e-01 -1.594278e+01
8.650623e+00 3.988518e-01 -1.168380e+01
8.650623e+00 4.306805e-01 -1.019939e+01
8.650623e+00 4.650493e-01 -8.596525e+00
8.650623e+00 5.021607e-01 -6.865748e+00
8.650623e+00 5.422336e-01 -4.996853e+00
8.650623e+00 5.855044e-01 -3.994743e+00
8.650623e+00 6.322283e-01 -3.386091e+00
8.650623e+00 6.826808e-01 -2.728868e+00
8.650623e+00 7.371594e-01 -2.019199e+00
8.650623e+00 7.959855e-01 -1.433029e+00
8.650623e+00 8.595059e-01 -1.223946e+00
8.650623e+00 9.280954e-01 -9.981788e-01
8.650623e+00 1.002158e+00 -7.543949e-01
8.650623e+00 1.082132e+00 -4.911567e-01
8.650623e+00 1.168487e+00 -4.112441e-01
8.650623e+00 1.261733e+00 -3.423574e-01
8.650623e+00 1.362421e+00 -2.679734e-01
8.650623e+00 1.471144e+00 -1.876535e-01
8.650623e+00 1.588542e+00 -1.380774e-01
8.650623e+00 1.715310e+00 -1.170744e-01
8.650623e+00 1.852193e+00 -9.439539e-02
8.650623e+00 2.000000e+00 -6.990654e-02
8.843636e+00 1.000000e-03 -3.024026e+02
8.843636e+00 1.079801e-03 -3.242899e+02
8.843636e+00 1.165970e-03 -3.475622e+02
8.843636e+00 1.259016e-03 -3.722709e+02
8.843636e+00 1.359487e-03 -3.984622e+02
8.843636e+00 1.467975e-03 -4.261782e+02
8.843636e+00 1.585121e-03 -4.554542e+02
8.843636e+00 1.711615e-03 -4.863181e+02
8.843636e+00 1.848204e-03 -5.187893e+02
8.843636e+00 1.995693e-03 -5.528734e+02
8.843636e+00 2.154951e-03 -5.885601e+02
8.843636e+00 2.326918e-03 -6.258239e+02
8.843636e+00 2.512609e-03 -6.646164e+02
8.843636e+00 2.713117e-03 -7.048626e+02
8.843636e+00 2.929627e-03 -7.464644e+02
8.843636e+00 3.163414e-03 -7.892916e+02
8.843636e+00 3.415858e-03 -8.331800e+02
8.843636e+00 3.688447e-03 -8.779336e+02
8.843636e+00 3.982789e-03 -9.233108e+02
8.843636e+00 4.300619e-03 -9.690220e+02
8.843636e+00 4.643813e-03 -1.014739e+03
8.843636e+00 5.014394e-03 -1.060072e+03
8.843636e+00 5.414548e-03 -1.104575e+03
8.843636e+00 5.846635e-03 -1.147757e+03
8.843636e+00 6.313202e-03 -1.189054e+03
8.843636e+00 6.817002e-03 -1.227829e+03
8.843636e+00 7.361006e-03 -1.263418e+03
8.843636e+00 7.948422e-03 -1.295072e+03
8.843636e+00 8.582714e-03 -1.321983e+03
8.843636e+00 9.267624e-03 -1.343349e+03
8.843636e+00 1.000719e-02 -1.358311e+03
8.843636e+00 1.080577e-02 -1.366003e+03
8.843636e+00 1.166809e-02 -1.365644e+03
8.843636e+00 1.259921e-02 -1.356545e+03
8.843636e+00 1.360464e-02 -1.338154e+03
8.843636e+00 1.469030e-02 -1.310149e+03
8.843636e+00 1.586261e-02 -1.272598e+03
8.843636e+00 1.712846e-02 -1.225943e+03
8.843636e+00 1.849533e-02 -1.170917e+03
8.843636e+00 1.997127e-02 -1.109107e+03
8.843636e+00 2.156500e-02 -1.042637e+03
8.843636e+00 2.328591e-02 -9.735561e+02
8.843636e+00 2.514415e-02 -9.046813e+02
8.843636e+00 2.715068e-02 -8.390187e+02
8.843636e+00 2.931733e-02 -7.788253e+02
8.843636e+00 3.165689e-02 -7.257552e+02
8.843636e+00 3.418314e-02 -6.808035e+02
8.843636e+00 3.691099e-02 -6.432751e+02
8.843636e+00 3.985652e-02 -6.108974e+02
8.843636e+00 4.303711e-02 -5.798567e+02
8.843636e+00 4.647152e-02 -5.455241e+02
8.843636e+00 5.017999e-02 -5.039640e+02
8.843636e+00 5.418441e-02 -4.646882e+02
8.843636e+00 5.850838e-02 -4.392684e+02
8.843636e+00 6.317741e-02 -4.118200e+02
8.843636e+00 6.821903e-02 -3.821813e+02
8.843636e+00 7.366298e-02 -3.504461e+02
8.843636e+00 7.954136e-02 -3.189228e+02
8.843636e+00 8.588885e-02 -2.848839e+02
8.843636e+00 9.274286e-02 -2.481288e+02
8.843636e+00 1.001438e-01 -2.084405e+02
8.843636e+00 1.081354e-01 -1.847502e+02
8.843636e+00 1.167647e-01 -1.683132e+02
8.843636e+00 1.260827e-01 -1.505645e+02
8.843636e+00 1.361442e-01 -1.313994e+02
8.843636e+00 1.470087e-01 -1.127246e+02
8.843636e+00 1.587401e-01 -1.011629e+02
8.843636e+00 1.714077e-01 -8.867847e+01
8.843636e+00 1.850862e-01 -7.519782e+01
8.843636e+00 1.998563e-01 -6.064139e+01
8.843636e+00 2.158051e-01 -5.302251e+01
8.843636e+00 2.330265e-01 -4.641339e+01
8.843636e+00 2.516223e-01 -3.927685e+01
8.843636e+00 2.717020e-01 -3.157081e+01
8.843636e+00 2.933841e-01 -2.567828e+01
8.843636e+00 3.167964e-01 -2.240193e+01
8.843636e+00 3.420771e-01 -1.886413e+01
8.843636e+00 3.693752e-01 -1.504401e+01
8.843636e+00 3.988518e-01 -1.112125e+01
8.843636e+00 4.306805e-01 -9.721741e+00
8.843636e+00 4.650493e-01 -8.210548e+00
8.843636e+00 5.021607e-01 -6.578760e+00
8.843636e+00 5.422336e-01 -4.816753e+00
8.843636e+00 5.855044e-01 -3.864550e+00
8.843636e+00 6.322283e-01 -3.279261e+00
8.843636e+00 6.826808e-01 -2.647264e+00
8.843636e+00 7.371594e-01 -1.964834e+00
8.843636e+00 7.959855e-01 -1.400518e+00
8.843636e+00 8.595059e-01 -1.197246e+00
8.843636e+00 9.280954e-01 -9.777527e-01
8.843636e+00 1.002158e+00 -7.407435e-01
8.843636e+00 1.082132e+00 -4.848206e-01
8.843636e+00 1.168487e+00 -4.064149e-01
8.843636e+00 1.261733e+00 -3.386108e-01
8.843636e+00 1.362421e+00 -2.653960e-01
8.843636e+00 1.471144e+00 -1.863385e-01
8.843636e+00 1.588542e+00 -1.374443e-01
8.843636e+00 1.715310e+00 -1.165810e-01
8.843636e+00 1.852193e+00 -9.405284e-02
8.843636e+00 2.000000e+00 -6.972692e-02
9.040509e+00 1.000000e-03 -2.692708e+02
9.040509e+00 1.079801e-03 -2.887644e+02
9.040509e+00 1.165970e-03 -3.094920e+02
9.040509e+00 1.259016e-03 -3.314990e+02
9.040509e+00 1.359487e-03 -3.548269e+02
9.040509e+00 1.467975e-03 -3.795126e+02
9.040509e+00 1.585121e-03 -4.055877e+02
9.040509e+00 1.711615e-03 -4.330769e+02
9.040509e+00 1.848204e-03 -4.619971e+02
9.040509e+00 1.995693e-03 -4.923535e+02
9.040509e+00 2.154951e-03 -5.241368e+02
9.040509e+00 2.326918e-03 -5.573248e+02
9.040509e+00 2.512609e-03 -5.918740e+02
9.040509e+00 2.713117e-03 -6.277180e+02
9.040509e+00 2.929627e-03 -6.647691e+02
9.040509e+00 3.163414e-03 -7.029115e+02
9.040509e+00 3.415858e-03 -7.419989e+02
9.040509e+00 3.688447e-03 -7.818567e+02
9.040509e+00 3.982789e-03 -8.222698e+02
9.040509e+00 4.300619e-03 -8.629803e+02
9.040509e+00 4.643813e-03 -9.036957e+02
9.040509e+00 5.014394e-03 -9.440698e+02
9.040509e+00 5.414548e-03 -9.837038e+02
9.040509e+00 5.846635e-03 -1.022162e+03
9.040509e+00 6.313202e-03 -1.058940e+03
9.040509e+00 6.817002e-03 -1.093474e+03
9.040509e+00 7.361006e-03 -1.125168e+03
9.040509e+00 7.948422e-03 -1.153359e+03
9.040509e+00 8.582714e-03 -1.177327e+03
9.040509e+00 9.267624e-03 -1.196355e+03
9.040509e+00 1.000719e-02 -1.209681e+03
9.040509e+00 1.080577e-02 -1.216531e+03
9.040509e+00 1.166809e-02 -1.216212e+03
9.040509e+00 1.259921e-02 -1.208109e+03
9.040509e+00 1.360464e-02 -1.191731e+03
9.040509e+00 1.469030e-02 -1.166790e+03
9.040509e+00 1.586261e-02 -1.133348e+03
9.040509e+00 1.712846e-02 -1.091798e+03
9.040509e+00 1.849533e-02 -1.042794e+03
9.040509e+00 1.997127e-02 -9.877475e+02
9.040509e+00 2.156500e-02 -9.285504e+02
9.040509e+00 2.328591e-02 -8.670285e+02
9.040509e+00 2.514415e-02 -8.056901e+02
9.040509e+00 2.715068e-02 -7.472124e+02
9.040509e+00 2.931733e-02 -6.936054e+02
9.040509e+00 3.165689e-02 -6.463423e+02
9.040509e+00 3.418314e-02 -6.063093e+02
9.040509e+00 3.691099e-02 -5.728873e+02
9.040509e+00 3.985652e-02 -5.440524e+02
9.040509e+00 4.303711e-02 -5.164082e+02
9.040509e+00 4.647152e-02 -4.858323e+02
9.040509e+00 5.017999e-02 -4.488198e+02
9.040509e+00 5.418441e-02 -4.138492e+02
9.040509e+00 5.850838e-02 -3.912319e+02
9.040509e+00 6.317741e-02 -3.668098e+02
9.040509e+00 6.821903e-02 -3.404387e+02
9.040509e+00 7.366298e-02 -3.121981e+02
9.040509e+00 7.954136e-02 -2.841019e+02
9.040509e+00 8.588885e-02 -2.537635e+02
9.040509e+00 9.274286e-02 -2.210042e+02
9.040509e+00 1.001438e-01 -1.856306e+02
9.040509e+00 1.081354e-01 -1.646024e+02
9.040509e+00 1.167647e-01 -1.500872e+02
9.040509e+00 1.260827e-01 -1.344137e+02
9.040509e+00 1.361442e-01 -1.174894e+02
9.040509e+00 1.470087e-01 -1.009966e+02
9.040509e+00 1.587401e-01 -9.077834e+01
9.040509e+00 1.714077e-01 -7.974471e+01
9.040509e+00 1.850862e-01 -6.783058e+01
9.040509e+00 1.998563e-01 -5.496570e+01
9.040509e+00 2.158051e-01 -4.818269e+01
9.040509e+00 2.330265e-01 -4.227828e+01
9.040509e+00 2.516223e-01 -3.590269e+01
9.040509e+00 2.717020e-01 -2.901832e+01
9.040509e+00 2.933841e-01 -2.372947e+01
9.040509e+00 3.167964e-01 -2.074460e+01
9.040509e+00 3.420771e-01 -1.752153e+01
9.040509e+00 3.693752e-01 -1.404125e+01
9.040509e+00 3.988518e-01 -1.046551e+01
9.040509e+00 4.306805e-01 -9.160956e+00
9.040509e+00 4.650493e-01 -7.752298e+00
9.040509e+00 5.021607e-01 -6.231228e+00
9.040509e+00 5.422336e-01 -4.588774e+00
9.040509e+00 5.855044e-01 -3.694930e+00
9.040509e+00 6.322283e-01 -3.139694e+00
9.040509e+00 6.826808e-01 -2.540149e+00
9.040509e+00 7.371594e-01 -1.892760e+00
9.040509e+00 7.959855e-01 -1.356546e+00
9.040509e+00 8.595059e-01 -1.160713e+00
9.040509e+00 9.280954e-01 -9.492523e-01
9.040509e+00 1.002158e+00 -7.209166e-01
9.040509e+00 1.082132e+00 -4.743595e-01
9.040509e+00 1.168487e+00 -3.980621e-01
9.040509e+00 1.261733e+00 -3.318529e-01
9.040509e+00 1.362421e+00 -2.603601e-01
9.040509e+00 1.471144e+00 -1.831622e-01
9.040509e+00 1.588542e+00 -1.353427e-01
9.040509e+00 1.715310e+00 -1.148229e-01
9.040509e+00 1.852193e+00 -9.266570e-02
9.040509e+00 2.000000e+00 -6.874029e-02
9.241319e+00 1.000000e-03 -2.391955e+02
9.241319e+00 1.079801e-03 -2.565157e+02
9.241319e+00 1.165970e-03 -2.749327e+02
9.241319e+00 1.259016e-03 -2.944868e+02
9.241319e+00 1.359487e-03 -3.152147e+02
9.241319e+00 1.467975e-03 -3.371491e+02
9.241319e+00 1.585121e-03 -3.603179e+02
9.241319e+00 1.711615e-03 -3.847429e+02
9.241319e+00 1.848204e-03 -4.104392e+02
9.241319e+00 1.995693e-03 -4.374110e+02
9.241319e+00 2.154951e-03 -4.656505e+02
9.241319e+00 2.326918e-03 -4.951378e+02
9.241319e+00 2.512609e-03 -5.258347e+02
9.241319e+00 2.713117e-03 -5.576817e+02
9.241319e+00 2.929627e-03 -5.906012e+02
9.241319e+00 3.163414e-03 -6.244903e+02
9.241319e+00 3.415858e-03 -6.592188e+02
9.241319e+00 3.688447e-03 -6.946318e+02
9.241319e+00 3.982789e-03 -7.305380e+02
9.241319e+00 4.300619e-03 -7.667083e+02
9.241319e+00 4.643813e-03 -8.028829e+02
9.241319e+00 5.014394e-03 -8.387542e+02
9.241319e+00 5.414548e-03 -8.739680e+02
9.241319e+00 5.846635e-03 -9.081367e+02
9.241319e+00 6.313202e-03 -9.408131e+02
9.241319e+00 6.817002e-03 -9.714952e+02
9.241319e+00 7.361006e-03 -9.996551e+02
9.241319e+00 7.948422e-03 -1.024702e+03
9.241319e+00 8.582714e-03 -1.045997e+03
9.241319e+00 9.267624e-03 -1.062902e+03
9.241319e+00 1.000719e-02 -1.074742e+03
9.241319e+00 1.080577e-02 -1.080829e+03
9.241319e+00 1.166809e-02 -1.080546e+03
9.241319e+00 1.259921e-02 -1.073347e+03
9.241319e+00 1.360464e-02 -1.058796e+03
9.241319e+00 1.469030e-02 -1.036638e+03
9.241319e+00 1.586261e-02 -1.006926e+03
9.241319e+00 1.712846e-02 -9.700114e+02
9.241319e+00 1.849533e-02 -9.264734e+02
9.241319e+00 1.997127e-02 -8.775674e+02
9.241319e+00 2.156500e-02 -8.249736e+02
9.241319e+00 2.328591e-02 -7.703143e+02
9.241319e+00 2.514415e-02 -7.158180e+02
9.241319e+00 2.715068e-02 -6.638634e+02
9.241319e+00 2.931733e-02 -6.162361e+02
9.241319e+00 3.165689e-02 -5.742451e+02
9.241319e+00 3.418314e-02 -5.386776e+02
9.241319e+00 3.691099e-02 -5.089837e+02
9.241319e+00 3.985652e-02 -4.833652e+02
9.241319e+00 4.303711e-02 -4.588046e+02
9.241319e+00 4.647152e-02 -4.316394e+02
9.241319e+00 5.017999e-02 -3.987555e+02
9.241319e+00 5.418441e-02 -3.676697e+02
9.241319e+00 5.850838e-02 -3.475306e+02
9.241319e+00 6.317741e-02 -3.257844e+02
9.241319e+00 6.821903e-02 -3.023029e+02
9.241319e+00 7.366298e-02 -2.771729e+02
9.241319e+00 7.954136e-02 -2.523393e+02
9.241319e+00 8.588885e-02 -2.255240e+02
9.241319e+00 9.274286e-02 -1.965687e+02
9.241319e+00 1.001438e-01 -1.653028e+02
9.241319e+00 1.081354e-01 -1.466686e+02
9.241319e+00 1.167647e-01 -1.337642e+02
9.241319e+00 1.260827e-01 -1.198301e+02
9.241319e+00 1.361442e-01 -1.047840e+02
9.241319e+00 1.470087e-01 -9.013422e+01
9.241319e+00 1.587401e-01 -8.111820e+01
9.241319e+00 1.714077e-01 -7.138268e+01
9.241319e+00 1.850862e-01 -6.087026e+01
9.241319e+00 1.998563e-01 -4.951894e+01
9.241319e+00 2.158051e-01 -4.350158e+01
9.241319e+00 2.330265e-01 -3.825038e+01
9.241319e+00 2.516223e-01 -3.258013e+01
9.241319e+00 2.717020e-01 -2.645739e+01
9.241319e+00 2.933841e-01 -2.173623e+01
9.241319e+00 3.167964e-01 -1.904061e+01
9.241319e+00 3.420771e-01 -1.612988e+01
9.241319e+00 3.693752e-01 -1.298687e+01
9.241319e+00 3.988518e-01 -9.755882e+00
9.241319e+00 4.306805e-01 -8.551193e+00
9.241319e+00 4.650493e-01 -7.250369e+00
9.241319e+00 5.021607e-01 -5.845738e+00
9.241319e+00 5.422336e-01 -4.329015e+00
9.241319e+00 5.855044e-01 -3.497809e+00
9.241319e+00 6.322283e-01 -2.976132e+00
9.241319e+00 6.826808e-01 -2.412824e+00
9.241319e+00 7.371594e-01 -1.804564e+00
9.241319e+00 7.959855e-01 -1.300010e+00
9.241319e+00 8.595059e-01 -1.113438e+00
9.241319e+00 9.280954e-01 -9.119772e-01
9.241319e+00 1.002158e+00 -6.944396e-01
9.241319e+00 1.082132e+00 -4.595422e-01
9.241319e+00 1.168487e+00 -3.861929e-01
9.241319e+00 1.261733e+00 -3.223457e-01
9.241319e+00 1.362421e+00 -2.534035e-01
9.241319e+00 1.471144e+00 -1.789596e-01
9.241319e+00 1.588542e+00 -1.326715e-01
9.241319e+00 1.715310e+00 -1.125424e-01
9.241319e+00 1.852193e+00 -9.080700e-02
9.241319e+00 2.000000e+00 -6.733707e-02
9.446145e+00 1.000000e-03 -2.119649e+02
9.446145e+00 1.079801e-03 -2.273168e+02
9.446145e+00 1.165970e-03 -2.436413e+02
9.446145e+00 1.259016e-03 -2.609739e+02
9.446145e+00 1.359487e-03 -2.793471e+02
9.446145e+00 1.467975e-03 -2.987898e+02
9.446145e+00 1.585121e-03 -3.193266e+02
9.446145e+00 1.711615e-03 -3.409767e+02
9.446145e+00 1.848204e-03 -3.637532e+02
9.446145e+00 1.995693e-03 -3.876601e+02
9.446145e+00 2.154951e-03 -4.126903e+02
9.446145e+00 2.326918e-03 -4.388264e+02
9.446145e+00 2.512609e-03 -4.660345e+02
9.446145e+00 2.713117e-03 -4.942620e+02
9.446145e+00 2.929627e-03 -5.234400e+02
9.446145e+00 3.163414e-03 -5.534773e+02
9.446145e+00 3.415858e-03 -5.842586e+02
9.446145e+00 3.688447e-03 -6.156464e+02
9.446145e+00 3.982789e-03 -6.474713e+02
9.446145e+00 4.300619e-03 -6.795302e+02
9.446145e+00 4.643813e-03 -7.115927e+02
9.446145e+00 5.014394e-03 -7.433865e+02
9.446145e+00 5.414548e-03 -7.745974e+02
9.446145e+00 5.846635e-03 -8.048820e+02
9.446145e+00 6.313202e-03 -8.338440e+02
9.446145e+00 6.817002e-03 -8.610383e+02
9.446145e+00 7.361006e-03 -8.859971e+02
9.446145e+00 7.948422e-03 -9.081968e+02
9.446145e+00 8.582714e-03 -9.270708e+02
9.446145e+00 9.267624e-03 -9.420551e+02
9.446145e+00 1.000719e-02 -9.525494e+02
9.446145e+00 1.080577e-02 -9.579441e+02
9.446145e+00 1.166809e-02 -9.576934e+02
9.446145e+00 1.259921e-02 -9.513134e+02
9.446145e+00 1.360464e-02 -9.384175e+02
9.446145e+00 1.469030e-02 -9.187786e+02
9.446145e+00 1.586261e-02 -8.924452e+02
9.446145e+00 1.712846e-02 -8.597274e+02
9.446145e+00 1.849533e-02 -8.211395e+02
9.446145e+00 1.997127e-02 -7.777938e+02
9.446145e+00 2.156500e-02 -7.311797e+02
9.446145e+00 2.328591e-02 -6.827348e+02
9.446145e+00 2.514415e-02 -6.344345e+02
9.446145e+00 2.715068e-02 -5.883867e+02
9.446145e+00 2.931733e-02 -5.461744e+02
9.446145e+00 3.165689e-02 -5.089574e+02
9.446145e+00 3.418314e-02 -4.774337e+02
9.446145e+00 3.691099e-02 -4.511159e+02
9.446145e+00 3.985652e-02 -4.284100e+02
9.446145e+00 4.303711e-02 -4.066418e+02
9.446145e+00 4.647152e-02 -3.825650e+02
9.446145e+00 5.017999e-02 -3.534198e+02
9.446145e+00 5.418441e-02 -3.258835e+02
9.446145e+00 5.850838e-02 -3.080765e+02
9.446145e+00 6.317741e-02 -2.888486e+02
9.446145e+00 6.821903e-02 -2.680862e+02
9.446145e+00 7.366298e-02 -2.458672e+02
9.446145e+00 7.954136e-02 -2.239188e+02
9.446145e+00 8.588885e-02 -2.002190e+02
9.446145e+00 9.274286e-02 -1.746279e+02
9.446145e+00 1.001438e-01 -1.469945e+02
9.446145e+00 1.081354e-01 -1.304860e+02
9.446145e+00 1.167647e-01 -1.190197e+02
9.446145e+00 1.260827e-01 -1.066384e+02
9.446145e+00 1.361442e-01 -9.326911e+01
9.446145e+00 1.470087e-01 -8.025979e+01
9.446145e+00 1.587401e-01 -7.229053e+01
9.446145e+00 1.714077e-01 -6.368532e+01
9.446145e+00 1.850862e-01 -5.439339e+01
9.446145e+00 1.998563e-01 -4.435997e+01
9.446145e+00 2.158051e-01 -3.903514e+01
9.446145e+00 2.330265e-01 -3.438584e+01
9.446145e+00 2.516223e-01 -2.936552e+01
9.446145e+00 2.717020e-01 -2.394457e+01
9.446145e+00 2.933841e-01 -1.975148e+01
9.446145e+00 3.167964e-01 -1.733410e+01
9.446145e+00 3.420771e-01 -1.472381e+01
9.446145e+00 3.693752e-01 -1.190522e+01
9.446145e+00 3.988518e-01 -9.006398e+00
9.446145e+00 4.306805e-01 -7.905940e+00
9.446145e+00 4.650493e-01 -6.717665e+00
9.446145e+00 5.021607e-01 -5.434564e+00
9.446145e+00 5.422336e-01 -4.049070e+00
9.446145e+00 5.855044e-01 -3.283927e+00
9.446145e+00 6.322283e-01 -2.798336e+00
9.446145e+00 6.826808e-01 -2.273994e+00
9.446145e+00 7.371594e-01 -1.707810e+00
9.446145e+00 7.959855e-01 -1.237305e+00
9.446145e+00 8.595059e-01 -1.060712e+00
9.446145e+00 9.280954e-01 -8.700264e-01
9.446145e+00 1.002158e+00 -6.641238e-01
9.446145e+00 1.082132e+00 -4.417900e-01
9.446145e+00 1.168487e+00 -3.717646e-01
9.446145e+00 1.261733e+00 -3.106343e-01
9.446145e+00 1.362421e+00 -2.446257e-01
9.446145e+00 1.471144e+00 -1.733496e-01
9.446145e+00 1.588542e+00 -1.289150e-01
9.446145e+00 1.715310e+00 -1.094153e-01
9.446145e+00 1.852193e+00 -8.835954e-02
9.446145e+00 2.000000e+00 -6.562346e-02
9.655068e+00 1.000000e-03 -1.875165e+02
9.655068e+00 1.079801e-03 -2.011008e+02
9.655068e+00 1.165970e-03 -2.155460e+02
9.655068e+00 1.259016e-03 -2.308836e+02
9.655068e+00 1.359487e-03 -2.471422e+02
9.655068e+00 1.467975e-03 -2.643472e+02
9.655068e+00 1.585121e-03 -2.825204e+02
9.655068e+00 1.711615e-03 -3.016785e+02
9.655068e+00 1.848204e-03 -3.218331e+02
9.655068e+00 1.995693e-03 -3.429877e+02
9.655068e+00 2.154951e-03 -3.651359e+02
9.655068e+00 2.326918e-03 -3.882627e+02
9.655068e+00 2.512609e-03 -4.123378e+02
9.655068e+00 2.713117e-03 -4.373150e+02
9.655068e+00 2.929627e-03 -4.631332e+02
9.655068e+00 3.163414e-03 -4.897117e+02
9.655068e+00 3.415858e-03 -5.169484e+02
9.655068e+00 3.688447e-03 -5.447217e+02
9.655068e+00 3.982789e-03 -5.728816e+02
9.655068e+00 4.300619e-03 -6.012485e+02
9.655068e+00 4.643813e-03 -6.296185e+02
9.655068e+00 5.014394e-03 -6.577508e+02
9.655068e+00 5.414548e-03 -6.853672e+02
9.655068e+00 5.846635e-03 -7.121640e+02
9.655068e+00 6.313202e-03 -7.377904e+02
9.655068e+00 6.817002e-03 -7.618528e+02
9.655068e+00 7.361006e-03 -7.839372e+02
9.655068e+00 7.948422e-03 -8.035802e+02
9.655068e+00 8.582714e-03 -8.202805e+02
9.655068e+00 9.267624e-03 -8.335392e+02
9.655068e+00 1.000719e-02 -8.428250e+02
9.655068e+00 1.080577e-02 -8.475986e+02
9.655068e+00 1.166809e-02 -8.473771e+02
9.655068e+00 1.259921e-02 -8.417323e+02
9.655068e+00 1.360464e-02 -8.303222e+02
9.655068e+00 1.469030e-02 -8.129457e+02
9.655068e+00 1.586261e-02 -7.896457e+02
9.655068e+00 1.712846e-02 -7.606968e+02
9.655068e+00 1.849533e-02 -7.265539e+02
9.655068e+00 1.997127e-02 -6.882012e+02
9.655068e+00 2.156500e-02 -6.469565e+02
9.655068e+00 2.328591e-02 -6.040920e+02
9.655068e+00 2.514415e-02 -5.613553e+02
9.655068e+00 2.715068e-02 -5.206117e+02
9.655068e+00 2.931733e-02 -4.832617e+02
9.655068e+00 3.165689e-02 -4.503317e+02
9.655068e+00 3.418314e-02 -4.224392e+02
9.655068e+00 3.691099e-02 -3.991528e+02
9.655068e+00 3.985652e-02 -3.790624e+02
9.655068e+00 4.303711e-02 -3.598016e+02
9.655068e+00 4.647152e-02 -3.384982e+02
9.655068e+00 5.017999e-02 -3.127102e+02
9.655068e+00 5.418441e-02 -2.883474e+02
9.655068e+00 5.850838e-02 -2.725963e+02
9.655068e+00 6.317741e-02 -2.555883e+02
9.655068e+00 6.821903e-02 -2.372231e+02
9.655068e+00 7.366298e-02 -2.175718e+02
9.655068e+00 7.954136e-02 -1.981858e+02
9.655068e+00 8.588885e-02 -1.772527e+02
9.655068e+00 9.274286e-02 -1.546492e+02
9.655068e+00 1.001438e-01 -1.302419e+02
9.655068e+00 1.081354e-01 -1.156413e+02
9.655068e+00 1.167647e-01 -1.054834e+02
9.655068e+00 1.260827e-01 -9.451500e+01
9.655068e+00 1.361442e-01 -8.267128e+01
9.655068e+00 1.470087e-01 -7.115268e+01
9.655068e+00 1.587401e-01 -6.412593e+01
9.655068e+00 1.714077e-01 -5.653844e+01
9.655068e+00 1.850862e-01 -4.834547e+01
9.655068e+00 1.998563e-01 -3.949868e+01
9.655068e+00 2.158051e-01 -3.480594e+01
9.655068e+00 2.330265e-01 -3.070948e+01
9.655068e+00 2.516223e-01 -2.628611e+01
9.655068e+00 2.717020e-01 -2.150976e+01
9.655068e+00 2.933841e-01 -1.780606e+01
9.655068e+00 3.167964e-01 -1.565448e+01
9.655068e+00 3.420771e-01 -1.333121e+01
9.655068e+00 3.693752e-01 -1.082253e+01
9.655068e+00 3.988518e-01 -8.241390e+00
9.655068e+00 4.306805e-01 -7.245866e+00
9.655068e+00 4.650493e-01 -6.170898e+00
9.655068e+00 5.021607e-01 -5.010146e+00
9.655068e+00 5.422336e-01 -3.756766e+00
9.655068e+00 5.855044e-01 -3.058548e+00
9.655068e+00 6.322283e-01 -2.609934e+00
9.655068e+00 6.826808e-01 -2.125519e+00
9.655068e+00 7.371594e-01 -1.602447e+00
9.655068e+00 7.959855e-01 -1.167071e+00
9.655068e+00 8.595059e-01 -1.001524e+00
9.655068e+00 9.280954e-01 -8.227673e-01
9.655068e+00 1.002158e+00 -6.297451e-01
9.655068e+00 1.082132e+00 -4.213195e-01
9.655068e+00 1.168487e+00 -3.551021e-01
9.655068e+00 1.261733e+00 -2.971289e-01
9.655068e+00 1.362421e+00 -2.345294e-01
9.655068e+00 1.471144e+00 -1.669344e-01
9.655068e+00 1.588542e+00 -1.246411e-01
9.655068e+00 1.715310e+00 -1.058482e-01
9.655068e+00 1.852193e+00 -8.555566e-02
9.655068e+00 2.000000e+00 -6.364373e-02
9.868170e+00 1.000000e-03 -1.652509e+02
9.868170e+00 1.079801e-03 -1.772251e+02
9.868170e+00 1.165970e-03 -1.899584e+02
9.868170e+00 1.259016e-03 -2.034785e+02
9.868170e+00 1.359487e-03 -2.178107e+02
9.868170e+00 1.467975e-03 -2.329772e+02
9.868170e+00 1.585121e-03 -2.489971e+02
9.868170e+00 1.711615e-03 -2.658852e+02
9.868170e+00 1.848204e-03 -2.836514e+02
9.868170e+00 1.995693e-03 -3.022988e+02
9.868170e+00 2.154951e-03 -3.218218e+02
9.868170e+00 2.326918e-03 -3.422073e+02
9.868170e+00 2.512609e-03 -3.634286e+02
9.868170e+00 2.713117e-03 -3.854450e+02
9.868170e+00 2.929627e-03 -4.082027e+02
9.868170e+00 3.163414e-03 -4.316305e+02
9.868170e+00 3.415858e-03 -4.556384e+02
9.868170e+00 3.688447e-03 -4.801192e+02
9.868170e+00 3.982789e-03 -5.049407e+02
9.868170e+00 4.300619e-03 -5.299445e+02
9.868170e+00 4.643813e-03 -5.549511e+02
9.868170e+00 5.014394e-03 -5.797480e+02
9.868170e+00 5.414548e-03 -6.040903e+02
9.868170e+00 5.846635e-03 -6.277101e+02
9.868170e+00 6.313202e-03 -6.502982e+02
9.868170e+00 6.817002e-03 -6.715077e+02
9.868170e+00 7.361006e-03 -6.909737e+02
9.868170e+00 7.948422e-03 -7.082878e+02
9.868170e+00 8.582714e-03 -7.230082e+02
9.868170e+00 9.267624e-03 -7.346950e+02
9.868170e+00 1.000719e-02 -7.428800e+02
9.868170e+00 1.080577e-02 -7.470879e+02
9.868170e+00 1.166809e-02 -7.468929e+02
9.868170e+00 1.259921e-02 -7.419178e+02
9.868170e+00 1.360464e-02 -7.318609e+02
9.868170e+00 1.469030e-02 -7.165452e+02
9.868170e+00 1.586261e-02 -6.960083e+02
9.868170e+00 1.712846e-02 -6.704923e+02
9.868170e+00 1.849533e-02 -6.403982e+02
9.868170e+00 1.997127e-02 -6.065935e+02
9.868170e+00 2.156500e-02 -5.702397e+02
9.868170e+00 2.328591e-02 -5.324582e+02
9.868170e+00 2.514415e-02 -4.947892e+02
9.868170e+00 2.715068e-02 -4.588771e+02
9.868170e+00 2.931733e-02 -4.259561e+02
9.868170e+00 3.165689e-02 -3.969310e+02
9.868170e+00 3.418314e-02 -3.723460e+02
9.868170e+00 3.691099e-02 -3.518209e+02
9.868170e+00 3.985652e-02 -3.341129e+02
9.868170e+00 4.303711e-02 -3.171360e+02
9.868170e+00 4.647152e-02 -2.983588e+02
9.868170e+00 5.017999e-02 -2.756287e+02
9.868170e+00 5.418441e-02 -2.541679e+02
9.868170e+00 5.850838e-02 -2.403207e+02
9.868170e+00 6.317741e-02 -2.253684e+02
9.868170e+00 6.821903e-02 -2.092230e+02
9.868170e+00 7.366298e-02 -1.919454e+02
9.868170e+00 7.954136e-02 -1.748852e+02
9.868170e+00 8.588885e-02 -1.564635e+02
9.868170e+00 9.274286e-02 -1.365717e+02
9.868170e+00 1.001438e-01 -1.150926e+02
9.868170e+00 1.081354e-01 -1.022073e+02
9.868170e+00 1.167647e-01 -9.321164e+01
9.868170e+00 1.260827e-01 -8.349812e+01
9.868170e+00 1.361442e-01 -7.300946e+01
9.868170e+00 1.470087e-01 -6.281714e+01
9.868170e+00 1.587401e-01 -5.663934e+01
9.868170e+00 1.714077e-01 -4.996854e+01
9.868170e+00 1.850862e-01 -4.276541e+01
9.868170e+00 1.998563e-01 -3.498745e+01
9.868170e+00 2.158051e-01 -3.086901e+01
9.868170e+00 2.330265e-01 -2.727686e+01
9.868170e+00 2.516223e-01 -2.339805e+01
9.868170e+00 2.717020e-01 -1.920971e+01
9.868170e+00 2.933841e-01 -1.595402e+01
9.868170e+00 3.167964e-01 -1.404866e+01
9.868170e+00 3.420771e-01 -1.199124e+01
9.868170e+00 3.693752e-01 -9.769637e+00
9.868170e+00 3.988518e-01 -7.483049e+00
9.868170e+00 4.306805e-01 -6.589177e+00
9.868170e+00 4.650493e-01 -5.623973e+00
9.868170e+00 5.021607e-01 -4.581746e+00
9.868170e+00 5.422336e-01 -3.456347e+00
9.868170e+00 5.855044e-01 -2.824392e+00
9.868170e+00 6.322283e-01 -2.413808e+00
9.868170e+00 6.826808e-01 -1.970458e+00
9.868170e+00 7.371594e-01 -1.491728e+00
9.868170e+00 7.959855e-01 -1.092597e+00
9.868170e+00 8.595059e-01 -9.388112e-01
9.868170e+00 9.280954e-01 -7.727530e-01
9.868170e+00 1.002158e+00 -5.934431e-01
9.868170e+00 1.082132e+00 -3.998241e-01
9.868170e+00 1.168487e+00 -3.375166e-01
9.868170e+00 1.261733e+00 -2.827367e-01
9.868170e+00 1.362421e+00 -2.235853e-01
9.868170e+00 1.471144e+00 -1.597135e-01
9.868170e+00 1.588542e+00 -1.196315e-01
9.868170e+00 1.715310e+00 -1.016425e-01
9.868170e+00 1.852193e+00 -8.221791e-02
9.868170e+00 2.000000e+00 -6.124323e-02
1.008553e+01 1.000000e-03 -1.449769e+02
1.008553e+01 1.079801e-03 -1.554846e+02
1.008553e+01 1.165970e-03 -1.666586e+02
1.008553e+01 1.259016e-03 -1.785234e+02
1.008553e+01 1.359487e-03 -1.911009e+02
1.008553e+01 1.467975e-03 -2.044107e+02
1.008553e+01 1.585121e-03 -2.184694e+02
1.008553e+01 1.711615e-03 -2.332899e+02
1.008553e+01 1.848204e-03 -2.488807e+02
1.008553e+01 1.995693e-03 -2.652446e+02
1.008553e+01 2.154951e-03 -2.823767e+02
1.008553e+01 2.326918e-03 -3.002654e+02
1.008553e+01 2.512609e-03 -3.188876e+02
1.008553e+01 2.713117e-03 -3.382074e+02
1.008553e+01 2.929627e-03 -3.581777e+02
1.008553e+01 3.163414e-03 -3.787360e+02
1.008553e+01 3.415858e-03 -3.998032e+02
1.008553e+01 3.688447e-03 -4.212854e+02
1.008553e+01 3.982789e-03 -4.430664e+02
1.008553e+01 4.300619e-03 -4.650073e+02
1.008553e+01 4.643813e-03 -4.869506e+02
1.008553e+01 5.014394e-03 -5.087099e+02
1.008553e+01 5.414548e-03 -5.300703e+02
1.008553e+01 5.846635e-03 -5.507966e+02
1.008553e+01 6.313202e-03 -5.706176e+02
1.008553e+01 6.817002e-03 -5.892288e+02
1.008553e+01 7.361006e-03 -6.063102e+02
1.008553e+01 7.948422e-03 -6.215034e+02
1.008553e+01 8.582714e-03 -6.344205e+02
1.008553e+01 9.267624e-03 -6.446757e+02
1.008553e+01 1.000719e-02 -6.518582e+02
1.008553e+01 1.080577e-02 -6.555508e+02
1.008553e+01 1.166809e-02 -6.553800e+02
1.008553e+01 1.259921e-02 -6.510147e+02
1.008553e+01 1.360464e-02 -6.421903e+02
1.008553e+01 1.469030e-02 -6.287513e+02
1.008553e+01 1.586261e-02 -6.107307e+02
1.008553e+01 1.712846e-02 -5.883411e+02
1.008553e+01 1.849533e-02 -5.619344e+02
1.008553e+01 1.997127e-02 -5.322716e+02
1.008553e+01 2.156500e-02 -5.003721e+02
1.008553e+01 2.328591e-02 -4.672197e+02
1.008553e+01 2.514415e-02 -4.341661e+02
1.008553e+01 2.715068e-02 -4.026541e+02
1.008553e+01 2.931733e-02 -3.737667e+02
1.008553e+01 3.165689e-02 -3.482978e+02
1.008553e+01 3.418314e-02 -3.267250e+02
1.008553e+01 3.691099e-02 -3.087148e+02
1.008553e+01 3.985652e-02 -2.931763e+02
1.008553e+01 4.303711e-02 -2.782796e+02
1.008553e+01 4.647152e-02 -2.618030e+02
1.008553e+01 5.017999e-02 -2.418579e+02
1.008553e+01 5.418441e-02 -2.230514e+02
1.008553e+01 5.850838e-02 -2.109703e+02
1.008553e+01 6.317741e-02 -1.979251e+02
1.008553e+01 6.821903e-02 -1.838388e+02
1.008553e+01 7.366298e-02 -1.687549e+02
1.008553e+01 7.954136e-02 -1.537576e+02
1.008553e+01 8.588885e-02 -1.375636e+02
1.008553e+01 9.274286e-02 -1.200772e+02
1.008553e+01 1.001438e-01 -1.011954e+02
1.008553e+01 1.081354e-01 -8.986140e+01
1.008553e+01 1.167647e-01 -8.194283e+01
1.008553e+01 1.260827e-01 -7.339235e+01
1.008553e+01 1.361442e-01 -6.415953e+01
1.008553e+01 1.470087e-01 -5.519369e+01
1.008553e+01 1.587401e-01 -4.978820e+01
1.008553e+01 1.714077e-01 -4.395134e+01
1.008553e+01 1.850862e-01 -3.764870e+01
1.008553e+01 1.998563e-01 -3.084311e+01
1.008553e+01 2.158051e-01 -2.724444e+01
1.008553e+01 2.330265e-01 -2.410763e+01
1.008553e+01 2.516223e-01 -2.072051e+01
1.008553e+01 2.717020e-01 -1.706309e+01
1.008553e+01 2.933841e-01 -1.421379e+01
1.008553e+01 3.167964e-01 -1.253512e+01
1.008553e+01 3.420771e-01 -1.072250e+01
1.008553e+01 3.693752e-01 -8.765221e+00
1.008553e+01 3.988518e-01 -6.750020e+00
1.008553e+01 4.306805e-01 -5.952362e+00
1.008553e+01 4.650493e-01 -5.091050e+00
1.008553e+01 5.021607e-01 -4.161004e+00
1.008553e+01 5.422336e-01 -3.156740e+00
1.008553e+01 5.855044e-01 -2.588532e+00
1.008553e+01 6.322283e-01 -2.215534e+00
1.008553e+01 6.826808e-01 -1.812771e+00
1.008553e+01 7.371594e-01 -1.377866e+00
1.008553e+01 7.959855e-01 -1.014690e+00
1.008553e+01 8.595059e-01 -8.729824e-01
1.008553e+01 9.280954e-01 -7.199660e-01
1.008553e+01 1.002158e+00 -5.547388e-01
1.008553e+01 1.082132e+00 -3.763262e-01
1.008553e+01 1.168487e+00 -3.182366e-01
1.008553e+01 1.261733e+00 -2.669719e-01
1.008553e+01 1.362421e+00 -2.116163e-01
1.008553e+01 1.471144e+00 -1.518432e-01
1.008553e+01 1.588542e+00 -1.141839e-01
1.008553e+01 1.715310e+00 -9.705709e-02
1.008553e+01 1.852193e+00 -7.856357e-02
1.008553e+01 2.000000e+00 -5.859425e-02
1.030724e+01 1.000000e-03 -1.270920e+02
1.030724e+01 1.079801e-03 -1.363057e+02
1.030724e+01 1.165970e-03 -1.461039e+02
1.030724e+01 1.259016e-03 -1.565080e+02
1.030724e+01 1.359487e-03 -1.675372e+02
1.030724e+01 1.467975e-03 -1.792087e+02
1.030724e+01 1.585121e-03 -1.915368e+02
1.030724e+01 1.711615e-03 -2.045329e+02
1.030724e+01 1.848204e-03 -2.182043e+02
1.030724e+01 1.995693e-03 -2.325533e+02
1.030724e+01 2.154951e-03 -2.475758e+02
1.030724e+01 2.326918e-03 -2.632616e+02
1.030724e+01 2.512609e-03 -2.795905e+02
1.030724e+01 2.713117e-03 -2.965310e+02
1.030724e+01 2.929627e-03 -3.140418e+02
1.030724e+01 3.163414e-03 -3.320683e+02
1.030724e+01 3.415858e-03 -3.505410e+02
1.030724e+01 3.688447e-03 -3.693774e+02
1.030724e+01 3.982789e-03 -3.884757e+02
1.030724e+01 4.300619e-03 -4.077141e+02
1.030724e+01 4.643813e-03 -4.269547e+02
1.030724e+01 5.014394e-03 -4.460339e+02
1.030724e+01 5.414548e-03 -4.647632e+02
1.030724e+01 5.846635e-03 -4.829366e+02
1.030724e+01 6.313202e-03 -5.003162e+02
1.030724e+01 6.817002e-03 -5.166350e+02
1.030724e+01 7.361006e-03 -5.316124e+02
1.030724e+01 7.948422e-03 -5.449341e+02
1.030724e+01 8.582714e-03 -5.562602e+02
1.030724e+01 9.267624e-03 -5.652524e+02
1.030724e+01 1.000719e-02 -5.715503e+02
1.030724e+01 1.080577e-02 -5.747883e+02
1.030724e+01 1.166809e-02 -5.746388e+02
1.030724e+01 1.259921e-02 -5.708115e+02
1.030724e+01 1.360464e-02 -5.630743e+02
1.030724e+01 1.469030e-02 -5.512911e+02
1.030724e+01 1.586261e-02 -5.354908e+02
1.030724e+01 1.712846e-02 -5.158596e+02
1.030724e+01 1.849533e-02 -4.927061e+02
1.030724e+01 1.997127e-02 -4.666978e+02
1.030724e+01 2.156500e-02 -4.387282e+02
1.030724e+01 2.328591e-02 -4.096601e+02
1.030724e+01 2.514415e-02 -3.806786e+02
1.030724e+01 2.715068e-02 -3.530488e+02
1.030724e+01 2.931733e-02 -3.277202e+02
1.030724e+01 3.165689e-02 -3.053890e+02
1.030724e+01 3.418314e-02 -2.864739e+02
1.030724e+01 3.691099e-02 -2.706824e+02
1.030724e+01 3.985652e-02 -2.570582e+02
1.030724e+01 4.303711e-02 -2.439967e+02
1.030724e+01 4.647152e-02 -2.295500e+02
1.030724e+01 5.017999e-02 -2.120620e+02
1.030724e+01 5.418441e-02 -1.955712e+02
1.030724e+01 5.850838e-02 -1.849749e+02
1.030724e+01 6.317741e-02 -1.735330e+02
1.030724e+01 6.821903e-02 -1.611781e+02
1.030724e+01 7.366298e-02 -1.479439e+02
1.030724e+01 7.954136e-02 -1.347430e+02
1.030724e+01 8.588885e-02 -1.204887e+02
1.030724e+01 9.274286e-02 -1.050969e+02
1.030724e+01 1.001438e-01 -8.847673e+01
1.030724e+01 1.081354e-01 -7.854594e+01
1.030724e+01 1.167647e-01 -7.164692e+01
1.030724e+01 1.260827e-01 -6.419736e+01
1.030724e+01 1.361442e-01 -5.615331e+01
1.030724e+01 1.470087e-01 -4.833919e+01
1.030724e+01 1.587401e-01 -4.361540e+01
1.030724e+01 1.714077e-01 -3.851465e+01
1.030724e+01 1.850862e-01 -3.300686e+01
1.030724e+01 1.998563e-01 -2.705953e+01
1.030724e+01 2.158051e-01 -2.392431e+01
1.030724e+01 2.330265e-01 -2.119539e+01
1.030724e+01 2.516223e-01 -1.824870e+01
1.030724e+01 2.717020e-01 -1.506687e+01
1.030724e+01 2.933841e-01 -1.258436e+01
1.030724e+01 3.167964e-01 -1.111525e+01
1.030724e+01 3.420771e-01 -9.528899e+00
1.030724e+01 3.693752e-01 -7.815960e+00
1.030724e+01 3.988518e-01 -6.051686e+00
1.030724e+01 4.306805e-01 -5.343929e+00
1.030724e+01 4.650493e-01 -4.579691e+00
1.030724e+01 5.021607e-01 -3.754466e+00
1.030724e+01 5.422336e-01 -2.863387e+00
1.030724e+01 5.855044e-01 -2.355756e+00
1.030724e+01 6.322283e-01 -2.019443e+00
1.030724e+01 6.826808e-01 -1.656291e+00
1.030724e+01 7.371594e-01 -1.264159e+00
1.030724e+01 7.959855e-01 -9.361152e-01
1.030724e+01 8.595059e-01 -8.063300e-01
1.030724e+01 9.280954e-01 -6.661880e-01
1.030724e+01 1.002158e+00 -5.148624e-01
1.030724e+01 1.082132e+00 -3.514609e-01
1.030724e+01 1.168487e+00 -2.977015e-01
1.030724e+01 1.261733e+00 -2.501008e-01
1.030724e+01 1.362421e+00 -1.987015e-01
1.030724e+01 1.471144e+00 -1.432005e-01
1.030724e+01 1.588542e+00 -1.081015e-01
1.030724e+01 1.715310e+00 -9.194202e-02
1.030724e+01 1.852193e+00 -7.449300e-02
1.030724e+01 2.000000e+00 -5.565153e-02
1.053339e+01 1.000000e-03 -1.108987e+02
1.053339e+01 1.079801e-03 -1.189404e+02
1.053339e+01 1.165970e-03 -1.274925e+02
1.053339e+01 1.259016e-03 -1.365736e+02
1.053339e+01 1.359487e-03 -1.462006e+02
1.053339e+01 1.467975e-03 -1.563881e+02
1.053339e+01 1.585121e-03 -1.671489e+02
1.053339e+01 1.711615e-03 -1.784926e+02
1.053339e+01 1.848204e-03 -1.904257e+02
1.053339e+01 1.995693e-03 -2.029499e+02
1.053339e+01 2.154951e-03 -2.160618e+02
1.053339e+01 2.326918e-03 -2.297526e+02
1.053339e+01 2.512609e-03 -2.440045e+02
1.053339e+01 2.713117e-03 -2.587902e+02
1.053339e+01 2.929627e-03 -2.740737e+02
1.053339e+01 3.163414e-03 -2.898072e+02
1.053339e+01 3.415858e-03 -3.059301e+02
1.053339e+01 3.688447e-03 -3.223704e+02
1.053339e+01 3.982789e-03 -3.390392e+02
1.053339e+01 4.300619e-03 -3.558302e+02
1.053339e+01 4.643813e-03 -3.726231e+02
1.053339e+01 5.014394e-03 -3.892751e+02
1.053339e+01 5.414548e-03 -4.056218e+02
1.053339e+01 5.846635e-03 -4.214832e+02
1.053339e+01 6.313202e-03 -4.366517e+02
1.053339e+01 6.817002e-03 -4.508944e+02
1.053339e+01 7.361006e-03 -4.639664e+02
1.053339e+01 7.948422e-03 -4.755933e+02
1.053339e+01 8.582714e-03 -4.854786e+02
1.053339e+01 9.267624e-03 -4.933269e+02
1.053339e+01 1.000719e-02 -4.988238e+02
1.053339e+01 1.080577e-02 -5.016502e+02
1.053339e+01 1.166809e-02 -5.015199e+02
1.053339e+01 1.259921e-02 -4.981797e+02
1.053339e+01 1.360464e-02 -4.914271e+02
1.053339e+01 1.469030e-02 -4.811433e+02
1.053339e+01 1.586261e-02 -4.673535e+02
1.053339e+01 1.712846e-02 -4.502204e+02
1.053339e+01 1.849533e-02 -4.300131e+02
1.053339e+01 1.997127e-02 -4.073142e+02
1.053339e+01 2.156500e-02 -3.829035e+02
1.053339e+01 2.328591e-02 -3.575341e+02
1.053339e+01 2.514415e-02 -3.322404e+02
1.053339e+01 2.715068e-02 -3.081262e+02
1.053339e+01 2.931733e-02 -2.860205e+02
1.053339e+01 3.165689e-02 -2.665308e+02
1.053339e+01 3.418314e-02 -2.500225e+02
1.053339e+01 3.691099e-02 -2.362403e+02
1.053339e+01 3.985652e-02 -2.243497e+02
1.053339e+01 4.303711e-02 -2.129501e+02
1.053339e+01 4.647152e-02 -2.003416e+02
1.053339e+01 5.017999e-02 -1.850789e+02
1.053339e+01 5.418441e-02 -1.706868e+02
1.053339e+01 5.850838e-02 -1.614401e+02
1.053339e+01 6.317741e-02 -1.514555e+02
1.053339e+01 6.821903e-02 -1.406742e+02
1.053339e+01 7.366298e-02 -1.291233e+02
1.053339e+01 7.954136e-02 -1.175787e+02
1.053339e+01 8.588885e-02 -1.051128e+02
1.053339e+01 9.274286e-02 -9.165209e+01
1.053339e+01 1.001438e-01 -7.711722e+01
1.053339e+01 1.081354e-01 -6.844849e+01
1.053339e+01 1.167647e-01 -6.244010e+01
1.053339e+01 1.260827e-01 -5.595224e+01
1.053339e+01 1.361442e-01 -4.894663e+01
1.053339e+01 1.470087e-01 -4.214460e+01
1.053339e+01 1.587401e-01 -3.804841e+01
1.053339e+01 1.714077e-01 -3.362533e+01
1.053339e+01 1.850862e-01 -2.884928e+01
1.053339e+01 1.998563e-01 -2.369210e+01
1.053339e+01 2.158051e-01 -2.096395e+01
1.053339e+01 2.330265e-01 -1.858547e+01
1.053339e+01 2.516223e-01 -1.601718e+01
1.053339e+01 2.717020e-01 -1.324395e+01
1.053339e+01 2.933841e-01 -1.108022e+01
1.053339e+01 3.167964e-01 -9.799720e+00
1.053339e+01 3.420771e-01 -8.417039e+00
1.053339e+01 3.693752e-01 -6.924019e+00
1.053339e+01 3.988518e-01 -5.385794e+00
1.053339e+01 4.306805e-01 -4.761943e+00
1.053339e+01 4.650493e-01 -4.088309e+00
1.053339e+01 5.021607e-01 -3.360918e+00
1.053339e+01 5.422336e-01 -2.575481e+00
1.053339e+01 5.855044e-01 -2.125367e+00
1.053339e+01 6.322283e-01 -1.824808e+00
1.053339e+01 6.826808e-01 -1.500263e+00
1.053339e+01 7.371594e-01 -1.149818e+00
1.053339e+01 7.959855e-01 -8.561459e-01
1.053339e+01 8.595059e-01 -7.384309e-01
1.053339e+01 9.280954e-01 -6.113221e-01
1.053339e+01 1.002158e+00 -4.740699e-01
1.053339e+01 1.082132e+00 -3.258649e-01
1.053339e+01 1.168487e+00 -2.764889e-01
1.053339e+01 1.261733e+00 -2.325972e-01
1.053339e+01 1.362421e+00 -1.852030e-01
1.053339e+01 1.471144e+00 -1.340266e-01
1.053339e+01 1.588542e+00 -1.015498e-01
1.053339e+01 1.715310e+00 -8.642922e-02
1.053339e+01 1.852193e+00 -7.010200e-02
1.053339e+01 2.000000e+00 -5.247185e-02
1.076406e+01 1.000000e-03 -9.650045e+01
1.076406e+01 1.079801e-03 -1.034998e+02
1.076406e+01 1.165970e-03 -1.109436e+02
1.076406e+01 1.259016e-03 -1.188481e+02
1.076406e+01 1.359487e-03 -1.272278e+02
1.076406e+01 1.467975e-03 -1.360956e+02
1.076406e+01 1.585121e-03 -1.454623e+02
1.076406e+01 1.711615e-03 -1.553364e+02
1.076406e+01 1.848204e-03 -1.657233e+02
1.076406e+01 1.995693e-03 -1.766247e+02
1.076406e+01 2.154951e-03 -1.880374e+02
1.076406e+01 2.326918e-03 -1.999538e+02
1.076406e+01 2.512609e-03 -2.123586e+02
1.076406e+01 2.713117e-03 -2.252279e+02
1.076406e+01 2.929627e-03 -2.385305e+02
1.076406e+01 3.163414e-03 -2.522247e+02
1.076406e+01 3.415858e-03 -2.662579e+02
1.076406e+01 3.688447e-03 -2.805673e+02
1.076406e+01 3.982789e-03 -2.950754e+02
1.076406e+01 4.300619e-03 -3.096899e+02
1.076406e+01 4.643813e-03 -3.243059e+02
1.076406e+01 5.014394e-03 -3.387993e+02
1.076406e+01 5.414548e-03 -3.530270e+02
1.076406e+01 5.846635e-03 -3.668323e+02
1.076406e+01 6.313202e-03 -3.800345e+02
1.076406e+01 6.817002e-03 -3.924309e+02
1.076406e+01 7.361006e-03 -4.038082e+02
1.076406e+01 7.948422e-03 -4.139279e+02
1.076406e+01 8.582714e-03 -4.225318e+02
1.076406e+01 9.267624e-03 -4.293628e+02
1.076406e+01 1.000719e-02 -4.341474e+02
1.076406e+01 1.080577e-02 -4.366076e+02
1.076406e+01 1.166809e-02 -4.364945e+02
1.076406e+01 1.259921e-02 -4.335874e+02
1.076406e+01 1.360464e-02 -4.277103e+02
1.076406e+01 1.469030e-02 -4.187599e+02
1.076406e+01 1.586261e-02 -4.067582e+02
1.076406e+01 1.712846e-02 -3.918466e+02
1.076406e+01 1.849533e-02 -3.742594e+02
1.076406e+01 1.997127e-02 -3.545036e+02
1.076406e+01 2.156500e-02 -3.332580e+02
1.076406e+01 2.328591e-02 -3.111779e+02
1.076406e+01 2.514415e-02 -2.891636e+02
1.076406e+01 2.715068e-02 -2.681760e+02
1.076406e+01 2.931733e-02 -2.489364e+02
1.076406e+01 3.165689e-02 -2.319736e+02
1.076406e+01 3.418314e-02 -2.176057e+02
1.076406e+01 3.691099e-02 -2.056105e+02
1.076406e+01 3.985652e-02 -1.952616e+02
1.076406e+01 4.303711e-02 -1.853400e+02
1.076406e+01 4.647152e-02 -1.743663e+02
1.076406e+01 5.017999e-02 -1.610824e+02
1.076406e+01 5.418441e-02 -1.485430e+02
1.076406e+01 5.850838e-02 -1.404579e+02
1.076406e+01 6.317741e-02 -1.317276e+02
1.076406e+01 6.821903e-02 -1.223006e+02
1.076406e+01 7.366298e-02 -1.122082e+02
1.076406e+01 7.954136e-02 -1.021973e+02
1.076406e+01 8.588885e-02 -9.138755e+01
1.076406e+01 9.274286e-02 -7.971516e+01
1.076406e+01 1.001438e-01 -6.711130e+01
1.076406e+01 1.081354e-01 -5.957398e+01
1.076406e+01 1.167647e-01 -5.433227e+01
1.076406e+01 1.260827e-01 -4.867228e+01
1.076406e+01 1.361442e-01 -4.256061e+01
1.076406e+01 1.470087e-01 -3.663075e+01
1.076406e+01 1.587401e-01 -3.307972e+01
1.076406e+01 1.714077e-01 -2.924532e+01
1.076406e+01 1.850862e-01 -2.510492e+01
1.076406e+01 1.998563e-01 -2.063412e+01
1.076406e+01 2.158051e-01 -1.827147e+01
1.076406e+01 2.330265e-01 -1.621263e+01
1.076406e+01 2.516223e-01 -1.398949e+01
1.076406e+01 2.717020e-01 -1.158894e+01
1.076406e+01 2.933841e-01 -9.714582e+00
1.076406e+01 3.167964e-01 -8.602857e+00
1.076406e+01 3.420771e-01 -7.402415e+00
1.076406e+01 3.693752e-01 -6.106176e+00
1.076406e+01 3.988518e-01 -4.770301e+00
1.076406e+01 4.306805e-01 -4.222783e+00
1.076406e+01 4.650493e-01 -3.631573e+00
1.076406e+01 5.021607e-01 -2.993184e+00
1.076406e+01 5.422336e-01 -2.303851e+00
1.076406e+01 5.855044e-01 -1.906692e+00
1.076406e+01 6.322283e-01 -1.639631e+00
1.076406e+01 6.826808e-01 -1.351258e+00
1.076406e+01 7.371594e-01 -1.039873e+00
1.076406e+01 7.959855e-01 -7.784578e-01
1.076406e+01 8.595059e-01 -6.722375e-01
1.076406e+01 9.280954e-01 -5.575407e-01
1.076406e+01 1.002158e+00 -4.336911e-01
1.076406e+01 1.082132e+00 -2.999580e-01
1.076406e+01 1.168487e+00 -2.549364e-01
1.076406e+01 1.261733e+00 -2.147864e-01
1.076406e+01 1.362421e+00 -1.714325e-01
1.076406e+01 1.471144e+00 -1.246188e-01
1.076406e+01 1.588542e+00 -9.478759e-02
1.076406e+01 1.715310e+00 -8.071537e-02
1.076406e+01 1.852193e+00 -6.552017e-02
1.076406e+01 2.000000e+00 -4.911239e-02
1.099934e+01 1.000000e-03 -8.322357e+01
1.099934e+01 1.079801e-03 -8.926146e+01
1.099934e+01 1.165970e-03 -9.568294e+01
1.099934e+01 1.259016e-03 -1.025020e+02
1.099934e+01 1.359487e-03 -1.097311e+02
1.099934e+01 1.467975e-03 -1.173814e+02
1.099934e+01 1.585121e-03 -1.254621e+02
1.099934e+01 1.711615e-03 -1.339805e+02
1.099934e+01 1.848204e-03 -1.429412e+02
1.099934e+01 1.995693e-03 -1.523456e+02
1.099934e+01 2.154951e-03 -1.621909e+02
1.099934e+01 2.326918e-03 -1.724706e+02
1.099934e+01 2.512609e-03 -1.831716e+02
1.099934e+01 2.713117e-03 -1.942732e+02
1.099934e+01 2.929627e-03 -2.057485e+02
1.099934e+01 3.163414e-03 -2.175618e+02
1.099934e+01 3.415858e-03 -2.296675e+02
1.099934e+01 3.688447e-03 -2.420112e+02
1.099934e+01 3.982789e-03 -2.545263e+02
1.099934e+01 4.300619e-03 -2.671332e+02
1.099934e+01 4.643813e-03 -2.797413e+02
1.099934e+01 5.014394e-03 -2.922437e+02
1.099934e+01 5.414548e-03 -3.045168e+02
1.099934e+01 5.846635e-03 -3.164256e+02
1.099934e+01 6.313202e-03 -3.278141e+02
1.099934e+01 6.817002e-03 -3.385075e+02
1.099934e+01 7.361006e-03 -3.483218e+02
1.099934e+01 7.948422e-03 -3.570513e+02
1.099934e+01 8.582714e-03 -3.644732e+02
1.099934e+01 9.267624e-03 -3.703659e+02
1.099934e+01 1.000719e-02 -3.744934e+02
1.099934e+01 1.080577e-02 -3.766159e+02
1.099934e+01 1.166809e-02 -3.765184e+02
1.099934e+01 1.259921e-02 -3.740108e+02
1.099934e+01 1.360464e-02 -3.689414e+02
1.099934e+01 1.469030e-02 -3.612208e+02
1.099934e+01 1.586261e-02 -3.508683e+02
1.099934e+01 1.712846e-02 -3.380057e+02
1.099934e+01 1.849533e-02 -3.228351e+02
1.099934e+01 1.997127e-02 -3.057938e+02
1.099934e+01 2.156500e-02 -2.874674e+02
1.099934e+01 2.328591e-02 -2.684212e+02
1.099934e+01 2.514415e-02 -2.494318e+02
1.099934e+01 2.715068e-02 -2.313280e+02
1.099934e+01 2.931733e-02 -2.147320e+02
1.099934e+01 3.165689e-02 -2.000999e+02
1.099934e+01 3.418314e-02 -1.877062e+02
1.099934e+01 3.691099e-02 -1.773591e+02
1.099934e+01 3.985652e-02 -1.684322e+02
1.099934e+01 4.303711e-02 -1.598739e+02
1.099934e+01 4.647152e-02 -1.504079e+02
1.099934e+01 5.017999e-02 -1.389493e+02
1.099934e+01 5.418441e-02 -1.281371e+02
1.099934e+01 5.850838e-02 -1.211746e+02
1.099934e+01 6.317741e-02 -1.136566e+02
1.099934e+01 6.821903e-02 -1.055386e+02
1.099934e+01 7.366298e-02 -9.684880e+01
1.099934e+01 7.954136e-02 -8.824158e+01
1.099934e+01 8.588885e-02 -7.894749e+01
1.099934e+01 9.274286e-02 -6.891173e+01
1.099934e+01 1.001438e-01 -5.807510e+01
1.099934e+01 1.081354e-01 -5.156301e+01
1.099934e+01 1.167647e-01 -4.700706e+01
1.099934e+01 1.260827e-01 -4.208755e+01
1.099934e+01 1.361442e-01 -3.677545e+01
1.099934e+01 1.470087e-01 -3.162752e+01
1.099934e+01 1.587401e-01 -2.857387e+01
1.099934e+01 1.714077e-01 -2.527654e+01
1.099934e+01 1.850862e-01 -2.171607e+01
1.099934e+01 1.998563e-01 -1.787148e+01
1.099934e+01 2.158051e-01 -1.583466e+01
1.099934e+01 2.330265e-01 -1.405769e+01
1.099934e+01 2.516223e-01 -1.213890e+01
1.099934e+01 2.717020e-01 -1.006700e+01
1.099934e+01 2.933841e-01 -8.449788e+00
1.099934e+01 3.167964e-01 -7.491547e+00
1.099934e+01 3.420771e-01 -6.456837e+00
1.099934e+01 3.693752e-01 -5.339557e+00
1.099934e+01 3.988518e-01 -4.187826e+00
1.099934e+01 4.306805e-01 -3.711579e+00
1.099934e+01 4.650493e-01 -3.197328e+00
1.099934e+01 5.021607e-01 -2.642039e+00
1.099934e+01 5.422336e-01 -2.042438e+00
1.099934e+01 5.855044e-01 -1.695164e+00
1.099934e+01 6.322283e-01 -1.460063e+00
1.099934e+01 6.826808e-01 -1.206201e+00
1.099934e+01 7.371594e-01 -9.320796e-01
1.099934e+01 7.959855e-01 -7.015471e-01
1.099934e+01 8.595059e-01 -6.066587e-01
1.099934e+01 9.280954e-01 -5.041981e-01
1.099934e+01 1.002158e+00 -3.935611e-01
1.099934e+01 1.082132e+00 -2.740951e-01
1.099934e+01 1.168487e+00 -2.334494e-01
1.099934e+01 1.261733e+00 -1.970853e-01
1.099934e+01 1.362421e+00 -1.578192e-01
1.099934e+01 1.471144e+00 -1.154197e-01
1.099934e+01 1.588542e+00 -8.825956e-02
1.099934e+01 1.715310e+00 -7.523703e-02
1.099934e+01 1.852193e+00 -6.117530e-02
1.099934e+01 2.000000e+00 -4.599142e-02
1.123932e+01 1.000000e-03 -7.192088e+01
1.123932e+01 1.079801e-03 -7.714010e+01
1.123932e+01 1.165970e-03 -8.269106e+01
1.123932e+01 1.259016e-03 -8.858584e+01
1.123932e+01 1.359487e-03 -9.483522e+01
1.123932e+01 1.467975e-03 -1.014488e+02
1.123932e+01 1.585121e-03 -1.084345e+02
1.123932e+01 1.711615e-03 -1.157985e+02
1.123932e+01 1.848204e-03 -1.235448e+02
1.123932e+01 1.995693e-03 -1.316744e+02
1.123932e+01 2.154951e-03 -1.401852e+02
1.123932e+01 2.326918e-03 -1.490714e+02
1.123932e+01 2.512609e-03 -1.583215e+02
1.123932e+01 2.713117e-03 -1.679180e+02
1.123932e+01 2.929627e-03 -1.778376e+02
1.123932e+01 3.163414e-03 -1.880493e+02
1.123932e+01 3.415858e-03 -1.985136e+02
1.123932e+01 3.688447e-03 -2.091838e+02
1.123932e+01 3.982789e-03 -2.200020e+02
1.123932e+01 4.300619e-03 -2.308994e+02
1.123932e+01 4.643813e-03 -2.417979e+02
1.123932e+01 5.014394e-03 -2.526051e+02
1.123932e+01 5.414548e-03 -2.632140e+02
1.123932e+01 5.846635e-03 -2.735080e+02
1.123932e+01 6.313202e-03 -2.833522e+02
1.123932e+01 6.817002e-03 -2.925956e+02
1.123932e+01 7.361006e-03 -3.010791e+02
1.123932e+01 7.948422e-03 -3.086248e+02
1.123932e+01 8.582714e-03 -3.150403e+02
1.123932e+01 9.267624e-03 -3.201341e+02
1.123932e+01 1.000719e-02 -3.237020e+02
1.123932e+01 1.080577e-02 -3.255368e+02
1.123932e+01 1.166809e-02 -3.254527e+02
1.123932e+01 1.259921e-02 -3.232854e+02
1.123932e+01 1.360464e-02 -3.189035e+02
1.123932e+01 1.469030e-02 -3.122302e+02
1.123932e+01 1.586261e-02 -3.032818e+02
1.123932e+01 1.712846e-02 -2.921637e+02
1.123932e+01 1.849533e-02 -2.790507e+02
1.123932e+01 1.997127e-02 -2.643207e+02
1.123932e+01 2.156500e-02 -2.484799e+02
1.123932e+01 2.328591e-02 -2.320168e+02
1.123932e+01 2.514415e-02 -2.156028e+02
1.123932e+01 2.715068e-02 -1.999543e+02
1.123932e+01 2.931733e-02 -1.856092e+02
1.123932e+01 3.165689e-02 -1.729616e+02
1.123932e+01 3.418314e-02 -1.622487e+02
1.123932e+01 3.691099e-02 -1.533050e+02
1.123932e+01 3.985652e-02 -1.455888e+02
1.123932e+01 4.303711e-02 -1.381911e+02
1.123932e+01 4.647152e-02 -1.300090e+02
1.123932e+01 5.017999e-02 -1.201045e+02
1.123932e+01 5.418441e-02 -1.107353e+02
1.123932e+01 5.850838e-02 -1.046521e+02
1.123932e+01 6.317741e-02 -9.808340e+01
1.123932e+01 6.821903e-02 -9.099056e+01
1.123932e+01 7.366298e-02 -8.340837e+01
1.123932e+01 7.954136e-02 -7.600398e+01
1.123932e+01 8.588885e-02 -6.800870e+01
1.123932e+01 9.274286e-02 -5.937539e+01
1.123932e+01 1.001438e-01 -5.005314e+01
1.123932e+01 1.081354e-01 -4.444002e+01
1.123932e+01 1.167647e-01 -4.050353e+01
1.123932e+01 1.260827e-01 -3.625291e+01
1.123932e+01 1.361442e-01 -3.166308e+01
1.123932e+01 1.470087e-01 -2.721901e+01
1.123932e+01 1.587401e-01 -2.460146e+01
1.123932e+01 1.714077e-01 -2.177503e+01
1.123932e+01 1.850862e-01 -1.872304e+01
1.123932e+01 1.998563e-01 -1.542750e+01
1.123932e+01 2.158051e-01 -1.367695e+01
1.123932e+01 2.330265e-01 -1.214783e+01
1.123932e+01 2.516223e-01 -1.049668e+01
1.123932e+01 2.717020e-01 -8.713777e+00
1.123932e+01 2.933841e-01 -7.322262e+00
1.123932e+01 3.167964e-01 -6.497962e+00
1.123932e+01 3.420771e-01 -5.607881e+00
1.123932e+01 3.693752e-01 -4.646771e+00
1.123932e+01 3.988518e-01 -3.655861e+00
1.123932e+01 4.306805e-01 -3.243687e+00
1.123932e+01 4.650493e-01 -2.798622e+00
1.123932e+01 5.021607e-01 -2.318040e+00
1.123932e+01 5.422336e-01 -1.799107e+00
1.123932e+01 5.855044e-01 -1.497230e+00
1.123932e+01 6.322283e-01 -1.291710e+00
1.123932e+01 6.826808e-01 -1.069790e+00
1.123932e+01 7.371594e-01 -8.301596e-01
1.123932e+01 7.959855e-01 -6.282658e-01
1.123932e+01 8.595059e-01 -5.440538e-01
1.123932e+01 9.280954e-01 -4.531215e-01
1.123932e+01 1.002158e+00 -3.549327e-01
1.123932e+01 1.082132e+00 -2.489084e-01
1.123932e+01 1.168487e+00 -2.124069e-01
1.123932e+01 1.261733e+00 -1.796344e-01
1.123932e+01 1.362421e+00 -1.442467e-01
1.123932e+01 1.471144e+00 -1.060350e-01
1.123932e+01 1.588542e+00 -8.144817e-02
1.123932e+01 1.715310e+00 -6.949834e-02
1.123932e+01 1.852193e+00 -5.659489e-02
1.123932e+01 2.000000e+00 -4.266174e-02
1.148411e+01 1.000000e-03 -6.171093e+01
1.148411e+01 1.079801e-03 -6.619039e+01
1.148411e+01 1.165970e-03 -7.095472e+01
1.148411e+01 1.259016e-03 -7.601428e+01
1.148411e+01 1.359487e-03 -8.137829e+01
1.148411e+01 1.467975e-03 -8.705496e+01
1.148411e+01 1.585121e-03 -9.305110e+01
1.148411e+01 1.711615e-03 -9.937192e+01
1.148411e+01 1.848204e-03 -1.060208e+02
1.148411e+01 1.995693e-03 -1.129986e+02
1.148411e+01 2.154951e-03 -1.203035e+02
1.148411e+01 2.326918e-03 -1.279304e+02
1.148411e+01 2.512609e-03 -1.358696e+02
1.148411e+01 2.713117e-03 -1.441061e+02
1.148411e+01 2.929627e-03 -1.526199e+02
1.148411e+01 3.163414e-03 -1.613843e+02
1.148411e+01 3.415858e-03 -1.703657e+02
1.148411e+01 3.688447e-03 -1.795235e+02
1.148411e+01 3.982789e-03 -1.888084e+02
1.148411e+01 4.300619e-03 -1.981613e+02
1.148411e+01 4.643813e-03 -2.075151e+02
1.148411e+01 5.014394e-03 -2.167904e+02
1.148411e+01 5.414548e-03 -2.258956e+02
1.148411e+01 5.846635e-03 -2.347305e+02
1.148411e+01 6.313202e-03 -2.431794e+02
1.148411e+01 6.817002e-03 -2.511125e+02
1.148411e+01 7.361006e-03 -2.583936e+02
1.148411e+01 7.948422e-03 -2.648698e+02
1.148411e+01 8.582714e-03 -2.703759e+02
1.148411e+01 9.267624e-03 -2.747477e+02
1.148411e+01 1.000719e-02 -2.778099e+02
1.148411e+01 1.080577e-02 -2.793846e+02
1.148411e+01 1.166809e-02 -2.793126e+02
1.148411e+01 1.259921e-02 -2.774527e+02
1.148411e+01 1.360464e-02 -2.736923e+02
1.148411e+01 1.469030e-02 -2.679652e+02
1.148411e+01 1.586261e-02 -2.602855e+02
1.148411e+01 1.712846e-02 -2.507437e+02
1.148411e+01 1.849533e-02 -2.394897e+02
1.148411e+01 1.997127e-02 -2.268480e+02
1.148411e+01 2.156500e-02 -2.132530e+02
1.148411e+01 2.328591e-02 -1.991239e+02
1.148411e+01 2.514415e-02 -1.850370e+02
1.148411e+01 2.715068e-02 -1.716069e+02
1.148411e+01 2.931733e-02 -1.592955e+02
1.148411e+01 3.165689e-02 -1.484410e+02
1.148411e+01 3.418314e-02 -1.392469e+02
1.148411e+01 3.691099e-02 -1.315711e+02
1.148411e+01 3.985652e-02 -1.249487e+02
1.148411e+01 4.303711e-02 -1.185999e+02
1.148411e+01 4.647152e-02 -1.115777e+02
1.148411e+01 5.017999e-02 -1.030774e+02
1.148411e+01 5.418441e-02 -9.502932e+01
1.148411e+01 5.850838e-02 -8.978879e+01
1.148411e+01 6.317741e-02 -8.413005e+01
1.148411e+01 6.821903e-02 -7.801974e+01
1.148411e+01 7.366298e-02 -7.149190e+01
1.148411e+01 7.954136e-02 -6.515870e+01
1.148411e+01 8.588885e-02 -5.832010e+01
1.148411e+01 9.274286e-02 -5.093578e+01
1.148411e+01 1.001438e-01 -4.296218e+01
1.148411e+01 1.081354e-01 -3.814839e+01
1.148411e+01 1.167647e-01 -3.476160e+01
1.148411e+01 1.260827e-01 -3.110453e+01
1.148411e+01 1.361442e-01 -2.715563e+01
1.148411e+01 1.470087e-01 -2.333501e+01
1.148411e+01 1.587401e-01 -2.109838e+01
1.148411e+01 1.714077e-01 -1.868326e+01
1.148411e+01 1.850862e-01 -1.607542e+01
1.148411e+01 1.998563e-01 -1.325946e+01
1.148411e+01 2.158051e-01 -1.176215e+01
1.148411e+01 2.330265e-01 -1.045363e+01
1.148411e+01 2.516223e-01 -9.040688e+00
1.148411e+01 2.717020e-01 -7.514993e+00
1.148411e+01 2.933841e-01 -6.323095e+00
1.148411e+01 3.167964e-01 -5.615056e+00
1.148411e+01 3.420771e-01 -4.850515e+00
1.148411e+01 3.693752e-01 -4.024963e+00
1.148411e+01 3.988518e-01 -3.173751e+00
1.148411e+01 4.306805e-01 -2.818771e+00
1.148411e+01 4.650493e-01 -2.435463e+00
1.148411e+01 5.021607e-01 -2.021567e+00
1.148411e+01 5.422336e-01 -1.574641e+00
1.148411e+01 5.855044e-01 -1.313606e+00
1.148411e+01 6.322283e-01 -1.134987e+00
1.148411e+01 6.826808e-01 -9.421138e-01
1.148411e+01 7.371594e-01 -7.338491e-01
1.148411e+01 7.959855e-01 -5.581162e-01
1.148411e+01 8.595059e-01 -4.840167e-01
1.148411e+01 9.280954e-01 -4.040041e-01
1.148411e+01 1.002158e+00 -3.176063e-01
1.148411e+01 1.082132e+00 -2.243140e-01
1.148411e+01 1.168487e+00 -1.917863e-01
1.148411e+01 1.261733e+00 -1.624723e-01
1.148411e+01 1.362421e+00 -1.308190e-01
1.148411e+01 1.471144e+00 -9.663979e-02
1.148411e+01 1.588542e+00 -7.455240e-02
1.148411e+01 1.715310e+00 -6.367739e-02
1.148411e+01 1.852193e+00 -5.193454e-02
1.148411e+01 2.000000e+00 -3.925461e-02
1.173379e+01 1.000000e-03 -5.277826e+01
1.173379e+01 1.079801e-03 -5.661033e+01
1.173379e+01 1.165970e-03 -6.068622e+01
1.173379e+01 1.259016e-03 -6.501480e+01
1.173379e+01 1.359487e-03 -6.960396e+01
1.173379e+01 1.467975e-03 -7.446067e+01
1.173379e+01 1.585121e-03 -7.959073e+01
1.173379e+01 1.711615e-03 -8.499858e+01
1.173379e+01 1.848204e-03 -9.068704e+01
1.173379e+01 1.995693e-03 -9.665683e+01
1.173379e+01 2.154951e-03 -1.029063e+02
1.173379e+01 2.326918e-03 -1.094312e+02
1.173379e+01 2.512609e-03 -1.162232e+02
1.173379e+01 2.713117e-03 -1.232695e+02
1.173379e+01 2.929627e-03 -1.305530e+02
1.173379e+01 3.163414e-03 -1.380509e+02
1.173379e+01 3.415858e-03 -1.457344e+02
1.173379e+01 3.688447e-03 -1.535689e+02
1.173379e+01 3.982789e-03 -1.615119e+02
1.173379e+01 4.300619e-03 -1.695131e+02
1.173379e+01 4.643813e-03 -1.775151e+02
1.173379e+01 5.014394e-03 -1.854499e+02
1.173379e+01 5.414548e-03 -1.932392e+02
1.173379e+01 5.846635e-03 -2.007972e+02
1.173379e+01 6.313202e-03 -2.080250e+02
1.173379e+01 6.817002e-03 -2.148116e+02
1.173379e+01 7.361006e-03 -2.210404e+02
1.173379e+01 7.948422e-03 -2.265806e+02
1.173379e+01 8.582714e-03 -2.312910e+02
1.173379e+01 9.267624e-03 -2.350308e+02
1.173379e+01 1.000719e-02 -2.376503e+02
1.173379e+01 1.080577e-02 -2.389975e+02
1.173379e+01 1.166809e-02 -2.389360e+02
1.173379e+01 1.259921e-02 -2.373452e+02
1.173379e+01 1.360464e-02 -2.341287e+02
1.173379e+01 1.469030e-02 -2.292296e+02
1.173379e+01 1.586261e-02 -2.226601e+02
1.173379e+01 1.712846e-02 -2.144976e+02
1.173379e+01 1.849533e-02 -2.048705e+02
1.173379e+01 1.997127e-02 -1.940563e+02
1.173379e+01 2.156500e-02 -1.824265e+02
1.173379e+01 2.328591e-02 -1.703398e+02
1.173379e+01 2.514415e-02 -1.582892e+02
1.173379e+01 2.715068e-02 -1.468006e+02
1.173379e+01 2.931733e-02 -1.362688e+02
1.173379e+01 3.165689e-02 -1.269833e+02
1.173379e+01 3.418314e-02 -1.191183e+02
1.173379e+01 3.691099e-02 -1.125520e+02
1.173379e+01 3.985652e-02 -1.068870e+02
1.173379e+01 4.303711e-02 -1.014559e+02
1.173379e+01 4.647152e-02 -9.544881e+01
1.173379e+01 5.017999e-02 -8.817718e+01
1.173379e+01 5.418441e-02 -8.127804e+01
1.173379e+01 5.850838e-02 -7.675473e+01
1.173379e+01 6.317741e-02 -7.187046e+01
1.173379e+01 6.821903e-02 -6.659642e+01
1.173379e+01 7.366298e-02 -6.096843e+01
1.173379e+01 7.954136e-02 -5.557476e+01
1.173379e+01 8.588885e-02 -4.975068e+01
1.173379e+01 9.274286e-02 -4.346182e+01
1.173379e+01 1.001438e-01 -3.667111e+01
1.173379e+01 1.081354e-01 -3.256337e+01
1.173379e+01 1.167647e-01 -2.966642e+01
1.173379e+01 1.260827e-01 -2.653829e+01
1.173379e+01 1.361442e-01 -2.316054e+01
1.173379e+01 1.470087e-01 -1.989534e+01
1.173379e+01 1.587401e-01 -1.799729e+01
1.173379e+01 1.714077e-01 -1.594778e+01
1.173379e+01 1.850862e-01 -1.373471e+01
1.173379e+01 1.998563e-01 -1.134503e+01
1.173379e+01 2.158051e-01 -1.006814e+01
1.173379e+01 2.330265e-01 -8.949718e+00
1.173379e+01 2.516223e-01 -7.742042e+00
1.173379e+01 2.717020e-01 -6.437992e+00
1.173379e+01 2.933841e-01 -5.419992e+00
1.173379e+01 3.167964e-01 -4.816563e+00
1.173379e+01 3.420771e-01 -4.164980e+00
1.173379e+01 3.693752e-01 -3.461400e+00
1.173379e+01 3.988518e-01 -2.735875e+00
1.173379e+01 4.306805e-01 -2.432173e+00
1.173379e+01 4.650493e-01 -2.104235e+00
1.173379e+01 5.021607e-01 -1.750127e+00
1.173379e+01 5.422336e-01 -1.367761e+00
1.173379e+01 5.855044e-01 -1.143715e+00
1.173379e+01 6.322283e-01 -9.897870e-01
1.173379e+01 6.826808e-01 -8.235759e-01
1.173379e+01 7.371594e-01 -6.441010e-01
1.173379e+01 7.959855e-01 -4.924043e-01
1.173379e+01 8.595059e-01 -4.276675e-01
1.173379e+01 9.280954e-01 -3.577647e-01
1.173379e+01 1.002158e+00 -2.822836e-01
1.173379e+01 1.082132e+00 -2.007790e-01
1.173379e+01 1.168487e+00 -1.719820e-01
1.173379e+01 1.261733e+00 -1.459302e-01
1.173379e+01 1.362421e+00 -1.177993e-01
1.173379e+01 1.471144e+00 -8.742361e-02
1.173379e+01 1.588542e+00 -6.773120e-02
1.173379e+01 1.715310e+00 -5.794328e-02
1.173379e+01 1.852193e+00 -4.737428e-02
1.173379e+01 2.000000e+00 -3.596186e-02
1.198847e+01 1.000000e-03 -4.481353e+01
1.198847e+01 1.079801e-03 -4.806818e+01
1.198847e+01 1.165970e-03 -5.153002e+01
1.198847e+01 1.259016e-03 -5.520658e+01
1.198847e+01 1.359487e-03 -5.910456e+01
1.198847e+01 1.467975e-03 -6.322986e+01
1.198847e+01 1.585121e-03 -6.758738e+01
1.198847e+01 1.711615e-03 -7.218085e+01
1.198847e+01 1.848204e-03 -7.701262e+01
1.198847e+01 1.995693e-03 -8.208328e+01
1.198847e+01 2.154951e-03 -8.739140e+01
1.198847e+01 2.326918e-03 -9.293339e+01
1.198847e+01 2.512609e-03 -9.870218e+01
1.198847e+01 2.713117e-03 -1.046868e+02
1.198847e+01 2.929627e-03 -1.108730e+02
1.198847e+01 3.163414e-03 -1.172414e+02
1.198847e+01 3.415858e-03 -1.237673e+02
1.198847e+01 3.688447e-03 -1.304214e+02
1.198847e+01 3.982789e-03 -1.371677e+02
1.198847e+01 4.300619e-03 -1.439632e+02
1.198847e+01 4.643813e-03 -1.507595e+02
1.198847e+01 5.014394e-03 -1.574988e+02
1.198847e+01 5.414548e-03 -1.641144e+02
1.198847e+01 5.846635e-03 -1.705336e+02
1.198847e+01 6.313202e-03 -1.766723e+02
1.198847e+01 6.817002e-03 -1.824363e+02
1.198847e+01 7.361006e-03 -1.877265e+02
1.198847e+01 7.948422e-03 -1.924320e+02
1.198847e+01 8.582714e-03 -1.964326e+02
1.198847e+01 9.267624e-03 -1.996088e+02
1.198847e+01 1.000719e-02 -2.018334e+02
1.198847e+01 1.080577e-02 -2.029774e+02
1.198847e+01 1.166809e-02 -2.029253e+02
1.198847e+01 1.259921e-02 -2.015746e+02
1.198847e+01 1.360464e-02 -1.988431e+02
1.198847e+01 1.469030e-02 -1.946826e+02
1.198847e+01 1.586261e-02 -1.891033e+02
1.198847e+01 1.712846e-02 -1.821710e+02
1.198847e+01 1.849533e-02 -1.739948e+02
1.198847e+01 1.997127e-02 -1.648103e+02
1.198847e+01 2.156500e-02 -1.549333e+02
1.198847e+01 2.328591e-02 -1.446682e+02
1.198847e+01 2.514415e-02 -1.344338e+02
1.198847e+01 2.715068e-02 -1.246765e+02
1.198847e+01 2.931733e-02 -1.157320e+02
1.198847e+01 3.165689e-02 -1.078459e+02
1.198847e+01 3.418314e-02 -1.011662e+02
1.198847e+01 3.691099e-02 -9.558956e+01
1.198847e+01 3.985652e-02 -9.077827e+01
1.198847e+01 4.303711e-02 -8.616568e+01
1.198847e+01 4.647152e-02 -8.106392e+01
1.198847e+01 5.017999e-02 -7.488819e+01
1.198847e+01 5.418441e-02 -6.903373e+01
1.198847e+01 5.850838e-02 -6.520583e+01
1.198847e+01 6.317741e-02 -6.107246e+01
1.198847e+01 6.821903e-02 -5.660925e+01
1.198847e+01 7.366298e-02 -5.184592e+01
1.198847e+01 7.954136e-02 -4.727491e+01
1.198847e+01 8.588885e-02 -4.233913e+01
1.198847e+01 9.274286e-02 -3.700947e+01
1.198847e+01 1.001438e-01 -3.125450e+01
1.198847e+01 1.081354e-01 -2.775712e+01
1.198847e+01 1.167647e-01 -2.527685e+01
1.198847e+01 1.260827e-01 -2.259865e+01
1.198847e+01 1.361442e-01 -1.970673e+01
1.198847e+01 1.470087e-01 -1.691401e+01
1.198847e+01 1.587401e-01 -1.530409e+01
1.198847e+01 1.714077e-01 -1.356569e+01
1.198847e+01 1.850862e-01 -1.168856e+01
1.198847e+01 1.998563e-01 -9.661634e+00
1.198847e+01 2.158051e-01 -8.577047e+00
1.198847e+01 2.330265e-01 -7.626443e+00
1.198847e+01 2.516223e-01 -6.599981e+00
1.198847e+01 2.717020e-01 -5.491605e+00
1.198847e+01 2.933841e-01 -4.626547e+00
1.198847e+01 3.167964e-01 -4.114111e+00
1.198847e+01 3.420771e-01 -3.560781e+00
1.198847e+01 3.693752e-01 -2.963296e+00
1.198847e+01 3.988518e-01 -2.347097e+00
1.198847e+01 4.306805e-01 -2.088034e+00
1.198847e+01 4.650493e-01 -1.808298e+00
1.198847e+01 5.021607e-01 -1.506239e+00
1.198847e+01 5.422336e-01 -1.180075e+00
1.198847e+01 5.855044e-01 -9.887289e-01
1.198847e+01 6.322283e-01 -8.570692e-01
1.198847e+01 6.826808e-01 -7.149029e-01
1.198847e+01 7.371594e-01 -5.613916e-01
1.198847e+01 7.959855e-01 -4.314237e-01
1.198847e+01 8.595059e-01 -3.753095e-01
1.198847e+01 9.280954e-01 -3.147173e-01
1.198847e+01 1.002158e+00 -2.492898e-01
1.198847e+01 1.082132e+00 -1.786412e-01
1.198847e+01 1.168487e+00 -1.533677e-01
1.198847e+01 1.261733e+00 -1.304222e-01
1.198847e+01 1.362421e+00 -1.056456e-01
1.198847e+01 1.471144e+00 -7.889184e-02
1.198847e+01 1.588542e+00 -6.144498e-02
1.198847e+01 1.715310e+00 -5.262370e-02
1.198847e+01 1.852193e+00 -4.309847e-02
1.198847e+01 2.000000e+00 -3.281312e-02
1.224824e+01 1.000000e-03 -3.791196e+01
1.224824e+01 1.079801e-03 -4.066611e+01
1.224824e+01 1.165970e-03 -4.359570e+01
1.224824e+01 1.259016e-03 -4.670709e+01
1.224824e+01 1.359487e-03 -5.000593e+01
1.224824e+01 1.467975e-03 -5.349722e+01
1.224824e+01 1.585121e-03 -5.718508e+01
1.224824e+01 1.711615e-03 -6.107261e+01
1.224824e+01 1.848204e-03 -6.516180e+01
1.224824e+01 1.995693e-03 -6.945309e+01
1.224824e+01 2.154951e-03 -7.394526e+01
1.224824e+01 2.326918e-03 -7.863528e+01
1.224824e+01 2.512609e-03 -8.351717e+01
1.224824e+01 2.713117e-03 -8.858170e+01
1.224824e+01 2.929627e-03 -9.381676e+01
1.224824e+01 3.163414e-03 -9.920601e+01
1.224824e+01 3.415858e-03 -1.047286e+02
1.224824e+01 3.688447e-03 -1.103596e+02
1.224824e+01 3.982789e-03 -1.160685e+02
1.224824e+01 4.300619e-03 -1.218192e+02
1.224824e+01 4.643813e-03 -1.275704e+02
1.224824e+01 5.014394e-03 -1.332734e+02
1.224824e+01 5.414548e-03 -1.388718e+02
1.224824e+01 5.846635e-03 -1.443039e+02
1.224824e+01 6.313202e-03 -1.494986e+02
1.224824e+01 6.817002e-03 -1.543763e+02
1.224824e+01 7.361006e-03 -1.588530e+02
1.224824e+01 7.948422e-03 -1.628350e+02
1.224824e+01 8.582714e-03 -1.662204e+02
1.224824e+01 9.267624e-03 -1.689080e+02
1.224824e+01 1.000719e-02 -1.707903e+02
1.224824e+01 1.080577e-02 -1.717583e+02
1.224824e+01 1.166809e-02 -1.717144e+02
1.224824e+01 1.259921e-02 -1.705717e+02
1.224824e+01 1.360464e-02 -1.682607e+02
1.224824e+01 1.469030e-02 -1.647403e+02
1.224824e+01 1.586261e-02 -1.600191e+02
1.224824e+01 1.712846e-02 -1.541530e+02
1.224824e+01 1.849533e-02 -1.472343e+02
1.224824e+01 1.997127e-02 -1.394624e+02
1.224824e+01 2.156500e-02 -1.311045e+02
1.224824e+01 2.328591e-02 -1.224183e+02
1.224824e+01 2.514415e-02 -1.137579e+02
1.224824e+01 2.715068e-02 -1.055013e+02
1.224824e+01 2.931733e-02 -9.793244e+01
1.224824e+01 3.165689e-02 -9.125926e+01
1.224824e+01 3.418314e-02 -8.560687e+01
1.224824e+01 3.691099e-02 -8.088792e+01
1.224824e+01 3.985652e-02 -7.681661e+01
1.224824e+01 4.303711e-02 -7.291342e+01
1.224824e+01 4.647152e-02 -6.859632e+01
1.224824e+01 5.017999e-02 -6.337041e+01
1.224824e+01 5.418441e-02 -5.840480e+01
1.224824e+01 5.850838e-02 -5.513340e+01
1.224824e+01 6.317741e-02 -5.160095e+01
1.224824e+01 6.821903e-02 -4.778660e+01
1.224824e+01 7.366298e-02 -4.372193e+01
1.224824e+01 7.954136e-02 -3.988493e+01
1.224824e+01 8.588885e-02 -3.574174e+01
1.224824e+01 9.274286e-02 -3.126792e+01
1.224824e+01 1.001438e-01 -2.643708e+01
1.224824e+01 1.081354e-01 -2.348934e+01
1.224824e+01 1.167647e-01 -2.138871e+01
1.224824e+01 1.260827e-01 -1.912045e+01
1.224824e+01 1.361442e-01 -1.667117e+01
1.224824e+01 1.470087e-01 -1.430698e+01
1.224824e+01 1.587401e-01 -1.294914e+01
1.224824e+01 1.714077e-01 -1.148294e+01
1.224824e+01 1.850862e-01 -9.899740e+00
1.224824e+01 1.998563e-01 -8.190196e+00
1.224824e+01 2.158051e-01 -7.271931e+00
1.224824e+01 2.330265e-01 -6.465691e+00
1.224824e+01 2.516223e-01 -5.595112e+00
1.224824e+01 2.717020e-01 -4.655060e+00
1.224824e+01 2.933841e-01 -3.922396e+00
1.224824e+01 3.167964e-01 -3.490182e+00
1.224824e+01 3.420771e-01 -3.023477e+00
1.224824e+01 3.693752e-01 -2.519529e+00
1.224824e+01 3.988518e-01 -1.999751e+00
1.224824e+01 4.306805e-01 -1.780545e+00
1.224824e+01 4.650493e-01 -1.543847e+00
1.224824e+01 5.021607e-01 -1.288260e+00
1.224824e+01 5.422336e-01 -1.012276e+00
1.224824e+01 5.855044e-01 -8.499324e-01
1.224824e+01 6.322283e-01 -7.378533e-01
1.224824e+01 6.826808e-01 -6.168302e-01
1.224824e+01 7.371594e-01 -4.861493e-01
1.224824e+01 7.959855e-01 -3.753555e-01
1.224824e+01 8.595059e-01 -3.270547e-01
1.224824e+01 9.280954e-01 -2.748995e-01
1.224824e+01 1.002158e+00 -2.185823e-01
1.224824e+01 1.082132e+00 -1.577708e-01
1.224824e+01 1.168487e+00 -1.357484e-01
1.224824e+01 1.261733e+00 -1.156854e-01
1.224824e+01 1.362421e+00 -9.402149e-02
1.224824e+01 1.471144e+00 -7.062872e-02
1.224824e+01 1.588542e+00 -5.529293e-02
1.224824e+01 1.715310e+00 -4.742196e-02
1.224824e+01 1.852193e+00 -3.892287e-02
1.224824e+01 2.000000e+00 -2.974555e-02
1.251320e+01 1.000000e-03 -3.177549e+01
1.251320e+01 1.079801e-03 -3.408448e+01
1.251320e+01 1.165970e-03 -3.654064e+01
1.251320e+01 1.259016e-03 -3.914930e+01
1.251320e+01 1.359487e-03 -4.191519e+01
1.251320e+01 1.467975e-03 -4.484250e+01
1.251320e+01 1.585121e-03 -4.793465e+01
1.251320e+01 1.711615e-03 -5.119424e+01
1.251320e+01 1.848204e-03 -5.462287e+01
1.251320e+01 1.995693e-03 -5.822091e+01
1.251320e+01 2.154951e-03 -6.198732e+01
1.251320e+01 2.326918e-03 -6.591953e+01
1.251320e+01 2.512609e-03 -7.001255e+01
1.251320e+01 2.713117e-03 -7.425866e+01
1.251320e+01 2.929627e-03 -7.864775e+01
1.251320e+01 3.163414e-03 -8.316612e+01
1.251320e+01 3.415858e-03 -8.779624e+01
1.251320e+01 3.688447e-03 -9.251725e+01
1.251320e+01 3.982789e-03 -9.730358e+01
1.251320e+01 4.300619e-03 -1.021249e+02
1.251320e+01 4.643813e-03 -1.069466e+02
1.251320e+01 5.014394e-03 -1.117279e+02
1.251320e+01 5.414548e-03 -1.164215e+02
1.251320e+01 5.846635e-03 -1.209756e+02
1.251320e+01 6.313202e-03 -1.253308e+02
1.251320e+01 6.817002e-03 -1.294201e+02
1.251320e+01 7.361006e-03 -1.331734e+02
1.251320e+01 7.948422e-03 -1.365118e+02
1.251320e+01 8.582714e-03 -1.393500e+02
1.251320e+01 9.267624e-03 -1.416032e+02
1.251320e+01 1.000719e-02 -1.431811e+02
1.251320e+01 1.080577e-02 -1.439925e+02
1.251320e+01 1.166809e-02 -1.439558e+02
1.251320e+01 1.259921e-02 -1.429981e+02
1.251320e+01 1.360464e-02 -1.410609e+02
1.251320e+01 1.469030e-02 -1.381098e+02
1.251320e+01 1.586261e-02 -1.341519e+02
1.251320e+01 1.712846e-02 -1.292340e+02
1.251320e+01 1.849533e-02 -1.234337e+02
1.251320e+01 1.997127e-02 -1.169182e+02
1.251320e+01 2.156500e-02 -1.099114e+02
1.251320e+01 2.328591e-02 -1.026293e+02
1.251320e+01 2.514415e-02 -9.536886e+01
1.251320e+01 2.715068e-02 -8.844700e+01
1.251320e+01 2.931733e-02 -8.210164e+01
1.251320e+01 3.165689e-02 -7.650717e+01
1.251320e+01 3.418314e-02 -7.176850e+01
1.251320e+01 3.691099e-02 -6.781236e+01
1.251320e+01 3.985652e-02 -6.439918e+01
1.251320e+01 4.303711e-02 -6.112695e+01
1.251320e+01 4.647152e-02 -5.750771e+01
1.251320e+01 5.017999e-02 -5.312657e+01
1.251320e+01 5.418441e-02 -4.897332e+01
1.251320e+01 5.850838e-02 -4.625768e+01
1.251320e+01 6.317741e-02 -4.332533e+01
1.251320e+01 6.821903e-02 -4.015898e+01
1.251320e+01 7.366298e-02 -3.678275e+01
1.251320e+01 7.954136e-02 -3.357418e+01
1.251320e+01 8.588885e-02 -3.010957e+01
1.251320e+01 9.274286e-02 -2.636848e+01
1.251320e+01 1.001438e-01 -2.232885e+01
1.251320e+01 1.081354e-01 -1.984458e+01
1.251320e+01 1.167647e-01 -1.805795e+01
1.251320e+01 1.260827e-01 -1.612874e+01
1.251320e+01 1.361442e-01 -1.404558e+01
1.251320e+01 1.470087e-01 -1.203727e+01
1.251320e+01 1.587401e-01 -1.089571e+01
1.251320e+01 1.714077e-01 -9.663057e+00
1.251320e+01 1.850862e-01 -8.332035e+00
1.251320e+01 1.998563e-01 -6.894797e+00
1.251320e+01 2.158051e-01 -6.123571e+00
1.251320e+01 2.330265e-01 -5.446743e+00
1.251320e+01 2.516223e-01 -4.715903e+00
1.251320e+01 2.717020e-01 -3.926741e+00
1.251320e+01 2.933841e-01 -3.311420e+00
1.251320e+01 3.167964e-01 -2.947972e+00
1.251320e+01 3.420771e-01 -2.555521e+00
1.251320e+01 3.693752e-01 -2.131752e+00
1.251320e+01 3.988518e-01 -1.694639e+00
1.251320e+01 4.306805e-01 -1.509823e+00
1.251320e+01 4.650493e-01 -1.310258e+00
1.251320e+01 5.021607e-01 -1.094767e+00
1.251320e+01 5.422336e-01 -8.620806e-01
1.251320e+01 5.855044e-01 -7.251638e-01
1.251320e+01 6.322283e-01 -6.306036e-01
1.251320e+01 6.826808e-01 -5.284975e-01
1.251320e+01 7.371594e-01 -4.182432e-01
1.251320e+01 7.959855e-01 -3.246003e-01
1.251320e+01 8.595059e-01 -2.832761e-01
1.251320e+01 9.280954e-01 -2.386541e-01
1.251320e+01 1.002158e+00 -1.904713e-01
1.251320e+01 1.082132e+00 -1.384434e-01
1.251320e+01 1.168487e+00 -1.193773e-01
1.251320e+01 1.261733e+00 -1.019506e-01
1.251320e+01 1.362421e+00 -8.313327e-02
1.251320e+01 1.471144e+00 -6.281430e-02
1.251320e+01 1.588542e+00 -4.941856e-02
1.251320e+01 1.715310e+00 -4.243505e-02
1.251320e+01 1.852193e+00 -3.489425e-02
1.251320e+01 2.000000e+00 -2.675168e-02
1.278347e+01 1.000000e-03 -2.655614e+01
1.278347e+01 1.079801e-03 -2.848640e+01
1.278347e+01 1.165970e-03 -3.053976e+01
1.278347e+01 1.259016e-03 -3.272068e+01
1.278347e+01 1.359487e-03 -3.503312e+01
1.278347e+01 1.467975e-03 -3.748055e+01
1.278347e+01 1.585121e-03 -4.006584e+01
1.278347e+01 1.711615e-03 -4.279113e+01
1.278347e+01 1.848204e-03 -4.565773e+01
1.278347e+01 1.995693e-03 -4.866592e+01
1.278347e+01 2.154951e-03 -5.181483e+01
1.278347e+01 2.326918e-03 -5.510230e+01
1.278347e+01 2.512609e-03 -5.852415e+01
1.278347e+01 2.713117e-03 -6.207396e+01
1.278347e+01 2.929627e-03 -6.574330e+01
1.278347e+01 3.163414e-03 -6.952072e+01
1.278347e+01 3.415858e-03 -7.339157e+01
1.278347e+01 3.688447e-03 -7.733836e+01
1.278347e+01 3.982789e-03 -8.133975e+01
1.278347e+01 4.300619e-03 -8.537032e+01
1.278347e+01 4.643813e-03 -8.940127e+01
1.278347e+01 5.014394e-03 -9.339843e+01
1.278347e+01 5.414548e-03 -9.732223e+01
1.278347e+01 5.846635e-03 -1.011295e+02
1.278347e+01 6.313202e-03 -1.047703e+02
1.278347e+01 6.817002e-03 -1.081889e+02
1.278347e+01 7.361006e-03 -1.113266e+02
1.278347e+01 7.948422e-03 -1.141176e+02
1.278347e+01 8.582714e-03 -1.164903e+02
1.278347e+01 9.267624e-03 -1.183738e+02
1.278347e+01 1.000719e-02 -1.196928e+02
1.278347e+01 1.080577e-02 -1.203711e+02
1.278347e+01 1.166809e-02 -1.203404e+02
1.278347e+01 1.259921e-02 -1.195401e+02
1.278347e+01 1.360464e-02 -1.179209e+02
1.278347e+01 1.469030e-02 -1.154540e+02
1.278347e+01 1.586261e-02 -1.121454e+02
1.278347e+01 1.712846e-02 -1.080343e+02
1.278347e+01 1.849533e-02 -1.031855e+02
1.278347e+01 1.997127e-02 -9.773883e+01
1.278347e+01 2.156500e-02 -9.188143e+01
1.278347e+01 2.328591e-02 -8.579392e+01
1.278347e+01 2.514415e-02 -7.972450e+01
1.278347e+01 2.715068e-02 -7.393811e+01
1.278347e+01 2.931733e-02 -6.863365e+01
1.278347e+01 3.165689e-02 -6.395691e+01
1.278347e+01 3.418314e-02 -5.999557e+01
1.278347e+01 3.691099e-02 -5.668840e+01
1.278347e+01 3.985652e-02 -5.383512e+01
1.278347e+01 4.303711e-02 -5.109966e+01
1.278347e+01 4.647152e-02 -4.807412e+01
1.278347e+01 5.017999e-02 -4.441167e+01
1.278347e+01 5.418441e-02 -4.093942e+01
1.278347e+01 5.850838e-02 -3.866842e+01
1.278347e+01 6.317741e-02 -3.621619e+01
1.278347e+01 6.821903e-02 -3.356828e+01
1.278347e+01 7.366298e-02 -3.074533e+01
1.278347e+01 7.954136e-02 -2.806761e+01
1.278347e+01 8.588885e-02 -2.517619e+01
1.278347e+01 9.274286e-02 -2.205404e+01
1.278347e+01 1.001438e-01 -1.868274e+01
1.278347e+01 1.081354e-01 -1.660413e+01
1.278347e+01 1.167647e-01 -1.510476e+01
1.278347e+01 1.260827e-01 -1.348573e+01
1.278347e+01 1.361442e-01 -1.173750e+01
1.278347e+01 1.470087e-01 -1.005375e+01
1.278347e+01 1.587401e-01 -9.104617e+00
1.278347e+01 1.714077e-01 -8.079739e+00
1.278347e+01 1.850862e-01 -6.973075e+00
1.278347e+01 1.998563e-01 -5.778098e+00
1.278347e+01 2.158051e-01 -5.134192e+00
1.278347e+01 2.330265e-01 -4.568023e+00
1.278347e+01 2.516223e-01 -3.956672e+00
1.278347e+01 2.717020e-01 -3.296535e+00
1.278347e+01 2.933841e-01 -2.781425e+00
1.278347e+01 3.167964e-01 -2.476478e+00
1.278347e+01 3.420771e-01 -2.147196e+00
1.278347e+01 3.693752e-01 -1.791637e+00
1.278347e+01 3.988518e-01 -1.424929e+00
1.278347e+01 4.306805e-01 -1.270576e+00
1.278347e+01 4.650493e-01 -1.103905e+00
1.278347e+01 5.021607e-01 -9.239337e-01
1.278347e+01 5.422336e-01 -7.296005e-01
1.278347e+01 5.855044e-01 -6.150269e-01
1.278347e+01 6.322283e-01 -5.357058e-01
1.278347e+01 6.826808e-01 -4.500547e-01
1.278347e+01 7.371594e-01 -3.575687e-01
1.278347e+01 7.959855e-01 -2.788879e-01
1.278347e+01 8.595059e-01 -2.437801e-01
1.278347e+01 9.280954e-01 -2.058707e-01
1.278347e+01 1.002158e+00 -1.649361e-01
1.278347e+01 1.082132e+00 -1.207348e-01
1.278347e+01 1.168487e+00 -1.043324e-01
1.278347e+01 1.261733e+00 -8.928904e-02
1.278347e+01 1.362421e+00 -7.304525e-02
1.278347e+01 1.471144e+00 -5.550520e-02
1.278347e+01 1.588542e+00 -4.388119e-02
1.278347e+01 1.715310e+00 -3.773482e-02
1.278347e+01 1.852193e+00 -3.109796e-02
1.278347e+01 2.000000e+00 -2.393147e-02
1.305914e+01 1.000000e-03 -2.213861e+01
1.305914e+01 1.079801e-03 -2.374823e+01
1.305914e+01 1.165970e-03 -2.546056e+01
1.305914e+01 1.259016e-03 -2.727932e+01
1.305914e+01 1.359487e-03 -2.920782e+01
1.305914e+01 1.467975e-03 -3.124895e+01
1.305914e+01 1.585121e-03 -3.340508e+01
1.305914e+01 1.711615e-03 -3.567798e+01
1.305914e+01 1.848204e-03 -3.806871e+01
1.305914e+01 1.995693e-03 -4.057750e+01
1.305914e+01 2.154951e-03 -4.320360e+01
1.305914e+01 2.326918e-03 -4.594520e+01
1.305914e+01 2.512609e-03 -4.879882e+01
1.305914e+01 2.713117e-03 -5.175912e+01
1.305914e+01 2.929627e-03 -5.481909e+01
1.305914e+01 3.163414e-03 -5.796921e+01
1.305914e+01 3.415858e-03 -6.119723e+01
1.305914e+01 3.688447e-03 -6.448856e+01
1.305914e+01 3.982789e-03 -6.782539e+01
1.305914e+01 4.300619e-03 -7.118654e+01
1.305914e+01 4.643813e-03 -7.454801e+01
1.305914e+01 5.014394e-03 -7.788129e+01
1.305914e+01 5.414548e-03 -8.115339e+01
1.305914e+01 5.846635e-03 -8.432827e+01
1.305914e+01 6.313202e-03 -8.736440e+01
1.305914e+01 6.817002e-03 -9.021521e+01
1.305914e+01 7.361006e-03 -9.283178e+01
1.305914e+01 7.948422e-03 -9.515917e+01
1.305914e+01 8.582714e-03 -9.713781e+01
1.305914e+01 9.267624e-03 -9.870845e+01
1.305914e+01 1.000719e-02 -9.980828e+01
1.305914e+01 1.080577e-02 -1.003739e+02
1.305914e+01 1.166809e-02 -1.003484e+02
1.305914e+01 1.259921e-02 -9.968113e+01
1.305914e+01 1.360464e-02 -9.833110e+01
1.305914e+01 1.469030e-02 -9.627412e+01
1.305914e+01 1.586261e-02 -9.351519e+01
1.305914e+01 1.712846e-02 -9.008704e+01
1.305914e+01 1.849533e-02 -8.604376e+01
1.305914e+01 1.997127e-02 -8.150196e+01
1.305914e+01 2.156500e-02 -7.661764e+01
1.305914e+01 2.328591e-02 -7.154143e+01
1.305914e+01 2.514415e-02 -6.648030e+01
1.305914e+01 2.715068e-02 -6.165518e+01
1.305914e+01 2.931733e-02 -5.723192e+01
1.305914e+01 3.165689e-02 -5.333210e+01
1.305914e+01 3.418314e-02 -5.002884e+01
1.305914e+01 3.691099e-02 -4.727107e+01
1.305914e+01 3.985652e-02 -4.489179e+01
1.305914e+01 4.303711e-02 -4.261076e+01
1.305914e+01 4.647152e-02 -4.008784e+01
1.305914e+01 5.017999e-02 -3.703381e+01
1.305914e+01 5.418441e-02 -3.413139e+01
1.305914e+01 5.850838e-02 -3.221817e+01
1.305914e+01 6.317741e-02 -3.015228e+01
1.305914e+01 6.821903e-02 -2.792153e+01
1.305914e+01 7.366298e-02 -2.554643e+01
1.305914e+01 7.954136e-02 -2.332569e+01
1.305914e+01 8.588885e-02 -2.092773e+01
1.305914e+01 9.274286e-02 -1.833841e+01
1.305914e+01 1.001438e-01 -1.554246e+01
1.305914e+01 1.081354e-01 -1.381372e+01
1.305914e+01 1.167647e-01 -1.256265e+01
1.305914e+01 1.260827e-01 -1.121174e+01
1.305914e+01 1.361442e-01 -9.753022e+00
1.305914e+01 1.470087e-01 -8.349903e+00
1.305914e+01 1.587401e-01 -7.567507e+00
1.305914e+01 1.714077e-01 -6.722676e+00
1.305914e+01 1.850862e-01 -5.810426e+00
1.305914e+01 1.998563e-01 -4.825377e+00
1.305914e+01 2.158051e-01 -4.289193e+00
1.305914e+01 2.330265e-01 -3.815580e+00
1.305914e+01 2.516223e-01 -3.304172e+00
1.305914e+01 2.717020e-01 -2.751953e+00
1.305914e+01 2.933841e-01 -2.321475e+00
1.305914e+01 3.167964e-01 -2.067374e+00
1.305914e+01 3.420771e-01 -1.792995e+00
1.305914e+01 3.693752e-01 -1.496721e+00
1.305914e+01 3.988518e-01 -1.191193e+00
1.305914e+01 4.306805e-01 -1.063114e+00
1.305914e+01 4.650493e-01 -9.248142e-01
1.305914e+01 5.021607e-01 -7.754781e-01
1.305914e+01 5.422336e-01 -6.142249e-01
1.305914e+01 5.855044e-01 -5.188819e-01
1.305914e+01 6.322283e-01 -4.526418e-01
1.305914e+01 6.826808e-01 -3.811158e-01
1.305914e+01 7.371594e-01 -3.038819e-01
1.305914e+01 7.959855e-01 -2.380857e-01
1.305914e+01 8.595059e-01 -2.084556e-01
1.305914e+01 9.280954e-01 -1.764610e-01
1.305914e+01 1.002158e+00 -1.419132e-01
1.305914e+01 1.082132e+00 -1.046085e-01
1.305914e+01 1.168487e+00 -9.058911e-02
1.305914e+01 1.261733e+00 -7.768776e-02
1.305914e+01 1.362421e+00 -6.375686e-02
1.305914e+01 1.471144e+00 -4.871427e-02
1.305914e+01 1.588542e+00 -3.869421e-02
1.305914e+01 1.715310e+00 -3.332298e-02
1.305914e+01 1.852193e+00 -2.752312e-02
1.305914e+01 2.000000e+00 -2.126042e-02
1.334032e+01 1.000000e-03 -1.824553e+01
1.334032e+01 1.079801e-03 -1.957247e+01
1.334032e+01 1.165970e-03 -2.098414e+01
1.334032e+01 1.259016e-03 -2.248361e+01
1.334032e+01 1.359487e-03 -2.407359e+01
1.334032e+01 1.467975e-03 -2.575648e+01
1.334032e+01 1.585121e-03 -2.753420e+01
1.334032e+01 1.711615e-03 -2.940821e+01
1.334032e+01 1.848204e-03 -3.137937e+01
1.334032e+01 1.995693e-03 -3.344784e+01
1.334032e+01 2.154951e-03 -3.561299e+01
1.334032e+01 2.326918e-03 -3.787333e+01
1.334032e+01 2.512609e-03 -4.022598e+01
1.334032e+01 2.713117e-03 -4.266655e+01
1.334032e+01 2.929627e-03 -4.518929e+01
1.334032e+01 3.163414e-03 -4.778636e+01
1.334032e+01 3.415858e-03 -5.044764e+01
1.334032e+01 3.688447e-03 -5.316110e+01
1.334032e+01 3.982789e-03 -5.591205e+01
1.334032e+01 4.300619e-03 -5.868305e+01
1.334032e+01 4.643813e-03 -6.145429e+01
1.334032e+01 5.014394e-03 -6.420229e+01
1.334032e+01 5.414548e-03 -6.689986e+01
1.334032e+01 5.846635e-03 -6.951726e+01
1.334032e+01 6.313202e-03 -7.202027e+01
1.334032e+01 6.817002e-03 -7.437050e+01
1.334032e+01 7.361006e-03 -7.652763e+01
1.334032e+01 7.948422e-03 -7.844635e+01
1.334032e+01 8.582714e-03 -8.007756e+01
1.334032e+01 9.267624e-03 -8.137240e+01
1.334032e+01 1.000719e-02 -8.227911e+01
1.334032e+01 1.080577e-02 -8.274540e+01
1.334032e+01 1.166809e-02 -8.272446e+01
1.334032e+01 1.259921e-02 -8.217445e+01
1.334032e+01 1.360464e-02 -8.106160e+01
1.334032e+01 1.469030e-02 -7.936594e+01
1.334032e+01 1.586261e-02 -7.709157e+01
1.334032e+01 1.712846e-02 -7.426552e+01
1.334032e+01 1.849533e-02 -7.093235e+01
1.334032e+01 1.997127e-02 -6.718822e+01
1.334032e+01 2.156500e-02 -6.316172e+01
1.334032e+01 2.328591e-02 -5.897703e+01
1.334032e+01 2.514415e-02 -5.480476e+01
1.334032e+01 2.715068e-02 -5.082705e+01
1.334032e+01 2.931733e-02 -4.718063e+01
1.334032e+01 3.165689e-02 -4.396572e+01
1.334032e+01 3.418314e-02 -4.124259e+01
1.334032e+01 3.691099e-02 -3.896915e+01
1.334032e+01 3.985652e-02 -3.700772e+01
1.334032e+01 4.303711e-02 -3.512730e+01
1.334032e+01 4.647152e-02 -3.304746e+01
1.334032e+01 5.017999e-02 -3.052979e+01
1.334032e+01 5.418441e-02 -2.814483e+01
1.334032e+01 5.850838e-02 -2.658913e+01
1.334032e+01 6.317741e-02 -2.490927e+01
1.334032e+01 6.821903e-02 -2.309537e+01
1.334032e+01 7.366298e-02 -2.116030e+01
1.334032e+01 7.954136e-02 -1.931167e+01
1.334032e+01 8.588885e-02 -1.731552e+01
1.334032e+01 9.274286e-02 -1.516008e+01
1.334032e+01 1.001438e-01 -1.283263e+01
1.334032e+01 1.081354e-01 -1.140104e+01
1.334032e+01 1.167647e-01 -1.037124e+01
1.334032e+01 1.260827e-01 -9.259267e+00
1.334032e+01 1.361442e-01 -8.058552e+00
1.334032e+01 1.470087e-01 -6.903327e+00
1.334032e+01 1.587401e-01 -6.257855e+00
1.334032e+01 1.714077e-01 -5.560874e+00
1.334032e+01 1.850862e-01 -4.808274e+00
1.334032e+01 1.998563e-01 -3.995615e+00
1.334032e+01 2.158051e-01 -3.552968e+00
1.334032e+01 2.330265e-01 -3.161859e+00
1.334032e+01 2.516223e-01 -2.739539e+00
1.334032e+01 2.717020e-01 -2.283517e+00
1.334032e+01 2.933841e-01 -1.927702e+00
1.334032e+01 3.167964e-01 -1.717101e+00
1.334032e+01 3.420771e-01 -1.489694e+00
1.334032e+01 3.693752e-01 -1.244139e+00
1.334032e+01 3.988518e-01 -9.909196e-01
1.334032e+01 4.306805e-01 -8.848511e-01
1.334032e+01 4.650493e-01 -7.703183e-01
1.334032e+01 5.021607e-01 -6.466457e-01
1.334032e+01 5.422336e-01 -5.131038e-01
1.334032e+01 5.855044e-01 -4.342356e-01
1.334032e+01 6.322283e-01 -3.795182e-01
1.334032e+01 6.826808e-01 -3.204342e-01
1.334032e+01 7.371594e-01 -2.566353e-01
1.334032e+01 7.959855e-01 -2.021633e-01
1.334032e+01 8.595059e-01 -1.772712e-01
1.334032e+01 9.280954e-01 -1.503928e-01
1.334032e+01 1.002158e+00 -1.213694e-01
1.334032e+01 1.082132e+00 -9.002997e-02
1.334032e+01 1.168487e+00 -7.812028e-02
1.334032e+01 1.261733e+00 -6.712801e-02
1.334032e+01 1.362421e+00 -5.525855e-02
1.334032e+01 1.471144e+00 -4.244190e-02
1.334032e+01 1.588542e+00 -3.386286e-02
1.334032e+01 1.715310e+00 -2.920489e-02
1.334032e+01 1.852193e+00 -2.417521e-02
1.334032e+01 2.000000e+00 -1.874416e-02
1.362713e+01 1.000000e-03 -1.501429e+01
1.362713e+01 1.079801e-03 -1.610654e+01
1.362713e+01 1.165970e-03 -1.726858e+01
1.362713e+01 1.259016e-03 -1.850295e+01
1.362713e+01 1.359487e-03 -1.981186e+01
1.362713e+01 1.467975e-03 -2.119729e+01
1.362713e+01 1.585121e-03 -2.266082e+01
1.362713e+01 1.711615e-03 -2.420363e+01
1.362713e+01 1.848204e-03 -2.582641e+01
1.362713e+01 1.995693e-03 -2.752928e+01
1.362713e+01 2.154951e-03 -2.931172e+01
1.362713e+01 2.326918e-03 -3.117247e+01
1.362713e+01 2.512609e-03 -3.310918e+01
1.362713e+01 2.713117e-03 -3.511825e+01
1.362713e+01 2.929627e-03 -3.719496e+01
1.362713e+01 3.163414e-03 -3.933285e+01
1.362713e+01 3.415858e-03 -4.152359e+01
1.362713e+01 3.688447e-03 -4.375728e+01
1.362713e+01 3.982789e-03 -4.602182e+01
1.362713e+01 4.300619e-03 -4.830284e+01
1.362713e+01 4.643813e-03 -5.058406e+01
1.362713e+01 5.014394e-03 -5.284614e+01
1.362713e+01 5.414548e-03 -5.506671e+01
1.362713e+01 5.846635e-03 -5.722128e+01
1.362713e+01 6.313202e-03 -5.928167e+01
1.362713e+01 6.817002e-03 -6.121631e+01
1.362713e+01 7.361006e-03 -6.299198e+01
1.362713e+01 7.948422e-03 -6.457141e+01
1.362713e+01 8.582714e-03 -6.591418e+01
1.362713e+01 9.267624e-03 -6.698006e+01
1.362713e+01 1.000719e-02 -6.772645e+01
1.362713e+01 1.080577e-02 -6.811032e+01
1.362713e+01 1.166809e-02 -6.809313e+01
1.362713e+01 1.259921e-02 -6.764045e+01
1.362713e+01 1.360464e-02 -6.672446e+01
1.362713e+01 1.469030e-02 -6.532874e+01
1.362713e+01 1.586261e-02 -6.345666e+01
1.362713e+01 1.712846e-02 -6.113046e+01
1.362713e+01 1.849533e-02 -5.838684e+01
1.362713e+01 1.997127e-02 -5.530493e+01
1.362713e+01 2.156500e-02 -5.199059e+01
1.362713e+01 2.328591e-02 -4.854604e+01
1.362713e+01 2.514415e-02 -4.511171e+01
1.362713e+01 2.715068e-02 -4.183752e+01
1.362713e+01 2.931733e-02 -3.883603e+01
1.362713e+01 3.165689e-02 -3.618972e+01
1.362713e+01 3.418314e-02 -3.394822e+01
1.362713e+01 3.691099e-02 -3.207687e+01
1.362713e+01 3.985652e-02 -3.046235e+01
1.362713e+01 4.303711e-02 -2.891451e+01
1.362713e+01 4.647152e-02 -2.720252e+01
1.362713e+01 5.017999e-02 -2.513014e+01
1.362713e+01 5.418441e-02 -2.316467e+01
1.362713e+01 5.850838e-02 -2.187764e+01
1.362713e+01 6.317741e-02 -2.048790e+01
1.362713e+01 6.821903e-02 -1.898726e+01
1.362713e+01 7.366298e-02 -1.738768e+01
1.362713e+01 7.954136e-02 -1.587291e+01
1.362713e+01 8.588885e-02 -1.423726e+01
1.362713e+01 9.274286e-02 -1.247108e+01
1.362713e+01 1.001438e-01 -1.056396e+01
1.362713e+01 1.081354e-01 -9.388479e+00
1.362713e+01 1.167647e-01 -8.540876e+00
1.362713e+01 1.260827e-01 -7.625633e+00
1.362713e+01 1.361442e-01 -6.637353e+00
1.362713e+01 1.470087e-01 -5.686342e+00
1.362713e+01 1.587401e-01 -5.154146e+00
1.362713e+01 1.714077e-01 -4.579480e+00
1.362713e+01 1.850862e-01 -3.958955e+00
1.362713e+01 1.998563e-01 -3.288912e+00
1.362713e+01 2.158051e-01 -2.924286e+00
1.362713e+01 2.330265e-01 -2.602248e+00
1.362713e+01 2.516223e-01 -2.254512e+00
1.362713e+01 2.717020e-01 -1.879025e+00
1.362713e+01 2.933841e-01 -1.586438e+00
1.362713e+01 3.167964e-01 -1.413942e+00
1.362713e+01 3.420771e-01 -1.227681e+00
1.362713e+01 3.693752e-01 -1.026556e+00
1.362713e+01 3.988518e-01 -8.191393e-01
1.362713e+01 4.306805e-01 -7.320508e-01
1.362713e+01 4.650493e-01 -6.380124e-01
1.362713e+01 5.021607e-01 -5.364697e-01
1.362713e+01 5.422336e-01 -4.268238e-01
1.362713e+01 5.855044e-01 -3.619085e-01
1.362713e+01 6.322283e-01 -3.167352e-01
1.362713e+01 6.826808e-01 -2.679570e-01
1.362713e+01 7.371594e-01 -2.152863e-01
1.362713e+01 7.959855e-01 -1.702678e-01
1.362713e+01 8.595059e-01 -1.495536e-01
1.362713e+01 9.280954e-01 -1.271864e-01
1.362713e+01 1.002158e+00 -1.030343e-01
1.362713e+01 1.082132e+00 -7.695486e-02
1.362713e+01 1.168487e+00 -6.691561e-02
1.362713e+01 1.261733e+00 -5.761861e-02
1.362713e+01 1.362421e+00 -4.757971e-02
1.362713e+01 1.471144e+00 -3.673969e-02
1.362713e+01 1.588542e+00 -2.944628e-02
1.362713e+01 1.715310e+00 -2.543343e-02
1.362713e+01 1.852193e+00 -2.110035e-02
1.362713e+01 2.000000e+00 -1.642149e-02
1.391967e+01 1.000000e-03 -1.225848e+01
1.391967e+01 1.079801e-03 -1.315052e+01
1.391967e+01 1.165970e-03 -1.409958e+01
1.391967e+01 1.259016e-03 -1.510775e+01
1.391967e+01 1.359487e-03 -1.617685e+01
1.391967e+01 1.467975e-03 -1.730847e+01
1.391967e+01 1.585121e-03 -1.850390e+01
1.391967e+01 1.711615e-03 -1.976411e+01
1.391967e+01 1.848204e-03 -2.108963e+01
1.391967e+01 1.995693e-03 -2.248056e+01
1.391967e+01 2.154951e-03 -2.393645e+01
1.391967e+01 2.326918e-03 -2.545628e+01
1.391967e+01 2.512609e-03 -2.703812e+01
1.391967e+01 2.713117e-03 -2.867904e+01
1.391967e+01 2.929627e-03 -3.037519e+01
1.391967e+01 3.163414e-03 -3.212132e+01
1.391967e+01 3.415858e-03 -3.391061e+01
1.391967e+01 3.688447e-03 -3.573496e+01
1.391967e+01 3.982789e-03 -3.758450e+01
1.391967e+01 4.300619e-03 -3.944750e+01
1.391967e+01 4.643813e-03 -4.131066e+01
1.391967e+01 5.014394e-03 -4.315817e+01
1.391967e+01 5.414548e-03 -4.497177e+01
1.391967e+01 5.846635e-03 -4.673147e+01
1.391967e+01 6.313202e-03 -4.841425e+01
1.391967e+01 6.817002e-03 -4.999432e+01
1.391967e+01 7.361006e-03 -5.144455e+01
1.391967e+01 7.948422e-03 -5.273452e+01
1.391967e+01 8.582714e-03 -5.383120e+01
1.391967e+01 9.267624e-03 -5.470175e+01
1.391967e+01 1.000719e-02 -5.531138e+01
1.391967e+01 1.080577e-02 -5.562493e+01
1.391967e+01 1.166809e-02 -5.561093e+01
1.391967e+01 1.259921e-02 -5.524125e+01
1.391967e+01 1.360464e-02 -5.449320e+01
1.391967e+01 1.469030e-02 -5.335334e+01
1.391967e+01 1.586261e-02 -5.182446e+01
1.391967e+01 1.712846e-02 -4.992469e+01
1.391967e+01 1.849533e-02 -4.768402e+01
1.391967e+01 1.997127e-02 -4.516706e+01
1.391967e+01 2.156500e-02 -4.246028e+01
1.391967e+01 2.328591e-02 -3.964715e+01
1.391967e+01 2.514415e-02 -3.684237e+01
1.391967e+01 2.715068e-02 -3.416837e+01
1.391967e+01 2.931733e-02 -3.171708e+01
1.391967e+01 3.165689e-02 -2.955586e+01
1.391967e+01 3.418314e-02 -2.772524e+01
1.391967e+01 3.691099e-02 -2.619693e+01
1.391967e+01 3.985652e-02 -2.487837e+01
1.391967e+01 4.303711e-02 -2.361425e+01
1.391967e+01 4.647152e-02 -2.221609e+01
1.391967e+01 5.017999e-02 -2.052359e+01
1.391967e+01 5.418441e-02 -1.891465e+01
1.391967e+01 5.850838e-02 -1.785309e+01
1.391967e+01 6.317741e-02 -1.670681e+01
1.391967e+01 6.821903e-02 -1.546905e+01
1.391967e+01 7.366298e-02 -1.415105e+01
1.391967e+01 7.954136e-02 -1.291695e+01
1.391967e+01 8.588885e-02 -1.158437e+01
1.391967e+01 9.274286e-02 -1.014544e+01
1.391967e+01 1.001438e-01 -8.591693e+00
1.391967e+01 1.081354e-01 -7.637286e+00
1.391967e+01 1.167647e-01 -6.951819e+00
1.391967e+01 1.260827e-01 -6.211652e+00
1.391967e+01 1.361442e-01 -5.412419e+00
1.391967e+01 1.470087e-01 -4.642684e+00
1.391967e+01 1.587401e-01 -4.208871e+00
1.391967e+01 1.714077e-01 -3.740440e+00
1.391967e+01 1.850862e-01 -3.234627e+00
1.391967e+01 1.998563e-01 -2.688451e+00
1.391967e+01 2.158051e-01 -2.390710e+00
1.391967e+01 2.330265e-01 -2.127538e+00
1.391967e+01 2.516223e-01 -1.843365e+00
1.391967e+01 2.717020e-01 -1.536515e+00
1.391967e+01 2.933841e-01 -1.297471e+00
1.391967e+01 3.167964e-01 -1.156648e+00
1.391967e+01 3.420771e-01 -1.004587e+00
1.391967e+01 3.693752e-01 -8.403918e-01
1.391967e+01 3.988518e-01 -6.710814e-01
1.391967e+01 4.306805e-01 -6.003021e-01
1.391967e+01 4.650493e-01 -5.238745e-01
1.391967e+01 5.021607e-01 -4.413479e-01
1.391967e+01 5.422336e-01 -3.522357e-01
1.391967e+01 5.855044e-01 -2.992776e-01
1.391967e+01 6.322283e-01 -2.622555e-01
1.391967e+01 6.826808e-01 -2.222790e-01
1.391967e+01 7.371594e-01 -1.791124e-01
1.391967e+01 7.959855e-01 -1.421893e-01
1.391967e+01 8.595059e-01 -1.251171e-01
1.391967e+01 9.280954e-01 -1.066826e-01
1.391967e+01 1.002158e+00 -8.677690e-02
1.391967e+01 1.082132e+00 -6.528274e-02
1.391967e+01 1.168487e+00 -5.689768e-02
1.391967e+01 1.261733e+00 -4.910607e-02
1.391967e+01 1.362421e+00 -4.069269e-02
1.391967e+01 1.471144e+00 -3.160790e-02
1.391967e+01 1.588542e+00 -2.546200e-02
1.391967e+01 1.715310e+00 -2.203349e-02
1.391967e+01 1.852193e+00 -1.833139e-02
1.391967e+01 2.000000e+00 -1.433386e-02
1.421806e+01 1.000000e-03 -1.000751e+01
1.421806e+01 1.079801e-03 -1.073596e+01
1.421806e+01 1.165970e-03 -1.151101e+01
1.421806e+01 1.259016e-03 -1.233436e+01
1.421806e+01 1.359487e-03 -1.320749e+01
1.421806e+01 1.467975e-03 -1.413172e+01
1.421806e+01 1.585121e-03 -1.510808e+01
1.421806e+01 1.711615e-03 -1.613736e+01
1.421806e+01 1.848204e-03 -1.721998e+01
1.421806e+01 1.995693e-03 -1.835601e+01
1.421806e+01 2.154951e-03 -1.954509e+01
1.421806e+01 2.326918e-03 -2.078636e+01
1.421806e+01 2.512609e-03 -2.207824e+01
1.421806e+01 2.713117e-03 -2.341835e+01
1.421806e+01 2.929627e-03 -2.480356e+01
1.421806e+01 3.163414e-03 -2.622959e+01
1.421806e+01 3.415858e-03 -2.769086e+01
1.421806e+01 3.688447e-03 -2.918077e+01
1.421806e+01 3.982789e-03 -3.069123e+01
1.421806e+01 4.300619e-03 -3.221268e+01
1.421806e+01 4.643813e-03 -3.373425e+01
1.421806e+01 5.014394e-03 -3.524304e+01
1.421806e+01 5.414548e-03 -3.672413e+01
1.421806e+01 5.846635e-03 -3.816120e+01
1.421806e+01 6.313202e-03 -3.953546e+01
1.421806e+01 6.817002e-03 -4.082582e+01
1.421806e+01 7.361006e-03 -4.201016e+01
1.421806e+01 7.948422e-03 -4.306361e+01
1.421806e+01 8.582714e-03 -4.395923e+01
1.421806e+01 9.267624e-03 -4.467018e+01
1.421806e+01 1.000719e-02 -4.516807e+01
1.421806e+01 1.080577e-02 -4.542417e+01
1.421806e+01 1.166809e-02 -4.541277e+01
1.421806e+01 1.259921e-02 -4.511090e+01
1.421806e+01 1.360464e-02 -4.450004e+01
1.421806e+01 1.469030e-02 -4.356923e+01
1.421806e+01 1.586261e-02 -4.232074e+01
1.421806e+01 1.712846e-02 -4.076938e+01
1.421806e+01 1.849533e-02 -3.893962e+01
1.421806e+01 1.997127e-02 -3.688424e+01
1.421806e+01 2.156500e-02 -3.467384e+01
1.421806e+01 2.328591e-02 -3.237659e+01
1.421806e+01 2.514415e-02 -3.008616e+01
1.421806e+01 2.715068e-02 -2.790253e+01
1.421806e+01 2.931733e-02 -2.590076e+01
1.421806e+01 3.165689e-02 -2.413587e+01
1.421806e+01 3.418314e-02 -2.264095e+01
1.421806e+01 3.691099e-02 -2.139290e+01
1.421806e+01 3.985652e-02 -2.031614e+01
1.421806e+01 4.303711e-02 -1.928384e+01
1.421806e+01 4.647152e-02 -1.814207e+01
1.421806e+01 5.017999e-02 -1.675995e+01
1.421806e+01 5.418441e-02 -1.544174e+01
1.421806e+01 5.850838e-02 -1.456280e+01
1.421806e+01 6.317741e-02 -1.361373e+01
1.421806e+01 6.821903e-02 -1.258892e+01
1.421806e+01 7.366298e-02 -1.149916e+01
1.421806e+01 7.954136e-02 -1.049426e+01
1.421806e+01 8.588885e-02 -9.409169e+00
1.421806e+01 9.274286e-02 -8.237487e+00
1.421806e+01 1.001438e-01 -6.972303e+00
1.421806e+01 1.081354e-01 -6.196342e+00
1.421806e+01 1.167647e-01 -5.640035e+00
1.421806e+01 1.260827e-01 -5.039335e+00
1.421806e+01 1.361442e-01 -4.390698e+00
1.421806e+01 1.470087e-01 -3.766530e+00
1.421806e+01 1.587401e-01 -3.417278e+00
1.421806e+01 1.714077e-01 -3.040155e+00
1.421806e+01 1.850862e-01 -2.632938e+00
1.421806e+01 1.998563e-01 -2.193224e+00
1.421806e+01 2.158051e-01 -1.951234e+00
1.421806e+01 2.330265e-01 -1.736437e+00
1.421806e+01 2.516223e-01 -1.504498e+00
1.421806e+01 2.717020e-01 -1.254051e+00
1.421806e+01 2.933841e-01 -1.059037e+00
1.421806e+01 3.167964e-01 -9.443149e-01
1.421806e+01 3.420771e-01 -8.204375e-01
1.421806e+01 3.693752e-01 -6.866746e-01
1.421806e+01 3.988518e-01 -5.487506e-01
1.421806e+01 4.306805e-01 -4.911805e-01
1.421806e+01 4.650493e-01 -4.290162e-01
1.421806e+01 5.021607e-01 -3.618911e-01
1.421806e+01 5.422336e-01 -2.894094e-01
1.421806e+01 5.855044e-01 -2.463252e-01
1.421806e+01 6.322283e-01 -2.161979e-01
1.421806e+01 6.826808e-01 -1.836664e-01
1.421806e+01 7.371594e-01 -1.485388e-01
1.421806e+01 7.959855e-01 -1.184455e-01
1.421806e+01 8.595059e-01 -1.043927e-01
1.421806e+01 9.280954e-01 -8.921844e-02
1.421806e+01 1.002158e+00 -7.283330e-02
1.421806e+01 1.082132e+00 -5.514061e-02
1.421806e+01 1.168487e+00 -4.817635e-02
1.421806e+01 1.261733e+00 -4.169032e-02
1.421806e+01 1.362421e+00 -3.468670e-02
1.421806e+01 1.471144e+00 -2.712419e-02
1.421806e+01 1.588542e+00 -2.196334e-02
1.421806e+01 1.715310e+00 -1.902179e-02
1.421806e+01 1.852193e+00 -1.584550e-02
1.421806e+01 2.000000e+00 -1.241574e-02
1.452242e+01 1.000000e-03 -8.086972e+00
1.452242e+01 1.079801e-03 -8.675796e+00
1.452242e+01 1.165970e-03 -9.302318e+00
1.452242e+01 1.259016e-03 -9.967909e+00
1.452242e+01 1.359487e-03 -1.067377e+01
1.452242e+01 1.467975e-03 -1.142096e+01
1.452242e+01 1.585121e-03 -1.221032e+01
1.452242e+01 1.711615e-03 -1.304246e+01
1.452242e+01 1.848204e-03 -1.391773e+01
1.452242e+01 1.995693e-03 -1.483618e+01
1.452242e+01 2.154951e-03 -1.579750e+01
1.452242e+01 2.326918e-03 -1.680098e+01
1.452242e+01 2.512609e-03 -1.784536e+01
1.452242e+01 2.713117e-03 -1.892872e+01
1.452242e+01 2.929627e-03 -2.004853e+01
1.452242e+01 3.163414e-03 -2.120133e+01
1.452242e+01 3.415858e-03 -2.238262e+01
1.452242e+01 3.688447e-03 -2.358706e+01
1.452242e+01 3.982789e-03 -2.480811e+01
1.452242e+01 4.300619e-03 -2.603803e+01
1.452242e+01 4.643813e-03 -2.726804e+01
1.452242e+01 5.014394e-03 -2.848772e+01
1.452242e+01 5.414548e-03 -2.968501e+01
1.452242e+01 5.846635e-03 -3.084670e+01
1.452242e+01 6.313202e-03 -3.195762e+01
1.452242e+01 6.817002e-03 -3.300072e+01
1.452242e+01 7.361006e-03 -3.395811e+01
1.452242e+01 7.948422e-03 -3.480969e+01
1.452242e+01 8.582714e-03 -3.553369e+01
1.452242e+01 9.267624e-03 -3.610842e+01
1.452242e+01 1.000719e-02 -3.651092e+01
1.452242e+01 1.080577e-02 -3.671797e+01
1.452242e+01 1.166809e-02 -3.670878e+01
1.452242e+01 1.259921e-02 -3.646479e+01
1.452242e+01 1.360464e-02 -3.597102e+01
1.452242e+01 1.469030e-02 -3.521863e+01
1.452242e+01 1.586261e-02 -3.420944e+01
1.452242e+01 1.712846e-02 -3.295544e+01
1.452242e+01 1.849533e-02 -3.147638e+01
1.452242e+01 1.997127e-02 -2.981495e+01
1.452242e+01 2.156500e-02 -2.802821e+01
1.452242e+01 2.328591e-02 -2.617126e+01
1.452242e+01 2.514415e-02 -2.431982e+01
1.452242e+01 2.715068e-02 -2.255471e+01
1.452242e+01 2.931733e-02 -2.093660e+01
1.452242e+01 3.165689e-02 -1.950997e+01
1.452242e+01 3.418314e-02 -1.830157e+01
1.452242e+01 3.691099e-02 -1.729273e+01
1.452242e+01 3.985652e-02 -1.642234e+01
1.452242e+01 4.303711e-02 -1.558789e+01
1.452242e+01 4.647152e-02 -1.466495e+01
1.452242e+01 5.017999e-02 -1.354773e+01
1.452242e+01 5.418441e-02 -1.247907e+01
1.452242e+01 5.850838e-02 -1.175996e+01
1.452242e+01 6.317741e-02 -1.098347e+01
1.452242e+01 6.821903e-02 -1.014502e+01
1.452242e+01 7.366298e-02 -9.255075e+00
1.452242e+01 7.954136e-02 -8.451615e+00
1.452242e+01 8.588885e-02 -7.584038e+00
1.452242e+01 9.274286e-02 -6.647228e+00
1.452242e+01 1.001438e-01 -5.635659e+00
1.452242e+01 1.081354e-01 -5.010773e+00
1.452242e+01 1.167647e-01 -4.559021e+00
1.452242e+01 1.260827e-01 -4.071219e+00
1.452242e+01 1.361442e-01 -3.544490e+00
1.452242e+01 1.470087e-01 -3.038204e+00
1.452242e+01 1.587401e-01 -2.757655e+00
1.452242e+01 1.714077e-01 -2.454718e+00
1.452242e+01 1.850862e-01 -2.127607e+00
1.452242e+01 1.998563e-01 -1.774391e+00
1.452242e+01 2.158051e-01 -1.578847e+00
1.452242e+01 2.330265e-01 -1.404822e+00
1.452242e+01 2.516223e-01 -1.216910e+00
1.452242e+01 2.717020e-01 -1.014002e+00
1.452242e+01 2.933841e-01 -8.562352e-01
1.452242e+01 3.167964e-01 -7.638292e-01
1.452242e+01 3.420771e-01 -6.640492e-01
1.452242e+01 3.693752e-01 -5.563066e-01
1.452242e+01 3.988518e-01 -4.452021e-01
1.452242e+01 4.306805e-01 -3.986771e-01
1.452242e+01 4.650493e-01 -3.484394e-01
1.452242e+01 5.021607e-01 -2.941926e-01
1.452242e+01 5.422336e-01 -2.356168e-01
1.452242e+01 5.855044e-01 -2.008458e-01
1.452242e+01 6.322283e-01 -1.765715e-01
1.452242e+01 6.826808e-01 -1.503601e-01
1.452242e+01 7.371594e-01 -1.220570e-01
1.452242e+01 7.959855e-01 -9.777117e-02
1.452242e+01 8.595059e-01 -8.631497e-02
1.452242e+01 9.280954e-01 -7.394455e-02
1.452242e+01 1.002158e+00 -6.058697e-02
1.452242e+01 1.082132e+00 -4.616343e-02
1.452242e+01 1.168487e+00 -4.042634e-02
1.452242e+01 1.261733e+00 -3.506928e-02
1.452242e+01 1.362421e+00 -2.928472e-02
1.452242e+01 1.471144e+00 -2.303855e-02
1.452242e+01 1.588542e+00 -1.874724e-02
1.452242e+01 1.715310e+00 -1.626144e-02
1.452242e+01 1.852193e+00 -1.357727e-02
1.452242e+01 2.000000e+00 -1.067890e-02
1.483287e+01 1.000000e-03 -6.542623e+00
1.483287e+01 1.079801e-03 -7.019142e+00
1.483287e+01 1.165970e-03 -7.526191e+00
1.483287e+01 1.259016e-03 -8.064881e+00
1.483287e+01 1.359487e-03 -8.636186e+00
1.483287e+01 1.467975e-03 -9.240956e+00
1.483287e+01 1.585121e-03 -9.879875e+00
1.483287e+01 1.711615e-03 -1.055343e+01
1.483287e+01 1.848204e-03 -1.126190e+01
1.483287e+01 1.995693e-03 -1.200532e+01
1.483287e+01 2.154951e-03 -1.278341e+01
1.483287e+01 2.326918e-03 -1.359563e+01
1.483287e+01 2.512609e-03 -1.444092e+01
1.483287e+01 2.713117e-03 -1.531775e+01
1.483287e+01 2.929627e-03 -1.622407e+01
1.483287e+01 3.163414e-03 -1.715709e+01
1.483287e+01 3.415858e-03 -1.811317e+01
1.483287e+01 3.688447e-03 -1.908798e+01
1.483287e+01 3.982789e-03 -2.007623e+01
1.483287e+01 4.300619e-03 -2.107166e+01
1.483287e+01 4.643813e-03 -2.206715e+01
1.483287e+01 5.014394e-03 -2.305428e+01
1.483287e+01 5.414548e-03 -2.402328e+01
1.483287e+01 5.846635e-03 -2.496347e+01
1.483287e+01 6.313202e-03 -2.586256e+01
1.483287e+01 6.817002e-03 -2.670677e+01
1.483287e+01 7.361006e-03 -2.748161e+01
1.483287e+01 7.948422e-03 -2.817082e+01
1.483287e+01 8.582714e-03 -2.875677e+01
1.483287e+01 9.267624e-03 -2.922193e+01
1.483287e+01 1.000719e-02 -2.954770e+01
1.483287e+01 1.080577e-02 -2.971529e+01
1.483287e+01 1.166809e-02 -2.970788e+01
1.483287e+01 1.259921e-02 -2.951044e+01
1.483287e+01 1.360464e-02 -2.911085e+01
1.483287e+01 1.469030e-02 -2.850197e+01
1.483287e+01 1.586261e-02 -2.768526e+01
1.483287e+01 1.712846e-02 -2.667042e+01
1.483287e+01 1.849533e-02 -2.547345e+01
1.483287e+01 1.997127e-02 -2.412888e+01
1.483287e+01 2.156500e-02 -2.268290e+01
1.483287e+01 2.328591e-02 -2.118010e+01
1.483287e+01 2.514415e-02 -1.968175e+01
1.483287e+01 2.715068e-02 -1.825327e+01
1.483287e+01 2.931733e-02 -1.694375e+01
1.483287e+01 3.165689e-02 -1.578920e+01
1.483287e+01 3.418314e-02 -1.481126e+01
1.483287e+01 3.691099e-02 -1.399481e+01
1.483287e+01 3.985652e-02 -1.329041e+01
1.483287e+01 4.303711e-02 -1.261510e+01
1.483287e+01 4.647152e-02 -1.186818e+01
1.483287e+01 5.017999e-02 -1.096402e+01
1.483287e+01 5.418441e-02 -1.009497e+01
1.483287e+01 5.850838e-02 -9.501315e+00
1.483287e+01 6.317741e-02 -8.860286e+00
1.483287e+01 6.821903e-02 -8.168102e+00
1.483287e+01 7.366298e-02 -7.434821e+00
1.483287e+01 7.954136e-02 -6.787407e+00
1.483287e+01 8.588885e-02 -6.088328e+00
1.483287e+01 9.274286e-02 -5.333463e+00
1.483287e+01 1.001438e-01 -4.518358e+00
1.483287e+01 1.081354e-01 -4.016317e+00
1.483287e+01 1.167647e-01 -3.654609e+00
1.483287e+01 1.260827e-01 -3.264037e+00
1.483287e+01 1.361442e-01 -2.842296e+00
1.483287e+01 1.470087e-01 -2.437082e+00
1.483287e+01 1.587401e-01 -2.213299e+00
1.483287e+01 1.714077e-01 -1.971657e+00
1.483287e+01 1.850862e-01 -1.710731e+00
1.483287e+01 1.998563e-01 -1.428984e+00
1.483287e+01 2.158051e-01 -1.271651e+00
1.483287e+01 2.330265e-01 -1.131104e+00
1.483287e+01 2.516223e-01 -9.793409e-01
1.483287e+01 2.717020e-01 -8.154673e-01
1.483287e+01 2.933841e-01 -6.883098e-01
1.483287e+01 3.167964e-01 -6.142887e-01
1.483287e+01 3.420771e-01 -5.343608e-01
1.483287e+01 3.693752e-01 -4.480545e-01
1.483287e+01 3.988518e-01 -3.590586e-01
1.483287e+01 4.306805e-01 -3.218401e-01
1.483287e+01 4.650493e-01 -2.816516e-01
1.483287e+01 5.021607e-01 -2.382560e-01
1.483287e+01 5.422336e-01 -1.913974e-01
1.483287e+01 5.855044e-01 -1.634711e-01
1.483287e+01 6.322283e-01 -1.438813e-01
1.483287e+01 6.826808e-01 -1.227283e-01
1.483287e+01 7.371594e-01 -9.988723e-02
1.483287e+01 7.959855e-01 -8.027889e-02
1.483287e+01 8.595059e-01 -7.100167e-02
1.483287e+01 9.280954e-01 -6.098411e-02
1.483287e+01 1.002158e+00 -5.016714e-02
1.483287e+01 1.082132e+00 -3.848697e-02
1.483287e+01 1.168487e+00 -3.377746e-02
1.483287e+01 1.261733e+00 -2.936520e-02
1.483287e+01 1.362421e+00 -2.460084e-02
1.483287e+01 1.471144e+00 -1.945628e-02
1.483287e+01 1.588542e+00 -1.589973e-02
1.483287e+01 1.715310e+00 -1.380917e-02
1.483287e+01 1.852193e+00 -1.155178e-02
1.483287e+01 2.000000e+00 -9.114243e-03
1.514953e+01 1.000000e-03 -5.189478e+00
1.514953e+01 1.079801e-03 -5.567557e+00
1.514953e+01 1.165970e-03 -5.969877e+00
1.514953e+01 1.259016e-03 -6.397320e+00
1.514953e+01 1.359487e-03 -6.850660e+00
1.514953e+01 1.467975e-03 -7.330571e+00
1.514953e+01 1.585121e-03 -7.837594e+00
1.514953e+01 1.711615e-03 -8.372114e+00
1.514953e+01 1.848204e-03 -8.934342e+00
1.514953e+01 1.995693e-03 -9.524294e+00
1.514953e+01 2.154951e-03 -1.014176e+01
1.514953e+01 2.326918e-03 -1.078629e+01
1.514953e+01 2.512609e-03 -1.145705e+01
1.514953e+01 2.713117e-03 -1.215282e+01
1.514953e+01 2.929627e-03 -1.287200e+01
1.514953e+01 3.163414e-03 -1.361235e+01
1.514953e+01 3.415858e-03 -1.437100e+01
1.514953e+01 3.688447e-03 -1.514451e+01
1.514953e+01 3.982789e-03 -1.592868e+01
1.514953e+01 4.300619e-03 -1.671855e+01
1.514953e+01 4.643813e-03 -1.750846e+01
1.514953e+01 5.014394e-03 -1.829173e+01
1.514953e+01 5.414548e-03 -1.906061e+01
1.514953e+01 5.846635e-03 -1.980664e+01
1.514953e+01 6.313202e-03 -2.052005e+01
1.514953e+01 6.817002e-03 -2.118991e+01
1.514953e+01 7.361006e-03 -2.180472e+01
1.514953e+01 7.948422e-03 -2.235160e+01
1.514953e+01 8.582714e-03 -2.281654e+01
1.514953e+01 9.267624e-03 -2.318563e+01
1.514953e+01 1.000719e-02 -2.344413e+01
1.514953e+01 1.080577e-02 -2.357713e+01
1.514953e+01 1.166809e-02 -2.357127e+01
1.514953e+01 1.259921e-02 -2.341463e+01
1.514953e+01 1.360464e-02 -2.309760e+01
1.514953e+01 1.469030e-02 -2.261450e+01
1.514953e+01 1.586261e-02 -2.196650e+01
1.514953e+01 1.712846e-02 -2.116130e+01
1.514953e+01 1.849533e-02 -2.021159e+01
1.514953e+01 1.997127e-02 -1.914477e+01
1.514953e+01 2.156500e-02 -1.799747e+01
1.514953e+01 2.328591e-02 -1.680510e+01
1.514953e+01 2.514415e-02 -1.561626e+01
1.514953e+01 2.715068e-02 -1.448285e+01
1.514953e+01 2.931733e-02 -1.344383e+01
1.514953e+01 3.165689e-02 -1.252776e+01
1.514953e+01 3.418314e-02 -1.175183e+01
1.514953e+01 3.691099e-02 -1.110402e+01
1.514953e+01 3.985652e-02 -1.054513e+01
1.514953e+01 4.303711e-02 -1.000931e+01
1.514953e+01 4.647152e-02 -9.416673e+00
1.514953e+01 5.017999e-02 -8.699281e+00
1.514953e+01 5.418441e-02 -8.013584e+00
1.514953e+01 5.850838e-02 -7.553260e+00
1.514953e+01 6.317741e-02 -7.056200e+00
1.514953e+01 6.821903e-02 -6.519475e+00
1.514953e+01 7.366298e-02 -5.949247e+00
1.514953e+01 7.954136e-02 -5.428769e+00
1.514953e+01 8.588885e-02 -4.866756e+00
1.514953e+01 9.274286e-02 -4.259893e+00
1.514953e+01 1.001438e-01 -3.604603e+00
1.514953e+01 1.081354e-01 -3.203787e+00
1.514953e+01 1.167647e-01 -2.917346e+00
1.514953e+01 1.260827e-01 -2.608046e+00
1.514953e+01 1.361442e-01 -2.274063e+00
1.514953e+01 1.470087e-01 -1.952695e+00
1.514953e+01 1.587401e-01 -1.772949e+00
1.514953e+01 1.714077e-01 -1.578860e+00
1.514953e+01 1.850862e-01 -1.369281e+00
1.514953e+01 1.998563e-01 -1.142978e+00
1.514953e+01 2.158051e-01 -1.016898e+00
1.514953e+01 2.330265e-01 -9.043834e-01
1.514953e+01 2.516223e-01 -7.828896e-01
1.514953e+01 2.717020e-01 -6.517005e-01
1.514953e+01 2.933841e-01 -5.501107e-01
1.514953e+01 3.167964e-01 -4.913382e-01
1.514953e+01 3.420771e-01 -4.278757e-01
1.514953e+01 3.693752e-01 -3.593487e-01
1.514953e+01 3.988518e-01 -2.886676e-01
1.514953e+01 4.306805e-01 -2.588359e-01
1.514953e+01 4.650493e-01 -2.266236e-01
1.514953e+01 5.021607e-01 -1.918407e-01
1.514953e+01 5.422336e-01 -1.542820e-01
1.514953e+01 5.855044e-01 -1.319277e-01
1.514953e+01 6.322283e-01 -1.162715e-01
1.514953e+01 6.826808e-01 -9.936589e-02
1.514953e+01 7.371594e-01 -8.111123e-02
1.514953e+01 7.959855e-01 -6.543134e-02
1.514953e+01 8.595059e-01 -5.798667e-02
1.514953e+01 9.280954e-01 -4.994789e-02
1.514953e+01 1.002158e+00 -4.126762e-02
1.514953e+01 1.082132e+00 -3.189465e-02
1.514953e+01 1.168487e+00 -2.805186e-02
1.514953e+01 1.261733e+00 -2.443712e-02
1.514953e+01 1.362421e+00 -2.053393e-02
1.514953e+01 1.471144e+00 -1.631925e-02
1.514953e+01 1.588542e+00 -1.339099e-02
1.514953e+01 1.715310e+00 -1.164983e-02
1.514953e+01 1.852193e+00 -9.769728e-03
1.514953e+01 2.000000e+00 -7.739590e-03
1.547252e+01 1.000000e-03 -4.094902e+00
1.547252e+01 1.079801e-03 -4.393325e+00
1.547252e+01 1.165970e-03 -4.710897e+00
1.547252e+01 1.259016e-03 -5.048315e+00
1.547252e+01 1.359487e-03 -5.406190e+00
1.547252e+01 1.467975e-03 -5.785053e+00
1.547252e+01 1.585121e-03 -6.185331e+00
1.547252e+01 1.711615e-03 -6.607324e+00
1.547252e+01 1.848204e-03 -7.051195e+00
1.547252e+01 1.995693e-03 -7.516951e+00
1.547252e+01 2.154951e-03 -8.004426e+00
1.547252e+01 2.326918e-03 -8.513249e+00
1.547252e+01 2.512609e-03 -9.042770e+00
1.547252e+01 2.713117e-03 -9.592025e+00
1.547252e+01 2.929627e-03 -1.015975e+01
1.547252e+01 3.163414e-03 -1.074419e+01
1.547252e+01 3.415858e-03 -1.134307e+01
1.547252e+01 3.688447e-03 -1.195368e+01
1.547252e+01 3.982789e-03 -1.257271e+01
1.547252e+01 4.300619e-03 -1.319623e+01
1.547252e+01 4.643813e-03 -1.381978e+01
1.547252e+01 5.014394e-03 -1.443809e+01
1.547252e+01 5.414548e-03 -1.504503e+01
1.547252e+01 5.846635e-03 -1.563393e+01
1.547252e+01 6.313202e-03 -1.619708e+01
1.547252e+01 6.817002e-03 -1.672586e+01
1.547252e+01 7.361006e-03 -1.721118e+01
1.547252e+01 7.948422e-03 -1.764287e+01
1.547252e+01 8.582714e-03 -1.800989e+01
1.547252e+01 9.267624e-03 -1.830125e+01
1.547252e+01 1.000719e-02 -1.850532e+01
1.547252e+01 1.080577e-02 -1.861031e+01
1.547252e+01 1.166809e-02 -1.860570e+01
1.547252e+01 1.259921e-02 -1.848207e+01
1.547252e+01 1.360464e-02 -1.823184e+01
1.547252e+01 1.469030e-02 -1.785052e+01
1.547252e+01 1.586261e-02 -1.733905e+01
1.547252e+01 1.712846e-02 -1.670348e+01
1.547252e+01 1.849533e-02 -1.595384e+01
1.547252e+01 1.997127e-02 -1.511175e+01
1.547252e+01 2.156500e-02 -1.420615e+01
1.547252e+01 2.328591e-02 -1.326496e+01
1.547252e+01 2.514415e-02 -1.232656e+01
1.547252e+01 2.715068e-02 -1.143192e+01
1.547252e+01 2.931733e-02 -1.061178e+01
1.547252e+01 3.165689e-02 -9.888691e+00
1.547252e+01 3.418314e-02 -9.276212e+00
1.547252e+01 3.691099e-02 -8.764874e+00
1.547252e+01 3.985652e-02 -8.323713e+00
1.547252e+01 4.303711e-02 -7.900771e+00
1.547252e+01 4.647152e-02 -7.432977e+00
1.547252e+01 5.017999e-02 -6.866710e+00
1.547252e+01 5.418441e-02 -6.325266e+00
1.547252e+01 5.850838e-02 -5.961372e+00
1.547252e+01 6.317741e-02 -5.568438e+00
1.547252e+01 6.821903e-02 -5.144147e+00
1.547252e+01 7.366298e-02 -4.693615e+00
1.547252e+01 7.954136e-02 -4.284906e+00
1.547252e+01 8.588885e-02 -3.843582e+00
1.547252e+01 9.274286e-02 -3.367040e+00
1.547252e+01 1.001438e-01 -2.852470e+00
1.547252e+01 1.081354e-01 -2.537593e+00
1.547252e+01 1.167647e-01 -2.312453e+00
1.547252e+01 1.260827e-01 -2.069347e+00
1.547252e+01 1.361442e-01 -1.806840e+00
1.547252e+01 1.470087e-01 -1.554000e+00
1.547252e+01 1.587401e-01 -1.411392e+00
1.547252e+01 1.714077e-01 -1.257403e+00
1.547252e+01 1.850862e-01 -1.091127e+00
1.547252e+01 1.998563e-01 -9.115807e-01
1.547252e+01 2.158051e-01 -8.110289e-01
1.547252e+01 2.330265e-01 -7.210935e-01
1.547252e+01 2.516223e-01 -6.239811e-01
1.547252e+01 2.717020e-01 -5.191191e-01
1.547252e+01 2.933841e-01 -4.380420e-01
1.547252e+01 3.167964e-01 -3.913591e-01
1.547252e+01 3.420771e-01 -3.409509e-01
1.547252e+01 3.693752e-01 -2.865201e-01
1.547252e+01 3.988518e-01 -2.303801e-01
1.547252e+01 4.306805e-01 -2.067129e-01
1.547252e+01 4.650493e-01 -1.811570e-01
1.547252e+01 5.021607e-01 -1.535617e-01
1.547252e+01 5.422336e-01 -1.237642e-01
1.547252e+01 5.855044e-01 -1.059751e-01
1.547252e+01 6.322283e-01 -9.347055e-02
1.547252e+01 6.826808e-01 -7.996809e-02
1.547252e+01 7.371594e-01 -6.538811e-02
1.547252e+01 7.959855e-01 -5.287247e-02
1.547252e+01 8.595059e-01 -4.695337e-02
1.547252e+01 9.280954e-01 -4.056191e-02
1.547252e+01 1.002158e+00 -3.366041e-02
1.547252e+01 1.082132e+00 -2.620816e-02
1.547252e+01 1.168487e+00 -2.309701e-02
1.547252e+01 1.261733e+00 -2.015797e-02
1.547252e+01 1.362421e+00 -1.698438e-02
1.547252e+01 1.471144e+00 -1.355754e-02
1.547252e+01 1.588542e+00 -1.116448e-02
1.547252e+01 1.715310e+00 -9.724993e-03
1.547252e+01 1.852193e+00 -8.170632e-03
1.547252e+01 2.000000e+00 -6.492230e-03
1.580197e+01 1.000000e-03 -3.165722e+00
1.580197e+01 1.079801e-03 -3.396500e+00
1.580197e+01 1.165970e-03 -3.642097e+00
1.580197e+01 1.259016e-03 -3.903055e+00
1.580197e+01 1.359487e-03 -4.179844e+00
1.580197e+01 1.467975e-03 -4.472878e+00
1.580197e+01 1.585121e-03 -4.782484e+00
1.580197e+01 1.711615e-03 -5.108892e+00
1.580197e+01 1.848204e-03 -5.452225e+00
1.580197e+01 1.995693e-03 -5.812486e+00
1.580197e+01 2.154951e-03 -6.189540e+00
1.580197e+01 2.326918e-03 -6.583099e+00
1.580197e+01 2.512609e-03 -6.992656e+00
1.580197e+01 2.713117e-03 -7.417469e+00
1.580197e+01 2.929627e-03 -7.856562e+00
1.580197e+01 3.163414e-03 -8.308581e+00
1.580197e+01 3.415858e-03 -8.771768e+00
1.580197e+01 3.688447e-03 -9.244023e+00
1.580197e+01 3.982789e-03 -9.722789e+00
1.580197e+01 4.300619e-03 -1.020502e+01
1.580197e+01 4.643813e-03 -1.068729e+01
1.580197e+01 5.014394e-03 -1.116548e+01
1.580197e+01 5.414548e-03 -1.163489e+01
1.580197e+01 5.846635e-03 -1.209034e+01
1.580197e+01 6.313202e-03 -1.252588e+01
1.580197e+01 6.817002e-03 -1.293484e+01
1.580197e+01 7.361006e-03 -1.331019e+01
1.580197e+01 7.948422e-03 -1.364406e+01
1.580197e+01 8.582714e-03 -1.392791e+01
1.580197e+01 9.267624e-03 -1.415325e+01
1.580197e+01 1.000719e-02 -1.431107e+01
1.580197e+01 1.080577e-02 -1.439229e+01
1.580197e+01 1.166809e-02 -1.438873e+01
1.580197e+01 1.259921e-02 -1.429314e+01
1.580197e+01 1.360464e-02 -1.409963e+01
1.580197e+01 1.469030e-02 -1.380475e+01
1.580197e+01 1.586261e-02 -1.340920e+01
1.580197e+01 1.712846e-02 -1.291769e+01
1.580197e+01 1.849533e-02 -1.233796e+01
1.580197e+01 1.997127e-02 -1.168674e+01
1.580197e+01 2.156500e-02 -1.098639e+01
1.580197e+01 2.328591e-02 -1.025852e+01
1.580197e+01 2.514415e-02 -9.532805e+00
1.580197e+01 2.715068e-02 -8.840928e+00
1.580197e+01 2.931733e-02 -8.206671e+00
1.580197e+01 3.165689e-02 -7.647468e+00
1.580197e+01 3.418314e-02 -7.173804e+00
1.580197e+01 3.691099e-02 -6.778358e+00
1.580197e+01 3.985652e-02 -6.437184e+00
1.580197e+01 4.303711e-02 -6.110100e+00
1.580197e+01 4.647152e-02 -5.748330e+00
1.580197e+01 5.017999e-02 -5.310404e+00
1.580197e+01 5.418441e-02 -4.896580e+00
1.580197e+01 5.850838e-02 -4.628813e+00
1.580197e+01 6.317741e-02 -4.339678e+00
1.580197e+01 6.821903e-02 -4.027471e+00
1.580197e+01 7.366298e-02 -3.694140e+00
1.580197e+01 7.954136e-02 -3.372934e+00
1.580197e+01 8.588885e-02 -3.026095e+00
1.580197e+01 9.274286e-02 -2.651578e+00
1.580197e+01 1.001438e-01 -2.247174e+00
1.580197e+01 1.081354e-01 -1.998998e+00
1.580197e+01 1.167647e-01 -1.820950e+00
1.580197e+01 1.260827e-01 -1.628694e+00
1.580197e+01 1.361442e-01 -1.421096e+00
1.580197e+01 1.470087e-01 -1.221270e+00
1.580197e+01 1.587401e-01 -1.109174e+00
1.580197e+01 1.714077e-01 -9.881329e-01
1.580197e+01 1.850862e-01 -8.574322e-01
1.580197e+01 1.998563e-01 -7.163015e-01
1.580197e+01 2.158051e-01 -6.372256e-01
1.580197e+01 2.330265e-01 -5.664839e-01
1.580197e+01 2.516223e-01 -4.900970e-01
1.580197e+01 2.717020e-01 -4.076143e-01
1.580197e+01 2.933841e-01 -3.439868e-01
1.580197e+01 3.167964e-01 -3.076112e-01
1.580197e+01 3.420771e-01 -2.683327e-01
1.580197e+01 3.693752e-01 -2.259197e-01
1.580197e+01 3.988518e-01 -1.821599e-01
1.580197e+01 4.306805e-01 -1.634919e-01
1.580197e+01 4.650493e-01 -1.433341e-01
1.580197e+01 5.021607e-01 -1.215677e-01
1.580197e+01 5.422336e-01 -9.806425e-02
1.580197e+01 5.855044e-01 -8.405100e-02
1.580197e+01 6.322283e-01 -7.421600e-02
1.580197e+01 6.826808e-01 -6.359616e-02
1.580197e+01 7.371594e-01 -5.212884e-02
1.580197e+01 7.959855e-01 -4.228136e-02
1.580197e+01 8.595059e-01 -3.761293e-02
1.580197e+01 9.280954e-01 -3.257196e-02
1.580197e+01 1.002158e+00 -2.712871e-02
1.580197e+01 1.082132e+00 -2.125109e-02
1.580197e+01 1.168487e+00 -1.876701e-02
1.580197e+01 1.261733e+00 -1.641368e-02
1.580197e+01 1.362421e+00 -1.387255e-02
1.580197e+01 1.471144e+00 -1.112863e-02
1.580197e+01 1.588542e+00 -9.198893e-03
1.580197e+01 1.715310e+00 -8.019727e-03
1.580197e+01 1.852193e+00 -6.746462e-03
1.580197e+01 2.000000e+00 -5.371590e-03
1.613801e+01 1.000000e-03 -2.450238e+00
1.613801e+01 1.079801e-03 -2.628913e+00
1.613801e+01 1.165970e-03 -2.819071e+00
1.613801e+01 1.259016e-03 -3.021130e+00
1.613801e+01 1.359487e-03 -3.235458e+00
1.613801e+01 1.467975e-03 -3.462372e+00
1.613801e+01 1.585121e-03 -3.702127e+00
1.613801e+01 1.711615e-03 -3.954899e+00
1.613801e+01 1.848204e-03 -4.220780e+00
1.613801e+01 1.995693e-03 -4.499769e+00
1.613801e+01 2.154951e-03 -4.791760e+00
1.613801e+01 2.326918e-03 -5.096525e+00
1.613801e+01 2.512609e-03 -5.413672e+00
1.613801e+01 2.713117e-03 -5.742625e+00
1.613801e+01 2.929627e-03 -6.082631e+00
1.613801e+01 3.163414e-03 -6.432644e+00
1.613801e+01 3.415858e-03 -6.791303e+00
1.613801e+01 3.688447e-03 -7.156984e+00
1.613801e+01 3.982789e-03 -7.527705e+00
1.613801e+01 4.300619e-03 -7.901113e+00
1.613801e+01 4.643813e-03 -8.274537e+00
1.613801e+01 5.014394e-03 -8.644811e+00
1.613801e+01 5.414548e-03 -9.008278e+00
1.613801e+01 5.846635e-03 -9.360938e+00
1.613801e+01 6.313202e-03 -9.698181e+00
1.613801e+01 6.817002e-03 -1.001484e+01
1.613801e+01 7.361006e-03 -1.030547e+01
1.613801e+01 7.948422e-03 -1.056399e+01
1.613801e+01 8.582714e-03 -1.078378e+01
1.613801e+01 9.267624e-03 -1.095827e+01
1.613801e+01 1.000719e-02 -1.108048e+01
1.613801e+01 1.080577e-02 -1.114337e+01
1.613801e+01 1.166809e-02 -1.114062e+01
1.613801e+01 1.259921e-02 -1.106662e+01
1.613801e+01 1.360464e-02 -1.091680e+01
1.613801e+01 1.469030e-02 -1.068849e+01
1.613801e+01 1.586261e-02 -1.038224e+01
1.613801e+01 1.712846e-02 -1.000169e+01
1.613801e+01 1.849533e-02 -9.552830e+00
1.613801e+01 1.997127e-02 -9.048614e+00
1.613801e+01 2.156500e-02 -8.506364e+00
1.613801e+01 2.328591e-02 -7.942803e+00
1.613801e+01 2.514415e-02 -7.380910e+00
1.613801e+01 2.715068e-02 -6.845216e+00
1.613801e+01 2.931733e-02 -6.354134e+00
1.613801e+01 3.165689e-02 -5.921163e+00
1.613801e+01 3.418314e-02 -5.554422e+00
1.613801e+01 3.691099e-02 -5.248243e+00
1.613801e+01 3.985652e-02 -4.984084e+00
1.613801e+01 4.303711e-02 -4.730834e+00
1.613801e+01 4.647152e-02 -4.450728e+00
1.613801e+01 5.017999e-02 -4.111658e+00
1.613801e+01 5.418441e-02 -3.792063e+00
1.613801e+01 5.850838e-02 -3.587007e+00
1.613801e+01 6.317741e-02 -3.365587e+00
1.613801e+01 6.821903e-02 -3.126499e+00
1.613801e+01 7.366298e-02 -2.870919e+00
1.613801e+01 7.954136e-02 -2.621375e+00
1.613801e+01 8.588885e-02 -2.351917e+00
1.613801e+01 9.274286e-02 -2.060957e+00
1.613801e+01 1.001438e-01 -1.746777e+00
1.613801e+01 1.081354e-01 -1.554256e+00
1.613801e+01 1.167647e-01 -1.416377e+00
1.613801e+01 1.260827e-01 -1.267495e+00
1.613801e+01 1.361442e-01 -1.106732e+00
1.613801e+01 1.470087e-01 -9.518696e-01
1.613801e+01 1.587401e-01 -8.644316e-01
1.613801e+01 1.714077e-01 -7.700160e-01
1.613801e+01 1.850862e-01 -6.680659e-01
1.613801e+01 1.998563e-01 -5.579800e-01
1.613801e+01 2.158051e-01 -4.964508e-01
1.613801e+01 2.330265e-01 -4.414651e-01
1.613801e+01 2.516223e-01 -3.820915e-01
1.613801e+01 2.717020e-01 -3.179798e-01
1.613801e+01 2.933841e-01 -2.684424e-01
1.613801e+01 3.167964e-01 -2.399772e-01
1.613801e+01 3.420771e-01 -2.092404e-01
1.613801e+01 3.693752e-01 -1.760508e-01
1.613801e+01 3.988518e-01 -1.418215e-01
1.613801e+01 4.306805e-01 -1.274275e-01
1.613801e+01 4.650493e-01 -1.118848e-01
1.613801e+01 5.021607e-01 -9.510180e-02
1.613801e+01 5.422336e-01 -7.697949e-02
1.613801e+01 5.855044e-01 -6.611838e-02
1.613801e+01 6.322283e-01 -5.844825e-02
1.613801e+01 6.826808e-01 -5.016603e-02
1.613801e+01 7.371594e-01 -4.122289e-02
1.613801e+01 7.959855e-01 -3.353745e-02
1.613801e+01 8.595059e-01 -2.987747e-02
1.613801e+01 9.280954e-01 -2.592542e-02
1.613801e+01 1.002158e+00 -2.165799e-02
1.613801e+01 1.082132e+00 -1.705002e-02
1.613801e+01 1.168487e+00 -1.508853e-02
1.613801e+01 1.261733e+00 -1.322724e-02
1.613801e+01 1.362421e+00 -1.121742e-02
1.613801e+01 1.471144e+00 -9.047210e-03
1.613801e+01 1.588542e+00 -7.510896e-03
1.613801e+01 1.715310e+00 -6.558613e-03
1.613801e+01 1.852193e+00 -5.530337e-03
1.613801e+01 2.000000e+00 -4.420004e-03
1.648077e+01 1.000000e-03 -1.895718e+00
1.648077e+01 1.079801e-03 -2.033999e+00
1.648077e+01 1.165970e-03 -2.181175e+00
1.648077e+01 1.259016e-03 -2.337569e+00
1.648077e+01 1.359487e-03 -2.503465e+00
1.648077e+01 1.467975e-03 -2.679112e+00
1.648077e+01 1.585121e-03 -2.864705e+00
1.648077e+01 1.711615e-03 -3.060377e+00
1.648077e+01 1.848204e-03 -3.266201e+00
1.648077e+01 1.995693e-03 -3.482171e+00
1.648077e+01 2.154951e-03 -3.708205e+00
1.648077e+01 2.326918e-03 -3.944121e+00
1.648077e+01 2.512609e-03 -4.189615e+00
1.648077e+01 2.713117e-03 -4.444244e+00
1.648077e+01 2.929627e-03 -4.707424e+00
1.648077e+01 3.163414e-03 -4.978347e+00
1.648077e+01 3.415858e-03 -5.255961e+00
1.648077e+01 3.688447e-03 -5.539011e+00
1.648077e+01 3.982789e-03 -5.825963e+00
1.648077e+01 4.300619e-03 -6.114993e+00
1.648077e+01 4.643813e-03 -6.404033e+00
1.648077e+01 5.014394e-03 -6.690632e+00
1.648077e+01 5.414548e-03 -6.971960e+00
1.648077e+01 5.846635e-03 -7.244923e+00
1.648077e+01 6.313202e-03 -7.505954e+00
1.648077e+01 6.817002e-03 -7.751052e+00
1.648077e+01 7.361006e-03 -7.976008e+00
1.648077e+01 7.948422e-03 -8.176104e+00
1.648077e+01 8.582714e-03 -8.346226e+00
1.648077e+01 9.267624e-03 -8.481281e+00
1.648077e+01 1.000719e-02 -8.575878e+00
1.648077e+01 1.080577e-02 -8.624560e+00
1.648077e+01 1.166809e-02 -8.622445e+00
1.648077e+01 1.259921e-02 -8.565173e+00
1.648077e+01 1.360464e-02 -8.449227e+00
1.648077e+01 1.469030e-02 -8.272529e+00
1.648077e+01 1.586261e-02 -8.035509e+00
1.648077e+01 1.712846e-02 -7.740977e+00
1.648077e+01 1.849533e-02 -7.393580e+00
1.648077e+01 1.997127e-02 -7.003336e+00
1.648077e+01 2.156500e-02 -6.583654e+00
1.648077e+01 2.328591e-02 -6.147477e+00
1.648077e+01 2.514415e-02 -5.712592e+00
1.648077e+01 2.715068e-02 -5.297982e+00
1.648077e+01 2.931733e-02 -4.917901e+00
1.648077e+01 3.165689e-02 -4.582795e+00
1.648077e+01 3.418314e-02 -4.298950e+00
1.648077e+01 3.691099e-02 -4.061976e+00
1.648077e+01 3.985652e-02 -3.857525e+00
1.648077e+01 4.303711e-02 -3.661518e+00
1.648077e+01 4.647152e-02 -3.444725e+00
1.648077e+01 5.017999e-02 -3.182295e+00
1.648077e+01 5.418441e-02 -2.935539e+00
1.648077e+01 5.850838e-02 -2.778504e+00
1.648077e+01 6.317741e-02 -2.608938e+00
1.648077e+01 6.821903e-02 -2.425840e+00
1.648077e+01 7.366298e-02 -2.229790e+00
1.648077e+01 7.954136e-02 -2.035039e+00
1.648077e+01 8.588885e-02 -1.824746e+00
1.648077e+01 9.274286e-02 -1.597672e+00
1.648077e+01 1.001438e-01 -1.352478e+00
1.648077e+01 1.081354e-01 -1.203094e+00
1.648077e+01 1.167647e-01 -1.096836e+00
1.648077e+01 1.260827e-01 -9.820980e-01
1.648077e+01 1.361442e-01 -8.582042e-01
1.648077e+01 1.470087e-01 -7.388836e-01
1.648077e+01 1.587401e-01 -6.716384e-01
1.648077e+01 1.714077e-01 -5.990269e-01
1.648077e+01 1.850862e-01 -5.206210e-01
1.648077e+01 1.998563e-01 -4.359582e-01
1.648077e+01 2.158051e-01 -3.879150e-01
1.648077e+01 2.330265e-01 -3.447019e-01
1.648077e+01 2.516223e-01 -2.980403e-01
1.648077e+01 2.717020e-01 -2.476551e-01
1.648077e+01 2.933841e-01 -2.088516e-01
1.648077e+01 3.167964e-01 -1.867812e-01
1.648077e+01 3.420771e-01 -1.629496e-01
1.648077e+01 3.693752e-01 -1.372162e-01
1.648077e+01 3.988518e-01 -1.106769e-01
1.648077e+01 4.306805e-01 -9.952171e-02
1.648077e+01 4.650493e-01 -8.747628e-02
1.648077e+01 5.021607e-01 -7.446961e-02
1.648077e+01 5.422336e-01 -6.042499e-02
1.648077e+01 5.855044e-01 -5.197024e-02
1.648077e+01 6.322283e-01 -4.596800e-02
1.648077e+01 6.826808e-01 -3.948677e-02
1.648077e+01 7.371594e-01 -3.248833e-02
1.648077e+01 7.959855e-01 -2.647691e-02
1.648077e+01 8.595059e-01 -2.362244e-02
1.648077e+01 9.280954e-01 -2.054018e-02
1.648077e+01 1.002158e+00 -1.721195e-02
1.648077e+01 1.082132e+00 -1.361813e-02
1.648077e+01 1.168487e+00 -1.207529e-02
1.648077e+01 1.261733e+00 -1.060843e-02
1.648077e+01 1.362421e+00 -9.024525e-03
1.648077e+01 1.471144e+00 -7.314216e-03
1.648077e+01 1.588542e+00 -6.094560e-03
1.648077e+01 1.715310e+00 -5.326656e-03
1.648077e+01 1.852193e+00 -4.497472e-03
1.648077e+01 2.000000e+00 -3.602118e-03
1.683038e+01 1.000000e-03 -1.453299e+00
1.683038e+01 1.079801e-03 -1.559342e+00
1.683038e+01 1.165970e-03 -1.672210e+00
1.683038e+01 1.259016e-03 -1.792155e+00
1.683038e+01 1.359487e-03 -1.919393e+00
1.683038e+01 1.467975e-03 -2.054114e+00
1.683038e+01 1.585121e-03 -2.196469e+00
1.683038e+01 1.711615e-03 -2.346560e+00
1.683038e+01 1.848204e-03 -2.504439e+00
1.683038e+01 1.995693e-03 -2.670102e+00
1.683038e+01 2.154951e-03 -2.843481e+00
1.683038e+01 2.326918e-03 -3.024438e+00
1.683038e+01 2.512609e-03 -3.212736e+00
1.683038e+01 2.713117e-03 -3.408036e+00
1.683038e+01 2.929627e-03 -3.609892e+00
1.683038e+01 3.163414e-03 -3.817685e+00
1.683038e+01 3.415858e-03 -4.030608e+00
1.683038e+01 3.688447e-03 -4.247701e+00
1.683038e+01 3.982789e-03 -4.467786e+00
1.683038e+01 4.300619e-03 -4.689465e+00
1.683038e+01 4.643813e-03 -4.911149e+00
1.683038e+01 5.014394e-03 -5.130959e+00
1.683038e+01 5.414548e-03 -5.346725e+00
1.683038e+01 5.846635e-03 -5.556076e+00
1.683038e+01 6.313202e-03 -5.756275e+00
1.683038e+01 6.817002e-03 -5.944254e+00
1.683038e+01 7.361006e-03 -6.116786e+00
1.683038e+01 7.948422e-03 -6.270251e+00
1.683038e+01 8.582714e-03 -6.400727e+00
1.683038e+01 9.267624e-03 -6.504310e+00
1.683038e+01 1.000719e-02 -6.576865e+00
1.683038e+01 1.080577e-02 -6.614207e+00
1.683038e+01 1.166809e-02 -6.612591e+00
1.683038e+01 1.259921e-02 -6.568673e+00
1.683038e+01 1.360464e-02 -6.479758e+00
1.683038e+01 1.469030e-02 -6.344252e+00
1.683038e+01 1.586261e-02 -6.162484e+00
1.683038e+01 1.712846e-02 -5.936610e+00
1.683038e+01 1.849533e-02 -5.670191e+00
1.683038e+01 1.997127e-02 -5.370913e+00
1.683038e+01 2.156500e-02 -5.049057e+00
1.683038e+01 2.328591e-02 -4.714551e+00
1.683038e+01 2.514415e-02 -4.381035e+00
1.683038e+01 2.715068e-02 -4.063068e+00
1.683038e+01 2.931733e-02 -3.771581e+00
1.683038e+01 3.165689e-02 -3.514586e+00
1.683038e+01 3.418314e-02 -3.296903e+00
1.683038e+01 3.691099e-02 -3.115166e+00
1.683038e+01 3.985652e-02 -2.958370e+00
1.683038e+01 4.303711e-02 -2.808050e+00
1.683038e+01 4.647152e-02 -2.641790e+00
1.683038e+01 5.017999e-02 -2.440531e+00
1.683038e+01 5.418441e-02 -2.251028e+00
1.683038e+01 5.850838e-02 -2.129864e+00
1.683038e+01 6.317741e-02 -1.999030e+00
1.683038e+01 6.821903e-02 -1.857756e+00
1.683038e+01 7.366298e-02 -1.706589e+00
1.683038e+01 7.954136e-02 -1.557461e+00
1.683038e+01 8.588885e-02 -1.396432e+00
1.683038e+01 9.274286e-02 -1.222552e+00
1.683038e+01 1.001438e-01 -1.034797e+00
1.683038e+01 1.081354e-01 -9.210546e-01
1.683038e+01 1.167647e-01 -8.406947e-01
1.683038e+01 1.260827e-01 -7.539221e-01
1.683038e+01 1.361442e-01 -6.602250e-01
1.683038e+01 1.470087e-01 -5.697923e-01
1.683038e+01 1.587401e-01 -5.179003e-01
1.683038e+01 1.714077e-01 -4.618672e-01
1.683038e+01 1.850862e-01 -4.013626e-01
1.683038e+01 1.998563e-01 -3.360297e-01
1.683038e+01 2.158051e-01 -2.990007e-01
1.683038e+01 2.330265e-01 -2.657117e-01
1.683038e+01 2.516223e-01 -2.297661e-01
1.683038e+01 2.717020e-01 -1.909521e-01
1.683038e+01 2.933841e-01 -1.610624e-01
1.683038e+01 3.167964e-01 -1.440664e-01
1.683038e+01 3.420771e-01 -1.257141e-01
1.683038e+01 3.693752e-01 -1.058973e-01
1.683038e+01 3.988518e-01 -8.546169e-02
1.683038e+01 4.306805e-01 -7.689738e-02
1.683038e+01 4.650493e-01 -6.764962e-02
1.683038e+01 5.021607e-01 -5.766388e-02
1.683038e+01 5.422336e-01 -4.688128e-02
1.683038e+01 5.855044e-01 -4.037607e-02
1.683038e+01 6.322283e-01 -3.574604e-02
1.683038e+01 6.826808e-01 -3.074652e-02
1.683038e+01 7.371594e-01 -2.534804e-02
1.683038e+01 7.959855e-01 -2.070978e-02
1.683038e+01 8.595059e-01 -1.850395e-02
1.683038e+01 9.280954e-01 -1.612210e-02
1.683038e+01 1.002158e+00 -1.355017e-02
1.683038e+01 1.082132e+00 -1.077301e-02
1.683038e+01 1.168487e+00 -9.568138e-03
1.683038e+01 1.261733e+00 -8.419908e-03
1.683038e+01 1.362421e+00 -7.180048e-03
1.683038e+01 1.471144e+00 -5.841247e-03
1.683038e+01 1.588542e+00 -4.881378e-03
1.683038e+01 1.715310e+00 -4.270222e-03
1.683038e+01 1.852193e+00 -3.610296e-03
1.683038e+01 2.000000e+00 -2.897707e-03
1.718699e+01 1.000000e-03 -1.107632e+00
1.718699e+01 1.079801e-03 -1.188478e+00
1.718699e+01 1.165970e-03 -1.274532e+00
1.718699e+01 1.259016e-03 -1.365985e+00
1.718699e+01 1.359487e-03 -1.463005e+00
1.718699e+01 1.467975e-03 -1.565735e+00
1.718699e+01 1.585121e-03 -1.674289e+00
1.718699e+01 1.711615e-03 -1.788746e+00
1.718699e+01 1.848204e-03 -1.909143e+00
1.718699e+01 1.995693e-03 -2.035478e+00
1.718699e+01 2.154951e-03 -2.167696e+00
1.718699e+01 2.326918e-03 -2.305689e+00
1.718699e+01 2.512609e-03 -2.449277e+00
1.718699e+01 2.713117e-03 -2.598200e+00
1.718699e+01 2.929627e-03 -2.752121e+00
1.718699e+01 3.163414e-03 -2.910566e+00
1.718699e+01 3.415858e-03 -3.072922e+00
1.718699e+01 3.688447e-03 -3.238458e+00
1.718699e+01 3.982789e-03 -3.406276e+00
1.718699e+01 4.300619e-03 -3.575309e+00
1.718699e+01 4.643813e-03 -3.744344e+00
1.718699e+01 5.014394e-03 -3.911948e+00
1.718699e+01 5.414548e-03 -4.076468e+00
1.718699e+01 5.846635e-03 -4.236096e+00
1.718699e+01 6.313202e-03 -4.388746e+00
1.718699e+01 6.817002e-03 -4.532078e+00
1.718699e+01 7.361006e-03 -4.663632e+00
1.718699e+01 7.948422e-03 -4.780648e+00
1.718699e+01 8.582714e-03 -4.880135e+00
1.718699e+01 9.267624e-03 -4.959118e+00
1.718699e+01 1.000719e-02 -5.014443e+00
1.718699e+01 1.080577e-02 -5.042920e+00
1.718699e+01 1.166809e-02 -5.041692e+00
1.718699e+01 1.259921e-02 -5.008212e+00
1.718699e+01 1.360464e-02 -4.940423e+00
1.718699e+01 1.469030e-02 -4.837111e+00
1.718699e+01 1.586261e-02 -4.698528e+00
1.718699e+01 1.712846e-02 -4.526315e+00
1.718699e+01 1.849533e-02 -4.323189e+00
1.718699e+01 1.997127e-02 -4.095009e+00
1.718699e+01 2.156500e-02 -3.849614e+00
1.718699e+01 2.328591e-02 -3.594574e+00
1.718699e+01 2.514415e-02 -3.340288e+00
1.718699e+01 2.715068e-02 -3.097857e+00
1.718699e+01 2.931733e-02 -2.875615e+00
1.718699e+01 3.165689e-02 -2.679671e+00
1.718699e+01 3.418314e-02 -2.513700e+00
1.718699e+01 3.691099e-02 -2.375136e+00
1.718699e+01 3.985652e-02 -2.255589e+00
1.718699e+01 4.303711e-02 -2.140978e+00
1.718699e+01 4.647152e-02 -2.014214e+00
1.718699e+01 5.017999e-02 -1.860765e+00
1.718699e+01 5.418441e-02 -1.714364e+00
1.718699e+01 5.850838e-02 -1.616647e+00
1.718699e+01 6.317741e-02 -1.511132e+00
1.718699e+01 6.821903e-02 -1.397196e+00
1.718699e+01 7.366298e-02 -1.275997e+00
1.718699e+01 7.954136e-02 -1.163791e+00
1.718699e+01 8.588885e-02 -1.042632e+00
1.718699e+01 9.274286e-02 -9.118036e-01
1.718699e+01 1.001438e-01 -7.705351e-01
1.718699e+01 1.081354e-01 -6.862923e-01
1.718699e+01 1.167647e-01 -6.279124e-01
1.718699e+01 1.260827e-01 -5.648738e-01
1.718699e+01 1.361442e-01 -4.968047e-01
1.718699e+01 1.470087e-01 -4.308893e-01
1.718699e+01 1.587401e-01 -3.920278e-01
1.718699e+01 1.714077e-01 -3.500651e-01
1.718699e+01 1.850862e-01 -3.047537e-01
1.718699e+01 1.998563e-01 -2.558265e-01
1.718699e+01 2.158051e-01 -2.276262e-01
1.718699e+01 2.330265e-01 -2.020954e-01
1.718699e+01 2.516223e-01 -1.745273e-01
1.718699e+01 2.717020e-01 -1.447592e-01
1.718699e+01 2.933841e-01 -1.219561e-01
1.718699e+01 3.167964e-01 -1.092044e-01
1.718699e+01 3.420771e-01 -9.543504e-02
1.718699e+01 3.693752e-01 -8.056690e-02
1.718699e+01 3.988518e-01 -6.522712e-02
1.718699e+01 4.306805e-01 -5.869020e-02
1.718699e+01 4.650493e-01 -5.163162e-02
1.718699e+01 5.021607e-01 -4.400977e-02
1.718699e+01 5.422336e-01 -3.577968e-02
1.718699e+01 5.855044e-01 -3.083801e-02
1.718699e+01 6.322283e-01 -2.734048e-02
1.718699e+01 6.826808e-01 -2.356384e-02
1.718699e+01 7.371594e-01 -1.948583e-02
1.718699e+01 7.959855e-01 -1.597478e-02
1.718699e+01 8.595059e-01 -1.428344e-02
1.718699e+01 9.280954e-01 -1.245713e-02
1.718699e+01 1.002158e+00 -1.048507e-02
1.718699e+01 1.082132e+00 -8.355645e-03
1.718699e+01 1.168487e+00 -7.432133e-03
1.718699e+01 1.261733e+00 -6.552104e-03
1.718699e+01 1.362421e+00 -5.601849e-03
1.718699e+01 1.471144e+00 -4.575762e-03
1.718699e+01 1.588542e+00 -3.836826e-03
1.718699e+01 1.715310e+00 -3.362028e-03
1.718699e+01 1.852193e+00 -2.849340e-03
1.718699e+01 2.000000e+00 -2.295739e-03
1.755073e+01 1.000000e-03 -8.300232e-01
1.755073e+01 1.079801e-03 -8.906257e-01
1.755073e+01 1.165970e-03 -9.551356e-01
1.755073e+01 1.259016e-03 -1.023696e+00
1.755073e+01 1.359487e-03 -1.096433e+00
1.755073e+01 1.467975e-03 -1.173455e+00
1.755073e+01 1.585121e-03 -1.254847e+00
1.755073e+01 1.711615e-03 -1.340667e+00
1.755073e+01 1.848204e-03 -1.430943e+00
1.755073e+01 1.995693e-03 -1.525671e+00
1.755073e+01 2.154951e-03 -1.624810e+00
1.755073e+01 2.326918e-03 -1.728277e+00
1.755073e+01 2.512609e-03 -1.835936e+00
1.755073e+01 2.713117e-03 -1.947594e+00
1.755073e+01 2.929627e-03 -2.062995e+00
1.755073e+01 3.163414e-03 -2.181788e+00
1.755073e+01 3.415858e-03 -2.303511e+00
1.755073e+01 3.688447e-03 -2.427619e+00
1.755073e+01 3.982789e-03 -2.553438e+00
1.755073e+01 4.300619e-03 -2.680167e+00
1.755073e+01 4.643813e-03 -2.806897e+00
1.755073e+01 5.014394e-03 -2.932553e+00
1.755073e+01 5.414548e-03 -3.055895e+00
1.755073e+01 5.846635e-03 -3.175570e+00
1.755073e+01 6.313202e-03 -3.290014e+00
1.755073e+01 6.817002e-03 -3.397472e+00
1.755073e+01 7.361006e-03 -3.496100e+00
1.755073e+01 7.948422e-03 -3.583829e+00
1.755073e+01 8.582714e-03 -3.658416e+00
1.755073e+01 9.267624e-03 -3.717631e+00
1.755073e+01 1.000719e-02 -3.759111e+00
1.755073e+01 1.080577e-02 -3.780463e+00
1.755073e+01 1.166809e-02 -3.779547e+00
1.755073e+01 1.259921e-02 -3.754451e+00
1.755073e+01 1.360464e-02 -3.703636e+00
1.755073e+01 1.469030e-02 -3.626190e+00
1.755073e+01 1.586261e-02 -3.522302e+00
1.755073e+01 1.712846e-02 -3.393203e+00
1.755073e+01 1.849533e-02 -3.240929e+00
1.755073e+01 1.997127e-02 -3.069872e+00
1.755073e+01 2.156500e-02 -2.885910e+00
1.755073e+01 2.328591e-02 -2.694717e+00
1.755073e+01 2.514415e-02 -2.504089e+00
1.755073e+01 2.715068e-02 -2.322348e+00
1.755073e+01 2.931733e-02 -2.155742e+00
1.755073e+01 3.165689e-02 -2.008851e+00
1.755073e+01 3.418314e-02 -1.884428e+00
1.755073e+01 3.691099e-02 -1.780552e+00
1.755073e+01 3.985652e-02 -1.690932e+00
1.755073e+01 4.303711e-02 -1.605012e+00
1.755073e+01 4.647152e-02 -1.509982e+00
1.755073e+01 5.017999e-02 -1.394947e+00
1.755073e+01 5.418441e-02 -1.284286e+00
1.755073e+01 5.850838e-02 -1.208499e+00
1.755073e+01 6.317741e-02 -1.126664e+00
1.755073e+01 6.821903e-02 -1.038298e+00
1.755073e+01 7.366298e-02 -9.445820e-01
1.755073e+01 7.954136e-02 -8.607561e-01
1.755073e+01 8.588885e-02 -7.702408e-01
1.755073e+01 9.274286e-02 -6.725023e-01
1.755073e+01 1.001438e-01 -5.669641e-01
1.755073e+01 1.081354e-01 -5.051989e-01
1.755073e+01 1.167647e-01 -4.634069e-01
1.755073e+01 1.260827e-01 -4.182800e-01
1.755073e+01 1.361442e-01 -3.695518e-01
1.755073e+01 1.470087e-01 -3.220852e-01
1.755073e+01 1.587401e-01 -2.927690e-01
1.755073e+01 1.714077e-01 -2.611134e-01
1.755073e+01 1.850862e-01 -2.269315e-01
1.755073e+01 1.998563e-01 -1.900220e-01
1.755073e+01 2.158051e-01 -1.691836e-01
1.755073e+01 2.330265e-01 -1.504807e-01
1.755073e+01 2.516223e-01 -1.302853e-01
1.755073e+01 2.717020e-01 -1.084783e-01
1.755073e+01 2.933841e-01 -9.165909e-02
1.755073e+01 3.167964e-01 -8.204851e-02
1.755073e+01 3.420771e-01 -7.167101e-02
1.755073e+01 3.693752e-01 -6.046536e-02
1.755073e+01 3.988518e-01 -4.890634e-02
1.755073e+01 4.306805e-01 -4.401113e-02
1.755073e+01 4.650493e-01 -3.872527e-02
1.755073e+01 5.021607e-01 -3.301760e-02
1.755073e+01 5.422336e-01 -2.685444e-02
1.755073e+01 5.855044e-01 -2.316691e-02
1.755073e+01 6.322283e-01 -2.056797e-02
1.755073e+01 6.826808e-01 -1.776163e-02
1.755073e+01 7.371594e-01 -1.473134e-02
1.755073e+01 7.959855e-01 -1.211781e-02
1.755073e+01 8.595059e-01 -1.084543e-02
1.755073e+01 9.280954e-01 -9.471499e-03
1.755073e+01 1.002158e+00 -7.987932e-03
1.755073e+01 1.082132e+00 -6.385974e-03
1.755073e+01 1.168487e+00 -5.688085e-03
1.755073e+01 1.261733e+00 -5.022391e-03
1.755073e+01 1.362421e+00 -4.303574e-03
1.755073e+01 1.471144e+00 -3.527395e-03
1.755073e+01 1.588542e+00 -2.965672e-03
1.755073e+01 1.715310e+00 -2.601117e-03
1.755073e+01 1.852193e+00 -2.207470e-03
1.755073e+01 2.000000e+00 -1.782410e-03
1.792175e+01 1.000000e-03 -6.046453e-01
1.792175e+01 1.079801e-03 -6.488064e-01
1.792175e+01 1.165970e-03 -6.958171e-01
1.792175e+01 1.259016e-03 -7.457826e-01
1.792175e+01 1.359487e-03 -7.987942e-01
1.792175e+01 1.467975e-03 -8.549313e-01
1.792175e+01 1.585121e-03 -9.142561e-01
1.792175e+01 1.711615e-03 -9.768100e-01
1.792175e+01 1.848204e-03 -1.042613e+00
1.792175e+01 1.995693e-03 -1.111662e+00
1.792175e+01 2.154951e-03 -1.183926e+00
1.792175e+01 2.326918e-03 -1.259344e+00
1.792175e+01 2.512609e-03 -1.337815e+00
1.792175e+01 2.713117e-03 -1.419198e+00
1.792175e+01 2.929627e-03 -1.503308e+00
1.792175e+01 3.163414e-03 -1.589888e+00
1.792175e+01 3.415858e-03 -1.678605e+00
1.792175e+01 3.688447e-03 -1.769058e+00
1.792175e+01 3.982789e-03 -1.860760e+00
1.792175e+01 4.300619e-03 -1.953125e+00
1.792175e+01 4.643813e-03 -2.045489e+00
1.792175e+01 5.014394e-03 -2.137069e+00
1.792175e+01 5.414548e-03 -2.226962e+00
1.792175e+01 5.846635e-03 -2.314183e+00
1.792175e+01 6.313202e-03 -2.397591e+00
1.792175e+01 6.817002e-03 -2.475908e+00
1.792175e+01 7.361006e-03 -2.547790e+00
1.792175e+01 7.948422e-03 -2.611727e+00
1.792175e+01 8.582714e-03 -2.666088e+00
1.792175e+01 9.267624e-03 -2.709245e+00
1.792175e+01 1.000719e-02 -2.739478e+00
1.792175e+01 1.080577e-02 -2.755042e+00
1.792175e+01 1.166809e-02 -2.754377e+00
1.792175e+01 1.259921e-02 -2.736091e+00
1.792175e+01 1.360464e-02 -2.699062e+00
1.792175e+01 1.469030e-02 -2.642624e+00
1.792175e+01 1.586261e-02 -2.566916e+00
1.792175e+01 1.712846e-02 -2.472835e+00
1.792175e+01 1.849533e-02 -2.361865e+00
1.792175e+01 1.997127e-02 -2.237207e+00
1.792175e+01 2.156500e-02 -2.103143e+00
1.792175e+01 2.328591e-02 -1.963810e+00
1.792175e+01 2.514415e-02 -1.824887e+00
1.792175e+01 2.715068e-02 -1.692442e+00
1.792175e+01 2.931733e-02 -1.571026e+00
1.792175e+01 3.165689e-02 -1.463977e+00
1.792175e+01 3.418314e-02 -1.373302e+00
1.792175e+01 3.691099e-02 -1.297601e+00
1.792175e+01 3.985652e-02 -1.232289e+00
1.792175e+01 4.303711e-02 -1.169674e+00
1.792175e+01 4.647152e-02 -1.100420e+00
1.792175e+01 5.017999e-02 -1.016587e+00
1.792175e+01 5.418441e-02 -9.368309e-01
1.792175e+01 5.850838e-02 -8.840782e-01
1.792175e+01 6.317741e-02 -8.271157e-01
1.792175e+01 6.821903e-02 -7.656076e-01
1.792175e+01 7.366298e-02 -7.000135e-01
1.792175e+01 7.954136e-02 -6.375826e-01
1.792175e+01 8.588885e-02 -5.701696e-01
1.792175e+01 9.274286e-02 -4.973770e-01
1.792175e+01 1.001438e-01 -4.187755e-01
1.792175e+01 1.081354e-01 -3.729437e-01
1.792175e+01 1.167647e-01 -3.420815e-01
1.792175e+01 1.260827e-01 -3.087564e-01
1.792175e+01 1.361442e-01 -2.727720e-01
1.792175e+01 1.470087e-01 -2.377680e-01
1.792175e+01 1.587401e-01 -2.163793e-01
1.792175e+01 1.714077e-01 -1.932838e-01
1.792175e+01 1.850862e-01 -1.683452e-01
1.792175e+01 1.998563e-01 -1.414165e-01
1.792175e+01 2.158051e-01 -1.258848e-01
1.792175e+01 2.330265e-01 -1.118194e-01
1.792175e+01 2.516223e-01 -9.663162e-02
1.792175e+01 2.717020e-01 -8.023180e-02
1.792175e+01 2.933841e-01 -6.766500e-02
1.792175e+01 3.167964e-01 -6.063018e-02
1.792175e+01 3.420771e-01 -5.303398e-02
1.792175e+01 3.693752e-01 -4.483159e-02
1.792175e+01 3.988518e-01 -3.636706e-02
1.792175e+01 4.306805e-01 -3.273136e-02
1.792175e+01 4.650493e-01 -2.880552e-02
1.792175e+01 5.021607e-01 -2.456640e-02
1.792175e+01 5.422336e-01 -1.998899e-02
1.792175e+01 5.855044e-01 -1.726051e-02
1.792175e+01 6.322283e-01 -1.534614e-02
1.792175e+01 6.826808e-01 -1.327900e-02
1.792175e+01 7.371594e-01 -1.104690e-02
1.792175e+01 7.959855e-01 -9.117491e-03
1.792175e+01 8.595059e-01 -8.165521e-03
1.792175e+01 9.280954e-01 -7.137582e-03
1.792175e+01 1.002158e+00 -6.027613e-03
1.792175e+01 1.082132e+00 -4.829067e-03
1.792175e+01 1.168487e+00 -4.305580e-03
1.792175e+01 1.261733e+00 -3.805960e-03
1.792175e+01 1.362421e+00 -3.266469e-03
1.792175e+01 1.471144e+00 -2.683926e-03
1.792175e+01 1.588542e+00 -2.260614e-03
1.792175e+01 1.715310e+00 -1.983638e-03
1.792175e+01 1.852193e+00 -1.684559e-03
1.792175e+01 2.000000e+00 -1.361612e-03
1.830018e+01 1.000000e-03 -4.349636e-01
1.830018e+01 1.079801e-03 -4.667419e-01
1.830018e+01 1.165970e-03 -5.005727e-01
1.830018e+01 1.259016e-03 -5.365317e-01
1.830018e+01 1.359487e-03 -5.746849e-01
1.830018e+01 1.467975e-03 -6.150895e-01
1.830018e+01 1.585121e-03 -6.577902e-01
1.830018e+01 1.711615e-03 -7.028168e-01
1.830018e+01 1.848204e-03 -7.501833e-01
1.830018e+01 1.995693e-03 -7.998866e-01
1.830018e+01 2.154951e-03 -8.519040e-01
1.830018e+01 2.326918e-03 -9.061903e-01
1.830018e+01 2.512609e-03 -9.626732e-01
1.830018e+01 2.713117e-03 -1.021251e+00
1.830018e+01 2.929627e-03 -1.081790e+00
1.830018e+01 3.163414e-03 -1.144106e+00
1.830018e+01 3.415858e-03 -1.207958e+00
1.830018e+01 3.688447e-03 -1.273061e+00
1.830018e+01 3.982789e-03 -1.339063e+00
1.830018e+01 4.300619e-03 -1.405542e+00
1.830018e+01 4.643813e-03 -1.472019e+00
1.830018e+01 5.014394e-03 -1.537932e+00
1.830018e+01 5.414548e-03 -1.602630e+00
1.830018e+01 5.846635e-03 -1.665404e+00
1.830018e+01 6.313202e-03 -1.725435e+00
1.830018e+01 6.817002e-03 -1.781802e+00
1.830018e+01 7.361006e-03 -1.833536e+00
1.830018e+01 7.948422e-03 -1.879554e+00
1.830018e+01 8.582714e-03 -1.918678e+00
1.830018e+01 9.267624e-03 -1.949740e+00
1.830018e+01 1.000719e-02 -1.971500e+00
1.830018e+01 1.080577e-02 -1.982703e+00
1.830018e+01 1.166809e-02 -1.982227e+00
1.830018e+01 1.259921e-02 -1.969070e+00
1.830018e+01 1.360464e-02 -1.942423e+00
1.830018e+01 1.469030e-02 -1.901808e+00
1.830018e+01 1.586261e-02 -1.847325e+00
1.830018e+01 1.712846e-02 -1.779619e+00
1.830018e+01 1.849533e-02 -1.699758e+00
1.830018e+01 1.997127e-02 -1.610047e+00
1.830018e+01 2.156500e-02 -1.513566e+00
1.830018e+01 2.328591e-02 -1.413292e+00
1.830018e+01 2.514415e-02 -1.313315e+00
1.830018e+01 2.715068e-02 -1.217998e+00
1.830018e+01 2.931733e-02 -1.130619e+00
1.830018e+01 3.165689e-02 -1.053579e+00
1.830018e+01 3.418314e-02 -9.883237e-01
1.830018e+01 3.691099e-02 -9.338438e-01
1.830018e+01 3.985652e-02 -8.868407e-01
1.830018e+01 4.303711e-02 -8.417787e-01
1.830018e+01 4.647152e-02 -7.919383e-01
1.830018e+01 5.017999e-02 -7.316063e-01
1.830018e+01 5.418441e-02 -6.736439e-01
1.830018e+01 5.850838e-02 -6.341068e-01
1.830018e+01 6.317741e-02 -5.914146e-01
1.830018e+01 6.821903e-02 -5.453155e-01
1.830018e+01 7.366298e-02 -4.965218e-01
1.830018e+01 7.954136e-02 -4.538839e-01
1.830018e+01 8.588885e-02 -4.078435e-01
1.830018e+01 9.274286e-02 -3.581290e-01
1.830018e+01 1.001438e-01 -3.044472e-01
1.830018e+01 1.081354e-01 -2.720016e-01
1.830018e+01 1.167647e-01 -2.491424e-01
1.830018e+01 1.260827e-01 -2.244591e-01
1.830018e+01 1.361442e-01 -1.978060e-01
1.830018e+01 1.470087e-01 -1.719271e-01
1.830018e+01 1.587401e-01 -1.563417e-01
1.830018e+01 1.714077e-01 -1.395125e-01
1.830018e+01 1.850862e-01 -1.213403e-01
1.830018e+01 1.998563e-01 -1.017180e-01
1.830018e+01 2.158051e-01 -9.059477e-02
1.830018e+01 2.330265e-01 -8.059435e-02
1.830018e+01 2.516223e-01 -6.979588e-02
1.830018e+01 2.717020e-01 -5.813568e-02
1.830018e+01 2.933841e-01 -4.915406e-02
1.830018e+01 3.167964e-01 -4.404260e-02
1.830018e+01 3.420771e-01 -3.852324e-02
1.830018e+01 3.693752e-01 -3.256343e-02
1.830018e+01 3.988518e-01 -2.641482e-02
1.830018e+01 4.306805e-01 -2.379841e-02
1.830018e+01 4.650493e-01 -2.097320e-02
1.830018e+01 5.021607e-01 -1.792255e-02
1.830018e+01 5.422336e-01 -1.462844e-02
1.830018e+01 5.855044e-01 -1.265706e-02
1.830018e+01 6.322283e-01 -1.126727e-02
1.830018e+01 6.826808e-01 -9.766568e-03
1.830018e+01 7.371594e-01 -8.146109e-03
1.830018e+01 7.959855e-01 -6.741813e-03
1.830018e+01 8.595059e-01 -6.038385e-03
1.830018e+01 9.280954e-01 -5.278822e-03
1.830018e+01 1.002158e+00 -4.458646e-03
1.830018e+01 1.082132e+00 -3.573018e-03
1.830018e+01 1.168487e+00 -3.187382e-03
1.830018e+01 1.261733e+00 -2.819576e-03
1.830018e+01 1.362421e+00 -2.422418e-03
1.830018e+01 1.471144e+00 -1.993567e-03
1.830018e+01 1.588542e+00 -1.682012e-03
1.830018e+01 1.715310e+00 -1.478257e-03
1.830018e+01 1.852193e+00 -1.258242e-03
1.830018e+01 2.000000e+00 -1.020669e-03
1.868618e+01 1.000000e-03 -3.239599e-01
1.868618e+01 1.079801e-03 -3.476360e-01
1.868618e+01 1.165970e-03 -3.728426e-01
1.868618e+01 1.259016e-03 -3.996364e-01
1.868618e+01 1.359487e-03 -4.280665e-01
1.868618e+01 1.467975e-03 -4.581758e-01
1.868618e+01 1.585121e-03 -4.899977e-01
1.868618e+01 1.711615e-03 -5.235539e-01
1.868618e+01 1.848204e-03 -5.588549e-01
1.868618e+01 1.995693e-03 -5.958980e-01
1.868618e+01 2.154951e-03 -6.346656e-01
1.868618e+01 2.326918e-03 -6.751235e-01
1.868618e+01 2.512609e-03 -7.172174e-01
1.868618e+01 2.713117e-03 -7.608713e-01
1.868618e+01 2.929627e-03 -8.059857e-01
1.868618e+01 3.163414e-03 -8.524233e-01
1.868618e+01 3.415858e-03 -9.000056e-01
1.868618e+01 3.688447e-03 -9.485200e-01
1.868618e+01 3.982789e-03 -9.977042e-01
1.868618e+01 4.300619e-03 -1.047244e+00
1.868618e+01 4.643813e-03 -1.096782e+00
1.868618e+01 5.014394e-03 -1.145898e+00
1.868618e+01 5.414548e-03 -1.194109e+00
1.868618e+01 5.846635e-03 -1.240887e+00
1.868618e+01 6.313202e-03 -1.285620e+00
1.868618e+01 6.817002e-03 -1.327623e+00
1.868618e+01 7.361006e-03 -1.366175e+00
1.868618e+01 7.948422e-03 -1.400465e+00
1.868618e+01 8.582714e-03 -1.429620e+00
1.868618e+01 9.267624e-03 -1.452767e+00
1.868618e+01 1.000719e-02 -1.468983e+00
1.868618e+01 1.080577e-02 -1.477332e+00
1.868618e+01 1.166809e-02 -1.476979e+00
1.868618e+01 1.259921e-02 -1.467177e+00
1.868618e+01 1.360464e-02 -1.447323e+00
1.868618e+01 1.469030e-02 -1.417062e+00
1.868618e+01 1.586261e-02 -1.376467e+00
1.868618e+01 1.712846e-02 -1.326019e+00
1.868618e+01 1.849533e-02 -1.266515e+00
1.868618e+01 1.997127e-02 -1.199670e+00
1.868618e+01 2.156500e-02 -1.127781e+00
1.868618e+01 2.328591e-02 -1.053066e+00
1.868618e+01 2.514415e-02 -9.785719e-01
1.868618e+01 2.715068e-02 -9.075501e-01
1.868618e+01 2.931733e-02 -8.424426e-01
1.868618e+01 3.165689e-02 -7.850391e-01
1.868618e+01 3.418314e-02 -7.364162e-01
1.868618e+01 3.691099e-02 -6.958223e-01
1.868618e+01 3.985652e-02 -6.607995e-01
1.868618e+01 4.303711e-02 -6.272231e-01
1.868618e+01 4.647152e-02 -5.900862e-01
1.868618e+01 5.017999e-02 -5.451318e-01
1.868618e+01 5.418441e-02 -5.010215e-01
1.868618e+01 5.850838e-02 -4.689957e-01
1.868618e+01 6.317741e-02 -4.344141e-01
1.868618e+01 6.821903e-02 -3.970729e-01
1.868618e+01 7.366298e-02 -3.578128e-01
1.868618e+01 7.954136e-02 -3.262529e-01
1.868618e+01 8.588885e-02 -2.921744e-01
1.868618e+01 9.274286e-02 -2.553765e-01
1.868618e+01 1.001438e-01 -2.156420e-01
1.868618e+01 1.081354e-01 -1.921616e-01
1.868618e+01 1.167647e-01 -1.760749e-01
1.868618e+01 1.260827e-01 -1.587046e-01
1.868618e+01 1.361442e-01 -1.399481e-01
1.868618e+01 1.470087e-01 -1.217215e-01
1.868618e+01 1.587401e-01 -1.106738e-01
1.868618e+01 1.714077e-01 -9.874456e-02
1.868618e+01 1.850862e-01 -8.586333e-02
1.868618e+01 1.998563e-01 -7.195417e-02
1.868618e+01 2.158051e-01 -6.408418e-02
1.868618e+01 2.330265e-01 -5.701414e-02
1.868618e+01 2.516223e-01 -4.937991e-02
1.868618e+01 2.717020e-01 -4.113647e-02
1.868618e+01 2.933841e-01 -3.480044e-02
1.868618e+01 3.167964e-01 -3.121907e-02
1.868618e+01 3.420771e-01 -2.735190e-02
1.868618e+01 3.693752e-01 -2.317612e-02
1.868618e+01 3.988518e-01 -1.886619e-02
1.868618e+01 4.306805e-01 -1.700470e-02
1.868618e+01 4.650493e-01 -1.499465e-02
1.868618e+01 5.021607e-01 -1.282420e-02
1.868618e+01 5.422336e-01 -1.048055e-02
1.868618e+01 5.855044e-01 -9.080226e-03
1.868618e+01 6.322283e-01 -8.094904e-03
1.868618e+01 6.826808e-01 -7.030951e-03
1.868618e+01 7.371594e-01 -5.882095e-03
1.868618e+01 7.959855e-01 -4.884225e-03
1.868618e+01 8.595059e-01 -4.377736e-03
1.868618e+01 9.280954e-01 -3.830829e-03
1.868618e+01 1.002158e+00 -3.240277e-03
1.868618e+01 1.082132e+00 -2.602600e-03
1.868618e+01 1.168487e+00 -2.324191e-03
1.868618e+01 1.261733e+00 -2.058498e-03
1.868618e+01 1.362421e+00 -1.771602e-03
1.868618e+01 1.471144e+00 -1.461812e-03
1.868618e+01 1.588542e+00 -1.235869e-03
1.868618e+01 1.715310e+00 -1.086952e-03
1.868618e+01 1.852193e+00 -9.261511e-04
1.868618e+01 2.000000e+00 -7.525183e-04
1.907991e+01 1.000000e-03 -2.343634e-01
1.907991e+01 1.079801e-03 -2.514970e-01
1.907991e+01 1.165970e-03 -2.697392e-01
1.907991e+01 1.259016e-03 -2.891312e-01
1.907991e+01 1.359487e-03 -3.097085e-01
1.907991e+01 1.467975e-03 -3.315024e-01
1.907991e+01 1.585121e-03 -3.545369e-01
1.907991e+01 1.711615e-03 -3.788278e-01
1.907991e+01 1.848204e-03 -4.043824e-01
1.907991e+01 1.995693e-03 -4.311984e-01
1.907991e+01 2.154951e-03 -4.592629e-01
1.907991e+01 2.326918e-03 -4.885506e-01
1.907991e+01 2.512609e-03 -5.190218e-01
1.907991e+01 2.713117e-03 -5.506215e-01
1.907991e+01 2.929627e-03 -5.832775e-01
1.907991e+01 3.163414e-03 -6.168906e-01
1.907991e+01 3.415858e-03 -6.513319e-01
1.907991e+01 3.688447e-03 -6.864480e-01
1.907991e+01 3.982789e-03 -7.220490e-01
1.907991e+01 4.300619e-03 -7.579071e-01
1.907991e+01 4.643813e-03 -7.937639e-01
1.907991e+01 5.014394e-03 -8.293149e-01
1.907991e+01 5.414548e-03 -8.642104e-01
1.907991e+01 5.846635e-03 -8.980683e-01
1.907991e+01 6.313202e-03 -9.304467e-01
1.907991e+01 6.817002e-03 -9.608488e-01
1.907991e+01 7.361006e-03 -9.887525e-01
1.907991e+01 7.948422e-03 -1.013573e+00
1.907991e+01 8.582714e-03 -1.034675e+00
1.907991e+01 9.267624e-03 -1.051429e+00
1.907991e+01 1.000719e-02 -1.063167e+00
1.907991e+01 1.080577e-02 -1.069211e+00
1.907991e+01 1.166809e-02 -1.068957e+00
1.907991e+01 1.259921e-02 -1.061863e+00
1.907991e+01 1.360464e-02 -1.047495e+00
1.907991e+01 1.469030e-02 -1.025595e+00
1.907991e+01 1.586261e-02 -9.962151e-01
1.907991e+01 1.712846e-02 -9.597046e-01
1.907991e+01 1.849533e-02 -9.166390e-01
1.907991e+01 1.997127e-02 -8.682605e-01
1.907991e+01 2.156500e-02 -8.162315e-01
1.907991e+01 2.328591e-02 -7.621569e-01
1.907991e+01 2.514415e-02 -7.082418e-01
1.907991e+01 2.715068e-02 -6.568399e-01
1.907991e+01 2.931733e-02 -6.097184e-01
1.907991e+01 3.165689e-02 -5.681727e-01
1.907991e+01 3.418314e-02 -5.329818e-01
1.907991e+01 3.691099e-02 -5.036020e-01
1.907991e+01 3.985652e-02 -4.782542e-01
1.907991e+01 4.303711e-02 -4.539532e-01
1.907991e+01 4.647152e-02 -4.270754e-01
1.907991e+01 5.017999e-02 -3.945397e-01
1.907991e+01 5.418441e-02 -3.622477e-01
1.907991e+01 5.850838e-02 -3.380467e-01
1.907991e+01 6.317741e-02 -3.119144e-01
1.907991e+01 6.821903e-02 -2.836967e-01
1.907991e+01 7.366298e-02 -2.540964e-01
1.907991e+01 7.954136e-02 -2.310091e-01
1.907991e+01 8.588885e-02 -2.060795e-01
1.907991e+01 9.274286e-02 -1.791604e-01
1.907991e+01 1.001438e-01 -1.500932e-01
1.907991e+01 1.081354e-01 -1.335546e-01
1.907991e+01 1.167647e-01 -1.227803e-01
1.907991e+01 1.260827e-01 -1.111463e-01
1.907991e+01 1.361442e-01 -9.858376e-02
1.907991e+01 1.470087e-01 -8.631753e-02
1.907991e+01 1.587401e-01 -7.860493e-02
1.907991e+01 1.714077e-01 -7.027687e-02
1.907991e+01 1.850862e-01 -6.128421e-02
1.907991e+01 1.998563e-01 -5.157393e-02
1.907991e+01 2.158051e-01 -4.592773e-02
1.907991e+01 2.330265e-01 -4.079750e-02
1.907991e+01 2.516223e-01 -3.525788e-02
1.907991e+01 2.717020e-01 -2.927619e-02
1.907991e+01 2.933841e-01 -2.470601e-02
1.907991e+01 3.167964e-01 -2.217172e-02
1.907991e+01 3.420771e-01 -1.943519e-02
1.907991e+01 3.693752e-01 -1.648029e-02
1.907991e+01 3.988518e-01 -1.343042e-02
1.907991e+01 4.306805e-01 -1.211266e-02
1.907991e+01 4.650493e-01 -1.068975e-02
1.907991e+01 5.021607e-01 -9.153280e-03
1.907991e+01 5.422336e-01 -7.494204e-03
1.907991e+01 5.855044e-01 -6.506978e-03
1.907991e+01 6.322283e-01 -5.815756e-03
1.907991e+01 6.826808e-01 -5.069374e-03
1.907991e+01 7.371594e-01 -4.263430e-03
1.907991e+01 7.959855e-01 -3.559363e-03
1.907991e+01 8.595059e-01 -3.190173e-03
1.907991e+01 9.280954e-01 -2.791522e-03
1.907991e+01 1.002158e+00 -2.361058e-03
1.907991e+01 1.082132e+00 -1.896243e-03
1.907991e+01 1.168487e+00 -1.693272e-03
1.907991e+01 1.261733e+00 -1.499564e-03
1.907991e+01 1.362421e+00 -1.290398e-03
1.907991e+01 1.471144e+00 -1.064540e-03
1.907991e+01 1.588542e+00 -9.003102e-04
1.907991e+01 1.715310e+00 -7.927128e-04
1.907991e+01 1.852193e+00 -6.765291e-04
1.907991e+01 2.000000e+00 -5.510737e-04
1.948151e+01 1.000000e-03 -1.631762e-01
1.948151e+01 1.079801e-03 -1.751094e-01
1.948151e+01 1.165970e-03 -1.878155e-01
1.948151e+01 1.259016e-03 -2.013231e-01
1.948151e+01 1.359487e-03 -2.156572e-01
1.948151e+01 1.467975e-03 -2.308396e-01
1.948151e+01 1.585121e-03 -2.468870e-01
1.948151e+01 1.711615e-03 -2.638104e-01
1.948151e+01 1.848204e-03 -2.816147e-01
1.948151e+01 1.995693e-03 -3.002982e-01
1.948151e+01 2.154951e-03 -3.198516e-01
1.948151e+01 2.326918e-03 -3.402569e-01
1.948151e+01 2.512609e-03 -3.614863e-01
1.948151e+01 2.713117e-03 -3.835014e-01
1.948151e+01 2.929627e-03 -4.062517e-01
1.948151e+01 3.163414e-03 -4.296683e-01
1.948151e+01 3.415858e-03 -4.536615e-01
1.948151e+01 3.688447e-03 -4.781248e-01
1.948151e+01 3.982789e-03 -5.029261e-01
1.948151e+01 4.300619e-03 -5.279065e-01
1.948151e+01 4.643813e-03 -5.528856e-01
1.948151e+01 5.014394e-03 -5.776514e-01
1.948151e+01 5.414548e-03 -6.019605e-01
1.948151e+01 5.846635e-03 -6.255466e-01
1.948151e+01 6.313202e-03 -6.481022e-01
1.948151e+01 6.817002e-03 -6.692811e-01
1.948151e+01 7.361006e-03 -6.887194e-01
1.948151e+01 7.948422e-03 -7.060097e-01
1.948151e+01 8.582714e-03 -7.207102e-01
1.948151e+01 9.267624e-03 -7.323819e-01
1.948151e+01 1.000719e-02 -7.405590e-01
1.948151e+01 1.080577e-02 -7.447702e-01
1.948151e+01 1.166809e-02 -7.445937e-01
1.948151e+01 1.259921e-02 -7.396532e-01
1.948151e+01 1.360464e-02 -7.296452e-01
1.948151e+01 1.469030e-02 -7.143908e-01
1.948151e+01 1.586261e-02 -6.939270e-01
1.948151e+01 1.712846e-02 -6.684960e-01
1.948151e+01 1.849533e-02 -6.384987e-01
1.948151e+01 1.997127e-02 -6.048003e-01
1.948151e+01 2.156500e-02 -5.685589e-01
1.948151e+01 2.328591e-02 -5.308926e-01
1.948151e+01 2.514415e-02 -4.933373e-01
1.948151e+01 2.715068e-02 -4.575327e-01
1.948151e+01 2.931733e-02 -4.247095e-01
1.948151e+01 3.165689e-02 -3.957702e-01
1.948151e+01 3.418314e-02 -3.712574e-01
1.948151e+01 3.691099e-02 -3.507924e-01
1.948151e+01 3.985652e-02 -3.331360e-01
1.948151e+01 4.303711e-02 -3.162087e-01
1.948151e+01 4.647152e-02 -2.974865e-01
1.948151e+01 5.017999e-02 -2.748232e-01
1.948151e+01 5.418441e-02 -2.521157e-01
1.948151e+01 5.850838e-02 -2.346621e-01
1.948151e+01 6.317741e-02 -2.158157e-01
1.948151e+01 6.821903e-02 -1.954653e-01
1.948151e+01 7.366298e-02 -1.741781e-01
1.948151e+01 7.954136e-02 -1.582082e-01
1.948151e+01 8.588885e-02 -1.409639e-01
1.948151e+01 9.274286e-02 -1.223435e-01
1.948151e+01 1.001438e-01 -1.022371e-01
1.948151e+01 1.081354e-01 -9.108902e-02
1.948151e+01 1.167647e-01 -8.409076e-02
1.948151e+01 1.260827e-01 -7.653402e-02
1.948151e+01 1.361442e-01 -6.837426e-02
1.948151e+01 1.470087e-01 -6.035061e-02
1.948151e+01 1.587401e-01 -5.504032e-02
1.948151e+01 1.714077e-01 -4.930627e-02
1.948151e+01 1.850862e-01 -4.311464e-02
1.948151e+01 1.998563e-01 -3.642890e-02
1.948151e+01 2.158051e-01 -3.241794e-02
1.948151e+01 2.330265e-01 -2.872773e-02
1.948151e+01 2.516223e-01 -2.474304e-02
1.948151e+01 2.717020e-01 -2.044037e-02
1.948151e+01 2.933841e-01 -1.719171e-02
1.948151e+01 3.167964e-01 -1.545977e-02
1.948151e+01 3.420771e-01 -1.358962e-02
1.948151e+01 3.693752e-01 -1.157023e-02
1.948151e+01 3.988518e-01 -9.484155e-03
1.948151e+01 4.306805e-01 -8.556700e-03
1.948151e+01 4.650493e-01 -7.555233e-03
1.948151e+01 5.021607e-01 -6.473848e-03
1.948151e+01 5.422336e-01 -5.306167e-03
1.948151e+01 5.855044e-01 -4.613304e-03
1.948151e+01 6.322283e-01 -4.129843e-03
1.948151e+01 6.826808e-01 -3.607801e-03
1.948151e+01 7.371594e-01 -3.044100e-03
1.948151e+01 7.959855e-01 -2.550017e-03
1.948151e+01 8.595059e-01 -2.286175e-03
1.948151e+01 9.280954e-01 -2.001278e-03
1.948151e+01 1.002158e+00 -1.693646e-03
1.948151e+01 1.082132e+00 -1.361464e-03
1.948151e+01 1.168487e+00 -1.216088e-03
1.948151e+01 1.261733e+00 -1.077278e-03
1.948151e+01 1.362421e+00 -9.273917e-04
1.948151e+01 1.471144e+00 -7.655439e-04
1.948151e+01 1.588542e+00 -6.476321e-04
1.948151e+01 1.715310e+00 -5.700867e-04
1.948151e+01 1.852193e+00 -4.863531e-04
1.948151e+01 2.000000e+00 -3.959375e-04
1.989114e+01 1.000000e-03 -1.113075e-01
1.989114e+01 1.079801e-03 -1.194503e-01
1.989114e+01 1.165970e-03 -1.281208e-01
1.989114e+01 1.259016e-03 -1.373388e-01
1.989114e+01 1.359487e-03 -1.471215e-01
1.989114e+01 1.467975e-03 -1.574836e-01
1.989114e+01 1.585121e-03 -1.684367e-01
1.989114e+01 1.711615e-03 -1.799881e-01
1.989114e+01 1.848204e-03 -1.921412e-01
1.989114e+01 1.995693e-03 -2.048947e-01
1.989114e+01 2.154951e-03 -2.182421e-01
1.989114e+01 2.326918e-03 -2.321708e-01
1.989114e+01 2.512609e-03 -2.466617e-01
1.989114e+01 2.713117e-03 -2.616885e-01
1.989114e+01 2.929627e-03 -2.772168e-01
1.989114e+01 3.163414e-03 -2.931993e-01
1.989114e+01 3.415858e-03 -3.095752e-01
1.989114e+01 3.688447e-03 -3.262720e-01
1.989114e+01 3.982789e-03 -3.431995e-01
1.989114e+01 4.300619e-03 -3.602492e-01
1.989114e+01 4.643813e-03 -3.772979e-01
1.989114e+01 5.014394e-03 -3.942008e-01
1.989114e+01 5.414548e-03 -4.107918e-01
1.989114e+01 5.846635e-03 -4.268895e-01
1.989114e+01 6.313202e-03 -4.422838e-01
1.989114e+01 6.817002e-03 -4.567385e-01
1.989114e+01 7.361006e-03 -4.700053e-01
1.989114e+01 7.948422e-03 -4.818059e-01
1.989114e+01 8.582714e-03 -4.918392e-01
1.989114e+01 9.267624e-03 -4.998054e-01
1.989114e+01 1.000719e-02 -5.053866e-01
1.989114e+01 1.080577e-02 -5.082612e-01
1.989114e+01 1.166809e-02 -5.081411e-01
1.989114e+01 1.259921e-02 -5.047695e-01
1.989114e+01 1.360464e-02 -4.979398e-01
1.989114e+01 1.469030e-02 -4.875301e-01
1.989114e+01 1.586261e-02 -4.735655e-01
1.989114e+01 1.712846e-02 -4.562111e-01
1.989114e+01 1.849533e-02 -4.357402e-01
1.989114e+01 1.997127e-02 -4.127432e-01
1.989114e+01 2.156500e-02 -3.880106e-01
1.989114e+01 2.328591e-02 -3.623055e-01
1.989114e+01 2.514415e-02 -3.366762e-01
1.989114e+01 2.715068e-02 -3.122415e-01
1.989114e+01 2.931733e-02 -2.898415e-01
1.989114e+01 3.165689e-02 -2.700920e-01
1.989114e+01 3.418314e-02 -2.533634e-01
1.989114e+01 3.691099e-02 -2.393971e-01
1.989114e+01 3.985652e-02 -2.273475e-01
1.989114e+01 4.303711e-02 -2.157956e-01
1.989114e+01 4.647152e-02 -2.030187e-01
1.989114e+01 5.017999e-02 -1.875522e-01
1.989114e+01 5.418441e-02 -1.721490e-01
1.989114e+01 5.850838e-02 -1.604982e-01
1.989114e+01 6.317741e-02 -1.479176e-01
1.989114e+01 6.821903e-02 -1.343330e-01
1.989114e+01 7.366298e-02 -1.200373e-01
1.989114e+01 7.954136e-02 -1.084087e-01
1.989114e+01 8.588885e-02 -9.585219e-02
1.989114e+01 9.274286e-02 -8.229360e-02
1.989114e+01 1.001438e-01 -6.765303e-02
1.989114e+01 1.081354e-01 -6.008822e-02
1.989114e+01 1.167647e-01 -5.585299e-02
1.989114e+01 1.260827e-01 -5.127979e-02
1.989114e+01 1.361442e-01 -4.634164e-02
1.989114e+01 1.470087e-01 -4.141764e-02
1.989114e+01 1.587401e-01 -3.783959e-02
1.989114e+01 1.714077e-01 -3.397602e-02
1.989114e+01 1.850862e-01 -2.980412e-02
1.989114e+01 1.998563e-01 -2.529930e-02
1.989114e+01 2.158051e-01 -2.249116e-02
1.989114e+01 2.330265e-01 -1.986962e-02
1.989114e+01 2.516223e-01 -1.703889e-02
1.989114e+01 2.717020e-01 -1.398225e-02
1.989114e+01 2.933841e-01 -1.170045e-02
1.989114e+01 3.167964e-01 -1.053131e-02
1.989114e+01 3.420771e-01 -9.268871e-03
1.989114e+01 3.693752e-01 -7.905690e-03
1.989114e+01 3.988518e-01 -6.497461e-03
1.989114e+01 4.306805e-01 -5.870849e-03
1.989114e+01 4.650493e-01 -5.194233e-03
1.989114e+01 5.021607e-01 -4.463622e-03
1.989114e+01 5.422336e-01 -3.674708e-03
1.989114e+01 5.855044e-01 -3.200014e-03
1.989114e+01 6.322283e-01 -2.863207e-03
1.989114e+01 6.826808e-01 -2.499521e-03
1.989114e+01 7.371594e-01 -2.106813e-03
1.989114e+01 7.959855e-01 -1.762936e-03
1.989114e+01 8.595059e-01 -1.580261e-03
1.989114e+01 9.280954e-01 -1.383007e-03
1.989114e+01 1.002158e+00 -1.170013e-03
1.989114e+01 1.082132e+00 -9.400220e-04
1.989114e+01 1.168487e+00 -8.399776e-04
1.989114e+01 1.261733e+00 -7.445802e-04
1.989114e+01 1.362421e+00 -6.415700e-04
1.989114e+01 1.471144e+00 -5.303395e-04
1.989114e+01 1.588542e+00 -4.495467e-04
1.989114e+01 1.715310e+00 -3.967275e-04
1.989114e+01 1.852193e+00 -3.396932e-04
1.989114e+01 2.000000e+00 -2.781076e-04
2.030896e+01 1.000000e-03 -7.140567e-02
2.030896e+01 1.079801e-03 -7.663110e-02
2.030896e+01 1.165970e-03 -8.219556e-02
2.030896e+01 1.259016e-03 -8.811173e-02
2.030896e+01 1.359487e-03 -9.439063e-02
2.030896e+01 1.467975e-03 -1.010418e-01
2.030896e+01 1.585121e-03 -1.080727e-01
2.030896e+01 1.711615e-03 -1.154880e-01
2.030896e+01 1.848204e-03 -1.232899e-01
2.030896e+01 1.995693e-03 -1.314773e-01
2.030896e+01 2.154951e-03 -1.400461e-01
2.030896e+01 2.326918e-03 -1.489879e-01
2.030896e+01 2.512609e-03 -1.582905e-01
2.030896e+01 2.713117e-03 -1.679369e-01
2.030896e+01 2.929627e-03 -1.779048e-01
2.030896e+01 3.163414e-03 -1.881640e-01
2.030896e+01 3.415858e-03 -1.986757e-01
2.030896e+01 3.688447e-03 -2.093933e-01
2.030896e+01 3.982789e-03 -2.202590e-01
2.030896e+01 4.300619e-03 -2.312032e-01
2.030896e+01 4.643813e-03 -2.421466e-01
2.030896e+01 5.014394e-03 -2.529963e-01
2.030896e+01 5.414548e-03 -2.636457e-01
2.030896e+01 5.846635e-03 -2.739784e-01
2.030896e+01 6.313202e-03 -2.838597e-01
2.030896e+01 6.817002e-03 -2.931379e-01
2.030896e+01 7.361006e-03 -3.016535e-01
2.030896e+01 7.948422e-03 -3.092281e-01
2.030896e+01 8.582714e-03 -3.156682e-01
2.030896e+01 9.267624e-03 -3.207817e-01
2.030896e+01 1.000719e-02 -3.243645e-01
2.030896e+01 1.080577e-02 -3.262099e-01
2.030896e+01 1.166809e-02 -3.261329e-01
2.030896e+01 1.259921e-02 -3.239689e-01
2.030896e+01 1.360464e-02 -3.195855e-01
2.030896e+01 1.469030e-02 -3.129047e-01
2.030896e+01 1.586261e-02 -3.039427e-01
2.030896e+01 1.712846e-02 -2.928050e-01
2.030896e+01 1.849533e-02 -2.796668e-01
2.030896e+01 1.997127e-02 -2.649070e-01
2.030896e+01 2.156500e-02 -2.490332e-01
2.030896e+01 2.328591e-02 -2.325352e-01
2.030896e+01 2.514415e-02 -2.160859e-01
2.030896e+01 2.715068e-02 -2.004033e-01
2.030896e+01 2.931733e-02 -1.860265e-01
2.030896e+01 3.165689e-02 -1.733509e-01
2.030896e+01 3.418314e-02 -1.626141e-01
2.030896e+01 3.691099e-02 -1.536502e-01
2.030896e+01 3.985652e-02 -1.459166e-01
2.030896e+01 4.303711e-02 -1.385023e-01
2.030896e+01 4.647152e-02 -1.303018e-01
2.030896e+01 5.017999e-02 -1.203751e-01
2.030896e+01 5.418441e-02 -1.104402e-01
2.030896e+01 5.850838e-02 -1.028267e-01
2.030896e+01 6.317741e-02 -9.460564e-02
2.030896e+01 6.821903e-02 -8.572851e-02
2.030896e+01 7.366298e-02 -7.641840e-02
2.030896e+01 7.954136e-02 -6.917763e-02
2.030896e+01 8.588885e-02 -6.135904e-02
2.030896e+01 9.274286e-02 -5.291652e-02
2.030896e+01 1.001438e-01 -4.380028e-02
2.030896e+01 1.081354e-01 -3.912845e-02
2.030896e+01 1.167647e-01 -3.655133e-02
2.030896e+01 1.260827e-01 -3.376856e-02
2.030896e+01 1.361442e-01 -3.076371e-02
2.030896e+01 1.470087e-01 -2.773345e-02
2.030896e+01 1.587401e-01 -2.537454e-02
2.030896e+01 1.714077e-01 -2.282738e-02
2.030896e+01 1.850862e-01 -2.007696e-02
2.030896e+01 1.998563e-01 -1.710705e-02
2.030896e+01 2.158051e-01 -1.520592e-02
2.030896e+01 2.330265e-01 -1.341390e-02
2.030896e+01 2.516223e-01 -1.147887e-02
2.030896e+01 2.717020e-01 -9.389429e-03
2.030896e+01 2.933841e-01 -7.835970e-03
2.030896e+01 3.167964e-01 -7.051659e-03
2.030896e+01 3.420771e-01 -6.204759e-03
2.030896e+01 3.693752e-01 -5.290276e-03
2.030896e+01 3.988518e-01 -4.346068e-03
2.030896e+01 4.306805e-01 -3.933189e-03
2.030896e+01 4.650493e-01 -3.487362e-03
2.030896e+01 5.021607e-01 -3.005958e-03
2.030896e+01 5.422336e-01 -2.486136e-03
2.030896e+01 5.855044e-01 -2.170437e-03
2.030896e+01 6.322283e-01 -1.943998e-03
2.030896e+01 6.826808e-01 -1.699489e-03
2.030896e+01 7.371594e-01 -1.435467e-03
2.030896e+01 7.959855e-01 -1.203300e-03
2.030896e+01 8.595059e-01 -1.077137e-03
2.030896e+01 9.280954e-01 -9.409068e-04
2.030896e+01 1.002158e+00 -7.938049e-04
2.030896e+01 1.082132e+00 -6.349641e-04
2.030896e+01 1.168487e+00 -5.672446e-04
2.030896e+01 1.261733e+00 -5.029614e-04
2.030896e+01 1.362421e+00 -4.335483e-04
2.030896e+01 1.471144e+00 -3.585959e-04
2.030896e+01 1.588542e+00 -3.042738e-04
2.030896e+01 1.715310e+00 -2.689161e-04
2.030896e+01 1.852193e+00 -2.307368e-04
2.030896e+01 2.000000e+00 -1.895107e-04
2.073514e+01 1.000000e-03 -4.696150e-02
2.073514e+01 1.079801e-03 -5.039927e-02
2.073514e+01 1.165970e-03 -5.406028e-02
2.073514e+01 1.259016e-03 -5.795294e-02
2.073514e+01 1.359487e-03 -6.208450e-02
2.073514e+01 1.467975e-03 -6.646130e-02
2.073514e+01 1.585121e-03 -7.108819e-02
2.073514e+01 1.711615e-03 -7.596830e-02
2.073514e+01 1.848204e-03 -8.110298e-02
2.073514e+01 1.995693e-03 -8.649157e-02
2.073514e+01 2.154951e-03 -9.213115e-02
2.073514e+01 2.326918e-03 -9.801626e-02
2.073514e+01 2.512609e-03 -1.041387e-01
2.073514e+01 2.713117e-03 -1.104872e-01
2.073514e+01 2.929627e-03 -1.170471e-01
2.073514e+01 3.163414e-03 -1.237985e-01
2.073514e+01 3.415858e-03 -1.307159e-01
2.073514e+01 3.688447e-03 -1.377688e-01
2.073514e+01 3.982789e-03 -1.449193e-01
2.073514e+01 4.300619e-03 -1.521213e-01
2.073514e+01 4.643813e-03 -1.593228e-01
2.073514e+01 5.014394e-03 -1.664625e-01
2.073514e+01 5.414548e-03 -1.734704e-01
2.073514e+01 5.846635e-03 -1.802699e-01
2.073514e+01 6.313202e-03 -1.867723e-01
2.073514e+01 6.817002e-03 -1.928778e-01
2.073514e+01 7.361006e-03 -1.984816e-01
2.073514e+01 7.948422e-03 -2.034660e-01
2.073514e+01 8.582714e-03 -2.077040e-01
2.073514e+01 9.267624e-03 -2.110691e-01
2.073514e+01 1.000719e-02 -2.134269e-01
2.073514e+01 1.080577e-02 -2.146415e-01
2.073514e+01 1.166809e-02 -2.145909e-01
2.073514e+01 1.259921e-02 -2.131670e-01
2.073514e+01 1.360464e-02 -2.102828e-01
2.073514e+01 1.469030e-02 -2.058871e-01
2.073514e+01 1.586261e-02 -1.999906e-01
2.073514e+01 1.712846e-02 -1.926626e-01
2.073514e+01 1.849533e-02 -1.840181e-01
2.073514e+01 1.997127e-02 -1.743065e-01
2.073514e+01 2.156500e-02 -1.638617e-01
2.073514e+01 2.328591e-02 -1.530062e-01
2.073514e+01 2.514415e-02 -1.421827e-01
2.073514e+01 2.715068e-02 -1.318638e-01
2.073514e+01 2.931733e-02 -1.224040e-01
2.073514e+01 3.165689e-02 -1.140636e-01
2.073514e+01 3.418314e-02 -1.069988e-01
2.073514e+01 3.691099e-02 -1.011007e-01
2.073514e+01 3.985652e-02 -9.601198e-02
2.073514e+01 4.303711e-02 -9.113343e-02
2.073514e+01 4.647152e-02 -8.573757e-02
2.073514e+01 5.017999e-02 -7.920589e-02
2.073514e+01 5.418441e-02 -7.249300e-02
2.073514e+01 5.850838e-02 -6.699372e-02
2.073514e+01 6.317741e-02 -6.105560e-02
2.073514e+01 6.821903e-02 -5.464361e-02
2.073514e+01 7.366298e-02 -4.799141e-02
2.073514e+01 7.954136e-02 -4.358030e-02
2.073514e+01 8.588885e-02 -3.881718e-02
2.073514e+01 9.274286e-02 -3.367396e-02
2.073514e+01 1.001438e-01 -2.812030e-02
2.073514e+01 1.081354e-01 -2.525870e-02
2.073514e+01 1.167647e-01 -2.366458e-02
2.073514e+01 1.260827e-01 -2.194324e-02
2.073514e+01 1.361442e-01 -2.008454e-02
2.073514e+01 1.470087e-01 -1.818885e-02
2.073514e+01 1.587401e-01 -1.661613e-02
2.073514e+01 1.714077e-01 -1.491791e-02
2.073514e+01 1.850862e-01 -1.308417e-02
2.073514e+01 1.998563e-01 -1.110409e-02
2.073514e+01 2.158051e-01 -9.857860e-03
2.073514e+01 2.330265e-01 -8.690322e-03
2.073514e+01 2.516223e-01 -7.429612e-03
2.073514e+01 2.717020e-01 -6.068297e-03
2.073514e+01 2.933841e-01 -5.060195e-03
2.073514e+01 3.167964e-01 -4.558624e-03
2.073514e+01 3.420771e-01 -4.017026e-03
2.073514e+01 3.693752e-01 -3.432209e-03
2.073514e+01 3.988518e-01 -2.828336e-03
2.073514e+01 4.306805e-01 -2.563587e-03
2.073514e+01 4.650493e-01 -2.277712e-03
2.073514e+01 5.021607e-01 -1.969024e-03
2.073514e+01 5.422336e-01 -1.635701e-03
2.073514e+01 5.855044e-01 -1.431827e-03
2.073514e+01 6.322283e-01 -1.284403e-03
2.073514e+01 6.826808e-01 -1.125215e-03
2.073514e+01 7.371594e-01 -9.533228e-04
2.073514e+01 7.959855e-01 -8.013939e-04
2.073514e+01 8.595059e-01 -7.165928e-04
2.073514e+01 9.280954e-01 -6.250246e-04
2.073514e+01 1.002158e+00 -5.261491e-04
2.073514e+01 1.082132e+00 -4.193833e-04
2.073514e+01 1.168487e+00 -3.746169e-04
2.073514e+01 1.261733e+00 -3.322844e-04
2.073514e+01 1.362421e+00 -2.865736e-04
2.073514e+01 1.471144e+00 -2.372151e-04
2.073514e+01 1.588542e+00 -2.014221e-04
2.073514e+01 1.715310e+00 -1.780984e-04
2.073514e+01 1.852193e+00 -1.529135e-04
2.073514e+01 2.000000e+00 -1.257188e-04
2.116984e+01 1.000000e-03 -2.863328e-02
2.116984e+01 1.079801e-03 -3.073005e-02
2.116984e+01 1.165970e-03 -3.296311e-02
2.116984e+01 1.259016e-03 -3.533761e-02
2.116984e+01 1.359487e-03 -3.785799e-02
2.116984e+01 1.467975e-03 -4.052814e-02
2.116984e+01 1.585121e-03 -4.335103e-02
2.116984e+01 1.711615e-03 -4.632854e-02
2.116984e+01 1.848204e-03 -4.946150e-02
2.116984e+01 1.995693e-03 -5.274947e-02
2.116984e+01 2.154951e-03 -5.619063e-02
2.116984e+01 2.326918e-03 -5.978159e-02
2.116984e+01 2.512609e-03 -6.351728e-02
2.116984e+01 2.713117e-03 -6.739080e-02
2.116984e+01 2.929627e-03 -7.139318e-02
2.116984e+01 3.163414e-03 -7.551229e-02
2.116984e+01 3.415858e-03 -7.973258e-02
2.116984e+01 3.688447e-03 -8.403557e-02
2.116984e+01 3.982789e-03 -8.839806e-02
2.116984e+01 4.300619e-03 -9.279201e-02
2.116984e+01 4.643813e-03 -9.718558e-02
2.116984e+01 5.014394e-03 -1.015414e-01
2.116984e+01 5.414548e-03 -1.058168e-01
2.116984e+01 5.846635e-03 -1.099651e-01
2.116984e+01 6.313202e-03 -1.139321e-01
2.116984e+01 6.817002e-03 -1.176570e-01
2.116984e+01 7.361006e-03 -1.210757e-01
2.116984e+01 7.948422e-03 -1.241166e-01
2.116984e+01 8.582714e-03 -1.267021e-01
2.116984e+01 9.267624e-03 -1.287552e-01
2.116984e+01 1.000719e-02 -1.301938e-01
2.116984e+01 1.080577e-02 -1.309349e-01
2.116984e+01 1.166809e-02 -1.309041e-01
2.116984e+01 1.259921e-02 -1.300354e-01
2.116984e+01 1.360464e-02 -1.282760e-01
2.116984e+01 1.469030e-02 -1.255947e-01
2.116984e+01 1.586261e-02 -1.219980e-01
2.116984e+01 1.712846e-02 -1.175281e-01
2.116984e+01 1.849533e-02 -1.122549e-01
2.116984e+01 1.997127e-02 -1.063307e-01
2.116984e+01 2.156500e-02 -9.995921e-02
2.116984e+01 2.328591e-02 -9.333715e-02
2.116984e+01 2.514415e-02 -8.673463e-02
2.116984e+01 2.715068e-02 -8.043987e-02
2.116984e+01 2.931733e-02 -7.466923e-02
2.116984e+01 3.165689e-02 -6.958138e-02
2.116984e+01 3.418314e-02 -6.527174e-02
2.116984e+01 3.691099e-02 -6.167373e-02
2.116984e+01 3.985652e-02 -5.856951e-02
2.116984e+01 4.303711e-02 -5.559348e-02
2.116984e+01 4.647152e-02 -5.230188e-02
2.116984e+01 5.017999e-02 -4.831741e-02
2.116984e+01 5.418441e-02 -4.429049e-02
2.116984e+01 5.850838e-02 -4.112540e-02
2.116984e+01 6.317741e-02 -3.770773e-02
2.116984e+01 6.821903e-02 -3.401734e-02
2.116984e+01 7.366298e-02 -3.017691e-02
2.116984e+01 7.954136e-02 -2.750518e-02
2.116984e+01 8.588885e-02 -2.462024e-02
2.116984e+01 9.274286e-02 -2.150508e-02
2.116984e+01 1.001438e-01 -1.814133e-02
2.116984e+01 1.081354e-01 -1.638628e-02
2.116984e+01 1.167647e-01 -1.538676e-02
2.116984e+01 1.260827e-01 -1.430749e-02
2.116984e+01 1.361442e-01 -1.314208e-02
2.116984e+01 1.470087e-01 -1.194474e-02
2.116984e+01 1.587401e-01 -1.091200e-02
2.116984e+01 1.714077e-01 -9.796852e-03
2.116984e+01 1.850862e-01 -8.592710e-03
2.116984e+01 1.998563e-01 -7.292477e-03
2.116984e+01 2.158051e-01 -6.469778e-03
2.116984e+01 2.330265e-01 -5.697536e-03
2.116984e+01 2.516223e-01 -4.863670e-03
2.116984e+01 2.717020e-01 -3.963259e-03
2.116984e+01 2.933841e-01 -3.300794e-03
2.116984e+01 3.167964e-01 -2.979198e-03
2.116984e+01 3.420771e-01 -2.631938e-03
2.116984e+01 3.693752e-01 -2.256966e-03
2.116984e+01 3.988518e-01 -1.869462e-03
2.116984e+01 4.306805e-01 -1.694981e-03
2.116984e+01 4.650493e-01 -1.506575e-03
2.116984e+01 5.021607e-01 -1.303134e-03
2.116984e+01 5.422336e-01 -1.083459e-03
2.116984e+01 5.855044e-01 -9.489336e-04
2.116984e+01 6.322283e-01 -8.515225e-04
2.116984e+01 6.826808e-01 -7.463378e-04
2.116984e+01 7.371594e-01 -6.327593e-04
2.116984e+01 7.959855e-01 -5.321954e-04
2.116984e+01 8.595059e-01 -4.755584e-04
2.116984e+01 9.280954e-01 -4.144018e-04
2.116984e+01 1.002158e+00 -3.483647e-04
2.116984e+01 1.082132e+00 -2.770579e-04
2.116984e+01 1.168487e+00 -2.475372e-04
2.116984e+01 1.261733e+00 -2.197042e-04
2.116984e+01 1.362421e+00 -1.896502e-04
2.116984e+01 1.471144e+00 -1.571978e-04
2.116984e+01 1.588542e+00 -1.335103e-04
2.116984e+01 1.715310e+00 -1.178737e-04
2.116984e+01 1.852193e+00 -1.009894e-04
2.116984e+01 2.000000e+00 -8.275761e-05
2.161324e+01 1.000000e-03 -1.733533e-02
2.161324e+01 1.079801e-03 -1.860520e-02
2.161324e+01 1.165970e-03 -1.995769e-02
2.161324e+01 1.259016e-03 -2.139593e-02
2.161324e+01 1.359487e-03 -2.292263e-02
2.161324e+01 1.467975e-03 -2.454014e-02
2.161324e+01 1.585121e-03 -2.625029e-02
2.161324e+01 1.711615e-03 -2.805420e-02
2.161324e+01 1.848204e-03 -2.995236e-02
2.161324e+01 1.995693e-03 -3.194450e-02
2.161324e+01 2.154951e-03 -3.402949e-02
2.161324e+01 2.326918e-03 -3.620523e-02
2.161324e+01 2.512609e-03 -3.846862e-02
2.161324e+01 2.713117e-03 -4.081547e-02
2.161324e+01 2.929627e-03 -4.324030e-02
2.161324e+01 3.163414e-03 -4.573577e-02
2.161324e+01 3.415858e-03 -4.829248e-02
2.161324e+01 3.688447e-03 -5.089929e-02
2.161324e+01 3.982789e-03 -5.354215e-02
2.161324e+01 4.300619e-03 -5.620407e-02
2.161324e+01 4.643813e-03 -5.886573e-02
2.161324e+01 5.014394e-03 -6.150453e-02
2.161324e+01 5.414548e-03 -6.409457e-02
2.161324e+01 5.846635e-03 -6.660757e-02
2.161324e+01 6.313202e-03 -6.901076e-02
2.161324e+01 6.817002e-03 -7.126727e-02
2.161324e+01 7.361006e-03 -7.333831e-02
2.161324e+01 7.948422e-03 -7.518048e-02
2.161324e+01 8.582714e-03 -7.674682e-02
2.161324e+01 9.267624e-03 -7.799059e-02
2.161324e+01 1.000719e-02 -7.886215e-02
2.161324e+01 1.080577e-02 -7.931116e-02
2.161324e+01 1.166809e-02 -7.929258e-02
2.161324e+01 1.259921e-02 -7.876642e-02
2.161324e+01 1.360464e-02 -7.770072e-02
2.161324e+01 1.469030e-02 -7.607668e-02
2.161324e+01 1.586261e-02 -7.389819e-02
2.161324e+01 1.712846e-02 -7.119073e-02
2.161324e+01 1.849533e-02 -6.799671e-02
2.161324e+01 1.997127e-02 -6.440826e-02
2.161324e+01 2.156500e-02 -6.054884e-02
2.161324e+01 2.328591e-02 -5.653765e-02
2.161324e+01 2.514415e-02 -5.253829e-02
2.161324e+01 2.715068e-02 -4.872535e-02
2.161324e+01 2.931733e-02 -4.522988e-02
2.161324e+01 3.165689e-02 -4.214798e-02
2.161324e+01 3.418314e-02 -3.953748e-02
2.161324e+01 3.691099e-02 -3.735804e-02
2.161324e+01 3.985652e-02 -3.547769e-02
2.161324e+01 4.303711e-02 -3.367500e-02
2.161324e+01 4.647152e-02 -3.168116e-02
2.161324e+01 5.017999e-02 -2.926762e-02
2.161324e+01 5.418441e-02 -2.676643e-02
2.161324e+01 5.850838e-02 -2.467676e-02
2.161324e+01 6.317741e-02 -2.242033e-02
2.161324e+01 6.821903e-02 -1.998383e-02
2.161324e+01 7.366298e-02 -1.747965e-02
2.161324e+01 7.954136e-02 -1.606999e-02
2.161324e+01 8.588885e-02 -1.454783e-02
2.161324e+01 9.274286e-02 -1.290420e-02
2.161324e+01 1.001438e-01 -1.112941e-02
2.161324e+01 1.081354e-01 -1.011028e-02
2.161324e+01 1.167647e-01 -9.437928e-03
2.161324e+01 1.260827e-01 -8.711922e-03
2.161324e+01 1.361442e-01 -7.927980e-03
2.161324e+01 1.470087e-01 -7.137892e-03
2.161324e+01 1.587401e-01 -6.525064e-03
2.161324e+01 1.714077e-01 -5.863331e-03
2.161324e+01 1.850862e-01 -5.148791e-03
2.161324e+01 1.998563e-01 -4.377230e-03
2.161324e+01 2.158051e-01 -3.885617e-03
2.161324e+01 2.330265e-01 -3.422989e-03
2.161324e+01 2.516223e-01 -2.923443e-03
2.161324e+01 2.717020e-01 -2.384033e-03
2.161324e+01 2.933841e-01 -1.988905e-03
2.161324e+01 3.167964e-01 -1.800327e-03
2.161324e+01 3.420771e-01 -1.596700e-03
2.161324e+01 3.693752e-01 -1.376824e-03
2.161324e+01 3.988518e-01 -1.149301e-03
2.161324e+01 4.306805e-01 -1.042480e-03
2.161324e+01 4.650493e-01 -9.271354e-04
2.161324e+01 5.021607e-01 -8.025859e-04
2.161324e+01 5.422336e-01 -6.680972e-04
2.161324e+01 5.855044e-01 -5.861282e-04
2.161324e+01 6.322283e-01 -5.270939e-04
2.161324e+01 6.826808e-01 -4.633486e-04
2.161324e+01 7.371594e-01 -3.945164e-04
2.161324e+01 7.959855e-01 -3.333193e-04
2.161324e+01 8.595059e-01 -2.981294e-04
2.161324e+01 9.280954e-01 -2.601313e-04
2.161324e+01 1.002158e+00 -2.191010e-04
2.161324e+01 1.082132e+00 -1.747964e-04
2.161324e+01 1.168487e+00 -1.561065e-04
2.161324e+01 1.261733e+00 -1.384080e-04
2.161324e+01 1.362421e+00 -1.192971e-04
2.161324e+01 1.471144e+00 -9.866113e-05
2.161324e+01 1.588542e+00 -8.374067e-05
2.161324e+01 1.715310e+00 -7.407553e-05
2.161324e+01 1.852193e+00 -6.363910e-05
2.161324e+01 2.000000e+00 -5.236983e-05
2.206550e+01 1.000000e-03 -1.039389e-02
2.206550e+01 1.079801e-03 -1.115554e-02
2.206550e+01 1.165970e-03 -1.196678e-02
2.206550e+01 1.259016e-03 -1.282952e-02
2.206550e+01 1.359487e-03 -1.374537e-02
2.206550e+01 1.467975e-03 -1.471577e-02
2.206550e+01 1.585121e-03 -1.574180e-02
2.206550e+01 1.711615e-03 -1.682414e-02
2.206550e+01 1.848204e-03 -1.796309e-02
2.206550e+01 1.995693e-03 -1.915847e-02
2.206550e+01 2.154951e-03 -2.040957e-02
2.206550e+01 2.326918e-03 -2.171514e-02
2.206550e+01 2.512609e-03 -2.307328e-02
2.206550e+01 2.713117e-03 -2.448145e-02
2.206550e+01 2.929627e-03 -2.593637e-02
2.206550e+01 3.163414e-03 -2.743363e-02
2.206550e+01 3.415858e-03 -2.896759e-02
2.206550e+01 3.688447e-03 -3.053161e-02
2.206550e+01 3.982789e-03 -3.211725e-02
2.206550e+01 4.300619e-03 -3.371433e-02
2.206550e+01 4.643813e-03 -3.531124e-02
2.206550e+01 5.014394e-03 -3.689442e-02
2.206550e+01 5.414548e-03 -3.844834e-02
2.206550e+01 5.846635e-03 -3.995604e-02
2.206550e+01 6.313202e-03 -4.139785e-02
2.206550e+01 6.817002e-03 -4.275165e-02
2.206550e+01 7.361006e-03 -4.399418e-02
2.206550e+01 7.948422e-03 -4.509940e-02
2.206550e+01 8.582714e-03 -4.603914e-02
2.206550e+01 9.267624e-03 -4.678537e-02
2.206550e+01 1.000719e-02 -4.730830e-02
2.206550e+01 1.080577e-02 -4.757774e-02
2.206550e+01 1.166809e-02 -4.756665e-02
2.206550e+01 1.259921e-02 -4.725105e-02
2.206550e+01 1.360464e-02 -4.661178e-02
2.206550e+01 1.469030e-02 -4.563759e-02
2.206550e+01 1.586261e-02 -4.433081e-02
2.206550e+01 1.712846e-02 -4.270670e-02
2.206550e+01 1.849533e-02 -4.079069e-02
2.206550e+01 1.997127e-02 -3.863803e-02
2.206550e+01 2.156500e-02 -3.632281e-02
2.206550e+01 2.328591e-02 -3.391655e-02
2.206550e+01 2.514415e-02 -3.151738e-02
2.206550e+01 2.715068e-02 -2.923003e-02
2.206550e+01 2.931733e-02 -2.713312e-02
2.206550e+01 3.165689e-02 -2.528432e-02
2.206550e+01 3.418314e-02 -2.371830e-02
2.206550e+01 3.691099e-02 -2.241086e-02
2.206550e+01 3.985652e-02 -2.128285e-02
2.206550e+01 4.303711e-02 -2.020143e-02
2.206550e+01 4.647152e-02 -1.900534e-02
2.206550e+01 5.017999e-02 -1.755747e-02
2.206550e+01 5.418441e-02 -1.604008e-02
2.206550e+01 5.850838e-02 -1.473931e-02
2.206550e+01 6.317741e-02 -1.333473e-02
2.206550e+01 6.821903e-02 -1.181807e-02
2.206550e+01 7.366298e-02 -1.026517e-02
2.206550e+01 7.954136e-02 -9.454118e-03
2.206550e+01 8.588885e-02 -8.578347e-03
2.206550e+01 9.274286e-02 -7.632690e-03
2.206550e+01 1.001438e-01 -6.611567e-03
2.206550e+01 1.081354e-01 -5.990416e-03
2.206550e+01 1.167647e-01 -5.549401e-03
2.206550e+01 1.260827e-01 -5.073192e-03
2.206550e+01 1.361442e-01 -4.558980e-03
2.206550e+01 1.470087e-01 -4.050864e-03
2.206550e+01 1.587401e-01 -3.702959e-03
2.206550e+01 1.714077e-01 -3.327291e-03
2.206550e+01 1.850862e-01 -2.921645e-03
2.206550e+01 1.998563e-01 -2.483628e-03
2.206550e+01 2.158051e-01 -2.210953e-03
2.206550e+01 2.330265e-01 -1.956526e-03
2.206550e+01 2.516223e-01 -1.681795e-03
2.206550e+01 2.717020e-01 -1.385141e-03
2.206550e+01 2.933841e-01 -1.164543e-03
2.206550e+01 3.167964e-01 -1.053090e-03
2.206550e+01 3.420771e-01 -9.327444e-04
2.206550e+01 3.693752e-01 -8.027945e-04
2.206550e+01 3.988518e-01 -6.684348e-04
2.206550e+01 4.306805e-01 -6.069562e-04
2.206550e+01 4.650493e-01 -5.405716e-04
2.206550e+01 5.021607e-01 -4.688895e-04
2.206550e+01 5.422336e-01 -3.914870e-04
2.206550e+01 5.855044e-01 -3.440746e-04
2.206550e+01 6.322283e-01 -3.097328e-04
2.206550e+01 6.826808e-01 -2.726505e-04
2.206550e+01 7.371594e-01 -2.326090e-04
2.206550e+01 7.959855e-01 -1.970674e-04
2.206550e+01 8.595059e-01 -1.767973e-04
2.206550e+01 9.280954e-01 -1.549097e-04
2.206550e+01 1.002158e+00 -1.312754e-04
2.206550e+01 1.082132e+00 -1.057550e-04
2.206550e+01 1.168487e+00 -9.465160e-05
2.206550e+01 1.261733e+00 -8.406349e-05
2.206550e+01 1.362421e+00 -7.263043e-05
2.206550e+01 1.471144e+00 -6.028501e-05
2.206550e+01 1.588542e+00 -5.132160e-05
2.206550e+01 1.715310e+00 -4.546656e-05
2.206550e+01 1.852193e+00 -3.914428e-05
2.206550e+01 2.000000e+00 -3.231748e-05
2.252681e+01 1.000000e-03 4.741102e-04
2.252681e+01 1.079801e-03 5.088637e-04
2.252681e+01 1.165970e-03 5.458830e-04
2.252681e+01 1.259016e-03 5.852543e-04
2.252681e+01 1.359487e-03 6.270525e-04
2.252681e+01 1.467975e-03 6.713428e-04
2.252681e+01 1.585121e-03 7.181751e-04
2.252681e+01 1.711615e-03 7.675805e-04
2.252681e+01 1.848204e-03 8.195722e-04
2.252681e+01 1.995693e-03 8.741418e-04
2.252681e+01 2.154951e-03 9.312566e-04
2.252681e+01 2.326918e-03 9.908575e-04
2.252681e+01 2.512609e-03 1.052858e-03
2.252681e+01 2.713117e-03 1.117141e-03
2.252681e+01 2.929627e-03 1.183555e-03
2.252681e+01 3.163414e-03 1.251899e-03
2.252681e+01 3.415858e-03 1.321918e-03
2.252681e+01 3.688447e-03 1.393307e-03
2.252681e+01 3.982789e-03 1.465684e-03
2.252681e+01 4.300619e-03 1.538583e-03
2.252681e+01 4.643813e-03 1.611473e-03
2.252681e+01 5.014394e-03 1.683737e-03
2.252681e+01 5.414548e-03 1.754664e-03
2.252681e+01 5.846635e-03 1.823481e-03
2.252681e+01 6.313202e-03 1.889291e-03
2.252681e+01 6.817002e-03 1.951083e-03
2.252681e+01 7.361006e-03 2.007797e-03
2.252681e+01 7.948422e-03 2.058244e-03
2.252681e+01 8.582714e-03 2.101137e-03
2.252681e+01 9.267624e-03 2.135199e-03
2.252681e+01 1.000719e-02 2.159069e-03
2.252681e+01 1.080577e-02 2.171370e-03
2.252681e+01 1.166809e-02 2.170867e-03
2.252681e+01 1.259921e-02 2.156466e-03
2.252681e+01 1.360464e-02 2.127293e-03
2.252681e+01 1.469030e-02 2.082835e-03
2.252681e+01 1.586261e-02 2.023198e-03
2.252681e+01 1.712846e-02 1.949078e-03
2.252681e+01 1.849533e-02 1.861636e-03
2.252681e+01 1.997127e-02 1.763393e-03
2.252681e+01 2.156500e-02 1.657730e-03
2.252681e+01 2.328591e-02 1.547912e-03
2.252681e+01 2.514415e-02 1.438417e-03
2.252681e+01 2.715068e-02 1.334026e-03
2.252681e+01 2.931733e-02 1.238326e-03
2.252681e+01 3.165689e-02 1.153949e-03
2.252681e+01 3.418314e-02 1.082477e-03
2.252681e+01 3.691099e-02 1.022807e-03
2.252681e+01 3.985652e-02 9.713262e-04
2.252681e+01 4.303711e-02 9.219712e-04
2.252681e+01 4.647152e-02 8.673829e-04
2.252681e+01 5.017999e-02 8.013040e-04
2.252681e+01 5.418441e-02 7.406450e-04
2.252681e+01 5.850838e-02 7.052063e-04
2.252681e+01 6.317741e-02 6.669397e-04
2.252681e+01 6.821903e-02 6.256193e-04
2.252681e+01 7.366298e-02 5.805166e-04
2.252681e+01 7.954136e-02 5.268638e-04
2.252681e+01 8.588885e-02 4.689294e-04
2.252681e+01 9.274286e-02 4.063718e-04
2.252681e+01 1.001438e-01 3.388220e-04
2.252681e+01 1.081354e-01 2.999393e-04
2.252681e+01 1.167647e-01 2.742026e-04
2.252681e+01 1.260827e-01 2.464121e-04
2.252681e+01 1.361442e-01 2.164038e-04
2.252681e+01 1.470087e-01 1.871473e-04
2.252681e+01 1.587401e-01 1.689588e-04
2.252681e+01 1.714077e-01 1.493189e-04
2.252681e+01 1.850862e-01 1.281116e-04
2.252681e+01 1.998563e-01 1.052121e-04
2.252681e+01 2.158051e-01 9.332581e-05
2.252681e+01 2.330265e-01 8.305588e-05
2.252681e+01 2.516223e-01 7.196640e-05
2.252681e+01 2.717020e-01 5.999197e-05
2.252681e+01 2.933841e-01 5.070217e-05
2.252681e+01 3.167964e-01 4.529747e-05
2.252681e+01 3.420771e-01 3.946148e-05
2.252681e+01 3.693752e-01 3.315976e-05
2.252681e+01 3.988518e-01 2.666301e-05
2.252681e+01 4.306805e-01 2.396582e-05
2.252681e+01 4.650493e-01 2.105340e-05
2.252681e+01 5.021607e-01 1.790857e-05
2.252681e+01 5.422336e-01 1.451277e-05
2.252681e+01 5.855044e-01 1.243739e-05
2.252681e+01 6.322283e-01 1.093800e-05
2.252681e+01 6.826808e-01 9.318957e-06
2.252681e+01 7.371594e-01 7.570713e-06
2.252681e+01 7.959855e-01 6.052962e-06
2.252681e+01 8.595059e-01 5.284745e-06
2.252681e+01 9.280954e-01 4.455224e-06
2.252681e+01 1.002158e+00 3.559506e-06
2.252681e+01 1.082132e+00 2.592309e-06
2.252681e+01 1.168487e+00 2.198053e-06
2.252681e+01 1.261733e+00 1.827705e-06
2.252681e+01 1.362421e+00 1.427803e-06
2.252681e+01 1.471144e+00 9.959885e-07
2.252681e+01 1.588542e+00 7.194137e-07
2.252681e+01 1.715310e+00 5.868569e-07
2.252681e+01 1.852193e+00 4.437219e-07
2.252681e+01 2.000000e+00 2.891646e-07
2.299735e+01 1.000000e-03 4.459136e-04
2.299735e+01 1.079801e-03 4.786113e-04
2.299735e+01 1.165970e-03 5.134430e-04
2.299735e+01 1.259016e-03 5.504901e-04
2.299735e+01 1.359487e-03 5.898234e-04
2.299735e+01 1.467975e-03 6.315046e-04
2.299735e+01 1.585121e-03 6.755809e-04
2.299735e+01 1.711615e-03 7.220816e-04
2.299735e+01 1.848204e-03 7.710190e-04
2.299735e+01 1.995693e-03 8.223847e-04
2.299735e+01 2.154951e-03 8.761474e-04
2.299735e+01 2.326918e-03 9.322505e-04
2.299735e+01 2.512609e-03 9.906116e-04
2.299735e+01 2.713117e-03 1.051120e-03
2.299735e+01 2.929627e-03 1.113632e-03
2.299735e+01 3.163414e-03 1.177958e-03
2.299735e+01 3.415858e-03 1.243859e-03
2.299735e+01 3.688447e-03 1.311050e-03
2.299735e+01 3.982789e-03 1.379169e-03
2.299735e+01 4.300619e-03 1.447779e-03
2.299735e+01 4.643813e-03 1.516382e-03
2.299735e+01 5.014394e-03 1.584394e-03
2.299735e+01 5.414548e-03 1.651148e-03
2.299735e+01 5.846635e-03 1.715916e-03
2.299735e+01 6.313202e-03 1.777853e-03
2.299735e+01 6.817002e-03 1.836009e-03
2.299735e+01 7.361006e-03 1.889385e-03
2.299735e+01 7.948422e-03 1.936863e-03
2.299735e+01 8.582714e-03 1.977233e-03
2.299735e+01 9.267624e-03 2.009291e-03
2.299735e+01 1.000719e-02 2.031758e-03
2.299735e+01 1.080577e-02 2.043337e-03
2.299735e+01 1.166809e-02 2.042867e-03
2.299735e+01 1.259921e-02 2.029319e-03
2.299735e+01 1.360464e-02 2.001869e-03
2.299735e+01 1.469030e-02 1.960035e-03
2.299735e+01 1.586261e-02 1.903915e-03
2.299735e+01 1.712846e-02 1.834167e-03
2.299735e+01 1.849533e-02 1.751881e-03
2.299735e+01 1.997127e-02 1.659432e-03
2.299735e+01 2.156500e-02 1.560000e-03
2.299735e+01 2.328591e-02 1.456657e-03
2.299735e+01 2.514415e-02 1.353618e-03
2.299735e+01 2.715068e-02 1.255381e-03
2.299735e+01 2.931733e-02 1.165323e-03
2.299735e+01 3.165689e-02 1.085921e-03
2.299735e+01 3.418314e-02 1.018663e-03
2.299735e+01 3.691099e-02 9.625105e-04
2.299735e+01 3.985652e-02 9.140643e-04
2.299735e+01 4.303711e-02 8.676189e-04
2.299735e+01 4.647152e-02 8.162487e-04
2.299735e+01 5.017999e-02 7.540654e-04
2.299735e+01 5.418441e-02 6.969993e-04
2.299735e+01 5.850838e-02 6.636969e-04
2.299735e+01 6.317741e-02 6.277369e-04
2.299735e+01 6.821903e-02 5.889072e-04
2.299735e+01 7.366298e-02 5.465140e-04
2.299735e+01 7.954136e-02 4.959907e-04
2.299735e+01 8.588885e-02 4.414357e-04
2.299735e+01 9.274286e-02 3.825271e-04
2.299735e+01 1.001438e-01 3.189175e-04
2.299735e+01 1.081354e-01 2.823213e-04
2.299735e+01 1.167647e-01 2.581147e-04
2.299735e+01 1.260827e-01 2.319763e-04
2.299735e+01 1.361442e-01 2.037520e-04
2.299735e+01 1.470087e-01 1.762382e-04
2.299735e+01 1.587401e-01 1.591496e-04
2.299735e+01 1.714077e-01 1.406973e-04
2.299735e+01 1.850862e-01 1.207725e-04
2.299735e+01 1.998563e-01 9.925764e-05
2.299735e+01 2.158051e-01 8.808896e-05
2.299735e+01 2.330265e-01 7.843852e-05
2.299735e+01 2.516223e-01 6.801797e-05
2.299735e+01 2.717020e-01 5.676585e-05
2.299735e+01 2.933841e-01 4.803440e-05
2.299735e+01 3.167964e-01 4.295099e-05
2.299735e+01 3.420771e-01 3.746191e-05
2.299735e+01 3.693752e-01 3.153481e-05
2.299735e+01 3.988518e-01 2.542328e-05
2.299735e+01 4.306805e-01 2.287182e-05
2.299735e+01 4.650493e-01 2.011675e-05
2.299735e+01 5.021607e-01 1.714182e-05
2.299735e+01 5.422336e-01 1.392949e-05
2.299735e+01 5.855044e-01 1.195699e-05
2.299735e+01 6.322283e-01 1.052432e-05
2.299735e+01 6.826808e-01 8.977317e-06
2.299735e+01 7.371594e-01 7.306864e-06
2.299735e+01 7.959855e-01 5.855008e-06
2.299735e+01 8.595059e-01 5.115343e-06
2.299735e+01 9.280954e-01 4.316652e-06
2.299735e+01 1.002158e+00 3.454224e-06
2.299735e+01 1.082132e+00 2.522973e-06
2.299735e+01 1.168487e+00 2.141504e-06
2.299735e+01 1.261733e+00 1.782747e-06
2.299735e+01 1.362421e+00 1.395361e-06
2.299735e+01 1.471144e+00 9.770608e-07
2.299735e+01 1.588542e+00 7.084104e-07
2.299735e+01 1.715310e+00 5.785719e-07
2.299735e+01 1.852193e+00 4.383721e-07
2.299735e+01 2.000000e+00 2.869841e-07
2.347730e+01 1.000000e-03 4.180025e-04
2.347730e+01 1.079801e-03 4.486640e-04
2.347730e+01 1.165970e-03 4.813287e-04
2.347730e+01 1.259016e-03 5.160733e-04
2.347730e+01 1.359487e-03 5.529643e-04
2.347730e+01 1.467975e-03 5.920603e-04
2.347730e+01 1.585121e-03 6.334054e-04
2.347730e+01 1.711615e-03 6.770274e-04
2.347730e+01 1.848204e-03 7.229376e-04
2.347730e+01 1.995693e-03 7.711279e-04
2.347730e+01 2.154951e-03 8.215683e-04
2.347730e+01 2.326918e-03 8.742049e-04
2.347730e+01 2.512609e-03 9.289593e-04
2.347730e+01 2.713117e-03 9.857270e-04
2.347730e+01 2.929627e-03 1.044373e-03
2.347730e+01 3.163414e-03 1.104718e-03
2.347730e+01 3.415858e-03 1.166539e-03
2.347730e+01 3.688447e-03 1.229568e-03
2.347730e+01 3.982789e-03 1.293469e-03
2.347730e+01 4.300619e-03 1.357830e-03
2.347730e+01 4.643813e-03 1.422184e-03
2.347730e+01 5.014394e-03 1.485984e-03
2.347730e+01 5.414548e-03 1.548603e-03
2.347730e+01 5.846635e-03 1.609359e-03
2.347730e+01 6.313202e-03 1.667458e-03
2.347730e+01 6.817002e-03 1.722011e-03
2.347730e+01 7.361006e-03 1.772080e-03
2.347730e+01 7.948422e-03 1.816616e-03
2.347730e+01 8.582714e-03 1.854486e-03
2.347730e+01 9.267624e-03 1.884559e-03
2.347730e+01 1.000719e-02 1.905635e-03
2.347730e+01 1.080577e-02 1.916500e-03
2.347730e+01 1.166809e-02 1.916063e-03
2.347730e+01 1.259921e-02 1.903359e-03
2.347730e+01 1.360464e-02 1.877616e-03
2.347730e+01 1.469030e-02 1.838380e-03
2.347730e+01 1.586261e-02 1.785746e-03
2.347730e+01 1.712846e-02 1.720327e-03
2.347730e+01 1.849533e-02 1.643150e-03
2.347730e+01 1.997127e-02 1.556440e-03
2.347730e+01 2.156500e-02 1.463181e-03
2.347730e+01 2.328591e-02 1.366253e-03
2.347730e+01 2.514415e-02 1.269609e-03
2.347730e+01 2.715068e-02 1.177470e-03
2.347730e+01 2.931733e-02 1.093002e-03
2.347730e+01 3.165689e-02 1.018527e-03
2.347730e+01 3.418314e-02 9.554431e-04
2.347730e+01 3.691099e-02 9.027759e-04
2.347730e+01 3.985652e-02 8.573363e-04
2.347730e+01 4.303711e-02 8.137733e-04
2.347730e+01 4.647152e-02 7.655913e-04
2.347730e+01 5.017999e-02 7.072672e-04
2.347730e+01 5.418441e-02 6.537685e-04
2.347730e+01 5.850838e-02 6.226045e-04
2.347730e+01 6.317741e-02 5.889536e-04
2.347730e+01 6.821903e-02 5.526173e-04
2.347730e+01 7.366298e-02 5.129324e-04
2.347730e+01 7.954136e-02 4.654972e-04
2.347730e+01 8.588885e-02 4.142765e-04
2.347730e+01 9.274286e-02 3.589683e-04
2.347730e+01 1.001438e-01 2.992465e-04
2.347730e+01 1.081354e-01 2.649151e-04
2.347730e+01 1.167647e-01 2.422314e-04
2.347730e+01 1.260827e-01 2.177376e-04
2.347730e+01 1.361442e-01 1.912891e-04
2.347730e+01 1.470087e-01 1.655069e-04
2.347730e+01 1.587401e-01 1.494958e-04
2.347730e+01 1.714077e-01 1.322070e-04
2.347730e+01 1.850862e-01 1.135386e-04
2.347730e+01 1.998563e-01 9.338041e-05
2.347730e+01 2.158051e-01 8.292130e-05
2.347730e+01 2.330265e-01 7.388618e-05
2.347730e+01 2.516223e-01 6.413006e-05
2.347730e+01 2.717020e-01 5.359538e-05
2.347730e+01 2.933841e-01 4.541564e-05
2.347730e+01 3.167964e-01 4.064456e-05
2.347730e+01 3.420771e-01 3.549274e-05
2.347730e+01 3.693752e-01 2.992980e-05
2.347730e+01 3.988518e-01 2.419282e-05
2.347730e+01 4.306805e-01 2.178371e-05
2.347730e+01 4.650493e-01 1.918235e-05
2.347730e+01 5.021607e-01 1.637340e-05
2.347730e+01 5.422336e-01 1.334030e-05
2.347730e+01 5.855044e-01 1.146920e-05
2.347730e+01 6.322283e-01 1.010308e-05
2.347730e+01 6.826808e-01 8.627949e-06
2.347730e+01 7.371594e-01 7.035099e-06
2.347730e+01 7.959855e-01 5.649315e-06
2.347730e+01 8.595059e-01 4.939285e-06
2.347730e+01 9.280954e-01 4.172593e-06
2.347730e+01 1.002158e+00 3.344720e-06
2.347730e+01 1.082132e+00 2.450780e-06
2.347730e+01 1.168487e+00 2.082584e-06
2.347730e+01 1.261733e+00 1.735858e-06
2.347730e+01 1.362421e+00 1.361463e-06
2.347730e+01 1.471144e+00 9.571913e-07
2.347730e+01 1.588542e+00 6.967951e-07
2.347730e+01 1.715310e+00 5.698339e-07
2.347730e+01 1.852193e+00 4.327411e-07
2.347730e+01 2.000000e+00 2.847082e-07
2.396684e+01 1.000000e-03 3.905883e-04
2.396684e+01 1.079801e-03 4.192489e-04
2.396684e+01 1.165970e-03 4.497837e-04
2.396684e+01 1.259016e-03 4.822649e-04
2.396684e+01 1.359487e-03 5.167552e-04
2.396684e+01 1.467975e-03 5.533094e-04
2.396684e+01 1.585121e-03 5.919692e-04
2.396684e+01 1.711615e-03 6.327605e-04
2.396684e+01 1.848204e-03 6.756939e-04
2.396684e+01 1.995693e-03 7.207616e-04
2.396684e+01 2.154951e-03 7.679349e-04
2.396684e+01 2.326918e-03 8.171626e-04
2.396684e+01 2.512609e-03 8.683706e-04
2.396684e+01 2.713117e-03 9.214604e-04
2.396684e+01 2.929627e-03 9.763045e-04
2.396684e+01 3.163414e-03 1.032736e-03
2.396684e+01 3.415858e-03 1.090545e-03
2.396684e+01 3.688447e-03 1.149484e-03
2.396684e+01 3.982789e-03 1.209238e-03
2.396684e+01 4.300619e-03 1.269421e-03
2.396684e+01 4.643813e-03 1.329598e-03
2.396684e+01 5.014394e-03 1.389257e-03
2.396684e+01 5.414548e-03 1.447811e-03
2.396684e+01 5.846635e-03 1.504622e-03
2.396684e+01 6.313202e-03 1.558949e-03
2.396684e+01 6.817002e-03 1.609960e-03
2.396684e+01 7.361006e-03 1.656777e-03
2.396684e+01 7.948422e-03 1.698423e-03
2.396684e+01 8.582714e-03 1.733834e-03
2.396684e+01 9.267624e-03 1.761955e-03
2.396684e+01 1.000719e-02 1.781664e-03
2.396684e+01 1.080577e-02 1.791825e-03
2.396684e+01 1.166809e-02 1.791421e-03
2.396684e+01 1.259921e-02 1.779547e-03
2.396684e+01 1.360464e-02 1.755481e-03
2.396684e+01 1.469030e-02 1.718800e-03
2.396684e+01 1.586261e-02 1.669590e-03
2.396684e+01 1.712846e-02 1.608429e-03
2.396684e+01 1.849533e-02 1.536273e-03
2.396684e+01 1.997127e-02 1.455204e-03
2.396684e+01 2.156500e-02 1.368012e-03
2.396684e+01 2.328591e-02 1.277389e-03
2.396684e+01 2.514415e-02 1.187032e-03
2.396684e+01 2.715068e-02 1.100886e-03
2.396684e+01 2.931733e-02 1.021912e-03
2.396684e+01 3.165689e-02 9.522816e-04
2.396684e+01 3.418314e-02 8.933010e-04
2.396684e+01 3.691099e-02 8.440592e-04
2.396684e+01 3.985652e-02 8.015750e-04
2.396684e+01 4.303711e-02 7.608453e-04
2.396684e+01 4.647152e-02 7.157971e-04
2.396684e+01 5.017999e-02 6.612665e-04
2.396684e+01 5.418441e-02 6.112734e-04
2.396684e+01 5.850838e-02 5.822087e-04
2.396684e+01 6.317741e-02 5.508245e-04
2.396684e+01 6.821903e-02 5.169359e-04
2.396684e+01 7.366298e-02 4.799110e-04
2.396684e+01 7.954136e-02 4.355217e-04
2.396684e+01 8.588885e-02 3.875902e-04
2.396684e+01 9.274286e-02 3.358336e-04
2.396684e+01 1.001438e-01 2.799468e-04
2.396684e+01 1.081354e-01 2.478448e-04
2.396684e+01 1.167647e-01 2.266565e-04
2.396684e+01 1.260827e-01 2.037774e-04
2.396684e+01 1.361442e-01 1.790725e-04
2.396684e+01 1.470087e-01 1.549901e-04
2.396684e+01 1.587401e-01 1.400361e-04
2.396684e+01 1.714077e-01 1.238888e-04
2.396684e+01 1.850862e-01 1.064528e-04
2.396684e+01 1.998563e-01 8.762549e-05
2.396684e+01 2.158051e-01 7.786042e-05
2.396684e+01 2.330265e-01 6.942633e-05
2.396684e+01 2.516223e-01 6.031918e-05
2.396684e+01 2.717020e-01 5.048528e-05
2.396684e+01 2.933841e-01 4.284344e-05
2.396684e+01 3.167964e-01 3.837512e-05
2.396684e+01 3.420771e-01 3.355022e-05
2.396684e+01 3.693752e-01 2.834028e-05
2.396684e+01 3.988518e-01 2.296653e-05
2.396684e+01 4.306805e-01 2.069781e-05
2.396684e+01 4.650493e-01 1.824803e-05
2.396684e+01 5.021607e-01 1.560277e-05
2.396684e+01 5.422336e-01 1.274640e-05
2.396684e+01 5.855044e-01 1.097576e-05
2.396684e+01 6.322283e-01 9.676003e-06
2.396684e+01 6.826808e-01 8.272519e-06
2.396684e+01 7.371594e-01 6.757037e-06
2.396684e+01 7.959855e-01 5.437330e-06
2.396684e+01 8.595059e-01 4.757560e-06
2.396684e+01 9.280954e-01 4.023543e-06
2.396684e+01 1.002158e+00 3.230951e-06
2.396684e+01 1.082132e+00 2.375109e-06
2.396684e+01 1.168487e+00 2.020698e-06
2.396684e+01 1.261733e+00 1.686528e-06
2.396684e+01 1.362421e+00 1.325692e-06
2.396684e+01 1.471144e+00 9.360599e-07
2.396684e+01 1.588542e+00 6.843213e-07
2.396684e+01 1.715310e+00 5.604479e-07
2.396684e+01 1.852193e+00 4.266892e-07
2.396684e+01 2.000000e+00 2.822565e-07
2.446618e+01 1.000000e-03 3.637987e-04
2.446618e+01 1.079801e-03 3.905026e-04
2.446618e+01 1.165970e-03 4.189548e-04
2.446618e+01 1.259016e-03 4.492226e-04
2.446618e+01 1.359487e-03 4.813647e-04
2.446618e+01 1.467975e-03 5.154328e-04
2.446618e+01 1.585121e-03 5.514657e-04
2.446618e+01 1.711615e-03 5.894878e-04
2.446618e+01 1.848204e-03 6.295088e-04
2.446618e+01 1.995693e-03 6.715214e-04
2.446618e+01 2.154951e-03 7.154981e-04
2.446618e+01 2.326918e-03 7.613906e-04
2.446618e+01 2.512609e-03 8.091292e-04
2.446618e+01 2.713117e-03 8.586210e-04
2.446618e+01 2.929627e-03 9.097463e-04
2.446618e+01 3.163414e-03 9.623492e-04
2.446618e+01 3.415858e-03 1.016235e-03
2.446618e+01 3.688447e-03 1.071173e-03
2.446618e+01 3.982789e-03 1.126870e-03
2.446618e+01 4.300619e-03 1.182967e-03
2.446618e+01 4.643813e-03 1.239058e-03
2.446618e+01 5.014394e-03 1.294666e-03
2.446618e+01 5.414548e-03 1.349245e-03
2.446618e+01 5.846635e-03 1.402197e-03
2.446618e+01 6.313202e-03 1.452835e-03
2.446618e+01 6.817002e-03 1.500380e-03
2.446618e+01 7.361006e-03 1.544018e-03
2.446618e+01 7.948422e-03 1.582835e-03
2.446618e+01 8.582714e-03 1.615841e-03
2.446618e+01 9.267624e-03 1.642053e-03
2.446618e+01 1.000719e-02 1.660426e-03
2.446618e+01 1.080577e-02 1.669899e-03
2.446618e+01 1.166809e-02 1.669525e-03
2.446618e+01 1.259921e-02 1.658462e-03
2.446618e+01 1.360464e-02 1.636037e-03
2.446618e+01 1.469030e-02 1.601854e-03
2.446618e+01 1.586261e-02 1.555994e-03
2.446618e+01 1.712846e-02 1.498995e-03
2.446618e+01 1.849533e-02 1.431749e-03
2.446618e+01 1.997127e-02 1.356198e-03
2.446618e+01 2.156500e-02 1.274939e-03
2.446618e+01 2.328591e-02 1.190483e-03
2.446618e+01 2.514415e-02 1.106274e-03
2.446618e+01 2.715068e-02 1.025989e-03
2.446618e+01 2.931733e-02 9.523885e-04
2.446618e+01 3.165689e-02 8.874953e-04
2.446618e+01 3.418314e-02 8.325274e-04
2.446618e+01 3.691099e-02 7.866356e-04
2.446618e+01 3.985652e-02 7.470417e-04
2.446618e+01 4.303711e-02 7.090830e-04
2.446618e+01 4.647152e-02 6.670995e-04
2.446618e+01 5.017999e-02 6.162789e-04
2.446618e+01 5.418441e-02 5.697170e-04
2.446618e+01 5.850838e-02 5.427130e-04
2.446618e+01 6.317741e-02 5.135541e-04
2.446618e+01 6.821903e-02 4.820683e-04
2.446618e+01 7.366298e-02 4.476525e-04
2.446618e+01 7.954136e-02 4.062296e-04
2.446618e+01 8.588885e-02 3.615010e-04
2.446618e+01 9.274286e-02 3.132031e-04
2.446618e+01 1.001438e-01 2.610509e-04
2.446618e+01 1.081354e-01 2.311281e-04
2.446618e+01 1.167647e-01 2.114085e-04
2.446618e+01 1.260827e-01 1.901153e-04
2.446618e+01 1.361442e-01 1.671229e-04
2.446618e+01 1.470087e-01 1.447096e-04
2.446618e+01 1.587401e-01 1.307903e-04
2.446618e+01 1.714077e-01 1.157603e-04
2.446618e+01 1.850862e-01 9.953080e-05
2.446618e+01 1.998563e-01 8.200620e-05
2.446618e+01 2.158051e-01 7.291793e-05
2.446618e+01 2.330265e-01 6.506885e-05
2.446618e+01 2.516223e-01 5.659341e-05
2.446618e+01 2.717020e-01 4.744162e-05
2.446618e+01 2.933841e-01 4.032387e-05
2.446618e+01 3.167964e-01 3.615144e-05
2.446618e+01 3.420771e-01 3.164606e-05
2.446618e+01 3.693752e-01 2.678113e-05
2.446618e+01 3.988518e-01 2.176222e-05
2.446618e+01 4.306805e-01 1.962835e-05
2.446618e+01 4.650493e-01 1.732419e-05
2.446618e+01 5.021607e-01 1.483616e-05
2.446618e+01 5.422336e-01 1.214959e-05
2.446618e+01 5.855044e-01 1.047704e-05
2.446618e+01 6.322283e-01 9.243477e-06
2.446618e+01 6.826808e-01 7.911474e-06
2.446618e+01 7.371594e-01 6.473175e-06
2.446618e+01 7.959855e-01 5.219526e-06
2.446618e+01 8.595059e-01 4.570410e-06
2.446618e+01 9.280954e-01 3.869493e-06
2.446618e+01 1.002158e+00 3.112642e-06
2.446618e+01 1.082132e+00 2.295393e-06
2.446618e+01 1.168487e+00 1.955460e-06
2.446618e+01 1.261733e+00 1.634608e-06
2.446618e+01 1.362421e+00 1.288151e-06
2.446618e+01 1.471144e+00 9.140461e-07
2.446618e+01 1.588542e+00 6.714413e-07
2.446618e+01 1.715310e+00 5.507481e-07
2.446618e+01 1.852193e+00 4.204234e-07
2.446618e+01 2.000000e+00 2.796987e-07
2.497550e+01 1.000000e-03 3.377231e-04
2.497550e+01 1.079801e-03 3.625216e-04
2.497550e+01 1.165970e-03 3.889452e-04
2.497550e+01 1.259016e-03 4.170570e-04
2.497550e+01 1.359487e-03 4.469118e-04
2.497550e+01 1.467975e-03 4.785576e-04
2.497550e+01 1.585121e-03 5.120311e-04
2.497550e+01 1.711615e-03 5.473547e-04
2.497550e+01 1.848204e-03 5.845378e-04
2.497550e+01 1.995693e-03 6.235730e-04
2.497550e+01 2.154951e-03 6.644347e-04
2.497550e+01 2.326918e-03 7.070770e-04
2.497550e+01 2.512609e-03 7.514347e-04
2.497550e+01 2.713117e-03 7.974206e-04
2.497550e+01 2.929627e-03 8.449226e-04
2.497550e+01 3.163414e-03 8.937954e-04
2.497550e+01 3.415858e-03 9.438587e-04
2.497550e+01 3.688447e-03 9.948983e-04
2.497550e+01 3.982789e-03 1.046642e-03
2.497550e+01 4.300619e-03 1.098758e-03
2.497550e+01 4.643813e-03 1.150869e-03
2.497550e+01 5.014394e-03 1.202530e-03
2.497550e+01 5.414548e-03 1.253236e-03
2.497550e+01 5.846635e-03 1.302430e-03
2.497550e+01 6.313202e-03 1.349472e-03
2.497550e+01 6.817002e-03 1.393642e-03
2.497550e+01 7.361006e-03 1.434182e-03
2.497550e+01 7.948422e-03 1.470243e-03
2.497550e+01 8.582714e-03 1.500907e-03
2.497550e+01 9.267624e-03 1.525260e-03
2.497550e+01 1.000719e-02 1.542329e-03
2.497550e+01 1.080577e-02 1.551132e-03
2.497550e+01 1.166809e-02 1.550788e-03
2.497550e+01 1.259921e-02 1.540515e-03
2.497550e+01 1.360464e-02 1.519687e-03
2.497550e+01 1.469030e-02 1.487937e-03
2.497550e+01 1.586261e-02 1.445339e-03
2.497550e+01 1.712846e-02 1.392395e-03
2.497550e+01 1.849533e-02 1.329933e-03
2.497550e+01 1.997127e-02 1.259756e-03
2.497550e+01 2.156500e-02 1.184277e-03
2.497550e+01 2.328591e-02 1.105827e-03
2.497550e+01 2.514415e-02 1.027608e-03
2.497550e+01 2.715068e-02 9.530322e-04
2.497550e+01 2.931733e-02 8.846652e-04
2.497550e+01 3.165689e-02 8.243867e-04
2.497550e+01 3.418314e-02 7.733276e-04
2.497550e+01 3.691099e-02 7.306992e-04
2.497550e+01 3.985652e-02 6.939207e-04
2.497550e+01 4.303711e-02 6.586611e-04
2.497550e+01 4.647152e-02 6.196631e-04
2.497550e+01 5.017999e-02 5.724563e-04
2.497550e+01 5.418441e-02 5.292309e-04
2.497550e+01 5.850838e-02 5.042182e-04
2.497550e+01 6.317741e-02 4.772094e-04
2.497550e+01 6.821903e-02 4.480452e-04
2.497550e+01 7.366298e-02 4.161542e-04
2.497550e+01 7.954136e-02 3.776388e-04
2.497550e+01 8.588885e-02 3.360497e-04
2.497550e+01 9.274286e-02 2.911419e-04
2.497550e+01 1.001438e-01 2.426503e-04
2.497550e+01 1.081354e-01 2.148554e-04
2.497550e+01 1.167647e-01 1.965632e-04
2.497550e+01 1.260827e-01 1.768111e-04
2.497550e+01 1.361442e-01 1.554829e-04
2.497550e+01 1.470087e-01 1.346918e-04
2.497550e+01 1.587401e-01 1.217805e-04
2.497550e+01 1.714077e-01 1.078389e-04
2.497550e+01 1.850862e-01 9.278465e-05
2.497550e+01 1.998563e-01 7.652910e-05
2.497550e+01 2.158051e-01 6.809805e-05
2.497550e+01 2.330265e-01 6.081621e-05
2.497550e+01 2.516223e-01 5.295328e-05
2.497550e+01 2.717020e-01 4.446287e-05
2.497550e+01 2.933841e-01 3.785309e-05
2.497550e+01 3.167964e-01 3.396711e-05
2.497550e+01 3.420771e-01 2.977102e-05
2.497550e+01 3.693752e-01 2.524008e-05
2.497550e+01 3.988518e-01 2.056478e-05
2.497550e+01 4.306805e-01 1.856305e-05
2.497550e+01 4.650493e-01 1.640158e-05
2.497550e+01 5.021607e-01 1.406762e-05
2.497550e+01 5.422336e-01 1.154741e-05
2.497550e+01 5.855044e-01 9.971483e-06
2.497550e+01 6.322283e-01 8.803567e-06
2.497550e+01 6.826808e-01 7.542450e-06
2.497550e+01 7.371594e-01 6.180695e-06
2.497550e+01 7.959855e-01 4.992946e-06
2.497550e+01 8.595059e-01 4.375573e-06
2.497550e+01 9.280954e-01 3.708932e-06
2.497550e+01 1.002158e+00 2.989093e-06
2.497550e+01 1.082132e+00 2.211810e-06
2.497550e+01 1.168487e+00 1.886860e-06
2.497550e+01 1.261733e+00 1.579786e-06
2.497550e+01 1.362421e+00 1.248207e-06
2.497550e+01 1.471144e+00 8.901682e-07
2.497550e+01 1.588542e+00 6.571759e-07
2.497550e+01 1.715310e+00 5.400897e-07
2.497550e+01 1.852193e+00 4.136599e-07
2.497550e+01 2.000000e+00 2.771408e-07
2.549501e+01 1.000000e-03 3.123365e-04
2.549501e+01 1.079801e-03 3.352789e-04
2.549501e+01 1.165970e-03 3.597263e-04
2.549501e+01 1.259016e-03 3.857374e-04
2.549501e+01 1.359487e-03 4.133633e-04
2.549501e+01 1.467975e-03 4.426487e-04
2.549501e+01 1.585121e-03 4.736277e-04
2.549501e+01 1.711615e-03 5.063212e-04
2.549501e+01 1.848204e-03 5.407379e-04
2.549501e+01 1.995693e-03 5.768708e-04
2.549501e+01 2.154951e-03 6.146958e-04
2.549501e+01 2.326918e-03 6.541700e-04
2.549501e+01 2.512609e-03 6.952320e-04
2.549501e+01 2.713117e-03 7.378007e-04
2.549501e+01 2.929627e-03 7.817712e-04
2.549501e+01 3.163414e-03 8.270088e-04
2.549501e+01 3.415858e-03 8.733467e-04
2.549501e+01 3.688447e-03 9.205873e-04
2.549501e+01 3.982789e-03 9.684793e-04
2.549501e+01 4.300619e-03 1.016715e-03
2.549501e+01 4.643813e-03 1.064946e-03
2.549501e+01 5.014394e-03 1.112762e-03
2.549501e+01 5.414548e-03 1.159692e-03
2.549501e+01 5.846635e-03 1.205224e-03
2.549501e+01 6.313202e-03 1.248763e-03
2.549501e+01 6.817002e-03 1.289643e-03
2.549501e+01 7.361006e-03 1.327164e-03
2.549501e+01 7.948422e-03 1.360540e-03
2.549501e+01 8.582714e-03 1.388921e-03
2.549501e+01 9.267624e-03 1.411461e-03
2.549501e+01 1.000719e-02 1.427260e-03
2.549501e+01 1.080577e-02 1.435410e-03
2.549501e+01 1.166809e-02 1.435095e-03
2.549501e+01 1.259921e-02 1.425591e-03
2.549501e+01 1.360464e-02 1.406319e-03
2.549501e+01 1.469030e-02 1.376939e-03
2.549501e+01 1.586261e-02 1.337521e-03
2.549501e+01 1.712846e-02 1.288527e-03
2.549501e+01 1.849533e-02 1.230726e-03
2.549501e+01 1.997127e-02 1.165785e-03
2.549501e+01 2.156500e-02 1.095938e-03
2.549501e+01 2.328591e-02 1.023341e-03
2.549501e+01 2.514415e-02 9.509565e-04
2.549501e+01 2.715068e-02 8.819443e-04
2.549501e+01 2.931733e-02 8.186772e-04
2.549501e+01 3.165689e-02 7.628951e-04
2.549501e+01 3.418314e-02 7.156446e-04
2.549501e+01 3.691099e-02 6.761959e-04
2.549501e+01 3.985652e-02 6.421607e-04
2.549501e+01 4.303711e-02 6.095312e-04
2.549501e+01 4.647152e-02 5.734420e-04
2.549501e+01 5.017999e-02 5.297565e-04
2.549501e+01 5.418441e-02 4.897884e-04
2.549501e+01 5.850838e-02 4.667333e-04
2.549501e+01 6.317741e-02 4.418383e-04
2.549501e+01 6.821903e-02 4.149567e-04
2.549501e+01 7.366298e-02 3.855447e-04
2.549501e+01 7.954136e-02 3.498524e-04
2.549501e+01 8.588885e-02 3.113119e-04
2.549501e+01 9.274286e-02 2.696958e-04
2.549501e+01 1.001438e-01 2.247586e-04
2.549501e+01 1.081354e-01 1.990314e-04
2.549501e+01 1.167647e-01 1.821272e-04
2.549501e+01 1.260827e-01 1.638739e-04
2.549501e+01 1.361442e-01 1.441640e-04
2.549501e+01 1.470087e-01 1.249495e-04
2.549501e+01 1.587401e-01 1.130120e-04
2.549501e+01 1.714077e-01 1.001218e-04
2.549501e+01 1.850862e-01 8.620302e-05
2.549501e+01 1.998563e-01 7.117346e-05
2.549501e+01 2.158051e-01 6.338132e-05
2.549501e+01 2.330265e-01 5.665256e-05
2.549501e+01 2.516223e-01 4.938684e-05
2.549501e+01 2.717020e-01 4.154130e-05
2.549501e+01 2.933841e-01 3.542632e-05
2.549501e+01 3.167964e-01 3.181849e-05
2.549501e+01 3.420771e-01 2.792275e-05
2.549501e+01 3.693752e-01 2.371612e-05
2.549501e+01 3.988518e-01 1.937450e-05
2.549501e+01 4.306805e-01 1.750152e-05
2.549501e+01 4.650493e-01 1.547907e-05
2.549501e+01 5.021607e-01 1.329522e-05
2.549501e+01 5.422336e-01 1.093710e-05
2.549501e+01 5.855044e-01 9.456884e-06
2.549501e+01 6.322283e-01 8.355340e-06
2.549501e+01 6.826808e-01 7.165892e-06
2.549501e+01 7.371594e-01 5.881524e-06
2.549501e+01 7.959855e-01 4.760398e-06
2.549501e+01 8.595059e-01 4.175098e-06
2.549501e+01 9.280954e-01 3.543092e-06
2.549501e+01 1.002158e+00 2.860650e-06
2.549501e+01 1.082132e+00 2.123749e-06
2.549501e+01 1.168487e+00 1.814513e-06
2.549501e+01 1.261733e+00 1.522033e-06
2.549501e+01 1.362421e+00 1.206212e-06
2.549501e+01 1.471144e+00 8.651888e-07
2.549501e+01 1.588542e+00 6.423294e-07
2.549501e+01 1.715310e+00 5.289699e-07
2.549501e+01 1.852193e+00 4.065641e-07
2.549501e+01 2.000000e+00 2.743903e-07
2.602491e+01 1.000000e-03 2.876990e-04
2.602491e+01 1.079801e-03 3.088390e-04
2.602491e+01 1.165970e-03 3.313673e-04
2.602491e+01 1.259016e-03 3.553383e-04
2.602491e+01 1.359487e-03 3.807991e-04
2.602491e+01 1.467975e-03 4.077915e-04
2.602491e+01 1.585121e-03 4.363471e-04
2.602491e+01 1.711615e-03 4.664851e-04
2.602491e+01 1.848204e-03 4.982138e-04
2.602491e+01 1.995693e-03 5.315265e-04
2.602491e+01 2.154951e-03 5.664006e-04
2.602491e+01 2.326918e-03 6.027961e-04
2.602491e+01 2.512609e-03 6.406558e-04
2.602491e+01 2.713117e-03 6.799040e-04
2.602491e+01 2.929627e-03 7.204434e-04
2.602491e+01 3.163414e-03 7.621492e-04
2.602491e+01 3.415858e-03 8.048680e-04
2.602491e+01 3.688447e-03 8.484180e-04
2.602491e+01 3.982789e-03 8.925676e-04
2.602491e+01 4.300619e-03 9.370340e-04
2.602491e+01 4.643813e-03 9.814959e-04
2.602491e+01 5.014394e-03 1.025576e-03
2.602491e+01 5.414548e-03 1.068839e-03
2.602491e+01 5.846635e-03 1.110812e-03
2.602491e+01 6.313202e-03 1.150948e-03
2.602491e+01 6.817002e-03 1.188632e-03
2.602491e+01 7.361006e-03 1.223220e-03
2.602491e+01 7.948422e-03 1.253988e-03
2.602491e+01 8.582714e-03 1.280151e-03
2.602491e+01 9.267624e-03 1.300930e-03
2.602491e+01 1.000719e-02 1.315496e-03
2.602491e+01 1.080577e-02 1.323011e-03
2.602491e+01 1.166809e-02 1.322723e-03
2.602491e+01 1.259921e-02 1.313965e-03
2.602491e+01 1.360464e-02 1.296205e-03
2.602491e+01 1.469030e-02 1.269127e-03
2.602491e+01 1.586261e-02 1.232797e-03
2.602491e+01 1.712846e-02 1.187641e-03
2.602491e+01 1.849533e-02 1.134367e-03
2.602491e+01 1.997127e-02 1.074512e-03
2.602491e+01 2.156500e-02 1.010134e-03
2.602491e+01 2.328591e-02 9.432218e-04
2.602491e+01 2.514415e-02 8.765049e-04
2.602491e+01 2.715068e-02 8.128962e-04
2.602491e+01 2.931733e-02 7.545827e-04
2.602491e+01 3.165689e-02 7.031680e-04
2.602491e+01 3.418314e-02 6.596168e-04
2.602491e+01 3.691099e-02 6.232565e-04
2.602491e+01 3.985652e-02 5.918859e-04
2.602491e+01 4.303711e-02 5.618109e-04
2.602491e+01 4.647152e-02 5.285472e-04
2.602491e+01 5.017999e-02 4.882819e-04
2.602491e+01 5.418441e-02 4.514688e-04
2.602491e+01 5.850838e-02 4.302904e-04
2.602491e+01 6.317741e-02 4.074219e-04
2.602491e+01 6.821903e-02 3.827285e-04
2.602491e+01 7.366298e-02 3.556966e-04
2.602491e+01 7.954136e-02 3.227507e-04
2.602491e+01 8.588885e-02 2.871757e-04
2.602491e+01 9.274286e-02 2.487617e-04
2.602491e+01 1.001438e-01 2.072823e-04
2.602491e+01 1.081354e-01 1.835712e-04
2.602491e+01 1.167647e-01 1.680245e-04
2.602491e+01 1.260827e-01 1.512372e-04
2.602491e+01 1.361442e-01 1.331103e-04
2.602491e+01 1.470087e-01 1.154375e-04
2.602491e+01 1.587401e-01 1.044511e-04
2.602491e+01 1.714077e-01 9.258793e-05
2.602491e+01 1.850862e-01 7.977811e-05
2.602491e+01 1.998563e-01 6.594605e-05
2.602491e+01 2.158051e-01 5.877367e-05
2.602491e+01 2.330265e-01 5.257964e-05
2.602491e+01 2.516223e-01 4.589132e-05
2.602491e+01 2.717020e-01 3.866926e-05
2.602491e+01 2.933841e-01 3.303334e-05
2.602491e+01 3.167964e-01 2.969600e-05
2.602491e+01 3.420771e-01 2.609234e-05
2.602491e+01 3.693752e-01 2.220110e-05
2.602491e+01 3.988518e-01 1.818406e-05
2.602491e+01 4.306805e-01 1.643736e-05
2.602491e+01 4.650493e-01 1.455128e-05
2.602491e+01 5.021607e-01 1.251469e-05
2.602491e+01 5.422336e-01 1.031557e-05
2.602491e+01 5.855044e-01 8.930319e-06
2.602491e+01 6.322283e-01 7.895564e-06
2.602491e+01 6.826808e-01 6.778235e-06
2.602491e+01 7.371594e-01 5.571741e-06
2.602491e+01 7.959855e-01 4.517972e-06
2.602491e+01 8.595059e-01 3.966036e-06
2.602491e+01 9.280954e-01 3.370054e-06
2.602491e+01 1.002158e+00 2.726513e-06
2.602491e+01 1.082132e+00 2.031616e-06
2.602491e+01 1.168487e+00 1.738685e-06
2.602491e+01 1.261733e+00 1.461336e-06
2.602491e+01 1.362421e+00 1.161855e-06
2.602491e+01 1.471144e+00 8.384742e-07
2.602491e+01 1.588542e+00 6.262084e-07
2.602491e+01 1.715310e+00 5.168830e-07
2.602491e+01 1.852193e+00 3.988332e-07
2.602491e+01 2.000000e+00 2.713631e-07
2.656541e+01 1.000000e-03 2.637703e-04
2.656541e+01 1.079801e-03 2.831588e-04
2.656541e+01 1.165970e-03 3.038220e-04
2.656541e+01 1.259016e-03 3.258099e-04
2.656541e+01 1.359487e-03 3.491662e-04
2.656541e+01 1.467975e-03 3.739294e-04
2.656541e+01 1.585121e-03 4.001285e-04
2.656541e+01 1.711615e-03 4.277817e-04
2.656541e+01 1.848204e-03 4.568963e-04
2.656541e+01 1.995693e-03 4.874663e-04
2.656541e+01 2.154951e-03 5.194706e-04
2.656541e+01 2.326918e-03 5.528718e-04
2.656541e+01 2.512609e-03 5.876171e-04
2.656541e+01 2.713117e-03 6.236363e-04
2.656541e+01 2.929627e-03 6.608392e-04
2.656541e+01 3.163414e-03 6.991110e-04
2.656541e+01 3.415858e-03 7.383109e-04
2.656541e+01 3.688447e-03 7.782724e-04
2.656541e+01 3.982789e-03 8.187834e-04
2.656541e+01 4.300619e-03 8.595846e-04
2.656541e+01 4.643813e-03 9.003821e-04
2.656541e+01 5.014394e-03 9.408291e-04
2.656541e+01 5.414548e-03 9.805269e-04
2.656541e+01 5.846635e-03 1.019040e-03
2.656541e+01 6.313202e-03 1.055867e-03
2.656541e+01 6.817002e-03 1.090444e-03
2.656541e+01 7.361006e-03 1.122181e-03
2.656541e+01 7.948422e-03 1.150412e-03
2.656541e+01 8.582714e-03 1.174419e-03
2.656541e+01 9.267624e-03 1.193486e-03
2.656541e+01 1.000719e-02 1.206853e-03
2.656541e+01 1.080577e-02 1.213750e-03
2.656541e+01 1.166809e-02 1.213488e-03
2.656541e+01 1.259921e-02 1.205457e-03
2.656541e+01 1.360464e-02 1.189165e-03
2.656541e+01 1.469030e-02 1.164325e-03
2.656541e+01 1.586261e-02 1.130997e-03
2.656541e+01 1.712846e-02 1.089571e-03
2.656541e+01 1.849533e-02 1.040697e-03
2.656541e+01 1.997127e-02 9.857855e-04
2.656541e+01 2.156500e-02 9.267247e-04
2.656541e+01 2.328591e-02 8.653385e-04
2.656541e+01 2.514415e-02 8.041311e-04
2.656541e+01 2.715068e-02 7.457750e-04
2.656541e+01 2.931733e-02 6.922768e-04
2.656541e+01 3.165689e-02 6.451076e-04
2.656541e+01 3.418314e-02 6.051525e-04
2.656541e+01 3.691099e-02 5.717945e-04
2.656541e+01 3.985652e-02 5.430141e-04
2.656541e+01 4.303711e-02 5.154224e-04
2.656541e+01 4.647152e-02 4.849053e-04
2.656541e+01 5.017999e-02 4.479647e-04
2.656541e+01 5.418441e-02 4.142135e-04
2.656541e+01 5.850838e-02 3.948455e-04
2.656541e+01 6.317741e-02 3.739320e-04
2.656541e+01 6.821903e-02 3.513495e-04
2.656541e+01 7.366298e-02 3.266166e-04
2.656541e+01 7.954136e-02 2.963537e-04
2.656541e+01 8.588885e-02 2.636757e-04
2.656541e+01 9.274286e-02 2.283900e-04
2.656541e+01 1.001438e-01 1.902885e-04
2.656541e+01 1.081354e-01 1.685400e-04
2.656541e+01 1.167647e-01 1.543087e-04
2.656541e+01 1.260827e-01 1.389417e-04
2.656541e+01 1.361442e-01 1.223485e-04
2.656541e+01 1.470087e-01 1.061704e-04
2.656541e+01 1.587401e-01 9.611043e-05
2.656541e+01 1.714077e-01 8.524771e-05
2.656541e+01 1.850862e-01 7.351813e-05
2.656541e+01 1.998563e-01 6.085251e-05
2.656541e+01 2.158051e-01 5.427858e-05
2.656541e+01 2.330265e-01 4.859870e-05
2.656541e+01 2.516223e-01 4.246556e-05
2.656541e+01 2.717020e-01 3.584299e-05
2.656541e+01 2.933841e-01 3.066933e-05
2.656541e+01 3.167964e-01 2.759596e-05
2.656541e+01 3.420771e-01 2.427732e-05
2.656541e+01 3.693752e-01 2.069385e-05
2.656541e+01 3.988518e-01 1.699360e-05
2.656541e+01 4.306805e-01 1.537114e-05
2.656541e+01 4.650493e-01 1.361919e-05
2.656541e+01 5.021607e-01 1.172745e-05
2.656541e+01 5.422336e-01 9.684735e-06
2.656541e+01 5.855044e-01 8.393821e-06
2.656541e+01 6.322283e-01 7.426200e-06
2.656541e+01 6.826808e-01 6.381361e-06
2.656541e+01 7.371594e-01 5.253143e-06
2.656541e+01 7.959855e-01 4.267269e-06
2.656541e+01 8.595059e-01 3.749518e-06
2.656541e+01 9.280954e-01 3.190451e-06
2.656541e+01 1.002158e+00 2.586769e-06
2.656541e+01 1.082132e+00 1.934913e-06
2.656541e+01 1.168487e+00 1.658878e-06
2.656541e+01 1.261733e+00 1.397255e-06
2.656541e+01 1.362421e+00 1.114754e-06
2.656541e+01 1.471144e+00 8.097091e-07
2.656541e+01 1.588542e+00 6.085396e-07
2.656541e+01 1.715310e+00 5.035768e-07
2.656541e+01 1.852193e+00 3.902379e-07
2.656541e+01 2.000000e+00 2.678544e-07
2.711672e+01 1.000000e-03 2.406068e-04
2.711672e+01 1.079801e-03 2.582989e-04
2.711672e+01 1.165970e-03 2.771553e-04
2.711672e+01 1.259016e-03 2.972221e-04
2.711672e+01 1.359487e-03 3.185393e-04
2.711672e+01 1.467975e-03 3.411424e-04
2.711672e+01 1.585121e-03 3.650581e-04
2.711672e+01 1.711615e-03 3.903030e-04
2.711672e+01 1.848204e-03 4.168839e-04
2.711672e+01 1.995693e-03 4.447953e-04
2.711672e+01 2.154951e-03 4.740175e-04
2.711672e+01 2.326918e-03 5.045163e-04
2.711672e+01 2.512609e-03 5.362426e-04
2.711672e+01 2.713117e-03 5.691319e-04
2.711672e+01 2.929627e-03 6.031009e-04
2.711672e+01 3.163414e-03 6.380445e-04
2.711672e+01 3.415858e-03 6.738342e-04
2.711672e+01 3.688447e-03 7.103180e-04
2.711672e+01 3.982789e-03 7.473027e-04
2.711672e+01 4.300619e-03 7.845521e-04
2.711672e+01 4.643813e-03 8.217983e-04
2.711672e+01 5.014394e-03 8.587248e-04
2.711672e+01 5.414548e-03 8.949673e-04
2.711672e+01 5.846635e-03 9.301278e-04
2.711672e+01 6.313202e-03 9.637480e-04
2.711672e+01 6.817002e-03 9.953144e-04
2.711672e+01 7.361006e-03 1.024287e-03
2.711672e+01 7.948422e-03 1.050061e-03
2.711672e+01 8.582714e-03 1.071979e-03
2.711672e+01 9.267624e-03 1.089387e-03
2.711672e+01 1.000719e-02 1.101591e-03
2.711672e+01 1.080577e-02 1.107889e-03
2.711672e+01 1.166809e-02 1.107653e-03
2.711672e+01 1.259921e-02 1.100324e-03
2.711672e+01 1.360464e-02 1.085455e-03
2.711672e+01 1.469030e-02 1.062783e-03
2.711672e+01 1.586261e-02 1.032363e-03
2.711672e+01 1.712846e-02 9.945514e-04
2.711672e+01 1.849533e-02 9.499411e-04
2.711672e+01 1.997127e-02 8.998190e-04
2.711672e+01 2.156500e-02 8.459095e-04
2.711672e+01 2.328591e-02 7.898772e-04
2.711672e+01 2.514415e-02 7.340079e-04
2.711672e+01 2.715068e-02 6.807412e-04
2.711672e+01 2.931733e-02 6.319084e-04
2.711672e+01 3.165689e-02 5.888527e-04
2.711672e+01 3.418314e-02 5.523818e-04
2.711672e+01 3.691099e-02 5.219327e-04
2.711672e+01 3.985652e-02 4.956621e-04
2.711672e+01 4.303711e-02 4.704764e-04
2.711672e+01 4.647152e-02 4.426205e-04
2.711672e+01 5.017999e-02 4.089013e-04
2.711672e+01 5.418441e-02 3.781058e-04
2.711672e+01 5.850838e-02 3.604617e-04
2.711672e+01 6.317741e-02 3.414095e-04
2.711672e+01 6.821903e-02 3.208369e-04
2.711672e+01 7.366298e-02 2.982995e-04
2.711672e+01 7.954136e-02 2.706635e-04
2.711672e+01 8.588885e-02 2.408222e-04
2.711672e+01 9.274286e-02 2.085994e-04
2.711672e+01 1.001438e-01 1.738053e-04
2.711672e+01 1.081354e-01 1.539625e-04
2.711672e+01 1.167647e-01 1.409942e-04
2.711672e+01 1.260827e-01 1.269910e-04
2.711672e+01 1.361442e-01 1.118704e-04
2.711672e+01 1.470087e-01 9.712970e-05
2.711672e+01 1.587401e-01 8.797108e-05
2.711672e+01 1.714077e-01 7.808160e-05
2.711672e+01 1.850862e-01 6.740292e-05
2.711672e+01 1.998563e-01 5.587207e-05
2.711672e+01 2.158051e-01 4.988014e-05
2.711672e+01 2.330265e-01 4.470020e-05
2.711672e+01 2.516223e-01 3.910690e-05
2.711672e+01 2.717020e-01 3.306726e-05
2.711672e+01 2.933841e-01 2.834178e-05
2.711672e+01 3.167964e-01 2.552198e-05
2.711672e+01 3.420771e-01 2.247716e-05
2.711672e+01 3.693752e-01 1.918936e-05
2.711672e+01 3.988518e-01 1.579372e-05
2.711672e+01 4.306805e-01 1.429474e-05
2.711672e+01 4.650493e-01 1.267613e-05
2.711672e+01 5.021607e-01 1.092836e-05
2.711672e+01 5.422336e-01 9.041108e-06
2.711672e+01 5.855044e-01 7.844740e-06
2.711672e+01 6.322283e-01 6.945038e-06
2.711672e+01 6.826808e-01 5.973539e-06
2.711672e+01 7.371594e-01 4.924513e-06
2.711672e+01 7.959855e-01 4.007485e-06
2.711672e+01 8.595059e-01 3.524860e-06
2.711672e+01 9.280954e-01 3.003720e-06
2.711672e+01 1.002158e+00 2.440993e-06
2.711672e+01 1.082132e+00 1.833361e-06
2.711672e+01 1.168487e+00 1.574868e-06
2.711672e+01 1.261733e+00 1.329613e-06
2.711672e+01 1.362421e+00 1.064786e-06
2.711672e+01 1.471144e+00 7.788266e-07
2.711672e+01 1.588542e+00 5.892491e-07
2.711672e+01 1.715310e+00 4.889093e-07
2.711672e+01 1.852193e+00 3.805623e-07
2.711672e+01 2.000000e+00 2.635691e-07
2.767905e+01 1.000000e-03 2.181098e-04
2.767905e+01 1.079801e-03 2.341533e-04
2.767905e+01 1.165970e-03 2.512538e-04
2.767905e+01 1.259016e-03 2.694532e-04
2.767905e+01 1.359487e-03 2.887882e-04
2.767905e+01 1.467975e-03 3.092911e-04
2.767905e+01 1.585121e-03 3.309865e-04
2.767905e+01 1.711615e-03 3.538893e-04
2.767905e+01 1.848204e-03 3.780061e-04
2.767905e+01 1.995693e-03 4.033317e-04
2.767905e+01 2.154951e-03 4.298480e-04
2.767905e+01 2.326918e-03 4.575235e-04
2.767905e+01 2.512609e-03 4.863134e-04
2.767905e+01 2.713117e-03 5.161584e-04
2.767905e+01 2.929627e-03 5.469823e-04
2.767905e+01 3.163414e-03 5.786892e-04
2.767905e+01 3.415858e-03 6.111627e-04
2.767905e+01 3.688447e-03 6.442648e-04
2.767905e+01 3.982789e-03 6.778205e-04
2.767905e+01 4.300619e-03 7.116160e-04
2.767905e+01 4.643813e-03 7.454088e-04
2.767905e+01 5.014394e-03 7.789120e-04
2.767905e+01 5.414548e-03 8.117945e-04
2.767905e+01 5.846635e-03 8.436948e-04
2.767905e+01 6.313202e-03 8.741971e-04
2.767905e+01 6.817002e-03 9.028358e-04
2.767905e+01 7.361006e-03 9.291219e-04
2.767905e+01 7.948422e-03 9.525058e-04
2.767905e+01 8.582714e-03 9.723915e-04
2.767905e+01 9.267624e-03 9.881858e-04
2.767905e+01 1.000719e-02 9.992595e-04
2.767905e+01 1.080577e-02 1.004975e-03
2.767905e+01 1.166809e-02 1.004764e-03
2.767905e+01 1.259921e-02 9.981175e-04
2.767905e+01 1.360464e-02 9.846315e-04
2.767905e+01 1.469030e-02 9.640673e-04
2.767905e+01 1.586261e-02 9.364742e-04
2.767905e+01 1.712846e-02 9.021759e-04
2.767905e+01 1.849533e-02 8.617102e-04
2.767905e+01 1.997127e-02 8.162444e-04
2.767905e+01 2.156500e-02 7.673428e-04
2.767905e+01 2.328591e-02 7.165153e-04
2.767905e+01 2.514415e-02 6.658356e-04
2.767905e+01 2.715068e-02 6.175165e-04
2.767905e+01 2.931733e-02 5.732195e-04
2.767905e+01 3.165689e-02 5.341627e-04
2.767905e+01 3.418314e-02 5.010792e-04
2.767905e+01 3.691099e-02 4.734580e-04
2.767905e+01 3.985652e-02 4.496273e-04
2.767905e+01 4.303711e-02 4.267807e-04
2.767905e+01 4.647152e-02 4.015119e-04
2.767905e+01 5.017999e-02 3.709245e-04
2.767905e+01 5.418441e-02 3.430075e-04
2.767905e+01 5.850838e-02 3.270531e-04
2.767905e+01 6.317741e-02 3.098254e-04
2.767905e+01 6.821903e-02 2.912230e-04
2.767905e+01 7.366298e-02 2.708340e-04
2.767905e+01 7.954136e-02 2.457338e-04
2.767905e+01 8.588885e-02 2.186306e-04
2.767905e+01 9.274286e-02 1.893645e-04
2.767905e+01 1.001438e-01 1.577630e-04
2.767905e+01 1.081354e-01 1.397682e-04
2.767905e+01 1.167647e-01 1.280324e-04
2.767905e+01 1.260827e-01 1.153601e-04
2.767905e+01 1.361442e-01 1.016766e-04
2.767905e+01 1.470087e-01 8.833705e-05
2.767905e+01 1.587401e-01 8.005009e-05
2.767905e+01 1.714077e-01 7.110183e-05
2.767905e+01 1.850862e-01 6.143948e-05
2.767905e+01 1.998563e-01 5.100607e-05
2.767905e+01 2.158051e-01 4.557626e-05
2.767905e+01 2.330265e-01 4.087888e-05
2.767905e+01 2.516223e-01 3.580665e-05
2.767905e+01 2.717020e-01 3.032965e-05
2.767905e+01 2.933841e-01 2.603775e-05
2.767905e+01 3.167964e-01 2.346501e-05
2.767905e+01 3.420771e-01 2.068698e-05
2.767905e+01 3.693752e-01 1.768725e-05
2.767905e+01 3.988518e-01 1.458850e-05
2.767905e+01 4.306805e-01 1.321134e-05
2.767905e+01 4.650493e-01 1.172427e-05
2.767905e+01 5.021607e-01 1.011853e-05
2.767905e+01 5.422336e-01 8.384659e-06
2.767905e+01 5.855044e-01 7.282704e-06
2.767905e+01 6.322283e-01 6.451771e-06
2.767905e+01 6.826808e-01 5.554529e-06
2.767905e+01 7.371594e-01 4.585686e-06
2.767905e+01 7.959855e-01 3.738493e-06
2.767905e+01 8.595059e-01 3.291874e-06
2.767905e+01 9.280954e-01 2.809614e-06
2.767905e+01 1.002158e+00 2.288869e-06
2.767905e+01 1.082132e+00 1.726568e-06
2.767905e+01 1.168487e+00 1.486183e-06
2.767905e+01 1.261733e+00 1.257855e-06
2.767905e+01 1.362421e+00 1.011305e-06
2.767905e+01 1.471144e+00 7.450808e-07
2.767905e+01 1.588542e+00 5.676747e-07
2.767905e+01 1.715310e+00 4.724762e-07
2.767905e+01 1.852193e+00 3.696808e-07
2.767905e+01 2.000000e+00 2.586822e-07
2.825263e+01 1.000000e-03 1.962077e-04
2.825263e+01 1.079801e-03 2.106452e-04
2.825263e+01 1.165970e-03 2.260350e-04
2.825263e+01 1.259016e-03 2.424150e-04
2.825263e+01 1.359487e-03 2.598183e-04
2.825263e+01 1.467975e-03 2.782744e-04
2.825263e+01 1.585121e-03 2.978055e-04
2.825263e+01 1.711615e-03 3.184253e-04
2.825263e+01 1.848204e-03 3.401396e-04
2.825263e+01 1.995693e-03 3.629439e-04
2.825263e+01 2.154951e-03 3.868216e-04
2.825263e+01 2.326918e-03 4.117442e-04
2.825263e+01 2.512609e-03 4.376708e-04
2.825263e+01 2.713117e-03 4.645474e-04
2.825263e+01 2.929627e-03 4.923048e-04
2.825263e+01 3.163414e-03 5.208562e-04
2.825263e+01 3.415858e-03 5.500968e-04
2.825263e+01 3.688447e-03 5.799022e-04
2.825263e+01 3.982789e-03 6.101153e-04
2.825263e+01 4.300619e-03 6.405439e-04
2.825263e+01 4.643813e-03 6.709703e-04
2.825263e+01 5.014394e-03 7.011362e-04
2.825263e+01 5.414548e-03 7.307433e-04
2.825263e+01 5.846635e-03 7.594656e-04
2.825263e+01 6.313202e-03 7.869286e-04
2.825263e+01 6.817002e-03 8.127135e-04
2.825263e+01 7.361006e-03 8.363803e-04
2.825263e+01 7.948422e-03 8.574346e-04
2.825263e+01 8.582714e-03 8.753396e-04
2.825263e+01 9.267624e-03 8.895610e-04
2.825263e+01 1.000719e-02 8.995325e-04
2.825263e+01 1.080577e-02 9.046806e-04
2.825263e+01 1.166809e-02 9.044921e-04
2.825263e+01 1.259921e-02 8.985112e-04
2.825263e+01 1.360464e-02 8.863728e-04
2.825263e+01 1.469030e-02 8.678622e-04
2.825263e+01 1.586261e-02 8.430239e-04
2.825263e+01 1.712846e-02 8.121493e-04
2.825263e+01 1.849533e-02 7.757227e-04
2.825263e+01 1.997127e-02 7.347948e-04
2.825263e+01 2.156500e-02 6.907736e-04
2.825263e+01 2.328591e-02 6.450187e-04
2.825263e+01 2.514415e-02 5.993965e-04
2.825263e+01 2.715068e-02 5.558992e-04
2.825263e+01 2.931733e-02 5.160225e-04
2.825263e+01 3.165689e-02 4.808630e-04
2.825263e+01 3.418314e-02 4.510807e-04
2.825263e+01 3.691099e-02 4.262157e-04
2.825263e+01 3.985652e-02 4.047627e-04
2.825263e+01 4.303711e-02 3.841958e-04
2.825263e+01 4.647152e-02 3.614484e-04
2.825263e+01 5.017999e-02 3.339131e-04
2.825263e+01 5.418441e-02 3.088007e-04
2.825263e+01 5.850838e-02 2.944908e-04
2.825263e+01 6.317741e-02 2.790390e-04
2.825263e+01 6.821903e-02 2.623541e-04
2.825263e+01 7.366298e-02 2.440581e-04
2.825263e+01 7.954136e-02 2.214477e-04
2.825263e+01 8.588885e-02 1.970330e-04
2.825263e+01 9.274286e-02 1.706699e-04
2.825263e+01 1.001438e-01 1.422031e-04
2.825263e+01 1.081354e-01 1.260017e-04
2.825263e+01 1.167647e-01 1.154431e-04
2.825263e+01 1.260827e-01 1.040419e-04
2.825263e+01 1.361442e-01 9.173086e-05
2.825263e+01 1.470087e-01 7.973309e-05
2.825263e+01 1.587401e-01 7.229726e-05
2.825263e+01 1.714077e-01 6.426805e-05
2.825263e+01 1.850862e-01 5.559810e-05
2.825263e+01 1.998563e-01 4.623628e-05
2.825263e+01 2.158051e-01 4.135110e-05
2.825263e+01 2.330265e-01 3.711949e-05
2.825263e+01 2.516223e-01 3.255020e-05
2.825263e+01 2.717020e-01 2.761627e-05
2.825263e+01 2.933841e-01 2.374430e-05
2.825263e+01 3.167964e-01 2.141343e-05
2.825263e+01 3.420771e-01 1.889656e-05
2.825263e+01 3.693752e-01 1.617884e-05
2.825263e+01 3.988518e-01 1.337087e-05
2.825263e+01 4.306805e-01 1.211500e-05
2.825263e+01 4.650493e-01 1.075890e-05
2.825263e+01 5.021607e-01 9.294592e-06
2.825263e+01 5.422336e-01 7.713425e-06
2.825263e+01 5.855044e-01 6.706618e-06
2.825263e+01 6.322283e-01 5.945922e-06
2.825263e+01 6.826808e-01 5.124523e-06
2.825263e+01 7.371594e-01 4.237575e-06
2.825263e+01 7.959855e-01 3.461650e-06
2.825263e+01 8.595059e-01 3.051600e-06
2.825263e+01 9.280954e-01 2.608829e-06
2.825263e+01 1.002158e+00 2.130723e-06
2.825263e+01 1.082132e+00 1.614464e-06
2.825263e+01 1.168487e+00 1.392785e-06
2.825263e+01 1.261733e+00 1.182013e-06
2.825263e+01 1.362421e+00 9.544218e-07
2.825263e+01 1.471144e+00 7.086683e-07
2.825263e+01 1.588542e+00 5.439572e-07
2.825263e+01 1.715310e+00 4.542284e-07
2.825263e+01 1.852193e+00 3.573391e-07
2.825263e+01 2.000000e+00 2.527180e-07
2.883769e+01 1.000000e-03 1.749658e-04
2.883769e+01 1.079801e-03 1.878448e-04
2.883769e+01 1.165970e-03 2.015743e-04
2.883769e+01 1.259016e-03 2.161882e-04
2.883769e+01 1.359487e-03 2.317163e-04
2.883769e+01 1.467975e-03 2.481851e-04
2.883769e+01 1.585121e-03 2.656145e-04
2.883769e+01 1.711615e-03 2.840171e-04
2.883769e+01 1.848204e-03 3.033981e-04
2.883769e+01 1.995693e-03 3.237533e-04
2.883769e+01 2.154951e-03 3.450679e-04
2.883769e+01 2.326918e-03 3.673161e-04
2.883769e+01 2.512609e-03 3.904611e-04
2.883769e+01 2.713117e-03 4.144542e-04
2.883769e+01 2.929627e-03 4.392329e-04
2.883769e+01 3.163414e-03 4.647195e-04
2.883769e+01 3.415858e-03 4.908202e-04
2.883769e+01 3.688447e-03 5.174240e-04
2.883769e+01 3.982789e-03 5.443908e-04
2.883769e+01 4.300619e-03 5.715496e-04
2.883769e+01 4.643813e-03 5.987067e-04
2.883769e+01 5.014394e-03 6.256316e-04
2.883769e+01 5.414548e-03 6.520577e-04
2.883769e+01 5.846635e-03 6.776936e-04
2.883769e+01 6.313202e-03 7.022051e-04
2.883769e+01 6.817002e-03 7.252187e-04
2.883769e+01 7.361006e-03 7.463421e-04
2.883769e+01 7.948422e-03 7.651340e-04
2.883769e+01 8.582714e-03 7.811153e-04
2.883769e+01 9.267624e-03 7.938092e-04
2.883769e+01 1.000719e-02 8.027101e-04
2.883769e+01 1.080577e-02 8.073064e-04
2.883769e+01 1.166809e-02 8.071404e-04
2.883769e+01 1.259921e-02 8.018051e-04
2.883769e+01 1.360464e-02 7.909748e-04
2.883769e+01 1.469030e-02 7.744576e-04
2.883769e+01 1.586261e-02 7.522935e-04
2.883769e+01 1.712846e-02 7.247426e-04
2.883769e+01 1.849533e-02 6.922373e-04
2.883769e+01 1.997127e-02 6.557152e-04
2.883769e+01 2.156500e-02 6.164327e-04
2.883769e+01 2.328591e-02 5.756026e-04
2.883769e+01 2.514415e-02 5.348907e-04
2.883769e+01 2.715068e-02 4.960748e-04
2.883769e+01 2.931733e-02 4.604898e-04
2.883769e+01 3.165689e-02 4.291142e-04
2.883769e+01 3.418314e-02 4.025370e-04
2.883769e+01 3.691099e-02 3.803479e-04
2.883769e+01 3.985652e-02 3.612036e-04
2.883769e+01 4.303711e-02 3.428500e-04
2.883769e+01 4.647152e-02 3.225507e-04
2.883769e+01 5.017999e-02 2.979786e-04
2.883769e+01 5.418441e-02 2.755799e-04
2.883769e+01 5.850838e-02 2.628408e-04
2.883769e+01 6.317741e-02 2.490851e-04
2.883769e+01 6.821903e-02 2.342316e-04
2.883769e+01 7.366298e-02 2.179394e-04
2.883769e+01 7.954136e-02 1.977581e-04
2.883769e+01 8.588885e-02 1.759664e-04
2.883769e+01 9.274286e-02 1.524357e-04
2.883769e+01 1.001438e-01 1.270272e-04
2.883769e+01 1.081354e-01 1.125754e-04
2.883769e+01 1.167647e-01 1.031650e-04
2.883769e+01 1.260827e-01 9.300376e-05
2.883769e+01 1.361442e-01 8.203158e-05
2.883769e+01 1.470087e-01 7.134097e-05
2.883769e+01 1.587401e-01 6.472646e-05
2.883769e+01 1.714077e-01 5.758410e-05
2.883769e+01 1.850862e-01 4.987178e-05
2.883769e+01 1.998563e-01 4.154400e-05
2.883769e+01 2.158051e-01 3.718756e-05
2.883769e+01 2.330265e-01 3.340947e-05
2.883769e+01 2.516223e-01 2.932989e-05
2.883769e+01 2.717020e-01 2.492474e-05
2.883769e+01 2.933841e-01 2.146208e-05
2.883769e+01 3.167964e-01 1.936771e-05
2.883769e+01 3.420771e-01 1.710620e-05
2.883769e+01 3.693752e-01 1.466423e-05
2.883769e+01 3.988518e-01 1.214076e-05
2.883769e+01 4.306805e-01 1.100627e-05
2.883769e+01 4.650493e-01 9.781250e-06
2.883769e+01 5.021607e-01 8.458472e-06
2.883769e+01 5.422336e-01 7.030135e-06
2.883769e+01 5.855044e-01 6.118902e-06
2.883769e+01 6.322283e-01 5.429043e-06
2.883769e+01 6.826808e-01 4.684134e-06
2.883769e+01 7.371594e-01 3.879780e-06
2.883769e+01 7.959855e-01 3.175808e-06
2.883769e+01 8.595059e-01 2.802904e-06
2.883769e+01 9.280954e-01 2.400242e-06
2.883769e+01 1.002158e+00 1.965448e-06
2.883769e+01 1.082132e+00 1.495957e-06
2.883769e+01 1.168487e+00 1.293484e-06
2.883769e+01 1.261733e+00 1.100787e-06
2.883769e+01 1.362421e+00 8.927126e-07
2.883769e+01 1.471144e+00 6.680335e-07
2.883769e+01 1.588542e+00 5.166496e-07
2.883769e+01 1.715310e+00 4.330560e-07
2.883769e+01 1.852193e+00 3.427915e-07
2.883769e+01 2.000000e+00 2.453239e-07
2.943444e+01 1.000000e-03 1.542997e-04
2.943444e+01 1.079801e-03 1.656615e-04
2.943444e+01 1.165970e-03 1.777744e-04
2.943444e+01 1.259016e-03 1.906686e-04
2.943444e+01 1.359487e-03 2.043705e-04
2.943444e+01 1.467975e-03 2.189037e-04
2.943444e+01 1.585121e-03 2.342859e-04
2.943444e+01 1.711615e-03 2.505284e-04
2.943444e+01 1.848204e-03 2.676357e-04
2.943444e+01 1.995693e-03 2.856044e-04
2.943444e+01 2.154951e-03 3.044212e-04
2.943444e+01 2.326918e-03 3.240629e-04
2.943444e+01 2.512609e-03 3.444970e-04
2.943444e+01 2.713117e-03 3.656799e-04
2.943444e+01 2.929627e-03 3.875558e-04
2.943444e+01 3.163414e-03 4.100559e-04
2.943444e+01 3.415858e-03 4.330971e-04
2.943444e+01 3.688447e-03 4.565816e-04
2.943444e+01 3.982789e-03 4.803855e-04
2.943444e+01 4.300619e-03 5.043586e-04
2.943444e+01 4.643813e-03 5.283304e-04
2.943444e+01 5.014394e-03 5.520975e-04
2.943444e+01 5.414548e-03 5.754243e-04
2.943444e+01 5.846635e-03 5.980533e-04
2.943444e+01 6.313202e-03 6.196893e-04
2.943444e+01 6.817002e-03 6.400029e-04
2.943444e+01 7.361006e-03 6.586483e-04
2.943444e+01 7.948422e-03 6.752360e-04
2.943444e+01 8.582714e-03 6.893431e-04
2.943444e+01 9.267624e-03 7.005486e-04
2.943444e+01 1.000719e-02 7.084063e-04
2.943444e+01 1.080577e-02 7.124649e-04
2.943444e+01 1.166809e-02 7.123203e-04
2.943444e+01 1.259921e-02 7.076136e-04
2.943444e+01 1.360464e-02 6.980570e-04
2.943444e+01 1.469030e-02 6.834810e-04
2.943444e+01 1.586261e-02 6.639212e-04
2.943444e+01 1.712846e-02 6.396073e-04
2.943444e+01 1.849533e-02 6.109213e-04
2.943444e+01 1.997127e-02 5.786906e-04
2.943444e+01 2.156500e-02 5.440235e-04
2.943444e+01 2.328591e-02 5.079903e-04
2.943444e+01 2.514415e-02 4.720610e-04
2.943444e+01 2.715068e-02 4.378048e-04
2.943444e+01 2.931733e-02 4.063998e-04
2.943444e+01 3.165689e-02 3.787099e-04
2.943444e+01 3.418314e-02 3.552545e-04
2.943444e+01 3.691099e-02 3.356718e-04
2.943444e+01 3.985652e-02 3.187762e-04
2.943444e+01 4.303711e-02 3.025784e-04
2.943444e+01 4.647152e-02 2.846635e-04
2.943444e+01 5.017999e-02 2.629778e-04
2.943444e+01 5.418441e-02 2.432201e-04
2.943444e+01 5.850838e-02 2.320055e-04
2.943444e+01 6.317741e-02 2.198959e-04
2.943444e+01 6.821903e-02 2.068200e-04
2.943444e+01 7.366298e-02 1.924734e-04
2.943444e+01 7.954136e-02 1.746619e-04
2.943444e+01 8.588885e-02 1.554291e-04
2.943444e+01 9.274286e-02 1.346614e-04
2.943444e+01 1.001438e-01 1.122365e-04
2.943444e+01 1.081354e-01 9.948676e-05
2.943444e+01 1.167647e-01 9.118940e-05
2.943444e+01 1.260827e-01 8.222992e-05
2.943444e+01 1.361442e-01 7.255545e-05
2.943444e+01 1.470087e-01 6.313202e-05
2.943444e+01 1.587401e-01 5.731469e-05
2.943444e+01 1.714077e-01 5.103312e-05
2.943444e+01 1.850862e-01 4.425028e-05
2.943444e+01 1.998563e-01 3.692616e-05
2.943444e+01 2.158051e-01 3.308305e-05
2.943444e+01 2.330265e-01 2.974531e-05
2.943444e+01 2.516223e-01 2.614122e-05
2.943444e+01 2.717020e-01 2.224952e-05
2.943444e+01 2.933841e-01 1.918549e-05
2.943444e+01 3.167964e-01 1.732357e-05
2.943444e+01 3.420771e-01 1.531307e-05
2.943444e+01 3.693752e-01 1.314213e-05
2.943444e+01 3.988518e-01 1.089841e-05
2.943444e+01 4.306805e-01 9.884844e-06
2.943444e+01 4.650493e-01 8.790397e-06
2.943444e+01 5.021607e-01 7.608613e-06
2.943444e+01 5.422336e-01 6.332521e-06
2.943444e+01 5.855044e-01 5.517181e-06
2.943444e+01 6.322283e-01 4.898944e-06
2.943444e+01 6.826808e-01 4.231372e-06
2.943444e+01 7.371594e-01 3.510526e-06
2.943444e+01 7.959855e-01 2.879441e-06
2.943444e+01 8.595059e-01 2.544564e-06
2.943444e+01 9.280954e-01 2.182964e-06
2.943444e+01 1.002158e+00 1.792508e-06
2.943444e+01 1.082132e+00 1.370893e-06
2.943444e+01 1.168487e+00 1.188274e-06
2.943444e+01 1.261733e+00 1.014303e-06
2.943444e+01 1.362421e+00 8.264493e-07
2.943444e+01 1.471144e+00 6.236042e-07
2.943444e+01 1.588542e+00 4.861531e-07
2.943444e+01 1.715310e+00 4.091609e-07
2.943444e+01 1.852193e+00 3.260247e-07
2.943444e+01 2.000000e+00 2.362540e-07
3.004313e+01 1.000000e-03 1.342378e-04
3.004313e+01 1.079801e-03 1.441259e-04
3.004313e+01 1.165970e-03 1.546684e-04
3.004313e+01 1.259016e-03 1.658917e-04
3.004313e+01 1.359487e-03 1.778190e-04
3.004313e+01 1.467975e-03 1.904709e-04
3.004313e+01 1.585121e-03 2.038633e-04
3.004313e+01 1.711615e-03 2.180057e-04
3.004313e+01 1.848204e-03 2.329026e-04
3.004313e+01 1.995693e-03 2.485506e-04
3.004313e+01 2.154951e-03 2.649383e-04
3.004313e+01 2.326918e-03 2.820453e-04
3.004313e+01 2.512609e-03 2.998428e-04
3.004313e+01 2.713117e-03 3.182927e-04
3.004313e+01 2.929627e-03 3.373459e-04
3.004313e+01 3.163414e-03 3.569419e-04
3.004313e+01 3.415858e-03 3.770084e-04
3.004313e+01 3.688447e-03 3.974600e-04
3.004313e+01 3.982789e-03 4.181890e-04
3.004313e+01 4.300619e-03 4.390649e-04
3.004313e+01 4.643813e-03 4.599398e-04
3.004313e+01 5.014394e-03 4.806368e-04
3.004313e+01 5.414548e-03 5.009504e-04
3.004313e+01 5.846635e-03 5.206559e-04
3.004313e+01 6.313202e-03 5.394965e-04
3.004313e+01 6.817002e-03 5.571854e-04
3.004313e+01 7.361006e-03 5.734217e-04
3.004313e+01 7.948422e-03 5.878665e-04
3.004313e+01 8.582714e-03 6.001514e-04
3.004313e+01 9.267624e-03 6.099097e-04
3.004313e+01 1.000719e-02 6.167531e-04
3.004313e+01 1.080577e-02 6.202886e-04
3.004313e+01 1.166809e-02 6.201646e-04
3.004313e+01 1.259921e-02 6.160685e-04
3.004313e+01 1.360464e-02 6.077494e-04
3.004313e+01 1.469030e-02 5.950598e-04
3.004313e+01 1.586261e-02 5.780306e-04
3.004313e+01 1.712846e-02 5.568626e-04
3.004313e+01 1.849533e-02 5.318885e-04
3.004313e+01 1.997127e-02 5.038286e-04
3.004313e+01 2.156500e-02 4.736474e-04
3.004313e+01 2.328591e-02 4.422763e-04
3.004313e+01 2.514415e-02 4.109953e-04
3.004313e+01 2.715068e-02 3.811707e-04
3.004313e+01 2.931733e-02 3.538284e-04
3.004313e+01 3.165689e-02 3.297205e-04
3.004313e+01 3.418314e-02 3.092994e-04
3.004313e+01 3.691099e-02 2.922498e-04
3.004313e+01 3.985652e-02 2.775398e-04
3.004313e+01 4.303711e-02 2.634374e-04
3.004313e+01 4.647152e-02 2.478399e-04
3.004313e+01 5.017999e-02 2.289594e-04
3.004313e+01 5.418441e-02 2.117654e-04
3.004313e+01 5.850838e-02 2.020230e-04
3.004313e+01 6.317741e-02 1.915031e-04
3.004313e+01 6.821903e-02 1.801438e-04
3.004313e+01 7.366298e-02 1.676776e-04
3.004313e+01 7.954136e-02 1.521704e-04
3.004313e+01 8.588885e-02 1.354257e-04
3.004313e+01 9.274286e-02 1.173447e-04
3.004313e+01 1.001438e-01 9.782086e-05
3.004313e+01 1.081354e-01 8.672585e-05
3.004313e+01 1.167647e-01 7.951016e-05
3.004313e+01 1.260827e-01 7.171866e-05
3.004313e+01 1.361442e-01 6.330540e-05
3.004313e+01 1.470087e-01 5.511241e-05
3.004313e+01 1.587401e-01 5.006398e-05
3.004313e+01 1.714077e-01 4.461267e-05
3.004313e+01 1.850862e-01 3.872634e-05
3.004313e+01 1.998563e-01 3.237028e-05
3.004313e+01 2.158051e-01 2.902499e-05
3.004313e+01 2.330265e-01 2.611545e-05
3.004313e+01 2.516223e-01 2.297372e-05
3.004313e+01 2.717020e-01 1.958128e-05
3.004313e+01 2.933841e-01 1.690669e-05
3.004313e+01 3.167964e-01 1.527509e-05
3.004313e+01 3.420771e-01 1.351328e-05
3.004313e+01 3.693752e-01 1.161088e-05
3.004313e+01 3.988518e-01 9.644387e-06
3.004313e+01 4.306805e-01 8.751340e-06
3.004313e+01 4.650493e-01 7.787026e-06
3.004313e+01 5.021607e-01 6.745759e-06
3.004313e+01 5.422336e-01 5.621398e-06
3.004313e+01 5.855044e-01 4.902206e-06
3.004313e+01 6.322283e-01 4.356246e-06
3.004313e+01 6.826808e-01 3.766717e-06
3.004313e+01 7.371594e-01 3.130144e-06
3.004313e+01 7.959855e-01 2.572745e-06
3.004313e+01 8.595059e-01 2.276704e-06
3.004313e+01 9.280954e-01 1.957039e-06
3.004313e+01 1.002158e+00 1.611864e-06
3.004313e+01 1.082132e+00 1.239144e-06
3.004313e+01 1.168487e+00 1.076840e-06
3.004313e+01 1.261733e+00 9.220389e-07
3.004313e+01 1.362421e+00 7.548843e-07
3.004313e+01 1.471144e+00 5.743906e-07
3.004313e+01 1.588542e+00 4.514464e-07
3.004313e+01 1.715310e+00 3.816889e-07
3.004313e+01 1.852193e+00 3.063647e-07
3.004313e+01 2.000000e+00 2.250295e-07
3.066399e+01 1.000000e-03 1.146670e-04
3.066399e+01 1.079801e-03 1.231165e-04
3.066399e+01 1.165970e-03 1.321258e-04
3.066399e+01 1.259016e-03 1.417176e-04
3.066399e+01 1.359487e-03 1.519119e-04
3.066399e+01 1.467975e-03 1.627265e-04
3.066399e+01 1.585121e-03 1.741750e-04
3.066399e+01 1.711615e-03 1.862659e-04
3.066399e+01 1.848204e-03 1.990027e-04
3.066399e+01 1.995693e-03 2.123830e-04
3.066399e+01 2.154951e-03 2.263965e-04
3.066399e+01 2.326918e-03 2.410261e-04
3.066399e+01 2.512609e-03 2.562466e-04
3.066399e+01 2.713117e-03 2.720252e-04
3.066399e+01 2.929627e-03 2.883195e-04
3.066399e+01 3.163414e-03 3.050774e-04
3.066399e+01 3.415858e-03 3.222370e-04
3.066399e+01 3.688447e-03 3.397249e-04
3.066399e+01 3.982789e-03 3.574494e-04
3.066399e+01 4.300619e-03 3.752992e-04
3.066399e+01 4.643813e-03 3.931482e-04
3.066399e+01 5.014394e-03 4.108452e-04
3.066399e+01 5.414548e-03 4.282145e-04
3.066399e+01 5.846635e-03 4.450636e-04
3.066399e+01 6.313202e-03 4.611728e-04
3.066399e+01 6.817002e-03 4.762973e-04
3.066399e+01 7.361006e-03 4.901799e-04
3.066399e+01 7.948422e-03 5.025308e-04
3.066399e+01 8.582714e-03 5.130352e-04
3.066399e+01 9.267624e-03 5.213795e-04
3.066399e+01 1.000719e-02 5.272315e-04
3.066399e+01 1.080577e-02 5.302556e-04
3.066399e+01 1.166809e-02 5.301513e-04
3.066399e+01 1.259921e-02 5.266512e-04
3.066399e+01 1.360464e-02 5.195406e-04
3.066399e+01 1.469030e-02 5.086933e-04
3.066399e+01 1.586261e-02 4.941358e-04
3.066399e+01 1.712846e-02 4.760403e-04
3.066399e+01 1.849533e-02 4.546916e-04
3.066399e+01 1.997127e-02 4.307055e-04
3.066399e+01 2.156500e-02 4.049058e-04
3.066399e+01 2.328591e-02 3.780885e-04
3.066399e+01 2.514415e-02 3.513477e-04
3.066399e+01 2.715068e-02 3.258517e-04
3.066399e+01 2.931733e-02 3.024777e-04
3.066399e+01 3.165689e-02 2.818687e-04
3.066399e+01 3.418314e-02 2.644113e-04
3.066399e+01 3.691099e-02 2.498361e-04
3.066399e+01 3.985652e-02 2.372610e-04
3.066399e+01 4.303711e-02 2.252052e-04
3.066399e+01 4.647152e-02 2.118713e-04
3.066399e+01 5.017999e-02 1.957310e-04
3.066399e+01 5.418441e-02 1.810448e-04
3.066399e+01 5.850838e-02 1.727509e-04
3.066399e+01 6.317741e-02 1.637952e-04
3.066399e+01 6.821903e-02 1.541248e-04
3.066399e+01 7.366298e-02 1.435066e-04
3.066399e+01 7.954136e-02 1.302425e-04
3.066399e+01 8.588885e-02 1.159199e-04
3.066399e+01 9.274286e-02 1.004543e-04
3.066399e+01 1.001438e-01 8.375463e-05
3.066399e+01 1.081354e-01 7.426697e-05
3.066399e+01 1.167647e-01 6.809888e-05
3.066399e+01 1.260827e-01 6.143856e-05
3.066399e+01 1.361442e-01 5.424675e-05
3.066399e+01 1.470087e-01 4.724644e-05
3.066399e+01 1.587401e-01 4.294802e-05
3.066399e+01 1.714077e-01 3.830659e-05
3.066399e+01 1.850862e-01 3.329476e-05
3.066399e+01 1.998563e-01 2.788298e-05
3.066399e+01 2.158051e-01 2.502295e-05
3.066399e+01 2.330265e-01 2.253065e-05
3.066399e+01 2.516223e-01 1.983946e-05
3.066399e+01 2.717020e-01 1.693352e-05
3.066399e+01 2.933841e-01 1.463858e-05
3.066399e+01 3.167964e-01 1.323177e-05
3.066399e+01 3.420771e-01 1.171270e-05
3.066399e+01 3.693752e-01 1.007241e-05
3.066399e+01 3.988518e-01 8.376707e-06
3.066399e+01 4.306805e-01 7.604609e-06
3.066399e+01 4.650493e-01 6.770897e-06
3.066399e+01 5.021607e-01 5.870653e-06
3.066399e+01 5.422336e-01 4.898569e-06
3.066399e+01 5.855044e-01 4.275857e-06
3.066399e+01 6.322283e-01 3.802411e-06
3.066399e+01 6.826808e-01 3.291183e-06
3.066399e+01 7.371594e-01 2.739159e-06
3.066399e+01 7.959855e-01 2.255788e-06
3.066399e+01 8.595059e-01 1.999049e-06
3.066399e+01 9.280954e-01 1.721822e-06
3.066399e+01 1.002158e+00 1.422471e-06
3.066399e+01 1.082132e+00 1.099232e-06
3.066399e+01 1.168487e+00 9.578249e-07
3.066399e+01 1.261733e+00 8.228168e-07
3.066399e+01 1.362421e+00 6.770350e-07
3.066399e+01 1.471144e+00 5.196195e-07
3.066399e+01 1.588542e+00 4.118457e-07
3.066399e+01 1.715310e+00 3.499332e-07
3.066399e+01 1.852193e+00 2.830800e-07
3.066399e+01 2.000000e+00 2.108918e-07
3.129727e+01 1.000000e-03 9.564501e-05
3.129727e+01 1.079801e-03 1.026953e-04
3.129727e+01 1.165970e-03 1.102133e-04
3.129727e+01 1.259016e-03 1.182179e-04
3.129727e+01 1.359487e-03 1.267261e-04
3.129727e+01 1.467975e-03 1.357528e-04
3.129727e+01 1.585121e-03 1.453094e-04
3.129727e+01 1.711615e-03 1.554031e-04
3.129727e+01 1.848204e-03 1.660370e-04
3.129727e+01 1.995693e-03 1.772091e-04
3.129727e+01 2.154951e-03 1.889108e-04
3.129727e+01 2.326918e-03 2.011276e-04
3.129727e+01 2.512609e-03 2.138383e-04
3.129727e+01 2.713117e-03 2.270153e-04
3.129727e+01 2.929627e-03 2.406227e-04
3.129727e+01 3.163414e-03 2.546169e-04
3.129727e+01 3.415858e-03 2.689459e-04
3.129727e+01 3.688447e-03 2.835484e-04
3.129727e+01 3.982789e-03 2.983477e-04
3.129727e+01 4.300619e-03 3.132513e-04
3.129727e+01 4.643813e-03 3.281543e-04
3.129727e+01 5.014394e-03 3.429306e-04
3.129727e+01 5.414548e-03 3.574333e-04
3.129727e+01 5.846635e-03 3.715015e-04
3.129727e+01 6.313202e-03 3.849517e-04
3.129727e+01 6.817002e-03 3.975796e-04
3.129727e+01 7.361006e-03 4.091706e-04
3.129727e+01 7.948422e-03 4.194831e-04
3.129727e+01 8.582714e-03 4.282539e-04
3.129727e+01 9.267624e-03 4.352213e-04
3.129727e+01 1.000719e-02 4.401081e-04
3.129727e+01 1.080577e-02 4.426340e-04
3.129727e+01 1.166809e-02 4.425484e-04
3.129727e+01 1.259921e-02 4.396280e-04
3.129727e+01 1.360464e-02 4.336933e-04
3.129727e+01 1.469030e-02 4.246387e-04
3.129727e+01 1.586261e-02 4.124867e-04
3.129727e+01 1.712846e-02 3.973814e-04
3.129727e+01 1.849533e-02 3.795610e-04
3.129727e+01 1.997127e-02 3.595392e-04
3.129727e+01 2.156500e-02 3.380036e-04
3.129727e+01 2.328591e-02 3.156179e-04
3.129727e+01 2.514415e-02 2.932957e-04
3.129727e+01 2.715068e-02 2.720125e-04
3.129727e+01 2.931733e-02 2.525007e-04
3.129727e+01 3.165689e-02 2.352969e-04
3.129727e+01 3.418314e-02 2.207239e-04
3.129727e+01 3.691099e-02 2.085569e-04
3.129727e+01 3.985652e-02 1.980595e-04
3.129727e+01 4.303711e-02 1.879956e-04
3.129727e+01 4.647152e-02 1.768649e-04
3.129727e+01 5.017999e-02 1.633914e-04
3.129727e+01 5.418441e-02 1.511381e-04
3.129727e+01 5.850838e-02 1.442324e-04
3.129727e+01 6.317741e-02 1.367757e-04
3.129727e+01 6.821903e-02 1.287239e-04
3.129727e+01 7.366298e-02 1.198809e-04
3.129727e+01 7.954136e-02 1.088154e-04
3.129727e+01 8.588885e-02 9.686680e-05
3.129727e+01 9.274286e-02 8.396471e-05
3.129727e+01 1.001438e-01 7.003301e-05
3.129727e+01 1.081354e-01 6.211500e-05
3.129727e+01 1.167647e-01 5.696467e-05
3.129727e+01 1.260827e-01 5.140333e-05
3.129727e+01 1.361442e-01 4.539820e-05
3.129727e+01 1.470087e-01 3.955518e-05
3.129727e+01 1.587401e-01 3.597780e-05
3.129727e+01 1.714077e-01 3.211494e-05
3.129727e+01 1.850862e-01 2.794381e-05
3.129727e+01 1.998563e-01 2.343983e-05
3.129727e+01 2.158051e-01 2.105215e-05
3.129727e+01 2.330265e-01 1.896845e-05
3.129727e+01 2.516223e-01 1.671846e-05
3.129727e+01 2.717020e-01 1.428891e-05
3.129727e+01 2.933841e-01 1.236698e-05
3.129727e+01 3.167964e-01 1.118323e-05
3.129727e+01 3.420771e-01 9.905005e-06
3.129727e+01 3.693752e-01 8.524780e-06
3.129727e+01 3.988518e-01 7.097811e-06
3.129727e+01 4.306805e-01 6.446249e-06
3.129727e+01 4.650493e-01 5.742693e-06
3.129727e+01 5.021607e-01 4.982991e-06
3.129727e+01 5.422336e-01 4.162665e-06
3.129727e+01 5.855044e-01 3.636714e-06
3.129727e+01 6.322283e-01 3.236479e-06
3.129727e+01 6.826808e-01 2.804305e-06
3.129727e+01 7.371594e-01 2.337643e-06
3.129727e+01 7.959855e-01 1.928992e-06
3.129727e+01 8.595059e-01 1.711864e-06
3.129727e+01 9.280954e-01 1.477409e-06
3.129727e+01 1.002158e+00 1.224244e-06
3.129727e+01 1.082132e+00 9.508756e-07
3.129727e+01 1.168487e+00 8.308842e-07
3.129727e+01 1.261733e+00 7.162384e-07
3.129727e+01 1.362421e+00 5.924438e-07
3.129727e+01 1.471144e+00 4.587702e-07
3.129727e+01 1.588542e+00 3.668172e-07
3.129727e+01 1.715310e+00 3.133940e-07
3.129727e+01 1.852193e+00 2.557077e-07
3.129727e+01 2.000000e+00 1.934178e-07
3.194322e+01 1.000000e-03 7.712528e-05
3.194322e+01 1.079801e-03 8.281245e-05
3.194322e+01 1.165970e-03 8.887728e-05
3.194322e+01 1.259016e-03 9.533525e-05
3.194322e+01 1.359487e-03 1.022000e-04
3.194322e+01 1.467975e-03 1.094838e-04
3.194322e+01 1.585121e-03 1.171959e-04
3.194322e+01 1.711615e-03 1.253421e-04
3.194322e+01 1.848204e-03 1.339252e-04
3.194322e+01 1.995693e-03 1.429434e-04
3.194322e+01 2.154951e-03 1.523898e-04
3.194322e+01 2.326918e-03 1.622526e-04
3.194322e+01 2.512609e-03 1.725147e-04
3.194322e+01 2.713117e-03 1.831533e-04
3.194322e+01 2.929627e-03 1.941393e-04
3.194322e+01 3.163414e-03 2.054373e-04
3.194322e+01 3.415858e-03 2.170051e-04
3.194322e+01 3.688447e-03 2.287931e-04
3.194322e+01 3.982789e-03 2.407394e-04
3.194322e+01 4.300619e-03 2.527696e-04
3.194322e+01 4.643813e-03 2.647993e-04
3.194322e+01 5.014394e-03 2.767269e-04
3.194322e+01 5.414548e-03 2.884336e-04
3.194322e+01 5.846635e-03 2.997895e-04
3.194322e+01 6.313202e-03 3.106464e-04
3.194322e+01 6.817002e-03 3.208395e-04
3.194322e+01 7.361006e-03 3.301957e-04
3.194322e+01 7.948422e-03 3.385200e-04
3.194322e+01 8.582714e-03 3.456000e-04
3.194322e+01 9.267624e-03 3.512244e-04
3.194322e+01 1.000719e-02 3.551695e-04
3.194322e+01 1.080577e-02 3.572093e-04
3.194322e+01 1.166809e-02 3.571414e-04
3.194322e+01 1.259921e-02 3.547856e-04
3.194322e+01 1.360464e-02 3.499971e-04
3.194322e+01 1.469030e-02 3.426903e-04
3.194322e+01 1.586261e-02 3.328835e-04
3.194322e+01 1.712846e-02 3.206935e-04
3.194322e+01 1.849533e-02 3.063127e-04
3.194322e+01 1.997127e-02 2.901556e-04
3.194322e+01 2.156500e-02 2.727767e-04
3.194322e+01 2.328591e-02 2.547115e-04
3.194322e+01 2.514415e-02 2.366972e-04
3.194322e+01 2.715068e-02 2.195213e-04
3.194322e+01 2.931733e-02 2.037748e-04
3.194322e+01 3.165689e-02 1.898910e-04
3.194322e+01 3.418314e-02 1.781303e-04
3.194322e+01 3.691099e-02 1.683112e-04
3.194322e+01 3.985652e-02 1.598394e-04
3.194322e+01 4.303711e-02 1.517176e-04
3.194322e+01 4.647152e-02 1.427348e-04
3.194322e+01 5.017999e-02 1.318613e-04
3.194322e+01 5.418441e-02 1.219796e-04
3.194322e+01 5.850838e-02 1.164258e-04
3.194322e+01 6.317741e-02 1.104288e-04
3.194322e+01 6.821903e-02 1.039532e-04
3.194322e+01 7.366298e-02 9.683887e-05
3.194322e+01 7.954136e-02 8.791053e-05
3.194322e+01 8.588885e-02 7.826969e-05
3.194322e+01 9.274286e-02 6.785951e-05
3.194322e+01 1.001438e-01 5.661859e-05
3.194322e+01 1.081354e-01 5.022901e-05
3.194322e+01 1.167647e-01 4.607210e-05
3.194322e+01 1.260827e-01 4.158346e-05
3.194322e+01 1.361442e-01 3.673663e-05
3.194322e+01 1.470087e-01 3.202221e-05
3.194322e+01 1.587401e-01 2.914328e-05
3.194322e+01 1.714077e-01 2.603460e-05
3.194322e+01 1.850862e-01 2.267784e-05
3.194322e+01 1.998563e-01 1.905322e-05
3.194322e+01 2.158051e-01 1.712487e-05
3.194322e+01 2.330265e-01 1.543923e-05
3.194322e+01 2.516223e-01 1.361907e-05
3.194322e+01 2.717020e-01 1.165367e-05
3.194322e+01 2.933841e-01 1.009666e-05
3.194322e+01 3.167964e-01 9.133782e-06
3.194322e+01 3.420771e-01 8.094063e-06
3.194322e+01 3.693752e-01 6.971375e-06
3.194322e+01 3.988518e-01 5.810555e-06
3.194322e+01 4.306805e-01 5.278924e-06
3.194322e+01 4.650493e-01 4.704869e-06
3.194322e+01 5.021607e-01 4.085003e-06
3.194322e+01 5.422336e-01 3.415671e-06
3.194322e+01 5.855044e-01 2.986462e-06
3.194322e+01 6.322283e-01 2.659790e-06
3.194322e+01 6.826808e-01 2.307050e-06
3.194322e+01 7.371594e-01 1.926161e-06
3.194322e+01 7.959855e-01 1.592636e-06
3.194322e+01 8.595059e-01 1.415471e-06
3.194322e+01 9.280954e-01 1.224168e-06
3.194322e+01 1.002158e+00 1.017599e-06
3.194322e+01 1.082132e+00 7.945449e-07
3.194322e+01 1.168487e+00 6.963232e-07
3.194322e+01 1.261733e+00 6.024112e-07
3.194322e+01 1.362421e+00 5.010050e-07
3.194322e+01 1.471144e+00 3.915064e-07
3.194322e+01 1.588542e+00 3.158664e-07
3.194322e+01 1.715310e+00 2.714851e-07
3.194322e+01 1.852193e+00 2.235622e-07
3.194322e+01 2.000000e+00 1.718151e-07
3.260208e+01 1.000000e-03 5.910086e-05
3.260208e+01 1.079801e-03 6.346047e-05
3.260208e+01 1.165970e-03 6.810992e-05
3.260208e+01 1.259016e-03 7.306114e-05
3.260208e+01 1.359487e-03 7.832468e-05
3.260208e+01 1.467975e-03 8.391000e-05
3.260208e+01 1.585121e-03 8.982430e-05
3.260208e+01 1.711615e-03 9.607216e-05
3.260208e+01 1.848204e-03 1.026557e-04
3.260208e+01 1.995693e-03 1.095736e-04
3.260208e+01 2.154951e-03 1.168205e-04
3.260208e+01 2.326918e-03 1.243874e-04
3.260208e+01 2.512609e-03 1.322609e-04
3.260208e+01 2.713117e-03 1.404235e-04
3.260208e+01 2.929627e-03 1.488527e-04
3.260208e+01 3.163414e-03 1.575210e-04
3.260208e+01 3.415858e-03 1.663959e-04
3.260208e+01 3.688447e-03 1.754393e-04
3.260208e+01 3.982789e-03 1.846036e-04
3.260208e+01 4.300619e-03 1.938321e-04
3.260208e+01 4.643813e-03 2.030602e-04
3.260208e+01 5.014394e-03 2.122100e-04
3.260208e+01 5.414548e-03 2.211904e-04
3.260208e+01 5.846635e-03 2.299016e-04
3.260208e+01 6.313202e-03 2.382299e-04
3.260208e+01 6.817002e-03 2.460490e-04
3.260208e+01 7.361006e-03 2.532262e-04
3.260208e+01 7.948422e-03 2.596119e-04
3.260208e+01 8.582714e-03 2.650431e-04
3.260208e+01 9.267624e-03 2.693579e-04
3.260208e+01 1.000719e-02 2.723846e-04
3.260208e+01 1.080577e-02 2.739500e-04
3.260208e+01 1.166809e-02 2.738989e-04
3.260208e+01 1.259921e-02 2.720931e-04
3.260208e+01 1.360464e-02 2.684213e-04
3.260208e+01 1.469030e-02 2.628179e-04
3.260208e+01 1.586261e-02 2.552971e-04
3.260208e+01 1.712846e-02 2.459484e-04
3.260208e+01 1.849533e-02 2.349198e-04
3.260208e+01 1.997127e-02 2.225291e-04
3.260208e+01 2.156500e-02 2.092013e-04
3.260208e+01 2.328591e-02 1.953469e-04
3.260208e+01 2.514415e-02 1.815313e-04
3.260208e+01 2.715068e-02 1.683586e-04
3.260208e+01 2.931733e-02 1.562822e-04
3.260208e+01 3.165689e-02 1.456343e-04
3.260208e+01 3.418314e-02 1.366146e-04
3.260208e+01 3.691099e-02 1.290840e-04
3.260208e+01 3.985652e-02 1.225867e-04
3.260208e+01 4.303711e-02 1.163577e-04
3.260208e+01 4.647152e-02 1.094685e-04
3.260208e+01 5.017999e-02 1.011293e-04
3.260208e+01 5.418441e-02 9.355573e-05
3.260208e+01 5.850838e-02 8.931050e-05
3.260208e+01 6.317741e-02 8.472650e-05
3.260208e+01 6.821903e-02 7.977670e-05
3.260208e+01 7.366298e-02 7.433673e-05
3.260208e+01 7.954136e-02 6.749095e-05
3.260208e+01 8.588885e-02 6.009886e-05
3.260208e+01 9.274286e-02 5.211688e-05
3.260208e+01 1.001438e-01 4.349793e-05
3.260208e+01 1.081354e-01 3.859863e-05
3.260208e+01 1.167647e-01 3.541118e-05
3.260208e+01 1.260827e-01 3.196935e-05
3.260208e+01 1.361442e-01 2.825287e-05
3.260208e+01 1.470087e-01 2.463877e-05
3.260208e+01 1.587401e-01 2.243572e-05
3.260208e+01 1.714077e-01 2.005686e-05
3.260208e+01 1.850862e-01 1.748817e-05
3.260208e+01 1.998563e-01 1.471450e-05
3.260208e+01 2.158051e-01 1.323411e-05
3.260208e+01 2.330265e-01 1.193813e-05
3.260208e+01 2.516223e-01 1.053872e-05
3.260208e+01 2.717020e-01 9.027637e-06
3.260208e+01 2.933841e-01 7.828698e-06
3.260208e+01 3.167964e-01 7.084052e-06
3.260208e+01 3.420771e-01 6.279982e-06
3.260208e+01 3.693752e-01 5.411746e-06
3.260208e+01 3.988518e-01 4.514001e-06
3.260208e+01 4.306805e-01 4.102555e-06
3.260208e+01 4.650493e-01 3.658276e-06
3.260208e+01 5.021607e-01 3.178543e-06
3.260208e+01 5.422336e-01 2.660526e-06
3.260208e+01 5.855044e-01 2.328099e-06
3.260208e+01 6.322283e-01 2.074895e-06
3.260208e+01 6.826808e-01 1.801485e-06
3.260208e+01 7.371594e-01 1.506257e-06
3.260208e+01 7.959855e-01 1.247775e-06
3.260208e+01 8.595059e-01 1.110569e-06
3.260208e+01 9.280954e-01 9.624144e-07
3.260208e+01 1.002158e+00 8.024367e-07
3.260208e+01 1.082132e+00 6.296926e-07
3.260208e+01 1.168487e+00 5.535097e-07
3.260208e+01 1.261733e+00 4.806455e-07
3.260208e+01 1.362421e+00 4.019667e-07
3.260208e+01 1.471144e+00 3.170092e-07
3.260208e+01 1.588542e+00 2.581324e-07
3.260208e+01 1.715310e+00 2.233277e-07
3.260208e+01 1.852193e+00 1.857455e-07
3.260208e+01 2.000000e+00 1.451642e-07
3.327412e+01 1.000000e-03 4.151380e-05
3.327412e+01 1.079801e-03 4.457719e-05
3.327412e+01 1.165970e-03 4.784447e-05
3.327412e+01 1.259016e-03 5.132408e-05
3.327412e+01 1.359487e-03 5.502350e-05
3.327412e+01 1.467975e-03 5.894943e-05
3.327412e+01 1.585121e-03 6.310700e-05
3.327412e+01 1.711615e-03 6.749948e-05
3.327412e+01 1.848204e-03 7.212839e-05
3.327412e+01 1.995693e-03 7.699282e-05
3.327412e+01 2.154951e-03 8.208907e-05
3.327412e+01 2.326918e-03 8.741066e-05
3.327412e+01 2.512609e-03 9.294822e-05
3.327412e+01 2.713117e-03 9.868925e-05
3.327412e+01 2.929627e-03 1.046177e-04
3.327412e+01 3.163414e-03 1.107142e-04
3.327412e+01 3.415858e-03 1.169558e-04
3.327412e+01 3.688447e-03 1.233155e-04
3.327412e+01 3.982789e-03 1.297600e-04
3.327412e+01 4.300619e-03 1.362494e-04
3.327412e+01 4.643813e-03 1.427384e-04
3.327412e+01 5.014394e-03 1.491725e-04
3.327412e+01 5.414548e-03 1.554875e-04
3.327412e+01 5.846635e-03 1.616131e-04
3.327412e+01 6.313202e-03 1.674694e-04
3.327412e+01 6.817002e-03 1.729676e-04
3.327412e+01 7.361006e-03 1.780145e-04
3.327412e+01 7.948422e-03 1.825048e-04
3.327412e+01 8.582714e-03 1.863241e-04
3.327412e+01 9.267624e-03 1.893584e-04
3.327412e+01 1.000719e-02 1.914871e-04
3.327412e+01 1.080577e-02 1.925883e-04
3.327412e+01 1.166809e-02 1.925531e-04
3.327412e+01 1.259921e-02 1.912841e-04
3.327412e+01 1.360464e-02 1.887033e-04
3.327412e+01 1.469030e-02 1.847644e-04
3.327412e+01 1.586261e-02 1.794774e-04
3.327412e+01 1.712846e-02 1.729055e-04
3.327412e+01 1.849533e-02 1.651525e-04
3.327412e+01 1.997127e-02 1.564420e-04
3.327412e+01 2.156500e-02 1.470726e-04
3.327412e+01 2.328591e-02 1.373329e-04
3.327412e+01 2.514415e-02 1.276205e-04
3.327412e+01 2.715068e-02 1.183599e-04
3.327412e+01 2.931733e-02 1.098700e-04
3.327412e+01 3.165689e-02 1.023843e-04
3.327412e+01 3.418314e-02 9.604324e-05
3.327412e+01 3.691099e-02 9.074904e-05
3.327412e+01 3.985652e-02 8.618129e-05
3.327412e+01 4.303711e-02 8.180220e-05
3.327412e+01 4.647152e-02 7.695891e-05
3.327412e+01 5.017999e-02 7.109628e-05
3.327412e+01 5.418441e-02 6.577421e-05
3.327412e+01 5.850838e-02 6.279617e-05
3.327412e+01 6.317741e-02 5.958048e-05
3.327412e+01 6.821903e-02 5.610816e-05
3.327412e+01 7.366298e-02 5.229166e-05
3.327412e+01 7.954136e-02 4.748539e-05
3.327412e+01 8.588885e-02 4.229558e-05
3.327412e+01 9.274286e-02 3.669162e-05
3.327412e+01 1.001438e-01 3.064046e-05
3.327412e+01 1.081354e-01 2.719761e-05
3.327412e+01 1.167647e-01 2.495482e-05
3.327412e+01 1.260827e-01 2.253306e-05
3.327412e+01 1.361442e-01 1.991803e-05
3.327412e+01 1.470087e-01 1.737609e-05
3.327412e+01 1.587401e-01 1.583157e-05
3.327412e+01 1.714077e-01 1.416379e-05
3.327412e+01 1.850862e-01 1.236292e-05
3.327412e+01 1.998563e-01 1.041833e-05
3.327412e+01 2.158051e-01 9.376498e-06
3.327412e+01 2.330265e-01 8.462838e-06
3.327412e+01 2.516223e-01 7.476266e-06
3.327412e+01 2.717020e-01 6.410966e-06
3.327412e+01 2.933841e-01 5.564417e-06
3.327412e+01 3.167964e-01 5.036375e-06
3.327412e+01 3.420771e-01 4.466195e-06
3.327412e+01 3.693752e-01 3.850515e-06
3.327412e+01 3.988518e-01 3.213895e-06
3.327412e+01 4.306805e-01 2.921925e-06
3.327412e+01 4.650493e-01 2.606657e-06
3.327412e+01 5.021607e-01 2.266229e-06
3.327412e+01 5.422336e-01 1.898635e-06
3.327412e+01 5.855044e-01 1.662562e-06
3.327412e+01 6.322283e-01 1.482609e-06
3.327412e+01 6.826808e-01 1.288297e-06
3.327412e+01 7.371594e-01 1.078478e-06
3.327412e+01 7.959855e-01 8.948685e-07
3.327412e+01 8.595059e-01 7.976801e-07
3.327412e+01 9.280954e-01 6.927361e-07
3.327412e+01 1.002158e+00 5.794173e-07
3.327412e+01 1.082132e+00 4.570557e-07
3.327412e+01 1.168487e+00 4.029891e-07
3.327412e+01 1.261733e+00 3.512564e-07
3.327412e+01 1.362421e+00 2.953953e-07
3.327412e+01 1.471144e+00 2.350765e-07
3.327412e+01 1.588542e+00 1.932083e-07
3.327412e+01 1.715310e+00 1.683678e-07
3.327412e+01 1.852193e+00 1.415449e-07
3.327412e+01 2.000000e+00 1.125816e-07
3.395961e+01 1.000000e-03 2.501599e-05
3.395961e+01 1.079801e-03 2.686263e-05
3.395961e+01 1.165970e-03 2.883232e-05
3.395961e+01 1.259016e-03 3.093018e-05
3.395961e+01 1.359487e-03 3.316075e-05
3.395961e+01 1.467975e-03 3.552812e-05
3.395961e+01 1.585121e-03 3.803541e-05
3.395961e+01 1.711615e-03 4.068462e-05
3.395961e+01 1.848204e-03 4.347671e-05
3.395961e+01 1.995693e-03 4.641114e-05
3.395961e+01 2.154951e-03 4.948568e-05
3.395961e+01 2.326918e-03 5.269640e-05
3.395961e+01 2.512609e-03 5.603761e-05
3.395961e+01 2.713117e-03 5.950169e-05
3.395961e+01 2.929627e-03 6.307887e-05
3.395961e+01 3.163414e-03 6.675738e-05
3.395961e+01 3.415858e-03 7.052329e-05
3.395961e+01 3.688447e-03 7.436026e-05
3.395961e+01 3.982789e-03 7.824815e-05
3.395961e+01 4.300619e-03 8.216298e-05
3.395961e+01 4.643813e-03 8.607761e-05
3.395961e+01 5.014394e-03 8.995909e-05
3.395961e+01 5.414548e-03 9.376869e-05
3.395961e+01 5.846635e-03 9.746408e-05
3.395961e+01 6.313202e-03 1.009970e-04
3.395961e+01 6.817002e-03 1.043139e-04
3.395961e+01 7.361006e-03 1.073585e-04
3.395961e+01 7.948422e-03 1.100673e-04
3.395961e+01 8.582714e-03 1.123714e-04
3.395961e+01 9.267624e-03 1.142020e-04
3.395961e+01 1.000719e-02 1.154864e-04
3.395961e+01 1.080577e-02 1.161511e-04
3.395961e+01 1.166809e-02 1.161302e-04
3.395961e+01 1.259921e-02 1.153653e-04
3.395961e+01 1.360464e-02 1.138091e-04
3.395961e+01 1.469030e-02 1.114337e-04
3.395961e+01 1.586261e-02 1.082453e-04
3.395961e+01 1.712846e-02 1.042819e-04
3.395961e+01 1.849533e-02 9.960613e-05
3.395961e+01 1.997127e-02 9.435284e-05
3.395961e+01 2.156500e-02 8.870216e-05
3.395961e+01 2.328591e-02 8.282813e-05
3.395961e+01 2.514415e-02 7.697047e-05
3.395961e+01 2.715068e-02 7.138529e-05
3.395961e+01 2.931733e-02 6.626490e-05
3.395961e+01 3.165689e-02 6.175015e-05
3.395961e+01 3.418314e-02 5.792576e-05
3.395961e+01 3.691099e-02 5.473271e-05
3.395961e+01 3.985652e-02 5.197780e-05
3.395961e+01 4.303711e-02 4.933667e-05
3.395961e+01 4.647152e-02 4.641558e-05
3.395961e+01 5.017999e-02 4.287971e-05
3.395961e+01 5.418441e-02 3.967177e-05
3.395961e+01 5.850838e-02 3.788091e-05
3.395961e+01 6.317741e-02 3.594714e-05
3.395961e+01 6.821903e-02 3.385906e-05
3.395961e+01 7.366298e-02 3.156336e-05
3.395961e+01 7.954136e-02 2.866592e-05
3.395961e+01 8.588885e-02 2.553727e-05
3.395961e+01 9.274286e-02 2.215895e-05
3.395961e+01 1.001438e-01 1.851104e-05
3.395961e+01 1.081354e-01 1.643280e-05
3.395961e+01 1.167647e-01 1.507649e-05
3.395961e+01 1.260827e-01 1.361194e-05
3.395961e+01 1.361442e-01 1.203052e-05
3.395961e+01 1.470087e-01 1.049378e-05
3.395961e+01 1.587401e-01 9.562283e-06
3.395961e+01 1.714077e-01 8.556454e-06
3.395961e+01 1.850862e-01 7.470358e-06
3.395961e+01 1.998563e-01 6.297591e-06
3.395961e+01 2.158051e-01 5.667824e-06
3.395961e+01 2.330265e-01 5.114954e-06
3.395961e+01 2.516223e-01 4.517966e-06
3.395961e+01 2.717020e-01 3.873337e-06
3.395961e+01 2.933841e-01 3.360705e-06
3.395961e+01 3.167964e-01 3.040305e-06
3.395961e+01 3.420771e-01 2.694336e-06
3.395961e+01 3.693752e-01 2.320758e-06
3.395961e+01 3.988518e-01 1.934544e-06
3.395961e+01 4.306805e-01 1.758428e-06
3.395961e+01 4.650493e-01 1.568258e-06
3.395961e+01 5.021607e-01 1.362912e-06
3.395961e+01 5.422336e-01 1.141179e-06
3.395961e+01 5.855044e-01 9.990394e-07
3.395961e+01 6.322283e-01 8.908943e-07
3.395961e+01 6.826808e-01 7.741190e-07
3.395961e+01 7.371594e-01 6.480250e-07
3.395961e+01 7.959855e-01 5.378334e-07
3.395961e+01 8.595059e-01 4.799457e-07
3.395961e+01 9.280954e-01 4.174385e-07
3.395961e+01 1.002158e+00 3.499431e-07
3.395961e+01 1.082132e+00 2.770616e-07
3.395961e+01 1.168487e+00 2.449729e-07
3.395961e+01 1.261733e+00 2.142932e-07
3.395961e+01 1.362421e+00 1.811652e-07
3.395961e+01 1.471144e+00 1.453936e-07
3.395961e+01 1.588542e+00 1.205542e-07
3.395961e+01 1.715310e+00 1.058035e-07
3.395961e+01 1.852193e+00 8.987579e-08
3.395961e+01 2.000000e+00 7.267698e-08
3.465880e+01 1.000000e-03 7.747880e-06
3.465880e+01 1.079801e-03 8.320020e-06
3.465880e+01 1.165970e-03 8.930328e-06
3.465880e+01 1.259016e-03 9.580402e-06
3.465880e+01 1.359487e-03 1.027166e-05
3.465880e+01 1.467975e-03 1.100538e-05
3.465880e+01 1.585121e-03 1.178254e-05
3.465880e+01 1.711615e-03 1.260377e-05
3.465880e+01 1.848204e-03 1.346939e-05
3.465880e+01 1.995693e-03 1.437922e-05
3.465880e+01 2.154951e-03 1.533257e-05
3.465880e+01 2.326918e-03 1.632824e-05
3.465880e+01 2.512609e-03 1.736442e-05
3.465880e+01 2.713117e-03 1.843876e-05
3.465880e+01 2.929627e-03 1.954817e-05
3.465880e+01 3.163414e-03 2.068899e-05
3.465880e+01 3.415858e-03 2.185688e-05
3.465880e+01 3.688447e-03 2.304673e-05
3.465880e+01 3.982789e-03 2.425231e-05
3.465880e+01 4.300619e-03 2.546620e-05
3.465880e+01 4.643813e-03 2.668001e-05
3.465880e+01 5.014394e-03 2.788354e-05
3.465880e+01 5.414548e-03 2.906479e-05
3.465880e+01 5.846635e-03 3.021063e-05
3.465880e+01 6.313202e-03 3.130608e-05
3.465880e+01 6.817002e-03 3.233455e-05
3.465880e+01 7.361006e-03 3.327859e-05
3.465880e+01 7.948422e-03 3.411853e-05
3.465880e+01 8.582714e-03 3.483298e-05
3.465880e+01 9.267624e-03 3.540063e-05
3.465880e+01 1.000719e-02 3.579895e-05
3.465880e+01 1.080577e-02 3.600514e-05
3.465880e+01 1.166809e-02 3.599881e-05
3.465880e+01 1.259921e-02 3.576181e-05
3.465880e+01 1.360464e-02 3.527950e-05
3.465880e+01 1.469030e-02 3.454327e-05
3.465880e+01 1.586261e-02 3.355498e-05
3.465880e+01 1.712846e-02 3.232643e-05
3.465880e+01 1.849533e-02 3.087705e-05
3.465880e+01 1.997127e-02 2.924862e-05
3.465880e+01 2.156500e-02 2.749699e-05
3.465880e+01 2.328591e-02 2.567612e-05
3.465880e+01 2.514415e-02 2.386032e-05
3.465880e+01 2.715068e-02 2.212898e-05
3.465880e+01 2.931733e-02 2.054171e-05
3.465880e+01 3.165689e-02 1.914218e-05
3.465880e+01 3.418314e-02 1.795664e-05
3.465880e+01 3.691099e-02 1.696682e-05
3.465880e+01 3.985652e-02 1.611281e-05
3.465880e+01 4.303711e-02 1.529408e-05
3.465880e+01 4.647152e-02 1.438856e-05
3.465880e+01 5.017999e-02 1.329246e-05
3.465880e+01 5.418441e-02 1.231967e-05
3.465880e+01 5.850838e-02 1.182479e-05
3.465880e+01 6.317741e-02 1.129042e-05
3.465880e+01 6.821903e-02 1.071341e-05
3.465880e+01 7.366298e-02 1.006731e-05
3.465880e+01 7.954136e-02 9.134351e-06
3.465880e+01 8.588885e-02 8.126944e-06
3.465880e+01 9.274286e-02 7.039145e-06
3.465880e+01 1.001438e-01 5.864539e-06
3.465880e+01 1.081354e-01 5.199768e-06
3.465880e+01 1.167647e-01 4.769911e-06
3.465880e+01 1.260827e-01 4.305750e-06
3.465880e+01 1.361442e-01 3.804550e-06
3.465880e+01 1.470087e-01 3.318674e-06
3.465880e+01 1.587401e-01 3.029683e-06
3.465880e+01 1.714077e-01 2.717630e-06
3.465880e+01 1.850862e-01 2.380675e-06
3.465880e+01 1.998563e-01 2.016831e-06
3.465880e+01 2.158051e-01 1.818667e-06
3.465880e+01 2.330265e-01 1.643582e-06
3.465880e+01 2.516223e-01 1.454525e-06
3.465880e+01 2.717020e-01 1.250382e-06
3.465880e+01 2.933841e-01 1.087442e-06
3.465880e+01 3.167964e-01 9.845719e-07
3.465880e+01 3.420771e-01 8.734926e-07
3.465880e+01 3.693752e-01 7.535489e-07
3.465880e+01 3.988518e-01 6.295133e-07
3.465880e+01 4.306805e-01 5.724399e-07
3.465880e+01 4.650493e-01 5.108121e-07
3.465880e+01 5.021607e-01 4.442662e-07
3.465880e+01 5.422336e-01 3.724100e-07
3.465880e+01 5.855044e-01 3.263097e-07
3.465880e+01 6.322283e-01 2.912053e-07
3.465880e+01 6.826808e-01 2.532995e-07
3.465880e+01 7.371594e-01 2.123688e-07
3.465880e+01 7.959855e-01 1.765924e-07
3.465880e+01 8.595059e-01 1.577751e-07
3.465880e+01 9.280954e-01 1.374562e-07
3.465880e+01 1.002158e+00 1.155158e-07
3.465880e+01 1.082132e+00 9.182459e-08
3.465880e+01 1.168487e+00 8.139730e-08
3.465880e+01 1.261733e+00 7.142862e-08
3.465880e+01 1.362421e+00 6.066442e-08
3.465880e+01 1.471144e+00 4.904123e-08
3.465880e+01 1.588542e+00 4.097831e-08
3.465880e+01 1.715310e+00 3.620121e-08
3.465880e+01 1.852193e+00 3.104289e-08
3.465880e+01 2.000000e+00 2.547294e-08
3.537197e+01 1.000000e-03 0.000000e+00
3.537197e+01 1.079801e-03 0.000000e+00
3.537197e+01 1.165970e-03 0.000000e+00
3.537197e+01 1.259016e-03 0.000000e+00
3.537197e+01 1.359487e-03 0.000000e+00
3.537197e+01 1.467975e-03 0.000000e+00
3.537197e+01 1.585121e-03 0.000000e+00
3.537197e+01 1.711615e-03 0.000000e+00
3.537197e+01 1.848204e-03 0.000000e+00
3.537197e+01 1.995693e-03 0.000000e+00
3.537197e+01 2.154951e-03 0.000000e+00
3.537197e+01 2.326918e-03 0.000000e+00
3.537197e+01 2.512609e-03 0.000000e+00
3.537197e+01 2.713117e-03 0.000000e+00
3.537197e+01 2.929627e-03 0.000000e+00
3.537197e+01 3.163414e-03 0.000000e+00
3.537197e+01 3.415858e-03 0.000000e+00
3.537197e+01 3.688447e-03 0.000000e+00
3.537197e+01 3.982789e-03 0.000000e+00
3.537197e+01 4.300619e-03 0.000000e+00
3.537197e+01 4.643813e-03 0.000000e+00
3.537197e+01 5.014394e-03 0.000000e+00
3.537197e+01 5.414548e-03 0.000000e+00
3.537197e+01 5.846635e-03 0.000000e+00
3.537197e+01 6.313202e-03 0.000000e+00
3.537197e+01 6.817002e-03 0.000000e+00
3.537197e+01 7.361006e-03 0.000000e+00
3.537197e+01 7.948422e-03 0.000000e+00
3.537197e+01 8.582714e-03 0.000000e+00
3.537197e+01 9.267624e-03 0.000000e+00
3.537197e+01 1.000719e-02 0.000000e+00
3.537197e+01 1.080577e-02 0.000000e+00
3.537197e+01 1.166809e-02 0.000000e+00
3.537197e+01 1.259921e-02 0.000000e+00
3.537197e+01 1.360464e-02 0.000000e+00
3.537197e+01 1.469030e-02 0.000000e+00
3.537197e+01 1.586261e-02 0.000000e+00
3.537197e+01 1.712846e-02 0.000000e+00
3.537197e+01 1.849533e-02 0.000000e+00
3.537197e+01 1.997127e-02 0.000000e+00
3.537197e+01 2.156500e-02 0.000000e+00
3.537197e+01 2.328591e-02 0.000000e+00
3.537197e+01 2.514415e-02 0.000000e+00
3.537197e+01 2.715068e-02 0.000000e+00
3.537197e+01 2.931733e-02 0.000000e+00
3.537197e+01 3.165689e-02 0.000000e+00
3.537197e+01 3.418314e-02 0.000000e+00
3.537197e+01 3.691099e-02 0.000000e+00
3.537197e+01 3.985652e-02 0.000000e+00
3.537197e+01 4.303711e-02 0.000000e+00
3.537197e+01 4.647152e-02 0.000000e+00
3.537197e+01 5.017999e-02 0.000000e+00
3.537197e+01 5.418441e-02 0.000000e+00
3.537197e+01 5.850838e-02 0.000000e+00
3.537197e+01 6.317741e-02 0.000000e+00
3.537197e+01 6.821903e-02 0.000000e+00
3.537197e+01 7.366298e-02 0.000000e+00
3.537197e+01 7.954136e-02 0.000000e+00
3.537197e+01 8.588885e-02 0.000000e+00
3.537197e+01 9.274286e-02 0.000000e+00
3.537197e+01 1.001438e-01 0.000000e+00
3.537197e+01 1.081354e-01 0.000000e+00
3.537197e+01 1.167647e-01 0.000000e+00
3.537197e+01 1.260827e-01 0.000000e+00
3.537197e+01 1.361442e-01 0.000000e+00
3.537197e+01 1.470087e-01 0.000000e+00
3.537197e+01 1.587401e-01 0.000000e+00
3.537197e+01 1.714077e-01 0.000000e+00
3.537197e+01 1.850862e-01 0.000000e+00
3.537197e+01 1.998563e-01 0.000000e+00
3.537197e+01 2.158051e-01 0.000000e+00
3.537197e+01 2.330265e-01 0.000000e+00
3.537197e+01 2.516223e-01 0.000000e+00
3.537197e+01 2.717020e-01 0.000000e+00
3.537197e+01 2.933841e-01 0.000000e+00
3.537197e+01 3.167964e-01 0.000000e+00
3.537197e+01 3.420771e-01 0.000000e+00
3.537197e+01 3.693752e-01 0.000000e+00
3.537197e+01 3.988518e-01 0.000000e+00
3.537197e+01 4.306805e-01 0.000000e+00
3.537197e+01 4.650493e-01 0.000000e+00
3.537197e+01 5.021607e-01 0.000000e+00
3.537197e+01 5.422336e-01 0.000000e+00
3.537197e+01 5.855044e-01 0.000000e+00
3.537197e+01 6.322283e-01 0.000000e+00
3.537197e+01 6.826808e-01 0.000000e+00
3.537197e+01 7.371594e-01 0.000000e+00
3.537197e+01 7.959855e-01 -7.580347e-24
3.537197e+01 8.595059e-01 1.010713e-23
3.537197e+01 9.280954e-01 0.000000e+00
3.537197e+01 1.002158e+00 0.000000e+00
3.537197e+01 1.082132e+00 0.000000e+00
3.537197e+01 1.168487e+00 0.000000e+00
3.537197e+01 1.261733e+00 0.000000e+00
3.537197e+01 1.362421e+00 0.000000e+00
3.537197e+01 1.471144e+00 0.000000e+00
3.537197e+01 1.588542e+00 0.000000e+00
3.537197e+01 1.715310e+00 0.000000e+00
3.537197e+01 1.852193e+00 0.000000e+00
3.537197e+01 2.000000e+00 0.000000e+00
