5.000000e+00 1.000000e-03 0.000000e+00
5.000000e+00 1.079801e-03 0.000000e+00
5.000000e+00 1.165970e-03 0.000000e+00
5.000000e+00 1.259016e-03 0.000000e+00
5.000000e+00 1.359487e-03 0.000000e+00
5.000000e+00 1.467975e-03 0.000000e+00
5.000000e+00 1.585121e-03 0.000000e+00
5.000000e+00 1.711615e-03 0.000000e+00
5.000000e+00 1.848204e-03 0.000000e+00
5.000000e+00 1.995693e-03 0.000000e+00
5.000000e+00 2.154951e-03 0.000000e+00
5.000000e+00 2.326918e-03 0.000000e+00
5.000000e+00 2.512609e-03 0.000000e+00
5.000000e+00 2.713117e-03 0.000000e+00
5.000000e+00 2.929627e-03 0.000000e+00
5.000000e+00 3.163414e-03 0.000000e+00
5.000000e+00 3.415858e-03 0.000000e+00
5.000000e+00 3.688447e-03 0.000000e+00
5.000000e+00 3.982789e-03 0.000000e+00
5.000000e+00 4.300619e-03 0.000000e+00
5.000000e+00 4.643813e-03 0.000000e+00
5.000000e+00 5.014394e-03 0.000000e+00
5.000000e+00 5.414548e-03 0.000000e+00
5.000000e+00 5.846635e-03 0.000000e+00
5.000000e+00 6.313202e-03 0.000000e+00
5.000000e+00 6.817002e-03 0.000000e+00
5.000000e+00 7.361006e-03 0.000000e+00
5.000000e+00 7.948422e-03 0.000000e+00
5.000000e+00 8.582714e-03 0.000000e+00
5.000000e+00 9.267624e-03 0.000000e+00
5.000000e+00 1.000719e-02 0.000000e+00
5.000000e+00 1.080577e-02 0.000000e+00
5.000000e+00 1.166809e-02 0.000000e+00
5.000000e+00 1.259921e-02 0.000000e+00
5.000000e+00 1.360464e-02 0.000000e+00
5.000000e+00 1.469030e-02 0.000000e+00
5.000000e+00 1.586261e-02 0.000000e+00
5.000000e+00 1.712846e-02 0.000000e+00
5.000000e+00 1.849533e-02 0.000000e+00
5.000000e+00 1.997127e-02 0.000000e+00
5.000000e+00 2.156500e-02 0.000000e+00
5.000000e+00 2.328591e-02 0.000000e+00
5.000000e+00 2.514415e-02 0.000000e+00
5.000000e+00 2.715068e-02 0.000000e+00
5.000000e+00 2.931733e-02 0.000000e+00
5.000000e+00 3.165689e-02 0.000000e+00
5.000000e+00 3.418314e-02 0.000000e+00
5.000000e+00 3.691099e-02 0.000000e+00
5.000000e+00 3.985652e-02 0.000000e+00
5.000000e+00 4.303711e-02 0.000000e+00
5.000000e+00 4.647152e-02 0.000000e+00
5.000000e+00 5.017999e-02 0.000000e+00
5.000000e+00 5.418441e-02 0.000000e+00
5.000000e+00 5.850838e-02 0.000000e+00
5.000000e+00 6.317741e-02 0.000000e+00
5.000000e+00 6.821903e-02 0.000000e+00
5.000000e+00 7.366298e-02 0.000000e+00
5.000000e+00 7.954136e-02 0.000000e+00
5.000000e+00 8.588885e-02 0.000000e+00
5.000000e+00 9.274286e-02 0.000000e+00
5.000000e+00 1.001438e-01 0.000000e+00
5.000000e+00 1.081354e-01 0.000000e+00
5.000000e+00 1.167647e-01 0.000000e+00
5.000000e+00 1.260827e-01 0.000000e+00
5.000000e+00 1.361442e-01 0.000000e+00
5.000000e+00 1.470087e-01 0.000000e+00
5.000000e+00 1.587401e-01 0.000000e+00
5.000000e+00 1.714077e-01 0.000000e+00
5.000000e+00 1.850862e-01 0.000000e+00
5.000000e+00 1.998563e-01 0.000000e+00
5.000000e+00 2.158051e-01 0.000000e+00
5.000000e+00 2.330265e-01 0.000000e+00
5.000000e+00 2.516223e-01 0.000000e+00
5.000000e+00 2.717020e-01 0.000000e+00
5.000000e+00 2.933841e-01 0.000000e+00
5.000000e+00 3.167964e-01 0.000000e+00
5.000000e+00 3.420771e-01 0.000000e+00
5.000000e+00 3.693752e-01 0.000000e+00
5.000000e+00 3.988518e-01 0.000000e+00
5.000000e+00 4.306805e-01 0.000000e+00
5.000000e+00 4.650493e-01 0.000000e+00
5.000000e+00 5.021607e-01 0.000000e+00
5.000000e+00 5.422336e-01 0.000000e+00
5.000000e+00 5.855044e-01 0.000000e+00
5.000000e+00 6.322283e-01 0.000000e+00
5.000000e+00 6.826808e-01 0.000000e+00
5.000000e+00 7.371594e-01 0.000000e+00
5.000000e+00 7.959855e-01 0.000000e+00
5.000000e+00 8.595059e-01 0.000000e+00
5.000000e+00 9.280954e-01 0.000000e+00
5.000000e+00 1.002158e+00 0.000000e+00
5.000000e+00 1.082132e+00 0.000000e+00
5.000000e+00 1.168487e+00 0.000000e+00
5.000000e+00 1.261733e+00 0.000000e+00
5.000000e+00 1.362421e+00 0.000000e+00
5.000000e+00 1.471144e+00 0.000000e+00
5.000000e+00 1.588542e+00 0.000000e+00
5.000000e+00 1.715310e+00 0.000000e+00
5.000000e+00 1.852193e+00 0.000000e+00
5.000000e+00 2.000000e+00 0.000000e+00
5.120000e+00 1.000000e-03 0.000000e+00
5.120000e+00 1.079801e-03 0.000000e+00
5.120000e+00 1.165970e-03 0.000000e+00
5.120000e+00 1.259016e-03 0.000000e+00
5.120000e+00 1.359487e-03 0.000000e+00
5.120000e+00 1.467975e-03 0.000000e+00
5.120000e+00 1.585121e-03 0.000000e+00
5.120000e+00 1.711615e-03 0.000000e+00
5.120000e+00 1.848204e-03 0.000000e+00
5.120000e+00 1.995693e-03 0.000000e+00
5.120000e+00 2.154951e-03 0.000000e+00
5.120000e+00 2.326918e-03 0.000000e+00
5.120000e+00 2.512609e-03 0.000000e+00
5.120000e+00 2.713117e-03 0.000000e+00
5.120000e+00 2.929627e-03 0.000000e+00
5.120000e+00 3.163414e-03 0.000000e+00
5.120000e+00 3.415858e-03 0.000000e+00
5.120000e+00 3.688447e-03 0.000000e+00
5.120000e+00 3.982789e-03 0.000000e+00
5.120000e+00 4.300619e-03 0.000000e+00
5.120000e+00 4.643813e-03 0.000000e+00
5.120000e+00 5.014394e-03 0.000000e+00
5.120000e+00 5.414548e-03 0.000000e+00
5.120000e+00 5.846635e-03 0.000000e+00
5.120000e+00 6.313202e-03 0.000000e+00
5.120000e+00 6.817002e-03 0.000000e+00
5.120000e+00 7.361006e-03 0.000000e+00
5.120000e+00 7.948422e-03 0.000000e+00
5.120000e+00 8.582714e-03 0.000000e+00
5.120000e+00 9.267624e-03 0.000000e+00
5.120000e+00 1.000719e-02 0.000000e+00
5.120000e+00 1.080577e-02 0.000000e+00
5.120000e+00 1.166809e-02 0.000000e+00
5.120000e+00 1.259921e-02 0.000000e+00
5.120000e+00 1.360464e-02 0.000000e+00
5.120000e+00 1.469030e-02 0.000000e+00
5.120000e+00 1.586261e-02 0.000000e+00
5.120000e+00 1.712846e-02 0.000000e+00
5.120000e+00 1.849533e-02 0.000000e+00
5.120000e+00 1.997127e-02 0.000000e+00
5.120000e+00 2.156500e-02 0.000000e+00
5.120000e+00 2.328591e-02 0.000000e+00
5.120000e+00 2.514415e-02 0.000000e+00
5.120000e+00 2.715068e-02 0.000000e+00
5.120000e+00 2.931733e-02 0.000000e+00
5.120000e+00 3.165689e-02 0.000000e+00
5.120000e+00 3.418314e-02 0.000000e+00
5.120000e+00 3.691099e-02 0.000000e+00
5.120000e+00 3.985652e-02 0.000000e+00
5.120000e+00 4.303711e-02 0.000000e+00
5.120000e+00 4.647152e-02 0.000000e+00
5.120000e+00 5.017999e-02 0.000000e+00
5.120000e+00 5.418441e-02 0.000000e+00
5.120000e+00 5.850838e-02 0.000000e+00
5.120000e+00 6.317741e-02 0.000000e+00
5.120000e+00 6.821903e-02 0.000000e+00
5.120000e+00 7.366298e-02 0.000000e+00
5.120000e+00 7.954136e-02 0.000000e+00
5.120000e+00 8.588885e-02 0.000000e+00
5.120000e+00 9.274286e-02 0.000000e+00
5.120000e+00 1.001438e-01 0.000000e+00
5.120000e+00 1.081354e-01 0.000000e+00
5.120000e+00 1.167647e-01 0.000000e+00
5.120000e+00 1.260827e-01 0.000000e+00
5.120000e+00 1.361442e-01 0.000000e+00
5.120000e+00 1.470087e-01 0.000000e+00
5.120000e+00 1.587401e-01 0.000000e+00
5.120000e+00 1.714077e-01 0.000000e+00
5.120000e+00 1.850862e-01 0.000000e+00
5.120000e+00 1.998563e-01 0.000000e+00
5.120000e+00 2.158051e-01 0.000000e+00
5.120000e+00 2.330265e-01 0.000000e+00
5.120000e+00 2.516223e-01 0.000000e+00
5.120000e+00 2.717020e-01 0.000000e+00
5.120000e+00 2.933841e-01 0.000000e+00
5.120000e+00 3.167964e-01 0.000000e+00
5.120000e+00 3.420771e-01 0.000000e+00
5.120000e+00 3.693752e-01 0.000000e+00
5.120000e+00 3.988518e-01 0.000000e+00
5.120000e+00 4.306805e-01 0.000000e+00
5.120000e+00 4.650493e-01 0.000000e+00
5.120000e+00 5.021607e-01 0.000000e+00
5.120000e+00 5.422336e-01 0.000000e+00
5.120000e+00 5.855044e-01 0.000000e+00
5.120000e+00 6.322283e-01 0.000000e+00
5.120000e+00 6.826808e-01 0.000000e+00
5.120000e+00 7.371594e-01 0.000000e+00
5.120000e+00 7.959855e-01 0.000000e+00
5.120000e+00 8.595059e-01 0.000000e+00
5.120000e+00 9.280954e-01 0.000000e+00
5.120000e+00 1.002158e+00 0.000000e+00
5.120000e+00 1.082132e+00 0.000000e+00
5.120000e+00 1.168487e+00 0.000000e+00
5.120000e+00 1.261733e+00 0.000000e+00
5.120000e+00 1.362421e+00 0.000000e+00
5.120000e+00 1.471144e+00 0.000000e+00
5.120000e+00 1.588542e+00 0.000000e+00
5.120000e+00 1.715310e+00 0.000000e+00
5.120000e+00 1.852193e+00 0.000000e+00
5.120000e+00 2.000000e+00 0.000000e+00
5.242400e+00 1.000000e-03 0.000000e+00
5.242400e+00 1.079801e-03 0.000000e+00
5.242400e+00 1.165970e-03 0.000000e+00
5.242400e+00 1.259016e-03 0.000000e+00
5.242400e+00 1.359487e-03 0.000000e+00
5.242400e+00 1.467975e-03 0.000000e+00
5.242400e+00 1.585121e-03 0.000000e+00
5.242400e+00 1.711615e-03 0.000000e+00
5.242400e+00 1.848204e-03 0.000000e+00
5.242400e+00 1.995693e-03 0.000000e+00
5.242400e+00 2.154951e-03 0.000000e+00
5.242400e+00 2.326918e-03 0.000000e+00
5.242400e+00 2.512609e-03 0.000000e+00
5.242400e+00 2.713117e-03 0.000000e+00
5.242400e+00 2.929627e-03 0.000000e+00
5.242400e+00 3.163414e-03 0.000000e+00
5.242400e+00 3.415858e-03 0.000000e+00
5.242400e+00 3.688447e-03 0.000000e+00
5.242400e+00 3.982789e-03 0.000000e+00
5.242400e+00 4.300619e-03 0.000000e+00
5.242400e+00 4.643813e-03 0.000000e+00
5.242400e+00 5.014394e-03 0.000000e+00
5.242400e+00 5.414548e-03 0.000000e+00
5.242400e+00 5.846635e-03 0.000000e+00
5.242400e+00 6.313202e-03 0.000000e+00
5.242400e+00 6.817002e-03 0.000000e+00
5.242400e+00 7.361006e-03 0.000000e+00
5.242400e+00 7.948422e-03 0.000000e+00
5.242400e+00 8.582714e-03 0.000000e+00
5.242400e+00 9.267624e-03 0.000000e+00
5.242400e+00 1.000719e-02 0.000000e+00
5.242400e+00 1.080577e-02 0.000000e+00
5.242400e+00 1.166809e-02 0.000000e+00
5.242400e+00 1.259921e-02 0.000000e+00
5.242400e+00 1.360464e-02 0.000000e+00
5.242400e+00 1.469030e-02 0.000000e+00
5.242400e+00 1.586261e-02 0.000000e+00
5.242400e+00 1.712846e-02 0.000000e+00
5.242400e+00 1.849533e-02 0.000000e+00
5.242400e+00 1.997127e-02 0.000000e+00
5.242400e+00 2.156500e-02 0.000000e+00
5.242400e+00 2.328591e-02 0.000000e+00
5.242400e+00 2.514415e-02 0.000000e+00
5.242400e+00 2.715068e-02 0.000000e+00
5.242400e+00 2.931733e-02 0.000000e+00
5.242400e+00 3.165689e-02 0.000000e+00
5.242400e+00 3.418314e-02 0.000000e+00
5.242400e+00 3.691099e-02 0.000000e+00
5.242400e+00 3.985652e-02 0.000000e+00
5.242400e+00 4.303711e-02 0.000000e+00
5.242400e+00 4.647152e-02 0.000000e+00
5.242400e+00 5.017999e-02 0.000000e+00
5.242400e+00 5.418441e-02 0.000000e+00
5.242400e+00 5.850838e-02 0.000000e+00
5.242400e+00 6.317741e-02 0.000000e+00
5.242400e+00 6.821903e-02 0.000000e+00
5.242400e+00 7.366298e-02 0.000000e+00
5.242400e+00 7.954136e-02 0.000000e+00
5.242400e+00 8.588885e-02 0.000000e+00
5.242400e+00 9.274286e-02 0.000000e+00
5.242400e+00 1.001438e-01 0.000000e+00
5.242400e+00 1.081354e-01 0.000000e+00
5.242400e+00 1.167647e-01 0.000000e+00
5.242400e+00 1.260827e-01 0.000000e+00
5.242400e+00 1.361442e-01 0.000000e+00
5.242400e+00 1.470087e-01 0.000000e+00
5.242400e+00 1.587401e-01 0.000000e+00
5.242400e+00 1.714077e-01 0.000000e+00
5.242400e+00 1.850862e-01 0.000000e+00
5.242400e+00 1.998563e-01 0.000000e+00
5.242400e+00 2.158051e-01 0.000000e+00
5.242400e+00 2.330265e-01 0.000000e+00
5.242400e+00 2.516223e-01 0.000000e+00
5.242400e+00 2.717020e-01 0.000000e+00
5.242400e+00 2.933841e-01 0.000000e+00
5.242400e+00 3.167964e-01 0.000000e+00
5.242400e+00 3.420771e-01 0.000000e+00
5.242400e+00 3.693752e-01 0.000000e+00
5.242400e+00 3.988518e-01 0.000000e+00
5.242400e+00 4.306805e-01 0.000000e+00
5.242400e+00 4.650493e-01 0.000000e+00
5.242400e+00 5.021607e-01 0.000000e+00
5.242400e+00 5.422336e-01 0.000000e+00
5.242400e+00 5.855044e-01 0.000000e+00
5.242400e+00 6.322283e-01 0.000000e+00
5.242400e+00 6.826808e-01 0.000000e+00
5.242400e+00 7.371594e-01 0.000000e+00
5.242400e+00 7.959855e-01 0.000000e+00
5.242400e+00 8.595059e-01 0.000000e+00
5.242400e+00 9.280954e-01 0.000000e+00
5.242400e+00 1.002158e+00 0.000000e+00
5.242400e+00 1.082132e+00 0.000000e+00
5.242400e+00 1.168487e+00 0.000000e+00
5.242400e+00 1.261733e+00 0.000000e+00
5.242400e+00 1.362421e+00 0.000000e+00
5.242400e+00 1.471144e+00 0.000000e+00
5.242400e+00 1.588542e+00 0.000000e+00
5.242400e+00 1.715310e+00 0.000000e+00
5.242400e+00 1.852193e+00 0.000000e+00
5.242400e+00 2.000000e+00 0.000000e+00
5.367248e+00 1.000000e-03 0.000000e+00
5.367248e+00 1.079801e-03 0.000000e+00
5.367248e+00 1.165970e-03 0.000000e+00
5.367248e+00 1.259016e-03 0.000000e+00
5.367248e+00 1.359487e-03 0.000000e+00
5.367248e+00 1.467975e-03 0.000000e+00
5.367248e+00 1.585121e-03 0.000000e+00
5.367248e+00 1.711615e-03 0.000000e+00
5.367248e+00 1.848204e-03 0.000000e+00
5.367248e+00 1.995693e-03 0.000000e+00
5.367248e+00 2.154951e-03 0.000000e+00
5.367248e+00 2.326918e-03 0.000000e+00
5.367248e+00 2.512609e-03 0.000000e+00
5.367248e+00 2.713117e-03 0.000000e+00
5.367248e+00 2.929627e-03 0.000000e+00
5.367248e+00 3.163414e-03 0.000000e+00
5.367248e+00 3.415858e-03 0.000000e+00
5.367248e+00 3.688447e-03 0.000000e+00
5.367248e+00 3.982789e-03 0.000000e+00
5.367248e+00 4.300619e-03 0.000000e+00
5.367248e+00 4.643813e-03 0.000000e+00
5.367248e+00 5.014394e-03 0.000000e+00
5.367248e+00 5.414548e-03 0.000000e+00
5.367248e+00 5.846635e-03 0.000000e+00
5.367248e+00 6.313202e-03 0.000000e+00
5.367248e+00 6.817002e-03 0.000000e+00
5.367248e+00 7.361006e-03 0.000000e+00
5.367248e+00 7.948422e-03 0.000000e+00
5.367248e+00 8.582714e-03 0.000000e+00
5.367248e+00 9.267624e-03 0.000000e+00
5.367248e+00 1.000719e-02 0.000000e+00
5.367248e+00 1.080577e-02 0.000000e+00
5.367248e+00 1.166809e-02 0.000000e+00
5.367248e+00 1.259921e-02 0.000000e+00
5.367248e+00 1.360464e-02 0.000000e+00
5.367248e+00 1.469030e-02 0.000000e+00
5.367248e+00 1.586261e-02 0.000000e+00
5.367248e+00 1.712846e-02 0.000000e+00
5.367248e+00 1.849533e-02 0.000000e+00
5.367248e+00 1.997127e-02 0.000000e+00
5.367248e+00 2.156500e-02 0.000000e+00
5.367248e+00 2.328591e-02 0.000000e+00
5.367248e+00 2.514415e-02 0.000000e+00
5.367248e+00 2.715068e-02 0.000000e+00
5.367248e+00 2.931733e-02 0.000000e+00
5.367248e+00 3.165689e-02 0.000000e+00
5.367248e+00 3.418314e-02 0.000000e+00
5.367248e+00 3.691099e-02 0.000000e+00
5.367248e+00 3.985652e-02 0.000000e+00
5.367248e+00 4.303711e-02 0.000000e+00
5.367248e+00 4.647152e-02 0.000000e+00
5.367248e+00 5.017999e-02 0.000000e+00
5.367248e+00 5.418441e-02 0.000000e+00
5.367248e+00 5.850838e-02 0.000000e+00
5.367248e+00 6.317741e-02 0.000000e+00
5.367248e+00 6.821903e-02 0.000000e+00
5.367248e+00 7.366298e-02 0.000000e+00
5.367248e+00 7.954136e-02 0.000000e+00
5.367248e+00 8.588885e-02 0.000000e+00
5.367248e+00 9.274286e-02 0.000000e+00
5.367248e+00 1.001438e-01 0.000000e+00
5.367248e+00 1.081354e-01 0.000000e+00
5.367248e+00 1.167647e-01 0.000000e+00
5.367248e+00 1.260827e-01 0.000000e+00
5.367248e+00 1.361442e-01 0.000000e+00
5.367248e+00 1.470087e-01 0.000000e+00
5.367248e+00 1.587401e-01 0.000000e+00
5.367248e+00 1.714077e-01 0.000000e+00
5.367248e+00 1.850862e-01 0.000000e+00
5.367248e+00 1.998563e-01 0.000000e+00
5.367248e+00 2.158051e-01 0.000000e+00
5.367248e+00 2.330265e-01 0.000000e+00
5.367248e+00 2.516223e-01 0.000000e+00
5.367248e+00 2.717020e-01 0.000000e+00
5.367248e+00 2.933841e-01 0.000000e+00
5.367248e+00 3.167964e-01 0.000000e+00
5.367248e+00 3.420771e-01 0.000000e+00
5.367248e+00 3.693752e-01 0.000000e+00
5.367248e+00 3.988518e-01 0.000000e+00
5.367248e+00 4.306805e-01 0.000000e+00
5.367248e+00 4.650493e-01 0.000000e+00
5.367248e+00 5.021607e-01 0.000000e+00
5.367248e+00 5.422336e-01 0.000000e+00
5.367248e+00 5.855044e-01 0.000000e+00
5.367248e+00 6.322283e-01 0.000000e+00
5.367248e+00 6.826808e-01 0.000000e+00
5.367248e+00 7.371594e-01 0.000000e+00
5.367248e+00 7.959855e-01 0.000000e+00
5.367248e+00 8.595059e-01 0.000000e+00
5.367248e+00 9.280954e-01 0.000000e+00
5.367248e+00 1.002158e+00 0.000000e+00
5.367248e+00 1.082132e+00 0.000000e+00
5.367248e+00 1.168487e+00 0.000000e+00
5.367248e+00 1.261733e+00 0.000000e+00
5.367248e+00 1.362421e+00 0.000000e+00
5.367248e+00 1.471144e+00 0.000000e+00
5.367248e+00 1.588542e+00 0.000000e+00
5.367248e+00 1.715310e+00 0.000000e+00
5.367248e+00 1.852193e+00 0.000000e+00
5.367248e+00 2.000000e+00 0.000000e+00
5.494593e+00 1.000000e-03 0.000000e+00
5.494593e+00 1.079801e-03 0.000000e+00
5.494593e+00 1.165970e-03 0.000000e+00
5.494593e+00 1.259016e-03 0.000000e+00
5.494593e+00 1.359487e-03 0.000000e+00
5.494593e+00 1.467975e-03 0.000000e+00
5.494593e+00 1.585121e-03 0.000000e+00
5.494593e+00 1.711615e-03 0.000000e+00
5.494593e+00 1.848204e-03 0.000000e+00
5.494593e+00 1.995693e-03 0.000000e+00
5.494593e+00 2.154951e-03 0.000000e+00
5.494593e+00 2.326918e-03 0.000000e+00
5.494593e+00 2.512609e-03 0.000000e+00
5.494593e+00 2.713117e-03 0.000000e+00
5.494593e+00 2.929627e-03 0.000000e+00
5.494593e+00 3.163414e-03 0.000000e+00
5.494593e+00 3.415858e-03 0.000000e+00
5.494593e+00 3.688447e-03 0.000000e+00
5.494593e+00 3.982789e-03 0.000000e+00
5.494593e+00 4.300619e-03 0.000000e+00
5.494593e+00 4.643813e-03 0.000000e+00
5.494593e+00 5.014394e-03 0.000000e+00
5.494593e+00 5.414548e-03 0.000000e+00
5.494593e+00 5.846635e-03 0.000000e+00
5.494593e+00 6.313202e-03 0.000000e+00
5.494593e+00 6.817002e-03 0.000000e+00
5.494593e+00 7.361006e-03 0.000000e+00
5.494593e+00 7.948422e-03 0.000000e+00
5.494593e+00 8.582714e-03 0.000000e+00
5.494593e+00 9.267624e-03 0.000000e+00
5.494593e+00 1.000719e-02 0.000000e+00
5.494593e+00 1.080577e-02 0.000000e+00
5.494593e+00 1.166809e-02 0.000000e+00
5.494593e+00 1.259921e-02 0.000000e+00
5.494593e+00 1.360464e-02 0.000000e+00
5.494593e+00 1.469030e-02 0.000000e+00
5.494593e+00 1.586261e-02 0.000000e+00
5.494593e+00 1.712846e-02 0.000000e+00
5.494593e+00 1.849533e-02 0.000000e+00
5.494593e+00 1.997127e-02 0.000000e+00
5.494593e+00 2.156500e-02 0.000000e+00
5.494593e+00 2.328591e-02 0.000000e+00
5.494593e+00 2.514415e-02 0.000000e+00
5.494593e+00 2.715068e-02 0.000000e+00
5.494593e+00 2.931733e-02 0.000000e+00
5.494593e+00 3.165689e-02 0.000000e+00
5.494593e+00 3.418314e-02 0.000000e+00
5.494593e+00 3.691099e-02 0.000000e+00
5.494593e+00 3.985652e-02 0.000000e+00
5.494593e+00 4.303711e-02 0.000000e+00
5.494593e+00 4.647152e-02 0.000000e+00
5.494593e+00 5.017999e-02 0.000000e+00
5.494593e+00 5.418441e-02 0.000000e+00
5.494593e+00 5.850838e-02 0.000000e+00
5.494593e+00 6.317741e-02 0.000000e+00
5.494593e+00 6.821903e-02 0.000000e+00
5.494593e+00 7.366298e-02 0.000000e+00
5.494593e+00 7.954136e-02 0.000000e+00
5.494593e+00 8.588885e-02 0.000000e+00
5.494593e+00 9.274286e-02 0.000000e+00
5.494593e+00 1.001438e-01 0.000000e+00
5.494593e+00 1.081354e-01 0.000000e+00
5.494593e+00 1.167647e-01 0.000000e+00
5.494593e+00 1.260827e-01 0.000000e+00
5.494593e+00 1.361442e-01 0.000000e+00
5.494593e+00 1.470087e-01 0.000000e+00
5.494593e+00 1.587401e-01 0.000000e+00
5.494593e+00 1.714077e-01 0.000000e+00
5.494593e+00 1.850862e-01 0.000000e+00
5.494593e+00 1.998563e-01 0.000000e+00
5.494593e+00 2.158051e-01 0.000000e+00
5.494593e+00 2.330265e-01 0.000000e+00
5.494593e+00 2.516223e-01 0.000000e+00
5.494593e+00 2.717020e-01 0.000000e+00
5.494593e+00 2.933841e-01 0.000000e+00
5.494593e+00 3.167964e-01 0.000000e+00
5.494593e+00 3.420771e-01 0.000000e+00
5.494593e+00 3.693752e-01 0.000000e+00
5.494593e+00 3.988518e-01 0.000000e+00
5.494593e+00 4.306805e-01 0.000000e+00
5.494593e+00 4.650493e-01 0.000000e+00
5.494593e+00 5.021607e-01 0.000000e+00
5.494593e+00 5.422336e-01 0.000000e+00
5.494593e+00 5.855044e-01 0.000000e+00
5.494593e+00 6.322283e-01 0.000000e+00
5.494593e+00 6.826808e-01 0.000000e+00
5.494593e+00 7.371594e-01 0.000000e+00
5.494593e+00 7.959855e-01 0.000000e+00
5.494593e+00 8.595059e-01 0.000000e+00
5.494593e+00 9.280954e-01 0.000000e+00
5.494593e+00 1.002158e+00 0.000000e+00
5.494593e+00 1.082132e+00 0.000000e+00
5.494593e+00 1.168487e+00 0.000000e+00
5.494593e+00 1.261733e+00 0.000000e+00
5.494593e+00 1.362421e+00 0.000000e+00
5.494593e+00 1.471144e+00 0.000000e+00
5.494593e+00 1.588542e+00 0.000000e+00
5.494593e+00 1.715310e+00 0.000000e+00
5.494593e+00 1.852193e+00 0.000000e+00
5.494593e+00 2.000000e+00 0.000000e+00
5.624485e+00 1.000000e-03 0.000000e+00
5.624485e+00 1.079801e-03 0.000000e+00
5.624485e+00 1.165970e-03 0.000000e+00
5.624485e+00 1.259016e-03 0.000000e+00
5.624485e+00 1.359487e-03 0.000000e+00
5.624485e+00 1.467975e-03 0.000000e+00
5.624485e+00 1.585121e-03 0.000000e+00
5.624485e+00 1.711615e-03 0.000000e+00
5.624485e+00 1.848204e-03 0.000000e+00
5.624485e+00 1.995693e-03 0.000000e+00
5.624485e+00 2.154951e-03 0.000000e+00
5.624485e+00 2.326918e-03 0.000000e+00
5.624485e+00 2.512609e-03 0.000000e+00
5.624485e+00 2.713117e-03 0.000000e+00
5.624485e+00 2.929627e-03 0.000000e+00
5.624485e+00 3.163414e-03 0.000000e+00
5.624485e+00 3.415858e-03 0.000000e+00
5.624485e+00 3.688447e-03 0.000000e+00
5.624485e+00 3.982789e-03 0.000000e+00
5.624485e+00 4.300619e-03 0.000000e+00
5.624485e+00 4.643813e-03 0.000000e+00
5.624485e+00 5.014394e-03 0.000000e+00
5.624485e+00 5.414548e-03 0.000000e+00
5.624485e+00 5.846635e-03 0.000000e+00
5.624485e+00 6.313202e-03 0.000000e+00
5.624485e+00 6.817002e-03 0.000000e+00
5.624485e+00 7.361006e-03 0.000000e+00
5.624485e+00 7.948422e-03 0.000000e+00
5.624485e+00 8.582714e-03 0.000000e+00
5.624485e+00 9.267624e-03 0.000000e+00
5.624485e+00 1.000719e-02 0.000000e+00
5.624485e+00 1.080577e-02 0.000000e+00
5.624485e+00 1.166809e-02 0.000000e+00
5.624485e+00 1.259921e-02 0.000000e+00
5.624485e+00 1.360464e-02 0.000000e+00
5.624485e+00 1.469030e-02 0.000000e+00
5.624485e+00 1.586261e-02 0.000000e+00
5.624485e+00 1.712846e-02 0.000000e+00
5.624485e+00 1.849533e-02 0.000000e+00
5.624485e+00 1.997127e-02 0.000000e+00
5.624485e+00 2.156500e-02 0.000000e+00
5.624485e+00 2.328591e-02 0.000000e+00
5.624485e+00 2.514415e-02 0.000000e+00
5.624485e+00 2.715068e-02 0.000000e+00
5.624485e+00 2.931733e-02 0.000000e+00
5.624485e+00 3.165689e-02 0.000000e+00
5.624485e+00 3.418314e-02 0.000000e+00
5.624485e+00 3.691099e-02 0.000000e+00
5.624485e+00 3.985652e-02 0.000000e+00
5.624485e+00 4.303711e-02 0.000000e+00
5.624485e+00 4.647152e-02 0.000000e+00
5.624485e+00 5.017999e-02 0.000000e+00
5.624485e+00 5.418441e-02 0.000000e+00
5.624485e+00 5.850838e-02 0.000000e+00
5.624485e+00 6.317741e-02 0.000000e+00
5.624485e+00 6.821903e-02 0.000000e+00
5.624485e+00 7.366298e-02 0.000000e+00
5.624485e+00 7.954136e-02 0.000000e+00
5.624485e+00 8.588885e-02 0.000000e+00
5.624485e+00 9.274286e-02 0.000000e+00
5.624485e+00 1.001438e-01 0.000000e+00
5.624485e+00 1.081354e-01 0.000000e+00
5.624485e+00 1.167647e-01 0.000000e+00
5.624485e+00 1.260827e-01 0.000000e+00
5.624485e+00 1.361442e-01 0.000000e+00
5.624485e+00 1.470087e-01 0.000000e+00
5.624485e+00 1.587401e-01 0.000000e+00
5.624485e+00 1.714077e-01 0.000000e+00
5.624485e+00 1.850862e-01 0.000000e+00
5.624485e+00 1.998563e-01 0.000000e+00
5.624485e+00 2.158051e-01 0.000000e+00
5.624485e+00 2.330265e-01 0.000000e+00
5.624485e+00 2.516223e-01 0.000000e+00
5.624485e+00 2.717020e-01 0.000000e+00
5.624485e+00 2.933841e-01 0.000000e+00
5.624485e+00 3.167964e-01 0.000000e+00
5.624485e+00 3.420771e-01 0.000000e+00
5.624485e+00 3.693752e-01 0.000000e+00
5.624485e+00 3.988518e-01 0.000000e+00
5.624485e+00 4.306805e-01 0.000000e+00
5.624485e+00 4.650493e-01 0.000000e+00
5.624485e+00 5.021607e-01 0.000000e+00
5.624485e+00 5.422336e-01 0.000000e+00
5.624485e+00 5.855044e-01 0.000000e+00
5.624485e+00 6.322283e-01 0.000000e+00
5.624485e+00 6.826808e-01 0.000000e+00
5.624485e+00 7.371594e-01 0.000000e+00
5.624485e+00 7.959855e-01 0.000000e+00
5.624485e+00 8.595059e-01 0.000000e+00
5.624485e+00 9.280954e-01 0.000000e+00
5.624485e+00 1.002158e+00 0.000000e+00
5.624485e+00 1.082132e+00 0.000000e+00
5.624485e+00 1.168487e+00 0.000000e+00
5.624485e+00 1.261733e+00 0.000000e+00
5.624485e+00 1.362421e+00 0.000000e+00
5.624485e+00 1.471144e+00 0.000000e+00
5.624485e+00 1.588542e+00 0.000000e+00
5.624485e+00 1.715310e+00 0.000000e+00
5.624485e+00 1.852193e+00 0.000000e+00
5.624485e+00 2.000000e+00 0.000000e+00
5.756975e+00 1.000000e-03 0.000000e+00
5.756975e+00 1.079801e-03 0.000000e+00
5.756975e+00 1.165970e-03 0.000000e+00
5.756975e+00 1.259016e-03 0.000000e+00
5.756975e+00 1.359487e-03 0.000000e+00
5.756975e+00 1.467975e-03 0.000000e+00
5.756975e+00 1.585121e-03 0.000000e+00
5.756975e+00 1.711615e-03 0.000000e+00
5.756975e+00 1.848204e-03 0.000000e+00
5.756975e+00 1.995693e-03 0.000000e+00
5.756975e+00 2.154951e-03 0.000000e+00
5.756975e+00 2.326918e-03 0.000000e+00
5.756975e+00 2.512609e-03 0.000000e+00
5.756975e+00 2.713117e-03 0.000000e+00
5.756975e+00 2.929627e-03 0.000000e+00
5.756975e+00 3.163414e-03 0.000000e+00
5.756975e+00 3.415858e-03 0.000000e+00
5.756975e+00 3.688447e-03 0.000000e+00
5.756975e+00 3.982789e-03 0.000000e+00
5.756975e+00 4.300619e-03 0.000000e+00
5.756975e+00 4.643813e-03 0.000000e+00
5.756975e+00 5.014394e-03 0.000000e+00
5.756975e+00 5.414548e-03 0.000000e+00
5.756975e+00 5.846635e-03 0.000000e+00
5.756975e+00 6.313202e-03 0.000000e+00
5.756975e+00 6.817002e-03 0.000000e+00
5.756975e+00 7.361006e-03 0.000000e+00
5.756975e+00 7.948422e-03 0.000000e+00
5.756975e+00 8.582714e-03 0.000000e+00
5.756975e+00 9.267624e-03 0.000000e+00
5.756975e+00 1.000719e-02 0.000000e+00
5.756975e+00 1.080577e-02 0.000000e+00
5.756975e+00 1.166809e-02 0.000000e+00
5.756975e+00 1.259921e-02 0.000000e+00
5.756975e+00 1.360464e-02 0.000000e+00
5.756975e+00 1.469030e-02 0.000000e+00
5.756975e+00 1.586261e-02 0.000000e+00
5.756975e+00 1.712846e-02 0.000000e+00
5.756975e+00 1.849533e-02 0.000000e+00
5.756975e+00 1.997127e-02 0.000000e+00
5.756975e+00 2.156500e-02 0.000000e+00
5.756975e+00 2.328591e-02 0.000000e+00
5.756975e+00 2.514415e-02 0.000000e+00
5.756975e+00 2.715068e-02 0.000000e+00
5.756975e+00 2.931733e-02 0.000000e+00
5.756975e+00 3.165689e-02 0.000000e+00
5.756975e+00 3.418314e-02 0.000000e+00
5.756975e+00 3.691099e-02 0.000000e+00
5.756975e+00 3.985652e-02 0.000000e+00
5.756975e+00 4.303711e-02 0.000000e+00
5.756975e+00 4.647152e-02 0.000000e+00
5.756975e+00 5.017999e-02 0.000000e+00
5.756975e+00 5.418441e-02 0.000000e+00
5.756975e+00 5.850838e-02 0.000000e+00
5.756975e+00 6.317741e-02 0.000000e+00
5.756975e+00 6.821903e-02 0.000000e+00
5.756975e+00 7.366298e-02 0.000000e+00
5.756975e+00 7.954136e-02 0.000000e+00
5.756975e+00 8.588885e-02 0.000000e+00
5.756975e+00 9.274286e-02 0.000000e+00
5.756975e+00 1.001438e-01 0.000000e+00
5.756975e+00 1.081354e-01 0.000000e+00
5.756975e+00 1.167647e-01 0.000000e+00
5.756975e+00 1.260827e-01 0.000000e+00
5.756975e+00 1.361442e-01 0.000000e+00
5.756975e+00 1.470087e-01 0.000000e+00
5.756975e+00 1.587401e-01 0.000000e+00
5.756975e+00 1.714077e-01 0.000000e+00
5.756975e+00 1.850862e-01 0.000000e+00
5.756975e+00 1.998563e-01 0.000000e+00
5.756975e+00 2.158051e-01 0.000000e+00
5.756975e+00 2.330265e-01 0.000000e+00
5.756975e+00 2.516223e-01 0.000000e+00
5.756975e+00 2.717020e-01 0.000000e+00
5.756975e+00 2.933841e-01 0.000000e+00
5.756975e+00 3.167964e-01 0.000000e+00
5.756975e+00 3.420771e-01 0.000000e+00
5.756975e+00 3.693752e-01 0.000000e+00
5.756975e+00 3.988518e-01 0.000000e+00
5.756975e+00 4.306805e-01 0.000000e+00
5.756975e+00 4.650493e-01 0.000000e+00
5.756975e+00 5.021607e-01 0.000000e+00
5.756975e+00 5.422336e-01 0.000000e+00
5.756975e+00 5.855044e-01 0.000000e+00
5.756975e+00 6.322283e-01 0.000000e+00
5.756975e+00 6.826808e-01 0.000000e+00
5.756975e+00 7.371594e-01 0.000000e+00
5.756975e+00 7.959855e-01 0.000000e+00
5.756975e+00 8.595059e-01 0.000000e+00
5.756975e+00 9.280954e-01 0.000000e+00
5.756975e+00 1.002158e+00 0.000000e+00
5.756975e+00 1.082132e+00 0.000000e+00
5.756975e+00 1.168487e+00 0.000000e+00
5.756975e+00 1.261733e+00 0.000000e+00
5.756975e+00 1.362421e+00 0.000000e+00
5.756975e+00 1.471144e+00 0.000000e+00
5.756975e+00 1.588542e+00 0.000000e+00
5.756975e+00 1.715310e+00 0.000000e+00
5.756975e+00 1.852193e+00 0.000000e+00
5.756975e+00 2.000000e+00 0.000000e+00
5.892114e+00 1.000000e-03 0.000000e+00
5.892114e+00 1.079801e-03 0.000000e+00
5.892114e+00 1.165970e-03 0.000000e+00
5.892114e+00 1.259016e-03 0.000000e+00
5.892114e+00 1.359487e-03 0.000000e+00
5.892114e+00 1.467975e-03 0.000000e+00
5.892114e+00 1.585121e-03 0.000000e+00
5.892114e+00 1.711615e-03 0.000000e+00
5.892114e+00 1.848204e-03 0.000000e+00
5.892114e+00 1.995693e-03 0.000000e+00
5.892114e+00 2.154951e-03 0.000000e+00
5.892114e+00 2.326918e-03 0.000000e+00
5.892114e+00 2.512609e-03 0.000000e+00
5.892114e+00 2.713117e-03 0.000000e+00
5.892114e+00 2.929627e-03 0.000000e+00
5.892114e+00 3.163414e-03 0.000000e+00
5.892114e+00 3.415858e-03 0.000000e+00
5.892114e+00 3.688447e-03 0.000000e+00
5.892114e+00 3.982789e-03 0.000000e+00
5.892114e+00 4.300619e-03 0.000000e+00
5.892114e+00 4.643813e-03 0.000000e+00
5.892114e+00 5.014394e-03 0.000000e+00
5.892114e+00 5.414548e-03 0.000000e+00
5.892114e+00 5.846635e-03 0.000000e+00
5.892114e+00 6.313202e-03 0.000000e+00
5.892114e+00 6.817002e-03 0.000000e+00
5.892114e+00 7.361006e-03 0.000000e+00
5.892114e+00 7.948422e-03 0.000000e+00
5.892114e+00 8.582714e-03 0.000000e+00
5.892114e+00 9.267624e-03 0.000000e+00
5.892114e+00 1.000719e-02 0.000000e+00
5.892114e+00 1.080577e-02 0.000000e+00
5.892114e+00 1.166809e-02 0.000000e+00
5.892114e+00 1.259921e-02 0.000000e+00
5.892114e+00 1.360464e-02 0.000000e+00
5.892114e+00 1.469030e-02 0.000000e+00
5.892114e+00 1.586261e-02 0.000000e+00
5.892114e+00 1.712846e-02 0.000000e+00
5.892114e+00 1.849533e-02 0.000000e+00
5.892114e+00 1.997127e-02 0.000000e+00
5.892114e+00 2.156500e-02 0.000000e+00
5.892114e+00 2.328591e-02 0.000000e+00
5.892114e+00 2.514415e-02 0.000000e+00
5.892114e+00 2.715068e-02 0.000000e+00
5.892114e+00 2.931733e-02 0.000000e+00
5.892114e+00 3.165689e-02 0.000000e+00
5.892114e+00 3.418314e-02 0.000000e+00
5.892114e+00 3.691099e-02 0.000000e+00
5.892114e+00 3.985652e-02 0.000000e+00
5.892114e+00 4.303711e-02 0.000000e+00
5.892114e+00 4.647152e-02 0.000000e+00
5.892114e+00 5.017999e-02 0.000000e+00
5.892114e+00 5.418441e-02 0.000000e+00
5.892114e+00 5.850838e-02 0.000000e+00
5.892114e+00 6.317741e-02 0.000000e+00
5.892114e+00 6.821903e-02 0.000000e+00
5.892114e+00 7.366298e-02 0.000000e+00
5.892114e+00 7.954136e-02 0.000000e+00
5.892114e+00 8.588885e-02 0.000000e+00
5.892114e+00 9.274286e-02 0.000000e+00
5.892114e+00 1.001438e-01 0.000000e+00
5.892114e+00 1.081354e-01 0.000000e+00
5.892114e+00 1.167647e-01 0.000000e+00
5.892114e+00 1.260827e-01 0.000000e+00
5.892114e+00 1.361442e-01 0.000000e+00
5.892114e+00 1.470087e-01 0.000000e+00
5.892114e+00 1.587401e-01 0.000000e+00
5.892114e+00 1.714077e-01 0.000000e+00
5.892114e+00 1.850862e-01 0.000000e+00
5.892114e+00 1.998563e-01 0.000000e+00
5.892114e+00 2.158051e-01 0.000000e+00
5.892114e+00 2.330265e-01 0.000000e+00
5.892114e+00 2.516223e-01 0.000000e+00
5.892114e+00 2.717020e-01 0.000000e+00
5.892114e+00 2.933841e-01 0.000000e+00
5.892114e+00 3.167964e-01 0.000000e+00
5.892114e+00 3.420771e-01 0.000000e+00
5.892114e+00 3.693752e-01 0.000000e+00
5.892114e+00 3.988518e-01 0.000000e+00
5.892114e+00 4.306805e-01 0.000000e+00
5.892114e+00 4.650493e-01 0.000000e+00
5.892114e+00 5.021607e-01 0.000000e+00
5.892114e+00 5.422336e-01 0.000000e+00
5.892114e+00 5.855044e-01 0.000000e+00
5.892114e+00 6.322283e-01 0.000000e+00
5.892114e+00 6.826808e-01 0.000000e+00
5.892114e+00 7.371594e-01 0.000000e+00
5.892114e+00 7.959855e-01 0.000000e+00
5.892114e+00 8.595059e-01 0.000000e+00
5.892114e+00 9.280954e-01 0.000000e+00
5.892114e+00 1.002158e+00 0.000000e+00
5.892114e+00 1.082132e+00 0.000000e+00
5.892114e+00 1.168487e+00 0.000000e+00
5.892114e+00 1.261733e+00 0.000000e+00
5.892114e+00 1.362421e+00 0.000000e+00
5.892114e+00 1.471144e+00 0.000000e+00
5.892114e+00 1.588542e+00 0.000000e+00
5.892114e+00 1.715310e+00 0.000000e+00
5.892114e+00 1.852193e+00 0.000000e+00
5.892114e+00 2.000000e+00 0.000000e+00
6.029956e+00 1.000000e-03 0.000000e+00
6.029956e+00 1.079801e-03 0.000000e+00
6.029956e+00 1.165970e-03 0.000000e+00
6.029956e+00 1.259016e-03 0.000000e+00
6.029956e+00 1.359487e-03 0.000000e+00
6.029956e+00 1.467975e-03 0.000000e+00
6.029956e+00 1.585121e-03 0.000000e+00
6.029956e+00 1.711615e-03 0.000000e+00
6.029956e+00 1.848204e-03 0.000000e+00
6.029956e+00 1.995693e-03 0.000000e+00
6.029956e+00 2.154951e-03 0.000000e+00
6.029956e+00 2.326918e-03 0.000000e+00
6.029956e+00 2.512609e-03 0.000000e+00
6.029956e+00 2.713117e-03 0.000000e+00
6.029956e+00 2.929627e-03 0.000000e+00
6.029956e+00 3.163414e-03 0.000000e+00
6.029956e+00 3.415858e-03 0.000000e+00
6.029956e+00 3.688447e-03 0.000000e+00
6.029956e+00 3.982789e-03 0.000000e+00
6.029956e+00 4.300619e-03 0.000000e+00
6.029956e+00 4.643813e-03 0.000000e+00
6.029956e+00 5.014394e-03 0.000000e+00
6.029956e+00 5.414548e-03 0.000000e+00
6.029956e+00 5.846635e-03 0.000000e+00
6.029956e+00 6.313202e-03 0.000000e+00
6.029956e+00 6.817002e-03 0.000000e+00
6.029956e+00 7.361006e-03 0.000000e+00
6.029956e+00 7.948422e-03 0.000000e+00
6.029956e+00 8.582714e-03 0.000000e+00
6.029956e+00 9.267624e-03 0.000000e+00
6.029956e+00 1.000719e-02 0.000000e+00
6.029956e+00 1.080577e-02 0.000000e+00
6.029956e+00 1.166809e-02 0.000000e+00
6.029956e+00 1.259921e-02 0.000000e+00
6.029956e+00 1.360464e-02 0.000000e+00
6.029956e+00 1.469030e-02 0.000000e+00
6.029956e+00 1.586261e-02 0.000000e+00
6.029956e+00 1.712846e-02 0.000000e+00
6.029956e+00 1.849533e-02 0.000000e+00
6.029956e+00 1.997127e-02 0.000000e+00
6.029956e+00 2.156500e-02 0.000000e+00
6.029956e+00 2.328591e-02 0.000000e+00
6.029956e+00 2.514415e-02 0.000000e+00
6.029956e+00 2.715068e-02 0.000000e+00
6.029956e+00 2.931733e-02 0.000000e+00
6.029956e+00 3.165689e-02 0.000000e+00
6.029956e+00 3.418314e-02 0.000000e+00
6.029956e+00 3.691099e-02 0.000000e+00
6.029956e+00 3.985652e-02 0.000000e+00
6.029956e+00 4.303711e-02 0.000000e+00
6.029956e+00 4.647152e-02 0.000000e+00
6.029956e+00 5.017999e-02 0.000000e+00
6.029956e+00 5.418441e-02 0.000000e+00
6.029956e+00 5.850838e-02 0.000000e+00
6.029956e+00 6.317741e-02 0.000000e+00
6.029956e+00 6.821903e-02 0.000000e+00
6.029956e+00 7.366298e-02 0.000000e+00
6.029956e+00 7.954136e-02 0.000000e+00
6.029956e+00 8.588885e-02 0.000000e+00
6.029956e+00 9.274286e-02 0.000000e+00
6.029956e+00 1.001438e-01 0.000000e+00
6.029956e+00 1.081354e-01 0.000000e+00
6.029956e+00 1.167647e-01 0.000000e+00
6.029956e+00 1.260827e-01 0.000000e+00
6.029956e+00 1.361442e-01 0.000000e+00
6.029956e+00 1.470087e-01 0.000000e+00
6.029956e+00 1.587401e-01 0.000000e+00
6.029956e+00 1.714077e-01 0.000000e+00
6.029956e+00 1.850862e-01 0.000000e+00
6.029956e+00 1.998563e-01 0.000000e+00
6.029956e+00 2.158051e-01 0.000000e+00
6.029956e+00 2.330265e-01 0.000000e+00
6.029956e+00 2.516223e-01 0.000000e+00
6.029956e+00 2.717020e-01 0.000000e+00
6.029956e+00 2.933841e-01 0.000000e+00
6.029956e+00 3.167964e-01 0.000000e+00
6.029956e+00 3.420771e-01 0.000000e+00
6.029956e+00 3.693752e-01 0.000000e+00
6.029956e+00 3.988518e-01 0.000000e+00
6.029956e+00 4.306805e-01 0.000000e+00
6.029956e+00 4.650493e-01 0.000000e+00
6.029956e+00 5.021607e-01 0.000000e+00
6.029956e+00 5.422336e-01 0.000000e+00
6.029956e+00 5.855044e-01 0.000000e+00
6.029956e+00 6.322283e-01 0.000000e+00
6.029956e+00 6.826808e-01 0.000000e+00
6.029956e+00 7.371594e-01 0.000000e+00
6.029956e+00 7.959855e-01 0.000000e+00
6.029956e+00 8.595059e-01 0.000000e+00
6.029956e+00 9.280954e-01 0.000000e+00
6.029956e+00 1.002158e+00 0.000000e+00
6.029956e+00 1.082132e+00 0.000000e+00
6.029956e+00 1.168487e+00 0.000000e+00
6.029956e+00 1.261733e+00 0.000000e+00
6.029956e+00 1.362421e+00 0.000000e+00
6.029956e+00 1.471144e+00 0.000000e+00
6.029956e+00 1.588542e+00 0.000000e+00
6.029956e+00 1.715310e+00 0.000000e+00
6.029956e+00 1.852193e+00 0.000000e+00
6.029956e+00 2.000000e+00 0.000000e+00
6.170555e+00 1.000000e-03 0.000000e+00
6.170555e+00 1.079801e-03 0.000000e+00
6.170555e+00 1.165970e-03 0.000000e+00
6.170555e+00 1.259016e-03 0.000000e+00
6.170555e+00 1.359487e-03 0.000000e+00
6.170555e+00 1.467975e-03 0.000000e+00
6.170555e+00 1.585121e-03 0.000000e+00
6.170555e+00 1.711615e-03 0.000000e+00
6.170555e+00 1.848204e-03 0.000000e+00
6.170555e+00 1.995693e-03 0.000000e+00
6.170555e+00 2.154951e-03 0.000000e+00
6.170555e+00 2.326918e-03 0.000000e+00
6.170555e+00 2.512609e-03 0.000000e+00
6.170555e+00 2.713117e-03 0.000000e+00
6.170555e+00 2.929627e-03 0.000000e+00
6.170555e+00 3.163414e-03 0.000000e+00
6.170555e+00 3.415858e-03 0.000000e+00
6.170555e+00 3.688447e-03 0.000000e+00
6.170555e+00 3.982789e-03 0.000000e+00
6.170555e+00 4.300619e-03 0.000000e+00
6.170555e+00 4.643813e-03 0.000000e+00
6.170555e+00 5.014394e-03 0.000000e+00
6.170555e+00 5.414548e-03 0.000000e+00
6.170555e+00 5.846635e-03 0.000000e+00
6.170555e+00 6.313202e-03 0.000000e+00
6.170555e+00 6.817002e-03 0.000000e+00
6.170555e+00 7.361006e-03 0.000000e+00
6.170555e+00 7.948422e-03 0.000000e+00
6.170555e+00 8.582714e-03 0.000000e+00
6.170555e+00 9.267624e-03 0.000000e+00
6.170555e+00 1.000719e-02 0.000000e+00
6.170555e+00 1.080577e-02 0.000000e+00
6.170555e+00 1.166809e-02 0.000000e+00
6.170555e+00 1.259921e-02 0.000000e+00
6.170555e+00 1.360464e-02 0.000000e+00
6.170555e+00 1.469030e-02 0.000000e+00
6.170555e+00 1.586261e-02 0.000000e+00
6.170555e+00 1.712846e-02 0.000000e+00
6.170555e+00 1.849533e-02 0.000000e+00
6.170555e+00 1.997127e-02 0.000000e+00
6.170555e+00 2.156500e-02 0.000000e+00
6.170555e+00 2.328591e-02 0.000000e+00
6.170555e+00 2.514415e-02 0.000000e+00
6.170555e+00 2.715068e-02 0.000000e+00
6.170555e+00 2.931733e-02 0.000000e+00
6.170555e+00 3.165689e-02 0.000000e+00
6.170555e+00 3.418314e-02 0.000000e+00
6.170555e+00 3.691099e-02 0.000000e+00
6.170555e+00 3.985652e-02 0.000000e+00
6.170555e+00 4.303711e-02 0.000000e+00
6.170555e+00 4.647152e-02 0.000000e+00
6.170555e+00 5.017999e-02 0.000000e+00
6.170555e+00 5.418441e-02 0.000000e+00
6.170555e+00 5.850838e-02 0.000000e+00
6.170555e+00 6.317741e-02 0.000000e+00
6.170555e+00 6.821903e-02 0.000000e+00
6.170555e+00 7.366298e-02 0.000000e+00
6.170555e+00 7.954136e-02 0.000000e+00
6.170555e+00 8.588885e-02 0.000000e+00
6.170555e+00 9.274286e-02 0.000000e+00
6.170555e+00 1.001438e-01 0.000000e+00
6.170555e+00 1.081354e-01 0.000000e+00
6.170555e+00 1.167647e-01 0.000000e+00
6.170555e+00 1.260827e-01 0.000000e+00
6.170555e+00 1.361442e-01 0.000000e+00
6.170555e+00 1.470087e-01 0.000000e+00
6.170555e+00 1.587401e-01 0.000000e+00
6.170555e+00 1.714077e-01 0.000000e+00
6.170555e+00 1.850862e-01 0.000000e+00
6.170555e+00 1.998563e-01 0.000000e+00
6.170555e+00 2.158051e-01 0.000000e+00
6.170555e+00 2.330265e-01 0.000000e+00
6.170555e+00 2.516223e-01 0.000000e+00
6.170555e+00 2.717020e-01 0.000000e+00
6.170555e+00 2.933841e-01 0.000000e+00
6.170555e+00 3.167964e-01 0.000000e+00
6.170555e+00 3.420771e-01 0.000000e+00
6.170555e+00 3.693752e-01 0.000000e+00
6.170555e+00 3.988518e-01 0.000000e+00
6.170555e+00 4.306805e-01 0.000000e+00
6.170555e+00 4.650493e-01 0.000000e+00
6.170555e+00 5.021607e-01 0.000000e+00
6.170555e+00 5.422336e-01 0.000000e+00
6.170555e+00 5.855044e-01 0.000000e+00
6.170555e+00 6.322283e-01 0.000000e+00
6.170555e+00 6.826808e-01 0.000000e+00
6.170555e+00 7.371594e-01 0.000000e+00
6.170555e+00 7.959855e-01 0.000000e+00
6.170555e+00 8.595059e-01 0.000000e+00
6.170555e+00 9.280954e-01 0.000000e+00
6.170555e+00 1.002158e+00 0.000000e+00
6.170555e+00 1.082132e+00 0.000000e+00
6.170555e+00 1.168487e+00 0.000000e+00
6.170555e+00 1.261733e+00 0.000000e+00
6.170555e+00 1.362421e+00 0.000000e+00
6.170555e+00 1.471144e+00 0.000000e+00
6.170555e+00 1.588542e+00 0.000000e+00
6.170555e+00 1.715310e+00 0.000000e+00
6.170555e+00 1.852193e+00 0.000000e+00
6.170555e+00 2.000000e+00 0.000000e+00
6.313967e+00 1.000000e-03 0.000000e+00
6.313967e+00 1.079801e-03 0.000000e+00
6.313967e+00 1.165970e-03 0.000000e+00
6.313967e+00 1.259016e-03 0.000000e+00
6.313967e+00 1.359487e-03 0.000000e+00
6.313967e+00 1.467975e-03 0.000000e+00
6.313967e+00 1.585121e-03 0.000000e+00
6.313967e+00 1.711615e-03 0.000000e+00
6.313967e+00 1.848204e-03 0.000000e+00
6.313967e+00 1.995693e-03 0.000000e+00
6.313967e+00 2.154951e-03 0.000000e+00
6.313967e+00 2.326918e-03 0.000000e+00
6.313967e+00 2.512609e-03 0.000000e+00
6.313967e+00 2.713117e-03 0.000000e+00
6.313967e+00 2.929627e-03 0.000000e+00
6.313967e+00 3.163414e-03 0.000000e+00
6.313967e+00 3.415858e-03 0.000000e+00
6.313967e+00 3.688447e-03 0.000000e+00
6.313967e+00 3.982789e-03 0.000000e+00
6.313967e+00 4.300619e-03 0.000000e+00
6.313967e+00 4.643813e-03 0.000000e+00
6.313967e+00 5.014394e-03 0.000000e+00
6.313967e+00 5.414548e-03 0.000000e+00
6.313967e+00 5.846635e-03 0.000000e+00
6.313967e+00 6.313202e-03 0.000000e+00
6.313967e+00 6.817002e-03 0.000000e+00
6.313967e+00 7.361006e-03 0.000000e+00
6.313967e+00 7.948422e-03 0.000000e+00
6.313967e+00 8.582714e-03 0.000000e+00
6.313967e+00 9.267624e-03 0.000000e+00
6.313967e+00 1.000719e-02 0.000000e+00
6.313967e+00 1.080577e-02 0.000000e+00
6.313967e+00 1.166809e-02 0.000000e+00
6.313967e+00 1.259921e-02 0.000000e+00
6.313967e+00 1.360464e-02 0.000000e+00
6.313967e+00 1.469030e-02 0.000000e+00
6.313967e+00 1.586261e-02 0.000000e+00
6.313967e+00 1.712846e-02 0.000000e+00
6.313967e+00 1.849533e-02 0.000000e+00
6.313967e+00 1.997127e-02 0.000000e+00
6.313967e+00 2.156500e-02 0.000000e+00
6.313967e+00 2.328591e-02 0.000000e+00
6.313967e+00 2.514415e-02 0.000000e+00
6.313967e+00 2.715068e-02 0.000000e+00
6.313967e+00 2.931733e-02 0.000000e+00
6.313967e+00 3.165689e-02 0.000000e+00
6.313967e+00 3.418314e-02 0.000000e+00
6.313967e+00 3.691099e-02 0.000000e+00
6.313967e+00 3.985652e-02 0.000000e+00
6.313967e+00 4.303711e-02 0.000000e+00
6.313967e+00 4.647152e-02 0.000000e+00
6.313967e+00 5.017999e-02 0.000000e+00
6.313967e+00 5.418441e-02 0.000000e+00
6.313967e+00 5.850838e-02 0.000000e+00
6.313967e+00 6.317741e-02 0.000000e+00
6.313967e+00 6.821903e-02 0.000000e+00
6.313967e+00 7.366298e-02 0.000000e+00
6.313967e+00 7.954136e-02 0.000000e+00
6.313967e+00 8.588885e-02 0.000000e+00
6.313967e+00 9.274286e-02 0.000000e+00
6.313967e+00 1.001438e-01 0.000000e+00
6.313967e+00 1.081354e-01 0.000000e+00
6.313967e+00 1.167647e-01 0.000000e+00
6.313967e+00 1.260827e-01 0.000000e+00
6.313967e+00 1.361442e-01 0.000000e+00
6.313967e+00 1.470087e-01 0.000000e+00
6.313967e+00 1.587401e-01 0.000000e+00
6.313967e+00 1.714077e-01 0.000000e+00
6.313967e+00 1.850862e-01 0.000000e+00
6.313967e+00 1.998563e-01 0.000000e+00
6.313967e+00 2.158051e-01 0.000000e+00
6.313967e+00 2.330265e-01 0.000000e+00
6.313967e+00 2.516223e-01 0.000000e+00
6.313967e+00 2.717020e-01 0.000000e+00
6.313967e+00 2.933841e-01 0.000000e+00
6.313967e+00 3.167964e-01 0.000000e+00
6.313967e+00 3.420771e-01 0.000000e+00
6.313967e+00 3.693752e-01 0.000000e+00
6.313967e+00 3.988518e-01 0.000000e+00
6.313967e+00 4.306805e-01 0.000000e+00
6.313967e+00 4.650493e-01 0.000000e+00
6.313967e+00 5.021607e-01 0.000000e+00
6.313967e+00 5.422336e-01 0.000000e+00
6.313967e+00 5.855044e-01 0.000000e+00
6.313967e+00 6.322283e-01 0.000000e+00
6.313967e+00 6.826808e-01 0.000000e+00
6.313967e+00 7.371594e-01 0.000000e+00
6.313967e+00 7.959855e-01 0.000000e+00
6.313967e+00 8.595059e-01 0.000000e+00
6.313967e+00 9.280954e-01 0.000000e+00
6.313967e+00 1.002158e+00 0.000000e+00
6.313967e+00 1.082132e+00 0.000000e+00
6.313967e+00 1.168487e+00 0.000000e+00
6.313967e+00 1.261733e+00 0.000000e+00
6.313967e+00 1.362421e+00 0.000000e+00
6.313967e+00 1.471144e+00 0.000000e+00
6.313967e+00 1.588542e+00 0.000000e+00
6.313967e+00 1.715310e+00 0.000000e+00
6.313967e+00 1.852193e+00 0.000000e+00
6.313967e+00 2.000000e+00 0.000000e+00
6.460246e+00 1.000000e-03 0.000000e+00
6.460246e+00 1.079801e-03 0.000000e+00
6.460246e+00 1.165970e-03 0.000000e+00
6.460246e+00 1.259016e-03 0.000000e+00
6.460246e+00 1.359487e-03 0.000000e+00
6.460246e+00 1.467975e-03 0.000000e+00
6.460246e+00 1.585121e-03 0.000000e+00
6.460246e+00 1.711615e-03 0.000000e+00
6.460246e+00 1.848204e-03 0.000000e+00
6.460246e+00 1.995693e-03 0.000000e+00
6.460246e+00 2.154951e-03 0.000000e+00
6.460246e+00 2.326918e-03 0.000000e+00
6.460246e+00 2.512609e-03 0.000000e+00
6.460246e+00 2.713117e-03 0.000000e+00
6.460246e+00 2.929627e-03 0.000000e+00
6.460246e+00 3.163414e-03 0.000000e+00
6.460246e+00 3.415858e-03 0.000000e+00
6.460246e+00 3.688447e-03 0.000000e+00
6.460246e+00 3.982789e-03 0.000000e+00
6.460246e+00 4.300619e-03 0.000000e+00
6.460246e+00 4.643813e-03 0.000000e+00
6.460246e+00 5.014394e-03 0.000000e+00
6.460246e+00 5.414548e-03 0.000000e+00
6.460246e+00 5.846635e-03 0.000000e+00
6.460246e+00 6.313202e-03 0.000000e+00
6.460246e+00 6.817002e-03 0.000000e+00
6.460246e+00 7.361006e-03 0.000000e+00
6.460246e+00 7.948422e-03 0.000000e+00
6.460246e+00 8.582714e-03 0.000000e+00
6.460246e+00 9.267624e-03 0.000000e+00
6.460246e+00 1.000719e-02 0.000000e+00
6.460246e+00 1.080577e-02 0.000000e+00
6.460246e+00 1.166809e-02 0.000000e+00
6.460246e+00 1.259921e-02 0.000000e+00
6.460246e+00 1.360464e-02 0.000000e+00
6.460246e+00 1.469030e-02 0.000000e+00
6.460246e+00 1.586261e-02 0.000000e+00
6.460246e+00 1.712846e-02 0.000000e+00
6.460246e+00 1.849533e-02 0.000000e+00
6.460246e+00 1.997127e-02 0.000000e+00
6.460246e+00 2.156500e-02 0.000000e+00
6.460246e+00 2.328591e-02 0.000000e+00
6.460246e+00 2.514415e-02 0.000000e+00
6.460246e+00 2.715068e-02 0.000000e+00
6.460246e+00 2.931733e-02 0.000000e+00
6.460246e+00 3.165689e-02 0.000000e+00
6.460246e+00 3.418314e-02 0.000000e+00
6.460246e+00 3.691099e-02 0.000000e+00
6.460246e+00 3.985652e-02 0.000000e+00
6.460246e+00 4.303711e-02 0.000000e+00
6.460246e+00 4.647152e-02 0.000000e+00
6.460246e+00 5.017999e-02 0.000000e+00
6.460246e+00 5.418441e-02 0.000000e+00
6.460246e+00 5.850838e-02 0.000000e+00
6.460246e+00 6.317741e-02 0.000000e+00
6.460246e+00 6.821903e-02 0.000000e+00
6.460246e+00 7.366298e-02 0.000000e+00
6.460246e+00 7.954136e-02 0.000000e+00
6.460246e+00 8.588885e-02 0.000000e+00
6.460246e+00 9.274286e-02 0.000000e+00
6.460246e+00 1.001438e-01 0.000000e+00
6.460246e+00 1.081354e-01 0.000000e+00
6.460246e+00 1.167647e-01 0.000000e+00
6.460246e+00 1.260827e-01 0.000000e+00
6.460246e+00 1.361442e-01 0.000000e+00
6.460246e+00 1.470087e-01 0.000000e+00
6.460246e+00 1.587401e-01 0.000000e+00
6.460246e+00 1.714077e-01 0.000000e+00
6.460246e+00 1.850862e-01 0.000000e+00
6.460246e+00 1.998563e-01 0.000000e+00
6.460246e+00 2.158051e-01 0.000000e+00
6.460246e+00 2.330265e-01 0.000000e+00
6.460246e+00 2.516223e-01 0.000000e+00
6.460246e+00 2.717020e-01 0.000000e+00
6.460246e+00 2.933841e-01 0.000000e+00
6.460246e+00 3.167964e-01 0.000000e+00
6.460246e+00 3.420771e-01 0.000000e+00
6.460246e+00 3.693752e-01 0.000000e+00
6.460246e+00 3.988518e-01 0.000000e+00
6.460246e+00 4.306805e-01 0.000000e+00
6.460246e+00 4.650493e-01 0.000000e+00
6.460246e+00 5.021607e-01 0.000000e+00
6.460246e+00 5.422336e-01 0.000000e+00
6.460246e+00 5.855044e-01 0.000000e+00
6.460246e+00 6.322283e-01 0.000000e+00
6.460246e+00 6.826808e-01 0.000000e+00
6.460246e+00 7.371594e-01 0.000000e+00
6.460246e+00 7.959855e-01 0.000000e+00
6.460246e+00 8.595059e-01 0.000000e+00
6.460246e+00 9.280954e-01 0.000000e+00
6.460246e+00 1.002158e+00 0.000000e+00
6.460246e+00 1.082132e+00 0.000000e+00
6.460246e+00 1.168487e+00 0.000000e+00
6.460246e+00 1.261733e+00 0.000000e+00
6.460246e+00 1.362421e+00 0.000000e+00
6.460246e+00 1.471144e+00 0.000000e+00
6.460246e+00 1.588542e+00 0.000000e+00
6.460246e+00 1.715310e+00 0.000000e+00
6.460246e+00 1.852193e+00 0.000000e+00
6.460246e+00 2.000000e+00 0.000000e+00
6.609451e+00 1.000000e-03 0.000000e+00
6.609451e+00 1.079801e-03 0.000000e+00
6.609451e+00 1.165970e-03 0.000000e+00
6.609451e+00 1.259016e-03 0.000000e+00
6.609451e+00 1.359487e-03 0.000000e+00
6.609451e+00 1.467975e-03 0.000000e+00
6.609451e+00 1.585121e-03 0.000000e+00
6.609451e+00 1.711615e-03 0.000000e+00
6.609451e+00 1.848204e-03 0.000000e+00
6.609451e+00 1.995693e-03 0.000000e+00
6.609451e+00 2.154951e-03 0.000000e+00
6.609451e+00 2.326918e-03 0.000000e+00
6.609451e+00 2.512609e-03 0.000000e+00
6.609451e+00 2.713117e-03 0.000000e+00
6.609451e+00 2.929627e-03 0.000000e+00
6.609451e+00 3.163414e-03 0.000000e+00
6.609451e+00 3.415858e-03 0.000000e+00
6.609451e+00 3.688447e-03 0.000000e+00
6.609451e+00 3.982789e-03 0.000000e+00
6.609451e+00 4.300619e-03 0.000000e+00
6.609451e+00 4.643813e-03 0.000000e+00
6.609451e+00 5.014394e-03 0.000000e+00
6.609451e+00 5.414548e-03 0.000000e+00
6.609451e+00 5.846635e-03 0.000000e+00
6.609451e+00 6.313202e-03 0.000000e+00
6.609451e+00 6.817002e-03 0.000000e+00
6.609451e+00 7.361006e-03 0.000000e+00
6.609451e+00 7.948422e-03 0.000000e+00
6.609451e+00 8.582714e-03 0.000000e+00
6.609451e+00 9.267624e-03 0.000000e+00
6.609451e+00 1.000719e-02 0.000000e+00
6.609451e+00 1.080577e-02 0.000000e+00
6.609451e+00 1.166809e-02 0.000000e+00
6.609451e+00 1.259921e-02 0.000000e+00
6.609451e+00 1.360464e-02 0.000000e+00
6.609451e+00 1.469030e-02 0.000000e+00
6.609451e+00 1.586261e-02 0.000000e+00
6.609451e+00 1.712846e-02 0.000000e+00
6.609451e+00 1.849533e-02 0.000000e+00
6.609451e+00 1.997127e-02 0.000000e+00
6.609451e+00 2.156500e-02 0.000000e+00
6.609451e+00 2.328591e-02 0.000000e+00
6.609451e+00 2.514415e-02 0.000000e+00
6.609451e+00 2.715068e-02 0.000000e+00
6.609451e+00 2.931733e-02 0.000000e+00
6.609451e+00 3.165689e-02 0.000000e+00
6.609451e+00 3.418314e-02 0.000000e+00
6.609451e+00 3.691099e-02 0.000000e+00
6.609451e+00 3.985652e-02 0.000000e+00
6.609451e+00 4.303711e-02 0.000000e+00
6.609451e+00 4.647152e-02 0.000000e+00
6.609451e+00 5.017999e-02 0.000000e+00
6.609451e+00 5.418441e-02 0.000000e+00
6.609451e+00 5.850838e-02 0.000000e+00
6.609451e+00 6.317741e-02 0.000000e+00
6.609451e+00 6.821903e-02 0.000000e+00
6.609451e+00 7.366298e-02 0.000000e+00
6.609451e+00 7.954136e-02 0.000000e+00
6.609451e+00 8.588885e-02 0.000000e+00
6.609451e+00 9.274286e-02 0.000000e+00
6.609451e+00 1.001438e-01 0.000000e+00
6.609451e+00 1.081354e-01 0.000000e+00
6.609451e+00 1.167647e-01 0.000000e+00
6.609451e+00 1.260827e-01 0.000000e+00
6.609451e+00 1.361442e-01 0.000000e+00
6.609451e+00 1.470087e-01 0.000000e+00
6.609451e+00 1.587401e-01 0.000000e+00
6.609451e+00 1.714077e-01 0.000000e+00
6.609451e+00 1.850862e-01 0.000000e+00
6.609451e+00 1.998563e-01 0.000000e+00
6.609451e+00 2.158051e-01 0.000000e+00
6.609451e+00 2.330265e-01 0.000000e+00
6.609451e+00 2.516223e-01 0.000000e+00
6.609451e+00 2.717020e-01 0.000000e+00
6.609451e+00 2.933841e-01 0.000000e+00
6.609451e+00 3.167964e-01 0.000000e+00
6.609451e+00 3.420771e-01 0.000000e+00
6.609451e+00 3.693752e-01 0.000000e+00
6.609451e+00 3.988518e-01 0.000000e+00
6.609451e+00 4.306805e-01 0.000000e+00
6.609451e+00 4.650493e-01 0.000000e+00
6.609451e+00 5.021607e-01 0.000000e+00
6.609451e+00 5.422336e-01 0.000000e+00
6.609451e+00 5.855044e-01 0.000000e+00
6.609451e+00 6.322283e-01 0.000000e+00
6.609451e+00 6.826808e-01 0.000000e+00
6.609451e+00 7.371594e-01 0.000000e+00
6.609451e+00 7.959855e-01 0.000000e+00
6.609451e+00 8.595059e-01 0.000000e+00
6.609451e+00 9.280954e-01 0.000000e+00
6.609451e+00 1.002158e+00 0.000000e+00
6.609451e+00 1.082132e+00 0.000000e+00
6.609451e+00 1.168487e+00 0.000000e+00
6.609451e+00 1.261733e+00 0.000000e+00
6.609451e+00 1.362421e+00 0.000000e+00
6.609451e+00 1.471144e+00 0.000000e+00
6.609451e+00 1.588542e+00 0.000000e+00
6.609451e+00 1.715310e+00 0.000000e+00
6.609451e+00 1.852193e+00 0.000000e+00
6.609451e+00 2.000000e+00 0.000000e+00
6.761640e+00 1.000000e-03 0.000000e+00
6.761640e+00 1.079801e-03 0.000000e+00
6.761640e+00 1.165970e-03 0.000000e+00
6.761640e+00 1.259016e-03 0.000000e+00
6.761640e+00 1.359487e-03 0.000000e+00
6.761640e+00 1.467975e-03 0.000000e+00
6.761640e+00 1.585121e-03 0.000000e+00
6.761640e+00 1.711615e-03 0.000000e+00
6.761640e+00 1.848204e-03 0.000000e+00
6.761640e+00 1.995693e-03 0.000000e+00
6.761640e+00 2.154951e-03 0.000000e+00
6.761640e+00 2.326918e-03 0.000000e+00
6.761640e+00 2.512609e-03 0.000000e+00
6.761640e+00 2.713117e-03 0.000000e+00
6.761640e+00 2.929627e-03 0.000000e+00
6.761640e+00 3.163414e-03 0.000000e+00
6.761640e+00 3.415858e-03 0.000000e+00
6.761640e+00 3.688447e-03 0.000000e+00
6.761640e+00 3.982789e-03 0.000000e+00
6.761640e+00 4.300619e-03 0.000000e+00
6.761640e+00 4.643813e-03 0.000000e+00
6.761640e+00 5.014394e-03 0.000000e+00
6.761640e+00 5.414548e-03 0.000000e+00
6.761640e+00 5.846635e-03 0.000000e+00
6.761640e+00 6.313202e-03 0.000000e+00
6.761640e+00 6.817002e-03 0.000000e+00
6.761640e+00 7.361006e-03 0.000000e+00
6.761640e+00 7.948422e-03 0.000000e+00
6.761640e+00 8.582714e-03 0.000000e+00
6.761640e+00 9.267624e-03 0.000000e+00
6.761640e+00 1.000719e-02 0.000000e+00
6.761640e+00 1.080577e-02 0.000000e+00
6.761640e+00 1.166809e-02 0.000000e+00
6.761640e+00 1.259921e-02 0.000000e+00
6.761640e+00 1.360464e-02 0.000000e+00
6.761640e+00 1.469030e-02 0.000000e+00
6.761640e+00 1.586261e-02 0.000000e+00
6.761640e+00 1.712846e-02 0.000000e+00
6.761640e+00 1.849533e-02 0.000000e+00
6.761640e+00 1.997127e-02 0.000000e+00
6.761640e+00 2.156500e-02 0.000000e+00
6.761640e+00 2.328591e-02 0.000000e+00
6.761640e+00 2.514415e-02 0.000000e+00
6.761640e+00 2.715068e-02 0.000000e+00
6.761640e+00 2.931733e-02 0.000000e+00
6.761640e+00 3.165689e-02 0.000000e+00
6.761640e+00 3.418314e-02 0.000000e+00
6.761640e+00 3.691099e-02 0.000000e+00
6.761640e+00 3.985652e-02 0.000000e+00
6.761640e+00 4.303711e-02 0.000000e+00
6.761640e+00 4.647152e-02 0.000000e+00
6.761640e+00 5.017999e-02 0.000000e+00
6.761640e+00 5.418441e-02 0.000000e+00
6.761640e+00 5.850838e-02 0.000000e+00
6.761640e+00 6.317741e-02 0.000000e+00
6.761640e+00 6.821903e-02 0.000000e+00
6.761640e+00 7.366298e-02 0.000000e+00
6.761640e+00 7.954136e-02 0.000000e+00
6.761640e+00 8.588885e-02 0.000000e+00
6.761640e+00 9.274286e-02 0.000000e+00
6.761640e+00 1.001438e-01 0.000000e+00
6.761640e+00 1.081354e-01 0.000000e+00
6.761640e+00 1.167647e-01 0.000000e+00
6.761640e+00 1.260827e-01 0.000000e+00
6.761640e+00 1.361442e-01 0.000000e+00
6.761640e+00 1.470087e-01 0.000000e+00
6.761640e+00 1.587401e-01 0.000000e+00
6.761640e+00 1.714077e-01 0.000000e+00
6.761640e+00 1.850862e-01 0.000000e+00
6.761640e+00 1.998563e-01 0.000000e+00
6.761640e+00 2.158051e-01 0.000000e+00
6.761640e+00 2.330265e-01 0.000000e+00
6.761640e+00 2.516223e-01 0.000000e+00
6.761640e+00 2.717020e-01 0.000000e+00
6.761640e+00 2.933841e-01 0.000000e+00
6.761640e+00 3.167964e-01 0.000000e+00
6.761640e+00 3.420771e-01 0.000000e+00
6.761640e+00 3.693752e-01 0.000000e+00
6.761640e+00 3.988518e-01 0.000000e+00
6.761640e+00 4.306805e-01 0.000000e+00
6.761640e+00 4.650493e-01 0.000000e+00
6.761640e+00 5.021607e-01 0.000000e+00
6.761640e+00 5.422336e-01 0.000000e+00
6.761640e+00 5.855044e-01 0.000000e+00
6.761640e+00 6.322283e-01 0.000000e+00
6.761640e+00 6.826808e-01 0.000000e+00
6.761640e+00 7.371594e-01 0.000000e+00
6.761640e+00 7.959855e-01 0.000000e+00
6.761640e+00 8.595059e-01 0.000000e+00
6.761640e+00 9.280954e-01 0.000000e+00
6.761640e+00 1.002158e+00 0.000000e+00
6.761640e+00 1.082132e+00 0.000000e+00
6.761640e+00 1.168487e+00 0.000000e+00
6.761640e+00 1.261733e+00 0.000000e+00
6.761640e+00 1.362421e+00 0.000000e+00
6.761640e+00 1.471144e+00 0.000000e+00
6.761640e+00 1.588542e+00 0.000000e+00
6.761640e+00 1.715310e+00 0.000000e+00
6.761640e+00 1.852193e+00 0.000000e+00
6.761640e+00 2.000000e+00 0.000000e+00
6.916873e+00 1.000000e-03 0.000000e+00
6.916873e+00 1.079801e-03 0.000000e+00
6.916873e+00 1.165970e-03 0.000000e+00
6.916873e+00 1.259016e-03 0.000000e+00
6.916873e+00 1.359487e-03 0.000000e+00
6.916873e+00 1.467975e-03 0.000000e+00
6.916873e+00 1.585121e-03 0.000000e+00
6.916873e+00 1.711615e-03 0.000000e+00
6.916873e+00 1.848204e-03 0.000000e+00
6.916873e+00 1.995693e-03 0.000000e+00
6.916873e+00 2.154951e-03 0.000000e+00
6.916873e+00 2.326918e-03 0.000000e+00
6.916873e+00 2.512609e-03 0.000000e+00
6.916873e+00 2.713117e-03 0.000000e+00
6.916873e+00 2.929627e-03 0.000000e+00
6.916873e+00 3.163414e-03 0.000000e+00
6.916873e+00 3.415858e-03 0.000000e+00
6.916873e+00 3.688447e-03 0.000000e+00
6.916873e+00 3.982789e-03 0.000000e+00
6.916873e+00 4.300619e-03 0.000000e+00
6.916873e+00 4.643813e-03 0.000000e+00
6.916873e+00 5.014394e-03 0.000000e+00
6.916873e+00 5.414548e-03 0.000000e+00
6.916873e+00 5.846635e-03 0.000000e+00
6.916873e+00 6.313202e-03 0.000000e+00
6.916873e+00 6.817002e-03 0.000000e+00
6.916873e+00 7.361006e-03 0.000000e+00
6.916873e+00 7.948422e-03 0.000000e+00
6.916873e+00 8.582714e-03 0.000000e+00
6.916873e+00 9.267624e-03 0.000000e+00
6.916873e+00 1.000719e-02 0.000000e+00
6.916873e+00 1.080577e-02 0.000000e+00
6.916873e+00 1.166809e-02 0.000000e+00
6.916873e+00 1.259921e-02 0.000000e+00
6.916873e+00 1.360464e-02 0.000000e+00
6.916873e+00 1.469030e-02 0.000000e+00
6.916873e+00 1.586261e-02 0.000000e+00
6.916873e+00 1.712846e-02 0.000000e+00
6.916873e+00 1.849533e-02 0.000000e+00
6.916873e+00 1.997127e-02 0.000000e+00
6.916873e+00 2.156500e-02 0.000000e+00
6.916873e+00 2.328591e-02 0.000000e+00
6.916873e+00 2.514415e-02 0.000000e+00
6.916873e+00 2.715068e-02 0.000000e+00
6.916873e+00 2.931733e-02 0.000000e+00
6.916873e+00 3.165689e-02 0.000000e+00
6.916873e+00 3.418314e-02 0.000000e+00
6.916873e+00 3.691099e-02 0.000000e+00
6.916873e+00 3.985652e-02 0.000000e+00
6.916873e+00 4.303711e-02 0.000000e+00
6.916873e+00 4.647152e-02 0.000000e+00
6.916873e+00 5.017999e-02 0.000000e+00
6.916873e+00 5.418441e-02 0.000000e+00
6.916873e+00 5.850838e-02 0.000000e+00
6.916873e+00 6.317741e-02 0.000000e+00
6.916873e+00 6.821903e-02 0.000000e+00
6.916873e+00 7.366298e-02 0.000000e+00
6.916873e+00 7.954136e-02 0.000000e+00
6.916873e+00 8.588885e-02 0.000000e+00
6.916873e+00 9.274286e-02 0.000000e+00
6.916873e+00 1.001438e-01 0.000000e+00
6.916873e+00 1.081354e-01 0.000000e+00
6.916873e+00 1.167647e-01 0.000000e+00
6.916873e+00 1.260827e-01 0.000000e+00
6.916873e+00 1.361442e-01 0.000000e+00
6.916873e+00 1.470087e-01 0.000000e+00
6.916873e+00 1.587401e-01 0.000000e+00
6.916873e+00 1.714077e-01 0.000000e+00
6.916873e+00 1.850862e-01 0.000000e+00
6.916873e+00 1.998563e-01 0.000000e+00
6.916873e+00 2.158051e-01 0.000000e+00
6.916873e+00 2.330265e-01 0.000000e+00
6.916873e+00 2.516223e-01 0.000000e+00
6.916873e+00 2.717020e-01 0.000000e+00
6.916873e+00 2.933841e-01 0.000000e+00
6.916873e+00 3.167964e-01 0.000000e+00
6.916873e+00 3.420771e-01 0.000000e+00
6.916873e+00 3.693752e-01 0.000000e+00
6.916873e+00 3.988518e-01 0.000000e+00
6.916873e+00 4.306805e-01 0.000000e+00
6.916873e+00 4.650493e-01 0.000000e+00
6.916873e+00 5.021607e-01 0.000000e+00
6.916873e+00 5.422336e-01 0.000000e+00
6.916873e+00 5.855044e-01 0.000000e+00
6.916873e+00 6.322283e-01 0.000000e+00
6.916873e+00 6.826808e-01 0.000000e+00
6.916873e+00 7.371594e-01 0.000000e+00
6.916873e+00 7.959855e-01 0.000000e+00
6.916873e+00 8.595059e-01 0.000000e+00
6.916873e+00 9.280954e-01 0.000000e+00
6.916873e+00 1.002158e+00 0.000000e+00
6.916873e+00 1.082132e+00 0.000000e+00
6.916873e+00 1.168487e+00 0.000000e+00
6.916873e+00 1.261733e+00 0.000000e+00
6.916873e+00 1.362421e+00 0.000000e+00
6.916873e+00 1.471144e+00 0.000000e+00
6.916873e+00 1.588542e+00 0.000000e+00
6.916873e+00 1.715310e+00 0.000000e+00
6.916873e+00 1.852193e+00 0.000000e+00
6.916873e+00 2.000000e+00 0.000000e+00
7.075210e+00 1.000000e-03 0.000000e+00
7.075210e+00 1.079801e-03 0.000000e+00
7.075210e+00 1.165970e-03 0.000000e+00
7.075210e+00 1.259016e-03 0.000000e+00
7.075210e+00 1.359487e-03 0.000000e+00
7.075210e+00 1.467975e-03 0.000000e+00
7.075210e+00 1.585121e-03 0.000000e+00
7.075210e+00 1.711615e-03 0.000000e+00
7.075210e+00 1.848204e-03 0.000000e+00
7.075210e+00 1.995693e-03 0.000000e+00
7.075210e+00 2.154951e-03 0.000000e+00
7.075210e+00 2.326918e-03 0.000000e+00
7.075210e+00 2.512609e-03 0.000000e+00
7.075210e+00 2.713117e-03 0.000000e+00
7.075210e+00 2.929627e-03 0.000000e+00
7.075210e+00 3.163414e-03 0.000000e+00
7.075210e+00 3.415858e-03 0.000000e+00
7.075210e+00 3.688447e-03 0.000000e+00
7.075210e+00 3.982789e-03 0.000000e+00
7.075210e+00 4.300619e-03 0.000000e+00
7.075210e+00 4.643813e-03 0.000000e+00
7.075210e+00 5.014394e-03 0.000000e+00
7.075210e+00 5.414548e-03 0.000000e+00
7.075210e+00 5.846635e-03 0.000000e+00
7.075210e+00 6.313202e-03 0.000000e+00
7.075210e+00 6.817002e-03 0.000000e+00
7.075210e+00 7.361006e-03 0.000000e+00
7.075210e+00 7.948422e-03 0.000000e+00
7.075210e+00 8.582714e-03 0.000000e+00
7.075210e+00 9.267624e-03 0.000000e+00
7.075210e+00 1.000719e-02 0.000000e+00
7.075210e+00 1.080577e-02 0.000000e+00
7.075210e+00 1.166809e-02 0.000000e+00
7.075210e+00 1.259921e-02 0.000000e+00
7.075210e+00 1.360464e-02 0.000000e+00
7.075210e+00 1.469030e-02 0.000000e+00
7.075210e+00 1.586261e-02 0.000000e+00
7.075210e+00 1.712846e-02 0.000000e+00
7.075210e+00 1.849533e-02 0.000000e+00
7.075210e+00 1.997127e-02 0.000000e+00
7.075210e+00 2.156500e-02 0.000000e+00
7.075210e+00 2.328591e-02 0.000000e+00
7.075210e+00 2.514415e-02 0.000000e+00
7.075210e+00 2.715068e-02 0.000000e+00
7.075210e+00 2.931733e-02 0.000000e+00
7.075210e+00 3.165689e-02 0.000000e+00
7.075210e+00 3.418314e-02 0.000000e+00
7.075210e+00 3.691099e-02 0.000000e+00
7.075210e+00 3.985652e-02 0.000000e+00
7.075210e+00 4.303711e-02 0.000000e+00
7.075210e+00 4.647152e-02 0.000000e+00
7.075210e+00 5.017999e-02 0.000000e+00
7.075210e+00 5.418441e-02 0.000000e+00
7.075210e+00 5.850838e-02 0.000000e+00
7.075210e+00 6.317741e-02 0.000000e+00
7.075210e+00 6.821903e-02 0.000000e+00
7.075210e+00 7.366298e-02 0.000000e+00
7.075210e+00 7.954136e-02 0.000000e+00
7.075210e+00 8.588885e-02 0.000000e+00
7.075210e+00 9.274286e-02 0.000000e+00
7.075210e+00 1.001438e-01 0.000000e+00
7.075210e+00 1.081354e-01 0.000000e+00
7.075210e+00 1.167647e-01 0.000000e+00
7.075210e+00 1.260827e-01 0.000000e+00
7.075210e+00 1.361442e-01 0.000000e+00
7.075210e+00 1.470087e-01 0.000000e+00
7.075210e+00 1.587401e-01 0.000000e+00
7.075210e+00 1.714077e-01 0.000000e+00
7.075210e+00 1.850862e-01 0.000000e+00
7.075210e+00 1.998563e-01 0.000000e+00
7.075210e+00 2.158051e-01 0.000000e+00
7.075210e+00 2.330265e-01 0.000000e+00
7.075210e+00 2.516223e-01 0.000000e+00
7.075210e+00 2.717020e-01 0.000000e+00
7.075210e+00 2.933841e-01 0.000000e+00
7.075210e+00 3.167964e-01 0.000000e+00
7.075210e+00 3.420771e-01 0.000000e+00
7.075210e+00 3.693752e-01 0.000000e+00
7.075210e+00 3.988518e-01 0.000000e+00
7.075210e+00 4.306805e-01 0.000000e+00
7.075210e+00 4.650493e-01 0.000000e+00
7.075210e+00 5.021607e-01 0.000000e+00
7.075210e+00 5.422336e-01 0.000000e+00
7.075210e+00 5.855044e-01 0.000000e+00
7.075210e+00 6.322283e-01 0.000000e+00
7.075210e+00 6.826808e-01 0.000000e+00
7.075210e+00 7.371594e-01 0.000000e+00
7.075210e+00 7.959855e-01 0.000000e+00
7.075210e+00 8.595059e-01 0.000000e+00
7.075210e+00 9.280954e-01 0.000000e+00
7.075210e+00 1.002158e+00 0.000000e+00
7.075210e+00 1.082132e+00 0.000000e+00
7.075210e+00 1.168487e+00 0.000000e+00
7.075210e+00 1.261733e+00 0.000000e+00
7.075210e+00 1.362421e+00 0.000000e+00
7.075210e+00 1.471144e+00 0.000000e+00
7.075210e+00 1.588542e+00 0.000000e+00
7.075210e+00 1.715310e+00 0.000000e+00
7.075210e+00 1.852193e+00 0.000000e+00
7.075210e+00 2.000000e+00 0.000000e+00
7.236714e+00 1.000000e-03 0.000000e+00
7.236714e+00 1.079801e-03 0.000000e+00
7.236714e+00 1.165970e-03 0.000000e+00
7.236714e+00 1.259016e-03 0.000000e+00
7.236714e+00 1.359487e-03 0.000000e+00
7.236714e+00 1.467975e-03 0.000000e+00
7.236714e+00 1.585121e-03 0.000000e+00
7.236714e+00 1.711615e-03 0.000000e+00
7.236714e+00 1.848204e-03 0.000000e+00
7.236714e+00 1.995693e-03 0.000000e+00
7.236714e+00 2.154951e-03 0.000000e+00
7.236714e+00 2.326918e-03 0.000000e+00
7.236714e+00 2.512609e-03 0.000000e+00
7.236714e+00 2.713117e-03 0.000000e+00
7.236714e+00 2.929627e-03 0.000000e+00
7.236714e+00 3.163414e-03 0.000000e+00
7.236714e+00 3.415858e-03 0.000000e+00
7.236714e+00 3.688447e-03 0.000000e+00
7.236714e+00 3.982789e-03 0.000000e+00
7.236714e+00 4.300619e-03 0.000000e+00
7.236714e+00 4.643813e-03 0.000000e+00
7.236714e+00 5.014394e-03 0.000000e+00
7.236714e+00 5.414548e-03 0.000000e+00
7.236714e+00 5.846635e-03 0.000000e+00
7.236714e+00 6.313202e-03 0.000000e+00
7.236714e+00 6.817002e-03 0.000000e+00
7.236714e+00 7.361006e-03 0.000000e+00
7.236714e+00 7.948422e-03 0.000000e+00
7.236714e+00 8.582714e-03 0.000000e+00
7.236714e+00 9.267624e-03 0.000000e+00
7.236714e+00 1.000719e-02 0.000000e+00
7.236714e+00 1.080577e-02 0.000000e+00
7.236714e+00 1.166809e-02 0.000000e+00
7.236714e+00 1.259921e-02 0.000000e+00
7.236714e+00 1.360464e-02 0.000000e+00
7.236714e+00 1.469030e-02 0.000000e+00
7.236714e+00 1.586261e-02 0.000000e+00
7.236714e+00 1.712846e-02 0.000000e+00
7.236714e+00 1.849533e-02 0.000000e+00
7.236714e+00 1.997127e-02 0.000000e+00
7.236714e+00 2.156500e-02 0.000000e+00
7.236714e+00 2.328591e-02 0.000000e+00
7.236714e+00 2.514415e-02 0.000000e+00
7.236714e+00 2.715068e-02 0.000000e+00
7.236714e+00 2.931733e-02 0.000000e+00
7.236714e+00 3.165689e-02 0.000000e+00
7.236714e+00 3.418314e-02 0.000000e+00
7.236714e+00 3.691099e-02 0.000000e+00
7.236714e+00 3.985652e-02 0.000000e+00
7.236714e+00 4.303711e-02 0.000000e+00
7.236714e+00 4.647152e-02 0.000000e+00
7.236714e+00 5.017999e-02 0.000000e+00
7.236714e+00 5.418441e-02 0.000000e+00
7.236714e+00 5.850838e-02 0.000000e+00
7.236714e+00 6.317741e-02 0.000000e+00
7.236714e+00 6.821903e-02 0.000000e+00
7.236714e+00 7.366298e-02 0.000000e+00
7.236714e+00 7.954136e-02 0.000000e+00
7.236714e+00 8.588885e-02 0.000000e+00
7.236714e+00 9.274286e-02 0.000000e+00
7.236714e+00 1.001438e-01 0.000000e+00
7.236714e+00 1.081354e-01 0.000000e+00
7.236714e+00 1.167647e-01 0.000000e+00
7.236714e+00 1.260827e-01 0.000000e+00
7.236714e+00 1.361442e-01 0.000000e+00
7.236714e+00 1.470087e-01 0.000000e+00
7.236714e+00 1.587401e-01 0.000000e+00
7.236714e+00 1.714077e-01 0.000000e+00
7.236714e+00 1.850862e-01 0.000000e+00
7.236714e+00 1.998563e-01 0.000000e+00
7.236714e+00 2.158051e-01 0.000000e+00
7.236714e+00 2.330265e-01 0.000000e+00
7.236714e+00 2.516223e-01 0.000000e+00
7.236714e+00 2.717020e-01 0.000000e+00
7.236714e+00 2.933841e-01 0.000000e+00
7.236714e+00 3.167964e-01 0.000000e+00
7.236714e+00 3.420771e-01 -1.077461e-18
7.236714e+00 3.693752e-01 1.077461e-18
7.236714e+00 3.988518e-01 0.000000e+00
7.236714e+00 4.306805e-01 0.000000e+00
7.236714e+00 4.650493e-01 0.000000e+00
7.236714e+00 5.021607e-01 0.000000e+00
7.236714e+00 5.422336e-01 -7.556735e-20
7.236714e+00 5.855044e-01 0.000000e+00
7.236714e+00 6.322283e-01 0.000000e+00
7.236714e+00 6.826808e-01 0.000000e+00
7.236714e+00 7.371594e-01 -4.936431e-20
7.236714e+00 7.959855e-01 0.000000e+00
7.236714e+00 8.595059e-01 0.000000e+00
7.236714e+00 9.280954e-01 0.000000e+00
7.236714e+00 1.002158e+00 3.396789e-20
7.236714e+00 1.082132e+00 2.972190e-20
7.236714e+00 1.168487e+00 0.000000e+00
7.236714e+00 1.261733e+00 0.000000e+00
7.236714e+00 1.362421e+00 0.000000e+00
7.236714e+00 1.471144e+00 0.000000e+00
7.236714e+00 1.588542e+00 0.000000e+00
7.236714e+00 1.715310e+00 0.000000e+00
7.236714e+00 1.852193e+00 0.000000e+00
7.236714e+00 2.000000e+00 0.000000e+00
7.401449e+00 1.000000e-03 -8.383346e+00
7.401449e+00 1.079801e-03 -8.989113e+00
7.401449e+00 1.165970e-03 -9.633143e+00
7.401449e+00 1.259016e-03 -1.031687e+01
7.401449e+00 1.359487e-03 -1.104161e+01
7.401449e+00 1.467975e-03 -1.180857e+01
7.401449e+00 1.585121e-03 -1.261875e+01
7.401449e+00 1.711615e-03 -1.347294e+01
7.401449e+00 1.848204e-03 -1.437171e+01
7.401449e+00 1.995693e-03 -1.531520e+01
7.401449e+00 2.154951e-03 -1.630311e+01
7.401449e+00 2.326918e-03 -1.733469e+01
7.401449e+00 2.512609e-03 -1.840859e+01
7.401449e+00 2.713117e-03 -1.952274e+01
7.401449e+00 2.929627e-03 -2.067446e+01
7.401449e+00 3.163414e-03 -2.186014e+01
7.401449e+00 3.415858e-03 -2.307523e+01
7.401449e+00 3.688447e-03 -2.431430e+01
7.401449e+00 3.982789e-03 -2.557064e+01
7.401449e+00 4.300619e-03 -2.683624e+01
7.401449e+00 4.643813e-03 -2.810202e+01
7.401449e+00 5.014394e-03 -2.935721e+01
7.401449e+00 5.414548e-03 -3.058940e+01
7.401449e+00 5.846635e-03 -3.178503e+01
7.401449e+00 6.313202e-03 -3.292845e+01
7.401449e+00 6.817002e-03 -3.400210e+01
7.401449e+00 7.361006e-03 -3.498750e+01
7.401449e+00 7.948422e-03 -3.586399e+01
7.401449e+00 8.582714e-03 -3.660914e+01
7.401449e+00 9.267624e-03 -3.720067e+01
7.401449e+00 1.000719e-02 -3.761486e+01
7.401449e+00 1.080577e-02 -3.782770e+01
7.401449e+00 1.166809e-02 -3.781764e+01
7.401449e+00 1.259921e-02 -3.756561e+01
7.401449e+00 1.360464e-02 -3.705630e+01
7.401449e+00 1.469030e-02 -3.628074e+01
7.401449e+00 1.586261e-02 -3.524083e+01
7.401449e+00 1.712846e-02 -3.394882e+01
7.401449e+00 1.849533e-02 -3.242503e+01
7.401449e+00 1.997127e-02 -3.071337e+01
7.401449e+00 2.156500e-02 -2.887265e+01
7.401449e+00 2.328591e-02 -2.695966e+01
7.401449e+00 2.514415e-02 -2.505237e+01
7.401449e+00 2.715068e-02 -2.323404e+01
7.401449e+00 2.931733e-02 -2.156716e+01
7.401449e+00 3.165689e-02 -2.009755e+01
7.401449e+00 3.418314e-02 -1.885275e+01
7.401449e+00 3.691099e-02 -1.781352e+01
7.401449e+00 3.985652e-02 -1.691692e+01
7.401449e+00 4.303711e-02 -1.605734e+01
7.401449e+00 4.647152e-02 -1.510660e+01
7.401449e+00 5.017999e-02 -1.395573e+01
7.401449e+00 5.418441e-02 -1.253588e+01
7.401449e+00 5.850838e-02 -1.090689e+01
7.401449e+00 6.317741e-02 -9.147913e+00
7.401449e+00 6.821903e-02 -7.248565e+00
7.401449e+00 7.366298e-02 -5.309063e+00
7.401449e+00 7.954136e-02 -4.352456e+00
7.401449e+00 8.588885e-02 -3.319512e+00
7.401449e+00 9.274286e-02 -2.204138e+00
7.401449e+00 1.001438e-01 -9.997554e-01
7.401449e+00 1.081354e-01 -6.277238e-01
7.401449e+00 1.167647e-01 -6.689737e-01
7.401449e+00 1.260827e-01 -7.135153e-01
7.401449e+00 1.361442e-01 -7.616113e-01
7.401449e+00 1.470087e-01 -7.775469e-01
7.401449e+00 1.587401e-01 -6.414068e-01
7.401449e+00 1.714077e-01 -4.944027e-01
7.401449e+00 1.850862e-01 -3.356674e-01
7.401449e+00 1.998563e-01 -1.642649e-01
7.401449e+00 2.158051e-01 -1.248209e-01
7.401449e+00 2.330265e-01 -1.113193e-01
7.401449e+00 2.516223e-01 -9.674027e-02
7.401449e+00 2.717020e-01 -8.099779e-02
7.401449e+00 2.933841e-01 -6.720220e-02
7.401449e+00 3.167964e-01 -5.637669e-02
7.401449e+00 3.420771e-01 -4.468729e-02
7.401449e+00 3.693752e-01 -3.206507e-02
7.401449e+00 3.988518e-01 -1.922422e-02
7.401449e+00 4.306805e-01 -1.642054e-02
7.401449e+00 4.650493e-01 -1.339313e-02
7.401449e+00 5.021607e-01 -1.012413e-02
7.401449e+00 5.422336e-01 -6.594255e-03
7.401449e+00 5.855044e-01 -4.946428e-03
7.401449e+00 6.322283e-01 -4.175420e-03
7.401449e+00 6.826808e-01 -3.342885e-03
7.401449e+00 7.371594e-01 -2.443913e-03
7.401449e+00 7.959855e-01 -1.709118e-03
7.401449e+00 8.595059e-01 -1.470811e-03
7.401449e+00 9.280954e-01 -1.213487e-03
7.401449e+00 1.002158e+00 -9.356286e-04
7.401449e+00 1.082132e+00 -6.355966e-04
7.401449e+00 1.168487e+00 -5.403929e-04
7.401449e+00 1.261733e+00 -4.570762e-04
7.401449e+00 1.362421e+00 -3.671108e-04
7.401449e+00 1.471144e+00 -2.699661e-04
7.401449e+00 1.588542e+00 -2.088016e-04
7.401449e+00 1.715310e+00 -1.810457e-04
7.401449e+00 1.852193e+00 -1.510749e-04
7.401449e+00 2.000000e+00 -1.187124e-04
7.569477e+00 1.000000e-03 -2.830790e+01
7.569477e+00 1.079801e-03 -3.035379e+01
7.569477e+00 1.165970e-03 -3.252892e+01
7.569477e+00 1.259016e-03 -3.483814e+01
7.569477e+00 1.359487e-03 -3.728588e+01
7.569477e+00 1.467975e-03 -3.987617e+01
7.569477e+00 1.585121e-03 -4.261241e+01
7.569477e+00 1.711615e-03 -4.549729e+01
7.569477e+00 1.848204e-03 -4.853267e+01
7.569477e+00 1.995693e-03 -5.171907e+01
7.569477e+00 2.154951e-03 -5.505545e+01
7.569477e+00 2.326918e-03 -5.853932e+01
7.569477e+00 2.512609e-03 -6.216610e+01
7.569477e+00 2.713117e-03 -6.592884e+01
7.569477e+00 2.929627e-03 -6.981842e+01
7.569477e+00 3.163414e-03 -7.382269e+01
7.569477e+00 3.415858e-03 -7.792627e+01
7.569477e+00 3.688447e-03 -8.211080e+01
7.569477e+00 3.982789e-03 -8.635368e+01
7.569477e+00 4.300619e-03 -9.062783e+01
7.569477e+00 4.643813e-03 -9.490256e+01
7.569477e+00 5.014394e-03 -9.914153e+01
7.569477e+00 5.414548e-03 -1.033028e+02
7.569477e+00 5.846635e-03 -1.073407e+02
7.569477e+00 6.313202e-03 -1.112022e+02
7.569477e+00 6.817002e-03 -1.148280e+02
7.569477e+00 7.361006e-03 -1.181559e+02
7.569477e+00 7.948422e-03 -1.211159e+02
7.569477e+00 8.582714e-03 -1.236323e+02
7.569477e+00 9.267624e-03 -1.256300e+02
7.569477e+00 1.000719e-02 -1.270289e+02
7.569477e+00 1.080577e-02 -1.277477e+02
7.569477e+00 1.166809e-02 -1.277138e+02
7.569477e+00 1.259921e-02 -1.268627e+02
7.569477e+00 1.360464e-02 -1.251427e+02
7.569477e+00 1.469030e-02 -1.225236e+02
7.569477e+00 1.586261e-02 -1.190117e+02
7.569477e+00 1.712846e-02 -1.146485e+02
7.569477e+00 1.849533e-02 -1.095025e+02
7.569477e+00 1.997127e-02 -1.037220e+02
7.569477e+00 2.156500e-02 -9.750578e+01
7.569477e+00 2.328591e-02 -9.104541e+01
7.569477e+00 2.514415e-02 -8.460432e+01
7.569477e+00 2.715068e-02 -7.846364e+01
7.569477e+00 2.931733e-02 -7.283443e+01
7.569477e+00 3.165689e-02 -6.787140e+01
7.569477e+00 3.418314e-02 -6.366759e+01
7.569477e+00 3.691099e-02 -6.015800e+01
7.569477e+00 3.985652e-02 -5.713009e+01
7.569477e+00 4.303711e-02 -5.422722e+01
7.569477e+00 4.647152e-02 -5.101649e+01
7.569477e+00 5.017999e-02 -4.712986e+01
7.569477e+00 5.418441e-02 -4.243966e+01
7.569477e+00 5.850838e-02 -3.723014e+01
7.569477e+00 6.317741e-02 -3.160490e+01
7.569477e+00 6.821903e-02 -2.553075e+01
7.569477e+00 7.366298e-02 -1.932338e+01
7.569477e+00 7.954136e-02 -1.620978e+01
7.569477e+00 8.588885e-02 -1.284773e+01
7.569477e+00 9.274286e-02 -9.217371e+00
7.569477e+00 1.001438e-01 -5.297311e+00
7.569477e+00 1.081354e-01 -3.724563e+00
7.569477e+00 1.167647e-01 -3.295461e+00
7.569477e+00 1.260827e-01 -2.832117e+00
7.569477e+00 1.361442e-01 -2.331798e+00
7.569477e+00 1.470087e-01 -1.857858e+00
7.569477e+00 1.587401e-01 -1.628549e+00
7.569477e+00 1.714077e-01 -1.380940e+00
7.569477e+00 1.850862e-01 -1.113572e+00
7.569477e+00 1.998563e-01 -8.248679e-01
7.569477e+00 2.158051e-01 -7.012247e-01
7.569477e+00 2.330265e-01 -6.052866e-01
7.569477e+00 2.516223e-01 -5.016925e-01
7.569477e+00 2.717020e-01 -3.898315e-01
7.569477e+00 2.933841e-01 -3.030570e-01
7.569477e+00 3.167964e-01 -2.525862e-01
7.569477e+00 3.420771e-01 -1.980877e-01
7.569477e+00 3.693752e-01 -1.392403e-01
7.569477e+00 3.988518e-01 -7.953292e-02
7.569477e+00 4.306805e-01 -6.886995e-02
7.569477e+00 4.650493e-01 -5.735605e-02
7.569477e+00 5.021607e-01 -4.492334e-02
7.569477e+00 5.422336e-01 -3.149848e-02
7.569477e+00 5.855044e-01 -2.464832e-02
7.569477e+00 6.322283e-01 -2.081460e-02
7.569477e+00 6.826808e-01 -1.667495e-02
7.569477e+00 7.371594e-01 -1.220495e-02
7.569477e+00 7.959855e-01 -8.533727e-03
7.569477e+00 8.595059e-01 -7.288496e-03
7.569477e+00 9.280954e-01 -5.943894e-03
7.569477e+00 1.002158e+00 -4.491992e-03
7.569477e+00 1.082132e+00 -2.924226e-03
7.569477e+00 1.168487e+00 -2.479606e-03
7.569477e+00 1.261733e+00 -2.105818e-03
7.569477e+00 1.362421e+00 -1.702202e-03
7.569477e+00 1.471144e+00 -1.266376e-03
7.569477e+00 1.588542e+00 -9.844933e-04
7.569477e+00 1.715310e+00 -8.453494e-04
7.569477e+00 1.852193e+00 -6.951016e-04
7.569477e+00 2.000000e+00 -5.328639e-04
7.740867e+00 1.000000e-03 -1.019125e+02
7.740867e+00 1.079801e-03 -1.092794e+02
7.740867e+00 1.165970e-03 -1.171118e+02
7.740867e+00 1.259016e-03 -1.254271e+02
7.740867e+00 1.359487e-03 -1.342412e+02
7.740867e+00 1.467975e-03 -1.435686e+02
7.740867e+00 1.585121e-03 -1.534215e+02
7.740867e+00 1.711615e-03 -1.638094e+02
7.740867e+00 1.848204e-03 -1.747392e+02
7.740867e+00 1.995693e-03 -1.862126e+02
7.740867e+00 2.154951e-03 -1.982260e+02
7.740867e+00 2.326918e-03 -2.107705e+02
7.740867e+00 2.512609e-03 -2.238296e+02
7.740867e+00 2.713117e-03 -2.373782e+02
7.740867e+00 2.929627e-03 -2.513834e+02
7.740867e+00 3.163414e-03 -2.658016e+02
7.740867e+00 3.415858e-03 -2.805773e+02
7.740867e+00 3.688447e-03 -2.956444e+02
7.740867e+00 3.982789e-03 -3.109217e+02
7.740867e+00 4.300619e-03 -3.263115e+02
7.740867e+00 4.643813e-03 -3.417034e+02
7.740867e+00 5.014394e-03 -3.569665e+02
7.740867e+00 5.414548e-03 -3.719499e+02
7.740867e+00 5.846635e-03 -3.864887e+02
7.740867e+00 6.313202e-03 -4.003926e+02
7.740867e+00 6.817002e-03 -4.134481e+02
7.740867e+00 7.361006e-03 -4.254305e+02
7.740867e+00 7.948422e-03 -4.360883e+02
7.740867e+00 8.582714e-03 -4.451492e+02
7.740867e+00 9.267624e-03 -4.523422e+02
7.740867e+00 1.000719e-02 -4.573791e+02
7.740867e+00 1.080577e-02 -4.599676e+02
7.740867e+00 1.166809e-02 -4.598457e+02
7.740867e+00 1.259921e-02 -4.567812e+02
7.740867e+00 1.360464e-02 -4.505884e+02
7.740867e+00 1.469030e-02 -4.411580e+02
7.740867e+00 1.586261e-02 -4.285132e+02
7.740867e+00 1.712846e-02 -4.128030e+02
7.740867e+00 1.849533e-02 -3.942744e+02
7.740867e+00 1.997127e-02 -3.734614e+02
7.740867e+00 2.156500e-02 -3.510792e+02
7.740867e+00 2.328591e-02 -3.278180e+02
7.740867e+00 2.514415e-02 -3.046262e+02
7.740867e+00 2.715068e-02 -2.825161e+02
7.740867e+00 2.931733e-02 -2.622476e+02
7.740867e+00 3.165689e-02 -2.443777e+02
7.740867e+00 3.418314e-02 -2.292415e+02
7.740867e+00 3.691099e-02 -2.166049e+02
7.740867e+00 3.985652e-02 -2.057026e+02
7.740867e+00 4.303711e-02 -1.952505e+02
7.740867e+00 4.647152e-02 -1.836899e+02
7.740867e+00 5.017999e-02 -1.696957e+02
7.740867e+00 5.418441e-02 -1.530263e+02
7.740867e+00 5.850838e-02 -1.348762e+02
7.740867e+00 6.317741e-02 -1.152776e+02
7.740867e+00 6.821903e-02 -9.411509e+01
7.740867e+00 7.366298e-02 -7.253860e+01
7.740867e+00 7.954136e-02 -6.225769e+01
7.740867e+00 8.588885e-02 -5.115636e+01
7.740867e+00 9.274286e-02 -3.916913e+01
7.740867e+00 1.001438e-01 -2.622531e+01
7.740867e+00 1.081354e-01 -2.041178e+01
7.740867e+00 1.167647e-01 -1.802901e+01
7.740867e+00 1.260827e-01 -1.545609e+01
7.740867e+00 1.361442e-01 -1.267785e+01
7.740867e+00 1.470087e-01 -1.002190e+01
7.740867e+00 1.587401e-01 -8.619355e+00
7.740867e+00 1.714077e-01 -7.104887e+00
7.740867e+00 1.850862e-01 -5.469563e+00
7.740867e+00 1.998563e-01 -3.703738e+00
7.740867e+00 2.158051e-01 -3.060535e+00
7.740867e+00 2.330265e-01 -2.618387e+00
7.740867e+00 2.516223e-01 -2.140956e+00
7.740867e+00 2.717020e-01 -1.625425e+00
7.740867e+00 2.933841e-01 -1.239340e+00
7.740867e+00 3.167964e-01 -1.039247e+00
7.740867e+00 3.420771e-01 -8.231866e-01
7.740867e+00 3.693752e-01 -5.898843e-01
7.740867e+00 3.988518e-01 -3.528015e-01
7.740867e+00 4.306805e-01 -3.049172e-01
7.740867e+00 4.650493e-01 -2.532116e-01
7.740867e+00 5.021607e-01 -1.973799e-01
7.740867e+00 5.422336e-01 -1.370928e-01
7.740867e+00 5.855044e-01 -1.067622e-01
7.740867e+00 6.322283e-01 -9.021304e-02
7.740867e+00 6.826808e-01 -7.234329e-02
7.740867e+00 7.371594e-01 -5.304752e-02
7.740867e+00 7.959855e-01 -3.717347e-02
7.740867e+00 8.595059e-01 -3.170754e-02
7.740867e+00 9.280954e-01 -2.580542e-02
7.740867e+00 1.002158e+00 -1.943231e-02
7.740867e+00 1.082132e+00 -1.255061e-02
7.740867e+00 1.168487e+00 -1.060145e-02
7.740867e+00 1.261733e+00 -8.963606e-03
7.740867e+00 1.362421e+00 -7.195065e-03
7.740867e+00 1.471144e+00 -5.285393e-03
7.740867e+00 1.588542e+00 -4.066526e-03
7.740867e+00 1.715310e+00 -3.488646e-03
7.740867e+00 1.852193e+00 -2.864651e-03
7.740867e+00 2.000000e+00 -2.190860e-03
7.915684e+00 1.000000e-03 -2.415248e+02
7.915684e+00 1.079801e-03 -2.589874e+02
7.915684e+00 1.165970e-03 -2.775537e+02
7.915684e+00 1.259016e-03 -2.972647e+02
7.915684e+00 1.359487e-03 -3.181581e+02
7.915684e+00 1.467975e-03 -3.402681e+02
7.915684e+00 1.585121e-03 -3.636235e+02
7.915684e+00 1.711615e-03 -3.882470e+02
7.915684e+00 1.848204e-03 -4.141545e+02
7.915684e+00 1.995693e-03 -4.413505e+02
7.915684e+00 2.154951e-03 -4.698262e+02
7.915684e+00 2.326918e-03 -4.995607e+02
7.915684e+00 2.512609e-03 -5.305150e+02
7.915684e+00 2.713117e-03 -5.626295e+02
7.915684e+00 2.929627e-03 -5.958263e+02
7.915684e+00 3.163414e-03 -6.300017e+02
7.915684e+00 3.415858e-03 -6.650244e+02
7.915684e+00 3.688447e-03 -7.007380e+02
7.915684e+00 3.982789e-03 -7.369495e+02
7.915684e+00 4.300619e-03 -7.734278e+02
7.915684e+00 4.643813e-03 -8.099109e+02
7.915684e+00 5.014394e-03 -8.460886e+02
7.915684e+00 5.414548e-03 -8.816034e+02
7.915684e+00 5.846635e-03 -9.160644e+02
7.915684e+00 6.313202e-03 -9.490205e+02
7.915684e+00 6.817002e-03 -9.799654e+02
7.915684e+00 7.361006e-03 -1.008367e+03
7.915684e+00 7.948422e-03 -1.033628e+03
7.915684e+00 8.582714e-03 -1.055105e+03
7.915684e+00 9.267624e-03 -1.072155e+03
7.915684e+00 1.000719e-02 -1.084094e+03
7.915684e+00 1.080577e-02 -1.090230e+03
7.915684e+00 1.166809e-02 -1.089941e+03
7.915684e+00 1.259921e-02 -1.082678e+03
7.915684e+00 1.360464e-02 -1.068000e+03
7.915684e+00 1.469030e-02 -1.045648e+03
7.915684e+00 1.586261e-02 -1.015677e+03
7.915684e+00 1.712846e-02 -9.784400e+02
7.915684e+00 1.849533e-02 -9.345229e+02
7.915684e+00 1.997127e-02 -8.851914e+02
7.915684e+00 2.156500e-02 -8.321402e+02
7.915684e+00 2.328591e-02 -7.770058e+02
7.915684e+00 2.514415e-02 -7.220358e+02
7.915684e+00 2.715068e-02 -6.696297e+02
7.915684e+00 2.931733e-02 -6.215886e+02
7.915684e+00 3.165689e-02 -5.792327e+02
7.915684e+00 3.418314e-02 -5.433563e+02
7.915684e+00 3.691099e-02 -5.134045e+02
7.915684e+00 3.985652e-02 -4.875635e+02
7.915684e+00 4.303711e-02 -4.627896e+02
7.915684e+00 4.647152e-02 -4.353884e+02
7.915684e+00 5.017999e-02 -4.022189e+02
7.915684e+00 5.418441e-02 -3.662169e+02
7.915684e+00 5.850838e-02 -3.329658e+02
7.915684e+00 6.317741e-02 -2.970613e+02
7.915684e+00 6.821903e-02 -2.582916e+02
7.915684e+00 7.366298e-02 -2.175721e+02
7.915684e+00 7.954136e-02 -1.852858e+02
7.915684e+00 8.588885e-02 -1.504230e+02
7.915684e+00 9.274286e-02 -1.127782e+02
7.915684e+00 1.001438e-01 -7.212922e+01
7.915684e+00 1.081354e-01 -5.435482e+01
7.915684e+00 1.167647e-01 -4.762311e+01
7.915684e+00 1.260827e-01 -4.035421e+01
7.915684e+00 1.361442e-01 -3.250523e+01
7.915684e+00 1.470087e-01 -2.512629e+01
7.915684e+00 1.587401e-01 -2.182890e+01
7.915684e+00 1.714077e-01 -1.826837e+01
7.915684e+00 1.850862e-01 -1.442371e+01
7.915684e+00 1.998563e-01 -1.027223e+01
7.915684e+00 2.158051e-01 -8.552909e+00
7.915684e+00 2.330265e-01 -7.248360e+00
7.915684e+00 2.516223e-01 -5.839706e+00
7.915684e+00 2.717020e-01 -4.318640e+00
7.915684e+00 2.933841e-01 -3.220155e+00
7.915684e+00 3.167964e-01 -2.725351e+00
7.915684e+00 3.420771e-01 -2.191061e+00
7.915684e+00 3.693752e-01 -1.614134e+00
7.915684e+00 3.988518e-01 -1.026523e+00
7.915684e+00 4.306805e-01 -8.879303e-01
7.915684e+00 4.650493e-01 -7.382782e-01
7.915684e+00 5.021607e-01 -5.766837e-01
7.915684e+00 5.422336e-01 -4.021939e-01
7.915684e+00 5.855044e-01 -3.131492e-01
7.915684e+00 6.322283e-01 -2.633058e-01
7.915684e+00 6.826808e-01 -2.094848e-01
7.915684e+00 7.371594e-01 -1.513688e-01
7.915684e+00 7.959855e-01 -1.039338e-01
7.915684e+00 8.595059e-01 -8.875918e-02
7.915684e+00 9.280954e-01 -7.237363e-02
7.915684e+00 1.002158e+00 -5.468050e-02
7.915684e+00 1.082132e+00 -3.557544e-02
7.915684e+00 1.168487e+00 -3.003986e-02
7.915684e+00 1.261733e+00 -2.534810e-02
7.915684e+00 1.362421e+00 -2.028194e-02
7.915684e+00 1.471144e+00 -1.481149e-02
7.915684e+00 1.588542e+00 -1.133883e-02
7.915684e+00 1.715310e+00 -9.720415e-03
7.915684e+00 1.852193e+00 -7.972847e-03
7.915684e+00 2.000000e+00 -6.085821e-03
8.093998e+00 1.000000e-03 -4.062815e+02
8.093998e+00 1.079801e-03 -4.356623e+02
8.093998e+00 1.165970e-03 -4.669003e+02
8.093998e+00 1.259016e-03 -5.000648e+02
8.093998e+00 1.359487e-03 -5.352188e+02
8.093998e+00 1.467975e-03 -5.724195e+02
8.093998e+00 1.585121e-03 -6.117153e+02
8.093998e+00 1.711615e-03 -6.531442e+02
8.093998e+00 1.848204e-03 -6.967330e+02
8.093998e+00 1.995693e-03 -7.424891e+02
8.093998e+00 2.154951e-03 -7.903980e+02
8.093998e+00 2.326918e-03 -8.404247e+02
8.093998e+00 2.512609e-03 -8.925036e+02
8.093998e+00 2.713117e-03 -9.465345e+02
8.093998e+00 2.929627e-03 -1.002386e+03
8.093998e+00 3.163414e-03 -1.059884e+03
8.093998e+00 3.415858e-03 -1.118807e+03
8.093998e+00 3.688447e-03 -1.178892e+03
8.093998e+00 3.982789e-03 -1.239815e+03
8.093998e+00 4.300619e-03 -1.301187e+03
8.093998e+00 4.643813e-03 -1.362566e+03
8.093998e+00 5.014394e-03 -1.423432e+03
8.093998e+00 5.414548e-03 -1.483183e+03
8.093998e+00 5.846635e-03 -1.541160e+03
8.093998e+00 6.313202e-03 -1.596606e+03
8.093998e+00 6.817002e-03 -1.648668e+03
8.093998e+00 7.361006e-03 -1.696450e+03
8.093998e+00 7.948422e-03 -1.738950e+03
8.093998e+00 8.582714e-03 -1.775083e+03
8.093998e+00 9.267624e-03 -1.803767e+03
8.093998e+00 1.000719e-02 -1.823854e+03
8.093998e+00 1.080577e-02 -1.834178e+03
8.093998e+00 1.166809e-02 -1.833693e+03
8.093998e+00 1.259921e-02 -1.821474e+03
8.093998e+00 1.360464e-02 -1.796780e+03
8.093998e+00 1.469030e-02 -1.759176e+03
8.093998e+00 1.586261e-02 -1.708753e+03
8.093998e+00 1.712846e-02 -1.646107e+03
8.093998e+00 1.849533e-02 -1.572222e+03
8.093998e+00 1.997127e-02 -1.489228e+03
8.093998e+00 2.156500e-02 -1.399976e+03
8.093998e+00 2.328591e-02 -1.307219e+03
8.093998e+00 2.514415e-02 -1.214739e+03
8.093998e+00 2.715068e-02 -1.126572e+03
8.093998e+00 2.931733e-02 -1.045748e+03
8.093998e+00 3.165689e-02 -9.744897e+02
8.093998e+00 3.418314e-02 -9.141319e+02
8.093998e+00 3.691099e-02 -8.637416e+02
8.093998e+00 3.985652e-02 -8.202672e+02
8.093998e+00 4.303711e-02 -7.785881e+02
8.093998e+00 4.647152e-02 -7.324889e+02
8.093998e+00 5.017999e-02 -6.766851e+02
8.093998e+00 5.418441e-02 -6.172797e+02
8.093998e+00 5.850838e-02 -5.645793e+02
8.093998e+00 6.317741e-02 -5.076732e+02
8.093998e+00 6.821903e-02 -4.462260e+02
8.093998e+00 7.366298e-02 -3.814964e+02
8.093998e+00 7.954136e-02 -3.281540e+02
8.093998e+00 8.588885e-02 -2.705548e+02
8.093998e+00 9.274286e-02 -2.083592e+02
8.093998e+00 1.001438e-01 -1.412002e+02
8.093998e+00 1.081354e-01 -1.098016e+02
8.093998e+00 1.167647e-01 -9.551561e+01
8.093998e+00 1.260827e-01 -8.008955e+01
8.093998e+00 1.361442e-01 -6.343248e+01
8.093998e+00 1.470087e-01 -4.792993e+01
8.093998e+00 1.587401e-01 -4.177065e+01
8.093998e+00 1.714077e-01 -3.511986e+01
8.093998e+00 1.850862e-01 -2.793832e+01
8.093998e+00 1.998563e-01 -2.018368e+01
8.093998e+00 2.158051e-01 -1.684567e+01
8.093998e+00 2.330265e-01 -1.424709e+01
8.093998e+00 2.516223e-01 -1.144113e+01
8.093998e+00 2.717020e-01 -8.411256e+00
8.093998e+00 2.933841e-01 -6.243561e+00
8.093998e+00 3.167964e-01 -5.305950e+00
8.093998e+00 3.420771e-01 -4.293516e+00
8.093998e+00 3.693752e-01 -3.200290e+00
8.093998e+00 3.988518e-01 -2.085412e+00
8.093998e+00 4.306805e-01 -1.801568e+00
8.093998e+00 4.650493e-01 -1.495073e+00
8.093998e+00 5.021607e-01 -1.164120e+00
8.093998e+00 5.422336e-01 -8.067561e-01
8.093998e+00 5.855044e-01 -6.259597e-01
8.093998e+00 6.322283e-01 -5.263070e-01
8.093998e+00 6.826808e-01 -4.187019e-01
8.093998e+00 7.371594e-01 -3.025099e-01
8.093998e+00 7.959855e-01 -2.076477e-01
8.093998e+00 8.595059e-01 -1.772243e-01
8.093998e+00 9.280954e-01 -1.443731e-01
8.093998e+00 1.002158e+00 -1.089004e-01
8.093998e+00 1.082132e+00 -7.059688e-02
8.093998e+00 1.168487e+00 -5.948962e-02
8.093998e+00 1.261733e+00 -5.007263e-02
8.093998e+00 1.362421e+00 -3.990415e-02
8.093998e+00 1.471144e+00 -2.892421e-02
8.093998e+00 1.588542e+00 -2.200331e-02
8.093998e+00 1.715310e+00 -1.885113e-02
8.093998e+00 1.852193e+00 -1.544739e-02
8.093998e+00 2.000000e+00 -1.177203e-02
8.275878e+00 1.000000e-03 -5.543508e+02
8.275878e+00 1.079801e-03 -5.944477e+02
8.275878e+00 1.165970e-03 -6.370800e+02
8.275878e+00 1.259016e-03 -6.823417e+02
8.275878e+00 1.359487e-03 -7.303189e+02
8.275878e+00 1.467975e-03 -7.810891e+02
8.275878e+00 1.585121e-03 -8.347182e+02
8.275878e+00 1.711615e-03 -8.912579e+02
8.275878e+00 1.848204e-03 -9.507445e+02
8.275878e+00 1.995693e-03 -1.013188e+03
8.275878e+00 2.154951e-03 -1.078569e+03
8.275878e+00 2.326918e-03 -1.146840e+03
8.275878e+00 2.512609e-03 -1.217912e+03
8.275878e+00 2.713117e-03 -1.291648e+03
8.275878e+00 2.929627e-03 -1.367868e+03
8.275878e+00 3.163414e-03 -1.446334e+03
8.275878e+00 3.415858e-03 -1.526745e+03
8.275878e+00 3.688447e-03 -1.608742e+03
8.275878e+00 3.982789e-03 -1.691882e+03
8.275878e+00 4.300619e-03 -1.775634e+03
8.275878e+00 4.643813e-03 -1.859397e+03
8.275878e+00 5.014394e-03 -1.942458e+03
8.275878e+00 5.414548e-03 -2.023998e+03
8.275878e+00 5.846635e-03 -2.103118e+03
8.275878e+00 6.313202e-03 -2.178782e+03
8.275878e+00 6.817002e-03 -2.249829e+03
8.275878e+00 7.361006e-03 -2.315036e+03
8.275878e+00 7.948422e-03 -2.373034e+03
8.275878e+00 8.582714e-03 -2.422342e+03
8.275878e+00 9.267624e-03 -2.461487e+03
8.275878e+00 1.000719e-02 -2.488901e+03
8.275878e+00 1.080577e-02 -2.502990e+03
8.275878e+00 1.166809e-02 -2.502330e+03
8.275878e+00 1.259921e-02 -2.485655e+03
8.275878e+00 1.360464e-02 -2.451957e+03
8.275878e+00 1.469030e-02 -2.400641e+03
8.275878e+00 1.586261e-02 -2.331833e+03
8.275878e+00 1.712846e-02 -2.246344e+03
8.275878e+00 1.849533e-02 -2.145518e+03
8.275878e+00 1.997127e-02 -2.032261e+03
8.275878e+00 2.156500e-02 -1.910464e+03
8.275878e+00 2.328591e-02 -1.783884e+03
8.275878e+00 2.514415e-02 -1.657682e+03
8.275878e+00 2.715068e-02 -1.537365e+03
8.275878e+00 2.931733e-02 -1.427071e+03
8.275878e+00 3.165689e-02 -1.329828e+03
8.275878e+00 3.418314e-02 -1.247461e+03
8.275878e+00 3.691099e-02 -1.178697e+03
8.275878e+00 3.985652e-02 -1.119370e+03
8.275878e+00 4.303711e-02 -1.062493e+03
8.275878e+00 4.647152e-02 -9.995841e+02
8.275878e+00 5.017999e-02 -9.234320e+02
8.275878e+00 5.418441e-02 -8.434319e+02
8.275878e+00 5.850838e-02 -7.744853e+02
8.275878e+00 6.317741e-02 -7.000367e+02
8.275878e+00 6.821903e-02 -6.196470e+02
8.275878e+00 7.366298e-02 -5.349739e+02
8.275878e+00 7.954136e-02 -4.653107e+02
8.275878e+00 8.588885e-02 -3.900883e+02
8.275878e+00 9.274286e-02 -3.088630e+02
8.275878e+00 1.001438e-01 -2.211560e+02
8.275878e+00 1.081354e-01 -1.776869e+02
8.275878e+00 1.167647e-01 -1.551943e+02
8.275878e+00 1.260827e-01 -1.309067e+02
8.275878e+00 1.361442e-01 -1.046809e+02
8.275878e+00 1.470087e-01 -8.013918e+01
8.275878e+00 1.587401e-01 -6.972764e+01
8.275878e+00 1.714077e-01 -5.848526e+01
8.275878e+00 1.850862e-01 -4.634572e+01
8.275878e+00 1.998563e-01 -3.323744e+01
8.275878e+00 2.158051e-01 -2.773078e+01
8.275878e+00 2.330265e-01 -2.351200e+01
8.275878e+00 2.516223e-01 -1.895656e+01
8.275878e+00 2.717020e-01 -1.403760e+01
8.275878e+00 2.933841e-01 -1.049314e+01
8.275878e+00 3.167964e-01 -8.911629e+00
8.275878e+00 3.420771e-01 -7.203910e+00
8.275878e+00 3.693752e-01 -5.359914e+00
8.275878e+00 3.988518e-01 -3.479885e+00
8.275878e+00 4.306805e-01 -3.008477e+00
8.275878e+00 4.650493e-01 -2.499449e+00
8.275878e+00 5.021607e-01 -1.949801e+00
8.275878e+00 5.422336e-01 -1.356290e+00
8.275878e+00 5.855044e-01 -1.054309e+00
8.275878e+00 6.322283e-01 -8.861563e-01
8.275878e+00 6.826808e-01 -7.045846e-01
8.275878e+00 7.371594e-01 -5.085232e-01
8.275878e+00 7.959855e-01 -3.485088e-01
8.275878e+00 8.595059e-01 -2.973624e-01
8.275878e+00 9.280954e-01 -2.421345e-01
8.275878e+00 1.002158e+00 -1.824993e-01
8.275878e+00 1.082132e+00 -1.181052e-01
8.275878e+00 1.168487e+00 -9.936264e-02
8.275878e+00 1.261733e+00 -8.345025e-02
8.275878e+00 1.362421e+00 -6.626804e-02
8.275878e+00 1.471144e+00 -4.771468e-02
8.275878e+00 1.588542e+00 -3.609936e-02
8.275878e+00 1.715310e+00 -3.092797e-02
8.275878e+00 1.852193e+00 -2.534389e-02
8.275878e+00 2.000000e+00 -1.931420e-02
8.461396e+00 1.000000e-03 -6.607385e+02
8.461396e+00 1.079801e-03 -7.085407e+02
8.461396e+00 1.165970e-03 -7.593662e+02
8.461396e+00 1.259016e-03 -8.133272e+02
8.461396e+00 1.359487e-03 -8.705256e+02
8.461396e+00 1.467975e-03 -9.310538e+02
8.461396e+00 1.585121e-03 -9.949898e+02
8.461396e+00 1.711615e-03 -1.062395e+03
8.461396e+00 1.848204e-03 -1.133313e+03
8.461396e+00 1.995693e-03 -1.207755e+03
8.461396e+00 2.154951e-03 -1.285698e+03
8.461396e+00 2.326918e-03 -1.367086e+03
8.461396e+00 2.512609e-03 -1.451814e+03
8.461396e+00 2.713117e-03 -1.539716e+03
8.461396e+00 2.929627e-03 -1.630580e+03
8.461396e+00 3.163414e-03 -1.724122e+03
8.461396e+00 3.415858e-03 -1.819981e+03
8.461396e+00 3.688447e-03 -1.917731e+03
8.461396e+00 3.982789e-03 -2.016843e+03
8.461396e+00 4.300619e-03 -2.116686e+03
8.461396e+00 4.643813e-03 -2.216540e+03
8.461396e+00 5.014394e-03 -2.315559e+03
8.461396e+00 5.414548e-03 -2.412763e+03
8.461396e+00 5.846635e-03 -2.507082e+03
8.461396e+00 6.313202e-03 -2.597282e+03
8.461396e+00 6.817002e-03 -2.681978e+03
8.461396e+00 7.361006e-03 -2.759711e+03
8.461396e+00 7.948422e-03 -2.828850e+03
8.461396e+00 8.582714e-03 -2.887631e+03
8.461396e+00 9.267624e-03 -2.934296e+03
8.461396e+00 1.000719e-02 -2.966977e+03
8.461396e+00 1.080577e-02 -2.983774e+03
8.461396e+00 1.166809e-02 -2.982988e+03
8.461396e+00 1.259921e-02 -2.963112e+03
8.461396e+00 1.360464e-02 -2.922941e+03
8.461396e+00 1.469030e-02 -2.861768e+03
8.461396e+00 1.586261e-02 -2.779743e+03
8.461396e+00 1.712846e-02 -2.677834e+03
8.461396e+00 1.849533e-02 -2.557641e+03
8.461396e+00 1.997127e-02 -2.422629e+03
8.461396e+00 2.156500e-02 -2.277436e+03
8.461396e+00 2.328591e-02 -2.126542e+03
8.461396e+00 2.514415e-02 -1.976099e+03
8.461396e+00 2.715068e-02 -1.832672e+03
8.461396e+00 2.931733e-02 -1.701191e+03
8.461396e+00 3.165689e-02 -1.585269e+03
8.461396e+00 3.418314e-02 -1.487081e+03
8.461396e+00 3.691099e-02 -1.405108e+03
8.461396e+00 3.985652e-02 -1.334385e+03
8.461396e+00 4.303711e-02 -1.266583e+03
8.461396e+00 4.647152e-02 -1.191590e+03
8.461396e+00 5.017999e-02 -1.100810e+03
8.461396e+00 5.418441e-02 -1.006257e+03
8.461396e+00 5.850838e-02 -9.263328e+02
8.461396e+00 6.317741e-02 -8.400304e+02
8.461396e+00 6.821903e-02 -7.468410e+02
8.461396e+00 7.366298e-02 -6.488781e+02
8.461396e+00 7.954136e-02 -5.702918e+02
8.461396e+00 8.588885e-02 -4.854343e+02
8.461396e+00 9.274286e-02 -3.938050e+02
8.461396e+00 1.001438e-01 -2.948636e+02
8.461396e+00 1.081354e-01 -2.426093e+02
8.461396e+00 1.167647e-01 -2.122265e+02
8.461396e+00 1.260827e-01 -1.794191e+02
8.461396e+00 1.361442e-01 -1.439937e+02
8.461396e+00 1.470087e-01 -1.108004e+02
8.461396e+00 1.587401e-01 -9.650870e+01
8.461396e+00 1.714077e-01 -8.107655e+01
8.461396e+00 1.850862e-01 -6.441290e+01
8.461396e+00 1.998563e-01 -4.641948e+01
8.461396e+00 2.158051e-01 -3.879049e+01
8.461396e+00 2.330265e-01 -3.290975e+01
8.461396e+00 2.516223e-01 -2.655971e+01
8.461396e+00 2.717020e-01 -1.970294e+01
8.461396e+00 2.933841e-01 -1.476889e+01
8.461396e+00 3.167964e-01 -1.258018e+01
8.461396e+00 3.420771e-01 -1.021680e+01
8.461396e+00 3.693752e-01 -7.664819e+00
8.461396e+00 3.988518e-01 -5.060812e+00
8.461396e+00 4.306805e-01 -4.375773e+00
8.461396e+00 4.650493e-01 -3.636067e+00
8.461396e+00 5.021607e-01 -2.837332e+00
8.461396e+00 5.422336e-01 -1.974857e+00
8.461396e+00 5.855044e-01 -1.535601e+00
8.461396e+00 6.322283e-01 -1.290590e+00
8.461396e+00 6.826808e-01 -1.026027e+00
8.461396e+00 7.371594e-01 -7.403509e-01
8.461396e+00 7.959855e-01 -5.071990e-01
8.461396e+00 8.595059e-01 -4.326774e-01
8.461396e+00 9.280954e-01 -3.522090e-01
8.461396e+00 1.002158e+00 -2.653191e-01
8.461396e+00 1.082132e+00 -1.714953e-01
8.461396e+00 1.168487e+00 -1.440851e-01
8.461396e+00 1.261733e+00 -1.207816e-01
8.461396e+00 1.362421e+00 -9.561855e-02
8.461396e+00 1.471144e+00 -6.844742e-02
8.461396e+00 1.588542e+00 -5.149929e-02
8.461396e+00 1.715310e+00 -4.404775e-02
8.461396e+00 1.852193e+00 -3.600157e-02
8.461396e+00 2.000000e+00 -2.731330e-02
8.650623e+00 1.000000e-03 -6.801556e+02
8.650623e+00 1.079801e-03 -7.293731e+02
8.650623e+00 1.165970e-03 -7.817043e+02
8.650623e+00 1.259016e-03 -8.372645e+02
8.650623e+00 1.359487e-03 -8.961584e+02
8.650623e+00 1.467975e-03 -9.584806e+02
8.650623e+00 1.585121e-03 -1.024311e+03
8.650623e+00 1.711615e-03 -1.093713e+03
8.650623e+00 1.848204e-03 -1.166730e+03
8.650623e+00 1.995693e-03 -1.243375e+03
8.650623e+00 2.154951e-03 -1.323625e+03
8.650623e+00 2.326918e-03 -1.407421e+03
8.650623e+00 2.512609e-03 -1.494655e+03
8.650623e+00 2.713117e-03 -1.585158e+03
8.650623e+00 2.929627e-03 -1.678709e+03
8.650623e+00 3.163414e-03 -1.775017e+03
8.650623e+00 3.415858e-03 -1.873711e+03
8.650623e+00 3.688447e-03 -1.974352e+03
8.650623e+00 3.982789e-03 -2.076394e+03
8.650623e+00 4.300619e-03 -2.179188e+03
8.650623e+00 4.643813e-03 -2.281995e+03
8.650623e+00 5.014394e-03 -2.383941e+03
8.650623e+00 5.414548e-03 -2.484018e+03
8.650623e+00 5.846635e-03 -2.581125e+03
8.650623e+00 6.313202e-03 -2.673991e+03
8.650623e+00 6.817002e-03 -2.761190e+03
8.650623e+00 7.361006e-03 -2.841221e+03
8.650623e+00 7.948422e-03 -2.912404e+03
8.650623e+00 8.582714e-03 -2.972922e+03
8.650623e+00 9.267624e-03 -3.020967e+03
8.650623e+00 1.000719e-02 -3.054614e+03
8.650623e+00 1.080577e-02 -3.071909e+03
8.650623e+00 1.166809e-02 -3.071101e+03
8.650623e+00 1.259921e-02 -3.050638e+03
8.650623e+00 1.360464e-02 -3.009281e+03
8.650623e+00 1.469030e-02 -2.946302e+03
8.650623e+00 1.586261e-02 -2.861855e+03
8.650623e+00 1.712846e-02 -2.756935e+03
8.650623e+00 1.849533e-02 -2.633192e+03
8.650623e+00 1.997127e-02 -2.494192e+03
8.650623e+00 2.156500e-02 -2.344711e+03
8.650623e+00 2.328591e-02 -2.189360e+03
8.650623e+00 2.514415e-02 -2.034472e+03
8.650623e+00 2.715068e-02 -1.886808e+03
8.650623e+00 2.931733e-02 -1.751444e+03
8.650623e+00 3.165689e-02 -1.632098e+03
8.650623e+00 3.418314e-02 -1.531010e+03
8.650623e+00 3.691099e-02 -1.446615e+03
8.650623e+00 3.985652e-02 -1.373803e+03
8.650623e+00 4.303711e-02 -1.303998e+03
8.650623e+00 4.647152e-02 -1.226790e+03
8.650623e+00 5.017999e-02 -1.133328e+03
8.650623e+00 5.418441e-02 -1.038903e+03
8.650623e+00 5.850838e-02 -9.647521e+02
8.650623e+00 6.317741e-02 -8.846838e+02
8.650623e+00 6.821903e-02 -7.982258e+02
8.650623e+00 7.366298e-02 -7.066661e+02
8.650623e+00 7.954136e-02 -6.261557e+02
8.650623e+00 8.588885e-02 -5.392204e+02
8.650623e+00 9.274286e-02 -4.453477e+02
8.650623e+00 1.001438e-01 -3.439837e+02
8.650623e+00 1.081354e-01 -2.884965e+02
8.650623e+00 1.167647e-01 -2.543283e+02
8.650623e+00 1.260827e-01 -2.174335e+02
8.650623e+00 1.361442e-01 -1.775944e+02
8.650623e+00 1.470087e-01 -1.399016e+02
8.650623e+00 1.587401e-01 -1.218862e+02
8.650623e+00 1.714077e-01 -1.024332e+02
8.650623e+00 1.850862e-01 -8.142772e+01
8.650623e+00 1.998563e-01 -5.874603e+01
8.650623e+00 2.158051e-01 -4.913528e+01
8.650623e+00 2.330265e-01 -4.172997e+01
8.650623e+00 2.516223e-01 -3.373371e+01
8.650623e+00 2.717020e-01 -2.509933e+01
8.650623e+00 2.933841e-01 -1.888530e+01
8.650623e+00 3.167964e-01 -1.612718e+01
8.650623e+00 3.420771e-01 -1.314896e+01
8.650623e+00 3.693752e-01 -9.933080e+00
8.650623e+00 3.988518e-01 -6.649133e+00
8.650623e+00 4.306805e-01 -5.748091e+00
8.650623e+00 4.650493e-01 -4.775144e+00
8.650623e+00 5.021607e-01 -3.724556e+00
8.650623e+00 5.422336e-01 -2.590129e+00
8.650623e+00 5.855044e-01 -2.013714e+00
8.650623e+00 6.322283e-01 -1.693525e+00
8.650623e+00 6.826808e-01 -1.347786e+00
8.650623e+00 7.371594e-01 -9.744556e-01
8.650623e+00 7.959855e-01 -6.694018e-01
8.650623e+00 8.595059e-01 -5.707666e-01
8.650623e+00 9.280954e-01 -4.642602e-01
8.650623e+00 1.002158e+00 -3.492545e-01
8.650623e+00 1.082132e+00 -2.250712e-01
8.650623e+00 1.168487e+00 -1.889770e-01
8.650623e+00 1.261733e+00 -1.583490e-01
8.650623e+00 1.362421e+00 -1.252769e-01
8.650623e+00 1.471144e+00 -8.956563e-02
8.650623e+00 1.588542e+00 -6.725195e-02
8.650623e+00 1.715310e+00 -5.738288e-02
8.650623e+00 1.852193e+00 -4.672624e-02
8.650623e+00 2.000000e+00 -3.521919e-02
8.843636e+00 1.000000e-03 -6.577742e+02
8.843636e+00 1.079801e-03 -7.053825e+02
8.843636e+00 1.165970e-03 -7.560036e+02
8.843636e+00 1.259016e-03 -8.097489e+02
8.843636e+00 1.359487e-03 -8.667192e+02
8.843636e+00 1.467975e-03 -9.270059e+02
8.843636e+00 1.585121e-03 -9.906859e+02
8.843636e+00 1.711615e-03 -1.057820e+03
8.843636e+00 1.848204e-03 -1.128450e+03
8.843636e+00 1.995693e-03 -1.202588e+03
8.843636e+00 2.154951e-03 -1.280213e+03
8.843636e+00 2.326918e-03 -1.361267e+03
8.843636e+00 2.512609e-03 -1.445647e+03
8.843636e+00 2.713117e-03 -1.533189e+03
8.843636e+00 2.929627e-03 -1.623680e+03
8.843636e+00 3.163414e-03 -1.716836e+03
8.843636e+00 3.415858e-03 -1.812300e+03
8.843636e+00 3.688447e-03 -1.909646e+03
8.843636e+00 3.982789e-03 -2.008349e+03
8.843636e+00 4.300619e-03 -2.107778e+03
8.843636e+00 4.643813e-03 -2.207220e+03
8.843636e+00 5.014394e-03 -2.305828e+03
8.843636e+00 5.414548e-03 -2.402628e+03
8.843636e+00 5.846635e-03 -2.496556e+03
8.843636e+00 6.313202e-03 -2.586382e+03
8.843636e+00 6.817002e-03 -2.670726e+03
8.843636e+00 7.361006e-03 -2.748136e+03
8.843636e+00 7.948422e-03 -2.816989e+03
8.843636e+00 8.582714e-03 -2.875526e+03
8.843636e+00 9.267624e-03 -2.921999e+03
8.843636e+00 1.000719e-02 -2.954545e+03
8.843636e+00 1.080577e-02 -2.971275e+03
8.843636e+00 1.166809e-02 -2.970494e+03
8.843636e+00 1.259921e-02 -2.950702e+03
8.843636e+00 1.360464e-02 -2.910701e+03
8.843636e+00 1.469030e-02 -2.849785e+03
8.843636e+00 1.586261e-02 -2.768104e+03
8.843636e+00 1.712846e-02 -2.666622e+03
8.843636e+00 1.849533e-02 -2.546933e+03
8.843636e+00 1.997127e-02 -2.412487e+03
8.843636e+00 2.156500e-02 -2.267903e+03
8.843636e+00 2.328591e-02 -2.117641e+03
8.843636e+00 2.514415e-02 -1.967827e+03
8.843636e+00 2.715068e-02 -1.825000e+03
8.843636e+00 2.931733e-02 -1.694070e+03
8.843636e+00 3.165689e-02 -1.578634e+03
8.843636e+00 3.418314e-02 -1.480857e+03
8.843636e+00 3.691099e-02 -1.399227e+03
8.843636e+00 3.985652e-02 -1.328800e+03
8.843636e+00 4.303711e-02 -1.261281e+03
8.843636e+00 4.647152e-02 -1.186602e+03
8.843636e+00 5.017999e-02 -1.096203e+03
8.843636e+00 5.418441e-02 -1.007044e+03
8.843636e+00 5.850838e-02 -9.413733e+02
8.843636e+00 6.317741e-02 -8.704619e+02
8.843636e+00 6.821903e-02 -7.938917e+02
8.843636e+00 7.366298e-02 -7.123485e+02
8.843636e+00 7.954136e-02 -6.359127e+02
8.843636e+00 8.588885e-02 -5.533772e+02
8.843636e+00 9.274286e-02 -4.642553e+02
8.843636e+00 1.001438e-01 -3.680214e+02
8.843636e+00 1.081354e-01 -3.131718e+02
8.843636e+00 1.167647e-01 -2.773537e+02
8.843636e+00 1.260827e-01 -2.386773e+02
8.843636e+00 1.361442e-01 -1.969145e+02
8.843636e+00 1.470087e-01 -1.572299e+02
8.843636e+00 1.587401e-01 -1.374278e+02
8.843636e+00 1.714077e-01 -1.160455e+02
8.843636e+00 1.850862e-01 -9.295693e+01
8.843636e+00 1.998563e-01 -6.802584e+01
8.843636e+00 2.158051e-01 -5.716564e+01
8.843636e+00 2.330265e-01 -4.864675e+01
8.843636e+00 2.516223e-01 -3.944805e+01
8.843636e+00 2.717020e-01 -2.951529e+01
8.843636e+00 2.933841e-01 -2.234510e+01
8.843636e+00 3.167964e-01 -1.912118e+01
8.843636e+00 3.420771e-01 -1.563999e+01
8.843636e+00 3.693752e-01 -1.188099e+01
8.843636e+00 3.988518e-01 -8.040240e+00
8.843636e+00 4.306805e-01 -6.953853e+00
8.843636e+00 4.650493e-01 -5.780771e+00
8.843636e+00 5.021607e-01 -4.514076e+00
8.843636e+00 5.422336e-01 -3.146298e+00
8.843636e+00 5.855044e-01 -2.448880e+00
8.843636e+00 6.322283e-01 -2.059067e+00
8.843636e+00 6.826808e-01 -1.638145e+00
8.843636e+00 7.371594e-01 -1.183634e+00
8.843636e+00 7.959855e-01 -8.124519e-01
8.843636e+00 8.595059e-01 -6.930759e-01
8.843636e+00 9.280954e-01 -5.641735e-01
8.843636e+00 1.002158e+00 -4.249846e-01
8.843636e+00 1.082132e+00 -2.746882e-01
8.843636e+00 1.168487e+00 -2.305142e-01
8.843636e+00 1.261733e+00 -1.928751e-01
8.843636e+00 1.362421e+00 -1.522324e-01
8.843636e+00 1.471144e+00 -1.083463e-01
8.843636e+00 1.588542e+00 -8.098691e-02
8.843636e+00 1.715310e+00 -6.898038e-02
8.843636e+00 1.852193e+00 -5.601572e-02
8.843636e+00 2.000000e+00 -4.201647e-02
9.040509e+00 1.000000e-03 -6.176970e+02
9.040509e+00 1.079801e-03 -6.624145e+02
9.040509e+00 1.165970e-03 -7.099628e+02
9.040509e+00 1.259016e-03 -7.604462e+02
9.040509e+00 1.359487e-03 -8.139594e+02
9.040509e+00 1.467975e-03 -8.705876e+02
9.040509e+00 1.585121e-03 -9.304029e+02
9.040509e+00 1.711615e-03 -9.934619e+02
9.040509e+00 1.848204e-03 -1.059804e+03
9.040509e+00 1.995693e-03 -1.129440e+03
9.040509e+00 2.154951e-03 -1.202350e+03
9.040509e+00 2.326918e-03 -1.278482e+03
9.040509e+00 2.512609e-03 -1.357737e+03
9.040509e+00 2.713117e-03 -1.439961e+03
9.040509e+00 2.929627e-03 -1.524955e+03
9.040509e+00 3.163414e-03 -1.612452e+03
9.040509e+00 3.415858e-03 -1.702117e+03
9.040509e+00 3.688447e-03 -1.793550e+03
9.040509e+00 3.982789e-03 -1.886256e+03
9.040509e+00 4.300619e-03 -1.979644e+03
9.040509e+00 4.643813e-03 -2.073044e+03
9.040509e+00 5.014394e-03 -2.165660e+03
9.040509e+00 5.414548e-03 -2.256579e+03
9.040509e+00 5.846635e-03 -2.344800e+03
9.040509e+00 6.313202e-03 -2.429168e+03
9.040509e+00 6.817002e-03 -2.508387e+03
9.040509e+00 7.361006e-03 -2.581094e+03
9.040509e+00 7.948422e-03 -2.645763e+03
9.040509e+00 8.582714e-03 -2.700743e+03
9.040509e+00 9.267624e-03 -2.744393e+03
9.040509e+00 1.000719e-02 -2.774962e+03
9.040509e+00 1.080577e-02 -2.790676e+03
9.040509e+00 1.166809e-02 -2.789943e+03
9.040509e+00 1.259921e-02 -2.771355e+03
9.040509e+00 1.360464e-02 -2.733786e+03
9.040509e+00 1.469030e-02 -2.676573e+03
9.040509e+00 1.586261e-02 -2.599858e+03
9.040509e+00 1.712846e-02 -2.504544e+03
9.040509e+00 1.849533e-02 -2.392130e+03
9.040509e+00 1.997127e-02 -2.265855e+03
9.040509e+00 2.156500e-02 -2.130059e+03
9.040509e+00 2.328591e-02 -1.988931e+03
9.040509e+00 2.514415e-02 -1.848223e+03
9.040509e+00 2.715068e-02 -1.714077e+03
9.040509e+00 2.931733e-02 -1.591105e+03
9.040509e+00 3.165689e-02 -1.482685e+03
9.040509e+00 3.418314e-02 -1.390851e+03
9.040509e+00 3.691099e-02 -1.314182e+03
9.040509e+00 3.985652e-02 -1.248036e+03
9.040509e+00 4.303711e-02 -1.184621e+03
9.040509e+00 4.647152e-02 -1.114481e+03
9.040509e+00 5.017999e-02 -1.029576e+03
9.040509e+00 5.418441e-02 -9.468497e+02
9.040509e+00 5.850838e-02 -8.879925e+02
9.040509e+00 6.317741e-02 -8.244385e+02
9.040509e+00 6.821903e-02 -7.558128e+02
9.040509e+00 7.366298e-02 -6.826506e+02
9.040509e+00 7.954136e-02 -6.132476e+02
9.040509e+00 8.588885e-02 -5.383062e+02
9.040509e+00 9.274286e-02 -4.573844e+02
9.040509e+00 1.001438e-01 -3.700049e+02
9.040509e+00 1.081354e-01 -3.185209e+02
9.040509e+00 1.167647e-01 -2.833810e+02
9.040509e+00 1.260827e-01 -2.454369e+02
9.040509e+00 1.361442e-01 -2.044648e+02
9.040509e+00 1.470087e-01 -1.653617e+02
9.040509e+00 1.587401e-01 -1.450274e+02
9.040509e+00 1.714077e-01 -1.230705e+02
9.040509e+00 1.850862e-01 -9.936142e+01
9.040509e+00 1.998563e-01 -7.376031e+01
9.040509e+00 2.158051e-01 -6.228382e+01
9.040509e+00 2.330265e-01 -5.312087e+01
9.040509e+00 2.516223e-01 -4.322671e+01
9.040509e+00 2.717020e-01 -3.254298e+01
9.040509e+00 2.933841e-01 -2.480065e+01
9.040509e+00 3.167964e-01 -2.126234e+01
9.040509e+00 3.420771e-01 -1.744167e+01
9.040509e+00 3.693752e-01 -1.331611e+01
9.040509e+00 3.988518e-01 -9.098857e+00
9.040509e+00 4.306805e-01 -7.876918e+00
9.040509e+00 4.650493e-01 -6.557467e+00
9.040509e+00 5.021607e-01 -5.132723e+00
9.040509e+00 5.422336e-01 -3.594283e+00
9.040509e+00 5.855044e-01 -2.805439e+00
9.040509e+00 6.322283e-01 -2.360175e+00
9.040509e+00 6.826808e-01 -1.879378e+00
9.040509e+00 7.371594e-01 -1.360212e+00
9.040509e+00 7.959855e-01 -9.358487e-01
9.040509e+00 8.595059e-01 -7.981832e-01
9.040509e+00 9.280954e-01 -6.495319e-01
9.040509e+00 1.002158e+00 -4.890181e-01
9.040509e+00 1.082132e+00 -3.156951e-01
9.040509e+00 1.168487e+00 -2.647414e-01
9.040509e+00 1.261733e+00 -2.213218e-01
9.040509e+00 1.362421e+00 -1.744372e-01
9.040509e+00 1.471144e+00 -1.238112e-01
9.040509e+00 1.588542e+00 -9.228762e-02
9.040509e+00 1.715310e+00 -7.851057e-02
9.040509e+00 1.852193e+00 -6.363410e-02
9.040509e+00 2.000000e+00 -4.757047e-02
9.241319e+00 1.000000e-03 -5.599624e+02
9.241319e+00 1.079801e-03 -6.005093e+02
9.241319e+00 1.165970e-03 -6.436239e+02
9.241319e+00 1.259016e-03 -6.894006e+02
9.241319e+00 1.359487e-03 -7.379250e+02
9.241319e+00 1.467975e-03 -7.892740e+02
9.241319e+00 1.585121e-03 -8.435128e+02
9.241319e+00 1.711615e-03 -9.006923e+02
9.241319e+00 1.848204e-03 -9.608479e+02
9.241319e+00 1.995693e-03 -1.023990e+03
9.241319e+00 2.154951e-03 -1.090099e+03
9.241319e+00 2.326918e-03 -1.159129e+03
9.241319e+00 2.512609e-03 -1.230991e+03
9.241319e+00 2.713117e-03 -1.305546e+03
9.241319e+00 2.929627e-03 -1.382611e+03
9.241319e+00 3.163414e-03 -1.461947e+03
9.241319e+00 3.415858e-03 -1.543247e+03
9.241319e+00 3.688447e-03 -1.626149e+03
9.241319e+00 3.982789e-03 -1.710207e+03
9.241319e+00 4.300619e-03 -1.794882e+03
9.241319e+00 4.643813e-03 -1.879568e+03
9.241319e+00 5.014394e-03 -1.963544e+03
9.241319e+00 5.414548e-03 -2.045980e+03
9.241319e+00 5.846635e-03 -2.125970e+03
9.241319e+00 6.313202e-03 -2.202466e+03
9.241319e+00 6.817002e-03 -2.274293e+03
9.241319e+00 7.361006e-03 -2.340216e+03
9.241319e+00 7.948422e-03 -2.398852e+03
9.241319e+00 8.582714e-03 -2.448703e+03
9.241319e+00 9.267624e-03 -2.488280e+03
9.241319e+00 1.000719e-02 -2.515998e+03
9.241319e+00 1.080577e-02 -2.530246e+03
9.241319e+00 1.166809e-02 -2.529583e+03
9.241319e+00 1.259921e-02 -2.512730e+03
9.241319e+00 1.360464e-02 -2.478667e+03
9.241319e+00 1.469030e-02 -2.426794e+03
9.241319e+00 1.586261e-02 -2.357238e+03
9.241319e+00 1.712846e-02 -2.270820e+03
9.241319e+00 1.849533e-02 -2.168896e+03
9.241319e+00 1.997127e-02 -2.054406e+03
9.241319e+00 2.156500e-02 -1.931283e+03
9.241319e+00 2.328591e-02 -1.803324e+03
9.241319e+00 2.514415e-02 -1.675747e+03
9.241319e+00 2.715068e-02 -1.554120e+03
9.241319e+00 2.931733e-02 -1.442623e+03
9.241319e+00 3.165689e-02 -1.344321e+03
9.241319e+00 3.418314e-02 -1.261057e+03
9.241319e+00 3.691099e-02 -1.191543e+03
9.241319e+00 3.985652e-02 -1.131569e+03
9.241319e+00 4.303711e-02 -1.074073e+03
9.241319e+00 4.647152e-02 -1.010478e+03
9.241319e+00 5.017999e-02 -9.334961e+02
9.241319e+00 5.418441e-02 -8.594429e+02
9.241319e+00 5.850838e-02 -8.087314e+02
9.241319e+00 6.317741e-02 -7.539731e+02
9.241319e+00 6.821903e-02 -6.948450e+02
9.241319e+00 7.366298e-02 -6.316615e+02
9.241319e+00 7.954136e-02 -5.702072e+02
9.241319e+00 8.588885e-02 -5.038488e+02
9.241319e+00 9.274286e-02 -4.321950e+02
9.241319e+00 1.001438e-01 -3.548231e+02
9.241319e+00 1.081354e-01 -3.082512e+02
9.241319e+00 1.167647e-01 -2.756033e+02
9.241319e+00 1.260827e-01 -2.403501e+02
9.241319e+00 1.361442e-01 -2.022836e+02
9.241319e+00 1.470087e-01 -1.657609e+02
9.241319e+00 1.587401e-01 -1.458398e+02
9.241319e+00 1.714077e-01 -1.243289e+02
9.241319e+00 1.850862e-01 -1.011015e+02
9.241319e+00 1.998563e-01 -7.602046e+01
9.241319e+00 2.158051e-01 -6.450313e+01
9.241319e+00 2.330265e-01 -5.517577e+01
9.241319e+00 2.516223e-01 -4.510407e+01
9.241319e+00 2.717020e-01 -3.422865e+01
9.241319e+00 2.933841e-01 -2.630491e+01
9.241319e+00 3.167964e-01 -2.260327e+01
9.241319e+00 3.420771e-01 -1.860623e+01
9.241319e+00 3.693752e-01 -1.429022e+01
9.241319e+00 3.988518e-01 -9.875644e+00
9.241319e+00 4.306805e-01 -8.557314e+00
9.241319e+00 4.650493e-01 -7.133781e+00
9.241319e+00 5.021607e-01 -5.596647e+00
9.241319e+00 5.422336e-01 -3.936849e+00
9.241319e+00 5.855044e-01 -3.081622e+00
9.241319e+00 6.322283e-01 -2.594808e+00
9.241319e+00 6.826808e-01 -2.069145e+00
9.241319e+00 7.371594e-01 -1.501534e+00
9.241319e+00 7.959855e-01 -1.036952e+00
9.241319e+00 8.595059e-01 -8.843133e-01
9.241319e+00 9.280954e-01 -7.194938e-01
9.241319e+00 1.002158e+00 -5.415215e-01
9.241319e+00 1.082132e+00 -3.493468e-01
9.241319e+00 1.168487e+00 -2.928594e-01
9.241319e+00 1.261733e+00 -2.447269e-01
9.241319e+00 1.362421e+00 -1.927533e-01
9.241319e+00 1.471144e+00 -1.366322e-01
9.241319e+00 1.588542e+00 -1.016816e-01
9.241319e+00 1.715310e+00 -8.639879e-02
9.241319e+00 1.852193e+00 -6.989639e-02
9.241319e+00 2.000000e+00 -5.207707e-02
9.446145e+00 1.000000e-03 -5.005987e+02
9.446145e+00 1.079801e-03 -5.368554e+02
9.446145e+00 1.165970e-03 -5.754089e+02
9.446145e+00 1.259016e-03 -6.163435e+02
9.446145e+00 1.359487e-03 -6.597355e+02
9.446145e+00 1.467975e-03 -7.056535e+02
9.446145e+00 1.585121e-03 -7.541553e+02
9.446145e+00 1.711615e-03 -8.052864e+02
9.446145e+00 1.848204e-03 -8.590780e+02
9.446145e+00 1.995693e-03 -9.155390e+02
9.446145e+00 2.154951e-03 -9.746529e+02
9.446145e+00 2.326918e-03 -1.036379e+03
9.446145e+00 2.512609e-03 -1.100636e+03
9.446145e+00 2.713117e-03 -1.167301e+03
9.446145e+00 2.929627e-03 -1.236211e+03
9.446145e+00 3.163414e-03 -1.307150e+03
9.446145e+00 3.415858e-03 -1.379847e+03
9.446145e+00 3.688447e-03 -1.453976e+03
9.446145e+00 3.982789e-03 -1.529136e+03
9.446145e+00 4.300619e-03 -1.604850e+03
9.446145e+00 4.643813e-03 -1.680572e+03
9.446145e+00 5.014394e-03 -1.755660e+03
9.446145e+00 5.414548e-03 -1.829371e+03
9.446145e+00 5.846635e-03 -1.900894e+03
9.446145e+00 6.313202e-03 -1.969294e+03
9.446145e+00 6.817002e-03 -2.033519e+03
9.446145e+00 7.361006e-03 -2.092464e+03
9.446145e+00 7.948422e-03 -2.144893e+03
9.446145e+00 8.582714e-03 -2.189468e+03
9.446145e+00 9.267624e-03 -2.224857e+03
9.446145e+00 1.000719e-02 -2.249641e+03
9.446145e+00 1.080577e-02 -2.262382e+03
9.446145e+00 1.166809e-02 -2.261790e+03
9.446145e+00 1.259921e-02 -2.246722e+03
9.446145e+00 1.360464e-02 -2.216266e+03
9.446145e+00 1.469030e-02 -2.169885e+03
9.446145e+00 1.586261e-02 -2.107693e+03
9.446145e+00 1.712846e-02 -2.030423e+03
9.446145e+00 1.849533e-02 -1.939290e+03
9.446145e+00 1.997127e-02 -1.836920e+03
9.446145e+00 2.156500e-02 -1.726831e+03
9.446145e+00 2.328591e-02 -1.612419e+03
9.446145e+00 2.514415e-02 -1.498347e+03
9.446145e+00 2.715068e-02 -1.389596e+03
9.446145e+00 2.931733e-02 -1.289903e+03
9.446145e+00 3.165689e-02 -1.202008e+03
9.446145e+00 3.418314e-02 -1.127558e+03
9.446145e+00 3.691099e-02 -1.065403e+03
9.446145e+00 3.985652e-02 -1.011778e+03
9.446145e+00 4.303711e-02 -9.603681e+02
9.446145e+00 4.647152e-02 -9.035059e+02
9.446145e+00 5.017999e-02 -8.346735e+02
9.446145e+00 5.418441e-02 -7.691625e+02
9.446145e+00 5.850838e-02 -7.257759e+02
9.446145e+00 6.317741e-02 -6.789270e+02
9.446145e+00 6.821903e-02 -6.283395e+02
9.446145e+00 7.366298e-02 -5.741268e+02
9.446145e+00 7.954136e-02 -5.197926e+02
9.446145e+00 8.588885e-02 -4.611225e+02
9.446145e+00 9.274286e-02 -3.977704e+02
9.446145e+00 1.001438e-01 -3.293628e+02
9.446145e+00 1.081354e-01 -2.880155e+02
9.446145e+00 1.167647e-01 -2.588836e+02
9.446145e+00 1.260827e-01 -2.274269e+02
9.446145e+00 1.361442e-01 -1.934600e+02
9.446145e+00 1.470087e-01 -1.606672e+02
9.446145e+00 1.587401e-01 -1.418053e+02
9.446145e+00 1.714077e-01 -1.214382e+02
9.446145e+00 1.850862e-01 -9.944576e+01
9.446145e+00 1.998563e-01 -7.569833e+01
9.446145e+00 2.158051e-01 -6.454450e+01
9.446145e+00 2.330265e-01 -5.539460e+01
9.446145e+00 2.516223e-01 -4.551453e+01
9.446145e+00 2.717020e-01 -3.484602e+01
9.446145e+00 2.933841e-01 -2.702202e+01
9.446145e+00 3.167964e-01 -2.327085e+01
9.446145e+00 3.420771e-01 -1.922034e+01
9.446145e+00 3.693752e-01 -1.484660e+01
9.446145e+00 3.988518e-01 -1.037033e+01
9.446145e+00 4.306805e-01 -8.994522e+00
9.446145e+00 4.650493e-01 -7.508924e+00
9.446145e+00 5.021607e-01 -5.904774e+00
9.446145e+00 5.422336e-01 -4.172612e+00
9.446145e+00 5.855044e-01 -3.275991e+00
9.446145e+00 6.322283e-01 -2.761603e+00
9.446145e+00 6.826808e-01 -2.206167e+00
9.446145e+00 7.371594e-01 -1.606406e+00
9.446145e+00 7.959855e-01 -1.114769e+00
9.446145e+00 8.595059e-01 -9.509428e-01
9.446145e+00 9.280954e-01 -7.740432e-01
9.446145e+00 1.002158e+00 -5.830268e-01
9.446145e+00 1.082132e+00 -3.767672e-01
9.446145e+00 1.168487e+00 -3.158158e-01
9.446145e+00 1.261733e+00 -2.637781e-01
9.446145e+00 1.362421e+00 -2.075878e-01
9.446145e+00 1.471144e+00 -1.469135e-01
9.446145e+00 1.588542e+00 -1.091646e-01
9.446145e+00 1.715310e+00 -9.271486e-02
9.446145e+00 1.852193e+00 -7.495237e-02
9.446145e+00 2.000000e+00 -5.577241e-02
9.655068e+00 1.000000e-03 -4.439461e+02
9.655068e+00 1.079801e-03 -4.761072e+02
9.655068e+00 1.165970e-03 -5.103062e+02
9.655068e+00 1.259016e-03 -5.466181e+02
9.655068e+00 1.359487e-03 -5.851103e+02
9.655068e+00 1.467975e-03 -6.258433e+02
9.655068e+00 1.585121e-03 -6.688683e+02
9.655068e+00 1.711615e-03 -7.142252e+02
9.655068e+00 1.848204e-03 -7.619415e+02
9.655068e+00 1.995693e-03 -8.120249e+02
9.655068e+00 2.154951e-03 -8.644610e+02
9.655068e+00 2.326918e-03 -9.192137e+02
9.655068e+00 2.512609e-03 -9.762118e+02
9.655068e+00 2.713117e-03 -1.035345e+03
9.655068e+00 2.929627e-03 -1.096470e+03
9.655068e+00 3.163414e-03 -1.159395e+03
9.655068e+00 3.415858e-03 -1.223878e+03
9.655068e+00 3.688447e-03 -1.289631e+03
9.655068e+00 3.982789e-03 -1.356300e+03
9.655068e+00 4.300619e-03 -1.423459e+03
9.655068e+00 4.643813e-03 -1.490625e+03
9.655068e+00 5.014394e-03 -1.557228e+03
9.655068e+00 5.414548e-03 -1.622610e+03
9.655068e+00 5.846635e-03 -1.686052e+03
9.655068e+00 6.313202e-03 -1.746722e+03
9.655068e+00 6.817002e-03 -1.803690e+03
9.655068e+00 7.361006e-03 -1.855975e+03
9.655068e+00 7.948422e-03 -1.902480e+03
9.655068e+00 8.582714e-03 -1.942018e+03
9.655068e+00 9.267624e-03 -1.973408e+03
9.655068e+00 1.000719e-02 -1.995392e+03
9.655068e+00 1.080577e-02 -2.006694e+03
9.655068e+00 1.166809e-02 -2.006169e+03
9.655068e+00 1.259921e-02 -1.992805e+03
9.655068e+00 1.360464e-02 -1.965792e+03
9.655068e+00 1.469030e-02 -1.924653e+03
9.655068e+00 1.586261e-02 -1.869490e+03
9.655068e+00 1.712846e-02 -1.800953e+03
9.655068e+00 1.849533e-02 -1.720120e+03
9.655068e+00 1.997127e-02 -1.629320e+03
9.655068e+00 2.156500e-02 -1.531673e+03
9.655068e+00 2.328591e-02 -1.430191e+03
9.655068e+00 2.514415e-02 -1.329011e+03
9.655068e+00 2.715068e-02 -1.232551e+03
9.655068e+00 2.931733e-02 -1.144124e+03
9.655068e+00 3.165689e-02 -1.066162e+03
9.655068e+00 3.418314e-02 -1.000127e+03
9.655068e+00 3.691099e-02 -9.449961e+02
9.655068e+00 3.985652e-02 -8.974320e+02
9.655068e+00 4.303711e-02 -8.518319e+02
9.655068e+00 4.647152e-02 -8.013961e+02
9.655068e+00 5.017999e-02 -7.403428e+02
9.655068e+00 5.418441e-02 -6.824695e+02
9.655068e+00 5.850838e-02 -6.446378e+02
9.655068e+00 6.317741e-02 -6.037871e+02
9.655068e+00 6.821903e-02 -5.596765e+02
9.655068e+00 7.366298e-02 -5.124289e+02
9.655068e+00 7.954136e-02 -4.653224e+02
9.655068e+00 8.588885e-02 -4.144568e+02
9.655068e+00 9.274286e-02 -3.595321e+02
9.655068e+00 1.001438e-01 -3.002243e+02
9.655068e+00 1.081354e-01 -2.639800e+02
9.655068e+00 1.167647e-01 -2.381050e+02
9.655068e+00 1.260827e-01 -2.101651e+02
9.655068e+00 1.361442e-01 -1.799956e+02
9.655068e+00 1.470087e-01 -1.507754e+02
9.655068e+00 1.587401e-01 -1.335229e+02
9.655068e+00 1.714077e-01 -1.148937e+02
9.655068e+00 1.850862e-01 -9.477777e+01
9.655068e+00 1.998563e-01 -7.305660e+01
9.655068e+00 2.158051e-01 -6.260649e+01
9.655068e+00 2.330265e-01 -5.392000e+01
9.655068e+00 2.516223e-01 -4.454032e+01
9.655068e+00 2.717020e-01 -3.441213e+01
9.655068e+00 2.933841e-01 -2.693002e+01
9.655068e+00 3.167964e-01 -2.324105e+01
9.655068e+00 3.420771e-01 -1.925770e+01
9.655068e+00 3.693752e-01 -1.495647e+01
9.655068e+00 3.988518e-01 -1.055212e+01
9.655068e+00 4.306805e-01 -9.164296e+00
9.655068e+00 4.650493e-01 -7.665727e+00
9.655068e+00 5.021607e-01 -6.047571e+00
9.655068e+00 5.422336e-01 -4.300284e+00
9.655068e+00 5.855044e-01 -3.388852e+00
9.655068e+00 6.322283e-01 -2.859180e+00
9.655068e+00 6.826808e-01 -2.287240e+00
9.655068e+00 7.371594e-01 -1.669658e+00
9.655068e+00 7.959855e-01 -1.162952e+00
9.655068e+00 8.595059e-01 -9.926758e-01
9.655068e+00 9.280954e-01 -8.088113e-01
9.655068e+00 1.002158e+00 -6.102742e-01
9.655068e+00 1.082132e+00 -3.958937e-01
9.655068e+00 1.168487e+00 -3.319551e-01
9.655068e+00 1.261733e+00 -2.771843e-01
9.655068e+00 1.362421e+00 -2.180428e-01
9.655068e+00 1.471144e+00 -1.541818e-01
9.655068e+00 1.588542e+00 -1.144653e-01
9.655068e+00 1.715310e+00 -9.718106e-02
9.655068e+00 1.852193e+00 -7.851747e-02
9.655068e+00 2.000000e+00 -5.836452e-02
9.868170e+00 1.000000e-03 -3.908710e+02
9.868170e+00 1.079801e-03 -4.191938e+02
9.868170e+00 1.165970e-03 -4.493121e+02
9.868170e+00 1.259016e-03 -4.812916e+02
9.868170e+00 1.359487e-03 -5.151917e+02
9.868170e+00 1.467975e-03 -5.510654e+02
9.868170e+00 1.585121e-03 -5.889576e+02
9.868170e+00 1.711615e-03 -6.289032e+02
9.868170e+00 1.848204e-03 -6.709260e+02
9.868170e+00 1.995693e-03 -7.150329e+02
9.868170e+00 2.154951e-03 -7.612112e+02
9.868170e+00 2.326918e-03 -8.094292e+02
9.868170e+00 2.512609e-03 -8.596245e+02
9.868170e+00 2.713117e-03 -9.117003e+02
9.868170e+00 2.929627e-03 -9.655295e+02
9.868170e+00 3.163414e-03 -1.020944e+03
9.868170e+00 3.415858e-03 -1.077730e+03
9.868170e+00 3.688447e-03 -1.135635e+03
9.868170e+00 3.982789e-03 -1.194346e+03
9.868170e+00 4.300619e-03 -1.253488e+03
9.868170e+00 4.643813e-03 -1.312636e+03
9.868170e+00 5.014394e-03 -1.371289e+03
9.868170e+00 5.414548e-03 -1.428866e+03
9.868170e+00 5.846635e-03 -1.484734e+03
9.868170e+00 6.313202e-03 -1.538162e+03
9.868170e+00 6.817002e-03 -1.588330e+03
9.868170e+00 7.361006e-03 -1.634373e+03
9.868170e+00 7.948422e-03 -1.675327e+03
9.868170e+00 8.582714e-03 -1.710145e+03
9.868170e+00 9.267624e-03 -1.737788e+03
9.868170e+00 1.000719e-02 -1.757148e+03
9.868170e+00 1.080577e-02 -1.767101e+03
9.868170e+00 1.166809e-02 -1.766640e+03
9.868170e+00 1.259921e-02 -1.754872e+03
9.868170e+00 1.360464e-02 -1.731084e+03
9.868170e+00 1.469030e-02 -1.694858e+03
9.868170e+00 1.586261e-02 -1.646282e+03
9.868170e+00 1.712846e-02 -1.585928e+03
9.868170e+00 1.849533e-02 -1.514746e+03
9.868170e+00 1.997127e-02 -1.434787e+03
9.868170e+00 2.156500e-02 -1.348799e+03
9.868170e+00 2.328591e-02 -1.259433e+03
9.868170e+00 2.514415e-02 -1.170334e+03
9.868170e+00 2.715068e-02 -1.085391e+03
9.868170e+00 2.931733e-02 -1.007522e+03
9.868170e+00 3.165689e-02 -9.388684e+02
9.868170e+00 3.418314e-02 -8.807169e+02
9.868170e+00 3.691099e-02 -8.321687e+02
9.868170e+00 3.985652e-02 -7.902834e+02
9.868170e+00 4.303711e-02 -7.501278e+02
9.868170e+00 4.647152e-02 -7.057137e+02
9.868170e+00 5.017999e-02 -6.519498e+02
9.868170e+00 5.418441e-02 -6.011069e+02
9.868170e+00 5.850838e-02 -5.681281e+02
9.868170e+00 6.317741e-02 -5.325174e+02
9.868170e+00 6.821903e-02 -4.940650e+02
9.868170e+00 7.366298e-02 -4.528836e+02
9.868170e+00 7.954136e-02 -4.118823e+02
9.868170e+00 8.588885e-02 -3.676091e+02
9.868170e+00 9.274286e-02 -3.198029e+02
9.868170e+00 1.001438e-01 -2.681816e+02
9.868170e+00 1.081354e-01 -2.366019e+02
9.868170e+00 1.167647e-01 -2.140291e+02
9.868170e+00 1.260827e-01 -1.896551e+02
9.868170e+00 1.361442e-01 -1.633360e+02
9.868170e+00 1.470087e-01 -1.377919e+02
9.868170e+00 1.587401e-01 -1.224572e+02
9.868170e+00 1.714077e-01 -1.058989e+02
9.868170e+00 1.850862e-01 -8.801917e+01
9.868170e+00 1.998563e-01 -6.871262e+01
9.868170e+00 2.158051e-01 -5.918785e+01
9.868170e+00 2.330265e-01 -5.116457e+01
9.868170e+00 2.516223e-01 -4.250104e+01
9.868170e+00 2.717020e-01 -3.314614e+01
9.868170e+00 2.933841e-01 -2.618298e+01
9.868170e+00 3.167964e-01 -2.265267e+01
9.868170e+00 3.420771e-01 -1.884064e+01
9.868170e+00 3.693752e-01 -1.472441e+01
9.868170e+00 3.988518e-01 -1.050673e+01
9.868170e+00 4.306805e-01 -9.136831e+00
9.868170e+00 4.650493e-01 -7.657617e+00
9.868170e+00 5.021607e-01 -6.060361e+00
9.868170e+00 5.422336e-01 -4.335642e+00
9.868170e+00 5.855044e-01 -3.429659e+00
9.868170e+00 6.322283e-01 -2.897055e+00
9.868170e+00 6.826808e-01 -2.321949e+00
9.868170e+00 7.371594e-01 -1.700949e+00
9.868170e+00 7.959855e-01 -1.190699e+00
9.868170e+00 8.595059e-01 -1.016947e+00
9.868170e+00 9.280954e-01 -8.293294e-01
9.868170e+00 1.002158e+00 -6.267395e-01
9.868170e+00 1.082132e+00 -4.079828e-01
9.868170e+00 1.168487e+00 -3.422451e-01
9.868170e+00 1.261733e+00 -2.857810e-01
9.868170e+00 1.362421e+00 -2.248109e-01
9.868170e+00 1.471144e+00 -1.589754e-01
9.868170e+00 1.588542e+00 -1.180064e-01
9.868170e+00 1.715310e+00 -1.001395e-01
9.868170e+00 1.852193e+00 -8.084675e-02
9.868170e+00 2.000000e+00 -6.001447e-02
1.008553e+01 1.000000e-03 -3.430885e+02
1.008553e+01 1.079801e-03 -3.679549e+02
1.008553e+01 1.165970e-03 -3.943983e+02
1.008553e+01 1.259016e-03 -4.224764e+02
1.008553e+01 1.359487e-03 -4.522411e+02
1.008553e+01 1.467975e-03 -4.837389e+02
1.008553e+01 1.585121e-03 -5.170088e+02
1.008553e+01 1.711615e-03 -5.520814e+02
1.008553e+01 1.848204e-03 -5.889773e+02
1.008553e+01 1.995693e-03 -6.277024e+02
1.008553e+01 2.154951e-03 -6.682456e+02
1.008553e+01 2.326918e-03 -7.105793e+02
1.008553e+01 2.512609e-03 -7.546488e+02
1.008553e+01 2.713117e-03 -8.003692e+02
1.008553e+01 2.929627e-03 -8.476289e+02
1.008553e+01 3.163414e-03 -8.962802e+02
1.008553e+01 3.415858e-03 -9.461360e+02
1.008553e+01 3.688447e-03 -9.969736e+02
1.008553e+01 3.982789e-03 -1.048518e+03
1.008553e+01 4.300619e-03 -1.100442e+03
1.008553e+01 4.643813e-03 -1.152371e+03
1.008553e+01 5.014394e-03 -1.203864e+03
1.008553e+01 5.414548e-03 -1.254414e+03
1.008553e+01 5.846635e-03 -1.303462e+03
1.008553e+01 6.313202e-03 -1.350369e+03
1.008553e+01 6.817002e-03 -1.394413e+03
1.008553e+01 7.361006e-03 -1.434836e+03
1.008553e+01 7.948422e-03 -1.470790e+03
1.008553e+01 8.582714e-03 -1.501359e+03
1.008553e+01 9.267624e-03 -1.525628e+03
1.008553e+01 1.000719e-02 -1.542625e+03
1.008553e+01 1.080577e-02 -1.551364e+03
1.008553e+01 1.166809e-02 -1.550959e+03
1.008553e+01 1.259921e-02 -1.540629e+03
1.008553e+01 1.360464e-02 -1.519746e+03
1.008553e+01 1.469030e-02 -1.487942e+03
1.008553e+01 1.586261e-02 -1.445297e+03
1.008553e+01 1.712846e-02 -1.392312e+03
1.008553e+01 1.849533e-02 -1.329820e+03
1.008553e+01 1.997127e-02 -1.259623e+03
1.008553e+01 2.156500e-02 -1.184133e+03
1.008553e+01 2.328591e-02 -1.105677e+03
1.008553e+01 2.514415e-02 -1.027456e+03
1.008553e+01 2.715068e-02 -9.528826e+02
1.008553e+01 2.931733e-02 -8.845204e+02
1.008553e+01 3.165689e-02 -8.242483e+02
1.008553e+01 3.418314e-02 -7.731961e+02
1.008553e+01 3.691099e-02 -7.305748e+02
1.008553e+01 3.985652e-02 -6.938030e+02
1.008553e+01 4.303711e-02 -6.585497e+02
1.008553e+01 4.647152e-02 -6.195578e+02
1.008553e+01 5.017999e-02 -5.723577e+02
1.008553e+01 5.418441e-02 -5.277428e+02
1.008553e+01 5.850838e-02 -4.988486e+02
1.008553e+01 6.317741e-02 -4.676485e+02
1.008553e+01 6.821903e-02 -4.339586e+02
1.008553e+01 7.366298e-02 -3.978850e+02
1.008553e+01 7.954136e-02 -3.620450e+02
1.008553e+01 8.588885e-02 -3.233448e+02
1.008553e+01 9.274286e-02 -2.815564e+02
1.008553e+01 1.001438e-01 -2.364332e+02
1.008553e+01 1.081354e-01 -2.090396e+02
1.008553e+01 1.167647e-01 -1.896367e+02
1.008553e+01 1.260827e-01 -1.686855e+02
1.008553e+01 1.361442e-01 -1.460623e+02
1.008553e+01 1.470087e-01 -1.240560e+02
1.008553e+01 1.587401e-01 -1.106118e+02
1.008553e+01 1.714077e-01 -9.609460e+01
1.008553e+01 1.850862e-01 -8.041897e+01
1.008553e+01 1.998563e-01 -6.349241e+01
1.008553e+01 2.158051e-01 -5.496020e+01
1.008553e+01 2.330265e-01 -4.769364e+01
1.008553e+01 2.516223e-01 -3.984719e+01
1.008553e+01 2.717020e-01 -3.137459e+01
1.008553e+01 2.933841e-01 -2.501544e+01
1.008553e+01 3.167964e-01 -2.169418e+01
1.008553e+01 3.420771e-01 -1.810788e+01
1.008553e+01 3.693752e-01 -1.423538e+01
1.008553e+01 3.988518e-01 -1.026500e+01
1.008553e+01 4.306805e-01 -8.939388e+00
1.008553e+01 4.650493e-01 -7.507989e+00
1.008553e+01 5.021607e-01 -5.962363e+00
1.008553e+01 5.422336e-01 -4.293394e+00
1.008553e+01 5.855044e-01 -3.409998e+00
1.008553e+01 6.322283e-01 -2.884256e+00
1.008553e+01 6.826808e-01 -2.316558e+00
1.008553e+01 7.371594e-01 -1.703557e+00
1.008553e+01 7.959855e-01 -1.199071e+00
1.008553e+01 8.595059e-01 -1.024774e+00
1.008553e+01 9.280954e-01 -8.365687e-01
1.008553e+01 1.002158e+00 -6.333442e-01
1.008553e+01 1.082132e+00 -4.139022e-01
1.008553e+01 1.168487e+00 -3.474572e-01
1.008553e+01 1.261733e+00 -2.902320e-01
1.008553e+01 1.362421e+00 -2.284402e-01
1.008553e+01 1.471144e+00 -1.617173e-01
1.008553e+01 1.588542e+00 -1.201443e-01
1.008553e+01 1.715310e+00 -1.019354e-01
1.008553e+01 1.852193e+00 -8.227335e-02
1.008553e+01 2.000000e+00 -6.104226e-02
1.030724e+01 1.000000e-03 -2.997767e+02
1.030724e+01 1.079801e-03 -3.215093e+02
1.030724e+01 1.165970e-03 -3.446206e+02
1.030724e+01 1.259016e-03 -3.691612e+02
1.030724e+01 1.359487e-03 -3.951762e+02
1.030724e+01 1.467975e-03 -4.227062e+02
1.030724e+01 1.585121e-03 -4.517850e+02
1.030724e+01 1.711615e-03 -4.824392e+02
1.030724e+01 1.848204e-03 -5.146866e+02
1.030724e+01 1.995693e-03 -5.485321e+02
1.030724e+01 2.154951e-03 -5.839663e+02
1.030724e+01 2.326918e-03 -6.209650e+02
1.030724e+01 2.512609e-03 -6.594805e+02
1.030724e+01 2.713117e-03 -6.994386e+02
1.030724e+01 2.929627e-03 -7.407421e+02
1.030724e+01 3.163414e-03 -7.832618e+02
1.030724e+01 3.415858e-03 -8.268340e+02
1.030724e+01 3.688447e-03 -8.712641e+02
1.030724e+01 3.982789e-03 -9.163120e+02
1.030724e+01 4.300619e-03 -9.616905e+02
1.030724e+01 4.643813e-03 -1.007074e+03
1.030724e+01 5.014394e-03 -1.052077e+03
1.030724e+01 5.414548e-03 -1.096254e+03
1.030724e+01 5.846635e-03 -1.139121e+03
1.030724e+01 6.313202e-03 -1.180114e+03
1.030724e+01 6.817002e-03 -1.218606e+03
1.030724e+01 7.361006e-03 -1.253934e+03
1.030724e+01 7.948422e-03 -1.285356e+03
1.030724e+01 8.582714e-03 -1.312072e+03
1.030724e+01 9.267624e-03 -1.333282e+03
1.030724e+01 1.000719e-02 -1.348137e+03
1.030724e+01 1.080577e-02 -1.355775e+03
1.030724e+01 1.166809e-02 -1.355422e+03
1.030724e+01 1.259921e-02 -1.346394e+03
1.030724e+01 1.360464e-02 -1.328144e+03
1.030724e+01 1.469030e-02 -1.300351e+03
1.030724e+01 1.586261e-02 -1.263082e+03
1.030724e+01 1.712846e-02 -1.216777e+03
1.030724e+01 1.849533e-02 -1.162164e+03
1.030724e+01 1.997127e-02 -1.100817e+03
1.030724e+01 2.156500e-02 -1.034844e+03
1.030724e+01 2.328591e-02 -9.662805e+02
1.030724e+01 2.514415e-02 -8.979208e+02
1.030724e+01 2.715068e-02 -8.327492e+02
1.030724e+01 2.931733e-02 -7.730058e+02
1.030724e+01 3.165689e-02 -7.203324e+02
1.030724e+01 3.418314e-02 -6.757166e+02
1.030724e+01 3.691099e-02 -6.384687e+02
1.030724e+01 3.985652e-02 -6.063328e+02
1.030724e+01 4.303711e-02 -5.755240e+02
1.030724e+01 4.647152e-02 -5.414480e+02
1.030724e+01 5.017999e-02 -5.001985e+02
1.030724e+01 5.418441e-02 -4.612226e+02
1.030724e+01 5.850838e-02 -4.360106e+02
1.030724e+01 6.317741e-02 -4.087867e+02
1.030724e+01 6.821903e-02 -3.793903e+02
1.030724e+01 7.366298e-02 -3.479100e+02
1.030724e+01 7.954136e-02 -3.165937e+02
1.030724e+01 8.588885e-02 -2.827784e+02
1.030724e+01 9.274286e-02 -2.462645e+02
1.030724e+01 1.001438e-01 -2.068368e+02
1.030724e+01 1.081354e-01 -1.831248e+02
1.030724e+01 1.167647e-01 -1.665196e+02
1.030724e+01 1.260827e-01 -1.485893e+02
1.030724e+01 1.361442e-01 -1.292282e+02
1.030724e+01 1.470087e-01 -1.103631e+02
1.030724e+01 1.587401e-01 -9.868685e+01
1.030724e+01 1.714077e-01 -8.607886e+01
1.030724e+01 1.850862e-01 -7.246474e+01
1.030724e+01 1.998563e-01 -5.776419e+01
1.030724e+01 2.158051e-01 -5.022270e+01
1.030724e+01 2.330265e-01 -4.374369e+01
1.030724e+01 2.516223e-01 -3.674764e+01
1.030724e+01 2.717020e-01 -2.919331e+01
1.030724e+01 2.933841e-01 -2.347789e+01
1.030724e+01 3.167964e-01 -2.040967e+01
1.030724e+01 3.420771e-01 -1.709662e+01
1.030724e+01 3.693752e-01 -1.351917e+01
1.030724e+01 3.988518e-01 -9.848989e+00
1.030724e+01 4.306805e-01 -8.589477e+00
1.030724e+01 4.650493e-01 -7.229455e+00
1.030724e+01 5.021607e-01 -5.760902e+00
1.030724e+01 5.422336e-01 -4.175157e+00
1.030724e+01 5.855044e-01 -3.329502e+00
1.030724e+01 6.322283e-01 -2.820222e+00
1.030724e+01 6.826808e-01 -2.270301e+00
1.030724e+01 7.371594e-01 -1.676495e+00
1.030724e+01 7.959855e-01 -1.186949e+00
1.030724e+01 8.595059e-01 -1.015169e+00
1.030724e+01 9.280954e-01 -8.296809e-01
1.030724e+01 1.002158e+00 -6.293906e-01
1.030724e+01 1.082132e+00 -4.131169e-01
1.030724e+01 1.168487e+00 -3.471325e-01
1.030724e+01 1.261733e+00 -2.901525e-01
1.030724e+01 1.362421e+00 -2.286254e-01
1.030724e+01 1.471144e+00 -1.621884e-01
1.030724e+01 1.588542e+00 -1.207163e-01
1.030724e+01 1.715310e+00 -1.024345e-01
1.030724e+01 1.852193e+00 -8.269370e-02
1.030724e+01 2.000000e+00 -6.137761e-02
1.053339e+01 1.000000e-03 -2.605004e+02
1.053339e+01 1.079801e-03 -2.793902e+02
1.053339e+01 1.165970e-03 -2.994790e+02
1.053339e+01 1.259016e-03 -3.208106e+02
1.053339e+01 1.359487e-03 -3.434241e+02
1.053339e+01 1.467975e-03 -3.673547e+02
1.053339e+01 1.585121e-03 -3.926317e+02
1.053339e+01 1.711615e-03 -4.192780e+02
1.053339e+01 1.848204e-03 -4.473086e+02
1.053339e+01 1.995693e-03 -4.767280e+02
1.053339e+01 2.154951e-03 -5.075278e+02
1.053339e+01 2.326918e-03 -5.396873e+02
1.053339e+01 2.512609e-03 -5.731649e+02
1.053339e+01 2.713117e-03 -6.078964e+02
1.053339e+01 2.929627e-03 -6.437972e+02
1.053339e+01 3.163414e-03 -6.807551e+02
1.053339e+01 3.415858e-03 -7.186279e+02
1.053339e+01 3.688447e-03 -7.572460e+02
1.053339e+01 3.982789e-03 -7.964008e+02
1.053339e+01 4.300619e-03 -8.358429e+02
1.053339e+01 4.643813e-03 -8.752892e+02
1.053339e+01 5.014394e-03 -9.144047e+02
1.053339e+01 5.414548e-03 -9.528029e+02
1.053339e+01 5.846635e-03 -9.900612e+02
1.053339e+01 6.313202e-03 -1.025692e+03
1.053339e+01 6.817002e-03 -1.059148e+03
1.053339e+01 7.361006e-03 -1.089854e+03
1.053339e+01 7.948422e-03 -1.117166e+03
1.053339e+01 8.582714e-03 -1.140386e+03
1.053339e+01 9.267624e-03 -1.158822e+03
1.053339e+01 1.000719e-02 -1.171734e+03
1.053339e+01 1.080577e-02 -1.178373e+03
1.053339e+01 1.166809e-02 -1.178067e+03
1.053339e+01 1.259921e-02 -1.170221e+03
1.053339e+01 1.360464e-02 -1.154359e+03
1.053339e+01 1.469030e-02 -1.130202e+03
1.053339e+01 1.586261e-02 -1.097810e+03
1.053339e+01 1.712846e-02 -1.057565e+03
1.053339e+01 1.849533e-02 -1.010098e+03
1.053339e+01 1.997127e-02 -9.567783e+02
1.053339e+01 2.156500e-02 -8.994379e+02
1.053339e+01 2.328591e-02 -8.398454e+02
1.053339e+01 2.514415e-02 -7.804304e+02
1.053339e+01 2.715068e-02 -7.237864e+02
1.053339e+01 2.931733e-02 -6.718603e+02
1.053339e+01 3.165689e-02 -6.260790e+02
1.053339e+01 3.418314e-02 -5.873011e+02
1.053339e+01 3.691099e-02 -5.549270e+02
1.053339e+01 3.985652e-02 -5.269960e+02
1.053339e+01 4.303711e-02 -5.002185e+02
1.053339e+01 4.647152e-02 -4.706012e+02
1.053339e+01 5.017999e-02 -4.347491e+02
1.053339e+01 5.418441e-02 -4.009047e+02
1.053339e+01 5.850838e-02 -3.790796e+02
1.053339e+01 6.317741e-02 -3.555128e+02
1.053339e+01 6.821903e-02 -3.300654e+02
1.053339e+01 7.366298e-02 -3.028024e+02
1.053339e+01 7.954136e-02 -2.755607e+02
1.053339e+01 8.588885e-02 -2.461451e+02
1.053339e+01 9.274286e-02 -2.143821e+02
1.053339e+01 1.001438e-01 -1.800843e+02
1.053339e+01 1.081354e-01 -1.596026e+02
1.053339e+01 1.167647e-01 -1.453840e+02
1.053339e+01 1.260827e-01 -1.300307e+02
1.053339e+01 1.361442e-01 -1.134522e+02
1.053339e+01 1.470087e-01 -9.728561e+01
1.053339e+01 1.587401e-01 -8.721955e+01
1.053339e+01 1.714077e-01 -7.635022e+01
1.053339e+01 1.850862e-01 -6.461350e+01
1.053339e+01 1.998563e-01 -5.194018e+01
1.053339e+01 2.158051e-01 -4.533553e+01
1.053339e+01 2.330265e-01 -3.961801e+01
1.053339e+01 2.516223e-01 -3.344422e+01
1.053339e+01 2.717020e-01 -2.677776e+01
1.053339e+01 2.933841e-01 -2.169856e+01
1.053339e+01 3.167964e-01 -1.890746e+01
1.053339e+01 3.420771e-01 -1.589362e+01
1.053339e+01 3.693752e-01 -1.263928e+01
1.053339e+01 3.988518e-01 -9.298500e+00
1.053339e+01 4.306805e-01 -8.121520e+00
1.053339e+01 4.650493e-01 -6.850615e+00
1.053339e+01 5.021607e-01 -5.478291e+00
1.053339e+01 5.422336e-01 -3.996454e+00
1.053339e+01 5.855044e-01 -3.200058e+00
1.053339e+01 6.322283e-01 -2.714636e+00
1.053339e+01 6.826808e-01 -2.190477e+00
1.053339e+01 7.371594e-01 -1.624490e+00
1.053339e+01 7.959855e-01 -1.157060e+00
1.053339e+01 8.595059e-01 -9.905188e-01
1.053339e+01 9.280954e-01 -8.106874e-01
1.053339e+01 1.002158e+00 -6.165053e-01
1.053339e+01 1.082132e+00 -4.068272e-01
1.053339e+01 1.168487e+00 -3.422353e-01
1.053339e+01 1.261733e+00 -2.862711e-01
1.053339e+01 1.362421e+00 -2.258408e-01
1.053339e+01 1.471144e+00 -1.605881e-01
1.053339e+01 1.588542e+00 -1.197604e-01
1.053339e+01 1.715310e+00 -1.016189e-01
1.053339e+01 1.852193e+00 -8.202970e-02
1.053339e+01 2.000000e+00 -6.087726e-02
1.076406e+01 1.000000e-03 -2.264962e+02
1.076406e+01 1.079801e-03 -2.429244e+02
1.076406e+01 1.165970e-03 -2.603958e+02
1.076406e+01 1.259016e-03 -2.789484e+02
1.076406e+01 1.359487e-03 -2.986164e+02
1.076406e+01 1.467975e-03 -3.194300e+02
1.076406e+01 1.585121e-03 -3.414147e+02
1.076406e+01 1.711615e-03 -3.645901e+02
1.076406e+01 1.848204e-03 -3.889693e+02
1.076406e+01 1.995693e-03 -4.145559e+02
1.076406e+01 2.154951e-03 -4.413427e+02
1.076406e+01 2.326918e-03 -4.693117e+02
1.076406e+01 2.512609e-03 -4.984269e+02
1.076406e+01 2.713117e-03 -5.286324e+02
1.076406e+01 2.929627e-03 -5.598549e+02
1.076406e+01 3.163414e-03 -5.919968e+02
1.076406e+01 3.415858e-03 -6.249342e+02
1.076406e+01 3.688447e-03 -6.585196e+02
1.076406e+01 3.982789e-03 -6.925716e+02
1.076406e+01 4.300619e-03 -7.268732e+02
1.076406e+01 4.643813e-03 -7.611785e+02
1.076406e+01 5.014394e-03 -7.951961e+02
1.076406e+01 5.414548e-03 -8.285898e+02
1.076406e+01 5.846635e-03 -8.609922e+02
1.076406e+01 6.313202e-03 -8.919791e+02
1.076406e+01 6.817002e-03 -9.210747e+02
1.076406e+01 7.361006e-03 -9.477785e+02
1.076406e+01 7.948422e-03 -9.715304e+02
1.076406e+01 8.582714e-03 -9.917245e+02
1.076406e+01 9.267624e-03 -1.007758e+03
1.076406e+01 1.000719e-02 -1.018988e+03
1.076406e+01 1.080577e-02 -1.024762e+03
1.076406e+01 1.166809e-02 -1.024496e+03
1.076406e+01 1.259921e-02 -1.017673e+03
1.076406e+01 1.360464e-02 -1.003879e+03
1.076406e+01 1.469030e-02 -9.828716e+02
1.076406e+01 1.586261e-02 -9.547024e+02
1.076406e+01 1.712846e-02 -9.197033e+02
1.076406e+01 1.849533e-02 -8.784244e+02
1.076406e+01 1.997127e-02 -8.320555e+02
1.076406e+01 2.156500e-02 -7.821899e+02
1.076406e+01 2.328591e-02 -7.303657e+02
1.076406e+01 2.514415e-02 -6.786960e+02
1.076406e+01 2.715068e-02 -6.294360e+02
1.076406e+01 2.931733e-02 -5.842788e+02
1.076406e+01 3.165689e-02 -5.444655e+02
1.076406e+01 3.418314e-02 -5.107425e+02
1.076406e+01 3.691099e-02 -4.825885e+02
1.076406e+01 3.985652e-02 -4.582986e+02
1.076406e+01 4.303711e-02 -4.350116e+02
1.076406e+01 4.647152e-02 -4.092552e+02
1.076406e+01 5.017999e-02 -3.780766e+02
1.076406e+01 5.418441e-02 -3.486008e+02
1.076406e+01 5.850838e-02 -3.295003e+02
1.076406e+01 6.317741e-02 -3.088756e+02
1.076406e+01 6.821903e-02 -2.866050e+02
1.076406e+01 7.366298e-02 -2.627653e+02
1.076406e+01 7.954136e-02 -2.391490e+02
1.076406e+01 8.588885e-02 -2.136481e+02
1.076406e+01 9.274286e-02 -1.861122e+02
1.076406e+01 1.001438e-01 -1.563789e+02
1.076406e+01 1.081354e-01 -1.386867e+02
1.076406e+01 1.167647e-01 -1.264594e+02
1.076406e+01 1.260827e-01 -1.132563e+02
1.076406e+01 1.361442e-01 -9.899966e+01
1.076406e+01 1.470087e-01 -8.510189e+01
1.076406e+01 1.587401e-01 -7.647027e+01
1.076406e+01 1.714077e-01 -6.714984e+01
1.076406e+01 1.850862e-01 -5.708564e+01
1.076406e+01 1.998563e-01 -4.621830e+01
1.076406e+01 2.158051e-01 -4.047623e+01
1.076406e+01 2.330265e-01 -3.547292e+01
1.076406e+01 2.516223e-01 -3.007033e+01
1.076406e+01 2.717020e-01 -2.423661e+01
1.076406e+01 2.933841e-01 -1.976702e+01
1.076406e+01 3.167964e-01 -1.726613e+01
1.076406e+01 3.420771e-01 -1.456567e+01
1.076406e+01 3.693752e-01 -1.164972e+01
1.076406e+01 3.988518e-01 -8.654445e+00
1.076406e+01 4.306805e-01 -7.571625e+00
1.076406e+01 4.650493e-01 -6.402396e+00
1.076406e+01 5.021607e-01 -5.139861e+00
1.076406e+01 5.422336e-01 -3.776574e+00
1.076406e+01 5.855044e-01 -3.037359e+00
1.076406e+01 6.322283e-01 -2.580675e+00
1.076406e+01 6.826808e-01 -2.087547e+00
1.076406e+01 7.371594e-01 -1.555067e+00
1.076406e+01 7.959855e-01 -1.114516e+00
1.076406e+01 8.595059e-01 -9.551106e-01
1.076406e+01 9.280954e-01 -7.829848e-01
1.076406e+01 1.002158e+00 -5.971231e-01
1.076406e+01 1.082132e+00 -3.964296e-01
1.076406e+01 1.168487e+00 -3.338919e-01
1.076406e+01 1.261733e+00 -2.794944e-01
1.076406e+01 1.362421e+00 -2.207560e-01
1.076406e+01 1.471144e+00 -1.573301e-01
1.076406e+01 1.588542e+00 -1.175738e-01
1.076406e+01 1.715310e+00 -9.980000e-02
1.076406e+01 1.852193e+00 -8.060781e-02
1.076406e+01 2.000000e+00 -5.988406e-02
1.099934e+01 1.000000e-03 -1.959376e+02
1.099934e+01 1.079801e-03 -2.101529e+02
1.099934e+01 1.165970e-03 -2.252713e+02
1.099934e+01 1.259016e-03 -2.413258e+02
1.099934e+01 1.359487e-03 -2.583456e+02
1.099934e+01 1.467975e-03 -2.763571e+02
1.099934e+01 1.585121e-03 -2.953820e+02
1.099934e+01 1.711615e-03 -3.154373e+02
1.099934e+01 1.848204e-03 -3.365339e+02
1.099934e+01 1.995693e-03 -3.586751e+02
1.099934e+01 2.154951e-03 -3.818545e+02
1.099934e+01 2.326918e-03 -4.060566e+02
1.099934e+01 2.512609e-03 -4.312504e+02
1.099934e+01 2.713117e-03 -4.573874e+02
1.099934e+01 2.929627e-03 -4.844045e+02
1.099934e+01 3.163414e-03 -5.122171e+02
1.099934e+01 3.415858e-03 -5.407181e+02
1.099934e+01 3.688447e-03 -5.697796e+02
1.099934e+01 3.982789e-03 -5.992446e+02
1.099934e+01 4.300619e-03 -6.289255e+02
1.099934e+01 4.643813e-03 -6.586096e+02
1.099934e+01 5.014394e-03 -6.880446e+02
1.099934e+01 5.414548e-03 -7.169399e+02
1.099934e+01 5.846635e-03 -7.449773e+02
1.099934e+01 6.313202e-03 -7.717899e+02
1.099934e+01 6.817002e-03 -7.969658e+02
1.099934e+01 7.361006e-03 -8.200722e+02
1.099934e+01 7.948422e-03 -8.406244e+02
1.099934e+01 8.582714e-03 -8.580982e+02
1.099934e+01 9.267624e-03 -8.719718e+02
1.099934e+01 1.000719e-02 -8.816893e+02
1.099934e+01 1.080577e-02 -8.866863e+02
1.099934e+01 1.166809e-02 -8.864569e+02
1.099934e+01 1.259921e-02 -8.805532e+02
1.099934e+01 1.360464e-02 -8.686179e+02
1.099934e+01 1.469030e-02 -8.504410e+02
1.099934e+01 1.586261e-02 -8.260675e+02
1.099934e+01 1.712846e-02 -7.957844e+02
1.099934e+01 1.849533e-02 -7.600674e+02
1.099934e+01 1.997127e-02 -7.199463e+02
1.099934e+01 2.156500e-02 -6.767995e+02
1.099934e+01 2.328591e-02 -6.319581e+02
1.099934e+01 2.514415e-02 -5.872503e+02
1.099934e+01 2.715068e-02 -5.446275e+02
1.099934e+01 2.931733e-02 -5.055546e+02
1.099934e+01 3.165689e-02 -4.711057e+02
1.099934e+01 3.418314e-02 -4.419265e+02
1.099934e+01 3.691099e-02 -4.175659e+02
1.099934e+01 3.985652e-02 -3.965487e+02
1.099934e+01 4.303711e-02 -3.763994e+02
1.099934e+01 4.647152e-02 -3.541133e+02
1.099934e+01 5.017999e-02 -3.271356e+02
1.099934e+01 5.418441e-02 -3.016383e+02
1.099934e+01 5.850838e-02 -2.851308e+02
1.099934e+01 6.317741e-02 -2.673060e+02
1.099934e+01 6.821903e-02 -2.480588e+02
1.099934e+01 7.366298e-02 -2.274619e+02
1.099934e+01 7.954136e-02 -2.071241e+02
1.099934e+01 8.588885e-02 -1.851632e+02
1.099934e+01 9.274286e-02 -1.614499e+02
1.099934e+01 1.001438e-01 -1.358443e+02
1.099934e+01 1.081354e-01 -1.205615e+02
1.099934e+01 1.167647e-01 -1.099591e+02
1.099934e+01 1.260827e-01 -9.851053e+01
1.099934e+01 1.361442e-01 -8.614840e+01
1.099934e+01 1.470087e-01 -7.411006e+01
1.099934e+01 1.587401e-01 -6.669266e+01
1.099934e+01 1.714077e-01 -5.868335e+01
1.099934e+01 1.850862e-01 -5.003489e+01
1.099934e+01 1.998563e-01 -4.069627e+01
1.099934e+01 2.158051e-01 -3.573438e+01
1.099934e+01 2.330265e-01 -3.139960e+01
1.099934e+01 2.516223e-01 -2.671891e+01
1.099934e+01 2.717020e-01 -2.166469e+01
1.099934e+01 2.933841e-01 -1.777277e+01
1.099934e+01 3.167964e-01 -1.556010e+01
1.099934e+01 3.420771e-01 -1.317086e+01
1.099934e+01 3.693752e-01 -1.059095e+01
1.099934e+01 3.988518e-01 -7.939316e+00
1.099934e+01 4.306805e-01 -6.957738e+00
1.099934e+01 4.650493e-01 -5.897829e+00
1.099934e+01 5.021607e-01 -4.753339e+00
1.099934e+01 5.422336e-01 -3.517517e+00
1.099934e+01 5.855044e-01 -2.841433e+00
1.099934e+01 6.322283e-01 -2.418197e+00
1.099934e+01 6.826808e-01 -1.961186e+00
1.099934e+01 7.371594e-01 -1.467706e+00
1.099934e+01 7.959855e-01 -1.058676e+00
1.099934e+01 8.595059e-01 -9.083899e-01
1.099934e+01 9.280954e-01 -7.461104e-01
1.099934e+01 1.002158e+00 -5.708809e-01
1.099934e+01 1.082132e+00 -3.816678e-01
1.099934e+01 1.168487e+00 -3.219843e-01
1.099934e+01 1.261733e+00 -2.698560e-01
1.099934e+01 1.362421e+00 -2.135678e-01
1.099934e+01 1.471144e+00 -1.527878e-01
1.099934e+01 1.588542e+00 -1.145663e-01
1.099934e+01 1.715310e+00 -9.729232e-02
1.099934e+01 1.852193e+00 -7.863982e-02
1.099934e+01 2.000000e+00 -5.849882e-02
1.123932e+01 1.000000e-03 -1.694269e+02
1.123932e+01 1.079801e-03 -1.817220e+02
1.123932e+01 1.165970e-03 -1.947986e+02
1.123932e+01 1.259016e-03 -2.086852e+02
1.123932e+01 1.359487e-03 -2.234071e+02
1.123932e+01 1.467975e-03 -2.389869e+02
1.123932e+01 1.585121e-03 -2.554434e+02
1.123932e+01 1.711615e-03 -2.727910e+02
1.123932e+01 1.848204e-03 -2.910393e+02
1.123932e+01 1.995693e-03 -3.101907e+02
1.123932e+01 2.154951e-03 -3.302398e+02
1.123932e+01 2.326918e-03 -3.511733e+02
1.123932e+01 2.512609e-03 -3.729643e+02
1.123932e+01 2.713117e-03 -3.955711e+02
1.123932e+01 2.929627e-03 -4.189390e+02
1.123932e+01 3.163414e-03 -4.429951e+02
1.123932e+01 3.415858e-03 -4.676464e+02
1.123932e+01 3.688447e-03 -4.927824e+02
1.123932e+01 3.982789e-03 -5.182673e+02
1.123932e+01 4.300619e-03 -5.439388e+02
1.123932e+01 4.643813e-03 -5.696129e+02
1.123932e+01 5.014394e-03 -5.950717e+02
1.123932e+01 5.414548e-03 -6.200636e+02
1.123932e+01 5.846635e-03 -6.443135e+02
1.123932e+01 6.313202e-03 -6.675040e+02
1.123932e+01 6.817002e-03 -6.892789e+02
1.123932e+01 7.361006e-03 -7.092638e+02
1.123932e+01 7.948422e-03 -7.270396e+02
1.123932e+01 8.582714e-03 -7.421529e+02
1.123932e+01 9.267624e-03 -7.541525e+02
1.123932e+01 1.000719e-02 -7.625576e+02
1.123932e+01 1.080577e-02 -7.668799e+02
1.123932e+01 1.166809e-02 -7.666818e+02
1.123932e+01 1.259921e-02 -7.615761e+02
1.123932e+01 1.360464e-02 -7.512537e+02
1.123932e+01 1.469030e-02 -7.355330e+02
1.123932e+01 1.586261e-02 -7.144529e+02
1.123932e+01 1.712846e-02 -6.882617e+02
1.123932e+01 1.849533e-02 -6.573708e+02
1.123932e+01 1.997127e-02 -6.226707e+02
1.123932e+01 2.156500e-02 -5.853538e+02
1.123932e+01 2.328591e-02 -5.465712e+02
1.123932e+01 2.514415e-02 -5.079041e+02
1.123932e+01 2.715068e-02 -4.710403e+02
1.123932e+01 2.931733e-02 -4.372468e+02
1.123932e+01 3.165689e-02 -4.074524e+02
1.123932e+01 3.418314e-02 -3.822158e+02
1.123932e+01 3.691099e-02 -3.611467e+02
1.123932e+01 3.985652e-02 -3.429692e+02
1.123932e+01 4.303711e-02 -3.255423e+02
1.123932e+01 4.647152e-02 -3.062674e+02
1.123932e+01 5.017999e-02 -2.829349e+02
1.123932e+01 5.418441e-02 -2.608826e+02
1.123932e+01 5.850838e-02 -2.466056e+02
1.123932e+01 6.317741e-02 -2.311893e+02
1.123932e+01 6.821903e-02 -2.145428e+02
1.123932e+01 7.366298e-02 -1.967363e+02
1.123932e+01 7.954136e-02 -1.792284e+02
1.123932e+01 8.588885e-02 -1.603235e+02
1.123932e+01 9.274286e-02 -1.399098e+02
1.123932e+01 1.001438e-01 -1.178672e+02
1.123932e+01 1.081354e-01 -1.046468e+02
1.123932e+01 1.167647e-01 -9.541987e+01
1.123932e+01 1.260827e-01 -8.545658e+01
1.123932e+01 1.361442e-01 -7.469821e+01
1.123932e+01 1.470087e-01 -6.423796e+01
1.123932e+01 1.587401e-01 -5.787003e+01
1.123932e+01 1.714077e-01 -5.099395e+01
1.123932e+01 1.850862e-01 -4.356914e+01
1.123932e+01 1.998563e-01 -3.555182e+01
1.123932e+01 2.158051e-01 -3.128354e+01
1.123932e+01 2.330265e-01 -2.755129e+01
1.123932e+01 2.516223e-01 -2.352120e+01
1.123932e+01 2.717020e-01 -1.916950e+01
1.123932e+01 2.933841e-01 -1.580480e+01
1.123932e+01 3.167964e-01 -1.386737e+01
1.123932e+01 3.420771e-01 -1.177532e+01
1.123932e+01 3.693752e-01 -9.516334e+00
1.123932e+01 3.988518e-01 -7.193304e+00
1.123932e+01 4.306805e-01 -6.315214e+00
1.123932e+01 4.650493e-01 -5.367051e+00
1.123932e+01 5.021607e-01 -4.343224e+00
1.123932e+01 5.422336e-01 -3.237694e+00
1.123932e+01 5.855044e-01 -2.627238e+00
1.123932e+01 6.322283e-01 -2.239888e+00
1.123932e+01 6.826808e-01 -1.821627e+00
1.123932e+01 7.371594e-01 -1.369988e+00
1.123932e+01 7.959855e-01 -9.949082e-01
1.123932e+01 8.595059e-01 -8.548520e-01
1.123932e+01 9.280954e-01 -7.036191e-01
1.123932e+01 1.002158e+00 -5.403177e-01
1.123932e+01 1.082132e+00 -3.639847e-01
1.123932e+01 1.168487e+00 -3.075778e-01
1.123932e+01 1.261733e+00 -2.580822e-01
1.123932e+01 1.362421e+00 -2.046368e-01
1.123932e+01 1.471144e+00 -1.469264e-01
1.123932e+01 1.588542e+00 -1.105308e-01
1.123932e+01 1.715310e+00 -9.392490e-02
1.123932e+01 1.852193e+00 -7.599386e-02
1.123932e+01 2.000000e+00 -5.663190e-02
1.148411e+01 1.000000e-03 -1.457342e+02
1.148411e+01 1.079801e-03 -1.563127e+02
1.148411e+01 1.165970e-03 -1.675640e+02
1.148411e+01 1.259016e-03 -1.795125e+02
1.148411e+01 1.359487e-03 -1.921799e+02
1.148411e+01 1.467975e-03 -2.055857e+02
1.148411e+01 1.585121e-03 -2.197460e+02
1.148411e+01 1.711615e-03 -2.346730e+02
1.148411e+01 1.848204e-03 -2.503748e+02
1.148411e+01 1.995693e-03 -2.668534e+02
1.148411e+01 2.154951e-03 -2.841042e+02
1.148411e+01 2.326918e-03 -3.021156e+02
1.148411e+01 2.512609e-03 -3.208647e+02
1.148411e+01 2.713117e-03 -3.403155e+02
1.148411e+01 2.929627e-03 -3.604213e+02
1.148411e+01 3.163414e-03 -3.811192e+02
1.148411e+01 3.415858e-03 -4.023292e+02
1.148411e+01 3.688447e-03 -4.239561e+02
1.148411e+01 3.982789e-03 -4.458829e+02
1.148411e+01 4.300619e-03 -4.679702e+02
1.148411e+01 4.643813e-03 -4.900598e+02
1.148411e+01 5.014394e-03 -5.119641e+02
1.148411e+01 5.414548e-03 -5.334666e+02
1.148411e+01 5.846635e-03 -5.543307e+02
1.148411e+01 6.313202e-03 -5.742833e+02
1.148411e+01 6.817002e-03 -5.930180e+02
1.148411e+01 7.361006e-03 -6.102126e+02
1.148411e+01 7.948422e-03 -6.255065e+02
1.148411e+01 8.582714e-03 -6.385097e+02
1.148411e+01 9.267624e-03 -6.488338e+02
1.148411e+01 1.000719e-02 -6.560654e+02
1.148411e+01 1.080577e-02 -6.597843e+02
1.148411e+01 1.166809e-02 -6.596142e+02
1.148411e+01 1.259921e-02 -6.552220e+02
1.148411e+01 1.360464e-02 -6.463415e+02
1.148411e+01 1.469030e-02 -6.328165e+02
1.148411e+01 1.586261e-02 -6.146804e+02
1.148411e+01 1.712846e-02 -5.921469e+02
1.148411e+01 1.849533e-02 -5.655700e+02
1.148411e+01 1.997127e-02 -5.357158e+02
1.148411e+01 2.156500e-02 -5.036102e+02
1.148411e+01 2.328591e-02 -4.702436e+02
1.148411e+01 2.514415e-02 -4.369763e+02
1.148411e+01 2.715068e-02 -4.052605e+02
1.148411e+01 2.931733e-02 -3.761862e+02
1.148411e+01 3.165689e-02 -3.505526e+02
1.148411e+01 3.418314e-02 -3.288402e+02
1.148411e+01 3.691099e-02 -3.107133e+02
1.148411e+01 3.985652e-02 -2.950743e+02
1.148411e+01 4.303711e-02 -2.800811e+02
1.148411e+01 4.647152e-02 -2.634978e+02
1.148411e+01 5.017999e-02 -2.434236e+02
1.148411e+01 5.418441e-02 -2.244676e+02
1.148411e+01 5.850838e-02 -2.122306e+02
1.148411e+01 6.317741e-02 -1.990171e+02
1.148411e+01 6.821903e-02 -1.847492e+02
1.148411e+01 7.366298e-02 -1.694851e+02
1.148411e+01 7.954136e-02 -1.544571e+02
1.148411e+01 8.588885e-02 -1.382298e+02
1.148411e+01 9.274286e-02 -1.207076e+02
1.148411e+01 1.001438e-01 -1.017871e+02
1.148411e+01 1.081354e-01 -9.041303e+01
1.148411e+01 1.167647e-01 -8.245208e+01
1.148411e+01 1.260827e-01 -7.385584e+01
1.148411e+01 1.361442e-01 -6.457360e+01
1.148411e+01 1.470087e-01 -5.555123e+01
1.148411e+01 1.587401e-01 -5.007120e+01
1.148411e+01 1.714077e-01 -4.415386e+01
1.148411e+01 1.850862e-01 -3.776431e+01
1.148411e+01 1.998563e-01 -3.086486e+01
1.148411e+01 2.158051e-01 -2.720260e+01
1.148411e+01 2.330265e-01 -2.400467e+01
1.148411e+01 2.516223e-01 -2.055154e+01
1.148411e+01 2.717020e-01 -1.682285e+01
1.148411e+01 2.933841e-01 -1.393065e+01
1.148411e+01 3.167964e-01 -1.224896e+01
1.148411e+01 3.420771e-01 -1.043307e+01
1.148411e+01 3.693752e-01 -8.472268e+00
1.148411e+01 3.988518e-01 -6.454798e+00
1.148411e+01 4.306805e-01 -5.676279e+00
1.148411e+01 4.650493e-01 -4.835634e+00
1.148411e+01 5.021607e-01 -3.927904e+00
1.148411e+01 5.422336e-01 -2.947736e+00
1.148411e+01 5.855044e-01 -2.402097e+00
1.148411e+01 6.322283e-01 -2.051860e+00
1.148411e+01 6.826808e-01 -1.673673e+00
1.148411e+01 7.371594e-01 -1.265307e+00
1.148411e+01 7.959855e-01 -9.254173e-01
1.148411e+01 8.595059e-01 -7.962170e-01
1.148411e+01 9.280954e-01 -6.567063e-01
1.148411e+01 1.002158e+00 -5.060626e-01
1.148411e+01 1.082132e+00 -3.433973e-01
1.148411e+01 1.168487e+00 -2.906494e-01
1.148411e+01 1.261733e+00 -2.441594e-01
1.148411e+01 1.362421e+00 -1.939594e-01
1.148411e+01 1.471144e+00 -1.397534e-01
1.148411e+01 1.588542e+00 -1.054415e-01
1.148411e+01 1.715310e+00 -8.959670e-02
1.148411e+01 1.852193e+00 -7.248752e-02
1.148411e+01 2.000000e+00 -5.401302e-02
1.173379e+01 1.000000e-03 -1.248603e+02
1.173379e+01 1.079801e-03 -1.339260e+02
1.173379e+01 1.165970e-03 -1.435686e+02
1.173379e+01 1.259016e-03 -1.538089e+02
1.173379e+01 1.359487e-03 -1.646658e+02
1.173379e+01 1.467975e-03 -1.761555e+02
1.173379e+01 1.585121e-03 -1.882920e+02
1.173379e+01 1.711615e-03 -2.010856e+02
1.173379e+01 1.848204e-03 -2.145431e+02
1.173379e+01 1.995693e-03 -2.286662e+02
1.173379e+01 2.154951e-03 -2.434508e+02
1.173379e+01 2.326918e-03 -2.588872e+02
1.173379e+01 2.512609e-03 -2.749554e+02
1.173379e+01 2.713117e-03 -2.916251e+02
1.173379e+01 2.929627e-03 -3.088560e+02
1.173379e+01 3.163414e-03 -3.265944e+02
1.173379e+01 3.415858e-03 -3.447716e+02
1.173379e+01 3.688447e-03 -3.633060e+02
1.173379e+01 3.982789e-03 -3.820973e+02
1.173379e+01 4.300619e-03 -4.010261e+02
1.173379e+01 4.643813e-03 -4.199567e+02
1.173379e+01 5.014394e-03 -4.387286e+02
1.173379e+01 5.414548e-03 -4.571562e+02
1.173379e+01 5.846635e-03 -4.750366e+02
1.173379e+01 6.313202e-03 -4.921358e+02
1.173379e+01 6.817002e-03 -5.081912e+02
1.173379e+01 7.361006e-03 -5.229268e+02
1.173379e+01 7.948422e-03 -5.360337e+02
1.173379e+01 8.582714e-03 -5.471773e+02
1.173379e+01 9.267624e-03 -5.560248e+02
1.173379e+01 1.000719e-02 -5.622219e+02
1.173379e+01 1.080577e-02 -5.654089e+02
1.173379e+01 1.166809e-02 -5.652635e+02
1.173379e+01 1.259921e-02 -5.615001e+02
1.173379e+01 1.360464e-02 -5.538905e+02
1.173379e+01 1.469030e-02 -5.423005e+02
1.173379e+01 1.586261e-02 -5.267587e+02
1.173379e+01 1.712846e-02 -5.074484e+02
1.173379e+01 1.849533e-02 -4.846730e+02
1.173379e+01 1.997127e-02 -4.590891e+02
1.173379e+01 2.156500e-02 -4.315759e+02
1.173379e+01 2.328591e-02 -4.029819e+02
1.173379e+01 2.514415e-02 -3.744731e+02
1.173379e+01 2.715068e-02 -3.472938e+02
1.173379e+01 2.931733e-02 -3.223782e+02
1.173379e+01 3.165689e-02 -3.004111e+02
1.173379e+01 3.418314e-02 -2.818043e+02
1.173379e+01 3.691099e-02 -2.662703e+02
1.173379e+01 3.985652e-02 -2.528682e+02
1.173379e+01 4.303711e-02 -2.400195e+02
1.173379e+01 4.647152e-02 -2.258083e+02
1.173379e+01 5.017999e-02 -2.086054e+02
1.173379e+01 5.418441e-02 -1.923733e+02
1.173379e+01 5.850838e-02 -1.819215e+02
1.173379e+01 6.317741e-02 -1.706357e+02
1.173379e+01 6.821903e-02 -1.584492e+02
1.173379e+01 7.366298e-02 -1.454079e+02
1.173379e+01 7.954136e-02 -1.325269e+02
1.173379e+01 8.588885e-02 -1.186179e+02
1.173379e+01 9.274286e-02 -1.035990e+02
1.173379e+01 1.001438e-01 -8.738165e+01
1.173379e+01 1.081354e-01 -7.762248e+01
1.173379e+01 1.167647e-01 -7.078321e+01
1.173379e+01 1.260827e-01 -6.339815e+01
1.173379e+01 1.361442e-01 -5.542376e+01
1.173379e+01 1.470087e-01 -4.767740e+01
1.173379e+01 1.587401e-01 -4.299498e+01
1.173379e+01 1.714077e-01 -3.793891e+01
1.173379e+01 1.850862e-01 -3.247936e+01
1.173379e+01 1.998563e-01 -2.658413e+01
1.173379e+01 2.158051e-01 -2.346790e+01
1.173379e+01 2.330265e-01 -2.075205e+01
1.173379e+01 2.516223e-01 -1.781947e+01
1.173379e+01 2.717020e-01 -1.465287e+01
1.173379e+01 2.933841e-01 -1.218602e+01
1.173379e+01 3.167964e-01 -1.073279e+01
1.173379e+01 3.420771e-01 -9.163598e+00
1.173379e+01 3.693752e-01 -7.469180e+00
1.173379e+01 3.988518e-01 -5.725193e+00
1.173379e+01 4.306805e-01 -5.043375e+00
1.173379e+01 4.650493e-01 -4.307147e+00
1.173379e+01 5.021607e-01 -3.512168e+00
1.173379e+01 5.422336e-01 -2.653748e+00
1.173379e+01 5.855044e-01 -2.171777e+00
1.173379e+01 6.322283e-01 -1.858696e+00
1.173379e+01 6.826808e-01 -1.520630e+00
1.173379e+01 7.371594e-01 -1.155586e+00
1.173379e+01 7.959855e-01 -8.511058e-01
1.173379e+01 8.595059e-01 -7.333837e-01
1.173379e+01 9.280954e-01 -6.062671e-01
1.173379e+01 1.002158e+00 -4.690066e-01
1.173379e+01 1.082132e+00 -3.207925e-01
1.173379e+01 1.168487e+00 -2.720176e-01
1.173379e+01 1.261733e+00 -2.288270e-01
1.173379e+01 1.362421e+00 -1.821897e-01
1.173379e+01 1.471144e+00 -1.318308e-01
1.173379e+01 1.588542e+00 -9.984620e-02
1.173379e+01 1.715310e+00 -8.491519e-02
1.173379e+01 1.852193e+00 -6.879268e-02
1.173379e+01 2.000000e+00 -5.138356e-02
1.198847e+01 1.000000e-03 -1.064831e+02
1.198847e+01 1.079801e-03 -1.142166e+02
1.198847e+01 1.165970e-03 -1.224424e+02
1.198847e+01 1.259016e-03 -1.311784e+02
1.198847e+01 1.359487e-03 -1.404406e+02
1.198847e+01 1.467975e-03 -1.502428e+02
1.198847e+01 1.585121e-03 -1.605969e+02
1.198847e+01 1.711615e-03 -1.715116e+02
1.198847e+01 1.848204e-03 -1.829926e+02
1.198847e+01 1.995693e-03 -1.950412e+02
1.198847e+01 2.154951e-03 -2.076540e+02
1.198847e+01 2.326918e-03 -2.208225e+02
1.198847e+01 2.512609e-03 -2.345300e+02
1.198847e+01 2.713117e-03 -2.487504e+02
1.198847e+01 2.929627e-03 -2.634496e+02
1.198847e+01 3.163414e-03 -2.785817e+02
1.198847e+01 3.415858e-03 -2.940881e+02
1.198847e+01 3.688447e-03 -3.098992e+02
1.198847e+01 3.982789e-03 -3.259292e+02
1.198847e+01 4.300619e-03 -3.420765e+02
1.198847e+01 4.643813e-03 -3.582253e+02
1.198847e+01 5.014394e-03 -3.742388e+02
1.198847e+01 5.414548e-03 -3.899584e+02
1.198847e+01 5.846635e-03 -4.052113e+02
1.198847e+01 6.313202e-03 -4.197976e+02
1.198847e+01 6.817002e-03 -4.334937e+02
1.198847e+01 7.361006e-03 -4.460640e+02
1.198847e+01 7.948422e-03 -4.572448e+02
1.198847e+01 8.582714e-03 -4.667508e+02
1.198847e+01 9.267624e-03 -4.742979e+02
1.198847e+01 1.000719e-02 -4.795838e+02
1.198847e+01 1.080577e-02 -4.823022e+02
1.198847e+01 1.166809e-02 -4.821785e+02
1.198847e+01 1.259921e-02 -4.789690e+02
1.198847e+01 1.360464e-02 -4.724787e+02
1.198847e+01 1.469030e-02 -4.625927e+02
1.198847e+01 1.586261e-02 -4.493355e+02
1.198847e+01 1.712846e-02 -4.328633e+02
1.198847e+01 1.849533e-02 -4.134355e+02
1.198847e+01 1.997127e-02 -3.916120e+02
1.198847e+01 2.156500e-02 -3.681428e+02
1.198847e+01 2.328591e-02 -3.437517e+02
1.198847e+01 2.514415e-02 -3.194331e+02
1.198847e+01 2.715068e-02 -2.962486e+02
1.198847e+01 2.931733e-02 -2.749951e+02
1.198847e+01 3.165689e-02 -2.562568e+02
1.198847e+01 3.418314e-02 -2.403848e+02
1.198847e+01 3.691099e-02 -2.271339e+02
1.198847e+01 3.985652e-02 -2.157017e+02
1.198847e+01 4.303711e-02 -2.047415e+02
1.198847e+01 4.647152e-02 -1.926190e+02
1.198847e+01 5.017999e-02 -1.779446e+02
1.198847e+01 5.418441e-02 -1.641195e+02
1.198847e+01 5.850838e-02 -1.552629e+02
1.198847e+01 6.317741e-02 -1.456995e+02
1.198847e+01 6.821903e-02 -1.353730e+02
1.198847e+01 7.366298e-02 -1.243094e+02
1.198847e+01 7.954136e-02 -1.132522e+02
1.198847e+01 8.588885e-02 -1.013126e+02
1.198847e+01 9.274286e-02 -8.842020e+01
1.198847e+01 1.001438e-01 -7.449898e+01
1.198847e+01 1.081354e-01 -6.614676e+01
1.198847e+01 1.167647e-01 -6.031503e+01
1.198847e+01 1.260827e-01 -5.401791e+01
1.198847e+01 1.361442e-01 -4.721829e+01
1.198847e+01 1.470087e-01 -4.061746e+01
1.198847e+01 1.587401e-01 -3.664821e+01
1.198847e+01 1.714077e-01 -3.236222e+01
1.198847e+01 1.850862e-01 -2.773419e+01
1.198847e+01 1.998563e-01 -2.273684e+01
1.198847e+01 2.158051e-01 -2.009967e+01
1.198847e+01 2.330265e-01 -1.780314e+01
1.198847e+01 2.516223e-01 -1.532334e+01
1.198847e+01 2.717020e-01 -1.264565e+01
1.198847e+01 2.933841e-01 -1.055412e+01
1.198847e+01 3.167964e-01 -9.312227e+00
1.198847e+01 3.420771e-01 -7.971234e+00
1.198847e+01 3.693752e-01 -6.523228e+00
1.198847e+01 3.988518e-01 -5.032234e+00
1.198847e+01 4.306805e-01 -4.440091e+00
1.198847e+01 4.650493e-01 -3.800693e+00
1.198847e+01 5.021607e-01 -3.110272e+00
1.198847e+01 5.422336e-01 -2.364754e+00
1.198847e+01 5.855044e-01 -1.942962e+00
1.198847e+01 6.322283e-01 -1.666094e+00
1.198847e+01 6.826808e-01 -1.367132e+00
1.198847e+01 7.371594e-01 -1.044312e+00
1.198847e+01 7.959855e-01 -7.744962e-01
1.198847e+01 8.595059e-01 -6.684907e-01
1.198847e+01 9.280954e-01 -5.540258e-01
1.198847e+01 1.002158e+00 -4.304265e-01
1.198847e+01 1.082132e+00 -2.969638e-01
1.198847e+01 1.168487e+00 -2.523899e-01
1.198847e+01 1.261733e+00 -2.127368e-01
1.198847e+01 1.362421e+00 -1.699194e-01
1.198847e+01 1.471144e+00 -1.236850e-01
1.198847e+01 1.588542e+00 -9.417870e-02
1.198847e+01 1.715310e+00 -8.019418e-02
1.198847e+01 1.852193e+00 -6.509369e-02
1.198847e+01 2.000000e+00 -4.878815e-02
1.224824e+01 1.000000e-03 -9.053215e+01
1.224824e+01 1.079801e-03 -9.710895e+01
1.224824e+01 1.165970e-03 -1.041047e+02
1.224824e+01 1.259016e-03 -1.115345e+02
1.224824e+01 1.359487e-03 -1.194120e+02
1.224824e+01 1.467975e-03 -1.277491e+02
1.224824e+01 1.585121e-03 -1.365555e+02
1.224824e+01 1.711615e-03 -1.458388e+02
1.224824e+01 1.848204e-03 -1.556036e+02
1.224824e+01 1.995693e-03 -1.658510e+02
1.224824e+01 2.154951e-03 -1.765781e+02
1.224824e+01 2.326918e-03 -1.877777e+02
1.224824e+01 2.512609e-03 -1.994354e+02
1.224824e+01 2.713117e-03 -2.115293e+02
1.224824e+01 2.929627e-03 -2.240304e+02
1.224824e+01 3.163414e-03 -2.368997e+02
1.224824e+01 3.415858e-03 -2.500874e+02
1.224824e+01 3.688447e-03 -2.635339e+02
1.224824e+01 3.982789e-03 -2.771667e+02
1.224824e+01 4.300619e-03 -2.908990e+02
1.224824e+01 4.643813e-03 -3.046327e+02
1.224824e+01 5.014394e-03 -3.182512e+02
1.224824e+01 5.414548e-03 -3.316199e+02
1.224824e+01 5.846635e-03 -3.445915e+02
1.224824e+01 6.313202e-03 -3.569963e+02
1.224824e+01 6.817002e-03 -3.686439e+02
1.224824e+01 7.361006e-03 -3.793343e+02
1.224824e+01 7.948422e-03 -3.888430e+02
1.224824e+01 8.582714e-03 -3.969273e+02
1.224824e+01 9.267624e-03 -4.033452e+02
1.224824e+01 1.000719e-02 -4.078401e+02
1.224824e+01 1.080577e-02 -4.101516e+02
1.224824e+01 1.166809e-02 -4.100466e+02
1.224824e+01 1.259921e-02 -4.073180e+02
1.224824e+01 1.360464e-02 -4.017994e+02
1.224824e+01 1.469030e-02 -3.933928e+02
1.224824e+01 1.586261e-02 -3.821188e+02
1.224824e+01 1.712846e-02 -3.681108e+02
1.224824e+01 1.849533e-02 -3.515892e+02
1.224824e+01 1.997127e-02 -3.330304e+02
1.224824e+01 2.156500e-02 -3.130720e+02
1.224824e+01 2.328591e-02 -2.923296e+02
1.224824e+01 2.514415e-02 -2.716490e+02
1.224824e+01 2.715068e-02 -2.519327e+02
1.224824e+01 2.931733e-02 -2.338585e+02
1.224824e+01 3.165689e-02 -2.179232e+02
1.224824e+01 3.418314e-02 -2.044256e+02
1.224824e+01 3.691099e-02 -1.931569e+02
1.224824e+01 3.985652e-02 -1.834348e+02
1.224824e+01 4.303711e-02 -1.741142e+02
1.224824e+01 4.647152e-02 -1.638051e+02
1.224824e+01 5.017999e-02 -1.513258e+02
1.224824e+01 5.418441e-02 -1.395599e+02
1.224824e+01 5.850838e-02 -1.320032e+02
1.224824e+01 6.317741e-02 -1.238436e+02
1.224824e+01 6.821903e-02 -1.150328e+02
1.224824e+01 7.366298e-02 -1.055976e+02
1.224824e+01 7.954136e-02 -9.621262e+01
1.224824e+01 8.588885e-02 -8.607877e+01
1.224824e+01 9.274286e-02 -7.513623e+01
1.224824e+01 1.001438e-01 -6.332046e+01
1.224824e+01 1.081354e-01 -5.622808e+01
1.224824e+01 1.167647e-01 -5.127314e+01
1.224824e+01 1.260827e-01 -4.592278e+01
1.224824e+01 1.361442e-01 -4.014546e+01
1.224824e+01 1.470087e-01 -3.453803e+01
1.224824e+01 1.587401e-01 -3.117070e+01
1.224824e+01 1.714077e-01 -2.753465e+01
1.224824e+01 1.850862e-01 -2.360845e+01
1.224824e+01 1.998563e-01 -1.936893e+01
1.224824e+01 2.158051e-01 -1.713901e+01
1.224824e+01 2.330265e-01 -1.520012e+01
1.224824e+01 2.516223e-01 -1.310651e+01
1.224824e+01 2.717020e-01 -1.084582e+01
1.224824e+01 2.933841e-01 -9.077453e+00
1.224824e+01 3.167964e-01 -8.022961e+00
1.224824e+01 3.420771e-01 -6.884318e+00
1.224824e+01 3.693752e-01 -5.654811e+00
1.224824e+01 3.988518e-01 -4.388335e+00
1.224824e+01 4.306805e-01 -3.878497e+00
1.224824e+01 4.650493e-01 -3.327972e+00
1.224824e+01 5.021607e-01 -2.733515e+00
1.224824e+01 5.422336e-01 -2.091620e+00
1.224824e+01 5.855044e-01 -1.725487e+00
1.224824e+01 6.322283e-01 -1.482513e+00
1.224824e+01 6.826808e-01 -1.220149e+00
1.224824e+01 7.371594e-01 -9.368485e-01
1.224824e+01 7.959855e-01 -6.995479e-01
1.224824e+01 8.595059e-01 -6.047490e-01
1.224824e+01 9.280954e-01 -5.023851e-01
1.224824e+01 1.002158e+00 -3.918525e-01
1.224824e+01 1.082132e+00 -2.724993e-01
1.224824e+01 1.168487e+00 -2.320973e-01
1.224824e+01 1.261733e+00 -1.960068e-01
1.224824e+01 1.362421e+00 -1.570362e-01
1.224824e+01 1.471144e+00 -1.149557e-01
1.224824e+01 1.588542e+00 -8.797612e-02
1.224824e+01 1.715310e+00 -7.500523e-02
1.224824e+01 1.852193e+00 -6.099925e-02
1.224824e+01 2.000000e+00 -4.587559e-02
1.251320e+01 1.000000e-03 -7.673891e+01
1.251320e+01 1.079801e-03 -8.231521e+01
1.251320e+01 1.165970e-03 -8.824691e+01
1.251320e+01 1.259016e-03 -9.454692e+01
1.251320e+01 1.359487e-03 -1.012267e+02
1.251320e+01 1.467975e-03 -1.082962e+02
1.251320e+01 1.585121e-03 -1.157639e+02
1.251320e+01 1.711615e-03 -1.236359e+02
1.251320e+01 1.848204e-03 -1.319161e+02
1.251320e+01 1.995693e-03 -1.406055e+02
1.251320e+01 2.154951e-03 -1.497015e+02
1.251320e+01 2.326918e-03 -1.591980e+02
1.251320e+01 2.512609e-03 -1.690827e+02
1.251320e+01 2.713117e-03 -1.793373e+02
1.251320e+01 2.929627e-03 -1.899371e+02
1.251320e+01 3.163414e-03 -2.008491e+02
1.251320e+01 3.415858e-03 -2.120310e+02
1.251320e+01 3.688447e-03 -2.234324e+02
1.251320e+01 3.982789e-03 -2.349915e+02
1.251320e+01 4.300619e-03 -2.466351e+02
1.251320e+01 4.643813e-03 -2.582798e+02
1.251320e+01 5.014394e-03 -2.698268e+02
1.251320e+01 5.414548e-03 -2.811619e+02
1.251320e+01 5.846635e-03 -2.921604e+02
1.251320e+01 6.313202e-03 -3.026782e+02
1.251320e+01 6.817002e-03 -3.125540e+02
1.251320e+01 7.361006e-03 -3.216183e+02
1.251320e+01 7.948422e-03 -3.296807e+02
1.251320e+01 8.582714e-03 -3.365352e+02
1.251320e+01 9.267624e-03 -3.419766e+02
1.251320e+01 1.000719e-02 -3.457873e+02
1.251320e+01 1.080577e-02 -3.477469e+02
1.251320e+01 1.166809e-02 -3.476582e+02
1.251320e+01 1.259921e-02 -3.453453e+02
1.251320e+01 1.360464e-02 -3.406671e+02
1.251320e+01 1.469030e-02 -3.335400e+02
1.251320e+01 1.586261e-02 -3.239814e+02
1.251320e+01 1.712846e-02 -3.121046e+02
1.251320e+01 1.849533e-02 -2.980967e+02
1.251320e+01 1.997127e-02 -2.823616e+02
1.251320e+01 2.156500e-02 -2.654398e+02
1.251320e+01 2.328591e-02 -2.478533e+02
1.251320e+01 2.514415e-02 -2.303191e+02
1.251320e+01 2.715068e-02 -2.136026e+02
1.251320e+01 2.931733e-02 -1.982783e+02
1.251320e+01 3.165689e-02 -1.847675e+02
1.251320e+01 3.418314e-02 -1.733234e+02
1.251320e+01 3.691099e-02 -1.637692e+02
1.251320e+01 3.985652e-02 -1.555263e+02
1.251320e+01 4.303711e-02 -1.476237e+02
1.251320e+01 4.647152e-02 -1.388831e+02
1.251320e+01 5.017999e-02 -1.283025e+02
1.251320e+01 5.418441e-02 -1.183215e+02
1.251320e+01 5.850838e-02 -1.119001e+02
1.251320e+01 6.317741e-02 -1.049662e+02
1.251320e+01 6.821903e-02 -9.747905e+01
1.251320e+01 7.366298e-02 -8.946414e+01
1.251320e+01 7.954136e-02 -8.152178e+01
1.251320e+01 8.588885e-02 -7.294562e+01
1.251320e+01 9.274286e-02 -6.368508e+01
1.251320e+01 1.001438e-01 -5.368553e+01
1.251320e+01 1.081354e-01 -4.766503e+01
1.251320e+01 1.167647e-01 -4.344321e+01
1.251320e+01 1.260827e-01 -3.888449e+01
1.251320e+01 1.361442e-01 -3.396198e+01
1.251320e+01 1.470087e-01 -2.919213e+01
1.251320e+01 1.587401e-01 -2.636532e+01
1.251320e+01 1.714077e-01 -2.331293e+01
1.251320e+01 1.850862e-01 -2.001695e+01
1.251320e+01 1.998563e-01 -1.645796e+01
1.251320e+01 2.158051e-01 -1.457674e+01
1.251320e+01 2.330265e-01 -1.293725e+01
1.251320e+01 2.516223e-01 -1.116693e+01
1.251320e+01 2.717020e-01 -9.255342e+00
1.251320e+01 2.933841e-01 -7.760503e+00
1.251320e+01 3.167964e-01 -6.869917e+00
1.251320e+01 3.420771e-01 -5.908260e+00
1.251320e+01 3.693752e-01 -4.869863e+00
1.251320e+01 3.988518e-01 -3.799832e+00
1.251320e+01 4.306805e-01 -3.363030e+00
1.251320e+01 4.650493e-01 -2.891370e+00
1.251320e+01 5.021607e-01 -2.382072e+00
1.251320e+01 5.422336e-01 -1.832130e+00
1.251320e+01 5.855044e-01 -1.516727e+00
1.251320e+01 6.322283e-01 -1.305902e+00
1.251320e+01 6.826808e-01 -1.078253e+00
1.251320e+01 7.371594e-01 -8.324369e-01
1.251320e+01 7.959855e-01 -6.260198e-01
1.251320e+01 8.595059e-01 -5.419972e-01
1.251320e+01 9.280954e-01 -4.512696e-01
1.251320e+01 1.002158e+00 -3.533018e-01
1.251320e+01 1.082132e+00 -2.475160e-01
1.251320e+01 1.168487e+00 -2.112688e-01
1.251320e+01 1.261733e+00 -1.787707e-01
1.251320e+01 1.362421e+00 -1.436792e-01
1.251320e+01 1.471144e+00 -1.057873e-01
1.251320e+01 1.588542e+00 -8.136467e-02
1.251320e+01 1.715310e+00 -6.943332e-02
1.251320e+01 1.852193e+00 -5.654984e-02
1.251320e+01 2.000000e+00 -4.263824e-02
1.278347e+01 1.000000e-03 -6.458736e+01
1.278347e+01 1.079801e-03 -6.928196e+01
1.278347e+01 1.165970e-03 -7.427594e+01
1.278347e+01 1.259016e-03 -7.958018e+01
1.278347e+01 1.359487e-03 -8.520427e+01
1.278347e+01 1.467975e-03 -9.115669e+01
1.278347e+01 1.585121e-03 -9.744440e+01
1.278347e+01 1.711615e-03 -1.040726e+02
1.278347e+01 1.848204e-03 -1.110445e+02
1.278347e+01 1.995693e-03 -1.183607e+02
1.278347e+01 2.154951e-03 -1.260192e+02
1.278347e+01 2.326918e-03 -1.340147e+02
1.278347e+01 2.512609e-03 -1.423370e+02
1.278347e+01 2.713117e-03 -1.509705e+02
1.278347e+01 2.929627e-03 -1.598947e+02
1.278347e+01 3.163414e-03 -1.690818e+02
1.278347e+01 3.415858e-03 -1.784961e+02
1.278347e+01 3.688447e-03 -1.880951e+02
1.278347e+01 3.982789e-03 -1.978269e+02
1.278347e+01 4.300619e-03 -2.076297e+02
1.278347e+01 4.643813e-03 -2.174334e+02
1.278347e+01 5.014394e-03 -2.271549e+02
1.278347e+01 5.414548e-03 -2.366980e+02
1.278347e+01 5.846635e-03 -2.459576e+02
1.278347e+01 6.313202e-03 -2.548126e+02
1.278347e+01 6.817002e-03 -2.631270e+02
1.278347e+01 7.361006e-03 -2.707583e+02
1.278347e+01 7.948422e-03 -2.775461e+02
1.278347e+01 8.582714e-03 -2.833169e+02
1.278347e+01 9.267624e-03 -2.878978e+02
1.278347e+01 1.000719e-02 -2.911056e+02
1.278347e+01 1.080577e-02 -2.927553e+02
1.278347e+01 1.166809e-02 -2.926808e+02
1.278347e+01 1.259921e-02 -2.907342e+02
1.278347e+01 1.360464e-02 -2.867962e+02
1.278347e+01 1.469030e-02 -2.807965e+02
1.278347e+01 1.586261e-02 -2.727496e+02
1.278347e+01 1.712846e-02 -2.627509e+02
1.278347e+01 1.849533e-02 -2.509581e+02
1.278347e+01 1.997127e-02 -2.377112e+02
1.278347e+01 2.156500e-02 -2.234654e+02
1.278347e+01 2.328591e-02 -2.086600e+02
1.278347e+01 2.514415e-02 -1.938985e+02
1.278347e+01 2.715068e-02 -1.798254e+02
1.278347e+01 2.931733e-02 -1.669243e+02
1.278347e+01 3.165689e-02 -1.555500e+02
1.278347e+01 3.418314e-02 -1.459156e+02
1.278347e+01 3.691099e-02 -1.378722e+02
1.278347e+01 3.985652e-02 -1.309327e+02
1.278347e+01 4.303711e-02 -1.242798e+02
1.278347e+01 4.647152e-02 -1.169214e+02
1.278347e+01 5.017999e-02 -1.080139e+02
1.278347e+01 5.418441e-02 -9.959552e+01
1.278347e+01 5.850838e-02 -9.414596e+01
1.278347e+01 6.317741e-02 -8.826151e+01
1.278347e+01 6.821903e-02 -8.190748e+01
1.278347e+01 7.366298e-02 -7.511574e+01
1.278347e+01 7.954136e-02 -6.849012e+01
1.278347e+01 8.588885e-02 -6.133578e+01
1.278347e+01 9.274286e-02 -5.361050e+01
1.278347e+01 1.001438e-01 -4.526875e+01
1.278347e+01 1.081354e-01 -4.020391e+01
1.278347e+01 1.167647e-01 -3.661591e+01
1.278347e+01 1.260827e-01 -3.274159e+01
1.278347e+01 1.361442e-01 -2.855809e+01
1.278347e+01 1.470087e-01 -2.451305e+01
1.278347e+01 1.587401e-01 -2.215717e+01
1.278347e+01 1.714077e-01 -1.961328e+01
1.278347e+01 1.850862e-01 -1.686639e+01
1.278347e+01 1.998563e-01 -1.390030e+01
1.278347e+01 2.158051e-01 -1.232171e+01
1.278347e+01 2.330265e-01 -1.094158e+01
1.278347e+01 2.516223e-01 -9.451303e+00
1.278347e+01 2.717020e-01 -7.842106e+00
1.278347e+01 2.933841e-01 -6.584137e+00
1.278347e+01 3.167964e-01 -5.835374e+00
1.278347e+01 3.420771e-01 -5.026859e+00
1.278347e+01 3.693752e-01 -4.153824e+00
1.278347e+01 3.988518e-01 -3.254031e+00
1.278347e+01 4.306805e-01 -2.884331e+00
1.278347e+01 4.650493e-01 -2.485128e+00
1.278347e+01 5.021607e-01 -2.054069e+00
1.278347e+01 5.422336e-01 -1.588611e+00
1.278347e+01 5.855044e-01 -1.319893e+00
1.278347e+01 6.322283e-01 -1.138724e+00
1.278347e+01 6.826808e-01 -9.430980e-01
1.278347e+01 7.371594e-01 -7.318603e-01
1.278347e+01 7.959855e-01 -5.540704e-01
1.278347e+01 8.595059e-01 -4.804632e-01
1.278347e+01 9.280954e-01 -4.009820e-01
1.278347e+01 1.002158e+00 -3.151582e-01
1.278347e+01 1.082132e+00 -2.224855e-01
1.278347e+01 1.168487e+00 -1.903242e-01
1.278347e+01 1.261733e+00 -1.613799e-01
1.278347e+01 1.362421e+00 -1.301258e-01
1.278347e+01 1.471144e+00 -9.637768e-02
1.278347e+01 1.588542e+00 -7.450376e-02
1.278347e+01 1.715310e+00 -6.363861e-02
1.278347e+01 1.852193e+00 -5.190640e-02
1.278347e+01 2.000000e+00 -3.923796e-02
1.305914e+01 1.000000e-03 -5.419655e+01
1.305914e+01 1.079801e-03 -5.813698e+01
1.305914e+01 1.165970e-03 -6.232886e+01
1.305914e+01 1.259016e-03 -6.678130e+01
1.305914e+01 1.359487e-03 -7.150238e+01
1.305914e+01 1.467975e-03 -7.649917e+01
1.305914e+01 1.585121e-03 -8.177750e+01
1.305914e+01 1.711615e-03 -8.734167e+01
1.305914e+01 1.848204e-03 -9.319431e+01
1.305914e+01 1.995693e-03 -9.933597e+01
1.305914e+01 2.154951e-03 -1.057648e+02
1.305914e+01 2.326918e-03 -1.124764e+02
1.305914e+01 2.512609e-03 -1.194622e+02
1.305914e+01 2.713117e-03 -1.267092e+02
1.305914e+01 2.929627e-03 -1.342002e+02
1.305914e+01 3.163414e-03 -1.419119e+02
1.305914e+01 3.415858e-03 -1.498142e+02
1.305914e+01 3.688447e-03 -1.578716e+02
1.305914e+01 3.982789e-03 -1.660403e+02
1.305914e+01 4.300619e-03 -1.742686e+02
1.305914e+01 4.643813e-03 -1.824977e+02
1.305914e+01 5.014394e-03 -1.906577e+02
1.305914e+01 5.414548e-03 -1.986680e+02
1.305914e+01 5.846635e-03 -2.064403e+02
1.305914e+01 6.313202e-03 -2.138729e+02
1.305914e+01 6.817002e-03 -2.208519e+02
1.305914e+01 7.361006e-03 -2.272574e+02
1.305914e+01 7.948422e-03 -2.329549e+02
1.305914e+01 8.582714e-03 -2.377988e+02
1.305914e+01 9.267624e-03 -2.416438e+02
1.305914e+01 1.000719e-02 -2.443362e+02
1.305914e+01 1.080577e-02 -2.457208e+02
1.305914e+01 1.166809e-02 -2.456585e+02
1.305914e+01 1.259921e-02 -2.440249e+02
1.305914e+01 1.360464e-02 -2.407200e+02
1.305914e+01 1.469030e-02 -2.356844e+02
1.305914e+01 1.586261e-02 -2.289304e+02
1.305914e+01 1.712846e-02 -2.205381e+02
1.305914e+01 1.849533e-02 -2.106399e+02
1.305914e+01 1.997127e-02 -1.995213e+02
1.305914e+01 2.156500e-02 -1.875642e+02
1.305914e+01 2.328591e-02 -1.751374e+02
1.305914e+01 2.514415e-02 -1.627475e+02
1.305914e+01 2.715068e-02 -1.509353e+02
1.305914e+01 2.931733e-02 -1.401069e+02
1.305914e+01 3.165689e-02 -1.305600e+02
1.305914e+01 3.418314e-02 -1.224734e+02
1.305914e+01 3.691099e-02 -1.157222e+02
1.305914e+01 3.985652e-02 -1.098976e+02
1.305914e+01 4.303711e-02 -1.043135e+02
1.305914e+01 4.647152e-02 -9.813726e+01
1.305914e+01 5.017999e-02 -9.066083e+01
1.305914e+01 5.418441e-02 -8.359705e+01
1.305914e+01 5.850838e-02 -7.902897e+01
1.305914e+01 6.317741e-02 -7.409635e+01
1.305914e+01 6.821903e-02 -6.877010e+01
1.305914e+01 7.366298e-02 -6.307430e+01
1.305914e+01 7.954136e-02 -5.749062e+01
1.305914e+01 8.588885e-02 -5.146136e+01
1.305914e+01 9.274286e-02 -4.495096e+01
1.305914e+01 1.001438e-01 -3.792102e+01
1.305914e+01 1.081354e-01 -3.366333e+01
1.305914e+01 1.167647e-01 -3.065616e+01
1.305914e+01 1.260827e-01 -2.740902e+01
1.305914e+01 1.361442e-01 -2.390276e+01
1.305914e+01 1.470087e-01 -2.051502e+01
1.305914e+01 1.587401e-01 -1.855376e+01
1.305914e+01 1.714077e-01 -1.643599e+01
1.305914e+01 1.850862e-01 -1.414922e+01
1.305914e+01 1.998563e-01 -1.167997e+01
1.305914e+01 2.158051e-01 -1.036041e+01
1.305914e+01 2.330265e-01 -9.204555e+00
1.305914e+01 2.516223e-01 -7.956461e+00
1.305914e+01 2.717020e-01 -6.608768e+00
1.305914e+01 2.933841e-01 -5.555249e+00
1.305914e+01 3.167964e-01 -4.928220e+00
1.305914e+01 3.420771e-01 -4.251153e+00
1.305914e+01 3.693752e-01 -3.520056e+00
1.305914e+01 3.988518e-01 -2.766477e+00
1.305914e+01 4.306805e-01 -2.455770e+00
1.305914e+01 4.650493e-01 -2.120269e+00
1.305914e+01 5.021607e-01 -1.757994e+00
1.305914e+01 5.422336e-01 -1.366809e+00
1.305914e+01 5.855044e-01 -1.139506e+00
1.305914e+01 6.322283e-01 -9.849811e-01
1.305914e+01 6.826808e-01 -8.181248e-01
1.305914e+01 7.371594e-01 -6.379532e-01
1.305914e+01 7.959855e-01 -4.860008e-01
1.305914e+01 8.595059e-01 -4.221565e-01
1.305914e+01 9.280954e-01 -3.532173e-01
1.305914e+01 1.002158e+00 -2.787768e-01
1.305914e+01 1.082132e+00 -1.983958e-01
1.305914e+01 1.168487e+00 -1.700555e-01
1.305914e+01 1.261733e+00 -1.444324e-01
1.305914e+01 1.362421e+00 -1.167644e-01
1.305914e+01 1.471144e+00 -8.688855e-02
1.305914e+01 1.588542e+00 -6.744489e-02
1.305914e+01 1.715310e+00 -5.767082e-02
1.305914e+01 1.852193e+00 -4.711677e-02
1.305914e+01 2.000000e+00 -3.572050e-02
1.334032e+01 1.000000e-03 -4.543639e+01
1.334032e+01 1.079801e-03 -4.874083e+01
1.334032e+01 1.165970e-03 -5.225628e+01
1.334032e+01 1.259016e-03 -5.599037e+01
1.334032e+01 1.359487e-03 -5.994987e+01
1.334032e+01 1.467975e-03 -6.414071e+01
1.334032e+01 1.585121e-03 -6.856774e+01
1.334032e+01 1.711615e-03 -7.323454e+01
1.334032e+01 1.848204e-03 -7.814327e+01
1.334032e+01 1.995693e-03 -8.329433e+01
1.334032e+01 2.154951e-03 -8.868616e+01
1.334032e+01 2.326918e-03 -9.431501e+01
1.334032e+01 2.512609e-03 -1.001738e+02
1.334032e+01 2.713117e-03 -1.062515e+02
1.334032e+01 2.929627e-03 -1.125338e+02
1.334032e+01 3.163414e-03 -1.190012e+02
1.334032e+01 3.415858e-03 -1.256285e+02
1.334032e+01 3.688447e-03 -1.323858e+02
1.334032e+01 3.982789e-03 -1.392364e+02
1.334032e+01 4.300619e-03 -1.461369e+02
1.334032e+01 4.643813e-03 -1.530381e+02
1.334032e+01 5.014394e-03 -1.598814e+02
1.334032e+01 5.414548e-03 -1.665991e+02
1.334032e+01 5.846635e-03 -1.731171e+02
1.334032e+01 6.313202e-03 -1.793503e+02
1.334032e+01 6.817002e-03 -1.852030e+02
1.334032e+01 7.361006e-03 -1.905748e+02
1.334032e+01 7.948422e-03 -1.953530e+02
1.334032e+01 8.582714e-03 -1.994152e+02
1.334032e+01 9.267624e-03 -2.026397e+02
1.334032e+01 1.000719e-02 -2.048976e+02
1.334032e+01 1.080577e-02 -2.060588e+02
1.334032e+01 1.166809e-02 -2.060067e+02
1.334032e+01 1.259921e-02 -2.046370e+02
1.334032e+01 1.360464e-02 -2.018657e+02
1.334032e+01 1.469030e-02 -1.976430e+02
1.334032e+01 1.586261e-02 -1.919792e+02
1.334032e+01 1.712846e-02 -1.849416e+02
1.334032e+01 1.849533e-02 -1.766411e+02
1.334032e+01 1.997127e-02 -1.673171e+02
1.334032e+01 2.156500e-02 -1.572901e+02
1.334032e+01 2.328591e-02 -1.468690e+02
1.334032e+01 2.514415e-02 -1.364789e+02
1.334032e+01 2.715068e-02 -1.265733e+02
1.334032e+01 2.931733e-02 -1.174928e+02
1.334032e+01 3.165689e-02 -1.094867e+02
1.334032e+01 3.418314e-02 -1.027054e+02
1.334032e+01 3.691099e-02 -9.704390e+01
1.334032e+01 3.985652e-02 -9.215941e+01
1.334032e+01 4.303711e-02 -8.747664e+01
1.334032e+01 4.647152e-02 -8.229727e+01
1.334032e+01 5.017999e-02 -7.602758e+01
1.334032e+01 5.418441e-02 -7.007875e+01
1.334032e+01 5.850838e-02 -6.617781e+01
1.334032e+01 6.317741e-02 -6.196558e+01
1.334032e+01 6.821903e-02 -5.741721e+01
1.334032e+01 7.366298e-02 -5.256436e+01
1.334032e+01 7.954136e-02 -4.792155e+01
1.334032e+01 8.588885e-02 -4.290824e+01
1.334032e+01 9.274286e-02 -3.749486e+01
1.334032e+01 1.001438e-01 -3.164949e+01
1.334032e+01 1.081354e-01 -2.810092e+01
1.334032e+01 1.167647e-01 -2.558754e+01
1.334032e+01 1.260827e-01 -2.287359e+01
1.334032e+01 1.361442e-01 -1.994306e+01
1.334032e+01 1.470087e-01 -1.711351e+01
1.334032e+01 1.587401e-01 -1.548453e+01
1.334032e+01 1.714077e-01 -1.372556e+01
1.334032e+01 1.850862e-01 -1.182621e+01
1.334032e+01 1.998563e-01 -9.775300e+00
1.334032e+01 2.158051e-01 -8.675383e+00
1.334032e+01 2.330265e-01 -7.710338e+00
1.334032e+01 2.516223e-01 -6.668282e+00
1.334032e+01 2.717020e-01 -5.543069e+00
1.334032e+01 2.933841e-01 -4.663677e+00
1.334032e+01 3.167964e-01 -4.140652e+00
1.334032e+01 3.420771e-01 -3.575889e+00
1.334032e+01 3.693752e-01 -2.966057e+00
1.334032e+01 3.988518e-01 -2.337410e+00
1.334032e+01 4.306805e-01 -2.077288e+00
1.334032e+01 4.650493e-01 -1.796407e+00
1.334032e+01 5.021607e-01 -1.493112e+00
1.334032e+01 5.422336e-01 -1.165614e+00
1.334032e+01 5.855044e-01 -9.746449e-01
1.334032e+01 6.322283e-01 -8.442385e-01
1.334032e+01 6.826808e-01 -7.034255e-01
1.334032e+01 7.371594e-01 -5.513755e-01
1.334032e+01 7.959855e-01 -4.228463e-01
1.334032e+01 8.595059e-01 -3.679581e-01
1.334032e+01 9.280954e-01 -3.086897e-01
1.334032e+01 1.002158e+00 -2.446917e-01
1.334032e+01 1.082132e+00 -1.755865e-01
1.334032e+01 1.168487e+00 -1.508026e-01
1.334032e+01 1.261733e+00 -1.282855e-01
1.334032e+01 1.362421e+00 -1.039714e-01
1.334032e+01 1.471144e+00 -7.771707e-02
1.334032e+01 1.588542e+00 -6.056163e-02
1.334032e+01 1.715310e+00 -5.183797e-02
1.334032e+01 1.852193e+00 -4.241816e-02
1.334032e+01 2.000000e+00 -3.224664e-02
1.362713e+01 1.000000e-03 -3.755673e+01
1.362713e+01 1.079801e-03 -4.028889e+01
1.362713e+01 1.165970e-03 -4.319563e+01
1.362713e+01 1.259016e-03 -4.628326e+01
1.362713e+01 1.359487e-03 -4.955738e+01
1.362713e+01 1.467975e-03 -5.302288e+01
1.362713e+01 1.585121e-03 -5.668376e+01
1.362713e+01 1.711615e-03 -6.054294e+01
1.362713e+01 1.848204e-03 -6.460215e+01
1.362713e+01 1.995693e-03 -6.886172e+01
1.362713e+01 2.154951e-03 -7.332031e+01
1.362713e+01 2.326918e-03 -7.797480e+01
1.362713e+01 2.512609e-03 -8.281929e+01
1.362713e+01 2.713117e-03 -8.784478e+01
1.362713e+01 2.929627e-03 -9.303945e+01
1.362713e+01 3.163414e-03 -9.838716e+01
1.362713e+01 3.415858e-03 -1.038671e+02
1.362713e+01 3.688447e-03 -1.094544e+02
1.362713e+01 3.982789e-03 -1.151189e+02
1.362713e+01 4.300619e-03 -1.208247e+02
1.362713e+01 4.643813e-03 -1.265309e+02
1.362713e+01 5.014394e-03 -1.321893e+02
1.362713e+01 5.414548e-03 -1.377438e+02
1.362713e+01 5.846635e-03 -1.431333e+02
1.362713e+01 6.313202e-03 -1.482871e+02
1.362713e+01 6.817002e-03 -1.531264e+02
1.362713e+01 7.361006e-03 -1.575681e+02
1.362713e+01 7.948422e-03 -1.615189e+02
1.362713e+01 8.582714e-03 -1.648777e+02
1.362713e+01 9.267624e-03 -1.675439e+02
1.362713e+01 1.000719e-02 -1.694109e+02
1.362713e+01 1.080577e-02 -1.703711e+02
1.362713e+01 1.166809e-02 -1.703281e+02
1.362713e+01 1.259921e-02 -1.691958e+02
1.362713e+01 1.360464e-02 -1.669045e+02
1.362713e+01 1.469030e-02 -1.634133e+02
1.362713e+01 1.586261e-02 -1.587305e+02
1.362713e+01 1.712846e-02 -1.529117e+02
1.362713e+01 1.849533e-02 -1.460488e+02
1.362713e+01 1.997127e-02 -1.383397e+02
1.362713e+01 2.156500e-02 -1.300492e+02
1.362713e+01 2.328591e-02 -1.214330e+02
1.362713e+01 2.514415e-02 -1.128424e+02
1.362713e+01 2.715068e-02 -1.046523e+02
1.362713e+01 2.931733e-02 -9.714441e+01
1.362713e+01 3.165689e-02 -9.052494e+01
1.362713e+01 3.418314e-02 -8.491805e+01
1.362713e+01 3.691099e-02 -8.023706e+01
1.362713e+01 3.985652e-02 -7.619851e+01
1.362713e+01 4.303711e-02 -7.232673e+01
1.362713e+01 4.647152e-02 -6.804437e+01
1.362713e+01 5.017999e-02 -6.286052e+01
1.362713e+01 5.418441e-02 -5.795231e+01
1.362713e+01 5.850838e-02 -5.475580e+01
1.362713e+01 6.317741e-02 -5.130422e+01
1.362713e+01 6.821903e-02 -4.757719e+01
1.362713e+01 7.366298e-02 -4.359668e+01
1.362713e+01 7.954136e-02 -3.974727e+01
1.362713e+01 8.588885e-02 -3.559068e+01
1.362713e+01 9.274286e-02 -3.110238e+01
1.362713e+01 1.001438e-01 -2.625591e+01
1.362713e+01 1.081354e-01 -2.331118e+01
1.362713e+01 1.167647e-01 -2.122330e+01
1.362713e+01 1.260827e-01 -1.896881e+01
1.362713e+01 1.361442e-01 -1.653441e+01
1.362713e+01 1.470087e-01 -1.418496e+01
1.362713e+01 1.587401e-01 -1.283748e+01
1.362713e+01 1.714077e-01 -1.138246e+01
1.362713e+01 1.850862e-01 -9.811325e+00
1.362713e+01 1.998563e-01 -8.114816e+00
1.362713e+01 2.158051e-01 -7.204770e+00
1.362713e+01 2.330265e-01 -6.406236e+00
1.362713e+01 2.516223e-01 -5.543977e+00
1.362713e+01 2.717020e-01 -4.612909e+00
1.362713e+01 2.933841e-01 -3.885216e+00
1.362713e+01 3.167964e-01 -3.452359e+00
1.362713e+01 3.420771e-01 -2.984960e+00
1.362713e+01 3.693752e-01 -2.480262e+00
1.362713e+01 3.988518e-01 -1.959919e+00
1.362713e+01 4.306805e-01 -1.743553e+00
1.362713e+01 4.650493e-01 -1.509920e+00
1.362713e+01 5.021607e-01 -1.257642e+00
1.362713e+01 5.422336e-01 -9.852331e-01
1.362713e+01 5.855044e-01 -8.260675e-01
1.362713e+01 6.322283e-01 -7.171032e-01
1.362713e+01 6.826808e-01 -5.994434e-01
1.362713e+01 7.371594e-01 -4.723942e-01
1.362713e+01 7.959855e-01 -3.647192e-01
1.362713e+01 8.595059e-01 -3.178975e-01
1.362713e+01 9.280954e-01 -2.673393e-01
1.362713e+01 1.002158e+00 -2.127466e-01
1.362713e+01 1.082132e+00 -1.537973e-01
1.362713e+01 1.168487e+00 -1.323745e-01
1.362713e+01 1.261733e+00 -1.128391e-01
1.362713e+01 1.362421e+00 -9.174462e-02
1.362713e+01 1.471144e+00 -6.896683e-02
1.362713e+01 1.588542e+00 -5.399759e-02
1.362713e+01 1.715310e+00 -4.626194e-02
1.362713e+01 1.852193e+00 -3.790898e-02
1.362713e+01 2.000000e+00 -2.888945e-02
1.391967e+01 1.000000e-03 -3.096178e+01
1.391967e+01 1.079801e-03 -3.321483e+01
1.391967e+01 1.165970e-03 -3.561193e+01
1.391967e+01 1.259016e-03 -3.815831e+01
1.391967e+01 1.359487e-03 -4.085857e+01
1.391967e+01 1.467975e-03 -4.371674e+01
1.391967e+01 1.585121e-03 -4.673611e+01
1.391967e+01 1.711615e-03 -4.991906e+01
1.391967e+01 1.848204e-03 -5.326698e+01
1.391967e+01 1.995693e-03 -5.678011e+01
1.391967e+01 2.154951e-03 -6.045733e+01
1.391967e+01 2.326918e-03 -6.429604e+01
1.391967e+01 2.512609e-03 -6.829135e+01
1.391967e+01 2.713117e-03 -7.243589e+01
1.391967e+01 2.929627e-03 -7.671994e+01
1.391967e+01 3.163414e-03 -8.113020e+01
1.391967e+01 3.415858e-03 -8.564949e+01
1.391967e+01 3.688447e-03 -9.025735e+01
1.391967e+01 3.982789e-03 -9.492881e+01
1.391967e+01 4.300619e-03 -9.963426e+01
1.391967e+01 4.643813e-03 -1.043401e+02
1.391967e+01 5.014394e-03 -1.090065e+02
1.391967e+01 5.414548e-03 -1.135871e+02
1.391967e+01 5.846635e-03 -1.180317e+02
1.391967e+01 6.313202e-03 -1.222820e+02
1.391967e+01 6.817002e-03 -1.262728e+02
1.391967e+01 7.361006e-03 -1.299357e+02
1.391967e+01 7.948422e-03 -1.331938e+02
1.391967e+01 8.582714e-03 -1.359638e+02
1.391967e+01 9.267624e-03 -1.381626e+02
1.391967e+01 1.000719e-02 -1.397023e+02
1.391967e+01 1.080577e-02 -1.404943e+02
1.391967e+01 1.166809e-02 -1.404589e+02
1.391967e+01 1.259921e-02 -1.395252e+02
1.391967e+01 1.360464e-02 -1.376358e+02
1.391967e+01 1.469030e-02 -1.347568e+02
1.391967e+01 1.586261e-02 -1.308953e+02
1.391967e+01 1.712846e-02 -1.260970e+02
1.391967e+01 1.849533e-02 -1.204376e+02
1.391967e+01 1.997127e-02 -1.140804e+02
1.391967e+01 2.156500e-02 -1.072438e+02
1.391967e+01 2.328591e-02 -1.001385e+02
1.391967e+01 2.514415e-02 -9.305436e+01
1.391967e+01 2.715068e-02 -8.630053e+01
1.391967e+01 2.931733e-02 -8.010919e+01
1.391967e+01 3.165689e-02 -7.465051e+01
1.391967e+01 3.418314e-02 -7.002685e+01
1.391967e+01 3.691099e-02 -6.616672e+01
1.391967e+01 3.985652e-02 -6.283636e+01
1.391967e+01 4.303711e-02 -5.964354e+01
1.391967e+01 4.647152e-02 -5.611213e+01
1.391967e+01 5.017999e-02 -5.183732e+01
1.391967e+01 5.418441e-02 -4.778597e+01
1.391967e+01 5.850838e-02 -4.513931e+01
1.391967e+01 6.317741e-02 -4.228143e+01
1.391967e+01 6.821903e-02 -3.919550e+01
1.391967e+01 7.366298e-02 -3.590086e+01
1.391967e+01 7.954136e-02 -3.272669e+01
1.391967e+01 8.588885e-02 -2.929923e+01
1.391967e+01 9.274286e-02 -2.559825e+01
1.391967e+01 1.001438e-01 -2.160194e+01
1.391967e+01 1.081354e-01 -1.917666e+01
1.391967e+01 1.167647e-01 -1.745954e+01
1.391967e+01 1.260827e-01 -1.560539e+01
1.391967e+01 1.361442e-01 -1.360327e+01
1.391967e+01 1.470087e-01 -1.167193e+01
1.391967e+01 1.587401e-01 -1.056854e+01
1.391967e+01 1.714077e-01 -9.377090e+00
1.391967e+01 1.850862e-01 -8.090563e+00
1.391967e+01 1.998563e-01 -6.701370e+00
1.391967e+01 2.158051e-01 -5.952048e+00
1.391967e+01 2.330265e-01 -5.292883e+00
1.391967e+01 2.516223e-01 -4.581115e+00
1.391967e+01 2.717020e-01 -3.812549e+00
1.391967e+01 2.933841e-01 -3.212607e+00
1.391967e+01 3.167964e-01 -2.857050e+00
1.391967e+01 3.420771e-01 -2.473119e+00
1.391967e+01 3.693752e-01 -2.058549e+00
1.391967e+01 3.988518e-01 -1.631072e+00
1.391967e+01 4.306805e-01 -1.452470e+00
1.391967e+01 4.650493e-01 -1.259616e+00
1.391967e+01 5.021607e-01 -1.051372e+00
1.391967e+01 5.422336e-01 -8.265091e-01
1.391967e+01 5.855044e-01 -6.948223e-01
1.391967e+01 6.322283e-01 -6.044095e-01
1.391967e+01 6.826808e-01 -5.067817e-01
1.391967e+01 7.371594e-01 -4.013632e-01
1.391967e+01 7.959855e-01 -3.118280e-01
1.391967e+01 8.595059e-01 -2.723178e-01
1.391967e+01 9.280954e-01 -2.296548e-01
1.391967e+01 1.002158e+00 -1.835871e-01
1.391967e+01 1.082132e+00 -1.338432e-01
1.391967e+01 1.168487e+00 -1.154477e-01
1.391967e+01 1.261733e+00 -9.859233e-02
1.391967e+01 1.362421e+00 -8.039185e-02
1.391967e+01 1.471144e+00 -6.073895e-02
1.391967e+01 1.588542e+00 -4.776467e-02
1.391967e+01 1.715310e+00 -4.097558e-02
1.391967e+01 1.852193e+00 -3.364470e-02
1.391967e+01 2.000000e+00 -2.572881e-02
1.421806e+01 1.000000e-03 -2.534247e+01
1.421806e+01 1.079801e-03 -2.718715e+01
1.421806e+01 1.165970e-03 -2.914984e+01
1.421806e+01 1.259016e-03 -3.123485e+01
1.421806e+01 1.359487e-03 -3.344593e+01
1.421806e+01 1.467975e-03 -3.578638e+01
1.421806e+01 1.585121e-03 -3.825888e+01
1.421806e+01 1.711615e-03 -4.086536e+01
1.421806e+01 1.848204e-03 -4.360694e+01
1.421806e+01 1.995693e-03 -4.648376e+01
1.421806e+01 2.154951e-03 -4.949491e+01
1.421806e+01 2.326918e-03 -5.263823e+01
1.421806e+01 2.512609e-03 -5.590971e+01
1.421806e+01 2.713117e-03 -5.930334e+01
1.421806e+01 2.929627e-03 -6.281118e+01
1.421806e+01 3.163414e-03 -6.642237e+01
1.421806e+01 3.415858e-03 -7.012282e+01
1.421806e+01 3.688447e-03 -7.389578e+01
1.421806e+01 3.982789e-03 -7.772080e+01
1.421806e+01 4.300619e-03 -8.157362e+01
1.421806e+01 4.643813e-03 -8.542676e+01
1.421806e+01 5.014394e-03 -8.924755e+01
1.421806e+01 5.414548e-03 -9.299818e+01
1.421806e+01 5.846635e-03 -9.663734e+01
1.421806e+01 6.313202e-03 -1.001174e+02
1.421806e+01 6.817002e-03 -1.033851e+02
1.421806e+01 7.361006e-03 -1.063842e+02
1.421806e+01 7.948422e-03 -1.090519e+02
1.421806e+01 8.582714e-03 -1.113199e+02
1.421806e+01 9.267624e-03 -1.131203e+02
1.421806e+01 1.000719e-02 -1.143811e+02
1.421806e+01 1.080577e-02 -1.150297e+02
1.421806e+01 1.166809e-02 -1.150008e+02
1.421806e+01 1.259921e-02 -1.142364e+02
1.421806e+01 1.360464e-02 -1.126895e+02
1.421806e+01 1.469030e-02 -1.103323e+02
1.421806e+01 1.586261e-02 -1.071707e+02
1.421806e+01 1.712846e-02 -1.032421e+02
1.421806e+01 1.849533e-02 -9.860855e+01
1.421806e+01 1.997127e-02 -9.340362e+01
1.421806e+01 2.156500e-02 -8.780613e+01
1.421806e+01 2.328591e-02 -8.198870e+01
1.421806e+01 2.514415e-02 -7.618854e+01
1.421806e+01 2.715068e-02 -7.065883e+01
1.421806e+01 2.931733e-02 -6.558966e+01
1.421806e+01 3.165689e-02 -6.112035e+01
1.421806e+01 3.418314e-02 -5.733471e+01
1.421806e+01 3.691099e-02 -5.417422e+01
1.421806e+01 3.985652e-02 -5.144748e+01
1.421806e+01 4.303711e-02 -4.883334e+01
1.421806e+01 4.647152e-02 -4.594199e+01
1.421806e+01 5.017999e-02 -4.244198e+01
1.421806e+01 5.418441e-02 -3.911725e+01
1.421806e+01 5.850838e-02 -3.692892e+01
1.421806e+01 6.317741e-02 -3.456596e+01
1.421806e+01 6.821903e-02 -3.201443e+01
1.421806e+01 7.366298e-02 -2.929463e+01
1.421806e+01 7.954136e-02 -2.671859e+01
1.421806e+01 8.588885e-02 -2.393698e+01
1.421806e+01 9.274286e-02 -2.093340e+01
1.421806e+01 1.001438e-01 -1.769013e+01
1.421806e+01 1.081354e-01 -1.571070e+01
1.421806e+01 1.167647e-01 -1.429978e+01
1.421806e+01 1.260827e-01 -1.277626e+01
1.421806e+01 1.361442e-01 -1.113116e+01
1.421806e+01 1.470087e-01 -9.545520e+00
1.421806e+01 1.587401e-01 -8.645826e+00
1.421806e+01 1.714077e-01 -7.674336e+00
1.421806e+01 1.850862e-01 -6.625319e+00
1.421806e+01 1.998563e-01 -5.492590e+00
1.421806e+01 2.158051e-01 -4.879785e+00
1.421806e+01 2.330265e-01 -4.339984e+00
1.421806e+01 2.516223e-01 -3.757106e+00
1.421806e+01 2.717020e-01 -3.127714e+00
1.421806e+01 2.933841e-01 -2.636867e+00
1.421806e+01 3.167964e-01 -2.346764e+00
1.421806e+01 3.420771e-01 -2.033510e+00
1.421806e+01 3.693752e-01 -1.695258e+00
1.421806e+01 3.988518e-01 -1.346447e+00
1.421806e+01 4.306805e-01 -1.200294e+00
1.421806e+01 4.650493e-01 -1.042479e+00
1.421806e+01 5.021607e-01 -8.720692e-01
1.421806e+01 5.422336e-01 -6.880610e-01
1.421806e+01 5.855044e-01 -5.800051e-01
1.421806e+01 6.322283e-01 -5.055635e-01
1.421806e+01 6.826808e-01 -4.251814e-01
1.421806e+01 7.371594e-01 -3.383847e-01
1.421806e+01 7.959855e-01 -2.645019e-01
1.421806e+01 8.595059e-01 -2.314089e-01
1.421806e+01 9.280954e-01 -1.956750e-01
1.421806e+01 1.002158e+00 -1.570895e-01
1.421806e+01 1.082132e+00 -1.154249e-01
1.421806e+01 1.168487e+00 -9.979425e-02
1.421806e+01 1.261733e+00 -8.541676e-02
1.421806e+01 1.362421e+00 -6.989194e-02
1.421806e+01 1.471144e+00 -5.312822e-02
1.421806e+01 1.588542e+00 -4.199687e-02
1.421806e+01 1.715310e+00 -3.607984e-02
1.421806e+01 1.852193e+00 -2.969063e-02
1.421806e+01 2.000000e+00 -2.279155e-02
1.452242e+01 1.000000e-03 -2.053864e+01
1.452242e+01 1.079801e-03 -2.203408e+01
1.452242e+01 1.165970e-03 -2.362527e+01
1.452242e+01 1.259016e-03 -2.531569e+01
1.452242e+01 1.359487e-03 -2.710838e+01
1.452242e+01 1.467975e-03 -2.900603e+01
1.452242e+01 1.585121e-03 -3.101078e+01
1.452242e+01 1.711615e-03 -3.312418e+01
1.452242e+01 1.848204e-03 -3.534713e+01
1.452242e+01 1.995693e-03 -3.767973e+01
1.452242e+01 2.154951e-03 -4.012120e+01
1.452242e+01 2.326918e-03 -4.266977e+01
1.452242e+01 2.512609e-03 -4.532220e+01
1.452242e+01 2.713117e-03 -4.807363e+01
1.452242e+01 2.929627e-03 -5.091763e+01
1.452242e+01 3.163414e-03 -5.384542e+01
1.452242e+01 3.415858e-03 -5.684558e+01
1.452242e+01 3.688447e-03 -5.990450e+01
1.452242e+01 3.982789e-03 -6.300562e+01
1.452242e+01 4.300619e-03 -6.612928e+01
1.452242e+01 4.643813e-03 -6.925317e+01
1.452242e+01 5.014394e-03 -7.235082e+01
1.452242e+01 5.414548e-03 -7.539158e+01
1.452242e+01 5.846635e-03 -7.834196e+01
1.452242e+01 6.313202e-03 -8.116337e+01
1.452242e+01 6.817002e-03 -8.381256e+01
1.452242e+01 7.361006e-03 -8.624405e+01
1.452242e+01 7.948422e-03 -8.840683e+01
1.452242e+01 8.582714e-03 -9.024558e+01
1.452242e+01 9.267624e-03 -9.170524e+01
1.452242e+01 1.000719e-02 -9.272748e+01
1.452242e+01 1.080577e-02 -9.325333e+01
1.452242e+01 1.166809e-02 -9.323000e+01
1.452242e+01 1.259921e-02 -9.261033e+01
1.452242e+01 1.360464e-02 -9.135630e+01
1.452242e+01 1.469030e-02 -8.944543e+01
1.452242e+01 1.586261e-02 -8.688238e+01
1.452242e+01 1.712846e-02 -8.369755e+01
1.452242e+01 1.849533e-02 -7.994118e+01
1.452242e+01 1.997127e-02 -7.572160e+01
1.452242e+01 2.156500e-02 -7.118378e+01
1.452242e+01 2.328591e-02 -6.646765e+01
1.452242e+01 2.514415e-02 -6.176551e+01
1.452242e+01 2.715068e-02 -5.728262e+01
1.452242e+01 2.931733e-02 -5.317308e+01
1.452242e+01 3.165689e-02 -4.954985e+01
1.452242e+01 3.418314e-02 -4.648086e+01
1.452242e+01 3.691099e-02 -4.391867e+01
1.452242e+01 3.985652e-02 -4.170812e+01
1.452242e+01 4.303711e-02 -3.958886e+01
1.452242e+01 4.647152e-02 -3.724486e+01
1.452242e+01 5.017999e-02 -3.440742e+01
1.452242e+01 5.418441e-02 -3.172088e+01
1.452242e+01 5.850838e-02 -2.997130e+01
1.452242e+01 6.317741e-02 -2.808210e+01
1.452242e+01 6.821903e-02 -2.604213e+01
1.452242e+01 7.366298e-02 -2.386387e+01
1.452242e+01 7.954136e-02 -2.176187e+01
1.452242e+01 8.588885e-02 -1.949213e+01
1.452242e+01 9.274286e-02 -1.704126e+01
1.452242e+01 1.001438e-01 -1.439480e+01
1.452242e+01 1.081354e-01 -1.277744e+01
1.452242e+01 1.167647e-01 -1.162275e+01
1.452242e+01 1.260827e-01 -1.037591e+01
1.452242e+01 1.361442e-01 -9.029569e+00
1.452242e+01 1.470087e-01 -7.733899e+00
1.452242e+01 1.587401e-01 -7.008341e+00
1.452242e+01 1.714077e-01 -6.224882e+00
1.452242e+01 1.850862e-01 -5.378902e+00
1.452242e+01 1.998563e-01 -4.465412e+00
1.452242e+01 2.158051e-01 -3.969555e+00
1.452242e+01 2.330265e-01 -3.532110e+00
1.452242e+01 2.516223e-01 -3.059755e+00
1.452242e+01 2.717020e-01 -2.549706e+00
1.452242e+01 2.933841e-01 -2.151558e+00
1.452242e+01 3.167964e-01 -1.915586e+00
1.452242e+01 3.420771e-01 -1.660783e+00
1.452242e+01 3.693752e-01 -1.385646e+00
1.452242e+01 3.988518e-01 -1.101933e+00
1.452242e+01 4.306805e-01 -9.832519e-01
1.452242e+01 4.650493e-01 -8.550998e-01
1.452242e+01 5.021607e-01 -7.167211e-01
1.452242e+01 5.422336e-01 -5.672996e-01
1.452242e+01 5.855044e-01 -4.793937e-01
1.452242e+01 6.322283e-01 -4.186961e-01
1.452242e+01 6.826808e-01 -3.531549e-01
1.452242e+01 7.371594e-01 -2.823834e-01
1.452242e+01 7.959855e-01 -2.220095e-01
1.452242e+01 8.595059e-01 -1.945733e-01
1.452242e+01 9.280954e-01 -1.649477e-01
1.452242e+01 1.002158e+00 -1.329580e-01
1.452242e+01 1.082132e+00 -9.841546e-02
1.452242e+01 1.168487e+00 -8.528122e-02
1.452242e+01 1.261733e+00 -7.315698e-02
1.452242e+01 1.362421e+00 -6.006521e-02
1.452242e+01 1.471144e+00 -4.592871e-02
1.452242e+01 1.588542e+00 -3.648281e-02
1.452242e+01 1.715310e+00 -3.137762e-02
1.452242e+01 1.852193e+00 -2.586504e-02
1.452242e+01 2.000000e+00 -1.991254e-02
1.483287e+01 1.000000e-03 -1.667483e+01
1.483287e+01 1.079801e-03 -1.788931e+01
1.483287e+01 1.165970e-03 -1.918160e+01
1.483287e+01 1.259016e-03 -2.055453e+01
1.483287e+01 1.359487e-03 -2.201059e+01
1.483287e+01 1.467975e-03 -2.355193e+01
1.483287e+01 1.585121e-03 -2.518031e+01
1.483287e+01 1.711615e-03 -2.689697e+01
1.483287e+01 1.848204e-03 -2.870262e+01
1.483287e+01 1.995693e-03 -3.059731e+01
1.483287e+01 2.154951e-03 -3.258041e+01
1.483287e+01 2.326918e-03 -3.465045e+01
1.483287e+01 2.512609e-03 -3.680480e+01
1.483287e+01 2.713117e-03 -3.903952e+01
1.483287e+01 2.929627e-03 -4.134942e+01
1.483287e+01 3.163414e-03 -4.372737e+01
1.483287e+01 3.415858e-03 -4.616408e+01
1.483287e+01 3.688447e-03 -4.864852e+01
1.483287e+01 3.982789e-03 -5.116722e+01
1.483287e+01 4.300619e-03 -5.370420e+01
1.483287e+01 4.643813e-03 -5.624137e+01
1.483287e+01 5.014394e-03 -5.875721e+01
1.483287e+01 5.414548e-03 -6.122685e+01
1.483287e+01 5.846635e-03 -6.362307e+01
1.483287e+01 6.313202e-03 -6.591454e+01
1.483287e+01 6.817002e-03 -6.806613e+01
1.483287e+01 7.361006e-03 -7.004092e+01
1.483287e+01 7.948422e-03 -7.179747e+01
1.483287e+01 8.582714e-03 -7.329085e+01
1.483287e+01 9.267624e-03 -7.447637e+01
1.483287e+01 1.000719e-02 -7.530664e+01
1.483287e+01 1.080577e-02 -7.573377e+01
1.483287e+01 1.166809e-02 -7.571488e+01
1.483287e+01 1.259921e-02 -7.521167e+01
1.483287e+01 1.360464e-02 -7.419328e+01
1.483287e+01 1.469030e-02 -7.264144e+01
1.483287e+01 1.586261e-02 -7.055994e+01
1.483287e+01 1.712846e-02 -6.797347e+01
1.483287e+01 1.849533e-02 -6.492283e+01
1.483287e+01 1.997127e-02 -6.149599e+01
1.483287e+01 2.156500e-02 -5.781069e+01
1.483287e+01 2.328591e-02 -5.398058e+01
1.483287e+01 2.514415e-02 -5.016182e+01
1.483287e+01 2.715068e-02 -4.652113e+01
1.483287e+01 2.931733e-02 -4.318364e+01
1.483287e+01 3.165689e-02 -4.024110e+01
1.483287e+01 3.418314e-02 -3.774867e+01
1.483287e+01 3.691099e-02 -3.566783e+01
1.483287e+01 3.985652e-02 -3.387256e+01
1.483287e+01 4.303711e-02 -3.215144e+01
1.483287e+01 4.647152e-02 -3.024780e+01
1.483287e+01 5.017999e-02 -2.794342e+01
1.483287e+01 5.418441e-02 -2.574759e+01
1.483287e+01 5.850838e-02 -2.428771e+01
1.483287e+01 6.317741e-02 -2.271133e+01
1.483287e+01 6.821903e-02 -2.100915e+01
1.483287e+01 7.366298e-02 -1.919742e+01
1.483287e+01 7.954136e-02 -1.750955e+01
1.483287e+01 8.588885e-02 -1.568699e+01
1.483287e+01 9.274286e-02 -1.371898e+01
1.483287e+01 1.001438e-01 -1.159392e+01
1.483287e+01 1.081354e-01 -1.029533e+01
1.483287e+01 1.167647e-01 -9.368318e+00
1.483287e+01 1.260827e-01 -8.367333e+00
1.483287e+01 1.361442e-01 -7.286469e+00
1.483287e+01 1.470087e-01 -6.245696e+00
1.483287e+01 1.587401e-01 -5.660073e+00
1.483287e+01 1.714077e-01 -5.027717e+00
1.483287e+01 1.850862e-01 -4.344898e+00
1.483287e+01 1.998563e-01 -3.607590e+00
1.483287e+01 2.158051e-01 -3.207610e+00
1.483287e+01 2.330265e-01 -2.854843e+00
1.483287e+01 2.516223e-01 -2.473926e+00
1.483287e+01 2.717020e-01 -2.062610e+00
1.483287e+01 2.933841e-01 -1.741516e+00
1.483287e+01 3.167964e-01 -1.551181e+00
1.483287e+01 3.420771e-01 -1.345656e+00
1.483287e+01 3.693752e-01 -1.123731e+00
1.483287e+01 3.988518e-01 -8.949122e-01
1.483287e+01 4.306805e-01 -7.995603e-01
1.483287e+01 4.650493e-01 -6.965992e-01
1.483287e+01 5.021607e-01 -5.854217e-01
1.483287e+01 5.422336e-01 -4.653722e-01
1.483287e+01 5.855044e-01 -3.943901e-01
1.483287e+01 6.322283e-01 -3.450738e-01
1.483287e+01 6.826808e-01 -2.918220e-01
1.483287e+01 7.371594e-01 -2.343206e-01
1.483287e+01 7.959855e-01 -1.851859e-01
1.483287e+01 8.595059e-01 -1.626148e-01
1.483287e+01 9.280954e-01 -1.382425e-01
1.483287e+01 1.002158e+00 -1.119252e-01
1.483287e+01 1.082132e+00 -8.350787e-02
1.483287e+01 1.168487e+00 -7.254124e-02
1.483287e+01 1.261733e+00 -6.237888e-02
1.483287e+01 1.362421e+00 -5.140556e-02
1.483287e+01 1.471144e+00 -3.955655e-02
1.483287e+01 1.588542e+00 -3.159086e-02
1.483287e+01 1.715310e+00 -2.721739e-02
1.483287e+01 1.852193e+00 -2.249491e-02
1.483287e+01 2.000000e+00 -1.739557e-02
1.514953e+01 1.000000e-03 -1.322279e+01
1.514953e+01 1.079801e-03 -1.418614e+01
1.514953e+01 1.165970e-03 -1.521125e+01
1.514953e+01 1.259016e-03 -1.630038e+01
1.514953e+01 1.359487e-03 -1.745549e+01
1.514953e+01 1.467975e-03 -1.867830e+01
1.514953e+01 1.585121e-03 -1.997019e+01
1.514953e+01 1.711615e-03 -2.133215e+01
1.514953e+01 1.848204e-03 -2.276471e+01
1.514953e+01 1.995693e-03 -2.426791e+01
1.514953e+01 2.154951e-03 -2.584122e+01
1.514953e+01 2.326918e-03 -2.748348e+01
1.514953e+01 2.512609e-03 -2.919258e+01
1.514953e+01 2.713117e-03 -3.096540e+01
1.514953e+01 2.929627e-03 -3.279786e+01
1.514953e+01 3.163414e-03 -3.468429e+01
1.514953e+01 3.415858e-03 -3.661733e+01
1.514953e+01 3.688447e-03 -3.858822e+01
1.514953e+01 3.982789e-03 -4.058629e+01
1.514953e+01 4.300619e-03 -4.259887e+01
1.514953e+01 4.643813e-03 -4.461157e+01
1.514953e+01 5.014394e-03 -4.660734e+01
1.514953e+01 5.414548e-03 -4.856645e+01
1.514953e+01 5.846635e-03 -5.046732e+01
1.514953e+01 6.313202e-03 -5.228509e+01
1.514953e+01 6.817002e-03 -5.399190e+01
1.514953e+01 7.361006e-03 -5.555845e+01
1.514953e+01 7.948422e-03 -5.695188e+01
1.514953e+01 8.582714e-03 -5.813655e+01
1.514953e+01 9.267624e-03 -5.907701e+01
1.514953e+01 1.000719e-02 -5.973567e+01
1.514953e+01 1.080577e-02 -6.007454e+01
1.514953e+01 1.166809e-02 -6.005960e+01
1.514953e+01 1.259921e-02 -5.966048e+01
1.514953e+01 1.360464e-02 -5.885269e+01
1.514953e+01 1.469030e-02 -5.762176e+01
1.514953e+01 1.586261e-02 -5.597067e+01
1.514953e+01 1.712846e-02 -5.391901e+01
1.514953e+01 1.849533e-02 -5.149915e+01
1.514953e+01 1.997127e-02 -4.878087e+01
1.514953e+01 2.156500e-02 -4.585757e+01
1.514953e+01 2.328591e-02 -4.281940e+01
1.514953e+01 2.514415e-02 -3.979023e+01
1.514953e+01 2.715068e-02 -3.690230e+01
1.514953e+01 2.931733e-02 -3.425488e+01
1.514953e+01 3.165689e-02 -3.192075e+01
1.514953e+01 3.418314e-02 -2.994366e+01
1.514953e+01 3.691099e-02 -2.829306e+01
1.514953e+01 3.985652e-02 -2.686899e+01
1.514953e+01 4.303711e-02 -2.550373e+01
1.514953e+01 4.647152e-02 -2.399369e+01
1.514953e+01 5.017999e-02 -2.216577e+01
1.514953e+01 5.418441e-02 -2.043876e+01
1.514953e+01 5.850838e-02 -1.932194e+01
1.514953e+01 6.317741e-02 -1.811599e+01
1.514953e+01 6.821903e-02 -1.681381e+01
1.514953e+01 7.366298e-02 -1.542185e+01
1.514953e+01 7.954136e-02 -1.406313e+01
1.514953e+01 8.588885e-02 -1.259598e+01
1.514953e+01 9.274286e-02 -1.101175e+01
1.514953e+01 1.001438e-01 -9.301096e+00
1.514953e+01 1.081354e-01 -8.258943e+00
1.514953e+01 1.167647e-01 -7.517696e+00
1.514953e+01 1.260827e-01 -6.717296e+00
1.514953e+01 1.361442e-01 -5.853024e+00
1.514953e+01 1.470087e-01 -5.020619e+00
1.514953e+01 1.587401e-01 -4.551331e+00
1.514953e+01 1.714077e-01 -4.044594e+00
1.514953e+01 1.850862e-01 -3.497418e+00
1.514953e+01 1.998563e-01 -2.906577e+00
1.514953e+01 2.158051e-01 -2.584493e+00
1.514953e+01 2.330265e-01 -2.299806e+00
1.514953e+01 2.516223e-01 -1.992401e+00
1.514953e+01 2.717020e-01 -1.660464e+00
1.514953e+01 2.933841e-01 -1.401937e+00
1.514953e+01 3.167964e-01 -1.249743e+00
1.514953e+01 3.420771e-01 -1.085404e+00
1.514953e+01 3.693752e-01 -9.079506e-01
1.514953e+01 3.988518e-01 -7.249545e-01
1.514953e+01 4.306805e-01 -6.482439e-01
1.514953e+01 4.650493e-01 -5.654117e-01
1.514953e+01 5.021607e-01 -4.759693e-01
1.514953e+01 5.422336e-01 -3.793894e-01
1.514953e+01 5.855044e-01 -3.222370e-01
1.514953e+01 6.322283e-01 -2.824889e-01
1.514953e+01 6.826808e-01 -2.395688e-01
1.514953e+01 7.371594e-01 -1.932237e-01
1.514953e+01 7.959855e-01 -1.535548e-01
1.514953e+01 8.595059e-01 -1.351327e-01
1.514953e+01 9.280954e-01 -1.152405e-01
1.514953e+01 1.002158e+00 -9.376086e-02
1.514953e+01 1.082132e+00 -7.056712e-02
1.514953e+01 1.168487e+00 -6.144580e-02
1.514953e+01 1.261733e+00 -5.295278e-02
1.514953e+01 1.362421e+00 -4.378200e-02
1.514953e+01 1.471144e+00 -3.387939e-02
1.514953e+01 1.588542e+00 -2.719153e-02
1.514953e+01 1.715310e+00 -2.347650e-02
1.514953e+01 1.852193e+00 -1.946501e-02
1.514953e+01 2.000000e+00 -1.513339e-02
1.547252e+01 1.000000e-03 -1.061478e+01
1.547252e+01 1.079801e-03 -1.138835e+01
1.547252e+01 1.165970e-03 -1.221156e+01
1.547252e+01 1.259016e-03 -1.308621e+01
1.547252e+01 1.359487e-03 -1.401389e+01
1.547252e+01 1.467975e-03 -1.499598e+01
1.547252e+01 1.585121e-03 -1.603358e+01
1.547252e+01 1.711615e-03 -1.712746e+01
1.547252e+01 1.848204e-03 -1.827806e+01
1.547252e+01 1.995693e-03 -1.948539e+01
1.547252e+01 2.154951e-03 -2.074902e+01
1.547252e+01 2.326918e-03 -2.206799e+01
1.547252e+01 2.512609e-03 -2.344061e+01
1.547252e+01 2.713117e-03 -2.486439e+01
1.547252e+01 2.929627e-03 -2.633604e+01
1.547252e+01 3.163414e-03 -2.785103e+01
1.547252e+01 3.415858e-03 -2.940345e+01
1.547252e+01 3.688447e-03 -3.098627e+01
1.547252e+01 3.982789e-03 -3.259090e+01
1.547252e+01 4.300619e-03 -3.420718e+01
1.547252e+01 4.643813e-03 -3.582355e+01
1.547252e+01 5.014394e-03 -3.742632e+01
1.547252e+01 5.414548e-03 -3.899963e+01
1.547252e+01 5.846635e-03 -4.052617e+01
1.547252e+01 6.313202e-03 -4.198597e+01
1.547252e+01 6.817002e-03 -4.335666e+01
1.547252e+01 7.361006e-03 -4.461472e+01
1.547252e+01 7.948422e-03 -4.573375e+01
1.547252e+01 8.582714e-03 -4.668513e+01
1.547252e+01 9.267624e-03 -4.744040e+01
1.547252e+01 1.000719e-02 -4.796937e+01
1.547252e+01 1.080577e-02 -4.824153e+01
1.547252e+01 1.166809e-02 -4.822958e+01
1.547252e+01 1.259921e-02 -4.790911e+01
1.547252e+01 1.360464e-02 -4.726047e+01
1.547252e+01 1.469030e-02 -4.627202e+01
1.547252e+01 1.586261e-02 -4.494617e+01
1.547252e+01 1.712846e-02 -4.329865e+01
1.547252e+01 1.849533e-02 -4.135544e+01
1.547252e+01 1.997127e-02 -3.917260e+01
1.547252e+01 2.156500e-02 -3.682510e+01
1.547252e+01 2.328591e-02 -3.438536e+01
1.547252e+01 2.514415e-02 -3.195284e+01
1.547252e+01 2.715068e-02 -2.963375e+01
1.547252e+01 2.931733e-02 -2.750779e+01
1.547252e+01 3.165689e-02 -2.563340e+01
1.547252e+01 3.418314e-02 -2.404574e+01
1.547252e+01 3.691099e-02 -2.272025e+01
1.547252e+01 3.985652e-02 -2.157668e+01
1.547252e+01 4.303711e-02 -2.048033e+01
1.547252e+01 4.647152e-02 -1.926772e+01
1.547252e+01 5.017999e-02 -1.779984e+01
1.547252e+01 5.418441e-02 -1.640628e+01
1.547252e+01 5.850838e-02 -1.549072e+01
1.547252e+01 6.317741e-02 -1.450210e+01
1.547252e+01 6.821903e-02 -1.343460e+01
1.547252e+01 7.366298e-02 -1.229575e+01
1.547252e+01 7.954136e-02 -1.120750e+01
1.547252e+01 8.588885e-02 -1.003241e+01
1.547252e+01 9.274286e-02 -8.763546e+00
1.547252e+01 1.001438e-01 -7.393423e+00
1.547252e+01 1.081354e-01 -6.564908e+00
1.547252e+01 1.167647e-01 -5.980842e+00
1.547252e+01 1.260827e-01 -5.350166e+00
1.547252e+01 1.361442e-01 -4.669163e+00
1.547252e+01 1.470087e-01 -4.012712e+00
1.547252e+01 1.587401e-01 -3.639961e+00
1.547252e+01 1.714077e-01 -3.237464e+00
1.547252e+01 1.850862e-01 -2.802847e+00
1.547252e+01 1.998563e-01 -2.333548e+00
1.547252e+01 2.158051e-01 -2.075558e+00
1.547252e+01 2.330265e-01 -1.846668e+00
1.547252e+01 2.516223e-01 -1.599513e+00
1.547252e+01 2.717020e-01 -1.332635e+00
1.547252e+01 2.933841e-01 -1.124969e+00
1.547252e+01 3.167964e-01 -1.003056e+00
1.547252e+01 3.420771e-01 -8.714133e-01
1.547252e+01 3.693752e-01 -7.292656e-01
1.547252e+01 3.988518e-01 -5.826946e-01
1.547252e+01 4.306805e-01 -5.214937e-01
1.547252e+01 4.650493e-01 -4.554090e-01
1.547252e+01 5.021607e-01 -3.840507e-01
1.547252e+01 5.422336e-01 -3.069978e-01
1.547252e+01 5.855044e-01 -2.613070e-01
1.547252e+01 6.322283e-01 -2.294504e-01
1.547252e+01 6.826808e-01 -1.950516e-01
1.547252e+01 7.371594e-01 -1.579078e-01
1.547252e+01 7.959855e-01 -1.260819e-01
1.547252e+01 8.595059e-01 -1.112045e-01
1.547252e+01 9.280954e-01 -9.513981e-02
1.547252e+01 1.002158e+00 -7.779319e-02
1.547252e+01 1.082132e+00 -5.906228e-02
1.547252e+01 1.168487e+00 -5.154858e-02
1.547252e+01 1.261733e+00 -4.451795e-02
1.547252e+01 1.362421e+00 -3.692627e-02
1.547252e+01 1.471144e+00 -2.872877e-02
1.547252e+01 1.588542e+00 -2.316576e-02
1.547252e+01 1.715310e+00 -2.003817e-02
1.547252e+01 1.852193e+00 -1.666100e-02
1.547252e+01 2.000000e+00 -1.301432e-02
1.580197e+01 1.000000e-03 -8.407482e+00
1.580197e+01 1.079801e-03 -9.020380e+00
1.580197e+01 1.165970e-03 -9.672634e+00
1.580197e+01 1.259016e-03 -1.036568e+01
1.580197e+01 1.359487e-03 -1.110078e+01
1.580197e+01 1.467975e-03 -1.187901e+01
1.580197e+01 1.585121e-03 -1.270126e+01
1.580197e+01 1.711615e-03 -1.356813e+01
1.580197e+01 1.848204e-03 -1.447995e+01
1.580197e+01 1.995693e-03 -1.543672e+01
1.580197e+01 2.154951e-03 -1.643810e+01
1.580197e+01 2.326918e-03 -1.748331e+01
1.580197e+01 2.512609e-03 -1.857100e+01
1.580197e+01 2.713117e-03 -1.969922e+01
1.580197e+01 2.929627e-03 -2.086535e+01
1.580197e+01 3.163414e-03 -2.206582e+01
1.580197e+01 3.415858e-03 -2.329595e+01
1.580197e+01 3.688447e-03 -2.455016e+01
1.580197e+01 3.982789e-03 -2.582165e+01
1.580197e+01 4.300619e-03 -2.710237e+01
1.580197e+01 4.643813e-03 -2.838315e+01
1.580197e+01 5.014394e-03 -2.965314e+01
1.580197e+01 5.414548e-03 -3.089979e+01
1.580197e+01 5.846635e-03 -3.210937e+01
1.580197e+01 6.313202e-03 -3.326608e+01
1.580197e+01 6.817002e-03 -3.435217e+01
1.580197e+01 7.361006e-03 -3.534902e+01
1.580197e+01 7.948422e-03 -3.623571e+01
1.580197e+01 8.582714e-03 -3.698956e+01
1.580197e+01 9.267624e-03 -3.758801e+01
1.580197e+01 1.000719e-02 -3.800716e+01
1.580197e+01 1.080577e-02 -3.822284e+01
1.580197e+01 1.166809e-02 -3.821340e+01
1.580197e+01 1.259921e-02 -3.795952e+01
1.580197e+01 1.360464e-02 -3.744561e+01
1.580197e+01 1.469030e-02 -3.666247e+01
1.580197e+01 1.586261e-02 -3.561198e+01
1.580197e+01 1.712846e-02 -3.430663e+01
1.580197e+01 1.849533e-02 -3.276699e+01
1.580197e+01 1.997127e-02 -3.103748e+01
1.580197e+01 2.156500e-02 -2.917751e+01
1.580197e+01 2.328591e-02 -2.724444e+01
1.580197e+01 2.514415e-02 -2.531710e+01
1.580197e+01 2.715068e-02 -2.347962e+01
1.580197e+01 2.931733e-02 -2.179517e+01
1.580197e+01 3.165689e-02 -2.031004e+01
1.580197e+01 3.418314e-02 -1.905209e+01
1.580197e+01 3.691099e-02 -1.800188e+01
1.580197e+01 3.985652e-02 -1.709579e+01
1.580197e+01 4.303711e-02 -1.622712e+01
1.580197e+01 4.647152e-02 -1.526634e+01
1.580197e+01 5.017999e-02 -1.410330e+01
1.580197e+01 5.418441e-02 -1.299689e+01
1.580197e+01 5.850838e-02 -1.226522e+01
1.580197e+01 6.317741e-02 -1.147515e+01
1.580197e+01 6.821903e-02 -1.062204e+01
1.580197e+01 7.366298e-02 -9.713680e+00
1.580197e+01 7.954136e-02 -8.863846e+00
1.580197e+01 8.588885e-02 -7.946195e+00
1.580197e+01 9.274286e-02 -6.955315e+00
1.580197e+01 1.001438e-01 -5.885361e+00
1.580197e+01 1.081354e-01 -5.230049e+00
1.580197e+01 1.167647e-01 -4.761006e+00
1.580197e+01 1.260827e-01 -4.254532e+00
1.580197e+01 1.361442e-01 -3.707642e+00
1.580197e+01 1.470087e-01 -3.181384e+00
1.580197e+01 1.587401e-01 -2.886930e+00
1.580197e+01 1.714077e-01 -2.568979e+00
1.580197e+01 1.850862e-01 -2.225654e+00
1.580197e+01 1.998563e-01 -1.854932e+00
1.580197e+01 2.158051e-01 -1.649862e+00
1.580197e+01 2.330265e-01 -1.467425e+00
1.580197e+01 2.516223e-01 -1.270429e+00
1.580197e+01 2.717020e-01 -1.057712e+00
1.580197e+01 2.933841e-01 -8.926694e-01
1.580197e+01 3.167964e-01 -7.966203e-01
1.580197e+01 3.420771e-01 -6.929064e-01
1.580197e+01 3.693752e-01 -5.809160e-01
1.580197e+01 3.988518e-01 -4.654251e-01
1.580197e+01 4.306805e-01 -4.169748e-01
1.580197e+01 4.650493e-01 -3.646580e-01
1.580197e+01 5.021607e-01 -3.081663e-01
1.580197e+01 5.422336e-01 -2.471665e-01
1.580197e+01 5.855044e-01 -2.108667e-01
1.580197e+01 6.322283e-01 -1.854489e-01
1.580197e+01 6.826808e-01 -1.580028e-01
1.580197e+01 7.371594e-01 -1.283664e-01
1.580197e+01 7.959855e-01 -1.029386e-01
1.580197e+01 8.595059e-01 -9.094970e-02
1.580197e+01 9.280954e-01 -7.800404e-02
1.580197e+01 1.002158e+00 -6.402530e-02
1.580197e+01 1.082132e+00 -4.893105e-02
1.580197e+01 1.168487e+00 -4.281403e-02
1.580197e+01 1.261733e+00 -3.707606e-02
1.580197e+01 1.362421e+00 -3.088019e-02
1.580197e+01 1.471144e+00 -2.418988e-02
1.580197e+01 1.588542e+00 -1.961590e-02
1.580197e+01 1.715310e+00 -1.699729e-02
1.580197e+01 1.852193e+00 -1.416971e-02
1.580197e+01 2.000000e+00 -1.111649e-02
1.613801e+01 1.000000e-03 -6.643663e+00
1.613801e+01 1.079801e-03 -7.128129e+00
1.613801e+01 1.165970e-03 -7.643729e+00
1.613801e+01 1.259016e-03 -8.191600e+00
1.613801e+01 1.359487e-03 -8.772735e+00
1.613801e+01 1.467975e-03 -9.387999e+00
1.613801e+01 1.585121e-03 -1.003808e+01
1.613801e+01 1.711615e-03 -1.072345e+01
1.613801e+01 1.848204e-03 -1.144437e+01
1.613801e+01 1.995693e-03 -1.220083e+01
1.613801e+01 2.154951e-03 -1.299255e+01
1.613801e+01 2.326918e-03 -1.381890e+01
1.613801e+01 2.512609e-03 -1.467882e+01
1.613801e+01 2.713117e-03 -1.557076e+01
1.613801e+01 2.929627e-03 -1.649266e+01
1.613801e+01 3.163414e-03 -1.744170e+01
1.613801e+01 3.415858e-03 -1.841418e+01
1.613801e+01 3.688447e-03 -1.940570e+01
1.613801e+01 3.982789e-03 -2.041089e+01
1.613801e+01 4.300619e-03 -2.142336e+01
1.613801e+01 4.643813e-03 -2.243587e+01
1.613801e+01 5.014394e-03 -2.343985e+01
1.613801e+01 5.414548e-03 -2.442537e+01
1.613801e+01 5.846635e-03 -2.538158e+01
1.613801e+01 6.313202e-03 -2.629599e+01
1.613801e+01 6.817002e-03 -2.715459e+01
1.613801e+01 7.361006e-03 -2.794263e+01
1.613801e+01 7.948422e-03 -2.864358e+01
1.613801e+01 8.582714e-03 -2.923953e+01
1.613801e+01 9.267624e-03 -2.971263e+01
1.613801e+01 1.000719e-02 -3.004400e+01
1.613801e+01 1.080577e-02 -3.021452e+01
1.613801e+01 1.166809e-02 -3.020708e+01
1.613801e+01 1.259921e-02 -3.000642e+01
1.613801e+01 1.360464e-02 -2.960020e+01
1.613801e+01 1.469030e-02 -2.898115e+01
1.613801e+01 1.586261e-02 -2.815078e+01
1.613801e+01 1.712846e-02 -2.711893e+01
1.613801e+01 1.849533e-02 -2.590188e+01
1.613801e+01 1.997127e-02 -2.453473e+01
1.613801e+01 2.156500e-02 -2.306446e+01
1.613801e+01 2.328591e-02 -2.153640e+01
1.613801e+01 2.514415e-02 -2.001286e+01
1.613801e+01 2.715068e-02 -1.856036e+01
1.613801e+01 2.931733e-02 -1.722882e+01
1.613801e+01 3.165689e-02 -1.605485e+01
1.613801e+01 3.418314e-02 -1.506046e+01
1.613801e+01 3.691099e-02 -1.423027e+01
1.613801e+01 3.985652e-02 -1.351402e+01
1.613801e+01 4.303711e-02 -1.282735e+01
1.613801e+01 4.647152e-02 -1.206786e+01
1.613801e+01 5.017999e-02 -1.114850e+01
1.613801e+01 5.418441e-02 -1.027034e+01
1.613801e+01 5.850838e-02 -9.682081e+00
1.613801e+01 6.317741e-02 -9.046874e+00
1.613801e+01 6.821903e-02 -8.360976e+00
1.613801e+01 7.366298e-02 -7.632272e+00
1.613801e+01 7.954136e-02 -6.967228e+00
1.613801e+01 8.588885e-02 -6.249111e+00
1.613801e+01 9.274286e-02 -5.473689e+00
1.613801e+01 1.001438e-01 -4.636387e+00
1.613801e+01 1.081354e-01 -4.123444e+00
1.613801e+01 1.167647e-01 -3.756199e+00
1.613801e+01 1.260827e-01 -3.359646e+00
1.613801e+01 1.361442e-01 -2.931449e+00
1.613801e+01 1.470087e-01 -2.518760e+00
1.613801e+01 1.587401e-01 -2.284760e+00
1.613801e+01 1.714077e-01 -2.032087e+00
1.613801e+01 1.850862e-01 -1.759250e+00
1.613801e+01 1.998563e-01 -1.464641e+00
1.613801e+01 2.158051e-01 -1.302435e+00
1.613801e+01 2.330265e-01 -1.158428e+00
1.613801e+01 2.516223e-01 -1.002929e+00
1.613801e+01 2.717020e-01 -8.350211e-01
1.613801e+01 2.933841e-01 -7.049108e-01
1.613801e+01 3.167964e-01 -6.294855e-01
1.613801e+01 3.420771e-01 -5.480411e-01
1.613801e+01 3.693752e-01 -4.600974e-01
1.613801e+01 3.988518e-01 -3.693978e-01
1.613801e+01 4.306805e-01 -3.312426e-01
1.613801e+01 4.650493e-01 -2.900425e-01
1.613801e+01 5.021607e-01 -2.455547e-01
1.613801e+01 5.422336e-01 -1.975166e-01
1.613801e+01 5.855044e-01 -1.688772e-01
1.613801e+01 6.322283e-01 -1.487787e-01
1.613801e+01 6.826808e-01 -1.270763e-01
1.613801e+01 7.371594e-01 -1.036421e-01
1.613801e+01 7.959855e-01 -8.351004e-02
1.613801e+01 8.595059e-01 -7.394219e-02
1.613801e+01 9.280954e-01 -6.361082e-02
1.613801e+01 1.002158e+00 -5.245500e-02
1.613801e+01 1.082132e+00 -4.040893e-02
1.613801e+01 1.168487e+00 -3.544578e-02
1.613801e+01 1.261733e+00 -3.077169e-02
1.613801e+01 1.362421e+00 -2.572460e-02
1.613801e+01 1.471144e+00 -2.027475e-02
1.613801e+01 1.588542e+00 -1.652451e-02
1.613801e+01 1.715310e+00 -1.434386e-02
1.613801e+01 1.852193e+00 -1.198918e-02
1.613801e+01 2.000000e+00 -9.446603e-03
1.648077e+01 1.000000e-03 -5.148568e+00
1.648077e+01 1.079801e-03 -5.524126e+00
1.648077e+01 1.165970e-03 -5.923837e+00
1.648077e+01 1.259016e-03 -6.348587e+00
1.648077e+01 1.359487e-03 -6.799145e+00
1.648077e+01 1.467975e-03 -7.276183e+00
1.648077e+01 1.585121e-03 -7.780232e+00
1.648077e+01 1.711615e-03 -8.311659e+00
1.648077e+01 1.848204e-03 -8.870653e+00
1.648077e+01 1.995693e-03 -9.457207e+00
1.648077e+01 2.154951e-03 -1.007109e+01
1.648077e+01 2.326918e-03 -1.071181e+01
1.648077e+01 2.512609e-03 -1.137855e+01
1.648077e+01 2.713117e-03 -1.207009e+01
1.648077e+01 2.929627e-03 -1.278486e+01
1.648077e+01 3.163414e-03 -1.352066e+01
1.648077e+01 3.415858e-03 -1.427463e+01
1.648077e+01 3.688447e-03 -1.504336e+01
1.648077e+01 3.982789e-03 -1.582269e+01
1.648077e+01 4.300619e-03 -1.660767e+01
1.648077e+01 4.643813e-03 -1.739267e+01
1.648077e+01 5.014394e-03 -1.817104e+01
1.648077e+01 5.414548e-03 -1.893510e+01
1.648077e+01 5.846635e-03 -1.967644e+01
1.648077e+01 6.313202e-03 -2.038537e+01
1.648077e+01 6.817002e-03 -2.105103e+01
1.648077e+01 7.361006e-03 -2.166199e+01
1.648077e+01 7.948422e-03 -2.220543e+01
1.648077e+01 8.582714e-03 -2.266746e+01
1.648077e+01 9.267624e-03 -2.303426e+01
1.648077e+01 1.000719e-02 -2.329117e+01
1.648077e+01 1.080577e-02 -2.342339e+01
1.648077e+01 1.166809e-02 -2.341764e+01
1.648077e+01 1.259921e-02 -2.326210e+01
1.648077e+01 1.360464e-02 -2.294720e+01
1.648077e+01 1.469030e-02 -2.246731e+01
1.648077e+01 1.586261e-02 -2.182358e+01
1.648077e+01 1.712846e-02 -2.102367e+01
1.648077e+01 1.849533e-02 -2.008017e+01
1.648077e+01 1.997127e-02 -1.902031e+01
1.648077e+01 2.156500e-02 -1.788050e+01
1.648077e+01 2.328591e-02 -1.669589e+01
1.648077e+01 2.514415e-02 -1.551479e+01
1.648077e+01 2.715068e-02 -1.438875e+01
1.648077e+01 2.931733e-02 -1.335649e+01
1.648077e+01 3.165689e-02 -1.244638e+01
1.648077e+01 3.418314e-02 -1.167549e+01
1.648077e+01 3.691099e-02 -1.103189e+01
1.648077e+01 3.985652e-02 -1.047663e+01
1.648077e+01 4.303711e-02 -9.944292e+00
1.648077e+01 4.647152e-02 -9.355505e+00
1.648077e+01 5.017999e-02 -8.642775e+00
1.648077e+01 5.418441e-02 -7.973299e+00
1.648077e+01 5.850838e-02 -7.548726e+00
1.648077e+01 6.317741e-02 -7.090271e+00
1.648077e+01 6.821903e-02 -6.595232e+00
1.648077e+01 7.366298e-02 -6.064599e+00
1.648077e+01 7.954136e-02 -5.531569e+00
1.648077e+01 8.588885e-02 -4.956002e+00
1.648077e+01 9.274286e-02 -4.334505e+00
1.648077e+01 1.001438e-01 -3.663411e+00
1.648077e+01 1.081354e-01 -3.253293e+00
1.648077e+01 1.167647e-01 -2.960509e+00
1.648077e+01 1.260827e-01 -2.644362e+00
1.648077e+01 1.361442e-01 -2.302985e+00
1.648077e+01 1.470087e-01 -1.974803e+00
1.648077e+01 1.587401e-01 -1.792686e+00
1.648077e+01 1.714077e-01 -1.596037e+00
1.648077e+01 1.850862e-01 -1.383695e+00
1.648077e+01 1.998563e-01 -1.154407e+00
1.648077e+01 2.158051e-01 -1.026712e+00
1.648077e+01 2.330265e-01 -9.127739e-01
1.648077e+01 2.516223e-01 -7.897433e-01
1.648077e+01 2.717020e-01 -6.568947e-01
1.648077e+01 2.933841e-01 -5.542236e-01
1.648077e+01 3.167964e-01 -4.951863e-01
1.648077e+01 3.420771e-01 -4.314378e-01
1.648077e+01 3.693752e-01 -3.626022e-01
1.648077e+01 3.988518e-01 -2.916113e-01
1.648077e+01 4.306805e-01 -2.617752e-01
1.648077e+01 4.650493e-01 -2.295582e-01
1.648077e+01 5.021607e-01 -1.947703e-01
1.648077e+01 5.422336e-01 -1.572062e-01
1.648077e+01 5.855044e-01 -1.347161e-01
1.648077e+01 6.322283e-01 -1.188528e-01
1.648077e+01 6.826808e-01 -1.017235e-01
1.648077e+01 7.371594e-01 -8.322735e-02
1.648077e+01 7.959855e-01 -6.732432e-02
1.648077e+01 8.595059e-01 -5.972720e-02
1.648077e+01 9.280954e-01 -5.152383e-02
1.648077e+01 1.002158e+00 -4.266582e-02
1.648077e+01 1.082132e+00 -3.310094e-02
1.648077e+01 1.168487e+00 -2.910087e-02
1.648077e+01 1.261733e+00 -2.532056e-02
1.648077e+01 1.362421e+00 -2.123858e-02
1.648077e+01 1.471144e+00 -1.683085e-02
1.648077e+01 1.588542e+00 -1.378005e-02
1.648077e+01 1.715310e+00 -1.198181e-02
1.648077e+01 1.852193e+00 -1.004007e-02
1.648077e+01 2.000000e+00 -7.943371e-03
1.683038e+01 1.000000e-03 -3.939398e+00
1.683038e+01 1.079801e-03 -4.226844e+00
1.683038e+01 1.165970e-03 -4.532792e+00
1.683038e+01 1.259016e-03 -4.857920e+00
1.683038e+01 1.359487e-03 -5.202819e+00
1.683038e+01 1.467975e-03 -5.568003e+00
1.683038e+01 1.585121e-03 -5.953879e+00
1.683038e+01 1.711615e-03 -6.360724e+00
1.683038e+01 1.848204e-03 -6.788679e+00
1.683038e+01 1.995693e-03 -7.237734e+00
1.683038e+01 2.154951e-03 -7.707708e+00
1.683038e+01 2.326918e-03 -8.198219e+00
1.683038e+01 2.512609e-03 -8.708631e+00
1.683038e+01 2.713117e-03 -9.238023e+00
1.683038e+01 2.929627e-03 -9.785186e+00
1.683038e+01 3.163414e-03 -1.034844e+01
1.683038e+01 3.415858e-03 -1.092560e+01
1.683038e+01 3.688447e-03 -1.151407e+01
1.683038e+01 3.982789e-03 -1.211064e+01
1.683038e+01 4.300619e-03 -1.271154e+01
1.683038e+01 4.643813e-03 -1.331245e+01
1.683038e+01 5.014394e-03 -1.390828e+01
1.683038e+01 5.414548e-03 -1.449315e+01
1.683038e+01 5.846635e-03 -1.506063e+01
1.683038e+01 6.313202e-03 -1.560330e+01
1.683038e+01 6.817002e-03 -1.611284e+01
1.683038e+01 7.361006e-03 -1.658052e+01
1.683038e+01 7.948422e-03 -1.699651e+01
1.683038e+01 8.582714e-03 -1.735019e+01
1.683038e+01 9.267624e-03 -1.763097e+01
1.683038e+01 1.000719e-02 -1.782764e+01
1.683038e+01 1.080577e-02 -1.792886e+01
1.683038e+01 1.166809e-02 -1.792448e+01
1.683038e+01 1.259921e-02 -1.780543e+01
1.683038e+01 1.360464e-02 -1.756441e+01
1.683038e+01 1.469030e-02 -1.719710e+01
1.683038e+01 1.586261e-02 -1.670439e+01
1.683038e+01 1.712846e-02 -1.609212e+01
1.683038e+01 1.849533e-02 -1.536995e+01
1.683038e+01 1.997127e-02 -1.455871e+01
1.683038e+01 2.156500e-02 -1.368627e+01
1.683038e+01 2.328591e-02 -1.277954e+01
1.683038e+01 2.514415e-02 -1.187549e+01
1.683038e+01 2.715068e-02 -1.101359e+01
1.683038e+01 2.931733e-02 -1.022347e+01
1.683038e+01 3.165689e-02 -9.526844e+00
1.683038e+01 3.418314e-02 -8.936778e+00
1.683038e+01 3.691099e-02 -8.444151e+00
1.683038e+01 3.985652e-02 -8.019133e+00
1.683038e+01 4.303711e-02 -7.611666e+00
1.683038e+01 4.647152e-02 -7.160991e+00
1.683038e+01 5.017999e-02 -6.615445e+00
1.683038e+01 5.418441e-02 -6.106957e+00
1.683038e+01 5.850838e-02 -5.792971e+00
1.683038e+01 6.317741e-02 -5.453928e+00
1.683038e+01 6.821903e-02 -5.087829e+00
1.683038e+01 7.366298e-02 -4.693820e+00
1.683038e+01 7.954136e-02 -4.281695e+00
1.683038e+01 8.588885e-02 -3.836682e+00
1.683038e+01 9.274286e-02 -3.356156e+00
1.683038e+01 1.001438e-01 -2.837284e+00
1.683038e+01 1.081354e-01 -2.519771e+00
1.683038e+01 1.167647e-01 -2.292743e+00
1.683038e+01 1.260827e-01 -2.047599e+00
1.683038e+01 1.361442e-01 -1.782891e+00
1.683038e+01 1.470087e-01 -1.528519e+00
1.683038e+01 1.587401e-01 -1.387858e+00
1.683038e+01 1.714077e-01 -1.235973e+00
1.683038e+01 1.850862e-01 -1.071966e+00
1.683038e+01 1.998563e-01 -8.948721e-01
1.683038e+01 2.158051e-01 -7.960649e-01
1.683038e+01 2.330265e-01 -7.078330e-01
1.683038e+01 2.516223e-01 -6.125602e-01
1.683038e+01 2.717020e-01 -5.096844e-01
1.683038e+01 2.933841e-01 -4.302437e-01
1.683038e+01 3.167964e-01 -3.846818e-01
1.683038e+01 3.420771e-01 -3.354840e-01
1.683038e+01 3.693752e-01 -2.823601e-01
1.683038e+01 3.988518e-01 -2.275674e-01
1.683038e+01 4.306805e-01 -2.044564e-01
1.683038e+01 4.650493e-01 -1.795011e-01
1.683038e+01 5.021607e-01 -1.525544e-01
1.683038e+01 5.422336e-01 -1.234573e-01
1.683038e+01 5.855044e-01 -1.059936e-01
1.683038e+01 6.322283e-01 -9.363970e-02
1.683038e+01 6.826808e-01 -8.029989e-02
1.683038e+01 7.371594e-01 -6.589556e-02
1.683038e+01 7.959855e-01 -5.350623e-02
1.683038e+01 8.595059e-01 -4.757447e-02
1.683038e+01 9.280954e-01 -4.116935e-02
1.683038e+01 1.002158e+00 -3.425310e-02
1.683038e+01 1.082132e+00 -2.678492e-02
1.683038e+01 1.168487e+00 -2.360708e-02
1.683038e+01 1.261733e+00 -2.059182e-02
1.683038e+01 1.362421e+00 -1.733593e-02
1.683038e+01 1.471144e+00 -1.382022e-02
1.683038e+01 1.588542e+00 -1.136973e-02
1.683038e+01 1.715310e+00 -9.901969e-03
1.683038e+01 1.852193e+00 -8.317075e-03
1.683038e+01 2.000000e+00 -6.605705e-03
1.718699e+01 1.000000e-03 -3.027043e+00
1.718699e+01 1.079801e-03 -3.247986e+00
1.718699e+01 1.165970e-03 -3.483163e+00
1.718699e+01 1.259016e-03 -3.733095e+00
1.718699e+01 1.359487e-03 -3.998239e+00
1.718699e+01 1.467975e-03 -4.278989e+00
1.718699e+01 1.585121e-03 -4.575657e+00
1.718699e+01 1.711615e-03 -4.888455e+00
1.718699e+01 1.848204e-03 -5.217489e+00
1.718699e+01 1.995693e-03 -5.562747e+00
1.718699e+01 2.154951e-03 -5.924085e+00
1.718699e+01 2.326918e-03 -6.301206e+00
1.718699e+01 2.512609e-03 -6.693617e+00
1.718699e+01 2.713117e-03 -7.100610e+00
1.718699e+01 2.929627e-03 -7.521258e+00
1.718699e+01 3.163414e-03 -7.954272e+00
1.718699e+01 3.415858e-03 -8.397975e+00
1.718699e+01 3.688447e-03 -8.850367e+00
1.718699e+01 3.982789e-03 -9.308997e+00
1.718699e+01 4.300619e-03 -9.770944e+00
1.718699e+01 4.643813e-03 -1.023290e+01
1.718699e+01 5.014394e-03 -1.069094e+01
1.718699e+01 5.414548e-03 -1.114056e+01
1.718699e+01 5.846635e-03 -1.157681e+01
1.718699e+01 6.313202e-03 -1.199398e+01
1.718699e+01 6.817002e-03 -1.238570e+01
1.718699e+01 7.361006e-03 -1.274522e+01
1.718699e+01 7.948422e-03 -1.306501e+01
1.718699e+01 8.582714e-03 -1.333690e+01
1.718699e+01 9.267624e-03 -1.355275e+01
1.718699e+01 1.000719e-02 -1.370395e+01
1.718699e+01 1.080577e-02 -1.378177e+01
1.718699e+01 1.166809e-02 -1.377842e+01
1.718699e+01 1.259921e-02 -1.368692e+01
1.718699e+01 1.360464e-02 -1.350166e+01
1.718699e+01 1.469030e-02 -1.321932e+01
1.718699e+01 1.586261e-02 -1.284058e+01
1.718699e+01 1.712846e-02 -1.236995e+01
1.718699e+01 1.849533e-02 -1.181482e+01
1.718699e+01 1.997127e-02 -1.119123e+01
1.718699e+01 2.156500e-02 -1.052059e+01
1.718699e+01 2.328591e-02 -9.823594e+00
1.718699e+01 2.514415e-02 -9.128656e+00
1.718699e+01 2.715068e-02 -8.466118e+00
1.718699e+01 2.931733e-02 -7.858755e+00
1.718699e+01 3.165689e-02 -7.323261e+00
1.718699e+01 3.418314e-02 -6.869679e+00
1.718699e+01 3.691099e-02 -6.490998e+00
1.718699e+01 3.985652e-02 -6.164288e+00
1.718699e+01 4.303711e-02 -5.851069e+00
1.718699e+01 4.647152e-02 -5.504636e+00
1.718699e+01 5.017999e-02 -5.085277e+00
1.718699e+01 5.418441e-02 -4.692850e+00
1.718699e+01 5.850838e-02 -4.447163e+00
1.718699e+01 6.317741e-02 -4.181870e+00
1.718699e+01 6.821903e-02 -3.895406e+00
1.718699e+01 7.366298e-02 -3.587868e+00
1.718699e+01 7.954136e-02 -3.274023e+00
1.718699e+01 8.588885e-02 -2.935131e+00
1.718699e+01 9.274286e-02 -2.569197e+00
1.718699e+01 1.001438e-01 -2.174060e+00
1.718699e+01 1.081354e-01 -1.933914e+00
1.718699e+01 1.167647e-01 -1.763595e+00
1.718699e+01 1.260827e-01 -1.579685e+00
1.718699e+01 1.361442e-01 -1.381098e+00
1.718699e+01 1.470087e-01 -1.189451e+00
1.718699e+01 1.587401e-01 -1.079577e+00
1.718699e+01 1.714077e-01 -9.609349e-01
1.718699e+01 1.850862e-01 -8.328249e-01
1.718699e+01 1.998563e-01 -6.944917e-01
1.718699e+01 2.158051e-01 -6.177474e-01
1.718699e+01 2.330265e-01 -5.493858e-01
1.718699e+01 2.516223e-01 -4.755688e-01
1.718699e+01 2.717020e-01 -3.958612e-01
1.718699e+01 2.933841e-01 -3.343088e-01
1.718699e+01 3.167964e-01 -2.990026e-01
1.718699e+01 3.420771e-01 -2.608789e-01
1.718699e+01 3.693752e-01 -2.197129e-01
1.718699e+01 3.988518e-01 -1.772525e-01
1.718699e+01 4.306805e-01 -1.593278e-01
1.718699e+01 4.650493e-01 -1.399728e-01
1.718699e+01 5.021607e-01 -1.190731e-01
1.718699e+01 5.422336e-01 -9.650568e-02
1.718699e+01 5.855044e-01 -8.298694e-02
1.718699e+01 6.322283e-01 -7.344540e-02
1.718699e+01 6.826808e-01 -6.314244e-02
1.718699e+01 7.371594e-01 -5.201729e-02
1.718699e+01 7.959855e-01 -4.243244e-02
1.718699e+01 8.595059e-01 -3.779619e-02
1.718699e+01 9.280954e-01 -3.278996e-02
1.718699e+01 1.002158e+00 -2.738423e-02
1.718699e+01 1.082132e+00 -2.154711e-02
1.718699e+01 1.168487e+00 -1.903409e-02
1.718699e+01 1.261733e+00 -1.664330e-02
1.718699e+01 1.362421e+00 -1.406173e-02
1.718699e+01 1.471144e+00 -1.127415e-02
1.718699e+01 1.588542e+00 -9.319397e-03
1.718699e+01 1.715310e+00 -8.132596e-03
1.718699e+01 1.852193e+00 -6.851088e-03
1.718699e+01 2.000000e+00 -5.467314e-03
1.755073e+01 1.000000e-03 -2.308431e+00
1.755073e+01 1.079801e-03 -2.476977e+00
1.755073e+01 1.165970e-03 -2.656389e+00
1.755073e+01 1.259016e-03 -2.847069e+00
1.755073e+01 1.359487e-03 -3.049362e+00
1.755073e+01 1.467975e-03 -3.263573e+00
1.755073e+01 1.585121e-03 -3.489937e+00
1.755073e+01 1.711615e-03 -3.728616e+00
1.755073e+01 1.848204e-03 -3.979688e+00
1.755073e+01 1.995693e-03 -4.243142e+00
1.755073e+01 2.154951e-03 -4.518864e+00
1.755073e+01 2.326918e-03 -4.806624e+00
1.755073e+01 2.512609e-03 -5.106042e+00
1.755073e+01 2.713117e-03 -5.416580e+00
1.755073e+01 2.929627e-03 -5.737530e+00
1.755073e+01 3.163414e-03 -6.067911e+00
1.755073e+01 3.415858e-03 -6.406445e+00
1.755073e+01 3.688447e-03 -6.751609e+00
1.755073e+01 3.982789e-03 -7.101533e+00
1.755073e+01 4.300619e-03 -7.453988e+00
1.755073e+01 4.643813e-03 -7.806444e+00
1.755073e+01 5.014394e-03 -8.155914e+00
1.755073e+01 5.414548e-03 -8.498949e+00
1.755073e+01 5.846635e-03 -8.831784e+00
1.755073e+01 6.313202e-03 -9.150072e+00
1.755073e+01 6.817002e-03 -9.448931e+00
1.755073e+01 7.361006e-03 -9.723231e+00
1.755073e+01 7.948422e-03 -9.967218e+00
1.755073e+01 8.582714e-03 -1.017466e+01
1.755073e+01 9.267624e-03 -1.033935e+01
1.755073e+01 1.000719e-02 -1.045471e+01
1.755073e+01 1.080577e-02 -1.051409e+01
1.755073e+01 1.166809e-02 -1.051154e+01
1.755073e+01 1.259921e-02 -1.044175e+01
1.755073e+01 1.360464e-02 -1.030042e+01
1.755073e+01 1.469030e-02 -1.008503e+01
1.755073e+01 1.586261e-02 -9.796102e+00
1.755073e+01 1.712846e-02 -9.437057e+00
1.755073e+01 1.849533e-02 -9.013558e+00
1.755073e+01 1.997127e-02 -8.537821e+00
1.755073e+01 2.156500e-02 -8.026193e+00
1.755073e+01 2.328591e-02 -7.494453e+00
1.755073e+01 2.514415e-02 -6.964285e+00
1.755073e+01 2.715068e-02 -6.458834e+00
1.755073e+01 2.931733e-02 -5.995475e+00
1.755073e+01 3.165689e-02 -5.586945e+00
1.755073e+01 3.418314e-02 -5.240906e+00
1.755073e+01 3.691099e-02 -4.952009e+00
1.755073e+01 3.985652e-02 -4.702760e+00
1.755073e+01 4.303711e-02 -4.463804e+00
1.755073e+01 4.647152e-02 -4.199509e+00
1.755073e+01 5.017999e-02 -3.879579e+00
1.755073e+01 5.418441e-02 -3.582495e+00
1.755073e+01 5.850838e-02 -3.401466e+00
1.755073e+01 6.317741e-02 -3.205990e+00
1.755073e+01 6.821903e-02 -2.994915e+00
1.755073e+01 7.366298e-02 -2.767113e+00
1.755073e+01 7.954136e-02 -2.522323e+00
1.755073e+01 8.588885e-02 -2.257999e+00
1.755073e+01 9.274286e-02 -1.972582e+00
1.755073e+01 1.001438e-01 -1.664388e+00
1.755073e+01 1.081354e-01 -1.479945e+00
1.755073e+01 1.167647e-01 -1.351561e+00
1.755073e+01 1.260827e-01 -1.212931e+00
1.755073e+01 1.361442e-01 -1.063238e+00
1.755073e+01 1.470087e-01 -9.182602e-01
1.755073e+01 1.587401e-01 -8.326858e-01
1.755073e+01 1.714077e-01 -7.402825e-01
1.755073e+01 1.850862e-01 -6.405053e-01
1.755073e+01 1.998563e-01 -5.327657e-01
1.755073e+01 2.158051e-01 -4.739134e-01
1.755073e+01 2.330265e-01 -4.218469e-01
1.755073e+01 2.516223e-01 -3.656254e-01
1.755073e+01 2.717020e-01 -3.049173e-01
1.755073e+01 2.933841e-01 -2.579002e-01
1.755073e+01 3.167964e-01 -2.306885e-01
1.755073e+01 3.420771e-01 -2.013052e-01
1.755073e+01 3.693752e-01 -1.695771e-01
1.755073e+01 3.988518e-01 -1.368572e-01
1.755073e+01 4.306805e-01 -1.231291e-01
1.755073e+01 4.650493e-01 -1.083054e-01
1.755073e+01 5.021607e-01 -9.229876e-02
1.755073e+01 5.422336e-01 -7.501478e-02
1.755073e+01 5.855044e-01 -6.462474e-02
1.755073e+01 6.322283e-01 -5.726095e-02
1.755073e+01 6.826808e-01 -4.930952e-02
1.755073e+01 7.371594e-01 -4.072356e-02
1.755073e+01 7.959855e-01 -3.332392e-02
1.755073e+01 8.595059e-01 -2.973754e-02
1.755073e+01 9.280954e-01 -2.586496e-02
1.755073e+01 1.002158e+00 -2.168335e-02
1.755073e+01 1.082132e+00 -1.716804e-02
1.755073e+01 1.168487e+00 -1.520469e-02
1.755073e+01 1.261733e+00 -1.333270e-02
1.755073e+01 1.362421e+00 -1.131132e-02
1.755073e+01 1.471144e+00 -9.128637e-03
1.755073e+01 1.588542e+00 -7.583061e-03
1.755073e+01 1.715310e+00 -6.624463e-03
1.755073e+01 1.852193e+00 -5.589369e-03
1.755073e+01 2.000000e+00 -4.471672e-03
1.792175e+01 1.000000e-03 -1.763669e+00
1.792175e+01 1.079801e-03 -1.892481e+00
1.792175e+01 1.165970e-03 -2.029605e+00
1.792175e+01 1.259016e-03 -2.175347e+00
1.792175e+01 1.359487e-03 -2.329975e+00
1.792175e+01 1.467975e-03 -2.493719e+00
1.792175e+01 1.585121e-03 -2.666762e+00
1.792175e+01 1.711615e-03 -2.849223e+00
1.792175e+01 1.848204e-03 -3.041162e+00
1.792175e+01 1.995693e-03 -3.242569e+00
1.792175e+01 2.154951e-03 -3.453353e+00
1.792175e+01 2.326918e-03 -3.673336e+00
1.792175e+01 2.512609e-03 -3.902225e+00
1.792175e+01 2.713117e-03 -4.139609e+00
1.792175e+01 2.929627e-03 -4.384947e+00
1.792175e+01 3.163414e-03 -4.637490e+00
1.792175e+01 3.415858e-03 -4.896263e+00
1.792175e+01 3.688447e-03 -5.160105e+00
1.792175e+01 3.982789e-03 -5.427586e+00
1.792175e+01 4.300619e-03 -5.697001e+00
1.792175e+01 4.643813e-03 -5.966415e+00
1.792175e+01 5.014394e-03 -6.233541e+00
1.792175e+01 5.414548e-03 -6.495748e+00
1.792175e+01 5.846635e-03 -6.750159e+00
1.792175e+01 6.313202e-03 -6.993450e+00
1.792175e+01 6.817002e-03 -7.221890e+00
1.792175e+01 7.361006e-03 -7.431559e+00
1.792175e+01 7.948422e-03 -7.618056e+00
1.792175e+01 8.582714e-03 -7.776618e+00
1.792175e+01 9.267624e-03 -7.902504e+00
1.792175e+01 1.000719e-02 -7.990687e+00
1.792175e+01 1.080577e-02 -8.036085e+00
1.792175e+01 1.166809e-02 -8.034147e+00
1.792175e+01 1.259921e-02 -7.980809e+00
1.792175e+01 1.360464e-02 -7.872799e+00
1.792175e+01 1.469030e-02 -7.708178e+00
1.792175e+01 1.586261e-02 -7.487349e+00
1.792175e+01 1.712846e-02 -7.212928e+00
1.792175e+01 1.849533e-02 -6.889243e+00
1.792175e+01 1.997127e-02 -6.525631e+00
1.792175e+01 2.156500e-02 -6.134585e+00
1.792175e+01 2.328591e-02 -5.728168e+00
1.792175e+01 2.514415e-02 -5.322951e+00
1.792175e+01 2.715068e-02 -4.936625e+00
1.792175e+01 2.931733e-02 -4.582470e+00
1.792175e+01 3.165689e-02 -4.270223e+00
1.792175e+01 3.418314e-02 -4.005738e+00
1.792175e+01 3.691099e-02 -3.784927e+00
1.792175e+01 3.985652e-02 -3.594421e+00
1.792175e+01 4.303711e-02 -3.411782e+00
1.792175e+01 4.647152e-02 -3.209775e+00
1.792175e+01 5.017999e-02 -2.965246e+00
1.792175e+01 5.418441e-02 -2.736440e+00
1.792175e+01 5.850838e-02 -2.593235e+00
1.792175e+01 6.317741e-02 -2.438601e+00
1.792175e+01 6.821903e-02 -2.271627e+00
1.792175e+01 7.366298e-02 -2.092344e+00
1.792175e+01 7.954136e-02 -1.909116e+00
1.792175e+01 8.588885e-02 -1.711266e+00
1.792175e+01 9.274286e-02 -1.497627e+00
1.792175e+01 1.001438e-01 -1.266940e+00
1.792175e+01 1.081354e-01 -1.127476e+00
1.792175e+01 1.167647e-01 -1.029189e+00
1.792175e+01 1.260827e-01 -9.230575e-01
1.792175e+01 1.361442e-01 -8.084569e-01
1.792175e+01 1.470087e-01 -6.975958e-01
1.792175e+01 1.587401e-01 -6.327740e-01
1.792175e+01 1.714077e-01 -5.627795e-01
1.792175e+01 1.850862e-01 -4.871993e-01
1.792175e+01 1.998563e-01 -4.055877e-01
1.792175e+01 2.158051e-01 -3.609364e-01
1.792175e+01 2.330265e-01 -3.214054e-01
1.792175e+01 2.516223e-01 -2.787197e-01
1.792175e+01 2.717020e-01 -2.326277e-01
1.792175e+01 2.933841e-01 -1.968908e-01
1.792175e+01 3.167964e-01 -1.761374e-01
1.792175e+01 3.420771e-01 -1.537279e-01
1.792175e+01 3.693752e-01 -1.295300e-01
1.792175e+01 3.988518e-01 -1.045782e-01
1.792175e+01 4.306805e-01 -9.414488e-02
1.792175e+01 4.650493e-01 -8.287900e-02
1.792175e+01 5.021607e-01 -7.071410e-02
1.792175e+01 5.422336e-01 -5.757843e-02
1.792175e+01 5.855044e-01 -4.969560e-02
1.792175e+01 6.322283e-01 -4.412005e-02
1.792175e+01 6.826808e-01 -3.809957e-02
1.792175e+01 7.371594e-01 -3.159865e-02
1.792175e+01 7.959855e-01 -2.598384e-02
1.792175e+01 8.595059e-01 -2.322678e-02
1.792175e+01 9.280954e-01 -2.024970e-02
1.792175e+01 1.002158e+00 -1.703505e-02
1.792175e+01 1.082132e+00 -1.356386e-02
1.792175e+01 1.168487e+00 -1.203539e-02
1.792175e+01 1.261733e+00 -1.057401e-02
1.792175e+01 1.362421e+00 -8.996000e-03
1.792175e+01 1.471144e+00 -7.292068e-03
1.792175e+01 1.588542e+00 -6.079065e-03
1.792175e+01 1.715310e+00 -5.318145e-03
1.792175e+01 1.852193e+00 -4.496503e-03
1.792175e+01 2.000000e+00 -3.609293e-03
1.830018e+01 1.000000e-03 -1.323222e+00
1.830018e+01 1.079801e-03 -1.419896e+00
1.830018e+01 1.165970e-03 -1.522814e+00
1.830018e+01 1.259016e-03 -1.632207e+00
1.830018e+01 1.359487e-03 -1.748274e+00
1.830018e+01 1.467975e-03 -1.871191e+00
1.830018e+01 1.585121e-03 -2.001092e+00
1.830018e+01 1.711615e-03 -2.138070e+00
1.830018e+01 1.848204e-03 -2.282165e+00
1.830018e+01 1.995693e-03 -2.433370e+00
1.830018e+01 2.154951e-03 -2.591614e+00
1.830018e+01 2.326918e-03 -2.756761e+00
1.830018e+01 2.512609e-03 -2.928590e+00
1.830018e+01 2.713117e-03 -3.106792e+00
1.830018e+01 2.929627e-03 -3.290960e+00
1.830018e+01 3.163414e-03 -3.480534e+00
1.830018e+01 3.415858e-03 -3.674782e+00
1.830018e+01 3.688447e-03 -3.872836e+00
1.830018e+01 3.982789e-03 -4.073622e+00
1.830018e+01 4.300619e-03 -4.275860e+00
1.830018e+01 4.643813e-03 -4.478094e+00
1.830018e+01 5.014394e-03 -4.678609e+00
1.830018e+01 5.414548e-03 -4.875430e+00
1.830018e+01 5.846635e-03 -5.066399e+00
1.830018e+01 6.313202e-03 -5.249021e+00
1.830018e+01 6.817002e-03 -5.420497e+00
1.830018e+01 7.361006e-03 -5.577881e+00
1.830018e+01 7.948422e-03 -5.717872e+00
1.830018e+01 8.582714e-03 -5.836895e+00
1.830018e+01 9.267624e-03 -5.931390e+00
1.830018e+01 1.000719e-02 -5.997586e+00
1.830018e+01 1.080577e-02 -6.031668e+00
1.830018e+01 1.166809e-02 -6.030220e+00
1.830018e+01 1.259921e-02 -5.990194e+00
1.830018e+01 1.360464e-02 -5.909129e+00
1.830018e+01 1.469030e-02 -5.785574e+00
1.830018e+01 1.586261e-02 -5.619828e+00
1.830018e+01 1.712846e-02 -5.413857e+00
1.830018e+01 1.849533e-02 -5.170909e+00
1.830018e+01 1.997127e-02 -4.897993e+00
1.830018e+01 2.156500e-02 -4.604485e+00
1.830018e+01 2.328591e-02 -4.299439e+00
1.830018e+01 2.514415e-02 -3.995293e+00
1.830018e+01 2.715068e-02 -3.705326e+00
1.830018e+01 2.931733e-02 -3.439506e+00
1.830018e+01 3.165689e-02 -3.205140e+00
1.830018e+01 3.418314e-02 -3.006623e+00
1.830018e+01 3.691099e-02 -2.840887e+00
1.830018e+01 3.985652e-02 -2.697897e+00
1.830018e+01 4.303711e-02 -2.560812e+00
1.830018e+01 4.647152e-02 -2.409190e+00
1.830018e+01 5.017999e-02 -2.225652e+00
1.830018e+01 5.418441e-02 -2.053894e+00
1.830018e+01 5.850838e-02 -1.946350e+00
1.830018e+01 6.317741e-02 -1.830224e+00
1.830018e+01 6.821903e-02 -1.704830e+00
1.830018e+01 7.366298e-02 -1.570158e+00
1.830018e+01 7.954136e-02 -1.432173e+00
1.830018e+01 8.588885e-02 -1.283177e+00
1.830018e+01 9.274286e-02 -1.122290e+00
1.830018e+01 1.001438e-01 -9.485647e-01
1.830018e+01 1.081354e-01 -8.438767e-01
1.830018e+01 1.167647e-01 -7.703865e-01
1.830018e+01 1.260827e-01 -6.910317e-01
1.830018e+01 1.361442e-01 -6.053443e-01
1.830018e+01 1.470087e-01 -5.225499e-01
1.830018e+01 1.587401e-01 -4.746007e-01
1.830018e+01 1.714077e-01 -4.228250e-01
1.830018e+01 1.850862e-01 -3.669176e-01
1.830018e+01 1.998563e-01 -3.065487e-01
1.830018e+01 2.158051e-01 -2.729298e-01
1.830018e+01 2.330265e-01 -2.429335e-01
1.830018e+01 2.516223e-01 -2.105435e-01
1.830018e+01 2.717020e-01 -1.755687e-01
1.830018e+01 2.933841e-01 -1.485542e-01
1.830018e+01 3.167964e-01 -1.330479e-01
1.830018e+01 3.420771e-01 -1.163043e-01
1.830018e+01 3.693752e-01 -9.822451e-02
1.830018e+01 3.988518e-01 -7.957274e-02
1.830018e+01 4.306805e-01 -7.164709e-02
1.830018e+01 4.650493e-01 -6.308897e-02
1.830018e+01 5.021607e-01 -5.384790e-02
1.830018e+01 5.422336e-01 -4.386938e-02
1.830018e+01 5.855044e-01 -3.791528e-02
1.830018e+01 6.322283e-01 -3.373253e-02
1.830018e+01 6.826808e-01 -2.921599e-02
1.830018e+01 7.371594e-01 -2.433903e-02
1.830018e+01 7.959855e-01 -2.011129e-02
1.830018e+01 8.595059e-01 -1.798965e-02
1.830018e+01 9.280954e-01 -1.569871e-02
1.830018e+01 1.002158e+00 -1.322494e-02
1.830018e+01 1.082132e+00 -1.055376e-02
1.830018e+01 1.168487e+00 -9.375977e-03
1.830018e+01 1.261733e+00 -8.249555e-03
1.830018e+01 1.362421e+00 -7.033244e-03
1.830018e+01 1.471144e+00 -5.719869e-03
1.830018e+01 1.588542e+00 -4.782029e-03
1.830018e+01 1.715310e+00 -4.189907e-03
1.830018e+01 1.852193e+00 -3.550533e-03
1.830018e+01 2.000000e+00 -2.860137e-03
1.868618e+01 1.000000e-03 -1.000011e+00
1.868618e+01 1.079801e-03 -1.073095e+00
1.868618e+01 1.165970e-03 -1.150903e+00
1.868618e+01 1.259016e-03 -1.233611e+00
1.868618e+01 1.359487e-03 -1.321371e+00
1.868618e+01 1.467975e-03 -1.414313e+00
1.868618e+01 1.585121e-03 -1.512542e+00
1.868618e+01 1.711615e-03 -1.616124e+00
1.868618e+01 1.848204e-03 -1.725093e+00
1.868618e+01 1.995693e-03 -1.839439e+00
1.868618e+01 2.154951e-03 -1.959108e+00
1.868618e+01 2.326918e-03 -2.083994e+00
1.868618e+01 2.512609e-03 -2.213931e+00
1.868618e+01 2.713117e-03 -2.348684e+00
1.868618e+01 2.929627e-03 -2.487945e+00
1.868618e+01 3.163414e-03 -2.631290e+00
1.868618e+01 3.415858e-03 -2.778168e+00
1.868618e+01 3.688447e-03 -2.927924e+00
1.868618e+01 3.982789e-03 -3.079748e+00
1.868618e+01 4.300619e-03 -3.232668e+00
1.868618e+01 4.643813e-03 -3.385584e+00
1.868618e+01 5.014394e-03 -3.537199e+00
1.868618e+01 5.414548e-03 -3.686018e+00
1.868618e+01 5.846635e-03 -3.830413e+00
1.868618e+01 6.313202e-03 -3.968497e+00
1.868618e+01 6.817002e-03 -4.098154e+00
1.868618e+01 7.361006e-03 -4.217155e+00
1.868618e+01 7.948422e-03 -4.323005e+00
1.868618e+01 8.582714e-03 -4.413001e+00
1.868618e+01 9.267624e-03 -4.484452e+00
1.868618e+01 1.000719e-02 -4.534506e+00
1.868618e+01 1.080577e-02 -4.560280e+00
1.868618e+01 1.166809e-02 -4.559191e+00
1.868618e+01 1.259921e-02 -4.528933e+00
1.868618e+01 1.360464e-02 -4.467648e+00
1.868618e+01 1.469030e-02 -4.374236e+00
1.868618e+01 1.586261e-02 -4.248926e+00
1.868618e+01 1.712846e-02 -4.093202e+00
1.868618e+01 1.849533e-02 -3.909522e+00
1.868618e+01 1.997127e-02 -3.703182e+00
1.868618e+01 2.156500e-02 -3.481274e+00
1.868618e+01 2.328591e-02 -3.250642e+00
1.868618e+01 2.514415e-02 -3.020689e+00
1.868618e+01 2.715068e-02 -2.801457e+00
1.868618e+01 2.931733e-02 -2.600481e+00
1.868618e+01 3.165689e-02 -2.423286e+00
1.868618e+01 3.418314e-02 -2.273195e+00
1.868618e+01 3.691099e-02 -2.147888e+00
1.868618e+01 3.985652e-02 -2.039779e+00
1.868618e+01 4.303711e-02 -1.936134e+00
1.868618e+01 4.647152e-02 -1.821498e+00
1.868618e+01 5.017999e-02 -1.682732e+00
1.868618e+01 5.418441e-02 -1.551772e+00
1.868618e+01 5.850838e-02 -1.467398e+00
1.868618e+01 6.317741e-02 -1.376291e+00
1.868618e+01 6.821903e-02 -1.277913e+00
1.868618e+01 7.366298e-02 -1.172648e+00
1.868618e+01 7.954136e-02 -1.068827e+00
1.868618e+01 8.588885e-02 -9.567206e-01
1.868618e+01 9.274286e-02 -8.356681e-01
1.868618e+01 1.001438e-01 -7.049555e-01
1.868618e+01 1.081354e-01 -6.268082e-01
1.868618e+01 1.167647e-01 -5.724802e-01
1.868618e+01 1.260827e-01 -5.138168e-01
1.868618e+01 1.361442e-01 -4.504720e-01
1.868618e+01 1.470087e-01 -3.891722e-01
1.868618e+01 1.587401e-01 -3.532247e-01
1.868618e+01 1.714077e-01 -3.144086e-01
1.868618e+01 1.850862e-01 -2.724949e-01
1.868618e+01 1.998563e-01 -2.272365e-01
1.868618e+01 2.158051e-01 -2.023541e-01
1.868618e+01 2.330265e-01 -1.802776e-01
1.868618e+01 2.516223e-01 -1.564392e-01
1.868618e+01 2.717020e-01 -1.306986e-01
1.868618e+01 2.933841e-01 -1.107493e-01
1.868618e+01 3.167964e-01 -9.917911e-02
1.868618e+01 3.420771e-01 -8.668559e-02
1.868618e+01 3.693752e-01 -7.319508e-02
1.868618e+01 3.988518e-01 -5.928304e-02
1.868618e+01 4.306805e-01 -5.344865e-02
1.868618e+01 4.650493e-01 -4.714867e-02
1.868618e+01 5.021607e-01 -4.034594e-02
1.868618e+01 5.422336e-01 -3.300035e-02
1.868618e+01 5.855044e-01 -2.859529e-02
1.868618e+01 6.322283e-01 -2.548218e-02
1.868618e+01 6.826808e-01 -2.212063e-02
1.868618e+01 7.371594e-01 -1.849084e-02
1.868618e+01 7.959855e-01 -1.533837e-02
1.868618e+01 8.595059e-01 -1.373909e-02
1.868618e+01 9.280954e-01 -1.201220e-02
1.868618e+01 1.002158e+00 -1.014749e-02
1.868618e+01 1.082132e+00 -8.133986e-03
1.868618e+01 1.168487e+00 -7.239212e-03
1.868618e+01 1.261733e+00 -6.382002e-03
1.868618e+01 1.362421e+00 -5.456385e-03
1.868618e+01 1.471144e+00 -4.456903e-03
1.868618e+01 1.588542e+00 -3.737792e-03
1.868618e+01 1.715310e+00 -3.276603e-03
1.868618e+01 1.852193e+00 -2.778611e-03
1.868618e+01 2.000000e+00 -2.240879e-03
1.907991e+01 1.000000e-03 -7.532324e-01
1.907991e+01 1.079801e-03 -8.082991e-01
1.907991e+01 1.165970e-03 -8.669287e-01
1.907991e+01 1.259016e-03 -9.292534e-01
1.907991e+01 1.359487e-03 -9.953881e-01
1.907991e+01 1.467975e-03 -1.065433e+00
1.907991e+01 1.585121e-03 -1.139464e+00
1.907991e+01 1.711615e-03 -1.217534e+00
1.907991e+01 1.848204e-03 -1.299665e+00
1.907991e+01 1.995693e-03 -1.385851e+00
1.907991e+01 2.154951e-03 -1.476049e+00
1.907991e+01 2.326918e-03 -1.570178e+00
1.907991e+01 2.512609e-03 -1.668111e+00
1.907991e+01 2.713117e-03 -1.769671e+00
1.907991e+01 2.929627e-03 -1.874626e+00
1.907991e+01 3.163414e-03 -1.982656e+00
1.907991e+01 3.415858e-03 -2.093349e+00
1.907991e+01 3.688447e-03 -2.206210e+00
1.907991e+01 3.982789e-03 -2.320630e+00
1.907991e+01 4.300619e-03 -2.435876e+00
1.907991e+01 4.643813e-03 -2.551118e+00
1.907991e+01 5.014394e-03 -2.665378e+00
1.907991e+01 5.414548e-03 -2.777530e+00
1.907991e+01 5.846635e-03 -2.886348e+00
1.907991e+01 6.313202e-03 -2.990410e+00
1.907991e+01 6.817002e-03 -3.088121e+00
1.907991e+01 7.361006e-03 -3.177802e+00
1.907991e+01 7.948422e-03 -3.257573e+00
1.907991e+01 8.582714e-03 -3.325395e+00
1.907991e+01 9.267624e-03 -3.379242e+00
1.907991e+01 1.000719e-02 -3.416966e+00
1.907991e+01 1.080577e-02 -3.436392e+00
1.907991e+01 1.166809e-02 -3.435575e+00
1.907991e+01 1.259921e-02 -3.412777e+00
1.907991e+01 1.360464e-02 -3.366598e+00
1.907991e+01 1.469030e-02 -3.296211e+00
1.907991e+01 1.586261e-02 -3.201787e+00
1.907991e+01 1.712846e-02 -3.084444e+00
1.907991e+01 1.849533e-02 -2.946033e+00
1.907991e+01 1.997127e-02 -2.790547e+00
1.907991e+01 2.156500e-02 -2.623328e+00
1.907991e+01 2.328591e-02 -2.449535e+00
1.907991e+01 2.514415e-02 -2.276254e+00
1.907991e+01 2.715068e-02 -2.111051e+00
1.907991e+01 2.931733e-02 -1.959605e+00
1.907991e+01 3.165689e-02 -1.826079e+00
1.907991e+01 3.418314e-02 -1.712978e+00
1.907991e+01 3.691099e-02 -1.618552e+00
1.907991e+01 3.985652e-02 -1.537086e+00
1.907991e+01 4.303711e-02 -1.458984e+00
1.907991e+01 4.647152e-02 -1.372599e+00
1.907991e+01 5.017999e-02 -1.268031e+00
1.907991e+01 5.418441e-02 -1.167404e+00
1.907991e+01 5.850838e-02 -1.098416e+00
1.907991e+01 6.317741e-02 -1.023922e+00
1.907991e+01 6.821903e-02 -9.434843e-01
1.907991e+01 7.366298e-02 -8.581873e-01
1.907991e+01 7.954136e-02 -7.820147e-01
1.907991e+01 8.588885e-02 -6.997635e-01
1.907991e+01 9.274286e-02 -6.109486e-01
1.907991e+01 1.001438e-01 -5.150462e-01
1.907991e+01 1.081354e-01 -4.579164e-01
1.907991e+01 1.167647e-01 -4.183774e-01
1.907991e+01 1.260827e-01 -3.756832e-01
1.907991e+01 1.361442e-01 -3.295819e-01
1.907991e+01 1.470087e-01 -2.850207e-01
1.907991e+01 1.587401e-01 -2.591353e-01
1.907991e+01 1.714077e-01 -2.311842e-01
1.907991e+01 1.850862e-01 -2.010026e-01
1.907991e+01 1.998563e-01 -1.684125e-01
1.907991e+01 2.158051e-01 -1.500365e-01
1.907991e+01 2.330265e-01 -1.335528e-01
1.907991e+01 2.516223e-01 -1.157537e-01
1.907991e+01 2.717020e-01 -9.653420e-02
1.907991e+01 2.933841e-01 -8.168004e-02
1.907991e+01 3.167964e-01 -7.313782e-02
1.907991e+01 3.420771e-01 -6.391393e-02
1.907991e+01 3.693752e-01 -5.395396e-02
1.907991e+01 3.988518e-01 -4.368632e-02
1.907991e+01 4.306805e-01 -3.943237e-02
1.907991e+01 4.650493e-01 -3.483894e-02
1.907991e+01 5.021607e-01 -2.987896e-02
1.907991e+01 5.422336e-01 -2.452316e-02
1.907991e+01 5.855044e-01 -2.130178e-02
1.907991e+01 6.322283e-01 -1.901715e-02
1.907991e+01 6.826808e-01 -1.655021e-02
1.907991e+01 7.371594e-01 -1.388640e-02
1.907991e+01 7.959855e-01 -1.156513e-02
1.907991e+01 8.595059e-01 -1.036483e-02
1.907991e+01 9.280954e-01 -9.068741e-03
1.907991e+01 1.002158e+00 -7.669227e-03
1.907991e+01 1.082132e+00 -6.158029e-03
1.907991e+01 1.168487e+00 -5.489395e-03
1.907991e+01 1.261733e+00 -4.849435e-03
1.907991e+01 1.362421e+00 -4.158405e-03
1.907991e+01 1.471144e+00 -3.412231e-03
1.907991e+01 1.588542e+00 -2.871572e-03
1.907991e+01 1.715310e+00 -2.519840e-03
1.907991e+01 1.852193e+00 -2.140040e-03
1.907991e+01 2.000000e+00 -1.729931e-03
1.948151e+01 1.000000e-03 -5.392541e-01
1.948151e+01 1.079801e-03 -5.786904e-01
1.948151e+01 1.165970e-03 -6.206806e-01
1.948151e+01 1.259016e-03 -6.653197e-01
1.948151e+01 1.359487e-03 -7.126902e-01
1.948151e+01 1.467975e-03 -7.628639e-01
1.948151e+01 1.585121e-03 -8.158964e-01
1.948151e+01 1.711615e-03 -8.718236e-01
1.948151e+01 1.848204e-03 -9.306622e-01
1.948151e+01 1.995693e-03 -9.924062e-01
1.948151e+01 2.154951e-03 -1.057025e+00
1.948151e+01 2.326918e-03 -1.124459e+00
1.948151e+01 2.512609e-03 -1.194617e+00
1.948151e+01 2.713117e-03 -1.267371e+00
1.948151e+01 2.929627e-03 -1.342555e+00
1.948151e+01 3.163414e-03 -1.419940e+00
1.948151e+01 3.415858e-03 -1.499231e+00
1.948151e+01 3.688447e-03 -1.580076e+00
1.948151e+01 3.982789e-03 -1.662038e+00
1.948151e+01 4.300619e-03 -1.744591e+00
1.948151e+01 4.643813e-03 -1.827141e+00
1.948151e+01 5.014394e-03 -1.908985e+00
1.948151e+01 5.414548e-03 -1.989320e+00
1.948151e+01 5.846635e-03 -2.067266e+00
1.948151e+01 6.313202e-03 -2.141807e+00
1.948151e+01 6.817002e-03 -2.211797e+00
1.948151e+01 7.361006e-03 -2.276036e+00
1.948151e+01 7.948422e-03 -2.333175e+00
1.948151e+01 8.582714e-03 -2.381757e+00
1.948151e+01 9.267624e-03 -2.420329e+00
1.948151e+01 1.000719e-02 -2.447352e+00
1.948151e+01 1.080577e-02 -2.461269e+00
1.948151e+01 1.166809e-02 -2.460686e+00
1.948151e+01 1.259921e-02 -2.444358e+00
1.948151e+01 1.360464e-02 -2.411285e+00
1.948151e+01 1.469030e-02 -2.360873e+00
1.948151e+01 1.586261e-02 -2.293245e+00
1.948151e+01 1.712846e-02 -2.209203e+00
1.948151e+01 1.849533e-02 -2.110069e+00
1.948151e+01 1.997127e-02 -1.998705e+00
1.948151e+01 2.156500e-02 -1.878937e+00
1.948151e+01 2.328591e-02 -1.754460e+00
1.948151e+01 2.514415e-02 -1.630350e+00
1.948151e+01 2.715068e-02 -1.512025e+00
1.948151e+01 2.931733e-02 -1.403553e+00
1.948151e+01 3.165689e-02 -1.307916e+00
1.948151e+01 3.418314e-02 -1.226908e+00
1.948151e+01 3.691099e-02 -1.159276e+00
1.948151e+01 3.985652e-02 -1.100926e+00
1.948151e+01 4.303711e-02 -1.044986e+00
1.948151e+01 4.647152e-02 -9.831144e-01
1.948151e+01 5.017999e-02 -9.082182e-01
1.948151e+01 5.418441e-02 -8.358380e-01
1.948151e+01 5.850838e-02 -7.855713e-01
1.948151e+01 6.317741e-02 -7.312932e-01
1.948151e+01 6.821903e-02 -6.726837e-01
1.948151e+01 7.366298e-02 -6.107092e-01
1.948151e+01 7.954136e-02 -5.571866e-01
1.948151e+01 8.588885e-02 -4.993928e-01
1.948151e+01 9.274286e-02 -4.369871e-01
1.948151e+01 1.001438e-01 -3.696012e-01
1.948151e+01 1.081354e-01 -3.291927e-01
1.948151e+01 1.167647e-01 -3.009960e-01
1.948151e+01 1.260827e-01 -2.705492e-01
1.948151e+01 1.361442e-01 -2.376726e-01
1.948151e+01 1.470087e-01 -2.058438e-01
1.948151e+01 1.587401e-01 -1.871136e-01
1.948151e+01 1.714077e-01 -1.668888e-01
1.948151e+01 1.850862e-01 -1.450500e-01
1.948151e+01 1.998563e-01 -1.214685e-01
1.948151e+01 2.158051e-01 -1.081259e-01
1.948151e+01 2.330265e-01 -9.613959e-02
1.948151e+01 2.516223e-01 -8.319679e-02
1.948151e+01 2.717020e-01 -6.922113e-02
1.948151e+01 2.933841e-01 -5.848725e-02
1.948151e+01 3.167964e-01 -5.243429e-02
1.948151e+01 3.420771e-01 -4.589831e-02
1.948151e+01 3.693752e-01 -3.884074e-02
1.948151e+01 3.988518e-01 -3.156294e-02
1.948151e+01 4.306805e-01 -2.851501e-02
1.948151e+01 4.650493e-01 -2.522385e-02
1.948151e+01 5.021607e-01 -2.167006e-02
1.948151e+01 5.422336e-01 -1.783267e-02
1.948151e+01 5.855044e-01 -1.552251e-02
1.948151e+01 6.322283e-01 -1.388240e-02
1.948151e+01 6.826808e-01 -1.211141e-02
1.948151e+01 7.371594e-01 -1.019909e-02
1.948151e+01 7.959855e-01 -8.526381e-03
1.948151e+01 8.595059e-01 -7.643081e-03
1.948151e+01 9.280954e-01 -6.689293e-03
1.948151e+01 1.002158e+00 -5.659391e-03
1.948151e+01 1.082132e+00 -4.547302e-03
1.948151e+01 1.168487e+00 -4.055677e-03
1.948151e+01 1.261733e+00 -3.585224e-03
1.948151e+01 1.362421e+00 -3.077228e-03
1.948151e+01 1.471144e+00 -2.528693e-03
1.948151e+01 1.588542e+00 -2.130415e-03
1.948151e+01 1.715310e+00 -1.870234e-03
1.948151e+01 1.852193e+00 -1.589290e-03
1.948151e+01 2.000000e+00 -1.285927e-03
1.989114e+01 1.000000e-03 -3.786311e-01
1.989114e+01 1.079801e-03 -4.063300e-01
1.989114e+01 1.165970e-03 -4.358243e-01
1.989114e+01 1.259016e-03 -4.671810e-01
1.989114e+01 1.359487e-03 -5.004583e-01
1.989114e+01 1.467975e-03 -5.357067e-01
1.989114e+01 1.585121e-03 -5.729654e-01
1.989114e+01 1.711615e-03 -6.122595e-01
1.989114e+01 1.848204e-03 -6.536004e-01
1.989114e+01 1.995693e-03 -6.969836e-01
1.989114e+01 2.154951e-03 -7.423868e-01
1.989114e+01 2.326918e-03 -7.897676e-01
1.989114e+01 2.512609e-03 -8.390610e-01
1.989114e+01 2.713117e-03 -8.901772e-01
1.989114e+01 2.929627e-03 -9.429991e-01
1.989114e+01 3.163414e-03 -9.973662e-01
1.989114e+01 3.415858e-03 -1.053072e+00
1.989114e+01 3.688447e-03 -1.109869e+00
1.989114e+01 3.982789e-03 -1.167450e+00
1.989114e+01 4.300619e-03 -1.225448e+00
1.989114e+01 4.643813e-03 -1.283442e+00
1.989114e+01 5.014394e-03 -1.340940e+00
1.989114e+01 5.414548e-03 -1.397377e+00
1.989114e+01 5.846635e-03 -1.452136e+00
1.989114e+01 6.313202e-03 -1.504502e+00
1.989114e+01 6.817002e-03 -1.553672e+00
1.989114e+01 7.361006e-03 -1.598801e+00
1.989114e+01 7.948422e-03 -1.638943e+00
1.989114e+01 8.582714e-03 -1.673073e+00
1.989114e+01 9.267624e-03 -1.700171e+00
1.989114e+01 1.000719e-02 -1.719157e+00
1.989114e+01 1.080577e-02 -1.728935e+00
1.989114e+01 1.166809e-02 -1.728527e+00
1.989114e+01 1.259921e-02 -1.717058e+00
1.989114e+01 1.360464e-02 -1.693825e+00
1.989114e+01 1.469030e-02 -1.658415e+00
1.989114e+01 1.586261e-02 -1.610912e+00
1.989114e+01 1.712846e-02 -1.551878e+00
1.989114e+01 1.849533e-02 -1.482243e+00
1.989114e+01 1.997127e-02 -1.404015e+00
1.989114e+01 2.156500e-02 -1.319883e+00
1.989114e+01 2.328591e-02 -1.232442e+00
1.989114e+01 2.514415e-02 -1.145260e+00
1.989114e+01 2.715068e-02 -1.062142e+00
1.989114e+01 2.931733e-02 -9.859444e-01
1.989114e+01 3.165689e-02 -9.187631e-01
1.989114e+01 3.418314e-02 -8.618578e-01
1.989114e+01 3.691099e-02 -8.143492e-01
1.989114e+01 3.985652e-02 -7.733606e-01
1.989114e+01 4.303711e-02 -7.340647e-01
1.989114e+01 4.647152e-02 -6.906019e-01
1.989114e+01 5.017999e-02 -6.379902e-01
1.989114e+01 5.418441e-02 -5.870536e-01
1.989114e+01 5.850838e-02 -5.514865e-01
1.989114e+01 6.317741e-02 -5.130811e-01
1.989114e+01 6.821903e-02 -4.716110e-01
1.989114e+01 7.366298e-02 -4.277054e-01
1.989114e+01 7.954136e-02 -3.892198e-01
1.989114e+01 8.588885e-02 -3.476630e-01
1.989114e+01 9.274286e-02 -3.027899e-01
1.989114e+01 1.001438e-01 -2.543359e-01
1.989114e+01 1.081354e-01 -2.262251e-01
1.989114e+01 1.167647e-01 -2.074217e-01
1.989114e+01 1.260827e-01 -1.871177e-01
1.989114e+01 1.361442e-01 -1.651934e-01
1.989114e+01 1.470087e-01 -1.438656e-01
1.989114e+01 1.587401e-01 -1.308290e-01
1.989114e+01 1.714077e-01 -1.167520e-01
1.989114e+01 1.850862e-01 -1.015517e-01
1.989114e+01 1.998563e-01 -8.513844e-02
1.989114e+01 2.158051e-01 -7.579054e-02
1.989114e+01 2.330265e-01 -6.736955e-02
1.989114e+01 2.516223e-01 -5.827655e-02
1.989114e+01 2.717020e-01 -4.845793e-02
1.989114e+01 2.933841e-01 -4.093835e-02
1.989114e+01 3.167964e-01 -3.673644e-02
1.989114e+01 3.420771e-01 -3.219921e-02
1.989114e+01 3.693752e-01 -2.729991e-02
1.989114e+01 3.988518e-01 -2.224616e-02
1.989114e+01 4.306805e-01 -2.010679e-02
1.989114e+01 4.650493e-01 -1.779668e-02
1.989114e+01 5.021607e-01 -1.530223e-02
1.989114e+01 5.422336e-01 -1.260872e-02
1.989114e+01 5.855044e-01 -1.098943e-02
1.989114e+01 6.322283e-01 -9.841667e-03
1.989114e+01 6.826808e-01 -8.602316e-03
1.989114e+01 7.371594e-01 -7.264063e-03
1.989114e+01 7.959855e-01 -6.090488e-03
1.989114e+01 8.595059e-01 -5.462053e-03
1.989114e+01 9.280954e-01 -4.783467e-03
1.989114e+01 1.002158e+00 -4.050730e-03
1.989114e+01 1.082132e+00 -3.259519e-03
1.989114e+01 1.168487e+00 -2.909522e-03
1.989114e+01 1.261733e+00 -2.574550e-03
1.989114e+01 1.362421e+00 -2.212847e-03
1.989114e+01 1.471144e+00 -1.822279e-03
1.989114e+01 1.588542e+00 -1.537876e-03
1.989114e+01 1.715310e+00 -1.351018e-03
1.989114e+01 1.852193e+00 -1.149248e-03
1.989114e+01 2.000000e+00 -9.313759e-04
2.030896e+01 1.000000e-03 -2.663591e-01
2.030896e+01 1.079801e-03 -2.858511e-01
2.030896e+01 1.165970e-03 -3.066078e-01
2.030896e+01 1.259016e-03 -3.286764e-01
2.030896e+01 1.359487e-03 -3.520981e-01
2.030896e+01 1.467975e-03 -3.769086e-01
2.030896e+01 1.585121e-03 -4.031354e-01
2.030896e+01 1.711615e-03 -4.307962e-01
2.030896e+01 1.848204e-03 -4.598988e-01
2.030896e+01 1.995693e-03 -4.904398e-01
2.030896e+01 2.154951e-03 -5.224031e-01
2.030896e+01 2.326918e-03 -5.557582e-01
2.030896e+01 2.512609e-03 -5.904590e-01
2.030896e+01 2.713117e-03 -6.264420e-01
2.030896e+01 2.929627e-03 -6.636246e-01
2.030896e+01 3.163414e-03 -7.018939e-01
2.030896e+01 3.415858e-03 -7.411046e-01
2.030896e+01 3.688447e-03 -7.810836e-01
2.030896e+01 3.982789e-03 -8.216153e-01
2.030896e+01 4.300619e-03 -8.624394e-01
2.030896e+01 4.643813e-03 -9.032608e-01
2.030896e+01 5.014394e-03 -9.437326e-01
2.030896e+01 5.414548e-03 -9.834573e-01
2.030896e+01 5.846635e-03 -1.022001e+00
2.030896e+01 6.313202e-03 -1.058860e+00
2.030896e+01 6.817002e-03 -1.093470e+00
2.030896e+01 7.361006e-03 -1.125235e+00
2.030896e+01 7.948422e-03 -1.153490e+00
2.030896e+01 8.582714e-03 -1.177513e+00
2.030896e+01 9.267624e-03 -1.196588e+00
2.030896e+01 1.000719e-02 -1.209952e+00
2.030896e+01 1.080577e-02 -1.216836e+00
2.030896e+01 1.166809e-02 -1.216549e+00
2.030896e+01 1.259921e-02 -1.208476e+00
2.030896e+01 1.360464e-02 -1.192125e+00
2.030896e+01 1.469030e-02 -1.167205e+00
2.030896e+01 1.586261e-02 -1.133774e+00
2.030896e+01 1.712846e-02 -1.092228e+00
2.030896e+01 1.849533e-02 -1.043219e+00
2.030896e+01 1.997127e-02 -9.881623e-01
2.030896e+01 2.156500e-02 -9.289494e-01
2.030896e+01 2.328591e-02 -8.674082e-01
2.030896e+01 2.514415e-02 -8.060485e-01
2.030896e+01 2.715068e-02 -7.475489e-01
2.030896e+01 2.931733e-02 -6.939205e-01
2.030896e+01 3.165689e-02 -6.466376e-01
2.030896e+01 3.418314e-02 -6.065869e-01
2.030896e+01 3.691099e-02 -5.731497e-01
2.030896e+01 3.985652e-02 -5.443014e-01
2.030896e+01 4.303711e-02 -5.166444e-01
2.030896e+01 4.647152e-02 -4.860547e-01
2.030896e+01 5.017999e-02 -4.490259e-01
2.030896e+01 5.418441e-02 -4.129766e-01
2.030896e+01 5.850838e-02 -3.873885e-01
2.030896e+01 6.317741e-02 -3.597585e-01
2.030896e+01 6.821903e-02 -3.299235e-01
2.030896e+01 7.366298e-02 -2.983597e-01
2.030896e+01 7.954136e-02 -2.709346e-01
2.030896e+01 8.588885e-02 -2.413210e-01
2.030896e+01 9.274286e-02 -2.093442e-01
2.030896e+01 1.001438e-01 -1.748156e-01
2.030896e+01 1.081354e-01 -1.551692e-01
2.030896e+01 1.167647e-01 -1.423699e-01
2.030896e+01 1.260827e-01 -1.285492e-01
2.030896e+01 1.361442e-01 -1.136256e-01
2.030896e+01 1.470087e-01 -9.911966e-02
2.030896e+01 1.587401e-01 -9.030821e-02
2.030896e+01 1.714077e-01 -8.079361e-02
2.030896e+01 1.850862e-01 -7.051973e-02
2.030896e+01 1.998563e-01 -5.942598e-02
2.030896e+01 2.158051e-01 -5.292827e-02
2.030896e+01 2.330265e-01 -4.700691e-02
2.030896e+01 2.516223e-01 -4.061301e-02
2.030896e+01 2.717020e-01 -3.370887e-02
2.030896e+01 2.933841e-01 -2.845034e-02
2.030896e+01 3.167964e-01 -2.556385e-02
2.030896e+01 3.420771e-01 -2.244701e-02
2.030896e+01 3.693752e-01 -1.908144e-02
2.030896e+01 3.988518e-01 -1.560764e-02
2.030896e+01 4.306805e-01 -1.410558e-02
2.030896e+01 4.650493e-01 -1.248366e-02
2.030896e+01 5.021607e-01 -1.073231e-02
2.030896e+01 5.422336e-01 -8.841196e-03
2.030896e+01 5.855044e-01 -7.711333e-03
2.030896e+01 6.322283e-01 -6.916381e-03
2.030896e+01 6.826808e-01 -6.057990e-03
2.030896e+01 7.371594e-01 -5.131100e-03
2.030896e+01 7.959855e-01 -4.315376e-03
2.030896e+01 8.595059e-01 -3.870189e-03
2.030896e+01 9.280954e-01 -3.389476e-03
2.030896e+01 1.002158e+00 -2.870401e-03
2.030896e+01 1.082132e+00 -2.309904e-03
2.030896e+01 1.168487e+00 -2.062494e-03
2.030896e+01 1.261733e+00 -1.825816e-03
2.030896e+01 1.362421e+00 -1.570251e-03
2.030896e+01 1.471144e+00 -1.294292e-03
2.030896e+01 1.588542e+00 -1.093728e-03
2.030896e+01 1.715310e+00 -9.624524e-04
2.030896e+01 1.852193e+00 -8.207009e-04
2.030896e+01 2.000000e+00 -6.676374e-04
2.073514e+01 1.000000e-03 -1.852103e-01
2.073514e+01 1.079801e-03 -1.987684e-01
2.073514e+01 1.165970e-03 -2.132069e-01
2.073514e+01 1.259016e-03 -2.285591e-01
2.073514e+01 1.359487e-03 -2.448534e-01
2.073514e+01 1.467975e-03 -2.621150e-01
2.073514e+01 1.585121e-03 -2.803629e-01
2.073514e+01 1.711615e-03 -2.996094e-01
2.073514e+01 1.848204e-03 -3.198599e-01
2.073514e+01 1.995693e-03 -3.411118e-01
2.073514e+01 2.154951e-03 -3.633536e-01
2.073514e+01 2.326918e-03 -3.865638e-01
2.073514e+01 2.512609e-03 -4.107098e-01
2.073514e+01 2.713117e-03 -4.357474e-01
2.073514e+01 2.929627e-03 -4.616188e-01
2.073514e+01 3.163414e-03 -4.882456e-01
2.073514e+01 3.415858e-03 -5.155269e-01
2.073514e+01 3.688447e-03 -5.433428e-01
2.073514e+01 3.982789e-03 -5.715433e-01
2.073514e+01 4.300619e-03 -5.999473e-01
2.073514e+01 4.643813e-03 -6.283490e-01
2.073514e+01 5.014394e-03 -6.565072e-01
2.073514e+01 5.414548e-03 -6.841455e-01
2.073514e+01 5.846635e-03 -7.109618e-01
2.073514e+01 6.313202e-03 -7.366065e-01
2.073514e+01 6.817002e-03 -7.606859e-01
2.073514e+01 7.361006e-03 -7.827863e-01
2.073514e+01 7.948422e-03 -8.024443e-01
2.073514e+01 8.582714e-03 -8.191585e-01
2.073514e+01 9.267624e-03 -8.324299e-01
2.073514e+01 1.000719e-02 -8.417289e-01
2.073514e+01 1.080577e-02 -8.465189e-01
2.073514e+01 1.166809e-02 -8.463195e-01
2.073514e+01 1.259921e-02 -8.407036e-01
2.073514e+01 1.360464e-02 -8.293287e-01
2.073514e+01 1.469030e-02 -8.119928e-01
2.073514e+01 1.586261e-02 -7.887378e-01
2.073514e+01 1.712846e-02 -7.598370e-01
2.073514e+01 1.849533e-02 -7.257442e-01
2.073514e+01 1.997127e-02 -6.874427e-01
2.073514e+01 2.156500e-02 -6.462498e-01
2.073514e+01 2.328591e-02 -6.034371e-01
2.073514e+01 2.514415e-02 -5.607507e-01
2.073514e+01 2.715068e-02 -5.200540e-01
2.073514e+01 2.931733e-02 -4.827460e-01
2.073514e+01 3.165689e-02 -4.498523e-01
2.073514e+01 3.418314e-02 -4.219899e-01
2.073514e+01 3.691099e-02 -3.987284e-01
2.073514e+01 3.985652e-02 -3.786592e-01
2.073514e+01 4.303711e-02 -3.594188e-01
2.073514e+01 4.647152e-02 -3.381382e-01
2.073514e+01 5.017999e-02 -3.123780e-01
2.073514e+01 5.418441e-02 -2.865917e-01
2.073514e+01 5.850838e-02 -2.668202e-01
2.073514e+01 6.317741e-02 -2.454708e-01
2.073514e+01 6.821903e-02 -2.224178e-01
2.073514e+01 7.366298e-02 -1.982798e-01
2.073514e+01 7.954136e-02 -1.799207e-01
2.073514e+01 8.588885e-02 -1.600965e-01
2.073514e+01 9.274286e-02 -1.386903e-01
2.073514e+01 1.001438e-01 -1.155759e-01
2.073514e+01 1.081354e-01 -1.028903e-01
2.073514e+01 1.167647e-01 -9.504797e-02
2.073514e+01 1.260827e-01 -8.657981e-02
2.073514e+01 1.361442e-01 -7.743588e-02
2.073514e+01 1.470087e-01 -6.840228e-02
2.073514e+01 1.587401e-01 -6.222613e-02
2.073514e+01 1.714077e-01 -5.555712e-02
2.073514e+01 1.850862e-01 -4.835591e-02
2.073514e+01 1.998563e-01 -4.058004e-02
2.073514e+01 2.158051e-01 -3.608167e-02
2.073514e+01 2.330265e-01 -3.200292e-02
2.073514e+01 2.516223e-01 -2.759869e-02
2.073514e+01 2.717020e-01 -2.284299e-02
2.073514e+01 2.933841e-01 -1.924894e-02
2.073514e+01 3.167964e-01 -1.732680e-02
2.073514e+01 3.420771e-01 -1.525127e-02
2.073514e+01 3.693752e-01 -1.301012e-02
2.073514e+01 3.988518e-01 -1.069566e-02
2.073514e+01 4.306805e-01 -9.677053e-03
2.073514e+01 4.650493e-01 -8.577156e-03
2.073514e+01 5.021607e-01 -7.389486e-03
2.073514e+01 5.422336e-01 -6.107038e-03
2.073514e+01 5.855044e-01 -5.336305e-03
2.073514e+01 6.322283e-01 -4.790222e-03
2.073514e+01 6.826808e-01 -4.200560e-03
2.073514e+01 7.371594e-01 -3.563843e-03
2.073514e+01 7.959855e-01 -3.002191e-03
2.073514e+01 8.595059e-01 -2.691910e-03
2.073514e+01 9.280954e-01 -2.356868e-03
2.073514e+01 1.002158e+00 -1.995090e-03
2.073514e+01 1.082132e+00 -1.604441e-03
2.073514e+01 1.168487e+00 -1.432760e-03
2.073514e+01 1.261733e+00 -1.268683e-03
2.073514e+01 1.362421e+00 -1.091512e-03
2.073514e+01 1.471144e+00 -9.002027e-04
2.073514e+01 1.588542e+00 -7.612595e-04
2.073514e+01 1.715310e+00 -6.704438e-04
2.073514e+01 1.852193e+00 -5.723808e-04
2.073514e+01 2.000000e+00 -4.664923e-04
2.116984e+01 1.000000e-03 -1.181005e-01
2.116984e+01 1.079801e-03 -1.267488e-01
2.116984e+01 1.165970e-03 -1.359593e-01
2.116984e+01 1.259016e-03 -1.457532e-01
2.116984e+01 1.359487e-03 -1.561487e-01
2.116984e+01 1.467975e-03 -1.671620e-01
2.116984e+01 1.585121e-03 -1.788052e-01
2.116984e+01 1.711615e-03 -1.910862e-01
2.116984e+01 1.848204e-03 -2.040084e-01
2.116984e+01 1.995693e-03 -2.175699e-01
2.116984e+01 2.154951e-03 -2.317633e-01
2.116984e+01 2.326918e-03 -2.465746e-01
2.116984e+01 2.512609e-03 -2.619828e-01
2.116984e+01 2.713117e-03 -2.779594e-01
2.116984e+01 2.929627e-03 -2.944676e-01
2.116984e+01 3.163414e-03 -3.114573e-01
2.116984e+01 3.415858e-03 -3.288642e-01
2.116984e+01 3.688447e-03 -3.466123e-01
2.116984e+01 3.982789e-03 -3.646058e-01
2.116984e+01 4.300619e-03 -3.827290e-01
2.116984e+01 4.643813e-03 -4.008507e-01
2.116984e+01 5.014394e-03 -4.188169e-01
2.116984e+01 5.414548e-03 -4.364511e-01
2.116984e+01 5.846635e-03 -4.535610e-01
2.116984e+01 6.313202e-03 -4.699232e-01
2.116984e+01 6.817002e-03 -4.852867e-01
2.116984e+01 7.361006e-03 -4.993875e-01
2.116984e+01 7.948422e-03 -5.119300e-01
2.116984e+01 8.582714e-03 -5.225944e-01
2.116984e+01 9.267624e-03 -5.310624e-01
2.116984e+01 1.000719e-02 -5.369960e-01
2.116984e+01 1.080577e-02 -5.400526e-01
2.116984e+01 1.166809e-02 -5.399257e-01
2.116984e+01 1.259921e-02 -5.363428e-01
2.116984e+01 1.360464e-02 -5.290859e-01
2.116984e+01 1.469030e-02 -5.180268e-01
2.116984e+01 1.586261e-02 -5.031919e-01
2.116984e+01 1.712846e-02 -4.847551e-01
2.116984e+01 1.849533e-02 -4.630056e-01
2.116984e+01 1.997127e-02 -4.385706e-01
2.116984e+01 2.156500e-02 -4.122908e-01
2.116984e+01 2.328591e-02 -3.849775e-01
2.116984e+01 2.514415e-02 -3.577448e-01
2.116984e+01 2.715068e-02 -3.317815e-01
2.116984e+01 2.931733e-02 -3.079800e-01
2.116984e+01 3.165689e-02 -2.869947e-01
2.116984e+01 3.418314e-02 -2.692192e-01
2.116984e+01 3.691099e-02 -2.543789e-01
2.116984e+01 3.985652e-02 -2.415752e-01
2.116984e+01 4.303711e-02 -2.293003e-01
2.116984e+01 4.647152e-02 -2.157238e-01
2.116984e+01 5.017999e-02 -1.992895e-01
2.116984e+01 5.418441e-02 -1.829934e-01
2.116984e+01 5.850838e-02 -1.708110e-01
2.116984e+01 6.317741e-02 -1.576565e-01
2.116984e+01 6.821903e-02 -1.434522e-01
2.116984e+01 7.366298e-02 -1.285045e-01
2.116984e+01 7.954136e-02 -1.163461e-01
2.116984e+01 8.588885e-02 -1.032174e-01
2.116984e+01 9.274286e-02 -8.904104e-02
2.116984e+01 1.001438e-01 -7.373341e-02
2.116984e+01 1.081354e-01 -6.562996e-02
2.116984e+01 1.167647e-01 -6.089976e-02
2.116984e+01 1.260827e-01 -5.579210e-02
2.116984e+01 1.361442e-01 -5.027684e-02
2.116984e+01 1.470087e-01 -4.478871e-02
2.116984e+01 1.587401e-01 -4.085308e-02
2.116984e+01 1.714077e-01 -3.660337e-02
2.116984e+01 1.850862e-01 -3.201453e-02
2.116984e+01 1.998563e-01 -2.705950e-02
2.116984e+01 2.158051e-01 -2.407164e-02
2.116984e+01 2.330265e-01 -2.131725e-02
2.116984e+01 2.516223e-01 -1.834306e-02
2.116984e+01 2.717020e-01 -1.513153e-02
2.116984e+01 2.933841e-01 -1.271665e-02
2.116984e+01 3.167964e-01 -1.144727e-02
2.116984e+01 3.420771e-01 -1.007659e-02
2.116984e+01 3.693752e-01 -8.596535e-03
2.116984e+01 3.988518e-01 -7.068720e-03
2.116984e+01 4.306805e-01 -6.405820e-03
2.116984e+01 4.650493e-01 -5.690020e-03
2.116984e+01 5.021607e-01 -4.917098e-03
2.116984e+01 5.422336e-01 -4.082497e-03
2.116984e+01 5.855044e-01 -3.576019e-03
2.116984e+01 6.322283e-01 -3.213070e-03
2.116984e+01 6.826808e-01 -2.821156e-03
2.116984e+01 7.371594e-01 -2.397968e-03
2.116984e+01 7.959855e-01 -2.023911e-03
2.116984e+01 8.595059e-01 -1.815079e-03
2.116984e+01 9.280954e-01 -1.589581e-03
2.116984e+01 1.002158e+00 -1.346089e-03
2.116984e+01 1.082132e+00 -1.083166e-03
2.116984e+01 1.168487e+00 -9.673526e-04
2.116984e+01 1.261733e+00 -8.566139e-04
2.116984e+01 1.362421e+00 -7.370380e-04
2.116984e+01 1.471144e+00 -6.079200e-04
2.116984e+01 1.588542e+00 -5.146480e-04
2.116984e+01 1.715310e+00 -4.543389e-04
2.116984e+01 1.852193e+00 -3.892171e-04
2.116984e+01 2.000000e+00 -3.188985e-04
2.161324e+01 1.000000e-03 -7.323178e-02
2.161324e+01 1.079801e-03 -7.859622e-02
2.161324e+01 1.165970e-03 -8.430972e-02
2.161324e+01 1.259016e-03 -9.038545e-02
2.161324e+01 1.359487e-03 -9.683487e-02
2.161324e+01 1.467975e-03 -1.036679e-01
2.161324e+01 1.585121e-03 -1.108923e-01
2.161324e+01 1.711615e-03 -1.185128e-01
2.161324e+01 1.848204e-03 -1.265314e-01
2.161324e+01 1.995693e-03 -1.349471e-01
2.161324e+01 2.154951e-03 -1.437550e-01
2.161324e+01 2.326918e-03 -1.529462e-01
2.161324e+01 2.512609e-03 -1.625077e-01
2.161324e+01 2.713117e-03 -1.724218e-01
2.161324e+01 2.929627e-03 -1.826653e-01
2.161324e+01 3.163414e-03 -1.932072e-01
2.161324e+01 3.415858e-03 -2.040079e-01
2.161324e+01 3.688447e-03 -2.150201e-01
2.161324e+01 3.982789e-03 -2.261847e-01
2.161324e+01 4.300619e-03 -2.374297e-01
2.161324e+01 4.643813e-03 -2.486737e-01
2.161324e+01 5.014394e-03 -2.598211e-01
2.161324e+01 5.414548e-03 -2.707626e-01
2.161324e+01 5.846635e-03 -2.813785e-01
2.161324e+01 6.313202e-03 -2.915306e-01
2.161324e+01 6.817002e-03 -3.010631e-01
2.161324e+01 7.361006e-03 -3.098120e-01
2.161324e+01 7.948422e-03 -3.175941e-01
2.161324e+01 8.582714e-03 -3.242110e-01
2.161324e+01 9.267624e-03 -3.294652e-01
2.161324e+01 1.000719e-02 -3.331470e-01
2.161324e+01 1.080577e-02 -3.350439e-01
2.161324e+01 1.166809e-02 -3.349654e-01
2.161324e+01 1.259921e-02 -3.327427e-01
2.161324e+01 1.360464e-02 -3.282407e-01
2.161324e+01 1.469030e-02 -3.213800e-01
2.161324e+01 1.586261e-02 -3.121772e-01
2.161324e+01 1.712846e-02 -3.007397e-01
2.161324e+01 1.849533e-02 -2.872469e-01
2.161324e+01 1.997127e-02 -2.720877e-01
2.161324e+01 2.156500e-02 -2.557839e-01
2.161324e+01 2.328591e-02 -2.388389e-01
2.161324e+01 2.514415e-02 -2.219440e-01
2.161324e+01 2.715068e-02 -2.058365e-01
2.161324e+01 2.931733e-02 -1.910701e-01
2.161324e+01 3.165689e-02 -1.780509e-01
2.161324e+01 3.418314e-02 -1.670230e-01
2.161324e+01 3.691099e-02 -1.578161e-01
2.161324e+01 3.985652e-02 -1.498728e-01
2.161324e+01 4.303711e-02 -1.422574e-01
2.161324e+01 4.647152e-02 -1.338346e-01
2.161324e+01 5.017999e-02 -1.236388e-01
2.161324e+01 5.418441e-02 -1.136372e-01
2.161324e+01 5.850838e-02 -1.063812e-01
2.161324e+01 6.317741e-02 -9.854623e-02
2.161324e+01 6.821903e-02 -9.008599e-02
2.161324e+01 7.366298e-02 -8.115794e-02
2.161324e+01 7.954136e-02 -7.363449e-02
2.161324e+01 8.588885e-02 -6.551065e-02
2.161324e+01 9.274286e-02 -5.673853e-02
2.161324e+01 1.001438e-01 -4.726638e-02
2.161324e+01 1.081354e-01 -4.215535e-02
2.161324e+01 1.167647e-01 -3.907780e-02
2.161324e+01 1.260827e-01 -3.575465e-02
2.161324e+01 1.361442e-01 -3.216630e-02
2.161324e+01 1.470087e-01 -2.861170e-02
2.161324e+01 1.587401e-01 -2.613694e-02
2.161324e+01 1.714077e-01 -2.346469e-02
2.161324e+01 1.850862e-01 -2.057919e-02
2.161324e+01 1.998563e-01 -1.746343e-02
2.161324e+01 2.158051e-01 -1.554439e-02
2.161324e+01 2.330265e-01 -1.376091e-02
2.161324e+01 2.516223e-01 -1.183510e-02
2.161324e+01 2.717020e-01 -9.755613e-03
2.161324e+01 2.933841e-01 -8.201081e-03
2.161324e+01 3.167964e-01 -7.400585e-03
2.161324e+01 3.420771e-01 -6.536208e-03
2.161324e+01 3.693752e-01 -5.602854e-03
2.161324e+01 3.988518e-01 -4.638229e-03
2.161324e+01 4.306805e-01 -4.202765e-03
2.161324e+01 4.650493e-01 -3.732550e-03
2.161324e+01 5.021607e-01 -3.224811e-03
2.161324e+01 5.422336e-01 -2.676554e-03
2.161324e+01 5.855044e-01 -2.344210e-03
2.161324e+01 6.322283e-01 -2.106349e-03
2.161324e+01 6.826808e-01 -1.849507e-03
2.161324e+01 7.371594e-01 -1.572169e-03
2.161324e+01 7.959855e-01 -1.326940e-03
2.161324e+01 8.595059e-01 -1.189779e-03
2.161324e+01 9.280954e-01 -1.041671e-03
2.161324e+01 1.002158e+00 -8.817448e-04
2.161324e+01 1.082132e+00 -7.090560e-04
2.161324e+01 1.168487e+00 -6.337816e-04
2.161324e+01 1.261733e+00 -5.619707e-04
2.161324e+01 1.362421e+00 -4.844292e-04
2.161324e+01 1.471144e+00 -4.006999e-04
2.161324e+01 1.588542e+00 -3.399878e-04
2.161324e+01 1.715310e+00 -3.004336e-04
2.161324e+01 1.852193e+00 -2.577229e-04
2.161324e+01 2.000000e+00 -2.116038e-04
2.206550e+01 1.000000e-03 -4.563256e-02
2.206550e+01 1.079801e-03 -4.897641e-02
2.206550e+01 1.165970e-03 -5.253805e-02
2.206550e+01 1.259016e-03 -5.632573e-02
2.206550e+01 1.359487e-03 -6.034663e-02
2.206550e+01 1.467975e-03 -6.460700e-02
2.206550e+01 1.585121e-03 -6.911159e-02
2.206550e+01 1.711615e-03 -7.386343e-02
2.206550e+01 1.848204e-03 -7.886378e-02
2.206550e+01 1.995693e-03 -8.411187e-02
2.206550e+01 2.154951e-03 -8.960463e-02
2.206550e+01 2.326918e-03 -9.533648e-02
2.206550e+01 2.512609e-03 -1.012991e-01
2.206550e+01 2.713117e-03 -1.074815e-01
2.206550e+01 2.929627e-03 -1.138691e-01
2.206550e+01 3.163414e-03 -1.204425e-01
2.206550e+01 3.415858e-03 -1.271771e-01
2.206550e+01 3.688447e-03 -1.340436e-01
2.206550e+01 3.982789e-03 -1.410051e-01
2.206550e+01 4.300619e-03 -1.480168e-01
2.206550e+01 4.643813e-03 -1.550278e-01
2.206550e+01 5.014394e-03 -1.619785e-01
2.206550e+01 5.414548e-03 -1.688007e-01
2.206550e+01 5.846635e-03 -1.754199e-01
2.206550e+01 6.313202e-03 -1.817499e-01
2.206550e+01 6.817002e-03 -1.876936e-01
2.206550e+01 7.361006e-03 -1.931487e-01
2.206550e+01 7.948422e-03 -1.980009e-01
2.206550e+01 8.582714e-03 -2.021267e-01
2.206550e+01 9.267624e-03 -2.054029e-01
2.206550e+01 1.000719e-02 -2.076988e-01
2.206550e+01 1.080577e-02 -2.088817e-01
2.206550e+01 1.166809e-02 -2.088330e-01
2.206550e+01 1.259921e-02 -2.074474e-01
2.206550e+01 1.360464e-02 -2.046408e-01
2.206550e+01 1.469030e-02 -2.003638e-01
2.206550e+01 1.586261e-02 -1.946266e-01
2.206550e+01 1.712846e-02 -1.874962e-01
2.206550e+01 1.849533e-02 -1.790843e-01
2.206550e+01 1.997127e-02 -1.696334e-01
2.206550e+01 2.156500e-02 -1.594689e-01
2.206550e+01 2.328591e-02 -1.489046e-01
2.206550e+01 2.514415e-02 -1.383715e-01
2.206550e+01 2.715068e-02 -1.283293e-01
2.206550e+01 2.931733e-02 -1.191232e-01
2.206550e+01 3.165689e-02 -1.110063e-01
2.206550e+01 3.418314e-02 -1.041310e-01
2.206550e+01 3.691099e-02 -9.839093e-02
2.206550e+01 3.985652e-02 -9.343861e-02
2.206550e+01 4.303711e-02 -8.869081e-02
2.206550e+01 4.647152e-02 -8.343958e-02
2.206550e+01 5.017999e-02 -7.708299e-02
2.206550e+01 5.418441e-02 -7.086522e-02
2.206550e+01 5.850838e-02 -6.639093e-02
2.206550e+01 6.317741e-02 -6.155960e-02
2.206550e+01 6.821903e-02 -5.634272e-02
2.206550e+01 7.366298e-02 -5.083127e-02
2.206550e+01 7.954136e-02 -4.612314e-02
2.206550e+01 8.588885e-02 -4.103929e-02
2.206550e+01 9.274286e-02 -3.554974e-02
2.206550e+01 1.001438e-01 -2.962212e-02
2.206550e+01 1.081354e-01 -2.647171e-02
2.206550e+01 1.167647e-01 -2.462057e-02
2.206550e+01 1.260827e-01 -2.262170e-02
2.206550e+01 1.361442e-01 -2.046333e-02
2.206550e+01 1.470087e-01 -1.830118e-02
2.206550e+01 1.587401e-01 -1.668409e-02
2.206550e+01 1.714077e-01 -1.493795e-02
2.206550e+01 1.850862e-01 -1.305247e-02
2.206550e+01 1.998563e-01 -1.101653e-02
2.206550e+01 2.158051e-01 -9.804202e-03
2.206550e+01 2.330265e-01 -8.692096e-03
2.206550e+01 2.516223e-01 -7.491243e-03
2.206550e+01 2.717020e-01 -6.194560e-03
2.206550e+01 2.933841e-01 -5.219087e-03
2.206550e+01 3.167964e-01 -4.705518e-03
2.206550e+01 3.420771e-01 -4.150965e-03
2.206550e+01 3.693752e-01 -3.552158e-03
2.206550e+01 3.988518e-01 -2.933873e-03
2.206550e+01 4.306805e-01 -2.663302e-03
2.206550e+01 4.650493e-01 -2.371139e-03
2.206550e+01 5.021607e-01 -2.055661e-03
2.206550e+01 5.422336e-01 -1.715008e-03
2.206550e+01 5.855044e-01 -1.505928e-03
2.206550e+01 6.322283e-01 -1.354147e-03
2.206550e+01 6.826808e-01 -1.190253e-03
2.206550e+01 7.371594e-01 -1.013280e-03
2.206550e+01 7.959855e-01 -8.565222e-04
2.206550e+01 8.595059e-01 -7.680560e-04
2.206550e+01 9.280954e-01 -6.725302e-04
2.206550e+01 1.002158e+00 -5.693813e-04
2.206550e+01 1.082132e+00 -4.580011e-04
2.206550e+01 1.168487e+00 -4.090839e-04
2.206550e+01 1.261733e+00 -3.623401e-04
2.206550e+01 1.362421e+00 -3.118661e-04
2.206550e+01 1.471144e+00 -2.573642e-04
2.206550e+01 1.588542e+00 -2.181853e-04
2.206550e+01 1.715310e+00 -1.931038e-04
2.206550e+01 1.852193e+00 -1.660207e-04
2.206550e+01 2.000000e+00 -1.367765e-04
2.252681e+01 1.000000e-03 -2.586124e-02
2.252681e+01 1.079801e-03 -2.775693e-02
2.252681e+01 1.165970e-03 -2.977622e-02
2.252681e+01 1.259016e-03 -3.192381e-02
2.252681e+01 1.359487e-03 -3.420377e-02
2.252681e+01 1.467975e-03 -3.661967e-02
2.252681e+01 1.585121e-03 -3.917422e-02
2.252681e+01 1.711615e-03 -4.186914e-02
2.252681e+01 1.848204e-03 -4.470512e-02
2.252681e+01 1.995693e-03 -4.768172e-02
2.252681e+01 2.154951e-03 -5.079716e-02
2.252681e+01 2.326918e-03 -5.404820e-02
2.252681e+01 2.512609e-03 -5.743012e-02
2.252681e+01 2.713117e-03 -6.093655e-02
2.252681e+01 2.929627e-03 -6.455925e-02
2.252681e+01 3.163414e-03 -6.828721e-02
2.252681e+01 3.415858e-03 -7.210652e-02
2.252681e+01 3.688447e-03 -7.600059e-02
2.252681e+01 3.982789e-03 -7.994853e-02
2.252681e+01 4.300619e-03 -8.392491e-02
2.252681e+01 4.643813e-03 -8.790087e-02
2.252681e+01 5.014394e-03 -9.184262e-02
2.252681e+01 5.414548e-03 -9.571149e-02
2.252681e+01 5.846635e-03 -9.946525e-02
2.252681e+01 6.313202e-03 -1.030550e-01
2.252681e+01 6.817002e-03 -1.064255e-01
2.252681e+01 7.361006e-03 -1.095191e-01
2.252681e+01 7.948422e-03 -1.122708e-01
2.252681e+01 8.582714e-03 -1.146105e-01
2.252681e+01 9.267624e-03 -1.164685e-01
2.252681e+01 1.000719e-02 -1.177705e-01
2.252681e+01 1.080577e-02 -1.184415e-01
2.252681e+01 1.166809e-02 -1.184141e-01
2.252681e+01 1.259921e-02 -1.176285e-01
2.252681e+01 1.360464e-02 -1.160373e-01
2.252681e+01 1.469030e-02 -1.136122e-01
2.252681e+01 1.586261e-02 -1.103592e-01
2.252681e+01 1.712846e-02 -1.063162e-01
2.252681e+01 1.849533e-02 -1.015464e-01
2.252681e+01 1.997127e-02 -9.618759e-02
2.252681e+01 2.156500e-02 -9.042404e-02
2.252681e+01 2.328591e-02 -8.443379e-02
2.252681e+01 2.514415e-02 -7.846119e-02
2.252681e+01 2.715068e-02 -7.276696e-02
2.252681e+01 2.931733e-02 -6.754683e-02
2.252681e+01 3.165689e-02 -6.294432e-02
2.252681e+01 3.418314e-02 -5.904577e-02
2.252681e+01 3.691099e-02 -5.579096e-02
2.252681e+01 3.985652e-02 -5.298283e-02
2.252681e+01 4.303711e-02 -5.029067e-02
2.252681e+01 4.647152e-02 -4.731305e-02
2.252681e+01 5.017999e-02 -4.370865e-02
2.252681e+01 5.418441e-02 -4.026727e-02
2.252681e+01 5.850838e-02 -3.796493e-02
2.252681e+01 6.317741e-02 -3.547886e-02
2.252681e+01 6.821903e-02 -3.279441e-02
2.252681e+01 7.366298e-02 -2.994327e-02
2.252681e+01 7.954136e-02 -2.735008e-02
2.252681e+01 8.588885e-02 -2.454994e-02
2.252681e+01 9.274286e-02 -2.152635e-02
2.252681e+01 1.001438e-01 -1.826148e-02
2.252681e+01 1.081354e-01 -1.643281e-02
2.252681e+01 1.167647e-01 -1.526772e-02
2.252681e+01 1.260827e-01 -1.400965e-02
2.252681e+01 1.361442e-01 -1.265119e-02
2.252681e+01 1.470087e-01 -1.129207e-02
2.252681e+01 1.587401e-01 -1.028347e-02
2.252681e+01 1.714077e-01 -9.194390e-03
2.252681e+01 1.850862e-01 -8.018396e-03
2.252681e+01 1.998563e-01 -6.748556e-03
2.252681e+01 2.158051e-01 -6.006811e-03
2.252681e+01 2.330265e-01 -5.331598e-03
2.252681e+01 2.516223e-01 -4.602503e-03
2.252681e+01 2.717020e-01 -3.815225e-03
2.252681e+01 2.933841e-01 -3.223934e-03
2.252681e+01 3.167964e-01 -2.914390e-03
2.252681e+01 3.420771e-01 -2.580145e-03
2.252681e+01 3.693752e-01 -2.219226e-03
2.252681e+01 3.988518e-01 -1.846160e-03
2.252681e+01 4.306805e-01 -1.676927e-03
2.252681e+01 4.650493e-01 -1.494190e-03
2.252681e+01 5.021607e-01 -1.296869e-03
2.252681e+01 5.422336e-01 -1.083802e-03
2.252681e+01 5.855044e-01 -9.520598e-04
2.252681e+01 6.322283e-01 -8.556252e-04
2.252681e+01 6.826808e-01 -7.514951e-04
2.252681e+01 7.371594e-01 -6.390553e-04
2.252681e+01 7.959855e-01 -5.397690e-04
2.252681e+01 8.595059e-01 -4.846244e-04
2.252681e+01 9.280954e-01 -4.250791e-04
2.252681e+01 1.002158e+00 -3.607821e-04
2.252681e+01 1.082132e+00 -2.913541e-04
2.252681e+01 1.168487e+00 -2.601441e-04
2.252681e+01 1.261733e+00 -2.301705e-04
2.252681e+01 1.362421e+00 -1.978050e-04
2.252681e+01 1.471144e+00 -1.628566e-04
2.252681e+01 1.588542e+00 -1.378831e-04
2.252681e+01 1.715310e+00 -1.220917e-04
2.252681e+01 1.852193e+00 -1.050401e-04
2.252681e+01 2.000000e+00 -8.662781e-05
2.299735e+01 1.000000e-03 -1.573166e-02
2.299735e+01 1.079801e-03 -1.688522e-02
2.299735e+01 1.165970e-03 -1.811407e-02
2.299735e+01 1.259016e-03 -1.942108e-02
2.299735e+01 1.359487e-03 -2.080874e-02
2.299735e+01 1.467975e-03 -2.227924e-02
2.299735e+01 1.585121e-03 -2.383423e-02
2.299735e+01 1.711615e-03 -2.547476e-02
2.299735e+01 1.848204e-03 -2.720125e-02
2.299735e+01 1.995693e-03 -2.901341e-02
2.299735e+01 2.154951e-03 -3.091014e-02
2.299735e+01 2.326918e-03 -3.288944e-02
2.299735e+01 2.512609e-03 -3.494839e-02
2.299735e+01 2.713117e-03 -3.708310e-02
2.299735e+01 2.929627e-03 -3.928850e-02
2.299735e+01 3.163414e-03 -4.155792e-02
2.299735e+01 3.415858e-03 -4.388287e-02
2.299735e+01 3.688447e-03 -4.625332e-02
2.299735e+01 3.982789e-03 -4.865655e-02
2.299735e+01 4.300619e-03 -5.107709e-02
2.299735e+01 4.643813e-03 -5.349737e-02
2.299735e+01 5.014394e-03 -5.589681e-02
2.299735e+01 5.414548e-03 -5.825187e-02
2.299735e+01 5.846635e-03 -6.053685e-02
2.299735e+01 6.313202e-03 -6.272196e-02
2.299735e+01 6.817002e-03 -6.477367e-02
2.299735e+01 7.361006e-03 -6.665676e-02
2.299735e+01 7.948422e-03 -6.833176e-02
2.299735e+01 8.582714e-03 -6.975599e-02
2.299735e+01 9.267624e-03 -7.088699e-02
2.299735e+01 1.000719e-02 -7.167962e-02
2.299735e+01 1.080577e-02 -7.208813e-02
2.299735e+01 1.166809e-02 -7.207156e-02
2.299735e+01 1.259921e-02 -7.159358e-02
2.299735e+01 1.360464e-02 -7.062516e-02
2.299735e+01 1.469030e-02 -6.914926e-02
2.299735e+01 1.586261e-02 -6.716939e-02
2.299735e+01 1.712846e-02 -6.470869e-02
2.299735e+01 1.849533e-02 -6.180569e-02
2.299735e+01 1.997127e-02 -5.854410e-02
2.299735e+01 2.156500e-02 -5.503618e-02
2.299735e+01 2.328591e-02 -5.139028e-02
2.299735e+01 2.514415e-02 -4.775511e-02
2.299735e+01 2.715068e-02 -4.428936e-02
2.299735e+01 2.931733e-02 -4.111215e-02
2.299735e+01 3.165689e-02 -3.831086e-02
2.299735e+01 3.418314e-02 -3.593802e-02
2.299735e+01 3.691099e-02 -3.395700e-02
2.299735e+01 3.985652e-02 -3.224783e-02
2.299735e+01 4.303711e-02 -3.060926e-02
2.299735e+01 4.647152e-02 -2.879694e-02
2.299735e+01 5.017999e-02 -2.660313e-02
2.299735e+01 5.418441e-02 -2.434563e-02
2.299735e+01 5.850838e-02 -2.249066e-02
2.299735e+01 6.317741e-02 -2.048767e-02
2.299735e+01 6.821903e-02 -1.832484e-02
2.299735e+01 7.366298e-02 -1.610077e-02
2.299735e+01 7.954136e-02 -1.483634e-02
2.299735e+01 8.588885e-02 -1.347101e-02
2.299735e+01 9.274286e-02 -1.199673e-02
2.299735e+01 1.001438e-01 -1.040480e-02
2.299735e+01 1.081354e-01 -9.490668e-03
2.299735e+01 1.167647e-01 -8.887584e-03
2.299735e+01 1.260827e-01 -8.236373e-03
2.299735e+01 1.361442e-01 -7.533195e-03
2.299735e+01 1.470087e-01 -6.813711e-03
2.299735e+01 1.587401e-01 -6.206393e-03
2.299735e+01 1.714077e-01 -5.550609e-03
2.299735e+01 1.850862e-01 -4.842494e-03
2.299735e+01 1.998563e-01 -4.077870e-03
2.299735e+01 2.158051e-01 -3.621521e-03
2.299735e+01 2.330265e-01 -3.202520e-03
2.299735e+01 2.516223e-01 -2.750081e-03
2.299735e+01 2.717020e-01 -2.261537e-03
2.299735e+01 2.933841e-01 -1.899578e-03
2.299735e+01 3.167964e-01 -1.719162e-03
2.299735e+01 3.420771e-01 -1.524349e-03
2.299735e+01 3.693752e-01 -1.313990e-03
2.299735e+01 3.988518e-01 -1.096569e-03
2.299735e+01 4.306805e-01 -9.982101e-04
2.299735e+01 4.650493e-01 -8.920025e-04
2.299735e+01 5.021607e-01 -7.773193e-04
2.299735e+01 5.422336e-01 -6.534844e-04
2.299735e+01 5.855044e-01 -5.759049e-04
2.299735e+01 6.322283e-01 -5.182950e-04
2.299735e+01 6.826808e-01 -4.560879e-04
2.299735e+01 7.371594e-01 -3.889166e-04
2.299735e+01 7.959855e-01 -3.292689e-04
2.299735e+01 8.595059e-01 -2.951783e-04
2.299735e+01 9.280954e-01 -2.583672e-04
2.299735e+01 1.002158e+00 -2.186185e-04
2.299735e+01 1.082132e+00 -1.756979e-04
2.299735e+01 1.168487e+00 -1.571070e-04
2.299735e+01 1.261733e+00 -1.393965e-04
2.299735e+01 1.362421e+00 -1.202726e-04
2.299735e+01 1.471144e+00 -9.962261e-05
2.299735e+01 1.588542e+00 -8.472412e-05
2.299735e+01 1.715310e+00 -7.511516e-05
2.299735e+01 1.852193e+00 -6.473940e-05
2.299735e+01 2.000000e+00 -5.353564e-05
2.347730e+01 1.000000e-03 -8.750832e-03
2.347730e+01 1.079801e-03 -9.392729e-03
2.347730e+01 1.165970e-03 -1.007656e-02
2.347730e+01 1.259016e-03 -1.080393e-02
2.347730e+01 1.359487e-03 -1.157624e-02
2.347730e+01 1.467975e-03 -1.239471e-02
2.347730e+01 1.585121e-03 -1.326027e-02
2.347730e+01 1.711615e-03 -1.417349e-02
2.347730e+01 1.848204e-03 -1.513461e-02
2.347730e+01 1.995693e-03 -1.614347e-02
2.347730e+01 2.154951e-03 -1.719944e-02
2.347730e+01 2.326918e-03 -1.830138e-02
2.347730e+01 2.512609e-03 -1.944765e-02
2.347730e+01 2.713117e-03 -2.063608e-02
2.347730e+01 2.929627e-03 -2.186382e-02
2.347730e+01 3.163414e-03 -2.312714e-02
2.347730e+01 3.415858e-03 -2.442135e-02
2.347730e+01 3.688447e-03 -2.574086e-02
2.347730e+01 3.982789e-03 -2.707862e-02
2.347730e+01 4.300619e-03 -2.842601e-02
2.347730e+01 4.643813e-03 -2.977326e-02
2.347730e+01 5.014394e-03 -3.110890e-02
2.347730e+01 5.414548e-03 -3.241983e-02
2.347730e+01 5.846635e-03 -3.369173e-02
2.347730e+01 6.313202e-03 -3.490804e-02
2.347730e+01 6.817002e-03 -3.605009e-02
2.347730e+01 7.361006e-03 -3.709828e-02
2.347730e+01 7.948422e-03 -3.803065e-02
2.347730e+01 8.582714e-03 -3.882344e-02
2.347730e+01 9.267624e-03 -3.945301e-02
2.347730e+01 1.000719e-02 -3.989425e-02
2.347730e+01 1.080577e-02 -4.012169e-02
2.347730e+01 1.166809e-02 -4.011254e-02
2.347730e+01 1.259921e-02 -3.984659e-02
2.347730e+01 1.360464e-02 -3.930767e-02
2.347730e+01 1.469030e-02 -3.848627e-02
2.347730e+01 1.586261e-02 -3.738437e-02
2.347730e+01 1.712846e-02 -3.601485e-02
2.347730e+01 1.849533e-02 -3.439916e-02
2.347730e+01 1.997127e-02 -3.258389e-02
2.347730e+01 2.156500e-02 -3.063152e-02
2.347730e+01 2.328591e-02 -2.860234e-02
2.347730e+01 2.514415e-02 -2.657912e-02
2.347730e+01 2.715068e-02 -2.465019e-02
2.347730e+01 2.931733e-02 -2.288186e-02
2.347730e+01 3.165689e-02 -2.132274e-02
2.347730e+01 3.418314e-02 -2.000209e-02
2.347730e+01 3.691099e-02 -1.889951e-02
2.347730e+01 3.985652e-02 -1.794823e-02
2.347730e+01 4.303711e-02 -1.703625e-02
2.347730e+01 4.647152e-02 -1.602756e-02
2.347730e+01 5.017999e-02 -1.480655e-02
2.347730e+01 5.418441e-02 -1.351942e-02
2.347730e+01 5.850838e-02 -1.240158e-02
2.347730e+01 6.317741e-02 -1.119454e-02
2.347730e+01 6.821903e-02 -9.891177e-03
2.347730e+01 7.366298e-02 -8.566361e-03
2.347730e+01 7.954136e-02 -7.978819e-03
2.347730e+01 8.588885e-02 -7.344389e-03
2.347730e+01 9.274286e-02 -6.659332e-03
2.347730e+01 1.001438e-01 -5.919606e-03
2.347730e+01 1.081354e-01 -5.483552e-03
2.347730e+01 1.167647e-01 -5.185747e-03
2.347730e+01 1.260827e-01 -4.864176e-03
2.347730e+01 1.361442e-01 -4.516943e-03
2.347730e+01 1.470087e-01 -4.151160e-03
2.347730e+01 1.587401e-01 -3.795206e-03
2.347730e+01 1.714077e-01 -3.410847e-03
2.347730e+01 1.850862e-01 -2.995816e-03
2.347730e+01 1.998563e-01 -2.547664e-03
2.347730e+01 2.158051e-01 -2.256424e-03
2.347730e+01 2.330265e-01 -1.980428e-03
2.347730e+01 2.516223e-01 -1.682408e-03
2.347730e+01 2.717020e-01 -1.360605e-03
2.347730e+01 2.933841e-01 -1.129598e-03
2.347730e+01 3.167964e-01 -1.028188e-03
2.347730e+01 3.420771e-01 -9.186848e-04
2.347730e+01 3.693752e-01 -8.004436e-04
2.347730e+01 3.988518e-01 -6.778250e-04
2.347730e+01 4.306805e-01 -6.163719e-04
2.347730e+01 4.650493e-01 -5.500147e-04
2.347730e+01 5.021607e-01 -4.783622e-04
2.347730e+01 5.422336e-01 -4.009917e-04
2.347730e+01 5.855044e-01 -3.531128e-04
2.347730e+01 6.322283e-01 -3.180337e-04
2.347730e+01 6.826808e-01 -2.801553e-04
2.347730e+01 7.371594e-01 -2.392541e-04
2.347730e+01 7.959855e-01 -2.026073e-04
2.347730e+01 8.595059e-01 -1.807274e-04
2.347730e+01 9.280954e-01 -1.571014e-04
2.347730e+01 1.002158e+00 -1.315901e-04
2.347730e+01 1.082132e+00 -1.040429e-04
2.347730e+01 1.168487e+00 -9.306570e-05
2.347730e+01 1.261733e+00 -8.281102e-05
2.347730e+01 1.362421e+00 -7.173801e-05
2.347730e+01 1.471144e+00 -5.978136e-05
2.347730e+01 1.588542e+00 -5.097832e-05
2.347730e+01 1.715310e+00 -4.506929e-05
2.347730e+01 1.852193e+00 -3.868872e-05
2.347730e+01 2.000000e+00 -3.179897e-05
2.396684e+01 1.000000e-03 3.887986e-04
2.396684e+01 1.079801e-03 4.173278e-04
2.396684e+01 1.165970e-03 4.477227e-04
2.396684e+01 1.259016e-03 4.800551e-04
2.396684e+01 1.359487e-03 5.143873e-04
2.396684e+01 1.467975e-03 5.507741e-04
2.396684e+01 1.585121e-03 5.892567e-04
2.396684e+01 1.711615e-03 6.298611e-04
2.396684e+01 1.848204e-03 6.725978e-04
2.396684e+01 1.995693e-03 7.174590e-04
2.396684e+01 2.154951e-03 7.644161e-04
2.396684e+01 2.326918e-03 8.134182e-04
2.396684e+01 2.512609e-03 8.643916e-04
2.396684e+01 2.713117e-03 9.172382e-04
2.396684e+01 2.929627e-03 9.718309e-04
2.396684e+01 3.163414e-03 1.028004e-03
2.396684e+01 3.415858e-03 1.085548e-03
2.396684e+01 3.688447e-03 1.144217e-03
2.396684e+01 3.982789e-03 1.203697e-03
2.396684e+01 4.300619e-03 1.263605e-03
2.396684e+01 4.643813e-03 1.323506e-03
2.396684e+01 5.014394e-03 1.382891e-03
2.396684e+01 5.414548e-03 1.441177e-03
2.396684e+01 5.846635e-03 1.497728e-03
2.396684e+01 6.313202e-03 1.551806e-03
2.396684e+01 6.817002e-03 1.602582e-03
2.396684e+01 7.361006e-03 1.649186e-03
2.396684e+01 7.948422e-03 1.690640e-03
2.396684e+01 8.582714e-03 1.725889e-03
2.396684e+01 9.267624e-03 1.753881e-03
2.396684e+01 1.000719e-02 1.773500e-03
2.396684e+01 1.080577e-02 1.783615e-03
2.396684e+01 1.166809e-02 1.783212e-03
2.396684e+01 1.259921e-02 1.771393e-03
2.396684e+01 1.360464e-02 1.747438e-03
2.396684e+01 1.469030e-02 1.710924e-03
2.396684e+01 1.586261e-02 1.661940e-03
2.396684e+01 1.712846e-02 1.601059e-03
2.396684e+01 1.849533e-02 1.529233e-03
2.396684e+01 1.997127e-02 1.448536e-03
2.396684e+01 2.156500e-02 1.361743e-03
2.396684e+01 2.328591e-02 1.271536e-03
2.396684e+01 2.514415e-02 1.181593e-03
2.396684e+01 2.715068e-02 1.095842e-03
2.396684e+01 2.931733e-02 1.017230e-03
2.396684e+01 3.165689e-02 9.479181e-04
2.396684e+01 3.418314e-02 8.892077e-04
2.396684e+01 3.691099e-02 8.401916e-04
2.396684e+01 3.985652e-02 7.979020e-04
2.396684e+01 4.303711e-02 7.573590e-04
2.396684e+01 4.647152e-02 7.125172e-04
2.396684e+01 5.017999e-02 6.582365e-04
2.396684e+01 5.418441e-02 6.084868e-04
2.396684e+01 5.850838e-02 5.795951e-04
2.396684e+01 6.317741e-02 5.483978e-04
2.396684e+01 6.821903e-02 5.147109e-04
2.396684e+01 7.366298e-02 4.779005e-04
2.396684e+01 7.954136e-02 4.337091e-04
2.396684e+01 8.588885e-02 3.859911e-04
2.396684e+01 9.274286e-02 3.344652e-04
2.396684e+01 1.001438e-01 2.788275e-04
2.396684e+01 1.081354e-01 2.468659e-04
2.396684e+01 1.167647e-01 2.257680e-04
2.396684e+01 1.260827e-01 2.029865e-04
2.396684e+01 1.361442e-01 1.783869e-04
2.396684e+01 1.470087e-01 1.544066e-04
2.396684e+01 1.587401e-01 1.395123e-04
2.396684e+01 1.714077e-01 1.234295e-04
2.396684e+01 1.850862e-01 1.060633e-04
2.396684e+01 1.998563e-01 8.731122e-05
2.396684e+01 2.158051e-01 7.758765e-05
2.396684e+01 2.330265e-01 6.919044e-05
2.396684e+01 2.516223e-01 6.012311e-05
2.396684e+01 2.717020e-01 5.033220e-05
2.396684e+01 2.933841e-01 4.272134e-05
2.396684e+01 3.167964e-01 3.826682e-05
2.396684e+01 3.420771e-01 3.345682e-05
2.396684e+01 3.693752e-01 2.826299e-05
2.396684e+01 3.988518e-01 2.290582e-05
2.396684e+01 4.306805e-01 2.064395e-05
2.396684e+01 4.650493e-01 1.820157e-05
2.396684e+01 5.021607e-01 1.556429e-05
2.396684e+01 5.422336e-01 1.271655e-05
2.396684e+01 5.855044e-01 1.095073e-05
2.396684e+01 6.322283e-01 9.654070e-06
2.396684e+01 6.826808e-01 8.253941e-06
2.396684e+01 7.371594e-01 6.742080e-06
2.396684e+01 7.959855e-01 5.425493e-06
2.396684e+01 8.595059e-01 4.747229e-06
2.396684e+01 9.280954e-01 4.014840e-06
2.396684e+01 1.002158e+00 3.224005e-06
2.396684e+01 1.082132e+00 2.370060e-06
2.396684e+01 1.168487e+00 2.016272e-06
2.396684e+01 1.261733e+00 1.682653e-06
2.396684e+01 1.362421e+00 1.322410e-06
2.396684e+01 1.471144e+00 9.334201e-07
2.396684e+01 1.588542e+00 6.821450e-07
2.396684e+01 1.715310e+00 5.585712e-07
2.396684e+01 1.852193e+00 4.251362e-07
2.396684e+01 2.000000e+00 2.810528e-07
2.446618e+01 1.000000e-03 3.627419e-04
2.446618e+01 1.079801e-03 3.893683e-04
2.446618e+01 1.165970e-03 4.177378e-04
2.446618e+01 1.259016e-03 4.479177e-04
2.446618e+01 1.359487e-03 4.799665e-04
2.446618e+01 1.467975e-03 5.139356e-04
2.446618e+01 1.585121e-03 5.498639e-04
2.446618e+01 1.711615e-03 5.877755e-04
2.446618e+01 1.848204e-03 6.276803e-04
2.446618e+01 1.995693e-03 6.695708e-04
2.446618e+01 2.154951e-03 7.134198e-04
2.446618e+01 2.326918e-03 7.591790e-04
2.446618e+01 2.512609e-03 8.067789e-04
2.446618e+01 2.713117e-03 8.561269e-04
2.446618e+01 2.929627e-03 9.071037e-04
2.446618e+01 3.163414e-03 9.595538e-04
2.446618e+01 3.415858e-03 1.013283e-03
2.446618e+01 3.688447e-03 1.068061e-03
2.446618e+01 3.982789e-03 1.123596e-03
2.446618e+01 4.300619e-03 1.179531e-03
2.446618e+01 4.643813e-03 1.235459e-03
2.446618e+01 5.014394e-03 1.290905e-03
2.446618e+01 5.414548e-03 1.345325e-03
2.446618e+01 5.846635e-03 1.398124e-03
2.446618e+01 6.313202e-03 1.448614e-03
2.446618e+01 6.817002e-03 1.496022e-03
2.446618e+01 7.361006e-03 1.539533e-03
2.446618e+01 7.948422e-03 1.578237e-03
2.446618e+01 8.582714e-03 1.611148e-03
2.446618e+01 9.267624e-03 1.637284e-03
2.446618e+01 1.000719e-02 1.655603e-03
2.446618e+01 1.080577e-02 1.665048e-03
2.446618e+01 1.166809e-02 1.664676e-03
2.446618e+01 1.259921e-02 1.653645e-03
2.446618e+01 1.360464e-02 1.631285e-03
2.446618e+01 1.469030e-02 1.597201e-03
2.446618e+01 1.586261e-02 1.551474e-03
2.446618e+01 1.712846e-02 1.494640e-03
2.446618e+01 1.849533e-02 1.427590e-03
2.446618e+01 1.997127e-02 1.352258e-03
2.446618e+01 2.156500e-02 1.271236e-03
2.446618e+01 2.328591e-02 1.187025e-03
2.446618e+01 2.514415e-02 1.103061e-03
2.446618e+01 2.715068e-02 1.023009e-03
2.446618e+01 2.931733e-02 9.496220e-04
2.446618e+01 3.165689e-02 8.849173e-04
2.446618e+01 3.418314e-02 8.301091e-04
2.446618e+01 3.691099e-02 7.843507e-04
2.446618e+01 3.985652e-02 7.448717e-04
2.446618e+01 4.303711e-02 7.070233e-04
2.446618e+01 4.647152e-02 6.651618e-04
2.446618e+01 5.017999e-02 6.144887e-04
2.446618e+01 5.418441e-02 5.680702e-04
2.446618e+01 5.850838e-02 5.411670e-04
2.446618e+01 6.317741e-02 5.121169e-04
2.446618e+01 6.821903e-02 4.807485e-04
2.446618e+01 7.366298e-02 4.464579e-04
2.446618e+01 7.954136e-02 4.051521e-04
2.446618e+01 8.588885e-02 3.605500e-04
2.446618e+01 9.274286e-02 3.123886e-04
2.446618e+01 1.001438e-01 2.603839e-04
2.446618e+01 1.081354e-01 2.305436e-04
2.446618e+01 1.167647e-01 2.108767e-04
2.446618e+01 1.260827e-01 1.896403e-04
2.446618e+01 1.361442e-01 1.667092e-04
2.446618e+01 1.470087e-01 1.443557e-04
2.446618e+01 1.587401e-01 1.304735e-04
2.446618e+01 1.714077e-01 1.154836e-04
2.446618e+01 1.850862e-01 9.929743e-05
2.446618e+01 1.998563e-01 8.181960e-05
2.446618e+01 2.158051e-01 7.275594e-05
2.446618e+01 2.330265e-01 6.492826e-05
2.446618e+01 2.516223e-01 5.647592e-05
2.446618e+01 2.717020e-01 4.734908e-05
2.446618e+01 2.933841e-01 4.024948e-05
2.446618e+01 3.167964e-01 3.608546e-05
2.446618e+01 3.420771e-01 3.158916e-05
2.446618e+01 3.693752e-01 2.673404e-05
2.446618e+01 3.988518e-01 2.172523e-05
2.446618e+01 4.306805e-01 1.959553e-05
2.446618e+01 4.650493e-01 1.729587e-05
2.446618e+01 5.021607e-01 1.481269e-05
2.446618e+01 5.422336e-01 1.213136e-05
2.446618e+01 5.855044e-01 1.046175e-05
2.446618e+01 6.322283e-01 9.230081e-06
2.446618e+01 6.826808e-01 7.900127e-06
2.446618e+01 7.371594e-01 6.464040e-06
2.446618e+01 7.959855e-01 5.212299e-06
2.446618e+01 8.595059e-01 4.564107e-06
2.446618e+01 9.280954e-01 3.864189e-06
2.446618e+01 1.002158e+00 3.108417e-06
2.446618e+01 1.082132e+00 2.292333e-06
2.446618e+01 1.168487e+00 1.952777e-06
2.446618e+01 1.261733e+00 1.632257e-06
2.446618e+01 1.362421e+00 1.286159e-06
2.446618e+01 1.471144e+00 9.124425e-07
2.446618e+01 1.588542e+00 6.701182e-07
2.446618e+01 1.715310e+00 5.496069e-07
2.446618e+01 1.852193e+00 4.194788e-07
2.446618e+01 2.000000e+00 2.789662e-07
2.497550e+01 1.000000e-03 3.371177e-04
2.497550e+01 1.079801e-03 3.618718e-04
2.497550e+01 1.165970e-03 3.882480e-04
2.497550e+01 1.259016e-03 4.163094e-04
2.497550e+01 1.359487e-03 4.461106e-04
2.497550e+01 1.467975e-03 4.776998e-04
2.497550e+01 1.585121e-03 5.111132e-04
2.497550e+01 1.711615e-03 5.463736e-04
2.497550e+01 1.848204e-03 5.834899e-04
2.497550e+01 1.995693e-03 6.224552e-04
2.497550e+01 2.154951e-03 6.632436e-04
2.497550e+01 2.326918e-03 7.058095e-04
2.497550e+01 2.512609e-03 7.500877e-04
2.497550e+01 2.713117e-03 7.959912e-04
2.497550e+01 2.929627e-03 8.434080e-04
2.497550e+01 3.163414e-03 8.921932e-04
2.497550e+01 3.415858e-03 9.421667e-04
2.497550e+01 3.688447e-03 9.931149e-04
2.497550e+01 3.982789e-03 1.044766e-03
2.497550e+01 4.300619e-03 1.096789e-03
2.497550e+01 4.643813e-03 1.148806e-03
2.497550e+01 5.014394e-03 1.200375e-03
2.497550e+01 5.414548e-03 1.250989e-03
2.497550e+01 5.846635e-03 1.300095e-03
2.497550e+01 6.313202e-03 1.347053e-03
2.497550e+01 6.817002e-03 1.391144e-03
2.497550e+01 7.361006e-03 1.431611e-03
2.497550e+01 7.948422e-03 1.467608e-03
2.497550e+01 8.582714e-03 1.498217e-03
2.497550e+01 9.267624e-03 1.522525e-03
2.497550e+01 1.000719e-02 1.539564e-03
2.497550e+01 1.080577e-02 1.548351e-03
2.497550e+01 1.166809e-02 1.548008e-03
2.497550e+01 1.259921e-02 1.537753e-03
2.497550e+01 1.360464e-02 1.516963e-03
2.497550e+01 1.469030e-02 1.485269e-03
2.497550e+01 1.586261e-02 1.442749e-03
2.497550e+01 1.712846e-02 1.389899e-03
2.497550e+01 1.849533e-02 1.327549e-03
2.497550e+01 1.997127e-02 1.257497e-03
2.497550e+01 2.156500e-02 1.182154e-03
2.497550e+01 2.328591e-02 1.103845e-03
2.497550e+01 2.514415e-02 1.025765e-03
2.497550e+01 2.715068e-02 9.513238e-04
2.497550e+01 2.931733e-02 8.830794e-04
2.497550e+01 3.165689e-02 8.229089e-04
2.497550e+01 3.418314e-02 7.719413e-04
2.497550e+01 3.691099e-02 7.293893e-04
2.497550e+01 3.985652e-02 6.926767e-04
2.497550e+01 4.303711e-02 6.574804e-04
2.497550e+01 4.647152e-02 6.185523e-04
2.497550e+01 5.017999e-02 5.714301e-04
2.497550e+01 5.418441e-02 5.282859e-04
2.497550e+01 5.850838e-02 5.033281e-04
2.497550e+01 6.317741e-02 4.763787e-04
2.497550e+01 6.821903e-02 4.472787e-04
2.497550e+01 7.366298e-02 4.154565e-04
2.497550e+01 7.954136e-02 3.770099e-04
2.497550e+01 8.588885e-02 3.354953e-04
2.497550e+01 9.274286e-02 2.906678e-04
2.497550e+01 1.001438e-01 2.422629e-04
2.497550e+01 1.081354e-01 2.145157e-04
2.497550e+01 1.167647e-01 1.962530e-04
2.497550e+01 1.260827e-01 1.765328e-04
2.497550e+01 1.361442e-01 1.552390e-04
2.497550e+01 1.470087e-01 1.344817e-04
2.497550e+01 1.587401e-01 1.215925e-04
2.497550e+01 1.714077e-01 1.076747e-04
2.497550e+01 1.850862e-01 9.264630e-05
2.497550e+01 1.998563e-01 7.641857e-05
2.497550e+01 2.158051e-01 6.800204e-05
2.497550e+01 2.330265e-01 6.073277e-05
2.497550e+01 2.516223e-01 5.288340e-05
2.497550e+01 2.717020e-01 4.440765e-05
2.497550e+01 2.933841e-01 3.780856e-05
2.497550e+01 3.167964e-01 3.392758e-05
2.497550e+01 3.420771e-01 2.973690e-05
2.497550e+01 3.693752e-01 2.521179e-05
2.497550e+01 3.988518e-01 2.054250e-05
2.497550e+01 4.306805e-01 1.854326e-05
2.497550e+01 4.650493e-01 1.638447e-05
2.497550e+01 5.021607e-01 1.405341e-05
2.497550e+01 5.422336e-01 1.153633e-05
2.497550e+01 5.855044e-01 9.962173e-06
2.497550e+01 6.322283e-01 8.795407e-06
2.497550e+01 6.826808e-01 7.535531e-06
2.497550e+01 7.371594e-01 6.175116e-06
2.497550e+01 7.959855e-01 4.988526e-06
2.497550e+01 8.595059e-01 4.371724e-06
2.497550e+01 9.280954e-01 3.705700e-06
2.497550e+01 1.002158e+00 2.986526e-06
2.497550e+01 1.082132e+00 2.209962e-06
2.497550e+01 1.168487e+00 1.885242e-06
2.497550e+01 1.261733e+00 1.578369e-06
2.497550e+01 1.362421e+00 1.247008e-06
2.497550e+01 1.471144e+00 8.892042e-07
2.497550e+01 1.588542e+00 6.563816e-07
2.497550e+01 1.715310e+00 5.394052e-07
2.497550e+01 1.852193e+00 4.130939e-07
2.497550e+01 2.000000e+00 2.767029e-07
2.549501e+01 1.000000e-03 3.119911e-04
2.549501e+01 1.079801e-03 3.349081e-04
2.549501e+01 1.165970e-03 3.593285e-04
2.549501e+01 1.259016e-03 3.853109e-04
2.549501e+01 1.359487e-03 4.129062e-04
2.549501e+01 1.467975e-03 4.421592e-04
2.549501e+01 1.585121e-03 4.731039e-04
2.549501e+01 1.711615e-03 5.057613e-04
2.549501e+01 1.848204e-03 5.401399e-04
2.549501e+01 1.995693e-03 5.762329e-04
2.549501e+01 2.154951e-03 6.140161e-04
2.549501e+01 2.326918e-03 6.534466e-04
2.549501e+01 2.512609e-03 6.944632e-04
2.549501e+01 2.713117e-03 7.369848e-04
2.549501e+01 2.929627e-03 7.809067e-04
2.549501e+01 3.163414e-03 8.260942e-04
2.549501e+01 3.415858e-03 8.723810e-04
2.549501e+01 3.688447e-03 9.195693e-04
2.549501e+01 3.982789e-03 9.674084e-04
2.549501e+01 4.300619e-03 1.015591e-03
2.549501e+01 4.643813e-03 1.063768e-03
2.549501e+01 5.014394e-03 1.111531e-03
2.549501e+01 5.414548e-03 1.158410e-03
2.549501e+01 5.846635e-03 1.203891e-03
2.549501e+01 6.313202e-03 1.247382e-03
2.549501e+01 6.817002e-03 1.288217e-03
2.549501e+01 7.361006e-03 1.325696e-03
2.549501e+01 7.948422e-03 1.359035e-03
2.549501e+01 8.582714e-03 1.387385e-03
2.549501e+01 9.267624e-03 1.409900e-03
2.549501e+01 1.000719e-02 1.425682e-03
2.549501e+01 1.080577e-02 1.433823e-03
2.549501e+01 1.166809e-02 1.433508e-03
2.549501e+01 1.259921e-02 1.424014e-03
2.549501e+01 1.360464e-02 1.404764e-03
2.549501e+01 1.469030e-02 1.375416e-03
2.549501e+01 1.586261e-02 1.336042e-03
2.549501e+01 1.712846e-02 1.287103e-03
2.549501e+01 1.849533e-02 1.229365e-03
2.549501e+01 1.997127e-02 1.164496e-03
2.549501e+01 2.156500e-02 1.094726e-03
2.549501e+01 2.328591e-02 1.022210e-03
2.549501e+01 2.514415e-02 9.499049e-04
2.549501e+01 2.715068e-02 8.809690e-04
2.549501e+01 2.931733e-02 8.177719e-04
2.549501e+01 3.165689e-02 7.620515e-04
2.549501e+01 3.418314e-02 7.148532e-04
2.549501e+01 3.691099e-02 6.754481e-04
2.549501e+01 3.985652e-02 6.414506e-04
2.549501e+01 4.303711e-02 6.088571e-04
2.549501e+01 4.647152e-02 5.728079e-04
2.549501e+01 5.017999e-02 5.291707e-04
2.549501e+01 5.418441e-02 4.892485e-04
2.549501e+01 5.850838e-02 4.662235e-04
2.549501e+01 6.317741e-02 4.413610e-04
2.549501e+01 6.821903e-02 4.145146e-04
2.549501e+01 7.366298e-02 3.851405e-04
2.549501e+01 7.954136e-02 3.494889e-04
2.549501e+01 8.588885e-02 3.109922e-04
2.549501e+01 9.274286e-02 2.694235e-04
2.549501e+01 1.001438e-01 2.245375e-04
2.549501e+01 1.081354e-01 1.988375e-04
2.549501e+01 1.167647e-01 1.819491e-04
2.549501e+01 1.260827e-01 1.637130e-04
2.549501e+01 1.361442e-01 1.440217e-04
2.549501e+01 1.470087e-01 1.248256e-04
2.549501e+01 1.587401e-01 1.129013e-04
2.549501e+01 1.714077e-01 1.000254e-04
2.549501e+01 1.850862e-01 8.612203e-05
2.549501e+01 1.998563e-01 7.110914e-05
2.549501e+01 2.158051e-01 6.332550e-05
2.549501e+01 2.330265e-01 5.660402e-05
2.549501e+01 2.516223e-01 4.934615e-05
2.549501e+01 2.717020e-01 4.150911e-05
2.549501e+01 2.933841e-01 3.540031e-05
2.549501e+01 3.167964e-01 3.179536e-05
2.549501e+01 3.420771e-01 2.790273e-05
2.549501e+01 3.693752e-01 2.369946e-05
2.549501e+01 3.988518e-01 1.936131e-05
2.549501e+01 4.306805e-01 1.748979e-05
2.549501e+01 4.650493e-01 1.546893e-05
2.549501e+01 5.021607e-01 1.328680e-05
2.549501e+01 5.422336e-01 1.093053e-05
2.549501e+01 5.855044e-01 9.451352e-06
2.549501e+01 6.322283e-01 8.350492e-06
2.549501e+01 6.826808e-01 7.161782e-06
2.549501e+01 7.371594e-01 5.878212e-06
2.549501e+01 7.959855e-01 4.757775e-06
2.549501e+01 8.595059e-01 4.172813e-06
2.549501e+01 9.280954e-01 3.541171e-06
2.549501e+01 1.002158e+00 2.859123e-06
2.549501e+01 1.082132e+00 2.122647e-06
2.549501e+01 1.168487e+00 1.813546e-06
2.549501e+01 1.261733e+00 1.521184e-06
2.549501e+01 1.362421e+00 1.205491e-06
2.549501e+01 1.471144e+00 8.646054e-07
2.549501e+01 1.588542e+00 6.418473e-07
2.549501e+01 1.715310e+00 5.285554e-07
2.549501e+01 1.852193e+00 4.062226e-07
2.549501e+01 2.000000e+00 2.741276e-07
2.602491e+01 1.000000e-03 2.875082e-04
2.602491e+01 1.079801e-03 3.086342e-04
2.602491e+01 1.165970e-03 3.311475e-04
2.602491e+01 1.259016e-03 3.551026e-04
2.602491e+01 1.359487e-03 3.805466e-04
2.602491e+01 1.467975e-03 4.075211e-04
2.602491e+01 1.585121e-03 4.360576e-04
2.602491e+01 1.711615e-03 4.661757e-04
2.602491e+01 1.848204e-03 4.978833e-04
2.602491e+01 1.995693e-03 5.311740e-04
2.602491e+01 2.154951e-03 5.660249e-04
2.602491e+01 2.326918e-03 6.023963e-04
2.602491e+01 2.512609e-03 6.402308e-04
2.602491e+01 2.713117e-03 6.794531e-04
2.602491e+01 2.929627e-03 7.199655e-04
2.602491e+01 3.163414e-03 7.616437e-04
2.602491e+01 3.415858e-03 8.043342e-04
2.602491e+01 3.688447e-03 8.478552e-04
2.602491e+01 3.982789e-03 8.919756e-04
2.602491e+01 4.300619e-03 9.364124e-04
2.602491e+01 4.643813e-03 9.808449e-04
2.602491e+01 5.014394e-03 1.024895e-03
2.602491e+01 5.414548e-03 1.068130e-03
2.602491e+01 5.846635e-03 1.110075e-03
2.602491e+01 6.313202e-03 1.150184e-03
2.602491e+01 6.817002e-03 1.187843e-03
2.602491e+01 7.361006e-03 1.222408e-03
2.602491e+01 7.948422e-03 1.253156e-03
2.602491e+01 8.582714e-03 1.279302e-03
2.602491e+01 9.267624e-03 1.300067e-03
2.602491e+01 1.000719e-02 1.314623e-03
2.602491e+01 1.080577e-02 1.322133e-03
2.602491e+01 1.166809e-02 1.321845e-03
2.602491e+01 1.259921e-02 1.313094e-03
2.602491e+01 1.360464e-02 1.295345e-03
2.602491e+01 1.469030e-02 1.268285e-03
2.602491e+01 1.586261e-02 1.231979e-03
2.602491e+01 1.712846e-02 1.186853e-03
2.602491e+01 1.849533e-02 1.133615e-03
2.602491e+01 1.997127e-02 1.073799e-03
2.602491e+01 2.156500e-02 1.009464e-03
2.602491e+01 2.328591e-02 9.425962e-04
2.602491e+01 2.514415e-02 8.759236e-04
2.602491e+01 2.715068e-02 8.123570e-04
2.602491e+01 2.931733e-02 7.540822e-04
2.602491e+01 3.165689e-02 7.027016e-04
2.602491e+01 3.418314e-02 6.591793e-04
2.602491e+01 3.691099e-02 6.228431e-04
2.602491e+01 3.985652e-02 5.914933e-04
2.602491e+01 4.303711e-02 5.614383e-04
2.602491e+01 4.647152e-02 5.281967e-04
2.602491e+01 5.017999e-02 4.879581e-04
2.602491e+01 5.418441e-02 4.511701e-04
2.602491e+01 5.850838e-02 4.300077e-04
2.602491e+01 6.317741e-02 4.071565e-04
2.602491e+01 6.821903e-02 3.824818e-04
2.602491e+01 7.366298e-02 3.554703e-04
2.602491e+01 7.954136e-02 3.225474e-04
2.602491e+01 8.588885e-02 2.869972e-04
2.602491e+01 9.274286e-02 2.486101e-04
2.602491e+01 1.001438e-01 2.071597e-04
2.602491e+01 1.081354e-01 1.834639e-04
2.602491e+01 1.167647e-01 1.679261e-04
2.602491e+01 1.260827e-01 1.511484e-04
2.602491e+01 1.361442e-01 1.330317e-04
2.602491e+01 1.470087e-01 1.153692e-04
2.602491e+01 1.587401e-01 1.043899e-04
2.602491e+01 1.714077e-01 9.253444e-05
2.602491e+01 1.850862e-01 7.973291e-05
2.602491e+01 1.998563e-01 6.590980e-05
2.602491e+01 2.158051e-01 5.874215e-05
2.602491e+01 2.330265e-01 5.255224e-05
2.602491e+01 2.516223e-01 4.586837e-05
2.602491e+01 2.717020e-01 3.865111e-05
2.602491e+01 2.933841e-01 3.301867e-05
2.602491e+01 3.167964e-01 2.968293e-05
2.602491e+01 3.420771e-01 2.608099e-05
2.602491e+01 3.693752e-01 2.219161e-05
2.602491e+01 3.988518e-01 1.817648e-05
2.602491e+01 4.306805e-01 1.643062e-05
2.602491e+01 4.650493e-01 1.454543e-05
2.602491e+01 5.021607e-01 1.250981e-05
2.602491e+01 5.422336e-01 1.031173e-05
2.602491e+01 5.855044e-01 8.927082e-06
2.602491e+01 6.322283e-01 7.892734e-06
2.602491e+01 6.826808e-01 6.775845e-06
2.602491e+01 7.371594e-01 5.569827e-06
2.602491e+01 7.959855e-01 4.516466e-06
2.602491e+01 8.595059e-01 3.964723e-06
2.602491e+01 9.280954e-01 3.368950e-06
2.602491e+01 1.002158e+00 2.725633e-06
2.602491e+01 1.082132e+00 2.030980e-06
2.602491e+01 1.168487e+00 1.738126e-06
2.602491e+01 1.261733e+00 1.460845e-06
2.602491e+01 1.362421e+00 1.161437e-06
2.602491e+01 1.471144e+00 8.381358e-07
2.602491e+01 1.588542e+00 6.259284e-07
2.602491e+01 1.715310e+00 5.166424e-07
2.602491e+01 1.852193e+00 3.986354e-07
2.602491e+01 2.000000e+00 2.712112e-07
2.656541e+01 1.000000e-03 2.636643e-04
2.656541e+01 1.079801e-03 2.830450e-04
2.656541e+01 1.165970e-03 3.036999e-04
2.656541e+01 1.259016e-03 3.256790e-04
2.656541e+01 1.359487e-03 3.490259e-04
2.656541e+01 1.467975e-03 3.737791e-04
2.656541e+01 1.585121e-03 3.999678e-04
2.656541e+01 1.711615e-03 4.276098e-04
2.656541e+01 1.848204e-03 4.567127e-04
2.656541e+01 1.995693e-03 4.872705e-04
2.656541e+01 2.154951e-03 5.192618e-04
2.656541e+01 2.326918e-03 5.526497e-04
2.656541e+01 2.512609e-03 5.873810e-04
2.656541e+01 2.713117e-03 6.233857e-04
2.656541e+01 2.929627e-03 6.605737e-04
2.656541e+01 3.163414e-03 6.988300e-04
2.656541e+01 3.415858e-03 7.380143e-04
2.656541e+01 3.688447e-03 7.779596e-04
2.656541e+01 3.982789e-03 8.184543e-04
2.656541e+01 4.300619e-03 8.592392e-04
2.656541e+01 4.643813e-03 9.000203e-04
2.656541e+01 5.014394e-03 9.404510e-04
2.656541e+01 5.414548e-03 9.801329e-04
2.656541e+01 5.846635e-03 1.018631e-03
2.656541e+01 6.313202e-03 1.055443e-03
2.656541e+01 6.817002e-03 1.090006e-03
2.656541e+01 7.361006e-03 1.121730e-03
2.656541e+01 7.948422e-03 1.149950e-03
2.656541e+01 8.582714e-03 1.173947e-03
2.656541e+01 9.267624e-03 1.193007e-03
2.656541e+01 1.000719e-02 1.206368e-03
2.656541e+01 1.080577e-02 1.213262e-03
2.656541e+01 1.166809e-02 1.213001e-03
2.656541e+01 1.259921e-02 1.204972e-03
2.656541e+01 1.360464e-02 1.188687e-03
2.656541e+01 1.469030e-02 1.163857e-03
2.656541e+01 1.586261e-02 1.130542e-03
2.656541e+01 1.712846e-02 1.089133e-03
2.656541e+01 1.849533e-02 1.040279e-03
2.656541e+01 1.997127e-02 9.853894e-04
2.656541e+01 2.156500e-02 9.263523e-04
2.656541e+01 2.328591e-02 8.649907e-04
2.656541e+01 2.514415e-02 8.038080e-04
2.656541e+01 2.715068e-02 7.454754e-04
2.656541e+01 2.931733e-02 6.919986e-04
2.656541e+01 3.165689e-02 6.448484e-04
2.656541e+01 3.418314e-02 6.049093e-04
2.656541e+01 3.691099e-02 5.715647e-04
2.656541e+01 3.985652e-02 5.427959e-04
2.656541e+01 4.303711e-02 5.152153e-04
2.656541e+01 4.647152e-02 4.847104e-04
2.656541e+01 5.017999e-02 4.477847e-04
2.656541e+01 5.418441e-02 4.140475e-04
2.656541e+01 5.850838e-02 3.946887e-04
2.656541e+01 6.317741e-02 3.737849e-04
2.656541e+01 6.821903e-02 3.512131e-04
2.656541e+01 7.366298e-02 3.264917e-04
2.656541e+01 7.954136e-02 2.962415e-04
2.656541e+01 8.588885e-02 2.635774e-04
2.656541e+01 9.274286e-02 2.283066e-04
2.656541e+01 1.001438e-01 1.902212e-04
2.656541e+01 1.081354e-01 1.684810e-04
2.656541e+01 1.167647e-01 1.542544e-04
2.656541e+01 1.260827e-01 1.388925e-04
2.656541e+01 1.361442e-01 1.223047e-04
2.656541e+01 1.470087e-01 1.061320e-04
2.656541e+01 1.587401e-01 9.607611e-05
2.656541e+01 1.714077e-01 8.521769e-05
2.656541e+01 1.850862e-01 7.349276e-05
2.656541e+01 1.998563e-01 6.083217e-05
2.656541e+01 2.158051e-01 5.426090e-05
2.656541e+01 2.330265e-01 4.858334e-05
2.656541e+01 2.516223e-01 4.245270e-05
2.656541e+01 2.717020e-01 3.583284e-05
2.656541e+01 2.933841e-01 3.066113e-05
2.656541e+01 3.167964e-01 2.758863e-05
2.656541e+01 3.420771e-01 2.427094e-05
2.656541e+01 3.693752e-01 2.068850e-05
2.656541e+01 3.988518e-01 1.698931e-05
2.656541e+01 4.306805e-01 1.536731e-05
2.656541e+01 4.650493e-01 1.361588e-05
2.656541e+01 5.021607e-01 1.172468e-05
2.656541e+01 5.422336e-01 9.682559e-06
2.656541e+01 5.855044e-01 8.391988e-06
2.656541e+01 6.322283e-01 7.424597e-06
2.656541e+01 6.826808e-01 6.380007e-06
2.656541e+01 7.371594e-01 5.252058e-06
2.656541e+01 7.959855e-01 4.266414e-06
2.656541e+01 8.595059e-01 3.748773e-06
2.656541e+01 9.280954e-01 3.189823e-06
2.656541e+01 1.002158e+00 2.586269e-06
2.656541e+01 1.082132e+00 1.934550e-06
2.656541e+01 1.168487e+00 1.658559e-06
2.656541e+01 1.261733e+00 1.396975e-06
2.656541e+01 1.362421e+00 1.114515e-06
2.656541e+01 1.471144e+00 8.095155e-07
2.656541e+01 1.588542e+00 6.083793e-07
2.656541e+01 1.715310e+00 5.034392e-07
2.656541e+01 1.852193e+00 3.901247e-07
2.656541e+01 2.000000e+00 2.677677e-07
2.711672e+01 1.000000e-03 2.405477e-04
2.711672e+01 1.079801e-03 2.582355e-04
2.711672e+01 1.165970e-03 2.770873e-04
2.711672e+01 1.259016e-03 2.971492e-04
2.711672e+01 1.359487e-03 3.184612e-04
2.711672e+01 1.467975e-03 3.410587e-04
2.711672e+01 1.585121e-03 3.649685e-04
2.711672e+01 1.711615e-03 3.902072e-04
2.711672e+01 1.848204e-03 4.167815e-04
2.711672e+01 1.995693e-03 4.446861e-04
2.711672e+01 2.154951e-03 4.739012e-04
2.711672e+01 2.326918e-03 5.043924e-04
2.711672e+01 2.512609e-03 5.361110e-04
2.711672e+01 2.713117e-03 5.689922e-04
2.711672e+01 2.929627e-03 6.029529e-04
2.711672e+01 3.163414e-03 6.378879e-04
2.711672e+01 3.415858e-03 6.736688e-04
2.711672e+01 3.688447e-03 7.101437e-04
2.711672e+01 3.982789e-03 7.471193e-04
2.711672e+01 4.300619e-03 7.843595e-04
2.711672e+01 4.643813e-03 8.215965e-04
2.711672e+01 5.014394e-03 8.585140e-04
2.711672e+01 5.414548e-03 8.947476e-04
2.711672e+01 5.846635e-03 9.298995e-04
2.711672e+01 6.313202e-03 9.635115e-04
2.711672e+01 6.817002e-03 9.950701e-04
2.711672e+01 7.361006e-03 1.024036e-03
2.711672e+01 7.948422e-03 1.049803e-03
2.711672e+01 8.582714e-03 1.071716e-03
2.711672e+01 9.267624e-03 1.089119e-03
2.711672e+01 1.000719e-02 1.101320e-03
2.711672e+01 1.080577e-02 1.107617e-03
2.711672e+01 1.166809e-02 1.107381e-03
2.711672e+01 1.259921e-02 1.100054e-03
2.711672e+01 1.360464e-02 1.085188e-03
2.711672e+01 1.469030e-02 1.062522e-03
2.711672e+01 1.586261e-02 1.032110e-03
2.711672e+01 1.712846e-02 9.943072e-04
2.711672e+01 1.849533e-02 9.497079e-04
2.711672e+01 1.997127e-02 8.995981e-04
2.711672e+01 2.156500e-02 8.457018e-04
2.711672e+01 2.328591e-02 7.896833e-04
2.711672e+01 2.514415e-02 7.338278e-04
2.711672e+01 2.715068e-02 6.805741e-04
2.711672e+01 2.931733e-02 6.317533e-04
2.711672e+01 3.165689e-02 5.887081e-04
2.711672e+01 3.418314e-02 5.522462e-04
2.711672e+01 3.691099e-02 5.218046e-04
2.711672e+01 3.985652e-02 4.955404e-04
2.711672e+01 4.303711e-02 4.703609e-04
2.711672e+01 4.647152e-02 4.425118e-04
2.711672e+01 5.017999e-02 4.088009e-04
2.711672e+01 5.418441e-02 3.780133e-04
2.711672e+01 5.850838e-02 3.603743e-04
2.711672e+01 6.317741e-02 3.413278e-04
2.711672e+01 6.821903e-02 3.207613e-04
2.711672e+01 7.366298e-02 2.982304e-04
2.711672e+01 7.954136e-02 2.706014e-04
2.711672e+01 8.588885e-02 2.407676e-04
2.711672e+01 9.274286e-02 2.085531e-04
2.711672e+01 1.001438e-01 1.737678e-04
2.711672e+01 1.081354e-01 1.539298e-04
2.711672e+01 1.167647e-01 1.409643e-04
2.711672e+01 1.260827e-01 1.269642e-04
2.711672e+01 1.361442e-01 1.118469e-04
2.711672e+01 1.470087e-01 9.710948e-05
2.711672e+01 1.587401e-01 8.795291e-05
2.711672e+01 1.714077e-01 7.806564e-05
2.711672e+01 1.850862e-01 6.738935e-05
2.711672e+01 1.998563e-01 5.586108e-05
2.711672e+01 2.158051e-01 4.987056e-05
2.711672e+01 2.330265e-01 4.469187e-05
2.711672e+01 2.516223e-01 3.909992e-05
2.711672e+01 2.717020e-01 3.306173e-05
2.711672e+01 2.933841e-01 2.833731e-05
2.711672e+01 3.167964e-01 2.551799e-05
2.711672e+01 3.420771e-01 2.247369e-05
2.711672e+01 3.693752e-01 1.918644e-05
2.711672e+01 3.988518e-01 1.579139e-05
2.711672e+01 4.306805e-01 1.429265e-05
2.711672e+01 4.650493e-01 1.267432e-05
2.711672e+01 5.021607e-01 1.092684e-05
2.711672e+01 5.422336e-01 9.039911e-06
2.711672e+01 5.855044e-01 7.843729e-06
2.711672e+01 6.322283e-01 6.944155e-06
2.711672e+01 6.826808e-01 5.972794e-06
2.711672e+01 7.371594e-01 4.923918e-06
2.711672e+01 7.959855e-01 4.007018e-06
2.711672e+01 8.595059e-01 3.524452e-06
2.711672e+01 9.280954e-01 3.003377e-06
2.711672e+01 1.002158e+00 2.440720e-06
2.711672e+01 1.082132e+00 1.833162e-06
2.711672e+01 1.168487e+00 1.574693e-06
2.711672e+01 1.261733e+00 1.329459e-06
2.711672e+01 1.362421e+00 1.064656e-06
2.711672e+01 1.471144e+00 7.787204e-07
2.711672e+01 1.588542e+00 5.891611e-07
2.711672e+01 1.715310e+00 4.888338e-07
2.711672e+01 1.852193e+00 3.805003e-07
2.711672e+01 2.000000e+00 2.635216e-07
2.767905e+01 1.000000e-03 2.180799e-04
2.767905e+01 1.079801e-03 2.341212e-04
2.767905e+01 1.165970e-03 2.512193e-04
2.767905e+01 1.259016e-03 2.694163e-04
2.767905e+01 1.359487e-03 2.887486e-04
2.767905e+01 1.467975e-03 3.092487e-04
2.767905e+01 1.585121e-03 3.309411e-04
2.767905e+01 1.711615e-03 3.538408e-04
2.767905e+01 1.848204e-03 3.779543e-04
2.767905e+01 1.995693e-03 4.032764e-04
2.767905e+01 2.154951e-03 4.297890e-04
2.767905e+01 2.326918e-03 4.574608e-04
2.767905e+01 2.512609e-03 4.862468e-04
2.767905e+01 2.713117e-03 5.160877e-04
2.767905e+01 2.929627e-03 5.469073e-04
2.767905e+01 3.163414e-03 5.786099e-04
2.767905e+01 3.415858e-03 6.110789e-04
2.767905e+01 3.688447e-03 6.441765e-04
2.767905e+01 3.982789e-03 6.777276e-04
2.767905e+01 4.300619e-03 7.115185e-04
2.767905e+01 4.643813e-03 7.453067e-04
2.767905e+01 5.014394e-03 7.788052e-04
2.767905e+01 5.414548e-03 8.116833e-04
2.767905e+01 5.846635e-03 8.435792e-04
2.767905e+01 6.313202e-03 8.740773e-04
2.767905e+01 6.817002e-03 9.027121e-04
2.767905e+01 7.361006e-03 9.289945e-04
2.767905e+01 7.948422e-03 9.523753e-04
2.767905e+01 8.582714e-03 9.722582e-04
2.767905e+01 9.267624e-03 9.880504e-04
2.767905e+01 1.000719e-02 9.991226e-04
2.767905e+01 1.080577e-02 1.004838e-03
2.767905e+01 1.166809e-02 1.004626e-03
2.767905e+01 1.259921e-02 9.979807e-04
2.767905e+01 1.360464e-02 9.844966e-04
2.767905e+01 1.469030e-02 9.639352e-04
2.767905e+01 1.586261e-02 9.363459e-04
2.767905e+01 1.712846e-02 9.020523e-04
2.767905e+01 1.849533e-02 8.615921e-04
2.767905e+01 1.997127e-02 8.161326e-04
2.767905e+01 2.156500e-02 7.672376e-04
2.767905e+01 2.328591e-02 7.164171e-04
2.767905e+01 2.514415e-02 6.657444e-04
2.767905e+01 2.715068e-02 6.174319e-04
2.767905e+01 2.931733e-02 5.731409e-04
2.767905e+01 3.165689e-02 5.340895e-04
2.767905e+01 3.418314e-02 5.010105e-04
2.767905e+01 3.691099e-02 4.733932e-04
2.767905e+01 3.985652e-02 4.495656e-04
2.767905e+01 4.303711e-02 4.267222e-04
2.767905e+01 4.647152e-02 4.014569e-04
2.767905e+01 5.017999e-02 3.708737e-04
2.767905e+01 5.418441e-02 3.429608e-04
2.767905e+01 5.850838e-02 3.270093e-04
2.767905e+01 6.317741e-02 3.097848e-04
2.767905e+01 6.821903e-02 2.911858e-04
2.767905e+01 7.366298e-02 2.708005e-04
2.767905e+01 7.954136e-02 2.457035e-04
2.767905e+01 8.588885e-02 2.186037e-04
2.767905e+01 9.274286e-02 1.893414e-04
2.767905e+01 1.001438e-01 1.577439e-04
2.767905e+01 1.081354e-01 1.397513e-04
2.767905e+01 1.167647e-01 1.280169e-04
2.767905e+01 1.260827e-01 1.153460e-04
2.767905e+01 1.361442e-01 1.016640e-04
2.767905e+01 1.470087e-01 8.832602e-05
2.767905e+01 1.587401e-01 8.004023e-05
2.767905e+01 1.714077e-01 7.109323e-05
2.767905e+01 1.850862e-01 6.143224e-05
2.767905e+01 1.998563e-01 5.100030e-05
2.767905e+01 2.158051e-01 4.557123e-05
2.767905e+01 2.330265e-01 4.087449e-05
2.767905e+01 2.516223e-01 3.580294e-05
2.767905e+01 2.717020e-01 3.032668e-05
2.767905e+01 2.933841e-01 2.603533e-05
2.767905e+01 3.167964e-01 2.346286e-05
2.767905e+01 3.420771e-01 2.068512e-05
2.767905e+01 3.693752e-01 1.768570e-05
2.767905e+01 3.988518e-01 1.458728e-05
2.767905e+01 4.306805e-01 1.321024e-05
2.767905e+01 4.650493e-01 1.172331e-05
2.767905e+01 5.021607e-01 1.011773e-05
2.767905e+01 5.422336e-01 8.384017e-06
2.767905e+01 5.855044e-01 7.282160e-06
2.767905e+01 6.322283e-01 6.451296e-06
2.767905e+01 6.826808e-01 5.554128e-06
2.767905e+01 7.371594e-01 4.585365e-06
2.767905e+01 7.959855e-01 3.738241e-06
2.767905e+01 8.595059e-01 3.291653e-06
2.767905e+01 9.280954e-01 2.809427e-06
2.767905e+01 1.002158e+00 2.288719e-06
2.767905e+01 1.082132e+00 1.726458e-06
2.767905e+01 1.168487e+00 1.486086e-06
2.767905e+01 1.261733e+00 1.257770e-06
2.767905e+01 1.362421e+00 1.011233e-06
2.767905e+01 1.471144e+00 7.450232e-07
2.767905e+01 1.588542e+00 5.676274e-07
2.767905e+01 1.715310e+00 4.724356e-07
2.767905e+01 1.852193e+00 3.696474e-07
2.767905e+01 2.000000e+00 2.586567e-07
2.825263e+01 1.000000e-03 1.961929e-04
2.825263e+01 1.079801e-03 2.106293e-04
2.825263e+01 1.165970e-03 2.260179e-04
2.825263e+01 1.259016e-03 2.423967e-04
2.825263e+01 1.359487e-03 2.597987e-04
2.825263e+01 1.467975e-03 2.782534e-04
2.825263e+01 1.585121e-03 2.977830e-04
2.825263e+01 1.711615e-03 3.184012e-04
2.825263e+01 1.848204e-03 3.401139e-04
2.825263e+01 1.995693e-03 3.629165e-04
2.825263e+01 2.154951e-03 3.867924e-04
2.825263e+01 2.326918e-03 4.117131e-04
2.825263e+01 2.512609e-03 4.376377e-04
2.825263e+01 2.713117e-03 4.645123e-04
2.825263e+01 2.929627e-03 4.922676e-04
2.825263e+01 3.163414e-03 5.208169e-04
2.825263e+01 3.415858e-03 5.500552e-04
2.825263e+01 3.688447e-03 5.798585e-04
2.825263e+01 3.982789e-03 6.100692e-04
2.825263e+01 4.300619e-03 6.404955e-04
2.825263e+01 4.643813e-03 6.709196e-04
2.825263e+01 5.014394e-03 7.010833e-04
2.825263e+01 5.414548e-03 7.306881e-04
2.825263e+01 5.846635e-03 7.594083e-04
2.825263e+01 6.313202e-03 7.868692e-04
2.825263e+01 6.817002e-03 8.126521e-04
2.825263e+01 7.361006e-03 8.363172e-04
2.825263e+01 7.948422e-03 8.573699e-04
2.825263e+01 8.582714e-03 8.752735e-04
2.825263e+01 9.267624e-03 8.894939e-04
2.825263e+01 1.000719e-02 8.994646e-04
2.825263e+01 1.080577e-02 9.046123e-04
2.825263e+01 1.166809e-02 9.044238e-04
2.825263e+01 1.259921e-02 8.984434e-04
2.825263e+01 1.360464e-02 8.863059e-04
2.825263e+01 1.469030e-02 8.677967e-04
2.825263e+01 1.586261e-02 8.429603e-04
2.825263e+01 1.712846e-02 8.120880e-04
2.825263e+01 1.849533e-02 7.756641e-04
2.825263e+01 1.997127e-02 7.347393e-04
2.825263e+01 2.156500e-02 6.907215e-04
2.825263e+01 2.328591e-02 6.449700e-04
2.825263e+01 2.514415e-02 5.993513e-04
2.825263e+01 2.715068e-02 5.558573e-04
2.825263e+01 2.931733e-02 5.159835e-04
2.825263e+01 3.165689e-02 4.808267e-04
2.825263e+01 3.418314e-02 4.510466e-04
2.825263e+01 3.691099e-02 4.261835e-04
2.825263e+01 3.985652e-02 4.047322e-04
2.825263e+01 4.303711e-02 3.841668e-04
2.825263e+01 4.647152e-02 3.614212e-04
2.825263e+01 5.017999e-02 3.338879e-04
2.825263e+01 5.418441e-02 3.087774e-04
2.825263e+01 5.850838e-02 2.944686e-04
2.825263e+01 6.317741e-02 2.790180e-04
2.825263e+01 6.821903e-02 2.623343e-04
2.825263e+01 7.366298e-02 2.440398e-04
2.825263e+01 7.954136e-02 2.214313e-04
2.825263e+01 8.588885e-02 1.970186e-04
2.825263e+01 9.274286e-02 1.706577e-04
2.825263e+01 1.001438e-01 1.421931e-04
2.825263e+01 1.081354e-01 1.259930e-04
2.825263e+01 1.167647e-01 1.154351e-04
2.825263e+01 1.260827e-01 1.040347e-04
2.825263e+01 1.361442e-01 9.172458e-05
2.825263e+01 1.470087e-01 7.972766e-05
2.825263e+01 1.587401e-01 7.229235e-05
2.825263e+01 1.714077e-01 6.426370e-05
2.825263e+01 1.850862e-01 5.559436e-05
2.825263e+01 1.998563e-01 4.623319e-05
2.825263e+01 2.158051e-01 4.134839e-05
2.825263e+01 2.330265e-01 3.711713e-05
2.825263e+01 2.516223e-01 3.254820e-05
2.825263e+01 2.717020e-01 2.761467e-05
2.825263e+01 2.933841e-01 2.374300e-05
2.825263e+01 3.167964e-01 2.141227e-05
2.825263e+01 3.420771e-01 1.889555e-05
2.825263e+01 3.693752e-01 1.617800e-05
2.825263e+01 3.988518e-01 1.337020e-05
2.825263e+01 4.306805e-01 1.211440e-05
2.825263e+01 4.650493e-01 1.075838e-05
2.825263e+01 5.021607e-01 9.294158e-06
2.825263e+01 5.422336e-01 7.713085e-06
2.825263e+01 5.855044e-01 6.706331e-06
2.825263e+01 6.322283e-01 5.945672e-06
2.825263e+01 6.826808e-01 5.124311e-06
2.825263e+01 7.371594e-01 4.237405e-06
2.825263e+01 7.959855e-01 3.461516e-06
2.825263e+01 8.595059e-01 3.051484e-06
2.825263e+01 9.280954e-01 2.608731e-06
2.825263e+01 1.002158e+00 2.130645e-06
2.825263e+01 1.082132e+00 1.614408e-06
2.825263e+01 1.168487e+00 1.392735e-06
2.825263e+01 1.261733e+00 1.181969e-06
2.825263e+01 1.362421e+00 9.543845e-07
2.825263e+01 1.471144e+00 7.086381e-07
2.825263e+01 1.588542e+00 5.439322e-07
2.825263e+01 1.715310e+00 4.542069e-07
2.825263e+01 1.852193e+00 3.573214e-07
2.825263e+01 2.000000e+00 2.527043e-07
2.883769e+01 1.000000e-03 1.749575e-04
2.883769e+01 1.079801e-03 1.878360e-04
2.883769e+01 1.165970e-03 2.015647e-04
2.883769e+01 1.259016e-03 2.161779e-04
2.883769e+01 1.359487e-03 2.317053e-04
2.883769e+01 1.467975e-03 2.481733e-04
2.883769e+01 1.585121e-03 2.656019e-04
2.883769e+01 1.711615e-03 2.840037e-04
2.883769e+01 1.848204e-03 3.033837e-04
2.883769e+01 1.995693e-03 3.237380e-04
2.883769e+01 2.154951e-03 3.450516e-04
2.883769e+01 2.326918e-03 3.672987e-04
2.883769e+01 2.512609e-03 3.904426e-04
2.883769e+01 2.713117e-03 4.144346e-04
2.883769e+01 2.929627e-03 4.392121e-04
2.883769e+01 3.163414e-03 4.646975e-04
2.883769e+01 3.415858e-03 4.907969e-04
2.883769e+01 3.688447e-03 5.173995e-04
2.883769e+01 3.982789e-03 5.443650e-04
2.883769e+01 4.300619e-03 5.715226e-04
2.883769e+01 4.643813e-03 5.986783e-04
2.883769e+01 5.014394e-03 6.256020e-04
2.883769e+01 5.414548e-03 6.520268e-04
2.883769e+01 5.846635e-03 6.776615e-04
2.883769e+01 6.313202e-03 7.021719e-04
2.883769e+01 6.817002e-03 7.251844e-04
2.883769e+01 7.361006e-03 7.463067e-04
2.883769e+01 7.948422e-03 7.650977e-04
2.883769e+01 8.582714e-03 7.810783e-04
2.883769e+01 9.267624e-03 7.937716e-04
2.883769e+01 1.000719e-02 8.026721e-04
2.883769e+01 1.080577e-02 8.072682e-04
2.883769e+01 1.166809e-02 8.071021e-04
2.883769e+01 1.259921e-02 8.017672e-04
2.883769e+01 1.360464e-02 7.909373e-04
2.883769e+01 1.469030e-02 7.744209e-04
2.883769e+01 1.586261e-02 7.522579e-04
2.883769e+01 1.712846e-02 7.247083e-04
2.883769e+01 1.849533e-02 6.922045e-04
2.883769e+01 1.997127e-02 6.556842e-04
2.883769e+01 2.156500e-02 6.164035e-04
2.883769e+01 2.328591e-02 5.755753e-04
2.883769e+01 2.514415e-02 5.348654e-04
2.883769e+01 2.715068e-02 4.960513e-04
2.883769e+01 2.931733e-02 4.604679e-04
2.883769e+01 3.165689e-02 4.290939e-04
2.883769e+01 3.418314e-02 4.025179e-04
2.883769e+01 3.691099e-02 3.803299e-04
2.883769e+01 3.985652e-02 3.611865e-04
2.883769e+01 4.303711e-02 3.428338e-04
2.883769e+01 4.647152e-02 3.225354e-04
2.883769e+01 5.017999e-02 2.979645e-04
2.883769e+01 5.418441e-02 2.755670e-04
2.883769e+01 5.850838e-02 2.628290e-04
2.883769e+01 6.317741e-02 2.490745e-04
2.883769e+01 6.821903e-02 2.342224e-04
2.883769e+01 7.366298e-02 2.179314e-04
2.883769e+01 7.954136e-02 1.977509e-04
2.883769e+01 8.588885e-02 1.759599e-04
2.883769e+01 9.274286e-02 1.524301e-04
2.883769e+01 1.001438e-01 1.270225e-04
2.883769e+01 1.081354e-01 1.125711e-04
2.883769e+01 1.167647e-01 1.031611e-04
2.883769e+01 1.260827e-01 9.300021e-05
2.883769e+01 1.361442e-01 8.202844e-05
2.883769e+01 1.470087e-01 7.133822e-05
2.883769e+01 1.587401e-01 6.472398e-05
2.883769e+01 1.714077e-01 5.758191e-05
2.883769e+01 1.850862e-01 4.986990e-05
2.883769e+01 1.998563e-01 4.154247e-05
2.883769e+01 2.158051e-01 3.718622e-05
2.883769e+01 2.330265e-01 3.340829e-05
2.883769e+01 2.516223e-01 2.932888e-05
2.883769e+01 2.717020e-01 2.492394e-05
2.883769e+01 2.933841e-01 2.146142e-05
2.883769e+01 3.167964e-01 1.936712e-05
2.883769e+01 3.420771e-01 1.710570e-05
2.883769e+01 3.693752e-01 1.466381e-05
2.883769e+01 3.988518e-01 1.214043e-05
2.883769e+01 4.306805e-01 1.100598e-05
2.883769e+01 4.650493e-01 9.780996e-06
2.883769e+01 5.021607e-01 8.458258e-06
2.883769e+01 5.422336e-01 7.029965e-06
2.883769e+01 5.855044e-01 6.118758e-06
2.883769e+01 6.322283e-01 5.428917e-06
2.883769e+01 6.826808e-01 4.684027e-06
2.883769e+01 7.371594e-01 3.879694e-06
2.883769e+01 7.959855e-01 3.175739e-06
2.883769e+01 8.595059e-01 2.802844e-06
2.883769e+01 9.280954e-01 2.400191e-06
2.883769e+01 1.002158e+00 1.965406e-06
2.883769e+01 1.082132e+00 1.495925e-06
2.883769e+01 1.168487e+00 1.293456e-06
2.883769e+01 1.261733e+00 1.100762e-06
2.883769e+01 1.362421e+00 8.926916e-07
2.883769e+01 1.471144e+00 6.680165e-07
2.883769e+01 1.588542e+00 5.166355e-07
2.883769e+01 1.715310e+00 4.330439e-07
2.883769e+01 1.852193e+00 3.427815e-07
2.883769e+01 2.000000e+00 2.453162e-07
2.943444e+01 1.000000e-03 1.542966e-04
2.943444e+01 1.079801e-03 1.656582e-04
2.943444e+01 1.165970e-03 1.777708e-04
2.943444e+01 1.259016e-03 1.906647e-04
2.943444e+01 1.359487e-03 2.043664e-04
2.943444e+01 1.467975e-03 2.188992e-04
2.943444e+01 1.585121e-03 2.342812e-04
2.943444e+01 1.711615e-03 2.505233e-04
2.943444e+01 1.848204e-03 2.676303e-04
2.943444e+01 1.995693e-03 2.855986e-04
2.943444e+01 2.154951e-03 3.044150e-04
2.943444e+01 2.326918e-03 3.240564e-04
2.943444e+01 2.512609e-03 3.444900e-04
2.943444e+01 2.713117e-03 3.656724e-04
2.943444e+01 2.929627e-03 3.875480e-04
2.943444e+01 3.163414e-03 4.100476e-04
2.943444e+01 3.415858e-03 4.330883e-04
2.943444e+01 3.688447e-03 4.565723e-04
2.943444e+01 3.982789e-03 4.803758e-04
2.943444e+01 4.300619e-03 5.043484e-04
2.943444e+01 4.643813e-03 5.283197e-04
2.943444e+01 5.014394e-03 5.520863e-04
2.943444e+01 5.414548e-03 5.754126e-04
2.943444e+01 5.846635e-03 5.980411e-04
2.943444e+01 6.313202e-03 6.196767e-04
2.943444e+01 6.817002e-03 6.399900e-04
2.943444e+01 7.361006e-03 6.586349e-04
2.943444e+01 7.948422e-03 6.752223e-04
2.943444e+01 8.582714e-03 6.893291e-04
2.943444e+01 9.267624e-03 7.005344e-04
2.943444e+01 1.000719e-02 7.083919e-04
2.943444e+01 1.080577e-02 7.124504e-04
2.943444e+01 1.166809e-02 7.123059e-04
2.943444e+01 1.259921e-02 7.075993e-04
2.943444e+01 1.360464e-02 6.980428e-04
2.943444e+01 1.469030e-02 6.834672e-04
2.943444e+01 1.586261e-02 6.639077e-04
2.943444e+01 1.712846e-02 6.395943e-04
2.943444e+01 1.849533e-02 6.109089e-04
2.943444e+01 1.997127e-02 5.786788e-04
2.943444e+01 2.156500e-02 5.440125e-04
2.943444e+01 2.328591e-02 5.079800e-04
2.943444e+01 2.514415e-02 4.720514e-04
2.943444e+01 2.715068e-02 4.377959e-04
2.943444e+01 2.931733e-02 4.063916e-04
2.943444e+01 3.165689e-02 3.787022e-04
2.943444e+01 3.418314e-02 3.552473e-04
2.943444e+01 3.691099e-02 3.356650e-04
2.943444e+01 3.985652e-02 3.187697e-04
2.943444e+01 4.303711e-02 3.025723e-04
2.943444e+01 4.647152e-02 2.846577e-04
2.943444e+01 5.017999e-02 2.629724e-04
2.943444e+01 5.418441e-02 2.432152e-04
2.943444e+01 5.850838e-02 2.320008e-04
2.943444e+01 6.317741e-02 2.198915e-04
2.943444e+01 6.821903e-02 2.068158e-04
2.943444e+01 7.366298e-02 1.924695e-04
2.943444e+01 7.954136e-02 1.746584e-04
2.943444e+01 8.588885e-02 1.554259e-04
2.943444e+01 9.274286e-02 1.346586e-04
2.943444e+01 1.001438e-01 1.122341e-04
2.943444e+01 1.081354e-01 9.948464e-05
2.943444e+01 1.167647e-01 9.118748e-05
2.943444e+01 1.260827e-01 8.222818e-05
2.943444e+01 1.361442e-01 7.255393e-05
2.943444e+01 1.470087e-01 6.313072e-05
2.943444e+01 1.587401e-01 5.731352e-05
2.943444e+01 1.714077e-01 5.103209e-05
2.943444e+01 1.850862e-01 4.424941e-05
2.943444e+01 1.998563e-01 3.692546e-05
2.943444e+01 2.158051e-01 3.308244e-05
2.943444e+01 2.330265e-01 2.974478e-05
2.943444e+01 2.516223e-01 2.614077e-05
2.943444e+01 2.717020e-01 2.224915e-05
2.943444e+01 2.933841e-01 1.918519e-05
2.943444e+01 3.167964e-01 1.732330e-05
2.943444e+01 3.420771e-01 1.531283e-05
2.943444e+01 3.693752e-01 1.314192e-05
2.943444e+01 3.988518e-01 1.089824e-05
2.943444e+01 4.306805e-01 9.884694e-06
2.943444e+01 4.650493e-01 8.790266e-06
2.943444e+01 5.021607e-01 7.608502e-06
2.943444e+01 5.422336e-01 6.332431e-06
2.943444e+01 5.855044e-01 5.517104e-06
2.943444e+01 6.322283e-01 4.898877e-06
2.943444e+01 6.826808e-01 4.231314e-06
2.943444e+01 7.371594e-01 3.510480e-06
2.943444e+01 7.959855e-01 2.879404e-06
2.943444e+01 8.595059e-01 2.544532e-06
2.943444e+01 9.280954e-01 2.182937e-06
2.943444e+01 1.002158e+00 1.792486e-06
2.943444e+01 1.082132e+00 1.370877e-06
2.943444e+01 1.168487e+00 1.188260e-06
2.943444e+01 1.261733e+00 1.014291e-06
2.943444e+01 1.362421e+00 8.264385e-07
2.943444e+01 1.471144e+00 6.235955e-07
2.943444e+01 1.588542e+00 4.861460e-07
2.943444e+01 1.715310e+00 4.091548e-07
2.943444e+01 1.852193e+00 3.260197e-07
2.943444e+01 2.000000e+00 2.362503e-07
3.004313e+01 1.000000e-03 1.342359e-04
3.004313e+01 1.079801e-03 1.441238e-04
3.004313e+01 1.165970e-03 1.546661e-04
3.004313e+01 1.259016e-03 1.658893e-04
3.004313e+01 1.359487e-03 1.778164e-04
3.004313e+01 1.467975e-03 1.904682e-04
3.004313e+01 1.585121e-03 2.038603e-04
3.004313e+01 1.711615e-03 2.180026e-04
3.004313e+01 1.848204e-03 2.328992e-04
3.004313e+01 1.995693e-03 2.485470e-04
3.004313e+01 2.154951e-03 2.649344e-04
3.004313e+01 2.326918e-03 2.820412e-04
3.004313e+01 2.512609e-03 2.998385e-04
3.004313e+01 2.713117e-03 3.182881e-04
3.004313e+01 2.929627e-03 3.373410e-04
3.004313e+01 3.163414e-03 3.569367e-04
3.004313e+01 3.415858e-03 3.770030e-04
3.004313e+01 3.688447e-03 3.974542e-04
3.004313e+01 3.982789e-03 4.181830e-04
3.004313e+01 4.300619e-03 4.390586e-04
3.004313e+01 4.643813e-03 4.599332e-04
3.004313e+01 5.014394e-03 4.806299e-04
3.004313e+01 5.414548e-03 5.009431e-04
3.004313e+01 5.846635e-03 5.206484e-04
3.004313e+01 6.313202e-03 5.394887e-04
3.004313e+01 6.817002e-03 5.571773e-04
3.004313e+01 7.361006e-03 5.734134e-04
3.004313e+01 7.948422e-03 5.878580e-04
3.004313e+01 8.582714e-03 6.001427e-04
3.004313e+01 9.267624e-03 6.099009e-04
3.004313e+01 1.000719e-02 6.167442e-04
3.004313e+01 1.080577e-02 6.202796e-04
3.004313e+01 1.166809e-02 6.201556e-04
3.004313e+01 1.259921e-02 6.160596e-04
3.004313e+01 1.360464e-02 6.077406e-04
3.004313e+01 1.469030e-02 5.950512e-04
3.004313e+01 1.586261e-02 5.780223e-04
3.004313e+01 1.712846e-02 5.568545e-04
3.004313e+01 1.849533e-02 5.318808e-04
3.004313e+01 1.997127e-02 5.038213e-04
3.004313e+01 2.156500e-02 4.736405e-04
3.004313e+01 2.328591e-02 4.422699e-04
3.004313e+01 2.514415e-02 4.109894e-04
3.004313e+01 2.715068e-02 3.811652e-04
3.004313e+01 2.931733e-02 3.538233e-04
3.004313e+01 3.165689e-02 3.297158e-04
3.004313e+01 3.418314e-02 3.092949e-04
3.004313e+01 3.691099e-02 2.922456e-04
3.004313e+01 3.985652e-02 2.775358e-04
3.004313e+01 4.303711e-02 2.634336e-04
3.004313e+01 4.647152e-02 2.478363e-04
3.004313e+01 5.017999e-02 2.289561e-04
3.004313e+01 5.418441e-02 2.117623e-04
3.004313e+01 5.850838e-02 2.020201e-04
3.004313e+01 6.317741e-02 1.915005e-04
3.004313e+01 6.821903e-02 1.801413e-04
3.004313e+01 7.366298e-02 1.676753e-04
3.004313e+01 7.954136e-02 1.521684e-04
3.004313e+01 8.588885e-02 1.354239e-04
3.004313e+01 9.274286e-02 1.173432e-04
3.004313e+01 1.001438e-01 9.781972e-05
3.004313e+01 1.081354e-01 8.672484e-05
3.004313e+01 1.167647e-01 7.950921e-05
3.004313e+01 1.260827e-01 7.171776e-05
3.004313e+01 1.361442e-01 6.330456e-05
3.004313e+01 1.470087e-01 5.511164e-05
3.004313e+01 1.587401e-01 5.006329e-05
3.004313e+01 1.714077e-01 4.461208e-05
3.004313e+01 1.850862e-01 3.872586e-05
3.004313e+01 1.998563e-01 3.236990e-05
3.004313e+01 2.158051e-01 2.902467e-05
3.004313e+01 2.330265e-01 2.611516e-05
3.004313e+01 2.516223e-01 2.297348e-05
3.004313e+01 2.717020e-01 1.958108e-05
3.004313e+01 2.933841e-01 1.690653e-05
3.004313e+01 3.167964e-01 1.527495e-05
3.004313e+01 3.420771e-01 1.351315e-05
3.004313e+01 3.693752e-01 1.161077e-05
3.004313e+01 3.988518e-01 9.644290e-06
3.004313e+01 4.306805e-01 8.751254e-06
3.004313e+01 4.650493e-01 7.786952e-06
3.004313e+01 5.021607e-01 6.745699e-06
3.004313e+01 5.422336e-01 5.621352e-06
3.004313e+01 5.855044e-01 4.902168e-06
3.004313e+01 6.322283e-01 4.356213e-06
3.004313e+01 6.826808e-01 3.766690e-06
3.004313e+01 7.371594e-01 3.130123e-06
3.004313e+01 7.959855e-01 2.572729e-06
3.004313e+01 8.595059e-01 2.276690e-06
3.004313e+01 9.280954e-01 1.957027e-06
3.004313e+01 1.002158e+00 1.611854e-06
3.004313e+01 1.082132e+00 1.239136e-06
3.004313e+01 1.168487e+00 1.076833e-06
3.004313e+01 1.261733e+00 9.220327e-07
3.004313e+01 1.362421e+00 7.548791e-07
3.004313e+01 1.471144e+00 5.743864e-07
3.004313e+01 1.588542e+00 4.514430e-07
3.004313e+01 1.715310e+00 3.816860e-07
3.004313e+01 1.852193e+00 3.063623e-07
3.004313e+01 2.000000e+00 2.250277e-07
3.066399e+01 1.000000e-03 1.146659e-04
3.066399e+01 1.079801e-03 1.231153e-04
3.066399e+01 1.165970e-03 1.321245e-04
3.066399e+01 1.259016e-03 1.417162e-04
3.066399e+01 1.359487e-03 1.519104e-04
3.066399e+01 1.467975e-03 1.627250e-04
3.066399e+01 1.585121e-03 1.741734e-04
3.066399e+01 1.711615e-03 1.862641e-04
3.066399e+01 1.848204e-03 1.990008e-04
3.066399e+01 1.995693e-03 2.123809e-04
3.066399e+01 2.154951e-03 2.263944e-04
3.066399e+01 2.326918e-03 2.410238e-04
3.066399e+01 2.512609e-03 2.562442e-04
3.066399e+01 2.713117e-03 2.720226e-04
3.066399e+01 2.929627e-03 2.883167e-04
3.066399e+01 3.163414e-03 3.050745e-04
3.066399e+01 3.415858e-03 3.222339e-04
3.066399e+01 3.688447e-03 3.397217e-04
3.066399e+01 3.982789e-03 3.574460e-04
3.066399e+01 4.300619e-03 3.752956e-04
3.066399e+01 4.643813e-03 3.931444e-04
3.066399e+01 5.014394e-03 4.108413e-04
3.066399e+01 5.414548e-03 4.282104e-04
3.066399e+01 5.846635e-03 4.450594e-04
3.066399e+01 6.313202e-03 4.611684e-04
3.066399e+01 6.817002e-03 4.762928e-04
3.066399e+01 7.361006e-03 4.901752e-04
3.066399e+01 7.948422e-03 5.025260e-04
3.066399e+01 8.582714e-03 5.130303e-04
3.066399e+01 9.267624e-03 5.213745e-04
3.066399e+01 1.000719e-02 5.272265e-04
3.066399e+01 1.080577e-02 5.302505e-04
3.066399e+01 1.166809e-02 5.301462e-04
3.066399e+01 1.259921e-02 5.266461e-04
3.066399e+01 1.360464e-02 5.195357e-04
3.066399e+01 1.469030e-02 5.086884e-04
3.066399e+01 1.586261e-02 4.941311e-04
3.066399e+01 1.712846e-02 4.760357e-04
3.066399e+01 1.849533e-02 4.546873e-04
3.066399e+01 1.997127e-02 4.307014e-04
3.066399e+01 2.156500e-02 4.049020e-04
3.066399e+01 2.328591e-02 3.780849e-04
3.066399e+01 2.514415e-02 3.513443e-04
3.066399e+01 2.715068e-02 3.258486e-04
3.066399e+01 2.931733e-02 3.024748e-04
3.066399e+01 3.165689e-02 2.818660e-04
3.066399e+01 3.418314e-02 2.644088e-04
3.066399e+01 3.691099e-02 2.498337e-04
3.066399e+01 3.985652e-02 2.372587e-04
3.066399e+01 4.303711e-02 2.252030e-04
3.066399e+01 4.647152e-02 2.118693e-04
3.066399e+01 5.017999e-02 1.957291e-04
3.066399e+01 5.418441e-02 1.810431e-04
3.066399e+01 5.850838e-02 1.727494e-04
3.066399e+01 6.317741e-02 1.637938e-04
3.066399e+01 6.821903e-02 1.541236e-04
3.066399e+01 7.366298e-02 1.435056e-04
3.066399e+01 7.954136e-02 1.302416e-04
3.066399e+01 8.588885e-02 1.159191e-04
3.066399e+01 9.274286e-02 1.004536e-04
3.066399e+01 1.001438e-01 8.375405e-05
3.066399e+01 1.081354e-01 7.426646e-05
3.066399e+01 1.167647e-01 6.809841e-05
3.066399e+01 1.260827e-01 6.143815e-05
3.066399e+01 1.361442e-01 5.424638e-05
3.066399e+01 1.470087e-01 4.724612e-05
3.066399e+01 1.587401e-01 4.294773e-05
3.066399e+01 1.714077e-01 3.830632e-05
3.066399e+01 1.850862e-01 3.329452e-05
3.066399e+01 1.998563e-01 2.788278e-05
3.066399e+01 2.158051e-01 2.502278e-05
3.066399e+01 2.330265e-01 2.253050e-05
3.066399e+01 2.516223e-01 1.983934e-05
3.066399e+01 2.717020e-01 1.693341e-05
3.066399e+01 2.933841e-01 1.463849e-05
3.066399e+01 3.167964e-01 1.323170e-05
3.066399e+01 3.420771e-01 1.171264e-05
3.066399e+01 3.693752e-01 1.007236e-05
3.066399e+01 3.988518e-01 8.376673e-06
3.066399e+01 4.306805e-01 7.604577e-06
3.066399e+01 4.650493e-01 6.770868e-06
3.066399e+01 5.021607e-01 5.870628e-06
3.066399e+01 5.422336e-01 4.898548e-06
3.066399e+01 5.855044e-01 4.275838e-06
3.066399e+01 6.322283e-01 3.802394e-06
3.066399e+01 6.826808e-01 3.291169e-06
3.066399e+01 7.371594e-01 2.739148e-06
3.066399e+01 7.959855e-01 2.255780e-06
3.066399e+01 8.595059e-01 1.999041e-06
3.066399e+01 9.280954e-01 1.721815e-06
3.066399e+01 1.002158e+00 1.422466e-06
3.066399e+01 1.082132e+00 1.099228e-06
3.066399e+01 1.168487e+00 9.578214e-07
3.066399e+01 1.261733e+00 8.228137e-07
3.066399e+01 1.362421e+00 6.770324e-07
3.066399e+01 1.471144e+00 5.196175e-07
3.066399e+01 1.588542e+00 4.118441e-07
3.066399e+01 1.715310e+00 3.499318e-07
3.066399e+01 1.852193e+00 2.830789e-07
3.066399e+01 2.000000e+00 2.108910e-07
3.129727e+01 1.000000e-03 9.564476e-05
3.129727e+01 1.079801e-03 1.026950e-04
3.129727e+01 1.165970e-03 1.102130e-04
3.129727e+01 1.259016e-03 1.182176e-04
3.129727e+01 1.359487e-03 1.267257e-04
3.129727e+01 1.467975e-03 1.357524e-04
3.129727e+01 1.585121e-03 1.453090e-04
3.129727e+01 1.711615e-03 1.554026e-04
3.129727e+01 1.848204e-03 1.660366e-04
3.129727e+01 1.995693e-03 1.772086e-04
3.129727e+01 2.154951e-03 1.889103e-04
3.129727e+01 2.326918e-03 2.011270e-04
3.129727e+01 2.512609e-03 2.138378e-04
3.129727e+01 2.713117e-03 2.270147e-04
3.129727e+01 2.929627e-03 2.406221e-04
3.129727e+01 3.163414e-03 2.546162e-04
3.129727e+01 3.415858e-03 2.689452e-04
3.129727e+01 3.688447e-03 2.835476e-04
3.129727e+01 3.982789e-03 2.983469e-04
3.129727e+01 4.300619e-03 3.132505e-04
3.129727e+01 4.643813e-03 3.281534e-04
3.129727e+01 5.014394e-03 3.429297e-04
3.129727e+01 5.414548e-03 3.574323e-04
3.129727e+01 5.846635e-03 3.715005e-04
3.129727e+01 6.313202e-03 3.849506e-04
3.129727e+01 6.817002e-03 3.975785e-04
3.129727e+01 7.361006e-03 4.091696e-04
3.129727e+01 7.948422e-03 4.194820e-04
3.129727e+01 8.582714e-03 4.282528e-04
3.129727e+01 9.267624e-03 4.352202e-04
3.129727e+01 1.000719e-02 4.401069e-04
3.129727e+01 1.080577e-02 4.426329e-04
3.129727e+01 1.166809e-02 4.425472e-04
3.129727e+01 1.259921e-02 4.396268e-04
3.129727e+01 1.360464e-02 4.336921e-04
3.129727e+01 1.469030e-02 4.246376e-04
3.129727e+01 1.586261e-02 4.124856e-04
3.129727e+01 1.712846e-02 3.973803e-04
3.129727e+01 1.849533e-02 3.795600e-04
3.129727e+01 1.997127e-02 3.595383e-04
3.129727e+01 2.156500e-02 3.380027e-04
3.129727e+01 2.328591e-02 3.156171e-04
3.129727e+01 2.514415e-02 2.932950e-04
3.129727e+01 2.715068e-02 2.720118e-04
3.129727e+01 2.931733e-02 2.525000e-04
3.129727e+01 3.165689e-02 2.352963e-04
3.129727e+01 3.418314e-02 2.207234e-04
3.129727e+01 3.691099e-02 2.085564e-04
3.129727e+01 3.985652e-02 1.980590e-04
3.129727e+01 4.303711e-02 1.879951e-04
3.129727e+01 4.647152e-02 1.768644e-04
3.129727e+01 5.017999e-02 1.633910e-04
3.129727e+01 5.418441e-02 1.511377e-04
3.129727e+01 5.850838e-02 1.442320e-04
3.129727e+01 6.317741e-02 1.367753e-04
3.129727e+01 6.821903e-02 1.287235e-04
3.129727e+01 7.366298e-02 1.198806e-04
3.129727e+01 7.954136e-02 1.088151e-04
3.129727e+01 8.588885e-02 9.686653e-05
3.129727e+01 9.274286e-02 8.396448e-05
3.129727e+01 1.001438e-01 7.003283e-05
3.129727e+01 1.081354e-01 6.211484e-05
3.129727e+01 1.167647e-01 5.696451e-05
3.129727e+01 1.260827e-01 5.140319e-05
3.129727e+01 1.361442e-01 4.539807e-05
3.129727e+01 1.470087e-01 3.955506e-05
3.129727e+01 1.587401e-01 3.597769e-05
3.129727e+01 1.714077e-01 3.211484e-05
3.129727e+01 1.850862e-01 2.794373e-05
3.129727e+01 1.998563e-01 2.343976e-05
3.129727e+01 2.158051e-01 2.105209e-05
3.129727e+01 2.330265e-01 1.896839e-05
3.129727e+01 2.516223e-01 1.671841e-05
3.129727e+01 2.717020e-01 1.428888e-05
3.129727e+01 2.933841e-01 1.236695e-05
3.129727e+01 3.167964e-01 1.118320e-05
3.129727e+01 3.420771e-01 9.904979e-06
3.129727e+01 3.693752e-01 8.524757e-06
3.129727e+01 3.988518e-01 7.097792e-06
3.129727e+01 4.306805e-01 6.446232e-06
3.129727e+01 4.650493e-01 5.742678e-06
3.129727e+01 5.021607e-01 4.982979e-06
3.129727e+01 5.422336e-01 4.162655e-06
3.129727e+01 5.855044e-01 3.636706e-06
3.129727e+01 6.322283e-01 3.236472e-06
3.129727e+01 6.826808e-01 2.804300e-06
3.129727e+01 7.371594e-01 2.337639e-06
3.129727e+01 7.959855e-01 1.928990e-06
3.129727e+01 8.595059e-01 1.711862e-06
3.129727e+01 9.280954e-01 1.477407e-06
3.129727e+01 1.002158e+00 1.224242e-06
3.129727e+01 1.082132e+00 9.508742e-07
3.129727e+01 1.168487e+00 8.308830e-07
3.129727e+01 1.261733e+00 7.162373e-07
3.129727e+01 1.362421e+00 5.924428e-07
3.129727e+01 1.471144e+00 4.587694e-07
3.129727e+01 1.588542e+00 3.668166e-07
3.129727e+01 1.715310e+00 3.133935e-07
3.129727e+01 1.852193e+00 2.557072e-07
3.129727e+01 2.000000e+00 1.934175e-07
3.194322e+01 1.000000e-03 7.712499e-05
3.194322e+01 1.079801e-03 8.281215e-05
3.194322e+01 1.165970e-03 8.887695e-05
3.194322e+01 1.259016e-03 9.533489e-05
3.194322e+01 1.359487e-03 1.021996e-04
3.194322e+01 1.467975e-03 1.094834e-04
3.194322e+01 1.585121e-03 1.171954e-04
3.194322e+01 1.711615e-03 1.253416e-04
3.194322e+01 1.848204e-03 1.339247e-04
3.194322e+01 1.995693e-03 1.429428e-04
3.194322e+01 2.154951e-03 1.523892e-04
3.194322e+01 2.326918e-03 1.622520e-04
3.194322e+01 2.512609e-03 1.725140e-04
3.194322e+01 2.713117e-03 1.831526e-04
3.194322e+01 2.929627e-03 1.941386e-04
3.194322e+01 3.163414e-03 2.054365e-04
3.194322e+01 3.415858e-03 2.170043e-04
3.194322e+01 3.688447e-03 2.287923e-04
3.194322e+01 3.982789e-03 2.407385e-04
3.194322e+01 4.300619e-03 2.527687e-04
3.194322e+01 4.643813e-03 2.647983e-04
3.194322e+01 5.014394e-03 2.767259e-04
3.194322e+01 5.414548e-03 2.884325e-04
3.194322e+01 5.846635e-03 2.997884e-04
3.194322e+01 6.313202e-03 3.106452e-04
3.194322e+01 6.817002e-03 3.208383e-04
3.194322e+01 7.361006e-03 3.301945e-04
3.194322e+01 7.948422e-03 3.385188e-04
3.194322e+01 8.582714e-03 3.455987e-04
3.194322e+01 9.267624e-03 3.512231e-04
3.194322e+01 1.000719e-02 3.551682e-04
3.194322e+01 1.080577e-02 3.572080e-04
3.194322e+01 1.166809e-02 3.571401e-04
3.194322e+01 1.259921e-02 3.547843e-04
3.194322e+01 1.360464e-02 3.499958e-04
3.194322e+01 1.469030e-02 3.426890e-04
3.194322e+01 1.586261e-02 3.328823e-04
3.194322e+01 1.712846e-02 3.206923e-04
3.194322e+01 1.849533e-02 3.063115e-04
3.194322e+01 1.997127e-02 2.901545e-04
3.194322e+01 2.156500e-02 2.727757e-04
3.194322e+01 2.328591e-02 2.547106e-04
3.194322e+01 2.514415e-02 2.366964e-04
3.194322e+01 2.715068e-02 2.195204e-04
3.194322e+01 2.931733e-02 2.037740e-04
3.194322e+01 3.165689e-02 1.898903e-04
3.194322e+01 3.418314e-02 1.781296e-04
3.194322e+01 3.691099e-02 1.683105e-04
3.194322e+01 3.985652e-02 1.598388e-04
3.194322e+01 4.303711e-02 1.517170e-04
3.194322e+01 4.647152e-02 1.427342e-04
3.194322e+01 5.017999e-02 1.318609e-04
3.194322e+01 5.418441e-02 1.219791e-04
3.194322e+01 5.850838e-02 1.164254e-04
3.194322e+01 6.317741e-02 1.104284e-04
3.194322e+01 6.821903e-02 1.039529e-04
3.194322e+01 7.366298e-02 9.683857e-05
3.194322e+01 7.954136e-02 8.791026e-05
3.194322e+01 8.588885e-02 7.826946e-05
3.194322e+01 9.274286e-02 6.785931e-05
3.194322e+01 1.001438e-01 5.661843e-05
3.194322e+01 1.081354e-01 5.022887e-05
3.194322e+01 1.167647e-01 4.607198e-05
3.194322e+01 1.260827e-01 4.158336e-05
3.194322e+01 1.361442e-01 3.673655e-05
3.194322e+01 1.470087e-01 3.202215e-05
3.194322e+01 1.587401e-01 2.914322e-05
3.194322e+01 1.714077e-01 2.603455e-05
3.194322e+01 1.850862e-01 2.267780e-05
3.194322e+01 1.998563e-01 1.905318e-05
3.194322e+01 2.158051e-01 1.712483e-05
3.194322e+01 2.330265e-01 1.543920e-05
3.194322e+01 2.516223e-01 1.361905e-05
3.194322e+01 2.717020e-01 1.165365e-05
3.194322e+01 2.933841e-01 1.009664e-05
3.194322e+01 3.167964e-01 9.133768e-06
3.194322e+01 3.420771e-01 8.094052e-06
3.194322e+01 3.693752e-01 6.971366e-06
3.194322e+01 3.988518e-01 5.810549e-06
3.194322e+01 4.306805e-01 5.278918e-06
3.194322e+01 4.650493e-01 4.704863e-06
3.194322e+01 5.021607e-01 4.084998e-06
3.194322e+01 5.422336e-01 3.415667e-06
3.194322e+01 5.855044e-01 2.986457e-06
3.194322e+01 6.322283e-01 2.659787e-06
3.194322e+01 6.826808e-01 2.307047e-06
3.194322e+01 7.371594e-01 1.926159e-06
3.194322e+01 7.959855e-01 1.592635e-06
3.194322e+01 8.595059e-01 1.415470e-06
3.194322e+01 9.280954e-01 1.224167e-06
3.194322e+01 1.002158e+00 1.017598e-06
3.194322e+01 1.082132e+00 7.945443e-07
3.194322e+01 1.168487e+00 6.963226e-07
3.194322e+01 1.261733e+00 6.024108e-07
3.194322e+01 1.362421e+00 5.010046e-07
3.194322e+01 1.471144e+00 3.915061e-07
3.194322e+01 1.588542e+00 3.158661e-07
3.194322e+01 1.715310e+00 2.714849e-07
3.194322e+01 1.852193e+00 2.235621e-07
3.194322e+01 2.000000e+00 1.718149e-07
3.260208e+01 1.000000e-03 5.910082e-05
3.260208e+01 1.079801e-03 6.346044e-05
3.260208e+01 1.165970e-03 6.810988e-05
3.260208e+01 1.259016e-03 7.306110e-05
3.260208e+01 1.359487e-03 7.832464e-05
3.260208e+01 1.467975e-03 8.390995e-05
3.260208e+01 1.585121e-03 8.982425e-05
3.260208e+01 1.711615e-03 9.607211e-05
3.260208e+01 1.848204e-03 1.026556e-04
3.260208e+01 1.995693e-03 1.095735e-04
3.260208e+01 2.154951e-03 1.168204e-04
3.260208e+01 2.326918e-03 1.243873e-04
3.260208e+01 2.512609e-03 1.322608e-04
3.260208e+01 2.713117e-03 1.404235e-04
3.260208e+01 2.929627e-03 1.488526e-04
3.260208e+01 3.163414e-03 1.575209e-04
3.260208e+01 3.415858e-03 1.663958e-04
3.260208e+01 3.688447e-03 1.754392e-04
3.260208e+01 3.982789e-03 1.846035e-04
3.260208e+01 4.300619e-03 1.938320e-04
3.260208e+01 4.643813e-03 2.030600e-04
3.260208e+01 5.014394e-03 2.122099e-04
3.260208e+01 5.414548e-03 2.211903e-04
3.260208e+01 5.846635e-03 2.299015e-04
3.260208e+01 6.313202e-03 2.382298e-04
3.260208e+01 6.817002e-03 2.460489e-04
3.260208e+01 7.361006e-03 2.532261e-04
3.260208e+01 7.948422e-03 2.596117e-04
3.260208e+01 8.582714e-03 2.650430e-04
3.260208e+01 9.267624e-03 2.693577e-04
3.260208e+01 1.000719e-02 2.723845e-04
3.260208e+01 1.080577e-02 2.739499e-04
3.260208e+01 1.166809e-02 2.738988e-04
3.260208e+01 1.259921e-02 2.720929e-04
3.260208e+01 1.360464e-02 2.684211e-04
3.260208e+01 1.469030e-02 2.628177e-04
3.260208e+01 1.586261e-02 2.552969e-04
3.260208e+01 1.712846e-02 2.459483e-04
3.260208e+01 1.849533e-02 2.349197e-04
3.260208e+01 1.997127e-02 2.225290e-04
3.260208e+01 2.156500e-02 2.092011e-04
3.260208e+01 2.328591e-02 1.953468e-04
3.260208e+01 2.514415e-02 1.815312e-04
3.260208e+01 2.715068e-02 1.683585e-04
3.260208e+01 2.931733e-02 1.562821e-04
3.260208e+01 3.165689e-02 1.456342e-04
3.260208e+01 3.418314e-02 1.366145e-04
3.260208e+01 3.691099e-02 1.290839e-04
3.260208e+01 3.985652e-02 1.225866e-04
3.260208e+01 4.303711e-02 1.163577e-04
3.260208e+01 4.647152e-02 1.094684e-04
3.260208e+01 5.017999e-02 1.011292e-04
3.260208e+01 5.418441e-02 9.355566e-05
3.260208e+01 5.850838e-02 8.931042e-05
3.260208e+01 6.317741e-02 8.472640e-05
3.260208e+01 6.821903e-02 7.977657e-05
3.260208e+01 7.366298e-02 7.433658e-05
3.260208e+01 7.954136e-02 6.749082e-05
3.260208e+01 8.588885e-02 6.009876e-05
3.260208e+01 9.274286e-02 5.211681e-05
3.260208e+01 1.001438e-01 4.349788e-05
3.260208e+01 1.081354e-01 3.859860e-05
3.260208e+01 1.167647e-01 3.541114e-05
3.260208e+01 1.260827e-01 3.196933e-05
3.260208e+01 1.361442e-01 2.825285e-05
3.260208e+01 1.470087e-01 2.463875e-05
3.260208e+01 1.587401e-01 2.243570e-05
3.260208e+01 1.714077e-01 2.005685e-05
3.260208e+01 1.850862e-01 1.748816e-05
3.260208e+01 1.998563e-01 1.471449e-05
3.260208e+01 2.158051e-01 1.323410e-05
3.260208e+01 2.330265e-01 1.193812e-05
3.260208e+01 2.516223e-01 1.053871e-05
3.260208e+01 2.717020e-01 9.027630e-06
3.260208e+01 2.933841e-01 7.828692e-06
3.260208e+01 3.167964e-01 7.084046e-06
3.260208e+01 3.420771e-01 6.279977e-06
3.260208e+01 3.693752e-01 5.411742e-06
3.260208e+01 3.988518e-01 4.513998e-06
3.260208e+01 4.306805e-01 4.102553e-06
3.260208e+01 4.650493e-01 3.658274e-06
3.260208e+01 5.021607e-01 3.178541e-06
3.260208e+01 5.422336e-01 2.660525e-06
3.260208e+01 5.855044e-01 2.328098e-06
3.260208e+01 6.322283e-01 2.074895e-06
3.260208e+01 6.826808e-01 1.801485e-06
3.260208e+01 7.371594e-01 1.506256e-06
3.260208e+01 7.959855e-01 1.247774e-06
3.260208e+01 8.595059e-01 1.110569e-06
3.260208e+01 9.280954e-01 9.624140e-07
3.260208e+01 1.002158e+00 8.024364e-07
3.260208e+01 1.082132e+00 6.296923e-07
3.260208e+01 1.168487e+00 5.535094e-07
3.260208e+01 1.261733e+00 4.806453e-07
3.260208e+01 1.362421e+00 4.019665e-07
3.260208e+01 1.471144e+00 3.170091e-07
3.260208e+01 1.588542e+00 2.581323e-07
3.260208e+01 1.715310e+00 2.233276e-07
3.260208e+01 1.852193e+00 1.857454e-07
3.260208e+01 2.000000e+00 1.451641e-07
3.327412e+01 1.000000e-03 4.151379e-05
3.327412e+01 1.079801e-03 4.457717e-05
3.327412e+01 1.165970e-03 4.784445e-05
3.327412e+01 1.259016e-03 5.132406e-05
3.327412e+01 1.359487e-03 5.502348e-05
3.327412e+01 1.467975e-03 5.894941e-05
3.327412e+01 1.585121e-03 6.310698e-05
3.327412e+01 1.711615e-03 6.749945e-05
3.327412e+01 1.848204e-03 7.212836e-05
3.327412e+01 1.995693e-03 7.699279e-05
3.327412e+01 2.154951e-03 8.208904e-05
3.327412e+01 2.326918e-03 8.741062e-05
3.327412e+01 2.512609e-03 9.294819e-05
3.327412e+01 2.713117e-03 9.868921e-05
3.327412e+01 2.929627e-03 1.046177e-04
3.327412e+01 3.163414e-03 1.107142e-04
3.327412e+01 3.415858e-03 1.169558e-04
3.327412e+01 3.688447e-03 1.233155e-04
3.327412e+01 3.982789e-03 1.297600e-04
3.327412e+01 4.300619e-03 1.362493e-04
3.327412e+01 4.643813e-03 1.427384e-04
3.327412e+01 5.014394e-03 1.491725e-04
3.327412e+01 5.414548e-03 1.554874e-04
3.327412e+01 5.846635e-03 1.616130e-04
3.327412e+01 6.313202e-03 1.674693e-04
3.327412e+01 6.817002e-03 1.729676e-04
3.327412e+01 7.361006e-03 1.780144e-04
3.327412e+01 7.948422e-03 1.825048e-04
3.327412e+01 8.582714e-03 1.863240e-04
3.327412e+01 9.267624e-03 1.893583e-04
3.327412e+01 1.000719e-02 1.914870e-04
3.327412e+01 1.080577e-02 1.925882e-04
3.327412e+01 1.166809e-02 1.925530e-04
3.327412e+01 1.259921e-02 1.912841e-04
3.327412e+01 1.360464e-02 1.887032e-04
3.327412e+01 1.469030e-02 1.847643e-04
3.327412e+01 1.586261e-02 1.794774e-04
3.327412e+01 1.712846e-02 1.729054e-04
3.327412e+01 1.849533e-02 1.651524e-04
3.327412e+01 1.997127e-02 1.564419e-04
3.327412e+01 2.156500e-02 1.470725e-04
3.327412e+01 2.328591e-02 1.373329e-04
3.327412e+01 2.514415e-02 1.276204e-04
3.327412e+01 2.715068e-02 1.183598e-04
3.327412e+01 2.931733e-02 1.098699e-04
3.327412e+01 3.165689e-02 1.023842e-04
3.327412e+01 3.418314e-02 9.604320e-05
3.327412e+01 3.691099e-02 9.074901e-05
3.327412e+01 3.985652e-02 8.618126e-05
3.327412e+01 4.303711e-02 8.180217e-05
3.327412e+01 4.647152e-02 7.695888e-05
3.327412e+01 5.017999e-02 7.109625e-05
3.327412e+01 5.418441e-02 6.577419e-05
3.327412e+01 5.850838e-02 6.279615e-05
3.327412e+01 6.317741e-02 5.958046e-05
3.327412e+01 6.821903e-02 5.610816e-05
3.327412e+01 7.366298e-02 5.229166e-05
3.327412e+01 7.954136e-02 4.748539e-05
3.327412e+01 8.588885e-02 4.229558e-05
3.327412e+01 9.274286e-02 3.669161e-05
3.327412e+01 1.001438e-01 3.064045e-05
3.327412e+01 1.081354e-01 2.719759e-05
3.327412e+01 1.167647e-01 2.495481e-05
3.327412e+01 1.260827e-01 2.253305e-05
3.327412e+01 1.361442e-01 1.991803e-05
3.327412e+01 1.470087e-01 1.737609e-05
3.327412e+01 1.587401e-01 1.583157e-05
3.327412e+01 1.714077e-01 1.416378e-05
3.327412e+01 1.850862e-01 1.236291e-05
3.327412e+01 1.998563e-01 1.041833e-05
3.327412e+01 2.158051e-01 9.376491e-06
3.327412e+01 2.330265e-01 8.462832e-06
3.327412e+01 2.516223e-01 7.476262e-06
3.327412e+01 2.717020e-01 6.410963e-06
3.327412e+01 2.933841e-01 5.564414e-06
3.327412e+01 3.167964e-01 5.036373e-06
3.327412e+01 3.420771e-01 4.466193e-06
3.327412e+01 3.693752e-01 3.850512e-06
3.327412e+01 3.988518e-01 3.213892e-06
3.327412e+01 4.306805e-01 2.921923e-06
3.327412e+01 4.650493e-01 2.606654e-06
3.327412e+01 5.021607e-01 2.266227e-06
3.327412e+01 5.422336e-01 1.898634e-06
3.327412e+01 5.855044e-01 1.662561e-06
3.327412e+01 6.322283e-01 1.482609e-06
3.327412e+01 6.826808e-01 1.288296e-06
3.327412e+01 7.371594e-01 1.078477e-06
3.327412e+01 7.959855e-01 8.948685e-07
3.327412e+01 8.595059e-01 7.976801e-07
3.327412e+01 9.280954e-01 6.927360e-07
3.327412e+01 1.002158e+00 5.794172e-07
3.327412e+01 1.082132e+00 4.570555e-07
3.327412e+01 1.168487e+00 4.029890e-07
3.327412e+01 1.261733e+00 3.512563e-07
3.327412e+01 1.362421e+00 2.953952e-07
3.327412e+01 1.471144e+00 2.350764e-07
3.327412e+01 1.588542e+00 1.932083e-07
3.327412e+01 1.715310e+00 1.683677e-07
3.327412e+01 1.852193e+00 1.415449e-07
3.327412e+01 2.000000e+00 1.125816e-07
3.395961e+01 1.000000e-03 2.501600e-05
3.395961e+01 1.079801e-03 2.686264e-05
3.395961e+01 1.165970e-03 2.883233e-05
3.395961e+01 1.259016e-03 3.093019e-05
3.395961e+01 1.359487e-03 3.316077e-05
3.395961e+01 1.467975e-03 3.552813e-05
3.395961e+01 1.585121e-03 3.803542e-05
3.395961e+01 1.711615e-03 4.068463e-05
3.395961e+01 1.848204e-03 4.347672e-05
3.395961e+01 1.995693e-03 4.641116e-05
3.395961e+01 2.154951e-03 4.948570e-05
3.395961e+01 2.326918e-03 5.269641e-05
3.395961e+01 2.512609e-03 5.603762e-05
3.395961e+01 2.713117e-03 5.950171e-05
3.395961e+01 2.929627e-03 6.307889e-05
3.395961e+01 3.163414e-03 6.675740e-05
3.395961e+01 3.415858e-03 7.052332e-05
3.395961e+01 3.688447e-03 7.436028e-05
3.395961e+01 3.982789e-03 7.824818e-05
3.395961e+01 4.300619e-03 8.216301e-05
3.395961e+01 4.643813e-03 8.607764e-05
3.395961e+01 5.014394e-03 8.995912e-05
3.395961e+01 5.414548e-03 9.376872e-05
3.395961e+01 5.846635e-03 9.746411e-05
3.395961e+01 6.313202e-03 1.009970e-04
3.395961e+01 6.817002e-03 1.043139e-04
3.395961e+01 7.361006e-03 1.073585e-04
3.395961e+01 7.948422e-03 1.100674e-04
3.395961e+01 8.582714e-03 1.123715e-04
3.395961e+01 9.267624e-03 1.142021e-04
3.395961e+01 1.000719e-02 1.154864e-04
3.395961e+01 1.080577e-02 1.161511e-04
3.395961e+01 1.166809e-02 1.161303e-04
3.395961e+01 1.259921e-02 1.153653e-04
3.395961e+01 1.360464e-02 1.138091e-04
3.395961e+01 1.469030e-02 1.114338e-04
3.395961e+01 1.586261e-02 1.082454e-04
3.395961e+01 1.712846e-02 1.042819e-04
3.395961e+01 1.849533e-02 9.960617e-05
3.395961e+01 1.997127e-02 9.435287e-05
3.395961e+01 2.156500e-02 8.870219e-05
3.395961e+01 2.328591e-02 8.282816e-05
3.395961e+01 2.514415e-02 7.697050e-05
3.395961e+01 2.715068e-02 7.138531e-05
3.395961e+01 2.931733e-02 6.626492e-05
3.395961e+01 3.165689e-02 6.175017e-05
3.395961e+01 3.418314e-02 5.792578e-05
3.395961e+01 3.691099e-02 5.473273e-05
3.395961e+01 3.985652e-02 5.197782e-05
3.395961e+01 4.303711e-02 4.933669e-05
3.395961e+01 4.647152e-02 4.641560e-05
3.395961e+01 5.017999e-02 4.287973e-05
3.395961e+01 5.418441e-02 3.967178e-05
3.395961e+01 5.850838e-02 3.788092e-05
3.395961e+01 6.317741e-02 3.594715e-05
3.395961e+01 6.821903e-02 3.385907e-05
3.395961e+01 7.366298e-02 3.156336e-05
3.395961e+01 7.954136e-02 2.866593e-05
3.395961e+01 8.588885e-02 2.553727e-05
3.395961e+01 9.274286e-02 2.215895e-05
3.395961e+01 1.001438e-01 1.851103e-05
3.395961e+01 1.081354e-01 1.643279e-05
3.395961e+01 1.167647e-01 1.507648e-05
3.395961e+01 1.260827e-01 1.361194e-05
3.395961e+01 1.361442e-01 1.203052e-05
3.395961e+01 1.470087e-01 1.049378e-05
3.395961e+01 1.587401e-01 9.562283e-06
3.395961e+01 1.714077e-01 8.556453e-06
3.395961e+01 1.850862e-01 7.470357e-06
3.395961e+01 1.998563e-01 6.297589e-06
3.395961e+01 2.158051e-01 5.667822e-06
3.395961e+01 2.330265e-01 5.114953e-06
3.395961e+01 2.516223e-01 4.517965e-06
3.395961e+01 2.717020e-01 3.873337e-06
3.395961e+01 2.933841e-01 3.360705e-06
3.395961e+01 3.167964e-01 3.040304e-06
3.395961e+01 3.420771e-01 2.694335e-06
3.395961e+01 3.693752e-01 2.320757e-06
3.395961e+01 3.988518e-01 1.934543e-06
3.395961e+01 4.306805e-01 1.758427e-06
3.395961e+01 4.650493e-01 1.568257e-06
3.395961e+01 5.021607e-01 1.362911e-06
3.395961e+01 5.422336e-01 1.141179e-06
3.395961e+01 5.855044e-01 9.990394e-07
3.395961e+01 6.322283e-01 8.908943e-07
3.395961e+01 6.826808e-01 7.741190e-07
3.395961e+01 7.371594e-01 6.480250e-07
3.395961e+01 7.959855e-01 5.378334e-07
3.395961e+01 8.595059e-01 4.799457e-07
3.395961e+01 9.280954e-01 4.174385e-07
3.395961e+01 1.002158e+00 3.499431e-07
3.395961e+01 1.082132e+00 2.770616e-07
3.395961e+01 1.168487e+00 2.449729e-07
3.395961e+01 1.261733e+00 2.142932e-07
3.395961e+01 1.362421e+00 1.811652e-07
3.395961e+01 1.471144e+00 1.453936e-07
3.395961e+01 1.588542e+00 1.205542e-07
3.395961e+01 1.715310e+00 1.058035e-07
3.395961e+01 1.852193e+00 8.987579e-08
3.395961e+01 2.000000e+00 7.267698e-08
3.465880e+01 1.000000e-03 7.747880e-06
3.465880e+01 1.079801e-03 8.320020e-06
3.465880e+01 1.165970e-03 8.930328e-06
3.465880e+01 1.259016e-03 9.580402e-06
3.465880e+01 1.359487e-03 1.027166e-05
3.465880e+01 1.467975e-03 1.100538e-05
3.465880e+01 1.585121e-03 1.178254e-05
3.465880e+01 1.711615e-03 1.260377e-05
3.465880e+01 1.848204e-03 1.346939e-05
3.465880e+01 1.995693e-03 1.437922e-05
3.465880e+01 2.154951e-03 1.533257e-05
3.465880e+01 2.326918e-03 1.632824e-05
3.465880e+01 2.512609e-03 1.736442e-05
3.465880e+01 2.713117e-03 1.843876e-05
3.465880e+01 2.929627e-03 1.954817e-05
3.465880e+01 3.163414e-03 2.068899e-05
3.465880e+01 3.415858e-03 2.185688e-05
3.465880e+01 3.688447e-03 2.304673e-05
3.465880e+01 3.982789e-03 2.425231e-05
3.465880e+01 4.300619e-03 2.546620e-05
3.465880e+01 4.643813e-03 2.668001e-05
3.465880e+01 5.014394e-03 2.788354e-05
3.465880e+01 5.414548e-03 2.906479e-05
3.465880e+01 5.846635e-03 3.021063e-05
3.465880e+01 6.313202e-03 3.130608e-05
3.465880e+01 6.817002e-03 3.233455e-05
3.465880e+01 7.361006e-03 3.327859e-05
3.465880e+01 7.948422e-03 3.411853e-05
3.465880e+01 8.582714e-03 3.483298e-05
3.465880e+01 9.267624e-03 3.540063e-05
3.465880e+01 1.000719e-02 3.579895e-05
3.465880e+01 1.080577e-02 3.600514e-05
3.465880e+01 1.166809e-02 3.599881e-05
3.465880e+01 1.259921e-02 3.576181e-05
3.465880e+01 1.360464e-02 3.527950e-05
3.465880e+01 1.469030e-02 3.454327e-05
3.465880e+01 1.586261e-02 3.355498e-05
3.465880e+01 1.712846e-02 3.232643e-05
3.465880e+01 1.849533e-02 3.087705e-05
3.465880e+01 1.997127e-02 2.924862e-05
3.465880e+01 2.156500e-02 2.749699e-05
3.465880e+01 2.328591e-02 2.567612e-05
3.465880e+01 2.514415e-02 2.386032e-05
3.465880e+01 2.715068e-02 2.212898e-05
3.465880e+01 2.931733e-02 2.054171e-05
3.465880e+01 3.165689e-02 1.914218e-05
3.465880e+01 3.418314e-02 1.795664e-05
3.465880e+01 3.691099e-02 1.696682e-05
3.465880e+01 3.985652e-02 1.611281e-05
3.465880e+01 4.303711e-02 1.529408e-05
3.465880e+01 4.647152e-02 1.438856e-05
3.465880e+01 5.017999e-02 1.329246e-05
3.465880e+01 5.418441e-02 1.231967e-05
3.465880e+01 5.850838e-02 1.182479e-05
3.465880e+01 6.317741e-02 1.129042e-05
3.465880e+01 6.821903e-02 1.071341e-05
3.465880e+01 7.366298e-02 1.006731e-05
3.465880e+01 7.954136e-02 9.134351e-06
3.465880e+01 8.588885e-02 8.126944e-06
3.465880e+01 9.274286e-02 7.039145e-06
3.465880e+01 1.001438e-01 5.864539e-06
3.465880e+01 1.081354e-01 5.199768e-06
3.465880e+01 1.167647e-01 4.769911e-06
3.465880e+01 1.260827e-01 4.305750e-06
3.465880e+01 1.361442e-01 3.804550e-06
3.465880e+01 1.470087e-01 3.318674e-06
3.465880e+01 1.587401e-01 3.029683e-06
3.465880e+01 1.714077e-01 2.717630e-06
3.465880e+01 1.850862e-01 2.380675e-06
3.465880e+01 1.998563e-01 2.016831e-06
3.465880e+01 2.158051e-01 1.818667e-06
3.465880e+01 2.330265e-01 1.643582e-06
3.465880e+01 2.516223e-01 1.454525e-06
3.465880e+01 2.717020e-01 1.250382e-06
3.465880e+01 2.933841e-01 1.087442e-06
3.465880e+01 3.167964e-01 9.845719e-07
3.465880e+01 3.420771e-01 8.734926e-07
3.465880e+01 3.693752e-01 7.535489e-07
3.465880e+01 3.988518e-01 6.295133e-07
3.465880e+01 4.306805e-01 5.724399e-07
3.465880e+01 4.650493e-01 5.108121e-07
3.465880e+01 5.021607e-01 4.442662e-07
3.465880e+01 5.422336e-01 3.724100e-07
3.465880e+01 5.855044e-01 3.263097e-07
3.465880e+01 6.322283e-01 2.912053e-07
3.465880e+01 6.826808e-01 2.532995e-07
3.465880e+01 7.371594e-01 2.123688e-07
3.465880e+01 7.959855e-01 1.765924e-07
3.465880e+01 8.595059e-01 1.577751e-07
3.465880e+01 9.280954e-01 1.374562e-07
3.465880e+01 1.002158e+00 1.155158e-07
3.465880e+01 1.082132e+00 9.182459e-08
3.465880e+01 1.168487e+00 8.139730e-08
3.465880e+01 1.261733e+00 7.142862e-08
3.465880e+01 1.362421e+00 6.066442e-08
3.465880e+01 1.471144e+00 4.904123e-08
3.465880e+01 1.588542e+00 4.097831e-08
3.465880e+01 1.715310e+00 3.620121e-08
3.465880e+01 1.852193e+00 3.104289e-08
3.465880e+01 2.000000e+00 2.547294e-08
3.537197e+01 1.000000e-03 0.000000e+00
3.537197e+01 1.079801e-03 0.000000e+00
3.537197e+01 1.165970e-03 0.000000e+00
3.537197e+01 1.259016e-03 0.000000e+00
3.537197e+01 1.359487e-03 0.000000e+00
3.537197e+01 1.467975e-03 0.000000e+00
3.537197e+01 1.585121e-03 0.000000e+00
3.537197e+01 1.711615e-03 0.000000e+00
3.537197e+01 1.848204e-03 0.000000e+00
3.537197e+01 1.995693e-03 0.000000e+00
3.537197e+01 2.154951e-03 0.000000e+00
3.537197e+01 2.326918e-03 0.000000e+00
3.537197e+01 2.512609e-03 0.000000e+00
3.537197e+01 2.713117e-03 0.000000e+00
3.537197e+01 2.929627e-03 0.000000e+00
3.537197e+01 3.163414e-03 0.000000e+00
3.537197e+01 3.415858e-03 0.000000e+00
3.537197e+01 3.688447e-03 0.000000e+00
3.537197e+01 3.982789e-03 0.000000e+00
3.537197e+01 4.300619e-03 0.000000e+00
3.537197e+01 4.643813e-03 0.000000e+00
3.537197e+01 5.014394e-03 0.000000e+00
3.537197e+01 5.414548e-03 0.000000e+00
3.537197e+01 5.846635e-03 0.000000e+00
3.537197e+01 6.313202e-03 0.000000e+00
3.537197e+01 6.817002e-03 0.000000e+00
3.537197e+01 7.361006e-03 0.000000e+00
3.537197e+01 7.948422e-03 0.000000e+00
3.537197e+01 8.582714e-03 0.000000e+00
3.537197e+01 9.267624e-03 0.000000e+00
3.537197e+01 1.000719e-02 0.000000e+00
3.537197e+01 1.080577e-02 0.000000e+00
3.537197e+01 1.166809e-02 0.000000e+00
3.537197e+01 1.259921e-02 0.000000e+00
3.537197e+01 1.360464e-02 0.000000e+00
3.537197e+01 1.469030e-02 0.000000e+00
3.537197e+01 1.586261e-02 0.000000e+00
3.537197e+01 1.712846e-02 0.000000e+00
3.537197e+01 1.849533e-02 0.000000e+00
3.537197e+01 1.997127e-02 0.000000e+00
3.537197e+01 2.156500e-02 0.000000e+00
3.537197e+01 2.328591e-02 0.000000e+00
3.537197e+01 2.514415e-02 0.000000e+00
3.537197e+01 2.715068e-02 0.000000e+00
3.537197e+01 2.931733e-02 0.000000e+00
3.537197e+01 3.165689e-02 0.000000e+00
3.537197e+01 3.418314e-02 0.000000e+00
3.537197e+01 3.691099e-02 0.000000e+00
3.537197e+01 3.985652e-02 0.000000e+00
3.537197e+01 4.303711e-02 0.000000e+00
3.537197e+01 4.647152e-02 0.000000e+00
3.537197e+01 5.017999e-02 0.000000e+00
3.537197e+01 5.418441e-02 0.000000e+00
3.537197e+01 5.850838e-02 0.000000e+00
3.537197e+01 6.317741e-02 0.000000e+00
3.537197e+01 6.821903e-02 0.000000e+00
3.537197e+01 7.366298e-02 0.000000e+00
3.537197e+01 7.954136e-02 0.000000e+00
3.537197e+01 8.588885e-02 0.000000e+00
3.537197e+01 9.274286e-02 0.000000e+00
3.537197e+01 1.001438e-01 0.000000e+00
3.537197e+01 1.081354e-01 0.000000e+00
3.537197e+01 1.167647e-01 0.000000e+00
3.537197e+01 1.260827e-01 0.000000e+00
3.537197e+01 1.361442e-01 0.000000e+00
3.537197e+01 1.470087e-01 0.000000e+00
3.537197e+01 1.587401e-01 0.000000e+00
3.537197e+01 1.714077e-01 0.000000e+00
3.537197e+01 1.850862e-01 0.000000e+00
3.537197e+01 1.998563e-01 0.000000e+00
3.537197e+01 2.158051e-01 0.000000e+00
3.537197e+01 2.330265e-01 0.000000e+00
3.537197e+01 2.516223e-01 0.000000e+00
3.537197e+01 2.717020e-01 0.000000e+00
3.537197e+01 2.933841e-01 0.000000e+00
3.537197e+01 3.167964e-01 0.000000e+00
3.537197e+01 3.420771e-01 0.000000e+00
3.537197e+01 3.693752e-01 0.000000e+00
3.537197e+01 3.988518e-01 0.000000e+00
3.537197e+01 4.306805e-01 0.000000e+00
3.537197e+01 4.650493e-01 0.000000e+00
3.537197e+01 5.021607e-01 0.000000e+00
3.537197e+01 5.422336e-01 0.000000e+00
3.537197e+01 5.855044e-01 0.000000e+00
3.537197e+01 6.322283e-01 0.000000e+00
3.537197e+01 6.826808e-01 0.000000e+00
3.537197e+01 7.371594e-01 0.000000e+00
3.537197e+01 7.959855e-01 -7.580347e-24
3.537197e+01 8.595059e-01 1.010713e-23
3.537197e+01 9.280954e-01 0.000000e+00
3.537197e+01 1.002158e+00 0.000000e+00
3.537197e+01 1.082132e+00 0.000000e+00
3.537197e+01 1.168487e+00 0.000000e+00
3.537197e+01 1.261733e+00 0.000000e+00
3.537197e+01 1.362421e+00 0.000000e+00
3.537197e+01 1.471144e+00 0.000000e+00
3.537197e+01 1.588542e+00 0.000000e+00
3.537197e+01 1.715310e+00 0.000000e+00
3.537197e+01 1.852193e+00 0.000000e+00
3.537197e+01 2.000000e+00 0.000000e+00
