5.000000e+00 1.000000e-03 0.000000e+00
5.000000e+00 1.079801e-03 0.000000e+00
5.000000e+00 1.165970e-03 0.000000e+00
5.000000e+00 1.259016e-03 0.000000e+00
5.000000e+00 1.359487e-03 0.000000e+00
5.000000e+00 1.467975e-03 0.000000e+00
5.000000e+00 1.585121e-03 0.000000e+00
5.000000e+00 1.711615e-03 0.000000e+00
5.000000e+00 1.848204e-03 0.000000e+00
5.000000e+00 1.995693e-03 0.000000e+00
5.000000e+00 2.154951e-03 0.000000e+00
5.000000e+00 2.326918e-03 0.000000e+00
5.000000e+00 2.512609e-03 0.000000e+00
5.000000e+00 2.713117e-03 0.000000e+00
5.000000e+00 2.929627e-03 0.000000e+00
5.000000e+00 3.163414e-03 0.000000e+00
5.000000e+00 3.415858e-03 0.000000e+00
5.000000e+00 3.688447e-03 0.000000e+00
5.000000e+00 3.982789e-03 0.000000e+00
5.000000e+00 4.300619e-03 0.000000e+00
5.000000e+00 4.643813e-03 0.000000e+00
5.000000e+00 5.014394e-03 0.000000e+00
5.000000e+00 5.414548e-03 0.000000e+00
5.000000e+00 5.846635e-03 0.000000e+00
5.000000e+00 6.313202e-03 0.000000e+00
5.000000e+00 6.817002e-03 0.000000e+00
5.000000e+00 7.361006e-03 0.000000e+00
5.000000e+00 7.948422e-03 0.000000e+00
5.000000e+00 8.582714e-03 0.000000e+00
5.000000e+00 9.267624e-03 0.000000e+00
5.000000e+00 1.000719e-02 0.000000e+00
5.000000e+00 1.080577e-02 0.000000e+00
5.000000e+00 1.166809e-02 0.000000e+00
5.000000e+00 1.259921e-02 0.000000e+00
5.000000e+00 1.360464e-02 0.000000e+00
5.000000e+00 1.469030e-02 0.000000e+00
5.000000e+00 1.586261e-02 0.000000e+00
5.000000e+00 1.712846e-02 0.000000e+00
5.000000e+00 1.849533e-02 0.000000e+00
5.000000e+00 1.997127e-02 0.000000e+00
5.000000e+00 2.156500e-02 0.000000e+00
5.000000e+00 2.328591e-02 0.000000e+00
5.000000e+00 2.514415e-02 0.000000e+00
5.000000e+00 2.715068e-02 0.000000e+00
5.000000e+00 2.931733e-02 0.000000e+00
5.000000e+00 3.165689e-02 0.000000e+00
5.000000e+00 3.418314e-02 0.000000e+00
5.000000e+00 3.691099e-02 0.000000e+00
5.000000e+00 3.985652e-02 0.000000e+00
5.000000e+00 4.303711e-02 0.000000e+00
5.000000e+00 4.647152e-02 0.000000e+00
5.000000e+00 5.017999e-02 0.000000e+00
5.000000e+00 5.418441e-02 0.000000e+00
5.000000e+00 5.850838e-02 0.000000e+00
5.000000e+00 6.317741e-02 0.000000e+00
5.000000e+00 6.821903e-02 0.000000e+00
5.000000e+00 7.366298e-02 0.000000e+00
5.000000e+00 7.954136e-02 0.000000e+00
5.000000e+00 8.588885e-02 0.000000e+00
5.000000e+00 9.274286e-02 0.000000e+00
5.000000e+00 1.001438e-01 0.000000e+00
5.000000e+00 1.081354e-01 0.000000e+00
5.000000e+00 1.167647e-01 0.000000e+00
5.000000e+00 1.260827e-01 0.000000e+00
5.000000e+00 1.361442e-01 0.000000e+00
5.000000e+00 1.470087e-01 0.000000e+00
5.000000e+00 1.587401e-01 0.000000e+00
5.000000e+00 1.714077e-01 0.000000e+00
5.000000e+00 1.850862e-01 0.000000e+00
5.000000e+00 1.998563e-01 0.000000e+00
5.000000e+00 2.158051e-01 0.000000e+00
5.000000e+00 2.330265e-01 0.000000e+00
5.000000e+00 2.516223e-01 0.000000e+00
5.000000e+00 2.717020e-01 0.000000e+00
5.000000e+00 2.933841e-01 0.000000e+00
5.000000e+00 3.167964e-01 0.000000e+00
5.000000e+00 3.420771e-01 0.000000e+00
5.000000e+00 3.693752e-01 0.000000e+00
5.000000e+00 3.988518e-01 0.000000e+00
5.000000e+00 4.306805e-01 0.000000e+00
5.000000e+00 4.650493e-01 0.000000e+00
5.000000e+00 5.021607e-01 0.000000e+00
5.000000e+00 5.422336e-01 0.000000e+00
5.000000e+00 5.855044e-01 0.000000e+00
5.000000e+00 6.322283e-01 0.000000e+00
5.000000e+00 6.826808e-01 0.000000e+00
5.000000e+00 7.371594e-01 0.000000e+00
5.000000e+00 7.959855e-01 0.000000e+00
5.000000e+00 8.595059e-01 0.000000e+00
5.000000e+00 9.280954e-01 0.000000e+00
5.000000e+00 1.002158e+00 0.000000e+00
5.000000e+00 1.082132e+00 0.000000e+00
5.000000e+00 1.168487e+00 0.000000e+00
5.000000e+00 1.261733e+00 0.000000e+00
5.000000e+00 1.362421e+00 0.000000e+00
5.000000e+00 1.471144e+00 0.000000e+00
5.000000e+00 1.588542e+00 0.000000e+00
5.000000e+00 1.715310e+00 0.000000e+00
5.000000e+00 1.852193e+00 0.000000e+00
5.000000e+00 2.000000e+00 0.000000e+00
5.120000e+00 1.000000e-03 0.000000e+00
5.120000e+00 1.079801e-03 0.000000e+00
5.120000e+00 1.165970e-03 0.000000e+00
5.120000e+00 1.259016e-03 0.000000e+00
5.120000e+00 1.359487e-03 0.000000e+00
5.120000e+00 1.467975e-03 0.000000e+00
5.120000e+00 1.585121e-03 0.000000e+00
5.120000e+00 1.711615e-03 0.000000e+00
5.120000e+00 1.848204e-03 0.000000e+00
5.120000e+00 1.995693e-03 0.000000e+00
5.120000e+00 2.154951e-03 0.000000e+00
5.120000e+00 2.326918e-03 0.000000e+00
5.120000e+00 2.512609e-03 0.000000e+00
5.120000e+00 2.713117e-03 0.000000e+00
5.120000e+00 2.929627e-03 0.000000e+00
5.120000e+00 3.163414e-03 0.000000e+00
5.120000e+00 3.415858e-03 0.000000e+00
5.120000e+00 3.688447e-03 0.000000e+00
5.120000e+00 3.982789e-03 0.000000e+00
5.120000e+00 4.300619e-03 0.000000e+00
5.120000e+00 4.643813e-03 0.000000e+00
5.120000e+00 5.014394e-03 0.000000e+00
5.120000e+00 5.414548e-03 0.000000e+00
5.120000e+00 5.846635e-03 0.000000e+00
5.120000e+00 6.313202e-03 0.000000e+00
5.120000e+00 6.817002e-03 0.000000e+00
5.120000e+00 7.361006e-03 0.000000e+00
5.120000e+00 7.948422e-03 0.000000e+00
5.120000e+00 8.582714e-03 0.000000e+00
5.120000e+00 9.267624e-03 0.000000e+00
5.120000e+00 1.000719e-02 0.000000e+00
5.120000e+00 1.080577e-02 0.000000e+00
5.120000e+00 1.166809e-02 0.000000e+00
5.120000e+00 1.259921e-02 0.000000e+00
5.120000e+00 1.360464e-02 0.000000e+00
5.120000e+00 1.469030e-02 0.000000e+00
5.120000e+00 1.586261e-02 0.000000e+00
5.120000e+00 1.712846e-02 0.000000e+00
5.120000e+00 1.849533e-02 0.000000e+00
5.120000e+00 1.997127e-02 0.000000e+00
5.120000e+00 2.156500e-02 0.000000e+00
5.120000e+00 2.328591e-02 0.000000e+00
5.120000e+00 2.514415e-02 0.000000e+00
5.120000e+00 2.715068e-02 0.000000e+00
5.120000e+00 2.931733e-02 0.000000e+00
5.120000e+00 3.165689e-02 0.000000e+00
5.120000e+00 3.418314e-02 0.000000e+00
5.120000e+00 3.691099e-02 0.000000e+00
5.120000e+00 3.985652e-02 0.000000e+00
5.120000e+00 4.303711e-02 0.000000e+00
5.120000e+00 4.647152e-02 0.000000e+00
5.120000e+00 5.017999e-02 0.000000e+00
5.120000e+00 5.418441e-02 0.000000e+00
5.120000e+00 5.850838e-02 0.000000e+00
5.120000e+00 6.317741e-02 0.000000e+00
5.120000e+00 6.821903e-02 0.000000e+00
5.120000e+00 7.366298e-02 0.000000e+00
5.120000e+00 7.954136e-02 0.000000e+00
5.120000e+00 8.588885e-02 0.000000e+00
5.120000e+00 9.274286e-02 0.000000e+00
5.120000e+00 1.001438e-01 0.000000e+00
5.120000e+00 1.081354e-01 0.000000e+00
5.120000e+00 1.167647e-01 0.000000e+00
5.120000e+00 1.260827e-01 0.000000e+00
5.120000e+00 1.361442e-01 0.000000e+00
5.120000e+00 1.470087e-01 0.000000e+00
5.120000e+00 1.587401e-01 0.000000e+00
5.120000e+00 1.714077e-01 0.000000e+00
5.120000e+00 1.850862e-01 0.000000e+00
5.120000e+00 1.998563e-01 0.000000e+00
5.120000e+00 2.158051e-01 0.000000e+00
5.120000e+00 2.330265e-01 0.000000e+00
5.120000e+00 2.516223e-01 0.000000e+00
5.120000e+00 2.717020e-01 0.000000e+00
5.120000e+00 2.933841e-01 0.000000e+00
5.120000e+00 3.167964e-01 0.000000e+00
5.120000e+00 3.420771e-01 0.000000e+00
5.120000e+00 3.693752e-01 0.000000e+00
5.120000e+00 3.988518e-01 0.000000e+00
5.120000e+00 4.306805e-01 0.000000e+00
5.120000e+00 4.650493e-01 0.000000e+00
5.120000e+00 5.021607e-01 0.000000e+00
5.120000e+00 5.422336e-01 0.000000e+00
5.120000e+00 5.855044e-01 0.000000e+00
5.120000e+00 6.322283e-01 0.000000e+00
5.120000e+00 6.826808e-01 0.000000e+00
5.120000e+00 7.371594e-01 0.000000e+00
5.120000e+00 7.959855e-01 0.000000e+00
5.120000e+00 8.595059e-01 0.000000e+00
5.120000e+00 9.280954e-01 0.000000e+00
5.120000e+00 1.002158e+00 0.000000e+00
5.120000e+00 1.082132e+00 0.000000e+00
5.120000e+00 1.168487e+00 0.000000e+00
5.120000e+00 1.261733e+00 0.000000e+00
5.120000e+00 1.362421e+00 0.000000e+00
5.120000e+00 1.471144e+00 0.000000e+00
5.120000e+00 1.588542e+00 0.000000e+00
5.120000e+00 1.715310e+00 0.000000e+00
5.120000e+00 1.852193e+00 0.000000e+00
5.120000e+00 2.000000e+00 0.000000e+00
5.242400e+00 1.000000e-03 0.000000e+00
5.242400e+00 1.079801e-03 0.000000e+00
5.242400e+00 1.165970e-03 0.000000e+00
5.242400e+00 1.259016e-03 0.000000e+00
5.242400e+00 1.359487e-03 0.000000e+00
5.242400e+00 1.467975e-03 0.000000e+00
5.242400e+00 1.585121e-03 0.000000e+00
5.242400e+00 1.711615e-03 0.000000e+00
5.242400e+00 1.848204e-03 0.000000e+00
5.242400e+00 1.995693e-03 0.000000e+00
5.242400e+00 2.154951e-03 0.000000e+00
5.242400e+00 2.326918e-03 0.000000e+00
5.242400e+00 2.512609e-03 0.000000e+00
5.242400e+00 2.713117e-03 0.000000e+00
5.242400e+00 2.929627e-03 0.000000e+00
5.242400e+00 3.163414e-03 0.000000e+00
5.242400e+00 3.415858e-03 0.000000e+00
5.242400e+00 3.688447e-03 0.000000e+00
5.242400e+00 3.982789e-03 0.000000e+00
5.242400e+00 4.300619e-03 0.000000e+00
5.242400e+00 4.643813e-03 0.000000e+00
5.242400e+00 5.014394e-03 0.000000e+00
5.242400e+00 5.414548e-03 0.000000e+00
5.242400e+00 5.846635e-03 0.000000e+00
5.242400e+00 6.313202e-03 0.000000e+00
5.242400e+00 6.817002e-03 0.000000e+00
5.242400e+00 7.361006e-03 0.000000e+00
5.242400e+00 7.948422e-03 0.000000e+00
5.242400e+00 8.582714e-03 0.000000e+00
5.242400e+00 9.267624e-03 0.000000e+00
5.242400e+00 1.000719e-02 0.000000e+00
5.242400e+00 1.080577e-02 0.000000e+00
5.242400e+00 1.166809e-02 0.000000e+00
5.242400e+00 1.259921e-02 0.000000e+00
5.242400e+00 1.360464e-02 0.000000e+00
5.242400e+00 1.469030e-02 0.000000e+00
5.242400e+00 1.586261e-02 0.000000e+00
5.242400e+00 1.712846e-02 0.000000e+00
5.242400e+00 1.849533e-02 0.000000e+00
5.242400e+00 1.997127e-02 0.000000e+00
5.242400e+00 2.156500e-02 0.000000e+00
5.242400e+00 2.328591e-02 0.000000e+00
5.242400e+00 2.514415e-02 0.000000e+00
5.242400e+00 2.715068e-02 0.000000e+00
5.242400e+00 2.931733e-02 0.000000e+00
5.242400e+00 3.165689e-02 0.000000e+00
5.242400e+00 3.418314e-02 0.000000e+00
5.242400e+00 3.691099e-02 0.000000e+00
5.242400e+00 3.985652e-02 0.000000e+00
5.242400e+00 4.303711e-02 0.000000e+00
5.242400e+00 4.647152e-02 0.000000e+00
5.242400e+00 5.017999e-02 0.000000e+00
5.242400e+00 5.418441e-02 0.000000e+00
5.242400e+00 5.850838e-02 0.000000e+00
5.242400e+00 6.317741e-02 0.000000e+00
5.242400e+00 6.821903e-02 0.000000e+00
5.242400e+00 7.366298e-02 0.000000e+00
5.242400e+00 7.954136e-02 0.000000e+00
5.242400e+00 8.588885e-02 0.000000e+00
5.242400e+00 9.274286e-02 0.000000e+00
5.242400e+00 1.001438e-01 0.000000e+00
5.242400e+00 1.081354e-01 0.000000e+00
5.242400e+00 1.167647e-01 0.000000e+00
5.242400e+00 1.260827e-01 0.000000e+00
5.242400e+00 1.361442e-01 0.000000e+00
5.242400e+00 1.470087e-01 0.000000e+00
5.242400e+00 1.587401e-01 0.000000e+00
5.242400e+00 1.714077e-01 0.000000e+00
5.242400e+00 1.850862e-01 0.000000e+00
5.242400e+00 1.998563e-01 0.000000e+00
5.242400e+00 2.158051e-01 0.000000e+00
5.242400e+00 2.330265e-01 0.000000e+00
5.242400e+00 2.516223e-01 0.000000e+00
5.242400e+00 2.717020e-01 0.000000e+00
5.242400e+00 2.933841e-01 0.000000e+00
5.242400e+00 3.167964e-01 0.000000e+00
5.242400e+00 3.420771e-01 0.000000e+00
5.242400e+00 3.693752e-01 0.000000e+00
5.242400e+00 3.988518e-01 0.000000e+00
5.242400e+00 4.306805e-01 0.000000e+00
5.242400e+00 4.650493e-01 0.000000e+00
5.242400e+00 5.021607e-01 0.000000e+00
5.242400e+00 5.422336e-01 0.000000e+00
5.242400e+00 5.855044e-01 0.000000e+00
5.242400e+00 6.322283e-01 0.000000e+00
5.242400e+00 6.826808e-01 0.000000e+00
5.242400e+00 7.371594e-01 0.000000e+00
5.242400e+00 7.959855e-01 0.000000e+00
5.242400e+00 8.595059e-01 0.000000e+00
5.242400e+00 9.280954e-01 0.000000e+00
5.242400e+00 1.002158e+00 0.000000e+00
5.242400e+00 1.082132e+00 0.000000e+00
5.242400e+00 1.168487e+00 0.000000e+00
5.242400e+00 1.261733e+00 0.000000e+00
5.242400e+00 1.362421e+00 0.000000e+00
5.242400e+00 1.471144e+00 0.000000e+00
5.242400e+00 1.588542e+00 0.000000e+00
5.242400e+00 1.715310e+00 0.000000e+00
5.242400e+00 1.852193e+00 0.000000e+00
5.242400e+00 2.000000e+00 0.000000e+00
5.367248e+00 1.000000e-03 0.000000e+00
5.367248e+00 1.079801e-03 0.000000e+00
5.367248e+00 1.165970e-03 0.000000e+00
5.367248e+00 1.259016e-03 0.000000e+00
5.367248e+00 1.359487e-03 0.000000e+00
5.367248e+00 1.467975e-03 0.000000e+00
5.367248e+00 1.585121e-03 0.000000e+00
5.367248e+00 1.711615e-03 0.000000e+00
5.367248e+00 1.848204e-03 0.000000e+00
5.367248e+00 1.995693e-03 0.000000e+00
5.367248e+00 2.154951e-03 0.000000e+00
5.367248e+00 2.326918e-03 0.000000e+00
5.367248e+00 2.512609e-03 0.000000e+00
5.367248e+00 2.713117e-03 0.000000e+00
5.367248e+00 2.929627e-03 0.000000e+00
5.367248e+00 3.163414e-03 0.000000e+00
5.367248e+00 3.415858e-03 0.000000e+00
5.367248e+00 3.688447e-03 0.000000e+00
5.367248e+00 3.982789e-03 0.000000e+00
5.367248e+00 4.300619e-03 0.000000e+00
5.367248e+00 4.643813e-03 0.000000e+00
5.367248e+00 5.014394e-03 0.000000e+00
5.367248e+00 5.414548e-03 0.000000e+00
5.367248e+00 5.846635e-03 0.000000e+00
5.367248e+00 6.313202e-03 0.000000e+00
5.367248e+00 6.817002e-03 0.000000e+00
5.367248e+00 7.361006e-03 0.000000e+00
5.367248e+00 7.948422e-03 0.000000e+00
5.367248e+00 8.582714e-03 0.000000e+00
5.367248e+00 9.267624e-03 0.000000e+00
5.367248e+00 1.000719e-02 0.000000e+00
5.367248e+00 1.080577e-02 0.000000e+00
5.367248e+00 1.166809e-02 0.000000e+00
5.367248e+00 1.259921e-02 0.000000e+00
5.367248e+00 1.360464e-02 0.000000e+00
5.367248e+00 1.469030e-02 0.000000e+00
5.367248e+00 1.586261e-02 0.000000e+00
5.367248e+00 1.712846e-02 0.000000e+00
5.367248e+00 1.849533e-02 0.000000e+00
5.367248e+00 1.997127e-02 0.000000e+00
5.367248e+00 2.156500e-02 0.000000e+00
5.367248e+00 2.328591e-02 0.000000e+00
5.367248e+00 2.514415e-02 0.000000e+00
5.367248e+00 2.715068e-02 0.000000e+00
5.367248e+00 2.931733e-02 0.000000e+00
5.367248e+00 3.165689e-02 0.000000e+00
5.367248e+00 3.418314e-02 0.000000e+00
5.367248e+00 3.691099e-02 0.000000e+00
5.367248e+00 3.985652e-02 0.000000e+00
5.367248e+00 4.303711e-02 0.000000e+00
5.367248e+00 4.647152e-02 0.000000e+00
5.367248e+00 5.017999e-02 0.000000e+00
5.367248e+00 5.418441e-02 0.000000e+00
5.367248e+00 5.850838e-02 0.000000e+00
5.367248e+00 6.317741e-02 0.000000e+00
5.367248e+00 6.821903e-02 0.000000e+00
5.367248e+00 7.366298e-02 0.000000e+00
5.367248e+00 7.954136e-02 0.000000e+00
5.367248e+00 8.588885e-02 0.000000e+00
5.367248e+00 9.274286e-02 0.000000e+00
5.367248e+00 1.001438e-01 0.000000e+00
5.367248e+00 1.081354e-01 0.000000e+00
5.367248e+00 1.167647e-01 0.000000e+00
5.367248e+00 1.260827e-01 0.000000e+00
5.367248e+00 1.361442e-01 0.000000e+00
5.367248e+00 1.470087e-01 0.000000e+00
5.367248e+00 1.587401e-01 0.000000e+00
5.367248e+00 1.714077e-01 0.000000e+00
5.367248e+00 1.850862e-01 0.000000e+00
5.367248e+00 1.998563e-01 0.000000e+00
5.367248e+00 2.158051e-01 0.000000e+00
5.367248e+00 2.330265e-01 0.000000e+00
5.367248e+00 2.516223e-01 0.000000e+00
5.367248e+00 2.717020e-01 0.000000e+00
5.367248e+00 2.933841e-01 0.000000e+00
5.367248e+00 3.167964e-01 0.000000e+00
5.367248e+00 3.420771e-01 0.000000e+00
5.367248e+00 3.693752e-01 0.000000e+00
5.367248e+00 3.988518e-01 0.000000e+00
5.367248e+00 4.306805e-01 0.000000e+00
5.367248e+00 4.650493e-01 0.000000e+00
5.367248e+00 5.021607e-01 0.000000e+00
5.367248e+00 5.422336e-01 0.000000e+00
5.367248e+00 5.855044e-01 0.000000e+00
5.367248e+00 6.322283e-01 0.000000e+00
5.367248e+00 6.826808e-01 0.000000e+00
5.367248e+00 7.371594e-01 0.000000e+00
5.367248e+00 7.959855e-01 0.000000e+00
5.367248e+00 8.595059e-01 0.000000e+00
5.367248e+00 9.280954e-01 0.000000e+00
5.367248e+00 1.002158e+00 0.000000e+00
5.367248e+00 1.082132e+00 0.000000e+00
5.367248e+00 1.168487e+00 0.000000e+00
5.367248e+00 1.261733e+00 0.000000e+00
5.367248e+00 1.362421e+00 0.000000e+00
5.367248e+00 1.471144e+00 0.000000e+00
5.367248e+00 1.588542e+00 0.000000e+00
5.367248e+00 1.715310e+00 0.000000e+00
5.367248e+00 1.852193e+00 0.000000e+00
5.367248e+00 2.000000e+00 0.000000e+00
5.494593e+00 1.000000e-03 0.000000e+00
5.494593e+00 1.079801e-03 0.000000e+00
5.494593e+00 1.165970e-03 0.000000e+00
5.494593e+00 1.259016e-03 0.000000e+00
5.494593e+00 1.359487e-03 0.000000e+00
5.494593e+00 1.467975e-03 0.000000e+00
5.494593e+00 1.585121e-03 0.000000e+00
5.494593e+00 1.711615e-03 0.000000e+00
5.494593e+00 1.848204e-03 0.000000e+00
5.494593e+00 1.995693e-03 0.000000e+00
5.494593e+00 2.154951e-03 0.000000e+00
5.494593e+00 2.326918e-03 0.000000e+00
5.494593e+00 2.512609e-03 0.000000e+00
5.494593e+00 2.713117e-03 0.000000e+00
5.494593e+00 2.929627e-03 0.000000e+00
5.494593e+00 3.163414e-03 0.000000e+00
5.494593e+00 3.415858e-03 0.000000e+00
5.494593e+00 3.688447e-03 0.000000e+00
5.494593e+00 3.982789e-03 0.000000e+00
5.494593e+00 4.300619e-03 0.000000e+00
5.494593e+00 4.643813e-03 0.000000e+00
5.494593e+00 5.014394e-03 0.000000e+00
5.494593e+00 5.414548e-03 0.000000e+00
5.494593e+00 5.846635e-03 0.000000e+00
5.494593e+00 6.313202e-03 0.000000e+00
5.494593e+00 6.817002e-03 0.000000e+00
5.494593e+00 7.361006e-03 0.000000e+00
5.494593e+00 7.948422e-03 0.000000e+00
5.494593e+00 8.582714e-03 0.000000e+00
5.494593e+00 9.267624e-03 0.000000e+00
5.494593e+00 1.000719e-02 0.000000e+00
5.494593e+00 1.080577e-02 0.000000e+00
5.494593e+00 1.166809e-02 0.000000e+00
5.494593e+00 1.259921e-02 0.000000e+00
5.494593e+00 1.360464e-02 0.000000e+00
5.494593e+00 1.469030e-02 0.000000e+00
5.494593e+00 1.586261e-02 0.000000e+00
5.494593e+00 1.712846e-02 0.000000e+00
5.494593e+00 1.849533e-02 0.000000e+00
5.494593e+00 1.997127e-02 0.000000e+00
5.494593e+00 2.156500e-02 0.000000e+00
5.494593e+00 2.328591e-02 0.000000e+00
5.494593e+00 2.514415e-02 0.000000e+00
5.494593e+00 2.715068e-02 0.000000e+00
5.494593e+00 2.931733e-02 0.000000e+00
5.494593e+00 3.165689e-02 0.000000e+00
5.494593e+00 3.418314e-02 0.000000e+00
5.494593e+00 3.691099e-02 0.000000e+00
5.494593e+00 3.985652e-02 0.000000e+00
5.494593e+00 4.303711e-02 0.000000e+00
5.494593e+00 4.647152e-02 0.000000e+00
5.494593e+00 5.017999e-02 0.000000e+00
5.494593e+00 5.418441e-02 0.000000e+00
5.494593e+00 5.850838e-02 0.000000e+00
5.494593e+00 6.317741e-02 0.000000e+00
5.494593e+00 6.821903e-02 0.000000e+00
5.494593e+00 7.366298e-02 0.000000e+00
5.494593e+00 7.954136e-02 0.000000e+00
5.494593e+00 8.588885e-02 0.000000e+00
5.494593e+00 9.274286e-02 0.000000e+00
5.494593e+00 1.001438e-01 0.000000e+00
5.494593e+00 1.081354e-01 0.000000e+00
5.494593e+00 1.167647e-01 0.000000e+00
5.494593e+00 1.260827e-01 0.000000e+00
5.494593e+00 1.361442e-01 0.000000e+00
5.494593e+00 1.470087e-01 0.000000e+00
5.494593e+00 1.587401e-01 0.000000e+00
5.494593e+00 1.714077e-01 0.000000e+00
5.494593e+00 1.850862e-01 0.000000e+00
5.494593e+00 1.998563e-01 0.000000e+00
5.494593e+00 2.158051e-01 0.000000e+00
5.494593e+00 2.330265e-01 0.000000e+00
5.494593e+00 2.516223e-01 0.000000e+00
5.494593e+00 2.717020e-01 0.000000e+00
5.494593e+00 2.933841e-01 0.000000e+00
5.494593e+00 3.167964e-01 0.000000e+00
5.494593e+00 3.420771e-01 0.000000e+00
5.494593e+00 3.693752e-01 0.000000e+00
5.494593e+00 3.988518e-01 0.000000e+00
5.494593e+00 4.306805e-01 0.000000e+00
5.494593e+00 4.650493e-01 0.000000e+00
5.494593e+00 5.021607e-01 0.000000e+00
5.494593e+00 5.422336e-01 0.000000e+00
5.494593e+00 5.855044e-01 0.000000e+00
5.494593e+00 6.322283e-01 0.000000e+00
5.494593e+00 6.826808e-01 0.000000e+00
5.494593e+00 7.371594e-01 0.000000e+00
5.494593e+00 7.959855e-01 0.000000e+00
5.494593e+00 8.595059e-01 0.000000e+00
5.494593e+00 9.280954e-01 0.000000e+00
5.494593e+00 1.002158e+00 0.000000e+00
5.494593e+00 1.082132e+00 0.000000e+00
5.494593e+00 1.168487e+00 0.000000e+00
5.494593e+00 1.261733e+00 0.000000e+00
5.494593e+00 1.362421e+00 0.000000e+00
5.494593e+00 1.471144e+00 0.000000e+00
5.494593e+00 1.588542e+00 0.000000e+00
5.494593e+00 1.715310e+00 0.000000e+00
5.494593e+00 1.852193e+00 0.000000e+00
5.494593e+00 2.000000e+00 0.000000e+00
5.624485e+00 1.000000e-03 0.000000e+00
5.624485e+00 1.079801e-03 0.000000e+00
5.624485e+00 1.165970e-03 0.000000e+00
5.624485e+00 1.259016e-03 0.000000e+00
5.624485e+00 1.359487e-03 0.000000e+00
5.624485e+00 1.467975e-03 0.000000e+00
5.624485e+00 1.585121e-03 0.000000e+00
5.624485e+00 1.711615e-03 0.000000e+00
5.624485e+00 1.848204e-03 0.000000e+00
5.624485e+00 1.995693e-03 0.000000e+00
5.624485e+00 2.154951e-03 0.000000e+00
5.624485e+00 2.326918e-03 0.000000e+00
5.624485e+00 2.512609e-03 0.000000e+00
5.624485e+00 2.713117e-03 0.000000e+00
5.624485e+00 2.929627e-03 0.000000e+00
5.624485e+00 3.163414e-03 0.000000e+00
5.624485e+00 3.415858e-03 0.000000e+00
5.624485e+00 3.688447e-03 0.000000e+00
5.624485e+00 3.982789e-03 0.000000e+00
5.624485e+00 4.300619e-03 0.000000e+00
5.624485e+00 4.643813e-03 0.000000e+00
5.624485e+00 5.014394e-03 0.000000e+00
5.624485e+00 5.414548e-03 0.000000e+00
5.624485e+00 5.846635e-03 0.000000e+00
5.624485e+00 6.313202e-03 0.000000e+00
5.624485e+00 6.817002e-03 0.000000e+00
5.624485e+00 7.361006e-03 0.000000e+00
5.624485e+00 7.948422e-03 0.000000e+00
5.624485e+00 8.582714e-03 0.000000e+00
5.624485e+00 9.267624e-03 0.000000e+00
5.624485e+00 1.000719e-02 0.000000e+00
5.624485e+00 1.080577e-02 0.000000e+00
5.624485e+00 1.166809e-02 0.000000e+00
5.624485e+00 1.259921e-02 0.000000e+00
5.624485e+00 1.360464e-02 0.000000e+00
5.624485e+00 1.469030e-02 0.000000e+00
5.624485e+00 1.586261e-02 0.000000e+00
5.624485e+00 1.712846e-02 0.000000e+00
5.624485e+00 1.849533e-02 0.000000e+00
5.624485e+00 1.997127e-02 0.000000e+00
5.624485e+00 2.156500e-02 0.000000e+00
5.624485e+00 2.328591e-02 0.000000e+00
5.624485e+00 2.514415e-02 0.000000e+00
5.624485e+00 2.715068e-02 0.000000e+00
5.624485e+00 2.931733e-02 0.000000e+00
5.624485e+00 3.165689e-02 0.000000e+00
5.624485e+00 3.418314e-02 0.000000e+00
5.624485e+00 3.691099e-02 0.000000e+00
5.624485e+00 3.985652e-02 0.000000e+00
5.624485e+00 4.303711e-02 0.000000e+00
5.624485e+00 4.647152e-02 0.000000e+00
5.624485e+00 5.017999e-02 0.000000e+00
5.624485e+00 5.418441e-02 0.000000e+00
5.624485e+00 5.850838e-02 0.000000e+00
5.624485e+00 6.317741e-02 0.000000e+00
5.624485e+00 6.821903e-02 0.000000e+00
5.624485e+00 7.366298e-02 0.000000e+00
5.624485e+00 7.954136e-02 0.000000e+00
5.624485e+00 8.588885e-02 0.000000e+00
5.624485e+00 9.274286e-02 0.000000e+00
5.624485e+00 1.001438e-01 0.000000e+00
5.624485e+00 1.081354e-01 0.000000e+00
5.624485e+00 1.167647e-01 0.000000e+00
5.624485e+00 1.260827e-01 0.000000e+00
5.624485e+00 1.361442e-01 0.000000e+00
5.624485e+00 1.470087e-01 0.000000e+00
5.624485e+00 1.587401e-01 0.000000e+00
5.624485e+00 1.714077e-01 0.000000e+00
5.624485e+00 1.850862e-01 0.000000e+00
5.624485e+00 1.998563e-01 0.000000e+00
5.624485e+00 2.158051e-01 0.000000e+00
5.624485e+00 2.330265e-01 0.000000e+00
5.624485e+00 2.516223e-01 0.000000e+00
5.624485e+00 2.717020e-01 0.000000e+00
5.624485e+00 2.933841e-01 0.000000e+00
5.624485e+00 3.167964e-01 0.000000e+00
5.624485e+00 3.420771e-01 0.000000e+00
5.624485e+00 3.693752e-01 0.000000e+00
5.624485e+00 3.988518e-01 0.000000e+00
5.624485e+00 4.306805e-01 0.000000e+00
5.624485e+00 4.650493e-01 0.000000e+00
5.624485e+00 5.021607e-01 0.000000e+00
5.624485e+00 5.422336e-01 0.000000e+00
5.624485e+00 5.855044e-01 0.000000e+00
5.624485e+00 6.322283e-01 0.000000e+00
5.624485e+00 6.826808e-01 0.000000e+00
5.624485e+00 7.371594e-01 0.000000e+00
5.624485e+00 7.959855e-01 0.000000e+00
5.624485e+00 8.595059e-01 0.000000e+00
5.624485e+00 9.280954e-01 0.000000e+00
5.624485e+00 1.002158e+00 0.000000e+00
5.624485e+00 1.082132e+00 0.000000e+00
5.624485e+00 1.168487e+00 0.000000e+00
5.624485e+00 1.261733e+00 0.000000e+00
5.624485e+00 1.362421e+00 0.000000e+00
5.624485e+00 1.471144e+00 0.000000e+00
5.624485e+00 1.588542e+00 0.000000e+00
5.624485e+00 1.715310e+00 0.000000e+00
5.624485e+00 1.852193e+00 0.000000e+00
5.624485e+00 2.000000e+00 0.000000e+00
5.756975e+00 1.000000e-03 0.000000e+00
5.756975e+00 1.079801e-03 0.000000e+00
5.756975e+00 1.165970e-03 0.000000e+00
5.756975e+00 1.259016e-03 0.000000e+00
5.756975e+00 1.359487e-03 0.000000e+00
5.756975e+00 1.467975e-03 0.000000e+00
5.756975e+00 1.585121e-03 0.000000e+00
5.756975e+00 1.711615e-03 0.000000e+00
5.756975e+00 1.848204e-03 0.000000e+00
5.756975e+00 1.995693e-03 0.000000e+00
5.756975e+00 2.154951e-03 0.000000e+00
5.756975e+00 2.326918e-03 0.000000e+00
5.756975e+00 2.512609e-03 0.000000e+00
5.756975e+00 2.713117e-03 0.000000e+00
5.756975e+00 2.929627e-03 0.000000e+00
5.756975e+00 3.163414e-03 0.000000e+00
5.756975e+00 3.415858e-03 0.000000e+00
5.756975e+00 3.688447e-03 0.000000e+00
5.756975e+00 3.982789e-03 0.000000e+00
5.756975e+00 4.300619e-03 0.000000e+00
5.756975e+00 4.643813e-03 0.000000e+00
5.756975e+00 5.014394e-03 0.000000e+00
5.756975e+00 5.414548e-03 0.000000e+00
5.756975e+00 5.846635e-03 0.000000e+00
5.756975e+00 6.313202e-03 0.000000e+00
5.756975e+00 6.817002e-03 0.000000e+00
5.756975e+00 7.361006e-03 0.000000e+00
5.756975e+00 7.948422e-03 0.000000e+00
5.756975e+00 8.582714e-03 0.000000e+00
5.756975e+00 9.267624e-03 0.000000e+00
5.756975e+00 1.000719e-02 0.000000e+00
5.756975e+00 1.080577e-02 0.000000e+00
5.756975e+00 1.166809e-02 0.000000e+00
5.756975e+00 1.259921e-02 0.000000e+00
5.756975e+00 1.360464e-02 0.000000e+00
5.756975e+00 1.469030e-02 0.000000e+00
5.756975e+00 1.586261e-02 0.000000e+00
5.756975e+00 1.712846e-02 0.000000e+00
5.756975e+00 1.849533e-02 0.000000e+00
5.756975e+00 1.997127e-02 0.000000e+00
5.756975e+00 2.156500e-02 0.000000e+00
5.756975e+00 2.328591e-02 0.000000e+00
5.756975e+00 2.514415e-02 0.000000e+00
5.756975e+00 2.715068e-02 0.000000e+00
5.756975e+00 2.931733e-02 0.000000e+00
5.756975e+00 3.165689e-02 0.000000e+00
5.756975e+00 3.418314e-02 0.000000e+00
5.756975e+00 3.691099e-02 0.000000e+00
5.756975e+00 3.985652e-02 0.000000e+00
5.756975e+00 4.303711e-02 0.000000e+00
5.756975e+00 4.647152e-02 0.000000e+00
5.756975e+00 5.017999e-02 0.000000e+00
5.756975e+00 5.418441e-02 0.000000e+00
5.756975e+00 5.850838e-02 0.000000e+00
5.756975e+00 6.317741e-02 0.000000e+00
5.756975e+00 6.821903e-02 0.000000e+00
5.756975e+00 7.366298e-02 0.000000e+00
5.756975e+00 7.954136e-02 0.000000e+00
5.756975e+00 8.588885e-02 0.000000e+00
5.756975e+00 9.274286e-02 0.000000e+00
5.756975e+00 1.001438e-01 0.000000e+00
5.756975e+00 1.081354e-01 0.000000e+00
5.756975e+00 1.167647e-01 0.000000e+00
5.756975e+00 1.260827e-01 0.000000e+00
5.756975e+00 1.361442e-01 0.000000e+00
5.756975e+00 1.470087e-01 0.000000e+00
5.756975e+00 1.587401e-01 0.000000e+00
5.756975e+00 1.714077e-01 0.000000e+00
5.756975e+00 1.850862e-01 0.000000e+00
5.756975e+00 1.998563e-01 0.000000e+00
5.756975e+00 2.158051e-01 0.000000e+00
5.756975e+00 2.330265e-01 0.000000e+00
5.756975e+00 2.516223e-01 0.000000e+00
5.756975e+00 2.717020e-01 0.000000e+00
5.756975e+00 2.933841e-01 0.000000e+00
5.756975e+00 3.167964e-01 0.000000e+00
5.756975e+00 3.420771e-01 0.000000e+00
5.756975e+00 3.693752e-01 0.000000e+00
5.756975e+00 3.988518e-01 0.000000e+00
5.756975e+00 4.306805e-01 0.000000e+00
5.756975e+00 4.650493e-01 0.000000e+00
5.756975e+00 5.021607e-01 0.000000e+00
5.756975e+00 5.422336e-01 0.000000e+00
5.756975e+00 5.855044e-01 0.000000e+00
5.756975e+00 6.322283e-01 0.000000e+00
5.756975e+00 6.826808e-01 0.000000e+00
5.756975e+00 7.371594e-01 0.000000e+00
5.756975e+00 7.959855e-01 0.000000e+00
5.756975e+00 8.595059e-01 0.000000e+00
5.756975e+00 9.280954e-01 0.000000e+00
5.756975e+00 1.002158e+00 0.000000e+00
5.756975e+00 1.082132e+00 0.000000e+00
5.756975e+00 1.168487e+00 0.000000e+00
5.756975e+00 1.261733e+00 0.000000e+00
5.756975e+00 1.362421e+00 0.000000e+00
5.756975e+00 1.471144e+00 0.000000e+00
5.756975e+00 1.588542e+00 0.000000e+00
5.756975e+00 1.715310e+00 0.000000e+00
5.756975e+00 1.852193e+00 0.000000e+00
5.756975e+00 2.000000e+00 0.000000e+00
5.892114e+00 1.000000e-03 0.000000e+00
5.892114e+00 1.079801e-03 0.000000e+00
5.892114e+00 1.165970e-03 0.000000e+00
5.892114e+00 1.259016e-03 0.000000e+00
5.892114e+00 1.359487e-03 0.000000e+00
5.892114e+00 1.467975e-03 0.000000e+00
5.892114e+00 1.585121e-03 0.000000e+00
5.892114e+00 1.711615e-03 0.000000e+00
5.892114e+00 1.848204e-03 0.000000e+00
5.892114e+00 1.995693e-03 0.000000e+00
5.892114e+00 2.154951e-03 0.000000e+00
5.892114e+00 2.326918e-03 0.000000e+00
5.892114e+00 2.512609e-03 0.000000e+00
5.892114e+00 2.713117e-03 0.000000e+00
5.892114e+00 2.929627e-03 0.000000e+00
5.892114e+00 3.163414e-03 0.000000e+00
5.892114e+00 3.415858e-03 0.000000e+00
5.892114e+00 3.688447e-03 0.000000e+00
5.892114e+00 3.982789e-03 0.000000e+00
5.892114e+00 4.300619e-03 0.000000e+00
5.892114e+00 4.643813e-03 0.000000e+00
5.892114e+00 5.014394e-03 0.000000e+00
5.892114e+00 5.414548e-03 0.000000e+00
5.892114e+00 5.846635e-03 0.000000e+00
5.892114e+00 6.313202e-03 0.000000e+00
5.892114e+00 6.817002e-03 0.000000e+00
5.892114e+00 7.361006e-03 0.000000e+00
5.892114e+00 7.948422e-03 0.000000e+00
5.892114e+00 8.582714e-03 0.000000e+00
5.892114e+00 9.267624e-03 0.000000e+00
5.892114e+00 1.000719e-02 0.000000e+00
5.892114e+00 1.080577e-02 0.000000e+00
5.892114e+00 1.166809e-02 0.000000e+00
5.892114e+00 1.259921e-02 0.000000e+00
5.892114e+00 1.360464e-02 0.000000e+00
5.892114e+00 1.469030e-02 0.000000e+00
5.892114e+00 1.586261e-02 0.000000e+00
5.892114e+00 1.712846e-02 0.000000e+00
5.892114e+00 1.849533e-02 0.000000e+00
5.892114e+00 1.997127e-02 0.000000e+00
5.892114e+00 2.156500e-02 0.000000e+00
5.892114e+00 2.328591e-02 0.000000e+00
5.892114e+00 2.514415e-02 0.000000e+00
5.892114e+00 2.715068e-02 0.000000e+00
5.892114e+00 2.931733e-02 0.000000e+00
5.892114e+00 3.165689e-02 0.000000e+00
5.892114e+00 3.418314e-02 0.000000e+00
5.892114e+00 3.691099e-02 0.000000e+00
5.892114e+00 3.985652e-02 0.000000e+00
5.892114e+00 4.303711e-02 0.000000e+00
5.892114e+00 4.647152e-02 0.000000e+00
5.892114e+00 5.017999e-02 0.000000e+00
5.892114e+00 5.418441e-02 0.000000e+00
5.892114e+00 5.850838e-02 0.000000e+00
5.892114e+00 6.317741e-02 0.000000e+00
5.892114e+00 6.821903e-02 0.000000e+00
5.892114e+00 7.366298e-02 0.000000e+00
5.892114e+00 7.954136e-02 0.000000e+00
5.892114e+00 8.588885e-02 0.000000e+00
5.892114e+00 9.274286e-02 0.000000e+00
5.892114e+00 1.001438e-01 0.000000e+00
5.892114e+00 1.081354e-01 0.000000e+00
5.892114e+00 1.167647e-01 0.000000e+00
5.892114e+00 1.260827e-01 0.000000e+00
5.892114e+00 1.361442e-01 0.000000e+00
5.892114e+00 1.470087e-01 0.000000e+00
5.892114e+00 1.587401e-01 0.000000e+00
5.892114e+00 1.714077e-01 0.000000e+00
5.892114e+00 1.850862e-01 0.000000e+00
5.892114e+00 1.998563e-01 0.000000e+00
5.892114e+00 2.158051e-01 0.000000e+00
5.892114e+00 2.330265e-01 0.000000e+00
5.892114e+00 2.516223e-01 0.000000e+00
5.892114e+00 2.717020e-01 0.000000e+00
5.892114e+00 2.933841e-01 0.000000e+00
5.892114e+00 3.167964e-01 0.000000e+00
5.892114e+00 3.420771e-01 0.000000e+00
5.892114e+00 3.693752e-01 0.000000e+00
5.892114e+00 3.988518e-01 0.000000e+00
5.892114e+00 4.306805e-01 0.000000e+00
5.892114e+00 4.650493e-01 0.000000e+00
5.892114e+00 5.021607e-01 0.000000e+00
5.892114e+00 5.422336e-01 0.000000e+00
5.892114e+00 5.855044e-01 0.000000e+00
5.892114e+00 6.322283e-01 0.000000e+00
5.892114e+00 6.826808e-01 0.000000e+00
5.892114e+00 7.371594e-01 0.000000e+00
5.892114e+00 7.959855e-01 0.000000e+00
5.892114e+00 8.595059e-01 0.000000e+00
5.892114e+00 9.280954e-01 0.000000e+00
5.892114e+00 1.002158e+00 0.000000e+00
5.892114e+00 1.082132e+00 0.000000e+00
5.892114e+00 1.168487e+00 0.000000e+00
5.892114e+00 1.261733e+00 0.000000e+00
5.892114e+00 1.362421e+00 0.000000e+00
5.892114e+00 1.471144e+00 0.000000e+00
5.892114e+00 1.588542e+00 0.000000e+00
5.892114e+00 1.715310e+00 0.000000e+00
5.892114e+00 1.852193e+00 0.000000e+00
5.892114e+00 2.000000e+00 0.000000e+00
6.029956e+00 1.000000e-03 0.000000e+00
6.029956e+00 1.079801e-03 0.000000e+00
6.029956e+00 1.165970e-03 0.000000e+00
6.029956e+00 1.259016e-03 0.000000e+00
6.029956e+00 1.359487e-03 0.000000e+00
6.029956e+00 1.467975e-03 0.000000e+00
6.029956e+00 1.585121e-03 0.000000e+00
6.029956e+00 1.711615e-03 0.000000e+00
6.029956e+00 1.848204e-03 0.000000e+00
6.029956e+00 1.995693e-03 0.000000e+00
6.029956e+00 2.154951e-03 0.000000e+00
6.029956e+00 2.326918e-03 0.000000e+00
6.029956e+00 2.512609e-03 0.000000e+00
6.029956e+00 2.713117e-03 0.000000e+00
6.029956e+00 2.929627e-03 0.000000e+00
6.029956e+00 3.163414e-03 0.000000e+00
6.029956e+00 3.415858e-03 0.000000e+00
6.029956e+00 3.688447e-03 0.000000e+00
6.029956e+00 3.982789e-03 0.000000e+00
6.029956e+00 4.300619e-03 0.000000e+00
6.029956e+00 4.643813e-03 0.000000e+00
6.029956e+00 5.014394e-03 0.000000e+00
6.029956e+00 5.414548e-03 0.000000e+00
6.029956e+00 5.846635e-03 0.000000e+00
6.029956e+00 6.313202e-03 0.000000e+00
6.029956e+00 6.817002e-03 0.000000e+00
6.029956e+00 7.361006e-03 0.000000e+00
6.029956e+00 7.948422e-03 0.000000e+00
6.029956e+00 8.582714e-03 0.000000e+00
6.029956e+00 9.267624e-03 0.000000e+00
6.029956e+00 1.000719e-02 0.000000e+00
6.029956e+00 1.080577e-02 0.000000e+00
6.029956e+00 1.166809e-02 0.000000e+00
6.029956e+00 1.259921e-02 0.000000e+00
6.029956e+00 1.360464e-02 0.000000e+00
6.029956e+00 1.469030e-02 0.000000e+00
6.029956e+00 1.586261e-02 0.000000e+00
6.029956e+00 1.712846e-02 0.000000e+00
6.029956e+00 1.849533e-02 0.000000e+00
6.029956e+00 1.997127e-02 0.000000e+00
6.029956e+00 2.156500e-02 0.000000e+00
6.029956e+00 2.328591e-02 0.000000e+00
6.029956e+00 2.514415e-02 0.000000e+00
6.029956e+00 2.715068e-02 0.000000e+00
6.029956e+00 2.931733e-02 0.000000e+00
6.029956e+00 3.165689e-02 0.000000e+00
6.029956e+00 3.418314e-02 0.000000e+00
6.029956e+00 3.691099e-02 0.000000e+00
6.029956e+00 3.985652e-02 0.000000e+00
6.029956e+00 4.303711e-02 0.000000e+00
6.029956e+00 4.647152e-02 0.000000e+00
6.029956e+00 5.017999e-02 0.000000e+00
6.029956e+00 5.418441e-02 0.000000e+00
6.029956e+00 5.850838e-02 0.000000e+00
6.029956e+00 6.317741e-02 0.000000e+00
6.029956e+00 6.821903e-02 0.000000e+00
6.029956e+00 7.366298e-02 0.000000e+00
6.029956e+00 7.954136e-02 0.000000e+00
6.029956e+00 8.588885e-02 0.000000e+00
6.029956e+00 9.274286e-02 0.000000e+00
6.029956e+00 1.001438e-01 0.000000e+00
6.029956e+00 1.081354e-01 0.000000e+00
6.029956e+00 1.167647e-01 0.000000e+00
6.029956e+00 1.260827e-01 0.000000e+00
6.029956e+00 1.361442e-01 0.000000e+00
6.029956e+00 1.470087e-01 0.000000e+00
6.029956e+00 1.587401e-01 0.000000e+00
6.029956e+00 1.714077e-01 0.000000e+00
6.029956e+00 1.850862e-01 0.000000e+00
6.029956e+00 1.998563e-01 0.000000e+00
6.029956e+00 2.158051e-01 0.000000e+00
6.029956e+00 2.330265e-01 0.000000e+00
6.029956e+00 2.516223e-01 0.000000e+00
6.029956e+00 2.717020e-01 0.000000e+00
6.029956e+00 2.933841e-01 0.000000e+00
6.029956e+00 3.167964e-01 0.000000e+00
6.029956e+00 3.420771e-01 0.000000e+00
6.029956e+00 3.693752e-01 0.000000e+00
6.029956e+00 3.988518e-01 0.000000e+00
6.029956e+00 4.306805e-01 0.000000e+00
6.029956e+00 4.650493e-01 0.000000e+00
6.029956e+00 5.021607e-01 0.000000e+00
6.029956e+00 5.422336e-01 0.000000e+00
6.029956e+00 5.855044e-01 0.000000e+00
6.029956e+00 6.322283e-01 0.000000e+00
6.029956e+00 6.826808e-01 0.000000e+00
6.029956e+00 7.371594e-01 0.000000e+00
6.029956e+00 7.959855e-01 0.000000e+00
6.029956e+00 8.595059e-01 0.000000e+00
6.029956e+00 9.280954e-01 0.000000e+00
6.029956e+00 1.002158e+00 0.000000e+00
6.029956e+00 1.082132e+00 0.000000e+00
6.029956e+00 1.168487e+00 0.000000e+00
6.029956e+00 1.261733e+00 0.000000e+00
6.029956e+00 1.362421e+00 0.000000e+00
6.029956e+00 1.471144e+00 0.000000e+00
6.029956e+00 1.588542e+00 0.000000e+00
6.029956e+00 1.715310e+00 0.000000e+00
6.029956e+00 1.852193e+00 0.000000e+00
6.029956e+00 2.000000e+00 0.000000e+00
6.170555e+00 1.000000e-03 0.000000e+00
6.170555e+00 1.079801e-03 0.000000e+00
6.170555e+00 1.165970e-03 0.000000e+00
6.170555e+00 1.259016e-03 0.000000e+00
6.170555e+00 1.359487e-03 0.000000e+00
6.170555e+00 1.467975e-03 0.000000e+00
6.170555e+00 1.585121e-03 0.000000e+00
6.170555e+00 1.711615e-03 0.000000e+00
6.170555e+00 1.848204e-03 0.000000e+00
6.170555e+00 1.995693e-03 0.000000e+00
6.170555e+00 2.154951e-03 0.000000e+00
6.170555e+00 2.326918e-03 0.000000e+00
6.170555e+00 2.512609e-03 0.000000e+00
6.170555e+00 2.713117e-03 0.000000e+00
6.170555e+00 2.929627e-03 0.000000e+00
6.170555e+00 3.163414e-03 0.000000e+00
6.170555e+00 3.415858e-03 0.000000e+00
6.170555e+00 3.688447e-03 0.000000e+00
6.170555e+00 3.982789e-03 0.000000e+00
6.170555e+00 4.300619e-03 0.000000e+00
6.170555e+00 4.643813e-03 0.000000e+00
6.170555e+00 5.014394e-03 0.000000e+00
6.170555e+00 5.414548e-03 0.000000e+00
6.170555e+00 5.846635e-03 0.000000e+00
6.170555e+00 6.313202e-03 0.000000e+00
6.170555e+00 6.817002e-03 0.000000e+00
6.170555e+00 7.361006e-03 0.000000e+00
6.170555e+00 7.948422e-03 0.000000e+00
6.170555e+00 8.582714e-03 0.000000e+00
6.170555e+00 9.267624e-03 0.000000e+00
6.170555e+00 1.000719e-02 0.000000e+00
6.170555e+00 1.080577e-02 0.000000e+00
6.170555e+00 1.166809e-02 0.000000e+00
6.170555e+00 1.259921e-02 0.000000e+00
6.170555e+00 1.360464e-02 0.000000e+00
6.170555e+00 1.469030e-02 0.000000e+00
6.170555e+00 1.586261e-02 0.000000e+00
6.170555e+00 1.712846e-02 0.000000e+00
6.170555e+00 1.849533e-02 0.000000e+00
6.170555e+00 1.997127e-02 0.000000e+00
6.170555e+00 2.156500e-02 0.000000e+00
6.170555e+00 2.328591e-02 0.000000e+00
6.170555e+00 2.514415e-02 0.000000e+00
6.170555e+00 2.715068e-02 0.000000e+00
6.170555e+00 2.931733e-02 0.000000e+00
6.170555e+00 3.165689e-02 0.000000e+00
6.170555e+00 3.418314e-02 0.000000e+00
6.170555e+00 3.691099e-02 0.000000e+00
6.170555e+00 3.985652e-02 0.000000e+00
6.170555e+00 4.303711e-02 0.000000e+00
6.170555e+00 4.647152e-02 0.000000e+00
6.170555e+00 5.017999e-02 0.000000e+00
6.170555e+00 5.418441e-02 0.000000e+00
6.170555e+00 5.850838e-02 0.000000e+00
6.170555e+00 6.317741e-02 0.000000e+00
6.170555e+00 6.821903e-02 0.000000e+00
6.170555e+00 7.366298e-02 0.000000e+00
6.170555e+00 7.954136e-02 0.000000e+00
6.170555e+00 8.588885e-02 0.000000e+00
6.170555e+00 9.274286e-02 0.000000e+00
6.170555e+00 1.001438e-01 0.000000e+00
6.170555e+00 1.081354e-01 0.000000e+00
6.170555e+00 1.167647e-01 0.000000e+00
6.170555e+00 1.260827e-01 0.000000e+00
6.170555e+00 1.361442e-01 0.000000e+00
6.170555e+00 1.470087e-01 0.000000e+00
6.170555e+00 1.587401e-01 0.000000e+00
6.170555e+00 1.714077e-01 0.000000e+00
6.170555e+00 1.850862e-01 0.000000e+00
6.170555e+00 1.998563e-01 0.000000e+00
6.170555e+00 2.158051e-01 0.000000e+00
6.170555e+00 2.330265e-01 0.000000e+00
6.170555e+00 2.516223e-01 0.000000e+00
6.170555e+00 2.717020e-01 0.000000e+00
6.170555e+00 2.933841e-01 0.000000e+00
6.170555e+00 3.167964e-01 0.000000e+00
6.170555e+00 3.420771e-01 0.000000e+00
6.170555e+00 3.693752e-01 0.000000e+00
6.170555e+00 3.988518e-01 0.000000e+00
6.170555e+00 4.306805e-01 0.000000e+00
6.170555e+00 4.650493e-01 0.000000e+00
6.170555e+00 5.021607e-01 0.000000e+00
6.170555e+00 5.422336e-01 0.000000e+00
6.170555e+00 5.855044e-01 0.000000e+00
6.170555e+00 6.322283e-01 0.000000e+00
6.170555e+00 6.826808e-01 0.000000e+00
6.170555e+00 7.371594e-01 0.000000e+00
6.170555e+00 7.959855e-01 0.000000e+00
6.170555e+00 8.595059e-01 0.000000e+00
6.170555e+00 9.280954e-01 0.000000e+00
6.170555e+00 1.002158e+00 0.000000e+00
6.170555e+00 1.082132e+00 0.000000e+00
6.170555e+00 1.168487e+00 0.000000e+00
6.170555e+00 1.261733e+00 0.000000e+00
6.170555e+00 1.362421e+00 0.000000e+00
6.170555e+00 1.471144e+00 0.000000e+00
6.170555e+00 1.588542e+00 0.000000e+00
6.170555e+00 1.715310e+00 0.000000e+00
6.170555e+00 1.852193e+00 0.000000e+00
6.170555e+00 2.000000e+00 0.000000e+00
6.313967e+00 1.000000e-03 0.000000e+00
6.313967e+00 1.079801e-03 0.000000e+00
6.313967e+00 1.165970e-03 0.000000e+00
6.313967e+00 1.259016e-03 0.000000e+00
6.313967e+00 1.359487e-03 0.000000e+00
6.313967e+00 1.467975e-03 0.000000e+00
6.313967e+00 1.585121e-03 0.000000e+00
6.313967e+00 1.711615e-03 0.000000e+00
6.313967e+00 1.848204e-03 0.000000e+00
6.313967e+00 1.995693e-03 0.000000e+00
6.313967e+00 2.154951e-03 0.000000e+00
6.313967e+00 2.326918e-03 0.000000e+00
6.313967e+00 2.512609e-03 0.000000e+00
6.313967e+00 2.713117e-03 0.000000e+00
6.313967e+00 2.929627e-03 0.000000e+00
6.313967e+00 3.163414e-03 0.000000e+00
6.313967e+00 3.415858e-03 0.000000e+00
6.313967e+00 3.688447e-03 0.000000e+00
6.313967e+00 3.982789e-03 0.000000e+00
6.313967e+00 4.300619e-03 0.000000e+00
6.313967e+00 4.643813e-03 0.000000e+00
6.313967e+00 5.014394e-03 0.000000e+00
6.313967e+00 5.414548e-03 0.000000e+00
6.313967e+00 5.846635e-03 0.000000e+00
6.313967e+00 6.313202e-03 0.000000e+00
6.313967e+00 6.817002e-03 0.000000e+00
6.313967e+00 7.361006e-03 0.000000e+00
6.313967e+00 7.948422e-03 0.000000e+00
6.313967e+00 8.582714e-03 0.000000e+00
6.313967e+00 9.267624e-03 0.000000e+00
6.313967e+00 1.000719e-02 0.000000e+00
6.313967e+00 1.080577e-02 0.000000e+00
6.313967e+00 1.166809e-02 0.000000e+00
6.313967e+00 1.259921e-02 0.000000e+00
6.313967e+00 1.360464e-02 0.000000e+00
6.313967e+00 1.469030e-02 0.000000e+00
6.313967e+00 1.586261e-02 0.000000e+00
6.313967e+00 1.712846e-02 0.000000e+00
6.313967e+00 1.849533e-02 0.000000e+00
6.313967e+00 1.997127e-02 0.000000e+00
6.313967e+00 2.156500e-02 0.000000e+00
6.313967e+00 2.328591e-02 0.000000e+00
6.313967e+00 2.514415e-02 0.000000e+00
6.313967e+00 2.715068e-02 0.000000e+00
6.313967e+00 2.931733e-02 0.000000e+00
6.313967e+00 3.165689e-02 0.000000e+00
6.313967e+00 3.418314e-02 0.000000e+00
6.313967e+00 3.691099e-02 0.000000e+00
6.313967e+00 3.985652e-02 0.000000e+00
6.313967e+00 4.303711e-02 0.000000e+00
6.313967e+00 4.647152e-02 0.000000e+00
6.313967e+00 5.017999e-02 0.000000e+00
6.313967e+00 5.418441e-02 0.000000e+00
6.313967e+00 5.850838e-02 0.000000e+00
6.313967e+00 6.317741e-02 0.000000e+00
6.313967e+00 6.821903e-02 0.000000e+00
6.313967e+00 7.366298e-02 0.000000e+00
6.313967e+00 7.954136e-02 0.000000e+00
6.313967e+00 8.588885e-02 0.000000e+00
6.313967e+00 9.274286e-02 0.000000e+00
6.313967e+00 1.001438e-01 0.000000e+00
6.313967e+00 1.081354e-01 0.000000e+00
6.313967e+00 1.167647e-01 0.000000e+00
6.313967e+00 1.260827e-01 0.000000e+00
6.313967e+00 1.361442e-01 0.000000e+00
6.313967e+00 1.470087e-01 0.000000e+00
6.313967e+00 1.587401e-01 0.000000e+00
6.313967e+00 1.714077e-01 0.000000e+00
6.313967e+00 1.850862e-01 0.000000e+00
6.313967e+00 1.998563e-01 0.000000e+00
6.313967e+00 2.158051e-01 0.000000e+00
6.313967e+00 2.330265e-01 0.000000e+00
6.313967e+00 2.516223e-01 0.000000e+00
6.313967e+00 2.717020e-01 0.000000e+00
6.313967e+00 2.933841e-01 0.000000e+00
6.313967e+00 3.167964e-01 0.000000e+00
6.313967e+00 3.420771e-01 0.000000e+00
6.313967e+00 3.693752e-01 0.000000e+00
6.313967e+00 3.988518e-01 0.000000e+00
6.313967e+00 4.306805e-01 0.000000e+00
6.313967e+00 4.650493e-01 0.000000e+00
6.313967e+00 5.021607e-01 0.000000e+00
6.313967e+00 5.422336e-01 0.000000e+00
6.313967e+00 5.855044e-01 0.000000e+00
6.313967e+00 6.322283e-01 0.000000e+00
6.313967e+00 6.826808e-01 0.000000e+00
6.313967e+00 7.371594e-01 0.000000e+00
6.313967e+00 7.959855e-01 0.000000e+00
6.313967e+00 8.595059e-01 0.000000e+00
6.313967e+00 9.280954e-01 0.000000e+00
6.313967e+00 1.002158e+00 0.000000e+00
6.313967e+00 1.082132e+00 0.000000e+00
6.313967e+00 1.168487e+00 0.000000e+00
6.313967e+00 1.261733e+00 0.000000e+00
6.313967e+00 1.362421e+00 0.000000e+00
6.313967e+00 1.471144e+00 0.000000e+00
6.313967e+00 1.588542e+00 0.000000e+00
6.313967e+00 1.715310e+00 0.000000e+00
6.313967e+00 1.852193e+00 0.000000e+00
6.313967e+00 2.000000e+00 0.000000e+00
6.460246e+00 1.000000e-03 0.000000e+00
6.460246e+00 1.079801e-03 0.000000e+00
6.460246e+00 1.165970e-03 0.000000e+00
6.460246e+00 1.259016e-03 0.000000e+00
6.460246e+00 1.359487e-03 0.000000e+00
6.460246e+00 1.467975e-03 0.000000e+00
6.460246e+00 1.585121e-03 0.000000e+00
6.460246e+00 1.711615e-03 0.000000e+00
6.460246e+00 1.848204e-03 0.000000e+00
6.460246e+00 1.995693e-03 0.000000e+00
6.460246e+00 2.154951e-03 0.000000e+00
6.460246e+00 2.326918e-03 0.000000e+00
6.460246e+00 2.512609e-03 0.000000e+00
6.460246e+00 2.713117e-03 0.000000e+00
6.460246e+00 2.929627e-03 0.000000e+00
6.460246e+00 3.163414e-03 0.000000e+00
6.460246e+00 3.415858e-03 0.000000e+00
6.460246e+00 3.688447e-03 0.000000e+00
6.460246e+00 3.982789e-03 0.000000e+00
6.460246e+00 4.300619e-03 0.000000e+00
6.460246e+00 4.643813e-03 0.000000e+00
6.460246e+00 5.014394e-03 0.000000e+00
6.460246e+00 5.414548e-03 0.000000e+00
6.460246e+00 5.846635e-03 0.000000e+00
6.460246e+00 6.313202e-03 0.000000e+00
6.460246e+00 6.817002e-03 0.000000e+00
6.460246e+00 7.361006e-03 0.000000e+00
6.460246e+00 7.948422e-03 0.000000e+00
6.460246e+00 8.582714e-03 0.000000e+00
6.460246e+00 9.267624e-03 0.000000e+00
6.460246e+00 1.000719e-02 0.000000e+00
6.460246e+00 1.080577e-02 0.000000e+00
6.460246e+00 1.166809e-02 0.000000e+00
6.460246e+00 1.259921e-02 0.000000e+00
6.460246e+00 1.360464e-02 0.000000e+00
6.460246e+00 1.469030e-02 0.000000e+00
6.460246e+00 1.586261e-02 0.000000e+00
6.460246e+00 1.712846e-02 0.000000e+00
6.460246e+00 1.849533e-02 0.000000e+00
6.460246e+00 1.997127e-02 0.000000e+00
6.460246e+00 2.156500e-02 0.000000e+00
6.460246e+00 2.328591e-02 0.000000e+00
6.460246e+00 2.514415e-02 0.000000e+00
6.460246e+00 2.715068e-02 0.000000e+00
6.460246e+00 2.931733e-02 0.000000e+00
6.460246e+00 3.165689e-02 0.000000e+00
6.460246e+00 3.418314e-02 0.000000e+00
6.460246e+00 3.691099e-02 0.000000e+00
6.460246e+00 3.985652e-02 0.000000e+00
6.460246e+00 4.303711e-02 0.000000e+00
6.460246e+00 4.647152e-02 0.000000e+00
6.460246e+00 5.017999e-02 0.000000e+00
6.460246e+00 5.418441e-02 0.000000e+00
6.460246e+00 5.850838e-02 0.000000e+00
6.460246e+00 6.317741e-02 0.000000e+00
6.460246e+00 6.821903e-02 0.000000e+00
6.460246e+00 7.366298e-02 0.000000e+00
6.460246e+00 7.954136e-02 0.000000e+00
6.460246e+00 8.588885e-02 0.000000e+00
6.460246e+00 9.274286e-02 0.000000e+00
6.460246e+00 1.001438e-01 0.000000e+00
6.460246e+00 1.081354e-01 0.000000e+00
6.460246e+00 1.167647e-01 0.000000e+00
6.460246e+00 1.260827e-01 0.000000e+00
6.460246e+00 1.361442e-01 0.000000e+00
6.460246e+00 1.470087e-01 0.000000e+00
6.460246e+00 1.587401e-01 0.000000e+00
6.460246e+00 1.714077e-01 0.000000e+00
6.460246e+00 1.850862e-01 0.000000e+00
6.460246e+00 1.998563e-01 0.000000e+00
6.460246e+00 2.158051e-01 0.000000e+00
6.460246e+00 2.330265e-01 0.000000e+00
6.460246e+00 2.516223e-01 0.000000e+00
6.460246e+00 2.717020e-01 0.000000e+00
6.460246e+00 2.933841e-01 0.000000e+00
6.460246e+00 3.167964e-01 0.000000e+00
6.460246e+00 3.420771e-01 0.000000e+00
6.460246e+00 3.693752e-01 0.000000e+00
6.460246e+00 3.988518e-01 0.000000e+00
6.460246e+00 4.306805e-01 0.000000e+00
6.460246e+00 4.650493e-01 0.000000e+00
6.460246e+00 5.021607e-01 0.000000e+00
6.460246e+00 5.422336e-01 0.000000e+00
6.460246e+00 5.855044e-01 0.000000e+00
6.460246e+00 6.322283e-01 0.000000e+00
6.460246e+00 6.826808e-01 0.000000e+00
6.460246e+00 7.371594e-01 0.000000e+00
6.460246e+00 7.959855e-01 0.000000e+00
6.460246e+00 8.595059e-01 0.000000e+00
6.460246e+00 9.280954e-01 0.000000e+00
6.460246e+00 1.002158e+00 0.000000e+00
6.460246e+00 1.082132e+00 0.000000e+00
6.460246e+00 1.168487e+00 0.000000e+00
6.460246e+00 1.261733e+00 0.000000e+00
6.460246e+00 1.362421e+00 0.000000e+00
6.460246e+00 1.471144e+00 0.000000e+00
6.460246e+00 1.588542e+00 0.000000e+00
6.460246e+00 1.715310e+00 0.000000e+00
6.460246e+00 1.852193e+00 0.000000e+00
6.460246e+00 2.000000e+00 0.000000e+00
6.609451e+00 1.000000e-03 0.000000e+00
6.609451e+00 1.079801e-03 0.000000e+00
6.609451e+00 1.165970e-03 0.000000e+00
6.609451e+00 1.259016e-03 0.000000e+00
6.609451e+00 1.359487e-03 0.000000e+00
6.609451e+00 1.467975e-03 0.000000e+00
6.609451e+00 1.585121e-03 0.000000e+00
6.609451e+00 1.711615e-03 0.000000e+00
6.609451e+00 1.848204e-03 0.000000e+00
6.609451e+00 1.995693e-03 0.000000e+00
6.609451e+00 2.154951e-03 0.000000e+00
6.609451e+00 2.326918e-03 0.000000e+00
6.609451e+00 2.512609e-03 0.000000e+00
6.609451e+00 2.713117e-03 0.000000e+00
6.609451e+00 2.929627e-03 0.000000e+00
6.609451e+00 3.163414e-03 0.000000e+00
6.609451e+00 3.415858e-03 0.000000e+00
6.609451e+00 3.688447e-03 0.000000e+00
6.609451e+00 3.982789e-03 0.000000e+00
6.609451e+00 4.300619e-03 0.000000e+00
6.609451e+00 4.643813e-03 0.000000e+00
6.609451e+00 5.014394e-03 0.000000e+00
6.609451e+00 5.414548e-03 0.000000e+00
6.609451e+00 5.846635e-03 0.000000e+00
6.609451e+00 6.313202e-03 0.000000e+00
6.609451e+00 6.817002e-03 0.000000e+00
6.609451e+00 7.361006e-03 0.000000e+00
6.609451e+00 7.948422e-03 0.000000e+00
6.609451e+00 8.582714e-03 0.000000e+00
6.609451e+00 9.267624e-03 0.000000e+00
6.609451e+00 1.000719e-02 0.000000e+00
6.609451e+00 1.080577e-02 0.000000e+00
6.609451e+00 1.166809e-02 0.000000e+00
6.609451e+00 1.259921e-02 0.000000e+00
6.609451e+00 1.360464e-02 0.000000e+00
6.609451e+00 1.469030e-02 0.000000e+00
6.609451e+00 1.586261e-02 0.000000e+00
6.609451e+00 1.712846e-02 0.000000e+00
6.609451e+00 1.849533e-02 0.000000e+00
6.609451e+00 1.997127e-02 0.000000e+00
6.609451e+00 2.156500e-02 0.000000e+00
6.609451e+00 2.328591e-02 0.000000e+00
6.609451e+00 2.514415e-02 0.000000e+00
6.609451e+00 2.715068e-02 0.000000e+00
6.609451e+00 2.931733e-02 0.000000e+00
6.609451e+00 3.165689e-02 0.000000e+00
6.609451e+00 3.418314e-02 0.000000e+00
6.609451e+00 3.691099e-02 0.000000e+00
6.609451e+00 3.985652e-02 0.000000e+00
6.609451e+00 4.303711e-02 0.000000e+00
6.609451e+00 4.647152e-02 0.000000e+00
6.609451e+00 5.017999e-02 0.000000e+00
6.609451e+00 5.418441e-02 0.000000e+00
6.609451e+00 5.850838e-02 0.000000e+00
6.609451e+00 6.317741e-02 0.000000e+00
6.609451e+00 6.821903e-02 0.000000e+00
6.609451e+00 7.366298e-02 0.000000e+00
6.609451e+00 7.954136e-02 0.000000e+00
6.609451e+00 8.588885e-02 0.000000e+00
6.609451e+00 9.274286e-02 0.000000e+00
6.609451e+00 1.001438e-01 0.000000e+00
6.609451e+00 1.081354e-01 0.000000e+00
6.609451e+00 1.167647e-01 0.000000e+00
6.609451e+00 1.260827e-01 0.000000e+00
6.609451e+00 1.361442e-01 0.000000e+00
6.609451e+00 1.470087e-01 0.000000e+00
6.609451e+00 1.587401e-01 0.000000e+00
6.609451e+00 1.714077e-01 0.000000e+00
6.609451e+00 1.850862e-01 0.000000e+00
6.609451e+00 1.998563e-01 0.000000e+00
6.609451e+00 2.158051e-01 0.000000e+00
6.609451e+00 2.330265e-01 0.000000e+00
6.609451e+00 2.516223e-01 0.000000e+00
6.609451e+00 2.717020e-01 0.000000e+00
6.609451e+00 2.933841e-01 0.000000e+00
6.609451e+00 3.167964e-01 0.000000e+00
6.609451e+00 3.420771e-01 0.000000e+00
6.609451e+00 3.693752e-01 0.000000e+00
6.609451e+00 3.988518e-01 0.000000e+00
6.609451e+00 4.306805e-01 0.000000e+00
6.609451e+00 4.650493e-01 0.000000e+00
6.609451e+00 5.021607e-01 0.000000e+00
6.609451e+00 5.422336e-01 0.000000e+00
6.609451e+00 5.855044e-01 0.000000e+00
6.609451e+00 6.322283e-01 0.000000e+00
6.609451e+00 6.826808e-01 0.000000e+00
6.609451e+00 7.371594e-01 0.000000e+00
6.609451e+00 7.959855e-01 0.000000e+00
6.609451e+00 8.595059e-01 0.000000e+00
6.609451e+00 9.280954e-01 0.000000e+00
6.609451e+00 1.002158e+00 0.000000e+00
6.609451e+00 1.082132e+00 0.000000e+00
6.609451e+00 1.168487e+00 0.000000e+00
6.609451e+00 1.261733e+00 0.000000e+00
6.609451e+00 1.362421e+00 0.000000e+00
6.609451e+00 1.471144e+00 0.000000e+00
6.609451e+00 1.588542e+00 0.000000e+00
6.609451e+00 1.715310e+00 0.000000e+00
6.609451e+00 1.852193e+00 0.000000e+00
6.609451e+00 2.000000e+00 0.000000e+00
6.761640e+00 1.000000e-03 0.000000e+00
6.761640e+00 1.079801e-03 0.000000e+00
6.761640e+00 1.165970e-03 0.000000e+00
6.761640e+00 1.259016e-03 0.000000e+00
6.761640e+00 1.359487e-03 0.000000e+00
6.761640e+00 1.467975e-03 0.000000e+00
6.761640e+00 1.585121e-03 0.000000e+00
6.761640e+00 1.711615e-03 0.000000e+00
6.761640e+00 1.848204e-03 0.000000e+00
6.761640e+00 1.995693e-03 0.000000e+00
6.761640e+00 2.154951e-03 0.000000e+00
6.761640e+00 2.326918e-03 0.000000e+00
6.761640e+00 2.512609e-03 0.000000e+00
6.761640e+00 2.713117e-03 0.000000e+00
6.761640e+00 2.929627e-03 0.000000e+00
6.761640e+00 3.163414e-03 0.000000e+00
6.761640e+00 3.415858e-03 0.000000e+00
6.761640e+00 3.688447e-03 0.000000e+00
6.761640e+00 3.982789e-03 0.000000e+00
6.761640e+00 4.300619e-03 0.000000e+00
6.761640e+00 4.643813e-03 0.000000e+00
6.761640e+00 5.014394e-03 0.000000e+00
6.761640e+00 5.414548e-03 0.000000e+00
6.761640e+00 5.846635e-03 0.000000e+00
6.761640e+00 6.313202e-03 0.000000e+00
6.761640e+00 6.817002e-03 0.000000e+00
6.761640e+00 7.361006e-03 0.000000e+00
6.761640e+00 7.948422e-03 0.000000e+00
6.761640e+00 8.582714e-03 0.000000e+00
6.761640e+00 9.267624e-03 0.000000e+00
6.761640e+00 1.000719e-02 0.000000e+00
6.761640e+00 1.080577e-02 0.000000e+00
6.761640e+00 1.166809e-02 0.000000e+00
6.761640e+00 1.259921e-02 0.000000e+00
6.761640e+00 1.360464e-02 0.000000e+00
6.761640e+00 1.469030e-02 0.000000e+00
6.761640e+00 1.586261e-02 0.000000e+00
6.761640e+00 1.712846e-02 0.000000e+00
6.761640e+00 1.849533e-02 0.000000e+00
6.761640e+00 1.997127e-02 0.000000e+00
6.761640e+00 2.156500e-02 0.000000e+00
6.761640e+00 2.328591e-02 0.000000e+00
6.761640e+00 2.514415e-02 0.000000e+00
6.761640e+00 2.715068e-02 0.000000e+00
6.761640e+00 2.931733e-02 0.000000e+00
6.761640e+00 3.165689e-02 0.000000e+00
6.761640e+00 3.418314e-02 0.000000e+00
6.761640e+00 3.691099e-02 0.000000e+00
6.761640e+00 3.985652e-02 0.000000e+00
6.761640e+00 4.303711e-02 0.000000e+00
6.761640e+00 4.647152e-02 0.000000e+00
6.761640e+00 5.017999e-02 0.000000e+00
6.761640e+00 5.418441e-02 0.000000e+00
6.761640e+00 5.850838e-02 0.000000e+00
6.761640e+00 6.317741e-02 0.000000e+00
6.761640e+00 6.821903e-02 0.000000e+00
6.761640e+00 7.366298e-02 0.000000e+00
6.761640e+00 7.954136e-02 0.000000e+00
6.761640e+00 8.588885e-02 0.000000e+00
6.761640e+00 9.274286e-02 0.000000e+00
6.761640e+00 1.001438e-01 0.000000e+00
6.761640e+00 1.081354e-01 0.000000e+00
6.761640e+00 1.167647e-01 0.000000e+00
6.761640e+00 1.260827e-01 0.000000e+00
6.761640e+00 1.361442e-01 0.000000e+00
6.761640e+00 1.470087e-01 0.000000e+00
6.761640e+00 1.587401e-01 0.000000e+00
6.761640e+00 1.714077e-01 0.000000e+00
6.761640e+00 1.850862e-01 0.000000e+00
6.761640e+00 1.998563e-01 0.000000e+00
6.761640e+00 2.158051e-01 0.000000e+00
6.761640e+00 2.330265e-01 0.000000e+00
6.761640e+00 2.516223e-01 0.000000e+00
6.761640e+00 2.717020e-01 0.000000e+00
6.761640e+00 2.933841e-01 0.000000e+00
6.761640e+00 3.167964e-01 0.000000e+00
6.761640e+00 3.420771e-01 0.000000e+00
6.761640e+00 3.693752e-01 0.000000e+00
6.761640e+00 3.988518e-01 0.000000e+00
6.761640e+00 4.306805e-01 0.000000e+00
6.761640e+00 4.650493e-01 0.000000e+00
6.761640e+00 5.021607e-01 0.000000e+00
6.761640e+00 5.422336e-01 0.000000e+00
6.761640e+00 5.855044e-01 0.000000e+00
6.761640e+00 6.322283e-01 0.000000e+00
6.761640e+00 6.826808e-01 0.000000e+00
6.761640e+00 7.371594e-01 0.000000e+00
6.761640e+00 7.959855e-01 0.000000e+00
6.761640e+00 8.595059e-01 0.000000e+00
6.761640e+00 9.280954e-01 0.000000e+00
6.761640e+00 1.002158e+00 0.000000e+00
6.761640e+00 1.082132e+00 0.000000e+00
6.761640e+00 1.168487e+00 0.000000e+00
6.761640e+00 1.261733e+00 0.000000e+00
6.761640e+00 1.362421e+00 0.000000e+00
6.761640e+00 1.471144e+00 0.000000e+00
6.761640e+00 1.588542e+00 0.000000e+00
6.761640e+00 1.715310e+00 0.000000e+00
6.761640e+00 1.852193e+00 0.000000e+00
6.761640e+00 2.000000e+00 0.000000e+00
6.916873e+00 1.000000e-03 0.000000e+00
6.916873e+00 1.079801e-03 0.000000e+00
6.916873e+00 1.165970e-03 0.000000e+00
6.916873e+00 1.259016e-03 0.000000e+00
6.916873e+00 1.359487e-03 0.000000e+00
6.916873e+00 1.467975e-03 0.000000e+00
6.916873e+00 1.585121e-03 0.000000e+00
6.916873e+00 1.711615e-03 0.000000e+00
6.916873e+00 1.848204e-03 0.000000e+00
6.916873e+00 1.995693e-03 0.000000e+00
6.916873e+00 2.154951e-03 0.000000e+00
6.916873e+00 2.326918e-03 0.000000e+00
6.916873e+00 2.512609e-03 0.000000e+00
6.916873e+00 2.713117e-03 0.000000e+00
6.916873e+00 2.929627e-03 0.000000e+00
6.916873e+00 3.163414e-03 0.000000e+00
6.916873e+00 3.415858e-03 0.000000e+00
6.916873e+00 3.688447e-03 0.000000e+00
6.916873e+00 3.982789e-03 0.000000e+00
6.916873e+00 4.300619e-03 0.000000e+00
6.916873e+00 4.643813e-03 0.000000e+00
6.916873e+00 5.014394e-03 0.000000e+00
6.916873e+00 5.414548e-03 0.000000e+00
6.916873e+00 5.846635e-03 0.000000e+00
6.916873e+00 6.313202e-03 0.000000e+00
6.916873e+00 6.817002e-03 0.000000e+00
6.916873e+00 7.361006e-03 0.000000e+00
6.916873e+00 7.948422e-03 0.000000e+00
6.916873e+00 8.582714e-03 0.000000e+00
6.916873e+00 9.267624e-03 0.000000e+00
6.916873e+00 1.000719e-02 0.000000e+00
6.916873e+00 1.080577e-02 0.000000e+00
6.916873e+00 1.166809e-02 0.000000e+00
6.916873e+00 1.259921e-02 0.000000e+00
6.916873e+00 1.360464e-02 0.000000e+00
6.916873e+00 1.469030e-02 0.000000e+00
6.916873e+00 1.586261e-02 0.000000e+00
6.916873e+00 1.712846e-02 0.000000e+00
6.916873e+00 1.849533e-02 0.000000e+00
6.916873e+00 1.997127e-02 0.000000e+00
6.916873e+00 2.156500e-02 0.000000e+00
6.916873e+00 2.328591e-02 0.000000e+00
6.916873e+00 2.514415e-02 0.000000e+00
6.916873e+00 2.715068e-02 0.000000e+00
6.916873e+00 2.931733e-02 0.000000e+00
6.916873e+00 3.165689e-02 0.000000e+00
6.916873e+00 3.418314e-02 0.000000e+00
6.916873e+00 3.691099e-02 0.000000e+00
6.916873e+00 3.985652e-02 0.000000e+00
6.916873e+00 4.303711e-02 0.000000e+00
6.916873e+00 4.647152e-02 0.000000e+00
6.916873e+00 5.017999e-02 0.000000e+00
6.916873e+00 5.418441e-02 0.000000e+00
6.916873e+00 5.850838e-02 0.000000e+00
6.916873e+00 6.317741e-02 0.000000e+00
6.916873e+00 6.821903e-02 0.000000e+00
6.916873e+00 7.366298e-02 0.000000e+00
6.916873e+00 7.954136e-02 0.000000e+00
6.916873e+00 8.588885e-02 0.000000e+00
6.916873e+00 9.274286e-02 0.000000e+00
6.916873e+00 1.001438e-01 0.000000e+00
6.916873e+00 1.081354e-01 0.000000e+00
6.916873e+00 1.167647e-01 0.000000e+00
6.916873e+00 1.260827e-01 0.000000e+00
6.916873e+00 1.361442e-01 0.000000e+00
6.916873e+00 1.470087e-01 0.000000e+00
6.916873e+00 1.587401e-01 0.000000e+00
6.916873e+00 1.714077e-01 0.000000e+00
6.916873e+00 1.850862e-01 0.000000e+00
6.916873e+00 1.998563e-01 0.000000e+00
6.916873e+00 2.158051e-01 0.000000e+00
6.916873e+00 2.330265e-01 0.000000e+00
6.916873e+00 2.516223e-01 0.000000e+00
6.916873e+00 2.717020e-01 0.000000e+00
6.916873e+00 2.933841e-01 0.000000e+00
6.916873e+00 3.167964e-01 0.000000e+00
6.916873e+00 3.420771e-01 0.000000e+00
6.916873e+00 3.693752e-01 0.000000e+00
6.916873e+00 3.988518e-01 0.000000e+00
6.916873e+00 4.306805e-01 0.000000e+00
6.916873e+00 4.650493e-01 0.000000e+00
6.916873e+00 5.021607e-01 0.000000e+00
6.916873e+00 5.422336e-01 0.000000e+00
6.916873e+00 5.855044e-01 0.000000e+00
6.916873e+00 6.322283e-01 0.000000e+00
6.916873e+00 6.826808e-01 0.000000e+00
6.916873e+00 7.371594e-01 0.000000e+00
6.916873e+00 7.959855e-01 0.000000e+00
6.916873e+00 8.595059e-01 0.000000e+00
6.916873e+00 9.280954e-01 0.000000e+00
6.916873e+00 1.002158e+00 0.000000e+00
6.916873e+00 1.082132e+00 0.000000e+00
6.916873e+00 1.168487e+00 0.000000e+00
6.916873e+00 1.261733e+00 0.000000e+00
6.916873e+00 1.362421e+00 0.000000e+00
6.916873e+00 1.471144e+00 0.000000e+00
6.916873e+00 1.588542e+00 0.000000e+00
6.916873e+00 1.715310e+00 0.000000e+00
6.916873e+00 1.852193e+00 0.000000e+00
6.916873e+00 2.000000e+00 0.000000e+00
7.075210e+00 1.000000e-03 0.000000e+00
7.075210e+00 1.079801e-03 0.000000e+00
7.075210e+00 1.165970e-03 0.000000e+00
7.075210e+00 1.259016e-03 0.000000e+00
7.075210e+00 1.359487e-03 0.000000e+00
7.075210e+00 1.467975e-03 0.000000e+00
7.075210e+00 1.585121e-03 0.000000e+00
7.075210e+00 1.711615e-03 0.000000e+00
7.075210e+00 1.848204e-03 0.000000e+00
7.075210e+00 1.995693e-03 0.000000e+00
7.075210e+00 2.154951e-03 0.000000e+00
7.075210e+00 2.326918e-03 0.000000e+00
7.075210e+00 2.512609e-03 0.000000e+00
7.075210e+00 2.713117e-03 0.000000e+00
7.075210e+00 2.929627e-03 0.000000e+00
7.075210e+00 3.163414e-03 0.000000e+00
7.075210e+00 3.415858e-03 0.000000e+00
7.075210e+00 3.688447e-03 0.000000e+00
7.075210e+00 3.982789e-03 0.000000e+00
7.075210e+00 4.300619e-03 0.000000e+00
7.075210e+00 4.643813e-03 0.000000e+00
7.075210e+00 5.014394e-03 0.000000e+00
7.075210e+00 5.414548e-03 0.000000e+00
7.075210e+00 5.846635e-03 0.000000e+00
7.075210e+00 6.313202e-03 0.000000e+00
7.075210e+00 6.817002e-03 0.000000e+00
7.075210e+00 7.361006e-03 0.000000e+00
7.075210e+00 7.948422e-03 0.000000e+00
7.075210e+00 8.582714e-03 0.000000e+00
7.075210e+00 9.267624e-03 0.000000e+00
7.075210e+00 1.000719e-02 0.000000e+00
7.075210e+00 1.080577e-02 0.000000e+00
7.075210e+00 1.166809e-02 0.000000e+00
7.075210e+00 1.259921e-02 0.000000e+00
7.075210e+00 1.360464e-02 0.000000e+00
7.075210e+00 1.469030e-02 0.000000e+00
7.075210e+00 1.586261e-02 0.000000e+00
7.075210e+00 1.712846e-02 0.000000e+00
7.075210e+00 1.849533e-02 0.000000e+00
7.075210e+00 1.997127e-02 0.000000e+00
7.075210e+00 2.156500e-02 0.000000e+00
7.075210e+00 2.328591e-02 0.000000e+00
7.075210e+00 2.514415e-02 0.000000e+00
7.075210e+00 2.715068e-02 0.000000e+00
7.075210e+00 2.931733e-02 0.000000e+00
7.075210e+00 3.165689e-02 0.000000e+00
7.075210e+00 3.418314e-02 0.000000e+00
7.075210e+00 3.691099e-02 0.000000e+00
7.075210e+00 3.985652e-02 0.000000e+00
7.075210e+00 4.303711e-02 0.000000e+00
7.075210e+00 4.647152e-02 0.000000e+00
7.075210e+00 5.017999e-02 0.000000e+00
7.075210e+00 5.418441e-02 0.000000e+00
7.075210e+00 5.850838e-02 0.000000e+00
7.075210e+00 6.317741e-02 0.000000e+00
7.075210e+00 6.821903e-02 0.000000e+00
7.075210e+00 7.366298e-02 0.000000e+00
7.075210e+00 7.954136e-02 0.000000e+00
7.075210e+00 8.588885e-02 0.000000e+00
7.075210e+00 9.274286e-02 0.000000e+00
7.075210e+00 1.001438e-01 0.000000e+00
7.075210e+00 1.081354e-01 0.000000e+00
7.075210e+00 1.167647e-01 0.000000e+00
7.075210e+00 1.260827e-01 0.000000e+00
7.075210e+00 1.361442e-01 0.000000e+00
7.075210e+00 1.470087e-01 0.000000e+00
7.075210e+00 1.587401e-01 0.000000e+00
7.075210e+00 1.714077e-01 0.000000e+00
7.075210e+00 1.850862e-01 0.000000e+00
7.075210e+00 1.998563e-01 0.000000e+00
7.075210e+00 2.158051e-01 0.000000e+00
7.075210e+00 2.330265e-01 0.000000e+00
7.075210e+00 2.516223e-01 0.000000e+00
7.075210e+00 2.717020e-01 0.000000e+00
7.075210e+00 2.933841e-01 0.000000e+00
7.075210e+00 3.167964e-01 0.000000e+00
7.075210e+00 3.420771e-01 0.000000e+00
7.075210e+00 3.693752e-01 0.000000e+00
7.075210e+00 3.988518e-01 0.000000e+00
7.075210e+00 4.306805e-01 0.000000e+00
7.075210e+00 4.650493e-01 0.000000e+00
7.075210e+00 5.021607e-01 0.000000e+00
7.075210e+00 5.422336e-01 0.000000e+00
7.075210e+00 5.855044e-01 0.000000e+00
7.075210e+00 6.322283e-01 0.000000e+00
7.075210e+00 6.826808e-01 0.000000e+00
7.075210e+00 7.371594e-01 0.000000e+00
7.075210e+00 7.959855e-01 0.000000e+00
7.075210e+00 8.595059e-01 0.000000e+00
7.075210e+00 9.280954e-01 0.000000e+00
7.075210e+00 1.002158e+00 0.000000e+00
7.075210e+00 1.082132e+00 0.000000e+00
7.075210e+00 1.168487e+00 0.000000e+00
7.075210e+00 1.261733e+00 0.000000e+00
7.075210e+00 1.362421e+00 0.000000e+00
7.075210e+00 1.471144e+00 0.000000e+00
7.075210e+00 1.588542e+00 0.000000e+00
7.075210e+00 1.715310e+00 0.000000e+00
7.075210e+00 1.852193e+00 0.000000e+00
7.075210e+00 2.000000e+00 0.000000e+00
7.236714e+00 1.000000e-03 0.000000e+00
7.236714e+00 1.079801e-03 0.000000e+00
7.236714e+00 1.165970e-03 0.000000e+00
7.236714e+00 1.259016e-03 0.000000e+00
7.236714e+00 1.359487e-03 0.000000e+00
7.236714e+00 1.467975e-03 0.000000e+00
7.236714e+00 1.585121e-03 0.000000e+00
7.236714e+00 1.711615e-03 0.000000e+00
7.236714e+00 1.848204e-03 0.000000e+00
7.236714e+00 1.995693e-03 0.000000e+00
7.236714e+00 2.154951e-03 0.000000e+00
7.236714e+00 2.326918e-03 0.000000e+00
7.236714e+00 2.512609e-03 0.000000e+00
7.236714e+00 2.713117e-03 0.000000e+00
7.236714e+00 2.929627e-03 0.000000e+00
7.236714e+00 3.163414e-03 0.000000e+00
7.236714e+00 3.415858e-03 0.000000e+00
7.236714e+00 3.688447e-03 0.000000e+00
7.236714e+00 3.982789e-03 0.000000e+00
7.236714e+00 4.300619e-03 0.000000e+00
7.236714e+00 4.643813e-03 0.000000e+00
7.236714e+00 5.014394e-03 0.000000e+00
7.236714e+00 5.414548e-03 0.000000e+00
7.236714e+00 5.846635e-03 0.000000e+00
7.236714e+00 6.313202e-03 0.000000e+00
7.236714e+00 6.817002e-03 0.000000e+00
7.236714e+00 7.361006e-03 0.000000e+00
7.236714e+00 7.948422e-03 0.000000e+00
7.236714e+00 8.582714e-03 0.000000e+00
7.236714e+00 9.267624e-03 0.000000e+00
7.236714e+00 1.000719e-02 0.000000e+00
7.236714e+00 1.080577e-02 0.000000e+00
7.236714e+00 1.166809e-02 0.000000e+00
7.236714e+00 1.259921e-02 0.000000e+00
7.236714e+00 1.360464e-02 0.000000e+00
7.236714e+00 1.469030e-02 0.000000e+00
7.236714e+00 1.586261e-02 0.000000e+00
7.236714e+00 1.712846e-02 0.000000e+00
7.236714e+00 1.849533e-02 0.000000e+00
7.236714e+00 1.997127e-02 0.000000e+00
7.236714e+00 2.156500e-02 0.000000e+00
7.236714e+00 2.328591e-02 0.000000e+00
7.236714e+00 2.514415e-02 0.000000e+00
7.236714e+00 2.715068e-02 0.000000e+00
7.236714e+00 2.931733e-02 0.000000e+00
7.236714e+00 3.165689e-02 0.000000e+00
7.236714e+00 3.418314e-02 0.000000e+00
7.236714e+00 3.691099e-02 0.000000e+00
7.236714e+00 3.985652e-02 0.000000e+00
7.236714e+00 4.303711e-02 0.000000e+00
7.236714e+00 4.647152e-02 0.000000e+00
7.236714e+00 5.017999e-02 0.000000e+00
7.236714e+00 5.418441e-02 0.000000e+00
7.236714e+00 5.850838e-02 0.000000e+00
7.236714e+00 6.317741e-02 0.000000e+00
7.236714e+00 6.821903e-02 0.000000e+00
7.236714e+00 7.366298e-02 0.000000e+00
7.236714e+00 7.954136e-02 0.000000e+00
7.236714e+00 8.588885e-02 0.000000e+00
7.236714e+00 9.274286e-02 0.000000e+00
7.236714e+00 1.001438e-01 0.000000e+00
7.236714e+00 1.081354e-01 0.000000e+00
7.236714e+00 1.167647e-01 0.000000e+00
7.236714e+00 1.260827e-01 0.000000e+00
7.236714e+00 1.361442e-01 0.000000e+00
7.236714e+00 1.470087e-01 0.000000e+00
7.236714e+00 1.587401e-01 0.000000e+00
7.236714e+00 1.714077e-01 0.000000e+00
7.236714e+00 1.850862e-01 0.000000e+00
7.236714e+00 1.998563e-01 0.000000e+00
7.236714e+00 2.158051e-01 0.000000e+00
7.236714e+00 2.330265e-01 0.000000e+00
7.236714e+00 2.516223e-01 0.000000e+00
7.236714e+00 2.717020e-01 0.000000e+00
7.236714e+00 2.933841e-01 0.000000e+00
7.236714e+00 3.167964e-01 0.000000e+00
7.236714e+00 3.420771e-01 -1.019868e-18
7.236714e+00 3.693752e-01 1.019868e-18
7.236714e+00 3.988518e-01 0.000000e+00
7.236714e+00 4.306805e-01 0.000000e+00
7.236714e+00 4.650493e-01 0.000000e+00
7.236714e+00 5.021607e-01 0.000000e+00
7.236714e+00 5.422336e-01 -7.760612e-20
7.236714e+00 5.855044e-01 0.000000e+00
7.236714e+00 6.322283e-01 0.000000e+00
7.236714e+00 6.826808e-01 0.000000e+00
7.236714e+00 7.371594e-01 -5.086944e-20
7.236714e+00 7.959855e-01 0.000000e+00
7.236714e+00 8.595059e-01 0.000000e+00
7.236714e+00 9.280954e-01 0.000000e+00
7.236714e+00 1.002158e+00 3.550082e-20
7.236714e+00 1.082132e+00 3.106322e-20
7.236714e+00 1.168487e+00 0.000000e+00
7.236714e+00 1.261733e+00 0.000000e+00
7.236714e+00 1.362421e+00 0.000000e+00
7.236714e+00 1.471144e+00 0.000000e+00
7.236714e+00 1.588542e+00 0.000000e+00
7.236714e+00 1.715310e+00 0.000000e+00
7.236714e+00 1.852193e+00 0.000000e+00
7.236714e+00 2.000000e+00 0.000000e+00
7.401449e+00 1.000000e-03 -6.723323e+00
7.401449e+00 1.079801e-03 -7.209140e+00
7.401449e+00 1.165970e-03 -7.725643e+00
7.401449e+00 1.259016e-03 -8.273983e+00
7.401449e+00 1.359487e-03 -8.855216e+00
7.401449e+00 1.467975e-03 -9.470302e+00
7.401449e+00 1.585121e-03 -1.012005e+01
7.401449e+00 1.711615e-03 -1.080511e+01
7.401449e+00 1.848204e-03 -1.152591e+01
7.401449e+00 1.995693e-03 -1.228257e+01
7.401449e+00 2.154951e-03 -1.307486e+01
7.401449e+00 2.326918e-03 -1.390217e+01
7.401449e+00 2.512609e-03 -1.476342e+01
7.401449e+00 2.713117e-03 -1.565696e+01
7.401449e+00 2.929627e-03 -1.658062e+01
7.401449e+00 3.163414e-03 -1.753152e+01
7.401449e+00 3.415858e-03 -1.850600e+01
7.401449e+00 3.688447e-03 -1.949972e+01
7.401449e+00 3.982789e-03 -2.050728e+01
7.401449e+00 4.300619e-03 -2.152228e+01
7.401449e+00 4.643813e-03 -2.253742e+01
7.401449e+00 5.014394e-03 -2.354406e+01
7.401449e+00 5.414548e-03 -2.453226e+01
7.401449e+00 5.846635e-03 -2.549114e+01
7.401449e+00 6.313202e-03 -2.640815e+01
7.401449e+00 6.817002e-03 -2.726919e+01
7.401449e+00 7.361006e-03 -2.805948e+01
7.401449e+00 7.948422e-03 -2.876241e+01
7.401449e+00 8.582714e-03 -2.936001e+01
7.401449e+00 9.267624e-03 -2.983440e+01
7.401449e+00 1.000719e-02 -3.016658e+01
7.401449e+00 1.080577e-02 -3.033727e+01
7.401449e+00 1.166809e-02 -3.032921e+01
7.401449e+00 1.259921e-02 -3.012708e+01
7.401449e+00 1.360464e-02 -2.971863e+01
7.401449e+00 1.469030e-02 -2.909664e+01
7.401449e+00 1.586261e-02 -2.826264e+01
7.401449e+00 1.712846e-02 -2.722647e+01
7.401449e+00 1.849533e-02 -2.600441e+01
7.401449e+00 1.997127e-02 -2.463169e+01
7.401449e+00 2.156500e-02 -2.315546e+01
7.401449e+00 2.328591e-02 -2.162127e+01
7.401449e+00 2.514415e-02 -2.009165e+01
7.401449e+00 2.715068e-02 -1.863338e+01
7.401449e+00 2.931733e-02 -1.729657e+01
7.401449e+00 3.165689e-02 -1.611796e+01
7.401449e+00 3.418314e-02 -1.511965e+01
7.401449e+00 3.691099e-02 -1.428620e+01
7.401449e+00 3.985652e-02 -1.356714e+01
7.401449e+00 4.303711e-02 -1.287777e+01
7.401449e+00 4.647152e-02 -1.211530e+01
7.401449e+00 5.017999e-02 -1.119231e+01
7.401449e+00 5.418441e-02 -1.005407e+01
7.401449e+00 5.850838e-02 -8.748894e+00
7.401449e+00 6.317741e-02 -7.339568e+00
7.401449e+00 6.821903e-02 -5.817777e+00
7.401449e+00 7.366298e-02 -4.264992e+00
7.401449e+00 7.954136e-02 -3.511855e+00
7.401449e+00 8.588885e-02 -2.698616e+00
7.401449e+00 9.274286e-02 -1.820480e+00
7.401449e+00 1.001438e-01 -8.722676e-01
7.401449e+00 1.081354e-01 -5.749160e-01
7.401449e+00 1.167647e-01 -6.004630e-01
7.401449e+00 1.260827e-01 -6.280486e-01
7.401449e+00 1.361442e-01 -6.578357e-01
7.401449e+00 1.470087e-01 -6.614243e-01
7.401449e+00 1.587401e-01 -5.435737e-01
7.401449e+00 1.714077e-01 -4.163185e-01
7.401449e+00 1.850862e-01 -2.789081e-01
7.401449e+00 1.998563e-01 -1.305323e-01
7.401449e+00 2.158051e-01 -9.902366e-02
7.401449e+00 2.330265e-01 -9.070916e-02
7.401449e+00 2.516223e-01 -8.173115e-02
7.401449e+00 2.717020e-01 -7.203670e-02
7.401449e+00 2.933841e-01 -6.215800e-02
7.401449e+00 3.167964e-01 -5.224005e-02
7.401449e+00 3.420771e-01 -4.153064e-02
7.401449e+00 3.693752e-01 -2.996661e-02
7.401449e+00 3.988518e-01 -1.820245e-02
7.401449e+00 4.306805e-01 -1.563657e-02
7.401449e+00 4.650493e-01 -1.286593e-02
7.401449e+00 5.021607e-01 -9.874189e-03
7.401449e+00 5.422336e-01 -6.643706e-03
7.401449e+00 5.855044e-01 -5.080730e-03
7.401449e+00 6.322283e-01 -4.290234e-03
7.401449e+00 6.826808e-01 -3.436655e-03
7.401449e+00 7.371594e-01 -2.514960e-03
7.401449e+00 7.959855e-01 -1.761762e-03
7.401449e+00 8.595059e-01 -1.518019e-03
7.401449e+00 9.280954e-01 -1.254825e-03
7.401449e+00 1.002158e+00 -9.706280e-04
7.401449e+00 1.082132e+00 -6.637517e-04
7.401449e+00 1.168487e+00 -5.712134e-04
7.401449e+00 1.261733e+00 -4.916313e-04
7.401449e+00 1.362421e+00 -4.056985e-04
7.401449e+00 1.471144e+00 -3.129081e-04
7.401449e+00 1.588542e+00 -2.502419e-04
7.401449e+00 1.715310e+00 -2.154329e-04
7.401449e+00 1.852193e+00 -1.778462e-04
7.401449e+00 2.000000e+00 -1.372599e-04
7.569477e+00 1.000000e-03 -2.466094e+01
7.569477e+00 1.079801e-03 -2.644324e+01
7.569477e+00 1.165970e-03 -2.833815e+01
7.569477e+00 1.259016e-03 -3.034987e+01
7.569477e+00 1.359487e-03 -3.248226e+01
7.569477e+00 1.467975e-03 -3.473883e+01
7.569477e+00 1.585121e-03 -3.712257e+01
7.569477e+00 1.711615e-03 -3.963577e+01
7.569477e+00 1.848204e-03 -4.228010e+01
7.569477e+00 1.995693e-03 -4.505599e+01
7.569477e+00 2.154951e-03 -4.796254e+01
7.569477e+00 2.326918e-03 -5.099758e+01
7.569477e+00 2.512609e-03 -5.415711e+01
7.569477e+00 2.713117e-03 -5.743509e+01
7.569477e+00 2.929627e-03 -6.082356e+01
7.569477e+00 3.163414e-03 -6.431196e+01
7.569477e+00 3.415858e-03 -6.788686e+01
7.569477e+00 3.688447e-03 -7.153229e+01
7.569477e+00 3.982789e-03 -7.522855e+01
7.569477e+00 4.300619e-03 -7.895206e+01
7.569477e+00 4.643813e-03 -8.267606e+01
7.569477e+00 5.014394e-03 -8.636891e+01
7.569477e+00 5.414548e-03 -8.999411e+01
7.569477e+00 5.846635e-03 -9.351173e+01
7.569477e+00 6.313202e-03 -9.687574e+01
7.569477e+00 6.817002e-03 -1.000345e+02
7.569477e+00 7.361006e-03 -1.029336e+02
7.569477e+00 7.948422e-03 -1.055122e+02
7.569477e+00 8.582714e-03 -1.077045e+02
7.569477e+00 9.267624e-03 -1.094448e+02
7.569477e+00 1.000719e-02 -1.106635e+02
7.569477e+00 1.080577e-02 -1.112897e+02
7.569477e+00 1.166809e-02 -1.112602e+02
7.569477e+00 1.259921e-02 -1.105187e+02
7.569477e+00 1.360464e-02 -1.090203e+02
7.569477e+00 1.469030e-02 -1.067386e+02
7.569477e+00 1.586261e-02 -1.036792e+02
7.569477e+00 1.712846e-02 -9.987808e+01
7.569477e+00 1.849533e-02 -9.539506e+01
7.569477e+00 1.997127e-02 -9.035934e+01
7.569477e+00 2.156500e-02 -8.494393e+01
7.569477e+00 2.328591e-02 -7.931586e+01
7.569477e+00 2.514415e-02 -7.370459e+01
7.569477e+00 2.715068e-02 -6.835504e+01
7.569477e+00 2.931733e-02 -6.345105e+01
7.569477e+00 3.165689e-02 -5.912742e+01
7.569477e+00 3.418314e-02 -5.546520e+01
7.569477e+00 3.691099e-02 -5.240777e+01
7.569477e+00 3.985652e-02 -4.976995e+01
7.569477e+00 4.303711e-02 -4.724107e+01
7.569477e+00 4.647152e-02 -4.444400e+01
7.569477e+00 5.017999e-02 -4.105810e+01
7.569477e+00 5.418441e-02 -3.701744e+01
7.569477e+00 5.850838e-02 -3.260517e+01
7.569477e+00 6.317741e-02 -2.784081e+01
7.569477e+00 6.821903e-02 -2.269624e+01
7.569477e+00 7.366298e-02 -1.743892e+01
7.569477e+00 7.954136e-02 -1.480291e+01
7.569477e+00 8.588885e-02 -1.195653e+01
7.569477e+00 9.274286e-02 -8.883018e+00
7.569477e+00 1.001438e-01 -5.564231e+00
7.569477e+00 1.081354e-01 -4.142089e+00
7.569477e+00 1.167647e-01 -3.637706e+00
7.569477e+00 1.260827e-01 -3.093073e+00
7.569477e+00 1.361442e-01 -2.504978e+00
7.569477e+00 1.470087e-01 -1.950051e+00
7.569477e+00 1.587401e-01 -1.692048e+00
7.569477e+00 1.714077e-01 -1.413457e+00
7.569477e+00 1.850862e-01 -1.112633e+00
7.569477e+00 1.998563e-01 -7.878036e-01
7.569477e+00 2.158051e-01 -6.705850e-01
7.569477e+00 2.330265e-01 -5.906590e-01
7.569477e+00 2.516223e-01 -5.043547e-01
7.569477e+00 2.717020e-01 -4.111633e-01
7.569477e+00 2.933841e-01 -3.333013e-01
7.569477e+00 3.167964e-01 -2.781602e-01
7.569477e+00 3.420771e-01 -2.186188e-01
7.569477e+00 3.693752e-01 -1.543259e-01
7.569477e+00 3.988518e-01 -8.909831e-02
7.569477e+00 4.306805e-01 -7.752056e-02
7.569477e+00 4.650493e-01 -6.501890e-02
7.569477e+00 5.021607e-01 -5.151960e-02
7.569477e+00 5.422336e-01 -3.694303e-02
7.569477e+00 5.855044e-01 -2.928241e-02
7.569477e+00 6.322283e-01 -2.477543e-02
7.569477e+00 6.826808e-01 -1.990878e-02
7.569477e+00 7.371594e-01 -1.465377e-02
7.569477e+00 7.959855e-01 -1.033487e-02
7.569477e+00 8.595059e-01 -8.860823e-03
7.569477e+00 9.280954e-01 -7.269145e-03
7.569477e+00 1.002158e+00 -5.550449e-03
7.569477e+00 1.082132e+00 -3.694600e-03
7.569477e+00 1.168487e+00 -3.154942e-03
7.569477e+00 1.261733e+00 -2.696932e-03
7.569477e+00 1.362421e+00 -2.202372e-03
7.569477e+00 1.471144e+00 -1.668346e-03
7.569477e+00 1.588542e+00 -1.315625e-03
7.569477e+00 1.715310e+00 -1.130809e-03
7.569477e+00 1.852193e+00 -9.312447e-04
7.569477e+00 2.000000e+00 -7.157549e-04
7.740867e+00 1.000000e-03 -1.048090e+02
7.740867e+00 1.079801e-03 -1.123853e+02
7.740867e+00 1.165970e-03 -1.204403e+02
7.740867e+00 1.259016e-03 -1.289919e+02
7.740867e+00 1.359487e-03 -1.380566e+02
7.740867e+00 1.467975e-03 -1.476490e+02
7.740867e+00 1.585121e-03 -1.577819e+02
7.740867e+00 1.711615e-03 -1.684651e+02
7.740867e+00 1.848204e-03 -1.797055e+02
7.740867e+00 1.995693e-03 -1.915050e+02
7.740867e+00 2.154951e-03 -2.038599e+02
7.740867e+00 2.326918e-03 -2.167609e+02
7.740867e+00 2.512609e-03 -2.301911e+02
7.740867e+00 2.713117e-03 -2.441248e+02
7.740867e+00 2.929627e-03 -2.585281e+02
7.740867e+00 3.163414e-03 -2.733560e+02
7.740867e+00 3.415858e-03 -2.885517e+02
7.740867e+00 3.688447e-03 -3.040471e+02
7.740867e+00 3.982789e-03 -3.197585e+02
7.740867e+00 4.300619e-03 -3.355857e+02
7.740867e+00 4.643813e-03 -3.514151e+02
7.740867e+00 5.014394e-03 -3.671119e+02
7.740867e+00 5.414548e-03 -3.825212e+02
7.740867e+00 5.846635e-03 -3.974733e+02
7.740867e+00 6.313202e-03 -4.117723e+02
7.740867e+00 6.817002e-03 -4.251988e+02
7.740867e+00 7.361006e-03 -4.375218e+02
7.740867e+00 7.948422e-03 -4.484825e+02
7.740867e+00 8.582714e-03 -4.578010e+02
7.740867e+00 9.267624e-03 -4.651984e+02
7.740867e+00 1.000719e-02 -4.703785e+02
7.740867e+00 1.080577e-02 -4.730405e+02
7.740867e+00 1.166809e-02 -4.729151e+02
7.740867e+00 1.259921e-02 -4.697636e+02
7.740867e+00 1.360464e-02 -4.633947e+02
7.740867e+00 1.469030e-02 -4.536963e+02
7.740867e+00 1.586261e-02 -4.406922e+02
7.740867e+00 1.712846e-02 -4.245355e+02
7.740867e+00 1.849533e-02 -4.054803e+02
7.740867e+00 1.997127e-02 -3.840758e+02
7.740867e+00 2.156500e-02 -3.610574e+02
7.740867e+00 2.328591e-02 -3.371351e+02
7.740867e+00 2.514415e-02 -3.132842e+02
7.740867e+00 2.715068e-02 -2.905457e+02
7.740867e+00 2.931733e-02 -2.697012e+02
7.740867e+00 3.165689e-02 -2.513234e+02
7.740867e+00 3.418314e-02 -2.357570e+02
7.740867e+00 3.691099e-02 -2.227613e+02
7.740867e+00 3.985652e-02 -2.115491e+02
7.740867e+00 4.303711e-02 -2.008000e+02
7.740867e+00 4.647152e-02 -1.889110e+02
7.740867e+00 5.017999e-02 -1.745191e+02
7.740867e+00 5.418441e-02 -1.581615e+02
7.740867e+00 5.850838e-02 -1.416832e+02
7.740867e+00 6.317741e-02 -1.238898e+02
7.740867e+00 6.821903e-02 -1.046765e+02
7.740867e+00 7.366298e-02 -8.483058e+01
7.740867e+00 7.954136e-02 -7.259666e+01
7.740867e+00 8.588885e-02 -5.938647e+01
7.740867e+00 9.274286e-02 -4.512210e+01
7.740867e+00 1.001438e-01 -2.971941e+01
7.740867e+00 1.081354e-01 -2.291800e+01
7.740867e+00 1.167647e-01 -2.026395e+01
7.740867e+00 1.260827e-01 -1.739810e+01
7.740867e+00 1.361442e-01 -1.430356e+01
7.740867e+00 1.470087e-01 -1.134241e+01
7.740867e+00 1.587401e-01 -9.765159e+00
7.740867e+00 1.714077e-01 -8.062043e+00
7.740867e+00 1.850862e-01 -6.223017e+00
7.740867e+00 1.998563e-01 -4.237235e+00
7.740867e+00 2.158051e-01 -3.514005e+00
7.740867e+00 2.330265e-01 -3.016900e+00
7.740867e+00 2.516223e-01 -2.480126e+00
7.740867e+00 2.717020e-01 -1.900517e+00
7.740867e+00 2.933841e-01 -1.464989e+00
7.740867e+00 3.167964e-01 -1.236607e+00
7.740867e+00 3.420771e-01 -9.900008e-01
7.740867e+00 3.693752e-01 -7.237148e-01
7.740867e+00 3.988518e-01 -4.526887e-01
7.740867e+00 4.306805e-01 -3.916137e-01
7.740867e+00 4.650493e-01 -3.256648e-01
7.740867e+00 5.021607e-01 -2.544530e-01
7.740867e+00 5.422336e-01 -1.775586e-01
7.740867e+00 5.855044e-01 -1.388932e-01
7.740867e+00 6.322283e-01 -1.178168e-01
7.740867e+00 6.826808e-01 -9.505857e-02
7.740867e+00 7.371594e-01 -7.048419e-02
7.740867e+00 7.959855e-01 -5.020953e-02
7.740867e+00 8.595059e-01 -4.304904e-02
7.740867e+00 9.280954e-01 -3.531712e-02
7.740867e+00 1.002158e+00 -2.696819e-02
7.740867e+00 1.082132e+00 -1.795301e-02
7.740867e+00 1.168487e+00 -1.529316e-02
7.740867e+00 1.261733e+00 -1.302361e-02
7.740867e+00 1.362421e+00 -1.057295e-02
7.740867e+00 1.471144e+00 -7.926725e-03
7.740867e+00 1.588542e+00 -6.201761e-03
7.740867e+00 1.715310e+00 -5.330635e-03
7.740867e+00 1.852193e+00 -4.389992e-03
7.740867e+00 2.000000e+00 -3.374285e-03
7.915684e+00 1.000000e-03 -2.243854e+02
7.915684e+00 1.079801e-03 -2.406088e+02
7.915684e+00 1.165970e-03 -2.578575e+02
7.915684e+00 1.259016e-03 -2.761698e+02
7.915684e+00 1.359487e-03 -2.955806e+02
7.915684e+00 1.467975e-03 -3.161216e+02
7.915684e+00 1.585121e-03 -3.378196e+02
7.915684e+00 1.711615e-03 -3.606957e+02
7.915684e+00 1.848204e-03 -3.847647e+02
7.915684e+00 1.995693e-03 -4.100308e+02
7.915684e+00 2.154951e-03 -4.364858e+02
7.915684e+00 2.326918e-03 -4.641102e+02
7.915684e+00 2.512609e-03 -4.928679e+02
7.915684e+00 2.713117e-03 -5.227035e+02
7.915684e+00 2.929627e-03 -5.535445e+02
7.915684e+00 3.163414e-03 -5.852948e+02
7.915684e+00 3.415858e-03 -6.178321e+02
7.915684e+00 3.688447e-03 -6.510114e+02
7.915684e+00 3.982789e-03 -6.846531e+02
7.915684e+00 4.300619e-03 -7.185428e+02
7.915684e+00 4.643813e-03 -7.524369e+02
7.915684e+00 5.014394e-03 -7.860474e+02
7.915684e+00 5.414548e-03 -8.190420e+02
7.915684e+00 5.846635e-03 -8.510575e+02
7.915684e+00 6.313202e-03 -8.816749e+02
7.915684e+00 6.817002e-03 -9.104239e+02
7.915684e+00 7.361006e-03 -9.368098e+02
7.915684e+00 7.948422e-03 -9.602789e+02
7.915684e+00 8.582714e-03 -9.802316e+02
7.915684e+00 9.267624e-03 -9.960712e+02
7.915684e+00 1.000719e-02 -1.007163e+03
7.915684e+00 1.080577e-02 -1.012864e+03
7.915684e+00 1.166809e-02 -1.012596e+03
7.915684e+00 1.259921e-02 -1.005848e+03
7.915684e+00 1.360464e-02 -9.922110e+02
7.915684e+00 1.469030e-02 -9.714451e+02
7.915684e+00 1.586261e-02 -9.436010e+02
7.915684e+00 1.712846e-02 -9.090068e+02
7.915684e+00 1.849533e-02 -8.682063e+02
7.915684e+00 1.997127e-02 -8.223755e+02
7.915684e+00 2.156500e-02 -7.730891e+02
7.915684e+00 2.328591e-02 -7.218671e+02
7.915684e+00 2.514415e-02 -6.707981e+02
7.915684e+00 2.715068e-02 -6.221109e+02
7.915684e+00 2.931733e-02 -5.774789e+02
7.915684e+00 3.165689e-02 -5.381288e+02
7.915684e+00 3.418314e-02 -5.047983e+02
7.915684e+00 3.691099e-02 -4.769721e+02
7.915684e+00 3.985652e-02 -4.529649e+02
7.915684e+00 4.303711e-02 -4.299491e+02
7.915684e+00 4.647152e-02 -4.044925e+02
7.915684e+00 5.017999e-02 -3.736768e+02
7.915684e+00 5.418441e-02 -3.412428e+02
7.915684e+00 5.850838e-02 -3.131726e+02
7.915684e+00 6.317741e-02 -2.828623e+02
7.915684e+00 6.821903e-02 -2.501332e+02
7.915684e+00 7.366298e-02 -2.154167e+02
7.915684e+00 7.954136e-02 -1.843042e+02
7.915684e+00 8.588885e-02 -1.507090e+02
7.915684e+00 9.274286e-02 -1.144329e+02
7.915684e+00 1.001438e-01 -7.526187e+01
7.915684e+00 1.081354e-01 -5.761948e+01
7.915684e+00 1.167647e-01 -5.033191e+01
7.915684e+00 1.260827e-01 -4.246278e+01
7.915684e+00 1.361442e-01 -3.396568e+01
7.915684e+00 1.470087e-01 -2.602795e+01
7.915684e+00 1.587401e-01 -2.272805e+01
7.915684e+00 1.714077e-01 -1.916481e+01
7.915684e+00 1.850862e-01 -1.531722e+01
7.915684e+00 1.998563e-01 -1.116260e+01
7.915684e+00 2.158051e-01 -9.363344e+00
7.915684e+00 2.330265e-01 -7.957207e+00
7.915684e+00 2.516223e-01 -6.438859e+00
7.915684e+00 2.717020e-01 -4.799345e+00
7.915684e+00 2.933841e-01 -3.611844e+00
7.915684e+00 3.167964e-01 -3.070340e+00
7.915684e+00 3.420771e-01 -2.485623e+00
7.915684e+00 3.693752e-01 -1.854245e+00
7.915684e+00 3.988518e-01 -1.210522e+00
7.915684e+00 4.306805e-01 -1.048995e+00
7.915684e+00 4.650493e-01 -8.745783e-01
7.915684e+00 5.021607e-01 -6.862425e-01
7.915684e+00 5.422336e-01 -4.828774e-01
7.915684e+00 5.855044e-01 -3.786619e-01
7.915684e+00 6.322283e-01 -3.198971e-01
7.915684e+00 6.826808e-01 -2.564429e-01
7.915684e+00 7.371594e-01 -1.879249e-01
7.915684e+00 7.959855e-01 -1.317495e-01
7.915684e+00 8.595059e-01 -1.130003e-01
7.915684e+00 9.280954e-01 -9.275497e-02
7.915684e+00 1.002158e+00 -7.089400e-02
7.915684e+00 1.082132e+00 -4.728850e-02
7.915684e+00 1.168487e+00 -4.024023e-02
7.915684e+00 1.261733e+00 -3.420012e-02
7.915684e+00 1.362421e+00 -2.767800e-02
7.915684e+00 1.471144e+00 -2.063541e-02
7.915684e+00 1.588542e+00 -1.606297e-02
7.915684e+00 1.715310e+00 -1.378042e-02
7.915684e+00 1.852193e+00 -1.131573e-02
7.915684e+00 2.000000e+00 -8.654348e-03
8.093998e+00 1.000000e-03 -3.671090e+02
8.093998e+00 1.079801e-03 -3.936570e+02
8.093998e+00 1.165970e-03 -4.218831e+02
8.093998e+00 1.259016e-03 -4.518500e+02
8.093998e+00 1.359487e-03 -4.836145e+02
8.093998e+00 1.467975e-03 -5.172284e+02
8.093998e+00 1.585121e-03 -5.527355e+02
8.093998e+00 1.711615e-03 -5.901699e+02
8.093998e+00 1.848204e-03 -6.295560e+02
8.093998e+00 1.995693e-03 -6.709004e+02
8.093998e+00 2.154951e-03 -7.141900e+02
8.093998e+00 2.326918e-03 -7.593933e+02
8.093998e+00 2.512609e-03 -8.064509e+02
8.093998e+00 2.713117e-03 -8.552723e+02
8.093998e+00 2.929627e-03 -9.057388e+02
8.093998e+00 3.163414e-03 -9.576928e+02
8.093998e+00 3.415858e-03 -1.010935e+03
8.093998e+00 3.688447e-03 -1.065227e+03
8.093998e+00 3.982789e-03 -1.120276e+03
8.093998e+00 4.300619e-03 -1.175730e+03
8.093998e+00 4.643813e-03 -1.231192e+03
8.093998e+00 5.014394e-03 -1.286189e+03
8.093998e+00 5.414548e-03 -1.340178e+03
8.093998e+00 5.846635e-03 -1.392566e+03
8.093998e+00 6.313202e-03 -1.442666e+03
8.093998e+00 6.817002e-03 -1.489708e+03
8.093998e+00 7.361006e-03 -1.532883e+03
8.093998e+00 7.948422e-03 -1.571286e+03
8.093998e+00 8.582714e-03 -1.603934e+03
8.093998e+00 9.267624e-03 -1.629853e+03
8.093998e+00 1.000719e-02 -1.648004e+03
8.093998e+00 1.080577e-02 -1.657332e+03
8.093998e+00 1.166809e-02 -1.656894e+03
8.093998e+00 1.259921e-02 -1.645853e+03
8.093998e+00 1.360464e-02 -1.623540e+03
8.093998e+00 1.469030e-02 -1.589561e+03
8.093998e+00 1.586261e-02 -1.544000e+03
8.093998e+00 1.712846e-02 -1.487395e+03
8.093998e+00 1.849533e-02 -1.420633e+03
8.093998e+00 1.997127e-02 -1.345641e+03
8.093998e+00 2.156500e-02 -1.264995e+03
8.093998e+00 2.328591e-02 -1.181181e+03
8.093998e+00 2.514415e-02 -1.097617e+03
8.093998e+00 2.715068e-02 -1.017951e+03
8.093998e+00 2.931733e-02 -9.449207e+02
8.093998e+00 3.165689e-02 -8.805327e+02
8.093998e+00 3.418314e-02 -8.259945e+02
8.093998e+00 3.691099e-02 -7.804628e+02
8.093998e+00 3.985652e-02 -7.411802e+02
8.093998e+00 4.303711e-02 -7.035197e+02
8.093998e+00 4.647152e-02 -6.618654e+02
8.093998e+00 5.017999e-02 -6.114422e+02
8.093998e+00 5.418441e-02 -5.586446e+02
8.093998e+00 5.850838e-02 -5.134759e+02
8.093998e+00 6.317741e-02 -4.647026e+02
8.093998e+00 6.821903e-02 -4.120372e+02
8.093998e+00 7.366298e-02 -3.563996e+02
8.093998e+00 7.954136e-02 -3.088872e+02
8.093998e+00 8.588885e-02 -2.575833e+02
8.093998e+00 9.274286e-02 -2.021852e+02
8.093998e+00 1.001438e-01 -1.423663e+02
8.093998e+00 1.081354e-01 -1.133550e+02
8.093998e+00 1.167647e-01 -9.900435e+01
8.093998e+00 1.260827e-01 -8.350850e+01
8.093998e+00 1.361442e-01 -6.677607e+01
8.093998e+00 1.470087e-01 -5.113938e+01
8.093998e+00 1.587401e-01 -4.461047e+01
8.093998e+00 1.714077e-01 -3.756056e+01
8.093998e+00 1.850862e-01 -2.994805e+01
8.093998e+00 1.998563e-01 -2.172805e+01
8.093998e+00 2.158051e-01 -1.821382e+01
8.093998e+00 2.330265e-01 -1.549011e+01
8.093998e+00 2.516223e-01 -1.254905e+01
8.093998e+00 2.717020e-01 -9.373296e+00
8.093998e+00 2.933841e-01 -7.072505e+00
8.093998e+00 3.167964e-01 -6.022226e+00
8.093998e+00 3.420771e-01 -4.888134e+00
8.093998e+00 3.693752e-01 -3.663539e+00
8.093998e+00 3.988518e-01 -2.414268e+00
8.093998e+00 4.306805e-01 -2.089910e+00
8.093998e+00 4.650493e-01 -1.739668e+00
8.093998e+00 5.021607e-01 -1.361477e+00
8.093998e+00 5.422336e-01 -9.531048e-01
8.093998e+00 5.855044e-01 -7.453619e-01
8.093998e+00 6.322283e-01 -6.297221e-01
8.093998e+00 6.826808e-01 -5.048541e-01
8.093998e+00 7.371594e-01 -3.700215e-01
8.093998e+00 7.959855e-01 -2.594340e-01
8.093998e+00 8.595059e-01 -2.223903e-01
8.093998e+00 9.280954e-01 -1.823905e-01
8.093998e+00 1.002158e+00 -1.391987e-01
8.093998e+00 1.082132e+00 -9.256018e-02
8.093998e+00 1.168487e+00 -7.860635e-02
8.093998e+00 1.261733e+00 -6.663973e-02
8.093998e+00 1.362421e+00 -5.371816e-02
8.093998e+00 1.471144e+00 -3.976544e-02
8.093998e+00 1.588542e+00 -3.077077e-02
8.093998e+00 1.715310e+00 -2.637414e-02
8.093998e+00 1.852193e+00 -2.162666e-02
8.093998e+00 2.000000e+00 -1.650033e-02
8.275878e+00 1.000000e-03 -4.794648e+02
8.275878e+00 1.079801e-03 -5.141450e+02
8.275878e+00 1.165970e-03 -5.510182e+02
8.275878e+00 1.259016e-03 -5.901657e+02
8.275878e+00 1.359487e-03 -6.316617e+02
8.275878e+00 1.467975e-03 -6.755735e+02
8.275878e+00 1.585121e-03 -7.219579e+02
8.275878e+00 1.711615e-03 -7.708598e+02
8.275878e+00 1.848204e-03 -8.223105e+02
8.275878e+00 1.995693e-03 -8.763187e+02
8.275878e+00 2.154951e-03 -9.328676e+02
8.275878e+00 2.326918e-03 -9.919163e+02
8.275878e+00 2.512609e-03 -1.053387e+03
8.275878e+00 2.713117e-03 -1.117162e+03
8.275878e+00 2.929627e-03 -1.183086e+03
8.275878e+00 3.163414e-03 -1.250952e+03
8.275878e+00 3.415858e-03 -1.320500e+03
8.275878e+00 3.688447e-03 -1.391420e+03
8.275878e+00 3.982789e-03 -1.463329e+03
8.275878e+00 4.300619e-03 -1.535767e+03
8.275878e+00 4.643813e-03 -1.608215e+03
8.275878e+00 5.014394e-03 -1.680056e+03
8.275878e+00 5.414548e-03 -1.750580e+03
8.275878e+00 5.846635e-03 -1.819012e+03
8.275878e+00 6.313202e-03 -1.884455e+03
8.275878e+00 6.817002e-03 -1.945905e+03
8.275878e+00 7.361006e-03 -2.002303e+03
8.275878e+00 7.948422e-03 -2.052466e+03
8.275878e+00 8.582714e-03 -2.095113e+03
8.275878e+00 9.267624e-03 -2.128970e+03
8.275878e+00 1.000719e-02 -2.152680e+03
8.275878e+00 1.080577e-02 -2.164867e+03
8.275878e+00 1.166809e-02 -2.164295e+03
8.275878e+00 1.259921e-02 -2.149874e+03
8.275878e+00 1.360464e-02 -2.120728e+03
8.275878e+00 1.469030e-02 -2.076344e+03
8.275878e+00 1.586261e-02 -2.016831e+03
8.275878e+00 1.712846e-02 -1.942890e+03
8.275878e+00 1.849533e-02 -1.855685e+03
8.275878e+00 1.997127e-02 -1.757727e+03
8.275878e+00 2.156500e-02 -1.652384e+03
8.275878e+00 2.328591e-02 -1.542903e+03
8.275878e+00 2.514415e-02 -1.433750e+03
8.275878e+00 2.715068e-02 -1.329687e+03
8.275878e+00 2.931733e-02 -1.234291e+03
8.275878e+00 3.165689e-02 -1.150185e+03
8.275878e+00 3.418314e-02 -1.078945e+03
8.275878e+00 3.691099e-02 -1.019470e+03
8.275878e+00 3.985652e-02 -9.681578e+02
8.275878e+00 4.303711e-02 -9.189643e+02
8.275878e+00 4.647152e-02 -8.645537e+02
8.275878e+00 5.017999e-02 -7.986890e+02
8.275878e+00 5.418441e-02 -7.306042e+02
8.275878e+00 5.850838e-02 -6.740571e+02
8.275878e+00 6.317741e-02 -6.129975e+02
8.275878e+00 6.821903e-02 -5.470652e+02
8.275878e+00 7.366298e-02 -4.774825e+02
8.275878e+00 7.954136e-02 -4.187974e+02
8.275878e+00 8.588885e-02 -3.554291e+02
8.275878e+00 9.274286e-02 -2.870039e+02
8.275878e+00 1.001438e-01 -2.131184e+02
8.275878e+00 1.081354e-01 -1.746949e+02
8.275878e+00 1.167647e-01 -1.529372e+02
8.275878e+00 1.260827e-01 -1.294433e+02
8.275878e+00 1.361442e-01 -1.040745e+02
8.275878e+00 1.470087e-01 -8.029924e+01
8.275878e+00 1.587401e-01 -7.003850e+01
8.275878e+00 1.714077e-01 -5.895895e+01
8.275878e+00 1.850862e-01 -4.699524e+01
8.275878e+00 1.998563e-01 -3.407681e+01
8.275878e+00 2.158051e-01 -2.857601e+01
8.275878e+00 2.330265e-01 -2.432377e+01
8.275878e+00 2.516223e-01 -1.973221e+01
8.275878e+00 2.717020e-01 -1.477423e+01
8.275878e+00 2.933841e-01 -1.118234e+01
8.275878e+00 3.167964e-01 -9.542847e+00
8.275878e+00 3.420771e-01 -7.772524e+00
8.275878e+00 3.693752e-01 -5.860928e+00
8.275878e+00 3.988518e-01 -3.909803e+00
8.275878e+00 4.306805e-01 -3.388256e+00
8.275878e+00 4.650493e-01 -2.825089e+00
8.275878e+00 5.021607e-01 -2.216980e+00
8.275878e+00 5.422336e-01 -1.560344e+00
8.275878e+00 5.855044e-01 -1.223111e+00
8.275878e+00 6.322283e-01 -1.032230e+00
8.275878e+00 6.826808e-01 -8.261168e-01
8.275878e+00 7.371594e-01 -6.035552e-01
8.275878e+00 7.959855e-01 -4.213125e-01
8.275878e+00 8.595059e-01 -3.611920e-01
8.275878e+00 9.280954e-01 -2.962738e-01
8.275878e+00 1.002158e+00 -2.261751e-01
8.275878e+00 1.082132e+00 -1.504825e-01
8.275878e+00 1.168487e+00 -1.275696e-01
8.275878e+00 1.261733e+00 -1.078379e-01
8.275878e+00 1.362421e+00 -8.653164e-02
8.275878e+00 1.471144e+00 -6.352510e-02
8.275878e+00 1.588542e+00 -4.879841e-02
8.275878e+00 1.715310e+00 -4.175328e-02
8.275878e+00 1.852193e+00 -3.414594e-02
8.275878e+00 2.000000e+00 -2.593152e-02
8.461396e+00 1.000000e-03 -5.225656e+02
8.461396e+00 1.079801e-03 -5.603714e+02
8.461396e+00 1.165970e-03 -6.005684e+02
8.461396e+00 1.259016e-03 -6.432451e+02
8.461396e+00 1.359487e-03 -6.884823e+02
8.461396e+00 1.467975e-03 -7.363529e+02
8.461396e+00 1.585121e-03 -7.869187e+02
8.461396e+00 1.711615e-03 -8.402282e+02
8.461396e+00 1.848204e-03 -8.963156e+02
8.461396e+00 1.995693e-03 -9.551903e+02
8.461396e+00 2.154951e-03 -1.016834e+03
8.461396e+00 2.326918e-03 -1.081203e+03
8.461396e+00 2.512609e-03 -1.148212e+03
8.461396e+00 2.713117e-03 -1.217733e+03
8.461396e+00 2.929627e-03 -1.289595e+03
8.461396e+00 3.163414e-03 -1.363575e+03
8.461396e+00 3.415858e-03 -1.439389e+03
8.461396e+00 3.688447e-03 -1.516697e+03
8.461396e+00 3.982789e-03 -1.595083e+03
8.461396e+00 4.300619e-03 -1.674047e+03
8.461396e+00 4.643813e-03 -1.753020e+03
8.461396e+00 5.014394e-03 -1.831332e+03
8.461396e+00 5.414548e-03 -1.908208e+03
8.461396e+00 5.846635e-03 -1.982804e+03
8.461396e+00 6.313202e-03 -2.054141e+03
8.461396e+00 6.817002e-03 -2.121125e+03
8.461396e+00 7.361006e-03 -2.182603e+03
8.461396e+00 7.948422e-03 -2.237284e+03
8.461396e+00 8.582714e-03 -2.283773e+03
8.461396e+00 9.267624e-03 -2.320680e+03
8.461396e+00 1.000719e-02 -2.346526e+03
8.461396e+00 1.080577e-02 -2.359811e+03
8.461396e+00 1.166809e-02 -2.359189e+03
8.461396e+00 1.259921e-02 -2.343469e+03
8.461396e+00 1.360464e-02 -2.311699e+03
8.461396e+00 1.469030e-02 -2.263318e+03
8.461396e+00 1.586261e-02 -2.198447e+03
8.461396e+00 1.712846e-02 -2.117848e+03
8.461396e+00 1.849533e-02 -2.022790e+03
8.461396e+00 1.997127e-02 -1.916012e+03
8.461396e+00 2.156500e-02 -1.801182e+03
8.461396e+00 2.328591e-02 -1.681843e+03
8.461396e+00 2.514415e-02 -1.562860e+03
8.461396e+00 2.715068e-02 -1.449426e+03
8.461396e+00 2.931733e-02 -1.345440e+03
8.461396e+00 3.165689e-02 -1.253761e+03
8.461396e+00 3.418314e-02 -1.176105e+03
8.461396e+00 3.691099e-02 -1.111274e+03
8.461396e+00 3.985652e-02 -1.055341e+03
8.461396e+00 4.303711e-02 -1.001718e+03
8.461396e+00 4.647152e-02 -9.424076e+02
8.461396e+00 5.017999e-02 -8.706117e+02
8.461396e+00 5.418441e-02 -7.983482e+02
8.461396e+00 5.850838e-02 -7.421454e+02
8.461396e+00 6.317741e-02 -6.814575e+02
8.461396e+00 6.821903e-02 -6.159266e+02
8.461396e+00 7.366298e-02 -5.463838e+02
8.461396e+00 7.954136e-02 -4.837223e+02
8.461396e+00 8.588885e-02 -4.160604e+02
8.461396e+00 9.274286e-02 -3.429991e+02
8.461396e+00 1.001438e-01 -2.641073e+02
8.461396e+00 1.081354e-01 -2.212595e+02
8.461396e+00 1.167647e-01 -1.951927e+02
8.461396e+00 1.260827e-01 -1.670458e+02
8.461396e+00 1.361442e-01 -1.366527e+02
8.461396e+00 1.470087e-01 -1.078983e+02
8.461396e+00 1.587401e-01 -9.416167e+01
8.461396e+00 1.714077e-01 -7.932886e+01
8.461396e+00 1.850862e-01 -6.331238e+01
8.461396e+00 1.998563e-01 -4.601777e+01
8.461396e+00 2.158051e-01 -3.863363e+01
8.461396e+00 2.330265e-01 -3.291546e+01
8.461396e+00 2.516223e-01 -2.674097e+01
8.461396e+00 2.717020e-01 -2.007375e+01
8.461396e+00 2.933841e-01 -1.524477e+01
8.461396e+00 3.167964e-01 -1.304291e+01
8.461396e+00 3.420771e-01 -1.066533e+01
8.461396e+00 3.693752e-01 -8.098025e+00
8.461396e+00 3.988518e-01 -5.475765e+00
8.461396e+00 4.306805e-01 -4.747148e+00
8.461396e+00 4.650493e-01 -3.960386e+00
8.461396e+00 5.021607e-01 -3.110840e+00
8.461396e+00 5.422336e-01 -2.193499e+00
8.461396e+00 5.855044e-01 -1.721285e+00
8.461396e+00 6.322283e-01 -1.452933e+00
8.461396e+00 6.826808e-01 -1.163166e+00
8.461396e+00 7.371594e-01 -8.502758e-01
8.461396e+00 7.959855e-01 -5.939743e-01
8.461396e+00 8.595059e-01 -5.091312e-01
8.461396e+00 9.280954e-01 -4.175176e-01
8.461396e+00 1.002158e+00 -3.185931e-01
8.461396e+00 1.082132e+00 -2.117743e-01
8.461396e+00 1.168487e+00 -1.793564e-01
8.461396e+00 1.261733e+00 -1.514143e-01
8.461396e+00 1.362421e+00 -1.212424e-01
8.461396e+00 1.471144e+00 -8.866276e-02
8.461396e+00 1.588542e+00 -6.785961e-02
8.461396e+00 1.715310e+00 -5.798348e-02
8.461396e+00 1.852193e+00 -4.731922e-02
8.461396e+00 2.000000e+00 -3.580394e-02
8.650623e+00 1.000000e-03 -5.158185e+02
8.650623e+00 1.079801e-03 -5.531442e+02
8.650623e+00 1.165970e-03 -5.928314e+02
8.650623e+00 1.259016e-03 -6.349673e+02
8.650623e+00 1.359487e-03 -6.796314e+02
8.650623e+00 1.467975e-03 -7.268955e+02
8.650623e+00 1.585121e-03 -7.768203e+02
8.650623e+00 1.711615e-03 -8.294536e+02
8.650623e+00 1.848204e-03 -8.848286e+02
8.650623e+00 1.995693e-03 -9.429549e+02
8.650623e+00 2.154951e-03 -1.003815e+03
8.650623e+00 2.326918e-03 -1.067364e+03
8.650623e+00 2.512609e-03 -1.133521e+03
8.650623e+00 2.713117e-03 -1.202157e+03
8.650623e+00 2.929627e-03 -1.273105e+03
8.650623e+00 3.163414e-03 -1.346143e+03
8.650623e+00 3.415858e-03 -1.420991e+03
8.650623e+00 3.688447e-03 -1.497315e+03
8.650623e+00 3.982789e-03 -1.574702e+03
8.650623e+00 4.300619e-03 -1.652660e+03
8.650623e+00 4.643813e-03 -1.730627e+03
8.650623e+00 5.014394e-03 -1.807940e+03
8.650623e+00 5.414548e-03 -1.883837e+03
8.650623e+00 5.846635e-03 -1.957482e+03
8.650623e+00 6.313202e-03 -2.027910e+03
8.650623e+00 6.817002e-03 -2.094040e+03
8.650623e+00 7.361006e-03 -2.154734e+03
8.650623e+00 7.948422e-03 -2.208718e+03
8.650623e+00 8.582714e-03 -2.254614e+03
8.650623e+00 9.267624e-03 -2.291051e+03
8.650623e+00 1.000719e-02 -2.316568e+03
8.650623e+00 1.080577e-02 -2.329684e+03
8.650623e+00 1.166809e-02 -2.329072e+03
8.650623e+00 1.259921e-02 -2.313553e+03
8.650623e+00 1.360464e-02 -2.282189e+03
8.650623e+00 1.469030e-02 -2.234426e+03
8.650623e+00 1.586261e-02 -2.170383e+03
8.650623e+00 1.712846e-02 -2.090814e+03
8.650623e+00 1.849533e-02 -1.996969e+03
8.650623e+00 1.997127e-02 -1.891554e+03
8.650623e+00 2.156500e-02 -1.778190e+03
8.650623e+00 2.328591e-02 -1.660374e+03
8.650623e+00 2.514415e-02 -1.542910e+03
8.650623e+00 2.715068e-02 -1.430924e+03
8.650623e+00 2.931733e-02 -1.328266e+03
8.650623e+00 3.165689e-02 -1.237757e+03
8.650623e+00 3.418314e-02 -1.161093e+03
8.650623e+00 3.691099e-02 -1.097089e+03
8.650623e+00 3.985652e-02 -1.041870e+03
8.650623e+00 4.303711e-02 -9.889311e+02
8.650623e+00 4.647152e-02 -9.303780e+02
8.650623e+00 5.017999e-02 -8.594986e+02
8.650623e+00 5.418441e-02 -7.900136e+02
8.650623e+00 5.850838e-02 -7.396963e+02
8.650623e+00 6.317741e-02 -6.853636e+02
8.650623e+00 6.821903e-02 -6.266951e+02
8.650623e+00 7.366298e-02 -5.640506e+02
8.650623e+00 7.954136e-02 -5.036135e+02
8.650623e+00 8.588885e-02 -4.383535e+02
8.650623e+00 9.274286e-02 -3.678857e+02
8.650623e+00 1.001438e-01 -2.917945e+02
8.650623e+00 1.081354e-01 -2.485844e+02
8.650623e+00 1.167647e-01 -2.205107e+02
8.650623e+00 1.260827e-01 -1.901967e+02
8.650623e+00 1.361442e-01 -1.574636e+02
8.650623e+00 1.470087e-01 -1.263217e+02
8.650623e+00 1.587401e-01 -1.106001e+02
8.650623e+00 1.714077e-01 -9.362395e+01
8.650623e+00 1.850862e-01 -7.529303e+01
8.650623e+00 1.998563e-01 -5.549929e+01
8.650623e+00 2.158051e-01 -4.680507e+01
8.650623e+00 2.330265e-01 -3.994961e+01
8.650623e+00 2.516223e-01 -3.254708e+01
8.650623e+00 2.717020e-01 -2.455383e+01
8.650623e+00 2.933841e-01 -1.875261e+01
8.650623e+00 3.167964e-01 -1.608508e+01
8.650623e+00 3.420771e-01 -1.320469e+01
8.650623e+00 3.693752e-01 -1.009443e+01
8.650623e+00 3.988518e-01 -6.915341e+00
8.650623e+00 4.306805e-01 -5.998585e+00
8.650623e+00 4.650493e-01 -5.008671e+00
8.650623e+00 5.021607e-01 -3.939761e+00
8.650623e+00 5.422336e-01 -2.785551e+00
8.650623e+00 5.855044e-01 -2.188954e+00
8.650623e+00 6.322283e-01 -1.847522e+00
8.650623e+00 6.826808e-01 -1.478844e+00
8.650623e+00 7.371594e-01 -1.080744e+00
8.650623e+00 7.959855e-01 -7.547374e-01
8.650623e+00 8.595059e-01 -6.471073e-01
8.650623e+00 9.280954e-01 -5.308882e-01
8.650623e+00 1.002158e+00 -4.053947e-01
8.650623e+00 1.082132e+00 -2.698867e-01
8.650623e+00 1.168487e+00 -2.284991e-01
8.650623e+00 1.261733e+00 -1.927460e-01
8.650623e+00 1.362421e+00 -1.541398e-01
8.650623e+00 1.471144e+00 -1.124527e-01
8.650623e+00 1.588542e+00 -8.585837e-02
8.650623e+00 1.715310e+00 -7.326863e-02
8.650623e+00 1.852193e+00 -5.967421e-02
8.650623e+00 2.000000e+00 -4.499494e-02
8.843636e+00 1.000000e-03 -4.904427e+02
8.843636e+00 1.079801e-03 -5.259399e+02
8.843636e+00 1.165970e-03 -5.636835e+02
8.843636e+00 1.259016e-03 -6.037565e+02
8.843636e+00 1.359487e-03 -6.462341e+02
8.843636e+00 1.467975e-03 -6.911844e+02
8.843636e+00 1.585121e-03 -7.386648e+02
8.843636e+00 1.711615e-03 -7.887206e+02
8.843636e+00 1.848204e-03 -8.413831e+02
8.843636e+00 1.995693e-03 -8.966614e+02
8.843636e+00 2.154951e-03 -9.545387e+02
8.843636e+00 2.326918e-03 -1.014974e+03
8.843636e+00 2.512609e-03 -1.077888e+03
8.843636e+00 2.713117e-03 -1.143161e+03
8.843636e+00 2.929627e-03 -1.210631e+03
8.843636e+00 3.163414e-03 -1.280089e+03
8.843636e+00 3.415858e-03 -1.351268e+03
8.843636e+00 3.688447e-03 -1.423851e+03
8.843636e+00 3.982789e-03 -1.497444e+03
8.843636e+00 4.300619e-03 -1.571580e+03
8.843636e+00 4.643813e-03 -1.645724e+03
8.843636e+00 5.014394e-03 -1.719247e+03
8.843636e+00 5.414548e-03 -1.791423e+03
8.843636e+00 5.846635e-03 -1.861456e+03
8.843636e+00 6.313202e-03 -1.928431e+03
8.843636e+00 6.817002e-03 -1.991319e+03
8.843636e+00 7.361006e-03 -2.049037e+03
8.843636e+00 7.948422e-03 -2.100374e+03
8.843636e+00 8.582714e-03 -2.144020e+03
8.843636e+00 9.267624e-03 -2.178670e+03
8.843636e+00 1.000719e-02 -2.202937e+03
8.843636e+00 1.080577e-02 -2.215411e+03
8.843636e+00 1.166809e-02 -2.214829e+03
8.843636e+00 1.259921e-02 -2.200072e+03
8.843636e+00 1.360464e-02 -2.170246e+03
8.843636e+00 1.469030e-02 -2.124827e+03
8.843636e+00 1.586261e-02 -2.063925e+03
8.843636e+00 1.712846e-02 -1.988259e+03
8.843636e+00 1.849533e-02 -1.899018e+03
8.843636e+00 1.997127e-02 -1.798773e+03
8.843636e+00 2.156500e-02 -1.690970e+03
8.843636e+00 2.328591e-02 -1.578934e+03
8.843636e+00 2.514415e-02 -1.467231e+03
8.843636e+00 2.715068e-02 -1.360738e+03
8.843636e+00 2.931733e-02 -1.263115e+03
8.843636e+00 3.165689e-02 -1.177045e+03
8.843636e+00 3.418314e-02 -1.104142e+03
8.843636e+00 3.691099e-02 -1.043278e+03
8.843636e+00 3.985652e-02 -9.907669e+02
8.843636e+00 4.303711e-02 -9.404246e+02
8.843636e+00 4.647152e-02 -8.847435e+02
8.843636e+00 5.017999e-02 -8.173407e+02
8.843636e+00 5.418441e-02 -7.521131e+02
8.843636e+00 5.850838e-02 -7.066286e+02
8.843636e+00 6.317741e-02 -6.575144e+02
8.843636e+00 6.821903e-02 -6.044808e+02
8.843636e+00 7.366298e-02 -5.477901e+02
8.843636e+00 7.954136e-02 -4.924469e+02
8.843636e+00 8.588885e-02 -4.326873e+02
8.843636e+00 9.274286e-02 -3.681588e+02
8.843636e+00 1.001438e-01 -2.984808e+02
8.843636e+00 1.081354e-01 -2.574883e+02
8.843636e+00 1.167647e-01 -2.295632e+02
8.843636e+00 1.260827e-01 -1.994097e+02
8.843636e+00 1.361442e-01 -1.668500e+02
8.843636e+00 1.470087e-01 -1.357217e+02
8.843636e+00 1.587401e-01 -1.192758e+02
8.843636e+00 1.714077e-01 -1.015175e+02
8.843636e+00 1.850862e-01 -8.234211e+01
8.843636e+00 1.998563e-01 -6.163647e+01
8.843636e+00 2.158051e-01 -5.225038e+01
8.843636e+00 2.330265e-01 -4.470632e+01
8.843636e+00 2.516223e-01 -3.656024e+01
8.843636e+00 2.717020e-01 -2.776409e+01
8.843636e+00 2.933841e-01 -2.135277e+01
8.843636e+00 3.167964e-01 -1.835289e+01
8.843636e+00 3.420771e-01 -1.511362e+01
8.843636e+00 3.693752e-01 -1.161585e+01
8.843636e+00 3.988518e-01 -8.038854e+00
8.843636e+00 4.306805e-01 -6.980374e+00
8.843636e+00 4.650493e-01 -5.837427e+00
8.843636e+00 5.021607e-01 -4.603271e+00
8.843636e+00 5.422336e-01 -3.270628e+00
8.843636e+00 5.855044e-01 -2.577976e+00
8.843636e+00 6.322283e-01 -2.177849e+00
8.843636e+00 6.826808e-01 -1.745791e+00
8.843636e+00 7.371594e-01 -1.279254e+00
8.843636e+00 7.959855e-01 -8.966948e-01
8.843636e+00 8.595059e-01 -7.688160e-01
8.843636e+00 9.280954e-01 -6.307323e-01
8.843636e+00 1.002158e+00 -4.816294e-01
8.843636e+00 1.082132e+00 -3.206280e-01
8.843636e+00 1.168487e+00 -2.712964e-01
8.843636e+00 1.261733e+00 -2.286333e-01
8.843636e+00 1.362421e+00 -1.825657e-01
8.843636e+00 1.471144e+00 -1.328218e-01
8.843636e+00 1.588542e+00 -1.011432e-01
8.843636e+00 1.715310e+00 -8.622897e-02
8.843636e+00 1.852193e+00 -7.012459e-02
8.843636e+00 2.000000e+00 -5.273506e-02
9.040509e+00 1.000000e-03 -4.471776e+02
9.040509e+00 1.079801e-03 -4.795505e+02
9.040509e+00 1.165970e-03 -5.139727e+02
9.040509e+00 1.259016e-03 -5.505199e+02
9.040509e+00 1.359487e-03 -5.892604e+02
9.040509e+00 1.467975e-03 -6.302560e+02
9.040509e+00 1.585121e-03 -6.735588e+02
9.040509e+00 1.711615e-03 -7.192100e+02
9.040509e+00 1.848204e-03 -7.672378e+02
9.040509e+00 1.995693e-03 -8.176506e+02
9.040509e+00 2.154951e-03 -8.704331e+02
9.040509e+00 2.326918e-03 -9.255483e+02
9.040509e+00 2.512609e-03 -9.829242e+02
9.040509e+00 2.713117e-03 -1.042450e+03
9.040509e+00 2.929627e-03 -1.103981e+03
9.040509e+00 3.163414e-03 -1.167324e+03
9.040509e+00 3.415858e-03 -1.232236e+03
9.040509e+00 3.688447e-03 -1.298428e+03
9.040509e+00 3.982789e-03 -1.365542e+03
9.040509e+00 4.300619e-03 -1.433150e+03
9.040509e+00 4.643813e-03 -1.500766e+03
9.040509e+00 5.014394e-03 -1.567815e+03
9.040509e+00 5.414548e-03 -1.633635e+03
9.040509e+00 5.846635e-03 -1.697502e+03
9.040509e+00 6.313202e-03 -1.758580e+03
9.040509e+00 6.817002e-03 -1.815930e+03
9.040509e+00 7.361006e-03 -1.868565e+03
9.040509e+00 7.948422e-03 -1.915382e+03
9.040509e+00 8.582714e-03 -1.955185e+03
9.040509e+00 9.267624e-03 -1.986784e+03
9.040509e+00 1.000719e-02 -2.008915e+03
9.040509e+00 1.080577e-02 -2.020291e+03
9.040509e+00 1.166809e-02 -2.019761e+03
9.040509e+00 1.259921e-02 -2.006304e+03
9.040509e+00 1.360464e-02 -1.979106e+03
9.040509e+00 1.469030e-02 -1.937687e+03
9.040509e+00 1.586261e-02 -1.882149e+03
9.040509e+00 1.712846e-02 -1.813148e+03
9.040509e+00 1.849533e-02 -1.731766e+03
9.040509e+00 1.997127e-02 -1.640351e+03
9.040509e+00 2.156500e-02 -1.542042e+03
9.040509e+00 2.328591e-02 -1.439873e+03
9.040509e+00 2.514415e-02 -1.338009e+03
9.040509e+00 2.715068e-02 -1.240895e+03
9.040509e+00 2.931733e-02 -1.151870e+03
9.040509e+00 3.165689e-02 -1.073380e+03
9.040509e+00 3.418314e-02 -1.006898e+03
9.040509e+00 3.691099e-02 -9.513939e+02
9.040509e+00 3.985652e-02 -9.035078e+02
9.040509e+00 4.303711e-02 -8.575993e+02
9.040509e+00 4.647152e-02 -8.068221e+02
9.040509e+00 5.017999e-02 -7.453556e+02
9.040509e+00 5.418441e-02 -6.866579e+02
9.040509e+00 5.850838e-02 -6.473651e+02
9.040509e+00 6.317741e-02 -6.049367e+02
9.040509e+00 6.821903e-02 -5.591225e+02
9.040509e+00 7.366298e-02 -5.100269e+02
9.040509e+00 7.954136e-02 -4.608386e+02
9.040509e+00 8.588885e-02 -4.077250e+02
9.040509e+00 9.274286e-02 -3.503728e+02
9.040509e+00 1.001438e-01 -2.884439e+02
9.040509e+00 1.081354e-01 -2.512348e+02
9.040509e+00 1.167647e-01 -2.252080e+02
9.040509e+00 1.260827e-01 -1.971042e+02
9.040509e+00 1.361442e-01 -1.667578e+02
9.040509e+00 1.470087e-01 -1.375757e+02
9.040509e+00 1.587401e-01 -1.213411e+02
9.040509e+00 1.714077e-01 -1.038110e+02
9.040509e+00 1.850862e-01 -8.488193e+01
9.040509e+00 1.998563e-01 -6.444230e+01
9.040509e+00 2.158051e-01 -5.491359e+01
9.040509e+00 2.330265e-01 -4.712968e+01
9.040509e+00 2.516223e-01 -3.872459e+01
9.040509e+00 2.717020e-01 -2.964878e+01
9.040509e+00 2.933841e-01 -2.299797e+01
9.040509e+00 3.167964e-01 -1.981894e+01
9.040509e+00 3.420771e-01 -1.638622e+01
9.040509e+00 3.693752e-01 -1.267956e+01
9.040509e+00 3.988518e-01 -8.886274e+00
9.040509e+00 4.306805e-01 -7.724201e+00
9.040509e+00 4.650493e-01 -6.469394e+00
9.040509e+00 5.021607e-01 -5.114453e+00
9.040509e+00 5.422336e-01 -3.651385e+00
9.040509e+00 5.855044e-01 -2.886990e+00
9.040509e+00 6.322283e-01 -2.441591e+00
9.040509e+00 6.826808e-01 -1.960649e+00
9.040509e+00 7.371594e-01 -1.441326e+00
9.040509e+00 7.959855e-01 -1.014779e+00
9.040509e+00 8.595059e-01 -8.700136e-01
9.040509e+00 9.280954e-01 -7.136963e-01
9.040509e+00 1.002158e+00 -5.449047e-01
9.040509e+00 1.082132e+00 -3.626434e-01
9.040509e+00 1.168487e+00 -3.066882e-01
9.040509e+00 1.261733e+00 -2.582641e-01
9.040509e+00 1.362421e+00 -2.059756e-01
9.040509e+00 1.471144e+00 -1.495145e-01
9.040509e+00 1.588542e+00 -1.135857e-01
9.040509e+00 1.715310e+00 -9.671141e-02
9.040509e+00 1.852193e+00 -7.849056e-02
9.040509e+00 2.000000e+00 -5.881566e-02
9.241319e+00 1.000000e-03 -4.021442e+02
9.241319e+00 1.079801e-03 -4.312635e+02
9.241319e+00 1.165970e-03 -4.622268e+02
9.241319e+00 1.259016e-03 -4.951020e+02
9.241319e+00 1.359487e-03 -5.299504e+02
9.241319e+00 1.467975e-03 -5.668273e+02
9.241319e+00 1.585121e-03 -6.057796e+02
9.241319e+00 1.711615e-03 -6.468438e+02
9.241319e+00 1.848204e-03 -6.900453e+02
9.241319e+00 1.995693e-03 -7.353913e+02
9.241319e+00 2.154951e-03 -7.828685e+02
9.241319e+00 2.326918e-03 -8.324437e+02
9.241319e+00 2.512609e-03 -8.840524e+02
9.241319e+00 2.713117e-03 -9.375948e+02
9.241319e+00 2.929627e-03 -9.929403e+02
9.241319e+00 3.163414e-03 -1.049916e+03
9.241319e+00 3.415858e-03 -1.108303e+03
9.241319e+00 3.688447e-03 -1.167840e+03
9.241319e+00 3.982789e-03 -1.228207e+03
9.241319e+00 4.300619e-03 -1.289018e+03
9.241319e+00 4.643813e-03 -1.349836e+03
9.241319e+00 5.014394e-03 -1.410144e+03
9.241319e+00 5.414548e-03 -1.469347e+03
9.241319e+00 5.846635e-03 -1.526793e+03
9.241319e+00 6.313202e-03 -1.581729e+03
9.241319e+00 6.817002e-03 -1.633313e+03
9.241319e+00 7.361006e-03 -1.680657e+03
9.241319e+00 7.948422e-03 -1.722766e+03
9.241319e+00 8.582714e-03 -1.758567e+03
9.241319e+00 9.267624e-03 -1.786990e+03
9.241319e+00 1.000719e-02 -1.806896e+03
9.241319e+00 1.080577e-02 -1.817129e+03
9.241319e+00 1.166809e-02 -1.816653e+03
9.241319e+00 1.259921e-02 -1.804550e+03
9.241319e+00 1.360464e-02 -1.780087e+03
9.241319e+00 1.469030e-02 -1.742834e+03
9.241319e+00 1.586261e-02 -1.692881e+03
9.241319e+00 1.712846e-02 -1.630819e+03
9.241319e+00 1.849533e-02 -1.557621e+03
9.241319e+00 1.997127e-02 -1.475399e+03
9.241319e+00 2.156500e-02 -1.386976e+03
9.241319e+00 2.328591e-02 -1.295081e+03
9.241319e+00 2.514415e-02 -1.203460e+03
9.241319e+00 2.715068e-02 -1.116112e+03
9.241319e+00 2.931733e-02 -1.036039e+03
9.241319e+00 3.165689e-02 -9.654423e+02
9.241319e+00 3.418314e-02 -9.056451e+02
9.241319e+00 3.691099e-02 -8.557228e+02
9.241319e+00 3.985652e-02 -8.126521e+02
9.241319e+00 4.303711e-02 -7.713601e+02
9.241319e+00 4.647152e-02 -7.256890e+02
9.241319e+00 5.017999e-02 -6.704035e+02
9.241319e+00 5.418441e-02 -6.181421e+02
9.241319e+00 5.850838e-02 -5.842870e+02
9.241319e+00 6.317741e-02 -5.477301e+02
9.241319e+00 6.821903e-02 -5.082560e+02
9.241319e+00 7.366298e-02 -4.658447e+02
9.241319e+00 7.954136e-02 -4.222223e+02
9.241319e+00 8.588885e-02 -3.751188e+02
9.241319e+00 9.274286e-02 -3.242564e+02
9.241319e+00 1.001438e-01 -2.693352e+02
9.241319e+00 1.081354e-01 -2.361503e+02
9.241319e+00 1.167647e-01 -2.127786e+02
9.241319e+00 1.260827e-01 -1.875418e+02
9.241319e+00 1.361442e-01 -1.602911e+02
9.241319e+00 1.470087e-01 -1.339351e+02
9.241319e+00 1.587401e-01 -1.185506e+02
9.241319e+00 1.714077e-01 -1.019383e+02
9.241319e+00 1.850862e-01 -8.400041e+01
9.241319e+00 1.998563e-01 -6.463103e+01
9.241319e+00 2.158051e-01 -5.536631e+01
9.241319e+00 2.330265e-01 -4.768934e+01
9.241319e+00 2.516223e-01 -3.939974e+01
9.241319e+00 2.717020e-01 -3.044863e+01
9.241319e+00 2.933841e-01 -2.384170e+01
9.241319e+00 3.167964e-01 -2.059467e+01
9.241319e+00 3.420771e-01 -1.708853e+01
9.241319e+00 3.693752e-01 -1.330260e+01
9.241319e+00 3.988518e-01 -9.425767e+00
9.241319e+00 4.306805e-01 -8.202382e+00
9.241319e+00 4.650493e-01 -6.881370e+00
9.241319e+00 5.021607e-01 -5.454939e+00
9.241319e+00 5.422336e-01 -3.914678e+00
9.241319e+00 5.855044e-01 -3.105462e+00
9.241319e+00 6.322283e-01 -2.629622e+00
9.241319e+00 6.826808e-01 -2.115809e+00
9.241319e+00 7.371594e-01 -1.560993e+00
9.241319e+00 7.959855e-01 -1.104553e+00
9.241319e+00 8.595059e-01 -9.473554e-01
9.241319e+00 9.280954e-01 -7.776133e-01
9.241319e+00 1.002158e+00 -5.943255e-01
9.241319e+00 1.082132e+00 -3.964112e-01
9.241319e+00 1.168487e+00 -3.352028e-01
9.241319e+00 1.261733e+00 -2.820983e-01
9.241319e+00 1.362421e+00 -2.247560e-01
9.241319e+00 1.471144e+00 -1.628378e-01
9.241319e+00 1.588542e+00 -1.234548e-01
9.241319e+00 1.715310e+00 -1.049856e-01
9.241319e+00 1.852193e+00 -8.504254e-02
9.241319e+00 2.000000e+00 -6.350802e-02
9.446145e+00 1.000000e-03 -3.590396e+02
9.446145e+00 1.079801e-03 -3.850437e+02
9.446145e+00 1.165970e-03 -4.126950e+02
9.446145e+00 1.259016e-03 -4.420541e+02
9.446145e+00 1.359487e-03 -4.731758e+02
9.446145e+00 1.467975e-03 -5.061091e+02
9.446145e+00 1.585121e-03 -5.408956e+02
9.446145e+00 1.711615e-03 -5.775679e+02
9.446145e+00 1.848204e-03 -6.161483e+02
9.446145e+00 1.995693e-03 -6.566433e+02
9.446145e+00 2.154951e-03 -6.990410e+02
9.446145e+00 2.326918e-03 -7.433120e+02
9.446145e+00 2.512609e-03 -7.893988e+02
9.446145e+00 2.713117e-03 -8.372123e+02
9.446145e+00 2.929627e-03 -8.866360e+02
9.446145e+00 3.163414e-03 -9.375151e+02
9.446145e+00 3.415858e-03 -9.896543e+02
9.446145e+00 3.688447e-03 -1.042821e+03
9.446145e+00 3.982789e-03 -1.096728e+03
9.446145e+00 4.300619e-03 -1.151031e+03
9.446145e+00 4.643813e-03 -1.205341e+03
9.446145e+00 5.014394e-03 -1.259195e+03
9.446145e+00 5.414548e-03 -1.312062e+03
9.446145e+00 5.846635e-03 -1.363360e+03
9.446145e+00 6.313202e-03 -1.412418e+03
9.446145e+00 6.817002e-03 -1.458481e+03
9.446145e+00 7.361006e-03 -1.500758e+03
9.446145e+00 7.948422e-03 -1.538362e+03
9.446145e+00 8.582714e-03 -1.570331e+03
9.446145e+00 9.267624e-03 -1.595713e+03
9.446145e+00 1.000719e-02 -1.613489e+03
9.446145e+00 1.080577e-02 -1.622627e+03
9.446145e+00 1.166809e-02 -1.622202e+03
9.446145e+00 1.259921e-02 -1.611395e+03
9.446145e+00 1.360464e-02 -1.589551e+03
9.446145e+00 1.469030e-02 -1.556286e+03
9.446145e+00 1.586261e-02 -1.511680e+03
9.446145e+00 1.712846e-02 -1.456261e+03
9.446145e+00 1.849533e-02 -1.390899e+03
9.446145e+00 1.997127e-02 -1.317477e+03
9.446145e+00 2.156500e-02 -1.238519e+03
9.446145e+00 2.328591e-02 -1.156460e+03
9.446145e+00 2.514415e-02 -1.074646e+03
9.446145e+00 2.715068e-02 -9.966473e+02
9.446145e+00 2.931733e-02 -9.251453e+02
9.446145e+00 3.165689e-02 -8.621050e+02
9.446145e+00 3.418314e-02 -8.087082e+02
9.446145e+00 3.691099e-02 -7.641294e+02
9.446145e+00 3.985652e-02 -7.256688e+02
9.446145e+00 4.303711e-02 -6.887965e+02
9.446145e+00 4.647152e-02 -6.480139e+02
9.446145e+00 5.017999e-02 -5.986460e+02
9.446145e+00 5.418441e-02 -5.521290e+02
9.446145e+00 5.850838e-02 -5.223165e+02
9.446145e+00 6.317741e-02 -4.901250e+02
9.446145e+00 6.821903e-02 -4.553645e+02
9.446145e+00 7.366298e-02 -4.180461e+02
9.446145e+00 7.954136e-02 -3.799545e+02
9.446145e+00 8.588885e-02 -3.388232e+02
9.446145e+00 9.274286e-02 -2.944096e+02
9.446145e+00 1.001438e-01 -2.464517e+02
9.446145e+00 1.081354e-01 -2.171985e+02
9.446145e+00 1.167647e-01 -1.963608e+02
9.446145e+00 1.260827e-01 -1.738603e+02
9.446145e+00 1.361442e-01 -1.495642e+02
9.446145e+00 1.470087e-01 -1.259998e+02
9.446145e+00 1.587401e-01 -1.119313e+02
9.446145e+00 1.714077e-01 -9.674002e+01
9.446145e+00 1.850862e-01 -8.033648e+01
9.446145e+00 1.998563e-01 -6.262393e+01
9.446145e+00 2.158051e-01 -5.393096e+01
9.446145e+00 2.330265e-01 -4.662821e+01
9.446145e+00 2.516223e-01 -3.874270e+01
9.446145e+00 2.717020e-01 -3.022791e+01
9.446145e+00 2.933841e-01 -2.389453e+01
9.446145e+00 3.167964e-01 -2.069174e+01
9.446145e+00 3.420771e-01 -1.723336e+01
9.446145e+00 3.693752e-01 -1.349901e+01
9.446145e+00 3.988518e-01 -9.672598e+00
9.446145e+00 4.306805e-01 -8.429713e+00
9.446145e+00 4.650493e-01 -7.087645e+00
9.446145e+00 5.021607e-01 -5.638478e+00
9.446145e+00 5.422336e-01 -4.073666e+00
9.446145e+00 5.855044e-01 -3.244906e+00
9.446145e+00 6.322283e-01 -2.751207e+00
9.446145e+00 6.826808e-01 -2.218111e+00
9.446145e+00 7.371594e-01 -1.642473e+00
9.446145e+00 7.959855e-01 -1.168143e+00
9.446145e+00 8.595059e-01 -1.002440e+00
9.446145e+00 9.280954e-01 -8.235136e-01
9.446145e+00 1.002158e+00 -6.303086e-01
9.446145e+00 1.082132e+00 -4.216856e-01
9.446145e+00 1.168487e+00 -3.566004e-01
9.446145e+00 1.261733e+00 -2.999643e-01
9.446145e+00 1.362421e+00 -2.388087e-01
9.446145e+00 1.471144e+00 -1.727727e-01
9.446145e+00 1.588542e+00 -1.307815e-01
9.446145e+00 1.715310e+00 -1.111053e-01
9.446145e+00 1.852193e+00 -8.985895e-02
9.446145e+00 2.000000e+00 -6.691712e-02
9.655068e+00 1.000000e-03 -3.191465e+02
9.655068e+00 1.079801e-03 -3.422666e+02
9.655068e+00 1.165970e-03 -3.668519e+02
9.655068e+00 1.259016e-03 -3.929559e+02
9.655068e+00 1.359487e-03 -4.206274e+02
9.655068e+00 1.467975e-03 -4.499098e+02
9.655068e+00 1.585121e-03 -4.808398e+02
9.655068e+00 1.711615e-03 -5.134463e+02
9.655068e+00 1.848204e-03 -5.477488e+02
9.655068e+00 1.995693e-03 -5.837531e+02
9.655068e+00 2.154951e-03 -6.214487e+02
9.655068e+00 2.326918e-03 -6.608096e+02
9.655068e+00 2.512609e-03 -7.017847e+02
9.655068e+00 2.713117e-03 -7.442950e+02
9.655068e+00 2.929627e-03 -7.882367e+02
9.655068e+00 3.163414e-03 -8.334723e+02
9.655068e+00 3.415858e-03 -8.798282e+02
9.655068e+00 3.688447e-03 -9.270974e+02
9.655068e+00 3.982789e-03 -9.750245e+02
9.655068e+00 4.300619e-03 -1.023304e+03
9.655068e+00 4.643813e-03 -1.071589e+03
9.655068e+00 5.014394e-03 -1.119469e+03
9.655068e+00 5.414548e-03 -1.166471e+03
9.655068e+00 5.846635e-03 -1.212078e+03
9.655068e+00 6.313202e-03 -1.255694e+03
9.655068e+00 6.817002e-03 -1.296647e+03
9.655068e+00 7.361006e-03 -1.334234e+03
9.655068e+00 7.948422e-03 -1.367666e+03
9.655068e+00 8.582714e-03 -1.396089e+03
9.655068e+00 9.267624e-03 -1.418655e+03
9.655068e+00 1.000719e-02 -1.434459e+03
9.655068e+00 1.080577e-02 -1.442584e+03
9.655068e+00 1.166809e-02 -1.442207e+03
9.655068e+00 1.259921e-02 -1.432599e+03
9.655068e+00 1.360464e-02 -1.413180e+03
9.655068e+00 1.469030e-02 -1.383606e+03
9.655068e+00 1.586261e-02 -1.343950e+03
9.655068e+00 1.712846e-02 -1.294680e+03
9.655068e+00 1.849533e-02 -1.236570e+03
9.655068e+00 1.997127e-02 -1.171295e+03
9.655068e+00 2.156500e-02 -1.101098e+03
9.655068e+00 2.328591e-02 -1.028144e+03
9.655068e+00 2.514415e-02 -9.554075e+02
9.655068e+00 2.715068e-02 -8.860635e+02
9.655068e+00 2.931733e-02 -8.224951e+02
9.655068e+00 3.165689e-02 -7.664494e+02
9.655068e+00 3.418314e-02 -7.189773e+02
9.655068e+00 3.691099e-02 -6.793448e+02
9.655068e+00 3.985652e-02 -6.451517e+02
9.655068e+00 4.303711e-02 -6.123706e+02
9.655068e+00 4.647152e-02 -5.761131e+02
9.655068e+00 5.017999e-02 -5.322228e+02
9.655068e+00 5.418441e-02 -4.908624e+02
9.655068e+00 5.850838e-02 -4.643448e+02
9.655068e+00 6.317741e-02 -4.357110e+02
9.655068e+00 6.821903e-02 -4.047923e+02
9.655068e+00 7.366298e-02 -3.716366e+02
9.655068e+00 7.954136e-02 -3.381885e+02
9.655068e+00 8.588885e-02 -3.020712e+02
9.655068e+00 9.274286e-02 -2.630717e+02
9.655068e+00 1.001438e-01 -2.209599e+02
9.655068e+00 1.081354e-01 -1.953182e+02
9.655068e+00 1.167647e-01 -1.770914e+02
9.655068e+00 1.260827e-01 -1.574101e+02
9.655068e+00 1.361442e-01 -1.361582e+02
9.655068e+00 1.470087e-01 -1.155048e+02
9.655068e+00 1.587401e-01 -1.029772e+02
9.655068e+00 1.714077e-01 -8.944984e+01
9.655068e+00 1.850862e-01 -7.484303e+01
9.655068e+00 1.998563e-01 -5.907057e+01
9.655068e+00 2.158051e-01 -5.114171e+01
9.655068e+00 2.330265e-01 -4.439823e+01
9.655068e+00 2.516223e-01 -3.711661e+01
9.655068e+00 2.717020e-01 -2.925392e+01
9.655068e+00 2.933841e-01 -2.335398e+01
9.655068e+00 3.167964e-01 -2.027520e+01
9.655068e+00 3.420771e-01 -1.695073e+01
9.655068e+00 3.693752e-01 -1.336097e+01
9.655068e+00 3.988518e-01 -9.680355e+00
9.655068e+00 4.306805e-01 -8.449834e+00
9.655068e+00 4.650493e-01 -7.121117e+00
9.655068e+00 5.021607e-01 -5.686366e+00
9.655068e+00 5.422336e-01 -4.137121e+00
9.655068e+00 5.855044e-01 -3.309836e+00
9.655068e+00 6.322283e-01 -2.810585e+00
9.655068e+00 6.826808e-01 -2.271493e+00
9.655068e+00 7.371594e-01 -1.689382e+00
9.655068e+00 7.959855e-01 -1.208765e+00
9.655068e+00 8.595059e-01 -1.037928e+00
9.655068e+00 9.280954e-01 -8.534582e-01
9.655068e+00 1.002158e+00 -6.542673e-01
9.655068e+00 1.082132e+00 -4.391809e-01
9.655068e+00 1.168487e+00 -3.714878e-01
9.655068e+00 1.261733e+00 -3.124082e-01
9.655068e+00 1.362421e+00 -2.486139e-01
9.655068e+00 1.471144e+00 -1.797288e-01
9.655068e+00 1.588542e+00 -1.359314e-01
9.655068e+00 1.715310e+00 -1.154172e-01
9.655068e+00 1.852193e+00 -9.326597e-02
9.655068e+00 2.000000e+00 -6.934704e-02
9.868170e+00 1.000000e-03 -2.822727e+02
9.868170e+00 1.079801e-03 -3.027263e+02
9.868170e+00 1.165970e-03 -3.244766e+02
9.868170e+00 1.259016e-03 -3.475711e+02
9.868170e+00 1.359487e-03 -3.720525e+02
9.868170e+00 1.467975e-03 -3.979592e+02
9.868170e+00 1.585121e-03 -4.253235e+02
9.868170e+00 1.711615e-03 -4.541708e+02
9.868170e+00 1.848204e-03 -4.845181e+02
9.868170e+00 1.995693e-03 -5.163705e+02
9.868170e+00 2.154951e-03 -5.497187e+02
9.868170e+00 2.326918e-03 -5.845400e+02
9.868170e+00 2.512609e-03 -6.207892e+02
9.868170e+00 2.713117e-03 -6.583964e+02
9.868170e+00 2.929627e-03 -6.972698e+02
9.868170e+00 3.163414e-03 -7.372880e+02
9.868170e+00 3.415858e-03 -7.782970e+02
9.868170e+00 3.688447e-03 -8.201138e+02
9.868170e+00 3.982789e-03 -8.625124e+02
9.868170e+00 4.300619e-03 -9.052226e+02
9.868170e+00 4.643813e-03 -9.479376e+02
9.868170e+00 5.014394e-03 -9.902944e+02
9.868170e+00 5.414548e-03 -1.031875e+03
9.868170e+00 5.846635e-03 -1.072221e+03
9.868170e+00 6.313202e-03 -1.110804e+03
9.868170e+00 6.817002e-03 -1.147033e+03
9.868170e+00 7.361006e-03 -1.180284e+03
9.868170e+00 7.948422e-03 -1.209859e+03
9.868170e+00 8.582714e-03 -1.235004e+03
9.868170e+00 9.267624e-03 -1.254966e+03
9.868170e+00 1.000719e-02 -1.268948e+03
9.868170e+00 1.080577e-02 -1.276135e+03
9.868170e+00 1.166809e-02 -1.275802e+03
9.868170e+00 1.259921e-02 -1.267304e+03
9.868170e+00 1.360464e-02 -1.250126e+03
9.868170e+00 1.469030e-02 -1.223964e+03
9.868170e+00 1.586261e-02 -1.188884e+03
9.868170e+00 1.712846e-02 -1.145299e+03
9.868170e+00 1.849533e-02 -1.093894e+03
9.868170e+00 1.997127e-02 -1.036151e+03
9.868170e+00 2.156500e-02 -9.740530e+02
9.868170e+00 2.328591e-02 -9.095166e+02
9.868170e+00 2.514415e-02 -8.451726e+02
9.868170e+00 2.715068e-02 -7.838295e+02
9.868170e+00 2.931733e-02 -7.275957e+02
9.868170e+00 3.165689e-02 -6.780166e+02
9.868170e+00 3.418314e-02 -6.360218e+02
9.868170e+00 3.691099e-02 -6.009621e+02
9.868170e+00 3.985652e-02 -5.707142e+02
9.868170e+00 4.303711e-02 -5.417154e+02
9.868170e+00 4.647152e-02 -5.096412e+02
9.868170e+00 5.017999e-02 -4.708150e+02
9.868170e+00 5.418441e-02 -4.342783e+02
9.868170e+00 5.850838e-02 -4.109638e+02
9.868170e+00 6.317741e-02 -3.857888e+02
9.868170e+00 6.821903e-02 -3.586047e+02
9.868170e+00 7.366298e-02 -3.294347e+02
9.868170e+00 7.954136e-02 -2.998089e+02
9.868170e+00 8.588885e-02 -2.678190e+02
9.868170e+00 9.274286e-02 -2.332763e+02
9.868170e+00 1.001438e-01 -1.959770e+02
9.868170e+00 1.081354e-01 -1.734940e+02
9.868170e+00 1.167647e-01 -1.577058e+02
9.868170e+00 1.260827e-01 -1.406577e+02
9.868170e+00 1.361442e-01 -1.222491e+02
9.868170e+00 1.470087e-01 -1.043272e+02
9.868170e+00 1.587401e-01 -9.330612e+01
9.868170e+00 1.714077e-01 -8.140556e+01
9.868170e+00 1.850862e-01 -6.855533e+01
9.868170e+00 1.998563e-01 -5.467963e+01
9.868170e+00 2.158051e-01 -4.756612e+01
9.868170e+00 2.330265e-01 -4.145682e+01
9.868170e+00 2.516223e-01 -3.486000e+01
9.868170e+00 2.717020e-01 -2.773674e+01
9.868170e+00 2.933841e-01 -2.234630e+01
9.868170e+00 3.167964e-01 -1.945044e+01
9.868170e+00 3.420771e-01 -1.632349e+01
9.868170e+00 3.693752e-01 -1.294700e+01
9.868170e+00 3.988518e-01 -9.482754e+00
9.868170e+00 4.306805e-01 -8.290424e+00
9.868170e+00 4.650493e-01 -7.002944e+00
9.868170e+00 5.021607e-01 -5.612723e+00
9.868170e+00 5.422336e-01 -4.111560e+00
9.868170e+00 5.855044e-01 -3.303313e+00
9.868170e+00 6.322283e-01 -2.809296e+00
9.868170e+00 6.826808e-01 -2.275856e+00
9.868170e+00 7.371594e-01 -1.699848e+00
9.868170e+00 7.959855e-01 -1.223401e+00
9.868170e+00 8.595059e-01 -1.051371e+00
9.868170e+00 9.280954e-01 -8.656137e-01
9.868170e+00 1.002158e+00 -6.650325e-01
9.868170e+00 1.082132e+00 -4.484447e-01
9.868170e+00 1.168487e+00 -3.795516e-01
9.868170e+00 1.261733e+00 -3.192121e-01
9.868170e+00 1.362421e+00 -2.540574e-01
9.868170e+00 1.471144e+00 -1.837033e-01
9.868170e+00 1.588542e+00 -1.389560e-01
9.868170e+00 1.715310e+00 -1.179733e-01
9.868170e+00 1.852193e+00 -9.531613e-02
9.868170e+00 2.000000e+00 -7.085092e-02
1.008553e+01 1.000000e-03 -2.490660e+02
1.008553e+01 1.079801e-03 -2.671179e+02
1.008553e+01 1.165970e-03 -2.863145e+02
1.008553e+01 1.259016e-03 -3.066979e+02
1.008553e+01 1.359487e-03 -3.283056e+02
1.008553e+01 1.467975e-03 -3.511715e+02
1.008553e+01 1.585121e-03 -3.753239e+02
1.008553e+01 1.711615e-03 -4.007850e+02
1.008553e+01 1.848204e-03 -4.275696e+02
1.008553e+01 1.995693e-03 -4.556822e+02
1.008553e+01 2.154951e-03 -4.851147e+02
1.008553e+01 2.326918e-03 -5.158470e+02
1.008553e+01 2.512609e-03 -5.478393e+02
1.008553e+01 2.713117e-03 -5.810301e+02
1.008553e+01 2.929627e-03 -6.153385e+02
1.008553e+01 3.163414e-03 -6.506570e+02
1.008553e+01 3.415858e-03 -6.868500e+02
1.008553e+01 3.688447e-03 -7.237556e+02
1.008553e+01 3.982789e-03 -7.611747e+02
1.008553e+01 4.300619e-03 -7.988685e+02
1.008553e+01 4.643813e-03 -8.365665e+02
1.008553e+01 5.014394e-03 -8.739484e+02
1.008553e+01 5.414548e-03 -9.106448e+02
1.008553e+01 5.846635e-03 -9.462520e+02
1.008553e+01 6.313202e-03 -9.803039e+02
1.008553e+01 6.817002e-03 -1.012277e+03
1.008553e+01 7.361006e-03 -1.041623e+03
1.008553e+01 7.948422e-03 -1.067724e+03
1.008553e+01 8.582714e-03 -1.089915e+03
1.008553e+01 9.267624e-03 -1.107534e+03
1.008553e+01 1.000719e-02 -1.119873e+03
1.008553e+01 1.080577e-02 -1.126217e+03
1.008553e+01 1.166809e-02 -1.125923e+03
1.008553e+01 1.259921e-02 -1.118424e+03
1.008553e+01 1.360464e-02 -1.103264e+03
1.008553e+01 1.469030e-02 -1.080176e+03
1.008553e+01 1.586261e-02 -1.049217e+03
1.008553e+01 1.712846e-02 -1.010753e+03
1.008553e+01 1.849533e-02 -9.653865e+02
1.008553e+01 1.997127e-02 -9.144268e+02
1.008553e+01 2.156500e-02 -8.596244e+02
1.008553e+01 2.328591e-02 -8.026696e+02
1.008553e+01 2.514415e-02 -7.458846e+02
1.008553e+01 2.715068e-02 -6.917479e+02
1.008553e+01 2.931733e-02 -6.421203e+02
1.008553e+01 3.165689e-02 -5.983656e+02
1.008553e+01 3.418314e-02 -5.613042e+02
1.008553e+01 3.691099e-02 -5.303632e+02
1.008553e+01 3.985652e-02 -5.036687e+02
1.008553e+01 4.303711e-02 -4.780765e+02
1.008553e+01 4.647152e-02 -4.497703e+02
1.008553e+01 5.017999e-02 -4.155053e+02
1.008553e+01 5.418441e-02 -3.832383e+02
1.008553e+01 5.850838e-02 -3.626000e+02
1.008553e+01 6.317741e-02 -3.403146e+02
1.008553e+01 6.821903e-02 -3.162509e+02
1.008553e+01 7.366298e-02 -2.904393e+02
1.008553e+01 7.954136e-02 -2.643281e+02
1.008553e+01 8.588885e-02 -2.361332e+02
1.008553e+01 9.274286e-02 -2.056883e+02
1.008553e+01 1.001438e-01 -1.728138e+02
1.008553e+01 1.081354e-01 -1.531518e+02
1.008553e+01 1.167647e-01 -1.394760e+02
1.008553e+01 1.260827e-01 -1.247088e+02
1.008553e+01 1.361442e-01 -1.087632e+02
1.008553e+01 1.470087e-01 -9.322482e+01
1.008553e+01 1.587401e-01 -8.360176e+01
1.008553e+01 1.714077e-01 -7.321077e+01
1.008553e+01 1.850862e-01 -6.199056e+01
1.008553e+01 1.998563e-01 -4.987497e+01
1.008553e+01 2.158051e-01 -4.356409e+01
1.008553e+01 2.330265e-01 -3.810216e+01
1.008553e+01 2.516223e-01 -3.220436e+01
1.008553e+01 2.717020e-01 -2.583592e+01
1.008553e+01 2.933841e-01 -2.098141e+01
1.008553e+01 3.167964e-01 -1.830951e+01
1.008553e+01 3.420771e-01 -1.542440e+01
1.008553e+01 3.693752e-01 -1.230905e+01
1.008553e+01 3.988518e-01 -9.110563e+00
1.008553e+01 4.306805e-01 -7.977748e+00
1.008553e+01 4.650493e-01 -6.754534e+00
1.008553e+01 5.021607e-01 -5.433707e+00
1.008553e+01 5.422336e-01 -4.007475e+00
1.008553e+01 5.855044e-01 -3.233317e+00
1.008553e+01 6.322283e-01 -2.754291e+00
1.008553e+01 6.826808e-01 -2.237038e+00
1.008553e+01 7.371594e-01 -1.678507e+00
1.008553e+01 7.959855e-01 -1.215660e+00
1.008553e+01 8.595059e-01 -1.045908e+00
1.008553e+01 9.280954e-01 -8.626101e-01
1.008553e+01 1.002158e+00 -6.646845e-01
1.008553e+01 1.082132e+00 -4.509642e-01
1.008553e+01 1.168487e+00 -3.820527e-01
1.008553e+01 1.261733e+00 -3.214280e-01
1.008553e+01 1.362421e+00 -2.559654e-01
1.008553e+01 1.471144e+00 -1.852788e-01
1.008553e+01 1.588542e+00 -1.402497e-01
1.008553e+01 1.715310e+00 -1.190301e-01
1.008553e+01 1.852193e+00 -9.611725e-02
1.008553e+01 2.000000e+00 -7.137591e-02
1.030724e+01 1.000000e-03 -2.186536e+02
1.030724e+01 1.079801e-03 -2.345050e+02
1.030724e+01 1.165970e-03 -2.513622e+02
1.030724e+01 1.259016e-03 -2.692618e+02
1.030724e+01 1.359487e-03 -2.882368e+02
1.030724e+01 1.467975e-03 -3.083169e+02
1.030724e+01 1.585121e-03 -3.295266e+02
1.030724e+01 1.711615e-03 -3.518855e+02
1.030724e+01 1.848204e-03 -3.754063e+02
1.030724e+01 1.995693e-03 -4.000928e+02
1.030724e+01 2.154951e-03 -4.259381e+02
1.030724e+01 2.326918e-03 -4.529245e+02
1.030724e+01 2.512609e-03 -4.810172e+02
1.030724e+01 2.713117e-03 -5.101622e+02
1.030724e+01 2.929627e-03 -5.402885e+02
1.030724e+01 3.163414e-03 -5.713018e+02
1.030724e+01 3.415858e-03 -6.030829e+02
1.030724e+01 3.688447e-03 -6.354897e+02
1.030724e+01 3.982789e-03 -6.683471e+02
1.030724e+01 4.300619e-03 -7.014456e+02
1.030724e+01 4.643813e-03 -7.345477e+02
1.030724e+01 5.014394e-03 -7.673723e+02
1.030724e+01 5.414548e-03 -7.995949e+02
1.030724e+01 5.846635e-03 -8.308610e+02
1.030724e+01 6.313202e-03 -8.607614e+02
1.030724e+01 6.817002e-03 -8.888369e+02
1.030724e+01 7.361006e-03 -9.146045e+02
1.030724e+01 7.948422e-03 -9.375237e+02
1.030724e+01 8.582714e-03 -9.570095e+02
1.030724e+01 9.267624e-03 -9.724799e+02
1.030724e+01 1.000719e-02 -9.833151e+02
1.030724e+01 1.080577e-02 -9.888859e+02
1.030724e+01 1.166809e-02 -9.886287e+02
1.030724e+01 1.259921e-02 -9.820440e+02
1.030724e+01 1.360464e-02 -9.687328e+02
1.030724e+01 1.469030e-02 -9.484605e+02
1.030724e+01 1.586261e-02 -9.212771e+02
1.030724e+01 1.712846e-02 -8.875030e+02
1.030724e+01 1.849533e-02 -8.476690e+02
1.030724e+01 1.997127e-02 -8.029233e+02
1.030724e+01 2.156500e-02 -7.548035e+02
1.030724e+01 2.328591e-02 -7.047937e+02
1.030724e+01 2.514415e-02 -6.549330e+02
1.030724e+01 2.715068e-02 -6.073977e+02
1.030724e+01 2.931733e-02 -5.638215e+02
1.030724e+01 3.165689e-02 -5.254022e+02
1.030724e+01 3.418314e-02 -4.928600e+02
1.030724e+01 3.691099e-02 -4.656919e+02
1.030724e+01 3.985652e-02 -4.422524e+02
1.030724e+01 4.303711e-02 -4.197809e+02
1.030724e+01 4.647152e-02 -3.949264e+02
1.030724e+01 5.017999e-02 -3.648395e+02
1.030724e+01 5.418441e-02 -3.365124e+02
1.030724e+01 5.850838e-02 -3.184055e+02
1.030724e+01 6.317741e-02 -2.988536e+02
1.030724e+01 6.821903e-02 -2.777414e+02
1.030724e+01 7.366298e-02 -2.550938e+02
1.030724e+01 7.954136e-02 -2.321636e+02
1.030724e+01 8.588885e-02 -2.074035e+02
1.030724e+01 9.274286e-02 -1.806676e+02
1.030724e+01 1.001438e-01 -1.517980e+02
1.030724e+01 1.081354e-01 -1.346221e+02
1.030724e+01 1.167647e-01 -1.227536e+02
1.030724e+01 1.260827e-01 -1.099379e+02
1.030724e+01 1.361442e-01 -9.609962e+01
1.030724e+01 1.470087e-01 -8.261159e+01
1.030724e+01 1.587401e-01 -7.424348e+01
1.030724e+01 1.714077e-01 -6.520760e+01
1.030724e+01 1.850862e-01 -5.545064e+01
1.030724e+01 1.998563e-01 -4.491507e+01
1.030724e+01 2.158051e-01 -3.936479e+01
1.030724e+01 2.330265e-01 -3.453530e+01
1.030724e+01 2.516223e-01 -2.932042e+01
1.030724e+01 2.717020e-01 -2.368938e+01
1.030724e+01 2.933841e-01 -1.937079e+01
1.030724e+01 3.167964e-01 -1.694671e+01
1.030724e+01 3.420771e-01 -1.432918e+01
1.030724e+01 3.693752e-01 -1.150278e+01
1.030724e+01 3.988518e-01 -8.599103e+00
1.030724e+01 4.306805e-01 -7.543608e+00
1.030724e+01 4.650493e-01 -6.403884e+00
1.030724e+01 5.021607e-01 -5.173208e+00
1.030724e+01 5.422336e-01 -3.844323e+00
1.030724e+01 5.855044e-01 -3.116186e+00
1.030724e+01 6.322283e-01 -2.659315e+00
1.030724e+01 6.826808e-01 -2.165984e+00
1.030724e+01 7.371594e-01 -1.633285e+00
1.030724e+01 7.959855e-01 -1.190896e+00
1.030724e+01 8.595059e-01 -1.025734e+00
1.030724e+01 9.280954e-01 -8.473929e-01
1.030724e+01 1.002158e+00 -6.548198e-01
1.030724e+01 1.082132e+00 -4.468791e-01
1.030724e+01 1.168487e+00 -3.790018e-01
1.030724e+01 1.261733e+00 -3.190503e-01
1.030724e+01 1.362421e+00 -2.543146e-01
1.030724e+01 1.471144e+00 -1.844130e-01
1.030724e+01 1.588542e+00 -1.398039e-01
1.030724e+01 1.715310e+00 -1.186637e-01
1.030724e+01 1.852193e+00 -9.583638e-02
1.030724e+01 2.000000e+00 -7.118747e-02
1.053339e+01 1.000000e-03 -1.918529e+02
1.053339e+01 1.079801e-03 -2.057648e+02
1.053339e+01 1.165970e-03 -2.205598e+02
1.053339e+01 1.259016e-03 -2.362700e+02
1.053339e+01 1.359487e-03 -2.529244e+02
1.053339e+01 1.467975e-03 -2.705488e+02
1.053339e+01 1.585121e-03 -2.891648e+02
1.053339e+01 1.711615e-03 -3.087891e+02
1.053339e+01 1.848204e-03 -3.294331e+02
1.053339e+01 1.995693e-03 -3.510998e+02
1.053339e+01 2.154951e-03 -3.737832e+02
1.053339e+01 2.326918e-03 -3.974680e+02
1.053339e+01 2.512609e-03 -4.221235e+02
1.053339e+01 2.713117e-03 -4.477025e+02
1.053339e+01 2.929627e-03 -4.741427e+02
1.053339e+01 3.163414e-03 -5.013614e+02
1.053339e+01 3.415858e-03 -5.292538e+02
1.053339e+01 3.688447e-03 -5.576952e+02
1.053339e+01 3.982789e-03 -5.865319e+02
1.053339e+01 4.300619e-03 -6.155802e+02
1.053339e+01 4.643813e-03 -6.446315e+02
1.053339e+01 5.014394e-03 -6.734392e+02
1.053339e+01 5.414548e-03 -7.017187e+02
1.053339e+01 5.846635e-03 -7.291586e+02
1.053339e+01 6.313202e-03 -7.553999e+02
1.053339e+01 6.817002e-03 -7.800396e+02
1.053339e+01 7.361006e-03 -8.026538e+02
1.053339e+01 7.948422e-03 -8.227682e+02
1.053339e+01 8.582714e-03 -8.398696e+02
1.053339e+01 9.267624e-03 -8.534470e+02
1.053339e+01 1.000719e-02 -8.629566e+02
1.053339e+01 1.080577e-02 -8.678461e+02
1.053339e+01 1.166809e-02 -8.676208e+02
1.053339e+01 1.259921e-02 -8.618423e+02
1.053339e+01 1.360464e-02 -8.501604e+02
1.053339e+01 1.469030e-02 -8.323696e+02
1.053339e+01 1.586261e-02 -8.085136e+02
1.053339e+01 1.712846e-02 -7.788736e+02
1.053339e+01 1.849533e-02 -7.439154e+02
1.053339e+01 1.997127e-02 -7.046466e+02
1.053339e+01 2.156500e-02 -6.624167e+02
1.053339e+01 2.328591e-02 -6.185281e+02
1.053339e+01 2.514415e-02 -5.747703e+02
1.053339e+01 2.715068e-02 -5.330532e+02
1.053339e+01 2.931733e-02 -4.948108e+02
1.053339e+01 3.165689e-02 -4.610939e+02
1.053339e+01 3.418314e-02 -4.325349e+02
1.053339e+01 3.691099e-02 -4.086920e+02
1.053339e+01 3.985652e-02 -3.881215e+02
1.053339e+01 4.303711e-02 -3.684005e+02
1.053339e+01 4.647152e-02 -3.465881e+02
1.053339e+01 5.017999e-02 -3.201838e+02
1.053339e+01 5.418441e-02 -2.953093e+02
1.053339e+01 5.850838e-02 -2.793778e+02
1.053339e+01 6.317741e-02 -2.621750e+02
1.053339e+01 6.821903e-02 -2.435994e+02
1.053339e+01 7.366298e-02 -2.236826e+02
1.053339e+01 7.954136e-02 -2.036178e+02
1.053339e+01 8.588885e-02 -1.819518e+02
1.053339e+01 9.274286e-02 -1.585568e+02
1.053339e+01 1.001438e-01 -1.332949e+02
1.053339e+01 1.081354e-01 -1.182749e+02
1.053339e+01 1.167647e-01 -1.079047e+02
1.053339e+01 1.260827e-01 -9.670683e+01
1.053339e+01 1.361442e-01 -8.461539e+01
1.053339e+01 1.470087e-01 -7.283553e+01
1.053339e+01 1.587401e-01 -6.555320e+01
1.053339e+01 1.714077e-01 -5.768973e+01
1.053339e+01 1.850862e-01 -4.919875e+01
1.053339e+01 1.998563e-01 -4.003017e+01
1.053339e+01 2.158051e-01 -3.517758e+01
1.053339e+01 2.330265e-01 -3.094597e+01
1.053339e+01 2.516223e-01 -2.637667e+01
1.053339e+01 2.717020e-01 -2.144275e+01
1.053339e+01 2.933841e-01 -1.763940e+01
1.053339e+01 3.167964e-01 -1.546984e+01
1.053339e+01 3.420771e-01 -1.312714e+01
1.053339e+01 3.693752e-01 -1.059750e+01
1.053339e+01 3.988518e-01 -7.997061e+00
1.053339e+01 4.306805e-01 -7.027570e+00
1.053339e+01 4.650493e-01 -5.980712e+00
1.053339e+01 5.021607e-01 -4.850315e+00
1.053339e+01 5.422336e-01 -3.629710e+00
1.053339e+01 5.855044e-01 -2.955164e+00
1.053339e+01 6.322283e-01 -2.526648e+00
1.053339e+01 6.826808e-01 -2.063936e+00
1.053339e+01 7.371594e-01 -1.564300e+00
1.053339e+01 7.959855e-01 -1.148493e+00
1.053339e+01 8.595059e-01 -9.905823e-01
1.053339e+01 9.280954e-01 -8.200703e-01
1.053339e+01 1.002158e+00 -6.359511e-01
1.053339e+01 1.082132e+00 -4.371391e-01
1.053339e+01 1.168487e+00 -3.712645e-01
1.053339e+01 1.261733e+00 -3.128066e-01
1.053339e+01 1.362421e+00 -2.496836e-01
1.053339e+01 1.471144e+00 -1.815234e-01
1.053339e+01 1.588542e+00 -1.379272e-01
1.053339e+01 1.715310e+00 -1.171209e-01
1.053339e+01 1.852193e+00 -9.465432e-02
1.053339e+01 2.000000e+00 -7.039487e-02
1.076406e+01 1.000000e-03 -1.679235e+02
1.076406e+01 1.079801e-03 -1.801033e+02
1.076406e+01 1.165970e-03 -1.930565e+02
1.076406e+01 1.259016e-03 -2.068113e+02
1.076406e+01 1.359487e-03 -2.213931e+02
1.076406e+01 1.467975e-03 -2.368242e+02
1.076406e+01 1.585121e-03 -2.531236e+02
1.076406e+01 1.711615e-03 -2.703057e+02
1.076406e+01 1.848204e-03 -2.883804e+02
1.076406e+01 1.995693e-03 -3.073502e+02
1.076406e+01 2.154951e-03 -3.272098e+02
1.076406e+01 2.326918e-03 -3.479459e+02
1.076406e+01 2.512609e-03 -3.695318e+02
1.076406e+01 2.713117e-03 -3.919261e+02
1.076406e+01 2.929627e-03 -4.150744e+02
1.076406e+01 3.163414e-03 -4.389042e+02
1.076406e+01 3.415858e-03 -4.633238e+02
1.076406e+01 3.688447e-03 -4.882240e+02
1.076406e+01 3.982789e-03 -5.134700e+02
1.076406e+01 4.300619e-03 -5.389011e+02
1.076406e+01 4.643813e-03 -5.643349e+02
1.076406e+01 5.014394e-03 -5.895554e+02
1.076406e+01 5.414548e-03 -6.143134e+02
1.076406e+01 5.846635e-03 -6.383364e+02
1.076406e+01 6.313202e-03 -6.613100e+02
1.076406e+01 6.817002e-03 -6.828813e+02
1.076406e+01 7.361006e-03 -7.026794e+02
1.076406e+01 7.948422e-03 -7.202890e+02
1.076406e+01 8.582714e-03 -7.352609e+02
1.076406e+01 9.267624e-03 -7.471478e+02
1.076406e+01 1.000719e-02 -7.554736e+02
1.076406e+01 1.080577e-02 -7.597547e+02
1.076406e+01 1.166809e-02 -7.595578e+02
1.076406e+01 1.259921e-02 -7.544991e+02
1.076406e+01 1.360464e-02 -7.442723e+02
1.076406e+01 1.469030e-02 -7.286974e+02
1.076406e+01 1.586261e-02 -7.078129e+02
1.076406e+01 1.712846e-02 -6.818647e+02
1.076406e+01 1.849533e-02 -6.512607e+02
1.076406e+01 1.997127e-02 -6.168830e+02
1.076406e+01 2.156500e-02 -5.799128e+02
1.076406e+01 2.328591e-02 -5.414906e+02
1.076406e+01 2.514415e-02 -5.031829e+02
1.076406e+01 2.715068e-02 -4.666617e+02
1.076406e+01 2.931733e-02 -4.331823e+02
1.076406e+01 3.165689e-02 -4.036649e+02
1.076406e+01 3.418314e-02 -3.786629e+02
1.076406e+01 3.691099e-02 -3.577897e+02
1.076406e+01 3.985652e-02 -3.397812e+02
1.076406e+01 4.303711e-02 -3.225164e+02
1.076406e+01 4.647152e-02 -3.034207e+02
1.076406e+01 5.017999e-02 -2.803051e+02
1.076406e+01 5.418441e-02 -2.585331e+02
1.076406e+01 5.850838e-02 -2.445982e+02
1.076406e+01 6.317741e-02 -2.295513e+02
1.076406e+01 6.821903e-02 -2.133037e+02
1.076406e+01 7.366298e-02 -1.958862e+02
1.076406e+01 7.954136e-02 -1.783731e+02
1.076406e+01 8.588885e-02 -1.594625e+02
1.076406e+01 9.274286e-02 -1.390428e+02
1.076406e+01 1.001438e-01 -1.169936e+02
1.076406e+01 1.081354e-01 -1.038464e+02
1.076406e+01 1.167647e-01 -9.473658e+01
1.076406e+01 1.260827e-01 -8.489984e+01
1.076406e+01 1.361442e-01 -7.427811e+01
1.076406e+01 1.470087e-01 -6.394158e+01
1.076406e+01 1.587401e-01 -5.760573e+01
1.076406e+01 1.714077e-01 -5.076428e+01
1.076406e+01 1.850862e-01 -4.337687e+01
1.076406e+01 1.998563e-01 -3.539994e+01
1.076406e+01 2.158051e-01 -3.117365e+01
1.076406e+01 2.330265e-01 -2.748642e+01
1.076406e+01 2.516223e-01 -2.350495e+01
1.076406e+01 2.717020e-01 -1.920575e+01
1.076406e+01 2.933841e-01 -1.587745e+01
1.076406e+01 3.167964e-01 -1.395354e+01
1.076406e+01 3.420771e-01 -1.187610e+01
1.076406e+01 3.693752e-01 -9.632877e+00
1.076406e+01 3.988518e-01 -7.325792e+00
1.076406e+01 4.306805e-01 -6.449758e+00
1.076406e+01 4.650493e-01 -5.503816e+00
1.076406e+01 5.021607e-01 -4.482386e+00
1.076406e+01 5.422336e-01 -3.379446e+00
1.076406e+01 5.855044e-01 -2.764231e+00
1.076406e+01 6.322283e-01 -2.368222e+00
1.076406e+01 6.826808e-01 -1.940611e+00
1.076406e+01 7.371594e-01 -1.478877e+00
1.076406e+01 7.959855e-01 -1.093720e+00
1.076406e+01 8.595059e-01 -9.447235e-01
1.076406e+01 9.280954e-01 -7.838372e-01
1.076406e+01 1.002158e+00 -6.101119e-01
1.076406e+01 1.082132e+00 -4.225232e-01
1.076406e+01 1.168487e+00 -3.594683e-01
1.076406e+01 1.261733e+00 -3.032631e-01
1.076406e+01 1.362421e+00 -2.425727e-01
1.076406e+01 1.471144e+00 -1.770391e-01
1.076406e+01 1.588542e+00 -1.349772e-01
1.076406e+01 1.715310e+00 -1.146879e-01
1.076406e+01 1.852193e+00 -9.277960e-02
1.076406e+01 2.000000e+00 -6.912295e-02
1.099934e+01 1.000000e-03 -1.459814e+02
1.099934e+01 1.079801e-03 -1.565724e+02
1.099934e+01 1.165970e-03 -1.678363e+02
1.099934e+01 1.259016e-03 -1.797975e+02
1.099934e+01 1.359487e-03 -1.924780e+02
1.099934e+01 1.467975e-03 -2.058972e+02
1.099934e+01 1.585121e-03 -2.200716e+02
1.099934e+01 1.711615e-03 -2.350135e+02
1.099934e+01 1.848204e-03 -2.507314e+02
1.099934e+01 1.995693e-03 -2.672275e+02
1.099934e+01 2.154951e-03 -2.844971e+02
1.099934e+01 2.326918e-03 -3.025286e+02
1.099934e+01 2.512609e-03 -3.212990e+02
1.099934e+01 2.713117e-03 -3.407721e+02
1.099934e+01 2.929627e-03 -3.609010e+02
1.099934e+01 3.163414e-03 -3.816225e+02
1.099934e+01 3.415858e-03 -4.028568e+02
1.099934e+01 3.688447e-03 -4.245088e+02
1.099934e+01 3.982789e-03 -4.464615e+02
1.099934e+01 4.300619e-03 -4.685750e+02
1.099934e+01 4.643813e-03 -4.906908e+02
1.099934e+01 5.014394e-03 -5.126211e+02
1.099934e+01 5.414548e-03 -5.341492e+02
1.099934e+01 5.846635e-03 -5.550382e+02
1.099934e+01 6.313202e-03 -5.750147e+02
1.099934e+01 6.817002e-03 -5.937718e+02
1.099934e+01 7.361006e-03 -6.109870e+02
1.099934e+01 7.948422e-03 -6.262992e+02
1.099934e+01 8.582714e-03 -6.393179e+02
1.099934e+01 9.267624e-03 -6.496543e+02
1.099934e+01 1.000719e-02 -6.568943e+02
1.099934e+01 1.080577e-02 -6.606172e+02
1.099934e+01 1.166809e-02 -6.604463e+02
1.099934e+01 1.259921e-02 -6.560478e+02
1.099934e+01 1.360464e-02 -6.471555e+02
1.099934e+01 1.469030e-02 -6.336131e+02
1.099934e+01 1.586261e-02 -6.154538e+02
1.099934e+01 1.712846e-02 -5.928917e+02
1.099934e+01 1.849533e-02 -5.662811e+02
1.099934e+01 1.997127e-02 -5.363892e+02
1.099934e+01 2.156500e-02 -5.042432e+02
1.099934e+01 2.328591e-02 -4.708345e+02
1.099934e+01 2.514415e-02 -4.375254e+02
1.099934e+01 2.715068e-02 -4.057697e+02
1.099934e+01 2.931733e-02 -3.766589e+02
1.099934e+01 3.165689e-02 -3.509930e+02
1.099934e+01 3.418314e-02 -3.292534e+02
1.099934e+01 3.691099e-02 -3.111038e+02
1.099934e+01 3.985652e-02 -2.954451e+02
1.099934e+01 4.303711e-02 -2.804331e+02
1.099934e+01 4.647152e-02 -2.638291e+02
1.099934e+01 5.017999e-02 -2.437297e+02
1.099934e+01 5.418441e-02 -2.248562e+02
1.099934e+01 5.850838e-02 -2.128999e+02
1.099934e+01 6.317741e-02 -1.999895e+02
1.099934e+01 6.821903e-02 -1.860489e+02
1.099934e+01 7.366298e-02 -1.710836e+02
1.099934e+01 7.954136e-02 -1.558220e+02
1.099934e+01 8.588885e-02 -1.393424e+02
1.099934e+01 9.274286e-02 -1.215478e+02
1.099934e+01 1.001438e-01 -1.023332e+02
1.099934e+01 1.081354e-01 -9.084312e+01
1.099934e+01 1.167647e-01 -8.285316e+01
1.099934e+01 1.260827e-01 -7.422558e+01
1.099934e+01 1.361442e-01 -6.490952e+01
1.099934e+01 1.470087e-01 -5.585352e+01
1.099934e+01 1.587401e-01 -5.034952e+01
1.099934e+01 1.714077e-01 -4.440630e+01
1.099934e+01 1.850862e-01 -3.798880e+01
1.099934e+01 1.998563e-01 -3.105917e+01
1.099934e+01 2.158051e-01 -2.739719e+01
1.099934e+01 2.330265e-01 -2.420612e+01
1.099934e+01 2.516223e-01 -2.076040e+01
1.099934e+01 2.717020e-01 -1.703971e+01
1.099934e+01 2.933841e-01 -1.414902e+01
1.099934e+01 3.167964e-01 -1.245989e+01
1.099934e+01 3.420771e-01 -1.063597e+01
1.099934e+01 3.693752e-01 -8.666498e+00
1.099934e+01 3.988518e-01 -6.639962e+00
1.099934e+01 4.306805e-01 -5.855826e+00
1.099934e+01 4.650493e-01 -5.009115e+00
1.099934e+01 5.021607e-01 -4.094836e+00
1.099934e+01 5.422336e-01 -3.107597e+00
1.099934e+01 5.855044e-01 -2.552811e+00
1.099934e+01 6.322283e-01 -2.191993e+00
1.099934e+01 6.826808e-01 -1.802381e+00
1.099934e+01 7.371594e-01 -1.381677e+00
1.099934e+01 7.959855e-01 -1.029817e+00
1.099934e+01 8.595059e-01 -8.908695e-01
1.099934e+01 9.280954e-01 -7.408336e-01
1.099934e+01 1.002158e+00 -5.788246e-01
1.099934e+01 1.082132e+00 -4.038872e-01
1.099934e+01 1.168487e+00 -3.442213e-01
1.099934e+01 1.261733e+00 -2.908006e-01
1.099934e+01 1.362421e+00 -2.331169e-01
1.099934e+01 1.471144e+00 -1.708300e-01
1.099934e+01 1.588542e+00 -1.306950e-01
1.099934e+01 1.715310e+00 -1.111042e-01
1.099934e+01 1.852193e+00 -8.994996e-02
1.099934e+01 2.000000e+00 -6.710760e-02
1.123932e+01 1.000000e-03 -1.266891e+02
1.123932e+01 1.079801e-03 -1.358827e+02
1.123932e+01 1.165970e-03 -1.456608e+02
1.123932e+01 1.259016e-03 -1.560445e+02
1.123932e+01 1.359487e-03 -1.670528e+02
1.123932e+01 1.467975e-03 -1.787026e+02
1.123932e+01 1.585121e-03 -1.910080e+02
1.123932e+01 1.711615e-03 -2.039797e+02
1.123932e+01 1.848204e-03 -2.176248e+02
1.123932e+01 1.995693e-03 -2.319453e+02
1.123932e+01 2.154951e-03 -2.469371e+02
1.123932e+01 2.326918e-03 -2.625901e+02
1.123932e+01 2.512609e-03 -2.788843e+02
1.123932e+01 2.713117e-03 -2.957886e+02
1.123932e+01 2.929627e-03 -3.132620e+02
1.123932e+01 3.163414e-03 -3.312499e+02
1.123932e+01 3.415858e-03 -3.496829e+02
1.123932e+01 3.688447e-03 -3.684784e+02
1.123932e+01 3.982789e-03 -3.875348e+02
1.123932e+01 4.300619e-03 -4.067306e+02
1.123932e+01 4.643813e-03 -4.259285e+02
1.123932e+01 5.014394e-03 -4.449653e+02
1.123932e+01 5.414548e-03 -4.636530e+02
1.123932e+01 5.846635e-03 -4.817859e+02
1.123932e+01 6.313202e-03 -4.991266e+02
1.123932e+01 6.817002e-03 -5.154088e+02
1.123932e+01 7.361006e-03 -5.303526e+02
1.123932e+01 7.948422e-03 -5.436444e+02
1.123932e+01 8.582714e-03 -5.549454e+02
1.123932e+01 9.267624e-03 -5.639181e+02
1.123932e+01 1.000719e-02 -5.702030e+02
1.123932e+01 1.080577e-02 -5.734350e+02
1.123932e+01 1.166809e-02 -5.732869e+02
1.123932e+01 1.259921e-02 -5.694691e+02
1.123932e+01 1.360464e-02 -5.617505e+02
1.123932e+01 1.469030e-02 -5.499954e+02
1.123932e+01 1.586261e-02 -5.342327e+02
1.123932e+01 1.712846e-02 -5.146482e+02
1.123932e+01 1.849533e-02 -4.915496e+02
1.123932e+01 1.997127e-02 -4.656026e+02
1.123932e+01 2.156500e-02 -4.376989e+02
1.123932e+01 2.328591e-02 -4.086992e+02
1.123932e+01 2.514415e-02 -3.797858e+02
1.123932e+01 2.715068e-02 -3.522209e+02
1.123932e+01 2.931733e-02 -3.269518e+02
1.123932e+01 3.165689e-02 -3.046730e+02
1.123932e+01 3.418314e-02 -2.858023e+02
1.123932e+01 3.691099e-02 -2.700479e+02
1.123932e+01 3.985652e-02 -2.564557e+02
1.123932e+01 4.303711e-02 -2.434248e+02
1.123932e+01 4.647152e-02 -2.290120e+02
1.123932e+01 5.017999e-02 -2.115651e+02
1.123932e+01 5.418441e-02 -1.951939e+02
1.123932e+01 5.850838e-02 -1.848476e+02
1.123932e+01 6.317741e-02 -1.736757e+02
1.123932e+01 6.821903e-02 -1.616122e+02
1.123932e+01 7.366298e-02 -1.486599e+02
1.123932e+01 7.954136e-02 -1.354268e+02
1.123932e+01 8.588885e-02 -1.211378e+02
1.123932e+01 9.274286e-02 -1.057085e+02
1.123932e+01 1.001438e-01 -8.904797e+01
1.123932e+01 1.081354e-01 -7.906294e+01
1.123932e+01 1.167647e-01 -7.210032e+01
1.123932e+01 1.260827e-01 -6.458207e+01
1.123932e+01 1.361442e-01 -5.646386e+01
1.123932e+01 1.470087e-01 -4.857754e+01
1.123932e+01 1.587401e-01 -4.380935e+01
1.123932e+01 1.714077e-01 -3.866066e+01
1.123932e+01 1.850862e-01 -3.310110e+01
1.123932e+01 1.998563e-01 -2.709788e+01
1.123932e+01 2.158051e-01 -2.393541e+01
1.123932e+01 2.330265e-01 -2.118369e+01
1.123932e+01 2.516223e-01 -1.821238e+01
1.123932e+01 2.717020e-01 -1.500395e+01
1.123932e+01 2.933841e-01 -1.250394e+01
1.123932e+01 3.167964e-01 -1.103017e+01
1.123932e+01 3.420771e-01 -9.438795e+00
1.123932e+01 3.693752e-01 -7.720427e+00
1.123932e+01 3.988518e-01 -5.951678e+00
1.123932e+01 4.306805e-01 -5.258561e+00
1.123932e+01 4.650493e-01 -4.510132e+00
1.123932e+01 5.021607e-01 -3.701978e+00
1.123932e+01 5.422336e-01 -2.829332e+00
1.123932e+01 5.855044e-01 -2.334467e+00
1.123932e+01 6.322283e-01 -2.008611e+00
1.123932e+01 6.826808e-01 -1.656752e+00
1.123932e+01 7.371594e-01 -1.276814e+00
1.123932e+01 7.959855e-01 -9.583479e-01
1.123932e+01 8.595059e-01 -8.304571e-01
1.123932e+01 9.280954e-01 -6.923605e-01
1.123932e+01 1.002158e+00 -5.432437e-01
1.123932e+01 1.082132e+00 -3.822272e-01
1.123932e+01 1.168487e+00 -3.263961e-01
1.123932e+01 1.261733e+00 -2.761626e-01
1.123932e+01 1.362421e+00 -2.219205e-01
1.123932e+01 1.471144e+00 -1.633497e-01
1.123932e+01 1.588542e+00 -1.254565e-01
1.123932e+01 1.715310e+00 -1.067357e-01
1.123932e+01 1.852193e+00 -8.652100e-02
1.123932e+01 2.000000e+00 -6.469310e-02
1.148411e+01 1.000000e-03 -1.097375e+02
1.148411e+01 1.079801e-03 -1.177031e+02
1.148411e+01 1.165970e-03 -1.261753e+02
1.148411e+01 1.259016e-03 -1.351725e+02
1.148411e+01 1.359487e-03 -1.447110e+02
1.148411e+01 1.467975e-03 -1.548056e+02
1.148411e+01 1.585121e-03 -1.654682e+02
1.148411e+01 1.711615e-03 -1.767082e+02
1.148411e+01 1.848204e-03 -1.885316e+02
1.148411e+01 1.995693e-03 -2.009400e+02
1.148411e+01 2.154951e-03 -2.139298e+02
1.148411e+01 2.326918e-03 -2.274924e+02
1.148411e+01 2.512609e-03 -2.416103e+02
1.148411e+01 2.713117e-03 -2.562568e+02
1.148411e+01 2.929627e-03 -2.713964e+02
1.148411e+01 3.163414e-03 -2.869819e+02
1.148411e+01 3.415858e-03 -3.029529e+02
1.148411e+01 3.688447e-03 -3.192379e+02
1.148411e+01 3.982789e-03 -3.357488e+02
1.148411e+01 4.300619e-03 -3.523805e+02
1.148411e+01 4.643813e-03 -3.690139e+02
1.148411e+01 5.014394e-03 -3.855078e+02
1.148411e+01 5.414548e-03 -4.016991e+02
1.148411e+01 5.846635e-03 -4.174098e+02
1.148411e+01 6.313202e-03 -4.324340e+02
1.148411e+01 6.817002e-03 -4.465411e+02
1.148411e+01 7.361006e-03 -4.594886e+02
1.148411e+01 7.948422e-03 -4.710049e+02
1.148411e+01 8.582714e-03 -4.807963e+02
1.148411e+01 9.267624e-03 -4.885704e+02
1.148411e+01 1.000719e-02 -4.940157e+02
1.148411e+01 1.080577e-02 -4.968161e+02
1.148411e+01 1.166809e-02 -4.966880e+02
1.148411e+01 1.259921e-02 -4.933807e+02
1.148411e+01 1.360464e-02 -4.866937e+02
1.148411e+01 1.469030e-02 -4.765094e+02
1.148411e+01 1.586261e-02 -4.628530e+02
1.148411e+01 1.712846e-02 -4.458853e+02
1.148411e+01 1.849533e-02 -4.258729e+02
1.148411e+01 1.997127e-02 -4.033928e+02
1.148411e+01 2.156500e-02 -3.792174e+02
1.148411e+01 2.328591e-02 -3.540924e+02
1.148411e+01 2.514415e-02 -3.290423e+02
1.148411e+01 2.715068e-02 -3.051604e+02
1.148411e+01 2.931733e-02 -2.832675e+02
1.148411e+01 3.165689e-02 -2.639654e+02
1.148411e+01 3.418314e-02 -2.476161e+02
1.148411e+01 3.691099e-02 -2.339666e+02
1.148411e+01 3.985652e-02 -2.221905e+02
1.148411e+01 4.303711e-02 -2.109006e+02
1.148411e+01 4.647152e-02 -1.984135e+02
1.148411e+01 5.017999e-02 -1.832978e+02
1.148411e+01 5.418441e-02 -1.691324e+02
1.148411e+01 5.850838e-02 -1.602202e+02
1.148411e+01 6.317741e-02 -1.505968e+02
1.148411e+01 6.821903e-02 -1.402054e+02
1.148411e+01 7.366298e-02 -1.290372e+02
1.148411e+01 7.954136e-02 -1.175135e+02
1.148411e+01 8.588885e-02 -1.050701e+02
1.148411e+01 9.274286e-02 -9.163375e+01
1.148411e+01 1.001438e-01 -7.712516e+01
1.148411e+01 1.081354e-01 -6.845462e+01
1.148411e+01 1.167647e-01 -6.242988e+01
1.148411e+01 1.260827e-01 -5.592437e+01
1.148411e+01 1.361442e-01 -4.889970e+01
1.148411e+01 1.470087e-01 -4.207744e+01
1.148411e+01 1.587401e-01 -3.796086e+01
1.148411e+01 1.714077e-01 -3.351578e+01
1.148411e+01 1.850862e-01 -2.871597e+01
1.148411e+01 1.998563e-01 -2.353313e+01
1.148411e+01 2.158051e-01 -2.080941e+01
1.148411e+01 2.330265e-01 -1.844213e+01
1.148411e+01 2.516223e-01 -1.588595e+01
1.148411e+01 2.717020e-01 -1.312577e+01
1.148411e+01 2.933841e-01 -1.097072e+01
1.148411e+01 3.167964e-01 -9.692711e+00
1.148411e+01 3.420771e-01 -8.312713e+00
1.148411e+01 3.693752e-01 -6.822589e+00
1.148411e+01 3.988518e-01 -5.288326e+00
1.148411e+01 4.306805e-01 -4.680454e+00
1.148411e+01 4.650493e-01 -4.024073e+00
1.148411e+01 5.021607e-01 -3.315313e+00
1.148411e+01 5.422336e-01 -2.549992e+00
1.148411e+01 5.855044e-01 -2.112635e+00
1.148411e+01 6.322283e-01 -1.821670e+00
1.148411e+01 6.826808e-01 -1.507486e+00
1.148411e+01 7.371594e-01 -1.168229e+00
1.148411e+01 7.959855e-01 -8.832006e-01
1.148411e+01 8.595059e-01 -7.667332e-01
1.148411e+01 9.280954e-01 -6.409716e-01
1.148411e+01 1.002158e+00 -5.051742e-01
1.148411e+01 1.082132e+00 -3.585399e-01
1.148411e+01 1.168487e+00 -3.068057e-01
1.148411e+01 1.261733e+00 -2.600223e-01
1.148411e+01 1.362421e+00 -2.095055e-01
1.148411e+01 1.471144e+00 -1.549574e-01
1.148411e+01 1.588542e+00 -1.195204e-01
1.148411e+01 1.715310e+00 -1.017993e-01
1.148411e+01 1.852193e+00 -8.266404e-02
1.148411e+01 2.000000e+00 -6.200176e-02
1.173379e+01 1.000000e-03 -9.493494e+01
1.173379e+01 1.079801e-03 -1.018279e+02
1.173379e+01 1.165970e-03 -1.091594e+02
1.173379e+01 1.259016e-03 -1.169454e+02
1.173379e+01 1.359487e-03 -1.252002e+02
1.173379e+01 1.467975e-03 -1.339362e+02
1.173379e+01 1.585121e-03 -1.431639e+02
1.173379e+01 1.711615e-03 -1.528913e+02
1.173379e+01 1.848204e-03 -1.631234e+02
1.173379e+01 1.995693e-03 -1.738616e+02
1.173379e+01 2.154951e-03 -1.851028e+02
1.173379e+01 2.326918e-03 -1.968395e+02
1.173379e+01 2.512609e-03 -2.090566e+02
1.173379e+01 2.713117e-03 -2.217311e+02
1.173379e+01 2.929627e-03 -2.348322e+02
1.173379e+01 3.163414e-03 -2.483192e+02
1.173379e+01 3.415858e-03 -2.621399e+02
1.173379e+01 3.688447e-03 -2.762322e+02
1.173379e+01 3.982789e-03 -2.905198e+02
1.173379e+01 4.300619e-03 -3.049118e+02
1.173379e+01 4.643813e-03 -3.193054e+02
1.173379e+01 5.014394e-03 -3.335782e+02
1.173379e+01 5.414548e-03 -3.475892e+02
1.173379e+01 5.846635e-03 -3.611842e+02
1.173379e+01 6.313202e-03 -3.741852e+02
1.173379e+01 6.817002e-03 -3.863926e+02
1.173379e+01 7.361006e-03 -3.975965e+02
1.173379e+01 7.948422e-03 -4.075621e+02
1.173379e+01 8.582714e-03 -4.160349e+02
1.173379e+01 9.267624e-03 -4.227619e+02
1.173379e+01 1.000719e-02 -4.274737e+02
1.173379e+01 1.080577e-02 -4.298969e+02
1.173379e+01 1.166809e-02 -4.297864e+02
1.173379e+01 1.259921e-02 -4.269250e+02
1.173379e+01 1.360464e-02 -4.211392e+02
1.173379e+01 1.469030e-02 -4.123270e+02
1.173379e+01 1.586261e-02 -4.005101e+02
1.173379e+01 1.712846e-02 -3.858279e+02
1.173379e+01 1.849533e-02 -3.685111e+02
1.173379e+01 1.997127e-02 -3.490589e+02
1.173379e+01 2.156500e-02 -3.281398e+02
1.173379e+01 2.328591e-02 -3.063990e+02
1.173379e+01 2.514415e-02 -2.847230e+02
1.173379e+01 2.715068e-02 -2.640578e+02
1.173379e+01 2.931733e-02 -2.451137e+02
1.173379e+01 3.165689e-02 -2.284115e+02
1.173379e+01 3.418314e-02 -2.142642e+02
1.173379e+01 3.691099e-02 -2.024533e+02
1.173379e+01 3.985652e-02 -1.922633e+02
1.173379e+01 4.303711e-02 -1.824941e+02
1.173379e+01 4.647152e-02 -1.716889e+02
1.173379e+01 5.017999e-02 -1.586091e+02
1.173379e+01 5.418441e-02 -1.463337e+02
1.173379e+01 5.850838e-02 -1.385718e+02
1.173379e+01 6.317741e-02 -1.301905e+02
1.173379e+01 6.821903e-02 -1.211404e+02
1.173379e+01 7.366298e-02 -1.114196e+02
1.173379e+01 7.954136e-02 -1.014495e+02
1.173379e+01 8.588885e-02 -9.068377e+01
1.173379e+01 9.274286e-02 -7.905892e+01
1.173379e+01 1.001438e-01 -6.650639e+01
1.173379e+01 1.081354e-01 -5.901716e+01
1.173379e+01 1.167647e-01 -5.382388e+01
1.173379e+01 1.260827e-01 -4.821618e+01
1.173379e+01 1.361442e-01 -4.216098e+01
1.173379e+01 1.470087e-01 -3.628232e+01
1.173379e+01 1.587401e-01 -3.274495e+01
1.173379e+01 1.714077e-01 -2.892529e+01
1.173379e+01 1.850862e-01 -2.480083e+01
1.173379e+01 1.998563e-01 -2.034722e+01
1.173379e+01 2.158051e-01 -1.800608e+01
1.173379e+01 2.330265e-01 -1.597106e+01
1.173379e+01 2.516223e-01 -1.377364e+01
1.173379e+01 2.717020e-01 -1.140086e+01
1.173379e+01 2.933841e-01 -9.548062e+00
1.173379e+01 3.167964e-01 -8.448920e+00
1.173379e+01 3.420771e-01 -7.262066e+00
1.173379e+01 3.693752e-01 -5.980500e+00
1.173379e+01 3.988518e-01 -4.660544e+00
1.173379e+01 4.306805e-01 -4.131292e+00
1.173379e+01 4.650493e-01 -3.559805e+00
1.173379e+01 5.021607e-01 -2.942712e+00
1.173379e+01 5.422336e-01 -2.276375e+00
1.173379e+01 5.855044e-01 -1.893178e+00
1.173379e+01 6.322283e-01 -1.636126e+00
1.173379e+01 6.826808e-01 -1.358561e+00
1.173379e+01 7.371594e-01 -1.058846e+00
1.173379e+01 7.959855e-01 -8.064061e-01
1.173379e+01 8.595059e-01 -7.013407e-01
1.173379e+01 9.280954e-01 -5.878911e-01
1.173379e+01 1.002158e+00 -4.653881e-01
1.173379e+01 1.082132e+00 -3.331092e-01
1.173379e+01 1.168487e+00 -2.856446e-01
1.173379e+01 1.261733e+00 -2.425150e-01
1.173379e+01 1.362421e+00 -1.959437e-01
1.173379e+01 1.471144e+00 -1.456559e-01
1.173379e+01 1.588542e+00 -1.128511e-01
1.173379e+01 1.715310e+00 -9.624921e-02
1.173379e+01 1.852193e+00 -7.832245e-02
1.173379e+01 2.000000e+00 -5.896513e-02
1.198847e+01 1.000000e-03 -8.201034e+01
1.198847e+01 1.079801e-03 -8.796646e+01
1.198847e+01 1.165970e-03 -9.430175e+01
1.198847e+01 1.259016e-03 -1.010300e+02
1.198847e+01 1.359487e-03 -1.081634e+02
1.198847e+01 1.467975e-03 -1.157129e+02
1.198847e+01 1.585121e-03 -1.236873e+02
1.198847e+01 1.711615e-03 -1.320935e+02
1.198847e+01 1.848204e-03 -1.409358e+02
1.198847e+01 1.995693e-03 -1.502153e+02
1.198847e+01 2.154951e-03 -1.599293e+02
1.198847e+01 2.326918e-03 -1.700714e+02
1.198847e+01 2.512609e-03 -1.806285e+02
1.198847e+01 2.713117e-03 -1.915806e+02
1.198847e+01 2.929627e-03 -2.029015e+02
1.198847e+01 3.163414e-03 -2.145559e+02
1.198847e+01 3.415858e-03 -2.264985e+02
1.198847e+01 3.688447e-03 -2.386757e+02
1.198847e+01 3.982789e-03 -2.510216e+02
1.198847e+01 4.300619e-03 -2.634578e+02
1.198847e+01 4.643813e-03 -2.758952e+02
1.198847e+01 5.014394e-03 -2.882283e+02
1.198847e+01 5.414548e-03 -3.003352e+02
1.198847e+01 5.846635e-03 -3.120825e+02
1.198847e+01 6.313202e-03 -3.233165e+02
1.198847e+01 6.817002e-03 -3.338648e+02
1.198847e+01 7.361006e-03 -3.435461e+02
1.198847e+01 7.948422e-03 -3.521573e+02
1.198847e+01 8.582714e-03 -3.594785e+02
1.198847e+01 9.267624e-03 -3.652911e+02
1.198847e+01 1.000719e-02 -3.693622e+02
1.198847e+01 1.080577e-02 -3.714558e+02
1.198847e+01 1.166809e-02 -3.713605e+02
1.198847e+01 1.259921e-02 -3.688887e+02
1.198847e+01 1.360464e-02 -3.638900e+02
1.198847e+01 1.469030e-02 -3.562761e+02
1.198847e+01 1.586261e-02 -3.460657e+02
1.198847e+01 1.712846e-02 -3.333794e+02
1.198847e+01 1.849533e-02 -3.184166e+02
1.198847e+01 1.997127e-02 -3.016088e+02
1.198847e+01 2.156500e-02 -2.835334e+02
1.198847e+01 2.328591e-02 -2.647481e+02
1.198847e+01 2.514415e-02 -2.460186e+02
1.198847e+01 2.715068e-02 -2.281626e+02
1.198847e+01 2.931733e-02 -2.117937e+02
1.198847e+01 3.165689e-02 -1.973620e+02
1.198847e+01 3.418314e-02 -1.851379e+02
1.198847e+01 3.691099e-02 -1.749324e+02
1.198847e+01 3.985652e-02 -1.661276e+02
1.198847e+01 4.303711e-02 -1.576864e+02
1.198847e+01 4.647152e-02 -1.483501e+02
1.198847e+01 5.017999e-02 -1.370483e+02
1.198847e+01 5.418441e-02 -1.264051e+02
1.198847e+01 5.850838e-02 -1.195966e+02
1.198847e+01 6.317741e-02 -1.122449e+02
1.198847e+01 6.821903e-02 -1.043064e+02
1.198847e+01 7.366298e-02 -9.579301e+01
1.198847e+01 7.954136e-02 -8.719821e+01
1.198847e+01 8.588885e-02 -7.791752e+01
1.198847e+01 9.274286e-02 -6.789624e+01
1.198847e+01 1.001438e-01 -5.707524e+01
1.198847e+01 1.081354e-01 -5.062928e+01
1.198847e+01 1.167647e-01 -4.616827e+01
1.198847e+01 1.260827e-01 -4.135126e+01
1.198847e+01 1.361442e-01 -3.614984e+01
1.198847e+01 1.470087e-01 -3.110480e+01
1.198847e+01 1.587401e-01 -2.809141e+01
1.198847e+01 1.714077e-01 -2.483754e+01
1.198847e+01 1.850862e-01 -2.132402e+01
1.198847e+01 1.998563e-01 -1.753011e+01
1.198847e+01 2.158051e-01 -1.552569e+01
1.198847e+01 2.330265e-01 -1.377922e+01
1.198847e+01 2.516223e-01 -1.189338e+01
1.198847e+01 2.717020e-01 -9.857050e+00
1.198847e+01 2.933841e-01 -8.267252e+00
1.198847e+01 3.167964e-01 -7.324628e+00
1.198847e+01 3.420771e-01 -6.306782e+00
1.198847e+01 3.693752e-01 -5.207711e+00
1.198847e+01 3.988518e-01 -4.075499e+00
1.198847e+01 4.306805e-01 -3.618321e+00
1.198847e+01 4.650493e-01 -3.124660e+00
1.198847e+01 5.021607e-01 -2.591604e+00
1.198847e+01 5.422336e-01 -2.016010e+00
1.198847e+01 5.855044e-01 -1.682945e+00
1.198847e+01 6.322283e-01 -1.457728e+00
1.198847e+01 6.826808e-01 -1.214537e+00
1.198847e+01 7.371594e-01 -9.519402e-01
1.198847e+01 7.959855e-01 -7.302049e-01
1.198847e+01 8.595059e-01 -6.362354e-01
1.198847e+01 9.280954e-01 -5.347671e-01
1.198847e+01 1.002158e+00 -4.252014e-01
1.198847e+01 1.082132e+00 -3.068924e-01
1.198847e+01 1.168487e+00 -2.637391e-01
1.198847e+01 1.261733e+00 -2.243474e-01
1.198847e+01 1.362421e+00 -1.818121e-01
1.198847e+01 1.471144e+00 -1.358824e-01
1.198847e+01 1.588542e+00 -1.057719e-01
1.198847e+01 1.715310e+00 -9.031789e-02
1.198847e+01 1.852193e+00 -7.363063e-02
1.198847e+01 2.000000e+00 -5.561170e-02
1.224824e+01 1.000000e-03 -7.035168e+01
1.224824e+01 1.079801e-03 -7.546245e+01
1.224824e+01 1.165970e-03 -8.089876e+01
1.224824e+01 1.259016e-03 -8.667243e+01
1.224824e+01 1.359487e-03 -9.279396e+01
1.224824e+01 1.467975e-03 -9.927260e+01
1.224824e+01 1.585121e-03 -1.061160e+02
1.224824e+01 1.711615e-03 -1.133300e+02
1.224824e+01 1.848204e-03 -1.209181e+02
1.224824e+01 1.995693e-03 -1.288813e+02
1.224824e+01 2.154951e-03 -1.372172e+02
1.224824e+01 2.326918e-03 -1.459203e+02
1.224824e+01 2.512609e-03 -1.549794e+02
1.224824e+01 2.713117e-03 -1.643774e+02
1.224824e+01 2.929627e-03 -1.740919e+02
1.224824e+01 3.163414e-03 -1.840925e+02
1.224824e+01 3.415858e-03 -1.943405e+02
1.224824e+01 3.688447e-03 -2.047897e+02
1.224824e+01 3.982789e-03 -2.153836e+02
1.224824e+01 4.300619e-03 -2.260549e+02
1.224824e+01 4.643813e-03 -2.367272e+02
1.224824e+01 5.014394e-03 -2.473100e+02
1.224824e+01 5.414548e-03 -2.576987e+02
1.224824e+01 5.846635e-03 -2.677788e+02
1.224824e+01 6.313202e-03 -2.774184e+02
1.224824e+01 6.817002e-03 -2.864697e+02
1.224824e+01 7.361006e-03 -2.947771e+02
1.224824e+01 7.948422e-03 -3.021662e+02
1.224824e+01 8.582714e-03 -3.084484e+02
1.224824e+01 9.267624e-03 -3.134358e+02
1.224824e+01 1.000719e-02 -3.169287e+02
1.224824e+01 1.080577e-02 -3.187249e+02
1.224824e+01 1.166809e-02 -3.186434e+02
1.224824e+01 1.259921e-02 -3.165230e+02
1.224824e+01 1.360464e-02 -3.122345e+02
1.224824e+01 1.469030e-02 -3.057019e+02
1.224824e+01 1.586261e-02 -2.969410e+02
1.224824e+01 1.712846e-02 -2.860555e+02
1.224824e+01 1.849533e-02 -2.732167e+02
1.224824e+01 1.997127e-02 -2.587948e+02
1.224824e+01 2.156500e-02 -2.432854e+02
1.224824e+01 2.328591e-02 -2.271667e+02
1.224824e+01 2.514415e-02 -2.110959e+02
1.224824e+01 2.715068e-02 -1.957746e+02
1.224824e+01 2.931733e-02 -1.817293e+02
1.224824e+01 3.165689e-02 -1.693462e+02
1.224824e+01 3.418314e-02 -1.588573e+02
1.224824e+01 3.691099e-02 -1.501005e+02
1.224824e+01 3.985652e-02 -1.425456e+02
1.224824e+01 4.303711e-02 -1.353026e+02
1.224824e+01 4.647152e-02 -1.272916e+02
1.224824e+01 5.017999e-02 -1.175941e+02
1.224824e+01 5.418441e-02 -1.084439e+02
1.224824e+01 5.850838e-02 -1.025523e+02
1.224824e+01 6.317741e-02 -9.619047e+01
1.224824e+01 6.821903e-02 -8.932101e+01
1.224824e+01 7.366298e-02 -8.196112e+01
1.224824e+01 7.954136e-02 -7.460377e+01
1.224824e+01 8.588885e-02 -6.665929e+01
1.224824e+01 9.274286e-02 -5.808084e+01
1.224824e+01 1.001438e-01 -4.881782e+01
1.224824e+01 1.081354e-01 -4.330257e+01
1.224824e+01 1.167647e-01 -3.948794e+01
1.224824e+01 1.260827e-01 -3.536889e+01
1.224824e+01 1.361442e-01 -3.092114e+01
1.224824e+01 1.470087e-01 -2.660852e+01
1.224824e+01 1.587401e-01 -2.403931e+01
1.224824e+01 1.714077e-01 -2.126507e+01
1.224824e+01 1.850862e-01 -1.826945e+01
1.224824e+01 1.998563e-01 -1.503477e+01
1.224824e+01 2.158051e-01 -1.332247e+01
1.224824e+01 2.330265e-01 -1.182916e+01
1.224824e+01 2.516223e-01 -1.021669e+01
1.224824e+01 2.717020e-01 -8.475540e+00
1.224824e+01 2.933841e-01 -7.116755e+00
1.224824e+01 3.167964e-01 -6.312090e+00
1.224824e+01 3.420771e-01 -5.443212e+00
1.224824e+01 3.693752e-01 -4.504996e+00
1.224824e+01 3.988518e-01 -3.538351e+00
1.224824e+01 4.306805e-01 -3.145978e+00
1.224824e+01 4.650493e-01 -2.722292e+00
1.224824e+01 5.021607e-01 -2.264797e+00
1.224824e+01 5.422336e-01 -1.770792e+00
1.224824e+01 5.855044e-01 -1.483340e+00
1.224824e+01 6.322283e-01 -1.287575e+00
1.224824e+01 6.826808e-01 -1.076187e+00
1.224824e+01 7.371594e-01 -8.479304e-01
1.224824e+01 7.959855e-01 -6.547661e-01
1.224824e+01 8.595059e-01 -5.716232e-01
1.224824e+01 9.280954e-01 -4.818454e-01
1.224824e+01 1.002158e+00 -3.849033e-01
1.224824e+01 1.082132e+00 -2.802250e-01
1.224824e+01 1.168487e+00 -2.413518e-01
1.224824e+01 1.261733e+00 -2.056926e-01
1.224824e+01 1.362421e+00 -1.671877e-01
1.224824e+01 1.471144e+00 -1.256101e-01
1.224824e+01 1.588542e+00 -9.821465e-02
1.224824e+01 1.715310e+00 -8.395505e-02
1.224824e+01 1.852193e+00 -6.855752e-02
1.224824e+01 2.000000e+00 -5.193125e-02
1.251320e+01 1.000000e-03 -5.997870e+01
1.251320e+01 1.079801e-03 -6.433711e+01
1.251320e+01 1.165970e-03 -6.897329e+01
1.251320e+01 1.259016e-03 -7.389734e+01
1.251320e+01 1.359487e-03 -7.911819e+01
1.251320e+01 1.467975e-03 -8.464370e+01
1.251320e+01 1.585121e-03 -9.048039e+01
1.251320e+01 1.711615e-03 -9.663311e+01
1.251320e+01 1.848204e-03 -1.031049e+02
1.251320e+01 1.995693e-03 -1.098965e+02
1.251320e+01 2.154951e-03 -1.170059e+02
1.251320e+01 2.326918e-03 -1.244282e+02
1.251320e+01 2.512609e-03 -1.321541e+02
1.251320e+01 2.713117e-03 -1.401690e+02
1.251320e+01 2.929627e-03 -1.484537e+02
1.251320e+01 3.163414e-03 -1.569825e+02
1.251320e+01 3.415858e-03 -1.657222e+02
1.251320e+01 3.688447e-03 -1.746335e+02
1.251320e+01 3.982789e-03 -1.836681e+02
1.251320e+01 4.300619e-03 -1.927686e+02
1.251320e+01 4.643813e-03 -2.018700e+02
1.251320e+01 5.014394e-03 -2.108951e+02
1.251320e+01 5.414548e-03 -2.197546e+02
1.251320e+01 5.846635e-03 -2.283509e+02
1.251320e+01 6.313202e-03 -2.365716e+02
1.251320e+01 6.817002e-03 -2.442905e+02
1.251320e+01 7.361006e-03 -2.513751e+02
1.251320e+01 7.948422e-03 -2.576766e+02
1.251320e+01 8.582714e-03 -2.630340e+02
1.251320e+01 9.267624e-03 -2.672870e+02
1.251320e+01 1.000719e-02 -2.702654e+02
1.251320e+01 1.080577e-02 -2.717970e+02
1.251320e+01 1.166809e-02 -2.717277e+02
1.251320e+01 1.259921e-02 -2.699200e+02
1.251320e+01 1.360464e-02 -2.662635e+02
1.251320e+01 1.469030e-02 -2.606930e+02
1.251320e+01 1.586261e-02 -2.532221e+02
1.251320e+01 1.712846e-02 -2.439393e+02
1.251320e+01 1.849533e-02 -2.329907e+02
1.251320e+01 1.997127e-02 -2.206923e+02
1.251320e+01 2.156500e-02 -2.074663e+02
1.251320e+01 2.328591e-02 -1.937208e+02
1.251320e+01 2.514415e-02 -1.800162e+02
1.251320e+01 2.715068e-02 -1.669507e+02
1.251320e+01 2.931733e-02 -1.549733e+02
1.251320e+01 3.165689e-02 -1.444133e+02
1.251320e+01 3.418314e-02 -1.354687e+02
1.251320e+01 3.691099e-02 -1.280012e+02
1.251320e+01 3.985652e-02 -1.215586e+02
1.251320e+01 4.303711e-02 -1.153820e+02
1.251320e+01 4.647152e-02 -1.085504e+02
1.251320e+01 5.017999e-02 -1.002807e+02
1.251320e+01 5.418441e-02 -9.247733e+01
1.251320e+01 5.850838e-02 -8.745211e+01
1.251320e+01 6.317741e-02 -8.202588e+01
1.251320e+01 6.821903e-02 -7.616663e+01
1.251320e+01 7.366298e-02 -6.988903e+01
1.251320e+01 7.954136e-02 -6.361316e+01
1.251320e+01 8.588885e-02 -5.683648e+01
1.251320e+01 9.274286e-02 -4.951900e+01
1.251320e+01 1.001438e-01 -4.161759e+01
1.251320e+01 1.081354e-01 -3.691427e+01
1.251320e+01 1.167647e-01 -3.366226e+01
1.251320e+01 1.260827e-01 -3.015074e+01
1.251320e+01 1.361442e-01 -2.635900e+01
1.251320e+01 1.470087e-01 -2.268387e+01
1.251320e+01 1.587401e-01 -2.050118e+01
1.251320e+01 1.714077e-01 -1.814430e+01
1.251320e+01 1.850862e-01 -1.559935e+01
1.251320e+01 1.998563e-01 -1.285130e+01
1.251320e+01 2.158051e-01 -1.139090e+01
1.251320e+01 2.330265e-01 -1.011496e+01
1.251320e+01 2.516223e-01 -8.737196e+00
1.251320e+01 2.717020e-01 -7.249486e+00
1.251320e+01 2.933841e-01 -6.090443e+00
1.251320e+01 3.167964e-01 -5.407508e+00
1.251320e+01 3.420771e-01 -4.670074e+00
1.251320e+01 3.693752e-01 -3.873792e+00
1.251320e+01 3.988518e-01 -3.053230e+00
1.251320e+01 4.306805e-01 -2.717930e+00
1.251320e+01 4.650493e-01 -2.355873e+00
1.251320e+01 5.021607e-01 -1.964924e+00
1.251320e+01 5.422336e-01 -1.542776e+00
1.251320e+01 5.855044e-01 -1.296321e+00
1.251320e+01 6.322283e-01 -1.127771e+00
1.251320e+01 6.826808e-01 -9.457717e-01
1.251320e+01 7.371594e-01 -7.492481e-01
1.251320e+01 7.959855e-01 -5.825235e-01
1.251320e+01 8.595059e-01 -5.095161e-01
1.251320e+01 9.280954e-01 -4.306826e-01
1.251320e+01 1.002158e+00 -3.455581e-01
1.251320e+01 1.082132e+00 -2.536406e-01
1.251320e+01 1.168487e+00 -2.189559e-01
1.251320e+01 1.261733e+00 -1.870026e-01
1.251320e+01 1.362421e+00 -1.524993e-01
1.251320e+01 1.471144e+00 -1.152427e-01
1.251320e+01 1.588542e+00 -9.056394e-02
1.251320e+01 1.715310e+00 -7.753140e-02
1.251320e+01 1.852193e+00 -6.345885e-02
1.251320e+01 2.000000e+00 -4.826329e-02
1.278347e+01 1.000000e-03 -5.095127e+01
1.278347e+01 1.079801e-03 -5.465472e+01
1.278347e+01 1.165970e-03 -5.859434e+01
1.278347e+01 1.259016e-03 -6.277871e+01
1.278347e+01 1.359487e-03 -6.721541e+01
1.278347e+01 1.467975e-03 -7.191112e+01
1.278347e+01 1.585121e-03 -7.687132e+01
1.278347e+01 1.711615e-03 -8.210013e+01
1.278347e+01 1.848204e-03 -8.760005e+01
1.278347e+01 1.995693e-03 -9.337165e+01
1.278347e+01 2.154951e-03 -9.941322e+01
1.278347e+01 2.326918e-03 -1.057206e+02
1.278347e+01 2.512609e-03 -1.122859e+02
1.278347e+01 2.713117e-03 -1.190966e+02
1.278347e+01 2.929627e-03 -1.261367e+02
1.278347e+01 3.163414e-03 -1.333842e+02
1.278347e+01 3.415858e-03 -1.408109e+02
1.278347e+01 3.688447e-03 -1.483833e+02
1.278347e+01 3.982789e-03 -1.560605e+02
1.278347e+01 4.300619e-03 -1.637936e+02
1.278347e+01 4.643813e-03 -1.715275e+02
1.278347e+01 5.014394e-03 -1.791965e+02
1.278347e+01 5.414548e-03 -1.867249e+02
1.278347e+01 5.846635e-03 -1.940295e+02
1.278347e+01 6.313202e-03 -2.010149e+02
1.278347e+01 6.817002e-03 -2.075740e+02
1.278347e+01 7.361006e-03 -2.135941e+02
1.278347e+01 7.948422e-03 -2.189488e+02
1.278347e+01 8.582714e-03 -2.235012e+02
1.278347e+01 9.267624e-03 -2.271150e+02
1.278347e+01 1.000719e-02 -2.296456e+02
1.278347e+01 1.080577e-02 -2.309469e+02
1.278347e+01 1.166809e-02 -2.308882e+02
1.278347e+01 1.259921e-02 -2.293526e+02
1.278347e+01 1.360464e-02 -2.262460e+02
1.278347e+01 1.469030e-02 -2.215130e+02
1.278347e+01 1.586261e-02 -2.151650e+02
1.278347e+01 1.712846e-02 -2.072773e+02
1.278347e+01 1.849533e-02 -1.979743e+02
1.278347e+01 1.997127e-02 -1.875242e+02
1.278347e+01 2.156500e-02 -1.762861e+02
1.278347e+01 2.328591e-02 -1.646064e+02
1.278347e+01 2.514415e-02 -1.529615e+02
1.278347e+01 2.715068e-02 -1.418596e+02
1.278347e+01 2.931733e-02 -1.316823e+02
1.278347e+01 3.165689e-02 -1.227094e+02
1.278347e+01 3.418314e-02 -1.151091e+02
1.278347e+01 3.691099e-02 -1.087639e+02
1.278347e+01 3.985652e-02 -1.032895e+02
1.278347e+01 4.303711e-02 -9.804122e+01
1.278347e+01 4.647152e-02 -9.223635e+01
1.278347e+01 5.017999e-02 -8.520949e+01
1.278347e+01 5.418441e-02 -7.857041e+01
1.278347e+01 5.850838e-02 -7.427684e+01
1.278347e+01 6.317741e-02 -6.964064e+01
1.278347e+01 6.821903e-02 -6.463446e+01
1.278347e+01 7.366298e-02 -5.927540e+01
1.278347e+01 7.954136e-02 -5.396458e+01
1.278347e+01 8.588885e-02 -4.822996e+01
1.278347e+01 9.274286e-02 -4.203770e+01
1.278347e+01 1.001438e-01 -3.535130e+01
1.278347e+01 1.081354e-01 -3.136380e+01
1.278347e+01 1.167647e-01 -2.860031e+01
1.278347e+01 1.260827e-01 -2.561629e+01
1.278347e+01 1.361442e-01 -2.239414e+01
1.278347e+01 1.470087e-01 -1.927162e+01
1.278347e+01 1.587401e-01 -1.741964e+01
1.278347e+01 1.714077e-01 -1.541987e+01
1.278347e+01 1.850862e-01 -1.326051e+01
1.278347e+01 1.998563e-01 -1.092884e+01
1.278347e+01 2.158051e-01 -9.689481e+00
1.278347e+01 2.330265e-01 -8.606573e+00
1.278347e+01 2.516223e-01 -7.437249e+00
1.278347e+01 2.717020e-01 -6.174611e+00
1.278347e+01 2.933841e-01 -5.191265e+00
1.278347e+01 3.167964e-01 -4.612469e+00
1.278347e+01 3.420771e-01 -3.987483e+00
1.278347e+01 3.693752e-01 -3.312623e+00
1.278347e+01 3.988518e-01 -2.617159e+00
1.278347e+01 4.306805e-01 -2.332585e+00
1.278347e+01 4.650493e-01 -2.025301e+00
1.278347e+01 5.021607e-01 -1.693495e+00
1.278347e+01 5.422336e-01 -1.335211e+00
1.278347e+01 5.855044e-01 -1.125253e+00
1.278347e+01 6.322283e-01 -9.809853e-01
1.278347e+01 6.826808e-01 -8.252048e-01
1.278347e+01 7.371594e-01 -6.569928e-01
1.278347e+01 7.959855e-01 -5.139816e-01
1.278347e+01 8.595059e-01 -4.504439e-01
1.278347e+01 9.280954e-01 -3.818357e-01
1.278347e+01 1.002158e+00 -3.077526e-01
1.278347e+01 1.082132e+00 -2.277575e-01
1.278347e+01 1.168487e+00 -1.970645e-01
1.278347e+01 1.261733e+00 -1.686649e-01
1.278347e+01 1.362421e+00 -1.379990e-01
1.278347e+01 1.471144e+00 -1.048859e-01
1.278347e+01 1.588542e+00 -8.283174e-02
1.278347e+01 1.715310e+00 -7.101367e-02
1.278347e+01 1.852193e+00 -5.825252e-02
1.278347e+01 2.000000e+00 -4.447300e-02
1.305914e+01 1.000000e-03 -4.307555e+01
1.305914e+01 1.079801e-03 -4.620741e+01
1.305914e+01 1.165970e-03 -4.953913e+01
1.305914e+01 1.259016e-03 -5.307795e+01
1.305914e+01 1.359487e-03 -5.683027e+01
1.305914e+01 1.467975e-03 -6.080173e+01
1.305914e+01 1.585121e-03 -6.499696e+01
1.305914e+01 1.711615e-03 -6.941938e+01
1.305914e+01 1.848204e-03 -7.407107e+01
1.305914e+01 1.995693e-03 -7.895248e+01
1.305914e+01 2.154951e-03 -8.406213e+01
1.305914e+01 2.326918e-03 -8.939652e+01
1.305914e+01 2.512609e-03 -9.494887e+01
1.305914e+01 2.713117e-03 -1.007088e+02
1.305914e+01 2.929627e-03 -1.066626e+02
1.305914e+01 3.163414e-03 -1.127919e+02
1.305914e+01 3.415858e-03 -1.190727e+02
1.305914e+01 3.688447e-03 -1.254767e+02
1.305914e+01 3.982789e-03 -1.319693e+02
1.305914e+01 4.300619e-03 -1.385091e+02
1.305914e+01 4.643813e-03 -1.450496e+02
1.305914e+01 5.014394e-03 -1.515352e+02
1.305914e+01 5.414548e-03 -1.579018e+02
1.305914e+01 5.846635e-03 -1.640793e+02
1.305914e+01 6.313202e-03 -1.699867e+02
1.305914e+01 6.817002e-03 -1.755336e+02
1.305914e+01 7.361006e-03 -1.806247e+02
1.305914e+01 7.948422e-03 -1.851532e+02
1.305914e+01 8.582714e-03 -1.890031e+02
1.305914e+01 9.267624e-03 -1.920591e+02
1.305914e+01 1.000719e-02 -1.941991e+02
1.305914e+01 1.080577e-02 -1.952995e+02
1.305914e+01 1.166809e-02 -1.952500e+02
1.305914e+01 1.259921e-02 -1.939516e+02
1.305914e+01 1.360464e-02 -1.913249e+02
1.305914e+01 1.469030e-02 -1.873226e+02
1.305914e+01 1.586261e-02 -1.819545e+02
1.305914e+01 1.712846e-02 -1.752843e+02
1.305914e+01 1.849533e-02 -1.674172e+02
1.305914e+01 1.997127e-02 -1.585801e+02
1.305914e+01 2.156500e-02 -1.490766e+02
1.305914e+01 2.328591e-02 -1.391997e+02
1.305914e+01 2.514415e-02 -1.293521e+02
1.305914e+01 2.715068e-02 -1.199638e+02
1.305914e+01 2.931733e-02 -1.113574e+02
1.305914e+01 3.165689e-02 -1.037694e+02
1.305914e+01 3.418314e-02 -9.734223e+01
1.305914e+01 3.691099e-02 -9.197639e+01
1.305914e+01 3.985652e-02 -8.734698e+01
1.305914e+01 4.303711e-02 -8.290875e+01
1.305914e+01 4.647152e-02 -7.799986e+01
1.305914e+01 5.017999e-02 -7.205758e+01
1.305914e+01 5.418441e-02 -6.644536e+01
1.305914e+01 5.850838e-02 -6.282041e+01
1.305914e+01 6.317741e-02 -5.890619e+01
1.305914e+01 6.821903e-02 -5.467961e+01
1.305914e+01 7.366298e-02 -5.015451e+01
1.305914e+01 7.954136e-02 -4.566408e+01
1.305914e+01 8.588885e-02 -4.081531e+01
1.305914e+01 9.274286e-02 -3.557961e+01
1.305914e+01 1.001438e-01 -2.992609e+01
1.305914e+01 1.081354e-01 -2.655632e+01
1.305914e+01 1.167647e-01 -2.422246e+01
1.305914e+01 1.260827e-01 -2.170236e+01
1.305914e+01 1.361442e-01 -1.898115e+01
1.305914e+01 1.470087e-01 -1.634244e+01
1.305914e+01 1.587401e-01 -1.476963e+01
1.305914e+01 1.714077e-01 -1.307130e+01
1.305914e+01 1.850862e-01 -1.123744e+01
1.305914e+01 1.998563e-01 -9.257246e+00
1.305914e+01 2.158051e-01 -8.208089e+00
1.305914e+01 2.330265e-01 -7.292743e+00
1.305914e+01 2.516223e-01 -6.304352e+00
1.305914e+01 2.717020e-01 -5.237086e+00
1.305914e+01 2.933841e-01 -4.406224e+00
1.305914e+01 3.167964e-01 -3.917757e+00
1.305914e+01 3.420771e-01 -3.390310e+00
1.305914e+01 3.693752e-01 -2.820772e+00
1.305914e+01 3.988518e-01 -2.233813e+00
1.305914e+01 4.306805e-01 -1.993172e+00
1.305914e+01 4.650493e-01 -1.733328e+00
1.305914e+01 5.021607e-01 -1.452749e+00
1.305914e+01 5.422336e-01 -1.149778e+00
1.305914e+01 5.855044e-01 -9.716782e-01
1.305914e+01 6.322283e-01 -8.488228e-01
1.305914e+01 6.826808e-01 -7.161635e-01
1.305914e+01 7.371594e-01 -5.729177e-01
1.305914e+01 7.959855e-01 -4.508805e-01
1.305914e+01 8.595059e-01 -3.959081e-01
1.305914e+01 9.280954e-01 -3.365489e-01
1.305914e+01 1.002158e+00 -2.724527e-01
1.305914e+01 1.082132e+00 -2.032415e-01
1.305914e+01 1.168487e+00 -1.762887e-01
1.305914e+01 1.261733e+00 -1.512546e-01
1.305914e+01 1.362421e+00 -1.242227e-01
1.305914e+01 1.471144e+00 -9.503360e-02
1.305914e+01 1.588542e+00 -7.545502e-02
1.305914e+01 1.715310e+00 -6.476784e-02
1.305914e+01 1.852193e+00 -5.322780e-02
1.305914e+01 2.000000e+00 -4.076686e-02
1.334032e+01 1.000000e-03 -3.603501e+01
1.334032e+01 1.079801e-03 -3.865572e+01
1.334032e+01 1.165970e-03 -4.144377e+01
1.334032e+01 1.259016e-03 -4.440524e+01
1.334032e+01 1.359487e-03 -4.754546e+01
1.334032e+01 1.467975e-03 -5.086917e+01
1.334032e+01 1.585121e-03 -5.438019e+01
1.334032e+01 1.711615e-03 -5.808137e+01
1.334032e+01 1.848204e-03 -6.197441e+01
1.334032e+01 1.995693e-03 -6.605965e+01
1.334032e+01 2.154951e-03 -7.033584e+01
1.334032e+01 2.326918e-03 -7.480001e+01
1.334032e+01 2.512609e-03 -7.944650e+01
1.334032e+01 2.713117e-03 -8.426665e+01
1.334032e+01 2.929627e-03 -8.924908e+01
1.334032e+01 3.163414e-03 -9.437829e+01
1.334032e+01 3.415858e-03 -9.963433e+01
1.334032e+01 3.688447e-03 -1.049934e+02
1.334032e+01 3.982789e-03 -1.104266e+02
1.334032e+01 4.300619e-03 -1.158993e+02
1.334032e+01 4.643813e-03 -1.213725e+02
1.334032e+01 5.014394e-03 -1.267998e+02
1.334032e+01 5.414548e-03 -1.321275e+02
1.334032e+01 5.846635e-03 -1.372969e+02
1.334032e+01 6.313202e-03 -1.422404e+02
1.334032e+01 6.817002e-03 -1.468821e+02
1.334032e+01 7.361006e-03 -1.511424e+02
1.334032e+01 7.948422e-03 -1.549319e+02
1.334032e+01 8.582714e-03 -1.581536e+02
1.334032e+01 9.267624e-03 -1.607109e+02
1.334032e+01 1.000719e-02 -1.625016e+02
1.334032e+01 1.080577e-02 -1.634226e+02
1.334032e+01 1.166809e-02 -1.633812e+02
1.334032e+01 1.259921e-02 -1.622950e+02
1.334032e+01 1.360464e-02 -1.600971e+02
1.334032e+01 1.469030e-02 -1.567481e+02
1.334032e+01 1.586261e-02 -1.522563e+02
1.334032e+01 1.712846e-02 -1.466748e+02
1.334032e+01 1.849533e-02 -1.400918e+02
1.334032e+01 1.997127e-02 -1.326971e+02
1.334032e+01 2.156500e-02 -1.247447e+02
1.334032e+01 2.328591e-02 -1.164800e+02
1.334032e+01 2.514415e-02 -1.082397e+02
1.334032e+01 2.715068e-02 -1.003837e+02
1.334032e+01 2.931733e-02 -9.318203e+01
1.334032e+01 3.165689e-02 -8.683256e+01
1.334032e+01 3.418314e-02 -8.145437e+01
1.334032e+01 3.691099e-02 -7.696433e+01
1.334032e+01 3.985652e-02 -7.309051e+01
1.334032e+01 4.303711e-02 -6.937667e+01
1.334032e+01 4.647152e-02 -6.526899e+01
1.334032e+01 5.017999e-02 -6.029660e+01
1.334032e+01 5.418441e-02 -5.562232e+01
1.334032e+01 5.850838e-02 -5.265011e+01
1.334032e+01 6.317741e-02 -4.944071e+01
1.334032e+01 6.821903e-02 -4.597520e+01
1.334032e+01 7.366298e-02 -4.225638e+01
1.334032e+01 7.954136e-02 -3.847805e+01
1.334032e+01 8.588885e-02 -3.439821e+01
1.334032e+01 9.274286e-02 -2.999280e+01
1.334032e+01 1.001438e-01 -2.523582e+01
1.334032e+01 1.081354e-01 -2.238877e+01
1.334032e+01 1.167647e-01 -2.040685e+01
1.334032e+01 1.260827e-01 -1.826677e+01
1.334032e+01 1.361442e-01 -1.595591e+01
1.334032e+01 1.470087e-01 -1.371902e+01
1.334032e+01 1.587401e-01 -1.240426e+01
1.334032e+01 1.714077e-01 -1.098458e+01
1.334032e+01 1.850862e-01 -9.451609e+00
1.334032e+01 1.998563e-01 -7.796304e+00
1.334032e+01 2.158051e-01 -6.915828e+00
1.334032e+01 2.330265e-01 -6.146243e+00
1.334032e+01 2.516223e-01 -5.315243e+00
1.334032e+01 2.717020e-01 -4.417929e+00
1.334032e+01 2.933841e-01 -3.719559e+00
1.334032e+01 3.167964e-01 -3.309310e+00
1.334032e+01 3.420771e-01 -2.866323e+00
1.334032e+01 3.693752e-01 -2.387985e+00
1.334032e+01 3.988518e-01 -1.894983e+00
1.334032e+01 4.306805e-01 -1.692373e+00
1.334032e+01 4.650493e-01 -1.473595e+00
1.334032e+01 5.021607e-01 -1.237358e+00
1.334032e+01 5.422336e-01 -9.822696e-01
1.334032e+01 5.855044e-01 -8.321678e-01
1.334032e+01 6.322283e-01 -7.284986e-01
1.334032e+01 6.826808e-01 -6.165565e-01
1.334032e+01 7.371594e-01 -4.956813e-01
1.334032e+01 7.959855e-01 -3.924688e-01
1.334032e+01 8.595059e-01 -3.452794e-01
1.334032e+01 9.280954e-01 -2.943243e-01
1.334032e+01 1.002158e+00 -2.393028e-01
1.334032e+01 1.082132e+00 -1.798906e-01
1.334032e+01 1.168487e+00 -1.563767e-01
1.334032e+01 1.261733e+00 -1.344476e-01
1.334032e+01 1.362421e+00 -1.107685e-01
1.334032e+01 1.471144e+00 -8.519980e-02
1.334032e+01 1.588542e+00 -6.795070e-02
1.334032e+01 1.715310e+00 -5.839572e-02
1.334032e+01 1.852193e+00 -4.807824e-02
1.334032e+01 2.000000e+00 -3.693741e-02
1.362713e+01 1.000000e-03 -3.000691e+01
1.362713e+01 1.079801e-03 -3.218984e+01
1.362713e+01 1.165970e-03 -3.451225e+01
1.362713e+01 1.259016e-03 -3.697919e+01
1.362713e+01 1.359487e-03 -3.959514e+01
1.362713e+01 1.467975e-03 -4.236399e+01
1.362713e+01 1.585121e-03 -4.528894e+01
1.362713e+01 1.711615e-03 -4.837233e+01
1.362713e+01 1.848204e-03 -5.161554e+01
1.362713e+01 1.995693e-03 -5.501883e+01
1.362713e+01 2.154951e-03 -5.858114e+01
1.362713e+01 2.326918e-03 -6.229996e+01
1.362713e+01 2.512609e-03 -6.617059e+01
1.362713e+01 2.713117e-03 -7.018583e+01
1.362713e+01 2.929627e-03 -7.433625e+01
1.362713e+01 3.163414e-03 -7.860894e+01
1.362713e+01 3.415858e-03 -8.298726e+01
1.362713e+01 3.688447e-03 -8.745142e+01
1.362713e+01 3.982789e-03 -9.197722e+01
1.362713e+01 4.300619e-03 -9.653597e+01
1.362713e+01 4.643813e-03 -1.010951e+02
1.362713e+01 5.014394e-03 -1.056160e+02
1.362713e+01 5.414548e-03 -1.100540e+02
1.362713e+01 5.846635e-03 -1.143600e+02
1.362713e+01 6.313202e-03 -1.184778e+02
1.362713e+01 6.817002e-03 -1.223443e+02
1.362713e+01 7.361006e-03 -1.258931e+02
1.362713e+01 7.948422e-03 -1.290497e+02
1.362713e+01 8.582714e-03 -1.317333e+02
1.362713e+01 9.267624e-03 -1.338635e+02
1.362713e+01 1.000719e-02 -1.353552e+02
1.362713e+01 1.080577e-02 -1.361224e+02
1.362713e+01 1.166809e-02 -1.360880e+02
1.362713e+01 1.259921e-02 -1.351833e+02
1.362713e+01 1.360464e-02 -1.333527e+02
1.362713e+01 1.469030e-02 -1.305632e+02
1.362713e+01 1.586261e-02 -1.268218e+02
1.362713e+01 1.712846e-02 -1.221727e+02
1.362713e+01 1.849533e-02 -1.166894e+02
1.362713e+01 1.997127e-02 -1.105301e+02
1.362713e+01 2.156500e-02 -1.039062e+02
1.362713e+01 2.328591e-02 -9.702206e+01
1.362713e+01 2.514415e-02 -9.015835e+01
1.362713e+01 2.715068e-02 -8.361471e+01
1.362713e+01 2.931733e-02 -7.761605e+01
1.362713e+01 3.165689e-02 -7.232727e+01
1.362713e+01 3.418314e-02 -6.784750e+01
1.362713e+01 3.691099e-02 -6.410751e+01
1.362713e+01 3.985652e-02 -6.088082e+01
1.362713e+01 4.303711e-02 -5.778737e+01
1.362713e+01 4.647152e-02 -5.436587e+01
1.362713e+01 5.017999e-02 -5.022411e+01
1.362713e+01 5.418441e-02 -4.632926e+01
1.362713e+01 5.850838e-02 -4.384963e+01
1.362713e+01 6.317741e-02 -4.117212e+01
1.362713e+01 6.821903e-02 -3.828095e+01
1.362713e+01 7.366298e-02 -3.518015e+01
1.362713e+01 7.954136e-02 -3.204727e+01
1.362713e+01 8.588885e-02 -2.866438e+01
1.362713e+01 9.274286e-02 -2.501154e+01
1.362713e+01 1.001438e-01 -2.106719e+01
1.362713e+01 1.081354e-01 -1.869661e+01
1.362713e+01 1.167647e-01 -1.703787e+01
1.362713e+01 1.260827e-01 -1.524676e+01
1.362713e+01 1.361442e-01 -1.331272e+01
1.362713e+01 1.470087e-01 -1.144170e+01
1.362713e+01 1.587401e-01 -1.034726e+01
1.362713e+01 1.714077e-01 -9.165479e+00
1.362713e+01 1.850862e-01 -7.889396e+00
1.362713e+01 1.998563e-01 -6.511479e+00
1.362713e+01 2.158051e-01 -5.778480e+00
1.362713e+01 2.330265e-01 -5.137770e+00
1.362713e+01 2.516223e-01 -4.445929e+00
1.362713e+01 2.717020e-01 -3.698880e+00
1.362713e+01 2.933841e-01 -3.116933e+00
1.362713e+01 3.167964e-01 -2.774149e+00
1.362713e+01 3.420771e-01 -2.404011e+00
1.362713e+01 3.693752e-01 -2.004335e+00
1.362713e+01 3.988518e-01 -1.592434e+00
1.362713e+01 4.306805e-01 -1.423558e+00
1.362713e+01 4.650493e-01 -1.241204e+00
1.362713e+01 5.021607e-01 -1.044299e+00
1.362713e+01 5.422336e-01 -8.316809e-01
1.362713e+01 5.855044e-01 -7.063110e-01
1.362713e+01 6.322283e-01 -6.195018e-01
1.362713e+01 6.826808e-01 -5.257652e-01
1.362713e+01 7.371594e-01 -4.245483e-01
1.362713e+01 7.959855e-01 -3.379720e-01
1.362713e+01 8.595059e-01 -2.979432e-01
1.362713e+01 9.280954e-01 -2.547201e-01
1.362713e+01 1.002158e+00 -2.080478e-01
1.362713e+01 1.082132e+00 -1.576509e-01
1.362713e+01 1.168487e+00 -1.373245e-01
1.362713e+01 1.261733e+00 -1.182796e-01
1.362713e+01 1.362421e+00 -9.771485e-02
1.362713e+01 1.471144e+00 -7.550906e-02
1.362713e+01 1.588542e+00 -6.045698e-02
1.362713e+01 1.715310e+00 -5.201859e-02
1.362713e+01 1.852193e+00 -4.290680e-02
1.362713e+01 2.000000e+00 -3.306789e-02
1.391967e+01 1.000000e-03 -2.466499e+01
1.391967e+01 1.079801e-03 -2.645983e+01
1.391967e+01 1.165970e-03 -2.836943e+01
1.391967e+01 1.259016e-03 -3.039794e+01
1.391967e+01 1.359487e-03 -3.254904e+01
1.391967e+01 1.467975e-03 -3.482594e+01
1.391967e+01 1.585121e-03 -3.723126e+01
1.391967e+01 1.711615e-03 -3.976688e+01
1.391967e+01 1.848204e-03 -4.243393e+01
1.391967e+01 1.995693e-03 -4.523258e+01
1.391967e+01 2.154951e-03 -4.816195e+01
1.391967e+01 2.326918e-03 -5.121997e+01
1.391967e+01 2.512609e-03 -5.440275e+01
1.391967e+01 2.713117e-03 -5.770440e+01
1.391967e+01 2.929627e-03 -6.111719e+01
1.391967e+01 3.163414e-03 -6.463052e+01
1.391967e+01 3.415858e-03 -6.823071e+01
1.391967e+01 3.688447e-03 -7.190145e+01
1.391967e+01 3.982789e-03 -7.562287e+01
1.391967e+01 4.300619e-03 -7.937136e+01
1.391967e+01 4.643813e-03 -8.312017e+01
1.391967e+01 5.014394e-03 -8.683751e+01
1.391967e+01 5.414548e-03 -9.048661e+01
1.391967e+01 5.846635e-03 -9.402726e+01
1.391967e+01 6.313202e-03 -9.741314e+01
1.391967e+01 6.817002e-03 -1.005924e+02
1.391967e+01 7.361006e-03 -1.035103e+02
1.391967e+01 7.948422e-03 -1.061058e+02
1.391967e+01 8.582714e-03 -1.083124e+02
1.391967e+01 9.267624e-03 -1.100641e+02
1.391967e+01 1.000719e-02 -1.112907e+02
1.391967e+01 1.080577e-02 -1.119216e+02
1.391967e+01 1.166809e-02 -1.118934e+02
1.391967e+01 1.259921e-02 -1.111496e+02
1.391967e+01 1.360464e-02 -1.096444e+02
1.391967e+01 1.469030e-02 -1.073510e+02
1.391967e+01 1.586261e-02 -1.042747e+02
1.391967e+01 1.712846e-02 -1.004523e+02
1.391967e+01 1.849533e-02 -9.594387e+01
1.391967e+01 1.997127e-02 -9.087957e+01
1.391967e+01 2.156500e-02 -8.543332e+01
1.391967e+01 2.328591e-02 -7.977309e+01
1.391967e+01 2.514415e-02 -7.412966e+01
1.391967e+01 2.715068e-02 -6.874938e+01
1.391967e+01 2.931733e-02 -6.381719e+01
1.391967e+01 3.165689e-02 -5.946867e+01
1.391967e+01 3.418314e-02 -5.578533e+01
1.391967e+01 3.691099e-02 -5.271025e+01
1.391967e+01 3.985652e-02 -5.005721e+01
1.391967e+01 4.303711e-02 -4.751373e+01
1.391967e+01 4.647152e-02 -4.470051e+01
1.391967e+01 5.017999e-02 -4.129509e+01
1.391967e+01 5.418441e-02 -3.811575e+01
1.391967e+01 5.850838e-02 -3.614120e+01
1.391967e+01 6.317741e-02 -3.400908e+01
1.391967e+01 6.821903e-02 -3.170681e+01
1.391967e+01 7.366298e-02 -2.922755e+01
1.391967e+01 7.954136e-02 -2.661907e+01
1.391967e+01 8.588885e-02 -2.380243e+01
1.391967e+01 9.274286e-02 -2.076102e+01
1.391967e+01 1.001438e-01 -1.747690e+01
1.391967e+01 1.081354e-01 -1.550786e+01
1.391967e+01 1.167647e-01 -1.413414e+01
1.391967e+01 1.260827e-01 -1.265080e+01
1.391967e+01 1.361442e-01 -1.104908e+01
1.391967e+01 1.470087e-01 -9.499489e+00
1.391967e+01 1.587401e-01 -8.592727e+00
1.391967e+01 1.714077e-01 -7.613606e+00
1.391967e+01 1.850862e-01 -6.556349e+00
1.391967e+01 1.998563e-01 -5.414722e+00
1.391967e+01 2.158051e-01 -4.805876e+00
1.391967e+01 2.330265e-01 -4.273060e+00
1.391967e+01 2.516223e-01 -3.697725e+00
1.391967e+01 2.717020e-01 -3.076477e+00
1.391967e+01 2.933841e-01 -2.592910e+00
1.391967e+01 3.167964e-01 -2.308743e+00
1.391967e+01 3.420771e-01 -2.001899e+00
1.391967e+01 3.693752e-01 -1.670569e+00
1.391967e+01 3.988518e-01 -1.329114e+00
1.391967e+01 4.306805e-01 -1.189253e+00
1.391967e+01 4.650493e-01 -1.038232e+00
1.391967e+01 5.021607e-01 -8.751592e-01
1.391967e+01 5.422336e-01 -6.990729e-01
1.391967e+01 5.855044e-01 -5.951095e-01
1.391967e+01 6.322283e-01 -5.230078e-01
1.391967e+01 6.826808e-01 -4.451524e-01
1.391967e+01 7.371594e-01 -3.610840e-01
1.391967e+01 7.959855e-01 -2.890271e-01
1.391967e+01 8.595059e-01 -2.552701e-01
1.391967e+01 9.280954e-01 -2.188192e-01
1.391967e+01 1.002158e+00 -1.794596e-01
1.391967e+01 1.082132e+00 -1.369590e-01
1.391967e+01 1.168487e+00 -1.195478e-01
1.391967e+01 1.261733e+00 -1.031729e-01
1.391967e+01 1.362421e+00 -8.549134e-02
1.391967e+01 1.471144e+00 -6.639873e-02
1.391967e+01 1.588542e+00 -5.337666e-02
1.391967e+01 1.715310e+00 -4.596441e-02
1.391967e+01 1.852193e+00 -3.796065e-02
1.391967e+01 2.000000e+00 -2.931817e-02
1.421806e+01 1.000000e-03 -2.039371e+01
1.421806e+01 1.079801e-03 -2.187817e+01
1.421806e+01 1.165970e-03 -2.345760e+01
1.421806e+01 1.259016e-03 -2.513545e+01
1.421806e+01 1.359487e-03 -2.691476e+01
1.421806e+01 1.467975e-03 -2.879818e+01
1.421806e+01 1.585121e-03 -3.078786e+01
1.421806e+01 1.711615e-03 -3.288536e+01
1.421806e+01 1.848204e-03 -3.509157e+01
1.421806e+01 1.995693e-03 -3.740663e+01
1.421806e+01 2.154951e-03 -3.982978e+01
1.421806e+01 2.326918e-03 -4.235928e+01
1.421806e+01 2.512609e-03 -4.499192e+01
1.421806e+01 2.713117e-03 -4.772286e+01
1.421806e+01 2.929627e-03 -5.054571e+01
1.421806e+01 3.163414e-03 -5.345172e+01
1.421806e+01 3.415858e-03 -5.642956e+01
1.421806e+01 3.688447e-03 -5.946575e+01
1.421806e+01 3.982789e-03 -6.254384e+01
1.421806e+01 4.300619e-03 -6.564430e+01
1.421806e+01 4.643813e-03 -6.874502e+01
1.421806e+01 5.014394e-03 -7.181970e+01
1.421806e+01 5.414548e-03 -7.483793e+01
1.421806e+01 5.846635e-03 -7.776645e+01
1.421806e+01 6.313202e-03 -8.056696e+01
1.421806e+01 6.817002e-03 -8.319652e+01
1.421806e+01 7.361006e-03 -8.561001e+01
1.421806e+01 7.948422e-03 -8.775677e+01
1.421806e+01 8.582714e-03 -8.958189e+01
1.421806e+01 9.267624e-03 -9.103071e+01
1.421806e+01 1.000719e-02 -9.204532e+01
1.421806e+01 1.080577e-02 -9.256722e+01
1.421806e+01 1.166809e-02 -9.254398e+01
1.421806e+01 1.259921e-02 -9.192883e+01
1.421806e+01 1.360464e-02 -9.068399e+01
1.421806e+01 1.469030e-02 -8.878715e+01
1.421806e+01 1.586261e-02 -8.624292e+01
1.421806e+01 1.712846e-02 -8.308150e+01
1.421806e+01 1.849533e-02 -7.935274e+01
1.421806e+01 1.997127e-02 -7.516421e+01
1.421806e+01 2.156500e-02 -7.065977e+01
1.421806e+01 2.328591e-02 -6.597835e+01
1.421806e+01 2.514415e-02 -6.131082e+01
1.421806e+01 2.715068e-02 -5.686093e+01
1.421806e+01 2.931733e-02 -5.278164e+01
1.421806e+01 3.165689e-02 -4.918508e+01
1.421806e+01 3.418314e-02 -4.613869e+01
1.421806e+01 3.691099e-02 -4.359537e+01
1.421806e+01 3.985652e-02 -4.140110e+01
1.421806e+01 4.303711e-02 -3.929744e+01
1.421806e+01 4.647152e-02 -3.697071e+01
1.421806e+01 5.017999e-02 -3.415417e+01
1.421806e+01 5.418441e-02 -3.151171e+01
1.421806e+01 5.850838e-02 -2.984266e+01
1.421806e+01 6.317741e-02 -2.804043e+01
1.421806e+01 6.821903e-02 -2.609437e+01
1.421806e+01 7.366298e-02 -2.400452e+01
1.421806e+01 7.954136e-02 -2.186529e+01
1.421806e+01 8.588885e-02 -1.955535e+01
1.421806e+01 9.274286e-02 -1.706107e+01
1.421806e+01 1.001438e-01 -1.436775e+01
1.421806e+01 1.081354e-01 -1.275111e+01
1.421806e+01 1.167647e-01 -1.162170e+01
1.421806e+01 1.260827e-01 -1.040215e+01
1.421806e+01 1.361442e-01 -9.085283e+00
1.421806e+01 1.470087e-01 -7.811779e+00
1.421806e+01 1.587401e-01 -7.069016e+00
1.421806e+01 1.714077e-01 -6.266981e+00
1.421806e+01 1.850862e-01 -5.400942e+00
1.421806e+01 1.998563e-01 -4.465792e+00
1.421806e+01 2.158051e-01 -3.965210e+00
1.421806e+01 2.330265e-01 -3.526391e+00
1.421806e+01 2.516223e-01 -3.052552e+00
1.421806e+01 2.717020e-01 -2.540902e+00
1.421806e+01 2.933841e-01 -2.142687e+00
1.421806e+01 3.167964e-01 -1.908756e+00
1.421806e+01 3.420771e-01 -1.656157e+00
1.421806e+01 3.693752e-01 -1.383401e+00
1.421806e+01 3.988518e-01 -1.102310e+00
1.421806e+01 4.306805e-01 -9.871869e-01
1.421806e+01 4.650493e-01 -8.628772e-01
1.421806e+01 5.021607e-01 -7.286475e-01
1.421806e+01 5.422336e-01 -5.837061e-01
1.421806e+01 5.855044e-01 -4.980165e-01
1.421806e+01 6.322283e-01 -4.384907e-01
1.421806e+01 6.826808e-01 -3.742147e-01
1.421806e+01 7.371594e-01 -3.048094e-01
1.421806e+01 7.959855e-01 -2.452113e-01
1.421806e+01 8.595059e-01 -2.169672e-01
1.421806e+01 9.280954e-01 -1.864692e-01
1.421806e+01 1.002158e+00 -1.535375e-01
1.421806e+01 1.082132e+00 -1.179777e-01
1.421806e+01 1.168487e+00 -1.031967e-01
1.421806e+01 1.261733e+00 -8.924761e-02
1.421806e+01 1.362421e+00 -7.418533e-02
1.421806e+01 1.471144e+00 -5.792106e-02
1.421806e+01 1.588542e+00 -4.675992e-02
1.421806e+01 1.715310e+00 -4.031247e-02
1.421806e+01 1.852193e+00 -3.335050e-02
1.421806e+01 2.000000e+00 -2.583296e-02
1.452242e+01 1.000000e-03 -1.671896e+01
1.452242e+01 1.079801e-03 -1.793630e+01
1.452242e+01 1.165970e-03 -1.923156e+01
1.452242e+01 1.259016e-03 -2.060760e+01
1.452242e+01 1.359487e-03 -2.206690e+01
1.452242e+01 1.467975e-03 -2.361163e+01
1.452242e+01 1.585121e-03 -2.524355e+01
1.452242e+01 1.711615e-03 -2.696391e+01
1.452242e+01 1.848204e-03 -2.877345e+01
1.452242e+01 1.995693e-03 -3.067224e+01
1.452242e+01 2.154951e-03 -3.265966e+01
1.452242e+01 2.326918e-03 -3.473426e+01
1.452242e+01 2.512609e-03 -3.689341e+01
1.452242e+01 2.713117e-03 -3.913313e+01
1.452242e+01 2.929627e-03 -4.144823e+01
1.452242e+01 3.163414e-03 -4.383152e+01
1.452242e+01 3.415858e-03 -4.627372e+01
1.452242e+01 3.688447e-03 -4.876377e+01
1.452242e+01 3.982789e-03 -5.128815e+01
1.452242e+01 4.300619e-03 -5.383089e+01
1.452242e+01 4.643813e-03 -5.637381e+01
1.452242e+01 5.014394e-03 -5.889538e+01
1.452242e+01 5.414548e-03 -6.137063e+01
1.452242e+01 5.846635e-03 -6.377232e+01
1.452242e+01 6.313202e-03 -6.606902e+01
1.452242e+01 6.817002e-03 -6.822552e+01
1.452242e+01 7.361006e-03 -7.020482e+01
1.452242e+01 7.948422e-03 -7.196538e+01
1.452242e+01 8.582714e-03 -7.346216e+01
1.452242e+01 9.267624e-03 -7.465036e+01
1.452242e+01 1.000719e-02 -7.548249e+01
1.452242e+01 1.080577e-02 -7.591055e+01
1.452242e+01 1.166809e-02 -7.589156e+01
1.452242e+01 1.259921e-02 -7.538713e+01
1.452242e+01 1.360464e-02 -7.436632e+01
1.452242e+01 1.469030e-02 -7.281083e+01
1.452242e+01 1.586261e-02 -7.072444e+01
1.452242e+01 1.712846e-02 -6.813191e+01
1.452242e+01 1.849533e-02 -6.507413e+01
1.452242e+01 1.997127e-02 -6.163929e+01
1.452242e+01 2.156500e-02 -5.794539e+01
1.452242e+01 2.328591e-02 -5.410634e+01
1.452242e+01 2.514415e-02 -5.027869e+01
1.452242e+01 2.715068e-02 -4.662951e+01
1.452242e+01 2.931733e-02 -4.328424e+01
1.452242e+01 3.165689e-02 -4.033484e+01
1.452242e+01 3.418314e-02 -3.783661e+01
1.452242e+01 3.691099e-02 -3.575093e+01
1.452242e+01 3.985652e-02 -3.395149e+01
1.452242e+01 4.303711e-02 -3.222636e+01
1.452242e+01 4.647152e-02 -3.031829e+01
1.452242e+01 5.017999e-02 -2.800855e+01
1.452242e+01 5.418441e-02 -2.583795e+01
1.452242e+01 5.850838e-02 -2.445913e+01
1.452242e+01 6.317741e-02 -2.297028e+01
1.452242e+01 6.821903e-02 -2.136263e+01
1.452242e+01 7.366298e-02 -1.963803e+01
1.452242e+01 7.954136e-02 -1.789182e+01
1.452242e+01 8.588885e-02 -1.600626e+01
1.452242e+01 9.274286e-02 -1.397023e+01
1.452242e+01 1.001438e-01 -1.177172e+01
1.452242e+01 1.081354e-01 -1.045067e+01
1.452242e+01 1.167647e-01 -9.526529e+00
1.452242e+01 1.260827e-01 -8.528643e+00
1.452242e+01 1.361442e-01 -7.451125e+00
1.452242e+01 1.470087e-01 -6.408827e+00
1.452242e+01 1.587401e-01 -5.799668e+00
1.452242e+01 1.714077e-01 -5.141897e+00
1.452242e+01 1.850862e-01 -4.431635e+00
1.452242e+01 1.998563e-01 -3.664694e+00
1.452242e+01 2.158051e-01 -3.254408e+00
1.452242e+01 2.330265e-01 -2.894845e+00
1.452242e+01 2.516223e-01 -2.506589e+00
1.452242e+01 2.717020e-01 -2.087350e+00
1.452242e+01 2.933841e-01 -1.760941e+00
1.452242e+01 3.167964e-01 -1.568987e+00
1.452242e+01 3.420771e-01 -1.361715e+00
1.452242e+01 3.693752e-01 -1.137903e+00
1.452242e+01 3.988518e-01 -9.072945e-01
1.452242e+01 4.306805e-01 -8.134832e-01
1.452242e+01 4.650493e-01 -7.121856e-01
1.452242e+01 5.021607e-01 -6.028045e-01
1.452242e+01 5.422336e-01 -4.846945e-01
1.452242e+01 5.855044e-01 -4.145421e-01
1.452242e+01 6.322283e-01 -3.655324e-01
1.452242e+01 6.826808e-01 -3.126116e-01
1.452242e+01 7.371594e-01 -2.554677e-01
1.452242e+01 7.959855e-01 -2.063506e-01
1.452242e+01 8.595059e-01 -1.829322e-01
1.452242e+01 9.280954e-01 -1.576450e-01
1.452242e+01 1.002158e+00 -1.303398e-01
1.452242e+01 1.082132e+00 -1.008557e-01
1.452242e+01 1.168487e+00 -8.839756e-02
1.452242e+01 1.261733e+00 -7.659579e-02
1.452242e+01 1.362421e+00 -6.385222e-02
1.452242e+01 1.471144e+00 -5.009171e-02
1.452242e+01 1.588542e+00 -4.059987e-02
1.452242e+01 1.715310e+00 -3.504941e-02
1.452242e+01 1.852193e+00 -2.905602e-02
1.452242e+01 2.000000e+00 -2.258435e-02
1.483287e+01 1.000000e-03 -1.354458e+01
1.483287e+01 1.079801e-03 -1.453107e+01
1.483287e+01 1.165970e-03 -1.558076e+01
1.483287e+01 1.259016e-03 -1.669596e+01
1.483287e+01 1.359487e-03 -1.787868e+01
1.483287e+01 1.467975e-03 -1.913068e+01
1.483287e+01 1.585121e-03 -2.045337e+01
1.483287e+01 1.711615e-03 -2.184778e+01
1.483287e+01 1.848204e-03 -2.331446e+01
1.483287e+01 1.995693e-03 -2.485348e+01
1.483287e+01 2.154951e-03 -2.646430e+01
1.483287e+01 2.326918e-03 -2.814575e+01
1.483287e+01 2.512609e-03 -2.989568e+01
1.483287e+01 2.713117e-03 -3.171089e+01
1.483287e+01 2.929627e-03 -3.358717e+01
1.483287e+01 3.163414e-03 -3.551871e+01
1.483287e+01 3.415858e-03 -3.749800e+01
1.483287e+01 3.688447e-03 -3.951605e+01
1.483287e+01 3.982789e-03 -4.156193e+01
1.483287e+01 4.300619e-03 -4.362266e+01
1.483287e+01 4.643813e-03 -4.568355e+01
1.483287e+01 5.014394e-03 -4.772711e+01
1.483287e+01 5.414548e-03 -4.973313e+01
1.483287e+01 5.846635e-03 -5.167952e+01
1.483287e+01 6.313202e-03 -5.354083e+01
1.483287e+01 6.817002e-03 -5.528852e+01
1.483287e+01 7.361006e-03 -5.689260e+01
1.483287e+01 7.948422e-03 -5.831940e+01
1.483287e+01 8.582714e-03 -5.953244e+01
1.483287e+01 9.267624e-03 -6.049541e+01
1.483287e+01 1.000719e-02 -6.116982e+01
1.483287e+01 1.080577e-02 -6.151677e+01
1.483287e+01 1.166809e-02 -6.150142e+01
1.483287e+01 1.259921e-02 -6.109268e+01
1.483287e+01 1.360464e-02 -6.026546e+01
1.483287e+01 1.469030e-02 -5.900494e+01
1.483287e+01 1.586261e-02 -5.731419e+01
1.483287e+01 1.712846e-02 -5.521326e+01
1.483287e+01 1.849533e-02 -5.273530e+01
1.483287e+01 1.997127e-02 -4.995176e+01
1.483287e+01 2.156500e-02 -4.695828e+01
1.483287e+01 2.328591e-02 -4.384717e+01
1.483287e+01 2.514415e-02 -4.074529e+01
1.483287e+01 2.715068e-02 -3.778804e+01
1.483287e+01 2.931733e-02 -3.507708e+01
1.483287e+01 3.165689e-02 -3.268692e+01
1.483287e+01 3.418314e-02 -3.066238e+01
1.483287e+01 3.691099e-02 -2.897216e+01
1.483287e+01 3.985652e-02 -2.751392e+01
1.483287e+01 4.303711e-02 -2.611589e+01
1.483287e+01 4.647152e-02 -2.456961e+01
1.483287e+01 5.017999e-02 -2.269783e+01
1.483287e+01 5.418441e-02 -2.093948e+01
1.483287e+01 5.850838e-02 -1.982402e+01
1.483287e+01 6.317741e-02 -1.861954e+01
1.483287e+01 6.821903e-02 -1.731895e+01
1.483287e+01 7.366298e-02 -1.592424e+01
1.483287e+01 7.954136e-02 -1.451704e+01
1.483287e+01 8.588885e-02 -1.299755e+01
1.483287e+01 9.274286e-02 -1.135680e+01
1.483287e+01 1.001438e-01 -9.585114e+00
1.483287e+01 1.081354e-01 -8.515227e+00
1.483287e+01 1.167647e-01 -7.762243e+00
1.483287e+01 1.260827e-01 -6.949170e+00
1.483287e+01 1.361442e-01 -6.071214e+00
1.483287e+01 1.470087e-01 -5.221853e+00
1.483287e+01 1.587401e-01 -4.724976e+00
1.483287e+01 1.714077e-01 -4.188448e+00
1.483287e+01 1.850862e-01 -3.609104e+00
1.483287e+01 1.998563e-01 -2.983528e+00
1.483287e+01 2.158051e-01 -2.649497e+00
1.483287e+01 2.330265e-01 -2.357015e+00
1.483287e+01 2.516223e-01 -2.041194e+00
1.483287e+01 2.717020e-01 -1.700169e+00
1.483287e+01 2.933841e-01 -1.434908e+00
1.483287e+01 3.167964e-01 -1.279355e+00
1.483287e+01 3.420771e-01 -1.111389e+00
1.483287e+01 3.693752e-01 -9.300188e-01
1.483287e+01 3.988518e-01 -7.431227e-01
1.483287e+01 4.306805e-01 -6.668131e-01
1.483287e+01 4.650493e-01 -5.844139e-01
1.483287e+01 5.021607e-01 -4.954392e-01
1.483287e+01 5.422336e-01 -3.993642e-01
1.483287e+01 5.855044e-01 -3.422490e-01
1.483287e+01 6.322283e-01 -3.023042e-01
1.483287e+01 6.826808e-01 -2.591719e-01
1.483287e+01 7.371594e-01 -2.125975e-01
1.483287e+01 7.959855e-01 -1.725027e-01
1.483287e+01 8.595059e-01 -1.532010e-01
1.483287e+01 9.280954e-01 -1.323590e-01
1.483287e+01 1.002158e+00 -1.098537e-01
1.483287e+01 1.082132e+00 -8.555253e-02
1.483287e+01 1.168487e+00 -7.513148e-02
1.483287e+01 1.261733e+00 -6.522617e-02
1.483287e+01 1.362421e+00 -5.453040e-02
1.483287e+01 1.471144e+00 -4.298110e-02
1.483287e+01 1.588542e+00 -3.497167e-02
1.483287e+01 1.715310e+00 -3.022932e-02
1.483287e+01 1.852193e+00 -2.510852e-02
1.483287e+01 2.000000e+00 -1.957908e-02
1.514953e+01 1.000000e-03 -1.098846e+01
1.514953e+01 1.079801e-03 -1.178903e+01
1.514953e+01 1.165970e-03 -1.264092e+01
1.514953e+01 1.259016e-03 -1.354601e+01
1.514953e+01 1.359487e-03 -1.450593e+01
1.514953e+01 1.467975e-03 -1.552212e+01
1.514953e+01 1.585121e-03 -1.659572e+01
1.514953e+01 1.711615e-03 -1.772754e+01
1.514953e+01 1.848204e-03 -1.891803e+01
1.514953e+01 1.995693e-03 -2.016722e+01
1.514953e+01 2.154951e-03 -2.147469e+01
1.514953e+01 2.326918e-03 -2.283944e+01
1.514953e+01 2.512609e-03 -2.425974e+01
1.514953e+01 2.713117e-03 -2.573301e+01
1.514953e+01 2.929627e-03 -2.725582e+01
1.514953e+01 3.163414e-03 -2.882349e+01
1.514953e+01 3.415858e-03 -3.042989e+01
1.514953e+01 3.688447e-03 -3.206776e+01
1.514953e+01 3.982789e-03 -3.372820e+01
1.514953e+01 4.300619e-03 -3.540070e+01
1.514953e+01 4.643813e-03 -3.707330e+01
1.514953e+01 5.014394e-03 -3.873184e+01
1.514953e+01 5.414548e-03 -4.035991e+01
1.514953e+01 5.846635e-03 -4.193957e+01
1.514953e+01 6.313202e-03 -4.345019e+01
1.514953e+01 6.817002e-03 -4.486858e+01
1.514953e+01 7.361006e-03 -4.617043e+01
1.514953e+01 7.948422e-03 -4.732840e+01
1.514953e+01 8.582714e-03 -4.831290e+01
1.514953e+01 9.267624e-03 -4.909444e+01
1.514953e+01 1.000719e-02 -4.964180e+01
1.514953e+01 1.080577e-02 -4.992341e+01
1.514953e+01 1.166809e-02 -4.991100e+01
1.514953e+01 1.259921e-02 -4.957932e+01
1.514953e+01 1.360464e-02 -4.890803e+01
1.514953e+01 1.469030e-02 -4.788509e+01
1.514953e+01 1.586261e-02 -4.651300e+01
1.514953e+01 1.712846e-02 -4.480802e+01
1.514953e+01 1.849533e-02 -4.279706e+01
1.514953e+01 1.997127e-02 -4.053811e+01
1.514953e+01 2.156500e-02 -3.810877e+01
1.514953e+01 2.328591e-02 -3.558398e+01
1.514953e+01 2.514415e-02 -3.306666e+01
1.514953e+01 2.715068e-02 -3.066672e+01
1.514953e+01 2.931733e-02 -2.846666e+01
1.514953e+01 3.165689e-02 -2.652694e+01
1.514953e+01 3.418314e-02 -2.488393e+01
1.514953e+01 3.691099e-02 -2.351224e+01
1.514953e+01 3.985652e-02 -2.232881e+01
1.514953e+01 4.303711e-02 -2.119425e+01
1.514953e+01 4.647152e-02 -1.993937e+01
1.514953e+01 5.017999e-02 -1.842033e+01
1.514953e+01 5.418441e-02 -1.699045e+01
1.514953e+01 5.850838e-02 -1.607713e+01
1.514953e+01 6.317741e-02 -1.509092e+01
1.514953e+01 6.821903e-02 -1.402601e+01
1.514953e+01 7.366298e-02 -1.288441e+01
1.514953e+01 7.954136e-02 -1.173639e+01
1.514953e+01 8.588885e-02 -1.049676e+01
1.514953e+01 9.274286e-02 -9.158199e+00
1.514953e+01 1.001438e-01 -7.712821e+00
1.514953e+01 1.081354e-01 -6.849573e+00
1.514953e+01 1.167647e-01 -6.250202e+00
1.514953e+01 1.260827e-01 -5.603000e+00
1.514953e+01 1.361442e-01 -4.904150e+00
1.514953e+01 1.470087e-01 -4.226980e+00
1.514953e+01 1.587401e-01 -3.825683e+00
1.514953e+01 1.714077e-01 -3.392362e+00
1.514953e+01 1.850862e-01 -2.924462e+00
1.514953e+01 1.998563e-01 -2.419222e+00
1.514953e+01 2.158051e-01 -2.148719e+00
1.514953e+01 2.330265e-01 -1.911569e+00
1.514953e+01 2.516223e-01 -1.655495e+00
1.514953e+01 2.717020e-01 -1.378985e+00
1.514953e+01 2.933841e-01 -1.164087e+00
1.514953e+01 3.167964e-01 -1.038386e+00
1.514953e+01 3.420771e-01 -9.026548e-01
1.514953e+01 3.693752e-01 -7.560920e-01
1.514953e+01 3.988518e-01 -6.050601e-01
1.514953e+01 4.306805e-01 -5.433453e-01
1.514953e+01 4.650493e-01 -4.767057e-01
1.514953e+01 5.021607e-01 -4.047481e-01
1.514953e+01 5.422336e-01 -3.270482e-01
1.514953e+01 5.855044e-01 -2.808192e-01
1.514953e+01 6.322283e-01 -2.484562e-01
1.514953e+01 6.826808e-01 -2.135106e-01
1.514953e+01 7.371594e-01 -1.757763e-01
1.514953e+01 7.959855e-01 -1.432408e-01
1.514953e+01 8.595059e-01 -1.274277e-01
1.514953e+01 9.280954e-01 -1.103527e-01
1.514953e+01 1.002158e+00 -9.191503e-02
1.514953e+01 1.082132e+00 -7.200606e-02
1.514953e+01 1.168487e+00 -6.336380e-02
1.514953e+01 1.261733e+00 -5.512678e-02
1.514953e+01 1.362421e+00 -4.623243e-02
1.514953e+01 1.471144e+00 -3.662831e-02
1.514953e+01 1.588542e+00 -2.992810e-02
1.514953e+01 1.715310e+00 -2.590673e-02
1.514953e+01 1.852193e+00 -2.156445e-02
1.514953e+01 2.000000e+00 -1.687566e-02
1.547252e+01 1.000000e-03 -8.803828e+00
1.547252e+01 1.079801e-03 -9.445423e+00
1.547252e+01 1.165970e-03 -1.012819e+01
1.547252e+01 1.259016e-03 -1.085362e+01
1.547252e+01 1.359487e-03 -1.162303e+01
1.547252e+01 1.467975e-03 -1.243757e+01
1.547252e+01 1.585121e-03 -1.329814e+01
1.547252e+01 1.711615e-03 -1.420541e+01
1.547252e+01 1.848204e-03 -1.515971e+01
1.547252e+01 1.995693e-03 -1.616106e+01
1.547252e+01 2.154951e-03 -1.720910e+01
1.547252e+01 2.326918e-03 -1.830305e+01
1.547252e+01 2.512609e-03 -1.944149e+01
1.547252e+01 2.713117e-03 -2.062236e+01
1.547252e+01 2.929627e-03 -2.184294e+01
1.547252e+01 3.163414e-03 -2.309946e+01
1.547252e+01 3.415858e-03 -2.438703e+01
1.547252e+01 3.688447e-03 -2.569981e+01
1.547252e+01 3.982789e-03 -2.703068e+01
1.547252e+01 4.300619e-03 -2.837121e+01
1.547252e+01 4.643813e-03 -2.971182e+01
1.547252e+01 5.014394e-03 -3.104114e+01
1.547252e+01 5.414548e-03 -3.234603e+01
1.547252e+01 5.846635e-03 -3.361214e+01
1.547252e+01 6.313202e-03 -3.482289e+01
1.547252e+01 6.817002e-03 -3.595973e+01
1.547252e+01 7.361006e-03 -3.700316e+01
1.547252e+01 7.948422e-03 -3.793127e+01
1.547252e+01 8.582714e-03 -3.872034e+01
1.547252e+01 9.267624e-03 -3.934676e+01
1.547252e+01 1.000719e-02 -3.978548e+01
1.547252e+01 1.080577e-02 -4.001121e+01
1.547252e+01 1.166809e-02 -4.000130e+01
1.547252e+01 1.259921e-02 -3.973551e+01
1.547252e+01 1.360464e-02 -3.919753e+01
1.547252e+01 1.469030e-02 -3.837771e+01
1.547252e+01 1.586261e-02 -3.727806e+01
1.547252e+01 1.712846e-02 -3.591162e+01
1.547252e+01 1.849533e-02 -3.429994e+01
1.547252e+01 1.997127e-02 -3.248950e+01
1.547252e+01 2.156500e-02 -3.054251e+01
1.547252e+01 2.328591e-02 -2.851900e+01
1.547252e+01 2.514415e-02 -2.650149e+01
1.547252e+01 2.715068e-02 -2.457805e+01
1.547252e+01 2.931733e-02 -2.281479e+01
1.547252e+01 3.165689e-02 -2.126019e+01
1.547252e+01 3.418314e-02 -1.994339e+01
1.547252e+01 3.691099e-02 -1.884404e+01
1.547252e+01 3.985652e-02 -1.789557e+01
1.547252e+01 4.303711e-02 -1.698627e+01
1.547252e+01 4.647152e-02 -1.598054e+01
1.547252e+01 5.017999e-02 -1.476310e+01
1.547252e+01 5.418441e-02 -1.361808e+01
1.547252e+01 5.850838e-02 -1.288877e+01
1.547252e+01 6.317741e-02 -1.210127e+01
1.547252e+01 6.821903e-02 -1.125092e+01
1.547252e+01 7.366298e-02 -1.033936e+01
1.547252e+01 7.954136e-02 -9.422896e+00
1.547252e+01 8.588885e-02 -8.433300e+00
1.547252e+01 9.274286e-02 -7.364734e+00
1.547252e+01 1.001438e-01 -6.210894e+00
1.547252e+01 1.081354e-01 -5.519419e+00
1.547252e+01 1.167647e-01 -5.037288e+00
1.547252e+01 1.260827e-01 -4.516683e+00
1.547252e+01 1.361442e-01 -3.954533e+00
1.547252e+01 1.470087e-01 -3.409340e+00
1.547252e+01 1.587401e-01 -3.083965e+00
1.547252e+01 1.714077e-01 -2.732625e+00
1.547252e+01 1.850862e-01 -2.353248e+00
1.547252e+01 1.998563e-01 -1.943596e+00
1.547252e+01 2.158051e-01 -1.725914e+00
1.547252e+01 2.330265e-01 -1.535734e+00
1.547252e+01 2.516223e-01 -1.330379e+00
1.547252e+01 2.717020e-01 -1.108635e+00
1.547252e+01 2.933841e-01 -9.364115e-01
1.547252e+01 3.167964e-01 -8.358695e-01
1.547252e+01 3.420771e-01 -7.273040e-01
1.547252e+01 3.693752e-01 -6.100750e-01
1.547252e+01 3.988518e-01 -4.892618e-01
1.547252e+01 4.306805e-01 -4.397543e-01
1.547252e+01 4.650493e-01 -3.862960e-01
1.547252e+01 5.021607e-01 -3.285717e-01
1.547252e+01 5.422336e-01 -2.662409e-01
1.547252e+01 5.855044e-01 -2.290739e-01
1.547252e+01 6.322283e-01 -2.029853e-01
1.547252e+01 6.826808e-01 -1.748149e-01
1.547252e+01 7.371594e-01 -1.443964e-01
1.547252e+01 7.959855e-01 -1.181280e-01
1.547252e+01 8.595059e-01 -1.052410e-01
1.547252e+01 9.280954e-01 -9.132553e-02
1.547252e+01 1.002158e+00 -7.629962e-02
1.547252e+01 1.082132e+00 -6.007462e-02
1.547252e+01 1.168487e+00 -5.296781e-02
1.547252e+01 1.261733e+00 -4.618073e-02
1.547252e+01 1.362421e+00 -3.885204e-02
1.547252e+01 1.471144e+00 -3.093851e-02
1.547252e+01 1.588542e+00 -2.538348e-02
1.547252e+01 1.715310e+00 -2.200302e-02
1.547252e+01 1.852193e+00 -1.835279e-02
1.547252e+01 2.000000e+00 -1.441128e-02
1.580197e+01 1.000000e-03 -7.008949e+00
1.580197e+01 1.079801e-03 -7.519895e+00
1.580197e+01 1.165970e-03 -8.063651e+00
1.580197e+01 1.259016e-03 -8.641413e+00
1.580197e+01 1.359487e-03 -9.254229e+00
1.580197e+01 1.467975e-03 -9.903010e+00
1.580197e+01 1.585121e-03 -1.058848e+01
1.580197e+01 1.711615e-03 -1.131115e+01
1.580197e+01 1.848204e-03 -1.207130e+01
1.580197e+01 1.995693e-03 -1.286892e+01
1.580197e+01 2.154951e-03 -1.370372e+01
1.580197e+01 2.326918e-03 -1.457507e+01
1.580197e+01 2.512609e-03 -1.548183e+01
1.580197e+01 2.713117e-03 -1.642237e+01
1.580197e+01 2.929627e-03 -1.739453e+01
1.580197e+01 3.163414e-03 -1.839531e+01
1.580197e+01 3.415858e-03 -1.942081e+01
1.580197e+01 3.688447e-03 -2.046639e+01
1.580197e+01 3.982789e-03 -2.152638e+01
1.580197e+01 4.300619e-03 -2.259406e+01
1.580197e+01 4.643813e-03 -2.366179e+01
1.580197e+01 5.014394e-03 -2.472052e+01
1.580197e+01 5.414548e-03 -2.575980e+01
1.580197e+01 5.846635e-03 -2.676818e+01
1.580197e+01 6.313202e-03 -2.773247e+01
1.580197e+01 6.817002e-03 -2.863790e+01
1.580197e+01 7.361006e-03 -2.946893e+01
1.580197e+01 7.948422e-03 -3.020812e+01
1.580197e+01 8.582714e-03 -3.083657e+01
1.580197e+01 9.267624e-03 -3.133548e+01
1.580197e+01 1.000719e-02 -3.168491e+01
1.580197e+01 1.080577e-02 -3.186471e+01
1.580197e+01 1.166809e-02 -3.185684e+01
1.580197e+01 1.259921e-02 -3.164519e+01
1.580197e+01 1.360464e-02 -3.121677e+01
1.580197e+01 1.469030e-02 -3.056389e+01
1.580197e+01 1.586261e-02 -2.968815e+01
1.580197e+01 1.712846e-02 -2.859994e+01
1.580197e+01 1.849533e-02 -2.731641e+01
1.580197e+01 1.997127e-02 -2.587459e+01
1.580197e+01 2.156500e-02 -2.432401e+01
1.580197e+01 2.328591e-02 -2.271250e+01
1.580197e+01 2.514415e-02 -2.110576e+01
1.580197e+01 2.715068e-02 -1.957394e+01
1.580197e+01 2.931733e-02 -1.816969e+01
1.580197e+01 3.165689e-02 -1.693160e+01
1.580197e+01 3.418314e-02 -1.588291e+01
1.580197e+01 3.691099e-02 -1.500739e+01
1.580197e+01 3.985652e-02 -1.425203e+01
1.580197e+01 4.303711e-02 -1.352786e+01
1.580197e+01 4.647152e-02 -1.272690e+01
1.580197e+01 5.017999e-02 -1.175733e+01
1.580197e+01 5.418441e-02 -1.085033e+01
1.580197e+01 5.850838e-02 -1.028317e+01
1.580197e+01 6.317741e-02 -9.670750e+00
1.580197e+01 6.821903e-02 -9.009455e+00
1.580197e+01 7.366298e-02 -8.298426e+00
1.580197e+01 7.954136e-02 -7.561671e+00
1.580197e+01 8.588885e-02 -6.766122e+00
1.580197e+01 9.274286e-02 -5.907087e+00
1.580197e+01 1.001438e-01 -4.979501e+00
1.580197e+01 1.081354e-01 -4.422965e+00
1.580197e+01 1.167647e-01 -4.034361e+00
1.580197e+01 1.260827e-01 -3.614746e+00
1.580197e+01 1.361442e-01 -3.161645e+00
1.580197e+01 1.470087e-01 -2.722836e+00
1.580197e+01 1.587401e-01 -2.463914e+00
1.580197e+01 1.714077e-01 -2.184329e+00
1.580197e+01 1.850862e-01 -1.882433e+00
1.580197e+01 1.998563e-01 -1.556446e+00
1.580197e+01 2.158051e-01 -1.382480e+00
1.580197e+01 2.330265e-01 -1.230194e+00
1.580197e+01 2.516223e-01 -1.065755e+00
1.580197e+01 2.717020e-01 -8.881931e-01
1.580197e+01 2.933841e-01 -7.504196e-01
1.580197e+01 3.167964e-01 -6.702283e-01
1.580197e+01 3.420771e-01 -5.836376e-01
1.580197e+01 3.693752e-01 -4.901370e-01
1.580197e+01 3.988518e-01 -3.937753e-01
1.580197e+01 4.306805e-01 -3.542528e-01
1.580197e+01 4.650493e-01 -3.115763e-01
1.580197e+01 5.021607e-01 -2.654943e-01
1.580197e+01 5.422336e-01 -2.157348e-01
1.580197e+01 5.855044e-01 -1.860081e-01
1.580197e+01 6.322283e-01 -1.650949e-01
1.580197e+01 6.826808e-01 -1.425129e-01
1.580197e+01 7.371594e-01 -1.181288e-01
1.580197e+01 7.959855e-01 -9.704071e-02
1.580197e+01 8.595059e-01 -8.660442e-02
1.580197e+01 9.280954e-01 -7.533529e-02
1.580197e+01 1.002158e+00 -6.316688e-02
1.580197e+01 1.082132e+00 -5.002742e-02
1.580197e+01 1.168487e+00 -4.418520e-02
1.580197e+01 1.261733e+00 -3.858759e-02
1.580197e+01 1.362421e+00 -3.254328e-02
1.580197e+01 1.471144e+00 -2.601663e-02
1.580197e+01 1.588542e+00 -2.141988e-02
1.580197e+01 1.715310e+00 -1.860203e-02
1.580197e+01 1.852193e+00 -1.555931e-02
1.580197e+01 2.000000e+00 -1.227378e-02
1.613801e+01 1.000000e-03 -5.552778e+00
1.613801e+01 1.079801e-03 -5.957695e+00
1.613801e+01 1.165970e-03 -6.388634e+00
1.613801e+01 1.259016e-03 -6.846545e+00
1.613801e+01 1.359487e-03 -7.332258e+00
1.613801e+01 1.467975e-03 -7.846496e+00
1.613801e+01 1.585121e-03 -8.389834e+00
1.613801e+01 1.711615e-03 -8.962670e+00
1.613801e+01 1.848204e-03 -9.565215e+00
1.613801e+01 1.995693e-03 -1.019747e+01
1.613801e+01 2.154951e-03 -1.085918e+01
1.613801e+01 2.326918e-03 -1.154985e+01
1.613801e+01 2.512609e-03 -1.226857e+01
1.613801e+01 2.713117e-03 -1.301405e+01
1.613801e+01 2.929627e-03 -1.378458e+01
1.613801e+01 3.163414e-03 -1.457779e+01
1.613801e+01 3.415858e-03 -1.539058e+01
1.613801e+01 3.688447e-03 -1.621930e+01
1.613801e+01 3.982789e-03 -1.705943e+01
1.613801e+01 4.300619e-03 -1.790566e+01
1.613801e+01 4.643813e-03 -1.875192e+01
1.613801e+01 5.014394e-03 -1.959104e+01
1.613801e+01 5.414548e-03 -2.041474e+01
1.613801e+01 5.846635e-03 -2.121394e+01
1.613801e+01 6.313202e-03 -2.197821e+01
1.613801e+01 6.817002e-03 -2.269582e+01
1.613801e+01 7.361006e-03 -2.335447e+01
1.613801e+01 7.948422e-03 -2.394033e+01
1.613801e+01 8.582714e-03 -2.443842e+01
1.613801e+01 9.267624e-03 -2.483384e+01
1.613801e+01 1.000719e-02 -2.511080e+01
1.613801e+01 1.080577e-02 -2.525332e+01
1.613801e+01 1.166809e-02 -2.524710e+01
1.613801e+01 1.259921e-02 -2.507939e+01
1.613801e+01 1.360464e-02 -2.473987e+01
1.613801e+01 1.469030e-02 -2.422247e+01
1.613801e+01 1.586261e-02 -2.352845e+01
1.613801e+01 1.712846e-02 -2.266603e+01
1.613801e+01 1.849533e-02 -2.164882e+01
1.613801e+01 1.997127e-02 -2.050615e+01
1.613801e+01 2.156500e-02 -1.927729e+01
1.613801e+01 2.328591e-02 -1.800014e+01
1.613801e+01 2.514415e-02 -1.672677e+01
1.613801e+01 2.715068e-02 -1.551277e+01
1.613801e+01 2.931733e-02 -1.439987e+01
1.613801e+01 3.165689e-02 -1.341867e+01
1.613801e+01 3.418314e-02 -1.258755e+01
1.613801e+01 3.691099e-02 -1.189368e+01
1.613801e+01 3.985652e-02 -1.129504e+01
1.613801e+01 4.303711e-02 -1.072112e+01
1.613801e+01 4.647152e-02 -1.008634e+01
1.613801e+01 5.017999e-02 -9.317938e+00
1.613801e+01 5.418441e-02 -8.598088e+00
1.613801e+01 5.850838e-02 -8.145702e+00
1.613801e+01 6.317741e-02 -7.657215e+00
1.613801e+01 6.821903e-02 -7.129746e+00
1.613801e+01 7.366298e-02 -6.563413e+00
1.613801e+01 7.954136e-02 -5.984852e+00
1.613801e+01 8.588885e-02 -5.360121e+00
1.613801e+01 9.274286e-02 -4.685535e+00
1.613801e+01 1.001438e-01 -3.957117e+00
1.613801e+01 1.081354e-01 -3.517286e+00
1.613801e+01 1.167647e-01 -3.207775e+00
1.613801e+01 1.260827e-01 -2.873565e+00
1.613801e+01 1.361442e-01 -2.512685e+00
1.613801e+01 1.470087e-01 -2.163259e+00
1.613801e+01 1.587401e-01 -1.957423e+00
1.613801e+01 1.714077e-01 -1.735160e+00
1.613801e+01 1.850862e-01 -1.495161e+00
1.613801e+01 1.998563e-01 -1.236010e+00
1.613801e+01 2.158051e-01 -1.098346e+00
1.613801e+01 2.330265e-01 -9.780930e-01
1.613801e+01 2.516223e-01 -8.482440e-01
1.613801e+01 2.717020e-01 -7.080328e-01
1.613801e+01 2.933841e-01 -5.991076e-01
1.613801e+01 3.167964e-01 -5.354729e-01
1.613801e+01 3.420771e-01 -4.667601e-01
1.613801e+01 3.693752e-01 -3.925640e-01
1.613801e+01 3.988518e-01 -3.160797e-01
1.613801e+01 4.306805e-01 -2.844485e-01
1.613801e+01 4.650493e-01 -2.502930e-01
1.613801e+01 5.021607e-01 -2.134119e-01
1.613801e+01 5.422336e-01 -1.735877e-01
1.613801e+01 5.855044e-01 -1.498773e-01
1.613801e+01 6.322283e-01 -1.332649e-01
1.613801e+01 6.826808e-01 -1.153268e-01
1.613801e+01 7.371594e-01 -9.595728e-02
1.613801e+01 7.959855e-01 -7.918135e-02
1.613801e+01 8.595059e-01 -7.080681e-02
1.613801e+01 9.280954e-01 -6.176397e-02
1.613801e+01 1.002158e+00 -5.199950e-02
1.613801e+01 1.082132e+00 -4.145582e-02
1.613801e+01 1.168487e+00 -3.667659e-02
1.613801e+01 1.261733e+00 -3.207858e-02
1.613801e+01 1.362421e+00 -2.711366e-02
1.613801e+01 1.471144e+00 -2.175252e-02
1.613801e+01 1.588542e+00 -1.796518e-02
1.613801e+01 1.715310e+00 -1.562810e-02
1.613801e+01 1.852193e+00 -1.310452e-02
1.613801e+01 2.000000e+00 -1.037956e-02
1.648077e+01 1.000000e-03 -4.405735e+00
1.648077e+01 1.079801e-03 -4.727107e+00
1.648077e+01 1.165970e-03 -5.069149e+00
1.648077e+01 1.259016e-03 -5.432616e+00
1.648077e+01 1.359487e-03 -5.818168e+00
1.648077e+01 1.467975e-03 -6.226379e+00
1.648077e+01 1.585121e-03 -6.657704e+00
1.648077e+01 1.711615e-03 -7.112456e+00
1.648077e+01 1.848204e-03 -7.590799e+00
1.648077e+01 1.995693e-03 -8.092725e+00
1.648077e+01 2.154951e-03 -8.618037e+00
1.648077e+01 2.326918e-03 -9.166317e+00
1.648077e+01 2.512609e-03 -9.736857e+00
1.648077e+01 2.713117e-03 -1.032862e+01
1.648077e+01 2.929627e-03 -1.094027e+01
1.648077e+01 3.163414e-03 -1.156991e+01
1.648077e+01 3.415858e-03 -1.221509e+01
1.648077e+01 3.688447e-03 -1.287291e+01
1.648077e+01 3.982789e-03 -1.353980e+01
1.648077e+01 4.300619e-03 -1.421152e+01
1.648077e+01 4.643813e-03 -1.488326e+01
1.648077e+01 5.014394e-03 -1.554933e+01
1.648077e+01 5.414548e-03 -1.620315e+01
1.648077e+01 5.846635e-03 -1.683753e+01
1.648077e+01 6.313202e-03 -1.744418e+01
1.648077e+01 6.817002e-03 -1.801380e+01
1.648077e+01 7.361006e-03 -1.853661e+01
1.648077e+01 7.948422e-03 -1.900164e+01
1.648077e+01 8.582714e-03 -1.939701e+01
1.648077e+01 9.267624e-03 -1.971089e+01
1.648077e+01 1.000719e-02 -1.993073e+01
1.648077e+01 1.080577e-02 -2.004387e+01
1.648077e+01 1.166809e-02 -2.003896e+01
1.648077e+01 1.259921e-02 -1.990585e+01
1.648077e+01 1.360464e-02 -1.963639e+01
1.648077e+01 1.469030e-02 -1.922574e+01
1.648077e+01 1.586261e-02 -1.867489e+01
1.648077e+01 1.712846e-02 -1.799039e+01
1.648077e+01 1.849533e-02 -1.718302e+01
1.648077e+01 1.997127e-02 -1.627608e+01
1.648077e+01 2.156500e-02 -1.530072e+01
1.648077e+01 2.328591e-02 -1.428702e+01
1.648077e+01 2.514415e-02 -1.327633e+01
1.648077e+01 2.715068e-02 -1.231276e+01
1.648077e+01 2.931733e-02 -1.142943e+01
1.648077e+01 3.165689e-02 -1.065063e+01
1.648077e+01 3.418314e-02 -9.990962e+00
1.648077e+01 3.691099e-02 -9.440227e+00
1.648077e+01 3.985652e-02 -8.965075e+00
1.648077e+01 4.303711e-02 -8.509545e+00
1.648077e+01 4.647152e-02 -8.005709e+00
1.648077e+01 5.017999e-02 -7.395813e+00
1.648077e+01 5.418441e-02 -6.823845e+00
1.648077e+01 5.850838e-02 -6.463077e+00
1.648077e+01 6.317741e-02 -6.073520e+00
1.648077e+01 6.821903e-02 -5.652875e+00
1.648077e+01 7.366298e-02 -5.201209e+00
1.648077e+01 7.954136e-02 -4.739499e+00
1.648077e+01 8.588885e-02 -4.240945e+00
1.648077e+01 9.274286e-02 -3.702605e+00
1.648077e+01 1.001438e-01 -3.121305e+00
1.648077e+01 1.081354e-01 -2.773338e+00
1.648077e+01 1.167647e-01 -2.531059e+00
1.648077e+01 1.260827e-01 -2.269446e+00
1.648077e+01 1.361442e-01 -1.986955e+00
1.648077e+01 1.470087e-01 -1.713008e+00
1.648077e+01 1.587401e-01 -1.549617e+00
1.648077e+01 1.714077e-01 -1.373188e+00
1.648077e+01 1.850862e-01 -1.182679e+00
1.648077e+01 1.998563e-01 -9.769674e-01
1.648077e+01 2.158051e-01 -8.682014e-01
1.648077e+01 2.330265e-01 -7.733991e-01
1.648077e+01 2.516223e-01 -6.710314e-01
1.648077e+01 2.717020e-01 -5.604947e-01
1.648077e+01 2.933841e-01 -4.746372e-01
1.648077e+01 3.167964e-01 -4.245048e-01
1.648077e+01 3.420771e-01 -3.703717e-01
1.648077e+01 3.693752e-01 -3.119187e-01
1.648077e+01 3.988518e-01 -2.516565e-01
1.648077e+01 4.306805e-01 -2.266362e-01
1.648077e+01 4.650493e-01 -1.996193e-01
1.648077e+01 5.021607e-01 -1.704465e-01
1.648077e+01 5.422336e-01 -1.389456e-01
1.648077e+01 5.855044e-01 -1.202001e-01
1.648077e+01 6.322283e-01 -1.070743e-01
1.648077e+01 6.826808e-01 -9.290096e-02
1.648077e+01 7.371594e-01 -7.759661e-02
1.648077e+01 7.959855e-01 -6.430757e-02
1.648077e+01 8.595059e-01 -5.757403e-02
1.648077e+01 9.280954e-01 -5.030314e-02
1.648077e+01 1.002158e+00 -4.245202e-02
1.648077e+01 1.082132e+00 -3.397438e-02
1.648077e+01 1.168487e+00 -3.010435e-02
1.648077e+01 1.261733e+00 -2.637555e-02
1.648077e+01 1.362421e+00 -2.234918e-02
1.648077e+01 1.471144e+00 -1.800150e-02
1.648077e+01 1.588542e+00 -1.491796e-02
1.648077e+01 1.715310e+00 -1.299891e-02
1.648077e+01 1.852193e+00 -1.092673e-02
1.648077e+01 2.000000e+00 -8.689180e-03
1.683038e+01 1.000000e-03 -3.474371e+00
1.683038e+01 1.079801e-03 -3.727886e+00
1.683038e+01 1.165970e-03 -3.997718e+00
1.683038e+01 1.259016e-03 -4.284466e+00
1.683038e+01 1.359487e-03 -4.588651e+00
1.683038e+01 1.467975e-03 -4.910727e+00
1.683038e+01 1.585121e-03 -5.251052e+00
1.683038e+01 1.711615e-03 -5.609871e+00
1.683038e+01 1.848204e-03 -5.987308e+00
1.683038e+01 1.995693e-03 -6.383355e+00
1.683038e+01 2.154951e-03 -6.797850e+00
1.683038e+01 2.326918e-03 -7.230459e+00
1.683038e+01 2.512609e-03 -7.680619e+00
1.683038e+01 2.713117e-03 -8.147519e+00
1.683038e+01 2.929627e-03 -8.630091e+00
1.683038e+01 3.163414e-03 -9.126858e+00
1.683038e+01 3.415858e-03 -9.635889e+00
1.683038e+01 3.688447e-03 -1.015489e+01
1.683038e+01 3.982789e-03 -1.068104e+01
1.683038e+01 4.300619e-03 -1.121100e+01
1.683038e+01 4.643813e-03 -1.174098e+01
1.683038e+01 5.014394e-03 -1.226647e+01
1.683038e+01 5.414548e-03 -1.278230e+01
1.683038e+01 5.846635e-03 -1.328279e+01
1.683038e+01 6.313202e-03 -1.376140e+01
1.683038e+01 6.817002e-03 -1.421080e+01
1.683038e+01 7.361006e-03 -1.462327e+01
1.683038e+01 7.948422e-03 -1.499015e+01
1.683038e+01 8.582714e-03 -1.530208e+01
1.683038e+01 9.267624e-03 -1.554972e+01
1.683038e+01 1.000719e-02 -1.572317e+01
1.683038e+01 1.080577e-02 -1.581244e+01
1.683038e+01 1.166809e-02 -1.580858e+01
1.683038e+01 1.259921e-02 -1.570359e+01
1.683038e+01 1.360464e-02 -1.549102e+01
1.683038e+01 1.469030e-02 -1.516707e+01
1.683038e+01 1.586261e-02 -1.473252e+01
1.683038e+01 1.712846e-02 -1.419253e+01
1.683038e+01 1.849533e-02 -1.355561e+01
1.683038e+01 1.997127e-02 -1.284013e+01
1.683038e+01 2.156500e-02 -1.207068e+01
1.683038e+01 2.328591e-02 -1.127098e+01
1.683038e+01 2.514415e-02 -1.047365e+01
1.683038e+01 2.715068e-02 -9.713495e+00
1.683038e+01 2.931733e-02 -9.016643e+00
1.683038e+01 3.165689e-02 -8.402251e+00
1.683038e+01 3.418314e-02 -7.881840e+00
1.683038e+01 3.691099e-02 -7.447367e+00
1.683038e+01 3.985652e-02 -7.072520e+00
1.683038e+01 4.303711e-02 -6.713154e+00
1.683038e+01 4.647152e-02 -6.315680e+00
1.683038e+01 5.017999e-02 -5.834535e+00
1.683038e+01 5.418441e-02 -5.380635e+00
1.683038e+01 5.850838e-02 -5.088576e+00
1.683038e+01 6.317741e-02 -4.773210e+00
1.683038e+01 6.821903e-02 -4.432678e+00
1.683038e+01 7.366298e-02 -4.068180e+00
1.683038e+01 7.954136e-02 -3.707372e+00
1.683038e+01 8.588885e-02 -3.317771e+00
1.683038e+01 9.274286e-02 -2.897080e+00
1.683038e+01 1.001438e-01 -2.442817e+00
1.683038e+01 1.081354e-01 -2.171428e+00
1.683038e+01 1.167647e-01 -1.982926e+00
1.683038e+01 1.260827e-01 -1.779382e+00
1.683038e+01 1.361442e-01 -1.559594e+00
1.683038e+01 1.470087e-01 -1.346304e+00
1.683038e+01 1.587401e-01 -1.218385e+00
1.683038e+01 1.714077e-01 -1.080258e+00
1.683038e+01 1.850862e-01 -9.311080e-01
1.683038e+01 1.998563e-01 -7.700557e-01
1.683038e+01 2.158051e-01 -6.843892e-01
1.683038e+01 2.330265e-01 -6.095114e-01
1.683038e+01 2.516223e-01 -5.286583e-01
1.683038e+01 2.717020e-01 -4.413530e-01
1.683038e+01 2.933841e-01 -3.736511e-01
1.683038e+01 3.167964e-01 -3.343158e-01
1.683038e+01 3.420771e-01 -2.918416e-01
1.683038e+01 3.693752e-01 -2.459779e-01
1.683038e+01 3.988518e-01 -1.987016e-01
1.683038e+01 4.306805e-01 -1.791767e-01
1.683038e+01 4.650493e-01 -1.580936e-01
1.683038e+01 5.021607e-01 -1.353282e-01
1.683038e+01 5.422336e-01 -1.107460e-01
1.683038e+01 5.855044e-01 -9.603095e-02
1.683038e+01 6.322283e-01 -8.565399e-02
1.683038e+01 6.826808e-01 -7.444894e-02
1.683038e+01 7.371594e-01 -6.234971e-02
1.683038e+01 7.959855e-01 -5.183650e-02
1.683038e+01 8.595059e-01 -4.648831e-02
1.683038e+01 9.280954e-01 -4.071333e-02
1.683038e+01 1.002158e+00 -3.447750e-02
1.683038e+01 1.082132e+00 -2.774405e-02
1.683038e+01 1.168487e+00 -2.462521e-02
1.683038e+01 1.261733e+00 -2.161111e-02
1.683038e+01 1.362421e+00 -1.835647e-02
1.683038e+01 1.471144e+00 -1.484212e-02
1.683038e+01 1.588542e+00 -1.234285e-02
1.683038e+01 1.715310e+00 -1.077844e-02
1.683038e+01 1.852193e+00 -9.089184e-03
1.683038e+01 2.000000e+00 -7.265125e-03
1.718699e+01 1.000000e-03 -2.696207e+00
1.718699e+01 1.079801e-03 -2.893003e+00
1.718699e+01 1.165970e-03 -3.102476e+00
1.718699e+01 1.259016e-03 -3.325093e+00
1.718699e+01 1.359487e-03 -3.561258e+00
1.718699e+01 1.467975e-03 -3.811324e+00
1.718699e+01 1.585121e-03 -4.075568e+00
1.718699e+01 1.711615e-03 -4.354179e+00
1.718699e+01 1.848204e-03 -4.647252e+00
1.718699e+01 1.995693e-03 -4.954776e+00
1.718699e+01 2.154951e-03 -5.276622e+00
1.718699e+01 2.326918e-03 -5.612526e+00
1.718699e+01 2.512609e-03 -5.962049e+00
1.718699e+01 2.713117e-03 -6.324560e+00
1.718699e+01 2.929627e-03 -6.699234e+00
1.718699e+01 3.163414e-03 -7.084923e+00
1.718699e+01 3.415858e-03 -7.480132e+00
1.718699e+01 3.688447e-03 -7.883080e+00
1.718699e+01 3.982789e-03 -8.291585e+00
1.718699e+01 4.300619e-03 -8.703045e+00
1.718699e+01 4.643813e-03 -9.114511e+00
1.718699e+01 5.014394e-03 -9.522495e+00
1.718699e+01 5.414548e-03 -9.922970e+00
1.718699e+01 5.846635e-03 -1.031154e+01
1.718699e+01 6.313202e-03 -1.068312e+01
1.718699e+01 6.817002e-03 -1.103202e+01
1.718699e+01 7.361006e-03 -1.135225e+01
1.718699e+01 7.948422e-03 -1.163709e+01
1.718699e+01 8.582714e-03 -1.187926e+01
1.718699e+01 9.267624e-03 -1.207153e+01
1.718699e+01 1.000719e-02 -1.220620e+01
1.718699e+01 1.080577e-02 -1.227552e+01
1.718699e+01 1.166809e-02 -1.227253e+01
1.718699e+01 1.259921e-02 -1.219103e+01
1.718699e+01 1.360464e-02 -1.202602e+01
1.718699e+01 1.469030e-02 -1.177454e+01
1.718699e+01 1.586261e-02 -1.143720e+01
1.718699e+01 1.712846e-02 -1.101799e+01
1.718699e+01 1.849533e-02 -1.052354e+01
1.718699e+01 1.997127e-02 -9.968105e+00
1.718699e+01 2.156500e-02 -9.370763e+00
1.718699e+01 2.328591e-02 -8.749943e+00
1.718699e+01 2.514415e-02 -8.130958e+00
1.718699e+01 2.715068e-02 -7.540831e+00
1.718699e+01 2.931733e-02 -6.999849e+00
1.718699e+01 3.165689e-02 -6.522882e+00
1.718699e+01 3.418314e-02 -6.118873e+00
1.718699e+01 3.691099e-02 -5.781580e+00
1.718699e+01 3.985652e-02 -5.490578e+00
1.718699e+01 4.303711e-02 -5.211593e+00
1.718699e+01 4.647152e-02 -4.903023e+00
1.718699e+01 5.017999e-02 -4.529498e+00
1.718699e+01 5.418441e-02 -4.180243e+00
1.718699e+01 5.850838e-02 -3.962193e+00
1.718699e+01 6.317741e-02 -3.726743e+00
1.718699e+01 6.821903e-02 -3.472503e+00
1.718699e+01 7.366298e-02 -3.199136e+00
1.718699e+01 7.954136e-02 -2.915806e+00
1.718699e+01 8.588885e-02 -2.609866e+00
1.718699e+01 9.274286e-02 -2.279512e+00
1.718699e+01 1.001438e-01 -1.922795e+00
1.718699e+01 1.081354e-01 -1.708307e+00
1.718699e+01 1.167647e-01 -1.558140e+00
1.718699e+01 1.260827e-01 -1.395990e+00
1.718699e+01 1.361442e-01 -1.220901e+00
1.718699e+01 1.470087e-01 -1.051539e+00
1.718699e+01 1.587401e-01 -9.525808e-01
1.718699e+01 1.714077e-01 -8.457259e-01
1.718699e+01 1.850862e-01 -7.303438e-01
1.718699e+01 1.998563e-01 -6.057542e-01
1.718699e+01 2.158051e-01 -5.386590e-01
1.718699e+01 2.330265e-01 -4.796797e-01
1.718699e+01 2.516223e-01 -4.159938e-01
1.718699e+01 2.717020e-01 -3.472257e-01
1.718699e+01 2.933841e-01 -2.939704e-01
1.718699e+01 3.167964e-01 -2.631555e-01
1.718699e+01 3.420771e-01 -2.298817e-01
1.718699e+01 3.693752e-01 -1.939525e-01
1.718699e+01 3.988518e-01 -1.569147e-01
1.718699e+01 4.306805e-01 -1.415878e-01
1.718699e+01 4.650493e-01 -1.250379e-01
1.718699e+01 5.021607e-01 -1.071673e-01
1.718699e+01 5.422336e-01 -8.787057e-02
1.718699e+01 5.855044e-01 -7.634293e-02
1.718699e+01 6.322283e-01 -6.823345e-02
1.718699e+01 6.826808e-01 -5.947681e-02
1.718699e+01 7.371594e-01 -5.002139e-02
1.718699e+01 7.959855e-01 -4.177508e-02
1.718699e+01 8.595059e-01 -3.749136e-02
1.718699e+01 9.280954e-01 -3.286578e-02
1.718699e+01 1.002158e+00 -2.787109e-02
1.718699e+01 1.082132e+00 -2.247781e-02
1.718699e+01 1.168487e+00 -1.997444e-02
1.718699e+01 1.261733e+00 -1.755409e-02
1.718699e+01 1.362421e+00 -1.494060e-02
1.718699e+01 1.471144e+00 -1.211854e-02
1.718699e+01 1.588542e+00 -1.010863e-02
1.718699e+01 1.715310e+00 -8.846560e-03
1.718699e+01 1.852193e+00 -7.483777e-03
1.718699e+01 2.000000e+00 -6.012242e-03
1.755073e+01 1.000000e-03 -2.104899e+00
1.755073e+01 1.079801e-03 -2.258584e+00
1.755073e+01 1.165970e-03 -2.422178e+00
1.755073e+01 1.259016e-03 -2.596045e+00
1.755073e+01 1.359487e-03 -2.780503e+00
1.755073e+01 1.467975e-03 -2.975826e+00
1.755073e+01 1.585121e-03 -3.182233e+00
1.755073e+01 1.711615e-03 -3.399868e+00
1.755073e+01 1.848204e-03 -3.628803e+00
1.755073e+01 1.995693e-03 -3.869029e+00
1.755073e+01 2.154951e-03 -4.120440e+00
1.755073e+01 2.326918e-03 -4.382828e+00
1.755073e+01 2.512609e-03 -4.655847e+00
1.755073e+01 2.713117e-03 -4.939005e+00
1.755073e+01 2.929627e-03 -5.231658e+00
1.755073e+01 3.163414e-03 -5.532909e+00
1.755073e+01 3.415858e-03 -5.841595e+00
1.755073e+01 3.688447e-03 -6.156326e+00
1.755073e+01 3.982789e-03 -6.475397e+00
1.755073e+01 4.300619e-03 -6.796777e+00
1.755073e+01 4.643813e-03 -7.118158e+00
1.755073e+01 5.014394e-03 -7.436815e+00
1.755073e+01 5.414548e-03 -7.749605e+00
1.755073e+01 5.846635e-03 -8.053094e+00
1.755073e+01 6.313202e-03 -8.343319e+00
1.755073e+01 6.817002e-03 -8.615828e+00
1.755073e+01 7.361006e-03 -8.865943e+00
1.755073e+01 7.948422e-03 -9.088418e+00
1.755073e+01 8.582714e-03 -9.277568e+00
1.755073e+01 9.267624e-03 -9.427736e+00
1.755073e+01 1.000719e-02 -9.532926e+00
1.755073e+01 1.080577e-02 -9.587074e+00
1.755073e+01 1.166809e-02 -9.584751e+00
1.755073e+01 1.259921e-02 -9.521110e+00
1.755073e+01 1.360464e-02 -9.392245e+00
1.755073e+01 1.469030e-02 -9.195846e+00
1.755073e+01 1.586261e-02 -8.932391e+00
1.755073e+01 1.712846e-02 -8.605002e+00
1.755073e+01 1.849533e-02 -8.218843e+00
1.755073e+01 1.997127e-02 -7.785052e+00
1.755073e+01 2.156500e-02 -7.318533e+00
1.755073e+01 2.328591e-02 -6.833677e+00
1.755073e+01 2.514415e-02 -6.350253e+00
1.755073e+01 2.715068e-02 -5.889367e+00
1.755073e+01 2.931733e-02 -5.466863e+00
1.755073e+01 3.165689e-02 -5.094353e+00
1.755073e+01 3.418314e-02 -4.778824e+00
1.755073e+01 3.691099e-02 -4.515399e+00
1.755073e+01 3.985652e-02 -4.288127e+00
1.755073e+01 4.303711e-02 -4.070240e+00
1.755073e+01 4.647152e-02 -3.829248e+00
1.755073e+01 5.017999e-02 -3.537526e+00
1.755073e+01 5.418441e-02 -3.261634e+00
1.755073e+01 5.850838e-02 -3.082634e+00
1.755073e+01 6.317741e-02 -2.889351e+00
1.755073e+01 6.821903e-02 -2.680643e+00
1.755073e+01 7.366298e-02 -2.457828e+00
1.755073e+01 7.954136e-02 -2.243254e+00
1.755073e+01 8.588885e-02 -2.011557e+00
1.755073e+01 9.274286e-02 -1.761370e+00
1.755073e+01 1.001438e-01 -1.491218e+00
1.755073e+01 1.081354e-01 -1.327009e+00
1.755073e+01 1.167647e-01 -1.210527e+00
1.755073e+01 1.260827e-01 -1.084749e+00
1.755073e+01 1.361442e-01 -9.489346e-01
1.755073e+01 1.470087e-01 -8.175373e-01
1.755073e+01 1.587401e-01 -7.406397e-01
1.755073e+01 1.714077e-01 -6.576056e-01
1.755073e+01 1.850862e-01 -5.679452e-01
1.755073e+01 1.998563e-01 -4.711299e-01
1.755073e+01 2.158051e-01 -4.190845e-01
1.755073e+01 2.330265e-01 -3.733716e-01
1.755073e+01 2.516223e-01 -3.240107e-01
1.755073e+01 2.717020e-01 -2.707108e-01
1.755073e+01 2.933841e-01 -2.294035e-01
1.755073e+01 3.167964e-01 -2.054474e-01
1.755073e+01 3.420771e-01 -1.795797e-01
1.755073e+01 3.693752e-01 -1.516476e-01
1.755073e+01 3.988518e-01 -1.228574e-01
1.755073e+01 4.306805e-01 -1.109976e-01
1.755073e+01 4.650493e-01 -9.819142e-02
1.755073e+01 5.021607e-01 -8.436326e-02
1.755073e+01 5.422336e-01 -6.943160e-02
1.755073e+01 5.855044e-01 -6.045204e-02
1.755073e+01 6.322283e-01 -5.408491e-02
1.755073e+01 6.826808e-01 -4.720967e-02
1.755073e+01 7.371594e-01 -3.978578e-02
1.755073e+01 7.959855e-01 -3.330610e-02
1.755073e+01 8.595059e-01 -2.992515e-02
1.755073e+01 9.280954e-01 -2.627440e-02
1.755073e+01 1.002158e+00 -2.233232e-02
1.755073e+01 1.082132e+00 -1.807565e-02
1.755073e+01 1.168487e+00 -1.608247e-02
1.755073e+01 1.261733e+00 -1.415193e-02
1.755073e+01 1.362421e+00 -1.206734e-02
1.755073e+01 1.471144e+00 -9.816401e-03
1.755073e+01 1.588542e+00 -8.210774e-03
1.755073e+01 1.715310e+00 -7.199289e-03
1.755073e+01 1.852193e+00 -6.107086e-03
1.755073e+01 2.000000e+00 -4.927724e-03
1.792175e+01 1.000000e-03 -1.628183e+00
1.792175e+01 1.079801e-03 -1.747100e+00
1.792175e+01 1.165970e-03 -1.873690e+00
1.792175e+01 1.259016e-03 -2.008236e+00
1.792175e+01 1.359487e-03 -2.150986e+00
1.792175e+01 1.467975e-03 -2.302151e+00
1.792175e+01 1.585121e-03 -2.461900e+00
1.792175e+01 1.711615e-03 -2.630345e+00
1.792175e+01 1.848204e-03 -2.807539e+00
1.792175e+01 1.995693e-03 -2.993474e+00
1.792175e+01 2.154951e-03 -3.188066e+00
1.792175e+01 2.326918e-03 -3.391149e+00
1.792175e+01 2.512609e-03 -3.602455e+00
1.792175e+01 2.713117e-03 -3.821603e+00
1.792175e+01 2.929627e-03 -4.048094e+00
1.792175e+01 3.163414e-03 -4.281237e+00
1.792175e+01 3.415858e-03 -4.520130e+00
1.792175e+01 3.688447e-03 -4.763704e+00
1.792175e+01 3.982789e-03 -5.010637e+00
1.792175e+01 4.300619e-03 -5.259355e+00
1.792175e+01 4.643813e-03 -5.508073e+00
1.792175e+01 5.014394e-03 -5.754679e+00
1.792175e+01 5.414548e-03 -5.996743e+00
1.792175e+01 5.846635e-03 -6.231609e+00
1.792175e+01 6.313202e-03 -6.456210e+00
1.792175e+01 6.817002e-03 -6.667102e+00
1.792175e+01 7.361006e-03 -6.860664e+00
1.792175e+01 7.948422e-03 -7.032835e+00
1.792175e+01 8.582714e-03 -7.179216e+00
1.792175e+01 9.267624e-03 -7.295431e+00
1.792175e+01 1.000719e-02 -7.376840e+00
1.792175e+01 1.080577e-02 -7.418750e+00
1.792175e+01 1.166809e-02 -7.416961e+00
1.792175e+01 1.259921e-02 -7.367721e+00
1.792175e+01 1.360464e-02 -7.268008e+00
1.792175e+01 1.469030e-02 -7.116034e+00
1.792175e+01 1.586261e-02 -6.912169e+00
1.792175e+01 1.712846e-02 -6.658829e+00
1.792175e+01 1.849533e-02 -6.360010e+00
1.792175e+01 1.997127e-02 -6.024331e+00
1.792175e+01 2.156500e-02 -5.663326e+00
1.792175e+01 2.328591e-02 -5.288129e+00
1.792175e+01 2.514415e-02 -4.914042e+00
1.792175e+01 2.715068e-02 -4.557393e+00
1.792175e+01 2.931733e-02 -4.230446e+00
1.792175e+01 3.165689e-02 -3.942185e+00
1.792175e+01 3.418314e-02 -3.698018e+00
1.792175e+01 3.691099e-02 -3.494171e+00
1.792175e+01 3.985652e-02 -3.318300e+00
1.792175e+01 4.303711e-02 -3.149692e+00
1.792175e+01 4.647152e-02 -2.963204e+00
1.792175e+01 5.017999e-02 -2.737460e+00
1.792175e+01 5.418441e-02 -2.522307e+00
1.792175e+01 5.850838e-02 -2.379177e+00
1.792175e+01 6.317741e-02 -2.224624e+00
1.792175e+01 6.821903e-02 -2.057738e+00
1.792175e+01 7.366298e-02 -1.880384e+00
1.792175e+01 7.954136e-02 -1.717979e+00
1.792175e+01 8.588885e-02 -1.542613e+00
1.792175e+01 9.274286e-02 -1.353252e+00
1.792175e+01 1.001438e-01 -1.148781e+00
1.792175e+01 1.081354e-01 -1.023224e+00
1.792175e+01 1.167647e-01 -9.330823e-01
1.792175e+01 1.260827e-01 -8.357475e-01
1.792175e+01 1.361442e-01 -7.306453e-01
1.792175e+01 1.470087e-01 -6.291175e-01
1.792175e+01 1.587401e-01 -5.704419e-01
1.792175e+01 1.714077e-01 -5.070840e-01
1.792175e+01 1.850862e-01 -4.386700e-01
1.792175e+01 1.998563e-01 -3.647965e-01
1.792175e+01 2.158051e-01 -3.246080e-01
1.792175e+01 2.330265e-01 -2.891184e-01
1.792175e+01 2.516223e-01 -2.507968e-01
1.792175e+01 2.717020e-01 -2.094169e-01
1.792175e+01 2.933841e-01 -1.774426e-01
1.792175e+01 3.167964e-01 -1.590673e-01
1.792175e+01 3.420771e-01 -1.392256e-01
1.792175e+01 3.693752e-01 -1.178005e-01
1.792175e+01 3.988518e-01 -9.571212e-02
1.792175e+01 4.306805e-01 -8.653912e-02
1.792175e+01 4.650493e-01 -7.663410e-02
1.792175e+01 5.021607e-01 -6.593865e-02
1.792175e+01 5.422336e-01 -5.438969e-02
1.792175e+01 5.855044e-01 -4.744330e-02
1.792175e+01 6.322283e-01 -4.251688e-02
1.792175e+01 6.826808e-01 -3.719734e-02
1.792175e+01 7.371594e-01 -3.145329e-02
1.792175e+01 7.959855e-01 -2.642492e-02
1.792175e+01 8.595059e-01 -2.375795e-02
1.792175e+01 9.280954e-01 -2.087815e-02
1.792175e+01 1.002158e+00 -1.776854e-02
1.792175e+01 1.082132e+00 -1.441079e-02
1.792175e+01 1.168487e+00 -1.284118e-02
1.792175e+01 1.261733e+00 -1.132143e-02
1.792175e+01 1.362421e+00 -9.680409e-03
1.792175e+01 1.471144e+00 -7.908430e-03
1.792175e+01 1.588542e+00 -6.636755e-03
1.792175e+01 1.715310e+00 -5.825443e-03
1.792175e+01 1.852193e+00 -4.949387e-03
1.792175e+01 2.000000e+00 -4.003421e-03
1.830018e+01 1.000000e-03 -1.252174e+00
1.830018e+01 1.079801e-03 -1.343658e+00
1.830018e+01 1.165970e-03 -1.441050e+00
1.830018e+01 1.259016e-03 -1.544569e+00
1.830018e+01 1.359487e-03 -1.654404e+00
1.830018e+01 1.467975e-03 -1.770721e+00
1.830018e+01 1.585121e-03 -1.893648e+00
1.830018e+01 1.711615e-03 -2.023270e+00
1.830018e+01 1.848204e-03 -2.159629e+00
1.830018e+01 1.995693e-03 -2.302715e+00
1.830018e+01 2.154951e-03 -2.452463e+00
1.830018e+01 2.326918e-03 -2.608742e+00
1.830018e+01 2.512609e-03 -2.771346e+00
1.830018e+01 2.713117e-03 -2.939979e+00
1.830018e+01 2.929627e-03 -3.114259e+00
1.830018e+01 3.163414e-03 -3.293653e+00
1.830018e+01 3.415858e-03 -3.477472e+00
1.830018e+01 3.688447e-03 -3.664892e+00
1.830018e+01 3.982789e-03 -3.854897e+00
1.830018e+01 4.300619e-03 -4.046276e+00
1.830018e+01 4.643813e-03 -4.237652e+00
1.830018e+01 5.014394e-03 -4.427401e+00
1.830018e+01 5.414548e-03 -4.613654e+00
1.830018e+01 5.846635e-03 -4.794369e+00
1.830018e+01 6.313202e-03 -4.967186e+00
1.830018e+01 6.817002e-03 -5.129454e+00
1.830018e+01 7.361006e-03 -5.278388e+00
1.830018e+01 7.948422e-03 -5.410863e+00
1.830018e+01 8.582714e-03 -5.523495e+00
1.830018e+01 9.267624e-03 -5.612916e+00
1.830018e+01 1.000719e-02 -5.675558e+00
1.830018e+01 1.080577e-02 -5.707810e+00
1.830018e+01 1.166809e-02 -5.706440e+00
1.830018e+01 1.259921e-02 -5.668563e+00
1.830018e+01 1.360464e-02 -5.591851e+00
1.830018e+01 1.469030e-02 -5.474930e+00
1.830018e+01 1.586261e-02 -5.318083e+00
1.830018e+01 1.712846e-02 -5.123172e+00
1.830018e+01 1.849533e-02 -4.893269e+00
1.830018e+01 1.997127e-02 -4.635006e+00
1.830018e+01 2.156500e-02 -4.357258e+00
1.830018e+01 2.328591e-02 -4.068590e+00
1.830018e+01 2.514415e-02 -3.780775e+00
1.830018e+01 2.715068e-02 -3.506377e+00
1.830018e+01 2.931733e-02 -3.254830e+00
1.830018e+01 3.165689e-02 -3.033048e+00
1.830018e+01 3.418314e-02 -2.845190e+00
1.830018e+01 3.691099e-02 -2.688354e+00
1.830018e+01 3.985652e-02 -2.553042e+00
1.830018e+01 4.303711e-02 -2.423317e+00
1.830018e+01 4.647152e-02 -2.279837e+00
1.830018e+01 5.017999e-02 -2.106154e+00
1.830018e+01 5.418441e-02 -1.940977e+00
1.830018e+01 5.850838e-02 -1.831851e+00
1.830018e+01 6.317741e-02 -1.714016e+00
1.830018e+01 6.821903e-02 -1.586779e+00
1.830018e+01 7.366298e-02 -1.451415e+00
1.830018e+01 7.954136e-02 -1.325962e+00
1.830018e+01 8.588885e-02 -1.190496e+00
1.830018e+01 9.274286e-02 -1.044221e+00
1.830018e+01 1.001438e-01 -8.862724e-01
1.830018e+01 1.081354e-01 -7.897437e-01
1.830018e+01 1.167647e-01 -7.208290e-01
1.830018e+01 1.260827e-01 -6.464147e-01
1.830018e+01 1.361442e-01 -5.660622e-01
1.830018e+01 1.470087e-01 -4.882450e-01
1.830018e+01 1.587401e-01 -4.423325e-01
1.830018e+01 1.714077e-01 -3.927561e-01
1.830018e+01 1.850862e-01 -3.392235e-01
1.830018e+01 1.998563e-01 -2.814190e-01
1.830018e+01 2.158051e-01 -2.503316e-01
1.830018e+01 2.330265e-01 -2.230214e-01
1.830018e+01 2.516223e-01 -1.935318e-01
1.830018e+01 2.717020e-01 -1.616890e-01
1.830018e+01 2.933841e-01 -1.371117e-01
1.830018e+01 3.167964e-01 -1.230368e-01
1.830018e+01 3.420771e-01 -1.078386e-01
1.830018e+01 3.693752e-01 -9.142769e-02
1.830018e+01 3.988518e-01 -7.450494e-02
1.830018e+01 4.306805e-01 -6.742242e-02
1.830018e+01 4.650493e-01 -5.977470e-02
1.830018e+01 5.021607e-01 -5.151668e-02
1.830018e+01 5.422336e-01 -4.259967e-02
1.830018e+01 5.855044e-01 -3.723217e-02
1.830018e+01 6.322283e-01 -3.342204e-02
1.830018e+01 6.826808e-01 -2.930785e-02
1.830018e+01 7.371594e-01 -2.486535e-02
1.830018e+01 7.959855e-01 -2.096477e-02
1.830018e+01 8.595059e-01 -1.886232e-02
1.830018e+01 9.280954e-01 -1.659209e-02
1.830018e+01 1.002158e+00 -1.414069e-02
1.830018e+01 1.082132e+00 -1.149367e-02
1.830018e+01 1.168487e+00 -1.025599e-02
1.830018e+01 1.261733e+00 -9.057574e-03
1.830018e+01 1.362421e+00 -7.763519e-03
1.830018e+01 1.471144e+00 -6.366197e-03
1.830018e+01 1.588542e+00 -5.358257e-03
1.830018e+01 1.715310e+00 -4.708429e-03
1.830018e+01 1.852193e+00 -4.006745e-03
1.830018e+01 2.000000e+00 -3.249066e-03
1.868618e+01 1.000000e-03 -9.534714e-01
1.868618e+01 1.079801e-03 -1.023154e+00
1.868618e+01 1.165970e-03 -1.097342e+00
1.868618e+01 1.259016e-03 -1.176201e+00
1.868618e+01 1.359487e-03 -1.259876e+00
1.868618e+01 1.467975e-03 -1.348493e+00
1.868618e+01 1.585121e-03 -1.442150e+00
1.868618e+01 1.711615e-03 -1.540912e+00
1.868618e+01 1.848204e-03 -1.644809e+00
1.868618e+01 1.995693e-03 -1.753833e+00
1.868618e+01 2.154951e-03 -1.867933e+00
1.868618e+01 2.326918e-03 -1.987008e+00
1.868618e+01 2.512609e-03 -2.110898e+00
1.868618e+01 2.713117e-03 -2.239379e+00
1.868618e+01 2.929627e-03 -2.372159e+00
1.868618e+01 3.163414e-03 -2.508833e+00
1.868618e+01 3.415858e-03 -2.648876e+00
1.868618e+01 3.688447e-03 -2.791663e+00
1.868618e+01 3.982789e-03 -2.936420e+00
1.868618e+01 4.300619e-03 -3.082224e+00
1.868618e+01 4.643813e-03 -3.228023e+00
1.868618e+01 5.014394e-03 -3.372582e+00
1.868618e+01 5.414548e-03 -3.514476e+00
1.868618e+01 5.846635e-03 -3.652150e+00
1.868618e+01 6.313202e-03 -3.783809e+00
1.868618e+01 6.817002e-03 -3.907431e+00
1.868618e+01 7.361006e-03 -4.020894e+00
1.868618e+01 7.948422e-03 -4.121818e+00
1.868618e+01 8.582714e-03 -4.207626e+00
1.868618e+01 9.267624e-03 -4.275751e+00
1.868618e+01 1.000719e-02 -4.323476e+00
1.868618e+01 1.080577e-02 -4.348051e+00
1.868618e+01 1.166809e-02 -4.347012e+00
1.868618e+01 1.259921e-02 -4.318162e+00
1.868618e+01 1.360464e-02 -4.259729e+00
1.868618e+01 1.469030e-02 -4.170665e+00
1.868618e+01 1.586261e-02 -4.051187e+00
1.868618e+01 1.712846e-02 -3.902711e+00
1.868618e+01 1.849533e-02 -3.727578e+00
1.868618e+01 1.997127e-02 -3.530842e+00
1.868618e+01 2.156500e-02 -3.319261e+00
1.868618e+01 2.328591e-02 -3.099362e+00
1.868618e+01 2.514415e-02 -2.880112e+00
1.868618e+01 2.715068e-02 -2.671082e+00
1.868618e+01 2.931733e-02 -2.479459e+00
1.868618e+01 3.165689e-02 -2.310511e+00
1.868618e+01 3.418314e-02 -2.167405e+00
1.868618e+01 3.691099e-02 -2.047930e+00
1.868618e+01 3.985652e-02 -1.944852e+00
1.868618e+01 4.303711e-02 -1.846031e+00
1.868618e+01 4.647152e-02 -1.736731e+00
1.868618e+01 5.017999e-02 -1.604423e+00
1.868618e+01 5.418441e-02 -1.478699e+00
1.868618e+01 5.850838e-02 -1.395859e+00
1.868618e+01 6.317741e-02 -1.306409e+00
1.868618e+01 6.821903e-02 -1.209821e+00
1.868618e+01 7.366298e-02 -1.107024e+00
1.868618e+01 7.954136e-02 -1.011342e+00
1.868618e+01 8.588885e-02 -9.080241e-01
1.868618e+01 9.274286e-02 -7.964612e-01
1.868618e+01 1.001438e-01 -6.759955e-01
1.868618e+01 1.081354e-01 -6.020930e-01
1.868618e+01 1.167647e-01 -5.490947e-01
1.868618e+01 1.260827e-01 -4.918672e-01
1.868618e+01 1.361442e-01 -4.300728e-01
1.868618e+01 1.470087e-01 -3.704266e-01
1.868618e+01 1.587401e-01 -3.361773e-01
1.868618e+01 1.714077e-01 -2.991949e-01
1.868618e+01 1.850862e-01 -2.592613e-01
1.868618e+01 1.998563e-01 -2.161409e-01
1.868618e+01 2.158051e-01 -1.923917e-01
1.868618e+01 2.330265e-01 -1.713040e-01
1.868618e+01 2.516223e-01 -1.485334e-01
1.868618e+01 2.717020e-01 -1.239457e-01
1.868618e+01 2.933841e-01 -1.050320e-01
1.868618e+01 3.167964e-01 -9.431378e-02
1.868618e+01 3.420771e-01 -8.274029e-02
1.868618e+01 3.693752e-01 -7.024323e-02
1.868618e+01 3.988518e-01 -5.735675e-02
1.868618e+01 4.306805e-01 -5.196821e-02
1.868618e+01 4.650493e-01 -4.614966e-02
1.868618e+01 5.021607e-01 -3.986678e-02
1.868618e+01 5.422336e-01 -3.308253e-02
1.868618e+01 5.855044e-01 -2.897071e-02
1.868618e+01 6.322283e-01 -2.602843e-02
1.868618e+01 6.826808e-01 -2.285136e-02
1.868618e+01 7.371594e-01 -1.942076e-02
1.868618e+01 7.959855e-01 -1.640642e-02
1.868618e+01 8.595059e-01 -1.477523e-02
1.868618e+01 9.280954e-01 -1.301387e-02
1.868618e+01 1.002158e+00 -1.111195e-02
1.868618e+01 1.082132e+00 -9.058256e-03
1.868618e+01 1.168487e+00 -8.093010e-03
1.868618e+01 1.261733e+00 -7.157398e-03
1.868618e+01 1.362421e+00 -6.147123e-03
1.868618e+01 1.471144e+00 -5.056227e-03
1.868618e+01 1.588542e+00 -4.267411e-03
1.868618e+01 1.715310e+00 -3.756349e-03
1.868618e+01 1.852193e+00 -3.204505e-03
1.868618e+01 2.000000e+00 -2.608622e-03
1.907991e+01 1.000000e-03 -7.130834e-01
1.907991e+01 1.079801e-03 -7.652150e-01
1.907991e+01 1.165970e-03 -8.207195e-01
1.907991e+01 1.259016e-03 -8.797221e-01
1.907991e+01 1.359487e-03 -9.423317e-01
1.907991e+01 1.467975e-03 -1.008643e+00
1.907991e+01 1.585121e-03 -1.078728e+00
1.907991e+01 1.711615e-03 -1.152637e+00
1.907991e+01 1.848204e-03 -1.230390e+00
1.907991e+01 1.995693e-03 -1.311982e+00
1.907991e+01 2.154951e-03 -1.397372e+00
1.907991e+01 2.326918e-03 -1.486484e+00
1.907991e+01 2.512609e-03 -1.579197e+00
1.907991e+01 2.713117e-03 -1.675343e+00
1.907991e+01 2.929627e-03 -1.774704e+00
1.907991e+01 3.163414e-03 -1.876976e+00
1.907991e+01 3.415858e-03 -1.981769e+00
1.907991e+01 3.688447e-03 -2.088614e+00
1.907991e+01 3.982789e-03 -2.196935e+00
1.907991e+01 4.300619e-03 -2.306039e+00
1.907991e+01 4.643813e-03 -2.415138e+00
1.907991e+01 5.014394e-03 -2.523307e+00
1.907991e+01 5.414548e-03 -2.629482e+00
1.907991e+01 5.846635e-03 -2.732499e+00
1.907991e+01 6.313202e-03 -2.831015e+00
1.907991e+01 6.817002e-03 -2.923517e+00
1.907991e+01 7.361006e-03 -3.008418e+00
1.907991e+01 7.948422e-03 -3.083937e+00
1.907991e+01 8.582714e-03 -3.148144e+00
1.907991e+01 9.267624e-03 -3.199121e+00
1.907991e+01 1.000719e-02 -3.234834e+00
1.907991e+01 1.080577e-02 -3.253225e+00
1.907991e+01 1.166809e-02 -3.252451e+00
1.907991e+01 1.259921e-02 -3.230869e+00
1.907991e+01 1.360464e-02 -3.187152e+00
1.907991e+01 1.469030e-02 -3.120516e+00
1.907991e+01 1.586261e-02 -3.031125e+00
1.907991e+01 1.712846e-02 -2.920036e+00
1.907991e+01 1.849533e-02 -2.789003e+00
1.907991e+01 1.997127e-02 -2.641805e+00
1.907991e+01 2.156500e-02 -2.483500e+00
1.907991e+01 2.328591e-02 -2.318970e+00
1.907991e+01 2.514415e-02 -2.154926e+00
1.907991e+01 2.715068e-02 -1.998529e+00
1.907991e+01 2.931733e-02 -1.855155e+00
1.907991e+01 3.165689e-02 -1.728746e+00
1.907991e+01 3.418314e-02 -1.621673e+00
1.907991e+01 3.691099e-02 -1.532281e+00
1.907991e+01 3.985652e-02 -1.455157e+00
1.907991e+01 4.303711e-02 -1.381218e+00
1.907991e+01 4.647152e-02 -1.299439e+00
1.907991e+01 5.017999e-02 -1.200445e+00
1.907991e+01 5.418441e-02 -1.106842e+00
1.907991e+01 5.850838e-02 -1.046155e+00
1.907991e+01 6.317741e-02 -9.806246e-01
1.907991e+01 6.821903e-02 -9.098652e-01
1.907991e+01 7.366298e-02 -8.344110e-01
1.907991e+01 7.954136e-02 -7.626549e-01
1.907991e+01 8.588885e-02 -6.851726e-01
1.907991e+01 9.274286e-02 -6.015071e-01
1.907991e+01 1.001438e-01 -5.111651e-01
1.907991e+01 1.081354e-01 -4.552844e-01
1.907991e+01 1.167647e-01 -4.148256e-01
1.907991e+01 1.260827e-01 -3.711381e-01
1.907991e+01 1.361442e-01 -3.239642e-01
1.907991e+01 1.470087e-01 -2.785458e-01
1.907991e+01 1.587401e-01 -2.530165e-01
1.907991e+01 1.714077e-01 -2.254500e-01
1.907991e+01 1.850862e-01 -1.956837e-01
1.907991e+01 1.998563e-01 -1.635419e-01
1.907991e+01 2.158051e-01 -1.456369e-01
1.907991e+01 2.330265e-01 -1.296592e-01
1.907991e+01 2.516223e-01 -1.124063e-01
1.907991e+01 2.717020e-01 -9.377673e-02
1.907991e+01 2.933841e-01 -7.950008e-02
1.907991e+01 3.167964e-01 -7.150589e-02
1.907991e+01 3.420771e-01 -6.287377e-02
1.907991e+01 3.693752e-01 -5.355279e-02
1.907991e+01 3.988518e-01 -4.393565e-02
1.907991e+01 4.306805e-01 -3.983018e-02
1.907991e+01 4.650493e-01 -3.539708e-02
1.907991e+01 5.021607e-01 -3.061023e-02
1.907991e+01 5.422336e-01 -2.544137e-02
1.907991e+01 5.855044e-01 -2.231290e-02
1.907991e+01 6.322283e-01 -2.007783e-02
1.907991e+01 6.826808e-01 -1.766440e-02
1.907991e+01 7.371594e-01 -1.505837e-02
1.907991e+01 7.959855e-01 -1.275992e-02
1.907991e+01 8.595059e-01 -1.149118e-02
1.907991e+01 9.280954e-01 -1.012118e-02
1.907991e+01 1.002158e+00 -8.641863e-03
1.907991e+01 1.082132e+00 -7.044491e-03
1.907991e+01 1.168487e+00 -6.297912e-03
1.907991e+01 1.261733e+00 -5.575073e-03
1.907991e+01 1.362421e+00 -4.794552e-03
1.907991e+01 1.471144e+00 -3.951744e-03
1.907991e+01 1.588542e+00 -3.342672e-03
1.907991e+01 1.715310e+00 -2.948527e-03
1.907991e+01 1.852193e+00 -2.522928e-03
1.907991e+01 2.000000e+00 -2.063367e-03
1.948151e+01 1.000000e-03 -5.433129e-01
1.948151e+01 1.079801e-03 -5.830460e-01
1.948151e+01 1.165970e-03 -6.253522e-01
1.948151e+01 1.259016e-03 -6.703273e-01
1.948151e+01 1.359487e-03 -7.180544e-01
1.948151e+01 1.467975e-03 -7.686057e-01
1.948151e+01 1.585121e-03 -8.220373e-01
1.948151e+01 1.711615e-03 -8.783855e-01
1.948151e+01 1.848204e-03 -9.376669e-01
1.948151e+01 1.995693e-03 -9.998757e-01
1.948151e+01 2.154951e-03 -1.064981e+00
1.948151e+01 2.326918e-03 -1.132922e+00
1.948151e+01 2.512609e-03 -1.203608e+00
1.948151e+01 2.713117e-03 -1.276910e+00
1.948151e+01 2.929627e-03 -1.352660e+00
1.948151e+01 3.163414e-03 -1.430627e+00
1.948151e+01 3.415858e-03 -1.510515e+00
1.948151e+01 3.688447e-03 -1.591969e+00
1.948151e+01 3.982789e-03 -1.674548e+00
1.948151e+01 4.300619e-03 -1.757722e+00
1.948151e+01 4.643813e-03 -1.840893e+00
1.948151e+01 5.014394e-03 -1.923354e+00
1.948151e+01 5.414548e-03 -2.004293e+00
1.948151e+01 5.846635e-03 -2.082826e+00
1.948151e+01 6.313202e-03 -2.157927e+00
1.948151e+01 6.817002e-03 -2.228445e+00
1.948151e+01 7.361006e-03 -2.293167e+00
1.948151e+01 7.948422e-03 -2.350736e+00
1.948151e+01 8.582714e-03 -2.399684e+00
1.948151e+01 9.267624e-03 -2.438546e+00
1.948151e+01 1.000719e-02 -2.465772e+00
1.948151e+01 1.080577e-02 -2.479794e+00
1.948151e+01 1.166809e-02 -2.479206e+00
1.948151e+01 1.259921e-02 -2.462756e+00
1.948151e+01 1.360464e-02 -2.429434e+00
1.948151e+01 1.469030e-02 -2.378643e+00
1.948151e+01 1.586261e-02 -2.310506e+00
1.948151e+01 1.712846e-02 -2.225831e+00
1.948151e+01 1.849533e-02 -2.125952e+00
1.948151e+01 1.997127e-02 -2.013749e+00
1.948151e+01 2.156500e-02 -1.893080e+00
1.948151e+01 2.328591e-02 -1.767666e+00
1.948151e+01 2.514415e-02 -1.642621e+00
1.948151e+01 2.715068e-02 -1.523406e+00
1.948151e+01 2.931733e-02 -1.414118e+00
1.948151e+01 3.165689e-02 -1.317761e+00
1.948151e+01 3.418314e-02 -1.236143e+00
1.948151e+01 3.691099e-02 -1.168003e+00
1.948151e+01 3.985652e-02 -1.109214e+00
1.948151e+01 4.303711e-02 -1.052853e+00
1.948151e+01 4.647152e-02 -9.905154e-01
1.948151e+01 5.017999e-02 -9.150557e-01
1.948151e+01 5.418441e-02 -8.430512e-01
1.948151e+01 5.850838e-02 -7.949687e-01
1.948151e+01 6.317741e-02 -7.430492e-01
1.948151e+01 6.821903e-02 -6.869865e-01
1.948151e+01 7.366298e-02 -6.274122e-01
1.948151e+01 7.954136e-02 -5.729100e-01
1.948151e+01 8.588885e-02 -5.140584e-01
1.948151e+01 9.274286e-02 -4.505103e-01
1.948151e+01 1.001438e-01 -3.818911e-01
1.948151e+01 1.081354e-01 -3.398930e-01
1.948151e+01 1.167647e-01 -3.098570e-01
1.948151e+01 1.260827e-01 -2.774241e-01
1.948151e+01 1.361442e-01 -2.424030e-01
1.948151e+01 1.470087e-01 -2.086527e-01
1.948151e+01 1.587401e-01 -1.895269e-01
1.948151e+01 1.714077e-01 -1.688749e-01
1.948151e+01 1.850862e-01 -1.465748e-01
1.948151e+01 1.998563e-01 -1.224951e-01
1.948151e+01 2.158051e-01 -1.091551e-01
1.948151e+01 2.330265e-01 -9.727963e-02
1.948151e+01 2.516223e-01 -8.445644e-02
1.948151e+01 2.717020e-01 -7.060995e-02
1.948151e+01 2.933841e-01 -5.996742e-02
1.948151e+01 3.167964e-01 -5.395197e-02
1.948151e+01 3.420771e-01 -4.745647e-02
1.948151e+01 3.693752e-01 -4.044263e-02
1.948151e+01 3.988518e-01 -3.320800e-02
1.948151e+01 4.306805e-01 -3.014996e-02
1.948151e+01 4.650493e-01 -2.684789e-02
1.948151e+01 5.021607e-01 -2.328230e-02
1.948151e+01 5.422336e-01 -1.943218e-02
1.948151e+01 5.855044e-01 -1.707512e-02
1.948151e+01 6.322283e-01 -1.536892e-02
1.948151e+01 6.826808e-01 -1.352657e-02
1.948151e+01 7.371594e-01 -1.153719e-02
1.948151e+01 7.959855e-01 -9.781948e-03
1.948151e+01 8.595059e-01 -8.811114e-03
1.948151e+01 9.280954e-01 -7.762806e-03
1.948151e+01 1.002158e+00 -6.630842e-03
1.948151e+01 1.082132e+00 -5.408547e-03
1.948151e+01 1.168487e+00 -4.837807e-03
1.948151e+01 1.261733e+00 -4.285323e-03
1.948151e+01 1.362421e+00 -3.688749e-03
1.948151e+01 1.471144e+00 -3.044569e-03
1.948151e+01 1.588542e+00 -2.579048e-03
1.948151e+01 1.715310e+00 -2.277811e-03
1.948151e+01 1.852193e+00 -1.952536e-03
1.948151e+01 2.000000e+00 -1.601302e-03
1.989114e+01 1.000000e-03 -3.949630e-01
1.989114e+01 1.079801e-03 -4.238566e-01
1.989114e+01 1.165970e-03 -4.546231e-01
1.989114e+01 1.259016e-03 -4.873323e-01
1.989114e+01 1.359487e-03 -5.220450e-01
1.989114e+01 1.467975e-03 -5.588139e-01
1.989114e+01 1.585121e-03 -5.976797e-01
1.989114e+01 1.711615e-03 -6.386687e-01
1.989114e+01 1.848204e-03 -6.817927e-01
1.989114e+01 1.995693e-03 -7.270472e-01
1.989114e+01 2.154951e-03 -7.744089e-01
1.989114e+01 2.326918e-03 -8.238334e-01
1.989114e+01 2.512609e-03 -8.752531e-01
1.989114e+01 2.713117e-03 -9.285741e-01
1.989114e+01 2.929627e-03 -9.836743e-01
1.989114e+01 3.163414e-03 -1.040387e+00
1.989114e+01 3.415858e-03 -1.098495e+00
1.989114e+01 3.688447e-03 -1.157742e+00
1.989114e+01 3.982789e-03 -1.217807e+00
1.989114e+01 4.300619e-03 -1.278306e+00
1.989114e+01 4.643813e-03 -1.338802e+00
1.989114e+01 5.014394e-03 -1.398780e+00
1.989114e+01 5.414548e-03 -1.457651e+00
1.989114e+01 5.846635e-03 -1.514772e+00
1.989114e+01 6.313202e-03 -1.569397e+00
1.989114e+01 6.817002e-03 -1.620688e+00
1.989114e+01 7.361006e-03 -1.667764e+00
1.989114e+01 7.948422e-03 -1.709637e+00
1.989114e+01 8.582714e-03 -1.745239e+00
1.989114e+01 9.267624e-03 -1.773506e+00
1.989114e+01 1.000719e-02 -1.793311e+00
1.989114e+01 1.080577e-02 -1.803511e+00
1.989114e+01 1.166809e-02 -1.803085e+00
1.989114e+01 1.259921e-02 -1.791121e+00
1.989114e+01 1.360464e-02 -1.766887e+00
1.989114e+01 1.469030e-02 -1.729949e+00
1.989114e+01 1.586261e-02 -1.680397e+00
1.989114e+01 1.712846e-02 -1.618817e+00
1.989114e+01 1.849533e-02 -1.546178e+00
1.989114e+01 1.997127e-02 -1.464576e+00
1.989114e+01 2.156500e-02 -1.376815e+00
1.989114e+01 2.328591e-02 -1.285603e+00
1.989114e+01 2.514415e-02 -1.194660e+00
1.989114e+01 2.715068e-02 -1.107956e+00
1.989114e+01 2.931733e-02 -1.028473e+00
1.989114e+01 3.165689e-02 -9.583936e-01
1.989114e+01 3.418314e-02 -8.990339e-01
1.989114e+01 3.691099e-02 -8.494761e-01
1.989114e+01 3.985652e-02 -8.067196e-01
1.989114e+01 4.303711e-02 -7.657288e-01
1.989114e+01 4.647152e-02 -7.203914e-01
1.989114e+01 5.017999e-02 -6.655104e-01
1.989114e+01 5.418441e-02 -6.136937e-01
1.989114e+01 5.850838e-02 -5.802592e-01
1.989114e+01 6.317741e-02 -5.441566e-01
1.989114e+01 6.821903e-02 -5.051730e-01
1.989114e+01 7.366298e-02 -4.634427e-01
1.989114e+01 7.954136e-02 -4.221016e-01
1.989114e+01 8.588885e-02 -3.774614e-01
1.989114e+01 9.274286e-02 -3.292589e-01
1.989114e+01 1.001438e-01 -2.772097e-01
1.989114e+01 1.081354e-01 -2.463458e-01
1.989114e+01 1.167647e-01 -2.251080e-01
1.989114e+01 1.260827e-01 -2.021754e-01
1.989114e+01 1.361442e-01 -1.774128e-01
1.989114e+01 1.470087e-01 -1.534570e-01
1.989114e+01 1.587401e-01 -1.394441e-01
1.989114e+01 1.714077e-01 -1.243129e-01
1.989114e+01 1.850862e-01 -1.079743e-01
1.989114e+01 1.998563e-01 -9.033186e-02
1.989114e+01 2.158051e-01 -8.053121e-02
1.989114e+01 2.330265e-01 -7.179604e-02
1.989114e+01 2.516223e-01 -6.236380e-02
1.989114e+01 2.717020e-01 -5.217885e-02
1.989114e+01 2.933841e-01 -4.436484e-02
1.989114e+01 3.167964e-01 -3.997355e-02
1.989114e+01 3.420771e-01 -3.523183e-02
1.989114e+01 3.693752e-01 -3.011172e-02
1.989114e+01 3.988518e-01 -2.482876e-02
1.989114e+01 4.306805e-01 -2.257129e-02
1.989114e+01 4.650493e-01 -2.013367e-02
1.989114e+01 5.021607e-01 -1.750152e-02
1.989114e+01 5.422336e-01 -1.465932e-02
1.989114e+01 5.855044e-01 -1.290305e-02
1.989114e+01 6.322283e-01 -1.161836e-02
1.989114e+01 6.826808e-01 -1.023116e-02
1.989114e+01 7.371594e-01 -8.733250e-03
1.989114e+01 7.959855e-01 -7.410752e-03
1.989114e+01 8.595059e-01 -6.676737e-03
1.989114e+01 9.280954e-01 -5.884148e-03
1.989114e+01 1.002158e+00 -5.028309e-03
1.989114e+01 1.082132e+00 -4.104173e-03
1.989114e+01 1.168487e+00 -3.674356e-03
1.989114e+01 1.261733e+00 -3.258622e-03
1.989114e+01 1.362421e+00 -2.809712e-03
1.989114e+01 1.471144e+00 -2.324979e-03
1.989114e+01 1.588542e+00 -1.973453e-03
1.989114e+01 1.715310e+00 -1.744372e-03
1.989114e+01 1.852193e+00 -1.497010e-03
1.989114e+01 2.000000e+00 -1.229908e-03
2.030896e+01 1.000000e-03 -2.843650e-01
2.030896e+01 1.079801e-03 -3.051747e-01
2.030896e+01 1.165970e-03 -3.273345e-01
2.030896e+01 1.259016e-03 -3.508950e-01
2.030896e+01 1.359487e-03 -3.759000e-01
2.030896e+01 1.467975e-03 -4.023877e-01
2.030896e+01 1.585121e-03 -4.303874e-01
2.030896e+01 1.711615e-03 -4.599180e-01
2.030896e+01 1.848204e-03 -4.909880e-01
2.030896e+01 1.995693e-03 -5.235935e-01
2.030896e+01 2.154951e-03 -5.577175e-01
2.030896e+01 2.326918e-03 -5.933275e-01
2.030896e+01 2.512609e-03 -6.303741e-01
2.030896e+01 2.713117e-03 -6.687895e-01
2.030896e+01 2.929627e-03 -7.084856e-01
2.030896e+01 3.163414e-03 -7.493419e-01
2.030896e+01 3.415858e-03 -7.912032e-01
2.030896e+01 3.688447e-03 -8.338849e-01
2.030896e+01 3.982789e-03 -8.771565e-01
2.030896e+01 4.300619e-03 -9.207404e-01
2.030896e+01 4.643813e-03 -9.643212e-01
2.030896e+01 5.014394e-03 -1.007529e+00
2.030896e+01 5.414548e-03 -1.049939e+00
2.030896e+01 5.846635e-03 -1.091088e+00
2.030896e+01 6.313202e-03 -1.130439e+00
2.030896e+01 6.817002e-03 -1.167388e+00
2.030896e+01 7.361006e-03 -1.201301e+00
2.030896e+01 7.948422e-03 -1.231466e+00
2.030896e+01 8.582714e-03 -1.257113e+00
2.030896e+01 9.267624e-03 -1.277477e+00
2.030896e+01 1.000719e-02 -1.291745e+00
2.030896e+01 1.080577e-02 -1.299094e+00
2.030896e+01 1.166809e-02 -1.298788e+00
2.030896e+01 1.259921e-02 -1.290170e+00
2.030896e+01 1.360464e-02 -1.272713e+00
2.030896e+01 1.469030e-02 -1.246108e+00
2.030896e+01 1.586261e-02 -1.210417e+00
2.030896e+01 1.712846e-02 -1.166063e+00
2.030896e+01 1.849533e-02 -1.113741e+00
2.030896e+01 1.997127e-02 -1.054962e+00
2.030896e+01 2.156500e-02 -9.917467e-01
2.030896e+01 2.328591e-02 -9.260453e-01
2.030896e+01 2.514415e-02 -8.605377e-01
2.030896e+01 2.715068e-02 -7.980836e-01
2.030896e+01 2.931733e-02 -7.408300e-01
2.030896e+01 3.165689e-02 -6.903507e-01
2.030896e+01 3.418314e-02 -6.475927e-01
2.030896e+01 3.691099e-02 -6.118952e-01
2.030896e+01 3.985652e-02 -5.810968e-01
2.030896e+01 4.303711e-02 -5.515703e-01
2.030896e+01 4.647152e-02 -5.189128e-01
2.030896e+01 5.017999e-02 -4.793810e-01
2.030896e+01 5.418441e-02 -4.414322e-01
2.030896e+01 5.850838e-02 -4.156107e-01
2.030896e+01 6.317741e-02 -3.877286e-01
2.030896e+01 6.821903e-02 -3.576215e-01
2.030896e+01 7.366298e-02 -3.257669e-01
2.030896e+01 7.954136e-02 -2.980599e-01
2.030896e+01 8.588885e-02 -2.681418e-01
2.030896e+01 9.274286e-02 -2.358363e-01
2.030896e+01 1.001438e-01 -2.009527e-01
2.030896e+01 1.081354e-01 -1.794537e-01
2.030896e+01 1.167647e-01 -1.639529e-01
2.030896e+01 1.260827e-01 -1.472151e-01
2.030896e+01 1.361442e-01 -1.291416e-01
2.030896e+01 1.470087e-01 -1.116676e-01
2.030896e+01 1.587401e-01 -1.014962e-01
2.030896e+01 1.714077e-01 -9.051319e-02
2.030896e+01 1.850862e-01 -7.865370e-02
2.030896e+01 1.998563e-01 -6.584782e-02
2.030896e+01 2.158051e-01 -5.871541e-02
2.030896e+01 2.330265e-01 -5.235119e-02
2.030896e+01 2.516223e-01 -4.547910e-02
2.030896e+01 2.717020e-01 -3.805861e-02
2.030896e+01 2.933841e-01 -3.237290e-02
2.030896e+01 3.167964e-01 -2.919087e-02
2.030896e+01 3.420771e-01 -2.575491e-02
2.030896e+01 3.693752e-01 -2.204476e-02
2.030896e+01 3.988518e-01 -1.821709e-02
2.030896e+01 4.306805e-01 -1.658856e-02
2.030896e+01 4.650493e-01 -1.483007e-02
2.030896e+01 5.021607e-01 -1.293125e-02
2.030896e+01 5.422336e-01 -1.088090e-02
2.030896e+01 5.855044e-01 -9.598587e-03
2.030896e+01 6.322283e-01 -8.648100e-03
2.030896e+01 6.826808e-01 -7.621764e-03
2.030896e+01 7.371594e-01 -6.513525e-03
2.030896e+01 7.959855e-01 -5.534513e-03
2.030896e+01 8.595059e-01 -4.989559e-03
2.030896e+01 9.280954e-01 -4.401116e-03
2.030896e+01 1.002158e+00 -3.765715e-03
2.030896e+01 1.082132e+00 -3.079609e-03
2.030896e+01 1.168487e+00 -2.759441e-03
2.030896e+01 1.261733e+00 -2.449554e-03
2.030896e+01 1.362421e+00 -2.114938e-03
2.030896e+01 1.471144e+00 -1.753618e-03
2.030896e+01 1.588542e+00 -1.490641e-03
2.030896e+01 1.715310e+00 -1.318024e-03
2.030896e+01 1.852193e+00 -1.131632e-03
2.030896e+01 2.000000e+00 -9.303664e-04
2.073514e+01 1.000000e-03 -2.039716e-01
2.073514e+01 1.079801e-03 -2.189031e-01
2.073514e+01 1.165970e-03 -2.348043e-01
2.073514e+01 1.259016e-03 -2.517116e-01
2.073514e+01 1.359487e-03 -2.696565e-01
2.073514e+01 1.467975e-03 -2.886666e-01
2.073514e+01 1.585121e-03 -3.087630e-01
2.073514e+01 1.711615e-03 -3.299591e-01
2.073514e+01 1.848204e-03 -3.522610e-01
2.073514e+01 1.995693e-03 -3.756656e-01
2.073514e+01 2.154951e-03 -4.001605e-01
2.073514e+01 2.326918e-03 -4.257218e-01
2.073514e+01 2.512609e-03 -4.523137e-01
2.073514e+01 2.713117e-03 -4.798876e-01
2.073514e+01 2.929627e-03 -5.083797e-01
2.073514e+01 3.163414e-03 -5.377037e-01
2.073514e+01 3.415858e-03 -5.677485e-01
2.073514e+01 3.688447e-03 -5.983821e-01
2.073514e+01 3.982789e-03 -6.294393e-01
2.073514e+01 4.300619e-03 -6.607205e-01
2.073514e+01 4.643813e-03 -6.919992e-01
2.073514e+01 5.014394e-03 -7.230098e-01
2.073514e+01 5.414548e-03 -7.534478e-01
2.073514e+01 5.846635e-03 -7.829805e-01
2.073514e+01 6.313202e-03 -8.112229e-01
2.073514e+01 6.817002e-03 -8.377415e-01
2.073514e+01 7.361006e-03 -8.620806e-01
2.073514e+01 7.948422e-03 -8.837300e-01
2.073514e+01 8.582714e-03 -9.021373e-01
2.073514e+01 9.267624e-03 -9.167531e-01
2.073514e+01 1.000719e-02 -9.269941e-01
2.073514e+01 1.080577e-02 -9.322693e-01
2.073514e+01 1.166809e-02 -9.320497e-01
2.073514e+01 1.259921e-02 -9.258650e-01
2.073514e+01 1.360464e-02 -9.133377e-01
2.073514e+01 1.469030e-02 -8.942458e-01
2.073514e+01 1.586261e-02 -8.686351e-01
2.073514e+01 1.712846e-02 -8.368068e-01
2.073514e+01 1.849533e-02 -7.992605e-01
2.073514e+01 1.997127e-02 -7.570791e-01
2.073514e+01 2.156500e-02 -7.117135e-01
2.073514e+01 2.328591e-02 -6.645640e-01
2.073514e+01 2.514415e-02 -6.175536e-01
2.073514e+01 2.715068e-02 -5.727345e-01
2.073514e+01 2.931733e-02 -5.316473e-01
2.073514e+01 3.165689e-02 -4.954216e-01
2.073514e+01 3.418314e-02 -4.647368e-01
2.073514e+01 3.691099e-02 -4.391190e-01
2.073514e+01 3.985652e-02 -4.170169e-01
2.073514e+01 4.303711e-02 -3.958275e-01
2.073514e+01 4.647152e-02 -3.723913e-01
2.073514e+01 5.017999e-02 -3.440218e-01
2.073514e+01 5.418441e-02 -3.173101e-01
2.073514e+01 5.850838e-02 -3.002323e-01
2.073514e+01 6.317741e-02 -2.817917e-01
2.073514e+01 6.821903e-02 -2.618796e-01
2.073514e+01 7.366298e-02 -2.405055e-01
2.073514e+01 7.954136e-02 -2.187233e-01
2.073514e+01 8.588885e-02 -1.952028e-01
2.073514e+01 9.274286e-02 -1.698054e-01
2.073514e+01 1.001438e-01 -1.423813e-01
2.073514e+01 1.081354e-01 -1.264372e-01
2.073514e+01 1.167647e-01 -1.157419e-01
2.073514e+01 1.260827e-01 -1.041932e-01
2.073514e+01 1.361442e-01 -9.172288e-02
2.073514e+01 1.470087e-01 -7.965172e-02
2.073514e+01 1.587401e-01 -7.255681e-02
2.073514e+01 1.714077e-01 -6.489572e-02
2.073514e+01 1.850862e-01 -5.662326e-02
2.073514e+01 1.998563e-01 -4.769065e-02
2.073514e+01 2.158051e-01 -4.257251e-02
2.073514e+01 2.330265e-01 -3.795023e-02
2.073514e+01 2.516223e-01 -3.295909e-02
2.073514e+01 2.717020e-01 -2.756965e-02
2.073514e+01 2.933841e-01 -2.343854e-02
2.073514e+01 3.167964e-01 -2.112362e-02
2.073514e+01 3.420771e-01 -1.862397e-02
2.073514e+01 3.693752e-01 -1.592484e-02
2.073514e+01 3.988518e-01 -1.314163e-02
2.073514e+01 4.306805e-01 -1.197819e-02
2.073514e+01 4.650493e-01 -1.072190e-02
2.073514e+01 5.021607e-01 -9.365368e-03
2.073514e+01 5.422336e-01 -7.900578e-03
2.073514e+01 5.855044e-01 -6.978292e-03
2.073514e+01 6.322283e-01 -6.289691e-03
2.073514e+01 6.826808e-01 -5.546138e-03
2.073514e+01 7.371594e-01 -4.743249e-03
2.073514e+01 7.959855e-01 -4.033764e-03
2.073514e+01 8.595059e-01 -3.638212e-03
2.073514e+01 9.280954e-01 -3.211096e-03
2.073514e+01 1.002158e+00 -2.749895e-03
2.073514e+01 1.082132e+00 -2.251889e-03
2.073514e+01 1.168487e+00 -2.019318e-03
2.073514e+01 1.261733e+00 -1.794179e-03
2.073514e+01 1.362421e+00 -1.551074e-03
2.073514e+01 1.471144e+00 -1.288569e-03
2.073514e+01 1.588542e+00 -1.096306e-03
2.073514e+01 1.715310e+00 -9.685410e-04
2.073514e+01 1.852193e+00 -8.305799e-04
2.073514e+01 2.000000e+00 -6.816094e-04
2.116984e+01 1.000000e-03 -1.374609e-01
2.116984e+01 1.079801e-03 -1.475270e-01
2.116984e+01 1.165970e-03 -1.582473e-01
2.116984e+01 1.259016e-03 -1.696467e-01
2.116984e+01 1.359487e-03 -1.817464e-01
2.116984e+01 1.467975e-03 -1.945651e-01
2.116984e+01 1.585121e-03 -2.081170e-01
2.116984e+01 1.711615e-03 -2.224113e-01
2.116984e+01 1.848204e-03 -2.374518e-01
2.116984e+01 1.995693e-03 -2.532365e-01
2.116984e+01 2.154951e-03 -2.697567e-01
2.116984e+01 2.326918e-03 -2.869959e-01
2.116984e+01 2.512609e-03 -3.049300e-01
2.116984e+01 2.713117e-03 -3.235258e-01
2.116984e+01 2.929627e-03 -3.427401e-01
2.116984e+01 3.163414e-03 -3.625149e-01
2.116984e+01 3.415858e-03 -3.827755e-01
2.116984e+01 3.688447e-03 -4.034330e-01
2.116984e+01 3.982789e-03 -4.243762e-01
2.116984e+01 4.300619e-03 -4.454704e-01
2.116984e+01 4.643813e-03 -4.665628e-01
2.116984e+01 5.014394e-03 -4.874742e-01
2.116984e+01 5.414548e-03 -5.079993e-01
2.116984e+01 5.846635e-03 -5.279139e-01
2.116984e+01 6.313202e-03 -5.469584e-01
2.116984e+01 6.817002e-03 -5.648405e-01
2.116984e+01 7.361006e-03 -5.812529e-01
2.116984e+01 7.948422e-03 -5.958516e-01
2.116984e+01 8.582714e-03 -6.082641e-01
2.116984e+01 9.267624e-03 -6.181203e-01
2.116984e+01 1.000719e-02 -6.250266e-01
2.116984e+01 1.080577e-02 -6.285843e-01
2.116984e+01 1.166809e-02 -6.284366e-01
2.116984e+01 1.259921e-02 -6.242664e-01
2.116984e+01 1.360464e-02 -6.158199e-01
2.116984e+01 1.469030e-02 -6.029478e-01
2.116984e+01 1.586261e-02 -5.856810e-01
2.116984e+01 1.712846e-02 -5.642219e-01
2.116984e+01 1.849533e-02 -5.389069e-01
2.116984e+01 1.997127e-02 -5.104663e-01
2.116984e+01 2.156500e-02 -4.798784e-01
2.116984e+01 2.328591e-02 -4.480876e-01
2.116984e+01 2.514415e-02 -4.163906e-01
2.116984e+01 2.715068e-02 -3.861711e-01
2.116984e+01 2.931733e-02 -3.584678e-01
2.116984e+01 3.165689e-02 -3.340424e-01
2.116984e+01 3.418314e-02 -3.133529e-01
2.116984e+01 3.691099e-02 -2.960799e-01
2.116984e+01 3.985652e-02 -2.811773e-01
2.116984e+01 4.303711e-02 -2.668902e-01
2.116984e+01 4.647152e-02 -2.510882e-01
2.116984e+01 5.017999e-02 -2.319598e-01
2.116984e+01 5.418441e-02 -2.138743e-01
2.116984e+01 5.850838e-02 -2.021511e-01
2.116984e+01 6.317741e-02 -1.894923e-01
2.116984e+01 6.821903e-02 -1.758234e-01
2.116984e+01 7.366298e-02 -1.611888e-01
2.116984e+01 7.954136e-02 -1.466646e-01
2.116984e+01 8.588885e-02 -1.309814e-01
2.116984e+01 9.274286e-02 -1.140466e-01
2.116984e+01 1.001438e-01 -9.576037e-02
2.116984e+01 1.081354e-01 -8.531415e-02
2.116984e+01 1.167647e-01 -7.847100e-02
2.116984e+01 1.260827e-01 -7.108175e-02
2.116984e+01 1.361442e-01 -6.310284e-02
2.116984e+01 1.470087e-01 -5.529599e-02
2.116984e+01 1.587401e-01 -5.031142e-02
2.116984e+01 1.714077e-01 -4.492908e-02
2.116984e+01 1.850862e-01 -3.911723e-02
2.116984e+01 1.998563e-01 -3.284158e-02
2.116984e+01 2.158051e-01 -2.931977e-02
2.116984e+01 2.330265e-01 -2.616701e-02
2.116984e+01 2.516223e-01 -2.276266e-02
2.116984e+01 2.717020e-01 -1.908664e-02
2.116984e+01 2.933841e-01 -1.626383e-02
2.116984e+01 3.167964e-01 -1.467295e-02
2.116984e+01 3.420771e-01 -1.295512e-02
2.116984e+01 3.693752e-01 -1.110021e-02
2.116984e+01 3.988518e-01 -9.186712e-03
2.116984e+01 4.306805e-01 -8.375054e-03
2.116984e+01 4.650493e-01 -7.498625e-03
2.116984e+01 5.021607e-01 -6.552255e-03
2.116984e+01 5.422336e-01 -5.530365e-03
2.116984e+01 5.855044e-01 -4.886261e-03
2.116984e+01 6.322283e-01 -4.404812e-03
2.116984e+01 6.826808e-01 -3.884942e-03
2.116984e+01 7.371594e-01 -3.323586e-03
2.116984e+01 7.959855e-01 -2.827924e-03
2.116984e+01 8.595059e-01 -2.552701e-03
2.116984e+01 9.280954e-01 -2.255514e-03
2.116984e+01 1.002158e+00 -1.934612e-03
2.116984e+01 1.082132e+00 -1.588101e-03
2.116984e+01 1.168487e+00 -1.425473e-03
2.116984e+01 1.261733e+00 -1.267883e-03
2.116984e+01 1.362421e+00 -1.097717e-03
2.116984e+01 1.471144e+00 -9.139719e-04
2.116984e+01 1.588542e+00 -7.786769e-04
2.116984e+01 1.715310e+00 -6.878434e-04
2.116984e+01 1.852193e+00 -5.897612e-04
2.116984e+01 2.000000e+00 -4.838521e-04
2.161324e+01 1.000000e-03 -9.516360e-02
2.161324e+01 1.079801e-03 -1.021346e-01
2.161324e+01 1.165970e-03 -1.095592e-01
2.161324e+01 1.259016e-03 -1.174545e-01
2.161324e+01 1.359487e-03 -1.258355e-01
2.161324e+01 1.467975e-03 -1.347150e-01
2.161324e+01 1.585121e-03 -1.441029e-01
2.161324e+01 1.711615e-03 -1.540056e-01
2.161324e+01 1.848204e-03 -1.644257e-01
2.161324e+01 1.995693e-03 -1.753617e-01
2.161324e+01 2.154951e-03 -1.868074e-01
2.161324e+01 2.326918e-03 -1.987513e-01
2.161324e+01 2.512609e-03 -2.111764e-01
2.161324e+01 2.713117e-03 -2.240595e-01
2.161324e+01 2.929627e-03 -2.373708e-01
2.161324e+01 3.163414e-03 -2.510699e-01
2.161324e+01 3.415858e-03 -2.651052e-01
2.161324e+01 3.688447e-03 -2.794154e-01
2.161324e+01 3.982789e-03 -2.939236e-01
2.161324e+01 4.300619e-03 -3.085364e-01
2.161324e+01 4.643813e-03 -3.231478e-01
2.161324e+01 5.014394e-03 -3.376337e-01
2.161324e+01 5.414548e-03 -3.518519e-01
2.161324e+01 5.846635e-03 -3.656472e-01
2.161324e+01 6.313202e-03 -3.788397e-01
2.161324e+01 6.817002e-03 -3.912270e-01
2.161324e+01 7.361006e-03 -4.025961e-01
2.161324e+01 7.948422e-03 -4.127089e-01
2.161324e+01 8.582714e-03 -4.213074e-01
2.161324e+01 9.267624e-03 -4.281352e-01
2.161324e+01 1.000719e-02 -4.329196e-01
2.161324e+01 1.080577e-02 -4.353846e-01
2.161324e+01 1.166809e-02 -4.352825e-01
2.161324e+01 1.259921e-02 -4.323942e-01
2.161324e+01 1.360464e-02 -4.265439e-01
2.161324e+01 1.469030e-02 -4.176286e-01
2.161324e+01 1.586261e-02 -4.056697e-01
2.161324e+01 1.712846e-02 -3.908069e-01
2.161324e+01 1.849533e-02 -3.732731e-01
2.161324e+01 1.997127e-02 -3.535740e-01
2.161324e+01 2.156500e-02 -3.323875e-01
2.161324e+01 2.328591e-02 -3.103677e-01
2.161324e+01 2.514415e-02 -2.884130e-01
2.161324e+01 2.715068e-02 -2.674815e-01
2.161324e+01 2.931733e-02 -2.482929e-01
2.161324e+01 3.165689e-02 -2.313746e-01
2.161324e+01 3.418314e-02 -2.170441e-01
2.161324e+01 3.691099e-02 -2.050799e-01
2.161324e+01 3.985652e-02 -1.947576e-01
2.161324e+01 4.303711e-02 -1.848617e-01
2.161324e+01 4.647152e-02 -1.739164e-01
2.161324e+01 5.017999e-02 -1.606671e-01
2.161324e+01 5.418441e-02 -1.478957e-01
2.161324e+01 5.850838e-02 -1.390947e-01
2.161324e+01 6.317741e-02 -1.295914e-01
2.161324e+01 6.821903e-02 -1.193297e-01
2.161324e+01 7.366298e-02 -1.084550e-01
2.161324e+01 7.954136e-02 -9.881553e-02
2.161324e+01 8.588885e-02 -8.840678e-02
2.161324e+01 9.274286e-02 -7.716740e-02
2.161324e+01 1.001438e-01 -6.503111e-02
2.161324e+01 1.081354e-01 -5.805148e-02
2.161324e+01 1.167647e-01 -5.343719e-02
2.161324e+01 1.260827e-01 -4.845468e-02
2.161324e+01 1.361442e-01 -4.307455e-02
2.161324e+01 1.470087e-01 -3.778623e-02
2.161324e+01 1.587401e-01 -3.429584e-02
2.161324e+01 1.714077e-01 -3.052691e-02
2.161324e+01 1.850862e-01 -2.645721e-02
2.161324e+01 1.998563e-01 -2.206275e-02
2.161324e+01 2.158051e-01 -1.970991e-02
2.161324e+01 2.330265e-01 -1.764715e-02
2.161324e+01 2.516223e-01 -1.541978e-02
2.161324e+01 2.717020e-01 -1.301467e-02
2.161324e+01 2.933841e-01 -1.114713e-02
2.161324e+01 3.167964e-01 -1.005773e-02
2.161324e+01 3.420771e-01 -8.881395e-03
2.161324e+01 3.693752e-01 -7.611186e-03
2.161324e+01 3.988518e-01 -6.300536e-03
2.161324e+01 4.306805e-01 -5.739842e-03
2.161324e+01 4.650493e-01 -5.134404e-03
2.161324e+01 5.021607e-01 -4.480652e-03
2.161324e+01 5.422336e-01 -3.774729e-03
2.161324e+01 5.855044e-01 -3.335813e-03
2.161324e+01 6.322283e-01 -3.012550e-03
2.161324e+01 6.826808e-01 -2.663491e-03
2.161324e+01 7.371594e-01 -2.286576e-03
2.161324e+01 7.959855e-01 -1.951855e-03
2.161324e+01 8.595059e-01 -1.760484e-03
2.161324e+01 9.280954e-01 -1.553841e-03
2.161324e+01 1.002158e+00 -1.330709e-03
2.161324e+01 1.082132e+00 -1.089770e-03
2.161324e+01 1.168487e+00 -9.786042e-04
2.161324e+01 1.261733e+00 -8.712580e-04
2.161324e+01 1.362421e+00 -7.553454e-04
2.161324e+01 1.471144e+00 -6.301829e-04
2.161324e+01 1.588542e+00 -5.376165e-04
2.161324e+01 1.715310e+00 -4.749474e-04
2.161324e+01 1.852193e+00 -4.072773e-04
2.161324e+01 2.000000e+00 -3.342070e-04
2.206550e+01 1.000000e-03 -6.118453e-02
2.206550e+01 1.079801e-03 -6.566799e-02
2.206550e+01 1.165970e-03 -7.044347e-02
2.206550e+01 1.259016e-03 -7.552203e-02
2.206550e+01 1.359487e-03 -8.091329e-02
2.206550e+01 1.467975e-03 -8.662562e-02
2.206550e+01 1.585121e-03 -9.266542e-02
2.206550e+01 1.711615e-03 -9.903673e-02
2.206550e+01 1.848204e-03 -1.057412e-01
2.206550e+01 1.995693e-03 -1.127779e-01
2.206550e+01 2.154951e-03 -1.201427e-01
2.206550e+01 2.326918e-03 -1.278280e-01
2.206550e+01 2.512609e-03 -1.358228e-01
2.206550e+01 2.713117e-03 -1.441121e-01
2.206550e+01 2.929627e-03 -1.526766e-01
2.206550e+01 3.163414e-03 -1.614903e-01
2.206550e+01 3.415858e-03 -1.705202e-01
2.206550e+01 3.688447e-03 -1.797268e-01
2.206550e+01 3.982789e-03 -1.890609e-01
2.206550e+01 4.300619e-03 -1.984622e-01
2.206550e+01 4.643813e-03 -2.078626e-01
2.206550e+01 5.014394e-03 -2.171821e-01
2.206550e+01 5.414548e-03 -2.263294e-01
2.206550e+01 5.846635e-03 -2.352045e-01
2.206550e+01 6.313202e-03 -2.436919e-01
2.206550e+01 6.817002e-03 -2.516611e-01
2.206550e+01 7.361006e-03 -2.589754e-01
2.206550e+01 7.948422e-03 -2.654814e-01
2.206550e+01 8.582714e-03 -2.710132e-01
2.206550e+01 9.267624e-03 -2.754060e-01
2.206550e+01 1.000719e-02 -2.784843e-01
2.206550e+01 1.080577e-02 -2.800704e-01
2.206550e+01 1.166809e-02 -2.800051e-01
2.206550e+01 1.259921e-02 -2.781473e-01
2.206550e+01 1.360464e-02 -2.743842e-01
2.206550e+01 1.469030e-02 -2.686495e-01
2.206550e+01 1.586261e-02 -2.609570e-01
2.206550e+01 1.712846e-02 -2.513966e-01
2.206550e+01 1.849533e-02 -2.401178e-01
2.206550e+01 1.997127e-02 -2.274460e-01
2.206550e+01 2.156500e-02 -2.138173e-01
2.206550e+01 2.328591e-02 -1.996526e-01
2.206550e+01 2.514415e-02 -1.855297e-01
2.206550e+01 2.715068e-02 -1.720651e-01
2.206550e+01 2.931733e-02 -1.597215e-01
2.206550e+01 3.165689e-02 -1.488384e-01
2.206550e+01 3.418314e-02 -1.396198e-01
2.206550e+01 3.691099e-02 -1.319235e-01
2.206550e+01 3.985652e-02 -1.252834e-01
2.206550e+01 4.303711e-02 -1.189176e-01
2.206550e+01 4.647152e-02 -1.118767e-01
2.206550e+01 5.017999e-02 -1.033537e-01
2.206550e+01 5.418441e-02 -9.529318e-02
2.206550e+01 5.850838e-02 -9.006333e-02
2.206550e+01 6.317741e-02 -8.441613e-02
2.206550e+01 6.821903e-02 -7.831827e-02
2.206550e+01 7.366298e-02 -7.179547e-02
2.206550e+01 7.954136e-02 -6.538181e-02
2.206550e+01 8.588885e-02 -5.845634e-02
2.206550e+01 9.274286e-02 -5.097821e-02
2.206550e+01 1.001438e-01 -4.290331e-02
2.206550e+01 1.081354e-01 -3.833555e-02
2.206550e+01 1.167647e-01 -3.538399e-02
2.206550e+01 1.260827e-01 -3.219688e-02
2.206550e+01 1.361442e-01 -2.875544e-02
2.206550e+01 1.470087e-01 -2.534560e-02
2.206550e+01 1.587401e-01 -2.296815e-02
2.206550e+01 1.714077e-01 -2.040096e-02
2.206550e+01 1.850862e-01 -1.762892e-02
2.206550e+01 1.998563e-01 -1.463566e-02
2.206550e+01 2.158051e-01 -1.306327e-02
2.206550e+01 2.330265e-01 -1.169693e-02
2.206550e+01 2.516223e-01 -1.022155e-02
2.206550e+01 2.717020e-01 -8.628433e-03
2.206550e+01 2.933841e-01 -7.397552e-03
2.206550e+01 3.167964e-01 -6.690397e-03
2.206550e+01 3.420771e-01 -5.926811e-03
2.206550e+01 3.693752e-01 -5.102290e-03
2.206550e+01 3.988518e-01 -4.251051e-03
2.206550e+01 4.306805e-01 -3.880039e-03
2.206550e+01 4.650493e-01 -3.479420e-03
2.206550e+01 5.021607e-01 -3.046831e-03
2.206550e+01 5.422336e-01 -2.579721e-03
2.206550e+01 5.855044e-01 -2.282118e-03
2.206550e+01 6.322283e-01 -2.057128e-03
2.206550e+01 6.826808e-01 -1.814184e-03
2.206550e+01 7.371594e-01 -1.551853e-03
2.206550e+01 7.959855e-01 -1.320001e-03
2.206550e+01 8.595059e-01 -1.190629e-03
2.206550e+01 9.280954e-01 -1.050933e-03
2.206550e+01 1.002158e+00 -9.000893e-04
2.206550e+01 1.082132e+00 -7.372078e-04
2.206550e+01 1.168487e+00 -6.618755e-04
2.206550e+01 1.261733e+00 -5.890951e-04
2.206550e+01 1.362421e+00 -5.105068e-04
2.206550e+01 1.471144e+00 -4.256471e-04
2.206550e+01 1.588542e+00 -3.630847e-04
2.206550e+01 1.715310e+00 -3.209812e-04
2.206550e+01 1.852193e+00 -2.755178e-04
2.206550e+01 2.000000e+00 -2.264263e-04
2.252681e+01 1.000000e-03 -4.024382e-02
2.252681e+01 1.079801e-03 -4.319380e-02
2.252681e+01 1.165970e-03 -4.633611e-02
2.252681e+01 1.259016e-03 -4.967806e-02
2.252681e+01 1.359487e-03 -5.322600e-02
2.252681e+01 1.467975e-03 -5.698549e-02
2.252681e+01 1.585121e-03 -6.096075e-02
2.252681e+01 1.711615e-03 -6.515443e-02
2.252681e+01 1.848204e-03 -6.956763e-02
2.252681e+01 1.995693e-03 -7.419965e-02
2.252681e+01 2.154951e-03 -7.904772e-02
2.252681e+01 2.326918e-03 -8.410681e-02
2.252681e+01 2.512609e-03 -8.936956e-02
2.252681e+01 2.713117e-03 -9.482608e-02
2.252681e+01 2.929627e-03 -1.004635e-01
2.252681e+01 3.163414e-03 -1.062648e-01
2.252681e+01 3.415858e-03 -1.122082e-01
2.252681e+01 3.688447e-03 -1.182679e-01
2.252681e+01 3.982789e-03 -1.244115e-01
2.252681e+01 4.300619e-03 -1.305993e-01
2.252681e+01 4.643813e-03 -1.367865e-01
2.252681e+01 5.014394e-03 -1.429204e-01
2.252681e+01 5.414548e-03 -1.489409e-01
2.252681e+01 5.846635e-03 -1.547823e-01
2.252681e+01 6.313202e-03 -1.603684e-01
2.252681e+01 6.817002e-03 -1.656135e-01
2.252681e+01 7.361006e-03 -1.704275e-01
2.252681e+01 7.948422e-03 -1.747096e-01
2.252681e+01 8.582714e-03 -1.783505e-01
2.252681e+01 9.267624e-03 -1.812418e-01
2.252681e+01 1.000719e-02 -1.832680e-01
2.252681e+01 1.080577e-02 -1.843121e-01
2.252681e+01 1.166809e-02 -1.842694e-01
2.252681e+01 1.259921e-02 -1.830470e-01
2.252681e+01 1.360464e-02 -1.805708e-01
2.252681e+01 1.469030e-02 -1.767970e-01
2.252681e+01 1.586261e-02 -1.717348e-01
2.252681e+01 1.712846e-02 -1.654433e-01
2.252681e+01 1.849533e-02 -1.580210e-01
2.252681e+01 1.997127e-02 -1.496818e-01
2.252681e+01 2.156500e-02 -1.407129e-01
2.252681e+01 2.328591e-02 -1.313912e-01
2.252681e+01 2.514415e-02 -1.220970e-01
2.252681e+01 2.715068e-02 -1.132360e-01
2.252681e+01 2.931733e-02 -1.051127e-01
2.252681e+01 3.165689e-02 -9.795051e-02
2.252681e+01 3.418314e-02 -9.188382e-02
2.252681e+01 3.691099e-02 -8.681888e-02
2.252681e+01 3.985652e-02 -8.244903e-02
2.252681e+01 4.303711e-02 -7.825965e-02
2.252681e+01 4.647152e-02 -7.362605e-02
2.252681e+01 5.017999e-02 -6.801710e-02
2.252681e+01 5.418441e-02 -6.267100e-02
2.252681e+01 5.850838e-02 -5.911381e-02
2.252681e+01 6.317741e-02 -5.527275e-02
2.252681e+01 6.821903e-02 -5.112516e-02
2.252681e+01 7.366298e-02 -4.669742e-02
2.252681e+01 7.954136e-02 -4.243524e-02
2.252681e+01 8.588885e-02 -3.783293e-02
2.252681e+01 9.274286e-02 -3.286335e-02
2.252681e+01 1.001438e-01 -2.749720e-02
2.252681e+01 1.081354e-01 -2.449679e-02
2.252681e+01 1.167647e-01 -2.258993e-02
2.252681e+01 1.260827e-01 -2.053092e-02
2.252681e+01 1.361442e-01 -1.830758e-02
2.252681e+01 1.470087e-01 -1.611650e-02
2.252681e+01 1.587401e-01 -1.464373e-02
2.252681e+01 1.714077e-01 -1.305343e-02
2.252681e+01 1.850862e-01 -1.133622e-02
2.252681e+01 1.998563e-01 -9.481981e-03
2.252681e+01 2.158051e-01 -8.474021e-03
2.252681e+01 2.330265e-01 -7.584219e-03
2.252681e+01 2.516223e-01 -6.623411e-03
2.252681e+01 2.717020e-01 -5.585929e-03
2.252681e+01 2.933841e-01 -4.789080e-03
2.252681e+01 3.167964e-01 -4.339691e-03
2.252681e+01 3.420771e-01 -3.854441e-03
2.252681e+01 3.693752e-01 -3.330468e-03
2.252681e+01 3.988518e-01 -2.789193e-03
2.252681e+01 4.306805e-01 -2.548549e-03
2.252681e+01 4.650493e-01 -2.288701e-03
2.252681e+01 5.021607e-01 -2.008118e-03
2.252681e+01 5.422336e-01 -1.705143e-03
2.252681e+01 5.855044e-01 -1.510258e-03
2.252681e+01 6.322283e-01 -1.361458e-03
2.252681e+01 6.826808e-01 -1.200785e-03
2.252681e+01 7.371594e-01 -1.027289e-03
2.252681e+01 7.959855e-01 -8.739078e-04
2.252681e+01 8.595059e-01 -7.881975e-04
2.252681e+01 9.280954e-01 -6.956474e-04
2.252681e+01 1.002158e+00 -5.957118e-04
2.252681e+01 1.082132e+00 -4.878011e-04
2.252681e+01 1.168487e+00 -4.382433e-04
2.252681e+01 1.261733e+00 -3.904340e-04
2.252681e+01 1.362421e+00 -3.388095e-04
2.252681e+01 1.471144e+00 -2.830653e-04
2.252681e+01 1.588542e+00 -2.418156e-04
2.252681e+01 1.715310e+00 -2.138593e-04
2.252681e+01 1.852193e+00 -1.836721e-04
2.252681e+01 2.000000e+00 -1.510759e-04
2.299735e+01 1.000000e-03 -2.418628e-02
2.299735e+01 1.079801e-03 -2.595980e-02
2.299735e+01 1.165970e-03 -2.784907e-02
2.299735e+01 1.259016e-03 -2.985850e-02
2.299735e+01 1.359487e-03 -3.199193e-02
2.299735e+01 1.467975e-03 -3.425271e-02
2.299735e+01 1.585121e-03 -3.664340e-02
2.299735e+01 1.711615e-03 -3.916559e-02
2.299735e+01 1.848204e-03 -4.181995e-02
2.299735e+01 1.995693e-03 -4.460602e-02
2.299735e+01 2.154951e-03 -4.752210e-02
2.299735e+01 2.326918e-03 -5.056512e-02
2.299735e+01 2.512609e-03 -5.373061e-02
2.299735e+01 2.713117e-03 -5.701257e-02
2.299735e+01 2.929627e-03 -6.040323e-02
2.299735e+01 3.163414e-03 -6.389228e-02
2.299735e+01 3.415858e-03 -6.746673e-02
2.299735e+01 3.688447e-03 -7.111112e-02
2.299735e+01 3.982789e-03 -7.480592e-02
2.299735e+01 4.300619e-03 -7.852732e-02
2.299735e+01 4.643813e-03 -8.224832e-02
2.299735e+01 5.014394e-03 -8.593729e-02
2.299735e+01 5.414548e-03 -8.955803e-02
2.299735e+01 5.846635e-03 -9.307102e-02
2.299735e+01 6.313202e-03 -9.643046e-02
2.299735e+01 6.817002e-03 -9.958482e-02
2.299735e+01 7.361006e-03 -1.024799e-01
2.299735e+01 7.948422e-03 -1.050551e-01
2.299735e+01 8.582714e-03 -1.072448e-01
2.299735e+01 9.267624e-03 -1.089836e-01
2.299735e+01 1.000719e-02 -1.102022e-01
2.299735e+01 1.080577e-02 -1.108303e-01
2.299735e+01 1.166809e-02 -1.108048e-01
2.299735e+01 1.259921e-02 -1.100699e-01
2.299735e+01 1.360464e-02 -1.085811e-01
2.299735e+01 1.469030e-02 -1.063120e-01
2.299735e+01 1.586261e-02 -1.032681e-01
2.299735e+01 1.712846e-02 -9.948493e-02
2.299735e+01 1.849533e-02 -9.502178e-02
2.299735e+01 1.997127e-02 -9.000733e-02
2.299735e+01 2.156500e-02 -8.461416e-02
2.299735e+01 2.328591e-02 -7.900886e-02
2.299735e+01 2.514415e-02 -7.342005e-02
2.299735e+01 2.715068e-02 -6.809171e-02
2.299735e+01 2.931733e-02 -6.320699e-02
2.299735e+01 3.165689e-02 -5.890020e-02
2.299735e+01 3.418314e-02 -5.525215e-02
2.299735e+01 3.691099e-02 -5.220647e-02
2.299735e+01 3.985652e-02 -4.957876e-02
2.299735e+01 4.303711e-02 -4.705957e-02
2.299735e+01 4.647152e-02 -4.427327e-02
2.299735e+01 5.017999e-02 -4.090046e-02
2.299735e+01 5.418441e-02 -3.779508e-02
2.299735e+01 5.850838e-02 -3.596056e-02
2.299735e+01 6.317741e-02 -3.397964e-02
2.299735e+01 6.821903e-02 -3.184065e-02
2.299735e+01 7.366298e-02 -2.951094e-02
2.299735e+01 7.954136e-02 -2.679089e-02
2.299735e+01 8.588885e-02 -2.385378e-02
2.299735e+01 9.274286e-02 -2.068228e-02
2.299735e+01 1.001438e-01 -1.725769e-02
2.299735e+01 1.081354e-01 -1.540302e-02
2.299735e+01 1.167647e-01 -1.427973e-02
2.299735e+01 1.260827e-01 -1.306679e-02
2.299735e+01 1.361442e-01 -1.175707e-02
2.299735e+01 1.470087e-01 -1.044381e-02
2.299735e+01 1.587401e-01 -9.455968e-03
2.299735e+01 1.714077e-01 -8.389290e-03
2.299735e+01 1.850862e-01 -7.237491e-03
2.299735e+01 1.998563e-01 -5.993776e-03
2.299735e+01 2.158051e-01 -5.349364e-03
2.299735e+01 2.330265e-01 -4.793058e-03
2.299735e+01 2.516223e-01 -4.192358e-03
2.299735e+01 2.717020e-01 -3.543721e-03
2.299735e+01 2.933841e-01 -3.049064e-03
2.299735e+01 3.167964e-01 -2.776414e-03
2.299735e+01 3.420771e-01 -2.482006e-03
2.299735e+01 3.693752e-01 -2.164104e-03
2.299735e+01 3.988518e-01 -1.834875e-03
2.299735e+01 4.306805e-01 -1.676331e-03
2.299735e+01 4.650493e-01 -1.505135e-03
2.299735e+01 5.021607e-01 -1.320278e-03
2.299735e+01 5.422336e-01 -1.120669e-03
2.299735e+01 5.855044e-01 -9.920821e-04
2.299735e+01 6.322283e-01 -8.937546e-04
2.299735e+01 6.826808e-01 -7.875804e-04
2.299735e+01 7.371594e-01 -6.729335e-04
2.299735e+01 7.959855e-01 -5.716374e-04
2.299735e+01 8.595059e-01 -5.152014e-04
2.299735e+01 9.280954e-01 -4.542618e-04
2.299735e+01 1.002158e+00 -3.884592e-04
2.299735e+01 1.082132e+00 -3.174054e-04
2.299735e+01 1.168487e+00 -2.852176e-04
2.299735e+01 1.261733e+00 -2.542543e-04
2.299735e+01 1.362421e+00 -2.208202e-04
2.299735e+01 1.471144e+00 -1.847179e-04
2.299735e+01 1.588542e+00 -1.579563e-04
2.299735e+01 1.715310e+00 -1.397598e-04
2.299735e+01 1.852193e+00 -1.201111e-04
2.299735e+01 2.000000e+00 -9.889450e-05
2.347730e+01 1.000000e-03 -1.500208e-02
2.347730e+01 1.079801e-03 -1.610252e-02
2.347730e+01 1.165970e-03 -1.727485e-02
2.347730e+01 1.259016e-03 -1.852183e-02
2.347730e+01 1.359487e-03 -1.984585e-02
2.347730e+01 1.467975e-03 -2.124900e-02
2.347730e+01 1.585121e-03 -2.273287e-02
2.347730e+01 1.711615e-03 -2.429846e-02
2.347730e+01 1.848204e-03 -2.594618e-02
2.347730e+01 1.995693e-03 -2.767572e-02
2.347730e+01 2.154951e-03 -2.948603e-02
2.347730e+01 2.326918e-03 -3.137515e-02
2.347730e+01 2.512609e-03 -3.334028e-02
2.347730e+01 2.713117e-03 -3.537767e-02
2.347730e+01 2.929627e-03 -3.748246e-02
2.347730e+01 3.163414e-03 -3.964825e-02
2.347730e+01 3.415858e-03 -4.186698e-02
2.347730e+01 3.688447e-03 -4.412911e-02
2.347730e+01 3.982789e-03 -4.642252e-02
2.347730e+01 4.300619e-03 -4.873243e-02
2.347730e+01 4.643813e-03 -5.104209e-02
2.347730e+01 5.014394e-03 -5.333186e-02
2.347730e+01 5.414548e-03 -5.557926e-02
2.347730e+01 5.846635e-03 -5.775977e-02
2.347730e+01 6.313202e-03 -5.984496e-02
2.347730e+01 6.817002e-03 -6.180284e-02
2.347730e+01 7.361006e-03 -6.359982e-02
2.347730e+01 7.948422e-03 -6.519823e-02
2.347730e+01 8.582714e-03 -6.655736e-02
2.347730e+01 9.267624e-03 -6.763668e-02
2.347730e+01 1.000719e-02 -6.839311e-02
2.347730e+01 1.080577e-02 -6.878303e-02
2.347730e+01 1.166809e-02 -6.876735e-02
2.347730e+01 1.259921e-02 -6.831142e-02
2.347730e+01 1.360464e-02 -6.738751e-02
2.347730e+01 1.469030e-02 -6.597934e-02
2.347730e+01 1.586261e-02 -6.409029e-02
2.347730e+01 1.712846e-02 -6.174244e-02
2.347730e+01 1.849533e-02 -5.897255e-02
2.347730e+01 1.997127e-02 -5.586053e-02
2.347730e+01 2.156500e-02 -5.251346e-02
2.347730e+01 2.328591e-02 -4.903472e-02
2.347730e+01 2.514415e-02 -4.556620e-02
2.347730e+01 2.715068e-02 -4.225933e-02
2.347730e+01 2.931733e-02 -3.922777e-02
2.347730e+01 3.165689e-02 -3.655488e-02
2.347730e+01 3.418314e-02 -3.429081e-02
2.347730e+01 3.691099e-02 -3.240059e-02
2.347730e+01 3.985652e-02 -3.076977e-02
2.347730e+01 4.303711e-02 -2.920630e-02
2.347730e+01 4.647152e-02 -2.747706e-02
2.347730e+01 5.017999e-02 -2.538381e-02
2.347730e+01 5.418441e-02 -2.348199e-02
2.347730e+01 5.850838e-02 -2.241429e-02
2.347730e+01 6.317741e-02 -2.126140e-02
2.347730e+01 6.821903e-02 -2.001649e-02
2.347730e+01 7.366298e-02 -1.864566e-02
2.347730e+01 7.954136e-02 -1.689390e-02
2.347730e+01 8.588885e-02 -1.500236e-02
2.347730e+01 9.274286e-02 -1.295987e-02
2.347730e+01 1.001438e-01 -1.075438e-02
2.347730e+01 1.081354e-01 -9.560243e-03
2.347730e+01 1.167647e-01 -8.837300e-03
2.347730e+01 1.260827e-01 -8.056665e-03
2.347730e+01 1.361442e-01 -7.213734e-03
2.347730e+01 1.470087e-01 -6.379849e-03
2.347730e+01 1.587401e-01 -5.804493e-03
2.347730e+01 1.714077e-01 -5.183224e-03
2.347730e+01 1.850862e-01 -4.512376e-03
2.347730e+01 1.998563e-01 -3.787994e-03
2.347730e+01 2.158051e-01 -3.386519e-03
2.347730e+01 2.330265e-01 -3.029050e-03
2.347730e+01 2.516223e-01 -2.643055e-03
2.347730e+01 2.717020e-01 -2.226256e-03
2.347730e+01 2.933841e-01 -1.910635e-03
2.347730e+01 3.167964e-01 -1.740687e-03
2.347730e+01 3.420771e-01 -1.557178e-03
2.347730e+01 3.693752e-01 -1.359024e-03
2.347730e+01 3.988518e-01 -1.153938e-03
2.347730e+01 4.306805e-01 -1.057065e-03
2.347730e+01 4.650493e-01 -9.524616e-04
2.347730e+01 5.021607e-01 -8.395105e-04
2.347730e+01 5.422336e-01 -7.175457e-04
2.347730e+01 5.855044e-01 -6.367690e-04
2.347730e+01 6.322283e-01 -5.732759e-04
2.347730e+01 6.826808e-01 -5.047159e-04
2.347730e+01 7.371594e-01 -4.306848e-04
2.347730e+01 7.959855e-01 -3.653062e-04
2.347730e+01 8.595059e-01 -3.289717e-04
2.347730e+01 9.280954e-01 -2.897376e-04
2.347730e+01 1.002158e+00 -2.473727e-04
2.347730e+01 1.082132e+00 -2.016270e-04
2.347730e+01 1.168487e+00 -1.814631e-04
2.347730e+01 1.261733e+00 -1.621798e-04
2.347730e+01 1.362421e+00 -1.413578e-04
2.347730e+01 1.471144e+00 -1.188740e-04
2.347730e+01 1.588542e+00 -1.019957e-04
2.347730e+01 1.715310e+00 -9.024899e-05
2.347730e+01 1.852193e+00 -7.756491e-05
2.347730e+01 2.000000e+00 -6.386863e-05
2.396684e+01 1.000000e-03 -8.752547e-03
2.396684e+01 1.079801e-03 -9.394790e-03
2.396684e+01 1.165970e-03 -1.007903e-02
2.396684e+01 1.259016e-03 -1.080689e-02
2.396684e+01 1.359487e-03 -1.157977e-02
2.396684e+01 1.467975e-03 -1.239890e-02
2.396684e+01 1.585121e-03 -1.326522e-02
2.396684e+01 1.711615e-03 -1.417929e-02
2.396684e+01 1.848204e-03 -1.514137e-02
2.396684e+01 1.995693e-03 -1.615128e-02
2.396684e+01 2.154951e-03 -1.720836e-02
2.396684e+01 2.326918e-03 -1.831149e-02
2.396684e+01 2.512609e-03 -1.945899e-02
2.396684e+01 2.713117e-03 -2.064866e-02
2.396684e+01 2.929627e-03 -2.187764e-02
2.396684e+01 3.163414e-03 -2.314219e-02
2.396684e+01 3.415858e-03 -2.443762e-02
2.396684e+01 3.688447e-03 -2.575836e-02
2.396684e+01 3.982789e-03 -2.709736e-02
2.396684e+01 4.300619e-03 -2.844598e-02
2.396684e+01 4.643813e-03 -2.979447e-02
2.396684e+01 5.014394e-03 -3.113133e-02
2.396684e+01 5.414548e-03 -3.244346e-02
2.396684e+01 5.846635e-03 -3.371652e-02
2.396684e+01 6.313202e-03 -3.493391e-02
2.396684e+01 6.817002e-03 -3.607698e-02
2.396684e+01 7.361006e-03 -3.712610e-02
2.396684e+01 7.948422e-03 -3.805931e-02
2.396684e+01 8.582714e-03 -3.885283e-02
2.396684e+01 9.267624e-03 -3.948298e-02
2.396684e+01 1.000719e-02 -3.992465e-02
2.396684e+01 1.080577e-02 -4.015234e-02
2.396684e+01 1.166809e-02 -4.014327e-02
2.396684e+01 1.259921e-02 -3.987720e-02
2.396684e+01 1.360464e-02 -3.933793e-02
2.396684e+01 1.469030e-02 -3.851595e-02
2.396684e+01 1.586261e-02 -3.741323e-02
2.396684e+01 1.712846e-02 -3.604268e-02
2.396684e+01 1.849533e-02 -3.442576e-02
2.396684e+01 1.997127e-02 -3.260912e-02
2.396684e+01 2.156500e-02 -3.065527e-02
2.396684e+01 2.328591e-02 -2.862454e-02
2.396684e+01 2.514415e-02 -2.659977e-02
2.396684e+01 2.715068e-02 -2.466936e-02
2.396684e+01 2.931733e-02 -2.289966e-02
2.396684e+01 3.165689e-02 -2.133933e-02
2.396684e+01 3.418314e-02 -2.001766e-02
2.396684e+01 3.691099e-02 -1.891422e-02
2.396684e+01 3.985652e-02 -1.796221e-02
2.396684e+01 4.303711e-02 -1.704952e-02
2.396684e+01 4.647152e-02 -1.604005e-02
2.396684e+01 5.017999e-02 -1.481810e-02
2.396684e+01 5.418441e-02 -1.376240e-02
2.396684e+01 5.850838e-02 -1.329089e-02
2.396684e+01 6.317741e-02 -1.278176e-02
2.396684e+01 6.821903e-02 -1.223200e-02
2.396684e+01 7.366298e-02 -1.159504e-02
2.396684e+01 7.954136e-02 -1.046490e-02
2.396684e+01 8.588885e-02 -9.244564e-03
2.396684e+01 9.274286e-02 -7.926849e-03
2.396684e+01 1.001438e-01 -6.503978e-03
2.396684e+01 1.081354e-01 -5.763844e-03
2.396684e+01 1.167647e-01 -5.344553e-03
2.396684e+01 1.260827e-01 -4.891803e-03
2.396684e+01 1.361442e-01 -4.402922e-03
2.396684e+01 1.470087e-01 -3.914645e-03
2.396684e+01 1.587401e-01 -3.556161e-03
2.396684e+01 1.714077e-01 -3.169070e-03
2.396684e+01 1.850862e-01 -2.751088e-03
2.396684e+01 1.998563e-01 -2.299751e-03
2.396684e+01 2.158051e-01 -2.057956e-03
2.396684e+01 2.330265e-01 -1.845915e-03
2.396684e+01 2.516223e-01 -1.616953e-03
2.396684e+01 2.717020e-01 -1.369719e-03
2.396684e+01 2.933841e-01 -1.181036e-03
2.396684e+01 3.167964e-01 -1.076787e-03
2.396684e+01 3.420771e-01 -9.642175e-04
2.396684e+01 3.693752e-01 -8.426654e-04
2.396684e+01 3.988518e-01 -7.167827e-04
2.396684e+01 4.306805e-01 -6.561695e-04
2.396684e+01 4.650493e-01 -5.907194e-04
2.396684e+01 5.021607e-01 -5.200462e-04
2.396684e+01 5.422336e-01 -4.437333e-04
2.396684e+01 5.855044e-01 -3.940330e-04
2.396684e+01 6.322283e-01 -3.556061e-04
2.396684e+01 6.826808e-01 -3.141127e-04
2.396684e+01 7.371594e-01 -2.693082e-04
2.396684e+01 7.959855e-01 -2.294658e-04
2.396684e+01 8.595059e-01 -2.065339e-04
2.396684e+01 9.280954e-01 -1.817721e-04
2.396684e+01 1.002158e+00 -1.550342e-04
2.396684e+01 1.082132e+00 -1.261625e-04
2.396684e+01 1.168487e+00 -1.136466e-04
2.396684e+01 1.261733e+00 -1.017212e-04
2.396684e+01 1.362421e+00 -8.884411e-05
2.396684e+01 1.471144e+00 -7.493941e-05
2.396684e+01 1.588542e+00 -6.440546e-05
2.396684e+01 1.715310e+00 -5.695362e-05
2.396684e+01 1.852193e+00 -4.890711e-05
2.396684e+01 2.000000e+00 -4.021848e-05
2.446618e+01 1.000000e-03 2.843777e-04
2.446618e+01 1.079801e-03 3.052520e-04
2.446618e+01 1.165970e-03 3.274927e-04
2.446618e+01 1.259016e-03 3.511527e-04
2.446618e+01 1.359487e-03 3.762780e-04
2.446618e+01 1.467975e-03 4.029086e-04
2.446618e+01 1.585121e-03 4.310752e-04
2.446618e+01 1.711615e-03 4.607967e-04
2.446618e+01 1.848204e-03 4.920807e-04
2.446618e+01 1.995693e-03 5.249215e-04
2.446618e+01 2.154951e-03 5.592977e-04
2.446618e+01 2.326918e-03 5.951714e-04
2.446618e+01 2.512609e-03 6.324881e-04
2.446618e+01 2.713117e-03 6.711754e-04
2.446618e+01 2.929627e-03 7.111395e-04
2.446618e+01 3.163414e-03 7.522587e-04
2.446618e+01 3.415858e-03 7.943807e-04
2.446618e+01 3.688447e-03 8.373250e-04
2.446618e+01 3.982789e-03 8.808626e-04
2.446618e+01 4.300619e-03 9.247132e-04
2.446618e+01 4.643813e-03 9.685590e-04
2.446618e+01 5.014394e-03 1.012027e-03
2.446618e+01 5.414548e-03 1.054691e-03
2.446618e+01 5.846635e-03 1.096084e-03
2.446618e+01 6.313202e-03 1.135666e-03
2.446618e+01 6.817002e-03 1.172832e-03
2.446618e+01 7.361006e-03 1.206943e-03
2.446618e+01 7.948422e-03 1.237286e-03
2.446618e+01 8.582714e-03 1.263087e-03
2.446618e+01 9.267624e-03 1.283577e-03
2.446618e+01 1.000719e-02 1.297938e-03
2.446618e+01 1.080577e-02 1.305343e-03
2.446618e+01 1.166809e-02 1.305051e-03
2.446618e+01 1.259921e-02 1.296404e-03
2.446618e+01 1.360464e-02 1.278874e-03
2.446618e+01 1.469030e-02 1.252153e-03
2.446618e+01 1.586261e-02 1.216305e-03
2.446618e+01 1.712846e-02 1.171749e-03
2.446618e+01 1.849533e-02 1.119184e-03
2.446618e+01 1.997127e-02 1.060126e-03
2.446618e+01 2.156500e-02 9.966073e-04
2.446618e+01 2.328591e-02 9.305888e-04
2.446618e+01 2.514415e-02 8.647638e-04
2.446618e+01 2.715068e-02 8.020060e-04
2.446618e+01 2.931733e-02 7.444729e-04
2.446618e+01 3.165689e-02 6.937466e-04
2.446618e+01 3.418314e-02 6.507787e-04
2.446618e+01 3.691099e-02 6.149057e-04
2.446618e+01 3.985652e-02 5.839556e-04
2.446618e+01 4.303711e-02 5.542837e-04
2.446618e+01 4.647152e-02 5.214658e-04
2.446618e+01 5.017999e-02 4.817399e-04
2.446618e+01 5.418441e-02 4.455190e-04
2.446618e+01 5.850838e-02 4.249006e-04
2.446618e+01 6.317741e-02 4.026367e-04
2.446618e+01 6.821903e-02 3.785962e-04
2.446618e+01 7.366298e-02 3.522269e-04
2.446618e+01 7.954136e-02 3.195633e-04
2.446618e+01 8.588885e-02 2.842930e-04
2.446618e+01 9.274286e-02 2.462081e-04
2.446618e+01 1.001438e-01 2.050841e-04
2.446618e+01 1.081354e-01 1.816300e-04
2.446618e+01 1.167647e-01 1.663005e-04
2.446618e+01 1.260827e-01 1.497476e-04
2.446618e+01 1.361442e-01 1.318738e-04
2.446618e+01 1.470087e-01 1.144610e-04
2.446618e+01 1.587401e-01 1.036987e-04
2.446618e+01 1.714077e-01 9.207756e-05
2.446618e+01 1.850862e-01 7.952904e-05
2.446618e+01 1.998563e-01 6.597914e-05
2.446618e+01 2.158051e-01 5.891092e-05
2.446618e+01 2.330265e-01 5.278931e-05
2.446618e+01 2.516223e-01 4.617919e-05
2.446618e+01 2.717020e-01 3.904158e-05
2.446618e+01 2.933841e-01 3.344068e-05
2.446618e+01 3.167964e-01 3.006980e-05
2.446618e+01 3.420771e-01 2.642992e-05
2.446618e+01 3.693752e-01 2.249957e-05
2.446618e+01 3.988518e-01 1.844042e-05
2.446618e+01 4.306805e-01 1.665019e-05
2.446618e+01 4.650493e-01 1.471708e-05
2.446618e+01 5.021607e-01 1.262972e-05
2.446618e+01 5.422336e-01 1.037578e-05
2.446618e+01 5.855044e-01 8.955373e-06
2.446618e+01 6.322283e-01 7.893867e-06
2.446618e+01 6.826808e-01 6.747653e-06
2.446618e+01 7.371594e-01 5.509968e-06
2.446618e+01 7.959855e-01 4.431953e-06
2.446618e+01 8.595059e-01 3.876033e-06
2.446618e+01 9.280954e-01 3.275749e-06
2.446618e+01 1.002158e+00 2.627563e-06
2.446618e+01 1.082132e+00 1.927650e-06
2.446618e+01 1.168487e+00 1.639502e-06
2.446618e+01 1.261733e+00 1.368188e-06
2.446618e+01 1.362421e+00 1.075222e-06
2.446618e+01 1.471144e+00 7.588770e-07
2.446618e+01 1.588542e+00 5.547201e-07
2.446618e+01 1.715310e+00 4.545990e-07
2.446618e+01 1.852193e+00 3.464881e-07
2.446618e+01 2.000000e+00 2.297499e-07
2.497550e+01 1.000000e-03 2.642970e-04
2.497550e+01 1.079801e-03 2.837040e-04
2.497550e+01 1.165970e-03 3.043827e-04
2.497550e+01 1.259016e-03 3.263826e-04
2.497550e+01 1.359487e-03 3.497465e-04
2.497550e+01 1.467975e-03 3.745121e-04
2.497550e+01 1.585121e-03 4.007079e-04
2.497550e+01 1.711615e-03 4.283516e-04
2.497550e+01 1.848204e-03 4.574505e-04
2.497550e+01 1.995693e-03 4.879989e-04
2.497550e+01 2.154951e-03 5.199766e-04
2.497550e+01 2.326918e-03 5.533479e-04
2.497550e+01 2.512609e-03 5.880615e-04
2.497550e+01 2.713117e-03 6.240494e-04
2.497550e+01 2.929627e-03 6.612238e-04
2.497550e+01 3.163414e-03 6.994709e-04
2.497550e+01 3.415858e-03 7.386497e-04
2.497550e+01 3.688447e-03 7.785925e-04
2.497550e+01 3.982789e-03 8.190867e-04
2.497550e+01 4.300619e-03 8.598718e-04
2.497550e+01 4.643813e-03 9.006526e-04
2.497550e+01 5.014394e-03 9.410823e-04
2.497550e+01 5.414548e-03 9.807634e-04
2.497550e+01 5.846635e-03 1.019262e-03
2.497550e+01 6.313202e-03 1.056077e-03
2.497550e+01 6.817002e-03 1.090643e-03
2.497550e+01 7.361006e-03 1.122369e-03
2.497550e+01 7.948422e-03 1.150590e-03
2.497550e+01 8.582714e-03 1.174588e-03
2.497550e+01 9.267624e-03 1.193645e-03
2.497550e+01 1.000719e-02 1.207004e-03
2.497550e+01 1.080577e-02 1.213893e-03
2.497550e+01 1.166809e-02 1.213623e-03
2.497550e+01 1.259921e-02 1.205584e-03
2.497550e+01 1.360464e-02 1.189285e-03
2.497550e+01 1.469030e-02 1.164437e-03
2.497550e+01 1.586261e-02 1.131101e-03
2.497550e+01 1.712846e-02 1.089668e-03
2.497550e+01 1.849533e-02 1.040786e-03
2.497550e+01 1.997127e-02 9.858662e-04
2.497550e+01 2.156500e-02 9.267976e-04
2.497550e+01 2.328591e-02 8.654043e-04
2.497550e+01 2.514415e-02 8.041906e-04
2.497550e+01 2.715068e-02 7.458291e-04
2.497550e+01 2.931733e-02 6.923262e-04
2.497550e+01 3.165689e-02 6.451531e-04
2.497550e+01 3.418314e-02 6.051951e-04
2.497550e+01 3.691099e-02 5.718348e-04
2.497550e+01 3.985652e-02 5.430525e-04
2.497550e+01 4.303711e-02 5.154590e-04
2.497550e+01 4.647152e-02 4.849398e-04
2.497550e+01 5.017999e-02 4.479965e-04
2.497550e+01 5.418441e-02 4.143374e-04
2.497550e+01 5.850838e-02 3.952314e-04
2.497550e+01 6.317741e-02 3.746008e-04
2.497550e+01 6.821903e-02 3.523238e-04
2.497550e+01 7.366298e-02 3.278763e-04
2.497550e+01 7.954136e-02 2.974660e-04
2.497550e+01 8.588885e-02 2.646290e-04
2.497550e+01 9.274286e-02 2.291716e-04
2.497550e+01 1.001438e-01 1.908847e-04
2.497550e+01 1.081354e-01 1.690764e-04
2.497550e+01 1.167647e-01 1.548475e-04
2.497550e+01 1.260827e-01 1.394831e-04
2.497550e+01 1.361442e-01 1.228926e-04
2.497550e+01 1.470087e-01 1.067325e-04
2.497550e+01 1.587401e-01 9.675617e-05
2.497550e+01 1.714077e-01 8.598367e-05
2.497550e+01 1.850862e-01 7.435151e-05
2.497550e+01 1.998563e-01 6.179109e-05
2.497550e+01 2.158051e-01 5.522223e-05
2.497550e+01 2.330265e-01 4.952614e-05
2.497550e+01 2.516223e-01 4.337550e-05
2.497550e+01 2.717020e-01 3.673403e-05
2.497550e+01 2.933841e-01 3.151446e-05
2.497550e+01 3.167964e-01 2.835908e-05
2.497550e+01 3.420771e-01 2.495190e-05
2.497550e+01 3.693752e-01 2.127282e-05
2.497550e+01 3.988518e-01 1.747244e-05
2.497550e+01 4.306805e-01 1.578543e-05
2.497550e+01 4.650493e-01 1.396379e-05
2.497550e+01 5.021607e-01 1.199679e-05
2.497550e+01 5.422336e-01 9.872816e-06
2.497550e+01 5.855044e-01 8.530574e-06
2.497550e+01 6.322283e-01 7.524500e-06
2.497550e+01 6.826808e-01 6.438141e-06
2.497550e+01 7.371594e-01 5.265088e-06
2.497550e+01 7.959855e-01 4.242788e-06
2.497550e+01 8.595059e-01 3.713912e-06
2.497550e+01 9.280954e-01 3.142831e-06
2.497550e+01 1.002158e+00 2.526178e-06
2.497550e+01 1.082132e+00 1.860314e-06
2.497550e+01 1.168487e+00 1.584753e-06
2.497550e+01 1.261733e+00 1.324969e-06
2.497550e+01 1.362421e+00 1.044455e-06
2.497550e+01 1.471144e+00 7.415549e-07
2.497550e+01 1.588542e+00 5.451580e-07
2.497550e+01 1.715310e+00 4.474996e-07
2.497550e+01 1.852193e+00 3.420480e-07
2.497550e+01 2.000000e+00 2.281812e-07
2.549501e+01 1.000000e-03 2.447233e-04
2.549501e+01 1.079801e-03 2.626992e-04
2.549501e+01 1.165970e-03 2.818544e-04
2.549501e+01 1.259016e-03 3.022347e-04
2.549501e+01 1.359487e-03 3.238803e-04
2.549501e+01 1.467975e-03 3.468261e-04
2.549501e+01 1.585121e-03 3.710989e-04
2.549501e+01 1.711615e-03 3.967151e-04
2.549501e+01 1.848204e-03 4.236813e-04
2.549501e+01 1.995693e-03 4.519924e-04
2.549501e+01 2.154951e-03 4.816292e-04
2.549501e+01 2.326918e-03 5.125582e-04
2.549501e+01 2.512609e-03 5.447313e-04
2.549501e+01 2.713117e-03 5.780849e-04
2.549501e+01 2.929627e-03 6.125369e-04
2.549501e+01 3.163414e-03 6.479816e-04
2.549501e+01 3.415858e-03 6.842885e-04
2.549501e+01 3.688447e-03 7.213027e-04
2.549501e+01 3.982789e-03 7.588273e-04
2.549501e+01 4.300619e-03 7.966212e-04
2.549501e+01 4.643813e-03 8.344113e-04
2.549501e+01 5.014394e-03 8.718762e-04
2.549501e+01 5.414548e-03 9.086473e-04
2.549501e+01 5.846635e-03 9.443223e-04
2.549501e+01 6.313202e-03 9.784361e-04
2.549501e+01 6.817002e-03 1.010467e-03
2.549501e+01 7.361006e-03 1.039865e-03
2.549501e+01 7.948422e-03 1.066016e-03
2.549501e+01 8.582714e-03 1.088254e-03
2.549501e+01 9.267624e-03 1.105914e-03
2.549501e+01 1.000719e-02 1.118294e-03
2.549501e+01 1.080577e-02 1.124679e-03
2.549501e+01 1.166809e-02 1.124432e-03
2.549501e+01 1.259921e-02 1.116985e-03
2.549501e+01 1.360464e-02 1.101885e-03
2.549501e+01 1.469030e-02 1.078865e-03
2.549501e+01 1.586261e-02 1.047981e-03
2.549501e+01 1.712846e-02 1.009593e-03
2.549501e+01 1.849533e-02 9.643044e-04
2.549501e+01 1.997127e-02 9.134214e-04
2.549501e+01 2.156500e-02 8.586944e-04
2.549501e+01 2.328591e-02 8.018131e-04
2.549501e+01 2.514415e-02 7.450980e-04
2.549501e+01 2.715068e-02 6.910252e-04
2.549501e+01 2.931733e-02 6.414540e-04
2.549501e+01 3.165689e-02 5.977474e-04
2.549501e+01 3.418314e-02 5.607255e-04
2.549501e+01 3.691099e-02 5.298165e-04
2.549501e+01 3.985652e-02 5.031492e-04
2.549501e+01 4.303711e-02 4.775832e-04
2.549501e+01 4.647152e-02 4.493065e-04
2.549501e+01 5.017999e-02 4.150779e-04
2.549501e+01 5.418441e-02 3.839075e-04
2.549501e+01 5.850838e-02 3.662483e-04
2.549501e+01 6.317741e-02 3.471799e-04
2.549501e+01 6.821903e-02 3.265898e-04
2.549501e+01 7.366298e-02 3.039879e-04
2.549501e+01 7.954136e-02 2.758180e-04
2.549501e+01 8.588885e-02 2.454000e-04
2.549501e+01 9.274286e-02 2.125547e-04
2.549501e+01 1.001438e-01 1.770883e-04
2.549501e+01 1.081354e-01 1.568899e-04
2.549501e+01 1.167647e-01 1.437144e-04
2.549501e+01 1.260827e-01 1.294875e-04
2.549501e+01 1.361442e-01 1.141252e-04
2.549501e+01 1.470087e-01 9.916642e-05
2.549501e+01 1.587401e-01 8.995459e-05
2.549501e+01 1.714077e-01 8.000764e-05
2.549501e+01 1.850862e-01 6.926692e-05
2.549501e+01 1.998563e-01 5.766908e-05
2.549501e+01 2.158051e-01 5.158644e-05
2.549501e+01 2.330265e-01 4.630489e-05
2.549501e+01 2.516223e-01 4.060186e-05
2.549501e+01 2.717020e-01 3.444373e-05
2.549501e+01 2.933841e-01 2.959613e-05
2.549501e+01 3.167964e-01 2.665184e-05
2.549501e+01 3.420771e-01 2.347258e-05
2.549501e+01 3.693752e-01 2.003963e-05
2.549501e+01 3.988518e-01 1.649284e-05
2.549501e+01 4.306805e-01 1.490908e-05
2.549501e+01 4.650493e-01 1.319893e-05
2.549501e+01 5.021607e-01 1.135230e-05
2.549501e+01 5.422336e-01 9.358315e-06
2.549501e+01 5.855044e-01 8.095002e-06
2.549501e+01 6.322283e-01 7.145526e-06
2.549501e+01 6.826808e-01 6.120281e-06
2.549501e+01 7.371594e-01 5.013221e-06
2.549501e+01 7.959855e-01 4.047857e-06
2.549501e+01 8.595059e-01 3.546759e-06
2.549501e+01 9.280954e-01 3.005673e-06
2.549501e+01 1.002158e+00 2.421407e-06
2.549501e+01 1.082132e+00 1.790516e-06
2.549501e+01 1.168487e+00 1.527885e-06
2.549501e+01 1.261733e+00 1.279948e-06
2.549501e+01 1.362421e+00 1.012226e-06
2.549501e+01 1.471144e+00 7.231391e-07
2.549501e+01 1.588542e+00 5.347950e-07
2.549501e+01 1.715310e+00 4.398236e-07
2.549501e+01 1.852193e+00 3.372733e-07
2.549501e+01 2.000000e+00 2.265394e-07
2.602491e+01 1.000000e-03 2.256332e-04
2.602491e+01 1.079801e-03 2.422127e-04
2.602491e+01 1.165970e-03 2.598809e-04
2.602491e+01 1.259016e-03 2.786805e-04
2.602491e+01 1.359487e-03 2.986487e-04
2.602491e+01 1.467975e-03 3.198180e-04
2.602491e+01 1.585121e-03 3.422132e-04
2.602491e+01 1.711615e-03 3.658495e-04
2.602491e+01 1.848204e-03 3.907333e-04
2.602491e+01 1.995693e-03 4.168594e-04
2.602491e+01 2.154951e-03 4.442101e-04
2.602491e+01 2.326918e-03 4.727539e-04
2.602491e+01 2.512609e-03 5.024460e-04
2.602491e+01 2.713117e-03 5.332272e-04
2.602491e+01 2.929627e-03 5.650209e-04
2.602491e+01 3.163414e-03 5.977295e-04
2.602491e+01 3.415858e-03 6.312325e-04
2.602491e+01 3.688447e-03 6.653873e-04
2.602491e+01 3.982789e-03 7.000125e-04
2.602491e+01 4.300619e-03 7.348861e-04
2.602491e+01 4.643813e-03 7.697562e-04
2.602491e+01 5.014394e-03 8.043264e-04
2.602491e+01 5.414548e-03 8.382565e-04
2.602491e+01 5.846635e-03 8.711746e-04
2.602491e+01 6.313202e-03 9.026517e-04
2.602491e+01 6.817002e-03 9.322064e-04
2.602491e+01 7.361006e-03 9.593325e-04
2.602491e+01 7.948422e-03 9.834627e-04
2.602491e+01 8.582714e-03 1.003982e-03
2.602491e+01 9.267624e-03 1.020278e-03
2.602491e+01 1.000719e-02 1.031702e-03
2.602491e+01 1.080577e-02 1.037595e-03
2.602491e+01 1.166809e-02 1.037370e-03
2.602491e+01 1.259921e-02 1.030502e-03
2.602491e+01 1.360464e-02 1.016573e-03
2.602491e+01 1.469030e-02 9.953363e-04
2.602491e+01 1.586261e-02 9.668439e-04
2.602491e+01 1.712846e-02 9.314294e-04
2.602491e+01 1.849533e-02 8.896482e-04
2.602491e+01 1.997127e-02 8.427055e-04
2.602491e+01 2.156500e-02 7.922162e-04
2.602491e+01 2.328591e-02 7.397392e-04
2.602491e+01 2.514415e-02 6.874153e-04
2.602491e+01 2.715068e-02 6.375290e-04
2.602491e+01 2.931733e-02 5.917956e-04
2.602491e+01 3.165689e-02 5.514727e-04
2.602491e+01 3.418314e-02 5.173169e-04
2.602491e+01 3.691099e-02 4.888008e-04
2.602491e+01 3.985652e-02 4.641979e-04
2.602491e+01 4.303711e-02 4.406111e-04
2.602491e+01 4.647152e-02 4.145235e-04
2.602491e+01 5.017999e-02 3.829448e-04
2.602491e+01 5.418441e-02 3.542050e-04
2.602491e+01 5.850838e-02 3.379617e-04
2.602491e+01 6.317741e-02 3.204222e-04
2.602491e+01 6.821903e-02 3.014830e-04
2.602491e+01 7.366298e-02 2.806861e-04
2.602491e+01 7.954136e-02 2.546930e-04
2.602491e+01 8.588885e-02 2.266256e-04
2.602491e+01 9.274286e-02 1.963183e-04
2.602491e+01 1.001438e-01 1.635926e-04
2.602491e+01 1.081354e-01 1.449640e-04
2.602491e+01 1.167647e-01 1.328206e-04
2.602491e+01 1.260827e-01 1.197082e-04
2.602491e+01 1.361442e-01 1.055494e-04
2.602491e+01 1.470087e-01 9.176621e-05
2.602491e+01 1.587401e-01 8.329617e-05
2.602491e+01 1.714077e-01 7.415022e-05
2.602491e+01 1.850862e-01 6.427441e-05
2.602491e+01 1.998563e-01 5.361050e-05
2.602491e+01 2.158051e-01 4.800049e-05
2.602491e+01 2.330265e-01 4.312226e-05
2.602491e+01 2.516223e-01 3.785474e-05
2.602491e+01 2.717020e-01 3.216686e-05
2.602491e+01 2.933841e-01 2.768212e-05
2.602491e+01 3.167964e-01 2.494547e-05
2.602491e+01 3.420771e-01 2.199044e-05
2.602491e+01 3.693752e-01 1.879959e-05
2.602491e+01 3.988518e-01 1.550239e-05
2.602491e+01 4.306805e-01 1.402212e-05
2.602491e+01 4.650493e-01 1.242372e-05
2.602491e+01 5.021607e-01 1.069777e-05
2.602491e+01 5.422336e-01 8.834085e-06
2.602491e+01 5.855044e-01 7.650256e-06
2.602491e+01 6.322283e-01 6.758082e-06
2.602491e+01 6.826808e-01 5.794711e-06
2.602491e+01 7.371594e-01 4.754462e-06
2.602491e+01 7.959855e-01 3.846812e-06
2.602491e+01 8.595059e-01 3.374080e-06
2.602491e+01 9.280954e-01 2.863624e-06
2.602491e+01 1.002158e+00 2.312434e-06
2.602491e+01 1.082132e+00 1.717257e-06
2.602491e+01 1.168487e+00 1.468102e-06
2.602491e+01 1.261733e+00 1.232579e-06
2.602491e+01 1.362421e+00 9.782621e-07
2.602491e+01 1.471144e+00 7.036500e-07
2.602491e+01 1.588542e+00 5.237861e-07
2.602491e+01 1.715310e+00 4.317117e-07
2.602491e+01 1.852193e+00 3.322897e-07
2.602491e+01 2.000000e+00 2.249336e-07
2.656541e+01 1.000000e-03 2.070449e-04
2.656541e+01 1.079801e-03 2.222639e-04
2.656541e+01 1.165970e-03 2.384833e-04
2.656541e+01 1.259016e-03 2.557426e-04
2.656541e+01 1.359487e-03 2.740759e-04
2.656541e+01 1.467975e-03 2.935136e-04
2.656541e+01 1.585121e-03 3.140785e-04
2.656541e+01 1.711615e-03 3.357848e-04
2.656541e+01 1.848204e-03 3.586381e-04
2.656541e+01 1.995693e-03 3.826338e-04
2.656541e+01 2.154951e-03 4.077554e-04
2.656541e+01 2.326918e-03 4.339735e-04
2.656541e+01 2.512609e-03 4.612466e-04
2.656541e+01 2.713117e-03 4.895197e-04
2.656541e+01 2.929627e-03 5.187218e-04
2.656541e+01 3.163414e-03 5.487631e-04
2.656541e+01 3.415858e-03 5.795328e-04
2.656541e+01 3.688447e-03 6.109003e-04
2.656541e+01 3.982789e-03 6.426992e-04
2.656541e+01 4.300619e-03 6.747259e-04
2.656541e+01 4.643813e-03 7.067496e-04
2.656541e+01 5.014394e-03 7.384983e-04
2.656541e+01 5.414548e-03 7.696588e-04
2.656541e+01 5.846635e-03 7.998896e-04
2.656541e+01 6.313202e-03 8.287966e-04
2.656541e+01 6.817002e-03 8.559378e-04
2.656541e+01 7.361006e-03 8.808491e-04
2.656541e+01 7.948422e-03 9.030093e-04
2.656541e+01 8.582714e-03 9.218536e-04
2.656541e+01 9.267624e-03 9.368201e-04
2.656541e+01 1.000719e-02 9.473122e-04
2.656541e+01 1.080577e-02 9.527260e-04
2.656541e+01 1.166809e-02 9.525207e-04
2.656541e+01 1.259921e-02 9.462162e-04
2.656541e+01 1.360464e-02 9.334281e-04
2.656541e+01 1.469030e-02 9.139302e-04
2.656541e+01 1.586261e-02 8.877693e-04
2.656541e+01 1.712846e-02 8.552524e-04
2.656541e+01 1.849533e-02 8.168893e-04
2.656541e+01 1.997127e-02 7.737867e-04
2.656541e+01 2.156500e-02 7.274273e-04
2.656541e+01 2.328591e-02 6.792426e-04
2.656541e+01 2.514415e-02 6.311982e-04
2.656541e+01 2.715068e-02 5.853920e-04
2.656541e+01 2.931733e-02 5.433989e-04
2.656541e+01 3.165689e-02 5.063737e-04
2.656541e+01 3.418314e-02 4.750112e-04
2.656541e+01 3.691099e-02 4.488271e-04
2.656541e+01 3.985652e-02 4.262362e-04
2.656541e+01 4.303711e-02 4.045783e-04
2.656541e+01 4.647152e-02 3.806241e-04
2.656541e+01 5.017999e-02 3.516279e-04
2.656541e+01 5.418441e-02 3.252560e-04
2.656541e+01 5.850838e-02 3.103897e-04
2.656541e+01 6.317741e-02 2.943370e-04
2.656541e+01 6.821903e-02 2.770033e-04
2.656541e+01 7.366298e-02 2.579621e-04
2.656541e+01 7.954136e-02 2.340891e-04
2.656541e+01 8.588885e-02 2.083110e-04
2.656541e+01 9.274286e-02 1.804758e-04
2.656541e+01 1.001438e-01 1.504193e-04
2.656541e+01 1.081354e-01 1.333188e-04
2.656541e+01 1.167647e-01 1.221792e-04
2.656541e+01 1.260827e-01 1.101506e-04
2.656541e+01 1.361442e-01 9.716223e-05
2.656541e+01 1.470087e-01 8.452247e-05
2.656541e+01 1.587401e-01 7.677455e-05
2.656541e+01 1.714077e-01 6.840833e-05
2.656541e+01 1.850862e-01 5.937448e-05
2.656541e+01 1.998563e-01 4.961972e-05
2.656541e+01 2.158051e-01 4.446845e-05
2.656541e+01 2.330265e-01 3.998112e-05
2.656541e+01 2.516223e-01 3.513569e-05
2.656541e+01 2.717020e-01 2.990359e-05
2.656541e+01 2.933841e-01 2.577191e-05
2.656541e+01 3.167964e-01 2.323971e-05
2.656541e+01 3.420771e-01 2.050543e-05
2.656541e+01 3.693752e-01 1.755296e-05
2.656541e+01 3.988518e-01 1.450159e-05
2.656541e+01 4.306805e-01 1.312427e-05
2.656541e+01 4.650493e-01 1.163703e-05
2.656541e+01 5.021607e-01 1.003112e-05
2.656541e+01 5.422336e-01 8.297044e-06
2.656541e+01 5.855044e-01 7.193041e-06
2.656541e+01 6.322283e-01 6.359040e-06
2.656541e+01 6.826808e-01 5.458485e-06
2.656541e+01 7.371594e-01 4.486066e-06
2.656541e+01 7.959855e-01 3.637230e-06
2.656541e+01 8.595059e-01 3.194059e-06
2.656541e+01 9.280954e-01 2.715523e-06
2.656541e+01 1.002158e+00 2.198798e-06
2.656541e+01 1.082132e+00 1.640839e-06
2.656541e+01 1.168487e+00 1.405572e-06
2.656541e+01 1.261733e+00 1.182806e-06
2.656541e+01 1.362421e+00 9.422627e-07
2.656541e+01 1.471144e+00 6.825242e-07
2.656541e+01 1.588542e+00 5.115062e-07
2.656541e+01 1.715310e+00 4.226668e-07
2.656541e+01 1.852193e+00 3.267380e-07
2.656541e+01 2.000000e+00 2.231539e-07
2.711672e+01 1.000000e-03 1.889326e-04
2.711672e+01 1.079801e-03 2.028250e-04
2.711672e+01 1.165970e-03 2.176318e-04
2.711672e+01 1.259016e-03 2.333889e-04
2.711672e+01 1.359487e-03 2.501279e-04
2.711672e+01 1.467975e-03 2.678766e-04
2.711672e+01 1.585121e-03 2.866560e-04
2.711672e+01 1.711615e-03 3.064791e-04
2.711672e+01 1.848204e-03 3.273513e-04
2.711672e+01 1.995693e-03 3.492683e-04
2.711672e+01 2.154951e-03 3.722146e-04
2.711672e+01 2.326918e-03 3.961633e-04
2.711672e+01 2.512609e-03 4.210759e-04
2.711672e+01 2.713117e-03 4.469017e-04
2.711672e+01 2.929627e-03 4.735753e-04
2.711672e+01 3.163414e-03 5.010142e-04
2.711672e+01 3.415858e-03 5.291175e-04
2.711672e+01 3.688447e-03 5.577658e-04
2.711672e+01 3.982789e-03 5.868074e-04
2.711672e+01 4.300619e-03 6.160569e-04
2.711672e+01 4.643813e-03 6.453038e-04
2.711672e+01 5.014394e-03 6.742998e-04
2.711672e+01 5.414548e-03 7.027586e-04
2.711672e+01 5.846635e-03 7.303679e-04
2.711672e+01 6.313202e-03 7.567676e-04
2.711672e+01 6.817002e-03 7.815546e-04
2.711672e+01 7.361006e-03 8.043052e-04
2.711672e+01 7.948422e-03 8.245437e-04
2.711672e+01 8.582714e-03 8.417541e-04
2.711672e+01 9.267624e-03 8.554233e-04
2.711672e+01 1.000719e-02 8.650064e-04
2.711672e+01 1.080577e-02 8.699521e-04
2.711672e+01 1.166809e-02 8.697666e-04
2.711672e+01 1.259921e-02 8.640117e-04
2.711672e+01 1.360464e-02 8.523361e-04
2.711672e+01 1.469030e-02 8.345334e-04
2.711672e+01 1.586261e-02 8.106465e-04
2.711672e+01 1.712846e-02 7.809555e-04
2.711672e+01 1.849533e-02 7.459261e-04
2.711672e+01 1.997127e-02 7.065685e-04
2.711672e+01 2.156500e-02 6.642370e-04
2.711672e+01 2.328591e-02 6.202385e-04
2.711672e+01 2.514415e-02 5.763681e-04
2.711672e+01 2.715068e-02 5.345413e-04
2.711672e+01 2.931733e-02 4.961962e-04
2.711672e+01 3.165689e-02 4.623874e-04
2.711672e+01 3.418314e-02 4.337492e-04
2.711672e+01 3.691099e-02 4.098396e-04
2.711672e+01 3.985652e-02 3.892111e-04
2.711672e+01 4.303711e-02 3.694345e-04
2.711672e+01 4.647152e-02 3.475611e-04
2.711672e+01 5.017999e-02 3.210837e-04
2.711672e+01 5.418441e-02 2.970207e-04
2.711672e+01 5.850838e-02 2.834963e-04
2.711672e+01 6.317741e-02 2.688925e-04
2.711672e+01 6.821903e-02 2.531234e-04
2.711672e+01 7.366298e-02 2.357932e-04
2.711672e+01 7.954136e-02 2.139898e-04
2.711672e+01 8.588885e-02 1.904464e-04
2.711672e+01 9.274286e-02 1.650242e-04
2.711672e+01 1.001438e-01 1.375733e-04
2.711672e+01 1.081354e-01 1.219631e-04
2.711672e+01 1.167647e-01 1.118017e-04
2.711672e+01 1.260827e-01 1.008293e-04
2.711672e+01 1.361442e-01 8.898133e-05
2.711672e+01 1.470087e-01 7.745456e-05
2.711672e+01 1.587401e-01 7.040373e-05
2.711672e+01 1.714077e-01 6.279023e-05
2.711672e+01 1.850862e-01 5.456918e-05
2.711672e+01 1.998563e-01 4.569207e-05
2.711672e+01 2.158051e-01 4.098713e-05
2.711672e+01 2.330265e-01 3.688161e-05
2.711672e+01 2.516223e-01 3.244846e-05
2.711672e+01 2.717020e-01 2.766154e-05
2.711672e+01 2.933841e-01 2.387439e-05
2.711672e+01 3.167964e-01 2.154118e-05
2.711672e+01 3.420771e-01 1.902177e-05
2.711672e+01 3.693752e-01 1.630131e-05
2.711672e+01 3.988518e-01 1.348938e-05
2.711672e+01 4.306805e-01 1.221516e-05
2.711672e+01 4.650493e-01 1.083925e-05
2.711672e+01 5.021607e-01 9.353547e-06
2.711672e+01 5.422336e-01 7.749281e-06
2.711672e+01 5.855044e-01 6.725641e-06
2.711672e+01 6.322283e-01 5.950550e-06
2.711672e+01 6.826808e-01 5.113606e-06
2.711672e+01 7.371594e-01 4.209873e-06
2.711672e+01 7.959855e-01 3.420631e-06
2.711672e+01 8.595059e-01 3.007511e-06
2.711672e+01 9.280954e-01 2.561424e-06
2.711672e+01 1.002158e+00 2.079739e-06
2.711672e+01 1.082132e+00 1.559614e-06
2.711672e+01 1.168487e+00 1.338862e-06
2.711672e+01 1.261733e+00 1.129525e-06
2.711672e+01 1.362421e+00 9.034839e-07
2.711672e+01 1.471144e+00 6.594040e-07
2.711672e+01 1.588542e+00 4.977540e-07
2.711672e+01 1.715310e+00 4.124283e-07
2.711672e+01 1.852193e+00 3.202936e-07
2.711672e+01 2.000000e+00 2.208064e-07
2.767905e+01 1.000000e-03 1.713357e-04
2.767905e+01 1.079801e-03 1.839386e-04
2.767905e+01 1.165970e-03 1.973719e-04
2.767905e+01 1.259016e-03 2.116684e-04
2.767905e+01 1.359487e-03 2.268570e-04
2.767905e+01 1.467975e-03 2.429630e-04
2.767905e+01 1.585121e-03 2.600057e-04
2.767905e+01 1.711615e-03 2.779970e-04
2.767905e+01 1.848204e-03 2.969419e-04
2.767905e+01 1.995693e-03 3.168363e-04
2.767905e+01 2.154951e-03 3.376662e-04
2.767905e+01 2.326918e-03 3.594066e-04
2.767905e+01 2.512609e-03 3.820225e-04
2.767905e+01 2.713117e-03 4.054672e-04
2.767905e+01 2.929627e-03 4.296808e-04
2.767905e+01 3.163414e-03 4.545881e-04
2.767905e+01 3.415858e-03 4.800976e-04
2.767905e+01 3.688447e-03 5.061009e-04
2.767905e+01 3.982789e-03 5.324605e-04
2.767905e+01 4.300619e-03 5.590085e-04
2.767905e+01 4.643813e-03 5.855544e-04
2.767905e+01 5.014394e-03 6.118727e-04
2.767905e+01 5.414548e-03 6.377035e-04
2.767905e+01 5.846635e-03 6.627628e-04
2.767905e+01 6.313202e-03 6.867238e-04
2.767905e+01 6.817002e-03 7.092208e-04
2.767905e+01 7.361006e-03 7.298698e-04
2.767905e+01 7.948422e-03 7.482390e-04
2.767905e+01 8.582714e-03 7.638602e-04
2.767905e+01 9.267624e-03 7.762674e-04
2.767905e+01 1.000719e-02 7.849663e-04
2.767905e+01 1.080577e-02 7.894565e-04
2.767905e+01 1.166809e-02 7.892900e-04
2.767905e+01 1.259921e-02 7.840692e-04
2.767905e+01 1.360464e-02 7.734753e-04
2.767905e+01 1.469030e-02 7.573212e-04
2.767905e+01 1.586261e-02 7.356455e-04
2.767905e+01 1.712846e-02 7.087025e-04
2.767905e+01 1.849533e-02 6.769148e-04
2.767905e+01 1.997127e-02 6.411993e-04
2.767905e+01 2.156500e-02 6.027847e-04
2.767905e+01 2.328591e-02 5.628573e-04
2.767905e+01 2.514415e-02 5.230460e-04
2.767905e+01 2.715068e-02 4.850890e-04
2.767905e+01 2.931733e-02 4.502916e-04
2.767905e+01 3.165689e-02 4.196107e-04
2.767905e+01 3.418314e-02 3.936220e-04
2.767905e+01 3.691099e-02 3.719243e-04
2.767905e+01 3.985652e-02 3.532041e-04
2.767905e+01 4.303711e-02 3.352571e-04
2.767905e+01 4.647152e-02 3.154074e-04
2.767905e+01 5.017999e-02 2.913795e-04
2.767905e+01 5.418441e-02 2.695598e-04
2.767905e+01 5.850838e-02 2.573340e-04
2.767905e+01 6.317741e-02 2.441326e-04
2.767905e+01 6.821903e-02 2.298778e-04
2.767905e+01 7.366298e-02 2.142054e-04
2.767905e+01 7.954136e-02 1.944231e-04
2.767905e+01 8.588885e-02 1.730623e-04
2.767905e+01 9.274286e-02 1.499968e-04
2.767905e+01 1.001438e-01 1.250907e-04
2.767905e+01 1.081354e-01 1.109238e-04
2.767905e+01 1.167647e-01 1.016985e-04
2.767905e+01 1.260827e-01 9.173689e-05
2.767905e+01 1.361442e-01 8.098038e-05
2.767905e+01 1.470087e-01 7.052074e-05
2.767905e+01 1.587401e-01 6.414757e-05
2.767905e+01 1.714077e-01 5.726581e-05
2.767905e+01 1.850862e-01 4.983488e-05
2.767905e+01 1.998563e-01 4.181095e-05
2.767905e+01 2.158051e-01 3.753985e-05
2.767905e+01 2.330265e-01 3.380540e-05
2.767905e+01 2.516223e-01 2.977295e-05
2.767905e+01 2.717020e-01 2.541870e-05
2.767905e+01 2.933841e-01 2.196824e-05
2.767905e+01 3.167964e-01 1.983269e-05
2.767905e+01 3.420771e-01 1.752672e-05
2.767905e+01 3.693752e-01 1.503674e-05
2.767905e+01 3.988518e-01 1.246274e-05
2.767905e+01 4.306805e-01 1.129200e-05
2.767905e+01 4.650493e-01 1.002782e-05
2.767905e+01 5.021607e-01 8.662771e-06
2.767905e+01 5.422336e-01 7.188785e-06
2.767905e+01 5.855044e-01 6.246070e-06
2.767905e+01 6.322283e-01 5.530517e-06
2.767905e+01 6.826808e-01 4.757862e-06
2.767905e+01 7.371594e-01 3.923548e-06
2.767905e+01 7.959855e-01 3.194748e-06
2.767905e+01 8.595059e-01 2.812733e-06
2.767905e+01 9.280954e-01 2.400233e-06
2.767905e+01 1.002158e+00 1.954815e-06
2.767905e+01 1.082132e+00 1.473853e-06
2.767905e+01 1.168487e+00 1.268081e-06
2.767905e+01 1.261733e+00 1.072596e-06
2.767905e+01 1.362421e+00 8.615106e-07
2.767905e+01 1.471144e+00 6.335805e-07
2.767905e+01 1.588542e+00 4.817958e-07
2.767905e+01 1.715310e+00 4.004921e-07
2.767905e+01 1.852193e+00 3.127002e-07
2.767905e+01 2.000000e+00 2.179025e-07
2.825263e+01 1.000000e-03 1.541804e-04
2.825263e+01 1.079801e-03 1.655255e-04
2.825263e+01 1.165970e-03 1.776188e-04
2.825263e+01 1.259016e-03 1.904902e-04
2.825263e+01 1.359487e-03 2.041658e-04
2.825263e+01 1.467975e-03 2.186686e-04
2.825263e+01 1.585121e-03 2.340162e-04
2.825263e+01 1.711615e-03 2.502192e-04
2.825263e+01 1.848204e-03 2.672824e-04
2.825263e+01 1.995693e-03 2.852021e-04
2.825263e+01 2.154951e-03 3.039653e-04
2.825263e+01 2.326918e-03 3.235495e-04
2.825263e+01 2.512609e-03 3.439226e-04
2.825263e+01 2.713117e-03 3.650423e-04
2.825263e+01 2.929627e-03 3.868541e-04
2.825263e+01 3.163414e-03 4.092899e-04
2.825263e+01 3.415858e-03 4.322672e-04
2.825263e+01 3.688447e-03 4.556884e-04
2.825263e+01 3.982789e-03 4.794299e-04
2.825263e+01 4.300619e-03 5.033407e-04
2.825263e+01 4.643813e-03 5.272499e-04
2.825263e+01 5.014394e-03 5.509543e-04
2.825263e+01 5.414548e-03 5.742196e-04
2.825263e+01 5.846635e-03 5.967897e-04
2.825263e+01 6.313202e-03 6.183702e-04
2.825263e+01 6.817002e-03 6.386320e-04
2.825263e+01 7.361006e-03 6.572295e-04
2.825263e+01 7.948422e-03 6.737740e-04
2.825263e+01 8.582714e-03 6.878437e-04
2.825263e+01 9.267624e-03 6.990190e-04
2.825263e+01 1.000719e-02 7.068546e-04
2.825263e+01 1.080577e-02 7.109000e-04
2.825263e+01 1.166809e-02 7.107519e-04
2.825263e+01 1.259921e-02 7.060521e-04
2.825263e+01 1.360464e-02 6.965137e-04
2.825263e+01 1.469030e-02 6.819681e-04
2.825263e+01 1.586261e-02 6.624501e-04
2.825263e+01 1.712846e-02 6.381888e-04
2.825263e+01 1.849533e-02 6.095646e-04
2.825263e+01 1.997127e-02 5.774034e-04
2.825263e+01 2.156500e-02 5.428116e-04
2.825263e+01 2.328591e-02 5.068572e-04
2.825263e+01 2.514415e-02 4.710072e-04
2.825263e+01 2.715068e-02 4.368270e-04
2.825263e+01 2.931733e-02 4.054918e-04
2.825263e+01 3.165689e-02 3.778634e-04
2.825263e+01 3.418314e-02 3.544604e-04
2.825263e+01 3.691099e-02 3.349215e-04
2.825263e+01 3.985652e-02 3.180638e-04
2.825263e+01 4.303711e-02 3.019023e-04
2.825263e+01 4.647152e-02 2.840274e-04
2.825263e+01 5.017999e-02 2.623901e-04
2.825263e+01 5.418441e-02 2.427584e-04
2.825263e+01 5.850838e-02 2.317968e-04
2.825263e+01 6.317741e-02 2.199605e-04
2.825263e+01 6.821903e-02 2.071796e-04
2.825263e+01 7.366298e-02 1.931208e-04
2.825263e+01 7.954136e-02 1.753071e-04
2.825263e+01 8.588885e-02 1.560717e-04
2.825263e+01 9.274286e-02 1.353014e-04
2.825263e+01 1.001438e-01 1.128736e-04
2.825263e+01 1.081354e-01 1.001205e-04
2.825263e+01 1.167647e-01 9.181947e-05
2.825263e+01 1.260827e-01 8.285601e-05
2.825263e+01 1.361442e-01 7.317725e-05
2.825263e+01 1.470087e-01 6.376733e-05
2.825263e+01 1.587401e-01 5.804183e-05
2.825263e+01 1.714077e-01 5.185943e-05
2.825263e+01 1.850862e-01 4.518367e-05
2.825263e+01 1.998563e-01 3.797518e-05
2.825263e+01 2.158051e-01 3.412544e-05
2.825263e+01 2.330265e-01 3.075428e-05
2.825263e+01 2.516223e-01 2.711409e-05
2.825263e+01 2.717020e-01 2.318342e-05
2.825263e+01 2.933841e-01 2.006330e-05
2.825263e+01 3.167964e-01 1.812300e-05
2.825263e+01 3.420771e-01 1.602786e-05
2.825263e+01 3.693752e-01 1.376554e-05
2.825263e+01 3.988518e-01 1.142658e-05
2.825263e+01 4.306805e-01 1.035847e-05
2.825263e+01 4.650493e-01 9.205115e-06
2.825263e+01 5.021607e-01 7.959726e-06
2.825263e+01 5.422336e-01 6.614953e-06
2.825263e+01 5.855044e-01 5.753804e-06
2.825263e+01 6.322283e-01 5.099316e-06
2.825263e+01 6.826808e-01 4.392599e-06
2.825263e+01 7.371594e-01 3.629485e-06
2.825263e+01 7.959855e-01 2.962477e-06
2.825263e+01 8.595059e-01 2.611678e-06
2.825263e+01 9.280954e-01 2.232886e-06
2.825263e+01 1.002158e+00 1.823865e-06
2.825263e+01 1.082132e+00 1.382204e-06
2.825263e+01 1.168487e+00 1.192115e-06
2.825263e+01 1.261733e+00 1.011286e-06
2.825263e+01 1.362421e+00 8.160261e-07
2.825263e+01 1.471144e+00 6.051843e-07
2.825263e+01 1.588542e+00 4.639088e-07
2.825263e+01 1.715310e+00 3.869988e-07
2.825263e+01 1.852193e+00 3.039513e-07
2.825263e+01 2.000000e+00 2.142764e-07
2.883769e+01 1.000000e-03 1.375238e-04
2.883769e+01 1.079801e-03 1.476468e-04
2.883769e+01 1.165970e-03 1.584382e-04
2.883769e+01 1.259016e-03 1.699247e-04
2.883769e+01 1.359487e-03 1.821299e-04
2.883769e+01 1.467975e-03 1.950744e-04
2.883769e+01 1.585121e-03 2.087741e-04
2.883769e+01 1.711615e-03 2.232386e-04
2.883769e+01 1.848204e-03 2.384721e-04
2.883769e+01 1.995693e-03 2.544714e-04
2.883769e+01 2.154951e-03 2.712247e-04
2.883769e+01 2.326918e-03 2.887119e-04
2.883769e+01 2.512609e-03 3.069040e-04
2.883769e+01 2.713117e-03 3.257626e-04
2.883769e+01 2.929627e-03 3.452388e-04
2.883769e+01 3.163414e-03 3.652714e-04
2.883769e+01 3.415858e-03 3.857866e-04
2.883769e+01 3.688447e-03 4.066973e-04
2.883769e+01 3.982789e-03 4.278933e-04
2.883769e+01 4.300619e-03 4.492403e-04
2.883769e+01 4.643813e-03 4.705858e-04
2.883769e+01 5.014394e-03 4.917489e-04
2.883769e+01 5.414548e-03 5.125199e-04
2.883769e+01 5.846635e-03 5.326699e-04
2.883769e+01 6.313202e-03 5.519360e-04
2.883769e+01 6.817002e-03 5.700248e-04
2.883769e+01 7.361006e-03 5.866278e-04
2.883769e+01 7.948422e-03 6.013983e-04
2.883769e+01 8.582714e-03 6.139597e-04
2.883769e+01 9.267624e-03 6.239371e-04
2.883769e+01 1.000719e-02 6.309333e-04
2.883769e+01 1.080577e-02 6.345461e-04
2.883769e+01 1.166809e-02 6.344155e-04
2.883769e+01 1.259921e-02 6.302220e-04
2.883769e+01 1.360464e-02 6.217093e-04
2.883769e+01 1.469030e-02 6.087268e-04
2.883769e+01 1.586261e-02 5.913057e-04
2.883769e+01 1.712846e-02 5.696506e-04
2.883769e+01 1.849533e-02 5.441014e-04
2.883769e+01 1.997127e-02 5.153949e-04
2.883769e+01 2.156500e-02 4.845186e-04
2.883769e+01 2.328591e-02 4.524260e-04
2.883769e+01 2.514415e-02 4.204264e-04
2.883769e+01 2.715068e-02 3.899169e-04
2.883769e+01 2.931733e-02 3.619470e-04
2.883769e+01 3.165689e-02 3.372857e-04
2.883769e+01 3.418314e-02 3.163959e-04
2.883769e+01 3.691099e-02 2.989552e-04
2.883769e+01 3.985652e-02 2.839078e-04
2.883769e+01 4.303711e-02 2.694818e-04
2.883769e+01 4.647152e-02 2.535265e-04
2.883769e+01 5.017999e-02 2.342128e-04
2.883769e+01 5.418441e-02 2.167019e-04
2.883769e+01 5.850838e-02 2.069524e-04
2.883769e+01 6.317741e-02 1.964248e-04
2.883769e+01 6.821903e-02 1.850572e-04
2.883769e+01 7.366298e-02 1.725491e-04
2.883769e+01 7.954136e-02 1.566609e-04
2.883769e+01 8.588885e-02 1.395048e-04
2.883769e+01 9.274286e-02 1.209797e-04
2.883769e+01 1.001438e-01 1.009762e-04
2.883769e+01 1.081354e-01 8.959638e-05
2.883769e+01 1.167647e-01 8.218430e-05
2.883769e+01 1.260827e-01 7.418072e-05
2.883769e+01 1.361442e-01 6.553846e-05
2.883769e+01 1.470087e-01 5.713937e-05
2.883769e+01 1.587401e-01 5.204372e-05
2.883769e+01 1.714077e-01 4.654144e-05
2.883769e+01 1.850862e-01 4.060007e-05
2.883769e+01 1.998563e-01 3.418457e-05
2.883769e+01 2.158051e-01 3.074476e-05
2.883769e+01 2.330265e-01 2.772708e-05
2.883769e+01 2.516223e-01 2.446858e-05
2.883769e+01 2.717020e-01 2.095006e-05
2.883769e+01 2.933841e-01 1.815235e-05
2.883769e+01 3.167964e-01 1.640435e-05
2.883769e+01 3.420771e-01 1.451686e-05
2.883769e+01 3.693752e-01 1.247875e-05
2.883769e+01 3.988518e-01 1.037148e-05
2.883769e+01 4.306805e-01 9.407413e-06
2.883769e+01 4.650493e-01 8.366413e-06
2.883769e+01 5.021607e-01 7.242341e-06
2.883769e+01 5.422336e-01 6.028566e-06
2.883769e+01 5.855044e-01 5.249743e-06
2.883769e+01 6.322283e-01 4.656597e-06
2.883769e+01 6.826808e-01 4.016118e-06
2.883769e+01 7.371594e-01 3.324528e-06
2.883769e+01 7.959855e-01 2.719862e-06
2.883769e+01 8.595059e-01 2.401346e-06
2.883769e+01 9.280954e-01 2.057413e-06
2.883769e+01 1.002158e+00 1.686033e-06
2.883769e+01 1.082132e+00 1.285017e-06
2.883769e+01 1.168487e+00 1.111058e-06
2.883769e+01 1.261733e+00 9.452803e-07
2.883769e+01 1.362421e+00 7.662738e-07
2.883769e+01 1.471144e+00 5.729825e-07
2.883769e+01 1.588542e+00 4.427455e-07
2.883769e+01 1.715310e+00 3.708273e-07
2.883769e+01 1.852193e+00 2.931699e-07
2.883769e+01 2.000000e+00 2.093153e-07
2.943444e+01 1.000000e-03 1.212405e-04
2.943444e+01 1.079801e-03 1.301680e-04
2.943444e+01 1.165970e-03 1.396857e-04
2.943444e+01 1.259016e-03 1.498172e-04
2.943444e+01 1.359487e-03 1.605834e-04
2.943444e+01 1.467975e-03 1.720028e-04
2.943444e+01 1.585121e-03 1.840894e-04
2.943444e+01 1.711615e-03 1.968518e-04
2.943444e+01 1.848204e-03 2.102939e-04
2.943444e+01 1.995693e-03 2.244127e-04
2.943444e+01 2.154951e-03 2.391979e-04
2.943444e+01 2.326918e-03 2.546314e-04
2.943444e+01 2.512609e-03 2.706874e-04
2.943444e+01 2.713117e-03 2.873317e-04
2.943444e+01 2.929627e-03 3.045207e-04
2.943444e+01 3.163414e-03 3.222000e-04
2.943444e+01 3.415858e-03 3.403046e-04
2.943444e+01 3.688447e-03 3.587574e-04
2.943444e+01 3.982789e-03 3.774613e-04
2.943444e+01 4.300619e-03 3.962981e-04
2.943444e+01 4.643813e-03 4.151338e-04
2.943444e+01 5.014394e-03 4.338088e-04
2.943444e+01 5.414548e-03 4.521377e-04
2.943444e+01 5.846635e-03 4.699184e-04
2.943444e+01 6.313202e-03 4.869188e-04
2.943444e+01 6.817002e-03 5.028802e-04
2.943444e+01 7.361006e-03 5.175307e-04
2.943444e+01 7.948422e-03 5.305644e-04
2.943444e+01 8.582714e-03 5.416490e-04
2.943444e+01 9.267624e-03 5.504537e-04
2.943444e+01 1.000719e-02 5.566279e-04
2.943444e+01 1.080577e-02 5.598169e-04
2.943444e+01 1.166809e-02 5.597034e-04
2.943444e+01 1.259921e-02 5.560051e-04
2.943444e+01 1.360464e-02 5.484960e-04
2.943444e+01 1.469030e-02 5.370430e-04
2.943444e+01 1.586261e-02 5.216739e-04
2.943444e+01 1.712846e-02 5.025694e-04
2.943444e+01 1.849533e-02 4.800295e-04
2.943444e+01 1.997127e-02 4.547043e-04
2.943444e+01 2.156500e-02 4.274648e-04
2.943444e+01 2.328591e-02 3.991518e-04
2.943444e+01 2.514415e-02 3.709205e-04
2.943444e+01 2.715068e-02 3.440038e-04
2.943444e+01 2.931733e-02 3.193275e-04
2.943444e+01 3.165689e-02 2.975702e-04
2.943444e+01 3.418314e-02 2.791403e-04
2.943444e+01 3.691099e-02 2.637532e-04
2.943444e+01 3.985652e-02 2.504776e-04
2.943444e+01 4.303711e-02 2.377503e-04
2.943444e+01 4.647152e-02 2.236737e-04
2.943444e+01 5.017999e-02 2.066343e-04
2.943444e+01 5.418441e-02 1.912047e-04
2.943444e+01 5.850838e-02 1.826570e-04
2.943444e+01 6.317741e-02 1.734272e-04
2.943444e+01 6.821903e-02 1.634608e-04
2.943444e+01 7.366298e-02 1.524870e-04
2.943444e+01 7.954136e-02 1.384711e-04
2.943444e+01 8.588885e-02 1.233368e-04
2.943444e+01 9.274286e-02 1.069947e-04
2.943444e+01 1.001438e-01 8.934853e-05
2.943444e+01 1.081354e-01 7.930448e-05
2.943444e+01 1.167647e-01 7.275774e-05
2.943444e+01 1.260827e-01 6.568856e-05
2.943444e+01 1.361442e-01 5.805525e-05
2.943444e+01 1.470087e-01 5.063957e-05
2.943444e+01 1.587401e-01 4.615399e-05
2.943444e+01 1.714077e-01 4.131046e-05
2.943444e+01 1.850862e-01 3.608041e-05
2.943444e+01 1.998563e-01 3.043300e-05
2.943444e+01 2.158051e-01 2.739221e-05
2.943444e+01 2.330265e-01 2.471944e-05
2.943444e+01 2.516223e-01 2.183337e-05
2.943444e+01 2.717020e-01 1.871700e-05
2.943444e+01 2.933841e-01 1.623536e-05
2.943444e+01 3.167964e-01 1.467845e-05
2.943444e+01 3.420771e-01 1.299729e-05
2.943444e+01 3.693752e-01 1.118198e-05
2.943444e+01 3.988518e-01 9.304972e-06
2.943444e+01 4.306805e-01 8.444676e-06
2.943444e+01 4.650493e-01 7.515729e-06
2.943444e+01 5.021607e-01 6.512650e-06
2.943444e+01 5.422336e-01 5.429524e-06
2.943444e+01 5.855044e-01 4.733445e-06
2.943444e+01 6.322283e-01 4.202464e-06
2.943444e+01 6.826808e-01 3.629110e-06
2.943444e+01 7.371594e-01 3.010002e-06
2.943444e+01 7.959855e-01 2.468524e-06
2.943444e+01 8.595059e-01 2.182760e-06
2.943444e+01 9.280954e-01 1.874191e-06
2.943444e+01 1.002158e+00 1.540998e-06
2.943444e+01 1.082132e+00 1.181217e-06
2.943444e+01 1.168487e+00 1.024055e-06
2.943444e+01 1.261733e+00 8.740541e-07
2.943444e+01 1.362421e+00 7.120829e-07
2.943444e+01 1.471144e+00 5.371862e-07
2.943444e+01 1.588542e+00 4.186433e-07
2.943444e+01 1.715310e+00 3.522004e-07
2.943444e+01 1.852193e+00 2.804552e-07
2.943444e+01 2.000000e+00 2.029848e-07
3.004313e+01 1.000000e-03 1.054038e-04
3.004313e+01 1.079801e-03 1.131679e-04
3.004313e+01 1.165970e-03 1.214459e-04
3.004313e+01 1.259016e-03 1.302584e-04
3.004313e+01 1.359487e-03 1.396238e-04
3.004313e+01 1.467975e-03 1.495581e-04
3.004313e+01 1.585121e-03 1.600738e-04
3.004313e+01 1.711615e-03 1.711785e-04
3.004313e+01 1.848204e-03 1.828755e-04
3.004313e+01 1.995693e-03 1.951624e-04
3.004313e+01 2.154951e-03 2.080300e-04
3.004313e+01 2.326918e-03 2.214624e-04
3.004313e+01 2.512609e-03 2.354371e-04
3.004313e+01 2.713117e-03 2.499240e-04
3.004313e+01 2.929627e-03 2.648845e-04
3.004313e+01 3.163414e-03 2.802714e-04
3.004313e+01 3.415858e-03 2.960277e-04
3.004313e+01 3.688447e-03 3.120862e-04
3.004313e+01 3.982789e-03 3.283627e-04
3.004313e+01 4.300619e-03 3.447545e-04
3.004313e+01 4.643813e-03 3.611455e-04
3.004313e+01 5.014394e-03 3.773968e-04
3.004313e+01 5.414548e-03 3.933471e-04
3.004313e+01 5.846635e-03 4.088199e-04
3.004313e+01 6.313202e-03 4.236136e-04
3.004313e+01 6.817002e-03 4.375029e-04
3.004313e+01 7.361006e-03 4.502517e-04
3.004313e+01 7.948422e-03 4.615938e-04
3.004313e+01 8.582714e-03 4.712399e-04
3.004313e+01 9.267624e-03 4.789022e-04
3.004313e+01 1.000719e-02 4.842756e-04
3.004313e+01 1.080577e-02 4.870517e-04
3.004313e+01 1.166809e-02 4.869543e-04
3.004313e+01 1.259921e-02 4.837380e-04
3.004313e+01 1.360464e-02 4.772059e-04
3.004313e+01 1.469030e-02 4.672420e-04
3.004313e+01 1.586261e-02 4.538707e-04
3.004313e+01 1.712846e-02 4.372495e-04
3.004313e+01 1.849533e-02 4.176398e-04
3.004313e+01 1.997127e-02 3.956071e-04
3.004313e+01 2.156500e-02 3.719088e-04
3.004313e+01 2.328591e-02 3.472762e-04
3.004313e+01 2.514415e-02 3.227143e-04
3.004313e+01 2.715068e-02 2.992960e-04
3.004313e+01 2.931733e-02 2.778268e-04
3.004313e+01 3.165689e-02 2.588973e-04
3.004313e+01 3.418314e-02 2.428626e-04
3.004313e+01 3.691099e-02 2.294753e-04
3.004313e+01 3.985652e-02 2.179250e-04
3.004313e+01 4.303711e-02 2.068517e-04
3.004313e+01 4.647152e-02 1.946046e-04
3.004313e+01 5.017999e-02 1.797797e-04
3.004313e+01 5.418441e-02 1.663716e-04
3.004313e+01 5.850838e-02 1.589798e-04
3.004313e+01 6.317741e-02 1.509983e-04
3.004313e+01 6.821903e-02 1.423797e-04
3.004313e+01 7.366298e-02 1.328836e-04
3.004313e+01 7.954136e-02 1.206907e-04
3.004313e+01 8.588885e-02 1.075249e-04
3.004313e+01 9.274286e-02 9.330847e-05
3.004313e+01 1.001438e-01 7.795751e-05
3.004313e+01 1.081354e-01 6.921593e-05
3.004313e+01 1.167647e-01 6.351456e-05
3.004313e+01 1.260827e-01 5.735821e-05
3.004313e+01 1.361442e-01 5.071057e-05
3.004313e+01 1.470087e-01 4.425476e-05
3.004313e+01 1.587401e-01 4.036062e-05
3.004313e+01 1.714077e-01 3.615573e-05
3.004313e+01 1.850862e-01 3.161529e-05
3.004313e+01 1.998563e-01 2.671251e-05
3.004313e+01 2.158051e-01 2.406236e-05
3.004313e+01 2.330265e-01 2.172882e-05
3.004313e+01 2.516223e-01 1.920906e-05
3.004313e+01 2.717020e-01 1.648822e-05
3.004313e+01 2.933841e-01 1.431763e-05
3.004313e+01 3.167964e-01 1.294912e-05
3.004313e+01 3.420771e-01 1.147140e-05
3.004313e+01 3.693752e-01 9.875758e-06
3.004313e+01 3.988518e-01 8.225867e-06
3.004313e+01 4.306805e-01 7.469459e-06
3.004313e+01 4.650493e-01 6.652689e-06
3.004313e+01 5.021607e-01 5.770740e-06
3.004313e+01 5.422336e-01 4.818411e-06
3.004313e+01 5.855044e-01 4.205266e-06
3.004313e+01 6.322283e-01 3.736668e-06
3.004313e+01 6.826808e-01 3.230677e-06
3.004313e+01 7.371594e-01 2.684306e-06
3.004313e+01 7.959855e-01 2.206406e-06
3.004313e+01 8.595059e-01 1.954081e-06
3.004313e+01 9.280954e-01 1.681620e-06
3.004313e+01 1.002158e+00 1.387417e-06
3.004313e+01 1.082132e+00 1.069735e-06
3.004313e+01 1.168487e+00 9.299649e-07
3.004313e+01 1.261733e+00 7.963523e-07
3.004313e+01 1.362421e+00 6.520774e-07
3.004313e+01 1.471144e+00 4.962892e-07
3.004313e+01 1.588542e+00 3.901479e-07
3.004313e+01 1.715310e+00 3.298891e-07
3.004313e+01 1.852193e+00 2.648216e-07
3.004313e+01 2.000000e+00 1.945617e-07
3.066399e+01 1.000000e-03 8.997826e-05
3.066399e+01 1.079801e-03 9.660849e-05
3.066399e+01 1.165970e-03 1.036780e-04
3.066399e+01 1.259016e-03 1.112046e-04
3.066399e+01 1.359487e-03 1.192040e-04
3.066399e+01 1.467975e-03 1.276902e-04
3.066399e+01 1.585121e-03 1.366737e-04
3.066399e+01 1.711615e-03 1.461613e-04
3.066399e+01 1.848204e-03 1.561558e-04
3.066399e+01 1.995693e-03 1.666552e-04
3.066399e+01 2.154951e-03 1.776515e-04
3.066399e+01 2.326918e-03 1.891312e-04
3.066399e+01 2.512609e-03 2.010746e-04
3.066399e+01 2.713117e-03 2.134560e-04
3.066399e+01 2.929627e-03 2.262419e-04
3.066399e+01 3.163414e-03 2.393917e-04
3.066399e+01 3.415858e-03 2.528567e-04
3.066399e+01 3.688447e-03 2.665794e-04
3.066399e+01 3.982789e-03 2.804876e-04
3.066399e+01 4.300619e-03 2.944942e-04
3.066399e+01 4.643813e-03 3.085001e-04
3.066399e+01 5.014394e-03 3.223869e-04
3.066399e+01 5.414548e-03 3.360164e-04
3.066399e+01 5.846635e-03 3.492378e-04
3.066399e+01 6.313202e-03 3.618786e-04
3.066399e+01 6.817002e-03 3.737466e-04
3.066399e+01 7.361006e-03 3.846401e-04
3.066399e+01 7.948422e-03 3.943318e-04
3.066399e+01 8.582714e-03 4.025745e-04
3.066399e+01 9.267624e-03 4.091222e-04
3.066399e+01 1.000719e-02 4.137143e-04
3.066399e+01 1.080577e-02 4.160873e-04
3.066399e+01 1.166809e-02 4.160054e-04
3.066399e+01 1.259921e-02 4.132589e-04
3.066399e+01 1.360464e-02 4.076793e-04
3.066399e+01 1.469030e-02 3.991675e-04
3.066399e+01 1.586261e-02 3.877444e-04
3.066399e+01 1.712846e-02 3.735449e-04
3.066399e+01 1.849533e-02 3.567929e-04
3.066399e+01 1.997127e-02 3.379711e-04
3.066399e+01 2.156500e-02 3.177264e-04
3.066399e+01 2.328591e-02 2.966831e-04
3.066399e+01 2.514415e-02 2.756998e-04
3.066399e+01 2.715068e-02 2.556933e-04
3.066399e+01 2.931733e-02 2.373519e-04
3.066399e+01 3.165689e-02 2.211802e-04
3.066399e+01 3.418314e-02 2.074815e-04
3.066399e+01 3.691099e-02 1.960445e-04
3.066399e+01 3.985652e-02 1.861769e-04
3.066399e+01 4.303711e-02 1.767169e-04
3.066399e+01 4.647152e-02 1.662539e-04
3.066399e+01 5.017999e-02 1.535888e-04
3.066399e+01 5.418441e-02 1.421485e-04
3.066399e+01 5.850838e-02 1.358739e-04
3.066399e+01 6.317741e-02 1.290986e-04
3.066399e+01 6.821903e-02 1.217825e-04
3.066399e+01 7.366298e-02 1.137157e-04
3.066399e+01 7.954136e-02 1.032996e-04
3.066399e+01 8.588885e-02 9.205240e-05
3.066399e+01 9.274286e-02 7.990760e-05
3.066399e+01 1.001438e-01 6.679364e-05
3.066399e+01 1.081354e-01 5.932411e-05
3.066399e+01 1.167647e-01 5.445075e-05
3.066399e+01 1.260827e-01 4.918848e-05
3.066399e+01 1.361442e-01 4.350629e-05
3.066399e+01 1.470087e-01 3.798958e-05
3.066399e+01 1.587401e-01 3.466915e-05
3.066399e+01 1.714077e-01 3.108375e-05
3.066399e+01 1.850862e-01 2.721224e-05
3.066399e+01 1.998563e-01 2.303177e-05
3.066399e+01 2.158051e-01 2.076184e-05
3.066399e+01 2.330265e-01 1.875902e-05
3.066399e+01 2.516223e-01 1.659638e-05
3.066399e+01 2.717020e-01 1.426115e-05
3.066399e+01 2.933841e-01 1.239529e-05
3.066399e+01 3.167964e-01 1.121389e-05
3.066399e+01 3.420771e-01 9.938220e-06
3.066399e+01 3.693752e-01 8.560747e-06
3.066399e+01 3.988518e-01 7.136454e-06
3.066399e+01 4.306805e-01 6.483651e-06
3.066399e+01 4.650493e-01 5.778752e-06
3.066399e+01 5.021607e-01 5.017602e-06
3.066399e+01 5.422336e-01 4.195712e-06
3.066399e+01 5.855044e-01 3.665786e-06
3.066399e+01 6.322283e-01 3.260193e-06
3.066399e+01 6.826808e-01 2.822234e-06
3.066399e+01 7.371594e-01 2.349325e-06
3.066399e+01 7.959855e-01 1.935633e-06
3.066399e+01 8.595059e-01 1.717068e-06
3.066399e+01 9.280954e-01 1.481062e-06
3.066399e+01 1.002158e+00 1.226222e-06
3.066399e+01 1.082132e+00 9.510456e-07
3.066399e+01 1.168487e+00 8.292332e-07
3.066399e+01 1.261733e+00 7.126323e-07
3.066399e+01 1.362421e+00 5.867265e-07
3.066399e+01 1.471144e+00 4.507733e-07
3.066399e+01 1.588542e+00 3.576406e-07
3.066399e+01 1.715310e+00 3.040657e-07
3.066399e+01 1.852193e+00 2.462154e-07
3.066399e+01 2.000000e+00 1.837487e-07
3.129727e+01 1.000000e-03 7.498291e-05
3.129727e+01 1.079801e-03 8.051014e-05
3.129727e+01 1.165970e-03 8.640399e-05
3.129727e+01 1.259016e-03 9.267940e-05
3.129727e+01 1.359487e-03 9.934956e-05
3.129727e+01 1.467975e-03 1.064262e-04
3.129727e+01 1.585121e-03 1.139183e-04
3.129727e+01 1.711615e-03 1.218315e-04
3.129727e+01 1.848204e-03 1.301682e-04
3.129727e+01 1.995693e-03 1.389268e-04
3.129727e+01 2.154951e-03 1.481006e-04
3.129727e+01 2.326918e-03 1.576782e-04
3.129727e+01 2.512609e-03 1.676430e-04
3.129727e+01 2.713117e-03 1.779734e-04
3.129727e+01 2.929627e-03 1.886412e-04
3.129727e+01 3.163414e-03 1.996123e-04
3.129727e+01 3.415858e-03 2.108458e-04
3.129727e+01 3.688447e-03 2.222937e-04
3.129727e+01 3.982789e-03 2.338959e-04
3.129727e+01 4.300619e-03 2.455799e-04
3.129727e+01 4.643813e-03 2.572634e-04
3.129727e+01 5.014394e-03 2.688477e-04
3.129727e+01 5.414548e-03 2.802173e-04
3.129727e+01 5.846635e-03 2.912464e-04
3.129727e+01 6.313202e-03 3.017909e-04
3.129727e+01 6.817002e-03 3.116908e-04
3.129727e+01 7.361006e-03 3.207779e-04
3.129727e+01 7.948422e-03 3.288626e-04
3.129727e+01 8.582714e-03 3.357386e-04
3.129727e+01 9.267624e-03 3.412009e-04
3.129727e+01 1.000719e-02 3.450320e-04
3.129727e+01 1.080577e-02 3.470122e-04
3.129727e+01 1.166809e-02 3.469451e-04
3.129727e+01 1.259921e-02 3.446556e-04
3.129727e+01 1.360464e-02 3.400030e-04
3.129727e+01 1.469030e-02 3.329044e-04
3.129727e+01 1.586261e-02 3.233776e-04
3.129727e+01 1.712846e-02 3.115355e-04
3.129727e+01 1.849533e-02 2.975648e-04
3.129727e+01 1.997127e-02 2.818684e-04
3.129727e+01 2.156500e-02 2.649850e-04
3.129727e+01 2.328591e-02 2.474354e-04
3.129727e+01 2.514415e-02 2.299354e-04
3.129727e+01 2.715068e-02 2.132500e-04
3.129727e+01 2.931733e-02 1.979533e-04
3.129727e+01 3.165689e-02 1.844660e-04
3.129727e+01 3.418314e-02 1.730413e-04
3.129727e+01 3.691099e-02 1.635027e-04
3.129727e+01 3.985652e-02 1.552731e-04
3.129727e+01 4.303711e-02 1.473833e-04
3.129727e+01 4.647152e-02 1.386571e-04
3.129727e+01 5.017999e-02 1.280943e-04
3.129727e+01 5.418441e-02 1.185649e-04
3.129727e+01 5.850838e-02 1.133647e-04
3.129727e+01 6.317741e-02 1.077496e-04
3.129727e+01 6.821903e-02 1.016864e-04
3.129727e+01 7.366298e-02 9.499632e-05
3.129727e+01 7.954136e-02 8.631263e-05
3.129727e+01 8.588885e-02 7.693598e-05
3.129727e+01 9.274286e-02 6.681106e-05
3.129727e+01 1.001438e-01 5.587816e-05
3.129727e+01 1.081354e-01 4.964737e-05
3.129727e+01 1.167647e-01 4.557900e-05
3.129727e+01 1.260827e-01 4.118597e-05
3.129727e+01 1.361442e-01 3.644237e-05
3.129727e+01 1.470087e-01 3.183797e-05
3.129727e+01 1.587401e-01 2.907163e-05
3.129727e+01 1.714077e-01 2.608453e-05
3.129727e+01 1.850862e-01 2.285906e-05
3.129727e+01 1.998563e-01 1.937619e-05
3.129727e+01 2.158051e-01 1.747825e-05
3.129727e+01 2.330265e-01 1.580094e-05
3.129727e+01 2.516223e-01 1.398978e-05
3.129727e+01 2.717020e-01 1.203410e-05
3.129727e+01 2.933841e-01 1.046908e-05
3.129727e+01 3.167964e-01 9.474036e-06
3.129727e+01 3.420771e-01 8.399589e-06
3.129727e+01 3.693752e-01 7.239399e-06
3.129727e+01 3.988518e-01 6.039777e-06
3.129727e+01 4.306805e-01 5.489975e-06
3.129727e+01 4.650493e-01 4.896297e-06
3.129727e+01 5.021607e-01 4.255244e-06
3.129727e+01 5.422336e-01 3.563034e-06
3.129727e+01 5.855044e-01 3.116117e-06
3.129727e+01 6.322283e-01 2.773584e-06
3.129727e+01 6.826808e-01 2.403718e-06
3.129727e+01 7.371594e-01 2.004335e-06
3.129727e+01 7.959855e-01 1.655015e-06
3.129727e+01 8.595059e-01 1.470612e-06
3.129727e+01 9.280954e-01 1.271494e-06
3.129727e+01 1.002158e+00 1.056486e-06
3.129727e+01 1.082132e+00 8.243198e-07
3.129727e+01 1.168487e+00 7.209860e-07
3.129727e+01 1.261733e+00 6.219567e-07
3.129727e+01 1.362421e+00 5.150247e-07
3.129727e+01 1.471144e+00 3.995594e-07
3.129727e+01 1.588542e+00 3.200596e-07
3.129727e+01 1.715310e+00 2.737724e-07
3.129727e+01 1.852193e+00 2.237914e-07
3.129727e+01 2.000000e+00 1.698218e-07
3.194322e+01 1.000000e-03 6.035892e-05
3.194322e+01 1.079801e-03 6.480976e-05
3.194322e+01 1.165970e-03 6.955614e-05
3.194322e+01 1.259016e-03 7.461020e-05
3.194322e+01 1.359487e-03 7.998263e-05
3.194322e+01 1.467975e-03 8.568296e-05
3.194322e+01 1.585121e-03 9.171850e-05
3.194322e+01 1.711615e-03 9.809383e-05
3.194322e+01 1.848204e-03 1.048110e-04
3.194322e+01 1.995693e-03 1.118687e-04
3.194322e+01 2.154951e-03 1.192616e-04
3.194322e+01 2.326918e-03 1.269803e-04
3.194322e+01 2.512609e-03 1.350115e-04
3.194322e+01 2.713117e-03 1.433374e-04
3.194322e+01 2.929627e-03 1.519351e-04
3.194322e+01 3.163414e-03 1.607770e-04
3.194322e+01 3.415858e-03 1.698301e-04
3.194322e+01 3.688447e-03 1.790555e-04
3.194322e+01 3.982789e-03 1.884048e-04
3.194322e+01 4.300619e-03 1.978197e-04
3.194322e+01 4.643813e-03 2.072343e-04
3.194322e+01 5.014394e-03 2.165689e-04
3.194322e+01 5.414548e-03 2.257307e-04
3.194322e+01 5.846635e-03 2.346179e-04
3.194322e+01 6.313202e-03 2.431146e-04
3.194322e+01 6.817002e-03 2.510918e-04
3.194322e+01 7.361006e-03 2.584141e-04
3.194322e+01 7.948422e-03 2.649287e-04
3.194322e+01 8.582714e-03 2.704696e-04
3.194322e+01 9.267624e-03 2.748713e-04
3.194322e+01 1.000719e-02 2.779588e-04
3.194322e+01 1.080577e-02 2.795551e-04
3.194322e+01 1.166809e-02 2.795020e-04
3.194322e+01 1.259921e-02 2.776584e-04
3.194322e+01 1.360464e-02 2.739108e-04
3.194322e+01 1.469030e-02 2.681925e-04
3.194322e+01 1.586261e-02 2.605176e-04
3.194322e+01 1.712846e-02 2.509776e-04
3.194322e+01 1.849533e-02 2.397230e-04
3.194322e+01 1.997127e-02 2.270784e-04
3.194322e+01 2.156500e-02 2.134775e-04
3.194322e+01 2.328591e-02 1.993395e-04
3.194322e+01 2.514415e-02 1.852414e-04
3.194322e+01 2.715068e-02 1.717993e-04
3.194322e+01 2.931733e-02 1.594760e-04
3.194322e+01 3.165689e-02 1.486104e-04
3.194322e+01 3.418314e-02 1.394064e-04
3.194322e+01 3.691099e-02 1.317219e-04
3.194322e+01 3.985652e-02 1.250919e-04
3.194322e+01 4.303711e-02 1.187357e-04
3.194322e+01 4.647152e-02 1.117057e-04
3.194322e+01 5.017999e-02 1.031960e-04
3.194322e+01 5.418441e-02 9.553094e-05
3.194322e+01 5.850838e-02 9.137510e-05
3.194322e+01 6.317741e-02 8.688762e-05
3.194322e+01 6.821903e-02 8.204203e-05
3.194322e+01 7.366298e-02 7.669034e-05
3.194322e+01 7.954136e-02 6.969208e-05
3.194322e+01 8.588885e-02 6.213535e-05
3.194322e+01 9.274286e-02 5.397559e-05
3.194322e+01 1.001438e-01 4.516467e-05
3.194322e+01 1.081354e-01 4.014183e-05
3.194322e+01 1.167647e-01 3.686092e-05
3.194322e+01 1.260827e-01 3.331819e-05
3.194322e+01 1.361442e-01 2.949274e-05
3.194322e+01 1.470087e-01 2.578039e-05
3.194322e+01 1.587401e-01 2.355396e-05
3.194322e+01 1.714077e-01 2.114986e-05
3.194322e+01 1.850862e-01 1.855390e-05
3.194322e+01 1.998563e-01 1.575079e-05
3.194322e+01 2.158051e-01 1.421674e-05
3.194322e+01 2.330265e-01 1.285845e-05
3.194322e+01 2.516223e-01 1.139176e-05
3.194322e+01 2.717020e-01 9.808030e-06
3.194322e+01 2.933841e-01 8.539004e-06
3.194322e+01 3.167964e-01 7.729301e-06
3.194322e+01 3.420771e-01 6.854984e-06
3.194322e+01 3.693752e-01 5.910895e-06
3.194322e+01 3.988518e-01 4.934740e-06
3.194322e+01 4.306805e-01 4.487665e-06
3.194322e+01 4.650493e-01 4.004914e-06
3.194322e+01 5.021607e-01 3.483639e-06
3.194322e+01 5.422336e-01 2.920765e-06
3.194322e+01 5.855044e-01 2.557044e-06
3.194322e+01 6.322283e-01 2.278038e-06
3.194322e+01 6.826808e-01 1.976766e-06
3.194322e+01 7.371594e-01 1.651453e-06
3.194322e+01 7.959855e-01 1.366881e-06
3.194322e+01 8.595059e-01 1.216552e-06
3.194322e+01 9.280954e-01 1.054226e-06
3.194322e+01 1.002158e+00 8.789471e-07
3.194322e+01 1.082132e+00 6.896805e-07
3.194322e+01 1.168487e+00 6.051914e-07
3.194322e+01 1.261733e+00 5.241702e-07
3.194322e+01 1.362421e+00 4.366835e-07
3.194322e+01 1.471144e+00 3.422153e-07
3.194322e+01 1.588542e+00 2.768643e-07
3.194322e+01 1.715310e+00 2.383921e-07
3.194322e+01 1.852193e+00 1.968498e-07
3.194322e+01 2.000000e+00 1.519923e-07
3.260208e+01 1.000000e-03 4.615907e-05
3.260208e+01 1.079801e-03 4.956402e-05
3.260208e+01 1.165970e-03 5.319534e-05
3.260208e+01 1.259016e-03 5.706235e-05
3.260208e+01 1.359487e-03 6.117330e-05
3.260208e+01 1.467975e-03 6.553555e-05
3.260208e+01 1.585121e-03 7.015475e-05
3.260208e+01 1.711615e-03 7.503447e-05
3.260208e+01 1.848204e-03 8.017635e-05
3.260208e+01 1.995693e-03 8.557935e-05
3.260208e+01 2.154951e-03 9.123937e-05
3.260208e+01 2.326918e-03 9.714925e-05
3.260208e+01 2.512609e-03 1.032987e-04
3.260208e+01 2.713117e-03 1.096739e-04
3.260208e+01 2.929627e-03 1.162572e-04
3.260208e+01 3.163414e-03 1.230273e-04
3.260208e+01 3.415858e-03 1.299588e-04
3.260208e+01 3.688447e-03 1.370219e-04
3.260208e+01 3.982789e-03 1.441795e-04
3.260208e+01 4.300619e-03 1.513871e-04
3.260208e+01 4.643813e-03 1.585944e-04
3.260208e+01 5.014394e-03 1.657407e-04
3.260208e+01 5.414548e-03 1.727546e-04
3.260208e+01 5.846635e-03 1.795582e-04
3.260208e+01 6.313202e-03 1.860628e-04
3.260208e+01 6.817002e-03 1.921697e-04
3.260208e+01 7.361006e-03 1.977752e-04
3.260208e+01 7.948422e-03 2.027626e-04
3.260208e+01 8.582714e-03 2.070045e-04
3.260208e+01 9.267624e-03 2.103744e-04
3.260208e+01 1.000719e-02 2.127384e-04
3.260208e+01 1.080577e-02 2.139610e-04
3.260208e+01 1.166809e-02 2.139211e-04
3.260208e+01 1.259921e-02 2.125107e-04
3.260208e+01 1.360464e-02 2.096429e-04
3.260208e+01 1.469030e-02 2.052666e-04
3.260208e+01 1.586261e-02 1.993926e-04
3.260208e+01 1.712846e-02 1.920912e-04
3.260208e+01 1.849533e-02 1.834776e-04
3.260208e+01 1.997127e-02 1.738001e-04
3.260208e+01 2.156500e-02 1.633908e-04
3.260208e+01 2.328591e-02 1.525703e-04
3.260208e+01 2.514415e-02 1.417800e-04
3.260208e+01 2.715068e-02 1.314918e-04
3.260208e+01 2.931733e-02 1.220599e-04
3.260208e+01 3.165689e-02 1.137436e-04
3.260208e+01 3.418314e-02 1.066991e-04
3.260208e+01 3.691099e-02 1.008175e-04
3.260208e+01 3.985652e-02 9.574299e-05
3.260208e+01 4.303711e-02 9.087807e-05
3.260208e+01 4.647152e-02 8.549743e-05
3.260208e+01 5.017999e-02 7.898434e-05
3.260208e+01 5.418441e-02 7.312776e-05
3.260208e+01 5.850838e-02 6.997511e-05
3.260208e+01 6.317741e-02 6.657089e-05
3.260208e+01 6.821903e-02 6.289500e-05
3.260208e+01 7.366298e-02 5.883079e-05
3.260208e+01 7.954136e-02 5.347234e-05
3.260208e+01 8.588885e-02 4.768627e-05
3.260208e+01 9.274286e-02 4.143847e-05
3.260208e+01 1.001438e-01 3.469209e-05
3.260208e+01 1.081354e-01 3.084421e-05
3.260208e+01 1.167647e-01 2.832898e-05
3.260208e+01 1.260827e-01 2.561303e-05
3.260208e+01 1.361442e-01 2.268035e-05
3.260208e+01 1.470087e-01 1.983498e-05
3.260208e+01 1.587401e-01 1.813136e-05
3.260208e+01 1.714077e-01 1.629179e-05
3.260208e+01 1.850862e-01 1.430543e-05
3.260208e+01 1.998563e-01 1.216055e-05
3.260208e+01 2.158051e-01 1.098239e-05
3.260208e+01 2.330265e-01 9.937512e-06
3.260208e+01 2.516223e-01 8.809247e-06
3.260208e+01 2.717020e-01 7.590944e-06
3.260208e+01 2.933841e-01 6.613477e-06
3.260208e+01 3.167964e-01 5.987654e-06
3.260208e+01 3.420771e-01 5.311890e-06
3.260208e+01 3.693752e-01 4.582199e-06
3.260208e+01 3.988518e-01 3.827721e-06
3.260208e+01 4.306805e-01 3.482137e-06
3.260208e+01 4.650493e-01 3.108974e-06
3.260208e+01 5.021607e-01 2.706033e-06
3.260208e+01 5.422336e-01 2.270937e-06
3.260208e+01 5.855044e-01 1.989905e-06
3.260208e+01 6.322283e-01 1.774422e-06
3.260208e+01 6.826808e-01 1.541744e-06
3.260208e+01 7.371594e-01 1.290497e-06
3.260208e+01 7.959855e-01 1.070664e-06
3.260208e+01 8.595059e-01 9.543838e-07
3.260208e+01 9.280954e-01 8.288246e-07
3.260208e+01 1.002158e+00 6.932457e-07
3.260208e+01 1.082132e+00 5.468475e-07
3.260208e+01 1.168487e+00 4.814452e-07
3.260208e+01 1.261733e+00 4.187173e-07
3.260208e+01 1.362421e+00 3.509836e-07
3.260208e+01 1.471144e+00 2.778447e-07
3.260208e+01 1.588542e+00 2.270831e-07
3.260208e+01 1.715310e+00 1.969732e-07
3.260208e+01 1.852193e+00 1.644605e-07
3.260208e+01 2.000000e+00 1.293533e-07
3.327412e+01 1.000000e-03 3.231196e-05
3.327412e+01 1.079801e-03 3.469633e-05
3.327412e+01 1.165970e-03 3.723939e-05
3.327412e+01 1.259016e-03 3.994772e-05
3.327412e+01 1.359487e-03 4.282714e-05
3.327412e+01 1.467975e-03 4.588286e-05
3.327412e+01 1.585121e-03 4.911887e-05
3.327412e+01 1.711615e-03 5.253772e-05
3.327412e+01 1.848204e-03 5.614060e-05
3.327412e+01 1.995693e-03 5.992680e-05
3.327412e+01 2.154951e-03 6.389343e-05
3.327412e+01 2.326918e-03 6.803544e-05
3.327412e+01 2.512609e-03 7.234557e-05
3.327412e+01 2.713117e-03 7.681406e-05
3.327412e+01 2.929627e-03 8.142843e-05
3.327412e+01 3.163414e-03 8.617360e-05
3.327412e+01 3.415858e-03 9.103171e-05
3.327412e+01 3.688447e-03 9.598175e-05
3.327412e+01 3.982789e-03 1.009978e-04
3.327412e+01 4.300619e-03 1.060487e-04
3.327412e+01 4.643813e-03 1.110994e-04
3.327412e+01 5.014394e-03 1.161073e-04
3.327412e+01 5.414548e-03 1.210225e-04
3.327412e+01 5.846635e-03 1.257903e-04
3.327412e+01 6.313202e-03 1.303486e-04
3.327412e+01 6.817002e-03 1.346281e-04
3.327412e+01 7.361006e-03 1.385563e-04
3.327412e+01 7.948422e-03 1.420513e-04
3.327412e+01 8.582714e-03 1.450240e-04
3.327412e+01 9.267624e-03 1.473857e-04
3.327412e+01 1.000719e-02 1.490426e-04
3.327412e+01 1.080577e-02 1.498997e-04
3.327412e+01 1.166809e-02 1.498723e-04
3.327412e+01 1.259921e-02 1.488846e-04
3.327412e+01 1.360464e-02 1.468758e-04
3.327412e+01 1.469030e-02 1.438100e-04
3.327412e+01 1.586261e-02 1.396950e-04
3.327412e+01 1.712846e-02 1.345797e-04
3.327412e+01 1.849533e-02 1.285453e-04
3.327412e+01 1.997127e-02 1.217655e-04
3.327412e+01 2.156500e-02 1.144729e-04
3.327412e+01 2.328591e-02 1.068921e-04
3.327412e+01 2.514415e-02 9.933250e-05
3.327412e+01 2.715068e-02 9.212458e-05
3.327412e+01 2.931733e-02 8.551652e-05
3.327412e+01 3.165689e-02 7.969010e-05
3.327412e+01 3.418314e-02 7.475461e-05
3.327412e+01 3.691099e-02 7.063392e-05
3.327412e+01 3.985652e-02 6.707865e-05
3.327412e+01 4.303711e-02 6.367023e-05
3.327412e+01 4.647152e-02 5.990050e-05
3.327412e+01 5.017999e-02 5.533737e-05
3.327412e+01 5.418441e-02 5.124053e-05
3.327412e+01 5.850838e-02 4.904941e-05
3.327412e+01 6.317741e-02 4.668344e-05
3.327412e+01 6.821903e-02 4.412866e-05
3.327412e+01 7.366298e-02 4.130139e-05
3.327412e+01 7.954136e-02 3.754789e-05
3.327412e+01 8.588885e-02 3.349486e-05
3.327412e+01 9.274286e-02 2.911839e-05
3.327412e+01 1.001438e-01 2.439267e-05
3.327412e+01 1.081354e-01 2.169590e-05
3.327412e+01 1.167647e-01 1.993185e-05
3.327412e+01 1.260827e-01 1.802704e-05
3.327412e+01 1.361442e-01 1.597021e-05
3.327412e+01 1.470087e-01 1.397490e-05
3.327412e+01 1.587401e-01 1.278156e-05
3.327412e+01 1.714077e-01 1.149299e-05
3.327412e+01 1.850862e-01 1.010159e-05
3.327412e+01 1.998563e-01 8.599153e-06
3.327412e+01 2.158051e-01 7.770547e-06
3.327412e+01 2.330265e-01 7.034358e-06
3.327412e+01 2.516223e-01 6.239420e-06
3.327412e+01 2.717020e-01 5.381046e-06
3.327412e+01 2.933841e-01 4.691346e-06
3.327412e+01 3.167964e-01 4.248041e-06
3.327412e+01 3.420771e-01 3.769359e-06
3.327412e+01 3.693752e-01 3.252478e-06
3.327412e+01 3.988518e-01 2.718076e-06
3.327412e+01 4.306805e-01 2.473832e-06
3.327412e+01 4.650493e-01 2.210096e-06
3.327412e+01 5.021607e-01 1.925315e-06
3.327412e+01 5.422336e-01 1.617807e-06
3.327412e+01 5.855044e-01 1.418992e-06
3.327412e+01 6.322283e-01 1.266397e-06
3.327412e+01 6.826808e-01 1.101626e-06
3.327412e+01 7.371594e-01 9.237053e-07
3.327412e+01 7.959855e-01 7.680200e-07
3.327412e+01 8.595059e-01 6.856414e-07
3.327412e+01 9.280954e-01 5.966889e-07
3.327412e+01 1.002158e+00 5.006379e-07
3.327412e+01 1.082132e+00 3.969220e-07
3.327412e+01 1.168487e+00 3.506368e-07
3.327412e+01 1.261733e+00 3.062544e-07
3.327412e+01 1.362421e+00 2.583302e-07
3.327412e+01 1.471144e+00 2.065816e-07
3.327412e+01 1.588542e+00 1.706046e-07
3.327412e+01 1.715310e+00 1.491809e-07
3.327412e+01 1.852193e+00 1.260476e-07
3.327412e+01 2.000000e+00 1.010683e-07
3.395961e+01 1.000000e-03 1.970141e-05
3.395961e+01 1.079801e-03 2.115574e-05
3.395961e+01 1.165970e-03 2.270697e-05
3.395961e+01 1.259016e-03 2.435915e-05
3.395961e+01 1.359487e-03 2.611584e-05
3.395961e+01 1.467975e-03 2.798026e-05
3.395961e+01 1.585121e-03 2.995489e-05
3.395961e+01 1.711615e-03 3.204128e-05
3.395961e+01 1.848204e-03 3.424020e-05
3.395961e+01 1.995693e-03 3.655122e-05
3.395961e+01 2.154951e-03 3.897258e-05
3.395961e+01 2.326918e-03 4.150119e-05
3.395961e+01 2.512609e-03 4.413257e-05
3.395961e+01 2.713117e-03 4.686071e-05
3.395961e+01 2.929627e-03 4.967793e-05
3.395961e+01 3.163414e-03 5.257495e-05
3.395961e+01 3.415858e-03 5.554081e-05
3.395961e+01 3.688447e-03 5.856262e-05
3.395961e+01 3.982789e-03 6.162454e-05
3.395961e+01 4.300619e-03 6.470768e-05
3.395961e+01 4.643813e-03 6.779065e-05
3.395961e+01 5.014394e-03 7.084752e-05
3.395961e+01 5.414548e-03 7.384779e-05
3.395961e+01 5.846635e-03 7.675809e-05
3.395961e+01 6.313202e-03 7.954046e-05
3.395961e+01 6.817002e-03 8.215268e-05
3.395961e+01 7.361006e-03 8.455046e-05
3.395961e+01 7.948422e-03 8.668383e-05
3.395961e+01 8.582714e-03 8.849842e-05
3.395961e+01 9.267624e-03 8.994012e-05
3.395961e+01 1.000719e-02 9.095163e-05
3.395961e+01 1.080577e-02 9.147508e-05
3.395961e+01 1.166809e-02 9.145868e-05
3.395961e+01 1.259921e-02 9.085625e-05
3.395961e+01 1.360464e-02 8.963064e-05
3.395961e+01 1.469030e-02 8.775995e-05
3.395961e+01 1.586261e-02 8.524891e-05
3.395961e+01 1.712846e-02 8.212749e-05
3.395961e+01 1.849533e-02 7.844509e-05
3.395961e+01 1.997127e-02 7.430785e-05
3.395961e+01 2.156500e-02 6.985764e-05
3.395961e+01 2.328591e-02 6.523154e-05
3.395961e+01 2.514415e-02 6.061832e-05
3.395961e+01 2.715068e-02 5.621970e-05
3.395961e+01 2.931733e-02 5.218713e-05
3.395961e+01 3.165689e-02 4.863153e-05
3.395961e+01 3.418314e-02 4.561962e-05
3.395961e+01 3.691099e-02 4.310493e-05
3.395961e+01 3.985652e-02 4.093530e-05
3.395961e+01 4.303711e-02 3.885528e-05
3.395961e+01 4.647152e-02 3.655477e-05
3.395961e+01 5.017999e-02 3.377010e-05
3.395961e+01 5.418441e-02 3.127412e-05
3.395961e+01 5.850838e-02 2.994852e-05
3.395961e+01 6.317741e-02 2.851713e-05
3.395961e+01 6.821903e-02 2.697152e-05
3.395961e+01 7.366298e-02 2.525885e-05
3.395961e+01 7.954136e-02 2.296310e-05
3.395961e+01 8.588885e-02 2.048415e-05
3.395961e+01 9.274286e-02 1.780738e-05
3.395961e+01 1.001438e-01 1.491700e-05
3.395961e+01 1.081354e-01 1.326583e-05
3.395961e+01 1.167647e-01 1.218417e-05
3.395961e+01 1.260827e-01 1.101619e-05
3.395961e+01 1.361442e-01 9.755010e-06
3.395961e+01 1.470087e-01 8.531753e-06
3.395961e+01 1.587401e-01 7.801160e-06
3.395961e+01 1.714077e-01 7.012265e-06
3.395961e+01 1.850862e-01 6.160415e-06
3.395961e+01 1.998563e-01 5.240587e-06
3.395961e+01 2.158051e-01 4.733277e-06
3.395961e+01 2.330265e-01 4.282543e-06
3.395961e+01 2.516223e-01 3.795840e-06
3.395961e+01 2.717020e-01 3.270297e-06
3.395961e+01 2.933841e-01 2.848135e-06
3.395961e+01 3.167964e-01 2.576975e-06
3.395961e+01 3.420771e-01 2.284177e-06
3.395961e+01 3.693752e-01 1.968013e-06
3.395961e+01 3.988518e-01 1.641205e-06
3.395961e+01 4.306805e-01 1.492919e-06
3.395961e+01 4.650493e-01 1.332800e-06
3.395961e+01 5.021607e-01 1.159903e-06
3.395961e+01 5.422336e-01 9.732084e-07
3.395961e+01 5.855044e-01 8.531312e-07
3.395961e+01 6.322283e-01 7.614587e-07
3.395961e+01 6.826808e-01 6.624707e-07
3.395961e+01 7.371594e-01 5.555833e-07
3.395961e+01 7.959855e-01 4.621477e-07
3.395961e+01 8.595059e-01 4.129800e-07
3.395961e+01 9.280954e-01 3.598888e-07
3.395961e+01 1.002158e+00 3.025607e-07
3.395961e+01 1.082132e+00 2.406579e-07
3.395961e+01 1.168487e+00 2.132220e-07
3.395961e+01 1.261733e+00 1.869530e-07
3.395961e+01 1.362421e+00 1.585877e-07
3.395961e+01 1.471144e+00 1.279588e-07
3.395961e+01 1.588542e+00 1.066690e-07
3.395961e+01 1.715310e+00 9.399706e-08
3.395961e+01 1.852193e+00 8.031385e-08
3.395961e+01 2.000000e+00 6.553872e-08
3.465880e+01 1.000000e-03 5.970599e-06
3.465880e+01 1.079801e-03 6.411496e-06
3.465880e+01 1.165970e-03 6.881806e-06
3.465880e+01 1.259016e-03 7.382760e-06
3.465880e+01 1.359487e-03 7.915451e-06
3.465880e+01 1.467975e-03 8.480862e-06
3.465880e+01 1.585121e-03 9.079751e-06
3.465880e+01 1.711615e-03 9.712602e-06
3.465880e+01 1.848204e-03 1.037965e-05
3.465880e+01 1.995693e-03 1.108078e-05
3.465880e+01 2.154951e-03 1.181545e-05
3.465880e+01 2.326918e-03 1.258271e-05
3.465880e+01 2.512609e-03 1.338121e-05
3.465880e+01 2.713117e-03 1.420910e-05
3.465880e+01 2.929627e-03 1.506403e-05
3.465880e+01 3.163414e-03 1.594316e-05
3.465880e+01 3.415858e-03 1.684315e-05
3.465880e+01 3.688447e-03 1.776006e-05
3.465880e+01 3.982789e-03 1.868909e-05
3.465880e+01 4.300619e-03 1.962452e-05
3.465880e+01 4.643813e-03 2.055990e-05
3.465880e+01 5.014394e-03 2.148736e-05
3.465880e+01 5.414548e-03 2.239764e-05
3.465880e+01 5.846635e-03 2.328063e-05
3.465880e+01 6.313202e-03 2.412480e-05
3.465880e+01 6.817002e-03 2.491735e-05
3.465880e+01 7.361006e-03 2.564484e-05
3.465880e+01 7.948422e-03 2.629211e-05
3.465880e+01 8.582714e-03 2.684267e-05
3.465880e+01 9.267624e-03 2.728011e-05
3.465880e+01 1.000719e-02 2.758705e-05
3.465880e+01 1.080577e-02 2.774594e-05
3.465880e+01 1.166809e-02 2.774107e-05
3.465880e+01 1.259921e-02 2.755843e-05
3.465880e+01 1.360464e-02 2.718676e-05
3.465880e+01 1.469030e-02 2.661942e-05
3.465880e+01 1.586261e-02 2.585783e-05
3.465880e+01 1.712846e-02 2.491109e-05
3.465880e+01 1.849533e-02 2.379419e-05
3.465880e+01 1.997127e-02 2.253930e-05
3.465880e+01 2.156500e-02 2.118948e-05
3.465880e+01 2.328591e-02 1.978630e-05
3.465880e+01 2.514415e-02 1.838703e-05
3.465880e+01 2.715068e-02 1.705284e-05
3.465880e+01 2.931733e-02 1.582967e-05
3.465880e+01 3.165689e-02 1.475118e-05
3.465880e+01 3.418314e-02 1.383759e-05
3.465880e+01 3.691099e-02 1.307482e-05
3.465880e+01 3.985652e-02 1.241672e-05
3.465880e+01 4.303711e-02 1.178579e-05
3.465880e+01 4.647152e-02 1.108799e-05
3.465880e+01 5.017999e-02 1.024333e-05
3.465880e+01 5.418441e-02 9.499358e-06
3.465880e+01 5.850838e-02 9.133789e-06
3.465880e+01 6.317741e-02 8.739047e-06
3.465880e+01 6.821903e-02 8.312804e-06
3.465880e+01 7.366298e-02 7.833188e-06
3.465880e+01 7.954136e-02 7.117630e-06
3.465880e+01 8.588885e-02 6.344970e-06
3.465880e+01 9.274286e-02 5.510651e-06
3.465880e+01 1.001438e-01 4.609753e-06
3.465880e+01 1.081354e-01 4.098406e-06
3.465880e+01 1.167647e-01 3.766408e-06
3.465880e+01 1.260827e-01 3.407916e-06
3.465880e+01 1.361442e-01 3.020816e-06
3.465880e+01 1.470087e-01 2.645958e-06
3.465880e+01 1.587401e-01 2.424922e-06
3.465880e+01 1.714077e-01 2.186248e-06
3.465880e+01 1.850862e-01 1.928526e-06
3.465880e+01 1.998563e-01 1.650239e-06
3.465880e+01 2.158051e-01 1.494118e-06
3.465880e+01 2.330265e-01 1.354376e-06
3.465880e+01 2.516223e-01 1.203483e-06
3.465880e+01 2.717020e-01 1.040549e-06
3.465880e+01 2.933841e-01 9.091290e-07
3.465880e+01 3.167964e-01 8.237995e-07
3.465880e+01 3.420771e-01 7.316606e-07
3.465880e+01 3.693752e-01 6.321690e-07
3.465880e+01 3.988518e-01 5.292775e-07
3.465880e+01 4.306805e-01 4.818531e-07
3.465880e+01 4.650493e-01 4.306441e-07
3.465880e+01 5.021607e-01 3.753486e-07
3.465880e+01 5.422336e-01 3.156405e-07
3.465880e+01 5.855044e-01 2.771608e-07
3.465880e+01 6.322283e-01 2.477233e-07
3.465880e+01 6.826808e-01 2.159367e-07
3.465880e+01 7.371594e-01 1.816134e-07
3.465880e+01 7.959855e-01 1.515815e-07
3.465880e+01 8.595059e-01 1.356959e-07
3.465880e+01 9.280954e-01 1.185426e-07
3.465880e+01 1.002158e+00 1.000204e-07
3.465880e+01 1.082132e+00 8.002016e-08
3.465880e+01 1.168487e+00 7.112987e-08
3.465880e+01 1.261733e+00 6.261230e-08
3.465880e+01 1.362421e+00 5.341501e-08
3.465880e+01 1.471144e+00 4.348377e-08
3.465880e+01 1.588542e+00 3.659088e-08
3.465880e+01 1.715310e+00 3.250201e-08
3.465880e+01 1.852193e+00 2.808685e-08
3.465880e+01 2.000000e+00 2.331935e-08
3.537197e+01 1.000000e-03 0.000000e+00
3.537197e+01 1.079801e-03 0.000000e+00
3.537197e+01 1.165970e-03 0.000000e+00
3.537197e+01 1.259016e-03 0.000000e+00
3.537197e+01 1.359487e-03 0.000000e+00
3.537197e+01 1.467975e-03 0.000000e+00
3.537197e+01 1.585121e-03 0.000000e+00
3.537197e+01 1.711615e-03 0.000000e+00
3.537197e+01 1.848204e-03 0.000000e+00
3.537197e+01 1.995693e-03 0.000000e+00
3.537197e+01 2.154951e-03 0.000000e+00
3.537197e+01 2.326918e-03 0.000000e+00
3.537197e+01 2.512609e-03 0.000000e+00
3.537197e+01 2.713117e-03 0.000000e+00
3.537197e+01 2.929627e-03 0.000000e+00
3.537197e+01 3.163414e-03 0.000000e+00
3.537197e+01 3.415858e-03 0.000000e+00
3.537197e+01 3.688447e-03 0.000000e+00
3.537197e+01 3.982789e-03 0.000000e+00
3.537197e+01 4.300619e-03 0.000000e+00
3.537197e+01 4.643813e-03 0.000000e+00
3.537197e+01 5.014394e-03 0.000000e+00
3.537197e+01 5.414548e-03 0.000000e+00
3.537197e+01 5.846635e-03 0.000000e+00
3.537197e+01 6.313202e-03 0.000000e+00
3.537197e+01 6.817002e-03 0.000000e+00
3.537197e+01 7.361006e-03 0.000000e+00
3.537197e+01 7.948422e-03 0.000000e+00
3.537197e+01 8.582714e-03 0.000000e+00
3.537197e+01 9.267624e-03 0.000000e+00
3.537197e+01 1.000719e-02 0.000000e+00
3.537197e+01 1.080577e-02 0.000000e+00
3.537197e+01 1.166809e-02 0.000000e+00
3.537197e+01 1.259921e-02 0.000000e+00
3.537197e+01 1.360464e-02 0.000000e+00
3.537197e+01 1.469030e-02 0.000000e+00
3.537197e+01 1.586261e-02 0.000000e+00
3.537197e+01 1.712846e-02 0.000000e+00
3.537197e+01 1.849533e-02 0.000000e+00
3.537197e+01 1.997127e-02 0.000000e+00
3.537197e+01 2.156500e-02 0.000000e+00
3.537197e+01 2.328591e-02 0.000000e+00
3.537197e+01 2.514415e-02 0.000000e+00
3.537197e+01 2.715068e-02 0.000000e+00
3.537197e+01 2.931733e-02 0.000000e+00
3.537197e+01 3.165689e-02 0.000000e+00
3.537197e+01 3.418314e-02 0.000000e+00
3.537197e+01 3.691099e-02 0.000000e+00
3.537197e+01 3.985652e-02 0.000000e+00
3.537197e+01 4.303711e-02 0.000000e+00
3.537197e+01 4.647152e-02 0.000000e+00
3.537197e+01 5.017999e-02 0.000000e+00
3.537197e+01 5.418441e-02 0.000000e+00
3.537197e+01 5.850838e-02 0.000000e+00
3.537197e+01 6.317741e-02 0.000000e+00
3.537197e+01 6.821903e-02 0.000000e+00
3.537197e+01 7.366298e-02 0.000000e+00
3.537197e+01 7.954136e-02 0.000000e+00
3.537197e+01 8.588885e-02 0.000000e+00
3.537197e+01 9.274286e-02 0.000000e+00
3.537197e+01 1.001438e-01 0.000000e+00
3.537197e+01 1.081354e-01 0.000000e+00
3.537197e+01 1.167647e-01 0.000000e+00
3.537197e+01 1.260827e-01 0.000000e+00
3.537197e+01 1.361442e-01 0.000000e+00
3.537197e+01 1.470087e-01 0.000000e+00
3.537197e+01 1.587401e-01 0.000000e+00
3.537197e+01 1.714077e-01 0.000000e+00
3.537197e+01 1.850862e-01 0.000000e+00
3.537197e+01 1.998563e-01 0.000000e+00
3.537197e+01 2.158051e-01 0.000000e+00
3.537197e+01 2.330265e-01 0.000000e+00
3.537197e+01 2.516223e-01 0.000000e+00
3.537197e+01 2.717020e-01 0.000000e+00
3.537197e+01 2.933841e-01 0.000000e+00
3.537197e+01 3.167964e-01 0.000000e+00
3.537197e+01 3.420771e-01 0.000000e+00
3.537197e+01 3.693752e-01 0.000000e+00
3.537197e+01 3.988518e-01 0.000000e+00
3.537197e+01 4.306805e-01 0.000000e+00
3.537197e+01 4.650493e-01 0.000000e+00
3.537197e+01 5.021607e-01 0.000000e+00
3.537197e+01 5.422336e-01 0.000000e+00
3.537197e+01 5.855044e-01 0.000000e+00
3.537197e+01 6.322283e-01 0.000000e+00
3.537197e+01 6.826808e-01 0.000000e+00
3.537197e+01 7.371594e-01 0.000000e+00
3.537197e+01 7.959855e-01 -6.503506e-24
3.537197e+01 8.595059e-01 8.671342e-24
3.537197e+01 9.280954e-01 0.000000e+00
3.537197e+01 1.002158e+00 0.000000e+00
3.537197e+01 1.082132e+00 0.000000e+00
3.537197e+01 1.168487e+00 0.000000e+00
3.537197e+01 1.261733e+00 0.000000e+00
3.537197e+01 1.362421e+00 0.000000e+00
3.537197e+01 1.471144e+00 0.000000e+00
3.537197e+01 1.588542e+00 0.000000e+00
3.537197e+01 1.715310e+00 0.000000e+00
3.537197e+01 1.852193e+00 0.000000e+00
3.537197e+01 2.000000e+00 0.000000e+00
