5.000000e+00 1.000000e-03 0.000000e+00
5.000000e+00 1.079801e-03 0.000000e+00
5.000000e+00 1.165970e-03 0.000000e+00
5.000000e+00 1.259016e-03 0.000000e+00
5.000000e+00 1.359487e-03 0.000000e+00
5.000000e+00 1.467975e-03 0.000000e+00
5.000000e+00 1.585121e-03 0.000000e+00
5.000000e+00 1.711615e-03 0.000000e+00
5.000000e+00 1.848204e-03 0.000000e+00
5.000000e+00 1.995693e-03 0.000000e+00
5.000000e+00 2.154951e-03 0.000000e+00
5.000000e+00 2.326918e-03 0.000000e+00
5.000000e+00 2.512609e-03 0.000000e+00
5.000000e+00 2.713117e-03 0.000000e+00
5.000000e+00 2.929627e-03 0.000000e+00
5.000000e+00 3.163414e-03 0.000000e+00
5.000000e+00 3.415858e-03 0.000000e+00
5.000000e+00 3.688447e-03 0.000000e+00
5.000000e+00 3.982789e-03 0.000000e+00
5.000000e+00 4.300619e-03 0.000000e+00
5.000000e+00 4.643813e-03 0.000000e+00
5.000000e+00 5.014394e-03 0.000000e+00
5.000000e+00 5.414548e-03 0.000000e+00
5.000000e+00 5.846635e-03 0.000000e+00
5.000000e+00 6.313202e-03 0.000000e+00
5.000000e+00 6.817002e-03 0.000000e+00
5.000000e+00 7.361006e-03 0.000000e+00
5.000000e+00 7.948422e-03 0.000000e+00
5.000000e+00 8.582714e-03 0.000000e+00
5.000000e+00 9.267624e-03 0.000000e+00
5.000000e+00 1.000719e-02 0.000000e+00
5.000000e+00 1.080577e-02 0.000000e+00
5.000000e+00 1.166809e-02 0.000000e+00
5.000000e+00 1.259921e-02 0.000000e+00
5.000000e+00 1.360464e-02 0.000000e+00
5.000000e+00 1.469030e-02 0.000000e+00
5.000000e+00 1.586261e-02 0.000000e+00
5.000000e+00 1.712846e-02 0.000000e+00
5.000000e+00 1.849533e-02 0.000000e+00
5.000000e+00 1.997127e-02 0.000000e+00
5.000000e+00 2.156500e-02 0.000000e+00
5.000000e+00 2.328591e-02 0.000000e+00
5.000000e+00 2.514415e-02 0.000000e+00
5.000000e+00 2.715068e-02 0.000000e+00
5.000000e+00 2.931733e-02 0.000000e+00
5.000000e+00 3.165689e-02 0.000000e+00
5.000000e+00 3.418314e-02 0.000000e+00
5.000000e+00 3.691099e-02 0.000000e+00
5.000000e+00 3.985652e-02 0.000000e+00
5.000000e+00 4.303711e-02 0.000000e+00
5.000000e+00 4.647152e-02 0.000000e+00
5.000000e+00 5.017999e-02 0.000000e+00
5.000000e+00 5.418441e-02 0.000000e+00
5.000000e+00 5.850838e-02 0.000000e+00
5.000000e+00 6.317741e-02 0.000000e+00
5.000000e+00 6.821903e-02 0.000000e+00
5.000000e+00 7.366298e-02 0.000000e+00
5.000000e+00 7.954136e-02 0.000000e+00
5.000000e+00 8.588885e-02 0.000000e+00
5.000000e+00 9.274286e-02 0.000000e+00
5.000000e+00 1.001438e-01 0.000000e+00
5.000000e+00 1.081354e-01 0.000000e+00
5.000000e+00 1.167647e-01 0.000000e+00
5.000000e+00 1.260827e-01 0.000000e+00
5.000000e+00 1.361442e-01 0.000000e+00
5.000000e+00 1.470087e-01 0.000000e+00
5.000000e+00 1.587401e-01 0.000000e+00
5.000000e+00 1.714077e-01 0.000000e+00
5.000000e+00 1.850862e-01 0.000000e+00
5.000000e+00 1.998563e-01 0.000000e+00
5.000000e+00 2.158051e-01 0.000000e+00
5.000000e+00 2.330265e-01 0.000000e+00
5.000000e+00 2.516223e-01 0.000000e+00
5.000000e+00 2.717020e-01 0.000000e+00
5.000000e+00 2.933841e-01 0.000000e+00
5.000000e+00 3.167964e-01 0.000000e+00
5.000000e+00 3.420771e-01 0.000000e+00
5.000000e+00 3.693752e-01 0.000000e+00
5.000000e+00 3.988518e-01 0.000000e+00
5.000000e+00 4.306805e-01 0.000000e+00
5.000000e+00 4.650493e-01 0.000000e+00
5.000000e+00 5.021607e-01 0.000000e+00
5.000000e+00 5.422336e-01 0.000000e+00
5.000000e+00 5.855044e-01 0.000000e+00
5.000000e+00 6.322283e-01 0.000000e+00
5.000000e+00 6.826808e-01 0.000000e+00
5.000000e+00 7.371594e-01 0.000000e+00
5.000000e+00 7.959855e-01 0.000000e+00
5.000000e+00 8.595059e-01 0.000000e+00
5.000000e+00 9.280954e-01 0.000000e+00
5.000000e+00 1.002158e+00 0.000000e+00
5.000000e+00 1.082132e+00 0.000000e+00
5.000000e+00 1.168487e+00 0.000000e+00
5.000000e+00 1.261733e+00 0.000000e+00
5.000000e+00 1.362421e+00 0.000000e+00
5.000000e+00 1.471144e+00 0.000000e+00
5.000000e+00 1.588542e+00 0.000000e+00
5.000000e+00 1.715310e+00 0.000000e+00
5.000000e+00 1.852193e+00 0.000000e+00
5.000000e+00 2.000000e+00 0.000000e+00
5.120000e+00 1.000000e-03 0.000000e+00
5.120000e+00 1.079801e-03 0.000000e+00
5.120000e+00 1.165970e-03 0.000000e+00
5.120000e+00 1.259016e-03 0.000000e+00
5.120000e+00 1.359487e-03 0.000000e+00
5.120000e+00 1.467975e-03 0.000000e+00
5.120000e+00 1.585121e-03 0.000000e+00
5.120000e+00 1.711615e-03 0.000000e+00
5.120000e+00 1.848204e-03 0.000000e+00
5.120000e+00 1.995693e-03 0.000000e+00
5.120000e+00 2.154951e-03 0.000000e+00
5.120000e+00 2.326918e-03 0.000000e+00
5.120000e+00 2.512609e-03 0.000000e+00
5.120000e+00 2.713117e-03 0.000000e+00
5.120000e+00 2.929627e-03 0.000000e+00
5.120000e+00 3.163414e-03 0.000000e+00
5.120000e+00 3.415858e-03 0.000000e+00
5.120000e+00 3.688447e-03 0.000000e+00
5.120000e+00 3.982789e-03 0.000000e+00
5.120000e+00 4.300619e-03 0.000000e+00
5.120000e+00 4.643813e-03 0.000000e+00
5.120000e+00 5.014394e-03 0.000000e+00
5.120000e+00 5.414548e-03 0.000000e+00
5.120000e+00 5.846635e-03 0.000000e+00
5.120000e+00 6.313202e-03 0.000000e+00
5.120000e+00 6.817002e-03 0.000000e+00
5.120000e+00 7.361006e-03 0.000000e+00
5.120000e+00 7.948422e-03 0.000000e+00
5.120000e+00 8.582714e-03 0.000000e+00
5.120000e+00 9.267624e-03 0.000000e+00
5.120000e+00 1.000719e-02 0.000000e+00
5.120000e+00 1.080577e-02 0.000000e+00
5.120000e+00 1.166809e-02 0.000000e+00
5.120000e+00 1.259921e-02 0.000000e+00
5.120000e+00 1.360464e-02 0.000000e+00
5.120000e+00 1.469030e-02 0.000000e+00
5.120000e+00 1.586261e-02 0.000000e+00
5.120000e+00 1.712846e-02 0.000000e+00
5.120000e+00 1.849533e-02 0.000000e+00
5.120000e+00 1.997127e-02 0.000000e+00
5.120000e+00 2.156500e-02 0.000000e+00
5.120000e+00 2.328591e-02 0.000000e+00
5.120000e+00 2.514415e-02 0.000000e+00
5.120000e+00 2.715068e-02 0.000000e+00
5.120000e+00 2.931733e-02 0.000000e+00
5.120000e+00 3.165689e-02 0.000000e+00
5.120000e+00 3.418314e-02 0.000000e+00
5.120000e+00 3.691099e-02 0.000000e+00
5.120000e+00 3.985652e-02 0.000000e+00
5.120000e+00 4.303711e-02 0.000000e+00
5.120000e+00 4.647152e-02 0.000000e+00
5.120000e+00 5.017999e-02 0.000000e+00
5.120000e+00 5.418441e-02 0.000000e+00
5.120000e+00 5.850838e-02 0.000000e+00
5.120000e+00 6.317741e-02 0.000000e+00
5.120000e+00 6.821903e-02 0.000000e+00
5.120000e+00 7.366298e-02 0.000000e+00
5.120000e+00 7.954136e-02 0.000000e+00
5.120000e+00 8.588885e-02 0.000000e+00
5.120000e+00 9.274286e-02 0.000000e+00
5.120000e+00 1.001438e-01 0.000000e+00
5.120000e+00 1.081354e-01 0.000000e+00
5.120000e+00 1.167647e-01 0.000000e+00
5.120000e+00 1.260827e-01 0.000000e+00
5.120000e+00 1.361442e-01 0.000000e+00
5.120000e+00 1.470087e-01 0.000000e+00
5.120000e+00 1.587401e-01 0.000000e+00
5.120000e+00 1.714077e-01 0.000000e+00
5.120000e+00 1.850862e-01 0.000000e+00
5.120000e+00 1.998563e-01 0.000000e+00
5.120000e+00 2.158051e-01 0.000000e+00
5.120000e+00 2.330265e-01 0.000000e+00
5.120000e+00 2.516223e-01 0.000000e+00
5.120000e+00 2.717020e-01 0.000000e+00
5.120000e+00 2.933841e-01 0.000000e+00
5.120000e+00 3.167964e-01 0.000000e+00
5.120000e+00 3.420771e-01 0.000000e+00
5.120000e+00 3.693752e-01 0.000000e+00
5.120000e+00 3.988518e-01 0.000000e+00
5.120000e+00 4.306805e-01 0.000000e+00
5.120000e+00 4.650493e-01 0.000000e+00
5.120000e+00 5.021607e-01 0.000000e+00
5.120000e+00 5.422336e-01 0.000000e+00
5.120000e+00 5.855044e-01 0.000000e+00
5.120000e+00 6.322283e-01 0.000000e+00
5.120000e+00 6.826808e-01 0.000000e+00
5.120000e+00 7.371594e-01 0.000000e+00
5.120000e+00 7.959855e-01 0.000000e+00
5.120000e+00 8.595059e-01 0.000000e+00
5.120000e+00 9.280954e-01 0.000000e+00
5.120000e+00 1.002158e+00 0.000000e+00
5.120000e+00 1.082132e+00 0.000000e+00
5.120000e+00 1.168487e+00 0.000000e+00
5.120000e+00 1.261733e+00 0.000000e+00
5.120000e+00 1.362421e+00 0.000000e+00
5.120000e+00 1.471144e+00 0.000000e+00
5.120000e+00 1.588542e+00 0.000000e+00
5.120000e+00 1.715310e+00 0.000000e+00
5.120000e+00 1.852193e+00 0.000000e+00
5.120000e+00 2.000000e+00 0.000000e+00
5.242400e+00 1.000000e-03 0.000000e+00
5.242400e+00 1.079801e-03 0.000000e+00
5.242400e+00 1.165970e-03 0.000000e+00
5.242400e+00 1.259016e-03 0.000000e+00
5.242400e+00 1.359487e-03 0.000000e+00
5.242400e+00 1.467975e-03 0.000000e+00
5.242400e+00 1.585121e-03 0.000000e+00
5.242400e+00 1.711615e-03 0.000000e+00
5.242400e+00 1.848204e-03 0.000000e+00
5.242400e+00 1.995693e-03 0.000000e+00
5.242400e+00 2.154951e-03 0.000000e+00
5.242400e+00 2.326918e-03 0.000000e+00
5.242400e+00 2.512609e-03 0.000000e+00
5.242400e+00 2.713117e-03 0.000000e+00
5.242400e+00 2.929627e-03 0.000000e+00
5.242400e+00 3.163414e-03 0.000000e+00
5.242400e+00 3.415858e-03 0.000000e+00
5.242400e+00 3.688447e-03 0.000000e+00
5.242400e+00 3.982789e-03 0.000000e+00
5.242400e+00 4.300619e-03 0.000000e+00
5.242400e+00 4.643813e-03 0.000000e+00
5.242400e+00 5.014394e-03 0.000000e+00
5.242400e+00 5.414548e-03 0.000000e+00
5.242400e+00 5.846635e-03 0.000000e+00
5.242400e+00 6.313202e-03 0.000000e+00
5.242400e+00 6.817002e-03 0.000000e+00
5.242400e+00 7.361006e-03 0.000000e+00
5.242400e+00 7.948422e-03 0.000000e+00
5.242400e+00 8.582714e-03 0.000000e+00
5.242400e+00 9.267624e-03 0.000000e+00
5.242400e+00 1.000719e-02 0.000000e+00
5.242400e+00 1.080577e-02 0.000000e+00
5.242400e+00 1.166809e-02 0.000000e+00
5.242400e+00 1.259921e-02 0.000000e+00
5.242400e+00 1.360464e-02 0.000000e+00
5.242400e+00 1.469030e-02 0.000000e+00
5.242400e+00 1.586261e-02 0.000000e+00
5.242400e+00 1.712846e-02 0.000000e+00
5.242400e+00 1.849533e-02 0.000000e+00
5.242400e+00 1.997127e-02 0.000000e+00
5.242400e+00 2.156500e-02 0.000000e+00
5.242400e+00 2.328591e-02 0.000000e+00
5.242400e+00 2.514415e-02 0.000000e+00
5.242400e+00 2.715068e-02 0.000000e+00
5.242400e+00 2.931733e-02 0.000000e+00
5.242400e+00 3.165689e-02 0.000000e+00
5.242400e+00 3.418314e-02 0.000000e+00
5.242400e+00 3.691099e-02 0.000000e+00
5.242400e+00 3.985652e-02 0.000000e+00
5.242400e+00 4.303711e-02 0.000000e+00
5.242400e+00 4.647152e-02 0.000000e+00
5.242400e+00 5.017999e-02 0.000000e+00
5.242400e+00 5.418441e-02 0.000000e+00
5.242400e+00 5.850838e-02 0.000000e+00
5.242400e+00 6.317741e-02 0.000000e+00
5.242400e+00 6.821903e-02 0.000000e+00
5.242400e+00 7.366298e-02 0.000000e+00
5.242400e+00 7.954136e-02 0.000000e+00
5.242400e+00 8.588885e-02 0.000000e+00
5.242400e+00 9.274286e-02 0.000000e+00
5.242400e+00 1.001438e-01 0.000000e+00
5.242400e+00 1.081354e-01 0.000000e+00
5.242400e+00 1.167647e-01 0.000000e+00
5.242400e+00 1.260827e-01 0.000000e+00
5.242400e+00 1.361442e-01 0.000000e+00
5.242400e+00 1.470087e-01 0.000000e+00
5.242400e+00 1.587401e-01 0.000000e+00
5.242400e+00 1.714077e-01 0.000000e+00
5.242400e+00 1.850862e-01 0.000000e+00
5.242400e+00 1.998563e-01 0.000000e+00
5.242400e+00 2.158051e-01 0.000000e+00
5.242400e+00 2.330265e-01 0.000000e+00
5.242400e+00 2.516223e-01 0.000000e+00
5.242400e+00 2.717020e-01 0.000000e+00
5.242400e+00 2.933841e-01 0.000000e+00
5.242400e+00 3.167964e-01 0.000000e+00
5.242400e+00 3.420771e-01 0.000000e+00
5.242400e+00 3.693752e-01 0.000000e+00
5.242400e+00 3.988518e-01 0.000000e+00
5.242400e+00 4.306805e-01 0.000000e+00
5.242400e+00 4.650493e-01 0.000000e+00
5.242400e+00 5.021607e-01 0.000000e+00
5.242400e+00 5.422336e-01 0.000000e+00
5.242400e+00 5.855044e-01 0.000000e+00
5.242400e+00 6.322283e-01 0.000000e+00
5.242400e+00 6.826808e-01 0.000000e+00
5.242400e+00 7.371594e-01 0.000000e+00
5.242400e+00 7.959855e-01 0.000000e+00
5.242400e+00 8.595059e-01 0.000000e+00
5.242400e+00 9.280954e-01 0.000000e+00
5.242400e+00 1.002158e+00 0.000000e+00
5.242400e+00 1.082132e+00 0.000000e+00
5.242400e+00 1.168487e+00 0.000000e+00
5.242400e+00 1.261733e+00 0.000000e+00
5.242400e+00 1.362421e+00 0.000000e+00
5.242400e+00 1.471144e+00 0.000000e+00
5.242400e+00 1.588542e+00 0.000000e+00
5.242400e+00 1.715310e+00 0.000000e+00
5.242400e+00 1.852193e+00 0.000000e+00
5.242400e+00 2.000000e+00 0.000000e+00
5.367248e+00 1.000000e-03 0.000000e+00
5.367248e+00 1.079801e-03 0.000000e+00
5.367248e+00 1.165970e-03 0.000000e+00
5.367248e+00 1.259016e-03 0.000000e+00
5.367248e+00 1.359487e-03 0.000000e+00
5.367248e+00 1.467975e-03 0.000000e+00
5.367248e+00 1.585121e-03 0.000000e+00
5.367248e+00 1.711615e-03 0.000000e+00
5.367248e+00 1.848204e-03 0.000000e+00
5.367248e+00 1.995693e-03 0.000000e+00
5.367248e+00 2.154951e-03 0.000000e+00
5.367248e+00 2.326918e-03 0.000000e+00
5.367248e+00 2.512609e-03 0.000000e+00
5.367248e+00 2.713117e-03 0.000000e+00
5.367248e+00 2.929627e-03 0.000000e+00
5.367248e+00 3.163414e-03 0.000000e+00
5.367248e+00 3.415858e-03 0.000000e+00
5.367248e+00 3.688447e-03 0.000000e+00
5.367248e+00 3.982789e-03 0.000000e+00
5.367248e+00 4.300619e-03 0.000000e+00
5.367248e+00 4.643813e-03 0.000000e+00
5.367248e+00 5.014394e-03 0.000000e+00
5.367248e+00 5.414548e-03 0.000000e+00
5.367248e+00 5.846635e-03 0.000000e+00
5.367248e+00 6.313202e-03 0.000000e+00
5.367248e+00 6.817002e-03 0.000000e+00
5.367248e+00 7.361006e-03 0.000000e+00
5.367248e+00 7.948422e-03 0.000000e+00
5.367248e+00 8.582714e-03 0.000000e+00
5.367248e+00 9.267624e-03 0.000000e+00
5.367248e+00 1.000719e-02 0.000000e+00
5.367248e+00 1.080577e-02 0.000000e+00
5.367248e+00 1.166809e-02 0.000000e+00
5.367248e+00 1.259921e-02 0.000000e+00
5.367248e+00 1.360464e-02 0.000000e+00
5.367248e+00 1.469030e-02 0.000000e+00
5.367248e+00 1.586261e-02 0.000000e+00
5.367248e+00 1.712846e-02 0.000000e+00
5.367248e+00 1.849533e-02 0.000000e+00
5.367248e+00 1.997127e-02 0.000000e+00
5.367248e+00 2.156500e-02 0.000000e+00
5.367248e+00 2.328591e-02 0.000000e+00
5.367248e+00 2.514415e-02 0.000000e+00
5.367248e+00 2.715068e-02 0.000000e+00
5.367248e+00 2.931733e-02 0.000000e+00
5.367248e+00 3.165689e-02 0.000000e+00
5.367248e+00 3.418314e-02 0.000000e+00
5.367248e+00 3.691099e-02 0.000000e+00
5.367248e+00 3.985652e-02 0.000000e+00
5.367248e+00 4.303711e-02 0.000000e+00
5.367248e+00 4.647152e-02 0.000000e+00
5.367248e+00 5.017999e-02 0.000000e+00
5.367248e+00 5.418441e-02 0.000000e+00
5.367248e+00 5.850838e-02 0.000000e+00
5.367248e+00 6.317741e-02 0.000000e+00
5.367248e+00 6.821903e-02 0.000000e+00
5.367248e+00 7.366298e-02 0.000000e+00
5.367248e+00 7.954136e-02 0.000000e+00
5.367248e+00 8.588885e-02 0.000000e+00
5.367248e+00 9.274286e-02 0.000000e+00
5.367248e+00 1.001438e-01 0.000000e+00
5.367248e+00 1.081354e-01 0.000000e+00
5.367248e+00 1.167647e-01 0.000000e+00
5.367248e+00 1.260827e-01 0.000000e+00
5.367248e+00 1.361442e-01 0.000000e+00
5.367248e+00 1.470087e-01 0.000000e+00
5.367248e+00 1.587401e-01 0.000000e+00
5.367248e+00 1.714077e-01 0.000000e+00
5.367248e+00 1.850862e-01 0.000000e+00
5.367248e+00 1.998563e-01 0.000000e+00
5.367248e+00 2.158051e-01 0.000000e+00
5.367248e+00 2.330265e-01 0.000000e+00
5.367248e+00 2.516223e-01 0.000000e+00
5.367248e+00 2.717020e-01 0.000000e+00
5.367248e+00 2.933841e-01 0.000000e+00
5.367248e+00 3.167964e-01 0.000000e+00
5.367248e+00 3.420771e-01 0.000000e+00
5.367248e+00 3.693752e-01 0.000000e+00
5.367248e+00 3.988518e-01 0.000000e+00
5.367248e+00 4.306805e-01 0.000000e+00
5.367248e+00 4.650493e-01 0.000000e+00
5.367248e+00 5.021607e-01 0.000000e+00
5.367248e+00 5.422336e-01 0.000000e+00
5.367248e+00 5.855044e-01 0.000000e+00
5.367248e+00 6.322283e-01 0.000000e+00
5.367248e+00 6.826808e-01 0.000000e+00
5.367248e+00 7.371594e-01 0.000000e+00
5.367248e+00 7.959855e-01 0.000000e+00
5.367248e+00 8.595059e-01 0.000000e+00
5.367248e+00 9.280954e-01 0.000000e+00
5.367248e+00 1.002158e+00 0.000000e+00
5.367248e+00 1.082132e+00 0.000000e+00
5.367248e+00 1.168487e+00 0.000000e+00
5.367248e+00 1.261733e+00 0.000000e+00
5.367248e+00 1.362421e+00 0.000000e+00
5.367248e+00 1.471144e+00 0.000000e+00
5.367248e+00 1.588542e+00 0.000000e+00
5.367248e+00 1.715310e+00 0.000000e+00
5.367248e+00 1.852193e+00 0.000000e+00
5.367248e+00 2.000000e+00 0.000000e+00
5.494593e+00 1.000000e-03 0.000000e+00
5.494593e+00 1.079801e-03 0.000000e+00
5.494593e+00 1.165970e-03 0.000000e+00
5.494593e+00 1.259016e-03 0.000000e+00
5.494593e+00 1.359487e-03 0.000000e+00
5.494593e+00 1.467975e-03 0.000000e+00
5.494593e+00 1.585121e-03 0.000000e+00
5.494593e+00 1.711615e-03 0.000000e+00
5.494593e+00 1.848204e-03 0.000000e+00
5.494593e+00 1.995693e-03 0.000000e+00
5.494593e+00 2.154951e-03 0.000000e+00
5.494593e+00 2.326918e-03 0.000000e+00
5.494593e+00 2.512609e-03 0.000000e+00
5.494593e+00 2.713117e-03 0.000000e+00
5.494593e+00 2.929627e-03 0.000000e+00
5.494593e+00 3.163414e-03 0.000000e+00
5.494593e+00 3.415858e-03 0.000000e+00
5.494593e+00 3.688447e-03 0.000000e+00
5.494593e+00 3.982789e-03 0.000000e+00
5.494593e+00 4.300619e-03 0.000000e+00
5.494593e+00 4.643813e-03 0.000000e+00
5.494593e+00 5.014394e-03 0.000000e+00
5.494593e+00 5.414548e-03 0.000000e+00
5.494593e+00 5.846635e-03 0.000000e+00
5.494593e+00 6.313202e-03 0.000000e+00
5.494593e+00 6.817002e-03 0.000000e+00
5.494593e+00 7.361006e-03 0.000000e+00
5.494593e+00 7.948422e-03 0.000000e+00
5.494593e+00 8.582714e-03 0.000000e+00
5.494593e+00 9.267624e-03 0.000000e+00
5.494593e+00 1.000719e-02 0.000000e+00
5.494593e+00 1.080577e-02 0.000000e+00
5.494593e+00 1.166809e-02 0.000000e+00
5.494593e+00 1.259921e-02 0.000000e+00
5.494593e+00 1.360464e-02 0.000000e+00
5.494593e+00 1.469030e-02 0.000000e+00
5.494593e+00 1.586261e-02 0.000000e+00
5.494593e+00 1.712846e-02 0.000000e+00
5.494593e+00 1.849533e-02 0.000000e+00
5.494593e+00 1.997127e-02 0.000000e+00
5.494593e+00 2.156500e-02 0.000000e+00
5.494593e+00 2.328591e-02 0.000000e+00
5.494593e+00 2.514415e-02 0.000000e+00
5.494593e+00 2.715068e-02 0.000000e+00
5.494593e+00 2.931733e-02 0.000000e+00
5.494593e+00 3.165689e-02 0.000000e+00
5.494593e+00 3.418314e-02 0.000000e+00
5.494593e+00 3.691099e-02 0.000000e+00
5.494593e+00 3.985652e-02 0.000000e+00
5.494593e+00 4.303711e-02 0.000000e+00
5.494593e+00 4.647152e-02 0.000000e+00
5.494593e+00 5.017999e-02 0.000000e+00
5.494593e+00 5.418441e-02 0.000000e+00
5.494593e+00 5.850838e-02 0.000000e+00
5.494593e+00 6.317741e-02 0.000000e+00
5.494593e+00 6.821903e-02 0.000000e+00
5.494593e+00 7.366298e-02 0.000000e+00
5.494593e+00 7.954136e-02 0.000000e+00
5.494593e+00 8.588885e-02 0.000000e+00
5.494593e+00 9.274286e-02 0.000000e+00
5.494593e+00 1.001438e-01 0.000000e+00
5.494593e+00 1.081354e-01 0.000000e+00
5.494593e+00 1.167647e-01 0.000000e+00
5.494593e+00 1.260827e-01 0.000000e+00
5.494593e+00 1.361442e-01 0.000000e+00
5.494593e+00 1.470087e-01 0.000000e+00
5.494593e+00 1.587401e-01 0.000000e+00
5.494593e+00 1.714077e-01 0.000000e+00
5.494593e+00 1.850862e-01 0.000000e+00
5.494593e+00 1.998563e-01 0.000000e+00
5.494593e+00 2.158051e-01 0.000000e+00
5.494593e+00 2.330265e-01 0.000000e+00
5.494593e+00 2.516223e-01 0.000000e+00
5.494593e+00 2.717020e-01 0.000000e+00
5.494593e+00 2.933841e-01 0.000000e+00
5.494593e+00 3.167964e-01 0.000000e+00
5.494593e+00 3.420771e-01 0.000000e+00
5.494593e+00 3.693752e-01 0.000000e+00
5.494593e+00 3.988518e-01 0.000000e+00
5.494593e+00 4.306805e-01 0.000000e+00
5.494593e+00 4.650493e-01 0.000000e+00
5.494593e+00 5.021607e-01 0.000000e+00
5.494593e+00 5.422336e-01 0.000000e+00
5.494593e+00 5.855044e-01 0.000000e+00
5.494593e+00 6.322283e-01 0.000000e+00
5.494593e+00 6.826808e-01 0.000000e+00
5.494593e+00 7.371594e-01 0.000000e+00
5.494593e+00 7.959855e-01 0.000000e+00
5.494593e+00 8.595059e-01 0.000000e+00
5.494593e+00 9.280954e-01 0.000000e+00
5.494593e+00 1.002158e+00 0.000000e+00
5.494593e+00 1.082132e+00 0.000000e+00
5.494593e+00 1.168487e+00 0.000000e+00
5.494593e+00 1.261733e+00 0.000000e+00
5.494593e+00 1.362421e+00 0.000000e+00
5.494593e+00 1.471144e+00 0.000000e+00
5.494593e+00 1.588542e+00 0.000000e+00
5.494593e+00 1.715310e+00 0.000000e+00
5.494593e+00 1.852193e+00 0.000000e+00
5.494593e+00 2.000000e+00 0.000000e+00
5.624485e+00 1.000000e-03 0.000000e+00
5.624485e+00 1.079801e-03 0.000000e+00
5.624485e+00 1.165970e-03 0.000000e+00
5.624485e+00 1.259016e-03 0.000000e+00
5.624485e+00 1.359487e-03 0.000000e+00
5.624485e+00 1.467975e-03 0.000000e+00
5.624485e+00 1.585121e-03 0.000000e+00
5.624485e+00 1.711615e-03 0.000000e+00
5.624485e+00 1.848204e-03 0.000000e+00
5.624485e+00 1.995693e-03 0.000000e+00
5.624485e+00 2.154951e-03 0.000000e+00
5.624485e+00 2.326918e-03 0.000000e+00
5.624485e+00 2.512609e-03 0.000000e+00
5.624485e+00 2.713117e-03 0.000000e+00
5.624485e+00 2.929627e-03 0.000000e+00
5.624485e+00 3.163414e-03 0.000000e+00
5.624485e+00 3.415858e-03 0.000000e+00
5.624485e+00 3.688447e-03 0.000000e+00
5.624485e+00 3.982789e-03 0.000000e+00
5.624485e+00 4.300619e-03 0.000000e+00
5.624485e+00 4.643813e-03 0.000000e+00
5.624485e+00 5.014394e-03 0.000000e+00
5.624485e+00 5.414548e-03 0.000000e+00
5.624485e+00 5.846635e-03 0.000000e+00
5.624485e+00 6.313202e-03 0.000000e+00
5.624485e+00 6.817002e-03 0.000000e+00
5.624485e+00 7.361006e-03 0.000000e+00
5.624485e+00 7.948422e-03 0.000000e+00
5.624485e+00 8.582714e-03 0.000000e+00
5.624485e+00 9.267624e-03 0.000000e+00
5.624485e+00 1.000719e-02 0.000000e+00
5.624485e+00 1.080577e-02 0.000000e+00
5.624485e+00 1.166809e-02 0.000000e+00
5.624485e+00 1.259921e-02 0.000000e+00
5.624485e+00 1.360464e-02 0.000000e+00
5.624485e+00 1.469030e-02 0.000000e+00
5.624485e+00 1.586261e-02 0.000000e+00
5.624485e+00 1.712846e-02 0.000000e+00
5.624485e+00 1.849533e-02 0.000000e+00
5.624485e+00 1.997127e-02 0.000000e+00
5.624485e+00 2.156500e-02 0.000000e+00
5.624485e+00 2.328591e-02 0.000000e+00
5.624485e+00 2.514415e-02 0.000000e+00
5.624485e+00 2.715068e-02 0.000000e+00
5.624485e+00 2.931733e-02 0.000000e+00
5.624485e+00 3.165689e-02 0.000000e+00
5.624485e+00 3.418314e-02 0.000000e+00
5.624485e+00 3.691099e-02 0.000000e+00
5.624485e+00 3.985652e-02 0.000000e+00
5.624485e+00 4.303711e-02 0.000000e+00
5.624485e+00 4.647152e-02 0.000000e+00
5.624485e+00 5.017999e-02 0.000000e+00
5.624485e+00 5.418441e-02 0.000000e+00
5.624485e+00 5.850838e-02 0.000000e+00
5.624485e+00 6.317741e-02 0.000000e+00
5.624485e+00 6.821903e-02 0.000000e+00
5.624485e+00 7.366298e-02 0.000000e+00
5.624485e+00 7.954136e-02 0.000000e+00
5.624485e+00 8.588885e-02 0.000000e+00
5.624485e+00 9.274286e-02 0.000000e+00
5.624485e+00 1.001438e-01 0.000000e+00
5.624485e+00 1.081354e-01 0.000000e+00
5.624485e+00 1.167647e-01 0.000000e+00
5.624485e+00 1.260827e-01 0.000000e+00
5.624485e+00 1.361442e-01 0.000000e+00
5.624485e+00 1.470087e-01 0.000000e+00
5.624485e+00 1.587401e-01 0.000000e+00
5.624485e+00 1.714077e-01 0.000000e+00
5.624485e+00 1.850862e-01 0.000000e+00
5.624485e+00 1.998563e-01 0.000000e+00
5.624485e+00 2.158051e-01 0.000000e+00
5.624485e+00 2.330265e-01 0.000000e+00
5.624485e+00 2.516223e-01 0.000000e+00
5.624485e+00 2.717020e-01 0.000000e+00
5.624485e+00 2.933841e-01 0.000000e+00
5.624485e+00 3.167964e-01 0.000000e+00
5.624485e+00 3.420771e-01 0.000000e+00
5.624485e+00 3.693752e-01 0.000000e+00
5.624485e+00 3.988518e-01 0.000000e+00
5.624485e+00 4.306805e-01 0.000000e+00
5.624485e+00 4.650493e-01 0.000000e+00
5.624485e+00 5.021607e-01 0.000000e+00
5.624485e+00 5.422336e-01 0.000000e+00
5.624485e+00 5.855044e-01 0.000000e+00
5.624485e+00 6.322283e-01 0.000000e+00
5.624485e+00 6.826808e-01 0.000000e+00
5.624485e+00 7.371594e-01 0.000000e+00
5.624485e+00 7.959855e-01 0.000000e+00
5.624485e+00 8.595059e-01 0.000000e+00
5.624485e+00 9.280954e-01 0.000000e+00
5.624485e+00 1.002158e+00 0.000000e+00
5.624485e+00 1.082132e+00 0.000000e+00
5.624485e+00 1.168487e+00 0.000000e+00
5.624485e+00 1.261733e+00 0.000000e+00
5.624485e+00 1.362421e+00 0.000000e+00
5.624485e+00 1.471144e+00 0.000000e+00
5.624485e+00 1.588542e+00 0.000000e+00
5.624485e+00 1.715310e+00 0.000000e+00
5.624485e+00 1.852193e+00 0.000000e+00
5.624485e+00 2.000000e+00 0.000000e+00
5.756975e+00 1.000000e-03 0.000000e+00
5.756975e+00 1.079801e-03 0.000000e+00
5.756975e+00 1.165970e-03 0.000000e+00
5.756975e+00 1.259016e-03 0.000000e+00
5.756975e+00 1.359487e-03 0.000000e+00
5.756975e+00 1.467975e-03 0.000000e+00
5.756975e+00 1.585121e-03 0.000000e+00
5.756975e+00 1.711615e-03 0.000000e+00
5.756975e+00 1.848204e-03 0.000000e+00
5.756975e+00 1.995693e-03 0.000000e+00
5.756975e+00 2.154951e-03 0.000000e+00
5.756975e+00 2.326918e-03 0.000000e+00
5.756975e+00 2.512609e-03 0.000000e+00
5.756975e+00 2.713117e-03 0.000000e+00
5.756975e+00 2.929627e-03 0.000000e+00
5.756975e+00 3.163414e-03 0.000000e+00
5.756975e+00 3.415858e-03 0.000000e+00
5.756975e+00 3.688447e-03 0.000000e+00
5.756975e+00 3.982789e-03 0.000000e+00
5.756975e+00 4.300619e-03 0.000000e+00
5.756975e+00 4.643813e-03 0.000000e+00
5.756975e+00 5.014394e-03 0.000000e+00
5.756975e+00 5.414548e-03 0.000000e+00
5.756975e+00 5.846635e-03 0.000000e+00
5.756975e+00 6.313202e-03 0.000000e+00
5.756975e+00 6.817002e-03 0.000000e+00
5.756975e+00 7.361006e-03 0.000000e+00
5.756975e+00 7.948422e-03 0.000000e+00
5.756975e+00 8.582714e-03 0.000000e+00
5.756975e+00 9.267624e-03 0.000000e+00
5.756975e+00 1.000719e-02 0.000000e+00
5.756975e+00 1.080577e-02 0.000000e+00
5.756975e+00 1.166809e-02 0.000000e+00
5.756975e+00 1.259921e-02 0.000000e+00
5.756975e+00 1.360464e-02 0.000000e+00
5.756975e+00 1.469030e-02 0.000000e+00
5.756975e+00 1.586261e-02 0.000000e+00
5.756975e+00 1.712846e-02 0.000000e+00
5.756975e+00 1.849533e-02 0.000000e+00
5.756975e+00 1.997127e-02 0.000000e+00
5.756975e+00 2.156500e-02 0.000000e+00
5.756975e+00 2.328591e-02 0.000000e+00
5.756975e+00 2.514415e-02 0.000000e+00
5.756975e+00 2.715068e-02 0.000000e+00
5.756975e+00 2.931733e-02 0.000000e+00
5.756975e+00 3.165689e-02 0.000000e+00
5.756975e+00 3.418314e-02 0.000000e+00
5.756975e+00 3.691099e-02 0.000000e+00
5.756975e+00 3.985652e-02 0.000000e+00
5.756975e+00 4.303711e-02 0.000000e+00
5.756975e+00 4.647152e-02 0.000000e+00
5.756975e+00 5.017999e-02 0.000000e+00
5.756975e+00 5.418441e-02 0.000000e+00
5.756975e+00 5.850838e-02 0.000000e+00
5.756975e+00 6.317741e-02 0.000000e+00
5.756975e+00 6.821903e-02 0.000000e+00
5.756975e+00 7.366298e-02 0.000000e+00
5.756975e+00 7.954136e-02 0.000000e+00
5.756975e+00 8.588885e-02 0.000000e+00
5.756975e+00 9.274286e-02 0.000000e+00
5.756975e+00 1.001438e-01 0.000000e+00
5.756975e+00 1.081354e-01 0.000000e+00
5.756975e+00 1.167647e-01 0.000000e+00
5.756975e+00 1.260827e-01 0.000000e+00
5.756975e+00 1.361442e-01 0.000000e+00
5.756975e+00 1.470087e-01 0.000000e+00
5.756975e+00 1.587401e-01 0.000000e+00
5.756975e+00 1.714077e-01 0.000000e+00
5.756975e+00 1.850862e-01 0.000000e+00
5.756975e+00 1.998563e-01 0.000000e+00
5.756975e+00 2.158051e-01 0.000000e+00
5.756975e+00 2.330265e-01 0.000000e+00
5.756975e+00 2.516223e-01 0.000000e+00
5.756975e+00 2.717020e-01 0.000000e+00
5.756975e+00 2.933841e-01 0.000000e+00
5.756975e+00 3.167964e-01 0.000000e+00
5.756975e+00 3.420771e-01 0.000000e+00
5.756975e+00 3.693752e-01 0.000000e+00
5.756975e+00 3.988518e-01 0.000000e+00
5.756975e+00 4.306805e-01 0.000000e+00
5.756975e+00 4.650493e-01 0.000000e+00
5.756975e+00 5.021607e-01 0.000000e+00
5.756975e+00 5.422336e-01 0.000000e+00
5.756975e+00 5.855044e-01 0.000000e+00
5.756975e+00 6.322283e-01 0.000000e+00
5.756975e+00 6.826808e-01 0.000000e+00
5.756975e+00 7.371594e-01 0.000000e+00
5.756975e+00 7.959855e-01 0.000000e+00
5.756975e+00 8.595059e-01 0.000000e+00
5.756975e+00 9.280954e-01 0.000000e+00
5.756975e+00 1.002158e+00 0.000000e+00
5.756975e+00 1.082132e+00 0.000000e+00
5.756975e+00 1.168487e+00 0.000000e+00
5.756975e+00 1.261733e+00 0.000000e+00
5.756975e+00 1.362421e+00 0.000000e+00
5.756975e+00 1.471144e+00 0.000000e+00
5.756975e+00 1.588542e+00 0.000000e+00
5.756975e+00 1.715310e+00 0.000000e+00
5.756975e+00 1.852193e+00 0.000000e+00
5.756975e+00 2.000000e+00 0.000000e+00
5.892114e+00 1.000000e-03 0.000000e+00
5.892114e+00 1.079801e-03 0.000000e+00
5.892114e+00 1.165970e-03 0.000000e+00
5.892114e+00 1.259016e-03 0.000000e+00
5.892114e+00 1.359487e-03 0.000000e+00
5.892114e+00 1.467975e-03 0.000000e+00
5.892114e+00 1.585121e-03 0.000000e+00
5.892114e+00 1.711615e-03 0.000000e+00
5.892114e+00 1.848204e-03 0.000000e+00
5.892114e+00 1.995693e-03 0.000000e+00
5.892114e+00 2.154951e-03 0.000000e+00
5.892114e+00 2.326918e-03 0.000000e+00
5.892114e+00 2.512609e-03 0.000000e+00
5.892114e+00 2.713117e-03 0.000000e+00
5.892114e+00 2.929627e-03 0.000000e+00
5.892114e+00 3.163414e-03 0.000000e+00
5.892114e+00 3.415858e-03 0.000000e+00
5.892114e+00 3.688447e-03 0.000000e+00
5.892114e+00 3.982789e-03 0.000000e+00
5.892114e+00 4.300619e-03 0.000000e+00
5.892114e+00 4.643813e-03 0.000000e+00
5.892114e+00 5.014394e-03 0.000000e+00
5.892114e+00 5.414548e-03 0.000000e+00
5.892114e+00 5.846635e-03 0.000000e+00
5.892114e+00 6.313202e-03 0.000000e+00
5.892114e+00 6.817002e-03 0.000000e+00
5.892114e+00 7.361006e-03 0.000000e+00
5.892114e+00 7.948422e-03 0.000000e+00
5.892114e+00 8.582714e-03 0.000000e+00
5.892114e+00 9.267624e-03 0.000000e+00
5.892114e+00 1.000719e-02 0.000000e+00
5.892114e+00 1.080577e-02 0.000000e+00
5.892114e+00 1.166809e-02 0.000000e+00
5.892114e+00 1.259921e-02 0.000000e+00
5.892114e+00 1.360464e-02 0.000000e+00
5.892114e+00 1.469030e-02 0.000000e+00
5.892114e+00 1.586261e-02 0.000000e+00
5.892114e+00 1.712846e-02 0.000000e+00
5.892114e+00 1.849533e-02 0.000000e+00
5.892114e+00 1.997127e-02 0.000000e+00
5.892114e+00 2.156500e-02 0.000000e+00
5.892114e+00 2.328591e-02 0.000000e+00
5.892114e+00 2.514415e-02 0.000000e+00
5.892114e+00 2.715068e-02 0.000000e+00
5.892114e+00 2.931733e-02 0.000000e+00
5.892114e+00 3.165689e-02 0.000000e+00
5.892114e+00 3.418314e-02 0.000000e+00
5.892114e+00 3.691099e-02 0.000000e+00
5.892114e+00 3.985652e-02 0.000000e+00
5.892114e+00 4.303711e-02 0.000000e+00
5.892114e+00 4.647152e-02 0.000000e+00
5.892114e+00 5.017999e-02 0.000000e+00
5.892114e+00 5.418441e-02 0.000000e+00
5.892114e+00 5.850838e-02 0.000000e+00
5.892114e+00 6.317741e-02 0.000000e+00
5.892114e+00 6.821903e-02 0.000000e+00
5.892114e+00 7.366298e-02 0.000000e+00
5.892114e+00 7.954136e-02 0.000000e+00
5.892114e+00 8.588885e-02 0.000000e+00
5.892114e+00 9.274286e-02 0.000000e+00
5.892114e+00 1.001438e-01 0.000000e+00
5.892114e+00 1.081354e-01 0.000000e+00
5.892114e+00 1.167647e-01 0.000000e+00
5.892114e+00 1.260827e-01 0.000000e+00
5.892114e+00 1.361442e-01 0.000000e+00
5.892114e+00 1.470087e-01 0.000000e+00
5.892114e+00 1.587401e-01 0.000000e+00
5.892114e+00 1.714077e-01 0.000000e+00
5.892114e+00 1.850862e-01 0.000000e+00
5.892114e+00 1.998563e-01 0.000000e+00
5.892114e+00 2.158051e-01 0.000000e+00
5.892114e+00 2.330265e-01 0.000000e+00
5.892114e+00 2.516223e-01 0.000000e+00
5.892114e+00 2.717020e-01 0.000000e+00
5.892114e+00 2.933841e-01 0.000000e+00
5.892114e+00 3.167964e-01 0.000000e+00
5.892114e+00 3.420771e-01 0.000000e+00
5.892114e+00 3.693752e-01 0.000000e+00
5.892114e+00 3.988518e-01 0.000000e+00
5.892114e+00 4.306805e-01 0.000000e+00
5.892114e+00 4.650493e-01 0.000000e+00
5.892114e+00 5.021607e-01 0.000000e+00
5.892114e+00 5.422336e-01 0.000000e+00
5.892114e+00 5.855044e-01 0.000000e+00
5.892114e+00 6.322283e-01 0.000000e+00
5.892114e+00 6.826808e-01 0.000000e+00
5.892114e+00 7.371594e-01 0.000000e+00
5.892114e+00 7.959855e-01 0.000000e+00
5.892114e+00 8.595059e-01 0.000000e+00
5.892114e+00 9.280954e-01 0.000000e+00
5.892114e+00 1.002158e+00 0.000000e+00
5.892114e+00 1.082132e+00 0.000000e+00
5.892114e+00 1.168487e+00 0.000000e+00
5.892114e+00 1.261733e+00 0.000000e+00
5.892114e+00 1.362421e+00 0.000000e+00
5.892114e+00 1.471144e+00 0.000000e+00
5.892114e+00 1.588542e+00 0.000000e+00
5.892114e+00 1.715310e+00 0.000000e+00
5.892114e+00 1.852193e+00 0.000000e+00
5.892114e+00 2.000000e+00 0.000000e+00
6.029956e+00 1.000000e-03 0.000000e+00
6.029956e+00 1.079801e-03 0.000000e+00
6.029956e+00 1.165970e-03 0.000000e+00
6.029956e+00 1.259016e-03 0.000000e+00
6.029956e+00 1.359487e-03 0.000000e+00
6.029956e+00 1.467975e-03 0.000000e+00
6.029956e+00 1.585121e-03 0.000000e+00
6.029956e+00 1.711615e-03 0.000000e+00
6.029956e+00 1.848204e-03 0.000000e+00
6.029956e+00 1.995693e-03 0.000000e+00
6.029956e+00 2.154951e-03 0.000000e+00
6.029956e+00 2.326918e-03 0.000000e+00
6.029956e+00 2.512609e-03 0.000000e+00
6.029956e+00 2.713117e-03 0.000000e+00
6.029956e+00 2.929627e-03 0.000000e+00
6.029956e+00 3.163414e-03 0.000000e+00
6.029956e+00 3.415858e-03 0.000000e+00
6.029956e+00 3.688447e-03 0.000000e+00
6.029956e+00 3.982789e-03 0.000000e+00
6.029956e+00 4.300619e-03 0.000000e+00
6.029956e+00 4.643813e-03 0.000000e+00
6.029956e+00 5.014394e-03 0.000000e+00
6.029956e+00 5.414548e-03 0.000000e+00
6.029956e+00 5.846635e-03 0.000000e+00
6.029956e+00 6.313202e-03 0.000000e+00
6.029956e+00 6.817002e-03 0.000000e+00
6.029956e+00 7.361006e-03 0.000000e+00
6.029956e+00 7.948422e-03 0.000000e+00
6.029956e+00 8.582714e-03 0.000000e+00
6.029956e+00 9.267624e-03 0.000000e+00
6.029956e+00 1.000719e-02 0.000000e+00
6.029956e+00 1.080577e-02 0.000000e+00
6.029956e+00 1.166809e-02 0.000000e+00
6.029956e+00 1.259921e-02 0.000000e+00
6.029956e+00 1.360464e-02 0.000000e+00
6.029956e+00 1.469030e-02 0.000000e+00
6.029956e+00 1.586261e-02 0.000000e+00
6.029956e+00 1.712846e-02 0.000000e+00
6.029956e+00 1.849533e-02 0.000000e+00
6.029956e+00 1.997127e-02 0.000000e+00
6.029956e+00 2.156500e-02 0.000000e+00
6.029956e+00 2.328591e-02 0.000000e+00
6.029956e+00 2.514415e-02 0.000000e+00
6.029956e+00 2.715068e-02 0.000000e+00
6.029956e+00 2.931733e-02 0.000000e+00
6.029956e+00 3.165689e-02 0.000000e+00
6.029956e+00 3.418314e-02 0.000000e+00
6.029956e+00 3.691099e-02 0.000000e+00
6.029956e+00 3.985652e-02 0.000000e+00
6.029956e+00 4.303711e-02 0.000000e+00
6.029956e+00 4.647152e-02 0.000000e+00
6.029956e+00 5.017999e-02 0.000000e+00
6.029956e+00 5.418441e-02 0.000000e+00
6.029956e+00 5.850838e-02 0.000000e+00
6.029956e+00 6.317741e-02 0.000000e+00
6.029956e+00 6.821903e-02 0.000000e+00
6.029956e+00 7.366298e-02 0.000000e+00
6.029956e+00 7.954136e-02 0.000000e+00
6.029956e+00 8.588885e-02 0.000000e+00
6.029956e+00 9.274286e-02 0.000000e+00
6.029956e+00 1.001438e-01 0.000000e+00
6.029956e+00 1.081354e-01 0.000000e+00
6.029956e+00 1.167647e-01 0.000000e+00
6.029956e+00 1.260827e-01 0.000000e+00
6.029956e+00 1.361442e-01 0.000000e+00
6.029956e+00 1.470087e-01 0.000000e+00
6.029956e+00 1.587401e-01 0.000000e+00
6.029956e+00 1.714077e-01 0.000000e+00
6.029956e+00 1.850862e-01 0.000000e+00
6.029956e+00 1.998563e-01 0.000000e+00
6.029956e+00 2.158051e-01 0.000000e+00
6.029956e+00 2.330265e-01 0.000000e+00
6.029956e+00 2.516223e-01 0.000000e+00
6.029956e+00 2.717020e-01 0.000000e+00
6.029956e+00 2.933841e-01 0.000000e+00
6.029956e+00 3.167964e-01 0.000000e+00
6.029956e+00 3.420771e-01 0.000000e+00
6.029956e+00 3.693752e-01 0.000000e+00
6.029956e+00 3.988518e-01 0.000000e+00
6.029956e+00 4.306805e-01 0.000000e+00
6.029956e+00 4.650493e-01 0.000000e+00
6.029956e+00 5.021607e-01 0.000000e+00
6.029956e+00 5.422336e-01 0.000000e+00
6.029956e+00 5.855044e-01 0.000000e+00
6.029956e+00 6.322283e-01 0.000000e+00
6.029956e+00 6.826808e-01 0.000000e+00
6.029956e+00 7.371594e-01 0.000000e+00
6.029956e+00 7.959855e-01 0.000000e+00
6.029956e+00 8.595059e-01 0.000000e+00
6.029956e+00 9.280954e-01 0.000000e+00
6.029956e+00 1.002158e+00 0.000000e+00
6.029956e+00 1.082132e+00 0.000000e+00
6.029956e+00 1.168487e+00 0.000000e+00
6.029956e+00 1.261733e+00 0.000000e+00
6.029956e+00 1.362421e+00 0.000000e+00
6.029956e+00 1.471144e+00 0.000000e+00
6.029956e+00 1.588542e+00 0.000000e+00
6.029956e+00 1.715310e+00 0.000000e+00
6.029956e+00 1.852193e+00 0.000000e+00
6.029956e+00 2.000000e+00 0.000000e+00
6.170555e+00 1.000000e-03 0.000000e+00
6.170555e+00 1.079801e-03 0.000000e+00
6.170555e+00 1.165970e-03 0.000000e+00
6.170555e+00 1.259016e-03 0.000000e+00
6.170555e+00 1.359487e-03 0.000000e+00
6.170555e+00 1.467975e-03 0.000000e+00
6.170555e+00 1.585121e-03 0.000000e+00
6.170555e+00 1.711615e-03 0.000000e+00
6.170555e+00 1.848204e-03 0.000000e+00
6.170555e+00 1.995693e-03 0.000000e+00
6.170555e+00 2.154951e-03 0.000000e+00
6.170555e+00 2.326918e-03 0.000000e+00
6.170555e+00 2.512609e-03 0.000000e+00
6.170555e+00 2.713117e-03 0.000000e+00
6.170555e+00 2.929627e-03 0.000000e+00
6.170555e+00 3.163414e-03 0.000000e+00
6.170555e+00 3.415858e-03 0.000000e+00
6.170555e+00 3.688447e-03 0.000000e+00
6.170555e+00 3.982789e-03 0.000000e+00
6.170555e+00 4.300619e-03 0.000000e+00
6.170555e+00 4.643813e-03 0.000000e+00
6.170555e+00 5.014394e-03 0.000000e+00
6.170555e+00 5.414548e-03 0.000000e+00
6.170555e+00 5.846635e-03 0.000000e+00
6.170555e+00 6.313202e-03 0.000000e+00
6.170555e+00 6.817002e-03 0.000000e+00
6.170555e+00 7.361006e-03 0.000000e+00
6.170555e+00 7.948422e-03 0.000000e+00
6.170555e+00 8.582714e-03 0.000000e+00
6.170555e+00 9.267624e-03 0.000000e+00
6.170555e+00 1.000719e-02 0.000000e+00
6.170555e+00 1.080577e-02 0.000000e+00
6.170555e+00 1.166809e-02 0.000000e+00
6.170555e+00 1.259921e-02 0.000000e+00
6.170555e+00 1.360464e-02 0.000000e+00
6.170555e+00 1.469030e-02 0.000000e+00
6.170555e+00 1.586261e-02 0.000000e+00
6.170555e+00 1.712846e-02 0.000000e+00
6.170555e+00 1.849533e-02 0.000000e+00
6.170555e+00 1.997127e-02 0.000000e+00
6.170555e+00 2.156500e-02 0.000000e+00
6.170555e+00 2.328591e-02 0.000000e+00
6.170555e+00 2.514415e-02 0.000000e+00
6.170555e+00 2.715068e-02 0.000000e+00
6.170555e+00 2.931733e-02 0.000000e+00
6.170555e+00 3.165689e-02 0.000000e+00
6.170555e+00 3.418314e-02 0.000000e+00
6.170555e+00 3.691099e-02 0.000000e+00
6.170555e+00 3.985652e-02 0.000000e+00
6.170555e+00 4.303711e-02 0.000000e+00
6.170555e+00 4.647152e-02 0.000000e+00
6.170555e+00 5.017999e-02 0.000000e+00
6.170555e+00 5.418441e-02 0.000000e+00
6.170555e+00 5.850838e-02 0.000000e+00
6.170555e+00 6.317741e-02 0.000000e+00
6.170555e+00 6.821903e-02 0.000000e+00
6.170555e+00 7.366298e-02 0.000000e+00
6.170555e+00 7.954136e-02 0.000000e+00
6.170555e+00 8.588885e-02 0.000000e+00
6.170555e+00 9.274286e-02 0.000000e+00
6.170555e+00 1.001438e-01 0.000000e+00
6.170555e+00 1.081354e-01 0.000000e+00
6.170555e+00 1.167647e-01 0.000000e+00
6.170555e+00 1.260827e-01 0.000000e+00
6.170555e+00 1.361442e-01 0.000000e+00
6.170555e+00 1.470087e-01 0.000000e+00
6.170555e+00 1.587401e-01 0.000000e+00
6.170555e+00 1.714077e-01 0.000000e+00
6.170555e+00 1.850862e-01 0.000000e+00
6.170555e+00 1.998563e-01 0.000000e+00
6.170555e+00 2.158051e-01 0.000000e+00
6.170555e+00 2.330265e-01 0.000000e+00
6.170555e+00 2.516223e-01 0.000000e+00
6.170555e+00 2.717020e-01 0.000000e+00
6.170555e+00 2.933841e-01 0.000000e+00
6.170555e+00 3.167964e-01 0.000000e+00
6.170555e+00 3.420771e-01 0.000000e+00
6.170555e+00 3.693752e-01 0.000000e+00
6.170555e+00 3.988518e-01 0.000000e+00
6.170555e+00 4.306805e-01 0.000000e+00
6.170555e+00 4.650493e-01 0.000000e+00
6.170555e+00 5.021607e-01 0.000000e+00
6.170555e+00 5.422336e-01 0.000000e+00
6.170555e+00 5.855044e-01 0.000000e+00
6.170555e+00 6.322283e-01 0.000000e+00
6.170555e+00 6.826808e-01 0.000000e+00
6.170555e+00 7.371594e-01 0.000000e+00
6.170555e+00 7.959855e-01 0.000000e+00
6.170555e+00 8.595059e-01 0.000000e+00
6.170555e+00 9.280954e-01 0.000000e+00
6.170555e+00 1.002158e+00 0.000000e+00
6.170555e+00 1.082132e+00 0.000000e+00
6.170555e+00 1.168487e+00 0.000000e+00
6.170555e+00 1.261733e+00 0.000000e+00
6.170555e+00 1.362421e+00 0.000000e+00
6.170555e+00 1.471144e+00 0.000000e+00
6.170555e+00 1.588542e+00 0.000000e+00
6.170555e+00 1.715310e+00 0.000000e+00
6.170555e+00 1.852193e+00 0.000000e+00
6.170555e+00 2.000000e+00 0.000000e+00
6.313967e+00 1.000000e-03 0.000000e+00
6.313967e+00 1.079801e-03 0.000000e+00
6.313967e+00 1.165970e-03 0.000000e+00
6.313967e+00 1.259016e-03 0.000000e+00
6.313967e+00 1.359487e-03 0.000000e+00
6.313967e+00 1.467975e-03 0.000000e+00
6.313967e+00 1.585121e-03 0.000000e+00
6.313967e+00 1.711615e-03 0.000000e+00
6.313967e+00 1.848204e-03 0.000000e+00
6.313967e+00 1.995693e-03 0.000000e+00
6.313967e+00 2.154951e-03 0.000000e+00
6.313967e+00 2.326918e-03 0.000000e+00
6.313967e+00 2.512609e-03 0.000000e+00
6.313967e+00 2.713117e-03 0.000000e+00
6.313967e+00 2.929627e-03 0.000000e+00
6.313967e+00 3.163414e-03 0.000000e+00
6.313967e+00 3.415858e-03 0.000000e+00
6.313967e+00 3.688447e-03 0.000000e+00
6.313967e+00 3.982789e-03 0.000000e+00
6.313967e+00 4.300619e-03 0.000000e+00
6.313967e+00 4.643813e-03 0.000000e+00
6.313967e+00 5.014394e-03 0.000000e+00
6.313967e+00 5.414548e-03 0.000000e+00
6.313967e+00 5.846635e-03 0.000000e+00
6.313967e+00 6.313202e-03 0.000000e+00
6.313967e+00 6.817002e-03 0.000000e+00
6.313967e+00 7.361006e-03 0.000000e+00
6.313967e+00 7.948422e-03 0.000000e+00
6.313967e+00 8.582714e-03 0.000000e+00
6.313967e+00 9.267624e-03 0.000000e+00
6.313967e+00 1.000719e-02 0.000000e+00
6.313967e+00 1.080577e-02 0.000000e+00
6.313967e+00 1.166809e-02 0.000000e+00
6.313967e+00 1.259921e-02 0.000000e+00
6.313967e+00 1.360464e-02 0.000000e+00
6.313967e+00 1.469030e-02 0.000000e+00
6.313967e+00 1.586261e-02 0.000000e+00
6.313967e+00 1.712846e-02 0.000000e+00
6.313967e+00 1.849533e-02 0.000000e+00
6.313967e+00 1.997127e-02 0.000000e+00
6.313967e+00 2.156500e-02 0.000000e+00
6.313967e+00 2.328591e-02 0.000000e+00
6.313967e+00 2.514415e-02 0.000000e+00
6.313967e+00 2.715068e-02 0.000000e+00
6.313967e+00 2.931733e-02 0.000000e+00
6.313967e+00 3.165689e-02 0.000000e+00
6.313967e+00 3.418314e-02 0.000000e+00
6.313967e+00 3.691099e-02 0.000000e+00
6.313967e+00 3.985652e-02 0.000000e+00
6.313967e+00 4.303711e-02 0.000000e+00
6.313967e+00 4.647152e-02 0.000000e+00
6.313967e+00 5.017999e-02 0.000000e+00
6.313967e+00 5.418441e-02 0.000000e+00
6.313967e+00 5.850838e-02 0.000000e+00
6.313967e+00 6.317741e-02 0.000000e+00
6.313967e+00 6.821903e-02 0.000000e+00
6.313967e+00 7.366298e-02 0.000000e+00
6.313967e+00 7.954136e-02 0.000000e+00
6.313967e+00 8.588885e-02 0.000000e+00
6.313967e+00 9.274286e-02 0.000000e+00
6.313967e+00 1.001438e-01 0.000000e+00
6.313967e+00 1.081354e-01 0.000000e+00
6.313967e+00 1.167647e-01 0.000000e+00
6.313967e+00 1.260827e-01 0.000000e+00
6.313967e+00 1.361442e-01 0.000000e+00
6.313967e+00 1.470087e-01 0.000000e+00
6.313967e+00 1.587401e-01 0.000000e+00
6.313967e+00 1.714077e-01 0.000000e+00
6.313967e+00 1.850862e-01 0.000000e+00
6.313967e+00 1.998563e-01 0.000000e+00
6.313967e+00 2.158051e-01 0.000000e+00
6.313967e+00 2.330265e-01 0.000000e+00
6.313967e+00 2.516223e-01 0.000000e+00
6.313967e+00 2.717020e-01 0.000000e+00
6.313967e+00 2.933841e-01 0.000000e+00
6.313967e+00 3.167964e-01 0.000000e+00
6.313967e+00 3.420771e-01 0.000000e+00
6.313967e+00 3.693752e-01 0.000000e+00
6.313967e+00 3.988518e-01 0.000000e+00
6.313967e+00 4.306805e-01 0.000000e+00
6.313967e+00 4.650493e-01 0.000000e+00
6.313967e+00 5.021607e-01 0.000000e+00
6.313967e+00 5.422336e-01 0.000000e+00
6.313967e+00 5.855044e-01 0.000000e+00
6.313967e+00 6.322283e-01 0.000000e+00
6.313967e+00 6.826808e-01 0.000000e+00
6.313967e+00 7.371594e-01 0.000000e+00
6.313967e+00 7.959855e-01 0.000000e+00
6.313967e+00 8.595059e-01 0.000000e+00
6.313967e+00 9.280954e-01 0.000000e+00
6.313967e+00 1.002158e+00 0.000000e+00
6.313967e+00 1.082132e+00 0.000000e+00
6.313967e+00 1.168487e+00 0.000000e+00
6.313967e+00 1.261733e+00 0.000000e+00
6.313967e+00 1.362421e+00 0.000000e+00
6.313967e+00 1.471144e+00 0.000000e+00
6.313967e+00 1.588542e+00 0.000000e+00
6.313967e+00 1.715310e+00 0.000000e+00
6.313967e+00 1.852193e+00 0.000000e+00
6.313967e+00 2.000000e+00 0.000000e+00
6.460246e+00 1.000000e-03 0.000000e+00
6.460246e+00 1.079801e-03 0.000000e+00
6.460246e+00 1.165970e-03 0.000000e+00
6.460246e+00 1.259016e-03 0.000000e+00
6.460246e+00 1.359487e-03 0.000000e+00
6.460246e+00 1.467975e-03 0.000000e+00
6.460246e+00 1.585121e-03 0.000000e+00
6.460246e+00 1.711615e-03 0.000000e+00
6.460246e+00 1.848204e-03 0.000000e+00
6.460246e+00 1.995693e-03 0.000000e+00
6.460246e+00 2.154951e-03 0.000000e+00
6.460246e+00 2.326918e-03 0.000000e+00
6.460246e+00 2.512609e-03 0.000000e+00
6.460246e+00 2.713117e-03 0.000000e+00
6.460246e+00 2.929627e-03 0.000000e+00
6.460246e+00 3.163414e-03 0.000000e+00
6.460246e+00 3.415858e-03 0.000000e+00
6.460246e+00 3.688447e-03 0.000000e+00
6.460246e+00 3.982789e-03 0.000000e+00
6.460246e+00 4.300619e-03 0.000000e+00
6.460246e+00 4.643813e-03 0.000000e+00
6.460246e+00 5.014394e-03 0.000000e+00
6.460246e+00 5.414548e-03 0.000000e+00
6.460246e+00 5.846635e-03 0.000000e+00
6.460246e+00 6.313202e-03 0.000000e+00
6.460246e+00 6.817002e-03 0.000000e+00
6.460246e+00 7.361006e-03 0.000000e+00
6.460246e+00 7.948422e-03 0.000000e+00
6.460246e+00 8.582714e-03 0.000000e+00
6.460246e+00 9.267624e-03 0.000000e+00
6.460246e+00 1.000719e-02 0.000000e+00
6.460246e+00 1.080577e-02 0.000000e+00
6.460246e+00 1.166809e-02 0.000000e+00
6.460246e+00 1.259921e-02 0.000000e+00
6.460246e+00 1.360464e-02 0.000000e+00
6.460246e+00 1.469030e-02 0.000000e+00
6.460246e+00 1.586261e-02 0.000000e+00
6.460246e+00 1.712846e-02 0.000000e+00
6.460246e+00 1.849533e-02 0.000000e+00
6.460246e+00 1.997127e-02 0.000000e+00
6.460246e+00 2.156500e-02 0.000000e+00
6.460246e+00 2.328591e-02 0.000000e+00
6.460246e+00 2.514415e-02 0.000000e+00
6.460246e+00 2.715068e-02 0.000000e+00
6.460246e+00 2.931733e-02 0.000000e+00
6.460246e+00 3.165689e-02 0.000000e+00
6.460246e+00 3.418314e-02 0.000000e+00
6.460246e+00 3.691099e-02 0.000000e+00
6.460246e+00 3.985652e-02 0.000000e+00
6.460246e+00 4.303711e-02 0.000000e+00
6.460246e+00 4.647152e-02 0.000000e+00
6.460246e+00 5.017999e-02 0.000000e+00
6.460246e+00 5.418441e-02 0.000000e+00
6.460246e+00 5.850838e-02 0.000000e+00
6.460246e+00 6.317741e-02 0.000000e+00
6.460246e+00 6.821903e-02 0.000000e+00
6.460246e+00 7.366298e-02 0.000000e+00
6.460246e+00 7.954136e-02 0.000000e+00
6.460246e+00 8.588885e-02 0.000000e+00
6.460246e+00 9.274286e-02 0.000000e+00
6.460246e+00 1.001438e-01 0.000000e+00
6.460246e+00 1.081354e-01 0.000000e+00
6.460246e+00 1.167647e-01 0.000000e+00
6.460246e+00 1.260827e-01 0.000000e+00
6.460246e+00 1.361442e-01 0.000000e+00
6.460246e+00 1.470087e-01 0.000000e+00
6.460246e+00 1.587401e-01 0.000000e+00
6.460246e+00 1.714077e-01 0.000000e+00
6.460246e+00 1.850862e-01 0.000000e+00
6.460246e+00 1.998563e-01 0.000000e+00
6.460246e+00 2.158051e-01 0.000000e+00
6.460246e+00 2.330265e-01 0.000000e+00
6.460246e+00 2.516223e-01 0.000000e+00
6.460246e+00 2.717020e-01 0.000000e+00
6.460246e+00 2.933841e-01 0.000000e+00
6.460246e+00 3.167964e-01 0.000000e+00
6.460246e+00 3.420771e-01 0.000000e+00
6.460246e+00 3.693752e-01 0.000000e+00
6.460246e+00 3.988518e-01 0.000000e+00
6.460246e+00 4.306805e-01 0.000000e+00
6.460246e+00 4.650493e-01 0.000000e+00
6.460246e+00 5.021607e-01 0.000000e+00
6.460246e+00 5.422336e-01 0.000000e+00
6.460246e+00 5.855044e-01 0.000000e+00
6.460246e+00 6.322283e-01 0.000000e+00
6.460246e+00 6.826808e-01 0.000000e+00
6.460246e+00 7.371594e-01 0.000000e+00
6.460246e+00 7.959855e-01 0.000000e+00
6.460246e+00 8.595059e-01 -1.198808e-20
6.460246e+00 9.280954e-01 0.000000e+00
6.460246e+00 1.002158e+00 -1.198808e-20
6.460246e+00 1.082132e+00 -1.198808e-20
6.460246e+00 1.168487e+00 0.000000e+00
6.460246e+00 1.261733e+00 0.000000e+00
6.460246e+00 1.362421e+00 0.000000e+00
6.460246e+00 1.471144e+00 -1.149877e-21
6.460246e+00 1.588542e+00 0.000000e+00
6.460246e+00 1.715310e+00 0.000000e+00
6.460246e+00 1.852193e+00 0.000000e+00
6.460246e+00 2.000000e+00 0.000000e+00
6.609451e+00 1.000000e-03 -2.322747e-01
6.609451e+00 1.079801e-03 -2.490432e-01
6.609451e+00 1.165970e-03 -2.668701e-01
6.609451e+00 1.259016e-03 -2.857957e-01
6.609451e+00 1.359487e-03 -3.058567e-01
6.609451e+00 1.467975e-03 -3.270871e-01
6.609451e+00 1.585121e-03 -3.495151e-01
6.609451e+00 1.711615e-03 -3.731627e-01
6.609451e+00 1.848204e-03 -3.980454e-01
6.609451e+00 1.995693e-03 -4.241673e-01
6.609451e+00 2.154951e-03 -4.515192e-01
6.609451e+00 2.326918e-03 -4.800803e-01
6.609451e+00 2.512609e-03 -5.098130e-01
6.609451e+00 2.713117e-03 -5.406605e-01
6.609451e+00 2.929627e-03 -5.725487e-01
6.609451e+00 3.163414e-03 -6.053781e-01
6.609451e+00 3.415858e-03 -6.390222e-01
6.609451e+00 3.688447e-03 -6.733303e-01
6.609451e+00 3.982789e-03 -7.081168e-01
6.609451e+00 4.300619e-03 -7.431600e-01
6.609451e+00 4.643813e-03 -7.782082e-01
6.609451e+00 5.014394e-03 -8.129636e-01
6.609451e+00 5.414548e-03 -8.470823e-01
6.609451e+00 5.846635e-03 -8.801887e-01
6.609451e+00 6.313202e-03 -9.118493e-01
6.609451e+00 6.817002e-03 -9.415781e-01
6.609451e+00 7.361006e-03 -9.688641e-01
6.609451e+00 7.948422e-03 -9.931341e-01
6.609451e+00 8.582714e-03 -1.013767e+00
6.609451e+00 9.267624e-03 -1.030146e+00
6.609451e+00 1.000719e-02 -1.041613e+00
6.609451e+00 1.080577e-02 -1.047505e+00
6.609451e+00 1.166809e-02 -1.047225e+00
6.609451e+00 1.259921e-02 -1.040245e+00
6.609451e+00 1.360464e-02 -1.026141e+00
6.609451e+00 1.469030e-02 -1.004664e+00
6.609451e+00 1.586261e-02 -9.758670e-01
6.609451e+00 1.712846e-02 -9.400891e-01
6.609451e+00 1.849533e-02 -8.978929e-01
6.609451e+00 1.997127e-02 -8.504945e-01
6.609451e+00 2.156500e-02 -7.995225e-01
6.609451e+00 2.328591e-02 -7.465489e-01
6.609451e+00 2.514415e-02 -6.937335e-01
6.609451e+00 2.715068e-02 -6.433815e-01
6.609451e+00 2.931733e-02 -5.972234e-01
6.609451e+00 3.165689e-02 -5.565279e-01
6.609451e+00 3.418314e-02 -5.220578e-01
6.609451e+00 3.691099e-02 -4.932801e-01
6.609451e+00 3.985652e-02 -4.684521e-01
6.609451e+00 4.303711e-02 -4.446494e-01
6.609451e+00 4.647152e-02 -4.183223e-01
6.609451e+00 5.017999e-02 -3.864531e-01
6.609451e+00 5.418441e-02 -4.036550e-01
6.609451e+00 5.850838e-02 -5.159218e-01
6.609451e+00 6.317741e-02 -6.371476e-01
6.609451e+00 6.821903e-02 -7.680473e-01
6.609451e+00 7.366298e-02 -8.827198e-01
6.609451e+00 7.954136e-02 -7.341815e-01
6.609451e+00 8.588885e-02 -5.737897e-01
6.609451e+00 9.274286e-02 -4.005985e-01
6.609451e+00 1.001438e-01 -2.135864e-01
6.609451e+00 1.081354e-01 -1.310119e-01
6.609451e+00 1.167647e-01 -9.879520e-02
6.609451e+00 1.260827e-01 -6.400761e-02
6.609451e+00 1.361442e-01 -2.644394e-02
6.609451e+00 1.470087e-01 5.234256e-03
6.609451e+00 1.587401e-01 1.600136e-03
6.609451e+00 1.714077e-01 -2.323990e-03
6.609451e+00 1.850862e-01 -6.561266e-03
6.609451e+00 1.998563e-01 -1.113668e-02
6.609451e+00 2.158051e-01 -9.617761e-03
6.609451e+00 2.330265e-01 -6.687392e-03
6.609451e+00 2.516223e-01 -3.523176e-03
6.609451e+00 2.717020e-01 -1.064527e-04
6.609451e+00 2.933841e-01 1.583801e-03
6.609451e+00 3.167964e-01 8.681827e-04
6.609451e+00 3.420771e-01 9.545687e-05
6.609451e+00 3.693752e-01 -7.389333e-04
6.609451e+00 3.988518e-01 -1.563867e-03
6.609451e+00 4.306805e-01 -1.388022e-03
6.609451e+00 4.650493e-01 -1.198143e-03
6.609451e+00 5.021607e-01 -9.931125e-04
6.609451e+00 5.422336e-01 -7.717200e-04
6.609451e+00 5.855044e-01 -6.191671e-04
6.609451e+00 6.322283e-01 -4.947531e-04
6.609451e+00 6.826808e-01 -3.604108e-04
6.609451e+00 7.371594e-01 -2.153478e-04
6.609451e+00 7.959855e-01 -1.048836e-04
6.609451e+00 8.595059e-01 -9.425717e-05
6.609451e+00 9.280954e-01 -8.278278e-05
6.609451e+00 1.002158e+00 -7.039272e-05
6.609451e+00 1.082132e+00 -5.701392e-05
6.609451e+00 1.168487e+00 -4.947678e-05
6.609451e+00 1.261733e+00 -4.192663e-05
6.609451e+00 1.362421e+00 -3.377397e-05
6.609451e+00 1.471144e+00 -2.497072e-05
6.609451e+00 1.588542e+00 -1.939937e-05
6.609451e+00 1.715310e+00 -1.682815e-05
6.609451e+00 1.852193e+00 -1.405175e-05
6.609451e+00 2.000000e+00 -1.105378e-05
6.761640e+00 1.000000e-03 -1.901242e+01
6.761640e+00 1.079801e-03 -2.038521e+01
6.761640e+00 1.165970e-03 -2.184467e+01
6.761640e+00 1.259016e-03 -2.339406e+01
6.761640e+00 1.359487e-03 -2.503642e+01
6.761640e+00 1.467975e-03 -2.677448e+01
6.761640e+00 1.585121e-03 -2.861058e+01
6.761640e+00 1.711615e-03 -3.054650e+01
6.761640e+00 1.848204e-03 -3.258352e+01
6.761640e+00 1.995693e-03 -3.472197e+01
6.761640e+00 2.154951e-03 -3.696111e+01
6.761640e+00 2.326918e-03 -3.929924e+01
6.761640e+00 2.512609e-03 -4.173328e+01
6.761640e+00 2.713117e-03 -4.425858e+01
6.761640e+00 2.929627e-03 -4.686906e+01
6.761640e+00 3.163414e-03 -4.955659e+01
6.761640e+00 3.415858e-03 -5.231080e+01
6.761640e+00 3.688447e-03 -5.511936e+01
6.761640e+00 3.982789e-03 -5.796709e+01
6.761640e+00 4.300619e-03 -6.083583e+01
6.761640e+00 4.643813e-03 -6.370497e+01
6.761640e+00 5.014394e-03 -6.655014e+01
6.761640e+00 5.414548e-03 -6.934319e+01
6.761640e+00 5.846635e-03 -7.205336e+01
6.761640e+00 6.313202e-03 -7.464518e+01
6.761640e+00 6.817002e-03 -7.707886e+01
6.761640e+00 7.361006e-03 -7.931256e+01
6.761640e+00 7.948422e-03 -8.129936e+01
6.761640e+00 8.582714e-03 -8.298845e+01
6.761640e+00 9.267624e-03 -8.432924e+01
6.761640e+00 1.000719e-02 -8.526802e+01
6.761640e+00 1.080577e-02 -8.575034e+01
6.761640e+00 1.166809e-02 -8.572744e+01
6.761640e+00 1.259921e-02 -8.515605e+01
6.761640e+00 1.360464e-02 -8.400149e+01
6.761640e+00 1.469030e-02 -8.224338e+01
6.761640e+00 1.586261e-02 -7.988601e+01
6.761640e+00 1.712846e-02 -7.695718e+01
6.761640e+00 1.849533e-02 -7.350293e+01
6.761640e+00 1.997127e-02 -6.962283e+01
6.761640e+00 2.156500e-02 -6.545019e+01
6.761640e+00 2.328591e-02 -6.111369e+01
6.761640e+00 2.514415e-02 -5.679014e+01
6.761640e+00 2.715068e-02 -5.266824e+01
6.761640e+00 2.931733e-02 -4.888967e+01
6.761640e+00 3.165689e-02 -4.555826e+01
6.761640e+00 3.418314e-02 -4.273648e+01
6.761640e+00 3.691099e-02 -4.038070e+01
6.761640e+00 3.985652e-02 -3.834824e+01
6.761640e+00 4.303711e-02 -3.639971e+01
6.761640e+00 4.647152e-02 -3.424454e+01
6.761640e+00 5.017999e-02 -3.163567e+01
6.761640e+00 5.418441e-02 -2.839124e+01
6.761640e+00 5.850838e-02 -2.462660e+01
6.761640e+00 6.317741e-02 -2.056155e+01
6.761640e+00 6.821903e-02 -1.617210e+01
6.761640e+00 7.366298e-02 -1.170084e+01
6.761640e+00 7.954136e-02 -9.614171e+00
6.761640e+00 8.588885e-02 -7.360982e+00
6.761640e+00 9.274286e-02 -4.927987e+00
6.761640e+00 1.001438e-01 -2.300836e+00
6.761640e+00 1.081354e-01 -1.429082e+00
6.761640e+00 1.167647e-01 -1.425286e+00
6.761640e+00 1.260827e-01 -1.421188e+00
6.761640e+00 1.361442e-01 -1.416763e+00
6.761640e+00 1.470087e-01 -1.368509e+00
6.761640e+00 1.587401e-01 -1.131213e+00
6.761640e+00 1.714077e-01 -8.749799e-01
6.761640e+00 1.850862e-01 -5.982992e-01
6.761640e+00 1.998563e-01 -2.995391e-01
6.761640e+00 2.158051e-01 -2.398007e-01
6.761640e+00 2.330265e-01 -2.278004e-01
6.761640e+00 2.516223e-01 -2.148424e-01
6.761640e+00 2.717020e-01 -2.008504e-01
6.761640e+00 2.933841e-01 -1.788553e-01
6.761640e+00 3.167964e-01 -1.463527e-01
6.761640e+00 3.420771e-01 -1.112564e-01
6.761640e+00 3.693752e-01 -7.335937e-02
6.761640e+00 3.988518e-01 -3.504006e-02
6.761640e+00 4.306805e-01 -3.015955e-02
6.761640e+00 4.650493e-01 -2.488957e-02
6.761640e+00 5.021607e-01 -1.919904e-02
6.761640e+00 5.422336e-01 -1.305440e-02
6.761640e+00 5.855044e-01 -1.006768e-02
6.761640e+00 6.322283e-01 -8.542731e-03
6.761640e+00 6.826808e-01 -6.896090e-03
6.761640e+00 7.371594e-01 -5.118046e-03
6.761640e+00 7.959855e-01 -3.650923e-03
6.761640e+00 8.595059e-01 -3.132215e-03
6.761640e+00 9.280954e-01 -2.572115e-03
6.761640e+00 1.002158e+00 -1.967317e-03
6.761640e+00 1.082132e+00 -1.314257e-03
6.761640e+00 1.168487e+00 -1.107364e-03
6.761640e+00 1.261733e+00 -9.264001e-04
6.761640e+00 1.362421e+00 -7.309950e-04
6.761640e+00 1.471144e+00 -5.199963e-04
6.761640e+00 1.588542e+00 -3.914788e-04
6.761640e+00 1.715310e+00 -3.396633e-04
6.761640e+00 1.852193e+00 -2.837128e-04
6.761640e+00 2.000000e+00 -2.232975e-04
6.916873e+00 1.000000e-03 -4.709098e+01
6.916873e+00 1.079801e-03 -5.049179e+01
6.916873e+00 1.165970e-03 -5.410732e+01
6.916873e+00 1.259016e-03 -5.794567e+01
6.916873e+00 1.359487e-03 -6.201428e+01
6.916873e+00 1.467975e-03 -6.631997e+01
6.916873e+00 1.585121e-03 -7.086846e+01
6.916873e+00 1.711615e-03 -7.566421e+01
6.916873e+00 1.848204e-03 -8.071036e+01
6.916873e+00 1.995693e-03 -8.600773e+01
6.916873e+00 2.154951e-03 -9.155452e+01
6.916873e+00 2.326918e-03 -9.734654e+01
6.916873e+00 2.512609e-03 -1.033761e+02
6.916873e+00 2.713117e-03 -1.096318e+02
6.916873e+00 2.929627e-03 -1.160984e+02
6.916873e+00 3.163414e-03 -1.227559e+02
6.916873e+00 3.415858e-03 -1.295785e+02
6.916873e+00 3.688447e-03 -1.365358e+02
6.916873e+00 3.982789e-03 -1.435901e+02
6.916873e+00 4.300619e-03 -1.506964e+02
6.916873e+00 4.643813e-03 -1.578037e+02
6.916873e+00 5.014394e-03 -1.648516e+02
6.916873e+00 5.414548e-03 -1.717705e+02
6.916873e+00 5.846635e-03 -1.784840e+02
6.916873e+00 6.313202e-03 -1.849043e+02
6.916873e+00 6.817002e-03 -1.909329e+02
6.916873e+00 7.361006e-03 -1.964661e+02
6.916873e+00 7.948422e-03 -2.013876e+02
6.916873e+00 8.582714e-03 -2.055717e+02
6.916873e+00 9.267624e-03 -2.088931e+02
6.916873e+00 1.000719e-02 -2.112187e+02
6.916873e+00 1.080577e-02 -2.124135e+02
6.916873e+00 1.166809e-02 -2.123569e+02
6.916873e+00 1.259921e-02 -2.109415e+02
6.916873e+00 1.360464e-02 -2.080815e+02
6.916873e+00 1.469030e-02 -2.037265e+02
6.916873e+00 1.586261e-02 -1.978870e+02
6.916873e+00 1.712846e-02 -1.906320e+02
6.916873e+00 1.849533e-02 -1.820754e+02
6.916873e+00 1.997127e-02 -1.724640e+02
6.916873e+00 2.156500e-02 -1.621279e+02
6.916873e+00 2.328591e-02 -1.513858e+02
6.916873e+00 2.514415e-02 -1.406759e+02
6.916873e+00 2.715068e-02 -1.304655e+02
6.916873e+00 2.931733e-02 -1.211055e+02
6.916873e+00 3.165689e-02 -1.128532e+02
6.916873e+00 3.418314e-02 -1.058633e+02
6.916873e+00 3.691099e-02 -1.000278e+02
6.916873e+00 3.985652e-02 -9.499314e+01
6.916873e+00 4.303711e-02 -9.016640e+01
6.916873e+00 4.647152e-02 -8.482778e+01
6.916873e+00 5.017999e-02 -7.836530e+01
6.916873e+00 5.418441e-02 -7.060473e+01
6.916873e+00 5.850838e-02 -6.204854e+01
6.916873e+00 6.317741e-02 -5.280956e+01
6.916873e+00 6.821903e-02 -4.283330e+01
6.916873e+00 7.366298e-02 -3.266086e+01
6.916873e+00 7.954136e-02 -2.780275e+01
6.916873e+00 8.588885e-02 -2.255695e+01
6.916873e+00 9.274286e-02 -1.689253e+01
6.916873e+00 1.001438e-01 -1.077609e+01
6.916873e+00 1.081354e-01 -8.110779e+00
6.916873e+00 1.167647e-01 -7.112183e+00
6.916873e+00 1.260827e-01 -6.033898e+00
6.916873e+00 1.361442e-01 -4.869565e+00
6.916873e+00 1.470087e-01 -3.767205e+00
6.916873e+00 1.587401e-01 -3.236666e+00
6.916873e+00 1.714077e-01 -2.663790e+00
6.916873e+00 1.850862e-01 -2.045198e+00
6.916873e+00 1.998563e-01 -1.377242e+00
6.916873e+00 2.158051e-01 -1.151758e+00
6.916873e+00 2.330265e-01 -1.007308e+00
6.916873e+00 2.516223e-01 -8.513302e-01
6.916873e+00 2.717020e-01 -6.829056e-01
6.916873e+00 2.933841e-01 -5.456594e-01
6.916873e+00 3.167964e-01 -4.541682e-01
6.916873e+00 3.420771e-01 -3.553759e-01
6.916873e+00 3.693752e-01 -2.486999e-01
6.916873e+00 3.988518e-01 -1.404765e-01
6.916873e+00 4.306805e-01 -1.213186e-01
6.916873e+00 4.650493e-01 -1.006319e-01
6.916873e+00 5.021607e-01 -7.829429e-02
6.916873e+00 5.422336e-01 -5.417416e-02
6.916873e+00 5.855044e-01 -4.206062e-02
6.916873e+00 6.322283e-01 -3.547254e-02
6.916873e+00 6.826808e-01 -2.835873e-02
6.916873e+00 7.371594e-01 -2.067722e-02
6.916873e+00 7.959855e-01 -1.437514e-02
6.916873e+00 8.595059e-01 -1.225842e-02
6.916873e+00 9.280954e-01 -9.972789e-03
6.916873e+00 1.002158e+00 -7.504760e-03
6.916873e+00 1.082132e+00 -4.839780e-03
6.916873e+00 1.168487e+00 -4.076883e-03
6.916873e+00 1.261733e+00 -3.433220e-03
6.916873e+00 1.362421e+00 -2.738191e-03
6.916873e+00 1.471144e+00 -1.987698e-03
6.916873e+00 1.588542e+00 -1.516799e-03
6.916873e+00 1.715310e+00 -1.305552e-03
6.916873e+00 1.852193e+00 -1.077448e-03
6.916873e+00 2.000000e+00 -8.311402e-04
7.075210e+00 1.000000e-03 -1.590492e+02
7.075210e+00 1.079801e-03 -1.705375e+02
7.075210e+00 1.165970e-03 -1.827512e+02
7.075210e+00 1.259016e-03 -1.957177e+02
7.075210e+00 1.359487e-03 -2.094620e+02
7.075210e+00 1.467975e-03 -2.240071e+02
7.075210e+00 1.585121e-03 -2.393722e+02
7.075210e+00 1.711615e-03 -2.555724e+02
7.075210e+00 1.848204e-03 -2.726183e+02
7.075210e+00 1.995693e-03 -2.905128e+02
7.075210e+00 2.154951e-03 -3.092497e+02
7.075210e+00 2.326918e-03 -3.288150e+02
7.075210e+00 2.512609e-03 -3.491828e+02
7.075210e+00 2.713117e-03 -3.703142e+02
7.075210e+00 2.929627e-03 -3.921582e+02
7.075210e+00 3.163414e-03 -4.146467e+02
7.075210e+00 3.415858e-03 -4.376931e+02
7.075210e+00 3.688447e-03 -4.611943e+02
7.075210e+00 3.982789e-03 -4.850231e+02
7.075210e+00 4.300619e-03 -5.090277e+02
7.075210e+00 4.643813e-03 -5.330356e+02
7.075210e+00 5.014394e-03 -5.568428e+02
7.075210e+00 5.414548e-03 -5.802139e+02
7.075210e+00 5.846635e-03 -6.028916e+02
7.075210e+00 6.313202e-03 -6.245789e+02
7.075210e+00 6.817002e-03 -6.449428e+02
7.075210e+00 7.361006e-03 -6.636333e+02
7.075210e+00 7.948422e-03 -6.802578e+02
7.075210e+00 8.582714e-03 -6.943913e+02
7.075210e+00 9.267624e-03 -7.056107e+02
7.075210e+00 1.000719e-02 -7.134664e+02
7.075210e+00 1.080577e-02 -7.175027e+02
7.075210e+00 1.166809e-02 -7.173116e+02
7.075210e+00 1.259921e-02 -7.125307e+02
7.075210e+00 1.360464e-02 -7.028703e+02
7.075210e+00 1.469030e-02 -6.881596e+02
7.075210e+00 1.586261e-02 -6.684348e+02
7.075210e+00 1.712846e-02 -6.439284e+02
7.075210e+00 1.849533e-02 -6.150255e+02
7.075210e+00 1.997127e-02 -5.825594e+02
7.075210e+00 2.156500e-02 -5.476454e+02
7.075210e+00 2.328591e-02 -5.113604e+02
7.075210e+00 2.514415e-02 -4.751837e+02
7.075210e+00 2.715068e-02 -4.406943e+02
7.075210e+00 2.931733e-02 -4.090777e+02
7.075210e+00 3.165689e-02 -3.812026e+02
7.075210e+00 3.418314e-02 -3.575918e+02
7.075210e+00 3.691099e-02 -3.378801e+02
7.075210e+00 3.985652e-02 -3.208737e+02
7.075210e+00 4.303711e-02 -3.045697e+02
7.075210e+00 4.647152e-02 -2.865365e+02
7.075210e+00 5.017999e-02 -2.647072e+02
7.075210e+00 5.418441e-02 -2.394372e+02
7.075210e+00 5.850838e-02 -2.131645e+02
7.075210e+00 6.317741e-02 -1.847952e+02
7.075210e+00 6.821903e-02 -1.541620e+02
7.075210e+00 7.366298e-02 -1.226731e+02
7.075210e+00 7.954136e-02 -1.048948e+02
7.075210e+00 8.588885e-02 -8.569771e+01
7.075210e+00 9.274286e-02 -6.496873e+01
7.075210e+00 1.001438e-01 -4.258556e+01
7.075210e+00 1.081354e-01 -3.267070e+01
7.075210e+00 1.167647e-01 -2.876547e+01
7.075210e+00 1.260827e-01 -2.454860e+01
7.075210e+00 1.361442e-01 -1.999521e+01
7.075210e+00 1.470087e-01 -1.565275e+01
7.075210e+00 1.587401e-01 -1.341008e+01
7.075210e+00 1.714077e-01 -1.098844e+01
7.075210e+00 1.850862e-01 -8.373558e+00
7.075210e+00 1.998563e-01 -5.550003e+00
7.075210e+00 2.158051e-01 -4.558095e+00
7.075210e+00 2.330265e-01 -3.897898e+00
7.075210e+00 2.516223e-01 -3.185017e+00
7.075210e+00 2.717020e-01 -2.415247e+00
7.075210e+00 2.933841e-01 -1.839445e+00
7.075210e+00 3.167964e-01 -1.542284e+00
7.075210e+00 3.420771e-01 -1.221409e+00
7.075210e+00 3.693752e-01 -8.749284e-01
7.075210e+00 3.988518e-01 -5.228131e-01
7.075210e+00 4.306805e-01 -4.513948e-01
7.075210e+00 4.650493e-01 -3.742773e-01
7.075210e+00 5.021607e-01 -2.910057e-01
7.075210e+00 5.422336e-01 -2.010890e-01
7.075210e+00 5.855044e-01 -1.558885e-01
7.075210e+00 6.322283e-01 -1.312628e-01
7.075210e+00 6.826808e-01 -1.046720e-01
7.075210e+00 7.371594e-01 -7.595922e-02
7.075210e+00 7.959855e-01 -5.245365e-02
7.075210e+00 8.595059e-01 -4.471687e-02
7.075210e+00 9.280954e-01 -3.636268e-02
7.075210e+00 1.002158e+00 -2.734183e-02
7.075210e+00 1.082132e+00 -1.760110e-02
7.075210e+00 1.168487e+00 -1.480869e-02
7.075210e+00 1.261733e+00 -1.245145e-02
7.075210e+00 1.362421e+00 -9.906094e-03
7.075210e+00 1.471144e+00 -7.157617e-03
7.075210e+00 1.588542e+00 -5.440830e-03
7.075210e+00 1.715310e+00 -4.682361e-03
7.075210e+00 1.852193e+00 -3.863365e-03
7.075210e+00 2.000000e+00 -2.979013e-03
7.236714e+00 1.000000e-03 -3.084368e+02
7.236714e+00 1.079801e-03 -3.307197e+02
7.236714e+00 1.165970e-03 -3.544099e+02
7.236714e+00 1.259016e-03 -3.795602e+02
7.236714e+00 1.359487e-03 -4.062192e+02
7.236714e+00 1.467975e-03 -4.344311e+02
7.236714e+00 1.585121e-03 -4.642333e+02
7.236714e+00 1.711615e-03 -4.956550e+02
7.236714e+00 1.848204e-03 -5.287166e+02
7.236714e+00 1.995693e-03 -5.634238e+02
7.236714e+00 2.154951e-03 -5.997649e+02
7.236714e+00 2.326918e-03 -6.377126e+02
7.236714e+00 2.512609e-03 -6.772168e+02
7.236714e+00 2.713117e-03 -7.182021e+02
7.236714e+00 2.929627e-03 -7.605693e+02
7.236714e+00 3.163414e-03 -8.041862e+02
7.236714e+00 3.415858e-03 -8.488851e+02
7.236714e+00 3.688447e-03 -8.944659e+02
7.236714e+00 3.982789e-03 -9.406823e+02
7.236714e+00 4.300619e-03 -9.872395e+02
7.236714e+00 4.643813e-03 -1.033803e+03
7.236714e+00 5.014394e-03 -1.079977e+03
7.236714e+00 5.414548e-03 -1.125306e+03
7.236714e+00 5.846635e-03 -1.169289e+03
7.236714e+00 6.313202e-03 -1.211352e+03
7.236714e+00 6.817002e-03 -1.250848e+03
7.236714e+00 7.361006e-03 -1.287098e+03
7.236714e+00 7.948422e-03 -1.319341e+03
7.236714e+00 8.582714e-03 -1.346753e+03
7.236714e+00 9.267624e-03 -1.368513e+03
7.236714e+00 1.000719e-02 -1.383749e+03
7.236714e+00 1.080577e-02 -1.391578e+03
7.236714e+00 1.166809e-02 -1.391208e+03
7.236714e+00 1.259921e-02 -1.381936e+03
7.236714e+00 1.360464e-02 -1.363200e+03
7.236714e+00 1.469030e-02 -1.334669e+03
7.236714e+00 1.586261e-02 -1.296413e+03
7.236714e+00 1.712846e-02 -1.248884e+03
7.236714e+00 1.849533e-02 -1.192828e+03
7.236714e+00 1.997127e-02 -1.129860e+03
7.236714e+00 2.156500e-02 -1.062146e+03
7.236714e+00 2.328591e-02 -9.917717e+02
7.236714e+00 2.514415e-02 -9.216079e+02
7.236714e+00 2.715068e-02 -8.547166e+02
7.236714e+00 2.931733e-02 -7.933968e+02
7.236714e+00 3.165689e-02 -7.393337e+02
7.236714e+00 3.418314e-02 -6.935410e+02
7.236714e+00 3.691099e-02 -6.553107e+02
7.236714e+00 3.985652e-02 -6.223273e+02
7.236714e+00 4.303711e-02 -5.907059e+02
7.236714e+00 4.647152e-02 -5.557311e+02
7.236714e+00 5.017999e-02 -5.133935e+02
7.236714e+00 5.418441e-02 -4.677122e+02
7.236714e+00 5.850838e-02 -4.260272e+02
7.236714e+00 6.317741e-02 -3.810156e+02
7.236714e+00 6.821903e-02 -3.324121e+02
7.236714e+00 7.366298e-02 -2.812759e+02
7.236714e+00 7.954136e-02 -2.398024e+02
7.236714e+00 8.588885e-02 -1.950193e+02
7.236714e+00 9.274286e-02 -1.466625e+02
7.236714e+00 1.001438e-01 -9.444678e+01
7.236714e+00 1.081354e-01 -7.133148e+01
7.236714e+00 1.167647e-01 -6.224343e+01
7.236714e+00 1.260827e-01 -5.243015e+01
7.236714e+00 1.361442e-01 -4.183375e+01
7.236714e+00 1.470087e-01 -3.192050e+01
7.236714e+00 1.587401e-01 -2.772830e+01
7.236714e+00 1.714077e-01 -2.320156e+01
7.236714e+00 1.850862e-01 -1.831359e+01
7.236714e+00 1.998563e-01 -1.303555e+01
7.236714e+00 2.158051e-01 -1.083606e+01
7.236714e+00 2.330265e-01 -9.160108e+00
7.236714e+00 2.516223e-01 -7.350411e+00
7.236714e+00 2.717020e-01 -5.396298e+00
7.236714e+00 2.933841e-01 -3.992579e+00
7.236714e+00 3.167964e-01 -3.374545e+00
7.236714e+00 3.420771e-01 -2.707190e+00
7.236714e+00 3.693752e-01 -1.986580e+00
7.236714e+00 3.988518e-01 -1.252816e+00
7.236714e+00 4.306805e-01 -1.082598e+00
7.236714e+00 4.650493e-01 -8.987958e-01
7.236714e+00 5.021607e-01 -7.003261e-01
7.236714e+00 5.422336e-01 -4.860184e-01
7.236714e+00 5.855044e-01 -3.769542e-01
7.236714e+00 6.322283e-01 -3.162005e-01
7.236714e+00 6.826808e-01 -2.505986e-01
7.236714e+00 7.371594e-01 -1.797616e-01
7.236714e+00 7.959855e-01 -1.221057e-01
7.236714e+00 8.595059e-01 -1.041664e-01
7.236714e+00 9.280954e-01 -8.479549e-02
7.236714e+00 1.002158e+00 -6.387878e-02
7.236714e+00 1.082132e+00 -4.129290e-02
7.236714e+00 1.168487e+00 -3.474230e-02
7.236714e+00 1.261733e+00 -2.918819e-02
7.236714e+00 1.362421e+00 -2.319086e-02
7.236714e+00 1.471144e+00 -1.671494e-02
7.236714e+00 1.588542e+00 -1.266762e-02
7.236714e+00 1.715310e+00 -1.087613e-02
7.236714e+00 1.852193e+00 -8.941677e-03
7.236714e+00 2.000000e+00 -6.852852e-03
7.401449e+00 1.000000e-03 -4.889940e+02
7.401449e+00 1.079801e-03 -5.243279e+02
7.401449e+00 1.165970e-03 -5.618937e+02
7.401449e+00 1.259016e-03 -6.017750e+02
7.401449e+00 1.359487e-03 -6.440487e+02
7.401449e+00 1.467975e-03 -6.887845e+02
7.401449e+00 1.585121e-03 -7.360416e+02
7.401449e+00 1.711615e-03 -7.858661e+02
7.401449e+00 1.848204e-03 -8.382906e+02
7.401449e+00 1.995693e-03 -8.933239e+02
7.401449e+00 2.154951e-03 -9.509477e+02
7.401449e+00 2.326918e-03 -1.011119e+03
7.401449e+00 2.512609e-03 -1.073758e+03
7.401449e+00 2.713117e-03 -1.138746e+03
7.401449e+00 2.929627e-03 -1.205925e+03
7.401449e+00 3.163414e-03 -1.275085e+03
7.401449e+00 3.415858e-03 -1.345960e+03
7.401449e+00 3.688447e-03 -1.418234e+03
7.401449e+00 3.982789e-03 -1.491515e+03
7.401449e+00 4.300619e-03 -1.565337e+03
7.401449e+00 4.643813e-03 -1.639169e+03
7.401449e+00 5.014394e-03 -1.712383e+03
7.401449e+00 5.414548e-03 -1.784256e+03
7.401449e+00 5.846635e-03 -1.853996e+03
7.401449e+00 6.313202e-03 -1.920691e+03
7.401449e+00 6.817002e-03 -1.983316e+03
7.401449e+00 7.361006e-03 -2.040794e+03
7.401449e+00 7.948422e-03 -2.091918e+03
7.401449e+00 8.582714e-03 -2.135383e+03
7.401449e+00 9.267624e-03 -2.169886e+03
7.401449e+00 1.000719e-02 -2.194046e+03
7.401449e+00 1.080577e-02 -2.206460e+03
7.401449e+00 1.166809e-02 -2.205874e+03
7.401449e+00 1.259921e-02 -2.191173e+03
7.401449e+00 1.360464e-02 -2.161465e+03
7.401449e+00 1.469030e-02 -2.116227e+03
7.401449e+00 1.586261e-02 -2.055570e+03
7.401449e+00 1.712846e-02 -1.980208e+03
7.401449e+00 1.849533e-02 -1.891327e+03
7.401449e+00 1.997127e-02 -1.791487e+03
7.401449e+00 2.156500e-02 -1.684120e+03
7.401449e+00 2.328591e-02 -1.572536e+03
7.401449e+00 2.514415e-02 -1.461286e+03
7.401449e+00 2.715068e-02 -1.355224e+03
7.401449e+00 2.931733e-02 -1.257996e+03
7.401449e+00 3.165689e-02 -1.172275e+03
7.401449e+00 3.418314e-02 -1.099667e+03
7.401449e+00 3.691099e-02 -1.039049e+03
7.401449e+00 3.985652e-02 -9.867515e+02
7.401449e+00 4.303711e-02 -9.366132e+02
7.401449e+00 4.647152e-02 -8.811577e+02
7.401449e+00 5.017999e-02 -8.140280e+02
7.401449e+00 5.418441e-02 -7.425504e+02
7.401449e+00 5.850838e-02 -6.791112e+02
7.401449e+00 6.317741e-02 -6.106095e+02
7.401449e+00 6.821903e-02 -5.366412e+02
7.401449e+00 7.366298e-02 -4.587563e+02
7.401449e+00 7.954136e-02 -3.949353e+02
7.401449e+00 8.588885e-02 -3.260213e+02
7.401449e+00 9.274286e-02 -2.516079e+02
7.401449e+00 1.001438e-01 -1.712562e+02
7.401449e+00 1.081354e-01 -1.334164e+02
7.401449e+00 1.167647e-01 -1.158988e+02
7.401449e+00 1.260827e-01 -9.698313e+01
7.401449e+00 1.361442e-01 -7.655803e+01
7.401449e+00 1.470087e-01 -5.755909e+01
7.401449e+00 1.587401e-01 -5.006245e+01
7.401449e+00 1.714077e-01 -4.196758e+01
7.401449e+00 1.850862e-01 -3.322672e+01
7.401449e+00 1.998563e-01 -2.378834e+01
7.401449e+00 2.158051e-01 -1.979783e+01
7.401449e+00 2.330265e-01 -1.672750e+01
7.401449e+00 2.516223e-01 -1.341215e+01
7.401449e+00 2.717020e-01 -9.832238e+00
7.401449e+00 2.933841e-01 -7.273273e+00
7.401449e+00 3.167964e-01 -6.170739e+00
7.401449e+00 3.420771e-01 -4.980222e+00
7.401449e+00 3.693752e-01 -3.694701e+00
7.401449e+00 3.988518e-01 -2.384150e+00
7.401449e+00 4.306805e-01 -2.056874e+00
7.401449e+00 4.650493e-01 -1.703481e+00
7.401449e+00 5.021607e-01 -1.321887e+00
7.401449e+00 5.422336e-01 -9.098412e-01
7.401449e+00 5.855044e-01 -7.028066e-01
7.401449e+00 6.322283e-01 -5.901104e-01
7.401449e+00 6.826808e-01 -4.684209e-01
7.401449e+00 7.371594e-01 -3.370205e-01
7.401449e+00 7.959855e-01 -2.298464e-01
7.401449e+00 8.595059e-01 -1.958001e-01
7.401449e+00 9.280954e-01 -1.590369e-01
7.401449e+00 1.002158e+00 -1.193399e-01
7.401449e+00 1.082132e+00 -7.647506e-02
7.401449e+00 1.168487e+00 -6.418028e-02
7.401449e+00 1.261733e+00 -5.379934e-02
7.401449e+00 1.362421e+00 -4.259000e-02
7.401449e+00 1.471144e+00 -3.048614e-02
7.401449e+00 1.588542e+00 -2.295769e-02
7.401449e+00 1.715310e+00 -1.968010e-02
7.401449e+00 1.852193e+00 -1.614095e-02
7.401449e+00 2.000000e+00 -1.231937e-02
7.569477e+00 1.000000e-03 -6.400398e+02
7.569477e+00 1.079801e-03 -6.862971e+02
7.569477e+00 1.165970e-03 -7.354767e+02
7.569477e+00 1.259016e-03 -7.876880e+02
7.569477e+00 1.359487e-03 -8.430312e+02
7.569477e+00 1.467975e-03 -9.015974e+02
7.569477e+00 1.585121e-03 -9.634638e+02
7.569477e+00 1.711615e-03 -1.028691e+03
7.569477e+00 1.848204e-03 -1.097320e+03
7.569477e+00 1.995693e-03 -1.169365e+03
7.569477e+00 2.154951e-03 -1.244800e+03
7.569477e+00 2.326918e-03 -1.323570e+03
7.569477e+00 2.512609e-03 -1.405571e+03
7.569477e+00 2.713117e-03 -1.490647e+03
7.569477e+00 2.929627e-03 -1.578590e+03
7.569477e+00 3.163414e-03 -1.669126e+03
7.569477e+00 3.415858e-03 -1.761908e+03
7.569477e+00 3.688447e-03 -1.856520e+03
7.569477e+00 3.982789e-03 -1.952451e+03
7.569477e+00 4.300619e-03 -2.049089e+03
7.569477e+00 4.643813e-03 -2.145741e+03
7.569477e+00 5.014394e-03 -2.241583e+03
7.569477e+00 5.414548e-03 -2.335670e+03
7.569477e+00 5.846635e-03 -2.426965e+03
7.569477e+00 6.313202e-03 -2.514273e+03
7.569477e+00 6.817002e-03 -2.596254e+03
7.569477e+00 7.361006e-03 -2.671496e+03
7.569477e+00 7.948422e-03 -2.738421e+03
7.569477e+00 8.582714e-03 -2.795319e+03
7.569477e+00 9.267624e-03 -2.840486e+03
7.569477e+00 1.000719e-02 -2.872114e+03
7.569477e+00 1.080577e-02 -2.888367e+03
7.569477e+00 1.166809e-02 -2.887600e+03
7.569477e+00 1.259921e-02 -2.868356e+03
7.569477e+00 1.360464e-02 -2.829468e+03
7.569477e+00 1.469030e-02 -2.770250e+03
7.569477e+00 1.586261e-02 -2.690847e+03
7.569477e+00 1.712846e-02 -2.592195e+03
7.569477e+00 1.849533e-02 -2.475844e+03
7.569477e+00 1.997127e-02 -2.345149e+03
7.569477e+00 2.156500e-02 -2.204600e+03
7.569477e+00 2.328591e-02 -2.058531e+03
7.569477e+00 2.514415e-02 -1.912899e+03
7.569477e+00 2.715068e-02 -1.774059e+03
7.569477e+00 2.931733e-02 -1.646783e+03
7.569477e+00 3.165689e-02 -1.534569e+03
7.569477e+00 3.418314e-02 -1.439521e+03
7.569477e+00 3.691099e-02 -1.360170e+03
7.569477e+00 3.985652e-02 -1.291709e+03
7.569477e+00 4.303711e-02 -1.226075e+03
7.569477e+00 4.647152e-02 -1.153481e+03
7.569477e+00 5.017999e-02 -1.065605e+03
7.569477e+00 5.418441e-02 -9.731510e+02
7.569477e+00 5.850838e-02 -8.932076e+02
7.569477e+00 6.317741e-02 -8.068847e+02
7.569477e+00 6.821903e-02 -7.136730e+02
7.569477e+00 7.366298e-02 -6.155629e+02
7.569477e+00 7.954136e-02 -5.355589e+02
7.569477e+00 8.588885e-02 -4.491706e+02
7.569477e+00 9.274286e-02 -3.558883e+02
7.569477e+00 1.001438e-01 -2.551620e+02
7.569477e+00 1.081354e-01 -2.050387e+02
7.569477e+00 1.167647e-01 -1.788931e+02
7.569477e+00 1.260827e-01 -1.506610e+02
7.569477e+00 1.361442e-01 -1.201760e+02
7.569477e+00 1.470087e-01 -9.166537e+01
7.569477e+00 1.587401e-01 -7.965295e+01
7.569477e+00 1.714077e-01 -6.668192e+01
7.569477e+00 1.850862e-01 -5.267579e+01
7.569477e+00 1.998563e-01 -3.755195e+01
7.569477e+00 2.158051e-01 -3.124201e+01
7.569477e+00 2.330265e-01 -2.643011e+01
7.569477e+00 2.516223e-01 -2.123422e+01
7.569477e+00 2.717020e-01 -1.562370e+01
7.569477e+00 2.933841e-01 -1.159917e+01
7.569477e+00 3.167964e-01 -9.838218e+00
7.569477e+00 3.420771e-01 -7.936737e+00
7.569477e+00 3.693752e-01 -5.883516e+00
7.569477e+00 3.988518e-01 -3.790645e+00
7.569477e+00 4.306805e-01 -3.272883e+00
7.569477e+00 4.650493e-01 -2.713802e+00
7.569477e+00 5.021607e-01 -2.110106e+00
7.569477e+00 5.422336e-01 -1.458235e+00
7.569477e+00 5.855044e-01 -1.128510e+00
7.569477e+00 6.322283e-01 -9.468386e-01
7.569477e+00 6.826808e-01 -7.506692e-01
7.569477e+00 7.371594e-01 -5.388453e-01
7.569477e+00 7.959855e-01 -3.662786e-01
7.569477e+00 8.595059e-01 -3.120917e-01
7.569477e+00 9.280954e-01 -2.535807e-01
7.569477e+00 1.002158e+00 -1.904005e-01
7.569477e+00 1.082132e+00 -1.221783e-01
7.569477e+00 1.168487e+00 -1.024203e-01
7.569477e+00 1.261733e+00 -8.567691e-02
7.569477e+00 1.362421e+00 -6.759738e-02
7.569477e+00 1.471144e+00 -4.807508e-02
7.569477e+00 1.588542e+00 -3.598327e-02
7.569477e+00 1.715310e+00 -3.079621e-02
7.569477e+00 1.852193e+00 -2.519521e-02
7.569477e+00 2.000000e+00 -1.914726e-02
7.740867e+00 1.000000e-03 -7.471777e+02
7.740867e+00 1.079801e-03 -8.011888e+02
7.740867e+00 1.165970e-03 -8.586128e+02
7.740867e+00 1.259016e-03 -9.195770e+02
7.740867e+00 1.359487e-03 -9.841982e+02
7.740867e+00 1.467975e-03 -1.052582e+03
7.740867e+00 1.585121e-03 -1.124819e+03
7.740867e+00 1.711615e-03 -1.200979e+03
7.740867e+00 1.848204e-03 -1.281111e+03
7.740867e+00 1.995693e-03 -1.365230e+03
7.740867e+00 2.154951e-03 -1.453307e+03
7.740867e+00 2.326918e-03 -1.545277e+03
7.740867e+00 2.512609e-03 -1.641021e+03
7.740867e+00 2.713117e-03 -1.740353e+03
7.740867e+00 2.929627e-03 -1.843034e+03
7.740867e+00 3.163414e-03 -1.948741e+03
7.740867e+00 3.415858e-03 -2.057070e+03
7.740867e+00 3.688447e-03 -2.167536e+03
7.740867e+00 3.982789e-03 -2.279542e+03
7.740867e+00 4.300619e-03 -2.392374e+03
7.740867e+00 4.643813e-03 -2.505220e+03
7.740867e+00 5.014394e-03 -2.617122e+03
7.740867e+00 5.414548e-03 -2.726974e+03
7.740867e+00 5.846635e-03 -2.833567e+03
7.740867e+00 6.313202e-03 -2.935504e+03
7.740867e+00 6.817002e-03 -3.031221e+03
7.740867e+00 7.361006e-03 -3.119071e+03
7.740867e+00 7.948422e-03 -3.197209e+03
7.740867e+00 8.582714e-03 -3.263640e+03
7.740867e+00 9.267624e-03 -3.316376e+03
7.740867e+00 1.000719e-02 -3.353304e+03
7.740867e+00 1.080577e-02 -3.372282e+03
7.740867e+00 1.166809e-02 -3.371388e+03
7.740867e+00 1.259921e-02 -3.348921e+03
7.740867e+00 1.360464e-02 -3.303518e+03
7.740867e+00 1.469030e-02 -3.234378e+03
7.740867e+00 1.586261e-02 -3.141672e+03
7.740867e+00 1.712846e-02 -3.026492e+03
7.740867e+00 1.849533e-02 -2.890649e+03
7.740867e+00 1.997127e-02 -2.738057e+03
7.740867e+00 2.156500e-02 -2.573960e+03
7.740867e+00 2.328591e-02 -2.403419e+03
7.740867e+00 2.514415e-02 -2.233387e+03
7.740867e+00 2.715068e-02 -2.071286e+03
7.740867e+00 2.931733e-02 -1.922686e+03
7.740867e+00 3.165689e-02 -1.791672e+03
7.740867e+00 3.418314e-02 -1.680700e+03
7.740867e+00 3.691099e-02 -1.588054e+03
7.740867e+00 3.985652e-02 -1.508123e+03
7.740867e+00 4.303711e-02 -1.431493e+03
7.740867e+00 4.647152e-02 -1.346737e+03
7.740867e+00 5.017999e-02 -1.244137e+03
7.740867e+00 5.418441e-02 -1.136967e+03
7.740867e+00 5.850838e-02 -1.045783e+03
7.740867e+00 6.317741e-02 -9.473225e+02
7.740867e+00 6.821903e-02 -8.410047e+02
7.740867e+00 7.366298e-02 -7.293461e+02
7.740867e+00 7.954136e-02 -6.408744e+02
7.740867e+00 8.588885e-02 -5.453425e+02
7.740867e+00 9.274286e-02 -4.421872e+02
7.740867e+00 1.001438e-01 -3.307999e+02
7.740867e+00 1.081354e-01 -2.719029e+02
7.740867e+00 1.167647e-01 -2.375899e+02
7.740867e+00 1.260827e-01 -2.005387e+02
7.740867e+00 1.361442e-01 -1.605308e+02
7.740867e+00 1.470087e-01 -1.230684e+02
7.740867e+00 1.587401e-01 -1.070605e+02
7.740867e+00 1.714077e-01 -8.977509e+01
7.740867e+00 1.850862e-01 -7.111029e+01
7.740867e+00 1.998563e-01 -5.095602e+01
7.740867e+00 2.158051e-01 -4.247096e+01
7.740867e+00 2.330265e-01 -3.596089e+01
7.740867e+00 2.516223e-01 -2.893131e+01
7.740867e+00 2.717020e-01 -2.134076e+01
7.740867e+00 2.933841e-01 -1.589869e+01
7.740867e+00 3.167964e-01 -1.352277e+01
7.740867e+00 3.420771e-01 -1.095724e+01
7.740867e+00 3.693752e-01 -8.186986e+00
7.740867e+00 3.988518e-01 -5.361049e+00
7.740867e+00 4.306805e-01 -4.629445e+00
7.740867e+00 4.650493e-01 -3.839459e+00
7.740867e+00 5.021607e-01 -2.986431e+00
7.740867e+00 5.422336e-01 -2.065330e+00
7.740867e+00 5.855044e-01 -1.598943e+00
7.740867e+00 6.322283e-01 -1.341491e+00
7.740867e+00 6.826808e-01 -1.063494e+00
7.740867e+00 7.371594e-01 -7.633128e-01
7.740867e+00 7.959855e-01 -5.187050e-01
7.740867e+00 8.595059e-01 -4.417130e-01
7.740867e+00 9.280954e-01 -3.585770e-01
7.740867e+00 1.002158e+00 -2.688066e-01
7.740867e+00 1.082132e+00 -1.718725e-01
7.740867e+00 1.168487e+00 -1.439014e-01
7.740867e+00 1.261733e+00 -1.202307e-01
7.740867e+00 1.362421e+00 -9.467093e-02
7.740867e+00 1.471144e+00 -6.707151e-02
7.740867e+00 1.588542e+00 -4.999805e-02
7.740867e+00 1.715310e+00 -4.270636e-02
7.740867e+00 1.852193e+00 -3.483279e-02
7.740867e+00 2.000000e+00 -2.633090e-02
7.915684e+00 1.000000e-03 -7.644186e+02
7.915684e+00 1.079801e-03 -8.196871e+02
7.915684e+00 1.165970e-03 -8.784486e+02
7.915684e+00 1.259016e-03 -9.408334e+02
7.915684e+00 1.359487e-03 -1.006961e+03
7.915684e+00 1.467975e-03 -1.076938e+03
7.915684e+00 1.585121e-03 -1.150857e+03
7.915684e+00 1.711615e-03 -1.228790e+03
7.915684e+00 1.848204e-03 -1.310786e+03
7.915684e+00 1.995693e-03 -1.396860e+03
7.915684e+00 2.154951e-03 -1.486985e+03
7.915684e+00 2.326918e-03 -1.581094e+03
7.915684e+00 2.512609e-03 -1.679063e+03
7.915684e+00 2.713117e-03 -1.780705e+03
7.915684e+00 2.929627e-03 -1.885772e+03
7.915684e+00 3.163414e-03 -1.993936e+03
7.915684e+00 3.415858e-03 -2.104782e+03
7.915684e+00 3.688447e-03 -2.217814e+03
7.915684e+00 3.982789e-03 -2.332422e+03
7.915684e+00 4.300619e-03 -2.447875e+03
7.915684e+00 4.643813e-03 -2.563343e+03
7.915684e+00 5.014394e-03 -2.677844e+03
7.915684e+00 5.414548e-03 -2.790247e+03
7.915684e+00 5.846635e-03 -2.899315e+03
7.915684e+00 6.313202e-03 -3.003620e+03
7.915684e+00 6.817002e-03 -3.101560e+03
7.915684e+00 7.361006e-03 -3.191449e+03
7.915684e+00 7.948422e-03 -3.271402e+03
7.915684e+00 8.582714e-03 -3.339375e+03
7.915684e+00 9.267624e-03 -3.393337e+03
7.915684e+00 1.000719e-02 -3.431124e+03
7.915684e+00 1.080577e-02 -3.450543e+03
7.915684e+00 1.166809e-02 -3.449630e+03
7.915684e+00 1.259921e-02 -3.426642e+03
7.915684e+00 1.360464e-02 -3.380186e+03
7.915684e+00 1.469030e-02 -3.309442e+03
7.915684e+00 1.586261e-02 -3.214585e+03
7.915684e+00 1.712846e-02 -3.096732e+03
7.915684e+00 1.849533e-02 -2.957736e+03
7.915684e+00 1.997127e-02 -2.801604e+03
7.915684e+00 2.156500e-02 -2.633699e+03
7.915684e+00 2.328591e-02 -2.459200e+03
7.915684e+00 2.514415e-02 -2.285222e+03
7.915684e+00 2.715068e-02 -2.119358e+03
7.915684e+00 2.931733e-02 -1.967309e+03
7.915684e+00 3.165689e-02 -1.833255e+03
7.915684e+00 3.418314e-02 -1.719707e+03
7.915684e+00 3.691099e-02 -1.624911e+03
7.915684e+00 3.985652e-02 -1.543125e+03
7.915684e+00 4.303711e-02 -1.464717e+03
7.915684e+00 4.647152e-02 -1.377993e+03
7.915684e+00 5.017999e-02 -1.273013e+03
7.915684e+00 5.418441e-02 -1.166406e+03
7.915684e+00 5.850838e-02 -1.081600e+03
7.915684e+00 6.317741e-02 -9.900275e+02
7.915684e+00 6.821903e-02 -8.911470e+02
7.915684e+00 7.366298e-02 -7.866133e+02
7.915684e+00 7.954136e-02 -6.965849e+02
7.915684e+00 8.588885e-02 -5.993722e+02
7.915684e+00 9.274286e-02 -4.944019e+02
7.915684e+00 1.001438e-01 -3.810548e+02
7.915684e+00 1.081354e-01 -3.190273e+02
7.915684e+00 1.167647e-01 -2.808501e+02
7.915684e+00 1.260827e-01 -2.396264e+02
7.915684e+00 1.361442e-01 -1.951129e+02
7.915684e+00 1.470087e-01 -1.530456e+02
7.915684e+00 1.587401e-01 -1.331734e+02
7.915684e+00 1.714077e-01 -1.117154e+02
7.915684e+00 1.850862e-01 -8.854497e+01
7.915684e+00 1.998563e-01 -6.352554e+01
7.915684e+00 2.158051e-01 -5.300124e+01
7.915684e+00 2.330265e-01 -4.493120e+01
7.915684e+00 2.516223e-01 -3.621717e+01
7.915684e+00 2.717020e-01 -2.680775e+01
7.915684e+00 2.933841e-01 -2.005664e+01
7.915684e+00 3.167964e-01 -1.709967e+01
7.915684e+00 3.420771e-01 -1.390672e+01
7.915684e+00 3.693752e-01 -1.045897e+01
7.915684e+00 3.988518e-01 -6.939413e+00
7.915684e+00 4.306805e-01 -5.990944e+00
7.915684e+00 4.650493e-01 -4.966786e+00
7.915684e+00 5.021607e-01 -3.860900e+00
7.915684e+00 5.422336e-01 -2.666762e+00
7.915684e+00 5.855044e-01 -2.063890e+00
7.915684e+00 6.322283e-01 -1.732850e+00
7.915684e+00 6.826808e-01 -1.375393e+00
7.915684e+00 7.371594e-01 -9.894100e-01
7.915684e+00 7.959855e-01 -6.744965e-01
7.915684e+00 8.595059e-01 -5.741629e-01
7.915684e+00 9.280954e-01 -4.658225e-01
7.915684e+00 1.002158e+00 -3.488364e-01
7.915684e+00 1.082132e+00 -2.225148e-01
7.915684e+00 1.168487e+00 -1.861822e-01
7.915684e+00 1.261733e+00 -1.554732e-01
7.915684e+00 1.362421e+00 -1.223136e-01
7.915684e+00 1.471144e+00 -8.650781e-02
7.915684e+00 1.588542e+00 -6.434271e-02
7.915684e+00 1.715310e+00 -5.485349e-02
7.915684e+00 1.852193e+00 -4.460702e-02
7.915684e+00 2.000000e+00 -3.354288e-02
8.093998e+00 1.000000e-03 -7.375747e+02
8.093998e+00 1.079801e-03 -7.909133e+02
8.093998e+00 1.165970e-03 -8.476238e+02
8.093998e+00 1.259016e-03 -9.078315e+02
8.093998e+00 1.359487e-03 -9.716510e+02
8.093998e+00 1.467975e-03 -1.039186e+03
8.093998e+00 1.585121e-03 -1.110525e+03
8.093998e+00 1.711615e-03 -1.185736e+03
8.093998e+00 1.848204e-03 -1.264868e+03
8.093998e+00 1.995693e-03 -1.347935e+03
8.093998e+00 2.154951e-03 -1.434910e+03
8.093998e+00 2.326918e-03 -1.525730e+03
8.093998e+00 2.512609e-03 -1.620276e+03
8.093998e+00 2.713117e-03 -1.718365e+03
8.093998e+00 2.929627e-03 -1.819759e+03
8.093998e+00 3.163414e-03 -1.924142e+03
8.093998e+00 3.415858e-03 -2.031113e+03
8.093998e+00 3.688447e-03 -2.140193e+03
8.093998e+00 3.982789e-03 -2.250794e+03
8.093998e+00 4.300619e-03 -2.362210e+03
8.093998e+00 4.643813e-03 -2.473641e+03
8.093998e+00 5.014394e-03 -2.584138e+03
8.093998e+00 5.414548e-03 -2.692611e+03
8.093998e+00 5.846635e-03 -2.797865e+03
8.093998e+00 6.313202e-03 -2.898522e+03
8.093998e+00 6.817002e-03 -2.993037e+03
8.093998e+00 7.361006e-03 -3.079782e+03
8.093998e+00 7.948422e-03 -3.156938e+03
8.093998e+00 8.582714e-03 -3.222534e+03
8.093998e+00 9.267624e-03 -3.274609e+03
8.093998e+00 1.000719e-02 -3.311076e+03
8.093998e+00 1.080577e-02 -3.329818e+03
8.093998e+00 1.166809e-02 -3.328938e+03
8.093998e+00 1.259921e-02 -3.306755e+03
8.093998e+00 1.360464e-02 -3.261924e+03
8.093998e+00 1.469030e-02 -3.193656e+03
8.093998e+00 1.586261e-02 -3.102118e+03
8.093998e+00 1.712846e-02 -2.988389e+03
8.093998e+00 1.849533e-02 -2.854256e+03
8.093998e+00 1.997127e-02 -2.703586e+03
8.093998e+00 2.156500e-02 -2.541556e+03
8.093998e+00 2.328591e-02 -2.373162e+03
8.093998e+00 2.514415e-02 -2.205271e+03
8.093998e+00 2.715068e-02 -2.045210e+03
8.093998e+00 2.931733e-02 -1.898481e+03
8.093998e+00 3.165689e-02 -1.769117e+03
8.093998e+00 3.418314e-02 -1.659541e+03
8.093998e+00 3.691099e-02 -1.568062e+03
8.093998e+00 3.985652e-02 -1.489137e+03
8.093998e+00 4.303711e-02 -1.413472e+03
8.093998e+00 4.647152e-02 -1.329783e+03
8.093998e+00 5.017999e-02 -1.228475e+03
8.093998e+00 5.418441e-02 -1.128019e+03
8.093998e+00 5.850838e-02 -1.052923e+03
8.093998e+00 6.317741e-02 -9.718343e+02
8.093998e+00 6.821903e-02 -8.842744e+02
8.093998e+00 7.366298e-02 -7.911949e+02
8.093998e+00 7.954136e-02 -7.056744e+02
8.093998e+00 8.588885e-02 -6.133292e+02
8.093998e+00 9.274286e-02 -5.136148e+02
8.093998e+00 1.001438e-01 -4.059431e+02
8.093998e+00 1.081354e-01 -3.447268e+02
8.093998e+00 1.167647e-01 -3.048887e+02
8.093998e+00 1.260827e-01 -2.618715e+02
8.093998e+00 1.361442e-01 -2.154214e+02
8.093998e+00 1.470087e-01 -1.713266e+02
8.093998e+00 1.587401e-01 -1.495354e+02
8.093998e+00 1.714077e-01 -1.260054e+02
8.093998e+00 1.850862e-01 -1.005976e+02
8.093998e+00 1.998563e-01 -7.316224e+01
8.093998e+00 2.158051e-01 -6.131521e+01
8.093998e+00 2.330265e-01 -5.207376e+01
8.093998e+00 2.516223e-01 -4.209483e+01
8.093998e+00 2.717020e-01 -3.131957e+01
8.093998e+00 2.933841e-01 -2.356856e+01
8.093998e+00 3.167964e-01 -2.013548e+01
8.093998e+00 3.420771e-01 -1.642843e+01
8.093998e+00 3.693752e-01 -1.242556e+01
8.093998e+00 3.988518e-01 -8.336942e+00
8.093998e+00 4.306805e-01 -7.199812e+00
8.093998e+00 4.650493e-01 -5.971939e+00
8.093998e+00 5.021607e-01 -4.646080e+00
8.093998e+00 5.422336e-01 -3.214416e+00
8.093998e+00 5.855044e-01 -2.490055e+00
8.093998e+00 6.322283e-01 -2.090739e+00
8.093998e+00 6.826808e-01 -1.659558e+00
8.093998e+00 7.371594e-01 -1.193968e+00
8.093998e+00 7.959855e-01 -8.141279e-01
8.093998e+00 8.595059e-01 -6.931791e-01
8.093998e+00 9.280954e-01 -5.625784e-01
8.093998e+00 1.002158e+00 -4.215557e-01
8.093998e+00 1.082132e+00 -2.692792e-01
8.093998e+00 1.168487e+00 -2.252032e-01
8.093998e+00 1.261733e+00 -1.878603e-01
8.093998e+00 1.362421e+00 -1.475374e-01
8.093998e+00 1.471144e+00 -1.039967e-01
8.093998e+00 1.588542e+00 -7.708459e-02
8.093998e+00 1.715310e+00 -6.562599e-02
8.093998e+00 1.852193e+00 -5.325298e-02
8.093998e+00 2.000000e+00 -3.989259e-02
8.275878e+00 1.000000e-03 -6.946994e+02
8.275878e+00 1.079801e-03 -7.449479e+02
8.275878e+00 1.165970e-03 -7.983737e+02
8.275878e+00 1.259016e-03 -8.550947e+02
8.275878e+00 1.359487e-03 -9.152185e+02
8.275878e+00 1.467975e-03 -9.788426e+02
8.275878e+00 1.585121e-03 -1.046049e+03
8.275878e+00 1.711615e-03 -1.116904e+03
8.275878e+00 1.848204e-03 -1.191451e+03
8.275878e+00 1.995693e-03 -1.269704e+03
8.275878e+00 2.154951e-03 -1.351638e+03
8.275878e+00 2.326918e-03 -1.437194e+03
8.275878e+00 2.512609e-03 -1.526259e+03
8.275878e+00 2.713117e-03 -1.618663e+03
8.275878e+00 2.929627e-03 -1.714180e+03
8.275878e+00 3.163414e-03 -1.812512e+03
8.275878e+00 3.415858e-03 -1.913281e+03
8.275878e+00 3.688447e-03 -2.016038e+03
8.275878e+00 3.982789e-03 -2.120227e+03
8.275878e+00 4.300619e-03 -2.225183e+03
8.275878e+00 4.643813e-03 -2.330153e+03
8.275878e+00 5.014394e-03 -2.434243e+03
8.275878e+00 5.414548e-03 -2.536427e+03
8.275878e+00 5.846635e-03 -2.635578e+03
8.275878e+00 6.313202e-03 -2.730399e+03
8.275878e+00 6.817002e-03 -2.819433e+03
8.275878e+00 7.361006e-03 -2.901149e+03
8.275878e+00 7.948422e-03 -2.973830e+03
8.275878e+00 8.582714e-03 -3.035623e+03
8.275878e+00 9.267624e-03 -3.084678e+03
8.275878e+00 1.000719e-02 -3.119032e+03
8.275878e+00 1.080577e-02 -3.136689e+03
8.275878e+00 1.166809e-02 -3.135861e+03
8.275878e+00 1.259921e-02 -3.114965e+03
8.275878e+00 1.360464e-02 -3.072735e+03
8.275878e+00 1.469030e-02 -3.008427e+03
8.275878e+00 1.586261e-02 -2.922198e+03
8.275878e+00 1.712846e-02 -2.815066e+03
8.275878e+00 1.849533e-02 -2.688713e+03
8.275878e+00 1.997127e-02 -2.546782e+03
8.275878e+00 2.156500e-02 -2.394149e+03
8.275878e+00 2.328591e-02 -2.235522e+03
8.275878e+00 2.514415e-02 -2.077369e+03
8.275878e+00 2.715068e-02 -1.926591e+03
8.275878e+00 2.931733e-02 -1.788372e+03
8.275878e+00 3.165689e-02 -1.666511e+03
8.275878e+00 3.418314e-02 -1.563291e+03
8.275878e+00 3.691099e-02 -1.477117e+03
8.275878e+00 3.985652e-02 -1.402770e+03
8.275878e+00 4.303711e-02 -1.331493e+03
8.275878e+00 4.647152e-02 -1.252657e+03
8.275878e+00 5.017999e-02 -1.157225e+03
8.275878e+00 5.418441e-02 -1.063692e+03
8.275878e+00 5.850838e-02 -9.960042e+02
8.275878e+00 6.317741e-02 -9.229146e+02
8.275878e+00 6.821903e-02 -8.439923e+02
8.275878e+00 7.366298e-02 -7.600201e+02
8.275878e+00 7.954136e-02 -6.820922e+02
8.275878e+00 8.588885e-02 -5.979456e+02
8.275878e+00 9.274286e-02 -5.070839e+02
8.275878e+00 1.001438e-01 -4.089715e+02
8.275878e+00 1.081354e-01 -3.512835e+02
8.275878e+00 1.167647e-01 -3.120141e+02
8.275878e+00 1.260827e-01 -2.696109e+02
8.275878e+00 1.361442e-01 -2.238240e+02
8.275878e+00 1.470087e-01 -1.801881e+02
8.275878e+00 1.587401e-01 -1.577981e+02
8.275878e+00 1.714077e-01 -1.336214e+02
8.275878e+00 1.850862e-01 -1.075153e+02
8.275878e+00 1.998563e-01 -7.932592e+01
8.275878e+00 2.158051e-01 -6.680046e+01
8.275878e+00 2.330265e-01 -5.685355e+01
8.275878e+00 2.516223e-01 -4.611288e+01
8.275878e+00 2.717020e-01 -3.451508e+01
8.275878e+00 2.933841e-01 -2.614002e+01
8.275878e+00 3.167964e-01 -2.236876e+01
8.275878e+00 3.420771e-01 -1.829654e+01
8.275878e+00 3.693752e-01 -1.389936e+01
8.275878e+00 3.988518e-01 -9.406308e+00
8.275878e+00 4.306805e-01 -8.131818e+00
8.275878e+00 4.650493e-01 -6.755621e+00
8.275878e+00 5.021607e-01 -5.269603e+00
8.275878e+00 5.422336e-01 -3.664999e+00
8.275878e+00 5.855044e-01 -2.847815e+00
8.275878e+00 6.322283e-01 -2.392035e+00
8.275878e+00 6.826808e-01 -1.899883e+00
8.275878e+00 7.371594e-01 -1.368457e+00
8.275878e+00 7.959855e-01 -9.346384e-01
8.275878e+00 8.595059e-01 -7.956688e-01
8.275878e+00 9.280954e-01 -6.456092e-01
8.275878e+00 1.002158e+00 -4.835747e-01
8.275878e+00 1.082132e+00 -3.086098e-01
8.275878e+00 1.168487e+00 -2.579553e-01
8.275878e+00 1.261733e+00 -2.150352e-01
8.275878e+00 1.362421e+00 -1.686900e-01
8.275878e+00 1.471144e+00 -1.186465e-01
8.275878e+00 1.588542e+00 -8.774863e-02
8.275878e+00 1.715310e+00 -7.464441e-02
8.275878e+00 1.852193e+00 -6.049446e-02
8.275878e+00 2.000000e+00 -4.521534e-02
8.461396e+00 1.000000e-03 -6.313348e+02
8.461396e+00 1.079801e-03 -6.770097e+02
8.461396e+00 1.165970e-03 -7.255734e+02
8.461396e+00 1.259016e-03 -7.771330e+02
8.461396e+00 1.359487e-03 -8.317861e+02
8.461396e+00 1.467975e-03 -8.896207e+02
8.461396e+00 1.585121e-03 -9.507114e+02
8.461396e+00 1.711615e-03 -1.015117e+03
8.461396e+00 1.848204e-03 -1.082879e+03
8.461396e+00 1.995693e-03 -1.154008e+03
8.461396e+00 2.154951e-03 -1.228483e+03
8.461396e+00 2.326918e-03 -1.306249e+03
8.461396e+00 2.512609e-03 -1.387206e+03
8.461396e+00 2.713117e-03 -1.471197e+03
8.461396e+00 2.929627e-03 -1.558017e+03
8.461396e+00 3.163414e-03 -1.647396e+03
8.461396e+00 3.415858e-03 -1.738990e+03
8.461396e+00 3.688447e-03 -1.832390e+03
8.461396e+00 3.982789e-03 -1.927091e+03
8.461396e+00 4.300619e-03 -2.022490e+03
8.461396e+00 4.643813e-03 -2.117901e+03
8.461396e+00 5.014394e-03 -2.212513e+03
8.461396e+00 5.414548e-03 -2.305391e+03
8.461396e+00 5.846635e-03 -2.395513e+03
8.461396e+00 6.313202e-03 -2.481700e+03
8.461396e+00 6.817002e-03 -2.562626e+03
8.461396e+00 7.361006e-03 -2.636900e+03
8.461396e+00 7.948422e-03 -2.702963e+03
8.461396e+00 8.582714e-03 -2.759128e+03
8.461396e+00 9.267624e-03 -2.803716e+03
8.461396e+00 1.000719e-02 -2.834943e+03
8.461396e+00 1.080577e-02 -2.850992e+03
8.461396e+00 1.166809e-02 -2.850241e+03
8.461396e+00 1.259921e-02 -2.831249e+03
8.461396e+00 1.360464e-02 -2.792866e+03
8.461396e+00 1.469030e-02 -2.734416e+03
8.461396e+00 1.586261e-02 -2.656041e+03
8.461396e+00 1.712846e-02 -2.558667e+03
8.461396e+00 1.849533e-02 -2.443823e+03
8.461396e+00 1.997127e-02 -2.314819e+03
8.461396e+00 2.156500e-02 -2.176088e+03
8.461396e+00 2.328591e-02 -2.031909e+03
8.461396e+00 2.514415e-02 -1.888160e+03
8.461396e+00 2.715068e-02 -1.751116e+03
8.461396e+00 2.931733e-02 -1.625486e+03
8.461396e+00 3.165689e-02 -1.514724e+03
8.461396e+00 3.418314e-02 -1.420905e+03
8.461396e+00 3.691099e-02 -1.342580e+03
8.461396e+00 3.985652e-02 -1.275005e+03
8.461396e+00 4.303711e-02 -1.210220e+03
8.461396e+00 4.647152e-02 -1.138565e+03
8.461396e+00 5.017999e-02 -1.051825e+03
8.461396e+00 5.418441e-02 -9.678389e+02
8.461396e+00 5.850838e-02 -9.091794e+02
8.461396e+00 6.317741e-02 -8.458387e+02
8.461396e+00 6.821903e-02 -7.774433e+02
8.461396e+00 7.366298e-02 -7.045394e+02
8.461396e+00 7.954136e-02 -6.355118e+02
8.461396e+00 8.588885e-02 -5.609757e+02
8.461396e+00 9.274286e-02 -4.804916e+02
8.461396e+00 1.001438e-01 -3.935848e+02
8.461396e+00 1.081354e-01 -3.412211e+02
8.461396e+00 1.167647e-01 -3.044682e+02
8.461396e+00 1.260827e-01 -2.647824e+02
8.461396e+00 1.361442e-01 -2.219296e+02
8.461396e+00 1.470087e-01 -1.809007e+02
8.461396e+00 1.587401e-01 -1.589338e+02
8.461396e+00 1.714077e-01 -1.352140e+02
8.461396e+00 1.850862e-01 -1.096013e+02
8.461396e+00 1.998563e-01 -8.194476e+01
8.461396e+00 2.158051e-01 -6.934158e+01
8.461396e+00 2.330265e-01 -5.918031e+01
8.461396e+00 2.516223e-01 -4.820817e+01
8.461396e+00 2.717020e-01 -3.636044e+01
8.461396e+00 2.933841e-01 -2.776208e+01
8.461396e+00 3.167964e-01 -2.380892e+01
8.461396e+00 3.420771e-01 -1.954029e+01
8.461396e+00 3.693752e-01 -1.493102e+01
8.461396e+00 3.988518e-01 -1.021856e+01
8.461396e+00 4.306805e-01 -8.841966e+00
8.461396e+00 4.650493e-01 -7.355524e+00
8.461396e+00 5.021607e-01 -5.750462e+00
8.461396e+00 5.422336e-01 -4.017314e+00
8.461396e+00 5.855044e-01 -3.130327e+00
8.461396e+00 6.322283e-01 -2.631326e+00
8.461396e+00 6.826808e-01 -2.092505e+00
8.461396e+00 7.371594e-01 -1.510685e+00
8.461396e+00 7.959855e-01 -1.035208e+00
8.461396e+00 8.595059e-01 -8.812723e-01
8.461396e+00 9.280954e-01 -7.150524e-01
8.461396e+00 1.002158e+00 -5.355680e-01
8.461396e+00 1.082132e+00 -3.417605e-01
8.461396e+00 1.168487e+00 -2.855462e-01
8.461396e+00 1.261733e+00 -2.378819e-01
8.461396e+00 1.362421e+00 -1.864140e-01
8.461396e+00 1.471144e+00 -1.308390e-01
8.461396e+00 1.588542e+00 -9.657196e-02
8.461396e+00 1.715310e+00 -8.210946e-02
8.461396e+00 1.852193e+00 -6.649284e-02
8.461396e+00 2.000000e+00 -4.963000e-02
8.650623e+00 1.000000e-03 -5.637878e+02
8.650623e+00 1.079801e-03 -6.045847e+02
8.650623e+00 1.165970e-03 -6.479626e+02
8.650623e+00 1.259016e-03 -6.940169e+02
8.650623e+00 1.359487e-03 -7.428347e+02
8.650623e+00 1.467975e-03 -7.944942e+02
8.650623e+00 1.585121e-03 -8.490618e+02
8.650623e+00 1.711615e-03 -9.065898e+02
8.650623e+00 1.848204e-03 -9.671145e+02
8.650623e+00 1.995693e-03 -1.030646e+03
8.650623e+00 2.154951e-03 -1.097166e+03
8.650623e+00 2.326918e-03 -1.166625e+03
8.650623e+00 2.512609e-03 -1.238934e+03
8.650623e+00 2.713117e-03 -1.313953e+03
8.650623e+00 2.929627e-03 -1.391499e+03
8.650623e+00 3.163414e-03 -1.471329e+03
8.650623e+00 3.415858e-03 -1.553138e+03
8.650623e+00 3.688447e-03 -1.636560e+03
8.650623e+00 3.982789e-03 -1.721144e+03
8.650623e+00 4.300619e-03 -1.806351e+03
8.650623e+00 4.643813e-03 -1.891569e+03
8.650623e+00 5.014394e-03 -1.976072e+03
8.650623e+00 5.414548e-03 -2.059027e+03
8.650623e+00 5.846635e-03 -2.139520e+03
8.650623e+00 6.313202e-03 -2.216498e+03
8.650623e+00 6.817002e-03 -2.288778e+03
8.650623e+00 7.361006e-03 -2.355116e+03
8.650623e+00 7.948422e-03 -2.414121e+03
8.650623e+00 8.582714e-03 -2.464285e+03
8.650623e+00 9.267624e-03 -2.504110e+03
8.650623e+00 1.000719e-02 -2.532001e+03
8.650623e+00 1.080577e-02 -2.546337e+03
8.650623e+00 1.166809e-02 -2.545667e+03
8.650623e+00 1.259921e-02 -2.528705e+03
8.650623e+00 1.360464e-02 -2.494424e+03
8.650623e+00 1.469030e-02 -2.442220e+03
8.650623e+00 1.586261e-02 -2.372221e+03
8.650623e+00 1.712846e-02 -2.285252e+03
8.650623e+00 1.849533e-02 -2.182680e+03
8.650623e+00 1.997127e-02 -2.067461e+03
8.650623e+00 2.156500e-02 -1.943555e+03
8.650623e+00 2.328591e-02 -1.814783e+03
8.650623e+00 2.514415e-02 -1.686395e+03
8.650623e+00 2.715068e-02 -1.563995e+03
8.650623e+00 2.931733e-02 -1.451790e+03
8.650623e+00 3.165689e-02 -1.352864e+03
8.650623e+00 3.418314e-02 -1.269070e+03
8.650623e+00 3.691099e-02 -1.199115e+03
8.650623e+00 3.985652e-02 -1.138760e+03
8.650623e+00 4.303711e-02 -1.080898e+03
8.650623e+00 4.647152e-02 -1.016900e+03
8.650623e+00 5.017999e-02 -9.394288e+02
8.650623e+00 5.418441e-02 -8.653747e+02
8.650623e+00 5.850838e-02 -8.156481e+02
8.650623e+00 6.317741e-02 -7.619533e+02
8.650623e+00 6.821903e-02 -7.039735e+02
8.650623e+00 7.366298e-02 -6.419332e+02
8.650623e+00 7.954136e-02 -5.807233e+02
8.650623e+00 8.588885e-02 -5.146289e+02
8.650623e+00 9.274286e-02 -4.432600e+02
8.650623e+00 1.001438e-01 -3.661959e+02
8.650623e+00 1.081354e-01 -3.195704e+02
8.650623e+00 1.167647e-01 -2.866806e+02
8.650623e+00 1.260827e-01 -2.511661e+02
8.650623e+00 1.361442e-01 -2.128176e+02
8.650623e+00 1.470087e-01 -1.758694e+02
8.650623e+00 1.587401e-01 -1.549739e+02
8.650623e+00 1.714077e-01 -1.324109e+02
8.650623e+00 1.850862e-01 -1.080474e+02
8.650623e+00 1.998563e-01 -8.173963e+01
8.650623e+00 2.158051e-01 -6.949738e+01
8.650623e+00 2.330265e-01 -5.950703e+01
8.650623e+00 2.516223e-01 -4.871944e+01
8.650623e+00 2.717020e-01 -3.707099e+01
8.650623e+00 2.933841e-01 -2.856421e+01
8.650623e+00 3.167964e-01 -2.455283e+01
8.650623e+00 3.420771e-01 -2.022133e+01
8.650623e+00 3.693752e-01 -1.554418e+01
8.650623e+00 3.988518e-01 -1.075937e+01
8.650623e+00 4.306805e-01 -9.317847e+00
8.650623e+00 4.650493e-01 -7.761292e+00
8.650623e+00 5.021607e-01 -6.080522e+00
8.650623e+00 5.422336e-01 -4.265625e+00
8.650623e+00 5.855044e-01 -3.332948e+00
8.650623e+00 6.322283e-01 -2.804456e+00
8.650623e+00 6.826808e-01 -2.233790e+00
8.650623e+00 7.371594e-01 -1.617585e+00
8.650623e+00 7.959855e-01 -1.113321e+00
8.650623e+00 8.595059e-01 -9.479313e-01
8.650623e+00 9.280954e-01 -7.693435e-01
8.650623e+00 1.002158e+00 -5.765041e-01
8.650623e+00 1.082132e+00 -3.682760e-01
8.650623e+00 1.168487e+00 -3.077023e-01
8.650623e+00 1.261733e+00 -2.562857e-01
8.650623e+00 1.362421e+00 -2.007660e-01
8.650623e+00 1.471144e+00 -1.408158e-01
8.650623e+00 1.588542e+00 -1.038404e-01
8.650623e+00 1.715310e+00 -8.821845e-02
8.650623e+00 1.852193e+00 -7.134983e-02
8.650623e+00 2.000000e+00 -5.313507e-02
8.843636e+00 1.000000e-03 -5.009282e+02
8.843636e+00 1.079801e-03 -5.371843e+02
8.843636e+00 1.165970e-03 -5.757349e+02
8.843636e+00 1.259016e-03 -6.166645e+02
8.843636e+00 1.359487e-03 -6.600504e+02
8.843636e+00 1.467975e-03 -7.059617e+02
8.843636e+00 1.585121e-03 -7.544572e+02
8.843636e+00 1.711615e-03 -8.055831e+02
8.843636e+00 1.848204e-03 -8.593715e+02
8.843636e+00 1.995693e-03 -9.158316e+02
8.843636e+00 2.154951e-03 -9.749463e+02
8.843636e+00 2.326918e-03 -1.036674e+03
8.843636e+00 2.512609e-03 -1.100933e+03
8.843636e+00 2.713117e-03 -1.167601e+03
8.843636e+00 2.929627e-03 -1.236514e+03
8.843636e+00 3.163414e-03 -1.307457e+03
8.843636e+00 3.415858e-03 -1.380158e+03
8.843636e+00 3.688447e-03 -1.454292e+03
8.843636e+00 3.982789e-03 -1.529459e+03
8.843636e+00 4.300619e-03 -1.605179e+03
8.843636e+00 4.643813e-03 -1.680909e+03
8.843636e+00 5.014394e-03 -1.756004e+03
8.843636e+00 5.414548e-03 -1.829722e+03
8.843636e+00 5.846635e-03 -1.901253e+03
8.843636e+00 6.313202e-03 -1.969660e+03
8.843636e+00 6.817002e-03 -2.033892e+03
8.843636e+00 7.361006e-03 -2.092844e+03
8.843636e+00 7.948422e-03 -2.145279e+03
8.843636e+00 8.582714e-03 -2.189858e+03
8.843636e+00 9.267624e-03 -2.225249e+03
8.843636e+00 1.000719e-02 -2.250035e+03
8.843636e+00 1.080577e-02 -2.262775e+03
8.843636e+00 1.166809e-02 -2.262181e+03
8.843636e+00 1.259921e-02 -2.247108e+03
8.843636e+00 1.360464e-02 -2.216645e+03
8.843636e+00 1.469030e-02 -2.170255e+03
8.843636e+00 1.586261e-02 -2.108051e+03
8.843636e+00 1.712846e-02 -2.030767e+03
8.843636e+00 1.849533e-02 -1.939618e+03
8.843636e+00 1.997127e-02 -1.837231e+03
8.843636e+00 2.156500e-02 -1.727123e+03
8.843636e+00 2.328591e-02 -1.612691e+03
8.843636e+00 2.514415e-02 -1.498600e+03
8.843636e+00 2.715068e-02 -1.389830e+03
8.843636e+00 2.931733e-02 -1.290120e+03
8.843636e+00 3.165689e-02 -1.202210e+03
8.843636e+00 3.418314e-02 -1.127748e+03
8.843636e+00 3.691099e-02 -1.065583e+03
8.843636e+00 3.985652e-02 -1.011949e+03
8.843636e+00 4.303711e-02 -9.605305e+02
8.843636e+00 4.647152e-02 -9.036589e+02
8.843636e+00 5.017999e-02 -8.348151e+02
8.843636e+00 5.418441e-02 -7.693668e+02
8.843636e+00 5.850838e-02 -7.261781e+02
8.843636e+00 6.317741e-02 -6.795429e+02
8.843636e+00 6.821903e-02 -6.291861e+02
8.843636e+00 7.366298e-02 -5.752914e+02
8.843636e+00 7.954136e-02 -5.220023e+02
8.843636e+00 8.588885e-02 -4.644606e+02
8.843636e+00 9.274286e-02 -4.023271e+02
8.843636e+00 1.001438e-01 -3.352353e+02
8.843636e+00 1.081354e-01 -2.942014e+02
8.843636e+00 1.167647e-01 -2.648796e+02
8.843636e+00 1.260827e-01 -2.332180e+02
8.843636e+00 1.361442e-01 -1.990296e+02
8.843636e+00 1.470087e-01 -1.659761e+02
8.843636e+00 1.587401e-01 -1.467410e+02
8.843636e+00 1.714077e-01 -1.259708e+02
8.843636e+00 1.850862e-01 -1.035432e+02
8.843636e+00 1.998563e-01 -7.932586e+01
8.843636e+00 2.158051e-01 -6.778811e+01
8.843636e+00 2.330265e-01 -5.824833e+01
8.843636e+00 2.516223e-01 -4.794726e+01
8.843636e+00 2.717020e-01 -3.682416e+01
8.843636e+00 2.933841e-01 -2.864132e+01
8.843636e+00 3.167964e-01 -2.467048e+01
8.843636e+00 3.420771e-01 -2.038277e+01
8.843636e+00 3.693752e-01 -1.575289e+01
8.843636e+00 3.988518e-01 -1.101392e+01
8.843636e+00 4.306805e-01 -9.549088e+00
8.843636e+00 4.650493e-01 -7.967359e+00
8.843636e+00 5.021607e-01 -6.259407e+00
8.843636e+00 5.422336e-01 -4.415159e+00
8.843636e+00 5.855044e-01 -3.461393e+00
8.843636e+00 6.322283e-01 -2.915070e+00
8.843636e+00 6.826808e-01 -2.325150e+00
8.843636e+00 7.371594e-01 -1.688154e+00
8.843636e+00 7.959855e-01 -1.166382e+00
8.843636e+00 8.595059e-01 -9.937125e-01
8.843636e+00 9.280954e-01 -8.072643e-01
8.843636e+00 1.002158e+00 -6.059373e-01
8.843636e+00 1.082132e+00 -3.885441e-01
8.843636e+00 1.168487e+00 -3.247231e-01
8.843636e+00 1.261733e+00 -2.703664e-01
8.843636e+00 1.362421e+00 -2.116719e-01
8.843636e+00 1.471144e+00 -1.482936e-01
8.843636e+00 1.588542e+00 -1.092341e-01
8.843636e+00 1.715310e+00 -9.277794e-02
8.843636e+00 1.852193e+00 -7.500853e-02
8.843636e+00 2.000000e+00 -5.582111e-02
9.040509e+00 1.000000e-03 -4.419222e+02
9.040509e+00 1.079801e-03 -4.739147e+02
9.040509e+00 1.165970e-03 -5.079324e+02
9.040509e+00 1.259016e-03 -5.440500e+02
9.040509e+00 1.359487e-03 -5.823352e+02
9.040509e+00 1.467975e-03 -6.228490e+02
9.040509e+00 1.585121e-03 -6.656430e+02
9.040509e+00 1.711615e-03 -7.107577e+02
9.040509e+00 1.848204e-03 -7.582211e+02
9.040509e+00 1.995693e-03 -8.080413e+02
9.040509e+00 2.154951e-03 -8.602035e+02
9.040509e+00 2.326918e-03 -9.146710e+02
9.040509e+00 2.512609e-03 -9.713726e+02
9.040509e+00 2.713117e-03 -1.030199e+03
9.040509e+00 2.929627e-03 -1.091007e+03
9.040509e+00 3.163414e-03 -1.153605e+03
9.040509e+00 3.415858e-03 -1.217755e+03
9.040509e+00 3.688447e-03 -1.283169e+03
9.040509e+00 3.982789e-03 -1.349494e+03
9.040509e+00 4.300619e-03 -1.416307e+03
9.040509e+00 4.643813e-03 -1.483128e+03
9.040509e+00 5.014394e-03 -1.549390e+03
9.040509e+00 5.414548e-03 -1.614436e+03
9.040509e+00 5.846635e-03 -1.677553e+03
9.040509e+00 6.313202e-03 -1.737913e+03
9.040509e+00 6.817002e-03 -1.794588e+03
9.040509e+00 7.361006e-03 -1.846605e+03
9.040509e+00 7.948422e-03 -1.892872e+03
9.040509e+00 8.582714e-03 -1.932207e+03
9.040509e+00 9.267624e-03 -1.963435e+03
9.040509e+00 1.000719e-02 -1.985306e+03
9.040509e+00 1.080577e-02 -1.996548e+03
9.040509e+00 1.166809e-02 -1.996024e+03
9.040509e+00 1.259921e-02 -1.982725e+03
9.040509e+00 1.360464e-02 -1.955847e+03
9.040509e+00 1.469030e-02 -1.914915e+03
9.040509e+00 1.586261e-02 -1.860030e+03
9.040509e+00 1.712846e-02 -1.791839e+03
9.040509e+00 1.849533e-02 -1.711414e+03
9.040509e+00 1.997127e-02 -1.621073e+03
9.040509e+00 2.156500e-02 -1.523920e+03
9.040509e+00 2.328591e-02 -1.422951e+03
9.040509e+00 2.514415e-02 -1.322284e+03
9.040509e+00 2.715068e-02 -1.226312e+03
9.040509e+00 2.931733e-02 -1.138333e+03
9.040509e+00 3.165689e-02 -1.060766e+03
9.040509e+00 3.418314e-02 -9.950642e+02
9.040509e+00 3.691099e-02 -9.402129e+02
9.040509e+00 3.985652e-02 -8.928896e+02
9.040509e+00 4.303711e-02 -8.475206e+02
9.040509e+00 4.647152e-02 -7.973402e+02
9.040509e+00 5.017999e-02 -7.365960e+02
9.040509e+00 5.418441e-02 -6.790780e+02
9.040509e+00 5.850838e-02 -6.416110e+02
9.040509e+00 6.317741e-02 -6.011542e+02
9.040509e+00 6.821903e-02 -5.574689e+02
9.040509e+00 7.366298e-02 -5.106921e+02
9.040509e+00 7.954136e-02 -4.642133e+02
9.040509e+00 8.588885e-02 -4.140254e+02
9.040509e+00 9.274286e-02 -3.598325e+02
9.040509e+00 1.001438e-01 -3.013150e+02
9.040509e+00 1.081354e-01 -2.654237e+02
9.040509e+00 1.167647e-01 -2.396911e+02
9.040509e+00 1.260827e-01 -2.119051e+02
9.040509e+00 1.361442e-01 -1.819018e+02
9.040509e+00 1.470087e-01 -1.528250e+02
9.040509e+00 1.587401e-01 -1.355745e+02
9.040509e+00 1.714077e-01 -1.169475e+02
9.040509e+00 1.850862e-01 -9.683390e+01
9.040509e+00 1.998563e-01 -7.511526e+01
9.040509e+00 2.158051e-01 -6.451843e+01
9.040509e+00 2.330265e-01 -5.564366e+01
9.040509e+00 2.516223e-01 -4.606067e+01
9.040509e+00 2.717020e-01 -3.571295e+01
9.040509e+00 2.933841e-01 -2.804231e+01
9.040509e+00 3.167964e-01 -2.421139e+01
9.040509e+00 3.420771e-01 -2.007476e+01
9.040509e+00 3.693752e-01 -1.560802e+01
9.040509e+00 3.988518e-01 -1.103325e+01
9.040509e+00 4.306805e-01 -9.577865e+00
9.040509e+00 4.650493e-01 -8.006336e+00
9.040509e+00 5.021607e-01 -6.309398e+00
9.040509e+00 5.422336e-01 -4.477043e+00
9.040509e+00 5.855044e-01 -3.522743e+00
9.040509e+00 6.322283e-01 -2.969611e+00
9.040509e+00 6.826808e-01 -2.372339e+00
9.040509e+00 7.371594e-01 -1.727404e+00
9.040509e+00 7.959855e-01 -1.198531e+00
9.040509e+00 8.595059e-01 -1.021664e+00
9.040509e+00 9.280954e-01 -8.306822e-01
9.040509e+00 1.002158e+00 -6.244600e-01
9.040509e+00 1.082132e+00 -4.017810e-01
9.040509e+00 1.168487e+00 -3.359265e-01
9.040509e+00 1.261733e+00 -2.796870e-01
9.040509e+00 1.362421e+00 -2.189594e-01
9.040509e+00 1.471144e+00 -1.533858e-01
9.040509e+00 1.588542e+00 -1.129650e-01
9.040509e+00 1.715310e+00 -9.592229e-02
9.040509e+00 1.852193e+00 -7.751960e-02
9.040509e+00 2.000000e+00 -5.764836e-02
9.241319e+00 1.000000e-03 -3.884060e+02
9.241319e+00 1.079801e-03 -4.165305e+02
9.241319e+00 1.165970e-03 -4.464361e+02
9.241319e+00 1.259016e-03 -4.781881e+02
9.241319e+00 1.359487e-03 -5.118460e+02
9.241319e+00 1.467975e-03 -5.474632e+02
9.241319e+00 1.585121e-03 -5.850847e+02
9.241319e+00 1.711615e-03 -6.247461e+02
9.241319e+00 1.848204e-03 -6.664717e+02
9.241319e+00 1.995693e-03 -7.102686e+02
9.241319e+00 2.154951e-03 -7.561239e+02
9.241319e+00 2.326918e-03 -8.040055e+02
9.241319e+00 2.512609e-03 -8.538510e+02
9.241319e+00 2.713117e-03 -9.055643e+02
9.241319e+00 2.929627e-03 -9.590191e+02
9.241319e+00 3.163414e-03 -1.014048e+03
9.241319e+00 3.415858e-03 -1.070440e+03
9.241319e+00 3.688447e-03 -1.127944e+03
9.241319e+00 3.982789e-03 -1.186249e+03
9.241319e+00 4.300619e-03 -1.244982e+03
9.241319e+00 4.643813e-03 -1.303722e+03
9.241319e+00 5.014394e-03 -1.361970e+03
9.241319e+00 5.414548e-03 -1.419150e+03
9.241319e+00 5.846635e-03 -1.474634e+03
9.241319e+00 6.313202e-03 -1.527694e+03
9.241319e+00 6.817002e-03 -1.577515e+03
9.241319e+00 7.361006e-03 -1.623241e+03
9.241319e+00 7.948422e-03 -1.663913e+03
9.241319e+00 8.582714e-03 -1.698491e+03
9.241319e+00 9.267624e-03 -1.725943e+03
9.241319e+00 1.000719e-02 -1.745168e+03
9.241319e+00 1.080577e-02 -1.755052e+03
9.241319e+00 1.166809e-02 -1.754592e+03
9.241319e+00 1.259921e-02 -1.742902e+03
9.241319e+00 1.360464e-02 -1.719275e+03
9.241319e+00 1.469030e-02 -1.683294e+03
9.241319e+00 1.586261e-02 -1.635049e+03
9.241319e+00 1.712846e-02 -1.575106e+03
9.241319e+00 1.849533e-02 -1.504409e+03
9.241319e+00 1.997127e-02 -1.424995e+03
9.241319e+00 2.156500e-02 -1.339594e+03
9.241319e+00 2.328591e-02 -1.250838e+03
9.241319e+00 2.514415e-02 -1.162347e+03
9.241319e+00 2.715068e-02 -1.077983e+03
9.241319e+00 2.931733e-02 -1.000646e+03
9.241319e+00 3.165689e-02 -9.324605e+02
9.241319e+00 3.418314e-02 -8.747061e+02
9.241319e+00 3.691099e-02 -8.264892e+02
9.241319e+00 3.985652e-02 -7.848900e+02
9.241319e+00 4.303711e-02 -7.450086e+02
9.241319e+00 4.647152e-02 -7.008977e+02
9.241319e+00 5.017999e-02 -6.475009e+02
9.241319e+00 5.418441e-02 -5.969410e+02
9.241319e+00 5.850838e-02 -5.640088e+02
9.241319e+00 6.317741e-02 -5.284485e+02
9.241319e+00 6.821903e-02 -4.900504e+02
9.241319e+00 7.366298e-02 -4.489703e+02
9.241319e+00 7.954136e-02 -4.085145e+02
9.241319e+00 8.588885e-02 -3.648303e+02
9.241319e+00 9.274286e-02 -3.176600e+02
9.241319e+00 1.001438e-01 -2.667254e+02
9.241319e+00 1.081354e-01 -2.355972e+02
9.241319e+00 1.167647e-01 -2.133737e+02
9.241319e+00 1.260827e-01 -1.893767e+02
9.241319e+00 1.361442e-01 -1.634647e+02
9.241319e+00 1.470087e-01 -1.382961e+02
9.241319e+00 1.587401e-01 -1.230936e+02
9.241319e+00 1.714077e-01 -1.066780e+02
9.241319e+00 1.850862e-01 -8.895238e+01
9.241319e+00 1.998563e-01 -6.981224e+01
9.241319e+00 2.158051e-01 -6.026107e+01
9.241319e+00 2.330265e-01 -5.216812e+01
9.241319e+00 2.516223e-01 -4.342935e+01
9.241319e+00 2.717020e-01 -3.399321e+01
9.241319e+00 2.933841e-01 -2.694249e+01
9.241319e+00 3.167964e-01 -2.331783e+01
9.241319e+00 3.420771e-01 -1.940392e+01
9.241319e+00 3.693752e-01 -1.517767e+01
9.241319e+00 3.988518e-01 -1.084652e+01
9.241319e+00 4.306805e-01 -9.428890e+00
9.241319e+00 4.650493e-01 -7.898128e+00
9.241319e+00 5.021607e-01 -6.245209e+00
9.241319e+00 5.422336e-01 -4.460386e+00
9.241319e+00 5.855044e-01 -3.523637e+00
9.241319e+00 6.322283e-01 -2.973718e+00
9.241319e+00 6.826808e-01 -2.379915e+00
9.241319e+00 7.371594e-01 -1.738726e+00
9.241319e+00 7.959855e-01 -1.212219e+00
9.241319e+00 8.595059e-01 -1.033953e+00
9.241319e+00 9.280954e-01 -8.414610e-01
9.241319e+00 1.002158e+00 -6.336083e-01
9.241319e+00 1.082132e+00 -4.091687e-01
9.241319e+00 1.168487e+00 -3.423500e-01
9.241319e+00 1.261733e+00 -2.851492e-01
9.241319e+00 1.362421e+00 -2.233837e-01
9.241319e+00 1.471144e+00 -1.566893e-01
9.241319e+00 1.588542e+00 -1.155065e-01
9.241319e+00 1.715310e+00 -9.803349e-02
9.241319e+00 1.852193e+00 -7.916616e-02
9.241319e+00 2.000000e+00 -5.879320e-02
9.446145e+00 1.000000e-03 -3.403928e+02
9.446145e+00 1.079801e-03 -3.650463e+02
9.446145e+00 1.165970e-03 -3.912616e+02
9.446145e+00 1.259016e-03 -4.190959e+02
9.446145e+00 1.359487e-03 -4.486012e+02
9.446145e+00 1.467975e-03 -4.798241e+02
9.446145e+00 1.585121e-03 -5.128040e+02
9.446145e+00 1.711615e-03 -5.475717e+02
9.446145e+00 1.848204e-03 -5.841484e+02
9.446145e+00 1.995693e-03 -6.225403e+02
9.446145e+00 2.154951e-03 -6.627361e+02
9.446145e+00 2.326918e-03 -7.047078e+02
9.446145e+00 2.512609e-03 -7.484011e+02
9.446145e+00 2.713117e-03 -7.937314e+02
9.446145e+00 2.929627e-03 -8.405882e+02
9.446145e+00 3.163414e-03 -8.888249e+02
9.446145e+00 3.415858e-03 -9.382562e+02
9.446145e+00 3.688447e-03 -9.886617e+02
9.446145e+00 3.982789e-03 -1.039769e+03
9.446145e+00 4.300619e-03 -1.091252e+03
9.446145e+00 4.643813e-03 -1.142741e+03
9.446145e+00 5.014394e-03 -1.193799e+03
9.446145e+00 5.414548e-03 -1.243920e+03
9.446145e+00 5.846635e-03 -1.292554e+03
9.446145e+00 6.313202e-03 -1.339063e+03
9.446145e+00 6.817002e-03 -1.382735e+03
9.446145e+00 7.361006e-03 -1.422816e+03
9.446145e+00 7.948422e-03 -1.458466e+03
9.446145e+00 8.582714e-03 -1.488776e+03
9.446145e+00 9.267624e-03 -1.512839e+03
9.446145e+00 1.000719e-02 -1.529692e+03
9.446145e+00 1.080577e-02 -1.538355e+03
9.446145e+00 1.166809e-02 -1.537952e+03
9.446145e+00 1.259921e-02 -1.527707e+03
9.446145e+00 1.360464e-02 -1.506997e+03
9.446145e+00 1.469030e-02 -1.475460e+03
9.446145e+00 1.586261e-02 -1.433171e+03
9.446145e+00 1.712846e-02 -1.380630e+03
9.446145e+00 1.849533e-02 -1.318662e+03
9.446145e+00 1.997127e-02 -1.249053e+03
9.446145e+00 2.156500e-02 -1.174196e+03
9.446145e+00 2.328591e-02 -1.096399e+03
9.446145e+00 2.514415e-02 -1.018834e+03
9.446145e+00 2.715068e-02 -9.448861e+02
9.446145e+00 2.931733e-02 -8.770975e+02
9.446145e+00 3.165689e-02 -8.173312e+02
9.446145e+00 3.418314e-02 -7.667076e+02
9.446145e+00 3.691099e-02 -7.244440e+02
9.446145e+00 3.985652e-02 -6.879810e+02
9.446145e+00 4.303711e-02 -6.530236e+02
9.446145e+00 4.647152e-02 -6.143591e+02
9.446145e+00 5.017999e-02 -5.675551e+02
9.446145e+00 5.418441e-02 -5.232102e+02
9.446145e+00 5.850838e-02 -4.942673e+02
9.446145e+00 6.317741e-02 -4.630148e+02
9.446145e+00 6.821903e-02 -4.292682e+02
9.446145e+00 7.366298e-02 -3.931813e+02
9.446145e+00 7.954136e-02 -3.578148e+02
9.446145e+00 8.588885e-02 -3.196261e+02
9.446145e+00 9.274286e-02 -2.783899e+02
9.446145e+00 1.001438e-01 -2.338629e+02
9.446145e+00 1.081354e-01 -2.069234e+02
9.446145e+00 1.167647e-01 -1.879202e+02
9.446145e+00 1.260827e-01 -1.674006e+02
9.446145e+00 1.361442e-01 -1.452435e+02
9.446145e+00 1.470087e-01 -1.236720e+02
9.446145e+00 1.587401e-01 -1.104059e+02
9.446145e+00 1.714077e-01 -9.608106e+01
9.446145e+00 1.850862e-01 -8.061312e+01
9.446145e+00 1.998563e-01 -6.391082e+01
9.446145e+00 2.158051e-01 -5.542003e+01
9.446145e+00 2.330265e-01 -4.815808e+01
9.446145e+00 2.516223e-01 -4.031663e+01
9.446145e+00 2.717020e-01 -3.184942e+01
9.446145e+00 2.933841e-01 -2.547127e+01
9.446145e+00 3.167964e-01 -2.209793e+01
9.446145e+00 3.420771e-01 -1.845539e+01
9.446145e+00 3.693752e-01 -1.452218e+01
9.446145e+00 3.988518e-01 -1.048870e+01
9.446145e+00 4.306805e-01 -9.129408e+00
9.446145e+00 4.650493e-01 -7.661646e+00
9.446145e+00 5.021607e-01 -6.076756e+00
9.446145e+00 5.422336e-01 -4.365390e+00
9.446145e+00 5.855044e-01 -3.461572e+00
9.446145e+00 6.322283e-01 -2.925594e+00
9.446145e+00 6.826808e-01 -2.346845e+00
9.446145e+00 7.371594e-01 -1.721910e+00
9.446145e+00 7.959855e-01 -1.207811e+00
9.446145e+00 8.595059e-01 -1.030835e+00
9.446145e+00 9.280954e-01 -8.397372e-01
9.446145e+00 1.002158e+00 -6.333893e-01
9.446145e+00 1.082132e+00 -4.105745e-01
9.446145e+00 1.168487e+00 -3.438262e-01
9.446145e+00 1.261733e+00 -2.865579e-01
9.446145e+00 1.362421e+00 -2.247196e-01
9.446145e+00 1.471144e+00 -1.579465e-01
9.446145e+00 1.588542e+00 -1.166330e-01
9.446145e+00 1.715310e+00 -9.897909e-02
9.446145e+00 1.852193e+00 -7.991634e-02
9.446145e+00 2.000000e+00 -5.933235e-02
9.655068e+00 1.000000e-03 -2.961839e+02
9.655068e+00 1.079801e-03 -3.176405e+02
9.655068e+00 1.165970e-03 -3.404568e+02
9.655068e+00 1.259016e-03 -3.646827e+02
9.655068e+00 1.359487e-03 -3.903632e+02
9.655068e+00 1.467975e-03 -4.175387e+02
9.655068e+00 1.585121e-03 -4.462433e+02
9.655068e+00 1.711615e-03 -4.765038e+02
9.655068e+00 1.848204e-03 -5.083382e+02
9.655068e+00 1.995693e-03 -5.417520e+02
9.655068e+00 2.154951e-03 -5.767353e+02
9.655068e+00 2.326918e-03 -6.132642e+02
9.655068e+00 2.512609e-03 -6.512912e+02
9.655068e+00 2.713117e-03 -6.907428e+02
9.655068e+00 2.929627e-03 -7.315229e+02
9.655068e+00 3.163414e-03 -7.735039e+02
9.655068e+00 3.415858e-03 -8.165244e+02
9.655068e+00 3.688447e-03 -8.603926e+02
9.655068e+00 3.982789e-03 -9.048714e+02
9.655068e+00 4.300619e-03 -9.496771e+02
9.655068e+00 4.643813e-03 -9.944879e+02
9.655068e+00 5.014394e-03 -1.038923e+03
9.655068e+00 5.414548e-03 -1.082543e+03
9.655068e+00 5.846635e-03 -1.124869e+03
9.655068e+00 6.313202e-03 -1.165346e+03
9.655068e+00 6.817002e-03 -1.203353e+03
9.655068e+00 7.361006e-03 -1.238236e+03
9.655068e+00 7.948422e-03 -1.269262e+03
9.655068e+00 8.582714e-03 -1.295640e+03
9.655068e+00 9.267624e-03 -1.316582e+03
9.655068e+00 1.000719e-02 -1.331249e+03
9.655068e+00 1.080577e-02 -1.338789e+03
9.655068e+00 1.166809e-02 -1.338440e+03
9.655068e+00 1.259921e-02 -1.329524e+03
9.655068e+00 1.360464e-02 -1.311501e+03
9.655068e+00 1.469030e-02 -1.284055e+03
9.655068e+00 1.586261e-02 -1.247252e+03
9.655068e+00 1.712846e-02 -1.201527e+03
9.655068e+00 1.849533e-02 -1.147598e+03
9.655068e+00 1.997127e-02 -1.087020e+03
9.655068e+00 2.156500e-02 -1.021874e+03
9.655068e+00 2.328591e-02 -9.541688e+02
9.655068e+00 2.514415e-02 -8.866658e+02
9.655068e+00 2.715068e-02 -8.223111e+02
9.655068e+00 2.931733e-02 -7.633164e+02
9.655068e+00 3.165689e-02 -7.113033e+02
9.655068e+00 3.418314e-02 -6.672468e+02
9.655068e+00 3.691099e-02 -6.304659e+02
9.655068e+00 3.985652e-02 -5.987329e+02
9.655068e+00 4.303711e-02 -5.683104e+02
9.655068e+00 4.647152e-02 -5.346616e+02
9.655068e+00 5.017999e-02 -4.939293e+02
9.655068e+00 5.418441e-02 -4.554257e+02
9.655068e+00 5.850838e-02 -4.304845e+02
9.655068e+00 6.317741e-02 -4.035530e+02
9.655068e+00 6.821903e-02 -3.744723e+02
9.655068e+00 7.366298e-02 -3.433411e+02
9.655068e+00 7.954136e-02 -3.124841e+02
9.655068e+00 8.588885e-02 -2.791647e+02
9.655068e+00 9.274286e-02 -2.431863e+02
9.655068e+00 1.001438e-01 -2.043369e+02
9.655068e+00 1.081354e-01 -1.810073e+02
9.655068e+00 1.167647e-01 -1.646996e+02
9.655068e+00 1.260827e-01 -1.470905e+02
9.655068e+00 1.361442e-01 -1.280762e+02
9.655068e+00 1.470087e-01 -1.095457e+02
9.655068e+00 1.587401e-01 -9.806070e+01
9.655068e+00 1.714077e-01 -8.565919e+01
9.655068e+00 1.850862e-01 -7.226804e+01
9.655068e+00 1.998563e-01 -5.780826e+01
9.655068e+00 2.158051e-01 -5.033573e+01
9.655068e+00 2.330265e-01 -4.389303e+01
9.655068e+00 2.516223e-01 -3.693620e+01
9.655068e+00 2.717020e-01 -2.942420e+01
9.655068e+00 2.933841e-01 -2.372295e+01
9.655068e+00 3.167964e-01 -2.062995e+01
9.655068e+00 3.420771e-01 -1.729013e+01
9.655068e+00 3.693752e-01 -1.368378e+01
9.655068e+00 3.988518e-01 -9.983224e+00
9.655068e+00 4.306805e-01 -8.702550e+00
9.655068e+00 4.650493e-01 -7.319677e+00
9.655068e+00 5.021607e-01 -5.826449e+00
9.655068e+00 5.422336e-01 -4.214060e+00
9.655068e+00 5.855044e-01 -3.355688e+00
9.655068e+00 6.322283e-01 -2.840156e+00
9.655068e+00 6.826808e-01 -2.283485e+00
9.655068e+00 7.371594e-01 -1.682390e+00
9.655068e+00 7.959855e-01 -1.187026e+00
9.655068e+00 8.595059e-01 -1.013794e+00
9.655068e+00 9.280954e-01 -8.267389e-01
9.655068e+00 1.002158e+00 -6.247562e-01
9.655068e+00 1.082132e+00 -4.066550e-01
9.655068e+00 1.168487e+00 -3.408925e-01
9.655068e+00 1.261733e+00 -2.843391e-01
9.655068e+00 1.362421e+00 -2.232727e-01
9.655068e+00 1.471144e+00 -1.573332e-01
9.655068e+00 1.588542e+00 -1.164495e-01
9.655068e+00 1.715310e+00 -9.884767e-02
9.655068e+00 1.852193e+00 -7.984123e-02
9.655068e+00 2.000000e+00 -5.931806e-02
9.868170e+00 1.000000e-03 -2.579075e+02
9.868170e+00 1.079801e-03 -2.765957e+02
9.868170e+00 1.165970e-03 -2.964686e+02
9.868170e+00 1.259016e-03 -3.175696e+02
9.868170e+00 1.359487e-03 -3.399378e+02
9.868170e+00 1.467975e-03 -3.636083e+02
9.868170e+00 1.585121e-03 -3.886106e+02
9.868170e+00 1.711615e-03 -4.149678e+02
9.868170e+00 1.848204e-03 -4.426956e+02
9.868170e+00 1.995693e-03 -4.717986e+02
9.868170e+00 2.154951e-03 -5.022683e+02
9.868170e+00 2.326918e-03 -5.340839e+02
9.868170e+00 2.512609e-03 -5.672041e+02
9.868170e+00 2.713117e-03 -6.015651e+02
9.868170e+00 2.929627e-03 -6.370831e+02
9.868170e+00 3.163414e-03 -6.736470e+02
9.868170e+00 3.415858e-03 -7.111162e+02
9.868170e+00 3.688447e-03 -7.493235e+02
9.868170e+00 3.982789e-03 -7.880624e+02
9.868170e+00 4.300619e-03 -8.270859e+02
9.868170e+00 4.643813e-03 -8.661138e+02
9.868170e+00 5.014394e-03 -9.048145e+02
9.868170e+00 5.414548e-03 -9.428055e+02
9.868170e+00 5.846635e-03 -9.796689e+02
9.868170e+00 6.313202e-03 -1.014922e+03
9.868170e+00 6.817002e-03 -1.048024e+03
9.868170e+00 7.361006e-03 -1.078405e+03
9.868170e+00 7.948422e-03 -1.105427e+03
9.868170e+00 8.582714e-03 -1.128401e+03
9.868170e+00 9.267624e-03 -1.146641e+03
9.868170e+00 1.000719e-02 -1.159415e+03
9.868170e+00 1.080577e-02 -1.165982e+03
9.868170e+00 1.166809e-02 -1.165678e+03
9.868170e+00 1.259921e-02 -1.157913e+03
9.868170e+00 1.360464e-02 -1.142218e+03
9.868170e+00 1.469030e-02 -1.118314e+03
9.868170e+00 1.586261e-02 -1.086262e+03
9.868170e+00 1.712846e-02 -1.046439e+03
9.868170e+00 1.849533e-02 -9.994715e+02
9.868170e+00 1.997127e-02 -9.467125e+02
9.868170e+00 2.156500e-02 -8.899750e+02
9.868170e+00 2.328591e-02 -8.310093e+02
9.868170e+00 2.514415e-02 -7.722193e+02
9.868170e+00 2.715068e-02 -7.161712e+02
9.868170e+00 2.931733e-02 -6.647913e+02
9.868170e+00 3.165689e-02 -6.194918e+02
9.868170e+00 3.418314e-02 -5.811219e+02
9.868170e+00 3.691099e-02 -5.490885e+02
9.868170e+00 3.985652e-02 -5.214515e+02
9.868170e+00 4.303711e-02 -4.949558e+02
9.868170e+00 4.647152e-02 -4.656502e+02
9.868170e+00 5.017999e-02 -4.301754e+02
9.868170e+00 5.418441e-02 -3.966292e+02
9.868170e+00 5.850838e-02 -3.748727e+02
9.868170e+00 6.317741e-02 -3.513800e+02
9.868170e+00 6.821903e-02 -3.260125e+02
9.868170e+00 7.366298e-02 -2.988576e+02
9.868170e+00 7.954136e-02 -2.719560e+02
9.868170e+00 8.588885e-02 -2.429075e+02
9.868170e+00 9.274286e-02 -2.115410e+02
9.868170e+00 1.001438e-01 -1.776714e+02
9.868170e+00 1.081354e-01 -1.574755e+02
9.868170e+00 1.167647e-01 -1.434813e+02
9.868170e+00 1.260827e-01 -1.283704e+02
9.868170e+00 1.361442e-01 -1.120535e+02
9.868170e+00 1.470087e-01 -9.615208e+01
9.868170e+00 1.587401e-01 -8.629786e+01
9.868170e+00 1.714077e-01 -7.565727e+01
9.868170e+00 1.850862e-01 -6.416755e+01
9.868170e+00 1.998563e-01 -5.176094e+01
9.868170e+00 2.158051e-01 -4.523670e+01
9.868170e+00 2.330265e-01 -3.956454e+01
9.868170e+00 2.516223e-01 -3.343973e+01
9.868170e+00 2.717020e-01 -2.682616e+01
9.868170e+00 2.933841e-01 -2.177660e+01
9.868170e+00 3.167964e-01 -1.898262e+01
9.868170e+00 3.420771e-01 -1.596566e+01
9.868170e+00 3.693752e-01 -1.270796e+01
9.868170e+00 3.988518e-01 -9.363130e+00
9.868170e+00 4.306805e-01 -8.175853e+00
9.868170e+00 4.650493e-01 -6.893830e+00
9.868170e+00 5.021607e-01 -5.509501e+00
9.868170e+00 5.422336e-01 -4.014700e+00
9.868170e+00 5.855044e-01 -3.211401e+00
9.868170e+00 6.322283e-01 -2.721832e+00
9.868170e+00 6.826808e-01 -2.193194e+00
9.868170e+00 7.371594e-01 -1.622371e+00
9.868170e+00 7.959855e-01 -1.151188e+00
9.868170e+00 8.595059e-01 -9.840512e-01
9.868170e+00 9.280954e-01 -8.035768e-01
9.868170e+00 1.002158e+00 -6.087005e-01
9.868170e+00 1.082132e+00 -3.982728e-01
9.868170e+00 1.168487e+00 -3.342765e-01
9.868170e+00 1.261733e+00 -2.790750e-01
9.868170e+00 1.362421e+00 -2.194684e-01
9.868170e+00 1.471144e+00 -1.551051e-01
9.868170e+00 1.588542e+00 -1.150892e-01
9.868170e+00 1.715310e+00 -9.769423e-02
9.868170e+00 1.852193e+00 -7.891109e-02
9.868170e+00 2.000000e+00 -5.862903e-02
1.008553e+01 1.000000e-03 -2.238170e+02
1.008553e+01 1.079801e-03 -2.400388e+02
1.008553e+01 1.165970e-03 -2.572894e+02
1.008553e+01 1.259016e-03 -2.756064e+02
1.008553e+01 1.359487e-03 -2.950237e+02
1.008553e+01 1.467975e-03 -3.155716e+02
1.008553e+01 1.585121e-03 -3.372755e+02
1.008553e+01 1.711615e-03 -3.601555e+02
1.008553e+01 1.848204e-03 -3.842249e+02
1.008553e+01 1.995693e-03 -4.094875e+02
1.008553e+01 2.154951e-03 -4.359363e+02
1.008553e+01 2.326918e-03 -4.635531e+02
1.008553e+01 2.512609e-03 -4.923022e+02
1.008553e+01 2.713117e-03 -5.221283e+02
1.008553e+01 2.929627e-03 -5.529587e+02
1.008553e+01 3.163414e-03 -5.846968e+02
1.008553e+01 3.415858e-03 -6.172207e+02
1.008553e+01 3.688447e-03 -6.503851e+02
1.008553e+01 3.982789e-03 -6.840108e+02
1.008553e+01 4.300619e-03 -7.178834e+02
1.008553e+01 4.643813e-03 -7.517598e+02
1.008553e+01 5.014394e-03 -7.853521e+02
1.008553e+01 5.414548e-03 -8.183284e+02
1.008553e+01 5.846635e-03 -8.503259e+02
1.008553e+01 6.313202e-03 -8.809258e+02
1.008553e+01 6.817002e-03 -9.096581e+02
1.008553e+01 7.361006e-03 -9.360285e+02
1.008553e+01 7.948422e-03 -9.594839e+02
1.008553e+01 8.582714e-03 -9.794255e+02
1.008553e+01 9.267624e-03 -9.952576e+02
1.008553e+01 1.000719e-02 -1.006346e+03
1.008553e+01 1.080577e-02 -1.012047e+03
1.008553e+01 1.166809e-02 -1.011783e+03
1.008553e+01 1.259921e-02 -1.005044e+03
1.008553e+01 1.360464e-02 -9.914206e+02
1.008553e+01 1.469030e-02 -9.706733e+02
1.008553e+01 1.586261e-02 -9.428530e+02
1.008553e+01 1.712846e-02 -9.082878e+02
1.008553e+01 1.849533e-02 -8.675207e+02
1.008553e+01 1.997127e-02 -8.217270e+02
1.008553e+01 2.156500e-02 -7.724802e+02
1.008553e+01 2.328591e-02 -7.212992e+02
1.008553e+01 2.514415e-02 -6.702707e+02
1.008553e+01 2.715068e-02 -6.216221e+02
1.008553e+01 2.931733e-02 -5.770255e+02
1.008553e+01 3.165689e-02 -5.377064e+02
1.008553e+01 3.418314e-02 -5.044021e+02
1.008553e+01 3.691099e-02 -4.765977e+02
1.008553e+01 3.985652e-02 -4.526094e+02
1.008553e+01 4.303711e-02 -4.296116e+02
1.008553e+01 4.647152e-02 -4.041750e+02
1.008553e+01 5.017999e-02 -3.733836e+02
1.008553e+01 5.418441e-02 -3.442547e+02
1.008553e+01 5.850838e-02 -3.253386e+02
1.008553e+01 6.317741e-02 -3.049129e+02
1.008553e+01 6.821903e-02 -2.828572e+02
1.008553e+01 7.366298e-02 -2.592575e+02
1.008553e+01 7.954136e-02 -2.359804e+02
1.008553e+01 8.588885e-02 -2.108458e+02
1.008553e+01 9.274286e-02 -1.837054e+02
1.008553e+01 1.001438e-01 -1.543992e+02
1.008553e+01 1.081354e-01 -1.369510e+02
1.008553e+01 1.167647e-01 -1.248838e+02
1.008553e+01 1.260827e-01 -1.118536e+02
1.008553e+01 1.361442e-01 -9.778353e+01
1.008553e+01 1.470087e-01 -8.407571e+01
1.008553e+01 1.587401e-01 -7.559989e+01
1.008553e+01 1.714077e-01 -6.644769e+01
1.008553e+01 1.850862e-01 -5.656513e+01
1.008553e+01 1.998563e-01 -4.589394e+01
1.008553e+01 2.158051e-01 -4.022923e+01
1.008553e+01 2.330265e-01 -3.528259e+01
1.008553e+01 2.516223e-01 -2.994119e+01
1.008553e+01 2.717020e-01 -2.417355e+01
1.008553e+01 2.933841e-01 -1.974575e+01
1.008553e+01 3.167964e-01 -1.725243e+01
1.008553e+01 3.420771e-01 -1.456013e+01
1.008553e+01 3.693752e-01 -1.165299e+01
1.008553e+01 3.988518e-01 -8.666340e+00
1.008553e+01 4.306805e-01 -7.580196e+00
1.008553e+01 4.650493e-01 -6.407376e+00
1.008553e+01 5.021607e-01 -5.140965e+00
1.008553e+01 5.422336e-01 -3.773492e+00
1.008553e+01 5.855044e-01 -3.031802e+00
1.008553e+01 6.322283e-01 -2.573398e+00
1.008553e+01 6.826808e-01 -2.078412e+00
1.008553e+01 7.371594e-01 -1.543927e+00
1.008553e+01 7.959855e-01 -1.102035e+00
1.008553e+01 8.595059e-01 -9.431240e-01
1.008553e+01 9.280954e-01 -7.715317e-01
1.008553e+01 1.002158e+00 -5.862463e-01
1.008553e+01 1.082132e+00 -3.861748e-01
1.008553e+01 1.168487e+00 -3.245920e-01
1.008553e+01 1.261733e+00 -2.712498e-01
1.008553e+01 1.362421e+00 -2.136507e-01
1.008553e+01 1.471144e+00 -1.514552e-01
1.008553e+01 1.588542e+00 -1.126827e-01
1.008553e+01 1.715310e+00 -9.566944e-02
1.008553e+01 1.852193e+00 -7.729847e-02
1.008553e+01 2.000000e+00 -5.746148e-02
1.030724e+01 1.000000e-03 -1.940039e+02
1.030724e+01 1.079801e-03 -2.080683e+02
1.030724e+01 1.165970e-03 -2.230251e+02
1.030724e+01 1.259016e-03 -2.389068e+02
1.030724e+01 1.359487e-03 -2.557427e+02
1.030724e+01 1.467975e-03 -2.735590e+02
1.030724e+01 1.585121e-03 -2.923778e+02
1.030724e+01 1.711615e-03 -3.122160e+02
1.030724e+01 1.848204e-03 -3.330852e+02
1.030724e+01 1.995693e-03 -3.549887e+02
1.030724e+01 2.154951e-03 -3.779203e+02
1.030724e+01 2.326918e-03 -4.018644e+02
1.030724e+01 2.512609e-03 -4.267902e+02
1.030724e+01 2.713117e-03 -4.526495e+02
1.030724e+01 2.929627e-03 -4.793796e+02
1.030724e+01 3.163414e-03 -5.068967e+02
1.030724e+01 3.415858e-03 -5.350949e+02
1.030724e+01 3.688447e-03 -5.638484e+02
1.030724e+01 3.982789e-03 -5.930016e+02
1.030724e+01 4.300619e-03 -6.223688e+02
1.030724e+01 4.643813e-03 -6.517392e+02
1.030724e+01 5.014394e-03 -6.808633e+02
1.030724e+01 5.414548e-03 -7.094533e+02
1.030724e+01 5.846635e-03 -7.371947e+02
1.030724e+01 6.313202e-03 -7.637243e+02
1.030724e+01 6.817002e-03 -7.886347e+02
1.030724e+01 7.361006e-03 -8.114974e+02
1.030724e+01 7.948422e-03 -8.318328e+02
1.030724e+01 8.582714e-03 -8.491219e+02
1.030724e+01 9.267624e-03 -8.628483e+02
1.030724e+01 1.000719e-02 -8.724620e+02
1.030724e+01 1.080577e-02 -8.774048e+02
1.030724e+01 1.166809e-02 -8.771766e+02
1.030724e+01 1.259921e-02 -8.713342e+02
1.030724e+01 1.360464e-02 -8.595236e+02
1.030724e+01 1.469030e-02 -8.415367e+02
1.030724e+01 1.586261e-02 -8.174178e+02
1.030724e+01 1.712846e-02 -7.874512e+02
1.030724e+01 1.849533e-02 -7.521078e+02
1.030724e+01 1.997127e-02 -7.124065e+02
1.030724e+01 2.156500e-02 -6.697114e+02
1.030724e+01 2.328591e-02 -6.253395e+02
1.030724e+01 2.514415e-02 -5.810997e+02
1.030724e+01 2.715068e-02 -5.389233e+02
1.030724e+01 2.931733e-02 -5.002596e+02
1.030724e+01 3.165689e-02 -4.661715e+02
1.030724e+01 3.418314e-02 -4.372979e+02
1.030724e+01 3.691099e-02 -4.131925e+02
1.030724e+01 3.985652e-02 -3.923955e+02
1.030724e+01 4.303711e-02 -3.724573e+02
1.030724e+01 4.647152e-02 -3.504047e+02
1.030724e+01 5.017999e-02 -3.237097e+02
1.030724e+01 5.418441e-02 -2.984543e+02
1.030724e+01 5.850838e-02 -2.820499e+02
1.030724e+01 6.317741e-02 -2.643363e+02
1.030724e+01 6.821903e-02 -2.452092e+02
1.030724e+01 7.366298e-02 -2.247515e+02
1.030724e+01 7.954136e-02 -2.046609e+02
1.030724e+01 8.588885e-02 -1.829670e+02
1.030724e+01 9.274286e-02 -1.595419e+02
1.030724e+01 1.001438e-01 -1.342475e+02
1.030724e+01 1.081354e-01 -1.191484e+02
1.030724e+01 1.167647e-01 -1.086717e+02
1.030724e+01 1.260827e-01 -9.735885e+01
1.030724e+01 1.361442e-01 -8.514327e+01
1.030724e+01 1.470087e-01 -7.325281e+01
1.030724e+01 1.587401e-01 -6.595090e+01
1.030724e+01 1.714077e-01 -5.806630e+01
1.030724e+01 1.850862e-01 -4.955250e+01
1.030724e+01 1.998563e-01 -4.035929e+01
1.030724e+01 2.158051e-01 -3.546193e+01
1.030724e+01 2.330265e-01 -3.117837e+01
1.030724e+01 2.516223e-01 -2.655298e+01
1.030724e+01 2.717020e-01 -2.155848e+01
1.030724e+01 2.933841e-01 -1.770658e+01
1.030724e+01 3.167964e-01 -1.550603e+01
1.030724e+01 3.420771e-01 -1.312987e+01
1.030724e+01 3.693752e-01 -1.056409e+01
1.030724e+01 3.988518e-01 -7.926610e+00
1.030724e+01 4.306805e-01 -6.945038e+00
1.030724e+01 4.650493e-01 -5.885135e+00
1.030724e+01 5.021607e-01 -4.740650e+00
1.030724e+01 5.422336e-01 -3.504835e+00
1.030724e+01 5.855044e-01 -2.828602e+00
1.030724e+01 6.322283e-01 -2.405134e+00
1.030724e+01 6.826808e-01 -1.947872e+00
1.030724e+01 7.371594e-01 -1.454120e+00
1.030724e+01 7.959855e-01 -1.045067e+00
1.030724e+01 8.595059e-01 -8.953871e-01
1.030724e+01 9.280954e-01 -7.337628e-01
1.030724e+01 1.002158e+00 -5.592408e-01
1.030724e+01 1.082132e+00 -3.707917e-01
1.030724e+01 1.168487e+00 -3.121437e-01
1.030724e+01 1.261733e+00 -2.611515e-01
1.030724e+01 1.362421e+00 -2.060901e-01
1.030724e+01 1.471144e+00 -1.466348e-01
1.030724e+01 1.588542e+00 -1.094549e-01
1.030724e+01 1.715310e+00 -9.296512e-02
1.030724e+01 1.852193e+00 -7.515945e-02
1.030724e+01 2.000000e+00 -5.593288e-02
1.053339e+01 1.000000e-03 -1.677750e+02
1.053339e+01 1.079801e-03 -1.799410e+02
1.053339e+01 1.165970e-03 -1.928792e+02
1.053339e+01 1.259016e-03 -2.066178e+02
1.053339e+01 1.359487e-03 -2.211820e+02
1.053339e+01 1.467975e-03 -2.365945e+02
1.053339e+01 1.585121e-03 -2.528741e+02
1.053339e+01 1.711615e-03 -2.700356e+02
1.053339e+01 1.848204e-03 -2.880887e+02
1.053339e+01 1.995693e-03 -3.070362e+02
1.053339e+01 2.154951e-03 -3.268728e+02
1.053339e+01 2.326918e-03 -3.475851e+02
1.053339e+01 2.512609e-03 -3.691463e+02
1.053339e+01 2.713117e-03 -3.915151e+02
1.053339e+01 2.929627e-03 -4.146370e+02
1.053339e+01 3.163414e-03 -4.384397e+02
1.053339e+01 3.415858e-03 -4.628316e+02
1.053339e+01 3.688447e-03 -4.877036e+02
1.053339e+01 3.982789e-03 -5.129212e+02
1.053339e+01 4.300619e-03 -5.383239e+02
1.053339e+01 4.643813e-03 -5.637292e+02
1.053339e+01 5.014394e-03 -5.889215e+02
1.053339e+01 5.414548e-03 -6.136519e+02
1.053339e+01 5.846635e-03 -6.376480e+02
1.053339e+01 6.313202e-03 -6.605960e+02
1.053339e+01 6.817002e-03 -6.821434e+02
1.053339e+01 7.361006e-03 -7.019195e+02
1.053339e+01 7.948422e-03 -7.195095e+02
1.053339e+01 8.582714e-03 -7.344646e+02
1.053339e+01 9.267624e-03 -7.463380e+02
1.053339e+01 1.000719e-02 -7.546542e+02
1.053339e+01 1.080577e-02 -7.589301e+02
1.053339e+01 1.166809e-02 -7.587330e+02
1.053339e+01 1.259921e-02 -7.536797e+02
1.053339e+01 1.360464e-02 -7.434639e+02
1.053339e+01 1.469030e-02 -7.279059e+02
1.053339e+01 1.586261e-02 -7.070439e+02
1.053339e+01 1.712846e-02 -6.811237e+02
1.053339e+01 1.849533e-02 -6.505528e+02
1.053339e+01 1.997127e-02 -6.162123e+02
1.053339e+01 2.156500e-02 -5.792823e+02
1.053339e+01 2.328591e-02 -5.409018e+02
1.053339e+01 2.514415e-02 -5.026357e+02
1.053339e+01 2.715068e-02 -4.661542e+02
1.053339e+01 2.931733e-02 -4.327112e+02
1.053339e+01 3.165689e-02 -4.032259e+02
1.053339e+01 3.418314e-02 -3.782510e+02
1.053339e+01 3.691099e-02 -3.574005e+02
1.053339e+01 3.985652e-02 -3.394117e+02
1.053339e+01 4.303711e-02 -3.221657e+02
1.053339e+01 4.647152e-02 -3.030907e+02
1.053339e+01 5.017999e-02 -2.800003e+02
1.053339e+01 5.418441e-02 -2.581494e+02
1.053339e+01 5.850838e-02 -2.439443e+02
1.053339e+01 6.317741e-02 -2.286056e+02
1.053339e+01 6.821903e-02 -2.120429e+02
1.053339e+01 7.366298e-02 -1.943396e+02
1.053339e+01 7.954136e-02 -1.770732e+02
1.053339e+01 8.588885e-02 -1.584290e+02
1.053339e+01 9.274286e-02 -1.382969e+02
1.053339e+01 1.001438e-01 -1.165583e+02
1.053339e+01 1.081354e-01 -1.035151e+02
1.053339e+01 1.167647e-01 -9.440733e+01
1.053339e+01 1.260827e-01 -8.457275e+01
1.053339e+01 1.361442e-01 -7.395336e+01
1.053339e+01 1.470087e-01 -6.362738e+01
1.053339e+01 1.587401e-01 -5.733721e+01
1.053339e+01 1.714077e-01 -5.054508e+01
1.053339e+01 1.850862e-01 -4.321094e+01
1.053339e+01 1.998563e-01 -3.529151e+01
1.053339e+01 2.158051e-01 -3.106808e+01
1.053339e+01 2.330265e-01 -2.737211e+01
1.053339e+01 2.516223e-01 -2.338119e+01
1.053339e+01 2.717020e-01 -1.907179e+01
1.053339e+01 2.933841e-01 -1.573638e+01
1.053339e+01 3.167964e-01 -1.380975e+01
1.053339e+01 3.420771e-01 -1.172937e+01
1.053339e+01 3.693752e-01 -9.482979e+00
1.053339e+01 3.988518e-01 -7.172658e+00
1.053339e+01 4.306805e-01 -6.295767e+00
1.053339e+01 4.650493e-01 -5.348899e+00
1.053339e+01 5.021607e-01 -4.326470e+00
1.053339e+01 5.422336e-01 -3.222450e+00
1.053339e+01 5.855044e-01 -2.612456e+00
1.053339e+01 6.322283e-01 -2.225060e+00
1.053339e+01 6.826808e-01 -1.806749e+00
1.053339e+01 7.371594e-01 -1.355057e+00
1.053339e+01 7.959855e-01 -9.801843e-01
1.053339e+01 8.595059e-01 -8.409744e-01
1.053339e+01 9.280954e-01 -6.906553e-01
1.053339e+01 1.002158e+00 -5.283406e-01
1.053339e+01 1.082132e+00 -3.530730e-01
1.053339e+01 1.168487e+00 -2.977302e-01
1.053339e+01 1.261733e+00 -2.493761e-01
1.053339e+01 1.362421e+00 -1.971634e-01
1.053339e+01 1.471144e+00 -1.407840e-01
1.053339e+01 1.588542e+00 -1.054264e-01
1.053339e+01 1.715310e+00 -8.959157e-02
1.053339e+01 1.852193e+00 -7.249315e-02
1.053339e+01 2.000000e+00 -5.403027e-02
1.076406e+01 1.000000e-03 -1.440911e+02
1.076406e+01 1.079801e-03 -1.545422e+02
1.076406e+01 1.165970e-03 -1.656571e+02
1.076406e+01 1.259016e-03 -1.774598e+02
1.076406e+01 1.359487e-03 -1.899720e+02
1.076406e+01 1.467975e-03 -2.032131e+02
1.076406e+01 1.585121e-03 -2.171992e+02
1.076406e+01 1.711615e-03 -2.319428e+02
1.076406e+01 1.848204e-03 -2.474522e+02
1.076406e+01 1.995693e-03 -2.637297e+02
1.076406e+01 2.154951e-03 -2.807708e+02
1.076406e+01 2.326918e-03 -2.985640e+02
1.076406e+01 2.512609e-03 -3.170863e+02
1.076406e+01 2.713117e-03 -3.363023e+02
1.076406e+01 2.929627e-03 -3.561652e+02
1.076406e+01 3.163414e-03 -3.766131e+02
1.076406e+01 3.415858e-03 -3.975670e+02
1.076406e+01 3.688447e-03 -4.189331e+02
1.076406e+01 3.982789e-03 -4.405961e+02
1.076406e+01 4.300619e-03 -4.624180e+02
1.076406e+01 4.643813e-03 -4.842421e+02
1.076406e+01 5.014394e-03 -5.058832e+02
1.076406e+01 5.414548e-03 -5.271274e+02
1.076406e+01 5.846635e-03 -5.477410e+02
1.076406e+01 6.313202e-03 -5.674540e+02
1.076406e+01 6.817002e-03 -5.859639e+02
1.076406e+01 7.361006e-03 -6.029522e+02
1.076406e+01 7.948422e-03 -6.180625e+02
1.076406e+01 8.582714e-03 -6.309095e+02
1.076406e+01 9.267624e-03 -6.411094e+02
1.076406e+01 1.000719e-02 -6.482536e+02
1.076406e+01 1.080577e-02 -6.519271e+02
1.076406e+01 1.166809e-02 -6.517581e+02
1.076406e+01 1.259921e-02 -6.474174e+02
1.076406e+01 1.360464e-02 -6.386420e+02
1.076406e+01 1.469030e-02 -6.252776e+02
1.076406e+01 1.586261e-02 -6.073571e+02
1.076406e+01 1.712846e-02 -5.850916e+02
1.076406e+01 1.849533e-02 -5.588310e+02
1.076406e+01 1.997127e-02 -5.293323e+02
1.076406e+01 2.156500e-02 -4.976091e+02
1.076406e+01 2.328591e-02 -4.646400e+02
1.076406e+01 2.514415e-02 -4.317690e+02
1.076406e+01 2.715068e-02 -4.004311e+02
1.076406e+01 2.931733e-02 -3.717032e+02
1.076406e+01 3.165689e-02 -3.463751e+02
1.076406e+01 3.418314e-02 -3.249214e+02
1.076406e+01 3.691099e-02 -3.070106e+02
1.076406e+01 3.985652e-02 -2.915580e+02
1.076406e+01 4.303711e-02 -2.767435e+02
1.076406e+01 4.647152e-02 -2.603580e+02
1.076406e+01 5.017999e-02 -2.405230e+02
1.076406e+01 5.418441e-02 -2.218064e+02
1.076406e+01 5.850838e-02 -2.097529e+02
1.076406e+01 6.317741e-02 -1.967375e+02
1.076406e+01 6.821903e-02 -1.826835e+02
1.076406e+01 7.366298e-02 -1.676424e+02
1.076406e+01 7.954136e-02 -1.527736e+02
1.076406e+01 8.588885e-02 -1.367183e+02
1.076406e+01 9.274286e-02 -1.193817e+02
1.076406e+01 1.001438e-01 -1.006616e+02
1.076406e+01 1.081354e-01 -8.941567e+01
1.076406e+01 1.167647e-01 -8.155095e+01
1.076406e+01 1.260827e-01 -7.305862e+01
1.076406e+01 1.361442e-01 -6.388859e+01
1.076406e+01 1.470087e-01 -5.497632e+01
1.076406e+01 1.587401e-01 -4.956807e+01
1.076406e+01 1.714077e-01 -4.372823e+01
1.076406e+01 1.850862e-01 -3.742237e+01
1.076406e+01 1.998563e-01 -3.061330e+01
1.076406e+01 2.158051e-01 -2.699427e+01
1.076406e+01 2.330265e-01 -2.383216e+01
1.076406e+01 2.516223e-01 -2.041771e+01
1.076406e+01 2.717020e-01 -1.673078e+01
1.076406e+01 2.933841e-01 -1.386647e+01
1.076406e+01 3.167964e-01 -1.219299e+01
1.076406e+01 3.420771e-01 -1.038597e+01
1.076406e+01 3.693752e-01 -8.434748e+00
1.076406e+01 3.988518e-01 -6.427058e+00
1.076406e+01 4.306805e-01 -5.651199e+00
1.076406e+01 4.650493e-01 -4.813425e+00
1.076406e+01 5.021607e-01 -3.908796e+00
1.076406e+01 5.422336e-01 -2.931976e+00
1.076406e+01 5.855044e-01 -2.387425e+00
1.076406e+01 6.322283e-01 -2.037185e+00
1.076406e+01 6.826808e-01 -1.658995e+00
1.076406e+01 7.371594e-01 -1.250624e+00
1.076406e+01 7.959855e-01 -9.109854e-01
1.076406e+01 8.595059e-01 -7.826544e-01
1.076406e+01 9.280954e-01 -6.440825e-01
1.076406e+01 1.002158e+00 -4.944523e-01
1.076406e+01 1.082132e+00 -3.328816e-01
1.076406e+01 1.168487e+00 -2.812242e-01
1.076406e+01 1.261733e+00 -2.359041e-01
1.076406e+01 1.362421e+00 -1.869673e-01
1.076406e+01 1.471144e+00 -1.341253e-01
1.076406e+01 1.588542e+00 -1.008559e-01
1.076406e+01 1.715310e+00 -8.576027e-02
1.076406e+01 1.852193e+00 -6.945995e-02
1.076406e+01 2.000000e+00 -5.185886e-02
1.099934e+01 1.000000e-03 -1.236719e+02
1.099934e+01 1.079801e-03 -1.326443e+02
1.099934e+01 1.165970e-03 -1.421868e+02
1.099934e+01 1.259016e-03 -1.523200e+02
1.099934e+01 1.359487e-03 -1.630626e+02
1.099934e+01 1.467975e-03 -1.744311e+02
1.099934e+01 1.585121e-03 -1.864392e+02
1.099934e+01 1.711615e-03 -1.990977e+02
1.099934e+01 1.848204e-03 -2.124135e+02
1.099934e+01 1.995693e-03 -2.263886e+02
1.099934e+01 2.154951e-03 -2.410190e+02
1.099934e+01 2.326918e-03 -2.562948e+02
1.099934e+01 2.512609e-03 -2.721966e+02
1.099934e+01 2.713117e-03 -2.886938e+02
1.099934e+01 2.929627e-03 -3.057465e+02
1.099934e+01 3.163414e-03 -3.233012e+02
1.099934e+01 3.415858e-03 -3.412905e+02
1.099934e+01 3.688447e-03 -3.596335e+02
1.099934e+01 3.982789e-03 -3.782312e+02
1.099934e+01 4.300619e-03 -3.969652e+02
1.099934e+01 4.643813e-03 -4.157012e+02
1.099934e+01 5.014394e-03 -4.342800e+02
1.099934e+01 5.414548e-03 -4.525181e+02
1.099934e+01 5.846635e-03 -4.702148e+02
1.099934e+01 6.313202e-03 -4.871384e+02
1.099934e+01 6.817002e-03 -5.030289e+02
1.099934e+01 7.361006e-03 -5.176132e+02
1.099934e+01 7.948422e-03 -5.305854e+02
1.099934e+01 8.582714e-03 -5.416145e+02
1.099934e+01 9.267624e-03 -5.503712e+02
1.099934e+01 1.000719e-02 -5.565047e+02
1.099934e+01 1.080577e-02 -5.596587e+02
1.099934e+01 1.166809e-02 -5.595139e+02
1.099934e+01 1.259921e-02 -5.557877e+02
1.099934e+01 1.360464e-02 -5.482543e+02
1.099934e+01 1.469030e-02 -5.367815e+02
1.099934e+01 1.586261e-02 -5.213974e+02
1.099934e+01 1.712846e-02 -5.022833e+02
1.099934e+01 1.849533e-02 -4.797395e+02
1.099934e+01 1.997127e-02 -4.544158e+02
1.099934e+01 2.156500e-02 -4.271825e+02
1.099934e+01 2.328591e-02 -3.988795e+02
1.099934e+01 2.514415e-02 -3.706608e+02
1.099934e+01 2.715068e-02 -3.437581e+02
1.099934e+01 2.931733e-02 -3.190962e+02
1.099934e+01 3.165689e-02 -2.973527e+02
1.099934e+01 3.418314e-02 -2.789354e+02
1.099934e+01 3.691099e-02 -2.635595e+02
1.099934e+01 3.985652e-02 -2.502939e+02
1.099934e+01 4.303711e-02 -2.375761e+02
1.099934e+01 4.647152e-02 -2.235096e+02
1.099934e+01 5.017999e-02 -2.064819e+02
1.099934e+01 5.418441e-02 -1.904411e+02
1.099934e+01 5.850838e-02 -1.801683e+02
1.099934e+01 6.317741e-02 -1.690758e+02
1.099934e+01 6.821903e-02 -1.570981e+02
1.099934e+01 7.366298e-02 -1.442692e+02
1.099934e+01 7.954136e-02 -1.314857e+02
1.099934e+01 8.588885e-02 -1.176821e+02
1.099934e+01 9.274286e-02 -1.027769e+02
1.099934e+01 1.001438e-01 -8.668233e+01
1.099934e+01 1.081354e-01 -7.699537e+01
1.099934e+01 1.167647e-01 -7.020525e+01
1.099934e+01 1.260827e-01 -6.287328e+01
1.099934e+01 1.361442e-01 -5.495620e+01
1.099934e+01 1.470087e-01 -4.726900e+01
1.099934e+01 1.587401e-01 -4.263886e+01
1.099934e+01 1.714077e-01 -3.763922e+01
1.099934e+01 1.850862e-01 -3.224061e+01
1.099934e+01 1.998563e-01 -2.641119e+01
1.099934e+01 2.158051e-01 -2.332242e+01
1.099934e+01 2.330265e-01 -2.062751e+01
1.099934e+01 2.516223e-01 -1.771755e+01
1.099934e+01 2.717020e-01 -1.457536e+01
1.099934e+01 2.933841e-01 -1.212688e+01
1.099934e+01 3.167964e-01 -1.068333e+01
1.099934e+01 3.420771e-01 -9.124590e+00
1.099934e+01 3.693752e-01 -7.441458e+00
1.099934e+01 3.988518e-01 -5.708854e+00
1.099934e+01 4.306805e-01 -5.028065e+00
1.099934e+01 4.650493e-01 -4.292949e+00
1.099934e+01 5.021607e-01 -3.499170e+00
1.099934e+01 5.422336e-01 -2.642046e+00
1.099934e+01 5.855044e-01 -2.160255e+00
1.099934e+01 6.322283e-01 -1.846800e+00
1.099934e+01 6.826808e-01 -1.508331e+00
1.099934e+01 7.371594e-01 -1.142852e+00
1.099934e+01 7.959855e-01 -8.382542e-01
1.099934e+01 8.595059e-01 -7.212379e-01
1.099934e+01 9.280954e-01 -5.948836e-01
1.099934e+01 1.002158e+00 -4.584461e-01
1.099934e+01 1.082132e+00 -3.111207e-01
1.099934e+01 1.168487e+00 -2.633574e-01
1.099934e+01 1.261733e+00 -2.212635e-01
1.099934e+01 1.362421e+00 -1.758105e-01
1.099934e+01 1.471144e+00 -1.267304e-01
1.099934e+01 1.588542e+00 -9.569106e-02
1.099934e+01 1.715310e+00 -8.139951e-02
1.099934e+01 1.852193e+00 -6.596748e-02
1.099934e+01 2.000000e+00 -4.930395e-02
1.123932e+01 1.000000e-03 -1.059859e+02
1.123932e+01 1.079801e-03 -1.136772e+02
1.123932e+01 1.165970e-03 -1.218573e+02
1.123932e+01 1.259016e-03 -1.305441e+02
1.123932e+01 1.359487e-03 -1.397535e+02
1.123932e+01 1.467975e-03 -1.494995e+02
1.123932e+01 1.585121e-03 -1.597940e+02
1.123932e+01 1.711615e-03 -1.706459e+02
1.123932e+01 1.848204e-03 -1.820612e+02
1.123932e+01 1.995693e-03 -1.940414e+02
1.123932e+01 2.154951e-03 -2.065833e+02
1.123932e+01 2.326918e-03 -2.196783e+02
1.123932e+01 2.512609e-03 -2.333098e+02
1.123932e+01 2.713117e-03 -2.474516e+02
1.123932e+01 2.929627e-03 -2.620695e+02
1.123932e+01 3.163414e-03 -2.771179e+02
1.123932e+01 3.415858e-03 -2.925387e+02
1.123932e+01 3.688447e-03 -3.082627e+02
1.123932e+01 3.982789e-03 -3.242049e+02
1.123932e+01 4.300619e-03 -3.402638e+02
1.123932e+01 4.643813e-03 -3.563244e+02
1.123932e+01 5.014394e-03 -3.722503e+02
1.123932e+01 5.414548e-03 -3.878841e+02
1.123932e+01 5.846635e-03 -4.030538e+02
1.123932e+01 6.313202e-03 -4.175607e+02
1.123932e+01 6.817002e-03 -4.311821e+02
1.123932e+01 7.361006e-03 -4.436838e+02
1.123932e+01 7.948422e-03 -4.548036e+02
1.123932e+01 8.582714e-03 -4.642578e+02
1.123932e+01 9.267624e-03 -4.717641e+02
1.123932e+01 1.000719e-02 -4.770220e+02
1.123932e+01 1.080577e-02 -4.797258e+02
1.123932e+01 1.166809e-02 -4.796019e+02
1.123932e+01 1.259921e-02 -4.764080e+02
1.123932e+01 1.360464e-02 -4.699508e+02
1.123932e+01 1.469030e-02 -4.601167e+02
1.123932e+01 1.586261e-02 -4.469299e+02
1.123932e+01 1.712846e-02 -4.305458e+02
1.123932e+01 1.849533e-02 -4.112219e+02
1.123932e+01 1.997127e-02 -3.895151e+02
1.123932e+01 2.156500e-02 -3.661713e+02
1.123932e+01 2.328591e-02 -3.419107e+02
1.123932e+01 2.514415e-02 -3.177223e+02
1.123932e+01 2.715068e-02 -2.946619e+02
1.123932e+01 2.931733e-02 -2.735222e+02
1.123932e+01 3.165689e-02 -2.548842e+02
1.123932e+01 3.418314e-02 -2.390973e+02
1.123932e+01 3.691099e-02 -2.259174e+02
1.123932e+01 3.985652e-02 -2.145464e+02
1.123932e+01 4.303711e-02 -2.036450e+02
1.123932e+01 4.647152e-02 -1.915875e+02
1.123932e+01 5.017999e-02 -1.769917e+02
1.123932e+01 5.418441e-02 -1.632454e+02
1.123932e+01 5.850838e-02 -1.544495e+02
1.123932e+01 6.317741e-02 -1.449518e+02
1.123932e+01 6.821903e-02 -1.346960e+02
1.123932e+01 7.366298e-02 -1.237069e+02
1.123932e+01 7.954136e-02 -1.127083e+02
1.123932e+01 8.588885e-02 -1.008321e+02
1.123932e+01 9.274286e-02 -8.800816e+01
1.123932e+01 1.001438e-01 -7.416084e+01
1.123932e+01 1.081354e-01 -6.585025e+01
1.123932e+01 1.167647e-01 -6.004526e+01
1.123932e+01 1.260827e-01 -5.377702e+01
1.123932e+01 1.361442e-01 -4.700857e+01
1.123932e+01 1.470087e-01 -4.043850e+01
1.123932e+01 1.587401e-01 -3.649002e+01
1.123932e+01 1.714077e-01 -3.222646e+01
1.123932e+01 1.850862e-01 -2.762265e+01
1.123932e+01 1.998563e-01 -2.265146e+01
1.123932e+01 2.158051e-01 -2.002763e+01
1.123932e+01 2.330265e-01 -1.774253e+01
1.123932e+01 2.516223e-01 -1.527508e+01
1.123932e+01 2.717020e-01 -1.261073e+01
1.123932e+01 2.933841e-01 -1.052934e+01
1.123932e+01 3.167964e-01 -9.293014e+00
1.123932e+01 3.420771e-01 -7.958023e+00
1.123932e+01 3.693752e-01 -6.516499e+00
1.123932e+01 3.988518e-01 -5.031954e+00
1.123932e+01 4.306805e-01 -4.439074e+00
1.123932e+01 4.650493e-01 -3.798882e+00
1.123932e+01 5.021607e-01 -3.107601e+00
1.123932e+01 5.422336e-01 -2.361156e+00
1.123932e+01 5.855044e-01 -1.938238e+00
1.123932e+01 6.322283e-01 -1.660098e+00
1.123932e+01 6.826808e-01 -1.359761e+00
1.123932e+01 7.371594e-01 -1.035457e+00
1.123932e+01 7.959855e-01 -7.646044e-01
1.123932e+01 8.595059e-01 -6.588071e-01
1.123932e+01 9.280954e-01 -5.445671e-01
1.123932e+01 1.002158e+00 -4.212106e-01
1.123932e+01 1.082132e+00 -2.880101e-01
1.123932e+01 1.168487e+00 -2.442575e-01
1.123932e+01 1.261733e+00 -2.055369e-01
1.123932e+01 1.362421e+00 -1.637264e-01
1.123932e+01 1.471144e+00 -1.185794e-01
1.123932e+01 1.588542e+00 -8.990400e-02
1.123932e+01 1.715310e+00 -7.651630e-02
1.123932e+01 1.852193e+00 -6.206024e-02
1.123932e+01 2.000000e+00 -4.645058e-02
1.148411e+01 1.000000e-03 -9.041348e+01
1.148411e+01 1.079801e-03 -9.697640e+01
1.148411e+01 1.165970e-03 -1.039567e+02
1.148411e+01 1.259016e-03 -1.113695e+02
1.148411e+01 1.359487e-03 -1.192284e+02
1.148411e+01 1.467975e-03 -1.275453e+02
1.148411e+01 1.585121e-03 -1.363304e+02
1.148411e+01 1.711615e-03 -1.455911e+02
1.148411e+01 1.848204e-03 -1.553325e+02
1.148411e+01 1.995693e-03 -1.655558e+02
1.148411e+01 2.154951e-03 -1.762582e+02
1.148411e+01 2.326918e-03 -1.874325e+02
1.148411e+01 2.512609e-03 -1.990644e+02
1.148411e+01 2.713117e-03 -2.111317e+02
1.148411e+01 2.929627e-03 -2.236053e+02
1.148411e+01 3.163414e-03 -2.364463e+02
1.148411e+01 3.415858e-03 -2.496049e+02
1.148411e+01 3.688447e-03 -2.630223e+02
1.148411e+01 3.982789e-03 -2.766257e+02
1.148411e+01 4.300619e-03 -2.903286e+02
1.148411e+01 4.643813e-03 -3.040330e+02
1.148411e+01 5.014394e-03 -3.176224e+02
1.148411e+01 5.414548e-03 -3.309626e+02
1.148411e+01 5.846635e-03 -3.439067e+02
1.148411e+01 6.313202e-03 -3.562853e+02
1.148411e+01 6.817002e-03 -3.679082e+02
1.148411e+01 7.361006e-03 -3.785758e+02
1.148411e+01 7.948422e-03 -3.880641e+02
1.148411e+01 8.582714e-03 -3.961313e+02
1.148411e+01 9.267624e-03 -4.025364e+02
1.148411e+01 1.000719e-02 -4.070229e+02
1.148411e+01 1.080577e-02 -4.093301e+02
1.148411e+01 1.166809e-02 -4.092246e+02
1.148411e+01 1.259921e-02 -4.064996e+02
1.148411e+01 1.360464e-02 -4.009902e+02
1.148411e+01 1.469030e-02 -3.925993e+02
1.148411e+01 1.586261e-02 -3.813477e+02
1.148411e+01 1.712846e-02 -3.673679e+02
1.148411e+01 1.849533e-02 -3.508796e+02
1.148411e+01 1.997127e-02 -3.323581e+02
1.148411e+01 2.156500e-02 -3.124398e+02
1.148411e+01 2.328591e-02 -2.917391e+02
1.148411e+01 2.514415e-02 -2.711001e+02
1.148411e+01 2.715068e-02 -2.514237e+02
1.148411e+01 2.931733e-02 -2.333860e+02
1.148411e+01 3.165689e-02 -2.174829e+02
1.148411e+01 3.418314e-02 -2.040125e+02
1.148411e+01 3.691099e-02 -1.927667e+02
1.148411e+01 3.985652e-02 -1.830642e+02
1.148411e+01 4.303711e-02 -1.737625e+02
1.148411e+01 4.647152e-02 -1.634743e+02
1.148411e+01 5.017999e-02 -1.510202e+02
1.148411e+01 5.418441e-02 -1.392933e+02
1.148411e+01 5.850838e-02 -1.317944e+02
1.148411e+01 6.317741e-02 -1.236970e+02
1.148411e+01 6.821903e-02 -1.149535e+02
1.148411e+01 7.366298e-02 -1.055814e+02
1.148411e+01 7.954136e-02 -9.616774e+01
1.148411e+01 8.588885e-02 -8.600288e+01
1.148411e+01 9.274286e-02 -7.502685e+01
1.148411e+01 1.001438e-01 -6.317492e+01
1.148411e+01 1.081354e-01 -5.608114e+01
1.148411e+01 1.167647e-01 -5.114262e+01
1.148411e+01 1.260827e-01 -4.581001e+01
1.148411e+01 1.361442e-01 -4.005185e+01
1.148411e+01 1.470087e-01 -3.446366e+01
1.148411e+01 1.587401e-01 -3.111102e+01
1.148411e+01 1.714077e-01 -2.749083e+01
1.148411e+01 1.850862e-01 -2.358174e+01
1.148411e+01 1.998563e-01 -1.936070e+01
1.148411e+01 2.158051e-01 -1.713403e+01
1.148411e+01 2.330265e-01 -1.519531e+01
1.148411e+01 2.516223e-01 -1.310188e+01
1.148411e+01 2.717020e-01 -1.084139e+01
1.148411e+01 2.933841e-01 -9.074304e+00
1.148411e+01 3.167964e-01 -8.022556e+00
1.148411e+01 3.420771e-01 -6.886878e+00
1.148411e+01 3.693752e-01 -5.660572e+00
1.148411e+01 3.988518e-01 -4.397161e+00
1.148411e+01 4.306805e-01 -3.885138e+00
1.148411e+01 4.650493e-01 -3.332255e+00
1.148411e+01 5.021607e-01 -2.735251e+00
1.148411e+01 5.422336e-01 -2.090605e+00
1.148411e+01 5.855044e-01 -1.722607e+00
1.148411e+01 6.322283e-01 -1.478135e+00
1.148411e+01 6.826808e-01 -1.214154e+00
1.148411e+01 7.371594e-01 -9.291065e-01
1.148411e+01 7.959855e-01 -6.905490e-01
1.148411e+01 8.595059e-01 -5.958733e-01
1.148411e+01 9.280954e-01 -4.936425e-01
1.148411e+01 1.002158e+00 -3.832535e-01
1.148411e+01 1.082132e+00 -2.640554e-01
1.148411e+01 1.168487e+00 -2.243689e-01
1.148411e+01 1.261733e+00 -1.890976e-01
1.148411e+01 1.362421e+00 -1.510116e-01
1.148411e+01 1.471144e+00 -1.098863e-01
1.148411e+01 1.588542e+00 -8.365915e-02
1.148411e+01 1.715310e+00 -7.125646e-02
1.148411e+01 1.852193e+00 -5.786402e-02
1.148411e+01 2.000000e+00 -4.340285e-02
1.173379e+01 1.000000e-03 -7.697798e+01
1.173379e+01 1.079801e-03 -8.256712e+01
1.173379e+01 1.165970e-03 -8.851188e+01
1.173379e+01 1.259016e-03 -9.482519e+01
1.173379e+01 1.359487e-03 -1.015185e+02
1.173379e+01 1.467975e-03 -1.086021e+02
1.173379e+01 1.585121e-03 -1.160844e+02
1.173379e+01 1.711615e-03 -1.239719e+02
1.173379e+01 1.848204e-03 -1.322686e+02
1.173379e+01 1.995693e-03 -1.409756e+02
1.173379e+01 2.154951e-03 -1.500906e+02
1.173379e+01 2.326918e-03 -1.596073e+02
1.173379e+01 2.512609e-03 -1.695135e+02
1.173379e+01 2.713117e-03 -1.797906e+02
1.173379e+01 2.929627e-03 -1.904137e+02
1.173379e+01 3.163414e-03 -2.013496e+02
1.173379e+01 3.415858e-03 -2.125561e+02
1.173379e+01 3.688447e-03 -2.239828e+02
1.173379e+01 3.982789e-03 -2.355679e+02
1.173379e+01 4.300619e-03 -2.472377e+02
1.173379e+01 4.643813e-03 -2.589087e+02
1.173379e+01 5.014394e-03 -2.704818e+02
1.173379e+01 5.414548e-03 -2.818427e+02
1.173379e+01 5.846635e-03 -2.928662e+02
1.173379e+01 6.313202e-03 -3.034080e+02
1.173379e+01 6.817002e-03 -3.133064e+02
1.173379e+01 7.361006e-03 -3.223911e+02
1.173379e+01 7.948422e-03 -3.304716e+02
1.173379e+01 8.582714e-03 -3.373418e+02
1.173379e+01 9.267624e-03 -3.427964e+02
1.173379e+01 1.000719e-02 -3.466170e+02
1.173379e+01 1.080577e-02 -3.485818e+02
1.173379e+01 1.166809e-02 -3.484922e+02
1.173379e+01 1.259921e-02 -3.461720e+02
1.173379e+01 1.360464e-02 -3.414806e+02
1.173379e+01 1.469030e-02 -3.343353e+02
1.173379e+01 1.586261e-02 -3.247536e+02
1.173379e+01 1.712846e-02 -3.128485e+02
1.173379e+01 1.849533e-02 -2.988072e+02
1.173379e+01 1.997127e-02 -2.830344e+02
1.173379e+01 2.156500e-02 -2.660721e+02
1.173379e+01 2.328591e-02 -2.484436e+02
1.173379e+01 2.514415e-02 -2.308676e+02
1.173379e+01 2.715068e-02 -2.141112e+02
1.173379e+01 2.931733e-02 -1.987504e+02
1.173379e+01 3.165689e-02 -1.852074e+02
1.173379e+01 3.418314e-02 -1.737361e+02
1.173379e+01 3.691099e-02 -1.641592e+02
1.173379e+01 3.985652e-02 -1.558966e+02
1.173379e+01 4.303711e-02 -1.479753e+02
1.173379e+01 4.647152e-02 -1.392139e+02
1.173379e+01 5.017999e-02 -1.286081e+02
1.173379e+01 5.418441e-02 -1.185939e+02
1.173379e+01 5.850838e-02 -1.121311e+02
1.173379e+01 6.317741e-02 -1.051525e+02
1.173379e+01 6.821903e-02 -9.761695e+01
1.173379e+01 7.366298e-02 -8.955256e+01
1.173379e+01 7.954136e-02 -8.158451e+01
1.173379e+01 8.588885e-02 -7.298060e+01
1.173379e+01 9.274286e-02 -6.369008e+01
1.173379e+01 1.001438e-01 -5.365818e+01
1.173379e+01 1.081354e-01 -4.762577e+01
1.173379e+01 1.167647e-01 -4.340209e+01
1.173379e+01 1.260827e-01 -3.884136e+01
1.173379e+01 1.361442e-01 -3.391667e+01
1.173379e+01 1.470087e-01 -2.914739e+01
1.173379e+01 1.587401e-01 -2.633359e+01
1.173379e+01 1.714077e-01 -2.329525e+01
1.173379e+01 1.850862e-01 -2.001444e+01
1.173379e+01 1.998563e-01 -1.647183e+01
1.173379e+01 2.158051e-01 -1.459272e+01
1.173379e+01 2.330265e-01 -1.295240e+01
1.173379e+01 2.516223e-01 -1.118118e+01
1.173379e+01 2.717020e-01 -9.268611e+00
1.173379e+01 2.933841e-01 -7.773318e+00
1.173379e+01 3.167964e-01 -6.883000e+00
1.173379e+01 3.420771e-01 -5.921633e+00
1.173379e+01 3.693752e-01 -4.883548e+00
1.173379e+01 3.988518e-01 -3.813686e+00
1.173379e+01 4.306805e-01 -3.374682e+00
1.173379e+01 4.650493e-01 -2.900645e+00
1.173379e+01 5.021607e-01 -2.388780e+00
1.173379e+01 5.422336e-01 -1.836067e+00
1.173379e+01 5.855044e-01 -1.518468e+00
1.173379e+01 6.322283e-01 -1.305643e+00
1.173379e+01 6.826808e-01 -1.075834e+00
1.173379e+01 7.371594e-01 -8.276863e-01
1.173379e+01 7.959855e-01 -6.194902e-01
1.173379e+01 8.595059e-01 -5.352856e-01
1.173379e+01 9.280954e-01 -4.443614e-01
1.173379e+01 1.002158e+00 -3.461813e-01
1.173379e+01 1.082132e+00 -2.401664e-01
1.173379e+01 1.168487e+00 -2.044258e-01
1.173379e+01 1.261733e+00 -1.725388e-01
1.173379e+01 1.362421e+00 -1.381073e-01
1.173379e+01 1.471144e+00 -1.009281e-01
1.173379e+01 1.588542e+00 -7.714433e-02
1.173379e+01 1.715310e+00 -6.578845e-02
1.173379e+01 1.852193e+00 -5.352636e-02
1.173379e+01 2.000000e+00 -4.028575e-02
1.198847e+01 1.000000e-03 -6.512395e+01
1.198847e+01 1.079801e-03 -6.985367e+01
1.198847e+01 1.165970e-03 -7.488449e+01
1.198847e+01 1.259016e-03 -8.022734e+01
1.198847e+01 1.359487e-03 -8.589196e+01
1.198847e+01 1.467975e-03 -9.188693e+01
1.198847e+01 1.585121e-03 -9.821938e+01
1.198847e+01 1.711615e-03 -1.048947e+02
1.198847e+01 1.848204e-03 -1.119163e+02
1.198847e+01 1.995693e-03 -1.192851e+02
1.198847e+01 2.154951e-03 -1.269990e+02
1.198847e+01 2.326918e-03 -1.350527e+02
1.198847e+01 2.512609e-03 -1.434360e+02
1.198847e+01 2.713117e-03 -1.521331e+02
1.198847e+01 2.929627e-03 -1.611230e+02
1.198847e+01 3.163414e-03 -1.703776e+02
1.198847e+01 3.415858e-03 -1.798612e+02
1.198847e+01 3.688447e-03 -1.895310e+02
1.198847e+01 3.982789e-03 -1.993349e+02
1.198847e+01 4.300619e-03 -2.092104e+02
1.198847e+01 4.643813e-03 -2.190868e+02
1.198847e+01 5.014394e-03 -2.288805e+02
1.198847e+01 5.414548e-03 -2.384945e+02
1.198847e+01 5.846635e-03 -2.478229e+02
1.198847e+01 6.313202e-03 -2.567438e+02
1.198847e+01 6.817002e-03 -2.651202e+02
1.198847e+01 7.361006e-03 -2.728080e+02
1.198847e+01 7.948422e-03 -2.796461e+02
1.198847e+01 8.582714e-03 -2.854599e+02
1.198847e+01 9.267624e-03 -2.900756e+02
1.198847e+01 1.000719e-02 -2.933084e+02
1.198847e+01 1.080577e-02 -2.949709e+02
1.198847e+01 1.166809e-02 -2.948953e+02
1.198847e+01 1.259921e-02 -2.929324e+02
1.198847e+01 1.360464e-02 -2.889630e+02
1.198847e+01 1.469030e-02 -2.829169e+02
1.198847e+01 1.586261e-02 -2.748089e+02
1.198847e+01 1.712846e-02 -2.647347e+02
1.198847e+01 1.849533e-02 -2.528528e+02
1.198847e+01 1.997127e-02 -2.395058e+02
1.198847e+01 2.156500e-02 -2.251523e+02
1.198847e+01 2.328591e-02 -2.102350e+02
1.198847e+01 2.514415e-02 -1.953620e+02
1.198847e+01 2.715068e-02 -1.811826e+02
1.198847e+01 2.931733e-02 -1.681842e+02
1.198847e+01 3.165689e-02 -1.567240e+02
1.198847e+01 3.418314e-02 -1.470169e+02
1.198847e+01 3.691099e-02 -1.389128e+02
1.198847e+01 3.985652e-02 -1.319210e+02
1.198847e+01 4.303711e-02 -1.252179e+02
1.198847e+01 4.647152e-02 -1.178039e+02
1.198847e+01 5.017999e-02 -1.088293e+02
1.198847e+01 5.418441e-02 -1.003468e+02
1.198847e+01 5.850838e-02 -9.485463e+01
1.198847e+01 6.317741e-02 -8.892416e+01
1.198847e+01 6.821903e-02 -8.252044e+01
1.198847e+01 7.366298e-02 -7.567270e+01
1.198847e+01 7.954136e-02 -6.896271e+01
1.198847e+01 8.588885e-02 -6.171725e+01
1.198847e+01 9.274286e-02 -5.389360e+01
1.198847e+01 1.001438e-01 -4.544561e+01
1.198847e+01 1.081354e-01 -4.034559e+01
1.198847e+01 1.167647e-01 -3.675754e+01
1.198847e+01 1.260827e-01 -3.288317e+01
1.198847e+01 1.361442e-01 -2.869961e+01
1.198847e+01 1.470087e-01 -2.465197e+01
1.198847e+01 1.587401e-01 -2.228241e+01
1.198847e+01 1.714077e-01 -1.972375e+01
1.198847e+01 1.850862e-01 -1.696091e+01
1.198847e+01 1.998563e-01 -1.397760e+01
1.198847e+01 2.158051e-01 -1.239184e+01
1.198847e+01 2.330265e-01 -1.100625e+01
1.198847e+01 2.516223e-01 -9.510083e+00
1.198847e+01 2.717020e-01 -7.894523e+00
1.198847e+01 2.933841e-01 -6.631284e+00
1.198847e+01 3.167964e-01 -5.878866e+00
1.198847e+01 3.420771e-01 -5.066404e+00
1.198847e+01 3.693752e-01 -4.189108e+00
1.198847e+01 3.988518e-01 -3.284733e+00
1.198847e+01 4.306805e-01 -2.910375e+00
1.198847e+01 4.650493e-01 -2.506144e+00
1.198847e+01 5.021607e-01 -2.069654e+00
1.198847e+01 5.422336e-01 -1.598332e+00
1.198847e+01 5.855044e-01 -1.326129e+00
1.198847e+01 6.322283e-01 -1.142522e+00
1.198847e+01 6.826808e-01 -9.442629e-01
1.198847e+01 7.371594e-01 -7.301828e-01
1.198847e+01 7.959855e-01 -5.501683e-01
1.198847e+01 8.595059e-01 -4.761465e-01
1.198847e+01 9.280954e-01 -3.962176e-01
1.198847e+01 1.002158e+00 -3.099104e-01
1.198847e+01 1.082132e+00 -2.167158e-01
1.198847e+01 1.168487e+00 -1.848828e-01
1.198847e+01 1.261733e+00 -1.563692e-01
1.198847e+01 1.362421e+00 -1.255801e-01
1.198847e+01 1.471144e+00 -9.233409e-02
1.198847e+01 1.588542e+00 -7.094154e-02
1.198847e+01 1.715310e+00 -6.054294e-02
1.198847e+01 1.852193e+00 -4.931451e-02
1.198847e+01 2.000000e+00 -3.719005e-02
1.224824e+01 1.000000e-03 -5.499878e+01
1.224824e+01 1.079801e-03 -5.899422e+01
1.224824e+01 1.165970e-03 -6.324416e+01
1.224824e+01 1.259016e-03 -6.775785e+01
1.224824e+01 1.359487e-03 -7.254347e+01
1.224824e+01 1.467975e-03 -7.760827e+01
1.224824e+01 1.585121e-03 -8.295823e+01
1.224824e+01 1.711615e-03 -8.859788e+01
1.224824e+01 1.848204e-03 -9.453004e+01
1.224824e+01 1.995693e-03 -1.007554e+02
1.224824e+01 2.154951e-03 -1.072722e+02
1.224824e+01 2.326918e-03 -1.140760e+02
1.224824e+01 2.512609e-03 -1.211581e+02
1.224824e+01 2.713117e-03 -1.285052e+02
1.224824e+01 2.929627e-03 -1.360997e+02
1.224824e+01 3.163414e-03 -1.439179e+02
1.224824e+01 3.415858e-03 -1.519295e+02
1.224824e+01 3.688447e-03 -1.600983e+02
1.224824e+01 3.982789e-03 -1.683803e+02
1.224824e+01 4.300619e-03 -1.767228e+02
1.224824e+01 4.643813e-03 -1.850661e+02
1.224824e+01 5.014394e-03 -1.933394e+02
1.224824e+01 5.414548e-03 -2.014609e+02
1.224824e+01 5.846635e-03 -2.093412e+02
1.224824e+01 6.313202e-03 -2.168772e+02
1.224824e+01 6.817002e-03 -2.239532e+02
1.224824e+01 7.361006e-03 -2.304477e+02
1.224824e+01 7.948422e-03 -2.362243e+02
1.224824e+01 8.582714e-03 -2.411355e+02
1.224824e+01 9.267624e-03 -2.450344e+02
1.224824e+01 1.000719e-02 -2.477651e+02
1.224824e+01 1.080577e-02 -2.491693e+02
1.224824e+01 1.166809e-02 -2.491056e+02
1.224824e+01 1.259921e-02 -2.474479e+02
1.224824e+01 1.360464e-02 -2.440954e+02
1.224824e+01 1.469030e-02 -2.389883e+02
1.224824e+01 1.586261e-02 -2.321393e+02
1.224824e+01 1.712846e-02 -2.236294e+02
1.224824e+01 1.849533e-02 -2.135924e+02
1.224824e+01 1.997127e-02 -2.023178e+02
1.224824e+01 2.156500e-02 -1.901930e+02
1.224824e+01 2.328591e-02 -1.775919e+02
1.224824e+01 2.514415e-02 -1.650283e+02
1.224824e+01 2.715068e-02 -1.530506e+02
1.224824e+01 2.931733e-02 -1.420704e+02
1.224824e+01 3.165689e-02 -1.323896e+02
1.224824e+01 3.418314e-02 -1.241898e+02
1.224824e+01 3.691099e-02 -1.173440e+02
1.224824e+01 3.985652e-02 -1.114378e+02
1.224824e+01 4.303711e-02 -1.057754e+02
1.224824e+01 4.647152e-02 -9.951265e+01
1.224824e+01 5.017999e-02 -9.193145e+01
1.224824e+01 5.418441e-02 -8.474603e+01
1.224824e+01 5.850838e-02 -8.005082e+01
1.224824e+01 6.317741e-02 -7.498093e+01
1.224824e+01 6.821903e-02 -6.950646e+01
1.224824e+01 7.366298e-02 -6.366244e+01
1.224824e+01 7.954136e-02 -5.803940e+01
1.224824e+01 8.588885e-02 -5.196764e+01
1.224824e+01 9.274286e-02 -4.541134e+01
1.224824e+01 1.001438e-01 -3.833185e+01
1.224824e+01 1.081354e-01 -3.404004e+01
1.224824e+01 1.167647e-01 -3.100528e+01
1.224824e+01 1.260827e-01 -2.772835e+01
1.224824e+01 1.361442e-01 -2.418992e+01
1.224824e+01 1.470087e-01 -2.077010e+01
1.224824e+01 1.587401e-01 -1.878549e+01
1.224824e+01 1.714077e-01 -1.664250e+01
1.224824e+01 1.850862e-01 -1.432850e+01
1.224824e+01 1.998563e-01 -1.182985e+01
1.224824e+01 2.158051e-01 -1.049385e+01
1.224824e+01 2.330265e-01 -9.323306e+00
1.224824e+01 2.516223e-01 -8.059351e+00
1.224824e+01 2.717020e-01 -6.694530e+00
1.224824e+01 2.933841e-01 -5.628193e+00
1.224824e+01 3.167964e-01 -4.994536e+00
1.224824e+01 3.420771e-01 -4.310314e+00
1.224824e+01 3.693752e-01 -3.571489e+00
1.224824e+01 3.988518e-01 -2.809753e+00
1.224824e+01 4.306805e-01 -2.492848e+00
1.224824e+01 4.650493e-01 -2.150653e+00
1.224824e+01 5.021607e-01 -1.781151e+00
1.224824e+01 5.422336e-01 -1.382162e+00
1.224824e+01 5.855044e-01 -1.150388e+00
1.224824e+01 6.322283e-01 -9.928795e-01
1.224824e+01 6.826808e-01 -8.228014e-01
1.224824e+01 7.371594e-01 -6.391509e-01
1.224824e+01 7.959855e-01 -4.844488e-01
1.224824e+01 8.595059e-01 -4.200045e-01
1.224824e+01 9.280954e-01 -3.504174e-01
1.224824e+01 1.002158e+00 -2.752772e-01
1.224824e+01 1.082132e+00 -1.941408e-01
1.224824e+01 1.168487e+00 -1.659789e-01
1.224824e+01 1.261733e+00 -1.406330e-01
1.224824e+01 1.362421e+00 -1.132645e-01
1.224824e+01 1.471144e+00 -8.371187e-02
1.224824e+01 1.588542e+00 -6.461405e-02
1.224824e+01 1.715310e+00 -5.521059e-02
1.224824e+01 1.852193e+00 -4.505671e-02
1.224824e+01 2.000000e+00 -3.409255e-02
1.251320e+01 1.000000e-03 -4.616473e+01
1.251320e+01 1.079801e-03 -4.951933e+01
1.251320e+01 1.165970e-03 -5.308774e+01
1.251320e+01 1.259016e-03 -5.687770e+01
1.251320e+01 1.359487e-03 -6.089611e+01
1.251320e+01 1.467975e-03 -6.514902e+01
1.251320e+01 1.585121e-03 -6.964143e+01
1.251320e+01 1.711615e-03 -7.437710e+01
1.251320e+01 1.848204e-03 -7.935835e+01
1.251320e+01 1.995693e-03 -8.458572e+01
1.251320e+01 2.154951e-03 -9.005771e+01
1.251320e+01 2.326918e-03 -9.577059e+01
1.251320e+01 2.512609e-03 -1.017171e+02
1.251320e+01 2.713117e-03 -1.078860e+02
1.251320e+01 2.929627e-03 -1.142627e+02
1.251320e+01 3.163414e-03 -1.208272e+02
1.251320e+01 3.415858e-03 -1.275540e+02
1.251320e+01 3.688447e-03 -1.344129e+02
1.251320e+01 3.982789e-03 -1.413666e+02
1.251320e+01 4.300619e-03 -1.483712e+02
1.251320e+01 4.643813e-03 -1.553764e+02
1.251320e+01 5.014394e-03 -1.623229e+02
1.251320e+01 5.414548e-03 -1.691419e+02
1.251320e+01 5.846635e-03 -1.757584e+02
1.251320e+01 6.313202e-03 -1.820857e+02
1.251320e+01 6.817002e-03 -1.880268e+02
1.251320e+01 7.361006e-03 -1.934797e+02
1.251320e+01 7.948422e-03 -1.983299e+02
1.251320e+01 8.582714e-03 -2.024535e+02
1.251320e+01 9.267624e-03 -2.057269e+02
1.251320e+01 1.000719e-02 -2.080193e+02
1.251320e+01 1.080577e-02 -2.091982e+02
1.251320e+01 1.166809e-02 -2.091448e+02
1.251320e+01 1.259921e-02 -2.077535e+02
1.251320e+01 1.360464e-02 -2.049391e+02
1.251320e+01 1.469030e-02 -2.006516e+02
1.251320e+01 1.586261e-02 -1.949013e+02
1.251320e+01 1.712846e-02 -1.877565e+02
1.251320e+01 1.849533e-02 -1.793296e+02
1.251320e+01 1.997127e-02 -1.698636e+02
1.251320e+01 2.156500e-02 -1.596838e+02
1.251320e+01 2.328591e-02 -1.491041e+02
1.251320e+01 2.514415e-02 -1.385558e+02
1.251320e+01 2.715068e-02 -1.284995e+02
1.251320e+01 2.931733e-02 -1.192807e+02
1.251320e+01 3.165689e-02 -1.111528e+02
1.251320e+01 3.418314e-02 -1.042683e+02
1.251320e+01 3.691099e-02 -9.852068e+01
1.251320e+01 3.985652e-02 -9.356188e+01
1.251320e+01 4.303711e-02 -8.880786e+01
1.251320e+01 4.647152e-02 -8.354969e+01
1.251320e+01 5.017999e-02 -7.718460e+01
1.251320e+01 5.418441e-02 -7.114808e+01
1.251320e+01 5.850838e-02 -6.719566e+01
1.251320e+01 6.317741e-02 -6.292783e+01
1.251320e+01 6.821903e-02 -5.831943e+01
1.251320e+01 7.366298e-02 -5.340268e+01
1.251320e+01 7.954136e-02 -4.870015e+01
1.251320e+01 8.588885e-02 -4.362235e+01
1.251320e+01 9.274286e-02 -3.813934e+01
1.251320e+01 1.001438e-01 -3.221878e+01
1.251320e+01 1.081354e-01 -2.861668e+01
1.251320e+01 1.167647e-01 -2.605866e+01
1.251320e+01 1.260827e-01 -2.329652e+01
1.251320e+01 1.361442e-01 -2.031396e+01
1.251320e+01 1.470087e-01 -1.743357e+01
1.251320e+01 1.587401e-01 -1.577248e+01
1.251320e+01 1.714077e-01 -1.397883e+01
1.251320e+01 1.850862e-01 -1.204204e+01
1.251320e+01 1.998563e-01 -9.950696e+00
1.251320e+01 2.158051e-01 -8.830448e+00
1.251320e+01 2.330265e-01 -7.848108e+00
1.251320e+01 2.516223e-01 -6.787377e+00
1.251320e+01 2.717020e-01 -5.641998e+00
1.251320e+01 2.933841e-01 -4.747854e+00
1.251320e+01 3.167964e-01 -4.217827e+00
1.251320e+01 3.420771e-01 -3.645502e+00
1.251320e+01 3.693752e-01 -3.027506e+00
1.251320e+01 3.988518e-01 -2.390195e+00
1.251320e+01 4.306805e-01 -2.122861e+00
1.251320e+01 4.650493e-01 -1.834193e+00
1.251320e+01 5.021607e-01 -1.522489e+00
1.251320e+01 5.422336e-01 -1.185911e+00
1.251320e+01 5.855044e-01 -9.897090e-01
1.251320e+01 6.322283e-01 -8.557823e-01
1.251320e+01 6.826808e-01 -7.111682e-01
1.251320e+01 7.371594e-01 -5.550137e-01
1.251320e+01 7.959855e-01 -4.232109e-01
1.251320e+01 8.595059e-01 -3.675137e-01
1.251320e+01 9.280954e-01 -3.073719e-01
1.251320e+01 1.002158e+00 -2.424306e-01
1.251320e+01 1.082132e+00 -1.723070e-01
1.251320e+01 1.168487e+00 -1.476388e-01
1.251320e+01 1.261733e+00 -1.253500e-01
1.251320e+01 1.362421e+00 -1.012826e-01
1.251320e+01 1.471144e+00 -7.529450e-02
1.251320e+01 1.588542e+00 -5.841063e-02
1.251320e+01 1.715310e+00 -4.996624e-02
1.251320e+01 1.852193e+00 -4.084798e-02
1.251320e+01 2.000000e+00 -3.100207e-02
1.278347e+01 1.000000e-03 -3.860407e+01
1.278347e+01 1.079801e-03 -4.141004e+01
1.278347e+01 1.165970e-03 -4.439496e+01
1.278347e+01 1.259016e-03 -4.756532e+01
1.278347e+01 1.359487e-03 -5.092686e+01
1.278347e+01 1.467975e-03 -5.448464e+01
1.278347e+01 1.585121e-03 -5.824282e+01
1.278347e+01 1.711615e-03 -6.220451e+01
1.278347e+01 1.848204e-03 -6.637162e+01
1.278347e+01 1.995693e-03 -7.074456e+01
1.278347e+01 2.154951e-03 -7.532206e+01
1.278347e+01 2.326918e-03 -8.010098e+01
1.278347e+01 2.512609e-03 -8.507525e+01
1.278347e+01 2.713117e-03 -9.023553e+01
1.278347e+01 2.929627e-03 -9.556957e+01
1.278347e+01 3.163414e-03 -1.010607e+02
1.278347e+01 3.415858e-03 -1.066877e+02
1.278347e+01 3.688447e-03 -1.124251e+02
1.278347e+01 3.982789e-03 -1.182418e+02
1.278347e+01 4.300619e-03 -1.241009e+02
1.278347e+01 4.643813e-03 -1.299606e+02
1.278347e+01 5.014394e-03 -1.357712e+02
1.278347e+01 5.414548e-03 -1.414752e+02
1.278347e+01 5.846635e-03 -1.470096e+02
1.278347e+01 6.313202e-03 -1.523023e+02
1.278347e+01 6.817002e-03 -1.572718e+02
1.278347e+01 7.361006e-03 -1.618331e+02
1.278347e+01 7.948422e-03 -1.658902e+02
1.278347e+01 8.582714e-03 -1.693394e+02
1.278347e+01 9.267624e-03 -1.720774e+02
1.278347e+01 1.000719e-02 -1.739948e+02
1.278347e+01 1.080577e-02 -1.749808e+02
1.278347e+01 1.166809e-02 -1.749362e+02
1.278347e+01 1.259921e-02 -1.737727e+02
1.278347e+01 1.360464e-02 -1.714190e+02
1.278347e+01 1.469030e-02 -1.678330e+02
1.278347e+01 1.586261e-02 -1.630233e+02
1.278347e+01 1.712846e-02 -1.570471e+02
1.278347e+01 1.849533e-02 -1.499985e+02
1.278347e+01 1.997127e-02 -1.420808e+02
1.278347e+01 2.156500e-02 -1.335660e+02
1.278347e+01 2.328591e-02 -1.247168e+02
1.278347e+01 2.514415e-02 -1.158938e+02
1.278347e+01 2.715068e-02 -1.074822e+02
1.278347e+01 2.931733e-02 -9.977126e+01
1.278347e+01 3.165689e-02 -9.297279e+01
1.278347e+01 3.418314e-02 -8.721429e+01
1.278347e+01 3.691099e-02 -8.240674e+01
1.278347e+01 3.985652e-02 -7.825900e+01
1.278347e+01 4.303711e-02 -7.428254e+01
1.278347e+01 4.647152e-02 -6.988439e+01
1.278347e+01 5.017999e-02 -6.456037e+01
1.278347e+01 5.418441e-02 -5.949370e+01
1.278347e+01 5.850838e-02 -5.613907e+01
1.278347e+01 6.317741e-02 -5.251674e+01
1.278347e+01 6.821903e-02 -4.860534e+01
1.278347e+01 7.366298e-02 -4.444175e+01
1.278347e+01 7.954136e-02 -4.055792e+01
1.278347e+01 8.588885e-02 -3.636415e+01
1.278347e+01 9.274286e-02 -3.183571e+01
1.278347e+01 1.001438e-01 -2.694590e+01
1.278347e+01 1.081354e-01 -2.394844e+01
1.278347e+01 1.167647e-01 -2.180080e+01
1.278347e+01 1.260827e-01 -1.948177e+01
1.278347e+01 1.361442e-01 -1.697768e+01
1.278347e+01 1.470087e-01 -1.456164e+01
1.278347e+01 1.587401e-01 -1.317908e+01
1.278347e+01 1.714077e-01 -1.168620e+01
1.278347e+01 1.850862e-01 -1.007417e+01
1.278347e+01 1.998563e-01 -8.333512e+00
1.278347e+01 2.158051e-01 -7.398104e+00
1.278347e+01 2.330265e-01 -6.576641e+00
1.278347e+01 2.516223e-01 -5.689624e+00
1.278347e+01 2.717020e-01 -4.731823e+00
1.278347e+01 2.933841e-01 -3.984599e+00
1.278347e+01 3.167964e-01 -3.542518e+00
1.278347e+01 3.420771e-01 -3.065159e+00
1.278347e+01 3.693752e-01 -2.549707e+00
1.278347e+01 3.988518e-01 -2.018085e+00
1.278347e+01 4.306805e-01 -1.794209e+00
1.278347e+01 4.650493e-01 -1.552469e+00
1.278347e+01 5.021607e-01 -1.291437e+00
1.278347e+01 5.422336e-01 -1.009574e+00
1.278347e+01 5.855044e-01 -8.448239e-01
1.278347e+01 6.322283e-01 -7.319841e-01
1.278347e+01 6.826808e-01 -6.101395e-01
1.278347e+01 7.371594e-01 -4.785717e-01
1.278347e+01 7.959855e-01 -3.672686e-01
1.278347e+01 8.595059e-01 -3.194734e-01
1.278347e+01 9.280954e-01 -2.678641e-01
1.278347e+01 1.002158e+00 -2.121364e-01
1.278347e+01 1.082132e+00 -1.519615e-01
1.278347e+01 1.168487e+00 -1.304974e-01
1.278347e+01 1.261733e+00 -1.110264e-01
1.278347e+01 1.362421e+00 -9.000158e-02
1.278347e+01 1.471144e+00 -6.729898e-02
1.278347e+01 1.588542e+00 -5.246872e-02
1.278347e+01 1.715310e+00 -4.493375e-02
1.278347e+01 1.852193e+00 -3.679747e-02
1.278347e+01 2.000000e+00 -2.801191e-02
1.305914e+01 1.000000e-03 -3.205087e+01
1.305914e+01 1.079801e-03 -3.438117e+01
1.305914e+01 1.165970e-03 -3.686018e+01
1.305914e+01 1.259016e-03 -3.949327e+01
1.305914e+01 1.359487e-03 -4.228524e+01
1.305914e+01 1.467975e-03 -4.524025e+01
1.305914e+01 1.585121e-03 -4.836176e+01
1.305914e+01 1.711615e-03 -5.165231e+01
1.305914e+01 1.848204e-03 -5.511346e+01
1.305914e+01 1.995693e-03 -5.874553e+01
1.305914e+01 2.154951e-03 -6.254743e+01
1.305914e+01 2.326918e-03 -6.651654e+01
1.305914e+01 2.512609e-03 -7.064783e+01
1.305914e+01 2.713117e-03 -7.493357e+01
1.305914e+01 2.929627e-03 -7.936360e+01
1.305914e+01 3.163414e-03 -8.392415e+01
1.305914e+01 3.415858e-03 -8.859746e+01
1.305914e+01 3.688447e-03 -9.336244e+01
1.305914e+01 3.982789e-03 -9.819329e+01
1.305914e+01 4.300619e-03 -1.030594e+02
1.305914e+01 4.643813e-03 -1.079259e+02
1.305914e+01 5.014394e-03 -1.127516e+02
1.305914e+01 5.414548e-03 -1.174887e+02
1.305914e+01 5.846635e-03 -1.220851e+02
1.305914e+01 6.313202e-03 -1.264806e+02
1.305914e+01 6.817002e-03 -1.306079e+02
1.305914e+01 7.361006e-03 -1.343960e+02
1.305914e+01 7.948422e-03 -1.377654e+02
1.305914e+01 8.582714e-03 -1.406300e+02
1.305914e+01 9.267624e-03 -1.429038e+02
1.305914e+01 1.000719e-02 -1.444961e+02
1.305914e+01 1.080577e-02 -1.453149e+02
1.305914e+01 1.166809e-02 -1.452781e+02
1.305914e+01 1.259921e-02 -1.443120e+02
1.305914e+01 1.360464e-02 -1.423575e+02
1.305914e+01 1.469030e-02 -1.393796e+02
1.305914e+01 1.586261e-02 -1.353854e+02
1.305914e+01 1.712846e-02 -1.304223e+02
1.305914e+01 1.849533e-02 -1.245687e+02
1.305914e+01 1.997127e-02 -1.179934e+02
1.305914e+01 2.156500e-02 -1.109222e+02
1.305914e+01 2.328591e-02 -1.035732e+02
1.305914e+01 2.514415e-02 -9.624600e+01
1.305914e+01 2.715068e-02 -8.926050e+01
1.305914e+01 2.931733e-02 -8.285679e+01
1.305914e+01 3.165689e-02 -7.721089e+01
1.305914e+01 3.418314e-02 -7.242864e+01
1.305914e+01 3.691099e-02 -6.843613e+01
1.305914e+01 3.985652e-02 -6.499156e+01
1.305914e+01 4.303711e-02 -6.168924e+01
1.305914e+01 4.647152e-02 -5.803672e+01
1.305914e+01 5.017999e-02 -5.361530e+01
1.305914e+01 5.418441e-02 -4.941397e+01
1.305914e+01 5.850838e-02 -4.664582e+01
1.305914e+01 6.317741e-02 -4.365677e+01
1.305914e+01 6.821903e-02 -4.042919e+01
1.305914e+01 7.366298e-02 -3.699092e+01
1.305914e+01 7.954136e-02 -3.375690e+01
1.305914e+01 8.588885e-02 -3.026479e+01
1.305914e+01 9.274286e-02 -2.649401e+01
1.305914e+01 1.001438e-01 -2.242232e+01
1.305914e+01 1.081354e-01 -1.991930e+01
1.305914e+01 1.167647e-01 -1.811999e+01
1.305914e+01 1.260827e-01 -1.617708e+01
1.305914e+01 1.361442e-01 -1.407913e+01
1.305914e+01 1.470087e-01 -1.205880e+01
1.305914e+01 1.587401e-01 -1.092102e+01
1.305914e+01 1.714077e-01 -9.692448e+00
1.305914e+01 1.850862e-01 -8.365834e+00
1.305914e+01 1.998563e-01 -6.933354e+00
1.305914e+01 2.158051e-01 -6.158598e+00
1.305914e+01 2.330265e-01 -5.476226e+00
1.305914e+01 2.516223e-01 -4.739399e+00
1.305914e+01 2.717020e-01 -3.943773e+00
1.305914e+01 2.933841e-01 -3.323058e+00
1.305914e+01 3.167964e-01 -2.955803e+00
1.305914e+01 3.420771e-01 -2.559241e+00
1.305914e+01 3.693752e-01 -2.131032e+00
1.305914e+01 3.988518e-01 -1.689414e+00
1.305914e+01 4.306805e-01 -1.503771e+00
1.305914e+01 4.650493e-01 -1.303314e+00
1.305914e+01 5.021607e-01 -1.086859e+00
1.305914e+01 5.422336e-01 -8.531318e-01
1.305914e+01 5.855044e-01 -7.159865e-01
1.305914e+01 6.322283e-01 -6.215967e-01
1.305914e+01 6.826808e-01 -5.196746e-01
1.305914e+01 7.371594e-01 -4.096190e-01
1.305914e+01 7.959855e-01 -3.163096e-01
1.305914e+01 8.595059e-01 -2.756248e-01
1.305914e+01 9.280954e-01 -2.316934e-01
1.305914e+01 1.002158e+00 -1.842562e-01
1.305914e+01 1.082132e+00 -1.330335e-01
1.305914e+01 1.168487e+00 -1.144914e-01
1.305914e+01 1.261733e+00 -9.760114e-02
1.305914e+01 1.362421e+00 -7.936306e-02
1.305914e+01 1.471144e+00 -5.966956e-02
1.305914e+01 1.588542e+00 -4.674582e-02
1.305914e+01 1.715310e+00 -4.009390e-02
1.305914e+01 1.852193e+00 -3.291115e-02
1.305914e+01 2.000000e+00 -2.515521e-02
1.334032e+01 1.000000e-03 -2.657264e+01
1.334032e+01 1.079801e-03 -2.850519e+01
1.334032e+01 1.165970e-03 -3.056113e+01
1.334032e+01 1.259016e-03 -3.274495e+01
1.334032e+01 1.359487e-03 -3.506059e+01
1.334032e+01 1.467975e-03 -3.751153e+01
1.334032e+01 1.585121e-03 -4.010060e+01
1.334032e+01 1.711615e-03 -4.282989e+01
1.334032e+01 1.848204e-03 -4.570067e+01
1.334032e+01 1.995693e-03 -4.871317e+01
1.334032e+01 2.154951e-03 -5.186648e+01
1.334032e+01 2.326918e-03 -5.515842e+01
1.334032e+01 2.512609e-03 -5.858480e+01
1.334032e+01 2.713117e-03 -6.213923e+01
1.334032e+01 2.929627e-03 -6.581333e+01
1.334032e+01 3.163414e-03 -6.959567e+01
1.334032e+01 3.415858e-03 -7.347154e+01
1.334032e+01 3.688447e-03 -7.742341e+01
1.334032e+01 3.982789e-03 -8.142987e+01
1.334032e+01 4.300619e-03 -8.546553e+01
1.334032e+01 4.643813e-03 -8.950155e+01
1.334032e+01 5.014394e-03 -9.350372e+01
1.334032e+01 5.414548e-03 -9.743243e+01
1.334032e+01 5.846635e-03 -1.012444e+02
1.334032e+01 6.313202e-03 -1.048898e+02
1.334032e+01 6.817002e-03 -1.083126e+02
1.334032e+01 7.361006e-03 -1.114542e+02
1.334032e+01 7.948422e-03 -1.142486e+02
1.334032e+01 8.582714e-03 -1.166243e+02
1.334032e+01 9.267624e-03 -1.185101e+02
1.334032e+01 1.000719e-02 -1.198306e+02
1.334032e+01 1.080577e-02 -1.205098e+02
1.334032e+01 1.166809e-02 -1.204793e+02
1.334032e+01 1.259921e-02 -1.196782e+02
1.334032e+01 1.360464e-02 -1.180575e+02
1.334032e+01 1.469030e-02 -1.155879e+02
1.334032e+01 1.586261e-02 -1.122756e+02
1.334032e+01 1.712846e-02 -1.081597e+02
1.334032e+01 1.849533e-02 -1.033053e+02
1.334032e+01 1.997127e-02 -9.785241e+01
1.334032e+01 2.156500e-02 -9.198826e+01
1.334032e+01 2.328591e-02 -8.589371e+01
1.334032e+01 2.514415e-02 -7.981725e+01
1.334032e+01 2.715068e-02 -7.402415e+01
1.334032e+01 2.931733e-02 -6.871353e+01
1.334032e+01 3.165689e-02 -6.403136e+01
1.334032e+01 3.418314e-02 -6.006542e+01
1.334032e+01 3.691099e-02 -5.675441e+01
1.334032e+01 3.985652e-02 -5.389782e+01
1.334032e+01 4.303711e-02 -5.115919e+01
1.334032e+01 4.647152e-02 -4.813013e+01
1.334032e+01 5.017999e-02 -4.446343e+01
1.334032e+01 5.418441e-02 -4.097323e+01
1.334032e+01 5.850838e-02 -3.866084e+01
1.334032e+01 6.317741e-02 -3.616392e+01
1.334032e+01 6.821903e-02 -3.346774e+01
1.334032e+01 7.366298e-02 -3.059763e+01
1.334032e+01 7.954136e-02 -2.791936e+01
1.334032e+01 8.588885e-02 -2.502737e+01
1.334032e+01 9.274286e-02 -2.190460e+01
1.334032e+01 1.001438e-01 -1.853262e+01
1.334032e+01 1.081354e-01 -1.646105e+01
1.334032e+01 1.167647e-01 -1.497297e+01
1.334032e+01 1.260827e-01 -1.336615e+01
1.334032e+01 1.361442e-01 -1.163109e+01
1.334032e+01 1.470087e-01 -9.960818e+00
1.334032e+01 1.587401e-01 -9.023019e+00
1.334032e+01 1.714077e-01 -8.010381e+00
1.334032e+01 1.850862e-01 -6.916935e+00
1.334032e+01 1.998563e-01 -5.736230e+00
1.334032e+01 2.158051e-01 -5.097809e+00
1.334032e+01 2.330265e-01 -4.535579e+00
1.334032e+01 2.516223e-01 -3.928483e+00
1.334032e+01 2.717020e-01 -3.272939e+00
1.334032e+01 2.933841e-01 -2.760737e+00
1.334032e+01 3.167964e-01 -2.456325e+00
1.334032e+01 3.420771e-01 -2.127621e+00
1.334032e+01 3.693752e-01 -1.772685e+00
1.334032e+01 3.988518e-01 -1.406668e+00
1.334032e+01 4.306805e-01 -1.253295e+00
1.334032e+01 4.650493e-01 -1.087683e+00
1.334032e+01 5.021607e-01 -9.088557e-01
1.334032e+01 5.422336e-01 -7.157572e-01
1.334032e+01 5.855044e-01 -6.022778e-01
1.334032e+01 6.322283e-01 -5.240265e-01
1.334032e+01 6.826808e-01 -4.395308e-01
1.334032e+01 7.371594e-01 -3.482922e-01
1.334032e+01 7.959855e-01 -2.707353e-01
1.334032e+01 8.595059e-01 -2.363163e-01
1.334032e+01 9.280954e-01 -1.991505e-01
1.334032e+01 1.002158e+00 -1.590189e-01
1.334032e+01 1.082132e+00 -1.156847e-01
1.334032e+01 1.168487e+00 -9.978827e-02
1.334032e+01 1.261733e+00 -8.525472e-02
1.334032e+01 1.362421e+00 -6.956138e-02
1.334032e+01 1.471144e+00 -5.261569e-02
1.334032e+01 1.588542e+00 -4.143368e-02
1.334032e+01 1.715310e+00 -3.558965e-02
1.334032e+01 1.852193e+00 -2.927926e-02
1.334032e+01 2.000000e+00 -2.246529e-02
1.362713e+01 1.000000e-03 -2.166944e+01
1.362713e+01 1.079801e-03 -2.324584e+01
1.362713e+01 1.165970e-03 -2.492296e+01
1.362713e+01 1.259016e-03 -2.670446e+01
1.362713e+01 1.359487e-03 -2.859356e+01
1.362713e+01 1.467975e-03 -3.059308e+01
1.362713e+01 1.585121e-03 -3.270533e+01
1.362713e+01 1.711615e-03 -3.493199e+01
1.362713e+01 1.848204e-03 -3.727408e+01
1.362713e+01 1.995693e-03 -3.973176e+01
1.362713e+01 2.154951e-03 -4.230427e+01
1.362713e+01 2.326918e-03 -4.498981e+01
1.362713e+01 2.512609e-03 -4.778498e+01
1.362713e+01 2.713117e-03 -5.068458e+01
1.362713e+01 2.929627e-03 -5.368179e+01
1.362713e+01 3.163414e-03 -5.676731e+01
1.362713e+01 3.415858e-03 -5.992911e+01
1.362713e+01 3.688447e-03 -6.315289e+01
1.362713e+01 3.982789e-03 -6.642119e+01
1.362713e+01 4.300619e-03 -6.971329e+01
1.362713e+01 4.643813e-03 -7.300568e+01
1.362713e+01 5.014394e-03 -7.627044e+01
1.362713e+01 5.414548e-03 -7.947527e+01
1.362713e+01 5.846635e-03 -8.258487e+01
1.362713e+01 6.313202e-03 -8.555854e+01
1.362713e+01 6.817002e-03 -8.835072e+01
1.362713e+01 7.361006e-03 -9.091346e+01
1.362713e+01 7.948422e-03 -9.319299e+01
1.362713e+01 8.582714e-03 -9.513094e+01
1.362713e+01 9.267624e-03 -9.666928e+01
1.362713e+01 1.000719e-02 -9.774652e+01
1.362713e+01 1.080577e-02 -9.830054e+01
1.362713e+01 1.166809e-02 -9.827573e+01
1.362713e+01 1.259921e-02 -9.762239e+01
1.362713e+01 1.360464e-02 -9.630039e+01
1.362713e+01 1.469030e-02 -9.428601e+01
1.362713e+01 1.586261e-02 -9.158413e+01
1.362713e+01 1.712846e-02 -8.822683e+01
1.362713e+01 1.849533e-02 -8.426709e+01
1.362713e+01 1.997127e-02 -7.981910e+01
1.362713e+01 2.156500e-02 -7.503568e+01
1.362713e+01 2.328591e-02 -7.006431e+01
1.362713e+01 2.514415e-02 -6.510770e+01
1.362713e+01 2.715068e-02 -6.038222e+01
1.362713e+01 2.931733e-02 -5.605030e+01
1.362713e+01 3.165689e-02 -5.223101e+01
1.362713e+01 3.418314e-02 -4.899596e+01
1.362713e+01 3.691099e-02 -4.629513e+01
1.362713e+01 3.985652e-02 -4.396498e+01
1.362713e+01 4.303711e-02 -4.173105e+01
1.362713e+01 4.647152e-02 -3.926022e+01
1.362713e+01 5.017999e-02 -3.626926e+01
1.362713e+01 5.418441e-02 -3.344129e+01
1.362713e+01 5.850838e-02 -3.160802e+01
1.362713e+01 6.317741e-02 -2.962844e+01
1.362713e+01 6.821903e-02 -2.749090e+01
1.362713e+01 7.366298e-02 -2.520771e+01
1.362713e+01 7.954136e-02 -2.299691e+01
1.362713e+01 8.588885e-02 -2.060969e+01
1.362713e+01 9.274286e-02 -1.803197e+01
1.362713e+01 1.001438e-01 -1.524854e+01
1.362713e+01 1.081354e-01 -1.354110e+01
1.362713e+01 1.167647e-01 -1.231672e+01
1.362713e+01 1.260827e-01 -1.099464e+01
1.362713e+01 1.361442e-01 -9.567048e+00
1.362713e+01 1.470087e-01 -8.193043e+00
1.362713e+01 1.587401e-01 -7.422939e+00
1.362713e+01 1.714077e-01 -6.591380e+00
1.362713e+01 1.850862e-01 -5.693461e+00
1.362713e+01 1.998563e-01 -4.723887e+00
1.362713e+01 2.158051e-01 -4.198142e+00
1.362713e+01 2.330265e-01 -3.734550e+00
1.362713e+01 2.516223e-01 -3.233962e+00
1.362713e+01 2.717020e-01 -2.693426e+00
1.362713e+01 2.933841e-01 -2.271828e+00
1.362713e+01 3.167964e-01 -2.022569e+00
1.362713e+01 3.420771e-01 -1.753419e+00
1.362713e+01 3.693752e-01 -1.462790e+00
1.362713e+01 3.988518e-01 -1.163074e+00
1.362713e+01 4.306805e-01 -1.037284e+00
1.362713e+01 4.650493e-01 -9.014568e-01
1.362713e+01 5.021607e-01 -7.547900e-01
1.362713e+01 5.422336e-01 -5.964192e-01
1.362713e+01 5.855044e-01 -5.031339e-01
1.362713e+01 6.322283e-01 -4.386241e-01
1.362713e+01 6.826808e-01 -3.689664e-01
1.362713e+01 7.371594e-01 -2.937500e-01
1.362713e+01 7.959855e-01 -2.296789e-01
1.362713e+01 8.595059e-01 -2.008448e-01
1.362713e+01 9.280954e-01 -1.697097e-01
1.362713e+01 1.002158e+00 -1.360900e-01
1.362713e+01 1.082132e+00 -9.978744e-02
1.362713e+01 1.168487e+00 -8.627380e-02
1.362713e+01 1.261733e+00 -7.386943e-02
1.362713e+01 1.362421e+00 -6.047518e-02
1.362713e+01 1.471144e+00 -4.601205e-02
1.362713e+01 1.588542e+00 -3.641767e-02
1.362713e+01 1.715310e+00 -3.133096e-02
1.362713e+01 1.852193e+00 -2.583833e-02
1.362713e+01 2.000000e+00 -1.990737e-02
1.391967e+01 1.000000e-03 -1.762677e+01
1.391967e+01 1.079801e-03 -1.890944e+01
1.391967e+01 1.165970e-03 -2.027413e+01
1.391967e+01 1.259016e-03 -2.172380e+01
1.391967e+01 1.359487e-03 -2.326108e+01
1.391967e+01 1.467975e-03 -2.488826e+01
1.391967e+01 1.585121e-03 -2.660721e+01
1.391967e+01 1.711615e-03 -2.841928e+01
1.391967e+01 1.848204e-03 -3.032528e+01
1.391967e+01 1.995693e-03 -3.232533e+01
1.391967e+01 2.154951e-03 -3.441880e+01
1.391967e+01 2.326918e-03 -3.660420e+01
1.391967e+01 2.512609e-03 -3.887876e+01
1.391967e+01 2.713117e-03 -4.123828e+01
1.391967e+01 2.929627e-03 -4.367722e+01
1.391967e+01 3.163414e-03 -4.618801e+01
1.391967e+01 3.415858e-03 -4.876088e+01
1.391967e+01 3.688447e-03 -5.138416e+01
1.391967e+01 3.982789e-03 -5.404366e+01
1.391967e+01 4.300619e-03 -5.672251e+01
1.391967e+01 4.643813e-03 -5.940158e+01
1.391967e+01 5.014394e-03 -6.205817e+01
1.391967e+01 5.414548e-03 -6.466599e+01
1.391967e+01 5.846635e-03 -6.719630e+01
1.391967e+01 6.313202e-03 -6.961601e+01
1.391967e+01 6.817002e-03 -7.188803e+01
1.391967e+01 7.361006e-03 -7.397336e+01
1.391967e+01 7.948422e-03 -7.582822e+01
1.391967e+01 8.582714e-03 -7.740517e+01
1.391967e+01 9.267624e-03 -7.865695e+01
1.391967e+01 1.000719e-02 -7.953356e+01
1.391967e+01 1.080577e-02 -7.998443e+01
1.391967e+01 1.166809e-02 -7.996429e+01
1.391967e+01 1.259921e-02 -7.943272e+01
1.391967e+01 1.360464e-02 -7.835708e+01
1.391967e+01 1.469030e-02 -7.671805e+01
1.391967e+01 1.586261e-02 -7.451964e+01
1.391967e+01 1.712846e-02 -7.178792e+01
1.391967e+01 1.849533e-02 -6.856600e+01
1.391967e+01 1.997127e-02 -6.494681e+01
1.391967e+01 2.156500e-02 -6.105467e+01
1.391967e+01 2.328591e-02 -5.700960e+01
1.391967e+01 2.514415e-02 -5.297654e+01
1.391967e+01 2.715068e-02 -4.913154e+01
1.391967e+01 2.931733e-02 -4.560677e+01
1.391967e+01 3.165689e-02 -4.249911e+01
1.391967e+01 3.418314e-02 -3.986682e+01
1.391967e+01 3.691099e-02 -3.766923e+01
1.391967e+01 3.985652e-02 -3.577324e+01
1.391967e+01 4.303711e-02 -3.395554e+01
1.391967e+01 4.647152e-02 -3.194509e+01
1.391967e+01 5.017999e-02 -2.951142e+01
1.391967e+01 5.418441e-02 -2.721208e+01
1.391967e+01 5.850838e-02 -2.572514e+01
1.391967e+01 6.317741e-02 -2.411954e+01
1.391967e+01 6.821903e-02 -2.238581e+01
1.391967e+01 7.366298e-02 -2.053309e+01
1.391967e+01 7.954136e-02 -1.873017e+01
1.391967e+01 8.588885e-02 -1.678338e+01
1.391967e+01 9.274286e-02 -1.468124e+01
1.391967e+01 1.001438e-01 -1.241134e+01
1.391967e+01 1.081354e-01 -1.102128e+01
1.391967e+01 1.167647e-01 -1.002649e+01
1.391967e+01 1.260827e-01 -8.952313e+00
1.391967e+01 1.361442e-01 -7.792416e+00
1.391967e+01 1.470087e-01 -6.676451e+00
1.391967e+01 1.587401e-01 -6.052865e+00
1.391967e+01 1.714077e-01 -5.379515e+00
1.391967e+01 1.850862e-01 -4.652432e+00
1.391967e+01 1.998563e-01 -3.867327e+00
1.391967e+01 2.158051e-01 -3.438584e+00
1.391967e+01 2.330265e-01 -3.059322e+00
1.391967e+01 2.516223e-01 -2.649794e+00
1.391967e+01 2.717020e-01 -2.207586e+00
1.391967e+01 2.933841e-01 -1.862777e+00
1.391967e+01 3.167964e-01 -1.659091e+00
1.391967e+01 3.420771e-01 -1.439150e+00
1.391967e+01 3.693752e-01 -1.201657e+00
1.391967e+01 3.988518e-01 -9.567380e-01
1.391967e+01 4.306805e-01 -8.539378e-01
1.391967e+01 4.650493e-01 -7.429341e-01
1.391967e+01 5.021607e-01 -6.230722e-01
1.391967e+01 5.422336e-01 -4.936452e-01
1.391967e+01 5.855044e-01 -4.173318e-01
1.391967e+01 6.322283e-01 -3.644929e-01
1.391967e+01 6.826808e-01 -3.074374e-01
1.391967e+01 7.371594e-01 -2.458288e-01
1.391967e+01 7.959855e-01 -1.932649e-01
1.391967e+01 8.595059e-01 -1.693577e-01
1.391967e+01 9.280954e-01 -1.435426e-01
1.391967e+01 1.002158e+00 -1.156675e-01
1.391967e+01 1.082132e+00 -8.556796e-02
1.391967e+01 1.168487e+00 -7.414949e-02
1.391967e+01 1.261733e+00 -6.361546e-02
1.391967e+01 1.362421e+00 -5.224080e-02
1.391967e+01 1.471144e+00 -3.995844e-02
1.391967e+01 1.588542e+00 -3.177463e-02
1.391967e+01 1.715310e+00 -2.738436e-02
1.391967e+01 1.852193e+00 -2.264374e-02
1.391967e+01 2.000000e+00 -1.752481e-02
1.421806e+01 1.000000e-03 -1.435356e+01
1.421806e+01 1.079801e-03 -1.539835e+01
1.421806e+01 1.165970e-03 -1.650999e+01
1.421806e+01 1.259016e-03 -1.769091e+01
1.421806e+01 1.359487e-03 -1.894323e+01
1.421806e+01 1.467975e-03 -2.026882e+01
1.421806e+01 1.585121e-03 -2.166920e+01
1.421806e+01 1.711615e-03 -2.314547e+01
1.421806e+01 1.848204e-03 -2.469825e+01
1.421806e+01 1.995693e-03 -2.632764e+01
1.421806e+01 2.154951e-03 -2.803311e+01
1.421806e+01 2.326918e-03 -2.981343e+01
1.421806e+01 2.512609e-03 -3.166634e+01
1.421806e+01 2.713117e-03 -3.358844e+01
1.421806e+01 2.929627e-03 -3.557522e+01
1.421806e+01 3.163414e-03 -3.762054e+01
1.421806e+01 3.415858e-03 -3.971642e+01
1.421806e+01 3.688447e-03 -4.185335e+01
1.421806e+01 3.982789e-03 -4.401978e+01
1.421806e+01 4.300619e-03 -4.620196e+01
1.421806e+01 4.643813e-03 -4.838431e+01
1.421806e+01 5.014394e-03 -5.054835e+01
1.421806e+01 5.414548e-03 -5.267264e+01
1.421806e+01 5.846635e-03 -5.473380e+01
1.421806e+01 6.313202e-03 -5.670486e+01
1.421806e+01 6.817002e-03 -5.855561e+01
1.421806e+01 7.361006e-03 -6.025428e+01
1.421806e+01 7.948422e-03 -6.176522e+01
1.421806e+01 8.582714e-03 -6.304978e+01
1.421806e+01 9.267624e-03 -6.406949e+01
1.421806e+01 1.000719e-02 -6.478360e+01
1.421806e+01 1.080577e-02 -6.515092e+01
1.421806e+01 1.166809e-02 -6.513457e+01
1.421806e+01 1.259921e-02 -6.470161e+01
1.421806e+01 1.360464e-02 -6.382546e+01
1.421806e+01 1.469030e-02 -6.249043e+01
1.421806e+01 1.586261e-02 -6.069974e+01
1.421806e+01 1.712846e-02 -5.847466e+01
1.421806e+01 1.849533e-02 -5.585027e+01
1.421806e+01 1.997127e-02 -5.290229e+01
1.421806e+01 2.156500e-02 -4.973196e+01
1.421806e+01 2.328591e-02 -4.643707e+01
1.421806e+01 2.514415e-02 -4.315195e+01
1.421806e+01 2.715068e-02 -4.002002e+01
1.421806e+01 2.931733e-02 -3.714892e+01
1.421806e+01 3.165689e-02 -3.461759e+01
1.421806e+01 3.418314e-02 -3.247346e+01
1.421806e+01 3.691099e-02 -3.068342e+01
1.421806e+01 3.985652e-02 -2.913904e+01
1.421806e+01 4.303711e-02 -2.765844e+01
1.421806e+01 4.647152e-02 -2.602083e+01
1.421806e+01 5.017999e-02 -2.403848e+01
1.421806e+01 5.418441e-02 -2.215663e+01
1.421806e+01 5.850838e-02 -2.092058e+01
1.421806e+01 6.317741e-02 -1.958590e+01
1.421806e+01 6.821903e-02 -1.814471e+01
1.421806e+01 7.366298e-02 -1.660874e+01
1.421806e+01 7.954136e-02 -1.515689e+01
1.421806e+01 8.588885e-02 -1.358919e+01
1.421806e+01 9.274286e-02 -1.189637e+01
1.421806e+01 1.001438e-01 -1.006847e+01
1.421806e+01 1.081354e-01 -8.946355e+00
1.421806e+01 1.167647e-01 -8.141014e+00
1.421806e+01 1.260827e-01 -7.271406e+00
1.421806e+01 1.361442e-01 -6.332402e+00
1.421806e+01 1.470087e-01 -5.428602e+00
1.421806e+01 1.587401e-01 -4.921840e+00
1.421806e+01 1.714077e-01 -4.374639e+00
1.421806e+01 1.850862e-01 -3.783770e+00
1.421806e+01 1.998563e-01 -3.145749e+00
1.421806e+01 2.158051e-01 -2.797513e+00
1.421806e+01 2.330265e-01 -2.489541e+00
1.421806e+01 2.516223e-01 -2.156992e+00
1.421806e+01 2.717020e-01 -1.797905e+00
1.421806e+01 2.933841e-01 -1.517915e+00
1.421806e+01 3.167964e-01 -1.352529e+00
1.421806e+01 3.420771e-01 -1.173944e+00
1.421806e+01 3.693752e-01 -9.811077e-01
1.421806e+01 3.988518e-01 -7.822445e-01
1.421806e+01 4.306805e-01 -6.988211e-01
1.421806e+01 4.650493e-01 -6.087405e-01
1.421806e+01 5.021607e-01 -5.114713e-01
1.421806e+01 5.422336e-01 -4.064399e-01
1.421806e+01 5.855044e-01 -3.444033e-01
1.421806e+01 6.322283e-01 -3.013579e-01
1.421806e+01 6.826808e-01 -2.548774e-01
1.421806e+01 7.371594e-01 -2.046877e-01
1.421806e+01 7.959855e-01 -1.617919e-01
1.421806e+01 8.595059e-01 -1.420605e-01
1.421806e+01 9.280954e-01 -1.207545e-01
1.421806e+01 1.002158e+00 -9.774831e-02
1.421806e+01 1.082132e+00 -7.290615e-02
1.421806e+01 1.168487e+00 -6.334981e-02
1.421806e+01 1.261733e+00 -5.450159e-02
1.421806e+01 1.362421e+00 -4.494728e-02
1.421806e+01 1.471144e+00 -3.463052e-02
1.421806e+01 1.588542e+00 -2.770019e-02
1.421806e+01 1.715310e+00 -2.390259e-02
1.421806e+01 1.852193e+00 -1.980194e-02
1.421806e+01 2.000000e+00 -1.537405e-02
1.452242e+01 1.000000e-03 -1.165965e+01
1.452242e+01 1.079801e-03 -1.250861e+01
1.452242e+01 1.165970e-03 -1.341192e+01
1.452242e+01 1.259016e-03 -1.437156e+01
1.452242e+01 1.359487e-03 -1.538926e+01
1.452242e+01 1.467975e-03 -1.646654e+01
1.452242e+01 1.585121e-03 -1.760462e+01
1.452242e+01 1.711615e-03 -1.880439e+01
1.452242e+01 1.848204e-03 -2.006634e+01
1.452242e+01 1.995693e-03 -2.139054e+01
1.452242e+01 2.154951e-03 -2.277655e+01
1.452242e+01 2.326918e-03 -2.422336e+01
1.452242e+01 2.512609e-03 -2.572913e+01
1.452242e+01 2.713117e-03 -2.729109e+01
1.452242e+01 2.929627e-03 -2.890562e+01
1.452242e+01 3.163414e-03 -3.056770e+01
1.452242e+01 3.415858e-03 -3.227087e+01
1.452242e+01 3.688447e-03 -3.400741e+01
1.452242e+01 3.982789e-03 -3.576789e+01
1.452242e+01 4.300619e-03 -3.754117e+01
1.452242e+01 4.643813e-03 -3.931458e+01
1.452242e+01 5.014394e-03 -4.107310e+01
1.452242e+01 5.414548e-03 -4.279932e+01
1.452242e+01 5.846635e-03 -4.447423e+01
1.452242e+01 6.313202e-03 -4.607593e+01
1.452242e+01 6.817002e-03 -4.757986e+01
1.452242e+01 7.361006e-03 -4.896020e+01
1.452242e+01 7.948422e-03 -5.018800e+01
1.452242e+01 8.582714e-03 -5.123184e+01
1.452242e+01 9.267624e-03 -5.206048e+01
1.452242e+01 1.000719e-02 -5.264080e+01
1.452242e+01 1.080577e-02 -5.293933e+01
1.452242e+01 1.166809e-02 -5.292608e+01
1.452242e+01 1.259921e-02 -5.257430e+01
1.452242e+01 1.360464e-02 -5.186239e+01
1.452242e+01 1.469030e-02 -5.077761e+01
1.452242e+01 1.586261e-02 -4.932258e+01
1.452242e+01 1.712846e-02 -4.751457e+01
1.452242e+01 1.849533e-02 -4.538210e+01
1.452242e+01 1.997127e-02 -4.298668e+01
1.452242e+01 2.156500e-02 -4.041059e+01
1.452242e+01 2.328591e-02 -3.773327e+01
1.452242e+01 2.514415e-02 -3.506390e+01
1.452242e+01 2.715068e-02 -3.251899e+01
1.452242e+01 2.931733e-02 -3.018604e+01
1.452242e+01 3.165689e-02 -2.812915e+01
1.452242e+01 3.418314e-02 -2.638691e+01
1.452242e+01 3.691099e-02 -2.493237e+01
1.452242e+01 3.985652e-02 -2.367746e+01
1.452242e+01 4.303711e-02 -2.247437e+01
1.452242e+01 4.647152e-02 -2.114370e+01
1.452242e+01 5.017999e-02 -1.953291e+01
1.452242e+01 5.418441e-02 -1.799670e+01
1.452242e+01 5.850838e-02 -1.697263e+01
1.452242e+01 6.317741e-02 -1.586683e+01
1.452242e+01 6.821903e-02 -1.467280e+01
1.452242e+01 7.366298e-02 -1.340280e+01
1.452242e+01 7.954136e-02 -1.222880e+01
1.452242e+01 8.588885e-02 -1.096111e+01
1.452242e+01 9.274286e-02 -9.592260e+00
1.452242e+01 1.001438e-01 -8.114175e+00
1.452242e+01 1.081354e-01 -7.209701e+00
1.452242e+01 1.167647e-01 -6.562995e+00
1.452242e+01 1.260827e-01 -5.864682e+00
1.452242e+01 1.361442e-01 -5.110642e+00
1.452242e+01 1.470087e-01 -4.384726e+00
1.452242e+01 1.587401e-01 -3.977010e+00
1.452242e+01 1.714077e-01 -3.536758e+00
1.452242e+01 1.850862e-01 -3.061373e+00
1.452242e+01 1.998563e-01 -2.548052e+00
1.452242e+01 2.158051e-01 -2.266331e+00
1.452242e+01 2.330265e-01 -2.016571e+00
1.452242e+01 2.516223e-01 -1.746881e+00
1.452242e+01 2.717020e-01 -1.455669e+00
1.452242e+01 2.933841e-01 -1.229032e+00
1.452242e+01 3.167964e-01 -1.095916e+00
1.452242e+01 3.420771e-01 -9.521767e-01
1.452242e+01 3.693752e-01 -7.969672e-01
1.452242e+01 3.988518e-01 -6.368871e-01
1.452242e+01 4.306805e-01 -5.694475e-01
1.452242e+01 4.650493e-01 -4.966262e-01
1.452242e+01 5.021607e-01 -4.179936e-01
1.452242e+01 5.422336e-01 -3.330861e-01
1.452242e+01 5.855044e-01 -2.828903e-01
1.452242e+01 6.322283e-01 -2.480223e-01
1.452242e+01 6.826808e-01 -2.103719e-01
1.452242e+01 7.371594e-01 -1.697169e-01
1.452242e+01 7.959855e-01 -1.348901e-01
1.452242e+01 8.595059e-01 -1.186327e-01
1.452242e+01 9.280954e-01 -1.010779e-01
1.452242e+01 1.002158e+00 -8.212225e-02
1.452242e+01 1.082132e+00 -6.165390e-02
1.452242e+01 1.168487e+00 -5.370141e-02
1.452242e+01 1.261733e+00 -4.631940e-02
1.452242e+01 1.362421e+00 -3.834830e-02
1.452242e+01 1.471144e+00 -2.974110e-02
1.452242e+01 1.588542e+00 -2.391883e-02
1.452242e+01 1.715310e+00 -2.067165e-02
1.452242e+01 1.852193e+00 -1.716533e-02
1.452242e+01 2.000000e+00 -1.337920e-02
1.483287e+01 1.000000e-03 -9.448547e+00
1.483287e+01 1.079801e-03 -1.013671e+01
1.483287e+01 1.165970e-03 -1.086897e+01
1.483287e+01 1.259016e-03 -1.164692e+01
1.483287e+01 1.359487e-03 -1.247197e+01
1.483287e+01 1.467975e-03 -1.334535e+01
1.483287e+01 1.585121e-03 -1.426805e+01
1.483287e+01 1.711615e-03 -1.524077e+01
1.483287e+01 1.848204e-03 -1.626391e+01
1.483287e+01 1.995693e-03 -1.733751e+01
1.483287e+01 2.154951e-03 -1.846120e+01
1.483287e+01 2.326918e-03 -1.963416e+01
1.483287e+01 2.512609e-03 -2.085490e+01
1.483287e+01 2.713117e-03 -2.212117e+01
1.483287e+01 2.929627e-03 -2.343004e+01
1.483287e+01 3.163414e-03 -2.477747e+01
1.483287e+01 3.415858e-03 -2.615819e+01
1.483287e+01 3.688447e-03 -2.756596e+01
1.483287e+01 3.982789e-03 -2.899314e+01
1.483287e+01 4.300619e-03 -3.043069e+01
1.483287e+01 4.643813e-03 -3.186834e+01
1.483287e+01 5.014394e-03 -3.329391e+01
1.483287e+01 5.414548e-03 -3.469329e+01
1.483287e+01 5.846635e-03 -3.605107e+01
1.483287e+01 6.313202e-03 -3.734950e+01
1.483287e+01 6.817002e-03 -3.856867e+01
1.483287e+01 7.361006e-03 -3.968765e+01
1.483287e+01 7.948422e-03 -4.068297e+01
1.483287e+01 8.582714e-03 -4.152918e+01
1.483287e+01 9.267624e-03 -4.220093e+01
1.483287e+01 1.000719e-02 -4.267139e+01
1.483287e+01 1.080577e-02 -4.291342e+01
1.483287e+01 1.166809e-02 -4.290272e+01
1.483287e+01 1.259921e-02 -4.261758e+01
1.483287e+01 1.360464e-02 -4.204053e+01
1.483287e+01 1.469030e-02 -4.116120e+01
1.483287e+01 1.586261e-02 -3.998175e+01
1.483287e+01 1.712846e-02 -3.851617e+01
1.483287e+01 1.849533e-02 -3.678756e+01
1.483287e+01 1.997127e-02 -3.484580e+01
1.483287e+01 2.156500e-02 -3.275758e+01
1.483287e+01 2.328591e-02 -3.058731e+01
1.483287e+01 2.514415e-02 -2.842347e+01
1.483287e+01 2.715068e-02 -2.636052e+01
1.483287e+01 2.931733e-02 -2.446938e+01
1.483287e+01 3.165689e-02 -2.280204e+01
1.483287e+01 3.418314e-02 -2.138974e+01
1.483287e+01 3.691099e-02 -2.021066e+01
1.483287e+01 3.985652e-02 -1.919341e+01
1.483287e+01 4.303711e-02 -1.821816e+01
1.483287e+01 4.647152e-02 -1.713949e+01
1.483287e+01 5.017999e-02 -1.583376e+01
1.483287e+01 5.418441e-02 -1.458187e+01
1.483287e+01 5.850838e-02 -1.373335e+01
1.483287e+01 6.317741e-02 -1.281712e+01
1.483287e+01 6.821903e-02 -1.182776e+01
1.483287e+01 7.366298e-02 -1.077834e+01
1.483287e+01 7.954136e-02 -9.837918e+00
1.483287e+01 8.588885e-02 -8.822452e+00
1.483287e+01 9.274286e-02 -7.725951e+00
1.483287e+01 1.001438e-01 -6.541949e+00
1.483287e+01 1.081354e-01 -5.814573e+00
1.483287e+01 1.167647e-01 -5.292088e+00
1.483287e+01 1.260827e-01 -4.727907e+00
1.483287e+01 1.361442e-01 -4.118705e+00
1.483287e+01 1.470087e-01 -3.532470e+00
1.483287e+01 1.587401e-01 -3.204381e+00
1.483287e+01 1.714077e-01 -2.850110e+00
1.483287e+01 1.850862e-01 -2.467568e+00
1.483287e+01 1.998563e-01 -2.054499e+00
1.483287e+01 2.158051e-01 -1.827832e+00
1.483287e+01 2.330265e-01 -1.626894e+00
1.483287e+01 2.516223e-01 -1.409920e+00
1.483287e+01 2.717020e-01 -1.175633e+00
1.483287e+01 2.933841e-01 -9.931857e-01
1.483287e+01 3.167964e-01 -8.858277e-01
1.483287e+01 3.420771e-01 -7.699024e-01
1.483287e+01 3.693752e-01 -6.447261e-01
1.483287e+01 3.988518e-01 -5.156449e-01
1.483287e+01 4.306805e-01 -4.616057e-01
1.483287e+01 4.650493e-01 -4.032541e-01
1.483287e+01 5.021607e-01 -3.402460e-01
1.483287e+01 5.422336e-01 -2.722097e-01
1.483287e+01 5.855044e-01 -2.317385e-01
1.483287e+01 6.322283e-01 -2.034134e-01
1.483287e+01 6.826808e-01 -1.728279e-01
1.483287e+01 7.371594e-01 -1.398016e-01
1.483287e+01 7.959855e-01 -1.114993e-01
1.483287e+01 8.595059e-01 -9.825628e-02
1.483287e+01 9.280954e-01 -8.395641e-02
1.483287e+01 1.002158e+00 -6.851540e-02
1.483287e+01 1.082132e+00 -5.184217e-02
1.483287e+01 1.168487e+00 -4.526798e-02
1.483287e+01 1.261733e+00 -3.914261e-02
1.483287e+01 1.362421e+00 -3.252844e-02
1.483287e+01 1.471144e+00 -2.538644e-02
1.483287e+01 1.588542e+00 -2.052056e-02
1.483287e+01 1.715310e+00 -1.775821e-02
1.483287e+01 1.852193e+00 -1.477541e-02
1.483287e+01 2.000000e+00 -1.155459e-02
1.514953e+01 1.000000e-03 -7.520946e+00
1.514953e+01 1.079801e-03 -8.068883e+00
1.514953e+01 1.165970e-03 -8.651953e+00
1.514953e+01 1.259016e-03 -9.271433e+00
1.514953e+01 1.359487e-03 -9.928444e+00
1.514953e+01 1.467975e-03 -1.062396e+01
1.514953e+01 1.585121e-03 -1.135878e+01
1.514953e+01 1.711615e-03 -1.213344e+01
1.514953e+01 1.848204e-03 -1.294826e+01
1.514953e+01 1.995693e-03 -1.380326e+01
1.514953e+01 2.154951e-03 -1.469814e+01
1.514953e+01 2.326918e-03 -1.563223e+01
1.514953e+01 2.512609e-03 -1.660434e+01
1.514953e+01 2.713117e-03 -1.761270e+01
1.514953e+01 2.929627e-03 -1.865498e+01
1.514953e+01 3.163414e-03 -1.972795e+01
1.514953e+01 3.415858e-03 -2.082744e+01
1.514953e+01 3.688447e-03 -2.194846e+01
1.514953e+01 3.982789e-03 -2.308494e+01
1.514953e+01 4.300619e-03 -2.422966e+01
1.514953e+01 4.643813e-03 -2.537446e+01
1.514953e+01 5.014394e-03 -2.650963e+01
1.514953e+01 5.414548e-03 -2.762394e+01
1.514953e+01 5.846635e-03 -2.870513e+01
1.514953e+01 6.313202e-03 -2.973905e+01
1.514953e+01 6.817002e-03 -3.070986e+01
1.514953e+01 7.361006e-03 -3.160089e+01
1.514953e+01 7.948422e-03 -3.239346e+01
1.514953e+01 8.582714e-03 -3.306729e+01
1.514953e+01 9.267624e-03 -3.360220e+01
1.514953e+01 1.000719e-02 -3.397684e+01
1.514953e+01 1.080577e-02 -3.416958e+01
1.514953e+01 1.166809e-02 -3.416109e+01
1.514953e+01 1.259921e-02 -3.393408e+01
1.514953e+01 1.360464e-02 -3.347462e+01
1.514953e+01 1.469030e-02 -3.277448e+01
1.514953e+01 1.586261e-02 -3.183536e+01
1.514953e+01 1.712846e-02 -3.066841e+01
1.514953e+01 1.849533e-02 -2.929202e+01
1.514953e+01 1.997127e-02 -2.774591e+01
1.514953e+01 2.156500e-02 -2.608317e+01
1.514953e+01 2.328591e-02 -2.435510e+01
1.514953e+01 2.514415e-02 -2.263215e+01
1.514953e+01 2.715068e-02 -2.098954e+01
1.514953e+01 2.931733e-02 -1.948372e+01
1.514953e+01 3.165689e-02 -1.815610e+01
1.514953e+01 3.418314e-02 -1.703156e+01
1.514953e+01 3.691099e-02 -1.609272e+01
1.514953e+01 3.985652e-02 -1.528273e+01
1.514953e+01 4.303711e-02 -1.450619e+01
1.514953e+01 4.647152e-02 -1.364731e+01
1.514953e+01 5.017999e-02 -1.260762e+01
1.514953e+01 5.418441e-02 -1.161334e+01
1.514953e+01 5.850838e-02 -1.094475e+01
1.514953e+01 6.317741e-02 -1.022282e+01
1.514953e+01 6.821903e-02 -9.443270e+00
1.514953e+01 7.366298e-02 -8.614983e+00
1.514953e+01 7.954136e-02 -7.858137e+00
1.514953e+01 8.588885e-02 -7.040894e+00
1.514953e+01 9.274286e-02 -6.158434e+00
1.514953e+01 1.001438e-01 -5.205553e+00
1.514953e+01 1.081354e-01 -4.625476e+00
1.514953e+01 1.167647e-01 -4.213254e+00
1.514953e+01 1.260827e-01 -3.768137e+00
1.514953e+01 1.361442e-01 -3.287498e+00
1.514953e+01 1.470087e-01 -2.824562e+00
1.514953e+01 1.587401e-01 -2.563475e+00
1.514953e+01 1.714077e-01 -2.281552e+00
1.514953e+01 1.850862e-01 -1.977133e+00
1.514953e+01 1.998563e-01 -1.648420e+00
1.514953e+01 2.158051e-01 -1.466632e+00
1.514953e+01 2.330265e-01 -1.304924e+00
1.514953e+01 2.516223e-01 -1.130311e+00
1.514953e+01 2.717020e-01 -9.417644e-01
1.514953e+01 2.933841e-01 -7.952908e-01
1.514953e+01 3.167964e-01 -7.097236e-01
1.514953e+01 3.420771e-01 -6.173281e-01
1.514953e+01 3.693752e-01 -5.175593e-01
1.514953e+01 3.988518e-01 -4.146689e-01
1.514953e+01 4.306805e-01 -3.714583e-01
1.514953e+01 4.650493e-01 -3.247995e-01
1.514953e+01 5.021607e-01 -2.744172e-01
1.514953e+01 5.422336e-01 -2.200144e-01
1.514953e+01 5.855044e-01 -1.876471e-01
1.514953e+01 6.322283e-01 -1.649886e-01
1.514953e+01 6.826808e-01 -1.405220e-01
1.514953e+01 7.371594e-01 -1.141030e-01
1.514953e+01 7.959855e-01 -9.143779e-02
1.514953e+01 8.595059e-01 -8.075797e-02
1.514953e+01 9.280954e-01 -6.922590e-02
1.514953e+01 1.002158e+00 -5.677355e-02
1.514953e+01 1.082132e+00 -4.332749e-02
1.514953e+01 1.168487e+00 -3.792542e-02
1.514953e+01 1.261733e+00 -3.286875e-02
1.514953e+01 1.362421e+00 -2.740855e-02
1.514953e+01 1.471144e+00 -2.151262e-02
1.514953e+01 1.588542e+00 -1.747295e-02
1.514953e+01 1.715310e+00 -1.514808e-02
1.514953e+01 1.852193e+00 -1.263768e-02
1.514953e+01 2.000000e+00 -9.926944e-03
1.547252e+01 1.000000e-03 -5.938149e+00
1.547252e+01 1.079801e-03 -6.370903e+00
1.547252e+01 1.165970e-03 -6.831424e+00
1.547252e+01 1.259016e-03 -7.320725e+00
1.547252e+01 1.359487e-03 -7.839691e+00
1.547252e+01 1.467975e-03 -8.389093e+00
1.547252e+01 1.585121e-03 -8.969549e+00
1.547252e+01 1.711615e-03 -9.581494e+00
1.547252e+01 1.848204e-03 -1.022517e+01
1.547252e+01 1.995693e-03 -1.090057e+01
1.547252e+01 2.154951e-03 -1.160748e+01
1.547252e+01 2.326918e-03 -1.234534e+01
1.547252e+01 2.512609e-03 -1.311321e+01
1.547252e+01 2.713117e-03 -1.390971e+01
1.547252e+01 2.929627e-03 -1.473298e+01
1.547252e+01 3.163414e-03 -1.558050e+01
1.547252e+01 3.415858e-03 -1.644896e+01
1.547252e+01 3.688447e-03 -1.733442e+01
1.547252e+01 3.982789e-03 -1.823209e+01
1.547252e+01 4.300619e-03 -1.913628e+01
1.547252e+01 4.643813e-03 -2.004051e+01
1.547252e+01 5.014394e-03 -2.093713e+01
1.547252e+01 5.414548e-03 -2.181728e+01
1.547252e+01 5.846635e-03 -2.267126e+01
1.547252e+01 6.313202e-03 -2.348791e+01
1.547252e+01 6.817002e-03 -2.425471e+01
1.547252e+01 7.361006e-03 -2.495849e+01
1.547252e+01 7.948422e-03 -2.558450e+01
1.547252e+01 8.582714e-03 -2.611673e+01
1.547252e+01 9.267624e-03 -2.653924e+01
1.547252e+01 1.000719e-02 -2.683516e+01
1.547252e+01 1.080577e-02 -2.698741e+01
1.547252e+01 1.166809e-02 -2.698073e+01
1.547252e+01 1.259921e-02 -2.680145e+01
1.547252e+01 1.360464e-02 -2.643859e+01
1.547252e+01 1.469030e-02 -2.588563e+01
1.547252e+01 1.586261e-02 -2.514392e+01
1.547252e+01 1.712846e-02 -2.422226e+01
1.547252e+01 1.849533e-02 -2.313518e+01
1.547252e+01 1.997127e-02 -2.191405e+01
1.547252e+01 2.156500e-02 -2.060081e+01
1.547252e+01 2.328591e-02 -1.923596e+01
1.547252e+01 2.514415e-02 -1.787516e+01
1.547252e+01 2.715068e-02 -1.657780e+01
1.547252e+01 2.931733e-02 -1.538849e+01
1.547252e+01 3.165689e-02 -1.433992e+01
1.547252e+01 3.418314e-02 -1.345174e+01
1.547252e+01 3.691099e-02 -1.271024e+01
1.547252e+01 3.985652e-02 -1.207050e+01
1.547252e+01 4.303711e-02 -1.145718e+01
1.547252e+01 4.647152e-02 -1.077882e+01
1.547252e+01 5.017999e-02 -9.957656e+00
1.547252e+01 5.418441e-02 -9.173216e+00
1.547252e+01 5.850838e-02 -8.647534e+00
1.547252e+01 6.317741e-02 -8.079902e+00
1.547252e+01 6.821903e-02 -7.466973e+00
1.547252e+01 7.366298e-02 -6.815852e+00
1.547252e+01 7.954136e-02 -6.222247e+00
1.547252e+01 8.588885e-02 -5.581272e+00
1.547252e+01 9.274286e-02 -4.889146e+00
1.547252e+01 1.001438e-01 -4.141787e+00
1.547252e+01 1.081354e-01 -3.682241e+00
1.547252e+01 1.167647e-01 -3.351792e+00
1.547252e+01 1.260827e-01 -2.994973e+00
1.547252e+01 1.361442e-01 -2.609680e+00
1.547252e+01 1.470087e-01 -2.239297e+00
1.547252e+01 1.587401e-01 -2.033848e+00
1.547252e+01 1.714077e-01 -1.812004e+00
1.547252e+01 1.850862e-01 -1.572458e+00
1.547252e+01 1.998563e-01 -1.313795e+00
1.547252e+01 2.158051e-01 -1.168960e+00
1.547252e+01 2.330265e-01 -1.039426e+00
1.547252e+01 2.516223e-01 -8.995557e-01
1.547252e+01 2.717020e-01 -7.485235e-01
1.547252e+01 2.933841e-01 -6.316284e-01
1.547252e+01 3.167964e-01 -5.641088e-01
1.547252e+01 3.420771e-01 -4.912011e-01
1.547252e+01 3.693752e-01 -4.124752e-01
1.547252e+01 3.988518e-01 -3.312710e-01
1.547252e+01 4.306805e-01 -2.969441e-01
1.547252e+01 4.650493e-01 -2.598780e-01
1.547252e+01 5.021607e-01 -2.198539e-01
1.547252e+01 5.422336e-01 -1.766359e-01
1.547252e+01 5.855044e-01 -1.509098e-01
1.547252e+01 6.322283e-01 -1.328892e-01
1.547252e+01 6.826808e-01 -1.134306e-01
1.547252e+01 7.371594e-01 -9.241913e-02
1.547252e+01 7.959855e-01 -7.437964e-02
1.547252e+01 8.595059e-01 -6.583928e-02
1.547252e+01 9.280954e-01 -5.661740e-02
1.547252e+01 1.002158e+00 -4.665960e-02
1.547252e+01 1.082132e+00 -3.590715e-02
1.547252e+01 1.168487e+00 -3.149782e-02
1.547252e+01 1.261733e+00 -2.734993e-02
1.547252e+01 1.362421e+00 -2.287105e-02
1.547252e+01 1.471144e+00 -1.803474e-02
1.547252e+01 1.588542e+00 -1.470651e-02
1.547252e+01 1.715310e+00 -1.277098e-02
1.547252e+01 1.852193e+00 -1.068099e-02
1.547252e+01 2.000000e+00 -8.424221e-03
1.580197e+01 1.000000e-03 -4.660492e+00
1.580197e+01 1.079801e-03 -5.000238e+00
1.580197e+01 1.165970e-03 -5.361800e+00
1.580197e+01 1.259016e-03 -5.745974e+00
1.580197e+01 1.359487e-03 -6.153457e+00
1.580197e+01 1.467975e-03 -6.584853e+00
1.580197e+01 1.585121e-03 -7.040647e+00
1.580197e+01 1.711615e-03 -7.521177e+00
1.580197e+01 1.848204e-03 -8.026623e+00
1.580197e+01 1.995693e-03 -8.556989e+00
1.580197e+01 2.154951e-03 -9.112079e+00
1.580197e+01 2.326918e-03 -9.691465e+00
1.580197e+01 2.512609e-03 -1.029440e+01
1.580197e+01 2.713117e-03 -1.091980e+01
1.580197e+01 2.929627e-03 -1.156622e+01
1.580197e+01 3.163414e-03 -1.223167e+01
1.580197e+01 3.415858e-03 -1.291357e+01
1.580197e+01 3.688447e-03 -1.360881e+01
1.580197e+01 3.982789e-03 -1.431363e+01
1.580197e+01 4.300619e-03 -1.502357e+01
1.580197e+01 4.643813e-03 -1.573354e+01
1.580197e+01 5.014394e-03 -1.643753e+01
1.580197e+01 5.414548e-03 -1.712858e+01
1.580197e+01 5.846635e-03 -1.779908e+01
1.580197e+01 6.313202e-03 -1.844028e+01
1.580197e+01 6.817002e-03 -1.904233e+01
1.580197e+01 7.361006e-03 -1.959491e+01
1.580197e+01 7.948422e-03 -2.008642e+01
1.580197e+01 8.582714e-03 -2.050430e+01
1.580197e+01 9.267624e-03 -2.083604e+01
1.580197e+01 1.000719e-02 -2.106839e+01
1.580197e+01 1.080577e-02 -2.118795e+01
1.580197e+01 1.166809e-02 -2.118271e+01
1.580197e+01 1.259921e-02 -2.104198e+01
1.580197e+01 1.360464e-02 -2.075711e+01
1.580197e+01 1.469030e-02 -2.032299e+01
1.580197e+01 1.586261e-02 -1.974068e+01
1.580197e+01 1.712846e-02 -1.901709e+01
1.580197e+01 1.849533e-02 -1.816362e+01
1.580197e+01 1.997127e-02 -1.720491e+01
1.580197e+01 2.156500e-02 -1.617388e+01
1.580197e+01 2.328591e-02 -1.510233e+01
1.580197e+01 2.514415e-02 -1.403395e+01
1.580197e+01 2.715068e-02 -1.301539e+01
1.580197e+01 2.931733e-02 -1.208165e+01
1.580197e+01 3.165689e-02 -1.125841e+01
1.580197e+01 3.418314e-02 -1.056109e+01
1.580197e+01 3.691099e-02 -9.978930e+00
1.580197e+01 3.985652e-02 -9.476664e+00
1.580197e+01 4.303711e-02 -8.995140e+00
1.580197e+01 4.647152e-02 -8.462553e+00
1.580197e+01 5.017999e-02 -7.817851e+00
1.580197e+01 5.418441e-02 -7.204816e+00
1.580197e+01 5.850838e-02 -6.799993e+00
1.580197e+01 6.317741e-02 -6.362866e+00
1.580197e+01 6.821903e-02 -5.890855e+00
1.580197e+01 7.366298e-02 -5.388719e+00
1.580197e+01 7.954136e-02 -4.923512e+00
1.580197e+01 8.588885e-02 -4.421182e+00
1.580197e+01 9.274286e-02 -3.878765e+00
1.580197e+01 1.001438e-01 -3.293063e+00
1.580197e+01 1.081354e-01 -2.929247e+00
1.580197e+01 1.167647e-01 -2.664559e+00
1.580197e+01 1.260827e-01 -2.378749e+00
1.580197e+01 1.361442e-01 -2.070131e+00
1.580197e+01 1.470087e-01 -1.773744e+00
1.580197e+01 1.587401e-01 -1.610714e+00
1.580197e+01 1.714077e-01 -1.434675e+00
1.580197e+01 1.850862e-01 -1.244587e+00
1.580197e+01 1.998563e-01 -1.039330e+00
1.580197e+01 2.158051e-01 -9.245324e-01
1.580197e+01 2.330265e-01 -8.219139e-01
1.580197e+01 2.516223e-01 -7.111063e-01
1.580197e+01 2.717020e-01 -5.914562e-01
1.580197e+01 2.933841e-01 -4.990514e-01
1.580197e+01 3.167964e-01 -4.460347e-01
1.580197e+01 3.420771e-01 -3.887872e-01
1.580197e+01 3.693752e-01 -3.269712e-01
1.580197e+01 3.988518e-01 -2.631999e-01
1.580197e+01 4.306805e-01 -2.361050e-01
1.580197e+01 4.650493e-01 -2.068478e-01
1.580197e+01 5.021607e-01 -1.752559e-01
1.580197e+01 5.422336e-01 -1.411430e-01
1.580197e+01 5.855044e-01 -1.207909e-01
1.580197e+01 6.322283e-01 -1.064959e-01
1.580197e+01 6.826808e-01 -9.106024e-02
1.580197e+01 7.371594e-01 -7.439276e-02
1.580197e+01 7.959855e-01 -6.007390e-02
1.580197e+01 8.595059e-01 -5.326860e-02
1.580197e+01 9.280954e-01 -4.592024e-02
1.580197e+01 1.002158e+00 -3.798547e-02
1.580197e+01 1.082132e+00 -2.941750e-02
1.580197e+01 1.168487e+00 -2.586398e-02
1.580197e+01 1.261733e+00 -2.251220e-02
1.580197e+01 1.362421e+00 -1.889295e-02
1.580197e+01 1.471144e+00 -1.498488e-02
1.580197e+01 1.588542e+00 -1.227663e-02
1.580197e+01 1.715310e+00 -1.067581e-02
1.580197e+01 1.852193e+00 -8.947246e-03
1.580197e+01 2.000000e+00 -7.080739e-03
1.613801e+01 1.000000e-03 -3.648703e+00
1.613801e+01 1.079801e-03 -3.914772e+00
1.613801e+01 1.165970e-03 -4.197940e+00
1.613801e+01 1.259016e-03 -4.498831e+00
1.613801e+01 1.359487e-03 -4.817990e+00
1.613801e+01 1.467975e-03 -5.155893e+00
1.613801e+01 1.585121e-03 -5.512918e+00
1.613801e+01 1.711615e-03 -5.889326e+00
1.613801e+01 1.848204e-03 -6.285255e+00
1.613801e+01 1.995693e-03 -6.700704e+00
1.613801e+01 2.154951e-03 -7.135515e+00
1.613801e+01 2.326918e-03 -7.589347e+00
1.613801e+01 2.512609e-03 -8.061616e+00
1.613801e+01 2.713117e-03 -8.551467e+00
1.613801e+01 2.929627e-03 -9.057777e+00
1.613801e+01 3.163414e-03 -9.578990e+00
1.613801e+01 3.415858e-03 -1.011308e+01
1.613801e+01 3.688447e-03 -1.065762e+01
1.613801e+01 3.982789e-03 -1.120967e+01
1.613801e+01 4.300619e-03 -1.176572e+01
1.613801e+01 4.643813e-03 -1.232179e+01
1.613801e+01 5.014394e-03 -1.287318e+01
1.613801e+01 5.414548e-03 -1.341442e+01
1.613801e+01 5.846635e-03 -1.393958e+01
1.613801e+01 6.313202e-03 -1.444177e+01
1.613801e+01 6.817002e-03 -1.491331e+01
1.613801e+01 7.361006e-03 -1.534610e+01
1.613801e+01 7.948422e-03 -1.573107e+01
1.613801e+01 8.582714e-03 -1.605836e+01
1.613801e+01 9.267624e-03 -1.631819e+01
1.613801e+01 1.000719e-02 -1.650018e+01
1.613801e+01 1.080577e-02 -1.659383e+01
1.613801e+01 1.166809e-02 -1.658974e+01
1.613801e+01 1.259921e-02 -1.647954e+01
1.613801e+01 1.360464e-02 -1.625645e+01
1.613801e+01 1.469030e-02 -1.591647e+01
1.613801e+01 1.586261e-02 -1.546042e+01
1.613801e+01 1.712846e-02 -1.489373e+01
1.613801e+01 1.849533e-02 -1.422533e+01
1.613801e+01 1.997127e-02 -1.347449e+01
1.613801e+01 2.156500e-02 -1.266701e+01
1.613801e+01 2.328591e-02 -1.182780e+01
1.613801e+01 2.514415e-02 -1.099108e+01
1.613801e+01 2.715068e-02 -1.019336e+01
1.613801e+01 2.931733e-02 -9.462084e+00
1.613801e+01 3.165689e-02 -8.817338e+00
1.613801e+01 3.418314e-02 -8.271217e+00
1.613801e+01 3.691099e-02 -7.815279e+00
1.613801e+01 3.985652e-02 -7.421916e+00
1.613801e+01 4.303711e-02 -7.044796e+00
1.613801e+01 4.647152e-02 -6.627686e+00
1.613801e+01 5.017999e-02 -6.122770e+00
1.613801e+01 5.418441e-02 -5.643272e+00
1.613801e+01 5.850838e-02 -5.327943e+00
1.613801e+01 6.317741e-02 -4.987451e+00
1.613801e+01 6.821903e-02 -4.619787e+00
1.613801e+01 7.366298e-02 -4.228316e+00
1.613801e+01 7.954136e-02 -3.862104e+00
1.613801e+01 8.588885e-02 -3.466668e+00
1.613801e+01 9.274286e-02 -3.039675e+00
1.613801e+01 1.001438e-01 -2.578608e+00
1.613801e+01 1.081354e-01 -2.294860e+00
1.613801e+01 1.167647e-01 -2.090622e+00
1.613801e+01 1.260827e-01 -1.870085e+00
1.613801e+01 1.361442e-01 -1.631950e+00
1.613801e+01 1.470087e-01 -1.402533e+00
1.613801e+01 1.587401e-01 -1.272902e+00
1.613801e+01 1.714077e-01 -1.132926e+00
1.613801e+01 1.850862e-01 -9.817803e-01
1.613801e+01 1.998563e-01 -8.185727e-01
1.613801e+01 2.158051e-01 -7.280646e-01
1.613801e+01 2.330265e-01 -6.474567e-01
1.613801e+01 2.516223e-01 -5.604162e-01
1.613801e+01 2.717020e-01 -4.664297e-01
1.613801e+01 2.933841e-01 -3.937598e-01
1.613801e+01 3.167964e-01 -3.519149e-01
1.613801e+01 3.420771e-01 -3.067307e-01
1.613801e+01 3.693752e-01 -2.579407e-01
1.613801e+01 3.988518e-01 -2.076194e-01
1.613801e+01 4.306805e-01 -1.864145e-01
1.613801e+01 4.650493e-01 -1.635174e-01
1.613801e+01 5.021607e-01 -1.387932e-01
1.613801e+01 5.422336e-01 -1.120959e-01
1.613801e+01 5.855044e-01 -9.611292e-02
1.613801e+01 6.322283e-01 -8.484034e-02
1.613801e+01 6.826808e-01 -7.266820e-02
1.613801e+01 7.371594e-01 -5.952470e-02
1.613801e+01 7.959855e-01 -4.823091e-02
1.613801e+01 8.595059e-01 -4.285640e-02
1.613801e+01 9.280954e-01 -3.705300e-02
1.613801e+01 1.002158e+00 -3.078649e-02
1.613801e+01 1.082132e+00 -2.401990e-02
1.613801e+01 1.168487e+00 -2.117389e-02
1.613801e+01 1.261733e+00 -1.848067e-02
1.613801e+01 1.362421e+00 -1.557254e-02
1.613801e+01 1.471144e+00 -1.243233e-02
1.613801e+01 1.588542e+00 -1.023901e-02
1.613801e+01 1.715310e+00 -8.919091e-03
1.613801e+01 1.852193e+00 -7.493844e-03
1.613801e+01 2.000000e+00 -5.954861e-03
1.648077e+01 1.000000e-03 -2.801886e+00
1.648077e+01 1.079801e-03 -3.006267e+00
1.648077e+01 1.165970e-03 -3.223793e+00
1.648077e+01 1.259016e-03 -3.454945e+00
1.648077e+01 1.359487e-03 -3.700142e+00
1.648077e+01 1.467975e-03 -3.959749e+00
1.648077e+01 1.585121e-03 -4.234056e+00
1.648077e+01 1.711615e-03 -4.523262e+00
1.648077e+01 1.848204e-03 -4.827471e+00
1.648077e+01 1.995693e-03 -5.146677e+00
1.648077e+01 2.154951e-03 -5.480757e+00
1.648077e+01 2.326918e-03 -5.829443e+00
1.648077e+01 2.512609e-03 -6.192285e+00
1.648077e+01 2.713117e-03 -6.568628e+00
1.648077e+01 2.929627e-03 -6.957610e+00
1.648077e+01 3.163414e-03 -7.358037e+00
1.648077e+01 3.415858e-03 -7.768353e+00
1.648077e+01 3.688447e-03 -8.186703e+00
1.648077e+01 3.982789e-03 -8.610820e+00
1.648077e+01 4.300619e-03 -9.038008e+00
1.648077e+01 4.643813e-03 -9.465212e+00
1.648077e+01 5.014394e-03 -9.888808e+00
1.648077e+01 5.414548e-03 -1.030461e+01
1.648077e+01 5.846635e-03 -1.070806e+01
1.648077e+01 6.313202e-03 -1.109386e+01
1.648077e+01 6.817002e-03 -1.145612e+01
1.648077e+01 7.361006e-03 -1.178860e+01
1.648077e+01 7.948422e-03 -1.208435e+01
1.648077e+01 8.582714e-03 -1.233579e+01
1.648077e+01 9.267624e-03 -1.253540e+01
1.648077e+01 1.000719e-02 -1.267522e+01
1.648077e+01 1.080577e-02 -1.274717e+01
1.648077e+01 1.166809e-02 -1.274404e+01
1.648077e+01 1.259921e-02 -1.265939e+01
1.648077e+01 1.360464e-02 -1.248803e+01
1.648077e+01 1.469030e-02 -1.222687e+01
1.648077e+01 1.586261e-02 -1.187655e+01
1.648077e+01 1.712846e-02 -1.144123e+01
1.648077e+01 1.849533e-02 -1.092777e+01
1.648077e+01 1.997127e-02 -1.035099e+01
1.648077e+01 2.156500e-02 -9.730696e+00
1.648077e+01 2.328591e-02 -9.086024e+00
1.648077e+01 2.514415e-02 -8.443260e+00
1.648077e+01 2.715068e-02 -7.830464e+00
1.648077e+01 2.931733e-02 -7.268701e+00
1.648077e+01 3.165689e-02 -6.773413e+00
1.648077e+01 3.418314e-02 -6.353887e+00
1.648077e+01 3.691099e-02 -6.003639e+00
1.648077e+01 3.985652e-02 -5.701460e+00
1.648077e+01 4.303711e-02 -5.411760e+00
1.648077e+01 4.647152e-02 -5.091338e+00
1.648077e+01 5.017999e-02 -4.703466e+00
1.648077e+01 5.418441e-02 -4.341986e+00
1.648077e+01 5.850838e-02 -4.118874e+00
1.648077e+01 6.317741e-02 -3.877956e+00
1.648077e+01 6.821903e-02 -3.617814e+00
1.648077e+01 7.366298e-02 -3.337880e+00
1.648077e+01 7.954136e-02 -3.045494e+00
1.648077e+01 8.588885e-02 -2.729776e+00
1.648077e+01 9.274286e-02 -2.388863e+00
1.648077e+01 1.001438e-01 -2.020745e+00
1.648077e+01 1.081354e-01 -1.795737e+00
1.648077e+01 1.167647e-01 -1.635068e+00
1.648077e+01 1.260827e-01 -1.461577e+00
1.648077e+01 1.361442e-01 -1.274242e+00
1.648077e+01 1.470087e-01 -1.094100e+00
1.648077e+01 1.587401e-01 -9.939067e-01
1.648077e+01 1.714077e-01 -8.857183e-01
1.648077e+01 1.850862e-01 -7.688964e-01
1.648077e+01 1.998563e-01 -6.427519e-01
1.648077e+01 2.158051e-01 -5.720250e-01
1.648077e+01 2.330265e-01 -5.087340e-01
1.648077e+01 2.516223e-01 -4.403923e-01
1.648077e+01 2.717020e-01 -3.665969e-01
1.648077e+01 2.933841e-01 -3.095649e-01
1.648077e+01 3.167964e-01 -2.767714e-01
1.648077e+01 3.420771e-01 -2.413609e-01
1.648077e+01 3.693752e-01 -2.031246e-01
1.648077e+01 3.988518e-01 -1.636879e-01
1.648077e+01 4.306805e-01 -1.470647e-01
1.648077e+01 4.650493e-01 -1.291150e-01
1.648077e+01 5.021607e-01 -1.097329e-01
1.648077e+01 5.422336e-01 -8.880402e-02
1.648077e+01 5.855044e-01 -7.625244e-02
1.648077e+01 6.322283e-01 -6.738139e-02
1.648077e+01 6.826808e-01 -5.780243e-02
1.648077e+01 7.371594e-01 -4.745905e-02
1.648077e+01 7.959855e-01 -3.856933e-02
1.648077e+01 8.595059e-01 -3.433298e-02
1.648077e+01 9.280954e-01 -2.975857e-02
1.648077e+01 1.002158e+00 -2.481912e-02
1.648077e+01 1.082132e+00 -1.948549e-02
1.648077e+01 1.168487e+00 -1.721806e-02
1.648077e+01 1.261733e+00 -1.506707e-02
1.648077e+01 1.362421e+00 -1.274444e-02
1.648077e+01 1.471144e+00 -1.023646e-02
1.648077e+01 1.588542e+00 -8.469738e-03
1.648077e+01 1.715310e+00 -7.386272e-03
1.648077e+01 1.852193e+00 -6.216344e-03
1.648077e+01 2.000000e+00 -4.953054e-03
1.683038e+01 1.000000e-03 -2.168645e+00
1.683038e+01 1.079801e-03 -2.326885e+00
1.683038e+01 1.165970e-03 -2.495309e+00
1.683038e+01 1.259016e-03 -2.674293e+00
1.683038e+01 1.359487e-03 -2.864160e+00
1.683038e+01 1.467975e-03 -3.065195e+00
1.683038e+01 1.585121e-03 -3.277620e+00
1.683038e+01 1.711615e-03 -3.501589e+00
1.683038e+01 1.848204e-03 -3.737179e+00
1.683038e+01 1.995693e-03 -3.984384e+00
1.683038e+01 2.154951e-03 -4.243105e+00
1.683038e+01 2.326918e-03 -4.513133e+00
1.683038e+01 2.512609e-03 -4.794116e+00
1.683038e+01 2.713117e-03 -5.085546e+00
1.683038e+01 2.929627e-03 -5.386760e+00
1.683038e+01 3.163414e-03 -5.696834e+00
1.683038e+01 3.415858e-03 -6.014562e+00
1.683038e+01 3.688447e-03 -6.338513e+00
1.683038e+01 3.982789e-03 -6.666929e+00
1.683038e+01 4.300619e-03 -6.997723e+00
1.683038e+01 4.643813e-03 -7.328525e+00
1.683038e+01 5.014394e-03 -7.656530e+00
1.683038e+01 5.414548e-03 -7.978501e+00
1.683038e+01 5.846635e-03 -8.290899e+00
1.683038e+01 6.313202e-03 -8.589641e+00
1.683038e+01 6.817002e-03 -8.870147e+00
1.683038e+01 7.361006e-03 -9.127602e+00
1.683038e+01 7.948422e-03 -9.356606e+00
1.683038e+01 8.582714e-03 -9.551306e+00
1.683038e+01 9.267624e-03 -9.705875e+00
1.683038e+01 1.000719e-02 -9.814143e+00
1.683038e+01 1.080577e-02 -9.869865e+00
1.683038e+01 1.166809e-02 -9.867454e+00
1.683038e+01 1.259921e-02 -9.801919e+00
1.683038e+01 1.360464e-02 -9.669238e+00
1.683038e+01 1.469030e-02 -9.467033e+00
1.683038e+01 1.586261e-02 -9.195796e+00
1.683038e+01 1.712846e-02 -8.858742e+00
1.683038e+01 1.849533e-02 -8.461186e+00
1.683038e+01 1.997127e-02 -8.014597e+00
1.683038e+01 2.156500e-02 -7.534316e+00
1.683038e+01 2.328591e-02 -7.035160e+00
1.683038e+01 2.514415e-02 -6.537480e+00
1.683038e+01 2.715068e-02 -6.063003e+00
1.683038e+01 2.931733e-02 -5.628040e+00
1.683038e+01 3.165689e-02 -5.244546e+00
1.683038e+01 3.418314e-02 -4.919714e+00
1.683038e+01 3.691099e-02 -4.648523e+00
1.683038e+01 3.985652e-02 -4.414550e+00
1.683038e+01 4.303711e-02 -4.190240e+00
1.683038e+01 4.647152e-02 -3.942143e+00
1.683038e+01 5.017999e-02 -3.641820e+00
1.683038e+01 5.418441e-02 -3.361278e+00
1.683038e+01 5.850838e-02 -3.186706e+00
1.683038e+01 6.317741e-02 -2.998202e+00
1.683038e+01 6.821903e-02 -2.794656e+00
1.683038e+01 7.366298e-02 -2.575893e+00
1.683038e+01 7.954136e-02 -2.350159e+00
1.683038e+01 8.588885e-02 -2.106410e+00
1.683038e+01 9.274286e-02 -1.843210e+00
1.683038e+01 1.001438e-01 -1.559006e+00
1.683038e+01 1.081354e-01 -1.385929e+00
1.683038e+01 1.167647e-01 -1.262879e+00
1.683038e+01 1.260827e-01 -1.130010e+00
1.683038e+01 1.361442e-01 -9.865379e-01
1.683038e+01 1.470087e-01 -8.484080e-01
1.683038e+01 1.587401e-01 -7.707837e-01
1.683038e+01 1.714077e-01 -6.869650e-01
1.683038e+01 1.850862e-01 -5.964574e-01
1.683038e+01 1.998563e-01 -4.987273e-01
1.683038e+01 2.158051e-01 -4.438679e-01
1.683038e+01 2.330265e-01 -3.947517e-01
1.683038e+01 2.516223e-01 -3.417160e-01
1.683038e+01 2.717020e-01 -2.844479e-01
1.683038e+01 2.933841e-01 -2.401973e-01
1.683038e+01 3.167964e-01 -2.147678e-01
1.683038e+01 3.420771e-01 -1.873089e-01
1.683038e+01 3.693752e-01 -1.576589e-01
1.683038e+01 3.988518e-01 -1.270839e-01
1.683038e+01 4.306805e-01 -1.142837e-01
1.683038e+01 4.650493e-01 -1.004621e-01
1.683038e+01 5.021607e-01 -8.553749e-02
1.683038e+01 5.422336e-01 -6.942188e-02
1.683038e+01 5.855044e-01 -5.972682e-02
1.683038e+01 6.322283e-01 -5.284942e-02
1.683038e+01 6.826808e-01 -4.542320e-02
1.683038e+01 7.371594e-01 -3.740436e-02
1.683038e+01 7.959855e-01 -3.050967e-02
1.683038e+01 8.595059e-01 -2.721578e-02
1.683038e+01 9.280954e-01 -2.365903e-02
1.683038e+01 1.002158e+00 -1.981844e-02
1.683038e+01 1.082132e+00 -1.567137e-02
1.683038e+01 1.168487e+00 -1.387744e-02
1.683038e+01 1.261733e+00 -1.216894e-02
1.683038e+01 1.362421e+00 -1.032411e-02
1.683038e+01 1.471144e+00 -8.332051e-03
1.683038e+01 1.588542e+00 -6.920002e-03
1.683038e+01 1.715310e+00 -6.042272e-03
1.683038e+01 1.852193e+00 -5.094497e-03
1.683038e+01 2.000000e+00 -4.071090e-03
1.718699e+01 1.000000e-03 -1.673263e+00
1.718699e+01 1.079801e-03 -1.795395e+00
1.718699e+01 1.165970e-03 -1.925394e+00
1.718699e+01 1.259016e-03 -2.063549e+00
1.718699e+01 1.359487e-03 -2.210113e+00
1.718699e+01 1.467975e-03 -2.365304e+00
1.718699e+01 1.585121e-03 -2.529294e+00
1.718699e+01 1.711615e-03 -2.702199e+00
1.718699e+01 1.848204e-03 -2.884080e+00
1.718699e+01 1.995693e-03 -3.074929e+00
1.718699e+01 2.154951e-03 -3.274667e+00
1.718699e+01 2.326918e-03 -3.483128e+00
1.718699e+01 2.512609e-03 -3.700042e+00
1.718699e+01 2.713117e-03 -3.925016e+00
1.718699e+01 2.929627e-03 -4.157538e+00
1.718699e+01 3.163414e-03 -4.396897e+00
1.718699e+01 3.415858e-03 -4.642163e+00
1.718699e+01 3.688447e-03 -4.892232e+00
1.718699e+01 3.982789e-03 -5.145750e+00
1.718699e+01 4.300619e-03 -5.401101e+00
1.718699e+01 4.643813e-03 -5.656457e+00
1.718699e+01 5.014394e-03 -5.909652e+00
1.718699e+01 5.414548e-03 -6.158186e+00
1.718699e+01 5.846635e-03 -6.399330e+00
1.718699e+01 6.313202e-03 -6.629934e+00
1.718699e+01 6.817002e-03 -6.846462e+00
1.718699e+01 7.361006e-03 -7.045196e+00
1.718699e+01 7.948422e-03 -7.221968e+00
1.718699e+01 8.582714e-03 -7.372260e+00
1.718699e+01 9.267624e-03 -7.491577e+00
1.718699e+01 1.000719e-02 -7.575155e+00
1.718699e+01 1.080577e-02 -7.618173e+00
1.718699e+01 1.166809e-02 -7.616319e+00
1.718699e+01 1.259921e-02 -7.565742e+00
1.718699e+01 1.360464e-02 -7.463336e+00
1.718699e+01 1.469030e-02 -7.307266e+00
1.718699e+01 1.586261e-02 -7.097913e+00
1.718699e+01 1.712846e-02 -6.837757e+00
1.718699e+01 1.849533e-02 -6.530901e+00
1.718699e+01 1.997127e-02 -6.186197e+00
1.718699e+01 2.156500e-02 -5.815487e+00
1.718699e+01 2.328591e-02 -5.430206e+00
1.718699e+01 2.514415e-02 -5.046065e+00
1.718699e+01 2.715068e-02 -4.679833e+00
1.718699e+01 2.931733e-02 -4.344100e+00
1.718699e+01 3.165689e-02 -4.048094e+00
1.718699e+01 3.418314e-02 -3.797367e+00
1.718699e+01 3.691099e-02 -3.588043e+00
1.718699e+01 3.985652e-02 -3.407447e+00
1.718699e+01 4.303711e-02 -3.234310e+00
1.718699e+01 4.647152e-02 -3.042812e+00
1.718699e+01 5.017999e-02 -2.811002e+00
1.718699e+01 5.418441e-02 -2.592577e+00
1.718699e+01 5.850838e-02 -2.452582e+00
1.718699e+01 6.317741e-02 -2.301415e+00
1.718699e+01 6.821903e-02 -2.138185e+00
1.718699e+01 7.366298e-02 -1.963573e+00
1.718699e+01 7.954136e-02 -1.791804e+00
1.718699e+01 8.588885e-02 -1.606329e+00
1.718699e+01 9.274286e-02 -1.406052e+00
1.718699e+01 1.001438e-01 -1.189793e+00
1.718699e+01 1.081354e-01 -1.059140e+00
1.718699e+01 1.167647e-01 -9.671382e-01
1.718699e+01 1.260827e-01 -8.677944e-01
1.718699e+01 1.361442e-01 -7.605227e-01
1.718699e+01 1.470087e-01 -6.568436e-01
1.718699e+01 1.587401e-01 -5.966599e-01
1.718699e+01 1.714077e-01 -5.316735e-01
1.718699e+01 1.850862e-01 -4.615011e-01
1.718699e+01 1.998563e-01 -3.857289e-01
1.718699e+01 2.158051e-01 -3.431698e-01
1.718699e+01 2.330265e-01 -3.050564e-01
1.718699e+01 2.516223e-01 -2.639015e-01
1.718699e+01 2.717020e-01 -2.194624e-01
1.718699e+01 2.933841e-01 -1.852410e-01
1.718699e+01 3.167964e-01 -1.657818e-01
1.718699e+01 3.420771e-01 -1.447697e-01
1.718699e+01 3.693752e-01 -1.220808e-01
1.718699e+01 3.988518e-01 -9.867567e-02
1.718699e+01 4.306805e-01 -8.875342e-02
1.718699e+01 4.650493e-01 -7.803936e-02
1.718699e+01 5.021607e-01 -6.647030e-02
1.718699e+01 5.422336e-01 -5.397803e-02
1.718699e+01 5.855044e-01 -4.648825e-02
1.718699e+01 6.322283e-01 -4.119656e-02
1.718699e+01 6.826808e-01 -3.548258e-02
1.718699e+01 7.371594e-01 -2.931262e-02
1.718699e+01 7.959855e-01 -2.399796e-02
1.718699e+01 8.595059e-01 -2.143036e-02
1.718699e+01 9.280954e-01 -1.865786e-02
1.718699e+01 1.002158e+00 -1.566412e-02
1.718699e+01 1.082132e+00 -1.243147e-02
1.718699e+01 1.168487e+00 -1.103166e-02
1.718699e+01 1.261733e+00 -9.698221e-03
1.718699e+01 1.362421e+00 -8.258371e-03
1.718699e+01 1.471144e+00 -6.703619e-03
1.718699e+01 1.588542e+00 -5.592812e-03
1.718699e+01 1.715310e+00 -4.890683e-03
1.718699e+01 1.852193e+00 -4.132523e-03
1.718699e+01 2.000000e+00 -3.313862e-03
1.755073e+01 1.000000e-03 -1.293291e+00
1.755073e+01 1.079801e-03 -1.387719e+00
1.755073e+01 1.165970e-03 -1.488234e+00
1.755073e+01 1.259016e-03 -1.595061e+00
1.755073e+01 1.359487e-03 -1.708395e+00
1.755073e+01 1.467975e-03 -1.828406e+00
1.755073e+01 1.585121e-03 -1.955226e+00
1.755073e+01 1.711615e-03 -2.088945e+00
1.755073e+01 1.848204e-03 -2.229608e+00
1.755073e+01 1.995693e-03 -2.377207e+00
1.755073e+01 2.154951e-03 -2.531679e+00
1.755073e+01 2.326918e-03 -2.692896e+00
1.755073e+01 2.512609e-03 -2.860644e+00
1.755073e+01 2.713117e-03 -3.034622e+00
1.755073e+01 2.929627e-03 -3.214433e+00
1.755073e+01 3.163414e-03 -3.399528e+00
1.755073e+01 3.415858e-03 -3.589190e+00
1.755073e+01 3.688447e-03 -3.782567e+00
1.755073e+01 3.982789e-03 -3.978611e+00
1.755073e+01 4.300619e-03 -4.176073e+00
1.755073e+01 4.643813e-03 -4.373536e+00
1.755073e+01 5.014394e-03 -4.569325e+00
1.755073e+01 5.414548e-03 -4.761509e+00
1.755073e+01 5.846635e-03 -4.947979e+00
1.755073e+01 6.313202e-03 -5.126299e+00
1.755073e+01 6.817002e-03 -5.293734e+00
1.755073e+01 7.361006e-03 -5.447409e+00
1.755073e+01 7.948422e-03 -5.584102e+00
1.755073e+01 8.582714e-03 -5.700320e+00
1.755073e+01 9.267624e-03 -5.792586e+00
1.755073e+01 1.000719e-02 -5.857217e+00
1.755073e+01 1.080577e-02 -5.890486e+00
1.755073e+01 1.166809e-02 -5.889059e+00
1.755073e+01 1.259921e-02 -5.849957e+00
1.755073e+01 1.360464e-02 -5.770779e+00
1.755073e+01 1.469030e-02 -5.650108e+00
1.755073e+01 1.586261e-02 -5.488236e+00
1.755073e+01 1.712846e-02 -5.287082e+00
1.755073e+01 1.849533e-02 -5.049818e+00
1.755073e+01 1.997127e-02 -4.783288e+00
1.755073e+01 2.156500e-02 -4.496650e+00
1.755073e+01 2.328591e-02 -4.198745e+00
1.755073e+01 2.514415e-02 -3.901720e+00
1.755073e+01 2.715068e-02 -3.618543e+00
1.755073e+01 2.931733e-02 -3.358948e+00
1.755073e+01 3.165689e-02 -3.130070e+00
1.755073e+01 3.418314e-02 -2.936203e+00
1.755073e+01 3.691099e-02 -2.774350e+00
1.755073e+01 3.985652e-02 -2.634709e+00
1.755073e+01 4.303711e-02 -2.500835e+00
1.755073e+01 4.647152e-02 -2.352765e+00
1.755073e+01 5.017999e-02 -2.173526e+00
1.755073e+01 5.418441e-02 -2.003351e+00
1.755073e+01 5.850838e-02 -1.891530e+00
1.755073e+01 6.317741e-02 -1.770785e+00
1.755073e+01 6.821903e-02 -1.640405e+00
1.755073e+01 7.366298e-02 -1.501432e+00
1.755073e+01 7.954136e-02 -1.369868e+00
1.755073e+01 8.588885e-02 -1.227806e+00
1.755073e+01 9.274286e-02 -1.074407e+00
1.755073e+01 1.001438e-01 -9.087666e-01
1.755073e+01 1.081354e-01 -8.092975e-01
1.755073e+01 1.167647e-01 -7.397676e-01
1.755073e+01 1.260827e-01 -6.646891e-01
1.755073e+01 1.361442e-01 -5.836193e-01
1.755073e+01 1.470087e-01 -5.050866e-01
1.755073e+01 1.587401e-01 -4.586533e-01
1.755073e+01 1.714077e-01 -4.085146e-01
1.755073e+01 1.850862e-01 -3.543748e-01
1.755073e+01 1.998563e-01 -2.959145e-01
1.755073e+01 2.158051e-01 -2.634070e-01
1.755073e+01 2.330265e-01 -2.344211e-01
1.755073e+01 2.516223e-01 -2.031221e-01
1.755073e+01 2.717020e-01 -1.693254e-01
1.755073e+01 2.933841e-01 -1.431804e-01
1.755073e+01 3.167964e-01 -1.281014e-01
1.755073e+01 3.420771e-01 -1.118192e-01
1.755073e+01 3.693752e-01 -9.423756e-02
1.755073e+01 3.988518e-01 -7.610584e-02
1.755073e+01 4.306805e-01 -6.849068e-02
1.755073e+01 4.650493e-01 -6.026783e-02
1.755073e+01 5.021607e-01 -5.138879e-02
1.755073e+01 5.422336e-01 -4.180120e-02
1.755073e+01 5.855044e-01 -3.604629e-02
1.755073e+01 6.322283e-01 -3.197475e-02
1.755073e+01 6.826808e-01 -2.757830e-02
1.755073e+01 7.371594e-01 -2.283100e-02
1.755073e+01 7.959855e-01 -1.873945e-02
1.755073e+01 8.595059e-01 -1.675583e-02
1.755073e+01 9.280954e-01 -1.461391e-02
1.755073e+01 1.002158e+00 -1.230106e-02
1.755073e+01 1.082132e+00 -9.803648e-03
1.755073e+01 1.168487e+00 -8.713954e-03
1.755073e+01 1.261733e+00 -7.674171e-03
1.755073e+01 1.362421e+00 -6.551412e-03
1.755073e+01 1.471144e+00 -5.339056e-03
1.755073e+01 1.588542e+00 -4.468213e-03
1.755073e+01 1.715310e+00 -3.911590e-03
1.755073e+01 1.852193e+00 -3.310547e-03
1.755073e+01 2.000000e+00 -2.661541e-03
1.792175e+01 1.000000e-03 -9.695296e-01
1.792175e+01 1.079801e-03 -1.040340e+00
1.792175e+01 1.165970e-03 -1.115721e+00
1.792175e+01 1.259016e-03 -1.195839e+00
1.792175e+01 1.359487e-03 -1.280841e+00
1.792175e+01 1.467975e-03 -1.370855e+00
1.792175e+01 1.585121e-03 -1.465981e+00
1.792175e+01 1.711615e-03 -1.566284e+00
1.792175e+01 1.848204e-03 -1.671797e+00
1.792175e+01 1.995693e-03 -1.782515e+00
1.792175e+01 2.154951e-03 -1.898388e+00
1.792175e+01 2.326918e-03 -2.019318e+00
1.792175e+01 2.512609e-03 -2.145144e+00
1.792175e+01 2.713117e-03 -2.275639e+00
1.792175e+01 2.929627e-03 -2.410507e+00
1.792175e+01 3.163414e-03 -2.549336e+00
1.792175e+01 3.415858e-03 -2.691589e+00
1.792175e+01 3.688447e-03 -2.836629e+00
1.792175e+01 3.982789e-03 -2.983670e+00
1.792175e+01 4.300619e-03 -3.131773e+00
1.792175e+01 4.643813e-03 -3.279876e+00
1.792175e+01 5.014394e-03 -3.426722e+00
1.792175e+01 5.414548e-03 -3.570863e+00
1.792175e+01 5.846635e-03 -3.710719e+00
1.792175e+01 6.313202e-03 -3.844461e+00
1.792175e+01 6.817002e-03 -3.970041e+00
1.792175e+01 7.361006e-03 -4.085300e+00
1.792175e+01 7.948422e-03 -4.187822e+00
1.792175e+01 8.582714e-03 -4.274987e+00
1.792175e+01 9.267624e-03 -4.344190e+00
1.792175e+01 1.000719e-02 -4.392666e+00
1.792175e+01 1.080577e-02 -4.417622e+00
1.792175e+01 1.166809e-02 -4.416557e+00
1.792175e+01 1.259921e-02 -4.387236e+00
1.792175e+01 1.360464e-02 -4.327860e+00
1.792175e+01 1.469030e-02 -4.237365e+00
1.792175e+01 1.586261e-02 -4.115970e+00
1.792175e+01 1.712846e-02 -3.965114e+00
1.792175e+01 1.849533e-02 -3.787177e+00
1.792175e+01 1.997127e-02 -3.587291e+00
1.792175e+01 2.156500e-02 -3.372325e+00
1.792175e+01 2.328591e-02 -3.148908e+00
1.792175e+01 2.514415e-02 -2.926150e+00
1.792175e+01 2.715068e-02 -2.713778e+00
1.792175e+01 2.931733e-02 -2.519092e+00
1.792175e+01 3.165689e-02 -2.347442e+00
1.792175e+01 3.418314e-02 -2.202049e+00
1.792175e+01 3.691099e-02 -2.080664e+00
1.792175e+01 3.985652e-02 -1.975939e+00
1.792175e+01 4.303711e-02 -1.875538e+00
1.792175e+01 4.647152e-02 -1.764491e+00
1.792175e+01 5.017999e-02 -1.630067e+00
1.792175e+01 5.418441e-02 -1.502697e+00
1.792175e+01 5.850838e-02 -1.419543e+00
1.792175e+01 6.317741e-02 -1.329754e+00
1.792175e+01 6.821903e-02 -1.232799e+00
1.792175e+01 7.366298e-02 -1.129259e+00
1.792175e+01 7.954136e-02 -1.029215e+00
1.792175e+01 8.588885e-02 -9.211883e-01
1.792175e+01 9.274286e-02 -8.045405e-01
1.792175e+01 1.001438e-01 -6.785840e-01
1.792175e+01 1.081354e-01 -6.039493e-01
1.792175e+01 1.167647e-01 -5.526399e-01
1.792175e+01 1.260827e-01 -4.972359e-01
1.792175e+01 1.361442e-01 -4.374107e-01
1.792175e+01 1.470087e-01 -3.794224e-01
1.792175e+01 1.587401e-01 -3.449687e-01
1.792175e+01 1.714077e-01 -3.077655e-01
1.792175e+01 1.850862e-01 -2.675934e-01
1.792175e+01 1.998563e-01 -2.242156e-01
1.792175e+01 2.158051e-01 -1.995724e-01
1.792175e+01 2.330265e-01 -1.773962e-01
1.792175e+01 2.516223e-01 -1.534503e-01
1.792175e+01 2.717020e-01 -1.275935e-01
1.792175e+01 2.933841e-01 -1.076968e-01
1.792175e+01 3.167964e-01 -9.640938e-02
1.792175e+01 3.420771e-01 -8.422125e-02
1.792175e+01 3.693752e-01 -7.106050e-02
1.792175e+01 3.988518e-01 -5.748618e-02
1.792175e+01 4.306805e-01 -5.175906e-02
1.792175e+01 4.650493e-01 -4.557491e-02
1.792175e+01 5.021607e-01 -3.889726e-02
1.792175e+01 5.422336e-01 -3.168672e-02
1.792175e+01 5.855044e-01 -2.736673e-02
1.792175e+01 6.322283e-01 -2.431716e-02
1.792175e+01 6.826808e-01 -2.102423e-02
1.792175e+01 7.371594e-01 -1.746853e-02
1.792175e+01 7.959855e-01 -1.439808e-02
1.792175e+01 8.595059e-01 -1.289213e-02
1.792175e+01 9.280954e-01 -1.126600e-02
1.792175e+01 1.002158e+00 -9.510109e-03
1.792175e+01 1.082132e+00 -7.614094e-03
1.792175e+01 1.168487e+00 -6.778400e-03
1.792175e+01 1.261733e+00 -5.979210e-03
1.792175e+01 1.362421e+00 -5.116244e-03
1.792175e+01 1.471144e+00 -4.184412e-03
1.792175e+01 1.588542e+00 -3.512436e-03
1.792175e+01 1.715310e+00 -3.079457e-03
1.792175e+01 1.852193e+00 -2.611926e-03
1.792175e+01 2.000000e+00 -2.107086e-03
1.830018e+01 1.000000e-03 -7.144083e-01
1.830018e+01 1.079801e-03 -7.666028e-01
1.830018e+01 1.165970e-03 -8.221683e-01
1.830018e+01 1.259016e-03 -8.812295e-01
1.830018e+01 1.359487e-03 -9.438943e-01
1.830018e+01 1.467975e-03 -1.010257e+00
1.830018e+01 1.585121e-03 -1.080391e+00
1.830018e+01 1.711615e-03 -1.154345e+00
1.830018e+01 1.848204e-03 -1.232143e+00
1.830018e+01 1.995693e-03 -1.313778e+00
1.830018e+01 2.154951e-03 -1.399214e+00
1.830018e+01 2.326918e-03 -1.488377e+00
1.830018e+01 2.512609e-03 -1.581148e+00
1.830018e+01 2.713117e-03 -1.677359e+00
1.830018e+01 2.929627e-03 -1.776792e+00
1.830018e+01 3.163414e-03 -1.879142e+00
1.830018e+01 3.415858e-03 -1.984017e+00
1.830018e+01 3.688447e-03 -2.090946e+00
1.830018e+01 3.982789e-03 -2.199351e+00
1.830018e+01 4.300619e-03 -2.308540e+00
1.830018e+01 4.643813e-03 -2.417726e+00
1.830018e+01 5.014394e-03 -2.525984e+00
1.830018e+01 5.414548e-03 -2.632248e+00
1.830018e+01 5.846635e-03 -2.735352e+00
1.830018e+01 6.313202e-03 -2.833950e+00
1.830018e+01 6.817002e-03 -2.926530e+00
1.830018e+01 7.361006e-03 -3.011502e+00
1.830018e+01 7.948422e-03 -3.087083e+00
1.830018e+01 8.582714e-03 -3.151343e+00
1.830018e+01 9.267624e-03 -3.202362e+00
1.830018e+01 1.000719e-02 -3.238101e+00
1.830018e+01 1.080577e-02 -3.256502e+00
1.830018e+01 1.166809e-02 -3.255720e+00
1.830018e+01 1.259921e-02 -3.234110e+00
1.830018e+01 1.360464e-02 -3.190343e+00
1.830018e+01 1.469030e-02 -3.123636e+00
1.830018e+01 1.586261e-02 -3.034149e+00
1.830018e+01 1.712846e-02 -2.922946e+00
1.830018e+01 1.849533e-02 -2.791778e+00
1.830018e+01 1.997127e-02 -2.644430e+00
1.830018e+01 2.156500e-02 -2.485965e+00
1.830018e+01 2.328591e-02 -2.321271e+00
1.830018e+01 2.514415e-02 -2.157062e+00
1.830018e+01 2.715068e-02 -2.000509e+00
1.830018e+01 2.931733e-02 -1.856992e+00
1.830018e+01 3.165689e-02 -1.730458e+00
1.830018e+01 3.418314e-02 -1.623279e+00
1.830018e+01 3.691099e-02 -1.533798e+00
1.830018e+01 3.985652e-02 -1.456598e+00
1.830018e+01 4.303711e-02 -1.382586e+00
1.830018e+01 4.647152e-02 -1.300725e+00
1.830018e+01 5.017999e-02 -1.201633e+00
1.830018e+01 5.418441e-02 -1.108601e+00
1.830018e+01 5.850838e-02 -1.049703e+00
1.830018e+01 6.317741e-02 -9.861048e-01
1.830018e+01 6.821903e-02 -9.174312e-01
1.830018e+01 7.366298e-02 -8.437488e-01
1.830018e+01 7.954136e-02 -7.690008e-01
1.830018e+01 8.588885e-02 -6.882878e-01
1.830018e+01 9.274286e-02 -6.011339e-01
1.830018e+01 1.001438e-01 -5.070249e-01
1.830018e+01 1.081354e-01 -4.512332e-01
1.830018e+01 1.167647e-01 -4.128534e-01
1.830018e+01 1.260827e-01 -3.714109e-01
1.830018e+01 1.361442e-01 -3.266612e-01
1.830018e+01 1.470087e-01 -2.833353e-01
1.830018e+01 1.587401e-01 -2.578290e-01
1.830018e+01 1.714077e-01 -2.302873e-01
1.830018e+01 1.850862e-01 -2.005477e-01
1.830018e+01 1.998563e-01 -1.684349e-01
1.830018e+01 2.158051e-01 -1.499745e-01
1.830018e+01 2.330265e-01 -1.332797e-01
1.830018e+01 2.516223e-01 -1.152526e-01
1.830018e+01 2.717020e-01 -9.578694e-02
1.830018e+01 2.933841e-01 -8.085242e-02
1.830018e+01 3.167964e-01 -7.245911e-02
1.830018e+01 3.420771e-01 -6.339600e-02
1.830018e+01 3.693752e-01 -5.360965e-02
1.830018e+01 3.988518e-01 -4.351134e-02
1.830018e+01 4.306805e-01 -3.918564e-02
1.830018e+01 4.650493e-01 -3.451475e-02
1.830018e+01 5.021607e-01 -2.947112e-02
1.830018e+01 5.422336e-01 -2.402500e-02
1.830018e+01 5.855044e-01 -2.077711e-02
1.830018e+01 6.322283e-01 -1.849696e-02
1.830018e+01 6.826808e-01 -1.603485e-02
1.830018e+01 7.371594e-01 -1.337627e-02
1.830018e+01 7.959855e-01 -1.107248e-02
1.830018e+01 8.595059e-01 -9.918936e-03
1.830018e+01 9.280954e-01 -8.673340e-03
1.830018e+01 1.002158e+00 -7.328344e-03
1.830018e+01 1.082132e+00 -5.876017e-03
1.830018e+01 1.168487e+00 -5.235506e-03
1.830018e+01 1.261733e+00 -4.622895e-03
1.830018e+01 1.362421e+00 -3.961397e-03
1.830018e+01 1.471144e+00 -3.247111e-03
1.830018e+01 1.588542e+00 -2.731090e-03
1.830018e+01 1.715310e+00 -2.397383e-03
1.830018e+01 1.852193e+00 -2.037047e-03
1.830018e+01 2.000000e+00 -1.647955e-03
1.868618e+01 1.000000e-03 -5.474049e-01
1.868618e+01 1.079801e-03 -5.874112e-01
1.868618e+01 1.165970e-03 -6.300035e-01
1.868618e+01 1.259016e-03 -6.752777e-01
1.868618e+01 1.359487e-03 -7.233170e-01
1.868618e+01 1.467975e-03 -7.741937e-01
1.868618e+01 1.585121e-03 -8.279640e-01
1.868618e+01 1.711615e-03 -8.846650e-01
1.868618e+01 1.848204e-03 -9.443142e-01
1.868618e+01 1.995693e-03 -1.006907e+00
1.868618e+01 2.154951e-03 -1.072414e+00
1.868618e+01 2.326918e-03 -1.140777e+00
1.868618e+01 2.512609e-03 -1.211904e+00
1.868618e+01 2.713117e-03 -1.285667e+00
1.868618e+01 2.929627e-03 -1.361899e+00
1.868618e+01 3.163414e-03 -1.440366e+00
1.868618e+01 3.415858e-03 -1.520767e+00
1.868618e+01 3.688447e-03 -1.602743e+00
1.868618e+01 3.982789e-03 -1.685851e+00
1.868618e+01 4.300619e-03 -1.769560e+00
1.868618e+01 4.643813e-03 -1.853266e+00
1.868618e+01 5.014394e-03 -1.936259e+00
1.868618e+01 5.414548e-03 -2.017723e+00
1.868618e+01 5.846635e-03 -2.096765e+00
1.868618e+01 6.313202e-03 -2.172352e+00
1.868618e+01 6.817002e-03 -2.243326e+00
1.868618e+01 7.361006e-03 -2.308467e+00
1.868618e+01 7.948422e-03 -2.366409e+00
1.868618e+01 8.582714e-03 -2.415673e+00
1.868618e+01 9.267624e-03 -2.454785e+00
1.868618e+01 1.000719e-02 -2.482185e+00
1.868618e+01 1.080577e-02 -2.496293e+00
1.868618e+01 1.166809e-02 -2.495697e+00
1.868618e+01 1.259921e-02 -2.479134e+00
1.868618e+01 1.360464e-02 -2.445587e+00
1.868618e+01 1.469030e-02 -2.394453e+00
1.868618e+01 1.586261e-02 -2.325859e+00
1.868618e+01 1.712846e-02 -2.240616e+00
1.868618e+01 1.849533e-02 -2.140069e+00
1.868618e+01 1.997127e-02 -2.027119e+00
1.868618e+01 2.156500e-02 -1.905647e+00
1.868618e+01 2.328591e-02 -1.779399e+00
1.868618e+01 2.514415e-02 -1.653523e+00
1.868618e+01 2.715068e-02 -1.533516e+00
1.868618e+01 2.931733e-02 -1.423502e+00
1.868618e+01 3.165689e-02 -1.326505e+00
1.868618e+01 3.418314e-02 -1.244346e+00
1.868618e+01 3.691099e-02 -1.175753e+00
1.868618e+01 3.985652e-02 -1.116574e+00
1.868618e+01 4.303711e-02 -1.059839e+00
1.868618e+01 4.647152e-02 -9.970881e-01
1.868618e+01 5.017999e-02 -9.211276e-01
1.868618e+01 5.418441e-02 -8.481950e-01
1.868618e+01 5.850838e-02 -7.985403e-01
1.868618e+01 6.317741e-02 -7.449231e-01
1.868618e+01 6.821903e-02 -6.870272e-01
1.868618e+01 7.366298e-02 -6.255545e-01
1.868618e+01 7.954136e-02 -5.698291e-01
1.868618e+01 8.588885e-02 -5.096569e-01
1.868618e+01 9.274286e-02 -4.446828e-01
1.868618e+01 1.001438e-01 -3.745237e-01
1.868618e+01 1.081354e-01 -3.329545e-01
1.868618e+01 1.167647e-01 -3.043794e-01
1.868618e+01 1.260827e-01 -2.735240e-01
1.868618e+01 1.361442e-01 -2.402062e-01
1.868618e+01 1.470087e-01 -2.079917e-01
1.868618e+01 1.587401e-01 -1.892319e-01
1.868618e+01 1.714077e-01 -1.689750e-01
1.868618e+01 1.850862e-01 -1.471016e-01
1.868618e+01 1.998563e-01 -1.234827e-01
1.868618e+01 2.158051e-01 -1.100362e-01
1.868618e+01 2.330265e-01 -9.792497e-02
1.868618e+01 2.516223e-01 -8.484726e-02
1.868618e+01 2.717020e-01 -7.072594e-02
1.868618e+01 2.933841e-01 -5.983654e-02
1.868618e+01 3.167964e-01 -5.361793e-02
1.868618e+01 3.420771e-01 -4.690307e-02
1.868618e+01 3.693752e-01 -3.965236e-02
1.868618e+01 3.988518e-01 -3.217314e-02
1.868618e+01 4.306805e-01 -2.900787e-02
1.868618e+01 4.650493e-01 -2.559001e-02
1.868618e+01 5.021607e-01 -2.189940e-02
1.868618e+01 5.422336e-01 -1.791428e-02
1.868618e+01 5.855044e-01 -1.552480e-02
1.868618e+01 6.322283e-01 -1.383642e-02
1.868618e+01 6.826808e-01 -1.201330e-02
1.868618e+01 7.371594e-01 -1.004470e-02
1.868618e+01 7.959855e-01 -8.335879e-03
1.868618e+01 8.595059e-01 -7.471659e-03
1.868618e+01 9.280954e-01 -6.538474e-03
1.868618e+01 1.002158e+00 -5.530820e-03
1.868618e+01 1.082132e+00 -4.442754e-03
1.868618e+01 1.168487e+00 -3.963807e-03
1.868618e+01 1.261733e+00 -3.505915e-03
1.868618e+01 1.362421e+00 -3.011482e-03
1.868618e+01 1.471144e+00 -2.477592e-03
1.868618e+01 1.588542e+00 -2.088762e-03
1.868618e+01 1.715310e+00 -1.833210e-03
1.868618e+01 1.852193e+00 -1.557264e-03
1.868618e+01 2.000000e+00 -1.259298e-03
1.907991e+01 1.000000e-03 -4.058081e-01
1.907991e+01 1.079801e-03 -4.354756e-01
1.907991e+01 1.165970e-03 -4.670626e-01
1.907991e+01 1.259016e-03 -5.006403e-01
1.907991e+01 1.359487e-03 -5.362707e-01
1.907991e+01 1.467975e-03 -5.740076e-01
1.907991e+01 1.585121e-03 -6.138926e-01
1.907991e+01 1.711615e-03 -6.559531e-01
1.907991e+01 1.848204e-03 -7.002017e-01
1.907991e+01 1.995693e-03 -7.466346e-01
1.907991e+01 2.154951e-03 -7.952292e-01
1.907991e+01 2.326918e-03 -8.459418e-01
1.907991e+01 2.512609e-03 -8.987038e-01
1.907991e+01 2.713117e-03 -9.534197e-01
1.907991e+01 2.929627e-03 -1.009965e+00
1.907991e+01 3.163414e-03 -1.068167e+00
1.907991e+01 3.415858e-03 -1.127803e+00
1.907991e+01 3.688447e-03 -1.188608e+00
1.907991e+01 3.982789e-03 -1.250252e+00
1.907991e+01 4.300619e-03 -1.312342e+00
1.907991e+01 4.643813e-03 -1.374429e+00
1.907991e+01 5.014394e-03 -1.435987e+00
1.907991e+01 5.414548e-03 -1.496410e+00
1.907991e+01 5.846635e-03 -1.555036e+00
1.907991e+01 6.313202e-03 -1.611100e+00
1.907991e+01 6.817002e-03 -1.663742e+00
1.907991e+01 7.361006e-03 -1.712058e+00
1.907991e+01 7.948422e-03 -1.755035e+00
1.907991e+01 8.582714e-03 -1.791575e+00
1.907991e+01 9.267624e-03 -1.820585e+00
1.907991e+01 1.000719e-02 -1.840909e+00
1.907991e+01 1.080577e-02 -1.851375e+00
1.907991e+01 1.166809e-02 -1.850935e+00
1.907991e+01 1.259921e-02 -1.838652e+00
1.907991e+01 1.360464e-02 -1.813773e+00
1.907991e+01 1.469030e-02 -1.775852e+00
1.907991e+01 1.586261e-02 -1.724980e+00
1.907991e+01 1.712846e-02 -1.661761e+00
1.907991e+01 1.849533e-02 -1.587192e+00
1.907991e+01 1.997127e-02 -1.503423e+00
1.907991e+01 2.156500e-02 -1.413333e+00
1.907991e+01 2.328591e-02 -1.319701e+00
1.907991e+01 2.514415e-02 -1.226345e+00
1.907991e+01 2.715068e-02 -1.137341e+00
1.907991e+01 2.931733e-02 -1.055749e+00
1.907991e+01 3.165689e-02 -9.838108e-01
1.907991e+01 3.418314e-02 -9.228767e-01
1.907991e+01 3.691099e-02 -8.720047e-01
1.907991e+01 3.985652e-02 -8.281142e-01
1.907991e+01 4.303711e-02 -7.860364e-01
1.907991e+01 4.647152e-02 -7.394966e-01
1.907991e+01 5.017999e-02 -6.831600e-01
1.907991e+01 5.418441e-02 -6.278732e-01
1.907991e+01 5.850838e-02 -5.877162e-01
1.907991e+01 6.317741e-02 -5.443547e-01
1.907991e+01 6.821903e-02 -4.975330e-01
1.907991e+01 7.366298e-02 -4.482695e-01
1.907991e+01 7.954136e-02 -4.082961e-01
1.907991e+01 8.588885e-02 -3.651328e-01
1.907991e+01 9.274286e-02 -3.185250e-01
1.907991e+01 1.001438e-01 -2.681978e-01
1.907991e+01 1.081354e-01 -2.387744e-01
1.907991e+01 1.167647e-01 -2.188923e-01
1.907991e+01 1.260827e-01 -1.974236e-01
1.907991e+01 1.361442e-01 -1.742416e-01
1.907991e+01 1.470087e-01 -1.516866e-01
1.907991e+01 1.587401e-01 -1.378824e-01
1.907991e+01 1.714077e-01 -1.229767e-01
1.907991e+01 1.850862e-01 -1.068815e-01
1.907991e+01 1.998563e-01 -8.950181e-02
1.907991e+01 2.158051e-01 -7.967005e-02
1.907991e+01 2.330265e-01 -7.083838e-02
1.907991e+01 2.516223e-01 -6.130194e-02
1.907991e+01 2.717020e-01 -5.100448e-02
1.907991e+01 2.933841e-01 -4.309627e-02
1.907991e+01 3.167964e-01 -3.863797e-02
1.907991e+01 3.420771e-01 -3.382389e-02
1.907991e+01 3.693752e-01 -2.862564e-02
1.907991e+01 3.988518e-01 -2.326345e-02
1.907991e+01 4.306805e-01 -2.099247e-02
1.907991e+01 4.650493e-01 -1.854027e-02
1.907991e+01 5.021607e-01 -1.589238e-02
1.907991e+01 5.422336e-01 -1.303319e-02
1.907991e+01 5.855044e-01 -1.132414e-02
1.907991e+01 6.322283e-01 -1.012100e-02
1.907991e+01 6.826808e-01 -8.821855e-03
1.907991e+01 7.371594e-01 -7.419035e-03
1.907991e+01 7.959855e-01 -6.193501e-03
1.907991e+01 8.595059e-01 -5.550753e-03
1.907991e+01 9.280954e-01 -4.856712e-03
1.907991e+01 1.002158e+00 -4.107286e-03
1.907991e+01 1.082132e+00 -3.298055e-03
1.907991e+01 1.168487e+00 -2.943856e-03
1.907991e+01 1.261733e+00 -2.605647e-03
1.907991e+01 1.362421e+00 -2.240448e-03
1.907991e+01 1.471144e+00 -1.846106e-03
1.907991e+01 1.588542e+00 -1.558380e-03
1.907991e+01 1.715310e+00 -1.368592e-03
1.907991e+01 1.852193e+00 -1.163659e-03
1.907991e+01 2.000000e+00 -9.423721e-04
1.948151e+01 1.000000e-03 -2.935308e-01
1.948151e+01 1.079801e-03 -3.149971e-01
1.948151e+01 1.165970e-03 -3.378535e-01
1.948151e+01 1.259016e-03 -3.621518e-01
1.948151e+01 1.359487e-03 -3.879368e-01
1.948151e+01 1.467975e-03 -4.152478e-01
1.948151e+01 1.585121e-03 -4.441148e-01
1.948151e+01 1.711615e-03 -4.745575e-01
1.948151e+01 1.848204e-03 -5.065850e-01
1.948151e+01 1.995693e-03 -5.401939e-01
1.948151e+01 2.154951e-03 -5.753677e-01
1.948151e+01 2.326918e-03 -6.120739e-01
1.948151e+01 2.512609e-03 -6.502627e-01
1.948151e+01 2.713117e-03 -6.898647e-01
1.948151e+01 2.929627e-03 -7.307894e-01
1.948151e+01 3.163414e-03 -7.729124e-01
1.948151e+01 3.415858e-03 -8.160727e-01
1.948151e+01 3.688447e-03 -8.600789e-01
1.948151e+01 3.982789e-03 -9.046929e-01
1.948151e+01 4.300619e-03 -9.496290e-01
1.948151e+01 4.643813e-03 -9.945629e-01
1.948151e+01 5.014394e-03 -1.039113e+00
1.948151e+01 5.414548e-03 -1.082842e+00
1.948151e+01 5.846635e-03 -1.125270e+00
1.948151e+01 6.313202e-03 -1.165844e+00
1.948151e+01 6.817002e-03 -1.203942e+00
1.948151e+01 7.361006e-03 -1.238909e+00
1.948151e+01 7.948422e-03 -1.270011e+00
1.948151e+01 8.582714e-03 -1.296456e+00
1.948151e+01 9.267624e-03 -1.317451e+00
1.948151e+01 1.000719e-02 -1.332161e+00
1.948151e+01 1.080577e-02 -1.339736e+00
1.948151e+01 1.166809e-02 -1.339419e+00
1.948151e+01 1.259921e-02 -1.330531e+00
1.948151e+01 1.360464e-02 -1.312529e+00
1.948151e+01 1.469030e-02 -1.285088e+00
1.948151e+01 1.586261e-02 -1.248277e+00
1.948151e+01 1.712846e-02 -1.202530e+00
1.948151e+01 1.849533e-02 -1.148569e+00
1.948151e+01 1.997127e-02 -1.087950e+00
1.948151e+01 2.156500e-02 -1.022757e+00
1.948151e+01 2.328591e-02 -9.550010e-01
1.948151e+01 2.514415e-02 -8.874444e-01
1.948151e+01 2.715068e-02 -8.230369e-01
1.948151e+01 2.931733e-02 -7.639927e-01
1.948151e+01 3.165689e-02 -7.119350e-01
1.948151e+01 3.418314e-02 -6.678401e-01
1.948151e+01 3.691099e-02 -6.310265e-01
1.948151e+01 3.985652e-02 -5.992652e-01
1.948151e+01 4.303711e-02 -5.688155e-01
1.948151e+01 4.647152e-02 -5.351370e-01
1.948151e+01 5.017999e-02 -4.943690e-01
1.948151e+01 5.418441e-02 -4.539334e-01
1.948151e+01 5.850838e-02 -4.236840e-01
1.948151e+01 6.317741e-02 -3.910207e-01
1.948151e+01 6.821903e-02 -3.557509e-01
1.948151e+01 7.366298e-02 -3.187636e-01
1.948151e+01 7.954136e-02 -2.900286e-01
1.948151e+01 8.588885e-02 -2.590006e-01
1.948151e+01 9.274286e-02 -2.254964e-01
1.948151e+01 1.001438e-01 -1.893186e-01
1.948151e+01 1.081354e-01 -1.684842e-01
1.948151e+01 1.167647e-01 -1.546849e-01
1.948151e+01 1.260827e-01 -1.397844e-01
1.948151e+01 1.361442e-01 -1.236948e-01
1.948151e+01 1.470087e-01 -1.080123e-01
1.948151e+01 1.587401e-01 -9.828206e-02
1.948151e+01 1.714077e-01 -8.777529e-02
1.948151e+01 1.850862e-01 -7.643006e-02
1.948151e+01 1.998563e-01 -6.417948e-02
1.948151e+01 2.158051e-01 -5.717896e-02
1.948151e+01 2.330265e-01 -5.086374e-02
1.948151e+01 2.516223e-01 -4.404456e-02
1.948151e+01 2.717020e-01 -3.668119e-02
1.948151e+01 2.933841e-01 -3.101955e-02
1.948151e+01 3.167964e-01 -2.781567e-02
1.948151e+01 3.420771e-01 -2.435612e-02
1.948151e+01 3.693752e-01 -2.062050e-02
1.948151e+01 3.988518e-01 -1.676745e-02
1.948151e+01 4.306805e-01 -1.514125e-02
1.948151e+01 4.650493e-01 -1.338527e-02
1.948151e+01 5.021607e-01 -1.148917e-02
1.948151e+01 5.422336e-01 -9.441754e-03
1.948151e+01 5.855044e-01 -8.217103e-03
1.948151e+01 6.322283e-01 -7.354276e-03
1.948151e+01 6.826808e-01 -6.422594e-03
1.948151e+01 7.371594e-01 -5.416564e-03
1.948151e+01 7.959855e-01 -4.535181e-03
1.948151e+01 8.595059e-01 -4.065676e-03
1.948151e+01 9.280954e-01 -3.558704e-03
1.948151e+01 1.002158e+00 -3.011276e-03
1.948151e+01 1.082132e+00 -2.420162e-03
1.948151e+01 1.168487e+00 -2.161541e-03
1.948151e+01 1.261733e+00 -1.914617e-03
1.948151e+01 1.362421e+00 -1.647989e-03
1.948151e+01 1.471144e+00 -1.360083e-03
1.948151e+01 1.588542e+00 -1.149535e-03
1.948151e+01 1.715310e+00 -1.010030e-03
1.948151e+01 1.852193e+00 -8.593918e-04
1.948151e+01 2.000000e+00 -6.967328e-04
1.989114e+01 1.000000e-03 -2.113421e-01
1.989114e+01 1.079801e-03 -2.268029e-01
1.989114e+01 1.165970e-03 -2.432658e-01
1.989114e+01 1.259016e-03 -2.607684e-01
1.989114e+01 1.359487e-03 -2.793429e-01
1.989114e+01 1.467975e-03 -2.990177e-01
1.989114e+01 1.585121e-03 -3.198145e-01
1.989114e+01 1.711615e-03 -3.417474e-01
1.989114e+01 1.848204e-03 -3.648229e-01
1.989114e+01 1.995693e-03 -3.890382e-01
1.989114e+01 2.154951e-03 -4.143811e-01
1.989114e+01 2.326918e-03 -4.408279e-01
1.989114e+01 2.512609e-03 -4.683422e-01
1.989114e+01 2.713117e-03 -4.968739e-01
1.989114e+01 2.929627e-03 -5.263577e-01
1.989114e+01 3.163414e-03 -5.567041e-01
1.989114e+01 3.415858e-03 -5.877974e-01
1.989114e+01 3.688447e-03 -6.194999e-01
1.989114e+01 3.982789e-03 -6.516407e-01
1.989114e+01 4.300619e-03 -6.840133e-01
1.989114e+01 4.643813e-03 -7.163840e-01
1.989114e+01 5.014394e-03 -7.484780e-01
1.989114e+01 5.414548e-03 -7.799797e-01
1.989114e+01 5.846635e-03 -8.105447e-01
1.989114e+01 6.313202e-03 -8.397742e-01
1.989114e+01 6.817002e-03 -8.672197e-01
1.989114e+01 7.361006e-03 -8.924096e-01
1.989114e+01 7.948422e-03 -9.148157e-01
1.989114e+01 8.582714e-03 -9.338661e-01
1.989114e+01 9.267624e-03 -9.489918e-01
1.989114e+01 1.000719e-02 -9.595890e-01
1.989114e+01 1.080577e-02 -9.650471e-01
1.989114e+01 1.166809e-02 -9.648190e-01
1.989114e+01 1.259921e-02 -9.584173e-01
1.989114e+01 1.360464e-02 -9.454497e-01
1.989114e+01 1.469030e-02 -9.256845e-01
1.989114e+01 1.586261e-02 -8.991696e-01
1.989114e+01 1.712846e-02 -8.662185e-01
1.989114e+01 1.849533e-02 -8.273499e-01
1.989114e+01 1.997127e-02 -7.836850e-01
1.989114e+01 2.156500e-02 -7.367246e-01
1.989114e+01 2.328591e-02 -6.879178e-01
1.989114e+01 2.514415e-02 -6.392549e-01
1.989114e+01 2.715068e-02 -5.928603e-01
1.989114e+01 2.931733e-02 -5.503290e-01
1.989114e+01 3.165689e-02 -5.128302e-01
1.989114e+01 3.418314e-02 -4.810672e-01
1.989114e+01 3.691099e-02 -4.545491e-01
1.989114e+01 3.985652e-02 -4.316704e-01
1.989114e+01 4.303711e-02 -4.097365e-01
1.989114e+01 4.647152e-02 -3.854767e-01
1.989114e+01 5.017999e-02 -3.561103e-01
1.989114e+01 5.418441e-02 -3.267314e-01
1.989114e+01 5.850838e-02 -3.042405e-01
1.989114e+01 6.317741e-02 -2.799548e-01
1.989114e+01 6.821903e-02 -2.537311e-01
1.989114e+01 7.366298e-02 -2.262671e-01
1.989114e+01 7.954136e-02 -2.053144e-01
1.989114e+01 8.588885e-02 -1.826897e-01
1.989114e+01 9.274286e-02 -1.582595e-01
1.989114e+01 1.001438e-01 -1.318798e-01
1.989114e+01 1.081354e-01 -1.172043e-01
1.989114e+01 1.167647e-01 -1.079462e-01
1.989114e+01 1.260827e-01 -9.794936e-02
1.989114e+01 1.361442e-01 -8.715471e-02
1.989114e+01 1.470087e-01 -7.656612e-02
1.989114e+01 1.587401e-01 -6.967977e-02
1.989114e+01 1.714077e-01 -6.224387e-02
1.989114e+01 1.850862e-01 -5.421459e-02
1.989114e+01 1.998563e-01 -4.554456e-02
1.989114e+01 2.158051e-01 -4.054183e-02
1.989114e+01 2.330265e-01 -3.601059e-02
1.989114e+01 2.516223e-01 -3.111776e-02
1.989114e+01 2.717020e-01 -2.583447e-02
1.989114e+01 2.933841e-01 -2.180466e-02
1.989114e+01 3.167964e-01 -1.958218e-02
1.989114e+01 3.420771e-01 -1.718235e-02
1.989114e+01 3.693752e-01 -1.459100e-02
1.989114e+01 3.988518e-01 -1.191650e-02
1.989114e+01 4.306805e-01 -1.076269e-02
1.989114e+01 4.650493e-01 -9.516800e-03
1.989114e+01 5.021607e-01 -8.171490e-03
1.989114e+01 5.422336e-01 -6.718822e-03
1.989114e+01 5.855044e-01 -5.853642e-03
1.989114e+01 6.322283e-01 -5.247217e-03
1.989114e+01 6.826808e-01 -4.592398e-03
1.989114e+01 7.371594e-01 -3.885324e-03
1.989114e+01 7.959855e-01 -3.263540e-03
1.989114e+01 8.595059e-01 -2.925600e-03
1.989114e+01 9.280954e-01 -2.560692e-03
1.989114e+01 1.002158e+00 -2.166664e-03
1.989114e+01 1.082132e+00 -1.741192e-03
1.989114e+01 1.168487e+00 -1.555209e-03
1.989114e+01 1.261733e+00 -1.377674e-03
1.989114e+01 1.362421e+00 -1.185970e-03
1.989114e+01 1.471144e+00 -9.789691e-04
1.989114e+01 1.588542e+00 -8.280392e-04
1.989114e+01 1.715310e+00 -7.286206e-04
1.989114e+01 1.852193e+00 -6.212684e-04
1.989114e+01 2.000000e+00 -5.053493e-04
2.030896e+01 1.000000e-03 -1.465980e-01
2.030896e+01 1.079801e-03 -1.573260e-01
2.030896e+01 1.165970e-03 -1.687500e-01
2.030896e+01 1.259016e-03 -1.808961e-01
2.030896e+01 1.359487e-03 -1.937868e-01
2.030896e+01 1.467975e-03 -2.074420e-01
2.030896e+01 1.585121e-03 -2.218766e-01
2.030896e+01 1.711615e-03 -2.371005e-01
2.030896e+01 1.848204e-03 -2.531179e-01
2.030896e+01 1.995693e-03 -2.699270e-01
2.030896e+01 2.154951e-03 -2.875188e-01
2.030896e+01 2.326918e-03 -3.058767e-01
2.030896e+01 2.512609e-03 -3.249753e-01
2.030896e+01 2.713117e-03 -3.447795e-01
2.030896e+01 2.929627e-03 -3.652439e-01
2.030896e+01 3.163414e-03 -3.863065e-01
2.030896e+01 3.415858e-03 -4.078872e-01
2.030896e+01 3.688447e-03 -4.298907e-01
2.030896e+01 3.982789e-03 -4.521984e-01
2.030896e+01 4.300619e-03 -4.746671e-01
2.030896e+01 4.643813e-03 -4.971343e-01
2.030896e+01 5.014394e-03 -5.194090e-01
2.030896e+01 5.414548e-03 -5.412726e-01
2.030896e+01 5.846635e-03 -5.624860e-01
2.030896e+01 6.313202e-03 -5.827726e-01
2.030896e+01 6.817002e-03 -6.018209e-01
2.030896e+01 7.361006e-03 -6.193038e-01
2.030896e+01 7.948422e-03 -6.348546e-01
2.030896e+01 8.582714e-03 -6.480765e-01
2.030896e+01 9.267624e-03 -6.585747e-01
2.030896e+01 1.000719e-02 -6.659302e-01
2.030896e+01 1.080577e-02 -6.697189e-01
2.030896e+01 1.166809e-02 -6.695609e-01
2.030896e+01 1.259921e-02 -6.651181e-01
2.030896e+01 1.360464e-02 -6.561189e-01
2.030896e+01 1.469030e-02 -6.424030e-01
2.030896e+01 1.586261e-02 -6.240036e-01
2.030896e+01 1.712846e-02 -6.011376e-01
2.030896e+01 1.849533e-02 -5.741645e-01
2.030896e+01 1.997127e-02 -5.438623e-01
2.030896e+01 2.156500e-02 -5.112728e-01
2.030896e+01 2.328591e-02 -4.774020e-01
2.030896e+01 2.514415e-02 -4.436310e-01
2.030896e+01 2.715068e-02 -4.114342e-01
2.030896e+01 2.931733e-02 -3.819183e-01
2.030896e+01 3.165689e-02 -3.558949e-01
2.030896e+01 3.418314e-02 -3.338519e-01
2.030896e+01 3.691099e-02 -3.154489e-01
2.030896e+01 3.985652e-02 -2.995715e-01
2.030896e+01 4.303711e-02 -2.843497e-01
2.030896e+01 4.647152e-02 -2.675139e-01
2.030896e+01 5.017999e-02 -2.471341e-01
2.030896e+01 5.418441e-02 -2.265399e-01
2.030896e+01 5.850838e-02 -2.103585e-01
2.030896e+01 6.317741e-02 -1.928858e-01
2.030896e+01 6.821903e-02 -1.740188e-01
2.030896e+01 7.366298e-02 -1.543153e-01
2.030896e+01 7.954136e-02 -1.398719e-01
2.030896e+01 8.588885e-02 -1.242759e-01
2.030896e+01 9.274286e-02 -1.074354e-01
2.030896e+01 1.001438e-01 -8.925091e-02
2.030896e+01 1.081354e-01 -7.944551e-02
2.030896e+01 1.167647e-01 -7.354762e-02
2.030896e+01 1.260827e-01 -6.717908e-02
2.030896e+01 1.361442e-01 -6.030232e-02
2.030896e+01 1.470087e-01 -5.350039e-02
2.030896e+01 1.587401e-01 -4.881205e-02
2.030896e+01 1.714077e-01 -4.374958e-02
2.030896e+01 1.850862e-01 -3.828311e-02
2.030896e+01 1.998563e-01 -3.238042e-02
2.030896e+01 2.158051e-01 -2.879760e-02
2.030896e+01 2.330265e-01 -2.548634e-02
2.030896e+01 2.516223e-01 -2.191084e-02
2.030896e+01 2.717020e-01 -1.805001e-02
2.030896e+01 2.933841e-01 -1.515016e-02
2.030896e+01 3.167964e-01 -1.363181e-02
2.030896e+01 3.420771e-01 -1.199229e-02
2.030896e+01 3.693752e-01 -1.022194e-02
2.030896e+01 3.988518e-01 -8.393423e-03
2.030896e+01 4.306805e-01 -7.584722e-03
2.030896e+01 4.650493e-01 -6.711486e-03
2.030896e+01 5.021607e-01 -5.768565e-03
2.030896e+01 5.422336e-01 -4.750398e-03
2.030896e+01 5.855044e-01 -4.141208e-03
2.030896e+01 6.322283e-01 -3.711854e-03
2.030896e+01 6.826808e-01 -3.248238e-03
2.030896e+01 7.371594e-01 -2.747624e-03
2.030896e+01 7.959855e-01 -2.307667e-03
2.030896e+01 8.595059e-01 -2.069336e-03
2.030896e+01 9.280954e-01 -1.811986e-03
2.030896e+01 1.002158e+00 -1.534099e-03
2.030896e+01 1.082132e+00 -1.234037e-03
2.030896e+01 1.168487e+00 -1.102166e-03
2.030896e+01 1.261733e+00 -9.761363e-04
2.030896e+01 1.362421e+00 -8.400489e-04
2.030896e+01 1.471144e+00 -6.931017e-04
2.030896e+01 1.588542e+00 -5.865126e-04
2.030896e+01 1.715310e+00 -5.170199e-04
2.030896e+01 1.852193e+00 -4.419817e-04
2.030896e+01 2.000000e+00 -3.609553e-04
2.073514e+01 1.000000e-03 -9.706552e-02
2.073514e+01 1.079801e-03 -1.041711e-01
2.073514e+01 1.165970e-03 -1.117381e-01
2.073514e+01 1.259016e-03 -1.197839e-01
2.073514e+01 1.359487e-03 -1.283235e-01
2.073514e+01 1.467975e-03 -1.373700e-01
2.073514e+01 1.585121e-03 -1.469334e-01
2.073514e+01 1.711615e-03 -1.570202e-01
2.073514e+01 1.848204e-03 -1.676331e-01
2.073514e+01 1.995693e-03 -1.787709e-01
2.073514e+01 2.154951e-03 -1.904274e-01
2.073514e+01 2.326918e-03 -2.025915e-01
2.073514e+01 2.512609e-03 -2.152460e-01
2.073514e+01 2.713117e-03 -2.283678e-01
2.073514e+01 2.929627e-03 -2.419265e-01
2.073514e+01 3.163414e-03 -2.558812e-01
2.073514e+01 3.415858e-03 -2.701788e-01
2.073514e+01 3.688447e-03 -2.847567e-01
2.073514e+01 3.982789e-03 -2.995361e-01
2.073514e+01 4.300619e-03 -3.144221e-01
2.073514e+01 4.643813e-03 -3.293069e-01
2.073514e+01 5.014394e-03 -3.440642e-01
2.073514e+01 5.414548e-03 -3.585489e-01
2.073514e+01 5.846635e-03 -3.726029e-01
2.073514e+01 6.313202e-03 -3.860428e-01
2.073514e+01 6.817002e-03 -3.986625e-01
2.073514e+01 7.361006e-03 -4.102449e-01
2.073514e+01 7.948422e-03 -4.205473e-01
2.073514e+01 8.582714e-03 -4.293070e-01
2.073514e+01 9.267624e-03 -4.362623e-01
2.073514e+01 1.000719e-02 -4.411357e-01
2.073514e+01 1.080577e-02 -4.436461e-01
2.073514e+01 1.166809e-02 -4.435416e-01
2.073514e+01 1.259921e-02 -4.405984e-01
2.073514e+01 1.360464e-02 -4.346370e-01
2.073514e+01 1.469030e-02 -4.255516e-01
2.073514e+01 1.586261e-02 -4.133640e-01
2.073514e+01 1.712846e-02 -3.982176e-01
2.073514e+01 1.849533e-02 -3.803502e-01
2.073514e+01 1.997127e-02 -3.602770e-01
2.073514e+01 2.156500e-02 -3.386885e-01
2.073514e+01 2.328591e-02 -3.162512e-01
2.073514e+01 2.514415e-02 -2.938800e-01
2.073514e+01 2.715068e-02 -2.725515e-01
2.073514e+01 2.931733e-02 -2.529990e-01
2.073514e+01 3.165689e-02 -2.357600e-01
2.073514e+01 3.418314e-02 -2.211579e-01
2.073514e+01 3.691099e-02 -2.089669e-01
2.073514e+01 3.985652e-02 -1.984490e-01
2.073514e+01 4.303711e-02 -1.883655e-01
2.073514e+01 4.647152e-02 -1.772127e-01
2.073514e+01 5.017999e-02 -1.637123e-01
2.073514e+01 5.418441e-02 -1.499010e-01
2.073514e+01 5.850838e-02 -1.387120e-01
2.073514e+01 6.317741e-02 -1.266300e-01
2.073514e+01 6.821903e-02 -1.135839e-01
2.073514e+01 7.366298e-02 -1.000335e-01
2.073514e+01 7.954136e-02 -9.088330e-02
2.073514e+01 8.588885e-02 -8.100289e-02
2.073514e+01 9.274286e-02 -7.033402e-02
2.073514e+01 1.001438e-01 -5.881376e-02
2.073514e+01 1.081354e-01 -5.264310e-02
2.073514e+01 1.167647e-01 -4.897092e-02
2.073514e+01 1.260827e-01 -4.500570e-02
2.073514e+01 1.361442e-01 -4.072405e-02
2.073514e+01 1.470087e-01 -3.644204e-02
2.073514e+01 1.587401e-01 -3.327233e-02
2.073514e+01 1.714077e-01 -2.984967e-02
2.073514e+01 1.850862e-01 -2.615388e-02
2.073514e+01 1.998563e-01 -2.216317e-02
2.073514e+01 2.158051e-01 -1.969352e-02
2.073514e+01 2.330265e-01 -1.739422e-02
2.073514e+01 2.516223e-01 -1.491144e-02
2.073514e+01 2.717020e-01 -1.223053e-02
2.073514e+01 2.933841e-01 -1.023345e-02
2.073514e+01 3.167964e-01 -9.217989e-03
2.073514e+01 3.420771e-01 -8.121495e-03
2.073514e+01 3.693752e-01 -6.937500e-03
2.073514e+01 3.988518e-01 -5.714438e-03
2.073514e+01 4.306805e-01 -5.171108e-03
2.073514e+01 4.650493e-01 -4.584420e-03
2.073514e+01 5.021607e-01 -3.950914e-03
2.073514e+01 5.422336e-01 -3.266853e-03
2.073514e+01 5.855044e-01 -2.854038e-03
2.073514e+01 6.322283e-01 -2.560121e-03
2.073514e+01 6.826808e-01 -2.242749e-03
2.073514e+01 7.371594e-01 -1.900051e-03
2.073514e+01 7.959855e-01 -1.597923e-03
2.073514e+01 8.595059e-01 -1.431498e-03
2.073514e+01 9.280954e-01 -1.251792e-03
2.073514e+01 1.002158e+00 -1.057746e-03
2.073514e+01 1.082132e+00 -8.482150e-04
2.073514e+01 1.168487e+00 -7.577754e-04
2.073514e+01 1.261733e+00 -6.716858e-04
2.073514e+01 1.362421e+00 -5.787262e-04
2.073514e+01 1.471144e+00 -4.783482e-04
2.073514e+01 1.588542e+00 -4.053642e-04
2.073514e+01 1.715310e+00 -3.575538e-04
2.073514e+01 1.852193e+00 -3.059280e-04
2.073514e+01 2.000000e+00 -2.501824e-04
2.116984e+01 1.000000e-03 -6.114577e-02
2.116984e+01 1.079801e-03 -6.562337e-02
2.116984e+01 1.165970e-03 -7.039204e-02
2.116984e+01 1.259016e-03 -7.546273e-02
2.116984e+01 1.359487e-03 -8.084496e-02
2.116984e+01 1.467975e-03 -8.654700e-02
2.116984e+01 1.585121e-03 -9.257522e-02
2.116984e+01 1.711615e-03 -9.893364e-02
2.116984e+01 1.848204e-03 -1.056240e-01
2.116984e+01 1.995693e-03 -1.126454e-01
2.116984e+01 2.154951e-03 -1.199939e-01
2.116984e+01 2.326918e-03 -1.276623e-01
2.116984e+01 2.512609e-03 -1.356398e-01
2.116984e+01 2.713117e-03 -1.439117e-01
2.116984e+01 2.929627e-03 -1.524587e-01
2.116984e+01 3.163414e-03 -1.612549e-01
2.116984e+01 3.415858e-03 -1.702673e-01
2.116984e+01 3.688447e-03 -1.794562e-01
2.116984e+01 3.982789e-03 -1.887722e-01
2.116984e+01 4.300619e-03 -1.981554e-01
2.116984e+01 4.643813e-03 -2.075378e-01
2.116984e+01 5.014394e-03 -2.168397e-01
2.116984e+01 5.414548e-03 -2.259697e-01
2.116984e+01 5.846635e-03 -2.348282e-01
2.116984e+01 6.313202e-03 -2.432996e-01
2.116984e+01 6.817002e-03 -2.512540e-01
2.116984e+01 7.361006e-03 -2.585546e-01
2.116984e+01 7.948422e-03 -2.650484e-01
2.116984e+01 8.582714e-03 -2.705698e-01
2.116984e+01 9.267624e-03 -2.749540e-01
2.116984e+01 1.000719e-02 -2.780261e-01
2.116984e+01 1.080577e-02 -2.796087e-01
2.116984e+01 1.166809e-02 -2.795430e-01
2.116984e+01 1.259921e-02 -2.776880e-01
2.116984e+01 1.360464e-02 -2.739308e-01
2.116984e+01 1.469030e-02 -2.682050e-01
2.116984e+01 1.586261e-02 -2.605243e-01
2.116984e+01 1.712846e-02 -2.509788e-01
2.116984e+01 1.849533e-02 -2.397181e-01
2.116984e+01 1.997127e-02 -2.270671e-01
2.116984e+01 2.156500e-02 -2.134609e-01
2.116984e+01 2.328591e-02 -1.993196e-01
2.116984e+01 2.514415e-02 -1.852201e-01
2.116984e+01 2.715068e-02 -1.717777e-01
2.116984e+01 2.931733e-02 -1.594547e-01
2.116984e+01 3.165689e-02 -1.485897e-01
2.116984e+01 3.418314e-02 -1.393866e-01
2.116984e+01 3.691099e-02 -1.317031e-01
2.116984e+01 3.985652e-02 -1.250741e-01
2.116984e+01 4.303711e-02 -1.187189e-01
2.116984e+01 4.647152e-02 -1.116898e-01
2.116984e+01 5.017999e-02 -1.031810e-01
2.116984e+01 5.418441e-02 -9.470157e-02
2.116984e+01 5.850838e-02 -8.827660e-02
2.116984e+01 6.317741e-02 -8.133891e-02
2.116984e+01 6.821903e-02 -7.384759e-02
2.116984e+01 7.366298e-02 -6.599619e-02
2.116984e+01 7.954136e-02 -5.994580e-02
2.116984e+01 8.588885e-02 -5.341258e-02
2.116984e+01 9.274286e-02 -4.635801e-02
2.116984e+01 1.001438e-01 -3.874047e-02
2.116984e+01 1.081354e-01 -3.468476e-02
2.116984e+01 1.167647e-01 -3.229478e-02
2.116984e+01 1.260827e-01 -2.971408e-02
2.116984e+01 1.361442e-01 -2.692743e-02
2.116984e+01 1.470087e-01 -2.413487e-02
2.116984e+01 1.587401e-01 -2.204153e-02
2.116984e+01 1.714077e-01 -1.978114e-02
2.116984e+01 1.850862e-01 -1.734037e-02
2.116984e+01 1.998563e-01 -1.470482e-02
2.116984e+01 2.158051e-01 -1.307705e-02
2.116984e+01 2.330265e-01 -1.156269e-02
2.116984e+01 2.516223e-01 -9.927471e-03
2.116984e+01 2.717020e-01 -8.161766e-03
2.116984e+01 2.933841e-01 -6.838926e-03
2.116984e+01 3.167964e-01 -6.152456e-03
2.116984e+01 3.420771e-01 -5.411204e-03
2.116984e+01 3.693752e-01 -4.610800e-03
2.116984e+01 3.988518e-01 -3.785099e-03
2.116984e+01 4.306805e-01 -3.434605e-03
2.116984e+01 4.650493e-01 -3.056141e-03
2.116984e+01 5.021607e-01 -2.647476e-03
2.116984e+01 5.422336e-01 -2.206199e-03
2.116984e+01 5.855044e-01 -1.934411e-03
2.116984e+01 6.322283e-01 -1.736330e-03
2.116984e+01 6.826808e-01 -1.522440e-03
2.116984e+01 7.371594e-01 -1.291483e-03
2.116984e+01 7.959855e-01 -1.087489e-03
2.116984e+01 8.595059e-01 -9.740336e-04
2.116984e+01 9.280954e-01 -8.515241e-04
2.116984e+01 1.002158e+00 -7.192383e-04
2.116984e+01 1.082132e+00 -5.763958e-04
2.116984e+01 1.168487e+00 -5.151574e-04
2.116984e+01 1.261733e+00 -4.569532e-04
2.116984e+01 1.362421e+00 -3.941042e-04
2.116984e+01 1.471144e+00 -3.262398e-04
2.116984e+01 1.588542e+00 -2.769860e-04
2.116984e+01 1.715310e+00 -2.448375e-04
2.116984e+01 1.852193e+00 -2.101236e-04
2.116984e+01 2.000000e+00 -1.726394e-04
2.161324e+01 1.000000e-03 -3.853452e-02
2.161324e+01 1.079801e-03 -4.135729e-02
2.161324e+01 1.165970e-03 -4.436373e-02
2.161324e+01 1.259016e-03 -4.756078e-02
2.161324e+01 1.359487e-03 -5.095446e-02
2.161324e+01 1.467975e-03 -5.455002e-02
2.161324e+01 1.585121e-03 -5.835147e-02
2.161324e+01 1.711615e-03 -6.236136e-02
2.161324e+01 1.848204e-03 -6.658077e-02
2.161324e+01 1.995693e-03 -7.100908e-02
2.161324e+01 2.154951e-03 -7.564378e-02
2.161324e+01 2.326918e-03 -8.048021e-02
2.161324e+01 2.512609e-03 -8.551148e-02
2.161324e+01 2.713117e-03 -9.072825e-02
2.161324e+01 2.929627e-03 -9.611838e-02
2.161324e+01 3.163414e-03 -1.016655e-01
2.161324e+01 3.415858e-03 -1.073488e-01
2.161324e+01 3.688447e-03 -1.131435e-01
2.161324e+01 3.982789e-03 -1.190183e-01
2.161324e+01 4.300619e-03 -1.249354e-01
2.161324e+01 4.643813e-03 -1.308520e-01
2.161324e+01 5.014394e-03 -1.367177e-01
2.161324e+01 5.414548e-03 -1.424751e-01
2.161324e+01 5.846635e-03 -1.480612e-01
2.161324e+01 6.313202e-03 -1.534033e-01
2.161324e+01 6.817002e-03 -1.584192e-01
2.161324e+01 7.361006e-03 -1.630229e-01
2.161324e+01 7.948422e-03 -1.671179e-01
2.161324e+01 8.582714e-03 -1.705997e-01
2.161324e+01 9.267624e-03 -1.733644e-01
2.161324e+01 1.000719e-02 -1.753018e-01
2.161324e+01 1.080577e-02 -1.762999e-01
2.161324e+01 1.166809e-02 -1.762586e-01
2.161324e+01 1.259921e-02 -1.750890e-01
2.161324e+01 1.360464e-02 -1.727201e-01
2.161324e+01 1.469030e-02 -1.691100e-01
2.161324e+01 1.586261e-02 -1.642675e-01
2.161324e+01 1.712846e-02 -1.582491e-01
2.161324e+01 1.849533e-02 -1.511492e-01
2.161324e+01 1.997127e-02 -1.431724e-01
2.161324e+01 2.156500e-02 -1.345934e-01
2.161324e+01 2.328591e-02 -1.256770e-01
2.161324e+01 2.514415e-02 -1.167868e-01
2.161324e+01 2.715068e-02 -1.083111e-01
2.161324e+01 2.931733e-02 -1.005410e-01
2.161324e+01 3.165689e-02 -9.369035e-02
2.161324e+01 3.418314e-02 -8.788750e-02
2.161324e+01 3.691099e-02 -8.304285e-02
2.161324e+01 3.985652e-02 -7.886306e-02
2.161324e+01 4.303711e-02 -7.485589e-02
2.161324e+01 4.647152e-02 -7.042382e-02
2.161324e+01 5.017999e-02 -6.505880e-02
2.161324e+01 5.418441e-02 -5.965806e-02
2.161324e+01 5.850838e-02 -5.545600e-02
2.161324e+01 6.317741e-02 -5.091861e-02
2.161324e+01 6.821903e-02 -4.601914e-02
2.161324e+01 7.366298e-02 -4.092356e-02
2.161324e+01 7.954136e-02 -3.741129e-02
2.161324e+01 8.588885e-02 -3.361874e-02
2.161324e+01 9.274286e-02 -2.952353e-02
2.161324e+01 1.001438e-01 -2.510153e-02
2.161324e+01 1.081354e-01 -2.261898e-02
2.161324e+01 1.167647e-01 -2.103200e-02
2.161324e+01 1.260827e-01 -1.931838e-02
2.161324e+01 1.361442e-01 -1.746802e-02
2.161324e+01 1.470087e-01 -1.561917e-02
2.161324e+01 1.587401e-01 -1.425829e-02
2.161324e+01 1.714077e-01 -1.278882e-02
2.161324e+01 1.850862e-01 -1.120207e-02
2.161324e+01 1.998563e-01 -9.488708e-03
2.161324e+01 2.158051e-01 -8.441065e-03
2.161324e+01 2.330265e-01 -7.470104e-03
2.161324e+01 2.516223e-01 -6.421660e-03
2.161324e+01 2.717020e-01 -5.289548e-03
2.161324e+01 2.933841e-01 -4.444156e-03
2.161324e+01 3.167964e-01 -4.010520e-03
2.161324e+01 3.420771e-01 -3.542280e-03
2.161324e+01 3.693752e-01 -3.036674e-03
2.161324e+01 3.988518e-01 -2.514132e-03
2.161324e+01 4.306805e-01 -2.278288e-03
2.161324e+01 4.650493e-01 -2.023623e-03
2.161324e+01 5.021607e-01 -1.748635e-03
2.161324e+01 5.422336e-01 -1.451703e-03
2.161324e+01 5.855044e-01 -1.271763e-03
2.161324e+01 6.322283e-01 -1.143025e-03
2.161324e+01 6.826808e-01 -1.004013e-03
2.161324e+01 7.371594e-01 -8.539077e-04
2.161324e+01 7.959855e-01 -7.209270e-04
2.161324e+01 8.595059e-01 -6.458156e-04
2.161324e+01 9.280954e-01 -5.647104e-04
2.161324e+01 1.002158e+00 -4.771328e-04
2.161324e+01 1.082132e+00 -3.825665e-04
2.161324e+01 1.168487e+00 -3.420256e-04
2.161324e+01 1.261733e+00 -3.034937e-04
2.161324e+01 1.362421e+00 -2.618869e-04
2.161324e+01 1.471144e+00 -2.169598e-04
2.161324e+01 1.588542e+00 -1.843283e-04
2.161324e+01 1.715310e+00 -1.629971e-04
2.161324e+01 1.852193e+00 -1.399637e-04
2.161324e+01 2.000000e+00 -1.150922e-04
2.206550e+01 1.000000e-03 -2.476917e-02
2.206550e+01 1.079801e-03 -2.658420e-02
2.206550e+01 1.165970e-03 -2.851744e-02
2.206550e+01 1.259016e-03 -3.057338e-02
2.206550e+01 1.359487e-03 -3.275591e-02
2.206550e+01 1.467975e-03 -3.506842e-02
2.206550e+01 1.585121e-03 -3.751350e-02
2.206550e+01 1.711615e-03 -4.009277e-02
2.206550e+01 1.848204e-03 -4.280694e-02
2.206550e+01 1.995693e-03 -4.565558e-02
2.206550e+01 2.154951e-03 -4.863704e-02
2.206550e+01 2.326918e-03 -5.174826e-02
2.206550e+01 2.512609e-03 -5.498477e-02
2.206550e+01 2.713117e-03 -5.834052e-02
2.206550e+01 2.929627e-03 -6.180767e-02
2.206550e+01 3.163414e-03 -6.537570e-02
2.206550e+01 3.415858e-03 -6.903122e-02
2.206550e+01 3.688447e-03 -7.275834e-02
2.206550e+01 3.982789e-03 -7.653702e-02
2.206550e+01 4.300619e-03 -8.034292e-02
2.206550e+01 4.643813e-03 -8.414845e-02
2.206550e+01 5.014394e-03 -8.792125e-02
2.206550e+01 5.414548e-03 -9.162432e-02
2.206550e+01 5.846635e-03 -9.521723e-02
2.206550e+01 6.313202e-03 -9.865313e-02
2.206550e+01 6.817002e-03 -1.018793e-01
2.206550e+01 7.361006e-03 -1.048403e-01
2.206550e+01 7.948422e-03 -1.074741e-01
2.206550e+01 8.582714e-03 -1.097136e-01
2.206550e+01 9.267624e-03 -1.114919e-01
2.206550e+01 1.000719e-02 -1.127381e-01
2.206550e+01 1.080577e-02 -1.133801e-01
2.206550e+01 1.166809e-02 -1.133537e-01
2.206550e+01 1.259921e-02 -1.126016e-01
2.206550e+01 1.360464e-02 -1.110782e-01
2.206550e+01 1.469030e-02 -1.087567e-01
2.206550e+01 1.586261e-02 -1.056425e-01
2.206550e+01 1.712846e-02 -1.017722e-01
2.206550e+01 1.849533e-02 -9.720626e-02
2.206550e+01 1.997127e-02 -9.207637e-02
2.206550e+01 2.156500e-02 -8.655910e-02
2.206550e+01 2.328591e-02 -8.082485e-02
2.206550e+01 2.514415e-02 -7.510751e-02
2.206550e+01 2.715068e-02 -6.965664e-02
2.206550e+01 2.931733e-02 -6.465962e-02
2.206550e+01 3.165689e-02 -6.025383e-02
2.206550e+01 3.418314e-02 -5.652193e-02
2.206550e+01 3.691099e-02 -5.340625e-02
2.206550e+01 3.985652e-02 -5.071816e-02
2.206550e+01 4.303711e-02 -4.814108e-02
2.206550e+01 4.647152e-02 -4.529074e-02
2.206550e+01 5.017999e-02 -4.184041e-02
2.206550e+01 5.418441e-02 -3.837469e-02
2.206550e+01 5.850838e-02 -3.569338e-02
2.206550e+01 6.317741e-02 -3.279809e-02
2.206550e+01 6.821903e-02 -2.967177e-02
2.206550e+01 7.366298e-02 -2.641778e-02
2.206550e+01 7.954136e-02 -2.414811e-02
2.206550e+01 8.588885e-02 -2.169731e-02
2.206550e+01 9.274286e-02 -1.905093e-02
2.206550e+01 1.001438e-01 -1.619338e-02
2.206550e+01 1.081354e-01 -1.459460e-02
2.206550e+01 1.167647e-01 -1.357760e-02
2.206550e+01 1.260827e-01 -1.247944e-02
2.206550e+01 1.361442e-01 -1.129364e-02
2.206550e+01 1.470087e-01 -1.010380e-02
2.206550e+01 1.587401e-01 -9.204873e-03
2.206550e+01 1.714077e-01 -8.234209e-03
2.206550e+01 1.850862e-01 -7.186086e-03
2.206550e+01 1.998563e-01 -6.054321e-03
2.206550e+01 2.158051e-01 -5.385705e-03
2.206550e+01 2.330265e-01 -4.774284e-03
2.206550e+01 2.516223e-01 -4.114070e-03
2.206550e+01 2.717020e-01 -3.401171e-03
2.206550e+01 2.933841e-01 -2.866051e-03
2.206550e+01 3.167964e-01 -2.586477e-03
2.206550e+01 3.420771e-01 -2.284593e-03
2.206550e+01 3.693752e-01 -1.958619e-03
2.206550e+01 3.988518e-01 -1.621887e-03
2.206550e+01 4.306805e-01 -1.472267e-03
2.206550e+01 4.650493e-01 -1.310708e-03
2.206550e+01 5.021607e-01 -1.136257e-03
2.206550e+01 5.422336e-01 -9.478838e-04
2.206550e+01 5.855044e-01 -8.322068e-04
2.206550e+01 6.322283e-01 -7.481809e-04
2.206550e+01 6.826808e-01 -6.574496e-04
2.206550e+01 7.371594e-01 -5.594778e-04
2.206550e+01 7.959855e-01 -4.727514e-04
2.206550e+01 8.595059e-01 -4.239620e-04
2.206550e+01 9.280954e-01 -3.712792e-04
2.206550e+01 1.002158e+00 -3.143922e-04
2.206550e+01 1.082132e+00 -2.529656e-04
2.206550e+01 1.168487e+00 -2.259957e-04
2.206550e+01 1.261733e+00 -2.002257e-04
2.206550e+01 1.362421e+00 -1.723992e-04
2.206550e+01 1.471144e+00 -1.423522e-04
2.206550e+01 1.588542e+00 -1.207192e-04
2.206550e+01 1.715310e+00 -1.068262e-04
2.206550e+01 1.852193e+00 -9.182448e-05
2.206550e+01 2.000000e+00 -7.562561e-05
2.252681e+01 1.000000e-03 -1.397529e-02
2.252681e+01 1.079801e-03 -1.499972e-02
2.252681e+01 1.165970e-03 -1.609093e-02
2.252681e+01 1.259016e-03 -1.725148e-02
2.252681e+01 1.359487e-03 -1.848356e-02
2.252681e+01 1.467975e-03 -1.978910e-02
2.252681e+01 1.585121e-03 -2.116957e-02
2.252681e+01 1.711615e-03 -2.262589e-02
2.252681e+01 1.848204e-03 -2.415844e-02
2.252681e+01 1.995693e-03 -2.576698e-02
2.252681e+01 2.154951e-03 -2.745055e-02
2.252681e+01 2.326918e-03 -2.920740e-02
2.252681e+01 2.512609e-03 -3.103497e-02
2.252681e+01 2.713117e-03 -3.292983e-02
2.252681e+01 2.929627e-03 -3.488752e-02
2.252681e+01 3.163414e-03 -3.690210e-02
2.252681e+01 3.415858e-03 -3.896603e-02
2.252681e+01 3.688447e-03 -4.107037e-02
2.252681e+01 3.982789e-03 -4.320382e-02
2.252681e+01 4.300619e-03 -4.535263e-02
2.252681e+01 4.643813e-03 -4.750123e-02
2.252681e+01 5.014394e-03 -4.963133e-02
2.252681e+01 5.414548e-03 -5.172205e-02
2.252681e+01 5.846635e-03 -5.375056e-02
2.252681e+01 6.313202e-03 -5.569043e-02
2.252681e+01 6.817002e-03 -5.751188e-02
2.252681e+01 7.361006e-03 -5.918362e-02
2.252681e+01 7.948422e-03 -6.067062e-02
2.252681e+01 8.582714e-03 -6.193500e-02
2.252681e+01 9.267624e-03 -6.293903e-02
2.252681e+01 1.000719e-02 -6.364266e-02
2.252681e+01 1.080577e-02 -6.400524e-02
2.252681e+01 1.166809e-02 -6.399041e-02
2.252681e+01 1.259921e-02 -6.356592e-02
2.252681e+01 1.360464e-02 -6.270600e-02
2.252681e+01 1.469030e-02 -6.139552e-02
2.252681e+01 1.586261e-02 -5.963760e-02
2.252681e+01 1.712846e-02 -5.745277e-02
2.252681e+01 1.849533e-02 -5.487524e-02
2.252681e+01 1.997127e-02 -5.197935e-02
2.252681e+01 2.156500e-02 -4.886475e-02
2.252681e+01 2.328591e-02 -4.562765e-02
2.252681e+01 2.514415e-02 -4.240008e-02
2.252681e+01 2.715068e-02 -3.932295e-02
2.252681e+01 2.931733e-02 -3.650202e-02
2.252681e+01 3.165689e-02 -3.401484e-02
2.252681e+01 3.418314e-02 -3.190809e-02
2.252681e+01 3.691099e-02 -3.014921e-02
2.252681e+01 3.985652e-02 -2.863171e-02
2.252681e+01 4.303711e-02 -2.717688e-02
2.252681e+01 4.647152e-02 -2.556779e-02
2.252681e+01 5.017999e-02 -2.362000e-02
2.252681e+01 5.418441e-02 -2.172651e-02
2.252681e+01 5.850838e-02 -2.038827e-02
2.252681e+01 6.317741e-02 -1.894323e-02
2.252681e+01 6.821903e-02 -1.738288e-02
2.252681e+01 7.366298e-02 -1.574388e-02
2.252681e+01 7.954136e-02 -1.444242e-02
2.252681e+01 8.588885e-02 -1.303711e-02
2.252681e+01 9.274286e-02 -1.151965e-02
2.252681e+01 1.001438e-01 -9.881097e-03
2.252681e+01 1.081354e-01 -8.933750e-03
2.252681e+01 1.167647e-01 -8.302963e-03
2.252681e+01 1.260827e-01 -7.621840e-03
2.252681e+01 1.361442e-01 -6.886361e-03
2.252681e+01 1.470087e-01 -6.152645e-03
2.252681e+01 1.587401e-01 -5.617898e-03
2.252681e+01 1.714077e-01 -5.040479e-03
2.252681e+01 1.850862e-01 -4.416980e-03
2.252681e+01 1.998563e-01 -3.743726e-03
2.252681e+01 2.158051e-01 -3.327417e-03
2.252681e+01 2.330265e-01 -2.939940e-03
2.252681e+01 2.516223e-01 -2.521543e-03
2.252681e+01 2.717020e-01 -2.069757e-03
2.252681e+01 2.933841e-01 -1.736457e-03
2.252681e+01 3.167964e-01 -1.572969e-03
2.252681e+01 3.420771e-01 -1.396435e-03
2.252681e+01 3.693752e-01 -1.205812e-03
2.252681e+01 3.988518e-01 -1.008659e-03
2.252681e+01 4.306805e-01 -9.175297e-04
2.252681e+01 4.650493e-01 -8.191283e-04
2.252681e+01 5.021607e-01 -7.128744e-04
2.252681e+01 5.422336e-01 -5.981414e-04
2.252681e+01 5.855044e-01 -5.262814e-04
2.252681e+01 6.322283e-01 -4.729328e-04
2.252681e+01 6.826808e-01 -4.153270e-04
2.252681e+01 7.371594e-01 -3.531241e-04
2.252681e+01 7.959855e-01 -2.982742e-04
2.252681e+01 8.595059e-01 -2.680293e-04
2.252681e+01 9.280954e-01 -2.353708e-04
2.252681e+01 1.002158e+00 -2.001061e-04
2.252681e+01 1.082132e+00 -1.620273e-04
2.252681e+01 1.168487e+00 -1.448694e-04
2.252681e+01 1.261733e+00 -1.283830e-04
2.252681e+01 1.362421e+00 -1.105809e-04
2.252681e+01 1.471144e+00 -9.135812e-05
2.252681e+01 1.588542e+00 -7.754728e-05
2.252681e+01 1.715310e+00 -6.871573e-05
2.252681e+01 1.852193e+00 -5.917942e-05
2.252681e+01 2.000000e+00 -4.888209e-05
2.299735e+01 1.000000e-03 -8.936884e-03
2.299735e+01 1.079801e-03 -9.592204e-03
2.299735e+01 1.165970e-03 -1.029029e-02
2.299735e+01 1.259016e-03 -1.103278e-02
2.299735e+01 1.359487e-03 -1.182109e-02
2.299735e+01 1.467975e-03 -1.265645e-02
2.299735e+01 1.585121e-03 -1.353982e-02
2.299735e+01 1.711615e-03 -1.447177e-02
2.299735e+01 1.848204e-03 -1.545256e-02
2.299735e+01 1.995693e-03 -1.648202e-02
2.299735e+01 2.154951e-03 -1.755952e-02
2.299735e+01 2.326918e-03 -1.868392e-02
2.299735e+01 2.512609e-03 -1.985358e-02
2.299735e+01 2.713117e-03 -2.106627e-02
2.299735e+01 2.929627e-03 -2.231912e-02
2.299735e+01 3.163414e-03 -2.360834e-02
2.299735e+01 3.415858e-03 -2.492910e-02
2.299735e+01 3.688447e-03 -2.627571e-02
2.299735e+01 3.982789e-03 -2.764095e-02
2.299735e+01 4.300619e-03 -2.901602e-02
2.299735e+01 4.643813e-03 -3.039094e-02
2.299735e+01 5.014394e-03 -3.175402e-02
2.299735e+01 5.414548e-03 -3.309189e-02
2.299735e+01 5.846635e-03 -3.438994e-02
2.299735e+01 6.313202e-03 -3.563127e-02
2.299735e+01 6.817002e-03 -3.679681e-02
2.299735e+01 7.361006e-03 -3.786656e-02
2.299735e+01 7.948422e-03 -3.881810e-02
2.299735e+01 8.582714e-03 -3.962718e-02
2.299735e+01 9.267624e-03 -4.026968e-02
2.299735e+01 1.000719e-02 -4.071996e-02
2.299735e+01 1.080577e-02 -4.095203e-02
2.299735e+01 1.166809e-02 -4.094262e-02
2.299735e+01 1.259921e-02 -4.067108e-02
2.299735e+01 1.360464e-02 -4.012094e-02
2.299735e+01 1.469030e-02 -3.928251e-02
2.299735e+01 1.586261e-02 -3.815778e-02
2.299735e+01 1.712846e-02 -3.675990e-02
2.299735e+01 1.849533e-02 -3.511075e-02
2.299735e+01 1.997127e-02 -3.325791e-02
2.299735e+01 2.156500e-02 -3.126512e-02
2.299735e+01 2.328591e-02 -2.919395e-02
2.299735e+01 2.514415e-02 -2.712887e-02
2.299735e+01 2.715068e-02 -2.516003e-02
2.299735e+01 2.931733e-02 -2.335512e-02
2.299735e+01 3.165689e-02 -2.176375e-02
2.299735e+01 3.418314e-02 -2.041579e-02
2.299735e+01 3.691099e-02 -1.929040e-02
2.299735e+01 3.985652e-02 -1.831946e-02
2.299735e+01 4.303711e-02 -1.738861e-02
2.299735e+01 4.647152e-02 -1.635907e-02
2.299735e+01 5.017999e-02 -1.511281e-02
2.299735e+01 5.418441e-02 -1.384659e-02
2.299735e+01 5.850838e-02 -1.283801e-02
2.299735e+01 6.317741e-02 -1.174895e-02
2.299735e+01 6.821903e-02 -1.057298e-02
2.299735e+01 7.366298e-02 -9.358602e-03
2.299735e+01 7.954136e-02 -8.613443e-03
2.299735e+01 8.588885e-02 -7.808819e-03
2.299735e+01 9.274286e-02 -6.939985e-03
2.299735e+01 1.001438e-01 -6.001818e-03
2.299735e+01 1.081354e-01 -5.444406e-03
2.299735e+01 1.167647e-01 -5.059890e-03
2.299735e+01 1.260827e-01 -4.644690e-03
2.299735e+01 1.361442e-01 -4.196356e-03
2.299735e+01 1.470087e-01 -3.750584e-03
2.299735e+01 1.587401e-01 -3.432556e-03
2.299735e+01 1.714077e-01 -3.089150e-03
2.299735e+01 1.850862e-01 -2.718339e-03
2.299735e+01 1.998563e-01 -2.317938e-03
2.299735e+01 2.158051e-01 -2.059691e-03
2.299735e+01 2.330265e-01 -1.815614e-03
2.299735e+01 2.516223e-01 -1.552059e-03
2.299735e+01 2.717020e-01 -1.267471e-03
2.299735e+01 2.933841e-01 -1.059086e-03
2.299735e+01 3.167964e-01 -9.597826e-04
2.299735e+01 3.420771e-01 -8.525545e-04
2.299735e+01 3.693752e-01 -7.367695e-04
2.299735e+01 3.988518e-01 -6.170163e-04
2.299735e+01 4.306805e-01 -5.616492e-04
2.299735e+01 4.650493e-01 -5.018638e-04
2.299735e+01 5.021607e-01 -4.373074e-04
2.299735e+01 5.422336e-01 -3.675994e-04
2.299735e+01 5.855044e-01 -3.245222e-04
2.299735e+01 6.322283e-01 -2.930100e-04
2.299735e+01 6.826808e-01 -2.589830e-04
2.299735e+01 7.371594e-01 -2.222407e-04
2.299735e+01 7.959855e-01 -1.893572e-04
2.299735e+01 8.595059e-01 -1.698294e-04
2.299735e+01 9.280954e-01 -1.487433e-04
2.299735e+01 1.002158e+00 -1.259744e-04
2.299735e+01 1.082132e+00 -1.013886e-04
2.299735e+01 1.168487e+00 -9.079424e-05
2.299735e+01 1.261733e+00 -8.071322e-05
2.299735e+01 1.362421e+00 -6.982772e-05
2.299735e+01 1.471144e+00 -5.807355e-05
2.299735e+01 1.588542e+00 -4.951272e-05
2.299735e+01 1.715310e+00 -4.388589e-05
2.299735e+01 1.852193e+00 -3.781003e-05
2.299735e+01 2.000000e+00 -3.124931e-05
2.347730e+01 1.000000e-03 4.175697e-04
2.347730e+01 1.079801e-03 4.481995e-04
2.347730e+01 1.165970e-03 4.808304e-04
2.347730e+01 1.259016e-03 5.155389e-04
2.347730e+01 1.359487e-03 5.523918e-04
2.347730e+01 1.467975e-03 5.914473e-04
2.347730e+01 1.585121e-03 6.327496e-04
2.347730e+01 1.711615e-03 6.763264e-04
2.347730e+01 1.848204e-03 7.221891e-04
2.347730e+01 1.995693e-03 7.703295e-04
2.347730e+01 2.154951e-03 8.207177e-04
2.347730e+01 2.326918e-03 8.732997e-04
2.347730e+01 2.512609e-03 9.279975e-04
2.347730e+01 2.713117e-03 9.847064e-04
2.347730e+01 2.929627e-03 1.043291e-03
2.347730e+01 3.163414e-03 1.103574e-03
2.347730e+01 3.415858e-03 1.165331e-03
2.347730e+01 3.688447e-03 1.228295e-03
2.347730e+01 3.982789e-03 1.292130e-03
2.347730e+01 4.300619e-03 1.356424e-03
2.347730e+01 4.643813e-03 1.420712e-03
2.347730e+01 5.014394e-03 1.484445e-03
2.347730e+01 5.414548e-03 1.547000e-03
2.347730e+01 5.846635e-03 1.607693e-03
2.347730e+01 6.313202e-03 1.665732e-03
2.347730e+01 6.817002e-03 1.720228e-03
2.347730e+01 7.361006e-03 1.770245e-03
2.347730e+01 7.948422e-03 1.814736e-03
2.347730e+01 8.582714e-03 1.852566e-03
2.347730e+01 9.267624e-03 1.882608e-03
2.347730e+01 1.000719e-02 1.903662e-03
2.347730e+01 1.080577e-02 1.914515e-03
2.347730e+01 1.166809e-02 1.914079e-03
2.347730e+01 1.259921e-02 1.901388e-03
2.347730e+01 1.360464e-02 1.875672e-03
2.347730e+01 1.469030e-02 1.836477e-03
2.347730e+01 1.586261e-02 1.783897e-03
2.347730e+01 1.712846e-02 1.718547e-03
2.347730e+01 1.849533e-02 1.641449e-03
2.347730e+01 1.997127e-02 1.554829e-03
2.347730e+01 2.156500e-02 1.461666e-03
2.347730e+01 2.328591e-02 1.364838e-03
2.347730e+01 2.514415e-02 1.268295e-03
2.347730e+01 2.715068e-02 1.176251e-03
2.347730e+01 2.931733e-02 1.091870e-03
2.347730e+01 3.165689e-02 1.017473e-03
2.347730e+01 3.418314e-02 9.544547e-04
2.347730e+01 3.691099e-02 9.018420e-04
2.347730e+01 3.985652e-02 8.564496e-04
2.347730e+01 4.303711e-02 8.129318e-04
2.347730e+01 4.647152e-02 7.647998e-04
2.347730e+01 5.017999e-02 7.065362e-04
2.347730e+01 5.418441e-02 6.530976e-04
2.347730e+01 5.850838e-02 6.219789e-04
2.347730e+01 6.317741e-02 5.883767e-04
2.347730e+01 6.821903e-02 5.520932e-04
2.347730e+01 7.366298e-02 5.124637e-04
2.347730e+01 7.954136e-02 4.650731e-04
2.347730e+01 8.588885e-02 4.139006e-04
2.347730e+01 9.274286e-02 3.586445e-04
2.347730e+01 1.001438e-01 2.989790e-04
2.347730e+01 1.081354e-01 2.646804e-04
2.347730e+01 1.167647e-01 2.420190e-04
2.347730e+01 1.260827e-01 2.175493e-04
2.347730e+01 1.361442e-01 1.911268e-04
2.347730e+01 1.470087e-01 1.653696e-04
2.347730e+01 1.587401e-01 1.493723e-04
2.347730e+01 1.714077e-01 1.320985e-04
2.347730e+01 1.850862e-01 1.134462e-04
2.347730e+01 1.998563e-01 9.330547e-05
2.347730e+01 2.158051e-01 8.285623e-05
2.347730e+01 2.330265e-01 7.382998e-05
2.347730e+01 2.516223e-01 6.408343e-05
2.347730e+01 2.717020e-01 5.355910e-05
2.347730e+01 2.933841e-01 4.538676e-05
2.347730e+01 3.167964e-01 4.061890e-05
2.347730e+01 3.420771e-01 3.547055e-05
2.347730e+01 3.693752e-01 2.991137e-05
2.347730e+01 3.988518e-01 2.417827e-05
2.347730e+01 4.306805e-01 2.177088e-05
2.347730e+01 4.650493e-01 1.917137e-05
2.347730e+01 5.021607e-01 1.636443e-05
2.347730e+01 5.422336e-01 1.333348e-05
2.347730e+01 5.855044e-01 1.146363e-05
2.347730e+01 6.322283e-01 1.009835e-05
2.347730e+01 6.826808e-01 8.624119e-06
2.347730e+01 7.371594e-01 7.032244e-06
2.347730e+01 7.959855e-01 5.647294e-06
2.347730e+01 8.595059e-01 4.937653e-06
2.347730e+01 9.280954e-01 4.171382e-06
2.347730e+01 1.002158e+00 3.343962e-06
2.347730e+01 1.082132e+00 2.450512e-06
2.347730e+01 1.168487e+00 2.082441e-06
2.347730e+01 1.261733e+00 1.735817e-06
2.347730e+01 1.362421e+00 1.361531e-06
2.347730e+01 1.471144e+00 9.573775e-07
2.347730e+01 1.588542e+00 6.970329e-07
2.347730e+01 1.715310e+00 5.700610e-07
2.347730e+01 1.852193e+00 4.329567e-07
2.347730e+01 2.000000e+00 2.849113e-07
2.396684e+01 1.000000e-03 3.903210e-04
2.396684e+01 1.079801e-03 4.189620e-04
2.396684e+01 1.165970e-03 4.494759e-04
2.396684e+01 1.259016e-03 4.819349e-04
2.396684e+01 1.359487e-03 5.164016e-04
2.396684e+01 1.467975e-03 5.529308e-04
2.396684e+01 1.585121e-03 5.915641e-04
2.396684e+01 1.711615e-03 6.323275e-04
2.396684e+01 1.848204e-03 6.752315e-04
2.396684e+01 1.995693e-03 7.202684e-04
2.396684e+01 2.154951e-03 7.674094e-04
2.396684e+01 2.326918e-03 8.166034e-04
2.396684e+01 2.512609e-03 8.677764e-04
2.396684e+01 2.713117e-03 9.208299e-04
2.396684e+01 2.929627e-03 9.756364e-04
2.396684e+01 3.163414e-03 1.032029e-03
2.396684e+01 3.415858e-03 1.089799e-03
2.396684e+01 3.688447e-03 1.148698e-03
2.396684e+01 3.982789e-03 1.208410e-03
2.396684e+01 4.300619e-03 1.268553e-03
2.396684e+01 4.643813e-03 1.328688e-03
2.396684e+01 5.014394e-03 1.388306e-03
2.396684e+01 5.414548e-03 1.446821e-03
2.396684e+01 5.846635e-03 1.503593e-03
2.396684e+01 6.313202e-03 1.557883e-03
2.396684e+01 6.817002e-03 1.608858e-03
2.396684e+01 7.361006e-03 1.655644e-03
2.396684e+01 7.948422e-03 1.697260e-03
2.396684e+01 8.582714e-03 1.732647e-03
2.396684e+01 9.267624e-03 1.760749e-03
2.396684e+01 1.000719e-02 1.780445e-03
2.396684e+01 1.080577e-02 1.790599e-03
2.396684e+01 1.166809e-02 1.790195e-03
2.396684e+01 1.259921e-02 1.778329e-03
2.396684e+01 1.360464e-02 1.754280e-03
2.396684e+01 1.469030e-02 1.717624e-03
2.396684e+01 1.586261e-02 1.668448e-03
2.396684e+01 1.712846e-02 1.607328e-03
2.396684e+01 1.849533e-02 1.535222e-03
2.396684e+01 1.997127e-02 1.454208e-03
2.396684e+01 2.156500e-02 1.367076e-03
2.396684e+01 2.328591e-02 1.276515e-03
2.396684e+01 2.514415e-02 1.186221e-03
2.396684e+01 2.715068e-02 1.100133e-03
2.396684e+01 2.931733e-02 1.021213e-03
2.396684e+01 3.165689e-02 9.516305e-04
2.396684e+01 3.418314e-02 8.926903e-04
2.396684e+01 3.691099e-02 8.434823e-04
2.396684e+01 3.985652e-02 8.010273e-04
2.396684e+01 4.303711e-02 7.603256e-04
2.396684e+01 4.647152e-02 7.153083e-04
2.396684e+01 5.017999e-02 6.608152e-04
2.396684e+01 5.418441e-02 6.108588e-04
2.396684e+01 5.850838e-02 5.818207e-04
2.396684e+01 6.317741e-02 5.504654e-04
2.396684e+01 6.821903e-02 5.166078e-04
2.396684e+01 7.366298e-02 4.796157e-04
2.396684e+01 7.954136e-02 4.352538e-04
2.396684e+01 8.588885e-02 3.873517e-04
2.396684e+01 9.274286e-02 3.356269e-04
2.396684e+01 1.001438e-01 2.797745e-04
2.396684e+01 1.081354e-01 2.476929e-04
2.396684e+01 1.167647e-01 2.265188e-04
2.396684e+01 1.260827e-01 2.036549e-04
2.396684e+01 1.361442e-01 1.789664e-04
2.396684e+01 1.470087e-01 1.549000e-04
2.396684e+01 1.587401e-01 1.399552e-04
2.396684e+01 1.714077e-01 1.238178e-04
2.396684e+01 1.850862e-01 1.063926e-04
2.396684e+01 1.998563e-01 8.757686e-05
2.396684e+01 2.158051e-01 7.781812e-05
2.396684e+01 2.330265e-01 6.938962e-05
2.396684e+01 2.516223e-01 6.028852e-05
2.396684e+01 2.717020e-01 5.046114e-05
2.396684e+01 2.933841e-01 4.282406e-05
2.396684e+01 3.167964e-01 3.835796e-05
2.396684e+01 3.420771e-01 3.353547e-05
2.396684e+01 3.693752e-01 2.832813e-05
2.396684e+01 3.988518e-01 2.295706e-05
2.396684e+01 4.306805e-01 2.068949e-05
2.396684e+01 4.650493e-01 1.824097e-05
2.396684e+01 5.021607e-01 1.559705e-05
2.396684e+01 5.422336e-01 1.274215e-05
2.396684e+01 5.855044e-01 1.097234e-05
2.396684e+01 6.322283e-01 9.673129e-06
2.396684e+01 6.826808e-01 8.270241e-06
2.396684e+01 7.371594e-01 6.755402e-06
2.396684e+01 7.959855e-01 5.436253e-06
2.396684e+01 8.595059e-01 4.756764e-06
2.396684e+01 9.280954e-01 4.023051e-06
2.396684e+01 1.002158e+00 3.230787e-06
2.396684e+01 1.082132e+00 2.375300e-06
2.396684e+01 1.168487e+00 2.020960e-06
2.396684e+01 1.261733e+00 1.686842e-06
2.396684e+01 1.362421e+00 1.326060e-06
2.396684e+01 1.471144e+00 9.364872e-07
2.396684e+01 1.588542e+00 6.847582e-07
2.396684e+01 1.715310e+00 5.608477e-07
2.396684e+01 1.852193e+00 4.270490e-07
2.396684e+01 2.000000e+00 2.825730e-07
2.446618e+01 1.000000e-03 3.636216e-04
2.446618e+01 1.079801e-03 3.903126e-04
2.446618e+01 1.165970e-03 4.187509e-04
2.446618e+01 1.259016e-03 4.490039e-04
2.446618e+01 1.359487e-03 4.811305e-04
2.446618e+01 1.467975e-03 5.151819e-04
2.446618e+01 1.585121e-03 5.511973e-04
2.446618e+01 1.711615e-03 5.892009e-04
2.446618e+01 1.848204e-03 6.292025e-04
2.446618e+01 1.995693e-03 6.711946e-04
2.446618e+01 2.154951e-03 7.151499e-04
2.446618e+01 2.326918e-03 7.610201e-04
2.446618e+01 2.512609e-03 8.087354e-04
2.446618e+01 2.713117e-03 8.582031e-04
2.446618e+01 2.929627e-03 9.093036e-04
2.446618e+01 3.163414e-03 9.618808e-04
2.446618e+01 3.415858e-03 1.015740e-03
2.446618e+01 3.688447e-03 1.070652e-03
2.446618e+01 3.982789e-03 1.126321e-03
2.446618e+01 4.300619e-03 1.182391e-03
2.446618e+01 4.643813e-03 1.238455e-03
2.446618e+01 5.014394e-03 1.294036e-03
2.446618e+01 5.414548e-03 1.348588e-03
2.446618e+01 5.846635e-03 1.401515e-03
2.446618e+01 6.313202e-03 1.452128e-03
2.446618e+01 6.817002e-03 1.499650e-03
2.446618e+01 7.361006e-03 1.543266e-03
2.446618e+01 7.948422e-03 1.582064e-03
2.446618e+01 8.582714e-03 1.615055e-03
2.446618e+01 9.267624e-03 1.641254e-03
2.446618e+01 1.000719e-02 1.659618e-03
2.446618e+01 1.080577e-02 1.669086e-03
2.446618e+01 1.166809e-02 1.668713e-03
2.446618e+01 1.259921e-02 1.657656e-03
2.446618e+01 1.360464e-02 1.635241e-03
2.446618e+01 1.469030e-02 1.601075e-03
2.446618e+01 1.586261e-02 1.555237e-03
2.446618e+01 1.712846e-02 1.498265e-03
2.446618e+01 1.849533e-02 1.431053e-03
2.446618e+01 1.997127e-02 1.355538e-03
2.446618e+01 2.156500e-02 1.274319e-03
2.446618e+01 2.328591e-02 1.189904e-03
2.446618e+01 2.514415e-02 1.105736e-03
2.446618e+01 2.715068e-02 1.025491e-03
2.446618e+01 2.931733e-02 9.519255e-04
2.446618e+01 3.165689e-02 8.870639e-04
2.446618e+01 3.418314e-02 8.321228e-04
2.446618e+01 3.691099e-02 7.862535e-04
2.446618e+01 3.985652e-02 7.466790e-04
2.446618e+01 4.303711e-02 7.087388e-04
2.446618e+01 4.647152e-02 6.667759e-04
2.446618e+01 5.017999e-02 6.159801e-04
2.446618e+01 5.418441e-02 5.694425e-04
2.446618e+01 5.850838e-02 5.424559e-04
2.446618e+01 6.317741e-02 5.133157e-04
2.446618e+01 6.821903e-02 4.818501e-04
2.446618e+01 7.366298e-02 4.474559e-04
2.446618e+01 7.954136e-02 4.060523e-04
2.446618e+01 8.588885e-02 3.613445e-04
2.446618e+01 9.274286e-02 3.130691e-04
2.446618e+01 1.001438e-01 2.609413e-04
2.446618e+01 1.081354e-01 2.310325e-04
2.446618e+01 1.167647e-01 2.113223e-04
2.446618e+01 1.260827e-01 1.900393e-04
2.446618e+01 1.361442e-01 1.670578e-04
2.446618e+01 1.470087e-01 1.446550e-04
2.446618e+01 1.587401e-01 1.307412e-04
2.446618e+01 1.714077e-01 1.157170e-04
2.446618e+01 1.850862e-01 9.949396e-05
2.446618e+01 1.998563e-01 8.197626e-05
2.446618e+01 2.158051e-01 7.289186e-05
2.446618e+01 2.330265e-01 6.504626e-05
2.446618e+01 2.516223e-01 5.657456e-05
2.446618e+01 2.717020e-01 4.742681e-05
2.446618e+01 2.933841e-01 4.031194e-05
2.446618e+01 3.167964e-01 3.614073e-05
2.446618e+01 3.420771e-01 3.163665e-05
2.446618e+01 3.693752e-01 2.677314e-05
2.446618e+01 3.988518e-01 2.175570e-05
2.446618e+01 4.306805e-01 1.962263e-05
2.446618e+01 4.650493e-01 1.731934e-05
2.446618e+01 5.021607e-01 1.483225e-05
2.446618e+01 5.422336e-01 1.214668e-05
2.446618e+01 5.855044e-01 1.047472e-05
2.446618e+01 6.322283e-01 9.241558e-06
2.446618e+01 6.826808e-01 7.909985e-06
2.446618e+01 7.371594e-01 6.472151e-06
2.446618e+01 7.959855e-01 5.218912e-06
2.446618e+01 8.595059e-01 4.570022e-06
2.446618e+01 9.280954e-01 3.869350e-06
2.446618e+01 1.002158e+00 3.112764e-06
2.446618e+01 1.082132e+00 2.295801e-06
2.446618e+01 1.168487e+00 1.955916e-06
2.446618e+01 1.261733e+00 1.635093e-06
2.446618e+01 1.362421e+00 1.288668e-06
2.446618e+01 1.471144e+00 9.145975e-07
2.446618e+01 1.588542e+00 6.719824e-07
2.446618e+01 1.715310e+00 5.512365e-07
2.446618e+01 1.852193e+00 4.208549e-07
2.446618e+01 2.000000e+00 2.800688e-07
2.497550e+01 1.000000e-03 3.376244e-04
2.497550e+01 1.079801e-03 3.624156e-04
2.497550e+01 1.165970e-03 3.888315e-04
2.497550e+01 1.259016e-03 4.169351e-04
2.497550e+01 1.359487e-03 4.467811e-04
2.497550e+01 1.467975e-03 4.784177e-04
2.497550e+01 1.585121e-03 5.118814e-04
2.497550e+01 1.711615e-03 5.471947e-04
2.497550e+01 1.848204e-03 5.843669e-04
2.497550e+01 1.995693e-03 6.233907e-04
2.497550e+01 2.154951e-03 6.642404e-04
2.497550e+01 2.326918e-03 7.068703e-04
2.497550e+01 2.512609e-03 7.512150e-04
2.497550e+01 2.713117e-03 7.971875e-04
2.497550e+01 2.929627e-03 8.446756e-04
2.497550e+01 3.163414e-03 8.935341e-04
2.497550e+01 3.415858e-03 9.435827e-04
2.497550e+01 3.688447e-03 9.946075e-04
2.497550e+01 3.982789e-03 1.046336e-03
2.497550e+01 4.300619e-03 1.098437e-03
2.497550e+01 4.643813e-03 1.150532e-03
2.497550e+01 5.014394e-03 1.202179e-03
2.497550e+01 5.414548e-03 1.252869e-03
2.497550e+01 5.846635e-03 1.302049e-03
2.497550e+01 6.313202e-03 1.349078e-03
2.497550e+01 6.817002e-03 1.393234e-03
2.497550e+01 7.361006e-03 1.433763e-03
2.497550e+01 7.948422e-03 1.469814e-03
2.497550e+01 8.582714e-03 1.500469e-03
2.497550e+01 9.267624e-03 1.524814e-03
2.497550e+01 1.000719e-02 1.541878e-03
2.497550e+01 1.080577e-02 1.550679e-03
2.497550e+01 1.166809e-02 1.550335e-03
2.497550e+01 1.259921e-02 1.540065e-03
2.497550e+01 1.360464e-02 1.519243e-03
2.497550e+01 1.469030e-02 1.487502e-03
2.497550e+01 1.586261e-02 1.444917e-03
2.497550e+01 1.712846e-02 1.391988e-03
2.497550e+01 1.849533e-02 1.329545e-03
2.497550e+01 1.997127e-02 1.259388e-03
2.497550e+01 2.156500e-02 1.183931e-03
2.497550e+01 2.328591e-02 1.105505e-03
2.497550e+01 2.514415e-02 1.027308e-03
2.497550e+01 2.715068e-02 9.527540e-04
2.497550e+01 2.931733e-02 8.844071e-04
2.497550e+01 3.165689e-02 8.241463e-04
2.497550e+01 3.418314e-02 7.731021e-04
2.497550e+01 3.691099e-02 7.304862e-04
2.497550e+01 3.985652e-02 6.937186e-04
2.497550e+01 4.303711e-02 6.584694e-04
2.497550e+01 4.647152e-02 6.194829e-04
2.497550e+01 5.017999e-02 5.722900e-04
2.497550e+01 5.418441e-02 5.290774e-04
2.497550e+01 5.850838e-02 5.040722e-04
2.497550e+01 6.317741e-02 4.770716e-04
2.497550e+01 6.821903e-02 4.479163e-04
2.497550e+01 7.366298e-02 4.160350e-04
2.497550e+01 7.954136e-02 3.775315e-04
2.497550e+01 8.588885e-02 3.359554e-04
2.497550e+01 9.274286e-02 2.910615e-04
2.497550e+01 1.001438e-01 2.425850e-04
2.497550e+01 1.081354e-01 2.147986e-04
2.497550e+01 1.167647e-01 1.965118e-04
2.497550e+01 1.260827e-01 1.767656e-04
2.497550e+01 1.361442e-01 1.554437e-04
2.497550e+01 1.470087e-01 1.346586e-04
2.497550e+01 1.587401e-01 1.217501e-04
2.497550e+01 1.714077e-01 1.078114e-04
2.497550e+01 1.850862e-01 9.276042e-05
2.497550e+01 1.998563e-01 7.650835e-05
2.497550e+01 2.158051e-01 6.807989e-05
2.497550e+01 2.330265e-01 6.080059e-05
2.497550e+01 2.516223e-01 5.294040e-05
2.497550e+01 2.717020e-01 4.445296e-05
2.497550e+01 2.933841e-01 3.784527e-05
2.497550e+01 3.167964e-01 3.396013e-05
2.497550e+01 3.420771e-01 2.976496e-05
2.497550e+01 3.693752e-01 2.523500e-05
2.497550e+01 3.988518e-01 2.056071e-05
2.497550e+01 4.306805e-01 1.855948e-05
2.497550e+01 4.650493e-01 1.639856e-05
2.497550e+01 5.021607e-01 1.406519e-05
2.497550e+01 5.422336e-01 1.154561e-05
2.497550e+01 5.855044e-01 9.970109e-06
2.497550e+01 6.322283e-01 8.802519e-06
2.497550e+01 6.826808e-01 7.541755e-06
2.497550e+01 7.371594e-01 6.180380e-06
2.497550e+01 7.959855e-01 4.992948e-06
2.497550e+01 8.595059e-01 4.375696e-06
2.497550e+01 9.280954e-01 3.709187e-06
2.497550e+01 1.002158e+00 2.989490e-06
2.497550e+01 1.082132e+00 2.212360e-06
2.497550e+01 1.168487e+00 1.887429e-06
2.497550e+01 1.261733e+00 1.580364e-06
2.497550e+01 1.362421e+00 1.248795e-06
2.497550e+01 1.471144e+00 8.907669e-07
2.497550e+01 1.588542e+00 6.577512e-07
2.497550e+01 1.715310e+00 5.406093e-07
2.497550e+01 1.852193e+00 4.141194e-07
2.497550e+01 2.000000e+00 2.775355e-07
2.549501e+01 1.000000e-03 3.122706e-04
2.549501e+01 1.079801e-03 3.352082e-04
2.549501e+01 1.165970e-03 3.596505e-04
2.549501e+01 1.259016e-03 3.856561e-04
2.549501e+01 1.359487e-03 4.132762e-04
2.549501e+01 1.467975e-03 4.425554e-04
2.549501e+01 1.585121e-03 4.735278e-04
2.549501e+01 1.711615e-03 5.062145e-04
2.549501e+01 1.848204e-03 5.406239e-04
2.549501e+01 1.995693e-03 5.767492e-04
2.549501e+01 2.154951e-03 6.145662e-04
2.549501e+01 2.326918e-03 6.540321e-04
2.549501e+01 2.512609e-03 6.950855e-04
2.549501e+01 2.713117e-03 7.376452e-04
2.549501e+01 2.929627e-03 7.816064e-04
2.549501e+01 3.163414e-03 8.268344e-04
2.549501e+01 3.415858e-03 8.731626e-04
2.549501e+01 3.688447e-03 9.203933e-04
2.549501e+01 3.982789e-03 9.682752e-04
2.549501e+01 4.300619e-03 1.016501e-03
2.549501e+01 4.643813e-03 1.064722e-03
2.549501e+01 5.014394e-03 1.112527e-03
2.549501e+01 5.414548e-03 1.159448e-03
2.549501e+01 5.846635e-03 1.204970e-03
2.549501e+01 6.313202e-03 1.248499e-03
2.549501e+01 6.817002e-03 1.289371e-03
2.549501e+01 7.361006e-03 1.326884e-03
2.549501e+01 7.948422e-03 1.360253e-03
2.549501e+01 8.582714e-03 1.388628e-03
2.549501e+01 9.267624e-03 1.411163e-03
2.549501e+01 1.000719e-02 1.426960e-03
2.549501e+01 1.080577e-02 1.435108e-03
2.549501e+01 1.166809e-02 1.434792e-03
2.549501e+01 1.259921e-02 1.425290e-03
2.549501e+01 1.360464e-02 1.406023e-03
2.549501e+01 1.469030e-02 1.376649e-03
2.549501e+01 1.586261e-02 1.337239e-03
2.549501e+01 1.712846e-02 1.288256e-03
2.549501e+01 1.849533e-02 1.230467e-03
2.549501e+01 1.997127e-02 1.165540e-03
2.549501e+01 2.156500e-02 1.095707e-03
2.549501e+01 2.328591e-02 1.023126e-03
2.549501e+01 2.514415e-02 9.507564e-04
2.549501e+01 2.715068e-02 8.817588e-04
2.549501e+01 2.931733e-02 8.185051e-04
2.549501e+01 3.165689e-02 7.627348e-04
2.549501e+01 3.418314e-02 7.154943e-04
2.549501e+01 3.691099e-02 6.760540e-04
2.549501e+01 3.985652e-02 6.420260e-04
2.549501e+01 4.303711e-02 6.094035e-04
2.549501e+01 4.647152e-02 5.733220e-04
2.549501e+01 5.017999e-02 5.296458e-04
2.549501e+01 5.418441e-02 4.896865e-04
2.549501e+01 5.850838e-02 4.666370e-04
2.549501e+01 6.317741e-02 4.417482e-04
2.549501e+01 6.821903e-02 4.148731e-04
2.549501e+01 7.366298e-02 3.854683e-04
2.549501e+01 7.954136e-02 3.497837e-04
2.549501e+01 8.588885e-02 3.112514e-04
2.549501e+01 9.274286e-02 2.696442e-04
2.549501e+01 1.001438e-01 2.247167e-04
2.549501e+01 1.081354e-01 1.989949e-04
2.549501e+01 1.167647e-01 1.820942e-04
2.549501e+01 1.260827e-01 1.638447e-04
2.549501e+01 1.361442e-01 1.441389e-04
2.549501e+01 1.470087e-01 1.249284e-04
2.549501e+01 1.587401e-01 1.129932e-04
2.549501e+01 1.714077e-01 1.001056e-04
2.549501e+01 1.850862e-01 8.618952e-05
2.549501e+01 1.998563e-01 7.116293e-05
2.549501e+01 2.158051e-01 6.337200e-05
2.549501e+01 2.330265e-01 5.664414e-05
2.549501e+01 2.516223e-01 4.937939e-05
2.549501e+01 2.717020e-01 4.153491e-05
2.549501e+01 2.933841e-01 3.542084e-05
2.549501e+01 3.167964e-01 3.181370e-05
2.549501e+01 3.420771e-01 2.791871e-05
2.549501e+01 3.693752e-01 2.371290e-05
2.549501e+01 3.988518e-01 1.937210e-05
2.549501e+01 4.306805e-01 1.749937e-05
2.549501e+01 4.650493e-01 1.547720e-05
2.549501e+01 5.021607e-01 1.329365e-05
2.549501e+01 5.422336e-01 1.093585e-05
2.549501e+01 5.855044e-01 9.455909e-06
2.549501e+01 6.322283e-01 8.354642e-06
2.549501e+01 6.826808e-01 7.165493e-06
2.549501e+01 7.371594e-01 5.881449e-06
2.549501e+01 7.959855e-01 4.760590e-06
2.549501e+01 8.595059e-01 4.175386e-06
2.549501e+01 9.280954e-01 3.543482e-06
2.549501e+01 1.002158e+00 2.861152e-06
2.549501e+01 1.082132e+00 2.124371e-06
2.549501e+01 1.168487e+00 1.815142e-06
2.549501e+01 1.261733e+00 1.522658e-06
2.549501e+01 1.362421e+00 1.206834e-06
2.549501e+01 1.471144e+00 8.658067e-07
2.549501e+01 1.588542e+00 6.429178e-07
2.549501e+01 1.715310e+00 5.295042e-07
2.549501e+01 1.852193e+00 4.070401e-07
2.549501e+01 2.000000e+00 2.748032e-07
2.602491e+01 1.000000e-03 2.876550e-04
2.602491e+01 1.079801e-03 3.087917e-04
2.602491e+01 1.165970e-03 3.313166e-04
2.602491e+01 1.259016e-03 3.552839e-04
2.602491e+01 1.359487e-03 3.807409e-04
2.602491e+01 1.467975e-03 4.077291e-04
2.602491e+01 1.585121e-03 4.362803e-04
2.602491e+01 1.711615e-03 4.664137e-04
2.602491e+01 1.848204e-03 4.981375e-04
2.602491e+01 1.995693e-03 5.314452e-04
2.602491e+01 2.154951e-03 5.663139e-04
2.602491e+01 2.326918e-03 6.027038e-04
2.602491e+01 2.512609e-03 6.405577e-04
2.602491e+01 2.713117e-03 6.798000e-04
2.602491e+01 2.929627e-03 7.203331e-04
2.602491e+01 3.163414e-03 7.620326e-04
2.602491e+01 3.415858e-03 8.047449e-04
2.602491e+01 3.688447e-03 8.482881e-04
2.602491e+01 3.982789e-03 8.924310e-04
2.602491e+01 4.300619e-03 9.368906e-04
2.602491e+01 4.643813e-03 9.813457e-04
2.602491e+01 5.014394e-03 1.025419e-03
2.602491e+01 5.414548e-03 1.068675e-03
2.602491e+01 5.846635e-03 1.110642e-03
2.602491e+01 6.313202e-03 1.150771e-03
2.602491e+01 6.817002e-03 1.188450e-03
2.602491e+01 7.361006e-03 1.223033e-03
2.602491e+01 7.948422e-03 1.253796e-03
2.602491e+01 8.582714e-03 1.279955e-03
2.602491e+01 9.267624e-03 1.300731e-03
2.602491e+01 1.000719e-02 1.315295e-03
2.602491e+01 1.080577e-02 1.322808e-03
2.602491e+01 1.166809e-02 1.322520e-03
2.602491e+01 1.259921e-02 1.313764e-03
2.602491e+01 1.360464e-02 1.296007e-03
2.602491e+01 1.469030e-02 1.268933e-03
2.602491e+01 1.586261e-02 1.232609e-03
2.602491e+01 1.712846e-02 1.187459e-03
2.602491e+01 1.849533e-02 1.134194e-03
2.602491e+01 1.997127e-02 1.074347e-03
2.602491e+01 2.156500e-02 1.009980e-03
2.602491e+01 2.328591e-02 9.430778e-04
2.602491e+01 2.514415e-02 8.763711e-04
2.602491e+01 2.715068e-02 8.127722e-04
2.602491e+01 2.931733e-02 7.544676e-04
2.602491e+01 3.165689e-02 7.030608e-04
2.602491e+01 3.418314e-02 6.595163e-04
2.602491e+01 3.691099e-02 6.231617e-04
2.602491e+01 3.985652e-02 5.917960e-04
2.602491e+01 4.303711e-02 5.617257e-04
2.602491e+01 4.647152e-02 5.284672e-04
2.602491e+01 5.017999e-02 4.882081e-04
2.602491e+01 5.418441e-02 4.514005e-04
2.602491e+01 5.850838e-02 4.302249e-04
2.602491e+01 6.317741e-02 4.073595e-04
2.602491e+01 6.821903e-02 3.826694e-04
2.602491e+01 7.366298e-02 3.556414e-04
2.602491e+01 7.954136e-02 3.227020e-04
2.602491e+01 8.588885e-02 2.871340e-04
2.602491e+01 9.274286e-02 2.487276e-04
2.602491e+01 1.001438e-01 2.072564e-04
2.602491e+01 1.081354e-01 1.835491e-04
2.602491e+01 1.167647e-01 1.680042e-04
2.602491e+01 1.260827e-01 1.512188e-04
2.602491e+01 1.361442e-01 1.330939e-04
2.602491e+01 1.470087e-01 1.154231e-04
2.602491e+01 1.587401e-01 1.044381e-04
2.602491e+01 1.714077e-01 9.257645e-05
2.602491e+01 1.850862e-01 7.976825e-05
2.602491e+01 1.998563e-01 6.593794e-05
2.602491e+01 2.158051e-01 5.876664e-05
2.602491e+01 2.330265e-01 5.257361e-05
2.602491e+01 2.516223e-01 4.588636e-05
2.602491e+01 2.717020e-01 3.866547e-05
2.602491e+01 2.933841e-01 3.303034e-05
2.602491e+01 3.167964e-01 2.969328e-05
2.602491e+01 3.420771e-01 2.608992e-05
2.602491e+01 3.693752e-01 2.219900e-05
2.602491e+01 3.988518e-01 1.818230e-05
2.602491e+01 4.306805e-01 1.643585e-05
2.602491e+01 4.650493e-01 1.455004e-05
2.602491e+01 5.021607e-01 1.251373e-05
2.602491e+01 5.422336e-01 1.031493e-05
2.602491e+01 5.855044e-01 8.929871e-06
2.602491e+01 6.322283e-01 7.895262e-06
2.602491e+01 6.826808e-01 6.778090e-06
2.602491e+01 7.371594e-01 5.571767e-06
2.602491e+01 7.959855e-01 4.518150e-06
2.602491e+01 8.595059e-01 3.966305e-06
2.602491e+01 9.280954e-01 3.370422e-06
2.602491e+01 1.002158e+00 2.726987e-06
2.602491e+01 1.082132e+00 2.032205e-06
2.602491e+01 1.168487e+00 1.739289e-06
2.602491e+01 1.261733e+00 1.461948e-06
2.602491e+01 1.362421e+00 1.162474e-06
2.602491e+01 1.471144e+00 8.391014e-07
2.602491e+01 1.588542e+00 6.268111e-07
2.602491e+01 1.715310e+00 5.174302e-07
2.602491e+01 1.852193e+00 3.993206e-07
2.602491e+01 2.000000e+00 2.717858e-07
2.656541e+01 1.000000e-03 2.637514e-04
2.656541e+01 1.079801e-03 2.831386e-04
2.656541e+01 1.165970e-03 3.038003e-04
2.656541e+01 1.259016e-03 3.257866e-04
2.656541e+01 1.359487e-03 3.491412e-04
2.656541e+01 1.467975e-03 3.739026e-04
2.656541e+01 1.585121e-03 4.000999e-04
2.656541e+01 1.711615e-03 4.277512e-04
2.656541e+01 1.848204e-03 4.568637e-04
2.656541e+01 1.995693e-03 4.874315e-04
2.656541e+01 2.154951e-03 5.194334e-04
2.656541e+01 2.326918e-03 5.528323e-04
2.656541e+01 2.512609e-03 5.875751e-04
2.656541e+01 2.713117e-03 6.235918e-04
2.656541e+01 2.929627e-03 6.607920e-04
2.656541e+01 3.163414e-03 6.990610e-04
2.656541e+01 3.415858e-03 7.382582e-04
2.656541e+01 3.688447e-03 7.782167e-04
2.656541e+01 3.982789e-03 8.187248e-04
2.656541e+01 4.300619e-03 8.595232e-04
2.656541e+01 4.643813e-03 9.003177e-04
2.656541e+01 5.014394e-03 9.407618e-04
2.656541e+01 5.414548e-03 9.804568e-04
2.656541e+01 5.846635e-03 1.018967e-03
2.656541e+01 6.313202e-03 1.055792e-03
2.656541e+01 6.817002e-03 1.090366e-03
2.656541e+01 7.361006e-03 1.122100e-03
2.656541e+01 7.948422e-03 1.150330e-03
2.656541e+01 8.582714e-03 1.174335e-03
2.656541e+01 9.267624e-03 1.193401e-03
2.656541e+01 1.000719e-02 1.206767e-03
2.656541e+01 1.080577e-02 1.213663e-03
2.656541e+01 1.166809e-02 1.213402e-03
2.656541e+01 1.259921e-02 1.205371e-03
2.656541e+01 1.360464e-02 1.189080e-03
2.656541e+01 1.469030e-02 1.164242e-03
2.656541e+01 1.586261e-02 1.130916e-03
2.656541e+01 1.712846e-02 1.089493e-03
2.656541e+01 1.849533e-02 1.040623e-03
2.656541e+01 1.997127e-02 9.857152e-04
2.656541e+01 2.156500e-02 9.266587e-04
2.656541e+01 2.328591e-02 8.652769e-04
2.656541e+01 2.514415e-02 8.040739e-04
2.656541e+01 2.715068e-02 7.457221e-04
2.656541e+01 2.931733e-02 6.922277e-04
2.656541e+01 3.165689e-02 6.450619e-04
2.656541e+01 3.418314e-02 6.051097e-04
2.656541e+01 3.691099e-02 5.717541e-04
2.656541e+01 3.985652e-02 5.429759e-04
2.656541e+01 4.303711e-02 5.153862e-04
2.656541e+01 4.647152e-02 4.848714e-04
2.656541e+01 5.017999e-02 4.479335e-04
2.656541e+01 5.418441e-02 4.141845e-04
2.656541e+01 5.850838e-02 3.948174e-04
2.656541e+01 6.317741e-02 3.739047e-04
2.656541e+01 6.821903e-02 3.513232e-04
2.656541e+01 7.366298e-02 3.265914e-04
2.656541e+01 7.954136e-02 2.963306e-04
2.656541e+01 8.588885e-02 2.636550e-04
2.656541e+01 9.274286e-02 2.283718e-04
2.656541e+01 1.001438e-01 1.902730e-04
2.656541e+01 1.081354e-01 1.685262e-04
2.656541e+01 1.167647e-01 1.542960e-04
2.656541e+01 1.260827e-01 1.389302e-04
2.656541e+01 1.361442e-01 1.223382e-04
2.656541e+01 1.470087e-01 1.061613e-04
2.656541e+01 1.587401e-01 9.610233e-05
2.656541e+01 1.714077e-01 8.524062e-05
2.656541e+01 1.850862e-01 7.351214e-05
2.656541e+01 1.998563e-01 6.084771e-05
2.656541e+01 2.158051e-01 5.427442e-05
2.656541e+01 2.330265e-01 4.859510e-05
2.656541e+01 2.516223e-01 4.246257e-05
2.656541e+01 2.717020e-01 3.584066e-05
2.656541e+01 2.933841e-01 3.066744e-05
2.656541e+01 3.167964e-01 2.759421e-05
2.656541e+01 3.420771e-01 2.427572e-05
2.656541e+01 3.693752e-01 2.069242e-05
2.656541e+01 3.988518e-01 1.699235e-05
2.656541e+01 4.306805e-01 1.537007e-05
2.656541e+01 4.650493e-01 1.361833e-05
2.656541e+01 5.021607e-01 1.172680e-05
2.656541e+01 5.422336e-01 9.684326e-06
2.656541e+01 5.855044e-01 8.393586e-06
2.656541e+01 6.322283e-01 7.426114e-06
2.656541e+01 6.826808e-01 6.381436e-06
2.656541e+01 7.371594e-01 5.253393e-06
2.656541e+01 7.959855e-01 4.267663e-06
2.656541e+01 8.595059e-01 3.749968e-06
2.656541e+01 9.280954e-01 3.190960e-06
2.656541e+01 1.002158e+00 2.587343e-06
2.656541e+01 1.082132e+00 1.935556e-06
2.656541e+01 1.168487e+00 1.659524e-06
2.656541e+01 1.261733e+00 1.397896e-06
2.656541e+01 1.362421e+00 1.115390e-06
2.656541e+01 1.471144e+00 8.103399e-07
2.656541e+01 1.588542e+00 6.091395e-07
2.656541e+01 1.715310e+00 5.041212e-07
2.656541e+01 1.852193e+00 3.907223e-07
2.656541e+01 2.000000e+00 2.682742e-07
2.711672e+01 1.000000e-03 2.405894e-04
2.711672e+01 1.079801e-03 2.582802e-04
2.711672e+01 1.165970e-03 2.771353e-04
2.711672e+01 1.259016e-03 2.972007e-04
2.711672e+01 1.359487e-03 3.185164e-04
2.711672e+01 1.467975e-03 3.411178e-04
2.711672e+01 1.585121e-03 3.650318e-04
2.711672e+01 1.711615e-03 3.902748e-04
2.711672e+01 1.848204e-03 4.168538e-04
2.711672e+01 1.995693e-03 4.447632e-04
2.711672e+01 2.154951e-03 4.739833e-04
2.711672e+01 2.326918e-03 5.044799e-04
2.711672e+01 2.512609e-03 5.362040e-04
2.711672e+01 2.713117e-03 5.690909e-04
2.711672e+01 2.929627e-03 6.030574e-04
2.711672e+01 3.163414e-03 6.379985e-04
2.711672e+01 3.415858e-03 6.737856e-04
2.711672e+01 3.688447e-03 7.102668e-04
2.711672e+01 3.982789e-03 7.472488e-04
2.711672e+01 4.300619e-03 7.844955e-04
2.711672e+01 4.643813e-03 8.217390e-04
2.711672e+01 5.014394e-03 8.586629e-04
2.711672e+01 5.414548e-03 8.949028e-04
2.711672e+01 5.846635e-03 9.300608e-04
2.711672e+01 6.313202e-03 9.636785e-04
2.711672e+01 6.817002e-03 9.952427e-04
2.711672e+01 7.361006e-03 1.024214e-03
2.711672e+01 7.948422e-03 1.049986e-03
2.711672e+01 8.582714e-03 1.071902e-03
2.711672e+01 9.267624e-03 1.089308e-03
2.711672e+01 1.000719e-02 1.101511e-03
2.711672e+01 1.080577e-02 1.107809e-03
2.711672e+01 1.166809e-02 1.107573e-03
2.711672e+01 1.259921e-02 1.100245e-03
2.711672e+01 1.360464e-02 1.085377e-03
2.711672e+01 1.469030e-02 1.062707e-03
2.711672e+01 1.586261e-02 1.032289e-03
2.711672e+01 1.712846e-02 9.944798e-04
2.711672e+01 1.849533e-02 9.498727e-04
2.711672e+01 1.997127e-02 8.997543e-04
2.711672e+01 2.156500e-02 8.458487e-04
2.711672e+01 2.328591e-02 7.898205e-04
2.711672e+01 2.514415e-02 7.339553e-04
2.711672e+01 2.715068e-02 6.806924e-04
2.711672e+01 2.931733e-02 6.318632e-04
2.711672e+01 3.165689e-02 5.888106e-04
2.711672e+01 3.418314e-02 5.523424e-04
2.711672e+01 3.691099e-02 5.218956e-04
2.711672e+01 3.985652e-02 4.956268e-04
2.711672e+01 4.303711e-02 4.704431e-04
2.711672e+01 4.647152e-02 4.425892e-04
2.711672e+01 5.017999e-02 4.088725e-04
2.711672e+01 5.418441e-02 3.780798e-04
2.711672e+01 5.850838e-02 3.604382e-04
2.711672e+01 6.317741e-02 3.413889e-04
2.711672e+01 6.821903e-02 3.208193e-04
2.711672e+01 7.366298e-02 2.982850e-04
2.711672e+01 7.954136e-02 2.706506e-04
2.711672e+01 8.588885e-02 2.408109e-04
2.711672e+01 9.274286e-02 2.085901e-04
2.711672e+01 1.001438e-01 1.737979e-04
2.711672e+01 1.081354e-01 1.539560e-04
2.711672e+01 1.167647e-01 1.409879e-04
2.711672e+01 1.260827e-01 1.269851e-04
2.711672e+01 1.361442e-01 1.118648e-04
2.711672e+01 1.470087e-01 9.712439e-05
2.711672e+01 1.587401e-01 8.796625e-05
2.711672e+01 1.714077e-01 7.807727e-05
2.711672e+01 1.850862e-01 6.739915e-05
2.711672e+01 1.998563e-01 5.586890e-05
2.711672e+01 2.158051e-01 4.987729e-05
2.711672e+01 2.330265e-01 4.469764e-05
2.711672e+01 2.516223e-01 3.910465e-05
2.711672e+01 2.717020e-01 3.306533e-05
2.711672e+01 2.933841e-01 2.834014e-05
2.711672e+01 3.167964e-01 2.552055e-05
2.711672e+01 3.420771e-01 2.247594e-05
2.711672e+01 3.693752e-01 1.918838e-05
2.711672e+01 3.988518e-01 1.579299e-05
2.711672e+01 4.306805e-01 1.429410e-05
2.711672e+01 4.650493e-01 1.267559e-05
2.711672e+01 5.021607e-01 1.092792e-05
2.711672e+01 5.422336e-01 9.040788e-06
2.711672e+01 5.855044e-01 7.844551e-06
2.711672e+01 6.322283e-01 6.944995e-06
2.711672e+01 6.826808e-01 5.973653e-06
2.711672e+01 7.371594e-01 4.924797e-06
2.711672e+01 7.959855e-01 4.007910e-06
2.711672e+01 8.595059e-01 3.525338e-06
2.711672e+01 9.280954e-01 3.004256e-06
2.711672e+01 1.002158e+00 2.441592e-06
2.711672e+01 1.082132e+00 1.834026e-06
2.711672e+01 1.168487e+00 1.575520e-06
2.711672e+01 1.261733e+00 1.330245e-06
2.711672e+01 1.362421e+00 1.065396e-06
2.711672e+01 1.471144e+00 7.794124e-07
2.711672e+01 1.588542e+00 5.897983e-07
2.711672e+01 1.715310e+00 4.894098e-07
2.711672e+01 1.852193e+00 3.810103e-07
2.711672e+01 2.000000e+00 2.639603e-07
2.767905e+01 1.000000e-03 2.181047e-04
2.767905e+01 1.079801e-03 2.341478e-04
2.767905e+01 1.165970e-03 2.512479e-04
2.767905e+01 1.259016e-03 2.694469e-04
2.767905e+01 1.359487e-03 2.887815e-04
2.767905e+01 1.467975e-03 3.092839e-04
2.767905e+01 1.585121e-03 3.309787e-04
2.767905e+01 1.711615e-03 3.538811e-04
2.767905e+01 1.848204e-03 3.779973e-04
2.767905e+01 1.995693e-03 4.033222e-04
2.767905e+01 2.154951e-03 4.298379e-04
2.767905e+01 2.326918e-03 4.575128e-04
2.767905e+01 2.512609e-03 4.863020e-04
2.767905e+01 2.713117e-03 5.161464e-04
2.767905e+01 2.929627e-03 5.469695e-04
2.767905e+01 3.163414e-03 5.786757e-04
2.767905e+01 3.415858e-03 6.111484e-04
2.767905e+01 3.688447e-03 6.442497e-04
2.767905e+01 3.982789e-03 6.778047e-04
2.767905e+01 4.300619e-03 7.115994e-04
2.767905e+01 4.643813e-03 7.453914e-04
2.767905e+01 5.014394e-03 7.788938e-04
2.767905e+01 5.414548e-03 8.117755e-04
2.767905e+01 5.846635e-03 8.436751e-04
2.767905e+01 6.313202e-03 8.741767e-04
2.767905e+01 6.817002e-03 9.028147e-04
2.767905e+01 7.361006e-03 9.291002e-04
2.767905e+01 7.948422e-03 9.524835e-04
2.767905e+01 8.582714e-03 9.723688e-04
2.767905e+01 9.267624e-03 9.881628e-04
2.767905e+01 1.000719e-02 9.992362e-04
2.767905e+01 1.080577e-02 1.004952e-03
2.767905e+01 1.166809e-02 1.004740e-03
2.767905e+01 1.259921e-02 9.980942e-04
2.767905e+01 1.360464e-02 9.846086e-04
2.767905e+01 1.469030e-02 9.640449e-04
2.767905e+01 1.586261e-02 9.364524e-04
2.767905e+01 1.712846e-02 9.021549e-04
2.767905e+01 1.849533e-02 8.616902e-04
2.767905e+01 1.997127e-02 8.162255e-04
2.767905e+01 2.156500e-02 7.673250e-04
2.767905e+01 2.328591e-02 7.164988e-04
2.767905e+01 2.514415e-02 6.658203e-04
2.767905e+01 2.715068e-02 6.175024e-04
2.767905e+01 2.931733e-02 5.732064e-04
2.767905e+01 3.165689e-02 5.341505e-04
2.767905e+01 3.418314e-02 5.010678e-04
2.767905e+01 3.691099e-02 4.734474e-04
2.767905e+01 3.985652e-02 4.496172e-04
2.767905e+01 4.303711e-02 4.267713e-04
2.767905e+01 4.647152e-02 4.015032e-04
2.767905e+01 5.017999e-02 3.709165e-04
2.767905e+01 5.418441e-02 3.429993e-04
2.767905e+01 5.850838e-02 3.270427e-04
2.767905e+01 6.317741e-02 3.098128e-04
2.767905e+01 6.821903e-02 2.912079e-04
2.767905e+01 7.366298e-02 2.708168e-04
2.767905e+01 7.954136e-02 2.457188e-04
2.767905e+01 8.588885e-02 2.186180e-04
2.767905e+01 9.274286e-02 1.893545e-04
2.767905e+01 1.001438e-01 1.577557e-04
2.767905e+01 1.081354e-01 1.397621e-04
2.767905e+01 1.167647e-01 1.280265e-04
2.767905e+01 1.260827e-01 1.153545e-04
2.767905e+01 1.361442e-01 1.016712e-04
2.767905e+01 1.470087e-01 8.833200e-05
2.767905e+01 1.587401e-01 8.004553e-05
2.767905e+01 1.714077e-01 7.109778e-05
2.767905e+01 1.850862e-01 6.143599e-05
2.767905e+01 1.998563e-01 5.100318e-05
2.767905e+01 2.158051e-01 4.557376e-05
2.767905e+01 2.330265e-01 4.087675e-05
2.767905e+01 2.516223e-01 3.580492e-05
2.767905e+01 2.717020e-01 3.032835e-05
2.767905e+01 2.933841e-01 2.603673e-05
2.767905e+01 3.167964e-01 2.346408e-05
2.767905e+01 3.420771e-01 2.068613e-05
2.767905e+01 3.693752e-01 1.768650e-05
2.767905e+01 3.988518e-01 1.458785e-05
2.767905e+01 4.306805e-01 1.321075e-05
2.767905e+01 4.650493e-01 1.172376e-05
2.767905e+01 5.021607e-01 1.011810e-05
2.767905e+01 5.422336e-01 8.384310e-06
2.767905e+01 5.855044e-01 7.282475e-06
2.767905e+01 6.322283e-01 6.451686e-06
2.767905e+01 6.826808e-01 5.554598e-06
2.767905e+01 7.371594e-01 4.585921e-06
2.767905e+01 7.959855e-01 3.738866e-06
2.767905e+01 8.595059e-01 3.292291e-06
2.767905e+01 9.280954e-01 2.810080e-06
2.767905e+01 1.002158e+00 2.289388e-06
2.767905e+01 1.082132e+00 1.727144e-06
2.767905e+01 1.168487e+00 1.486754e-06
2.767905e+01 1.261733e+00 1.258414e-06
2.767905e+01 1.362421e+00 1.011853e-06
2.767905e+01 1.471144e+00 7.456160e-07
2.767905e+01 1.588542e+00 5.681840e-07
2.767905e+01 1.715310e+00 4.729469e-07
2.767905e+01 1.852193e+00 3.701098e-07
2.767905e+01 2.000000e+00 2.590662e-07
2.825263e+01 1.000000e-03 1.962025e-04
2.825263e+01 1.079801e-03 2.106396e-04
2.825263e+01 1.165970e-03 2.260290e-04
2.825263e+01 1.259016e-03 2.424085e-04
2.825263e+01 1.359487e-03 2.598114e-04
2.825263e+01 1.467975e-03 2.782670e-04
2.825263e+01 1.585121e-03 2.977975e-04
2.825263e+01 1.711615e-03 3.184168e-04
2.825263e+01 1.848204e-03 3.401305e-04
2.825263e+01 1.995693e-03 3.629342e-04
2.825263e+01 2.154951e-03 3.868113e-04
2.825263e+01 2.326918e-03 4.117332e-04
2.825263e+01 2.512609e-03 4.376591e-04
2.825263e+01 2.713117e-03 4.645350e-04
2.825263e+01 2.929627e-03 4.922917e-04
2.825263e+01 3.163414e-03 5.208424e-04
2.825263e+01 3.415858e-03 5.500821e-04
2.825263e+01 3.688447e-03 5.798868e-04
2.825263e+01 3.982789e-03 6.100990e-04
2.825263e+01 4.300619e-03 6.405268e-04
2.825263e+01 4.643813e-03 6.709524e-04
2.825263e+01 5.014394e-03 7.011175e-04
2.825263e+01 5.414548e-03 7.307238e-04
2.825263e+01 5.846635e-03 7.594454e-04
2.825263e+01 6.313202e-03 7.869076e-04
2.825263e+01 6.817002e-03 8.126918e-04
2.825263e+01 7.361006e-03 8.363581e-04
2.825263e+01 7.948422e-03 8.574118e-04
2.825263e+01 8.582714e-03 8.753163e-04
2.825263e+01 9.267624e-03 8.895374e-04
2.825263e+01 1.000719e-02 8.995086e-04
2.825263e+01 1.080577e-02 9.046566e-04
2.825263e+01 1.166809e-02 9.044681e-04
2.825263e+01 1.259921e-02 8.984874e-04
2.825263e+01 1.360464e-02 8.863493e-04
2.825263e+01 1.469030e-02 8.678392e-04
2.825263e+01 1.586261e-02 8.430016e-04
2.825263e+01 1.712846e-02 8.121278e-04
2.825263e+01 1.849533e-02 7.757022e-04
2.825263e+01 1.997127e-02 7.347754e-04
2.825263e+01 2.156500e-02 6.907554e-04
2.825263e+01 2.328591e-02 6.450017e-04
2.825263e+01 2.514415e-02 5.993808e-04
2.825263e+01 2.715068e-02 5.558847e-04
2.825263e+01 2.931733e-02 5.160090e-04
2.825263e+01 3.165689e-02 4.808505e-04
2.825263e+01 3.418314e-02 4.510690e-04
2.825263e+01 3.691099e-02 4.262047e-04
2.825263e+01 3.985652e-02 4.047524e-04
2.825263e+01 4.303711e-02 3.841861e-04
2.825263e+01 4.647152e-02 3.614394e-04
2.825263e+01 5.017999e-02 3.339048e-04
2.825263e+01 5.418441e-02 3.087928e-04
2.825263e+01 5.850838e-02 2.944825e-04
2.825263e+01 6.317741e-02 2.790302e-04
2.825263e+01 6.821903e-02 2.623448e-04
2.825263e+01 7.366298e-02 2.440485e-04
2.825263e+01 7.954136e-02 2.214392e-04
2.825263e+01 8.588885e-02 1.970255e-04
2.825263e+01 9.274286e-02 1.706637e-04
2.825263e+01 1.001438e-01 1.421981e-04
2.825263e+01 1.081354e-01 1.259974e-04
2.825263e+01 1.167647e-01 1.154393e-04
2.825263e+01 1.260827e-01 1.040386e-04
2.825263e+01 1.361442e-01 9.172811e-05
2.825263e+01 1.470087e-01 7.973085e-05
2.825263e+01 1.587401e-01 7.229521e-05
2.825263e+01 1.714077e-01 6.426620e-05
2.825263e+01 1.850862e-01 5.559647e-05
2.825263e+01 1.998563e-01 4.623488e-05
2.825263e+01 2.158051e-01 4.134981e-05
2.825263e+01 2.330265e-01 3.711828e-05
2.825263e+01 2.516223e-01 3.254908e-05
2.825263e+01 2.717020e-01 2.761524e-05
2.825263e+01 2.933841e-01 2.374339e-05
2.825263e+01 3.167964e-01 2.141265e-05
2.825263e+01 3.420771e-01 1.889593e-05
2.825263e+01 3.693752e-01 1.617836e-05
2.825263e+01 3.988518e-01 1.337056e-05
2.825263e+01 4.306805e-01 1.211475e-05
2.825263e+01 4.650493e-01 1.075872e-05
2.825263e+01 5.021607e-01 9.294483e-06
2.825263e+01 5.422336e-01 7.713397e-06
2.825263e+01 5.855044e-01 6.706671e-06
2.825263e+01 6.322283e-01 5.946061e-06
2.825263e+01 6.826808e-01 5.124752e-06
2.825263e+01 7.371594e-01 4.237903e-06
2.825263e+01 7.959855e-01 3.462055e-06
2.825263e+01 8.595059e-01 3.052021e-06
2.825263e+01 9.280954e-01 2.609265e-06
2.825263e+01 1.002158e+00 2.131176e-06
2.825263e+01 1.082132e+00 1.614936e-06
2.825263e+01 1.168487e+00 1.393265e-06
2.825263e+01 1.261733e+00 1.182501e-06
2.825263e+01 1.362421e+00 9.549174e-07
2.825263e+01 1.471144e+00 7.091728e-07
2.825263e+01 1.588542e+00 5.444455e-07
2.825263e+01 1.715310e+00 4.546765e-07
2.825263e+01 1.852193e+00 3.577438e-07
2.825263e+01 2.000000e+00 2.530758e-07
2.883769e+01 1.000000e-03 1.749635e-04
2.883769e+01 1.079801e-03 1.878424e-04
2.883769e+01 1.165970e-03 2.015716e-04
2.883769e+01 1.259016e-03 2.161853e-04
2.883769e+01 1.359487e-03 2.317132e-04
2.883769e+01 1.467975e-03 2.481818e-04
2.883769e+01 1.585121e-03 2.656110e-04
2.883769e+01 1.711615e-03 2.840134e-04
2.883769e+01 1.848204e-03 3.033941e-04
2.883769e+01 1.995693e-03 3.237490e-04
2.883769e+01 2.154951e-03 3.450634e-04
2.883769e+01 2.326918e-03 3.673113e-04
2.883769e+01 2.512609e-03 3.904560e-04
2.883769e+01 2.713117e-03 4.144488e-04
2.883769e+01 2.929627e-03 4.392271e-04
2.883769e+01 3.163414e-03 4.647134e-04
2.883769e+01 3.415858e-03 4.908137e-04
2.883769e+01 3.688447e-03 5.174172e-04
2.883769e+01 3.982789e-03 5.443837e-04
2.883769e+01 4.300619e-03 5.715421e-04
2.883769e+01 4.643813e-03 5.986988e-04
2.883769e+01 5.014394e-03 6.256234e-04
2.883769e+01 5.414548e-03 6.520491e-04
2.883769e+01 5.846635e-03 6.776847e-04
2.883769e+01 6.313202e-03 7.021959e-04
2.883769e+01 6.817002e-03 7.252092e-04
2.883769e+01 7.361006e-03 7.463323e-04
2.883769e+01 7.948422e-03 7.651239e-04
2.883769e+01 8.582714e-03 7.811050e-04
2.883769e+01 9.267624e-03 7.937988e-04
2.883769e+01 1.000719e-02 8.026996e-04
2.883769e+01 1.080577e-02 8.072959e-04
2.883769e+01 1.166809e-02 8.071298e-04
2.883769e+01 1.259921e-02 8.017946e-04
2.883769e+01 1.360464e-02 7.909644e-04
2.883769e+01 1.469030e-02 7.744475e-04
2.883769e+01 1.586261e-02 7.522837e-04
2.883769e+01 1.712846e-02 7.247332e-04
2.883769e+01 1.849533e-02 6.922284e-04
2.883769e+01 1.997127e-02 6.557068e-04
2.883769e+01 2.156500e-02 6.164247e-04
2.883769e+01 2.328591e-02 5.755952e-04
2.883769e+01 2.514415e-02 5.348839e-04
2.883769e+01 2.715068e-02 4.960685e-04
2.883769e+01 2.931733e-02 4.604840e-04
2.883769e+01 3.165689e-02 4.291088e-04
2.883769e+01 3.418314e-02 4.025320e-04
2.883769e+01 3.691099e-02 3.803432e-04
2.883769e+01 3.985652e-02 3.611993e-04
2.883769e+01 4.303711e-02 3.428460e-04
2.883769e+01 4.647152e-02 3.225469e-04
2.883769e+01 5.017999e-02 2.979753e-04
2.883769e+01 5.418441e-02 2.755767e-04
2.883769e+01 5.850838e-02 2.628376e-04
2.883769e+01 6.317741e-02 2.490819e-04
2.883769e+01 6.821903e-02 2.342284e-04
2.883769e+01 7.366298e-02 2.179361e-04
2.883769e+01 7.954136e-02 1.977548e-04
2.883769e+01 8.588885e-02 1.759631e-04
2.883769e+01 9.274286e-02 1.524323e-04
2.883769e+01 1.001438e-01 1.270238e-04
2.883769e+01 1.081354e-01 1.125721e-04
2.883769e+01 1.167647e-01 1.031621e-04
2.883769e+01 1.260827e-01 9.300122e-05
2.883769e+01 1.361442e-01 8.202947e-05
2.883769e+01 1.470087e-01 7.133926e-05
2.883769e+01 1.587401e-01 6.472500e-05
2.883769e+01 1.714077e-01 5.758291e-05
2.883769e+01 1.850862e-01 4.987088e-05
2.883769e+01 1.998563e-01 4.154342e-05
2.883769e+01 2.158051e-01 3.718697e-05
2.883769e+01 2.330265e-01 3.340880e-05
2.883769e+01 2.516223e-01 2.932912e-05
2.883769e+01 2.717020e-01 2.492388e-05
2.883769e+01 2.933841e-01 2.146122e-05
2.883769e+01 3.167964e-01 1.936696e-05
2.883769e+01 3.420771e-01 1.710558e-05
2.883769e+01 3.693752e-01 1.466374e-05
2.883769e+01 3.988518e-01 1.214041e-05
2.883769e+01 4.306805e-01 1.100595e-05
2.883769e+01 4.650493e-01 9.780952e-06
2.883769e+01 5.021607e-01 8.458199e-06
2.883769e+01 5.422336e-01 7.029888e-06
2.883769e+01 5.855044e-01 6.118731e-06
2.883769e+01 6.322283e-01 5.428977e-06
2.883769e+01 6.826808e-01 4.684179e-06
2.883769e+01 7.371594e-01 3.879946e-06
2.883769e+01 7.959855e-01 3.176078e-06
2.883769e+01 8.595059e-01 2.803222e-06
2.883769e+01 9.280954e-01 2.400612e-06
2.883769e+01 1.002158e+00 1.965874e-06
2.883769e+01 1.082132e+00 1.496443e-06
2.883769e+01 1.168487e+00 1.293970e-06
2.883769e+01 1.261733e+00 1.101268e-06
2.883769e+01 1.362421e+00 8.931871e-07
2.883769e+01 1.471144e+00 6.685015e-07
2.883769e+01 1.588542e+00 5.170959e-07
2.883769e+01 1.715310e+00 4.334664e-07
2.883769e+01 1.852193e+00 3.431631e-07
2.883769e+01 2.000000e+00 2.456535e-07
2.943444e+01 1.000000e-03 1.542919e-04
2.943444e+01 1.079801e-03 1.656531e-04
2.943444e+01 1.165970e-03 1.777654e-04
2.943444e+01 1.259016e-03 1.906589e-04
2.943444e+01 1.359487e-03 2.043601e-04
2.943444e+01 1.467975e-03 2.188926e-04
2.943444e+01 1.585121e-03 2.342740e-04
2.943444e+01 1.711615e-03 2.505156e-04
2.943444e+01 1.848204e-03 2.676221e-04
2.943444e+01 1.995693e-03 2.855899e-04
2.943444e+01 2.154951e-03 3.044057e-04
2.943444e+01 2.326918e-03 3.240465e-04
2.943444e+01 2.512609e-03 3.444795e-04
2.943444e+01 2.713117e-03 3.656613e-04
2.943444e+01 2.929627e-03 3.875361e-04
2.943444e+01 3.163414e-03 4.100351e-04
2.943444e+01 3.415858e-03 4.330751e-04
2.943444e+01 3.688447e-03 4.565584e-04
2.943444e+01 3.982789e-03 4.803611e-04
2.943444e+01 4.300619e-03 5.043330e-04
2.943444e+01 4.643813e-03 5.283035e-04
2.943444e+01 5.014394e-03 5.520695e-04
2.943444e+01 5.414548e-03 5.753951e-04
2.943444e+01 5.846635e-03 5.980229e-04
2.943444e+01 6.313202e-03 6.196578e-04
2.943444e+01 6.817002e-03 6.399704e-04
2.943444e+01 7.361006e-03 6.586149e-04
2.943444e+01 7.948422e-03 6.752017e-04
2.943444e+01 8.582714e-03 6.893081e-04
2.943444e+01 9.267624e-03 7.005130e-04
2.943444e+01 1.000719e-02 7.083704e-04
2.943444e+01 1.080577e-02 7.124287e-04
2.943444e+01 1.166809e-02 7.122842e-04
2.943444e+01 1.259921e-02 7.075778e-04
2.943444e+01 1.360464e-02 6.980216e-04
2.943444e+01 1.469030e-02 6.834464e-04
2.943444e+01 1.586261e-02 6.638875e-04
2.943444e+01 1.712846e-02 6.395749e-04
2.943444e+01 1.849533e-02 6.108904e-04
2.943444e+01 1.997127e-02 5.786613e-04
2.943444e+01 2.156500e-02 5.439960e-04
2.943444e+01 2.328591e-02 5.079647e-04
2.943444e+01 2.514415e-02 4.720372e-04
2.943444e+01 2.715068e-02 4.377828e-04
2.943444e+01 2.931733e-02 4.063794e-04
2.943444e+01 3.165689e-02 3.786909e-04
2.943444e+01 3.418314e-02 3.552368e-04
2.943444e+01 3.691099e-02 3.356550e-04
2.943444e+01 3.985652e-02 3.187604e-04
2.943444e+01 4.303711e-02 3.025635e-04
2.943444e+01 4.647152e-02 2.846494e-04
2.943444e+01 5.017999e-02 2.629649e-04
2.943444e+01 5.418441e-02 2.432092e-04
2.943444e+01 5.850838e-02 2.319976e-04
2.943444e+01 6.317741e-02 2.198914e-04
2.943444e+01 6.821903e-02 2.068190e-04
2.943444e+01 7.366298e-02 1.924759e-04
2.943444e+01 7.954136e-02 1.746635e-04
2.943444e+01 8.588885e-02 1.554297e-04
2.943444e+01 9.274286e-02 1.346609e-04
2.943444e+01 1.001438e-01 1.122349e-04
2.943444e+01 1.081354e-01 9.948472e-05
2.943444e+01 1.167647e-01 9.118731e-05
2.943444e+01 1.260827e-01 8.222776e-05
2.943444e+01 1.361442e-01 7.255322e-05
2.943444e+01 1.470087e-01 6.312976e-05
2.943444e+01 1.587401e-01 5.731257e-05
2.943444e+01 1.714077e-01 5.103116e-05
2.943444e+01 1.850862e-01 4.424849e-05
2.943444e+01 1.998563e-01 3.692455e-05
2.943444e+01 2.158051e-01 3.308153e-05
2.943444e+01 2.330265e-01 2.974386e-05
2.943444e+01 2.516223e-01 2.613984e-05
2.943444e+01 2.717020e-01 2.224822e-05
2.943444e+01 2.933841e-01 1.918430e-05
2.943444e+01 3.167964e-01 1.732253e-05
2.943444e+01 3.420771e-01 1.531219e-05
2.943444e+01 3.693752e-01 1.314143e-05
2.943444e+01 3.988518e-01 1.089789e-05
2.943444e+01 4.306805e-01 9.884414e-06
2.943444e+01 4.650493e-01 8.790060e-06
2.943444e+01 5.021607e-01 7.608376e-06
2.943444e+01 5.422336e-01 6.332393e-06
2.943444e+01 5.855044e-01 5.517130e-06
2.943444e+01 6.322283e-01 4.898960e-06
2.943444e+01 6.826808e-01 4.231460e-06
2.943444e+01 7.371594e-01 3.510692e-06
2.943444e+01 7.959855e-01 2.879674e-06
2.943444e+01 8.595059e-01 2.544828e-06
2.943444e+01 9.280954e-01 2.183262e-06
2.943444e+01 1.002158e+00 1.792842e-06
2.943444e+01 1.082132e+00 1.371267e-06
2.943444e+01 1.168487e+00 1.188657e-06
2.943444e+01 1.261733e+00 1.014692e-06
2.943444e+01 1.362421e+00 8.268452e-07
2.943444e+01 1.471144e+00 6.240078e-07
2.943444e+01 1.588542e+00 4.865464e-07
2.943444e+01 1.715310e+00 4.095269e-07
2.943444e+01 1.852193e+00 3.263611e-07
2.943444e+01 2.000000e+00 2.365587e-07
3.004313e+01 1.000000e-03 1.342270e-04
3.004313e+01 1.079801e-03 1.441143e-04
3.004313e+01 1.165970e-03 1.546559e-04
3.004313e+01 1.259016e-03 1.658783e-04
3.004313e+01 1.359487e-03 1.778046e-04
3.004313e+01 1.467975e-03 1.904556e-04
3.004313e+01 1.585121e-03 2.038468e-04
3.004313e+01 1.711615e-03 2.179882e-04
3.004313e+01 1.848204e-03 2.328838e-04
3.004313e+01 1.995693e-03 2.485306e-04
3.004313e+01 2.154951e-03 2.649169e-04
3.004313e+01 2.326918e-03 2.820225e-04
3.004313e+01 2.512609e-03 2.998187e-04
3.004313e+01 2.713117e-03 3.182670e-04
3.004313e+01 2.929627e-03 3.373186e-04
3.004313e+01 3.163414e-03 3.569131e-04
3.004313e+01 3.415858e-03 3.769780e-04
3.004313e+01 3.688447e-03 3.974279e-04
3.004313e+01 3.982789e-03 4.181553e-04
3.004313e+01 4.300619e-03 4.390295e-04
3.004313e+01 4.643813e-03 4.599027e-04
3.004313e+01 5.014394e-03 4.805980e-04
3.004313e+01 5.414548e-03 5.009100e-04
3.004313e+01 5.846635e-03 5.206139e-04
3.004313e+01 6.313202e-03 5.394530e-04
3.004313e+01 6.817002e-03 5.571405e-04
3.004313e+01 7.361006e-03 5.733755e-04
3.004313e+01 7.948422e-03 5.878191e-04
3.004313e+01 8.582714e-03 6.001030e-04
3.004313e+01 9.267624e-03 6.098606e-04
3.004313e+01 1.000719e-02 6.167034e-04
3.004313e+01 1.080577e-02 6.202386e-04
3.004313e+01 1.166809e-02 6.201146e-04
3.004313e+01 1.259921e-02 6.160188e-04
3.004313e+01 1.360464e-02 6.077004e-04
3.004313e+01 1.469030e-02 5.950119e-04
3.004313e+01 1.586261e-02 5.779841e-04
3.004313e+01 1.712846e-02 5.568177e-04
3.004313e+01 1.849533e-02 5.318457e-04
3.004313e+01 1.997127e-02 5.037880e-04
3.004313e+01 2.156500e-02 4.736093e-04
3.004313e+01 2.328591e-02 4.422408e-04
3.004313e+01 2.514415e-02 4.109623e-04
3.004313e+01 2.715068e-02 3.811401e-04
3.004313e+01 2.931733e-02 3.538001e-04
3.004313e+01 3.165689e-02 3.296941e-04
3.004313e+01 3.418314e-02 3.092747e-04
3.004313e+01 3.691099e-02 2.922265e-04
3.004313e+01 3.985652e-02 2.775177e-04
3.004313e+01 4.303711e-02 2.634165e-04
3.004313e+01 4.647152e-02 2.478203e-04
3.004313e+01 5.017999e-02 2.289414e-04
3.004313e+01 5.418441e-02 2.117495e-04
3.004313e+01 5.850838e-02 2.020099e-04
3.004313e+01 6.317741e-02 1.914931e-04
3.004313e+01 6.821903e-02 1.801370e-04
3.004313e+01 7.366298e-02 1.676740e-04
3.004313e+01 7.954136e-02 1.521676e-04
3.004313e+01 8.588885e-02 1.354237e-04
3.004313e+01 9.274286e-02 1.173437e-04
3.004313e+01 1.001438e-01 9.782081e-05
3.004313e+01 1.081354e-01 8.672587e-05
3.004313e+01 1.167647e-01 7.950980e-05
3.004313e+01 1.260827e-01 7.171788e-05
3.004313e+01 1.361442e-01 6.330416e-05
3.004313e+01 1.470087e-01 5.511082e-05
3.004313e+01 1.587401e-01 5.006258e-05
3.004313e+01 1.714077e-01 4.461149e-05
3.004313e+01 1.850862e-01 3.872539e-05
3.004313e+01 1.998563e-01 3.236957e-05
3.004313e+01 2.158051e-01 2.902430e-05
3.004313e+01 2.330265e-01 2.611472e-05
3.004313e+01 2.516223e-01 2.297295e-05
3.004313e+01 2.717020e-01 1.958046e-05
3.004313e+01 2.933841e-01 1.690587e-05
3.004313e+01 3.167964e-01 1.527430e-05
3.004313e+01 3.420771e-01 1.351254e-05
3.004313e+01 3.693752e-01 1.161018e-05
3.004313e+01 3.988518e-01 9.643740e-06
3.004313e+01 4.306805e-01 8.750806e-06
3.004313e+01 4.650493e-01 7.786614e-06
3.004313e+01 5.021607e-01 6.745479e-06
3.004313e+01 5.422336e-01 5.621260e-06
3.004313e+01 5.855044e-01 4.902160e-06
3.004313e+01 6.322283e-01 4.356271e-06
3.004313e+01 6.826808e-01 3.766819e-06
3.004313e+01 7.371594e-01 3.130329e-06
3.004313e+01 7.959855e-01 2.572997e-06
3.004313e+01 8.595059e-01 2.276973e-06
3.004313e+01 9.280954e-01 1.957326e-06
3.004313e+01 1.002158e+00 1.612170e-06
3.004313e+01 1.082132e+00 1.239471e-06
3.004313e+01 1.168487e+00 1.077175e-06
3.004313e+01 1.261733e+00 9.223808e-07
3.004313e+01 1.362421e+00 7.552336e-07
3.004313e+01 1.471144e+00 5.747479e-07
3.004313e+01 1.588542e+00 4.517954e-07
3.004313e+01 1.715310e+00 3.820140e-07
3.004313e+01 1.852193e+00 3.066641e-07
3.004313e+01 2.000000e+00 2.253011e-07
3.066399e+01 1.000000e-03 1.146657e-04
3.066399e+01 1.079801e-03 1.231150e-04
3.066399e+01 1.165970e-03 1.321242e-04
3.066399e+01 1.259016e-03 1.417159e-04
3.066399e+01 1.359487e-03 1.519101e-04
3.066399e+01 1.467975e-03 1.627246e-04
3.066399e+01 1.585121e-03 1.741730e-04
3.066399e+01 1.711615e-03 1.862637e-04
3.066399e+01 1.848204e-03 1.990004e-04
3.066399e+01 1.995693e-03 2.123805e-04
3.066399e+01 2.154951e-03 2.263939e-04
3.066399e+01 2.326918e-03 2.410233e-04
3.066399e+01 2.512609e-03 2.562437e-04
3.066399e+01 2.713117e-03 2.720221e-04
3.066399e+01 2.929627e-03 2.883161e-04
3.066399e+01 3.163414e-03 3.050738e-04
3.066399e+01 3.415858e-03 3.222332e-04
3.066399e+01 3.688447e-03 3.397210e-04
3.066399e+01 3.982789e-03 3.574453e-04
3.066399e+01 4.300619e-03 3.752949e-04
3.066399e+01 4.643813e-03 3.931436e-04
3.066399e+01 5.014394e-03 4.108405e-04
3.066399e+01 5.414548e-03 4.282095e-04
3.066399e+01 5.846635e-03 4.450585e-04
3.066399e+01 6.313202e-03 4.611675e-04
3.066399e+01 6.817002e-03 4.762918e-04
3.066399e+01 7.361006e-03 4.901742e-04
3.066399e+01 7.948422e-03 5.025250e-04
3.066399e+01 8.582714e-03 5.130293e-04
3.066399e+01 9.267624e-03 5.213734e-04
3.066399e+01 1.000719e-02 5.272254e-04
3.066399e+01 1.080577e-02 5.302495e-04
3.066399e+01 1.166809e-02 5.301452e-04
3.066399e+01 1.259921e-02 5.266451e-04
3.066399e+01 1.360464e-02 5.195347e-04
3.066399e+01 1.469030e-02 5.086874e-04
3.066399e+01 1.586261e-02 4.941301e-04
3.066399e+01 1.712846e-02 4.760348e-04
3.066399e+01 1.849533e-02 4.546864e-04
3.066399e+01 1.997127e-02 4.307006e-04
3.066399e+01 2.156500e-02 4.049013e-04
3.066399e+01 2.328591e-02 3.780843e-04
3.066399e+01 2.514415e-02 3.513437e-04
3.066399e+01 2.715068e-02 3.258481e-04
3.066399e+01 2.931733e-02 3.024744e-04
3.066399e+01 3.165689e-02 2.818656e-04
3.066399e+01 3.418314e-02 2.644084e-04
3.066399e+01 3.691099e-02 2.498335e-04
3.066399e+01 3.985652e-02 2.372585e-04
3.066399e+01 4.303711e-02 2.252028e-04
3.066399e+01 4.647152e-02 2.118692e-04
3.066399e+01 5.017999e-02 1.957291e-04
3.066399e+01 5.418441e-02 1.810429e-04
3.066399e+01 5.850838e-02 1.727486e-04
3.066399e+01 6.317741e-02 1.637925e-04
3.066399e+01 6.821903e-02 1.541216e-04
3.066399e+01 7.366298e-02 1.435030e-04
3.066399e+01 7.954136e-02 1.302397e-04
3.066399e+01 8.588885e-02 1.159180e-04
3.066399e+01 9.274286e-02 1.004535e-04
3.066399e+01 1.001438e-01 8.375479e-05
3.066399e+01 1.081354e-01 7.426740e-05
3.066399e+01 1.167647e-01 6.809917e-05
3.066399e+01 1.260827e-01 6.143872e-05
3.066399e+01 1.361442e-01 5.424675e-05
3.066399e+01 1.470087e-01 4.724627e-05
3.066399e+01 1.587401e-01 4.294764e-05
3.066399e+01 1.714077e-01 3.830598e-05
3.066399e+01 1.850862e-01 3.329390e-05
3.066399e+01 1.998563e-01 2.788185e-05
3.066399e+01 2.158051e-01 2.502185e-05
3.066399e+01 2.330265e-01 2.252964e-05
3.066399e+01 2.516223e-01 1.983854e-05
3.066399e+01 2.717020e-01 1.693270e-05
3.066399e+01 2.933841e-01 1.463785e-05
3.066399e+01 3.167964e-01 1.323113e-05
3.066399e+01 3.420771e-01 1.171214e-05
3.066399e+01 3.693752e-01 1.007195e-05
3.066399e+01 3.988518e-01 8.376349e-06
3.066399e+01 4.306805e-01 7.604290e-06
3.066399e+01 4.650493e-01 6.770619e-06
3.066399e+01 5.021607e-01 5.870421e-06
3.066399e+01 5.422336e-01 4.898385e-06
3.066399e+01 5.855044e-01 4.275737e-06
3.066399e+01 6.322283e-01 3.802365e-06
3.066399e+01 6.826808e-01 3.291218e-06
3.066399e+01 7.371594e-01 2.739281e-06
3.066399e+01 7.959855e-01 2.255980e-06
3.066399e+01 8.595059e-01 1.999259e-06
3.066399e+01 9.280954e-01 1.722052e-06
3.066399e+01 1.002158e+00 1.422724e-06
3.066399e+01 1.082132e+00 1.099508e-06
3.066399e+01 1.168487e+00 9.581145e-07
3.066399e+01 1.261733e+00 8.231198e-07
3.066399e+01 1.362421e+00 6.773523e-07
3.066399e+01 1.471144e+00 5.199525e-07
3.066399e+01 1.588542e+00 4.121740e-07
3.066399e+01 1.715310e+00 3.502376e-07
3.066399e+01 1.852193e+00 2.833585e-07
3.066399e+01 2.000000e+00 2.111425e-07
3.129727e+01 1.000000e-03 9.564355e-05
3.129727e+01 1.079801e-03 1.026938e-04
3.129727e+01 1.165970e-03 1.102116e-04
3.129727e+01 1.259016e-03 1.182161e-04
3.129727e+01 1.359487e-03 1.267242e-04
3.129727e+01 1.467975e-03 1.357507e-04
3.129727e+01 1.585121e-03 1.453072e-04
3.129727e+01 1.711615e-03 1.554007e-04
3.129727e+01 1.848204e-03 1.660345e-04
3.129727e+01 1.995693e-03 1.772064e-04
3.129727e+01 2.154951e-03 1.889079e-04
3.129727e+01 2.326918e-03 2.011245e-04
3.129727e+01 2.512609e-03 2.138351e-04
3.129727e+01 2.713117e-03 2.270118e-04
3.129727e+01 2.929627e-03 2.406190e-04
3.129727e+01 3.163414e-03 2.546130e-04
3.129727e+01 3.415858e-03 2.689418e-04
3.129727e+01 3.688447e-03 2.835441e-04
3.129727e+01 3.982789e-03 2.983432e-04
3.129727e+01 4.300619e-03 3.132465e-04
3.129727e+01 4.643813e-03 3.281493e-04
3.129727e+01 5.014394e-03 3.429254e-04
3.129727e+01 5.414548e-03 3.574278e-04
3.129727e+01 5.846635e-03 3.714958e-04
3.129727e+01 6.313202e-03 3.849458e-04
3.129727e+01 6.817002e-03 3.975735e-04
3.129727e+01 7.361006e-03 4.091644e-04
3.129727e+01 7.948422e-03 4.194767e-04
3.129727e+01 8.582714e-03 4.282474e-04
3.129727e+01 9.267624e-03 4.352147e-04
3.129727e+01 1.000719e-02 4.401014e-04
3.129727e+01 1.080577e-02 4.426273e-04
3.129727e+01 1.166809e-02 4.425417e-04
3.129727e+01 1.259921e-02 4.396213e-04
3.129727e+01 1.360464e-02 4.336867e-04
3.129727e+01 1.469030e-02 4.246323e-04
3.129727e+01 1.586261e-02 4.124805e-04
3.129727e+01 1.712846e-02 3.973754e-04
3.129727e+01 1.849533e-02 3.795553e-04
3.129727e+01 1.997127e-02 3.595338e-04
3.129727e+01 2.156500e-02 3.379985e-04
3.129727e+01 2.328591e-02 3.156132e-04
3.129727e+01 2.514415e-02 2.932914e-04
3.129727e+01 2.715068e-02 2.720085e-04
3.129727e+01 2.931733e-02 2.524969e-04
3.129727e+01 3.165689e-02 2.352935e-04
3.129727e+01 3.418314e-02 2.207207e-04
3.129727e+01 3.691099e-02 2.085540e-04
3.129727e+01 3.985652e-02 1.980567e-04
3.129727e+01 4.303711e-02 1.879930e-04
3.129727e+01 4.647152e-02 1.768624e-04
3.129727e+01 5.017999e-02 1.633892e-04
3.129727e+01 5.418441e-02 1.511361e-04
3.129727e+01 5.850838e-02 1.442304e-04
3.129727e+01 6.317741e-02 1.367736e-04
3.129727e+01 6.821903e-02 1.287218e-04
3.129727e+01 7.366298e-02 1.198789e-04
3.129727e+01 7.954136e-02 1.088137e-04
3.129727e+01 8.588885e-02 9.686558e-05
3.129727e+01 9.274286e-02 8.396394e-05
3.129727e+01 1.001438e-01 7.003274e-05
3.129727e+01 1.081354e-01 6.211475e-05
3.129727e+01 1.167647e-01 5.696421e-05
3.129727e+01 1.260827e-01 5.140266e-05
3.129727e+01 1.361442e-01 4.539728e-05
3.129727e+01 1.470087e-01 3.955408e-05
3.129727e+01 1.587401e-01 3.597684e-05
3.129727e+01 1.714077e-01 3.211414e-05
3.129727e+01 1.850862e-01 2.794318e-05
3.129727e+01 1.998563e-01 2.343939e-05
3.129727e+01 2.158051e-01 2.105171e-05
3.129727e+01 2.330265e-01 1.896797e-05
3.129727e+01 2.516223e-01 1.671795e-05
3.129727e+01 2.717020e-01 1.428837e-05
3.129727e+01 2.933841e-01 1.236644e-05
3.129727e+01 3.167964e-01 1.118274e-05
3.129727e+01 3.420771e-01 9.904587e-06
3.129727e+01 3.693752e-01 8.524433e-06
3.129727e+01 3.988518e-01 7.097537e-06
3.129727e+01 4.306805e-01 6.445989e-06
3.129727e+01 4.650493e-01 5.742448e-06
3.129727e+01 5.021607e-01 4.982763e-06
3.129727e+01 5.422336e-01 4.162455e-06
3.129727e+01 5.855044e-01 3.636554e-06
3.129727e+01 6.322283e-01 3.236387e-06
3.129727e+01 6.826808e-01 2.804287e-06
3.129727e+01 7.371594e-01 2.337704e-06
3.129727e+01 7.959855e-01 1.929121e-06
3.129727e+01 8.595059e-01 1.712022e-06
3.129727e+01 9.280954e-01 1.477598e-06
3.129727e+01 1.002158e+00 1.224467e-06
3.129727e+01 1.082132e+00 9.511365e-07
3.129727e+01 1.168487e+00 8.311487e-07
3.129727e+01 1.261733e+00 7.165038e-07
3.129727e+01 1.362421e+00 5.927101e-07
3.129727e+01 1.471144e+00 4.590375e-07
3.129727e+01 1.588542e+00 3.670773e-07
3.129727e+01 1.715310e+00 3.136389e-07
3.129727e+01 1.852193e+00 2.559361e-07
3.129727e+01 2.000000e+00 1.936286e-07
3.194322e+01 1.000000e-03 7.712550e-05
3.194322e+01 1.079801e-03 8.281269e-05
3.194322e+01 1.165970e-03 8.887753e-05
3.194322e+01 1.259016e-03 9.533552e-05
3.194322e+01 1.359487e-03 1.022003e-04
3.194322e+01 1.467975e-03 1.094841e-04
3.194322e+01 1.585121e-03 1.171962e-04
3.194322e+01 1.711615e-03 1.253425e-04
3.194322e+01 1.848204e-03 1.339256e-04
3.194322e+01 1.995693e-03 1.429438e-04
3.194322e+01 2.154951e-03 1.523902e-04
3.194322e+01 2.326918e-03 1.622531e-04
3.194322e+01 2.512609e-03 1.725152e-04
3.194322e+01 2.713117e-03 1.831538e-04
3.194322e+01 2.929627e-03 1.941399e-04
3.194322e+01 3.163414e-03 2.054379e-04
3.194322e+01 3.415858e-03 2.170057e-04
3.194322e+01 3.688447e-03 2.287938e-04
3.194322e+01 3.982789e-03 2.407401e-04
3.194322e+01 4.300619e-03 2.527703e-04
3.194322e+01 4.643813e-03 2.648001e-04
3.194322e+01 5.014394e-03 2.767277e-04
3.194322e+01 5.414548e-03 2.884345e-04
3.194322e+01 5.846635e-03 2.997904e-04
3.194322e+01 6.313202e-03 3.106473e-04
3.194322e+01 6.817002e-03 3.208404e-04
3.194322e+01 7.361006e-03 3.301967e-04
3.194322e+01 7.948422e-03 3.385210e-04
3.194322e+01 8.582714e-03 3.456010e-04
3.194322e+01 9.267624e-03 3.512254e-04
3.194322e+01 1.000719e-02 3.551706e-04
3.194322e+01 1.080577e-02 3.572103e-04
3.194322e+01 1.166809e-02 3.571425e-04
3.194322e+01 1.259921e-02 3.547867e-04
3.194322e+01 1.360464e-02 3.499981e-04
3.194322e+01 1.469030e-02 3.426913e-04
3.194322e+01 1.586261e-02 3.328845e-04
3.194322e+01 1.712846e-02 3.206945e-04
3.194322e+01 1.849533e-02 3.063136e-04
3.194322e+01 1.997127e-02 2.901565e-04
3.194322e+01 2.156500e-02 2.727775e-04
3.194322e+01 2.328591e-02 2.547123e-04
3.194322e+01 2.514415e-02 2.366980e-04
3.194322e+01 2.715068e-02 2.195220e-04
3.194322e+01 2.931733e-02 2.037755e-04
3.194322e+01 3.165689e-02 1.898916e-04
3.194322e+01 3.418314e-02 1.781309e-04
3.194322e+01 3.691099e-02 1.683118e-04
3.194322e+01 3.985652e-02 1.598401e-04
3.194322e+01 4.303711e-02 1.517182e-04
3.194322e+01 4.647152e-02 1.427354e-04
3.194322e+01 5.017999e-02 1.318620e-04
3.194322e+01 5.418441e-02 1.219801e-04
3.194322e+01 5.850838e-02 1.164260e-04
3.194322e+01 6.317741e-02 1.104287e-04
3.194322e+01 6.821903e-02 1.039528e-04
3.194322e+01 7.366298e-02 9.683808e-05
3.194322e+01 7.954136e-02 8.790997e-05
3.194322e+01 8.588885e-02 7.826938e-05
3.194322e+01 9.274286e-02 6.785946e-05
3.194322e+01 1.001438e-01 5.661882e-05
3.194322e+01 1.081354e-01 5.022911e-05
3.194322e+01 1.167647e-01 4.607184e-05
3.194322e+01 1.260827e-01 4.158282e-05
3.194322e+01 1.361442e-01 3.673557e-05
3.194322e+01 1.470087e-01 3.202084e-05
3.194322e+01 1.587401e-01 2.914212e-05
3.194322e+01 1.714077e-01 2.603369e-05
3.194322e+01 1.850862e-01 2.267719e-05
3.194322e+01 1.998563e-01 1.905285e-05
3.194322e+01 2.158051e-01 1.712454e-05
3.194322e+01 2.330265e-01 1.543890e-05
3.194322e+01 2.516223e-01 1.361874e-05
3.194322e+01 2.717020e-01 1.165333e-05
3.194322e+01 2.933841e-01 1.009633e-05
3.194322e+01 3.167964e-01 9.133478e-06
3.194322e+01 3.420771e-01 8.093786e-06
3.194322e+01 3.693752e-01 6.971125e-06
3.194322e+01 3.988518e-01 5.810335e-06
3.194322e+01 4.306805e-01 5.278730e-06
3.194322e+01 4.650493e-01 4.704701e-06
3.194322e+01 5.021607e-01 4.084865e-06
3.194322e+01 5.422336e-01 3.415565e-06
3.194322e+01 5.855044e-01 2.986394e-06
3.194322e+01 6.322283e-01 2.659766e-06
3.194322e+01 6.826808e-01 2.307073e-06
3.194322e+01 7.371594e-01 1.926234e-06
3.194322e+01 7.959855e-01 1.592752e-06
3.194322e+01 8.595059e-01 1.415604e-06
3.194322e+01 9.280954e-01 1.224320e-06
3.194322e+01 1.002158e+00 1.017771e-06
3.194322e+01 1.082132e+00 7.947385e-07
3.194322e+01 1.168487e+00 6.965219e-07
3.194322e+01 1.261733e+00 6.026140e-07
3.194322e+01 1.362421e+00 5.012120e-07
3.194322e+01 1.471144e+00 3.917181e-07
3.194322e+01 1.588542e+00 3.160749e-07
3.194322e+01 1.715310e+00 2.716832e-07
3.194322e+01 1.852193e+00 2.237489e-07
3.194322e+01 2.000000e+00 1.719894e-07
3.260208e+01 1.000000e-03 5.909965e-05
3.260208e+01 1.079801e-03 6.345918e-05
3.260208e+01 1.165970e-03 6.810853e-05
3.260208e+01 1.259016e-03 7.305965e-05
3.260208e+01 1.359487e-03 7.832308e-05
3.260208e+01 1.467975e-03 8.390828e-05
3.260208e+01 1.585121e-03 8.982247e-05
3.260208e+01 1.711615e-03 9.607020e-05
3.260208e+01 1.848204e-03 1.026536e-04
3.260208e+01 1.995693e-03 1.095713e-04
3.260208e+01 2.154951e-03 1.168181e-04
3.260208e+01 2.326918e-03 1.243848e-04
3.260208e+01 2.512609e-03 1.322582e-04
3.260208e+01 2.713117e-03 1.404207e-04
3.260208e+01 2.929627e-03 1.488497e-04
3.260208e+01 3.163414e-03 1.575177e-04
3.260208e+01 3.415858e-03 1.663925e-04
3.260208e+01 3.688447e-03 1.754357e-04
3.260208e+01 3.982789e-03 1.845999e-04
3.260208e+01 4.300619e-03 1.938281e-04
3.260208e+01 4.643813e-03 2.030560e-04
3.260208e+01 5.014394e-03 2.122057e-04
3.260208e+01 5.414548e-03 2.211859e-04
3.260208e+01 5.846635e-03 2.298969e-04
3.260208e+01 6.313202e-03 2.382251e-04
3.260208e+01 6.817002e-03 2.460440e-04
3.260208e+01 7.361006e-03 2.532211e-04
3.260208e+01 7.948422e-03 2.596066e-04
3.260208e+01 8.582714e-03 2.650377e-04
3.260208e+01 9.267624e-03 2.693524e-04
3.260208e+01 1.000719e-02 2.723791e-04
3.260208e+01 1.080577e-02 2.739445e-04
3.260208e+01 1.166809e-02 2.738934e-04
3.260208e+01 1.259921e-02 2.720876e-04
3.260208e+01 1.360464e-02 2.684158e-04
3.260208e+01 1.469030e-02 2.628126e-04
3.260208e+01 1.586261e-02 2.552919e-04
3.260208e+01 1.712846e-02 2.459435e-04
3.260208e+01 1.849533e-02 2.349151e-04
3.260208e+01 1.997127e-02 2.225246e-04
3.260208e+01 2.156500e-02 2.091970e-04
3.260208e+01 2.328591e-02 1.953430e-04
3.260208e+01 2.514415e-02 1.815277e-04
3.260208e+01 2.715068e-02 1.683553e-04
3.260208e+01 2.931733e-02 1.562791e-04
3.260208e+01 3.165689e-02 1.456314e-04
3.260208e+01 3.418314e-02 1.366119e-04
3.260208e+01 3.691099e-02 1.290814e-04
3.260208e+01 3.985652e-02 1.225843e-04
3.260208e+01 4.303711e-02 1.163555e-04
3.260208e+01 4.647152e-02 1.094664e-04
3.260208e+01 5.017999e-02 1.011274e-04
3.260208e+01 5.418441e-02 9.355426e-05
3.260208e+01 5.850838e-02 8.930983e-05
3.260208e+01 6.317741e-02 8.472669e-05
3.260208e+01 6.821903e-02 7.977781e-05
3.260208e+01 7.366298e-02 7.433870e-05
3.260208e+01 7.954136e-02 6.749239e-05
3.260208e+01 8.588885e-02 6.009974e-05
3.260208e+01 9.274286e-02 5.211714e-05
3.260208e+01 1.001438e-01 4.349753e-05
3.260208e+01 1.081354e-01 3.859798e-05
3.260208e+01 1.167647e-01 3.541047e-05
3.260208e+01 1.260827e-01 3.196859e-05
3.260208e+01 1.361442e-01 2.825204e-05
3.260208e+01 1.470087e-01 2.463789e-05
3.260208e+01 1.587401e-01 2.243491e-05
3.260208e+01 1.714077e-01 2.005614e-05
3.260208e+01 1.850862e-01 1.748753e-05
3.260208e+01 1.998563e-01 1.471394e-05
3.260208e+01 2.158051e-01 1.323359e-05
3.260208e+01 2.330265e-01 1.193764e-05
3.260208e+01 2.516223e-01 1.053826e-05
3.260208e+01 2.717020e-01 9.027218e-06
3.260208e+01 2.933841e-01 7.828317e-06
3.260208e+01 3.167964e-01 7.083709e-06
3.260208e+01 3.420771e-01 6.279680e-06
3.260208e+01 3.693752e-01 5.411489e-06
3.260208e+01 3.988518e-01 4.513790e-06
3.260208e+01 4.306805e-01 4.102356e-06
3.260208e+01 4.650493e-01 3.658089e-06
3.260208e+01 5.021607e-01 3.178369e-06
3.260208e+01 5.422336e-01 2.660367e-06
3.260208e+01 5.855044e-01 2.327974e-06
3.260208e+01 6.322283e-01 2.074814e-06
3.260208e+01 6.826808e-01 1.801452e-06
3.260208e+01 7.371594e-01 1.506276e-06
3.260208e+01 7.959855e-01 1.247837e-06
3.260208e+01 8.595059e-01 1.110649e-06
3.260208e+01 9.280954e-01 9.625125e-07
3.260208e+01 1.002158e+00 8.025548e-07
3.260208e+01 1.082132e+00 6.298322e-07
3.260208e+01 1.168487e+00 5.536539e-07
3.260208e+01 1.261733e+00 4.807930e-07
3.260208e+01 1.362421e+00 4.021178e-07
3.260208e+01 1.471144e+00 3.171642e-07
3.260208e+01 1.588542e+00 2.582858e-07
3.260208e+01 1.715310e+00 2.234742e-07
3.260208e+01 1.852193e+00 1.858846e-07
3.260208e+01 2.000000e+00 1.452954e-07
3.327412e+01 1.000000e-03 4.151294e-05
3.327412e+01 1.079801e-03 4.457626e-05
3.327412e+01 1.165970e-03 4.784347e-05
3.327412e+01 1.259016e-03 5.132301e-05
3.327412e+01 1.359487e-03 5.502235e-05
3.327412e+01 1.467975e-03 5.894820e-05
3.327412e+01 1.585121e-03 6.310569e-05
3.327412e+01 1.711615e-03 6.749807e-05
3.327412e+01 1.848204e-03 7.212688e-05
3.327412e+01 1.995693e-03 7.699121e-05
3.327412e+01 2.154951e-03 8.208736e-05
3.327412e+01 2.326918e-03 8.740883e-05
3.327412e+01 2.512609e-03 9.294628e-05
3.327412e+01 2.713117e-03 9.868719e-05
3.327412e+01 2.929627e-03 1.046155e-04
3.327412e+01 3.163414e-03 1.107119e-04
3.327412e+01 3.415858e-03 1.169534e-04
3.327412e+01 3.688447e-03 1.233130e-04
3.327412e+01 3.982789e-03 1.297573e-04
3.327412e+01 4.300619e-03 1.362465e-04
3.327412e+01 4.643813e-03 1.427355e-04
3.327412e+01 5.014394e-03 1.491694e-04
3.327412e+01 5.414548e-03 1.554842e-04
3.327412e+01 5.846635e-03 1.616097e-04
3.327412e+01 6.313202e-03 1.674659e-04
3.327412e+01 6.817002e-03 1.729640e-04
3.327412e+01 7.361006e-03 1.780108e-04
3.327412e+01 7.948422e-03 1.825010e-04
3.327412e+01 8.582714e-03 1.863202e-04
3.327412e+01 9.267624e-03 1.893544e-04
3.327412e+01 1.000719e-02 1.914831e-04
3.327412e+01 1.080577e-02 1.925843e-04
3.327412e+01 1.166809e-02 1.925491e-04
3.327412e+01 1.259921e-02 1.912802e-04
3.327412e+01 1.360464e-02 1.886994e-04
3.327412e+01 1.469030e-02 1.847606e-04
3.327412e+01 1.586261e-02 1.794737e-04
3.327412e+01 1.712846e-02 1.729019e-04
3.327412e+01 1.849533e-02 1.651491e-04
3.327412e+01 1.997127e-02 1.564387e-04
3.327412e+01 2.156500e-02 1.470695e-04
3.327412e+01 2.328591e-02 1.373301e-04
3.327412e+01 2.514415e-02 1.276179e-04
3.327412e+01 2.715068e-02 1.183575e-04
3.327412e+01 2.931733e-02 1.098677e-04
3.327412e+01 3.165689e-02 1.023822e-04
3.327412e+01 3.418314e-02 9.604131e-05
3.327412e+01 3.691099e-02 9.074723e-05
3.327412e+01 3.985652e-02 8.617959e-05
3.327412e+01 4.303711e-02 8.180060e-05
3.327412e+01 4.647152e-02 7.695743e-05
3.327412e+01 5.017999e-02 7.109492e-05
3.327412e+01 5.418441e-02 6.577303e-05
3.327412e+01 5.850838e-02 6.279520e-05
3.327412e+01 6.317741e-02 5.957973e-05
3.327412e+01 6.821903e-02 5.610767e-05
3.327412e+01 7.366298e-02 5.229141e-05
3.327412e+01 7.954136e-02 4.748517e-05
3.327412e+01 8.588885e-02 4.229539e-05
3.327412e+01 9.274286e-02 3.669147e-05
3.327412e+01 1.001438e-01 3.064034e-05
3.327412e+01 1.081354e-01 2.719747e-05
3.327412e+01 1.167647e-01 2.495465e-05
3.327412e+01 1.260827e-01 2.253285e-05
3.327412e+01 1.361442e-01 1.991778e-05
3.327412e+01 1.470087e-01 1.737580e-05
3.327412e+01 1.587401e-01 1.583126e-05
3.327412e+01 1.714077e-01 1.416345e-05
3.327412e+01 1.850862e-01 1.236255e-05
3.327412e+01 1.998563e-01 1.041794e-05
3.327412e+01 2.158051e-01 9.376137e-06
3.327412e+01 2.330265e-01 8.462521e-06
3.327412e+01 2.516223e-01 7.475998e-06
3.327412e+01 2.717020e-01 6.410749e-06
3.327412e+01 2.933841e-01 5.564223e-06
3.327412e+01 3.167964e-01 5.036163e-06
3.327412e+01 3.420771e-01 4.465963e-06
3.327412e+01 3.693752e-01 3.850261e-06
3.327412e+01 3.988518e-01 3.213622e-06
3.327412e+01 4.306805e-01 2.921691e-06
3.327412e+01 4.650493e-01 2.606463e-06
3.327412e+01 5.021607e-01 2.266079e-06
3.327412e+01 5.422336e-01 1.898533e-06
3.327412e+01 5.855044e-01 1.662494e-06
3.327412e+01 6.322283e-01 1.482570e-06
3.327412e+01 6.826808e-01 1.288289e-06
3.327412e+01 7.371594e-01 1.078503e-06
3.327412e+01 7.959855e-01 8.949221e-07
3.327412e+01 8.595059e-01 7.977448e-07
3.327412e+01 9.280954e-01 6.928126e-07
3.327412e+01 1.002158e+00 5.795068e-07
3.327412e+01 1.082132e+00 4.571590e-07
3.327412e+01 1.168487e+00 4.030960e-07
3.327412e+01 1.261733e+00 3.513661e-07
3.327412e+01 1.362421e+00 2.955082e-07
3.327412e+01 1.471144e+00 2.351927e-07
3.327412e+01 1.588542e+00 1.933240e-07
3.327412e+01 1.715310e+00 1.684793e-07
3.327412e+01 1.852193e+00 1.416519e-07
3.327412e+01 2.000000e+00 1.126837e-07
3.395961e+01 1.000000e-03 2.501470e-05
3.395961e+01 1.079801e-03 2.686124e-05
3.395961e+01 1.165970e-03 2.883083e-05
3.395961e+01 1.259016e-03 3.092858e-05
3.395961e+01 1.359487e-03 3.315904e-05
3.395961e+01 1.467975e-03 3.552628e-05
3.395961e+01 1.585121e-03 3.803344e-05
3.395961e+01 1.711615e-03 4.068252e-05
3.395961e+01 1.848204e-03 4.347446e-05
3.395961e+01 1.995693e-03 4.640874e-05
3.395961e+01 2.154951e-03 4.948312e-05
3.395961e+01 2.326918e-03 5.269367e-05
3.395961e+01 2.512609e-03 5.603471e-05
3.395961e+01 2.713117e-03 5.949861e-05
3.395961e+01 2.929627e-03 6.307561e-05
3.395961e+01 3.163414e-03 6.675392e-05
3.395961e+01 3.415858e-03 7.051965e-05
3.395961e+01 3.688447e-03 7.435641e-05
3.395961e+01 3.982789e-03 7.824410e-05
3.395961e+01 4.300619e-03 8.215873e-05
3.395961e+01 4.643813e-03 8.607315e-05
3.395961e+01 5.014394e-03 8.995444e-05
3.395961e+01 5.414548e-03 9.376384e-05
3.395961e+01 5.846635e-03 9.745903e-05
3.395961e+01 6.313202e-03 1.009918e-04
3.395961e+01 6.817002e-03 1.043085e-04
3.395961e+01 7.361006e-03 1.073529e-04
3.395961e+01 7.948422e-03 1.100617e-04
3.395961e+01 8.582714e-03 1.123656e-04
3.395961e+01 9.267624e-03 1.141961e-04
3.395961e+01 1.000719e-02 1.154804e-04
3.395961e+01 1.080577e-02 1.161450e-04
3.395961e+01 1.166809e-02 1.161242e-04
3.395961e+01 1.259921e-02 1.153593e-04
3.395961e+01 1.360464e-02 1.138032e-04
3.395961e+01 1.469030e-02 1.114280e-04
3.395961e+01 1.586261e-02 1.082397e-04
3.395961e+01 1.712846e-02 1.042765e-04
3.395961e+01 1.849533e-02 9.960100e-05
3.395961e+01 1.997127e-02 9.434798e-05
3.395961e+01 2.156500e-02 8.869759e-05
3.395961e+01 2.328591e-02 8.282387e-05
3.395961e+01 2.514415e-02 7.696652e-05
3.395961e+01 2.715068e-02 7.138163e-05
3.395961e+01 2.931733e-02 6.626150e-05
3.395961e+01 3.165689e-02 6.174700e-05
3.395961e+01 3.418314e-02 5.792280e-05
3.395961e+01 3.691099e-02 5.472993e-05
3.395961e+01 3.985652e-02 5.197517e-05
3.395961e+01 4.303711e-02 4.933419e-05
3.395961e+01 4.647152e-02 4.641325e-05
3.395961e+01 5.017999e-02 4.287757e-05
3.395961e+01 5.418441e-02 3.966989e-05
3.395961e+01 5.850838e-02 3.787941e-05
3.395961e+01 6.317741e-02 3.594604e-05
3.395961e+01 6.821903e-02 3.385838e-05
3.395961e+01 7.366298e-02 3.156308e-05
3.395961e+01 7.954136e-02 2.866549e-05
3.395961e+01 8.588885e-02 2.553667e-05
3.395961e+01 9.274286e-02 2.215816e-05
3.395961e+01 1.001438e-01 1.851004e-05
3.395961e+01 1.081354e-01 1.643172e-05
3.395961e+01 1.167647e-01 1.507539e-05
3.395961e+01 1.260827e-01 1.361083e-05
3.395961e+01 1.361442e-01 1.202939e-05
3.395961e+01 1.470087e-01 1.049264e-05
3.395961e+01 1.587401e-01 9.561230e-06
3.395961e+01 1.714077e-01 8.555489e-06
3.395961e+01 1.850862e-01 7.469489e-06
3.395961e+01 1.998563e-01 6.296826e-06
3.395961e+01 2.158051e-01 5.667145e-06
3.395961e+01 2.330265e-01 5.114364e-06
3.395961e+01 2.516223e-01 4.517471e-06
3.395961e+01 2.717020e-01 3.872945e-06
3.395961e+01 2.933841e-01 3.360393e-06
3.395961e+01 3.167964e-01 3.040040e-06
3.395961e+01 3.420771e-01 2.694122e-06
3.395961e+01 3.693752e-01 2.320599e-06
3.395961e+01 3.988518e-01 1.934440e-06
3.395961e+01 4.306805e-01 1.758329e-06
3.395961e+01 4.650493e-01 1.568165e-06
3.395961e+01 5.021607e-01 1.362825e-06
3.395961e+01 5.422336e-01 1.141099e-06
3.395961e+01 5.855044e-01 9.989729e-07
3.395961e+01 6.322283e-01 8.908454e-07
3.395961e+01 6.826808e-01 7.740893e-07
3.395961e+01 7.371594e-01 6.480160e-07
3.395961e+01 7.959855e-01 5.378430e-07
3.395961e+01 8.595059e-01 4.799667e-07
3.395961e+01 9.280954e-01 4.174718e-07
3.395961e+01 1.002158e+00 3.499897e-07
3.395961e+01 1.082132e+00 2.771224e-07
3.395961e+01 1.168487e+00 2.450378e-07
3.395961e+01 1.261733e+00 2.143616e-07
3.395961e+01 1.362421e+00 1.812373e-07
3.395961e+01 1.471144e+00 1.454696e-07
3.395961e+01 1.588542e+00 1.206299e-07
3.395961e+01 1.715310e+00 1.058748e-07
3.395961e+01 1.852193e+00 8.994226e-08
3.395961e+01 2.000000e+00 7.273827e-08
3.465880e+01 1.000000e-03 7.747940e-06
3.465880e+01 1.079801e-03 8.320085e-06
3.465880e+01 1.165970e-03 8.930397e-06
3.465880e+01 1.259016e-03 9.580477e-06
3.465880e+01 1.359487e-03 1.027174e-05
3.465880e+01 1.467975e-03 1.100546e-05
3.465880e+01 1.585121e-03 1.178263e-05
3.465880e+01 1.711615e-03 1.260387e-05
3.465880e+01 1.848204e-03 1.346949e-05
3.465880e+01 1.995693e-03 1.437933e-05
3.465880e+01 2.154951e-03 1.533269e-05
3.465880e+01 2.326918e-03 1.632836e-05
3.465880e+01 2.512609e-03 1.736456e-05
3.465880e+01 2.713117e-03 1.843890e-05
3.465880e+01 2.929627e-03 1.954833e-05
3.465880e+01 3.163414e-03 2.068915e-05
3.465880e+01 3.415858e-03 2.185705e-05
3.465880e+01 3.688447e-03 2.304691e-05
3.465880e+01 3.982789e-03 2.425250e-05
3.465880e+01 4.300619e-03 2.546640e-05
3.465880e+01 4.643813e-03 2.668022e-05
3.465880e+01 5.014394e-03 2.788376e-05
3.465880e+01 5.414548e-03 2.906502e-05
3.465880e+01 5.846635e-03 3.021086e-05
3.465880e+01 6.313202e-03 3.130633e-05
3.465880e+01 6.817002e-03 3.233480e-05
3.465880e+01 7.361006e-03 3.327885e-05
3.465880e+01 7.948422e-03 3.411880e-05
3.465880e+01 8.582714e-03 3.483325e-05
3.465880e+01 9.267624e-03 3.540091e-05
3.465880e+01 1.000719e-02 3.579923e-05
3.465880e+01 1.080577e-02 3.600542e-05
3.465880e+01 1.166809e-02 3.599910e-05
3.465880e+01 1.259921e-02 3.576209e-05
3.465880e+01 1.360464e-02 3.527978e-05
3.465880e+01 1.469030e-02 3.454354e-05
3.465880e+01 1.586261e-02 3.355525e-05
3.465880e+01 1.712846e-02 3.232669e-05
3.465880e+01 1.849533e-02 3.087730e-05
3.465880e+01 1.997127e-02 2.924885e-05
3.465880e+01 2.156500e-02 2.749721e-05
3.465880e+01 2.328591e-02 2.567633e-05
3.465880e+01 2.514415e-02 2.386052e-05
3.465880e+01 2.715068e-02 2.212917e-05
3.465880e+01 2.931733e-02 2.054188e-05
3.465880e+01 3.165689e-02 1.914234e-05
3.465880e+01 3.418314e-02 1.795680e-05
3.465880e+01 3.691099e-02 1.696697e-05
3.465880e+01 3.985652e-02 1.611295e-05
3.465880e+01 4.303711e-02 1.529422e-05
3.465880e+01 4.647152e-02 1.438869e-05
3.465880e+01 5.017999e-02 1.329259e-05
3.465880e+01 5.418441e-02 1.231990e-05
3.465880e+01 5.850838e-02 1.182533e-05
3.465880e+01 6.317741e-02 1.129129e-05
3.465880e+01 6.821903e-02 1.071463e-05
3.465880e+01 7.366298e-02 1.006886e-05
3.465880e+01 7.954136e-02 9.135726e-06
3.465880e+01 8.588885e-02 8.128128e-06
3.465880e+01 9.274286e-02 7.040123e-06
3.465880e+01 1.001438e-01 5.865293e-06
3.465880e+01 1.081354e-01 5.200391e-06
3.465880e+01 1.167647e-01 4.770445e-06
3.465880e+01 1.260827e-01 4.306190e-06
3.465880e+01 1.361442e-01 3.804886e-06
3.465880e+01 1.470087e-01 3.318916e-06
3.465880e+01 1.587401e-01 3.029897e-06
3.465880e+01 1.714077e-01 2.717814e-06
3.465880e+01 1.850862e-01 2.380826e-06
3.465880e+01 1.998563e-01 2.016947e-06
3.465880e+01 2.158051e-01 1.818754e-06
3.465880e+01 2.330265e-01 1.643640e-06
3.465880e+01 2.516223e-01 1.454552e-06
3.465880e+01 2.717020e-01 1.250375e-06
3.465880e+01 2.933841e-01 1.087415e-06
3.465880e+01 3.167964e-01 9.845435e-07
3.465880e+01 3.420771e-01 8.734631e-07
3.465880e+01 3.693752e-01 7.535182e-07
3.465880e+01 3.988518e-01 6.294815e-07
3.465880e+01 4.306805e-01 5.724093e-07
3.465880e+01 4.650493e-01 5.107827e-07
3.465880e+01 5.021607e-01 4.442383e-07
3.465880e+01 5.422336e-01 3.723835e-07
3.465880e+01 5.855044e-01 3.262877e-07
3.465880e+01 6.322283e-01 2.911894e-07
3.465880e+01 6.826808e-01 2.532902e-07
3.465880e+01 7.371594e-01 2.123667e-07
3.465880e+01 7.959855e-01 1.765966e-07
3.465880e+01 8.595059e-01 1.577833e-07
3.465880e+01 9.280954e-01 1.374686e-07
3.465880e+01 1.002158e+00 1.155328e-07
3.465880e+01 1.082132e+00 9.184652e-08
3.465880e+01 1.168487e+00 8.141979e-08
3.465880e+01 1.261733e+00 7.145129e-08
3.465880e+01 1.362421e+00 6.068730e-08
3.465880e+01 1.471144e+00 4.906433e-08
3.465880e+01 1.588542e+00 4.100097e-08
3.465880e+01 1.715310e+00 3.622279e-08
3.465880e+01 1.852193e+00 3.106332e-08
3.465880e+01 2.000000e+00 2.549211e-08
3.537197e+01 1.000000e-03 0.000000e+00
3.537197e+01 1.079801e-03 0.000000e+00
3.537197e+01 1.165970e-03 0.000000e+00
3.537197e+01 1.259016e-03 0.000000e+00
3.537197e+01 1.359487e-03 0.000000e+00
3.537197e+01 1.467975e-03 0.000000e+00
3.537197e+01 1.585121e-03 0.000000e+00
3.537197e+01 1.711615e-03 0.000000e+00
3.537197e+01 1.848204e-03 0.000000e+00
3.537197e+01 1.995693e-03 0.000000e+00
3.537197e+01 2.154951e-03 0.000000e+00
3.537197e+01 2.326918e-03 0.000000e+00
3.537197e+01 2.512609e-03 0.000000e+00
3.537197e+01 2.713117e-03 0.000000e+00
3.537197e+01 2.929627e-03 0.000000e+00
3.537197e+01 3.163414e-03 0.000000e+00
3.537197e+01 3.415858e-03 0.000000e+00
3.537197e+01 3.688447e-03 0.000000e+00
3.537197e+01 3.982789e-03 0.000000e+00
3.537197e+01 4.300619e-03 0.000000e+00
3.537197e+01 4.643813e-03 0.000000e+00
3.537197e+01 5.014394e-03 0.000000e+00
3.537197e+01 5.414548e-03 0.000000e+00
3.537197e+01 5.846635e-03 0.000000e+00
3.537197e+01 6.313202e-03 0.000000e+00
3.537197e+01 6.817002e-03 0.000000e+00
3.537197e+01 7.361006e-03 0.000000e+00
3.537197e+01 7.948422e-03 0.000000e+00
3.537197e+01 8.582714e-03 0.000000e+00
3.537197e+01 9.267624e-03 0.000000e+00
3.537197e+01 1.000719e-02 0.000000e+00
3.537197e+01 1.080577e-02 0.000000e+00
3.537197e+01 1.166809e-02 0.000000e+00
3.537197e+01 1.259921e-02 0.000000e+00
3.537197e+01 1.360464e-02 0.000000e+00
3.537197e+01 1.469030e-02 0.000000e+00
3.537197e+01 1.586261e-02 0.000000e+00
3.537197e+01 1.712846e-02 0.000000e+00
3.537197e+01 1.849533e-02 0.000000e+00
3.537197e+01 1.997127e-02 0.000000e+00
3.537197e+01 2.156500e-02 0.000000e+00
3.537197e+01 2.328591e-02 0.000000e+00
3.537197e+01 2.514415e-02 0.000000e+00
3.537197e+01 2.715068e-02 0.000000e+00
3.537197e+01 2.931733e-02 0.000000e+00
3.537197e+01 3.165689e-02 0.000000e+00
3.537197e+01 3.418314e-02 0.000000e+00
3.537197e+01 3.691099e-02 0.000000e+00
3.537197e+01 3.985652e-02 0.000000e+00
3.537197e+01 4.303711e-02 0.000000e+00
3.537197e+01 4.647152e-02 0.000000e+00
3.537197e+01 5.017999e-02 0.000000e+00
3.537197e+01 5.418441e-02 0.000000e+00
3.537197e+01 5.850838e-02 0.000000e+00
3.537197e+01 6.317741e-02 0.000000e+00
3.537197e+01 6.821903e-02 0.000000e+00
3.537197e+01 7.366298e-02 0.000000e+00
3.537197e+01 7.954136e-02 0.000000e+00
3.537197e+01 8.588885e-02 0.000000e+00
3.537197e+01 9.274286e-02 0.000000e+00
3.537197e+01 1.001438e-01 0.000000e+00
3.537197e+01 1.081354e-01 0.000000e+00
3.537197e+01 1.167647e-01 0.000000e+00
3.537197e+01 1.260827e-01 0.000000e+00
3.537197e+01 1.361442e-01 0.000000e+00
3.537197e+01 1.470087e-01 0.000000e+00
3.537197e+01 1.587401e-01 0.000000e+00
3.537197e+01 1.714077e-01 0.000000e+00
3.537197e+01 1.850862e-01 0.000000e+00
3.537197e+01 1.998563e-01 0.000000e+00
3.537197e+01 2.158051e-01 0.000000e+00
3.537197e+01 2.330265e-01 0.000000e+00
3.537197e+01 2.516223e-01 0.000000e+00
3.537197e+01 2.717020e-01 0.000000e+00
3.537197e+01 2.933841e-01 0.000000e+00
3.537197e+01 3.167964e-01 0.000000e+00
3.537197e+01 3.420771e-01 0.000000e+00
3.537197e+01 3.693752e-01 0.000000e+00
3.537197e+01 3.988518e-01 0.000000e+00
3.537197e+01 4.306805e-01 0.000000e+00
3.537197e+01 4.650493e-01 0.000000e+00
3.537197e+01 5.021607e-01 0.000000e+00
3.537197e+01 5.422336e-01 0.000000e+00
3.537197e+01 5.855044e-01 0.000000e+00
3.537197e+01 6.322283e-01 0.000000e+00
3.537197e+01 6.826808e-01 0.000000e+00
3.537197e+01 7.371594e-01 0.000000e+00
3.537197e+01 7.959855e-01 -7.580476e-24
3.537197e+01 8.595059e-01 1.010730e-23
3.537197e+01 9.280954e-01 0.000000e+00
3.537197e+01 1.002158e+00 0.000000e+00
3.537197e+01 1.082132e+00 0.000000e+00
3.537197e+01 1.168487e+00 0.000000e+00
3.537197e+01 1.261733e+00 0.000000e+00
3.537197e+01 1.362421e+00 0.000000e+00
3.537197e+01 1.471144e+00 0.000000e+00
3.537197e+01 1.588542e+00 0.000000e+00
3.537197e+01 1.715310e+00 0.000000e+00
3.537197e+01 1.852193e+00 0.000000e+00
3.537197e+01 2.000000e+00 0.000000e+00
